→ 1535 unique researchers to query.
this is names_try: ['Mark A. McCaffrey', 'Mark McCaffrey']
maybe orcid: [nan]
[1/1535] Querying 'Mark A. McCaffrey' (ORCID=None) …each name: Mark A. McCaffrey
No match for name variant: Mark A. McCaffrey
each name: Mark McCaffrey
No match for name variant: Mark McCaffrey
 → dob=None, dod=None, affil=None
this is names_try: ['Matthew Halfant']
maybe orcid: [nan]
[2/1535] Querying 'Matthew Halfant' (ORCID=None) …each name: Matthew Halfant
 → dob=None, dod=None, affil=None
this is names_try: ['B. A. Vojak', 'B. Vojak']
maybe orcid: [nan]
[3/1535] Querying 'B. A. Vojak' (ORCID=None) …each name: B. A. Vojak
No match for name variant: B. A. Vojak
each name: B. Vojak
No match for name variant: B. Vojak
 → dob=None, dod=None, affil=None
this is names_try: ['W. G. Dwyer', 'W. Dwyer']
maybe orcid: [nan]
[4/1535] Querying 'W. G. Dwyer' (ORCID=None) …each name: W. G. Dwyer
No match for name variant: W. G. Dwyer
each name: W. Dwyer
No match for name variant: W. Dwyer
 → dob=None, dod=None, affil=None
this is names_try: ['X Zhu']
maybe orcid: [nan]
[5/1535] Querying 'X Zhu' (ORCID=None) …each name: X Zhu
 → dob=None, dod=None, affil='Technical University of Denmark'
this is names_try: ['Kyung-Min Nam']
maybe orcid: ['0000-0002-4579-4815']
[6/1535] Querying 'Kyung-Min Nam' (ORCID=0000-0002-4579-4815) …orcid: 0000-0002-4579-4815
 → dob=None, dod=None, affil='University of Hong Kong'
this is names_try: ['Suzanne Lim']
maybe orcid: [nan]
[7/1535] Querying 'Suzanne Lim' (ORCID=None) …each name: Suzanne Lim
No match for name variant: Suzanne Lim
 → dob=None, dod=None, affil=None
this is names_try: ['John Bridwell']
maybe orcid: [nan]
[8/1535] Querying 'John Bridwell' (ORCID=None) …each name: John Bridwell
No match for name variant: John Bridwell
 → dob=None, dod=None, affil=None
this is names_try: ['Valeriya Baru']
maybe orcid: ['0000-0001-8518-9313']
[9/1535] Querying 'Valeriya Baru' (ORCID=0000-0001-8518-9313) …orcid: 0000-0001-8518-9313
each name: Valeriya Baru
No match for name variant: Valeriya Baru
 → dob=None, dod=None, affil=None
this is names_try: ['Andrew Fisher']
maybe orcid: ['0000-0002-2162-1522']
[10/1535] Querying 'Andrew Fisher' (ORCID=0000-0002-2162-1522) …orcid: 0000-0002-2162-1522
 → dob=None, dod=None, affil=None
this is names_try: ['Elisha Sacks']
maybe orcid: ['0009-0002-6955-2754']
[11/1535] Querying 'Elisha Sacks' (ORCID=0009-0002-6955-2754) …orcid: 0009-0002-6955-2754
each name: Elisha Sacks
No match for name variant: Elisha Sacks
 → dob=None, dod=None, affil=None
this is names_try: ['Gwen Freyd']
maybe orcid: [nan]
[12/1535] Querying 'Gwen Freyd' (ORCID=None) …each name: Gwen Freyd
No match for name variant: Gwen Freyd
 → dob=None, dod=None, affil=None
this is names_try: ['Ken Yip']
maybe orcid: [nan]
[13/1535] Querying 'Ken Yip' (ORCID=None) …each name: Ken Yip
 → dob=None, dod=None, affil=None
this is names_try: ['Yali Lou']
maybe orcid: [nan]
[14/1535] Querying 'Yali Lou' (ORCID=None) …each name: Yali Lou
No match for name variant: Yali Lou
 → dob=None, dod=None, affil=None
this is names_try: ['Kansas State']
maybe orcid: [nan]
[15/1535] Querying 'Kansas State' (ORCID=None) …each name: Kansas State
No match for name variant: Kansas State
 → dob=None, dod=None, affil=None
this is names_try: ['Stuart K. Kim', 'Stuart Kim']
maybe orcid: ['0000-0001-8887-5095']
[16/1535] Querying 'Stuart K. Kim' (ORCID=0000-0001-8887-5095) …orcid: 0000-0001-8887-5095
 → dob=None, dod=None, affil=None
this is names_try: ['Sukhee Cho']
maybe orcid: ['0000-0002-2553-6296']
[17/1535] Querying 'Sukhee Cho' (ORCID=0000-0002-2553-6296) …orcid: 0000-0002-2553-6296
each name: Sukhee Cho
No match for name variant: Sukhee Cho
 → dob=None, dod=None, affil=None
this is names_try: ['G. O. Physicist', 'G. Physicist']
maybe orcid: [nan]
[18/1535] Querying 'G. O. Physicist' (ORCID=None) …each name: G. O. Physicist
No match for name variant: G. O. Physicist
each name: G. Physicist
No match for name variant: G. Physicist
 → dob=None, dod=None, affil=None
this is names_try: ['Koji Tsunokawa']
maybe orcid: [nan]
[19/1535] Querying 'Koji Tsunokawa' (ORCID=None) …each name: Koji Tsunokawa
No match for name variant: Koji Tsunokawa
 → dob=None, dod=None, affil=None
this is names_try: ['T Retajczyk']
maybe orcid: [nan]
[20/1535] Querying 'T Retajczyk' (ORCID=None) …each name: T Retajczyk
No match for name variant: T Retajczyk
 → dob=None, dod=None, affil=None
this is names_try: ['Alison E. Mungenast', 'Alison Mungenast']
maybe orcid: ['0000-0003-1020-0471']
[21/1535] Querying 'Alison E. Mungenast' (ORCID=0000-0003-1020-0471) …orcid: 0000-0003-1020-0471
each name: Alison E. Mungenast
No match for name variant: Alison E. Mungenast
each name: Alison Mungenast
No match for name variant: Alison Mungenast
 → dob=None, dod=None, affil=None
this is names_try: ['P. M. Newberne', 'P. Newberne']
maybe orcid: [nan]
[22/1535] Querying 'P. M. Newberne' (ORCID=None) …each name: P. M. Newberne
No match for name variant: P. M. Newberne
each name: P. Newberne
No match for name variant: P. Newberne
 → dob=None, dod=None, affil=None
this is names_try: ['B. Schloo']
maybe orcid: [nan]
[23/1535] Querying 'B. Schloo' (ORCID=None) …each name: B. Schloo
No match for name variant: B. Schloo
 → dob=None, dod=None, affil=None
this is names_try: ['J André-Schwartz']
maybe orcid: [nan]
[24/1535] Querying 'J André-Schwartz' (ORCID=None) …each name: J André-Schwartz
No match for name variant: J André-Schwartz
 → dob=None, dod=None, affil=None
this is names_try: ['Yasutaka Igari']
maybe orcid: [nan]
[25/1535] Querying 'Yasutaka Igari' (ORCID=None) …each name: Yasutaka Igari
No match for name variant: Yasutaka Igari
 → dob=None, dod=None, affil=None
this is names_try: ['Michael D. Pluth', 'Michael Pluth']
maybe orcid: ['0000-0003-3604-653X']
[26/1535] Querying 'Michael D. Pluth' (ORCID=0000-0003-3604-653X) …orcid: 0000-0003-3604-653X
 → dob=None, dod=None, affil='University of Oregon'
this is names_try: ['Robert William Collier', 'Robert Collier']
maybe orcid: [nan]
[27/1535] Querying 'Robert William Collier' (ORCID=None) …each name: Robert William Collier
No match for name variant: Robert William Collier
each name: Robert Collier
 → dob='1885-04-19T00:00:00Z', dod='1950-01-01T00:00:00Z', affil=None
this is names_try: ['R S Schwartz', 'R Schwartz']
maybe orcid: [nan]
[28/1535] Querying 'R S Schwartz' (ORCID=None) …each name: R S Schwartz
No match for name variant: R S Schwartz
each name: R Schwartz
 → dob=None, dod=None, affil=None
this is names_try: ['Erik K. Antonsson', 'Erik Antonsson']
maybe orcid: [nan]
[29/1535] Querying 'Erik K. Antonsson' (ORCID=None) …each name: Erik K. Antonsson
No match for name variant: Erik K. Antonsson
each name: Erik Antonsson
No match for name variant: Erik Antonsson
 → dob=None, dod=None, affil=None
this is names_try: ['Margaret A. Wheatley', 'Margaret Wheatley']
maybe orcid: ['0000-0001-6917-8972']
[30/1535] Querying 'Margaret A. Wheatley' (ORCID=0000-0001-6917-8972) …orcid: 0000-0001-6917-8972
 → dob=None, dod=None, affil='Drexel University'
this is names_try: ['Hilton Hotel']
maybe orcid: [nan]
[31/1535] Querying 'Hilton Hotel' (ORCID=None) …each name: Hilton Hotel
No match for name variant: Hilton Hotel
 → dob=None, dod=None, affil=None
this is names_try: ['Phillip A. Sharp', 'Phillip Sharp']
maybe orcid: [nan]
[32/1535] Querying 'Phillip A. Sharp' (ORCID=None) …each name: Phillip A. Sharp
 → dob='1944-06-06T00:00:00Z', dod=None, affil='Massachusetts Institute of Technology'
this is names_try: ['RICHARD J. BECHERER', 'RICHARD BECHERER']
maybe orcid: [nan]
[33/1535] Querying 'RICHARD J. BECHERER' (ORCID=None) …each name: RICHARD J. BECHERER
No match for name variant: RICHARD J. BECHERER
each name: RICHARD BECHERER
 → dob='1950-01-01T00:00:00Z', dod=None, affil=None
this is names_try: ['Lior Nissim']
maybe orcid: ['0000-0001-6495-4741']
[34/1535] Querying 'Lior Nissim' (ORCID=0000-0001-6495-4741) …orcid: 0000-0001-6495-4741
 → dob=None, dod=None, affil='Weizmann Institute of Science'
this is names_try: ['STEVEN NEUSTEIN']
maybe orcid: [nan]
[35/1535] Querying 'STEVEN NEUSTEIN' (ORCID=None) …each name: STEVEN NEUSTEIN
No match for name variant: STEVEN NEUSTEIN
 → dob=None, dod=None, affil=None
this is names_try: ['M. Adams']
maybe orcid: [nan]
[36/1535] Querying 'M. Adams' (ORCID=None) …each name: M. Adams
 → dob='1949-01-01T00:00:00Z', dod=None, affil=None
this is names_try: ['Peter Duerr']
maybe orcid: ['0000-0002-3343-8207']
[37/1535] Querying 'Peter Duerr' (ORCID=0000-0002-3343-8207) …orcid: 0000-0002-3343-8207
each name: Peter Duerr
 → dob='1904-08-29T00:00:00Z', dod='1989-03-21T00:00:00Z', affil=None
this is names_try: ['Samuel D. Perli', 'Samuel Perli']
maybe orcid: [nan]
[38/1535] Querying 'Samuel D. Perli' (ORCID=None) …each name: Samuel D. Perli
No match for name variant: Samuel D. Perli
each name: Samuel Perli
No match for name variant: Samuel Perli
 → dob=None, dod=None, affil=None
this is names_try: ['JW Lichtman']
maybe orcid: [nan]
[39/1535] Querying 'JW Lichtman' (ORCID=None) …each name: JW Lichtman
 → dob='1951-01-01T00:00:00Z', dod=None, affil='Harvard University'
this is names_try: ['S. Routhier']
maybe orcid: [nan]
[40/1535] Querying 'S. Routhier' (ORCID=None) …each name: S. Routhier
No match for name variant: S. Routhier
 → dob=None, dod=None, affil=None
this is names_try: ['Kalya G. Stern', 'Kalya Stern']
maybe orcid: [nan]
[41/1535] Querying 'Kalya G. Stern' (ORCID=None) …each name: Kalya G. Stern
No match for name variant: Kalya G. Stern
each name: Kalya Stern
No match for name variant: Kalya Stern
 → dob=None, dod=None, affil=None
this is names_try: ['Alexandra Fridkin']
maybe orcid: [nan]
[42/1535] Querying 'Alexandra Fridkin' (ORCID=None) …each name: Alexandra Fridkin
No match for name variant: Alexandra Fridkin
 → dob=None, dod=None, affil=None
this is names_try: ['Catherine Townes']
maybe orcid: [nan]
[43/1535] Querying 'Catherine Townes' (ORCID=None) …each name: Catherine Townes
No match for name variant: Catherine Townes
 → dob=None, dod=None, affil=None
this is names_try: ['S Jhaveri']
maybe orcid: [nan]
[44/1535] Querying 'S Jhaveri' (ORCID=None) …each name: S Jhaveri
No match for name variant: S Jhaveri
 → dob=None, dod=None, affil=None
this is names_try: ['K. Schwartz']
maybe orcid: [nan]
[45/1535] Querying 'K. Schwartz' (ORCID=None) …each name: K. Schwartz
 → dob='1923-12-04T00:00:00Z', dod=None, affil=None
this is names_try: ['Leyu Lin']
maybe orcid: ['0000-0001-7287-7010']
[46/1535] Querying 'Leyu Lin' (ORCID=0000-0001-7287-7010) …orcid: 0000-0001-7287-7010
each name: Leyu Lin
 → dob=None, dod=None, affil=None
this is names_try: ['L. D. B. Kiss', 'L. Kiss']
maybe orcid: [nan]
[47/1535] Querying 'L. D. B. Kiss' (ORCID=None) …each name: L. D. B. Kiss
No match for name variant: L. D. B. Kiss
each name: L. Kiss
 → dob='1972-08-08T00:00:00Z', dod=None, affil='University of Sydney'
this is names_try: ['Pablo Pérez‐Piñera']
maybe orcid: ['0000-0002-9167-0004']
[48/1535] Querying 'Pablo Pérez‐Piñera' (ORCID=0000-0002-9167-0004) …orcid: 0000-0002-9167-0004
 → dob=None, dod=None, affil='University of Illinois Urbana–Champaign'
this is names_try: ['E Frank']
maybe orcid: [nan]
[49/1535] Querying 'E Frank' (ORCID=None) …each name: E Frank
 → dob=None, dod=None, affil='University of Waikato'
this is names_try: ['T.G. Ference']
maybe orcid: [nan]
[50/1535] Querying 'T.G. Ference' (ORCID=None) …each name: T.G. Ference
No match for name variant: T.G. Ference
 → dob=None, dod=None, affil=None
this is names_try: ['Robert C. Garson', 'Robert Garson']
maybe orcid: [nan]
[51/1535] Querying 'Robert C. Garson' (ORCID=None) …each name: Robert C. Garson
No match for name variant: Robert C. Garson
each name: Robert Garson
No match for name variant: Robert Garson
 → dob=None, dod=None, affil=None
this is names_try: ['Robert Beebe']
maybe orcid: [nan]
[52/1535] Querying 'Robert Beebe' (ORCID=None) …each name: Robert Beebe
 → dob='1992-09-23T00:00:00Z', dod=None, affil=None
this is names_try: ['Lisa C. Plantefaber', 'Lisa Plantefaber']
maybe orcid: [nan]
[53/1535] Querying 'Lisa C. Plantefaber' (ORCID=None) …each name: Lisa C. Plantefaber
No match for name variant: Lisa C. Plantefaber
each name: Lisa Plantefaber
No match for name variant: Lisa Plantefaber
 → dob=None, dod=None, affil=None
this is names_try: ['José Morlá Catalán', 'José Catalán']
maybe orcid: [nan]
[54/1535] Querying 'José Morlá Catalán' (ORCID=None) …each name: José Morlá Catalán
No match for name variant: José Morlá Catalán
each name: José Catalán
 → dob='1981-04-21T00:00:00Z', dod=None, affil=None
this is names_try: ['Marina Bedny']
maybe orcid: ['0000-0002-2907-8042']
[55/1535] Querying 'Marina Bedny' (ORCID=0000-0002-2907-8042) …orcid: 0000-0002-2907-8042
 → dob=None, dod=None, affil=None
this is names_try: ['Neil M. Price', 'Neil Price']
maybe orcid: ['0000-0001-9986-9213']
[56/1535] Querying 'Neil M. Price' (ORCID=0000-0001-9986-9213) …orcid: 0000-0001-9986-9213
 → dob=None, dod=None, affil=None
this is names_try: ['David Dodell‐Feder']
maybe orcid: ['0000-0003-0678-1728']
[57/1535] Querying 'David Dodell‐Feder' (ORCID=0000-0003-0678-1728) …orcid: 0000-0003-0678-1728
 → dob=None, dod=None, affil='University of Rochester'
this is names_try: ['Francis K. Davis', 'Francis Davis']
maybe orcid: [nan]
[58/1535] Querying 'Francis K. Davis' (ORCID=None) …each name: Francis K. Davis
No match for name variant: Francis K. Davis
each name: Francis Davis
 → dob='1846-11-03T00:00:00Z', dod='1912-04-15T00:00:00Z', affil=None
this is names_try: ['Erwin W. Liang', 'Erwin Liang']
maybe orcid: [nan]
[59/1535] Querying 'Erwin W. Liang' (ORCID=None) …each name: Erwin W. Liang
No match for name variant: Erwin W. Liang
each name: Erwin Liang
No match for name variant: Erwin Liang
 → dob=None, dod=None, affil=None
this is names_try: ['HENRY R. McQUEEN', 'HENRY McQUEEN']
maybe orcid: [nan]
[60/1535] Querying 'HENRY R. McQUEEN' (ORCID=None) …each name: HENRY R. McQUEEN
No match for name variant: HENRY R. McQUEEN
each name: HENRY McQUEEN
 → dob=None, dod=None, affil=None
this is names_try: ['M. M. Ansourian', 'M. Ansourian']
maybe orcid: [nan]
[61/1535] Querying 'M. M. Ansourian' (ORCID=None) …each name: M. M. Ansourian
No match for name variant: M. M. Ansourian
each name: M. Ansourian
No match for name variant: M. Ansourian
 → dob=None, dod=None, affil=None
this is names_try: ['A. R. Hoffman', 'A. Hoffman']
maybe orcid: [nan]
[62/1535] Querying 'A. R. Hoffman' (ORCID=None) …each name: A. R. Hoffman
No match for name variant: A. R. Hoffman
each name: A. Hoffman
 → dob='1863-04-10T00:00:00Z', dod='1938-01-26T00:00:00Z', affil=None
this is names_try: ['Kenneth D. Allen', 'Kenneth Allen']
maybe orcid: ['0000-0002-0153-3250']
[63/1535] Querying 'Kenneth D. Allen' (ORCID=0000-0002-0153-3250) …orcid: 0000-0002-0153-3250
 → dob=None, dod=None, affil=None
this is names_try: ['Matthew Turk']
maybe orcid: [nan]
[64/1535] Querying 'Matthew Turk' (ORCID=None) …each name: Matthew Turk
 → dob=None, dod=None, affil='University of California, Santa Barbara'
this is names_try: ['Sanford Neuman']
maybe orcid: [nan]
[65/1535] Querying 'Sanford Neuman' (ORCID=None) …each name: Sanford Neuman
No match for name variant: Sanford Neuman
 → dob=None, dod=None, affil=None
this is names_try: ['D.D. Rathman']
maybe orcid: [nan]
[66/1535] Querying 'D.D. Rathman' (ORCID=None) …each name: D.D. Rathman
No match for name variant: D.D. Rathman
 → dob=None, dod=None, affil=None
this is names_try: ['Carl R. Maag', 'Carl Maag']
maybe orcid: [nan]
[67/1535] Querying 'Carl R. Maag' (ORCID=None) …each name: Carl R. Maag
No match for name variant: Carl R. Maag
each name: Carl Maag
 → dob='1813-03-18T00:00:00Z', dod='1887-02-23T00:00:00Z', affil=None
this is names_try: ['Pascale Nirel']
maybe orcid: [nan]
[68/1535] Querying 'Pascale Nirel' (ORCID=None) …each name: Pascale Nirel
No match for name variant: Pascale Nirel
 → dob=None, dod=None, affil=None
this is names_try: ['Diana K. Smetters', 'Diana Smetters']
maybe orcid: [nan]
[69/1535] Querying 'Diana K. Smetters' (ORCID=None) …each name: Diana K. Smetters
No match for name variant: Diana K. Smetters
each name: Diana Smetters
No match for name variant: Diana Smetters
 → dob=None, dod=None, affil=None
this is names_try: ['John Osgood Field', 'John Field']
maybe orcid: [nan]
[70/1535] Querying 'John Osgood Field' (ORCID=None) …each name: John Osgood Field
 → dob='1940-01-01T00:00:00Z', dod=None, affil=None
this is names_try: ['P. LeClair']
maybe orcid: ['0000-0003-4134-2608']
[71/1535] Querying 'P. LeClair' (ORCID=0000-0003-4134-2608) …orcid: 0000-0003-4134-2608
each name: P. LeClair
No match for name variant: P. LeClair
 → dob=None, dod=None, affil=None
this is names_try: ['Kohei Miyaoku']
maybe orcid: [nan]
[72/1535] Querying 'Kohei Miyaoku' (ORCID=None) …each name: Kohei Miyaoku
No match for name variant: Kohei Miyaoku
 → dob=None, dod=None, affil=None
this is names_try: ['George Gregg']
maybe orcid: [nan]
[73/1535] Querying 'George Gregg' (ORCID=None) …each name: George Gregg
 → dob='1924-01-09T00:00:00Z', dod='2018-05-26T00:00:00Z', affil=None
this is names_try: ['Shuhei Mitome']
maybe orcid: [nan]
[74/1535] Querying 'Shuhei Mitome' (ORCID=None) …each name: Shuhei Mitome
No match for name variant: Shuhei Mitome
 → dob=None, dod=None, affil=None
this is names_try: ['Shelly C. Bernstein', 'Shelly Bernstein']
maybe orcid: [nan]
[75/1535] Querying 'Shelly C. Bernstein' (ORCID=None) …each name: Shelly C. Bernstein
No match for name variant: Shelly C. Bernstein
each name: Shelly Bernstein
 → dob=None, dod=None, affil='Harvard Medical School'
this is names_try: ['Andrew D. Steele', 'Andrew Steele']
maybe orcid: [nan]
[76/1535] Querying 'Andrew D. Steele' (ORCID=None) …each name: Andrew D. Steele
No match for name variant: Andrew D. Steele
each name: Andrew Steele
 → dob='1800-09-29T00:00:00Z', dod='1884-11-22T00:00:00Z', affil=None
this is names_try: ['F.Y. Xi']
maybe orcid: [nan]
[77/1535] Querying 'F.Y. Xi' (ORCID=None) …each name: F.Y. Xi
No match for name variant: F.Y. Xi
 → dob=None, dod=None, affil=None
this is names_try: ['John Hamilton']
maybe orcid: [nan]
[78/1535] Querying 'John Hamilton' (ORCID=None) …each name: John Hamilton
 → dob='1537-01-01T00:00:00Z', dod='1604-04-26T00:00:00Z', affil=None
this is names_try: ['Alan North']
maybe orcid: [nan]
[79/1535] Querying 'Alan North' (ORCID=None) …each name: Alan North
 → dob='1920-12-23T00:00:00Z', dod='2000-01-19T00:00:00Z', affil=None
this is names_try: ['Christopher R. Ekstrom', 'Christopher Ekstrom']
maybe orcid: [nan]
[80/1535] Querying 'Christopher R. Ekstrom' (ORCID=None) …each name: Christopher R. Ekstrom
No match for name variant: Christopher R. Ekstrom
each name: Christopher Ekstrom
No match for name variant: Christopher Ekstrom
 → dob=None, dod=None, affil=None
this is names_try: ['Lai-Him Chan']
maybe orcid: [nan]
[81/1535] Querying 'Lai-Him Chan' (ORCID=None) …each name: Lai-Him Chan
 → dob=None, dod=None, affil='Louisiana State University'
this is names_try: ['Ardavan Farjadpour']
maybe orcid: [nan]
[82/1535] Querying 'Ardavan Farjadpour' (ORCID=None) …each name: Ardavan Farjadpour
No match for name variant: Ardavan Farjadpour
 → dob=None, dod=None, affil=None
this is names_try: ['Lawrence Peter Hughes', 'Lawrence Hughes']
maybe orcid: [nan]
[83/1535] Querying 'Lawrence Peter Hughes' (ORCID=None) …each name: Lawrence Peter Hughes
No match for name variant: Lawrence Peter Hughes
each name: Lawrence Hughes
 → dob='1924-03-02T00:00:00Z', dod='2011-09-09T00:00:00Z', affil=None
this is names_try: ['Q. A. Turchette', 'Q. Turchette']
maybe orcid: [nan]
[84/1535] Querying 'Q. A. Turchette' (ORCID=None) …each name: Q. A. Turchette
No match for name variant: Q. A. Turchette
each name: Q. Turchette
No match for name variant: Q. Turchette
 → dob=None, dod=None, affil=None
this is names_try: ['D. Chan']
maybe orcid: [nan]
[85/1535] Querying 'D. Chan' (ORCID=None) …each name: D. Chan
 → dob=None, dod=None, affil='University of Western Australia'
this is names_try: ['K. Elcess']
maybe orcid: ['0000-0002-8012-127X']
[86/1535] Querying 'K. Elcess' (ORCID=0000-0002-8012-127X) …orcid: 0000-0002-8012-127X
 → dob=None, dod=None, affil='Brookhaven National Laboratory'
this is names_try: ['N. K. W. Lee', 'N. Lee']
maybe orcid: [nan]
[87/1535] Querying 'N. K. W. Lee' (ORCID=None) …each name: N. K. W. Lee
No match for name variant: N. K. W. Lee
each name: N. Lee
 → dob='1964-01-01T00:00:00Z', dod=None, affil=None
this is names_try: ['Alejandro W. Rodríguez', 'Alejandro Rodríguez']
maybe orcid: ['0000-0003-1312-9893']
[88/1535] Querying 'Alejandro W. Rodríguez' (ORCID=0000-0003-1312-9893) …orcid: 0000-0003-1312-9893
 → dob=None, dod=None, affil='Princeton University'
this is names_try: ['C Inskip']
maybe orcid: ['0000-0002-4518-8794']
[89/1535] Querying 'C Inskip' (ORCID=0000-0002-4518-8794) …orcid: 0000-0002-4518-8794
 → dob=None, dod=None, affil=None
this is names_try: ['Jordan M. Horowitz', 'Jordan Horowitz']
maybe orcid: ['0000-0002-9139-0811']
[90/1535] Querying 'Jordan M. Horowitz' (ORCID=0000-0002-9139-0811) …orcid: 0000-0002-9139-0811
 → dob=None, dod=None, affil='University of Massachusetts Boston'
this is names_try: ['Xin Xu']
maybe orcid: ['0000-0003-2527-4801']
[91/1535] Querying 'Xin Xu' (ORCID=0000-0003-2527-4801) …orcid: 0000-0003-2527-4801
each name: Xin Xu
 → dob=None, dod=None, affil='Hunan Normal University'
this is names_try: ['MICHAEF J. PIORE', 'MICHAEF PIORE']
maybe orcid: [nan]
[92/1535] Querying 'MICHAEF J. PIORE' (ORCID=None) …each name: MICHAEF J. PIORE
No match for name variant: MICHAEF J. PIORE
each name: MICHAEF PIORE
No match for name variant: MICHAEF PIORE
 → dob=None, dod=None, affil=None
this is names_try: ['Nadya Dimitrova']
maybe orcid: ['0000-0002-5983-1496']
[93/1535] Querying 'Nadya Dimitrova' (ORCID=0000-0002-5983-1496) …orcid: 0000-0002-5983-1496
 → dob=None, dod=None, affil='Yale University'
this is names_try: ['M. Johnston']
maybe orcid: [nan]
[94/1535] Querying 'M. Johnston' (ORCID=None) …each name: M. Johnston
 → dob='1974-09-08T00:00:00Z', dod=None, affil='Australian National University'
this is names_try: ['V. L. Schermerhorn', 'V. Schermerhorn']
maybe orcid: [nan]
[95/1535] Querying 'V. L. Schermerhorn' (ORCID=None) …each name: V. L. Schermerhorn
No match for name variant: V. L. Schermerhorn
each name: V. Schermerhorn
No match for name variant: V. Schermerhorn
 → dob=None, dod=None, affil=None
this is names_try: ['Thomas Zasĺavsky']
maybe orcid: ['0000-0003-0851-7963']
[96/1535] Querying 'Thomas Zasĺavsky' (ORCID=0000-0003-0851-7963) …orcid: 0000-0003-0851-7963
 → dob='1945-01-01T00:00:00Z', dod=None, affil='Binghamton University'
this is names_try: ['Shui-Tien Hsieh']
maybe orcid: [nan]
[97/1535] Querying 'Shui-Tien Hsieh' (ORCID=None) …each name: Shui-Tien Hsieh
No match for name variant: Shui-Tien Hsieh
 → dob=None, dod=None, affil=None
this is names_try: ['S H Park', 'S Park']
maybe orcid: [nan]
[98/1535] Querying 'S H Park' (ORCID=None) …each name: S H Park
 → dob=None, dod=None, affil=None
this is names_try: ['K. Hong']
maybe orcid: [nan]
[99/1535] Querying 'K. Hong' (ORCID=None) …each name: K. Hong
 → dob=None, dod=None, affil=None
this is names_try: ['Jesse R. Zamudio', 'Jesse Zamudio']
maybe orcid: ['0000-0001-8714-1049']
[100/1535] Querying 'Jesse R. Zamudio' (ORCID=0000-0001-8714-1049) …orcid: 0000-0001-8714-1049
each name: Jesse R. Zamudio
No match for name variant: Jesse R. Zamudio
each name: Jesse Zamudio
 → dob='1999-03-08T00:00:00Z', dod=None, affil=None
this is names_try: ['Vernon Miami']
maybe orcid: [nan]
[101/1535] Querying 'Vernon Miami' (ORCID=None) …each name: Vernon Miami
No match for name variant: Vernon Miami
 → dob=None, dod=None, affil=None
this is names_try: ['Jane Sosonkina']
maybe orcid: [nan]
[102/1535] Querying 'Jane Sosonkina' (ORCID=None) …each name: Jane Sosonkina
No match for name variant: Jane Sosonkina
 → dob=None, dod=None, affil=None
this is names_try: ['M. T. Benchaita', 'M. Benchaita']
maybe orcid: [nan]
[103/1535] Querying 'M. T. Benchaita' (ORCID=None) …each name: M. T. Benchaita
No match for name variant: M. T. Benchaita
each name: M. Benchaita
No match for name variant: M. Benchaita
 → dob=None, dod=None, affil=None
this is names_try: ['Erik C. Allen', 'Erik Allen']
maybe orcid: [nan]
[104/1535] Querying 'Erik C. Allen' (ORCID=None) …each name: Erik C. Allen
No match for name variant: Erik C. Allen
each name: Erik Allen
 → dob=None, dod=None, affil=None
this is names_try: ['Emil Bogenmann']
maybe orcid: [nan]
[105/1535] Querying 'Emil Bogenmann' (ORCID=None) …each name: Emil Bogenmann
No match for name variant: Emil Bogenmann
 → dob=None, dod=None, affil=None
this is names_try: ['John H. Healy', 'John Healy']
maybe orcid: [nan]
[106/1535] Querying 'John H. Healy' (ORCID=None) …each name: John H. Healy
No match for name variant: John H. Healy
each name: John Healy
 → dob='1930-01-01T00:00:00Z', dod='1991-01-01T00:00:00Z', affil=None
this is names_try: ['Robyn M. Jong', 'Robyn Jong']
maybe orcid: ['0000-0002-6289-261X']
[107/1535] Querying 'Robyn M. Jong' (ORCID=0000-0002-6289-261X) …orcid: 0000-0002-6289-261X
each name: Robyn M. Jong
No match for name variant: Robyn M. Jong
each name: Robyn Jong
No match for name variant: Robyn Jong
 → dob=None, dod=None, affil=None
this is names_try: ['Idaho Wallace']
maybe orcid: [nan]
[108/1535] Querying 'Idaho Wallace' (ORCID=None) …each name: Idaho Wallace
No match for name variant: Idaho Wallace
 → dob=None, dod=None, affil=None
this is names_try: ['F. P. Mattar', 'F. Mattar']
maybe orcid: [nan]
[109/1535] Querying 'F. P. Mattar' (ORCID=None) …each name: F. P. Mattar
No match for name variant: F. P. Mattar
each name: F. Mattar
No match for name variant: F. Mattar
 → dob=None, dod=None, affil=None
this is names_try: ['Mary Jane Shultz', 'Mary Shultz']
maybe orcid: ['0000-0001-5625-1675']
[110/1535] Querying 'Mary Jane Shultz' (ORCID=0000-0001-5625-1675) …orcid: 0000-0001-5625-1675
 → dob=None, dod=None, affil='Tufts University'
this is names_try: ['Sally A. Goldman', 'Sally Goldman']
maybe orcid: [nan]
[111/1535] Querying 'Sally A. Goldman' (ORCID=None) …each name: Sally A. Goldman
 → dob=None, dod=None, affil='Google'
this is names_try: ['James D. Carlson', 'James Carlson']
maybe orcid: [nan]
[112/1535] Querying 'James D. Carlson' (ORCID=None) …each name: James D. Carlson
No match for name variant: James D. Carlson
each name: James Carlson
 → dob=None, dod=None, affil='University of Nevada, Reno'
this is names_try: ['Dylan S. Soukup', 'Dylan Soukup']
maybe orcid: ['0000-0003-0600-1250']
[113/1535] Querying 'Dylan S. Soukup' (ORCID=0000-0003-0600-1250) …orcid: 0000-0003-0600-1250
 → dob=None, dod=None, affil='Hospital for Special Surgery'
this is names_try: ['Billie -Yr']
maybe orcid: [nan]
[114/1535] Querying 'Billie -Yr' (ORCID=None) …each name: Billie -Yr
No match for name variant: Billie -Yr
 → dob=None, dod=None, affil=None
this is names_try: ['Arthur P. Rosiello', 'Arthur Rosiello']
maybe orcid: [nan]
[115/1535] Querying 'Arthur P. Rosiello' (ORCID=None) …each name: Arthur P. Rosiello
No match for name variant: Arthur P. Rosiello
each name: Arthur Rosiello
No match for name variant: Arthur Rosiello
 → dob=None, dod=None, affil=None
this is names_try: ['Joseph G. Yeasted', 'Joseph Yeasted']
maybe orcid: [nan]
[116/1535] Querying 'Joseph G. Yeasted' (ORCID=None) …each name: Joseph G. Yeasted
No match for name variant: Joseph G. Yeasted
each name: Joseph Yeasted
No match for name variant: Joseph Yeasted
 → dob=None, dod=None, affil=None
this is names_try: ['F. Miller Maley', 'F. Maley']
maybe orcid: [nan]
[117/1535] Querying 'F. Miller Maley' (ORCID=None) …each name: F. Miller Maley
No match for name variant: F. Miller Maley
each name: F. Maley
No match for name variant: F. Maley
 → dob=None, dod=None, affil=None
this is names_try: ['Ranian J. Perera', 'Ranian Perera']
maybe orcid: [nan]
[118/1535] Querying 'Ranian J. Perera' (ORCID=None) …each name: Ranian J. Perera
No match for name variant: Ranian J. Perera
each name: Ranian Perera
No match for name variant: Ranian Perera
 → dob=None, dod=None, affil=None
this is names_try: ['Rebecca Resnick']
maybe orcid: ['0000-0001-5804-4418']
[119/1535] Querying 'Rebecca Resnick' (ORCID=0000-0001-5804-4418) …orcid: 0000-0001-5804-4418
 → dob=None, dod=None, affil='Massachusetts Institute of Technology'
this is names_try: ['George Cybenko']
maybe orcid: ['0000-0001-7734-2912']
[120/1535] Querying 'George Cybenko' (ORCID=0000-0001-7734-2912) …orcid: 0000-0001-7734-2912
each name: George Cybenko
 → dob=None, dod=None, affil='Dartmouth College'
this is names_try: ['Peter F. Daniel', 'Peter Daniel']
maybe orcid: [nan]
[121/1535] Querying 'Peter F. Daniel' (ORCID=None) …each name: Peter F. Daniel
No match for name variant: Peter F. Daniel
each name: Peter Daniel
 → dob='1978-05-29T00:00:00Z', dod=None, affil=None
this is names_try: ['C.J.C. Burges']
maybe orcid: [nan]
[122/1535] Querying 'C.J.C. Burges' (ORCID=None) …each name: C.J.C. Burges
No match for name variant: C.J.C. Burges
 → dob=None, dod=None, affil=None
this is names_try: ['Christian G. Linard', 'Christian Linard']
maybe orcid: [nan]
[123/1535] Querying 'Christian G. Linard' (ORCID=None) …each name: Christian G. Linard
 → dob='1954-01-01T00:00:00Z', dod=None, affil='Université du Québec à Trois-Rivières'
this is names_try: ['La Harlan']
maybe orcid: [nan]
[124/1535] Querying 'La Harlan' (ORCID=None) …each name: La Harlan
No match for name variant: La Harlan
 → dob=None, dod=None, affil=None
this is names_try: ['Hiroshi Kunita']
maybe orcid: [nan]
[125/1535] Querying 'Hiroshi Kunita' (ORCID=None) …each name: Hiroshi Kunita
 → dob='1937-01-31T00:00:00Z', dod='2019-07-26T00:00:00Z', affil=None
this is names_try: ['Sang‐Gook Kim']
maybe orcid: ['0000-0001-7018-9716']
[126/1535] Querying 'Sang‐Gook Kim' (ORCID=0000-0001-7018-9716) …orcid: 0000-0001-7018-9716
each name: Sang‐Gook Kim
No match for name variant: Sang‐Gook Kim
 → dob=None, dod=None, affil=None
this is names_try: ['Dennis M. Freeman', 'Dennis Freeman']
maybe orcid: [nan]
[127/1535] Querying 'Dennis M. Freeman' (ORCID=None) …each name: Dennis M. Freeman
 → dob=None, dod=None, affil=None
this is names_try: ['L. Liu']
maybe orcid: [nan]
[128/1535] Querying 'L. Liu' (ORCID=None) …each name: L. Liu
 → dob='1937-02-24T00:00:00Z', dod='2021-09-10T00:00:00Z', affil=None
this is names_try: ['Robert Levine']
maybe orcid: [nan]
[129/1535] Querying 'Robert Levine' (ORCID=None) …each name: Robert Levine
 → dob='1945-08-25T00:00:00Z', dod='2019-06-22T00:00:00Z', affil='California State University'
this is names_try: ['F. Ledrappier']
maybe orcid: [nan]
[130/1535] Querying 'F. Ledrappier' (ORCID=None) …each name: F. Ledrappier
 → dob='1946-01-17T00:00:00Z', dod=None, affil='University of Notre Dame'
this is names_try: ['Elizabeth B. Albright', 'Elizabeth Albright']
maybe orcid: [nan]
[131/1535] Querying 'Elizabeth B. Albright' (ORCID=None) …each name: Elizabeth B. Albright
No match for name variant: Elizabeth B. Albright
each name: Elizabeth Albright
No match for name variant: Elizabeth Albright
 → dob=None, dod=None, affil=None
this is names_try: ['Ryan E. Pester', 'Ryan Pester']
maybe orcid: [nan]
[132/1535] Querying 'Ryan E. Pester' (ORCID=None) …each name: Ryan E. Pester
No match for name variant: Ryan E. Pester
each name: Ryan Pester
No match for name variant: Ryan Pester
 → dob=None, dod=None, affil=None
this is names_try: ['J. W. Elliott', 'J. Elliott']
maybe orcid: [nan]
[133/1535] Querying 'J. W. Elliott' (ORCID=None) …each name: J. W. Elliott
No match for name variant: J. W. Elliott
each name: J. Elliott
 → dob='1882-03-29T00:00:00Z', dod='1960-11-26T00:00:00Z', affil=None
this is names_try: ['Annamaria Garden']
maybe orcid: [nan]
[134/1535] Querying 'Annamaria Garden' (ORCID=None) …each name: Annamaria Garden
No match for name variant: Annamaria Garden
 → dob=None, dod=None, affil=None
this is names_try: ['Melvin K. Hull', 'Melvin Hull']
maybe orcid: [nan]
[135/1535] Querying 'Melvin K. Hull' (ORCID=None) …each name: Melvin K. Hull
No match for name variant: Melvin K. Hull
each name: Melvin Hull
No match for name variant: Melvin Hull
 → dob=None, dod=None, affil=None
this is names_try: ['Thaddeus S. Nowak', 'Thaddeus Nowak']
maybe orcid: ['0000-0002-8601-773X']
[136/1535] Querying 'Thaddeus S. Nowak' (ORCID=0000-0002-8601-773X) …orcid: 0000-0002-8601-773X
each name: Thaddeus S. Nowak
No match for name variant: Thaddeus S. Nowak
each name: Thaddeus Nowak
No match for name variant: Thaddeus Nowak
 → dob=None, dod=None, affil=None
this is names_try: ['Isam Kaysi']
maybe orcid: ['0000-0003-0982-4906']
[137/1535] Querying 'Isam Kaysi' (ORCID=0000-0003-0982-4906) …orcid: 0000-0003-0982-4906
 → dob=None, dod=None, affil='American University of Beirut'
this is names_try: ['L Pillus']
maybe orcid: [nan]
[138/1535] Querying 'L Pillus' (ORCID=None) …each name: L Pillus
No match for name variant: L Pillus
 → dob=None, dod=None, affil=None
this is names_try: ['C. Taylor Walter', 'C. Walter']
maybe orcid: [nan]
[139/1535] Querying 'C. Taylor Walter' (ORCID=None) …each name: C. Taylor Walter
No match for name variant: C. Taylor Walter
each name: C. Walter
 → dob='1915-01-20T00:00:00Z', dod='1972-04-12T00:00:00Z', affil=None
this is names_try: ['Arthur D. Fisher', 'Arthur Fisher']
maybe orcid: ['0000-0001-8836-5765']
[140/1535] Querying 'Arthur D. Fisher' (ORCID=0000-0001-8836-5765) …orcid: 0000-0001-8836-5765
each name: Arthur D. Fisher
No match for name variant: Arthur D. Fisher
each name: Arthur Fisher
 → dob='1870-10-16T00:00:00Z', dod='1957-05-21T00:00:00Z', affil=None
this is names_try: ['Cindy Y. Chen', 'Cindy Chen']
maybe orcid: ['0000-0001-8826-9175']
[141/1535] Querying 'Cindy Y. Chen' (ORCID=0000-0001-8826-9175) …orcid: 0000-0001-8826-9175
each name: Cindy Y. Chen
No match for name variant: Cindy Y. Chen
each name: Cindy Chen
 → dob=None, dod=None, affil=None
this is names_try: ['Juan J. Lafaille', 'Juan Lafaille']
maybe orcid: [nan]
[142/1535] Querying 'Juan J. Lafaille' (ORCID=None) …each name: Juan J. Lafaille
No match for name variant: Juan J. Lafaille
each name: Juan Lafaille
 → dob=None, dod=None, affil=None
this is names_try: ['Yuqing Qiu']
maybe orcid: ['0000-0002-4811-0888']
[143/1535] Querying 'Yuqing Qiu' (ORCID=0000-0002-4811-0888) …orcid: 0000-0002-4811-0888
each name: Yuqing Qiu
 → dob=None, dod=None, affil=None
this is names_try: ['Christine Chin']
maybe orcid: [nan]
[144/1535] Querying 'Christine Chin' (ORCID=None) …each name: Christine Chin
 → dob='1949-01-01T00:00:00Z', dod=None, affil='University of Southampton'
this is names_try: ['J. I. Thackara', 'J. Thackara']
maybe orcid: [nan]
[145/1535] Querying 'J. I. Thackara' (ORCID=None) …each name: J. I. Thackara
No match for name variant: J. I. Thackara
each name: J. Thackara
No match for name variant: J. Thackara
 → dob=None, dod=None, affil=None
this is names_try: ['R. Peter Mogielnicki', 'R. Mogielnicki']
maybe orcid: [nan]
[146/1535] Querying 'R. Peter Mogielnicki' (ORCID=None) …each name: R. Peter Mogielnicki
No match for name variant: R. Peter Mogielnicki
each name: R. Mogielnicki
No match for name variant: R. Mogielnicki
 → dob=None, dod=None, affil=None
this is names_try: ['C. Tan']
maybe orcid: [nan]
[147/1535] Querying 'C. Tan' (ORCID=None) …each name: C. Tan
 → dob='1947-05-31T00:00:00Z', dod=None, affil=None
this is names_try: ['Linh Bui']
maybe orcid: [nan]
[148/1535] Querying 'Linh Bui' (ORCID=None) …each name: Linh Bui
 → dob=None, dod=None, affil='Hanoi University Of Public Health'
this is names_try: ['Vernon Wallace']
maybe orcid: [nan]
[149/1535] Querying 'Vernon Wallace' (ORCID=None) …each name: Vernon Wallace
 → dob='1905-11-05T00:00:00Z', dod='1988-04-02T00:00:00Z', affil=None
this is names_try: ['R.M. Mccaffrey']
maybe orcid: [nan]
[150/1535] Querying 'R.M. Mccaffrey' (ORCID=None) …each name: R.M. Mccaffrey
No match for name variant: R.M. Mccaffrey
 → dob=None, dod=None, affil=None
this is names_try: ['S.F. Giszter']
maybe orcid: [nan]
[151/1535] Querying 'S.F. Giszter' (ORCID=None) …each name: S.F. Giszter
No match for name variant: S.F. Giszter
 → dob=None, dod=None, affil=None
this is names_try: ['Helen Luo']
maybe orcid: [nan]
[152/1535] Querying 'Helen Luo' (ORCID=None) …each name: Helen Luo
No match for name variant: Helen Luo
 → dob=None, dod=None, affil=None
this is names_try: ['John Anthony Thomas', 'John Thomas']
maybe orcid: [nan]
[153/1535] Querying 'John Anthony Thomas' (ORCID=None) …each name: John Anthony Thomas
 → dob='1933-07-18T00:00:00Z', dod='2002-05-01T00:00:00Z', affil=None
this is names_try: ['Richard Koffler']
maybe orcid: [nan]
[154/1535] Querying 'Richard Koffler' (ORCID=None) …each name: Richard Koffler
No match for name variant: Richard Koffler
 → dob=None, dod=None, affil=None
this is names_try: ['Richard Pavelle']
maybe orcid: [nan]
[155/1535] Querying 'Richard Pavelle' (ORCID=None) …each name: Richard Pavelle
No match for name variant: Richard Pavelle
 → dob=None, dod=None, affil=None
this is names_try: ['Bruno Boccara']
maybe orcid: [nan]
[156/1535] Querying 'Bruno Boccara' (ORCID=None) …each name: Bruno Boccara
 → dob=None, dod=None, affil=None
this is names_try: ['Halstead']
maybe orcid: [nan]
[157/1535] Querying 'Halstead' (ORCID=None) …each name: Halstead
 → dob='1874-02-07T00:00:00Z', dod='1946-06-19T00:00:00Z', affil=None
this is names_try: ['Douglas Albagli']
maybe orcid: [nan]
[158/1535] Querying 'Douglas Albagli' (ORCID=None) …each name: Douglas Albagli
No match for name variant: Douglas Albagli
 → dob=None, dod=None, affil=None
this is names_try: ['William R. Gunther', 'William Gunther']
maybe orcid: ['0000-0001-9030-657X']
[159/1535] Querying 'William R. Gunther' (ORCID=0000-0001-9030-657X) …orcid: 0000-0001-9030-657X
each name: William R. Gunther
No match for name variant: William R. Gunther
each name: William Gunther
 → dob=None, dod=None, affil=None
this is names_try: ['H Green']
maybe orcid: [nan]
[160/1535] Querying 'H Green' (ORCID=None) …each name: H Green
No match for name variant: H Green
 → dob=None, dod=None, affil=None
this is names_try: ['Holly A. Read', 'Holly Read']
maybe orcid: [nan]
[161/1535] Querying 'Holly A. Read' (ORCID=None) …each name: Holly A. Read
No match for name variant: Holly A. Read
each name: Holly Read
 → dob=None, dod=None, affil=None
this is names_try: ['Ravindra K. Ahuja', 'Ravindra Ahuja']
maybe orcid: [nan]
[162/1535] Querying 'Ravindra K. Ahuja' (ORCID=None) …each name: Ravindra K. Ahuja
 → dob='1956-02-20T00:00:00Z', dod=None, affil='Massachusetts Institute of Technology'
this is names_try: ['M. Shapiro']
maybe orcid: [nan]
[163/1535] Querying 'M. Shapiro' (ORCID=None) …each name: M. Shapiro
No match for name variant: M. Shapiro
 → dob=None, dod=None, affil=None
this is names_try: ['M. C. Britton', 'M. Britton']
maybe orcid: [nan]
[164/1535] Querying 'M. C. Britton' (ORCID=None) …each name: M. C. Britton
No match for name variant: M. C. Britton
each name: M. Britton
No match for name variant: M. Britton
 → dob=None, dod=None, affil=None
this is names_try: ['R. Ell']
maybe orcid: [nan]
[165/1535] Querying 'R. Ell' (ORCID=None) …each name: R. Ell
 → dob='1856-05-13T00:00:00Z', dod='1917-03-14T00:00:00Z', affil='United States Geological Survey'
this is names_try: ['S Das Sarma', 'S Sarma']
maybe orcid: [nan]
[166/1535] Querying 'S Das Sarma' (ORCID=None) …each name: S Das Sarma
No match for name variant: S Das Sarma
each name: S Sarma
 → dob=None, dod=None, affil='Sree Chitra Thirunal Institute of Medical Sciences and Technology'
this is names_try: ['MS Graziano']
maybe orcid: [nan]
[167/1535] Querying 'MS Graziano' (ORCID=None) …each name: MS Graziano
No match for name variant: MS Graziano
 → dob=None, dod=None, affil=None
this is names_try: ['Jay M. Jubas', 'Jay Jubas']
maybe orcid: [nan]
[168/1535] Querying 'Jay M. Jubas' (ORCID=None) …each name: Jay M. Jubas
No match for name variant: Jay M. Jubas
each name: Jay Jubas
No match for name variant: Jay Jubas
 → dob=None, dod=None, affil=None
this is names_try: ['Hayden Miller']
maybe orcid: ['0000-0001-7305-928X']
[169/1535] Querying 'Hayden Miller' (ORCID=0000-0001-7305-928X) …orcid: 0000-0001-7305-928X
 → dob=None, dod=None, affil=None
this is names_try: ['J. Brooke Koffend', 'J. Koffend']
maybe orcid: [nan]
[170/1535] Querying 'J. Brooke Koffend' (ORCID=None) …each name: J. Brooke Koffend
No match for name variant: J. Brooke Koffend
each name: J. Koffend
No match for name variant: J. Koffend
 → dob=None, dod=None, affil=None
this is names_try: ['Miriam Furst']
maybe orcid: [nan]
[171/1535] Querying 'Miriam Furst' (ORCID=None) …each name: Miriam Furst
 → dob=None, dod=None, affil='Tel Aviv University'
this is names_try: ['S. Richard Jaskunas', 'S. Jaskunas']
maybe orcid: [nan]
[172/1535] Querying 'S. Richard Jaskunas' (ORCID=None) …each name: S. Richard Jaskunas
No match for name variant: S. Richard Jaskunas
each name: S. Jaskunas
No match for name variant: S. Jaskunas
 → dob=None, dod=None, affil=None
this is names_try: ['RJ Snowden']
maybe orcid: [nan]
[173/1535] Querying 'RJ Snowden' (ORCID=None) …each name: RJ Snowden
No match for name variant: RJ Snowden
 → dob=None, dod=None, affil=None
this is names_try: ['F. Cardo‐Casas']
maybe orcid: [nan]
[174/1535] Querying 'F. Cardo‐Casas' (ORCID=None) …each name: F. Cardo‐Casas
No match for name variant: F. Cardo‐Casas
 → dob=None, dod=None, affil=None
this is names_try: ['P. L. Anthony', 'P. Anthony']
maybe orcid: [nan]
[175/1535] Querying 'P. L. Anthony' (ORCID=None) …each name: P. L. Anthony
No match for name variant: P. L. Anthony
each name: P. Anthony
 → dob=None, dod=None, affil='Lincoln University'
this is names_try: ['Jerome Knopp']
maybe orcid: [nan]
[176/1535] Querying 'Jerome Knopp' (ORCID=None) …each name: Jerome Knopp
No match for name variant: Jerome Knopp
 → dob=None, dod=None, affil=None
this is names_try: ['Thomas E. Shrader', 'Thomas Shrader']
maybe orcid: [nan]
[177/1535] Querying 'Thomas E. Shrader' (ORCID=None) …each name: Thomas E. Shrader
No match for name variant: Thomas E. Shrader
each name: Thomas Shrader
No match for name variant: Thomas Shrader
 → dob=None, dod=None, affil=None
this is names_try: ['M. D. Baker', 'M. Baker']
maybe orcid: [nan]
[178/1535] Querying 'M. D. Baker' (ORCID=None) …each name: M. D. Baker
 → dob=None, dod=None, affil='Brookhaven National Laboratory'
this is names_try: ['Kenneth E. Green', 'Kenneth Green']
maybe orcid: [nan]
[179/1535] Querying 'Kenneth E. Green' (ORCID=None) …each name: Kenneth E. Green
No match for name variant: Kenneth E. Green
each name: Kenneth Green
 → dob='1964-10-11T00:00:00Z', dod=None, affil=None
this is names_try: ['E. N. Serrallach', 'E. Serrallach']
maybe orcid: [nan]
[180/1535] Querying 'E. N. Serrallach' (ORCID=None) …each name: E. N. Serrallach
No match for name variant: E. N. Serrallach
each name: E. Serrallach
No match for name variant: E. Serrallach
 → dob=None, dod=None, affil=None
this is names_try: ['DIETMAR SEYFERTH']
maybe orcid: [nan]
[181/1535] Querying 'DIETMAR SEYFERTH' (ORCID=None) …each name: DIETMAR SEYFERTH
 → dob='1929-01-11T00:00:00Z', dod='2020-06-06T00:00:00Z', affil='Harvard University'
this is names_try: ['Gabrielle Rocap']
maybe orcid: ['0000-0001-7253-611X']
[182/1535] Querying 'Gabrielle Rocap' (ORCID=0000-0001-7253-611X) …orcid: 0000-0001-7253-611X
 → dob=None, dod=None, affil='University of Washington'
this is names_try: ['R.H. Bellis']
maybe orcid: [nan]
[183/1535] Querying 'R.H. Bellis' (ORCID=None) …each name: R.H. Bellis
No match for name variant: R.H. Bellis
 → dob=None, dod=None, affil=None
this is names_try: ['J. J. Ryan', 'J. Ryan']
maybe orcid: [nan]
[184/1535] Querying 'J. J. Ryan' (ORCID=None) …each name: J. J. Ryan
No match for name variant: J. J. Ryan
each name: J. Ryan
 → dob='1973-01-01T00:00:00Z', dod=None, affil=None
this is names_try: ['Rachel L. Wolfson', 'Rachel Wolfson']
maybe orcid: ['0000-0003-3873-829X']
[185/1535] Querying 'Rachel L. Wolfson' (ORCID=0000-0003-3873-829X) …orcid: 0000-0003-3873-829X
each name: Rachel L. Wolfson
No match for name variant: Rachel L. Wolfson
each name: Rachel Wolfson
 → dob=None, dod=None, affil=None
this is names_try: ['Bernard J. Frieden', 'Bernard Frieden']
maybe orcid: [nan]
[186/1535] Querying 'Bernard J. Frieden' (ORCID=None) …each name: Bernard J. Frieden
 → dob='1930-01-01T00:00:00Z', dod='2009-09-09T00:00:00Z', affil=None
this is names_try: ['T. Sauke']
maybe orcid: [nan]
[187/1535] Querying 'T. Sauke' (ORCID=None) …each name: T. Sauke
No match for name variant: T. Sauke
 → dob=None, dod=None, affil=None
this is names_try: ['Joseph A. Jarrell', 'Joseph Jarrell']
maybe orcid: [nan]
[188/1535] Querying 'Joseph A. Jarrell' (ORCID=None) …each name: Joseph A. Jarrell
No match for name variant: Joseph A. Jarrell
each name: Joseph Jarrell
No match for name variant: Joseph Jarrell
 → dob=None, dod=None, affil=None
this is names_try: ['Chae An']
maybe orcid: [nan]
[189/1535] Querying 'Chae An' (ORCID=None) …each name: Chae An
No match for name variant: Chae An
 → dob=None, dod=None, affil=None
this is names_try: ['Hari C. Manoharan', 'Hari Manoharan']
maybe orcid: [nan]
[190/1535] Querying 'Hari C. Manoharan' (ORCID=None) …each name: Hari C. Manoharan
No match for name variant: Hari C. Manoharan
each name: Hari Manoharan
 → dob=None, dod=None, affil='Stanford University'
this is names_try: ['N. Catherine Hogan', 'N. Hogan']
maybe orcid: [nan]
[191/1535] Querying 'N. Catherine Hogan' (ORCID=None) …each name: N. Catherine Hogan
No match for name variant: N. Catherine Hogan
each name: N. Hogan
No match for name variant: N. Hogan
 → dob=None, dod=None, affil=None
this is names_try: ['Theresa Haney']
maybe orcid: [nan]
[192/1535] Querying 'Theresa Haney' (ORCID=None) …each name: Theresa Haney
No match for name variant: Theresa Haney
 → dob=None, dod=None, affil=None
this is names_try: ['K. Benedek']
maybe orcid: [nan]
[193/1535] Querying 'K. Benedek' (ORCID=None) …each name: K. Benedek
No match for name variant: K. Benedek
 → dob=None, dod=None, affil=None
this is names_try: ['Jose M. Orozco', 'Jose Orozco']
maybe orcid: ['0000-0002-4587-0777']
[194/1535] Querying 'Jose M. Orozco' (ORCID=0000-0002-4587-0777) …orcid: 0000-0002-4587-0777
 → dob=None, dod=None, affil=None
this is names_try: ['S.J. Klepper']
maybe orcid: [nan]
[195/1535] Querying 'S.J. Klepper' (ORCID=None) …each name: S.J. Klepper
No match for name variant: S.J. Klepper
 → dob=None, dod=None, affil=None
this is names_try: ['Deborah E. Sullivan', 'Deborah Sullivan']
maybe orcid: [nan]
[196/1535] Querying 'Deborah E. Sullivan' (ORCID=None) …each name: Deborah E. Sullivan
No match for name variant: Deborah E. Sullivan
each name: Deborah Sullivan
No match for name variant: Deborah Sullivan
 → dob=None, dod=None, affil=None
this is names_try: ['Robert A. Saxton', 'Robert Saxton']
maybe orcid: ['0000-0001-9777-8270']
[197/1535] Querying 'Robert A. Saxton' (ORCID=0000-0001-9777-8270) …orcid: 0000-0001-9777-8270
each name: Robert A. Saxton
 → dob=None, dod=None, affil=None
this is names_try: ['Srivas Mandayam']
maybe orcid: [nan]
[198/1535] Querying 'Srivas Mandayam' (ORCID=None) …each name: Srivas Mandayam
No match for name variant: Srivas Mandayam
 → dob=None, dod=None, affil=None
this is names_try: ['F. Javoy‐Agid']
maybe orcid: [nan]
[199/1535] Querying 'F. Javoy‐Agid' (ORCID=None) …each name: F. Javoy‐Agid
No match for name variant: F. Javoy‐Agid
 → dob=None, dod=None, affil=None
this is names_try: ['Giuliana C. Tesoro', 'Giuliana Tesoro']
maybe orcid: [nan]
[200/1535] Querying 'Giuliana C. Tesoro' (ORCID=None) …each name: Giuliana C. Tesoro
 → dob='1921-06-01T00:00:00Z', dod='2002-09-29T00:00:00Z', affil='Massachusetts Institute of Technology'
this is names_try: ['Brian F. Corning', 'Brian Corning']
maybe orcid: [nan]
[201/1535] Querying 'Brian F. Corning' (ORCID=None) …each name: Brian F. Corning
No match for name variant: Brian F. Corning
each name: Brian Corning
No match for name variant: Brian Corning
 → dob=None, dod=None, affil=None
this is names_try: ['Sonia M. Scaria', 'Sonia Scaria']
maybe orcid: ['0000-0002-6163-9479']
[202/1535] Querying 'Sonia M. Scaria' (ORCID=0000-0002-6163-9479) …orcid: 0000-0002-6163-9479
 → dob=None, dod=None, affil=None
this is names_try: ['Gwendolen Carter']
maybe orcid: [nan]
[203/1535] Querying 'Gwendolen Carter' (ORCID=None) …each name: Gwendolen Carter
 → dob='1906-07-17T00:00:00Z', dod='1991-02-20T00:00:00Z', affil='Tufts University'
this is names_try: ['Pattie Maes']
maybe orcid: [nan]
[204/1535] Querying 'Pattie Maes' (ORCID=None) …each name: Pattie Maes
 → dob='1961-01-01T00:00:00Z', dod=None, affil='Massachusetts Institute of Technology'
this is names_try: ['Dorothy Zaborowski']
maybe orcid: [nan]
[205/1535] Querying 'Dorothy Zaborowski' (ORCID=None) …each name: Dorothy Zaborowski
No match for name variant: Dorothy Zaborowski
 → dob=None, dod=None, affil=None
this is names_try: ['A. S. Yeh', 'A. Yeh']
maybe orcid: [nan]
[206/1535] Querying 'A. S. Yeh' (ORCID=None) …each name: A. S. Yeh
No match for name variant: A. S. Yeh
each name: A. Yeh
No match for name variant: A. Yeh
 → dob=None, dod=None, affil=None
this is names_try: ['B.Moon Kim']
maybe orcid: [nan]
[207/1535] Querying 'B.Moon Kim' (ORCID=None) …each name: B.Moon Kim
No match for name variant: B.Moon Kim
 → dob=None, dod=None, affil=None
this is names_try: ['Rajkamal Iyer']
maybe orcid: ['0000-0002-3193-0441']
[208/1535] Querying 'Rajkamal Iyer' (ORCID=0000-0002-3193-0441) …orcid: 0000-0002-3193-0441
each name: Rajkamal Iyer
No match for name variant: Rajkamal Iyer
 → dob=None, dod=None, affil=None
this is names_try: ['Charles A. Garris', 'Charles Garris']
maybe orcid: [nan]
[209/1535] Querying 'Charles A. Garris' (ORCID=None) …each name: Charles A. Garris
No match for name variant: Charles A. Garris
each name: Charles Garris
 → dob='1837-12-02T00:00:00Z', dod='1864-06-27T00:00:00Z', affil=None
this is names_try: ['J. D. Hooker', 'J. Hooker']
maybe orcid: [nan]
[210/1535] Querying 'J. D. Hooker' (ORCID=None) …each name: J. D. Hooker
 → dob='1817-06-30T00:00:00Z', dod='1911-12-10T00:00:00Z', affil='British Geological Survey'
this is names_try: ['Marie-José Bijlmakers']
maybe orcid: ['0000-0001-6762-1168']
[211/1535] Querying 'Marie-José Bijlmakers' (ORCID=0000-0001-6762-1168) …orcid: 0000-0001-6762-1168
 → dob=None, dod=None, affil=None
this is names_try: ['D.G. Victor']
maybe orcid: [nan]
[212/1535] Querying 'D.G. Victor' (ORCID=None) …each name: D.G. Victor
No match for name variant: D.G. Victor
 → dob=None, dod=None, affil=None
this is names_try: ['Chris Levins']
maybe orcid: [nan]
[213/1535] Querying 'Chris Levins' (ORCID=None) …each name: Chris Levins
No match for name variant: Chris Levins
 → dob=None, dod=None, affil=None
this is names_try: ['James Cooper']
maybe orcid: [nan]
[214/1535] Querying 'James Cooper' (ORCID=None) …each name: James Cooper
 → dob='1789-09-15T00:00:00Z', dod='1851-09-14T00:00:00Z', affil=None
this is names_try: ['Leon K. Ekchian', 'Leon Ekchian']
maybe orcid: [nan]
[215/1535] Querying 'Leon K. Ekchian' (ORCID=None) …each name: Leon K. Ekchian
No match for name variant: Leon K. Ekchian
each name: Leon Ekchian
No match for name variant: Leon Ekchian
 → dob=None, dod=None, affil=None
this is names_try: ['Philippe Benaroch']
maybe orcid: ['0000-0002-2655-0129']
[216/1535] Querying 'Philippe Benaroch' (ORCID=0000-0002-2655-0129) …orcid: 0000-0002-2655-0129
 → dob=None, dod=None, affil='Délégation Paris-Centre (DR2)'
this is names_try: ['C. Cortez']
maybe orcid: [nan]
[217/1535] Querying 'C. Cortez' (ORCID=None) …each name: C. Cortez
No match for name variant: C. Cortez
 → dob=None, dod=None, affil=None
this is names_try: ['Drs Eichenwald']
maybe orcid: [nan]
[218/1535] Querying 'Drs Eichenwald' (ORCID=None) …each name: Drs Eichenwald
No match for name variant: Drs Eichenwald
 → dob=None, dod=None, affil=None
this is names_try: ['Richard Goldhor']
maybe orcid: [nan]
[219/1535] Querying 'Richard Goldhor' (ORCID=None) …each name: Richard Goldhor
No match for name variant: Richard Goldhor
 → dob=None, dod=None, affil=None
this is names_try: ['D G Orlhac', 'D Orlhac']
maybe orcid: [nan]
[220/1535] Querying 'D G Orlhac' (ORCID=None) …each name: D G Orlhac
No match for name variant: D G Orlhac
each name: D Orlhac
No match for name variant: D Orlhac
 → dob=None, dod=None, affil=None
this is names_try: ['Larry Dennison']
maybe orcid: ['0000-0001-5533-1083']
[221/1535] Querying 'Larry Dennison' (ORCID=0000-0001-5533-1083) …orcid: 0000-0001-5533-1083
each name: Larry Dennison
No match for name variant: Larry Dennison
 → dob=None, dod=None, affil=None
this is names_try: ['Lisa J. Porter', 'Lisa Porter']
maybe orcid: [nan]
[222/1535] Querying 'Lisa J. Porter' (ORCID=None) …each name: Lisa J. Porter
No match for name variant: Lisa J. Porter
each name: Lisa Porter
 → dob=None, dod=None, affil='Defense Advanced Research Projects Agency'
this is names_try: ['Robert T. Lund', 'Robert Lund']
maybe orcid: [nan]
[223/1535] Querying 'Robert T. Lund' (ORCID=None) …each name: Robert T. Lund
No match for name variant: Robert T. Lund
each name: Robert Lund
 → dob='1861-02-15T00:00:00Z', dod='1903-12-19T00:00:00Z', affil=None
this is names_try: ['George Kerr']
maybe orcid: [nan]
[224/1535] Querying 'George Kerr' (ORCID=None) …each name: George Kerr
 → dob='1932-09-16T00:00:00Z', dod=None, affil=None
this is names_try: ['Werner Haas']
maybe orcid: [nan]
[225/1535] Querying 'Werner Haas' (ORCID=None) …each name: Werner Haas
 → dob='1900-08-02T00:00:00Z', dod='1950-11-30T00:00:00Z', affil='Humboldt-Universität zu Berlin'
this is names_try: ['D.L. Harris']
maybe orcid: [nan]
[226/1535] Querying 'D.L. Harris' (ORCID=None) …each name: D.L. Harris
 → dob=None, dod=None, affil=None
this is names_try: ['Robert G. Whittaker', 'Robert Whittaker']
maybe orcid: [nan]
[227/1535] Querying 'Robert G. Whittaker' (ORCID=None) …each name: Robert G. Whittaker
No match for name variant: Robert G. Whittaker
each name: Robert Whittaker
 → dob='1920-12-27T00:00:00Z', dod='1980-10-20T00:00:00Z', affil='Cornell University'
this is names_try: ['M. McDonald']
maybe orcid: ['0000-0001-5226-8349']
[228/1535] Querying 'M. McDonald' (ORCID=0000-0001-5226-8349) …orcid: 0000-0001-5226-8349
 → dob=None, dod=None, affil='Massachusetts Institute of Technology'
this is names_try: ['Barbara J. Blanchard', 'Barbara Blanchard']
maybe orcid: [nan]
[229/1535] Querying 'Barbara J. Blanchard' (ORCID=None) …each name: Barbara J. Blanchard
No match for name variant: Barbara J. Blanchard
each name: Barbara Blanchard
 → dob='1912-05-14T00:00:00Z', dod='2008-05-02T00:00:00Z', affil=None
this is names_try: ['Hans K. Rudolph', 'Hans Rudolph']
maybe orcid: [nan]
[230/1535] Querying 'Hans K. Rudolph' (ORCID=None) …each name: Hans K. Rudolph
No match for name variant: Hans K. Rudolph
each name: Hans Rudolph
 → dob='1937-02-15T00:00:00Z', dod='2022-12-25T00:00:00Z', affil='Ludwig-Maximilians-Universität München'
this is names_try: ['Kinhong Kan']
maybe orcid: [nan]
[231/1535] Querying 'Kinhong Kan' (ORCID=None) …each name: Kinhong Kan
No match for name variant: Kinhong Kan
 → dob=None, dod=None, affil=None
this is names_try: ['Lisa Randall']
maybe orcid: [nan]
[232/1535] Querying 'Lisa Randall' (ORCID=None) …each name: Lisa Randall
 → dob='1962-06-18T00:00:00Z', dod=None, affil='Harvard University'
this is names_try: ['R. Saxe']
maybe orcid: [nan]
[233/1535] Querying 'R. Saxe' (ORCID=None) …each name: R. Saxe
No match for name variant: R. Saxe
 → dob=None, dod=None, affil=None
this is names_try: ['Thucydides Xanthopoulos']
maybe orcid: [nan]
[234/1535] Querying 'Thucydides Xanthopoulos' (ORCID=None) …each name: Thucydides Xanthopoulos
No match for name variant: Thucydides Xanthopoulos
 → dob=None, dod=None, affil=None
this is names_try: ['Karl R. Clauser', 'Karl Clauser']
maybe orcid: ['0000-0002-1052-9456']
[235/1535] Querying 'Karl R. Clauser' (ORCID=0000-0002-1052-9456) …orcid: 0000-0002-1052-9456
 → dob=None, dod=None, affil='Broad Institute'
this is names_try: ['Paul Xirouchakis']
maybe orcid: [nan]
[236/1535] Querying 'Paul Xirouchakis' (ORCID=None) …each name: Paul Xirouchakis
No match for name variant: Paul Xirouchakis
 → dob=None, dod=None, affil=None
this is names_try: ['David J. Heeger', 'David Heeger']
maybe orcid: ['0000-0002-3282-9898']
[237/1535] Querying 'David J. Heeger' (ORCID=0000-0002-3282-9898) …orcid: 0000-0002-3282-9898
 → dob='1961-10-03T00:00:00Z', dod=None, affil='New York University'
this is names_try: ['Mototaka Nakamura']
maybe orcid: [nan]
[238/1535] Querying 'Mototaka Nakamura' (ORCID=None) …each name: Mototaka Nakamura
 → dob=None, dod=None, affil=None
this is names_try: ['James W. Lillie', 'James Lillie']
maybe orcid: [nan]
[239/1535] Querying 'James W. Lillie' (ORCID=None) …each name: James W. Lillie
No match for name variant: James W. Lillie
each name: James Lillie
 → dob=None, dod=None, affil=None
this is names_try: ['Aarthi Chandrasekaran']
maybe orcid: [nan]
[240/1535] Querying 'Aarthi Chandrasekaran' (ORCID=None) …each name: Aarthi Chandrasekaran
 → dob=None, dod=None, affil=None
this is names_try: ['Francis D. Moore', 'Francis Moore']
maybe orcid: [nan]
[241/1535] Querying 'Francis D. Moore' (ORCID=None) …each name: Francis D. Moore
No match for name variant: Francis D. Moore
each name: Francis Moore
 → dob='1944-02-10T00:00:00Z', dod=None, affil=None
this is names_try: ['Patrick Conley']
maybe orcid: [nan]
[242/1535] Querying 'Patrick Conley' (ORCID=None) …each name: Patrick Conley
 → dob='1965-01-01T00:00:00Z', dod=None, affil='Hessischer Rundfunk'
this is names_try: ['Edwin L. Ferguson', 'Edwin Ferguson']
maybe orcid: ['0000-0003-4125-4253']
[243/1535] Querying 'Edwin L. Ferguson' (ORCID=0000-0003-4125-4253) …orcid: 0000-0003-4125-4253
 → dob=None, dod=None, affil='University of Chicago'
this is names_try: ['Ghaleb H. Daouk', 'Ghaleb Daouk']
maybe orcid: [nan]
[244/1535] Querying 'Ghaleb H. Daouk' (ORCID=None) …each name: Ghaleb H. Daouk
No match for name variant: Ghaleb H. Daouk
each name: Ghaleb Daouk
No match for name variant: Ghaleb Daouk
 → dob=None, dod=None, affil=None
this is names_try: ['John F. Resek', 'John Resek']
maybe orcid: [nan]
[245/1535] Querying 'John F. Resek' (ORCID=None) …each name: John F. Resek
No match for name variant: John F. Resek
each name: John Resek
No match for name variant: John Resek
 → dob=None, dod=None, affil=None
this is names_try: ['Drs Carroll']
maybe orcid: [nan]
[246/1535] Querying 'Drs Carroll' (ORCID=None) …each name: Drs Carroll
No match for name variant: Drs Carroll
 → dob=None, dod=None, affil=None
this is names_try: ['W.H. Hagman']
maybe orcid: [nan]
[247/1535] Querying 'W.H. Hagman' (ORCID=None) …each name: W.H. Hagman
No match for name variant: W.H. Hagman
 → dob=None, dod=None, affil=None
this is names_try: ['M.E. Veysoglu']
maybe orcid: [nan]
[248/1535] Querying 'M.E. Veysoglu' (ORCID=None) …each name: M.E. Veysoglu
No match for name variant: M.E. Veysoglu
 → dob=None, dod=None, affil=None
this is names_try: ['Asa Abeliovich']
maybe orcid: [nan]
[249/1535] Querying 'Asa Abeliovich' (ORCID=None) …each name: Asa Abeliovich
No match for name variant: Asa Abeliovich
 → dob=None, dod=None, affil=None
this is names_try: ['M R Green', 'M Green']
maybe orcid: [nan]
[250/1535] Querying 'M R Green' (ORCID=None) …each name: M R Green
No match for name variant: M R Green
each name: M Green
 → dob=None, dod=None, affil=None
this is names_try: ['Simon Carlsen']
maybe orcid: [nan]
[251/1535] Querying 'Simon Carlsen' (ORCID=None) …each name: Simon Carlsen
 → dob='1984-09-11T00:00:00Z', dod=None, affil=None
this is names_try: ['A. Vaidyanathan']
maybe orcid: [nan]
[252/1535] Querying 'A. Vaidyanathan' (ORCID=None) …each name: A. Vaidyanathan
No match for name variant: A. Vaidyanathan
 → dob=None, dod=None, affil=None
this is names_try: ['F Burgoon']
maybe orcid: [nan]
[253/1535] Querying 'F Burgoon' (ORCID=None) …each name: F Burgoon
No match for name variant: F Burgoon
 → dob=None, dod=None, affil=None
this is names_try: ['A. M. S. Ula', 'A. Ula']
maybe orcid: [nan]
[254/1535] Querying 'A. M. S. Ula' (ORCID=None) …each name: A. M. S. Ula
No match for name variant: A. M. S. Ula
each name: A. Ula
 → dob='1896-11-11T00:00:00Z', dod='1934-08-18T00:00:00Z', affil=None
this is names_try: ['Lily Vardimon']
maybe orcid: [nan]
[255/1535] Querying 'Lily Vardimon' (ORCID=None) …each name: Lily Vardimon
No match for name variant: Lily Vardimon
 → dob=None, dod=None, affil=None
this is names_try: ['Steven H. Kim', 'Steven Kim']
maybe orcid: [nan]
[256/1535] Querying 'Steven H. Kim' (ORCID=None) …each name: Steven H. Kim
No match for name variant: Steven H. Kim
each name: Steven Kim
 → dob='1969-07-07T00:00:00Z', dod=None, affil=None
this is names_try: ['Too Heng Phon', 'Too Phon']
maybe orcid: [nan]
[257/1535] Querying 'Too Heng Phon' (ORCID=None) …each name: Too Heng Phon
No match for name variant: Too Heng Phon
each name: Too Phon
No match for name variant: Too Phon
 → dob=None, dod=None, affil=None
this is names_try: ['Keith Drummond']
maybe orcid: [nan]
[258/1535] Querying 'Keith Drummond' (ORCID=None) …each name: Keith Drummond
 → dob='1917-06-12T00:00:00Z', dod='1990-02-18T00:00:00Z', affil=None
this is names_try: ['William P. Spencer', 'William Spencer']
maybe orcid: [nan]
[259/1535] Querying 'William P. Spencer' (ORCID=None) …each name: William P. Spencer
No match for name variant: William P. Spencer
each name: William Spencer
 → dob='1914-06-21T00:00:00Z', dod='1996-10-11T00:00:00Z', affil='Columbia University'
this is names_try: ['Elisa Prato']
maybe orcid: ['0000-0003-2939-9337']
[260/1535] Querying 'Elisa Prato' (ORCID=0000-0003-2939-9337) …orcid: 0000-0003-2939-9337
each name: Elisa Prato
 → dob=None, dod=None, affil=None
this is names_try: ['Sandeep Prasada']
maybe orcid: ['0000-0002-9625-6347']
[261/1535] Querying 'Sandeep Prasada' (ORCID=0000-0002-9625-6347) …orcid: 0000-0002-9625-6347
each name: Sandeep Prasada
No match for name variant: Sandeep Prasada
 → dob=None, dod=None, affil=None
this is names_try: ['Katherine S. Lovejoy', 'Katherine Lovejoy']
maybe orcid: [nan]
[262/1535] Querying 'Katherine S. Lovejoy' (ORCID=None) …each name: Katherine S. Lovejoy
No match for name variant: Katherine S. Lovejoy
each name: Katherine Lovejoy
 → dob=None, dod=None, affil='Massachusetts Institute of Technology'
this is names_try: ['K. L. D’Amico', 'K. D’Amico']
maybe orcid: [nan]
[263/1535] Querying 'K. L. D’Amico' (ORCID=None) …each name: K. L. D’Amico
No match for name variant: K. L. D’Amico
each name: K. D’Amico
No match for name variant: K. D’Amico
 → dob=None, dod=None, affil=None
this is names_try: ['Josef Coetsee']
maybe orcid: [nan]
[264/1535] Querying 'Josef Coetsee' (ORCID=None) …each name: Josef Coetsee
No match for name variant: Josef Coetsee
 → dob=None, dod=None, affil=None
this is names_try: ['William H. K. Lee', 'William Lee']
maybe orcid: [nan]
[265/1535] Querying 'William H. K. Lee' (ORCID=None) …each name: William H. K. Lee
 → dob='1940-10-06T00:00:00Z', dod='2022-01-01T00:00:00Z', affil=None
this is names_try: ['C. F. Pezzee', 'C. Pezzee']
maybe orcid: [nan]
[266/1535] Querying 'C. F. Pezzee' (ORCID=None) …each name: C. F. Pezzee
No match for name variant: C. F. Pezzee
each name: C. Pezzee
No match for name variant: C. Pezzee
 → dob=None, dod=None, affil=None
this is names_try: ['Benjamin J. F. Bruet', 'Benjamin Bruet']
maybe orcid: [nan]
[267/1535] Querying 'Benjamin J. F. Bruet' (ORCID=None) …each name: Benjamin J. F. Bruet
No match for name variant: Benjamin J. F. Bruet
each name: Benjamin Bruet
No match for name variant: Benjamin Bruet
 → dob=None, dod=None, affil=None
this is names_try: ['E. J. Melé', 'E. Melé']
maybe orcid: ['0000-0001-7140-5353']
[268/1535] Querying 'E. J. Melé' (ORCID=0000-0001-7140-5353) …orcid: 0000-0001-7140-5353
 → dob='1950-01-01T00:00:00Z', dod=None, affil='University of Pennsylvania'
this is names_try: ['Jan‐E. Bäckvall']
maybe orcid: [nan]
[269/1535] Querying 'Jan‐E. Bäckvall' (ORCID=None) …each name: Jan‐E. Bäckvall
No match for name variant: Jan‐E. Bäckvall
 → dob=None, dod=None, affil=None
this is names_try: ['Brendan F. Bellew', 'Brendan Bellew']
maybe orcid: [nan]
[270/1535] Querying 'Brendan F. Bellew' (ORCID=None) …each name: Brendan F. Bellew
No match for name variant: Brendan F. Bellew
each name: Brendan Bellew
No match for name variant: Brendan Bellew
 → dob=None, dod=None, affil=None
this is names_try: ['Jane W. Fountain', 'Jane Fountain']
maybe orcid: [nan]
[271/1535] Querying 'Jane W. Fountain' (ORCID=None) …each name: Jane W. Fountain
No match for name variant: Jane W. Fountain
each name: Jane Fountain
 → dob='1950-01-01T00:00:00Z', dod=None, affil='Harvard University'
this is names_try: ['Juha Song']
maybe orcid: ['0000-0002-3503-680X']
[272/1535] Querying 'Juha Song' (ORCID=0000-0002-3503-680X) …orcid: 0000-0002-3503-680X
 → dob=None, dod=None, affil='Seoul National University'
this is names_try: ['P Ongley']
maybe orcid: [nan]
[273/1535] Querying 'P Ongley' (ORCID=None) …each name: P Ongley
No match for name variant: P Ongley
 → dob=None, dod=None, affil=None
this is names_try: ['Mary J. Wornat', 'Mary Wornat']
maybe orcid: [nan]
[274/1535] Querying 'Mary J. Wornat' (ORCID=None) …each name: Mary J. Wornat
No match for name variant: Mary J. Wornat
each name: Mary Wornat
No match for name variant: Mary Wornat
 → dob=None, dod=None, affil=None
this is names_try: ['Jin Y']
maybe orcid: [nan]
[275/1535] Querying 'Jin Y' (ORCID=None) …each name: Jin Y
 → dob='1924-03-10T00:00:00Z', dod='2018-10-30T00:00:00Z', affil='Zhejiang University'
this is names_try: ['Michael W. Young', 'Michael Young']
maybe orcid: [nan]
[276/1535] Querying 'Michael W. Young' (ORCID=None) …each name: Michael W. Young
 → dob='1949-03-28T00:00:00Z', dod=None, affil='University of Texas at Austin'
this is names_try: ['Marsha Penman']
maybe orcid: [nan]
[277/1535] Querying 'Marsha Penman' (ORCID=None) …each name: Marsha Penman
No match for name variant: Marsha Penman
 → dob=None, dod=None, affil=None
this is names_try: ['Andrew Perfors']
maybe orcid: ['0000-0002-6976-0732']
[278/1535] Querying 'Andrew Perfors' (ORCID=0000-0002-6976-0732) …orcid: 0000-0002-6976-0732
 → dob=None, dod=None, affil='University of Adelaide'
this is names_try: ['Myron M. Nichols', 'Myron Nichols']
maybe orcid: [nan]
[279/1535] Querying 'Myron M. Nichols' (ORCID=None) …each name: Myron M. Nichols
No match for name variant: Myron M. Nichols
each name: Myron Nichols
No match for name variant: Myron Nichols
 → dob=None, dod=None, affil=None
this is names_try: ['G. Weber']
maybe orcid: [nan]
[280/1535] Querying 'G. Weber' (ORCID=None) …each name: G. Weber
 → dob='2000-01-01T00:00:00Z', dod=None, affil='Harvard Medical School'
this is names_try: ['K. Nadia Dimou', 'K. Dimou']
maybe orcid: [nan]
[281/1535] Querying 'K. Nadia Dimou' (ORCID=None) …each name: K. Nadia Dimou
No match for name variant: K. Nadia Dimou
each name: K. Dimou
No match for name variant: K. Dimou
 → dob=None, dod=None, affil=None
this is names_try: ['Jingfang Zhou']
maybe orcid: [nan]
[282/1535] Querying 'Jingfang Zhou' (ORCID=None) …each name: Jingfang Zhou
 → dob=None, dod=None, affil=None
this is names_try: ['R. Subedi']
maybe orcid: ['0009-0002-8173-3179']
[283/1535] Querying 'R. Subedi' (ORCID=0009-0002-8173-3179) …orcid: 0009-0002-8173-3179
each name: R. Subedi
No match for name variant: R. Subedi
 → dob=None, dod=None, affil=None
this is names_try: ['F. M. M. Morel', 'F. Morel']
maybe orcid: [nan]
[284/1535] Querying 'F. M. M. Morel' (ORCID=None) …each name: F. M. M. Morel
No match for name variant: F. M. M. Morel
each name: F. Morel
 → dob='1926-04-30T00:00:00Z', dod='2016-05-11T00:00:00Z', affil=None
this is names_try: ['Barton Whaley']
maybe orcid: [nan]
[285/1535] Querying 'Barton Whaley' (ORCID=None) …each name: Barton Whaley
No match for name variant: Barton Whaley
 → dob=None, dod=None, affil=None
this is names_try: ['R. Shneor']
maybe orcid: [nan]
[286/1535] Querying 'R. Shneor' (ORCID=None) …each name: R. Shneor
No match for name variant: R. Shneor
 → dob=None, dod=None, affil=None
this is names_try: ['Robert F. Pohlman', 'Robert Pohlman']
maybe orcid: [nan]
[287/1535] Querying 'Robert F. Pohlman' (ORCID=None) …each name: Robert F. Pohlman
No match for name variant: Robert F. Pohlman
each name: Robert Pohlman
 → dob='1852-10-31T00:00:00Z', dod='1914-09-28T00:00:00Z', affil='Friedrich-Alexander-Universität Erlangen-Nürnberg'
this is names_try: ['Alex Orsky']
maybe orcid: [nan]
[288/1535] Querying 'Alex Orsky' (ORCID=None) …each name: Alex Orsky
No match for name variant: Alex Orsky
 → dob=None, dod=None, affil=None
this is names_try: ['Robert M. Hayes', 'Robert Hayes']
maybe orcid: [nan]
[289/1535] Querying 'Robert M. Hayes' (ORCID=None) …each name: Robert M. Hayes
 → dob='1926-12-03T00:00:00Z', dod='2022-02-12T00:00:00Z', affil='University of California, Los Angeles'
this is names_try: ['Gert D. Billing', 'Gert Billing']
maybe orcid: [nan]
[290/1535] Querying 'Gert D. Billing' (ORCID=None) …each name: Gert D. Billing
 → dob='1946-01-01T00:00:00Z', dod='2002-01-01T00:00:00Z', affil=None
this is names_try: ['T. Lainis']
maybe orcid: [nan]
[291/1535] Querying 'T. Lainis' (ORCID=None) …each name: T. Lainis
No match for name variant: T. Lainis
 → dob=None, dod=None, affil=None
this is names_try: ['I. Majid']
maybe orcid: [nan]
[292/1535] Querying 'I. Majid' (ORCID=None) …each name: I. Majid
No match for name variant: I. Majid
 → dob=None, dod=None, affil=None
this is names_try: ['Yehezkiel A. Gluzband', 'Yehezkiel Gluzband']
maybe orcid: [nan]
[293/1535] Querying 'Yehezkiel A. Gluzband' (ORCID=None) …each name: Yehezkiel A. Gluzband
No match for name variant: Yehezkiel A. Gluzband
each name: Yehezkiel Gluzband
No match for name variant: Yehezkiel Gluzband
 → dob=None, dod=None, affil=None
this is names_try: ['Peter Monaghan']
maybe orcid: [nan]
[294/1535] Querying 'Peter Monaghan' (ORCID=None) …each name: Peter Monaghan
 → dob='1917-01-01T00:00:00Z', dod='1945-01-01T00:00:00Z', affil=None
this is names_try: ['Mark W. Cannon', 'Mark Cannon']
maybe orcid: [nan]
[295/1535] Querying 'Mark W. Cannon' (ORCID=None) …each name: Mark W. Cannon
 → dob='1928-01-01T00:00:00Z', dod='2020-01-01T00:00:00Z', affil=None
this is names_try: ['Paul D. Bristowe', 'Paul Bristowe']
maybe orcid: ['0000-0002-3153-1387']
[296/1535] Querying 'Paul D. Bristowe' (ORCID=0000-0002-3153-1387) …orcid: 0000-0002-3153-1387
 → dob=None, dod=None, affil='University of Cambridge'
this is names_try: ['A. Napier']
maybe orcid: [nan]
[297/1535] Querying 'A. Napier' (ORCID=None) …each name: A. Napier
 → dob='1758-08-31T00:00:00Z', dod='1835-01-02T00:00:00Z', affil=None
this is names_try: ['Walter J. Lunsmann', 'Walter Lunsmann']
maybe orcid: [nan]
[298/1535] Querying 'Walter J. Lunsmann' (ORCID=None) …each name: Walter J. Lunsmann
No match for name variant: Walter J. Lunsmann
each name: Walter Lunsmann
No match for name variant: Walter Lunsmann
 → dob=None, dod=None, affil=None
this is names_try: ['B. D. Anderson', 'B. Anderson']
maybe orcid: [nan]
[299/1535] Querying 'B. D. Anderson' (ORCID=None) …each name: B. D. Anderson
No match for name variant: B. D. Anderson
each name: B. Anderson
 → dob=None, dod=None, affil='University of Southampton'
this is names_try: ['H. H. Uhlig', 'H. Uhlig']
maybe orcid: [nan]
[300/1535] Querying 'H. H. Uhlig' (ORCID=None) …each name: H. H. Uhlig
 → dob='1907-03-03T00:00:00Z', dod='1993-07-03T00:00:00Z', affil='Massachusetts Institute of Technology'
this is names_try: ['Laura Marmorstein']
maybe orcid: [nan]
[301/1535] Querying 'Laura Marmorstein' (ORCID=None) …each name: Laura Marmorstein
No match for name variant: Laura Marmorstein
 → dob=None, dod=None, affil=None
this is names_try: ['Chunmei Wei']
maybe orcid: ['0000-0001-9619-2139']
[302/1535] Querying 'Chunmei Wei' (ORCID=0000-0001-9619-2139) …orcid: 0000-0001-9619-2139
each name: Chunmei Wei
No match for name variant: Chunmei Wei
 → dob=None, dod=None, affil=None
this is names_try: ['Lorenzo Morris']
maybe orcid: [nan]
[303/1535] Querying 'Lorenzo Morris' (ORCID=None) …each name: Lorenzo Morris
 → dob='1817-08-14T00:00:00Z', dod='1903-10-02T00:00:00Z', affil=None
this is names_try: ['Lars H. Genieser', 'Lars Genieser']
maybe orcid: [nan]
[304/1535] Querying 'Lars H. Genieser' (ORCID=None) …each name: Lars H. Genieser
No match for name variant: Lars H. Genieser
each name: Lars Genieser
No match for name variant: Lars Genieser
 → dob=None, dod=None, affil=None
this is names_try: ['J. R. M. Annand', 'J. Annand']
maybe orcid: ['0000-0001-7764-2720']
[305/1535] Querying 'J. R. M. Annand' (ORCID=0000-0001-7764-2720) …orcid: 0000-0001-7764-2720
each name: J. R. M. Annand
No match for name variant: J. R. M. Annand
each name: J. Annand
No match for name variant: J. Annand
 → dob=None, dod=None, affil=None
this is names_try: ['Alain Grebert']
maybe orcid: [nan]
[306/1535] Querying 'Alain Grebert' (ORCID=None) …each name: Alain Grebert
No match for name variant: Alain Grebert
 → dob=None, dod=None, affil=None
this is names_try: ['R. C. Armstrong', 'R. Armstrong']
maybe orcid: [nan]
[307/1535] Querying 'R. C. Armstrong' (ORCID=None) …each name: R. C. Armstrong
No match for name variant: R. C. Armstrong
each name: R. Armstrong
 → dob='1943-01-07T00:00:00Z', dod=None, affil=None
this is names_try: ['Aaron A. Bent', 'Aaron Bent']
maybe orcid: [nan]
[308/1535] Querying 'Aaron A. Bent' (ORCID=None) …each name: Aaron A. Bent
No match for name variant: Aaron A. Bent
each name: Aaron Bent
 → dob='1995-11-08T00:00:00Z', dod=None, affil=None
this is names_try: ['Long Hsu']
maybe orcid: [nan]
[309/1535] Querying 'Long Hsu' (ORCID=None) …each name: Long Hsu
No match for name variant: Long Hsu
 → dob=None, dod=None, affil=None
this is names_try: ['J. Arrington']
maybe orcid: ['0000-0002-0702-1328']
[310/1535] Querying 'J. Arrington' (ORCID=0000-0002-0702-1328) …orcid: 0000-0002-0702-1328
 → dob=None, dod=None, affil='Argonne National Laboratory'
this is names_try: ['Roger W. Carlson', 'Roger Carlson']
maybe orcid: [nan]
[311/1535] Querying 'Roger W. Carlson' (ORCID=None) …each name: Roger W. Carlson
No match for name variant: Roger W. Carlson
each name: Roger Carlson
No match for name variant: Roger Carlson
 → dob=None, dod=None, affil=None
this is names_try: ['Mingxin Yu']
maybe orcid: ['0000-0002-5274-7451']
[312/1535] Querying 'Mingxin Yu' (ORCID=0000-0002-5274-7451) …orcid: 0000-0002-5274-7451
each name: Mingxin Yu
 → dob=None, dod=None, affil=None
this is names_try: ['Denise DiPasquale']
maybe orcid: [nan]
[313/1535] Querying 'Denise DiPasquale' (ORCID=None) …each name: Denise DiPasquale
 → dob=None, dod=None, affil=None
this is names_try: ['Blake C. Hamann', 'Blake Hamann']
maybe orcid: [nan]
[314/1535] Querying 'Blake C. Hamann' (ORCID=None) …each name: Blake C. Hamann
No match for name variant: Blake C. Hamann
each name: Blake Hamann
No match for name variant: Blake Hamann
 → dob=None, dod=None, affil=None
this is names_try: ['Marios C. Papaefthymiou', 'Marios Papaefthymiou']
maybe orcid: [nan]
[315/1535] Querying 'Marios C. Papaefthymiou' (ORCID=None) …each name: Marios C. Papaefthymiou
 → dob=None, dod=None, affil='University of Michigan'
this is names_try: ['H. Benaoum']
maybe orcid: ['0000-0003-4749-6675']
[316/1535] Querying 'H. Benaoum' (ORCID=0000-0003-4749-6675) …orcid: 0000-0003-4749-6675
 → dob=None, dod=None, affil='University of Sharjah'
this is names_try: ['GEORGE WILLIAM']
maybe orcid: [nan]
[317/1535] Querying 'GEORGE WILLIAM' (ORCID=None) …each name: GEORGE WILLIAM
 → dob='1770-08-27T00:00:00Z', dod='1831-11-14T00:00:00Z', affil='Heidelberg University'
this is names_try: ['Karen R. Polenske', 'Karen Polenske']
maybe orcid: [nan]
[318/1535] Querying 'Karen R. Polenske' (ORCID=None) …each name: Karen R. Polenske
 → dob='1937-03-20T00:00:00Z', dod=None, affil='Massachusetts Institute of Technology'
this is names_try: ['Randy Chue']
maybe orcid: [nan]
[319/1535] Querying 'Randy Chue' (ORCID=None) …each name: Randy Chue
No match for name variant: Randy Chue
 → dob=None, dod=None, affil=None
this is names_try: ['Richard D. Garman', 'Richard Garman']
maybe orcid: [nan]
[320/1535] Querying 'Richard D. Garman' (ORCID=None) …each name: Richard D. Garman
No match for name variant: Richard D. Garman
each name: Richard Garman
No match for name variant: Richard Garman
 → dob=None, dod=None, affil=None
this is names_try: ['Batya Kristal']
maybe orcid: [nan]
[321/1535] Querying 'Batya Kristal' (ORCID=None) …each name: Batya Kristal
 → dob=None, dod=None, affil=None
this is names_try: ['Chu H. Tzeng', 'Chu Tzeng']
maybe orcid: [nan]
[322/1535] Querying 'Chu H. Tzeng' (ORCID=None) …each name: Chu H. Tzeng
No match for name variant: Chu H. Tzeng
each name: Chu Tzeng
No match for name variant: Chu Tzeng
 → dob=None, dod=None, affil=None
this is names_try: ['Richard Lowenthal']
maybe orcid: [nan]
[323/1535] Querying 'Richard Lowenthal' (ORCID=None) …each name: Richard Lowenthal
 → dob='1908-04-15T00:00:00Z', dod='1991-08-09T00:00:00Z', affil='Freie Universität Berlin'
this is names_try: ['R. Kindel']
maybe orcid: [nan]
[324/1535] Querying 'R. Kindel' (ORCID=None) …each name: R. Kindel
No match for name variant: R. Kindel
 → dob=None, dod=None, affil=None
this is names_try: ['C.W. Lee']
maybe orcid: [nan]
[325/1535] Querying 'C.W. Lee' (ORCID=None) …each name: C.W. Lee
 → dob=None, dod=None, affil=None
this is names_try: ['J.-P. Chen']
maybe orcid: [nan]
[326/1535] Querying 'J.-P. Chen' (ORCID=None) …each name: J.-P. Chen
 → dob='1843-01-01T00:00:00Z', dod=None, affil=None
this is names_try: ['M.C.J.C.M. Krämer']
maybe orcid: [nan]
[327/1535] Querying 'M.C.J.C.M. Krämer' (ORCID=None) …each name: M.C.J.C.M. Krämer
No match for name variant: M.C.J.C.M. Krämer
 → dob=None, dod=None, affil=None
this is names_try: ['G Pahel']
maybe orcid: [nan]
[328/1535] Querying 'G Pahel' (ORCID=None) …each name: G Pahel
No match for name variant: G Pahel
 → dob=None, dod=None, affil=None
this is names_try: ['Atsushi Abiko']
maybe orcid: [nan]
[329/1535] Querying 'Atsushi Abiko' (ORCID=None) …each name: Atsushi Abiko
No match for name variant: Atsushi Abiko
 → dob=None, dod=None, affil=None
this is names_try: ['Kamyar Ghandi']
maybe orcid: [nan]
[330/1535] Querying 'Kamyar Ghandi' (ORCID=None) …each name: Kamyar Ghandi
No match for name variant: Kamyar Ghandi
 → dob=None, dod=None, affil=None
this is names_try: ['C. A. Philips', 'C. Philips']
maybe orcid: [nan]
[331/1535] Querying 'C. A. Philips' (ORCID=None) …each name: C. A. Philips
No match for name variant: C. A. Philips
each name: C. Philips
 → dob='1732-04-16T00:00:00Z', dod='1789-01-01T00:00:00Z', affil=None
this is names_try: ['Seonho Choi']
maybe orcid: [nan]
[332/1535] Querying 'Seonho Choi' (ORCID=None) …each name: Seonho Choi
 → dob=None, dod=None, affil=None
this is names_try: ['S. Buck']
maybe orcid: [nan]
[333/1535] Querying 'S. Buck' (ORCID=None) …each name: S. Buck
 → dob=None, dod=None, affil='University of Wollongong'
this is names_try: ['Peter W. Dietz', 'Peter Dietz']
maybe orcid: [nan]
[334/1535] Querying 'Peter W. Dietz' (ORCID=None) …each name: Peter W. Dietz
No match for name variant: Peter W. Dietz
each name: Peter Dietz
 → dob='1900-01-01T00:00:00Z', dod=None, affil=None
this is names_try: ['O. Bardon']
maybe orcid: [nan]
[335/1535] Querying 'O. Bardon' (ORCID=None) …each name: O. Bardon
No match for name variant: O. Bardon
 → dob=None, dod=None, affil=None
this is names_try: ['Vivek Mohindra']
maybe orcid: [nan]
[336/1535] Querying 'Vivek Mohindra' (ORCID=None) …each name: Vivek Mohindra
No match for name variant: Vivek Mohindra
 → dob=None, dod=None, affil=None
this is names_try: ['L. A. Jacobson', 'L. Jacobson']
maybe orcid: [nan]
[337/1535] Querying 'L. A. Jacobson' (ORCID=None) …each name: L. A. Jacobson
No match for name variant: L. A. Jacobson
each name: L. Jacobson
No match for name variant: L. Jacobson
 → dob=None, dod=None, affil=None
this is names_try: ['D. F. Eggers', 'D. Eggers']
maybe orcid: [nan]
[338/1535] Querying 'D. F. Eggers' (ORCID=None) …each name: D. F. Eggers
No match for name variant: D. F. Eggers
each name: D. Eggers
No match for name variant: D. Eggers
 → dob=None, dod=None, affil=None
this is names_try: ['Kristen A Chambers', 'Kristen Chambers']
maybe orcid: [nan]
[339/1535] Querying 'Kristen A Chambers' (ORCID=None) …each name: Kristen A Chambers
No match for name variant: Kristen A Chambers
each name: Kristen Chambers
No match for name variant: Kristen Chambers
 → dob=None, dod=None, affil=None
this is names_try: ['P.N. Burrows']
maybe orcid: [nan]
[340/1535] Querying 'P.N. Burrows' (ORCID=None) …each name: P.N. Burrows
No match for name variant: P.N. Burrows
 → dob=None, dod=None, affil=None
this is names_try: ['J. H. Oates', 'J. Oates']
maybe orcid: [nan]
[341/1535] Querying 'J. H. Oates' (ORCID=None) …each name: J. H. Oates
No match for name variant: J. H. Oates
each name: J. Oates
No match for name variant: J. Oates
 → dob=None, dod=None, affil=None
this is names_try: ['B. Craver']
maybe orcid: [nan]
[342/1535] Querying 'B. Craver' (ORCID=None) …each name: B. Craver
No match for name variant: B. Craver
 → dob=None, dod=None, affil=None
this is names_try: ['B. F. Fabis', 'B. Fabis']
maybe orcid: [nan]
[343/1535] Querying 'B. F. Fabis' (ORCID=None) …each name: B. F. Fabis
No match for name variant: B. F. Fabis
each name: B. Fabis
No match for name variant: B. Fabis
 → dob=None, dod=None, affil=None
this is names_try: ['H. Miska']
maybe orcid: [nan]
[344/1535] Querying 'H. Miska' (ORCID=None) …each name: H. Miska
No match for name variant: H. Miska
 → dob=None, dod=None, affil=None
this is names_try: ['R. Edwin Hicks', 'R. Hicks']
maybe orcid: [nan]
[345/1535] Querying 'R. Edwin Hicks' (ORCID=None) …each name: R. Edwin Hicks
No match for name variant: R. Edwin Hicks
each name: R. Hicks
No match for name variant: R. Hicks
 → dob=None, dod=None, affil=None
this is names_try: ['R. F. Cowan', 'R. Cowan']
maybe orcid: [nan]
[346/1535] Querying 'R. F. Cowan' (ORCID=None) …each name: R. F. Cowan
No match for name variant: R. F. Cowan
each name: R. Cowan
No match for name variant: R. Cowan
 → dob=None, dod=None, affil=None
this is names_try: ['Norman Carlson']
maybe orcid: [nan]
[347/1535] Querying 'Norman Carlson' (ORCID=None) …each name: Norman Carlson
 → dob='1933-08-10T00:00:00Z', dod='2020-08-09T00:00:00Z', affil='University of Minnesota'
this is names_try: ['Gary C. M. Lee', 'Gary Lee']
maybe orcid: [nan]
[348/1535] Querying 'Gary C. M. Lee' (ORCID=None) …each name: Gary C. M. Lee
No match for name variant: Gary C. M. Lee
each name: Gary Lee
 → dob='1950-01-01T00:00:00Z', dod=None, affil='Massachusetts Institute of Technology'
this is names_try: ['D. R. Averill', 'D. Averill']
maybe orcid: [nan]
[349/1535] Querying 'D. R. Averill' (ORCID=None) …each name: D. R. Averill
No match for name variant: D. R. Averill
each name: D. Averill
No match for name variant: D. Averill
 → dob=None, dod=None, affil=None
this is names_try: ['J. Rees']
maybe orcid: [nan]
[350/1535] Querying 'J. Rees' (ORCID=None) …each name: J. Rees
 → dob=None, dod=None, affil=None
this is names_try: ['M. J. Fero', 'M. Fero']
maybe orcid: [nan]
[351/1535] Querying 'M. J. Fero' (ORCID=None) …each name: M. J. Fero
No match for name variant: M. J. Fero
each name: M. Fero
 → dob='1945-12-31T00:00:00Z', dod=None, affil=None
this is names_try: ['D.V. Arnold']
maybe orcid: [nan]
[352/1535] Querying 'D.V. Arnold' (ORCID=None) …each name: D.V. Arnold
No match for name variant: D.V. Arnold
 → dob=None, dod=None, affil=None
this is names_try: ['M. Awschalom']
maybe orcid: [nan]
[353/1535] Querying 'M. Awschalom' (ORCID=None) …each name: M. Awschalom
No match for name variant: M. Awschalom
 → dob=None, dod=None, affil=None
this is names_try: ['J. G. Jernigan', 'J. Jernigan']
maybe orcid: [nan]
[354/1535] Querying 'J. G. Jernigan' (ORCID=None) …each name: J. G. Jernigan
No match for name variant: J. G. Jernigan
each name: J. Jernigan
No match for name variant: J. Jernigan
 → dob=None, dod=None, affil=None
this is names_try: ['William Clinger']
maybe orcid: [nan]
[355/1535] Querying 'William Clinger' (ORCID=None) …each name: William Clinger
 → dob=None, dod=None, affil='Northeastern University'
this is names_try: ['T. H. Markert', 'T. Markert']
maybe orcid: ['0000-0002-2150-9442']
[356/1535] Querying 'T. H. Markert' (ORCID=0000-0002-2150-9442) …orcid: 0000-0002-2150-9442
each name: T. H. Markert
No match for name variant: T. H. Markert
each name: T. Markert
No match for name variant: T. Markert
 → dob=None, dod=None, affil=None
this is names_try: ['K. Schunk']
maybe orcid: [nan]
[357/1535] Querying 'K. Schunk' (ORCID=None) …each name: K. Schunk
No match for name variant: K. Schunk
 → dob=None, dod=None, affil=None
this is names_try: ['John Brewer']
maybe orcid: ['0000-0002-1737-694X']
[358/1535] Querying 'John Brewer' (ORCID=0000-0002-1737-694X) …orcid: 0000-0002-1737-694X
each name: John Brewer
 → dob='1836-05-13T00:00:00Z', dod='1898-05-16T00:00:00Z', affil=None
this is names_try: ['Laurie J. Kirsch', 'Laurie Kirsch']
maybe orcid: [nan]
[359/1535] Querying 'Laurie J. Kirsch' (ORCID=None) …each name: Laurie J. Kirsch
No match for name variant: Laurie J. Kirsch
each name: Laurie Kirsch
No match for name variant: Laurie Kirsch
 → dob=None, dod=None, affil=None
this is names_try: ['Robert L. Sax', 'Robert Sax']
maybe orcid: [nan]
[360/1535] Querying 'Robert L. Sax' (ORCID=None) …each name: Robert L. Sax
No match for name variant: Robert L. Sax
each name: Robert Sax
 → dob='1953-10-08T00:00:00Z', dod=None, affil='Royal Academy of Music'
this is names_try: ['Alan Siggia']
maybe orcid: [nan]
[361/1535] Querying 'Alan Siggia' (ORCID=None) …each name: Alan Siggia
No match for name variant: Alan Siggia
 → dob=None, dod=None, affil=None
this is names_try: ['M. Zuzovsky']
maybe orcid: [nan]
[362/1535] Querying 'M. Zuzovsky' (ORCID=None) …each name: M. Zuzovsky
No match for name variant: M. Zuzovsky
 → dob=None, dod=None, affil=None
this is names_try: ['Samuel A. Bowring', 'Samuel Bowring']
maybe orcid: [nan]
[363/1535] Querying 'Samuel A. Bowring' (ORCID=None) …each name: Samuel A. Bowring
 → dob='1953-01-01T00:00:00Z', dod='2019-07-17T00:00:00Z', affil='Massachusetts Institute of Technology'
this is names_try: ['Michael D. Wybo', 'Michael Wybo']
maybe orcid: [nan]
[364/1535] Querying 'Michael D. Wybo' (ORCID=None) …each name: Michael D. Wybo
No match for name variant: Michael D. Wybo
each name: Michael Wybo
No match for name variant: Michael Wybo
 → dob=None, dod=None, affil=None
this is names_try: ['Chantal Rivest']
maybe orcid: [nan]
[365/1535] Querying 'Chantal Rivest' (ORCID=None) …each name: Chantal Rivest
No match for name variant: Chantal Rivest
 → dob=None, dod=None, affil=None
this is names_try: ['R. Igarashi']
maybe orcid: [nan]
[366/1535] Querying 'R. Igarashi' (ORCID=None) …each name: R. Igarashi
 → dob=None, dod=None, affil='University of Tokyo'
this is names_try: ['Paul R. Lintz', 'Paul Lintz']
maybe orcid: [nan]
[367/1535] Querying 'Paul R. Lintz' (ORCID=None) …each name: Paul R. Lintz
No match for name variant: Paul R. Lintz
each name: Paul Lintz
No match for name variant: Paul Lintz
 → dob=None, dod=None, affil=None
this is names_try: ['S. Tremaine']
maybe orcid: [nan]
[368/1535] Querying 'S. Tremaine' (ORCID=None) …each name: S. Tremaine
No match for name variant: S. Tremaine
 → dob=None, dod=None, affil=None
this is names_try: ['G.L. Yoder']
maybe orcid: ['0000-0001-7080-3034']
[369/1535] Querying 'G.L. Yoder' (ORCID=0000-0001-7080-3034) …orcid: 0000-0001-7080-3034
each name: G.L. Yoder
No match for name variant: G.L. Yoder
 → dob=None, dod=None, affil=None
this is names_try: ['Daniel Stoljar']
maybe orcid: ['0000-0003-4506-3614']
[370/1535] Querying 'Daniel Stoljar' (ORCID=0000-0003-4506-3614) …orcid: 0000-0003-4506-3614
each name: Daniel Stoljar
 → dob='1967-01-01T00:00:00Z', dod=None, affil='Australian National University'
this is names_try: ['C. W. de Jager', 'C. Jager']
maybe orcid: [nan]
[371/1535] Querying 'C. W. de Jager' (ORCID=None) …each name: C. W. de Jager
 → dob=None, dod=None, affil=None
this is names_try: ['Chester Hartman']
maybe orcid: [nan]
[372/1535] Querying 'Chester Hartman' (ORCID=None) …each name: Chester Hartman
 → dob='1936-04-12T00:00:00Z', dod='2023-05-09T00:00:00Z', affil=None
this is names_try: ['Sarah L. Wheeler', 'Sarah Wheeler']
maybe orcid: [nan]
[373/1535] Querying 'Sarah L. Wheeler' (ORCID=None) …each name: Sarah L. Wheeler
No match for name variant: Sarah L. Wheeler
each name: Sarah Wheeler
 → dob=None, dod=None, affil=None
this is names_try: ['C. E. Isachsen', 'C. Isachsen']
maybe orcid: [nan]
[374/1535] Querying 'C. E. Isachsen' (ORCID=None) …each name: C. E. Isachsen
No match for name variant: C. E. Isachsen
each name: C. Isachsen
No match for name variant: C. Isachsen
 → dob=None, dod=None, affil=None
this is names_try: ['Alexander Rich']
maybe orcid: [nan]
[375/1535] Querying 'Alexander Rich' (ORCID=None) …each name: Alexander Rich
 → dob='1990-04-10T00:00:00Z', dod=None, affil=None
this is names_try: ['R.T. Cerretani']
maybe orcid: [nan]
[376/1535] Querying 'R.T. Cerretani' (ORCID=None) …each name: R.T. Cerretani
No match for name variant: R.T. Cerretani
 → dob=None, dod=None, affil=None
this is names_try: ['Kazuki Mizushima']
maybe orcid: [nan]
[377/1535] Querying 'Kazuki Mizushima' (ORCID=None) …each name: Kazuki Mizushima
No match for name variant: Kazuki Mizushima
 → dob=None, dod=None, affil=None
this is names_try: ['Declan G. Gilheany', 'Declan Gilheany']
maybe orcid: ['0000-0002-1272-4423']
[378/1535] Querying 'Declan G. Gilheany' (ORCID=0000-0002-1272-4423) …orcid: 0000-0002-1272-4423
 → dob=None, dod=None, affil='Massachusetts Institute of Technology'
this is names_try: ['Shane M. Pelechaty', 'Shane Pelechaty']
maybe orcid: [nan]
[379/1535] Querying 'Shane M. Pelechaty' (ORCID=None) …each name: Shane M. Pelechaty
No match for name variant: Shane M. Pelechaty
each name: Shane Pelechaty
No match for name variant: Shane Pelechaty
 → dob=None, dod=None, affil=None
this is names_try: ['R.H. Domnitz']
maybe orcid: [nan]
[380/1535] Querying 'R.H. Domnitz' (ORCID=None) …each name: R.H. Domnitz
No match for name variant: R.H. Domnitz
 → dob=None, dod=None, affil=None
this is names_try: ['X. Jiang']
maybe orcid: ['0000-0002-6350-8245']
[381/1535] Querying 'X. Jiang' (ORCID=0000-0002-6350-8245) …orcid: 0000-0002-6350-8245
each name: X. Jiang
 → dob=None, dod=None, affil='Utrecht University'
this is names_try: ['H.W. Chen']
maybe orcid: [nan]
[382/1535] Querying 'H.W. Chen' (ORCID=None) …each name: H.W. Chen
No match for name variant: H.W. Chen
 → dob=None, dod=None, affil=None
this is names_try: ['William E. Weihl', 'William Weihl']
maybe orcid: [nan]
[383/1535] Querying 'William E. Weihl' (ORCID=None) …each name: William E. Weihl
 → dob=None, dod=None, affil='Google'
this is names_try: ['Thomas A. Lehrer', 'Thomas Lehrer']
maybe orcid: [nan]
[384/1535] Querying 'Thomas A. Lehrer' (ORCID=None) …each name: Thomas A. Lehrer
No match for name variant: Thomas A. Lehrer
each name: Thomas Lehrer
 → dob='1928-04-09T00:00:00Z', dod='2025-07-26T00:00:00Z', affil='Harvard University'
this is names_try: ['D. R. Mokadam', 'D. Mokadam']
maybe orcid: [nan]
[385/1535] Querying 'D. R. Mokadam' (ORCID=None) …each name: D. R. Mokadam
No match for name variant: D. R. Mokadam
each name: D. Mokadam
No match for name variant: D. Mokadam
 → dob=None, dod=None, affil=None
this is names_try: ['P. Tseng']
maybe orcid: [nan]
[386/1535] Querying 'P. Tseng' (ORCID=None) …each name: P. Tseng
No match for name variant: P. Tseng
 → dob=None, dod=None, affil=None
this is names_try: ['A.A. Kandutsch']
maybe orcid: [nan]
[387/1535] Querying 'A.A. Kandutsch' (ORCID=None) …each name: A.A. Kandutsch
No match for name variant: A.A. Kandutsch
 → dob=None, dod=None, affil=None
this is names_try: ['Jessica Dausman']
maybe orcid: [nan]
[388/1535] Querying 'Jessica Dausman' (ORCID=None) …each name: Jessica Dausman
 → dob=None, dod=None, affil=None
this is names_try: ['Esko Keski-Vakkuri']
maybe orcid: ['0000-0002-6737-6067']
[389/1535] Querying 'Esko Keski-Vakkuri' (ORCID=0000-0002-6737-6067) …orcid: 0000-0002-6737-6067
 → dob=None, dod=None, affil='Massachusetts Institute of Technology'
this is names_try: ['Gerhard Egbers']
maybe orcid: [nan]
[390/1535] Querying 'Gerhard Egbers' (ORCID=None) …each name: Gerhard Egbers
 → dob='1933-06-04T00:00:00Z', dod=None, affil='University of Stuttgart'
this is names_try: ['Henry J. Tracy', 'Henry Tracy']
maybe orcid: [nan]
[391/1535] Querying 'Henry J. Tracy' (ORCID=None) …each name: Henry J. Tracy
No match for name variant: Henry J. Tracy
each name: Henry Tracy
 → dob='1732-01-25T00:00:00Z', dod='1797-04-29T00:00:00Z', affil=None
this is names_try: ['J. J. LeRose', 'J. LeRose']
maybe orcid: [nan]
[392/1535] Querying 'J. J. LeRose' (ORCID=None) …each name: J. J. LeRose
No match for name variant: J. J. LeRose
each name: J. LeRose
No match for name variant: J. LeRose
 → dob=None, dod=None, affil=None
this is names_try: ['Ram Sasisekharan']
maybe orcid: ['0000-0002-2085-7840']
[393/1535] Querying 'Ram Sasisekharan' (ORCID=0000-0002-2085-7840) …orcid: 0000-0002-2085-7840
each name: Ram Sasisekharan
 → dob=None, dod=None, affil=None
this is names_try: ['EUGENE B. MITCHELL', 'EUGENE MITCHELL']
maybe orcid: [nan]
[394/1535] Querying 'EUGENE B. MITCHELL' (ORCID=None) …each name: EUGENE B. MITCHELL
No match for name variant: EUGENE B. MITCHELL
each name: EUGENE MITCHELL
 → dob='1866-10-16T00:00:00Z', dod='1944-06-17T00:00:00Z', affil=None
this is names_try: ['D E Ingber', 'D Ingber']
maybe orcid: [nan]
[395/1535] Querying 'D E Ingber' (ORCID=None) …each name: D E Ingber
 → dob='1956-05-01T00:00:00Z', dod=None, affil='Harvard University'
this is names_try: ['Christopher R. Liro', 'Christopher Liro']
maybe orcid: [nan]
[396/1535] Querying 'Christopher R. Liro' (ORCID=None) …each name: Christopher R. Liro
No match for name variant: Christopher R. Liro
each name: Christopher Liro
No match for name variant: Christopher Liro
 → dob=None, dod=None, affil=None
this is names_try: ['Jennifer L. Robison', 'Jennifer Robison']
maybe orcid: [nan]
[397/1535] Querying 'Jennifer L. Robison' (ORCID=None) …each name: Jennifer L. Robison
No match for name variant: Jennifer L. Robison
each name: Jennifer Robison
 → dob=None, dod=None, affil='Manchester University'
this is names_try: ['R. N. Davis', 'R. Davis']
maybe orcid: [nan]
[398/1535] Querying 'R. N. Davis' (ORCID=None) …each name: R. N. Davis
No match for name variant: R. N. Davis
each name: R. Davis
 → dob='1930-02-22T00:00:00Z', dod='2007-04-13T00:00:00Z', affil='University of Texas at Austin'
this is names_try: ['Judith McGuire']
maybe orcid: [nan]
[399/1535] Querying 'Judith McGuire' (ORCID=None) …each name: Judith McGuire
No match for name variant: Judith McGuire
 → dob=None, dod=None, affil=None
this is names_try: ['Howard J. Herzog', 'Howard Herzog']
maybe orcid: [nan]
[400/1535] Querying 'Howard J. Herzog' (ORCID=None) …each name: Howard J. Herzog
 → dob=None, dod=None, affil=None
this is names_try: ['C. C. Lin', 'C. Lin']
maybe orcid: [nan]
[401/1535] Querying 'C. C. Lin' (ORCID=None) …each name: C. C. Lin
 → dob='1916-07-07T00:00:00Z', dod='2013-01-13T00:00:00Z', affil='Tsinghua University'
this is names_try: ['F. A. Perkins', 'F. Perkins']
maybe orcid: [nan]
[402/1535] Querying 'F. A. Perkins' (ORCID=None) …each name: F. A. Perkins
No match for name variant: F. A. Perkins
each name: F. Perkins
No match for name variant: F. Perkins
 → dob=None, dod=None, affil=None
this is names_try: ['Donald L. Green', 'Donald Green']
maybe orcid: [nan]
[403/1535] Querying 'Donald L. Green' (ORCID=None) …each name: Donald L. Green
No match for name variant: Donald L. Green
each name: Donald Green
 → dob='1914-11-21T00:00:00Z', dod='1997-05-13T00:00:00Z', affil='University of Southern California'
this is names_try: ['M. Azizoğlu']
maybe orcid: ['0000-0001-6327-3012']
[404/1535] Querying 'M. Azizoğlu' (ORCID=0000-0001-6327-3012) …orcid: 0000-0001-6327-3012
each name: M. Azizoğlu
No match for name variant: M. Azizoğlu
 → dob=None, dod=None, affil=None
this is names_try: ['A Häusler']
maybe orcid: [nan]
[405/1535] Querying 'A Häusler' (ORCID=None) …each name: A Häusler
No match for name variant: A Häusler
 → dob=None, dod=None, affil=None
this is names_try: ['Sara C. McFarlan', 'Sara McFarlan']
maybe orcid: [nan]
[406/1535] Querying 'Sara C. McFarlan' (ORCID=None) …each name: Sara C. McFarlan
No match for name variant: Sara C. McFarlan
each name: Sara McFarlan
 → dob=None, dod=None, affil=None
this is names_try: ['Ricard M. Sachs', 'Ricard Sachs']
maybe orcid: [nan]
[407/1535] Querying 'Ricard M. Sachs' (ORCID=None) …each name: Ricard M. Sachs
No match for name variant: Ricard M. Sachs
each name: Ricard Sachs
No match for name variant: Ricard Sachs
 → dob=None, dod=None, affil=None
this is names_try: ['Richard G. Austin', 'Richard Austin']
maybe orcid: [nan]
[408/1535] Querying 'Richard G. Austin' (ORCID=None) …each name: Richard G. Austin
 → dob='1920-01-01T00:00:00Z', dod='2020-03-18T00:00:00Z', affil=None
this is names_try: ['M. Takayasu']
maybe orcid: ['0000-0002-6736-957X']
[409/1535] Querying 'M. Takayasu' (ORCID=0000-0002-6736-957X) …orcid: 0000-0002-6736-957X
each name: M. Takayasu
No match for name variant: M. Takayasu
 → dob=None, dod=None, affil=None
this is names_try: ['Victoria Sluzky']
maybe orcid: [nan]
[410/1535] Querying 'Victoria Sluzky' (ORCID=None) …each name: Victoria Sluzky
No match for name variant: Victoria Sluzky
 → dob=None, dod=None, affil=None
this is names_try: ['L Ballou']
maybe orcid: [nan]
[411/1535] Querying 'L Ballou' (ORCID=None) …each name: L Ballou
No match for name variant: L Ballou
 → dob=None, dod=None, affil=None
this is names_try: ['George Reichel']
maybe orcid: [nan]
[412/1535] Querying 'George Reichel' (ORCID=None) …each name: George Reichel
No match for name variant: George Reichel
 → dob=None, dod=None, affil=None
this is names_try: ['D. Meekins']
maybe orcid: [nan]
[413/1535] Querying 'D. Meekins' (ORCID=None) …each name: D. Meekins
No match for name variant: D. Meekins
 → dob=None, dod=None, affil=None
this is names_try: ['Gerardo Z. Lederkremer', 'Gerardo Lederkremer']
maybe orcid: ['0000-0002-9857-7152']
[414/1535] Querying 'Gerardo Z. Lederkremer' (ORCID=0000-0002-9857-7152) …orcid: 0000-0002-9857-7152
 → dob='1957-09-17T00:00:00Z', dod=None, affil='Tel Aviv University'
this is names_try: ['H.-R. Chang']
maybe orcid: [nan]
[415/1535] Querying 'H.-R. Chang' (ORCID=None) …each name: H.-R. Chang
No match for name variant: H.-R. Chang
 → dob=None, dod=None, affil=None
this is names_try: ['J A Tamada', 'J Tamada']
maybe orcid: [nan]
[416/1535] Querying 'J A Tamada' (ORCID=None) …each name: J A Tamada
No match for name variant: J A Tamada
each name: J Tamada
No match for name variant: J Tamada
 → dob=None, dod=None, affil=None
this is names_try: ['Clinton E. Ballou', 'Clinton Ballou']
maybe orcid: [nan]
[417/1535] Querying 'Clinton E. Ballou' (ORCID=None) …each name: Clinton E. Ballou
 → dob='1923-06-18T00:00:00Z', dod='2021-03-08T00:00:00Z', affil='University of California, Berkeley'
this is names_try: ['R. Michaels']
maybe orcid: [nan]
[418/1535] Querying 'R. Michaels' (ORCID=None) …each name: R. Michaels
No match for name variant: R. Michaels
 → dob=None, dod=None, affil=None
this is names_try: ['Gisela Schröder']
maybe orcid: [nan]
[419/1535] Querying 'Gisela Schröder' (ORCID=None) …each name: Gisela Schröder
 → dob='1889-01-01T00:00:00Z', dod='1975-01-01T00:00:00Z', affil=None
this is names_try: ['Kenneth D. Legg', 'Kenneth Legg']
maybe orcid: [nan]
[420/1535] Querying 'Kenneth D. Legg' (ORCID=None) …each name: Kenneth D. Legg
No match for name variant: Kenneth D. Legg
each name: Kenneth Legg
 → dob=None, dod=None, affil=None
this is names_try: ['George Celniker']
maybe orcid: [nan]
[421/1535] Querying 'George Celniker' (ORCID=None) …each name: George Celniker
No match for name variant: George Celniker
 → dob=None, dod=None, affil=None
this is names_try: ['B. Moffit']
maybe orcid: ['0000-0002-3800-1629']
[422/1535] Querying 'B. Moffit' (ORCID=0000-0002-3800-1629) …orcid: 0000-0002-3800-1629
each name: B. Moffit
No match for name variant: B. Moffit
 → dob=None, dod=None, affil=None
this is names_try: ['Robert A. Millikan', 'Robert Millikan']
maybe orcid: [nan]
[423/1535] Querying 'Robert A. Millikan' (ORCID=None) …each name: Robert A. Millikan
 → dob='1868-03-22T00:00:00Z', dod='1953-12-19T00:00:00Z', affil='University of Chicago'
this is names_try: ['Toshiaki Tsuru']
maybe orcid: [nan]
[424/1535] Querying 'Toshiaki Tsuru' (ORCID=None) …each name: Toshiaki Tsuru
 → dob='1948-02-01T00:00:00Z', dod=None, affil='Sapporo Gakuin University'
this is names_try: ['F.F.T. de Araujo', 'F.F.T. Araujo']
maybe orcid: [nan]
[425/1535] Querying 'F.F.T. de Araujo' (ORCID=None) …each name: F.F.T. de Araujo
No match for name variant: F.F.T. de Araujo
each name: F.F.T. Araujo
No match for name variant: F.F.T. Araujo
 → dob=None, dod=None, affil=None
this is names_try: ['Jonathan S. Weissman', 'Jonathan Weissman']
maybe orcid: ['0000-0003-2445-670X']
[426/1535] Querying 'Jonathan S. Weissman' (ORCID=0000-0003-2445-670X) …orcid: 0000-0003-2445-670X
 → dob='1950-01-01T00:00:00Z', dod=None, affil='Massachusetts Institute of Technology'
this is names_try: ['Young D. Park', 'Young Park']
maybe orcid: [nan]
[427/1535] Querying 'Young D. Park' (ORCID=None) …each name: Young D. Park
No match for name variant: Young D. Park
each name: Young Park
 → dob=None, dod=None, affil=None
this is names_try: ['E. Piasetzky']
maybe orcid: [nan]
[428/1535] Querying 'E. Piasetzky' (ORCID=None) …each name: E. Piasetzky
No match for name variant: E. Piasetzky
 → dob=None, dod=None, affil=None
this is names_try: ['Duane Roller']
maybe orcid: [nan]
[429/1535] Querying 'Duane Roller' (ORCID=None) …each name: Duane Roller
 → dob='1946-10-07T00:00:00Z', dod=None, affil='Ohio State University'
this is names_try: ['James M. Papadopoulos', 'James Papadopoulos']
maybe orcid: [nan]
[430/1535] Querying 'James M. Papadopoulos' (ORCID=None) …each name: James M. Papadopoulos
No match for name variant: James M. Papadopoulos
each name: James Papadopoulos
No match for name variant: James Papadopoulos
 → dob=None, dod=None, affil=None
this is names_try: ['Frank Thorn']
maybe orcid: [nan]
[431/1535] Querying 'Frank Thorn' (ORCID=None) …each name: Frank Thorn
 → dob='1921-01-15T00:00:00Z', dod='2013-03-16T00:00:00Z', affil=None
this is names_try: ['Robert G. Caflisch', 'Robert Caflisch']
maybe orcid: [nan]
[432/1535] Querying 'Robert G. Caflisch' (ORCID=None) …each name: Robert G. Caflisch
No match for name variant: Robert G. Caflisch
each name: Robert Caflisch
No match for name variant: Robert Caflisch
 → dob=None, dod=None, affil=None
this is names_try: ['B.S. Lau']
maybe orcid: [nan]
[433/1535] Querying 'B.S. Lau' (ORCID=None) …each name: B.S. Lau
No match for name variant: B.S. Lau
 → dob=None, dod=None, affil=None
this is names_try: ['M. Potokar']
maybe orcid: [nan]
[434/1535] Querying 'M. Potokar' (ORCID=None) …each name: M. Potokar
No match for name variant: M. Potokar
 → dob=None, dod=None, affil=None
this is names_try: ['E. C. Watson', 'E. Watson']
maybe orcid: [nan]
[435/1535] Querying 'E. C. Watson' (ORCID=None) …each name: E. C. Watson
No match for name variant: E. C. Watson
each name: E. Watson
 → dob='1867-01-01T00:00:00Z', dod='1935-01-01T00:00:00Z', affil=None
this is names_try: ['Martinez J. Hewlett', 'Martinez Hewlett']
maybe orcid: [nan]
[436/1535] Querying 'Martinez J. Hewlett' (ORCID=None) …each name: Martinez J. Hewlett
No match for name variant: Martinez J. Hewlett
each name: Martinez Hewlett
 → dob='1942-12-06T00:00:00Z', dod=None, affil='University of Arizona'
this is names_try: ['James H. Willemin', 'James Willemin']
maybe orcid: [nan]
[437/1535] Querying 'James H. Willemin' (ORCID=None) …each name: James H. Willemin
No match for name variant: James H. Willemin
each name: James Willemin
No match for name variant: James Willemin
 → dob=None, dod=None, affil=None
this is names_try: ['C.D. Milano']
maybe orcid: [nan]
[438/1535] Querying 'C.D. Milano' (ORCID=None) …each name: C.D. Milano
No match for name variant: C.D. Milano
 → dob=None, dod=None, affil=None
this is names_try: ['R. B. Phillips', 'R. Phillips']
maybe orcid: [nan]
[439/1535] Querying 'R. B. Phillips' (ORCID=None) …each name: R. B. Phillips
No match for name variant: R. B. Phillips
each name: R. Phillips
 → dob='1942-03-16T00:00:00Z', dod=None, affil=None
this is names_try: ['V. Punjabi']
maybe orcid: [nan]
[440/1535] Querying 'V. Punjabi' (ORCID=None) …each name: V. Punjabi
No match for name variant: V. Punjabi
 → dob=None, dod=None, affil=None
this is names_try: ['Emanuel Maxwell']
maybe orcid: [nan]
[441/1535] Querying 'Emanuel Maxwell' (ORCID=None) …each name: Emanuel Maxwell
 → dob='1912-12-16T00:00:00Z', dod='2000-10-06T00:00:00Z', affil=None
this is names_try: ['Reid W. von Borstel', 'Reid Borstel']
maybe orcid: [nan]
[442/1535] Querying 'Reid W. von Borstel' (ORCID=None) …each name: Reid W. von Borstel
No match for name variant: Reid W. von Borstel
each name: Reid Borstel
No match for name variant: Reid Borstel
 → dob=None, dod=None, affil=None
this is names_try: ['Garry J. Axen', 'Garry Axen']
maybe orcid: [nan]
[443/1535] Querying 'Garry J. Axen' (ORCID=None) …each name: Garry J. Axen
No match for name variant: Garry J. Axen
each name: Garry Axen
No match for name variant: Garry Axen
 → dob=None, dod=None, affil=None
this is names_try: ['Squire J. Booker', 'Squire Booker']
maybe orcid: ['0000-0002-7211-5937']
[444/1535] Querying 'Squire J. Booker' (ORCID=0000-0002-7211-5937) …orcid: 0000-0002-7211-5937
 → dob='2000-01-01T00:00:00Z', dod=None, affil='Pennsylvania State University'
this is names_try: ['C. J. Lonsdale', 'C. Lonsdale']
maybe orcid: ['0000-0003-4062-4654']
[445/1535] Querying 'C. J. Lonsdale' (ORCID=0000-0003-4062-4654) …orcid: 0000-0003-4062-4654
each name: C. J. Lonsdale
No match for name variant: C. J. Lonsdale
each name: C. Lonsdale
 → dob=None, dod=None, affil=None
this is names_try: ['Secor D. Browne', 'Secor Browne']
maybe orcid: [nan]
[446/1535] Querying 'Secor D. Browne' (ORCID=None) …each name: Secor D. Browne
No match for name variant: Secor D. Browne
each name: Secor Browne
No match for name variant: Secor Browne
 → dob=None, dod=None, affil=None
this is names_try: ['Y. Qiang']
maybe orcid: ['0000-0001-7026-7841']
[447/1535] Querying 'Y. Qiang' (ORCID=0000-0001-7026-7841) …orcid: 0000-0001-7026-7841
 → dob=None, dod=None, affil='Massachusetts Institute of Technology'
this is names_try: ['T. Alan Hatton', 'T. Hatton']
maybe orcid: [nan]
[448/1535] Querying 'T. Alan Hatton' (ORCID=None) …each name: T. Alan Hatton
 → dob=None, dod=None, affil='Massachusetts Institute of Technology'
this is names_try: ['Juli D. Klemm', 'Juli Klemm']
maybe orcid: [nan]
[449/1535] Querying 'Juli D. Klemm' (ORCID=None) …each name: Juli D. Klemm
No match for name variant: Juli D. Klemm
each name: Juli Klemm
No match for name variant: Juli Klemm
 → dob=None, dod=None, affil=None
this is names_try: ['B. Ozmat']
maybe orcid: [nan]
[450/1535] Querying 'B. Ozmat' (ORCID=None) …each name: B. Ozmat
No match for name variant: B. Ozmat
 → dob=None, dod=None, affil=None
this is names_try: ['V. Diadiuk']
maybe orcid: [nan]
[451/1535] Querying 'V. Diadiuk' (ORCID=None) …each name: V. Diadiuk
No match for name variant: V. Diadiuk
 → dob=None, dod=None, affil=None
this is names_try: ['D. S. Wardius', 'D. Wardius']
maybe orcid: [nan]
[452/1535] Querying 'D. S. Wardius' (ORCID=None) …each name: D. S. Wardius
No match for name variant: D. S. Wardius
each name: D. Wardius
No match for name variant: D. Wardius
 → dob=None, dod=None, affil=None
this is names_try: ['Linda M. Sauter', 'Linda Sauter']
maybe orcid: [nan]
[453/1535] Querying 'Linda M. Sauter' (ORCID=None) …each name: Linda M. Sauter
No match for name variant: Linda M. Sauter
each name: Linda Sauter
No match for name variant: Linda Sauter
 → dob=None, dod=None, affil=None
this is names_try: ['W. N. Cheung', 'W. Cheung']
maybe orcid: [nan]
[454/1535] Querying 'W. N. Cheung' (ORCID=None) …each name: W. N. Cheung
No match for name variant: W. N. Cheung
each name: W. Cheung
 → dob='1915-01-01T00:00:00Z', dod=None, affil=None
this is names_try: ['Mark A. Rould', 'Mark Rould']
maybe orcid: [nan]
[455/1535] Querying 'Mark A. Rould' (ORCID=None) …each name: Mark A. Rould
No match for name variant: Mark A. Rould
each name: Mark Rould
No match for name variant: Mark Rould
 → dob=None, dod=None, affil=None
this is names_try: ['T.E. Djaferis']
maybe orcid: [nan]
[456/1535] Querying 'T.E. Djaferis' (ORCID=None) …each name: T.E. Djaferis
No match for name variant: T.E. Djaferis
 → dob=None, dod=None, affil=None
this is names_try: ['Lisa Dhar']
maybe orcid: [nan]
[457/1535] Querying 'Lisa Dhar' (ORCID=None) …each name: Lisa Dhar
No match for name variant: Lisa Dhar
 → dob=None, dod=None, affil=None
this is names_try: ['C. García-Recio']
maybe orcid: ['0000-0002-0442-3700']
[458/1535] Querying 'C. García-Recio' (ORCID=0000-0002-0442-3700) …orcid: 0000-0002-0442-3700
 → dob=None, dod=None, affil=None
this is names_try: ['Alfred B. Manaster', 'Alfred Manaster']
maybe orcid: [nan]
[459/1535] Querying 'Alfred B. Manaster' (ORCID=None) …each name: Alfred B. Manaster
No match for name variant: Alfred B. Manaster
each name: Alfred Manaster
No match for name variant: Alfred Manaster
 → dob=None, dod=None, affil=None
this is names_try: ['K. H. Lo', 'K. Lo']
maybe orcid: [nan]
[460/1535] Querying 'K. H. Lo' (ORCID=None) …each name: K. H. Lo
 → dob='1889-01-20T00:00:00Z', dod='1959-09-30T00:00:00Z', affil=None
this is names_try: ['M. Morgan Conn', 'M. Conn']
maybe orcid: [nan]
[461/1535] Querying 'M. Morgan Conn' (ORCID=None) …each name: M. Morgan Conn
No match for name variant: M. Morgan Conn
each name: M. Conn
 → dob='1956-07-21T00:00:00Z', dod=None, affil='Los Angeles Times'
this is names_try: ['Michael Jeremy. Knudsen', 'Michael Knudsen']
maybe orcid: [nan]
[462/1535] Querying 'Michael Jeremy. Knudsen' (ORCID=None) …each name: Michael Jeremy. Knudsen
No match for name variant: Michael Jeremy. Knudsen
each name: Michael Knudsen
 → dob='1967-02-10T00:00:00Z', dod='2018-03-21T00:00:00Z', affil=None
this is names_try: ['M. L. A. Mac Vicar', 'M. Vicar']
maybe orcid: [nan]
[463/1535] Querying 'M. L. A. Mac Vicar' (ORCID=None) …each name: M. L. A. Mac Vicar
No match for name variant: M. L. A. Mac Vicar
each name: M. Vicar
No match for name variant: M. Vicar
 → dob=None, dod=None, affil=None
this is names_try: ['Haoping Liu']
maybe orcid: ['0000-0003-3489-7103']
[464/1535] Querying 'Haoping Liu' (ORCID=0000-0003-3489-7103) …orcid: 0000-0003-3489-7103
 → dob=None, dod=None, affil=None
this is names_try: ['Elisabetta Viani']
maybe orcid: [nan]
[465/1535] Querying 'Elisabetta Viani' (ORCID=None) …each name: Elisabetta Viani
 → dob=None, dod=None, affil='Stanford University'
this is names_try: ['B. Sawatzky']
maybe orcid: ['0000-0002-5637-0348']
[466/1535] Querying 'B. Sawatzky' (ORCID=0000-0002-5637-0348) …orcid: 0000-0002-5637-0348
each name: B. Sawatzky
No match for name variant: B. Sawatzky
 → dob=None, dod=None, affil=None
this is names_try: ['P. S. Pershan', 'P. Pershan']
maybe orcid: [nan]
[467/1535] Querying 'P. S. Pershan' (ORCID=None) …each name: P. S. Pershan
No match for name variant: P. S. Pershan
each name: P. Pershan
No match for name variant: P. Pershan
 → dob=None, dod=None, affil=None
this is names_try: ['P. DOGAN']
maybe orcid: [nan]
[468/1535] Querying 'P. DOGAN' (ORCID=None) …each name: P. DOGAN
No match for name variant: P. DOGAN
 → dob=None, dod=None, affil=None
this is names_try: ['T. Y. Fan', 'T. Fan']
maybe orcid: [nan]
[469/1535] Querying 'T. Y. Fan' (ORCID=None) …each name: T. Y. Fan
No match for name variant: T. Y. Fan
each name: T. Fan
 → dob='1933-01-01T00:00:00Z', dod='1993-07-15T00:00:00Z', affil='University of Galway'
this is names_try: ['Laura M. Giovane', 'Laura Giovane']
maybe orcid: [nan]
[470/1535] Querying 'Laura M. Giovane' (ORCID=None) …each name: Laura M. Giovane
No match for name variant: Laura M. Giovane
each name: Laura Giovane
No match for name variant: Laura Giovane
 → dob=None, dod=None, affil=None
this is names_try: ['Roberta Pastorelli']
maybe orcid: ['0000-0001-5097-600X']
[471/1535] Querying 'Roberta Pastorelli' (ORCID=0000-0001-5097-600X) …orcid: 0000-0001-5097-600X
 → dob=None, dod=None, affil=None
this is names_try: ['E. COBURN']
maybe orcid: [nan]
[472/1535] Querying 'E. COBURN' (ORCID=None) …each name: E. COBURN
No match for name variant: E. COBURN
 → dob=None, dod=None, affil=None
this is names_try: ['A. Shahinyan']
maybe orcid: [nan]
[473/1535] Querying 'A. Shahinyan' (ORCID=None) …each name: A. Shahinyan
 → dob='1918-11-01T00:00:00Z', dod='2004-12-13T00:00:00Z', affil='Yerevan State Institute of Fine Arts and Theater'
this is names_try: ['L. Berny']
maybe orcid: [nan]
[474/1535] Querying 'L. Berny' (ORCID=None) …each name: L. Berny
No match for name variant: L. Berny
 → dob=None, dod=None, affil=None
this is names_try: ['Ralph Weissleder']
maybe orcid: ['0000-0003-0828-4143']
[475/1535] Querying 'Ralph Weissleder' (ORCID=0000-0003-0828-4143) …orcid: 0000-0003-0828-4143
 → dob='1958-01-01T00:00:00Z', dod=None, affil='Harvard University'
this is names_try: ['S. SÌ\x8circa']
maybe orcid: [nan]
[476/1535] Querying 'S. SÌirca' (ORCID=None) …each name: S. SÌirca
No match for name variant: S. SÌirca
 → dob=None, dod=None, affil=None
this is names_try: ['Douglas J. Forsyth', 'Douglas Forsyth']
maybe orcid: [nan]
[477/1535] Querying 'Douglas J. Forsyth' (ORCID=None) …each name: Douglas J. Forsyth
No match for name variant: Douglas J. Forsyth
each name: Douglas Forsyth
 → dob='1928-08-09T00:00:00Z', dod='2021-11-21T00:00:00Z', affil=None
this is names_try: ['Roger Salloch']
maybe orcid: [nan]
[478/1535] Querying 'Roger Salloch' (ORCID=None) …each name: Roger Salloch
 → dob=None, dod=None, affil=None
this is names_try: ['J. D. Luster', 'J. Luster']
maybe orcid: [nan]
[479/1535] Querying 'J. D. Luster' (ORCID=None) …each name: J. D. Luster
No match for name variant: J. D. Luster
each name: J. Luster
No match for name variant: J. Luster
 → dob=None, dod=None, affil=None
this is names_try: ['A. V. Bevan', 'A. Bevan']
maybe orcid: [nan]
[480/1535] Querying 'A. V. Bevan' (ORCID=None) …each name: A. V. Bevan
No match for name variant: A. V. Bevan
each name: A. Bevan
 → dob=None, dod=None, affil=None
this is names_try: ['M. E. Taylor', 'M. Taylor']
maybe orcid: [nan]
[481/1535] Querying 'M. E. Taylor' (ORCID=None) …each name: M. E. Taylor
 → dob='1946-01-01T00:00:00Z', dod=None, affil='University of North Carolina at Chapel Hill'
this is names_try: ['K. Slifer']
maybe orcid: ['0000-0002-6069-6287']
[482/1535] Querying 'K. Slifer' (ORCID=0000-0002-6069-6287) …orcid: 0000-0002-6069-6287
each name: K. Slifer
No match for name variant: K. Slifer
 → dob=None, dod=None, affil=None
this is names_try: ['C. C. Tillman', 'C. Tillman']
maybe orcid: [nan]
[483/1535] Querying 'C. C. Tillman' (ORCID=None) …each name: C. C. Tillman
No match for name variant: C. C. Tillman
each name: C. Tillman
No match for name variant: C. Tillman
 → dob=None, dod=None, affil=None
this is names_try: ['J. Dubach']
maybe orcid: [nan]
[484/1535] Querying 'J. Dubach' (ORCID=None) …each name: J. Dubach
 → dob=None, dod=None, affil=None
this is names_try: ['Jang-Jei Jaw']
maybe orcid: [nan]
[485/1535] Querying 'Jang-Jei Jaw' (ORCID=None) …each name: Jang-Jei Jaw
No match for name variant: Jang-Jei Jaw
 → dob=None, dod=None, affil=None
this is names_try: ['T. Angelov']
maybe orcid: ['0000-0003-4318-6864']
[486/1535] Querying 'T. Angelov' (ORCID=0000-0003-4318-6864) …orcid: 0000-0003-4318-6864
each name: T. Angelov
No match for name variant: T. Angelov
 → dob=None, dod=None, affil=None
this is names_try: ['Alvin Chan']
maybe orcid: [nan]
[487/1535] Querying 'Alvin Chan' (ORCID=None) …each name: Alvin Chan
 → dob='1953-01-01T00:00:00Z', dod=None, affil=None
this is names_try: ['R. A. Berntson', 'R. Berntson']
maybe orcid: [nan]
[488/1535] Querying 'R. A. Berntson' (ORCID=None) …each name: R. A. Berntson
No match for name variant: R. A. Berntson
each name: R. Berntson
No match for name variant: R. Berntson
 → dob=None, dod=None, affil=None
this is names_try: ['P. Solvignon']
maybe orcid: [nan]
[489/1535] Querying 'P. Solvignon' (ORCID=None) …each name: P. Solvignon
No match for name variant: P. Solvignon
 → dob=None, dod=None, affil=None
this is names_try: ['J. Chen']
maybe orcid: [nan]
[490/1535] Querying 'J. Chen' (ORCID=None) …each name: J. Chen
 → dob='2000-01-01T00:00:00Z', dod=None, affil=None
this is names_try: ['Henrietta L. Galiana', 'Henrietta Galiana']
maybe orcid: [nan]
[491/1535] Querying 'Henrietta L. Galiana' (ORCID=None) …each name: Henrietta L. Galiana
No match for name variant: Henrietta L. Galiana
each name: Henrietta Galiana
No match for name variant: Henrietta Galiana
 → dob=None, dod=None, affil=None
this is names_try: ['Yosef Grodzinsky']
maybe orcid: ['0000-0002-9912-7196']
[492/1535] Querying 'Yosef Grodzinsky' (ORCID=0000-0002-9912-7196) …orcid: 0000-0002-9912-7196
 → dob='1953-01-01T00:00:00Z', dod=None, affil='Massachusetts Institute of Technology'
this is names_try: ['M. Chen']
maybe orcid: [nan]
[493/1535] Querying 'M. Chen' (ORCID=None) …each name: M. Chen
 → dob='1769-11-04T00:00:00Z', dod='1833-12-02T00:00:00Z', affil=None
this is names_try: ['V. Sulkosky']
maybe orcid: [nan]
[494/1535] Querying 'V. Sulkosky' (ORCID=None) …each name: V. Sulkosky
No match for name variant: V. Sulkosky
 → dob=None, dod=None, affil=None
this is names_try: ['Michael E. Huster', 'Michael Huster']
maybe orcid: [nan]
[495/1535] Querying 'Michael E. Huster' (ORCID=None) …each name: Michael E. Huster
No match for name variant: Michael E. Huster
each name: Michael Huster
No match for name variant: Michael Huster
 → dob=None, dod=None, affil=None
this is names_try: ['G. M. Urciuoli', 'G. Urciuoli']
maybe orcid: [nan]
[496/1535] Querying 'G. M. Urciuoli' (ORCID=None) …each name: G. M. Urciuoli
No match for name variant: G. M. Urciuoli
each name: G. Urciuoli
No match for name variant: G. Urciuoli
 → dob=None, dod=None, affil=None
this is names_try: ['H. R. Howie', 'H. Howie']
maybe orcid: [nan]
[497/1535] Querying 'H. R. Howie' (ORCID=None) …each name: H. R. Howie
No match for name variant: H. R. Howie
each name: H. Howie
 → dob=None, dod=None, affil=None
this is names_try: ['M. Bayard']
maybe orcid: [nan]
[498/1535] Querying 'M. Bayard' (ORCID=None) …each name: M. Bayard
No match for name variant: M. Bayard
 → dob=None, dod=None, affil=None
this is names_try: ['Leonid Friedlander']
maybe orcid: [nan]
[499/1535] Querying 'Leonid Friedlander' (ORCID=None) …each name: Leonid Friedlander
 → dob='1953-10-09T00:00:00Z', dod=None, affil='University of Arizona'
this is names_try: ['L. R. Young', 'L. Young']
maybe orcid: [nan]
[500/1535] Querying 'L. R. Young' (ORCID=None) …each name: L. R. Young
No match for name variant: L. R. Young
each name: L. Young
 → dob=None, dod=None, affil=None
this is names_try: ['R. L. Kelley', 'R. Kelley']
maybe orcid: [nan]
[501/1535] Querying 'R. L. Kelley' (ORCID=None) …each name: R. L. Kelley
No match for name variant: R. L. Kelley
each name: R. Kelley
 → dob=None, dod=None, affil=None
this is names_try: ['Martin Bichsel']
maybe orcid: [nan]
[502/1535] Querying 'Martin Bichsel' (ORCID=None) …each name: Martin Bichsel
No match for name variant: Martin Bichsel
 → dob=None, dod=None, affil=None
this is names_try: ['Jay D. Gralla', 'Jay Gralla']
maybe orcid: [nan]
[503/1535] Querying 'Jay D. Gralla' (ORCID=None) …each name: Jay D. Gralla
No match for name variant: Jay D. Gralla
each name: Jay Gralla
No match for name variant: Jay Gralla
 → dob=None, dod=None, affil=None
this is names_try: ['Deborah Kuchnir Fygenson', 'Deborah Fygenson']
maybe orcid: ['0000-0002-5681-3938']
[504/1535] Querying 'Deborah Kuchnir Fygenson' (ORCID=0000-0002-5681-3938) …orcid: 0000-0002-5681-3938
 → dob=None, dod=None, affil='University of California, Santa Barbara'
this is names_try: ['J. W. Watson', 'J. Watson']
maybe orcid: [nan]
[505/1535] Querying 'J. W. Watson' (ORCID=None) …each name: J. W. Watson
 → dob='1824-10-14T00:00:00Z', dod='1890-07-19T00:00:00Z', affil=None
this is names_try: ['Ruby Booth']
maybe orcid: [nan]
[506/1535] Querying 'Ruby Booth' (ORCID=None) …each name: Ruby Booth
No match for name variant: Ruby Booth
 → dob=None, dod=None, affil=None
this is names_try: ['C. V. Cautis', 'C. Cautis']
maybe orcid: [nan]
[507/1535] Querying 'C. V. Cautis' (ORCID=None) …each name: C. V. Cautis
No match for name variant: C. V. Cautis
each name: C. Cautis
No match for name variant: C. Cautis
 → dob=None, dod=None, affil=None
this is names_try: ['Alex Pentland']
maybe orcid: [nan]
[508/1535] Querying 'Alex Pentland' (ORCID=None) …each name: Alex Pentland
 → dob='1952-01-01T00:00:00Z', dod=None, affil='Stanford University'
this is names_try: ['Michelangelo Grigni']
maybe orcid: ['0000-0002-5616-9310']
[509/1535] Querying 'Michelangelo Grigni' (ORCID=0000-0002-5616-9310) …orcid: 0000-0002-5616-9310
each name: Michelangelo Grigni
 → dob=None, dod=None, affil=None
this is names_try: ['B. Wojtsekhowski']
maybe orcid: ['0000-0002-2160-9814']
[510/1535] Querying 'B. Wojtsekhowski' (ORCID=0000-0002-2160-9814) …orcid: 0000-0002-2160-9814
 → dob=None, dod=None, affil='Budker Institute of Nuclear Physics'
this is names_try: ['ashish joglekar']
maybe orcid: [nan]
[511/1535] Querying 'ashish joglekar' (ORCID=None) …each name: ashish joglekar
No match for name variant: ashish joglekar
 → dob=None, dod=None, affil=None
this is names_try: ['Judith Cummins']
maybe orcid: [nan]
[512/1535] Querying 'Judith Cummins' (ORCID=None) …each name: Judith Cummins
 → dob='1967-06-26T00:00:00Z', dod=None, affil=None
this is names_try: ['F. Ilmain']
maybe orcid: [nan]
[513/1535] Querying 'F. Ilmain' (ORCID=None) …each name: F. Ilmain
No match for name variant: F. Ilmain
 → dob=None, dod=None, affil=None
this is names_try: ['Mehmet Z. Sengun', 'Mehmet Sengun']
maybe orcid: [nan]
[514/1535] Querying 'Mehmet Z. Sengun' (ORCID=None) …each name: Mehmet Z. Sengun
No match for name variant: Mehmet Z. Sengun
each name: Mehmet Sengun
No match for name variant: Mehmet Sengun
 → dob=None, dod=None, affil=None
this is names_try: ['R. R. Winters', 'R. Winters']
maybe orcid: [nan]
[515/1535] Querying 'R. R. Winters' (ORCID=None) …each name: R. R. Winters
No match for name variant: R. R. Winters
each name: R. Winters
 → dob='1872-01-29T00:00:00Z', dod='1931-06-07T00:00:00Z', affil=None
this is names_try: ['X H Zhao', 'X Zhao']
maybe orcid: [nan]
[516/1535] Querying 'X H Zhao' (ORCID=None) …each name: X H Zhao
No match for name variant: X H Zhao
each name: X Zhao
 → dob=None, dod=None, affil='Columbia University'
this is names_try: ['Etsuo Kokufuta']
maybe orcid: [nan]
[517/1535] Querying 'Etsuo Kokufuta' (ORCID=None) …each name: Etsuo Kokufuta
No match for name variant: Etsuo Kokufuta
 → dob=None, dod=None, affil=None
this is names_try: ['T-C. Tseng']
maybe orcid: [nan]
[518/1535] Querying 'T-C. Tseng' (ORCID=None) …each name: T-C. Tseng
No match for name variant: T-C. Tseng
 → dob=None, dod=None, affil=None
this is names_try: ['G. Gray']
maybe orcid: [nan]
[519/1535] Querying 'G. Gray' (ORCID=None) …each name: G. Gray
 → dob='1849-01-01T00:00:00Z', dod='1934-02-23T00:00:00Z', affil=None
this is names_try: ['D. Olguı́n']
maybe orcid: ['0000-0001-8343-2359']
[520/1535] Querying 'D. Olguı́n' (ORCID=0000-0001-8343-2359) …orcid: 0000-0001-8343-2359
each name: D. Olguı́n
No match for name variant: D. Olguı́n
 → dob=None, dod=None, affil=None
this is names_try: ['Tine Stevens']
maybe orcid: [nan]
[521/1535] Querying 'Tine Stevens' (ORCID=None) …each name: Tine Stevens
No match for name variant: Tine Stevens
 → dob=None, dod=None, affil=None
this is names_try: ['Viia Valge-Archer']
maybe orcid: ['0000-0001-6661-6033']
[522/1535] Querying 'Viia Valge-Archer' (ORCID=0000-0001-6661-6033) …orcid: 0000-0001-6661-6033
each name: Viia Valge-Archer
 → dob=None, dod=None, affil=None
this is names_try: ['P. Kwizera']
maybe orcid: [nan]
[523/1535] Querying 'P. Kwizera' (ORCID=None) …each name: P. Kwizera
No match for name variant: P. Kwizera
 → dob=None, dod=None, affil=None
this is names_try: ['Constance Perin']
maybe orcid: [nan]
[524/1535] Querying 'Constance Perin' (ORCID=None) …each name: Constance Perin
 → dob='1930-03-06T00:00:00Z', dod='2012-03-18T00:00:00Z', affil='Massachusetts Institute of Technology'
this is names_try: ['Benjamin N. Waber', 'Benjamin Waber']
maybe orcid: [nan]
[525/1535] Querying 'Benjamin N. Waber' (ORCID=None) …each name: Benjamin N. Waber
No match for name variant: Benjamin N. Waber
each name: Benjamin Waber
No match for name variant: Benjamin Waber
 → dob=None, dod=None, affil=None
this is names_try: ['Martin Simmons']
maybe orcid: [nan]
[526/1535] Querying 'Martin Simmons' (ORCID=None) …each name: Martin Simmons
No match for name variant: Martin Simmons
 → dob=None, dod=None, affil=None
this is names_try: ['G. T. Condo', 'G. Condo']
maybe orcid: [nan]
[527/1535] Querying 'G. T. Condo' (ORCID=None) …each name: G. T. Condo
No match for name variant: G. T. Condo
each name: G. Condo
No match for name variant: G. Condo
 → dob=None, dod=None, affil=None
this is names_try: ['Wolfgang Ketterle']
maybe orcid: ['0000-0002-9528-3044']
[528/1535] Querying 'Wolfgang Ketterle' (ORCID=0000-0002-9528-3044) …orcid: 0000-0002-9528-3044
 → dob='1957-10-21T00:00:00Z', dod=None, affil='Massachusetts Institute of Technology'
this is names_try: ['Joel L. Pomerantz', 'Joel Pomerantz']
maybe orcid: ['0000-0002-5030-1018']
[529/1535] Querying 'Joel L. Pomerantz' (ORCID=0000-0002-5030-1018) …orcid: 0000-0002-5030-1018
 → dob=None, dod=None, affil='Johns Hopkins School of Medicine'
this is names_try: ['Taemie Kim']
maybe orcid: [nan]
[530/1535] Querying 'Taemie Kim' (ORCID=None) …each name: Taemie Kim
No match for name variant: Taemie Kim
 → dob=None, dod=None, affil=None
this is names_try: ['Joseph F. Sabik', 'Joseph Sabik']
maybe orcid: [nan]
[531/1535] Querying 'Joseph F. Sabik' (ORCID=None) …each name: Joseph F. Sabik
No match for name variant: Joseph F. Sabik
each name: Joseph Sabik
 → dob=None, dod=None, affil=None
this is names_try: ['Kendall B. Davis', 'Kendall Davis']
maybe orcid: [nan]
[532/1535] Querying 'Kendall B. Davis' (ORCID=None) …each name: Kendall B. Davis
No match for name variant: Kendall B. Davis
each name: Kendall Davis
No match for name variant: Kendall Davis
 → dob=None, dod=None, affil=None
this is names_try: ['Aravind Mohan']
maybe orcid: ['0009-0001-9017-6645']
[533/1535] Querying 'Aravind Mohan' (ORCID=0009-0001-9017-6645) …orcid: 0009-0001-9017-6645
each name: Aravind Mohan
 → dob=None, dod=None, affil='Allegheny College'
this is names_try: ['R. E. Ogilvie', 'R. Ogilvie']
maybe orcid: [nan]
[534/1535] Querying 'R. E. Ogilvie' (ORCID=None) …each name: R. E. Ogilvie
No match for name variant: R. E. Ogilvie
each name: R. Ogilvie
No match for name variant: R. Ogilvie
 → dob=None, dod=None, affil=None
this is names_try: ['Mr. Manjunath M O', 'Mr. O']
maybe orcid: [nan]
[535/1535] Querying 'Mr. Manjunath M O' (ORCID=None) …each name: Mr. Manjunath M O
No match for name variant: Mr. Manjunath M O
each name: Mr. O
 → dob='1938-05-28T00:00:00Z', dod='2024-06-12T00:00:00Z', affil=None
this is names_try: ['D. Yankovich']
maybe orcid: [nan]
[536/1535] Querying 'D. Yankovich' (ORCID=None) …each name: D. Yankovich
No match for name variant: D. Yankovich
 → dob=None, dod=None, affil=None
this is names_try: ['Jingying Hu']
maybe orcid: [nan]
[537/1535] Querying 'Jingying Hu' (ORCID=None) …each name: Jingying Hu
 → dob='0523-01-01T00:00:00Z', dod='0592-01-01T00:00:00Z', affil=None
this is names_try: ['P.J. Dornan']
maybe orcid: [nan]
[538/1535] Querying 'P.J. Dornan' (ORCID=None) …each name: P.J. Dornan
No match for name variant: P.J. Dornan
 → dob=None, dod=None, affil=None
this is names_try: ['JH Parish']
maybe orcid: [nan]
[539/1535] Querying 'JH Parish' (ORCID=None) …each name: JH Parish
No match for name variant: JH Parish
 → dob=None, dod=None, affil=None
this is names_try: ['Juan Rivas-Davila']
maybe orcid: ['0000-0003-2494-8579']
[540/1535] Querying 'Juan Rivas-Davila' (ORCID=0000-0003-2494-8579) …orcid: 0000-0003-2494-8579
 → dob=None, dod=None, affil='Stanford University'
this is names_try: ['Jeremy N. Thomas', 'Jeremy Thomas']
maybe orcid: ['0000-0003-3871-6373']
[541/1535] Querying 'Jeremy N. Thomas' (ORCID=0000-0003-3871-6373) …orcid: 0000-0003-3871-6373
 → dob=None, dod=None, affil='Idaho State University'
this is names_try: ['R. E. Warren', 'R. Warren']
maybe orcid: [nan]
[542/1535] Querying 'R. E. Warren' (ORCID=None) …each name: R. E. Warren
No match for name variant: R. E. Warren
each name: R. Warren
 → dob='1946-01-01T00:00:00Z', dod=None, affil=None
this is names_try: ['Paul Tseng']
maybe orcid: [nan]
[543/1535] Querying 'Paul Tseng' (ORCID=None) …each name: Paul Tseng
 → dob='1951-04-12T00:00:00Z', dod=None, affil=None
this is names_try: ['Georg Anagnostou']
maybe orcid: ['0000-0001-9172-655X']
[544/1535] Querying 'Georg Anagnostou' (ORCID=0000-0001-9172-655X) …orcid: 0000-0001-9172-655X
 → dob=None, dod=None, affil=None
this is names_try: ['Yehui Han']
maybe orcid: [nan]
[545/1535] Querying 'Yehui Han' (ORCID=None) …each name: Yehui Han
No match for name variant: Yehui Han
 → dob=None, dod=None, affil=None
this is names_try: ['D. V. Ellis', 'D. Ellis']
maybe orcid: [nan]
[546/1535] Querying 'D. V. Ellis' (ORCID=None) …each name: D. V. Ellis
No match for name variant: D. V. Ellis
each name: D. Ellis
 → dob='1930-09-23T00:00:00Z', dod='2013-09-26T00:00:00Z', affil='Swansea University'
this is names_try: ['J. H. Laning', 'J. Laning']
maybe orcid: [nan]
[547/1535] Querying 'J. H. Laning' (ORCID=None) …each name: J. H. Laning
 → dob='1920-02-14T00:00:00Z', dod='2012-05-29T00:00:00Z', affil=None
this is names_try: ['Marilyn F. Hallock', 'Marilyn Hallock']
maybe orcid: [nan]
[548/1535] Querying 'Marilyn F. Hallock' (ORCID=None) …each name: Marilyn F. Hallock
No match for name variant: Marilyn F. Hallock
each name: Marilyn Hallock
No match for name variant: Marilyn Hallock
 → dob=None, dod=None, affil=None
this is names_try: ['Einar M. Rønouist', 'Einar Rønouist']
maybe orcid: [nan]
[549/1535] Querying 'Einar M. Rønouist' (ORCID=None) …each name: Einar M. Rønouist
No match for name variant: Einar M. Rønouist
each name: Einar Rønouist
No match for name variant: Einar Rønouist
 → dob=None, dod=None, affil=None
this is names_try: ['Olivia Leitermann']
maybe orcid: [nan]
[550/1535] Querying 'Olivia Leitermann' (ORCID=None) …each name: Olivia Leitermann
No match for name variant: Olivia Leitermann
 → dob=None, dod=None, affil=None
this is names_try: ['W. W. Bishop', 'W. Bishop']
maybe orcid: [nan]
[551/1535] Querying 'W. W. Bishop' (ORCID=None) …each name: W. W. Bishop
No match for name variant: W. W. Bishop
each name: W. Bishop
No match for name variant: W. Bishop
 → dob=None, dod=None, affil=None
this is names_try: ['J. Wahl']
maybe orcid: ['0009-0007-8419-0145']
[552/1535] Querying 'J. Wahl' (ORCID=0009-0007-8419-0145) …orcid: 0009-0007-8419-0145
each name: J. Wahl
 → dob='1689-01-01T00:00:00Z', dod='1765-01-01T00:00:00Z', affil=None
this is names_try: ['Steven Scarborough']
maybe orcid: [nan]
[553/1535] Querying 'Steven Scarborough' (ORCID=None) …each name: Steven Scarborough
 → dob='1954-06-23T00:00:00Z', dod=None, affil='Hot House Entertainment'
this is names_try: ['J. Thomas McKinnon', 'J. McKinnon']
maybe orcid: [nan]
[554/1535] Querying 'J. Thomas McKinnon' (ORCID=None) …each name: J. Thomas McKinnon
No match for name variant: J. Thomas McKinnon
each name: J. McKinnon
No match for name variant: J. McKinnon
 → dob=None, dod=None, affil=None
this is names_try: ['Horngming Hsieh']
maybe orcid: [nan]
[555/1535] Querying 'Horngming Hsieh' (ORCID=None) …each name: Horngming Hsieh
No match for name variant: Horngming Hsieh
 → dob=None, dod=None, affil=None
this is names_try: ['C. A. Shannon', 'C. Shannon']
maybe orcid: [nan]
[556/1535] Querying 'C. A. Shannon' (ORCID=None) …each name: C. A. Shannon
No match for name variant: C. A. Shannon
each name: C. Shannon
 → dob='1916-04-30T00:00:00Z', dod='2001-02-24T00:00:00Z', affil='Massachusetts Institute of Technology'
this is names_try: ['Robert C. N. Pilawa-Podgurski', 'Robert Pilawa-Podgurski']
maybe orcid: ['0000-0002-5360-5906']
[557/1535] Querying 'Robert C. N. Pilawa-Podgurski' (ORCID=0000-0002-5360-5906) …orcid: 0000-0002-5360-5906
each name: Robert C. N. Pilawa-Podgurski
No match for name variant: Robert C. N. Pilawa-Podgurski
each name: Robert Pilawa-Podgurski
No match for name variant: Robert Pilawa-Podgurski
 → dob=None, dod=None, affil=None
this is names_try: ['Yakov Makarovsky']
maybe orcid: [nan]
[558/1535] Querying 'Yakov Makarovsky' (ORCID=None) …each name: Yakov Makarovsky
No match for name variant: Yakov Makarovsky
 → dob=None, dod=None, affil=None
this is names_try: ['R.-S. Guo']
maybe orcid: ['0009-0007-9880-6297']
[559/1535] Querying 'R.-S. Guo' (ORCID=0009-0007-9880-6297) …orcid: 0009-0007-9880-6297
each name: R.-S. Guo
 → dob=None, dod=None, affil='Institute of Physics, Academia Sinica'
this is names_try: ['W. Dershowitz']
maybe orcid: ['0000-0002-4308-8829']
[560/1535] Querying 'W. Dershowitz' (ORCID=0000-0002-4308-8829) …orcid: 0000-0002-4308-8829
each name: W. Dershowitz
No match for name variant: W. Dershowitz
 → dob=None, dod=None, affil=None
this is names_try: ['Anthony D. Sagneri', 'Anthony Sagneri']
maybe orcid: [nan]
[561/1535] Querying 'Anthony D. Sagneri' (ORCID=None) …each name: Anthony D. Sagneri
No match for name variant: Anthony D. Sagneri
each name: Anthony Sagneri
No match for name variant: Anthony Sagneri
 → dob=None, dod=None, affil=None
this is names_try: ['Sung Soo Ha', 'Sung Ha']
maybe orcid: ['0000-0002-7120-7207']
[562/1535] Querying 'Sung Soo Ha' (ORCID=0000-0002-7120-7207) …orcid: 0000-0002-7120-7207
 → dob=None, dod=None, affil=None
this is names_try: ['Charles R. Sullivan', 'Charles Sullivan']
maybe orcid: ['0000-0001-7492-9005']
[563/1535] Querying 'Charles R. Sullivan' (ORCID=0000-0001-7492-9005) …orcid: 0000-0001-7492-9005
each name: Charles R. Sullivan
No match for name variant: Charles R. Sullivan
each name: Charles Sullivan
 → dob='1944-11-08T00:00:00Z', dod=None, affil=None
this is names_try: ['P.W. Gallier']
maybe orcid: [nan]
[564/1535] Querying 'P.W. Gallier' (ORCID=None) …each name: P.W. Gallier
No match for name variant: P.W. Gallier
 → dob=None, dod=None, affil=None
this is names_try: ['Robert C Kidd', 'Robert Kidd']
maybe orcid: [nan]
[565/1535] Querying 'Robert C Kidd' (ORCID=None) …each name: Robert C Kidd
No match for name variant: Robert C Kidd
each name: Robert Kidd
 → dob='1943-01-01T00:00:00Z', dod='1980-07-15T00:00:00Z', affil=None
this is names_try: ['Jon Penterman']
maybe orcid: [nan]
[566/1535] Querying 'Jon Penterman' (ORCID=None) …each name: Jon Penterman
No match for name variant: Jon Penterman
 → dob=None, dod=None, affil=None
this is names_try: ['Priyanka Gupta']
maybe orcid: ['0000-0002-0166-5448']
[567/1535] Querying 'Priyanka Gupta' (ORCID=0000-0002-0166-5448) …orcid: 0000-0002-0166-5448
each name: Priyanka Gupta
 → dob=None, dod=None, affil='Katholieke Universiteit Leuven'
this is names_try: ['T Marti']
maybe orcid: [nan]
[568/1535] Querying 'T Marti' (ORCID=None) …each name: T Marti
 → dob=None, dod=None, affil=None
this is names_try: ['Sarah D. Saltzer', 'Sarah Saltzer']
maybe orcid: ['0000-0001-7470-0083']
[569/1535] Querying 'Sarah D. Saltzer' (ORCID=0000-0001-7470-0083) …orcid: 0000-0001-7470-0083
each name: Sarah D. Saltzer
No match for name variant: Sarah D. Saltzer
each name: Sarah Saltzer
No match for name variant: Sarah Saltzer
 → dob=None, dod=None, affil=None
this is names_try: ['Rensheng Deng']
maybe orcid: [nan]
[570/1535] Querying 'Rensheng Deng' (ORCID=None) …each name: Rensheng Deng
No match for name variant: Rensheng Deng
 → dob=None, dod=None, affil=None
this is names_try: ['Harald Otto']
maybe orcid: [nan]
[571/1535] Querying 'Harald Otto' (ORCID=None) …each name: Harald Otto
 → dob='1909-01-11T00:00:00Z', dod='1977-06-01T00:00:00Z', affil=None
this is names_try: ['Vladimir Mahalec']
maybe orcid: ['0000-0001-8342-9707']
[572/1535] Querying 'Vladimir Mahalec' (ORCID=0000-0001-8342-9707) …orcid: 0000-0001-8342-9707
each name: Vladimir Mahalec
No match for name variant: Vladimir Mahalec
 → dob=None, dod=None, affil=None
this is names_try: ['Manish Jhunjhunwala']
maybe orcid: [nan]
[573/1535] Querying 'Manish Jhunjhunwala' (ORCID=None) …each name: Manish Jhunjhunwala
No match for name variant: Manish Jhunjhunwala
 → dob=None, dod=None, affil=None
this is names_try: ['Samantha B. Roberts', 'Samantha Roberts']
maybe orcid: [nan]
[574/1535] Querying 'Samantha B. Roberts' (ORCID=None) …each name: Samantha B. Roberts
No match for name variant: Samantha B. Roberts
each name: Samantha Roberts
 → dob='2000-04-21T00:00:00Z', dod=None, affil=None
this is names_try: ['S J Rösselet', 'S Rösselet']
maybe orcid: [nan]
[575/1535] Querying 'S J Rösselet' (ORCID=None) …each name: S J Rösselet
No match for name variant: S J Rösselet
each name: S Rösselet
No match for name variant: S Rösselet
 → dob=None, dod=None, affil=None
this is names_try: ['Christopher Buser']
maybe orcid: ['0000-0002-4379-3878']
[576/1535] Querying 'Christopher Buser' (ORCID=0000-0002-4379-3878) …orcid: 0000-0002-4379-3878
 → dob=None, dod=None, affil='ETH Zurich'
this is names_try: ['Ana M. Avalos', 'Ana Avalos']
maybe orcid: [nan]
[577/1535] Querying 'Ana M. Avalos' (ORCID=None) …each name: Ana M. Avalos
No match for name variant: Ana M. Avalos
each name: Ana Avalos
 → dob='1940-12-07T00:00:00Z', dod=None, affil=None
this is names_try: ['B De Veubeke', 'B Veubeke']
maybe orcid: [nan]
[578/1535] Querying 'B De Veubeke' (ORCID=None) …each name: B De Veubeke
No match for name variant: B De Veubeke
each name: B Veubeke
No match for name variant: B Veubeke
 → dob=None, dod=None, affil=None
this is names_try: ['Elaine Ng']
maybe orcid: ['0000-0002-7603-3883']
[579/1535] Querying 'Elaine Ng' (ORCID=0000-0002-7603-3883) …orcid: 0000-0002-7603-3883
each name: Elaine Ng
 → dob='1972-09-23T00:00:00Z', dod=None, affil=None
this is names_try: ['Maarten P. Heyn', 'Maarten Heyn']
maybe orcid: [nan]
[580/1535] Querying 'Maarten P. Heyn' (ORCID=None) …each name: Maarten P. Heyn
No match for name variant: Maarten P. Heyn
each name: Maarten Heyn
No match for name variant: Maarten Heyn
 → dob=None, dod=None, affil=None
this is names_try: ['Raymond N. Vrtis', 'Raymond Vrtis']
maybe orcid: [nan]
[581/1535] Querying 'Raymond N. Vrtis' (ORCID=None) …each name: Raymond N. Vrtis
No match for name variant: Raymond N. Vrtis
each name: Raymond Vrtis
No match for name variant: Raymond Vrtis
 → dob=None, dod=None, affil=None
this is names_try: ['Woradorn Wattanapanitch']
maybe orcid: ['0000-0003-1981-4963']
[582/1535] Querying 'Woradorn Wattanapanitch' (ORCID=0000-0003-1981-4963) …orcid: 0000-0003-1981-4963
each name: Woradorn Wattanapanitch
No match for name variant: Woradorn Wattanapanitch
 → dob=None, dod=None, affil=None
this is names_try: ['Warren D. Seider', 'Warren Seider']
maybe orcid: ['0000-0002-4217-8670']
[583/1535] Querying 'Warren D. Seider' (ORCID=0000-0002-4217-8670) …orcid: 0000-0002-4217-8670
each name: Warren D. Seider
No match for name variant: Warren D. Seider
each name: Warren Seider
No match for name variant: Warren Seider
 → dob=None, dod=None, affil=None
this is names_try: ['Jung Goo Lee', 'Jung Lee']
maybe orcid: [nan]
[584/1535] Querying 'Jung Goo Lee' (ORCID=None) …each name: Jung Goo Lee
 → dob=None, dod=None, affil='Inje University Haeundae Paik Hospital'
this is names_try: ['Michael C. Blanco', 'Michael Blanco']
maybe orcid: [nan]
[585/1535] Querying 'Michael C. Blanco' (ORCID=None) …each name: Michael C. Blanco
No match for name variant: Michael C. Blanco
each name: Michael Blanco
 → dob='1987-01-01T00:00:00Z', dod=None, affil=None
this is names_try: ['Ebad Ahmed']
maybe orcid: [nan]
[586/1535] Querying 'Ebad Ahmed' (ORCID=None) …each name: Ebad Ahmed
No match for name variant: Ebad Ahmed
 → dob=None, dod=None, affil=None
this is names_try: ['Val Breazu-Tannen']
maybe orcid: [nan]
[587/1535] Querying 'Val Breazu-Tannen' (ORCID=None) …each name: Val Breazu-Tannen
No match for name variant: Val Breazu-Tannen
 → dob=None, dod=None, affil=None
this is names_try: ['Johannes Moe']
maybe orcid: [nan]
[588/1535] Querying 'Johannes Moe' (ORCID=None) …each name: Johannes Moe
 → dob='1859-12-25T00:00:00Z', dod='1937-01-09T00:00:00Z', affil=None
this is names_try: ['Donald Yee']
maybe orcid: ['0000-0002-2679-2726']
[589/1535] Querying 'Donald Yee' (ORCID=0000-0002-2679-2726) …orcid: 0000-0002-2679-2726
 → dob=None, dod=None, affil='University of Southern Mississippi'
this is names_try: ['A Lee']
maybe orcid: [nan]
[590/1535] Querying 'A Lee' (ORCID=None) …each name: A Lee
 → dob='1988-05-17T00:00:00Z', dod=None, affil=None
this is names_try: ['Kwang Myong Lee', 'Kwang Lee']
maybe orcid: [nan]
[591/1535] Querying 'Kwang Myong Lee' (ORCID=None) …each name: Kwang Myong Lee
No match for name variant: Kwang Myong Lee
each name: Kwang Lee
 → dob='1970-01-01T00:00:00Z', dod=None, affil='Kunstakademie Düsseldorf'
this is names_try: ['Eduard Pestel']
maybe orcid: [nan]
[592/1535] Querying 'Eduard Pestel' (ORCID=None) …each name: Eduard Pestel
 → dob='1914-05-29T00:00:00Z', dod='1988-09-19T00:00:00Z', affil='University of Haifa'
this is names_try: ['Philippe Brou']
maybe orcid: [nan]
[593/1535] Querying 'Philippe Brou' (ORCID=None) …each name: Philippe Brou
 → dob='1963-06-20T00:00:00Z', dod=None, affil="L'Express"
this is names_try: ['Steven L. Mclntire', 'Steven Mclntire']
maybe orcid: [nan]
[594/1535] Querying 'Steven L. Mclntire' (ORCID=None) …each name: Steven L. Mclntire
No match for name variant: Steven L. Mclntire
each name: Steven Mclntire
No match for name variant: Steven Mclntire
 → dob=None, dod=None, affil=None
this is names_try: ['W. B. Stockton', 'W. Stockton']
maybe orcid: [nan]
[595/1535] Querying 'W. B. Stockton' (ORCID=None) …each name: W. B. Stockton
No match for name variant: W. B. Stockton
each name: W. Stockton
No match for name variant: W. Stockton
 → dob=None, dod=None, affil=None
this is names_try: ['Zita Kabók']
maybe orcid: [nan]
[596/1535] Querying 'Zita Kabók' (ORCID=None) …each name: Zita Kabók
No match for name variant: Zita Kabók
 → dob=None, dod=None, affil=None
this is names_try: ['Yan Ling Joy Pang', 'Yan Pang']
maybe orcid: [nan]
[597/1535] Querying 'Yan Ling Joy Pang' (ORCID=None) …each name: Yan Ling Joy Pang
No match for name variant: Yan Ling Joy Pang
each name: Yan Pang
 → dob=None, dod=None, affil='National University of Singapore'
this is names_try: ['J Przemlenleckl']
maybe orcid: [nan]
[598/1535] Querying 'J Przemlenleckl' (ORCID=None) …each name: J Przemlenleckl
No match for name variant: J Przemlenleckl
 → dob=None, dod=None, affil=None
this is names_try: ['Gwynne H. Johnston', 'Gwynne Johnston']
maybe orcid: [nan]
[599/1535] Querying 'Gwynne H. Johnston' (ORCID=None) …each name: Gwynne H. Johnston
No match for name variant: Gwynne H. Johnston
each name: Gwynne Johnston
No match for name variant: Gwynne Johnston
 → dob=None, dod=None, affil=None
this is names_try: ['André F. Perold', 'André Perold']
maybe orcid: [nan]
[600/1535] Querying 'André F. Perold' (ORCID=None) …each name: André F. Perold
No match for name variant: André F. Perold
each name: André Perold
No match for name variant: André Perold
 → dob=None, dod=None, affil=None
this is names_try: ['Helene Intraub']
maybe orcid: ['0000-0003-4879-8552']
[601/1535] Querying 'Helene Intraub' (ORCID=0000-0003-4879-8552) …orcid: 0000-0003-4879-8552
 → dob=None, dod=None, affil=None
this is names_try: ['I. Ramesh Babu', 'I. Babu']
maybe orcid: [nan]
[602/1535] Querying 'I. Ramesh Babu' (ORCID=None) …each name: I. Ramesh Babu
No match for name variant: I. Ramesh Babu
each name: I. Babu
No match for name variant: I. Babu
 → dob=None, dod=None, affil=None
this is names_try: ['K. Jacobs']
maybe orcid: ['0009-0004-0482-7141']
[603/1535] Querying 'K. Jacobs' (ORCID=0009-0004-0482-7141) …orcid: 0009-0004-0482-7141
each name: K. Jacobs
 → dob='1928-08-24T00:00:00Z', dod='2015-07-26T00:00:00Z', affil='Friedrich-Alexander-Universität Erlangen-Nürnberg'
this is names_try: ['J.A. Maxwell']
maybe orcid: [nan]
[604/1535] Querying 'J.A. Maxwell' (ORCID=None) …each name: J.A. Maxwell
No match for name variant: J.A. Maxwell
 → dob=None, dod=None, affil=None
this is names_try: ['L. Schmit']
maybe orcid: [nan]
[605/1535] Querying 'L. Schmit' (ORCID=None) …each name: L. Schmit
 → dob=None, dod=None, affil=None
this is names_try: ['Eric S. Lander', 'Eric Lander']
maybe orcid: [nan]
[606/1535] Querying 'Eric S. Lander' (ORCID=None) …each name: Eric S. Lander
 → dob='1957-02-03T00:00:00Z', dod=None, affil='Harvard University'
this is names_try: ['S. C. Maxwell', 'S. Maxwell']
maybe orcid: [nan]
[607/1535] Querying 'S. C. Maxwell' (ORCID=None) …each name: S. C. Maxwell
No match for name variant: S. C. Maxwell
each name: S. Maxwell
No match for name variant: S. Maxwell
 → dob=None, dod=None, affil=None
this is names_try: ['Yanjie Shao']
maybe orcid: ['0000-0001-6472-5236']
[608/1535] Querying 'Yanjie Shao' (ORCID=0000-0001-6472-5236) …orcid: 0000-0001-6472-5236
each name: Yanjie Shao
No match for name variant: Yanjie Shao
 → dob=None, dod=None, affil=None
this is names_try: ['A Rao']
maybe orcid: [nan]
[609/1535] Querying 'A Rao' (ORCID=None) …each name: A Rao
No match for name variant: A Rao
 → dob=None, dod=None, affil=None
this is names_try: ['Cristopher C. Eugster', 'Cristopher Eugster']
maybe orcid: [nan]
[610/1535] Querying 'Cristopher C. Eugster' (ORCID=None) …each name: Cristopher C. Eugster
No match for name variant: Cristopher C. Eugster
each name: Cristopher Eugster
No match for name variant: Cristopher Eugster
 → dob=None, dod=None, affil=None
this is names_try: ['M. H. Bazerman', 'M. Bazerman']
maybe orcid: [nan]
[611/1535] Querying 'M. H. Bazerman' (ORCID=None) …each name: M. H. Bazerman
No match for name variant: M. H. Bazerman
each name: M. Bazerman
No match for name variant: M. Bazerman
 → dob=None, dod=None, affil=None
this is names_try: ['M. S. Feld', 'M. Feld']
maybe orcid: [nan]
[612/1535] Querying 'M. S. Feld' (ORCID=None) …each name: M. S. Feld
 → dob='1940-11-11T00:00:00Z', dod='2010-04-10T00:00:00Z', affil='Massachusetts Institute of Technology'
this is names_try: ['Arthur H. Hale', 'Arthur Hale']
maybe orcid: [nan]
[613/1535] Querying 'Arthur H. Hale' (ORCID=None) …each name: Arthur H. Hale
No match for name variant: Arthur H. Hale
each name: Arthur Hale
 → dob='1881-05-20T00:00:00Z', dod='1955-11-13T00:00:00Z', affil='Northwestern University'
this is names_try: ['Janet M. Griffiths', 'Janet Griffiths']
maybe orcid: ['0000-0001-8958-7140']
[614/1535] Querying 'Janet M. Griffiths' (ORCID=0000-0001-8958-7140) …orcid: 0000-0001-8958-7140
each name: Janet M. Griffiths
No match for name variant: Janet M. Griffiths
each name: Janet Griffiths
 → dob=None, dod=None, affil=None
this is names_try: ['R. Jones']
maybe orcid: [nan]
[615/1535] Querying 'R. Jones' (ORCID=None) …each name: R. Jones
 → dob='1754-01-01T00:00:00Z', dod='1835-01-01T00:00:00Z', affil=None
this is names_try: ['M. Rosenthal']
maybe orcid: [nan]
[616/1535] Querying 'M. Rosenthal' (ORCID=None) …each name: M. Rosenthal
 → dob='1833-09-19T00:00:00Z', dod='1889-12-30T00:00:00Z', affil='University of Vienna'
this is names_try: ['S. Isaacson']
maybe orcid: [nan]
[617/1535] Querying 'S. Isaacson' (ORCID=None) …each name: S. Isaacson
No match for name variant: S. Isaacson
 → dob=None, dod=None, affil=None
this is names_try: ['A. Sacra']
maybe orcid: [nan]
[618/1535] Querying 'A. Sacra' (ORCID=None) …each name: A. Sacra
No match for name variant: A. Sacra
 → dob=None, dod=None, affil=None
this is names_try: ['A.R. Fox']
maybe orcid: [nan]
[619/1535] Querying 'A.R. Fox' (ORCID=None) …each name: A.R. Fox
No match for name variant: A.R. Fox
 → dob=None, dod=None, affil=None
this is names_try: ['Qizheng Gu']
maybe orcid: [nan]
[620/1535] Querying 'Qizheng Gu' (ORCID=None) …each name: Qizheng Gu
 → dob='1936-01-01T00:00:00Z', dod=None, affil=None
this is names_try: ['C. B. Murray', 'C. Murray']
maybe orcid: [nan]
[621/1535] Querying 'C. B. Murray' (ORCID=None) …each name: C. B. Murray
No match for name variant: C. B. Murray
each name: C. Murray
 → dob=None, dod=None, affil=None
this is names_try: ['Paul M. Ronsheim', 'Paul Ronsheim']
maybe orcid: [nan]
[622/1535] Querying 'Paul M. Ronsheim' (ORCID=None) …each name: Paul M. Ronsheim
No match for name variant: Paul M. Ronsheim
each name: Paul Ronsheim
No match for name variant: Paul Ronsheim
 → dob=None, dod=None, affil=None
this is names_try: ['Yilin Yang']
maybe orcid: ['0000-0001-8123-2257']
[623/1535] Querying 'Yilin Yang' (ORCID=0000-0001-8123-2257) …orcid: 0000-0001-8123-2257
 → dob=None, dod=None, affil=None
this is names_try: ['C. A. White', 'C. White']
maybe orcid: [nan]
[624/1535] Querying 'C. A. White' (ORCID=None) …each name: C. A. White
 → dob='1858-01-01T00:00:00Z', dod='1931-09-06T00:00:00Z', affil=None
this is names_try: ['Stacey Donnelly']
maybe orcid: ['0000-0001-5732-3300']
[625/1535] Querying 'Stacey Donnelly' (ORCID=0000-0001-5732-3300) …orcid: 0000-0001-5732-3300
each name: Stacey Donnelly
No match for name variant: Stacey Donnelly
 → dob=None, dod=None, affil=None
this is names_try: ['Moungi G. Bawendi', 'Moungi Bawendi']
maybe orcid: [nan]
[626/1535] Querying 'Moungi G. Bawendi' (ORCID=None) …each name: Moungi G. Bawendi
 → dob='1961-03-15T00:00:00Z', dod=None, affil='Massachusetts Institute of Technology'
this is names_try: ['James M. Piret', 'James Piret']
maybe orcid: ['0000-0001-7934-9675']
[627/1535] Querying 'James M. Piret' (ORCID=0000-0001-7934-9675) …orcid: 0000-0001-7934-9675
 → dob=None, dod=None, affil='University of British Columbia'
this is names_try: ['Patrícia Monteiro']
maybe orcid: ['0000-0003-3288-4560']
[628/1535] Querying 'Patrícia Monteiro' (ORCID=0000-0003-3288-4560) …orcid: 0000-0003-3288-4560
 → dob=None, dod=None, affil=None
this is names_try: ['Ronald C. Gularte', 'Ronald Gularte']
maybe orcid: [nan]
[629/1535] Querying 'Ronald C. Gularte' (ORCID=None) …each name: Ronald C. Gularte
No match for name variant: Ronald C. Gularte
each name: Ronald Gularte
No match for name variant: Ronald Gularte
 → dob=None, dod=None, affil=None
this is names_try: ['A. Davison']
maybe orcid: [nan]
[630/1535] Querying 'A. Davison' (ORCID=None) …each name: A. Davison
 → dob=None, dod=None, affil='University of Nottingham'
this is names_try: ['P. Reilly']
maybe orcid: [nan]
[631/1535] Querying 'P. Reilly' (ORCID=None) …each name: P. Reilly
 → dob=None, dod=None, affil=None
this is names_try: ['Y.D. Park']
maybe orcid: [nan]
[632/1535] Querying 'Y.D. Park' (ORCID=None) …each name: Y.D. Park
No match for name variant: Y.D. Park
 → dob=None, dod=None, affil=None
this is names_try: ['K.R. Kvam']
maybe orcid: [nan]
[633/1535] Querying 'K.R. Kvam' (ORCID=None) …each name: K.R. Kvam
No match for name variant: K.R. Kvam
 → dob=None, dod=None, affil=None
this is names_try: ['Michael J. Shiffer', 'Michael Shiffer']
maybe orcid: [nan]
[634/1535] Querying 'Michael J. Shiffer' (ORCID=None) …each name: Michael J. Shiffer
No match for name variant: Michael J. Shiffer
each name: Michael Shiffer
No match for name variant: Michael Shiffer
 → dob=None, dod=None, affil=None
this is names_try: ['J. P. SOLAR', 'J. SOLAR']
maybe orcid: [nan]
[635/1535] Querying 'J. P. SOLAR' (ORCID=None) …each name: J. P. SOLAR
No match for name variant: J. P. SOLAR
each name: J. SOLAR
 → dob='1730-01-01T00:00:00Z', dod='1794-01-01T00:00:00Z', affil=None
this is names_try: ['Pieter M. Pil', 'Pieter Pil']
maybe orcid: [nan]
[636/1535] Querying 'Pieter M. Pil' (ORCID=None) …each name: Pieter M. Pil
No match for name variant: Pieter M. Pil
each name: Pieter Pil
No match for name variant: Pieter Pil
 → dob=None, dod=None, affil=None
this is names_try: ['A. Maestri']
maybe orcid: [nan]
[637/1535] Querying 'A. Maestri' (ORCID=None) …each name: A. Maestri
No match for name variant: A. Maestri
 → dob=None, dod=None, affil=None
this is names_try: ['Kevin Spieser']
maybe orcid: [nan]
[638/1535] Querying 'Kevin Spieser' (ORCID=None) …each name: Kevin Spieser
No match for name variant: Kevin Spieser
 → dob=None, dod=None, affil=None
this is names_try: ['D. J. Sellmyer', 'D. Sellmyer']
maybe orcid: [nan]
[639/1535] Querying 'D. J. Sellmyer' (ORCID=None) …each name: D. J. Sellmyer
No match for name variant: D. J. Sellmyer
each name: D. Sellmyer
No match for name variant: D. Sellmyer
 → dob=None, dod=None, affil=None
this is names_try: ['Daniel Gonzales']
maybe orcid: [nan]
[640/1535] Querying 'Daniel Gonzales' (ORCID=None) …each name: Daniel Gonzales
 → dob='1963-01-01T00:00:00Z', dod=None, affil=None
this is names_try: ['Peter P. Huo', 'Peter Huo']
maybe orcid: [nan]
[641/1535] Querying 'Peter P. Huo' (ORCID=None) …each name: Peter P. Huo
No match for name variant: Peter P. Huo
each name: Peter Huo
No match for name variant: Peter Huo
 → dob=None, dod=None, affil=None
this is names_try: ['Scott Weinstein']
maybe orcid: [nan]
[642/1535] Querying 'Scott Weinstein' (ORCID=None) …each name: Scott Weinstein
 → dob=None, dod=None, affil=None
this is names_try: ['M. M. Matthiesen', 'M. Matthiesen']
maybe orcid: [nan]
[643/1535] Querying 'M. M. Matthiesen' (ORCID=None) …each name: M. M. Matthiesen
No match for name variant: M. M. Matthiesen
each name: M. Matthiesen
No match for name variant: M. Matthiesen
 → dob=None, dod=None, affil=None
this is names_try: ['Kyle Treleaven']
maybe orcid: [nan]
[644/1535] Querying 'Kyle Treleaven' (ORCID=None) …each name: Kyle Treleaven
 → dob=None, dod=None, affil=None
this is names_try: ['D.B. Goracke']
maybe orcid: [nan]
[645/1535] Querying 'D.B. Goracke' (ORCID=None) …each name: D.B. Goracke
No match for name variant: D.B. Goracke
 → dob=None, dod=None, affil=None
this is names_try: ['J.J. Paulos']
maybe orcid: [nan]
[646/1535] Querying 'J.J. Paulos' (ORCID=None) …each name: J.J. Paulos
No match for name variant: J.J. Paulos
 → dob=None, dod=None, affil=None
this is names_try: ['P. F. Lang', 'P. Lang']
maybe orcid: [nan]
[647/1535] Querying 'P. F. Lang' (ORCID=None) …each name: P. F. Lang
No match for name variant: P. F. Lang
each name: P. Lang
 → dob='1872-01-23T00:00:00Z', dod='1946-12-19T00:00:00Z', affil='Collège de France'
this is names_try: ['Peggy Cebe']
maybe orcid: ['0000-0002-8721-644X']
[648/1535] Querying 'Peggy Cebe' (ORCID=0000-0002-8721-644X) …orcid: 0000-0002-8721-644X
 → dob='1949-01-01T00:00:00Z', dod=None, affil='Massachusetts Institute of Technology'
this is names_try: ['R.C. Reid']
maybe orcid: [nan]
[649/1535] Querying 'R.C. Reid' (ORCID=None) …each name: R.C. Reid
No match for name variant: R.C. Reid
 → dob=None, dod=None, affil=None
this is names_try: ['Scott A. Speakman', 'Scott Speakman']
maybe orcid: [nan]
[650/1535] Querying 'Scott A. Speakman' (ORCID=None) …each name: Scott A. Speakman
No match for name variant: Scott A. Speakman
each name: Scott Speakman
No match for name variant: Scott Speakman
 → dob=None, dod=None, affil=None
this is names_try: ['Tzi-Ho Chou']
maybe orcid: [nan]
[651/1535] Querying 'Tzi-Ho Chou' (ORCID=None) …each name: Tzi-Ho Chou
No match for name variant: Tzi-Ho Chou
 → dob=None, dod=None, affil=None
this is names_try: ['Deokgi An']
maybe orcid: [nan]
[652/1535] Querying 'Deokgi An' (ORCID=None) …each name: Deokgi An
No match for name variant: Deokgi An
 → dob=None, dod=None, affil=None
this is names_try: ['Scott Layne']
maybe orcid: [nan]
[653/1535] Querying 'Scott Layne' (ORCID=None) …each name: Scott Layne
 → dob='1961-01-01T00:00:00Z', dod=None, affil=None
this is names_try: ['R. Greasham']
maybe orcid: [nan]
[654/1535] Querying 'R. Greasham' (ORCID=None) …each name: R. Greasham
No match for name variant: R. Greasham
 → dob=None, dod=None, affil=None
this is names_try: ['Srikanth Sastry']
maybe orcid: ['0000-0001-7399-1835']
[655/1535] Querying 'Srikanth Sastry' (ORCID=0000-0001-7399-1835) …orcid: 0000-0001-7399-1835
 → dob=None, dod=None, affil='Jawaharlal Nehru Centre for Advanced Scientific Research'
this is names_try: ['Ken W. Grant', 'Ken Grant']
maybe orcid: ['0000-0002-8733-4681']
[656/1535] Querying 'Ken W. Grant' (ORCID=0000-0002-8733-4681) …orcid: 0000-0002-8733-4681
each name: Ken W. Grant
No match for name variant: Ken W. Grant
each name: Ken Grant
 → dob='1967-06-05T00:00:00Z', dod=None, affil='University of Wales, Newport'
this is names_try: ['Amir Weiss']
maybe orcid: ['0000-0002-3104-6939']
[657/1535] Querying 'Amir Weiss' (ORCID=0000-0002-3104-6939) …orcid: 0000-0002-3104-6939
each name: Amir Weiss
 → dob=None, dod=None, affil=None
this is names_try: ['Daniel Lim']
maybe orcid: ['0000-0002-8861-4837']
[658/1535] Querying 'Daniel Lim' (ORCID=0000-0002-8861-4837) …orcid: 0000-0002-8861-4837
 → dob=None, dod=None, affil=None
this is names_try: ['Christopher S. Welch', 'Christopher Welch']
maybe orcid: [nan]
[659/1535] Querying 'Christopher S. Welch' (ORCID=None) …each name: Christopher S. Welch
No match for name variant: Christopher S. Welch
each name: Christopher Welch
 → dob='1971-02-06T00:00:00Z', dod=None, affil=None
this is names_try: ['Claude Meyers']
maybe orcid: [nan]
[660/1535] Querying 'Claude Meyers' (ORCID=None) …each name: Claude Meyers
No match for name variant: Claude Meyers
 → dob=None, dod=None, affil=None
this is names_try: ['John F. Reidhaar-Olson', 'John Reidhaar-Olson']
maybe orcid: [nan]
[661/1535] Querying 'John F. Reidhaar-Olson' (ORCID=None) …each name: John F. Reidhaar-Olson
No match for name variant: John F. Reidhaar-Olson
each name: John Reidhaar-Olson
No match for name variant: John Reidhaar-Olson
 → dob=None, dod=None, affil=None
this is names_try: ['D. DeSchepper']
maybe orcid: [nan]
[662/1535] Querying 'D. DeSchepper' (ORCID=None) …each name: D. DeSchepper
No match for name variant: D. DeSchepper
 → dob=None, dod=None, affil=None
this is names_try: ['W. Stephen Faraci', 'W. Faraci']
maybe orcid: [nan]
[663/1535] Querying 'W. Stephen Faraci' (ORCID=None) …each name: W. Stephen Faraci
No match for name variant: W. Stephen Faraci
each name: W. Faraci
No match for name variant: W. Faraci
 → dob=None, dod=None, affil=None
this is names_try: ['William T. Petuskey', 'William Petuskey']
maybe orcid: [nan]
[664/1535] Querying 'William T. Petuskey' (ORCID=None) …each name: William T. Petuskey
No match for name variant: William T. Petuskey
each name: William Petuskey
No match for name variant: William Petuskey
 → dob=None, dod=None, affil=None
this is names_try: ['G. Dodson']
maybe orcid: [nan]
[665/1535] Querying 'G. Dodson' (ORCID=None) …each name: G. Dodson
No match for name variant: G. Dodson
 → dob=None, dod=None, affil=None
this is names_try: ['Daniel B. Jones', 'Daniel Jones']
maybe orcid: [nan]
[666/1535] Querying 'Daniel B. Jones' (ORCID=None) …each name: Daniel B. Jones
 → dob='1964-05-23T00:00:00Z', dod=None, affil=None
this is names_try: ['Nina Mažar']
maybe orcid: ['0000-0001-8248-654X']
[667/1535] Querying 'Nina Mažar' (ORCID=0000-0001-8248-654X) …orcid: 0000-0001-8248-654X
 → dob=None, dod=None, affil='Massachusetts Institute of Technology'
this is names_try: ['J. T. Massimo', 'J. Massimo']
maybe orcid: [nan]
[668/1535] Querying 'J. T. Massimo' (ORCID=None) …each name: J. T. Massimo
No match for name variant: J. T. Massimo
each name: J. Massimo
No match for name variant: J. Massimo
 → dob=None, dod=None, affil=None
this is names_try: ['Michael Schwenn']
maybe orcid: ['0000-0003-3007-1881']
[669/1535] Querying 'Michael Schwenn' (ORCID=0000-0003-3007-1881) …orcid: 0000-0003-3007-1881
each name: Michael Schwenn
No match for name variant: Michael Schwenn
 → dob=None, dod=None, affil=None
this is names_try: ['K. Dow']
maybe orcid: [nan]
[670/1535] Querying 'K. Dow' (ORCID=None) …each name: K. Dow
 → dob=None, dod=None, affil='Duke University'
this is names_try: ['Demetri Petrides']
maybe orcid: ['0000-0003-3271-422X']
[671/1535] Querying 'Demetri Petrides' (ORCID=0000-0003-3271-422X) …orcid: 0000-0003-3271-422X
each name: Demetri Petrides
No match for name variant: Demetri Petrides
 → dob=None, dod=None, affil=None
this is names_try: ['Irun Bhan']
maybe orcid: ['0000-0002-2163-0488']
[672/1535] Querying 'Irun Bhan' (ORCID=0000-0002-2163-0488) …orcid: 0000-0002-2163-0488
 → dob=None, dod=None, affil=None
this is names_try: ['Patrick Henry Winston', 'Patrick Winston']
maybe orcid: [nan]
[673/1535] Querying 'Patrick Henry Winston' (ORCID=None) …each name: Patrick Henry Winston
 → dob='1943-02-05T00:00:00Z', dod='2019-07-19T00:00:00Z', affil='Massachusetts Institute of Technology'
this is names_try: ['Lenny Teytelman']
maybe orcid: ['0000-0001-8573-8351']
[674/1535] Querying 'Lenny Teytelman' (ORCID=0000-0001-8573-8351) …orcid: 0000-0001-8573-8351
 → dob=None, dod=None, affil='protocols.io'
this is names_try: ['Scott Halle']
maybe orcid: [nan]
[675/1535] Querying 'Scott Halle' (ORCID=None) …each name: Scott Halle
 → dob='1984-07-19T00:00:00Z', dod=None, affil=None
this is names_try: ['U Storb']
maybe orcid: [nan]
[676/1535] Querying 'U Storb' (ORCID=None) …each name: U Storb
No match for name variant: U Storb
 → dob=None, dod=None, affil=None
this is names_try: ['L. Kramer']
maybe orcid: [nan]
[677/1535] Querying 'L. Kramer' (ORCID=None) …each name: L. Kramer
 → dob='1840-05-25T00:00:00Z', dod='1908-01-07T00:00:00Z', affil=None
this is names_try: ['A. H.‐J. Wang', 'A. Wang']
maybe orcid: [nan]
[678/1535] Querying 'A. H.‐J. Wang' (ORCID=None) …each name: A. H.‐J. Wang
No match for name variant: A. H.‐J. Wang
each name: A. Wang
 → dob='1844-11-18T00:00:00Z', dod='1933-10-25T00:00:00Z', affil='Martin Luther University Halle-Wittenberg'
this is names_try: ['Christopher E. Carr', 'Christopher Carr']
maybe orcid: ['0000-0002-7946-5622']
[679/1535] Querying 'Christopher E. Carr' (ORCID=0000-0002-7946-5622) …orcid: 0000-0002-7946-5622
 → dob=None, dod=None, affil='Massachusetts Institute of Technology'
this is names_try: ['C. Halliwell']
maybe orcid: [nan]
[680/1535] Querying 'C. Halliwell' (ORCID=None) …each name: C. Halliwell
No match for name variant: C. Halliwell
 → dob=None, dod=None, affil=None
this is names_try: ['John L. Tassoulas', 'John Tassoulas']
maybe orcid: ['0000-0002-0087-6470']
[681/1535] Querying 'John L. Tassoulas' (ORCID=0000-0002-0087-6470) …orcid: 0000-0002-0087-6470
each name: John L. Tassoulas
No match for name variant: John L. Tassoulas
each name: John Tassoulas
No match for name variant: John Tassoulas
 → dob=None, dod=None, affil=None
this is names_try: ['Mark Lucente']
maybe orcid: [nan]
[682/1535] Querying 'Mark Lucente' (ORCID=None) …each name: Mark Lucente
No match for name variant: Mark Lucente
 → dob=None, dod=None, affil=None
this is names_try: ['Keat Teong Lee', 'Keat Lee']
maybe orcid: ['0000-0002-7726-9548']
[683/1535] Querying 'Keat Teong Lee' (ORCID=0000-0002-7726-9548) …orcid: 0000-0002-7726-9548
 → dob=None, dod=None, affil=None
this is names_try: ['Erasmo Correa Gómez', 'Erasmo Gómez']
maybe orcid: ['0000-0002-5871-7667']
[684/1535] Querying 'Erasmo Correa Gómez' (ORCID=0000-0002-5871-7667) …orcid: 0000-0002-5871-7667
each name: Erasmo Correa Gómez
No match for name variant: Erasmo Correa Gómez
each name: Erasmo Gómez
 → dob='1950-11-25T00:00:00Z', dod=None, affil=None
this is names_try: ['Stéphane J. H. Ricoult', 'Stéphane Ricoult']
maybe orcid: [nan]
[685/1535] Querying 'Stéphane J. H. Ricoult' (ORCID=None) …each name: Stéphane J. H. Ricoult
No match for name variant: Stéphane J. H. Ricoult
each name: Stéphane Ricoult
No match for name variant: Stéphane Ricoult
 → dob=None, dod=None, affil=None
this is names_try: ['P. G. Ford', 'P. Ford']
maybe orcid: ['0000-0001-7690-5824']
[686/1535] Querying 'P. G. Ford' (ORCID=0000-0001-7690-5824) …orcid: 0000-0001-7690-5824
each name: P. G. Ford
No match for name variant: P. G. Ford
each name: P. Ford
 → dob='1894-01-01T00:00:00Z', dod='1983-01-01T00:00:00Z', affil=None
this is names_try: ['D. Tieger']
maybe orcid: [nan]
[687/1535] Querying 'D. Tieger' (ORCID=None) …each name: D. Tieger
No match for name variant: D. Tieger
 → dob=None, dod=None, affil=None
this is names_try: ['Elizabeth McNeely']
maybe orcid: [nan]
[688/1535] Querying 'Elizabeth McNeely' (ORCID=None) …each name: Elizabeth McNeely
No match for name variant: Elizabeth McNeely
 → dob=None, dod=None, affil=None
this is names_try: ['S. Nozette']
maybe orcid: [nan]
[689/1535] Querying 'S. Nozette' (ORCID=None) …each name: S. Nozette
No match for name variant: S. Nozette
 → dob=None, dod=None, affil=None
this is names_try: ['R. Alan Plumb', 'R. Plumb']
maybe orcid: ['0000-0002-6716-1576']
[690/1535] Querying 'R. Alan Plumb' (ORCID=0000-0002-6716-1576) …orcid: 0000-0002-6716-1576
each name: R. Alan Plumb
 → dob='1948-03-30T00:00:00Z', dod=None, affil='Massachusetts Institute of Technology'
this is names_try: ['T. P. Welch', 'T. Welch']
maybe orcid: [nan]
[691/1535] Querying 'T. P. Welch' (ORCID=None) …each name: T. P. Welch
No match for name variant: T. P. Welch
each name: T. Welch
 → dob='1844-07-14T00:00:00Z', dod='1919-12-19T00:00:00Z', affil=None
this is names_try: ['Katia Vega']
maybe orcid: ['0000-0001-6374-2851']
[692/1535] Querying 'Katia Vega' (ORCID=0000-0001-6374-2851) …orcid: 0000-0001-6374-2851
 → dob=None, dod=None, affil=None
this is names_try: ['Manisha Mohan']
maybe orcid: [nan]
[693/1535] Querying 'Manisha Mohan' (ORCID=None) …each name: Manisha Mohan
No match for name variant: Manisha Mohan
 → dob=None, dod=None, affil=None
this is names_try: ['Jianxi Luo']
maybe orcid: ['0000-0001-5892-8432']
[694/1535] Querying 'Jianxi Luo' (ORCID=0000-0001-5892-8432) …orcid: 0000-0001-5892-8432
each name: Jianxi Luo
No match for name variant: Jianxi Luo
 → dob=None, dod=None, affil=None
this is names_try: ['Hannah C. Watkins', 'Hannah Watkins']
maybe orcid: [nan]
[695/1535] Querying 'Hannah C. Watkins' (ORCID=None) …each name: Hannah C. Watkins
No match for name variant: Hannah C. Watkins
each name: Hannah Watkins
 → dob='1771-01-01T00:00:00Z', dod=None, affil=None
this is names_try: ['Pu Zheng']
maybe orcid: ['0000-0002-8047-1472']
[696/1535] Querying 'Pu Zheng' (ORCID=0000-0002-8047-1472) …orcid: 0000-0002-8047-1472
 → dob=None, dod=None, affil='Whitehead Institute'
this is names_try: ['Katie Notarangelo']
maybe orcid: [nan]
[697/1535] Querying 'Katie Notarangelo' (ORCID=None) …each name: Katie Notarangelo
No match for name variant: Katie Notarangelo
 → dob=None, dod=None, affil=None
this is names_try: ['David Klee']
maybe orcid: ['0000-0003-1234-9755']
[698/1535] Querying 'David Klee' (ORCID=0000-0003-1234-9755) …orcid: 0000-0003-1234-9755
 → dob=None, dod=None, affil=None
this is names_try: ['Brook Eyob']
maybe orcid: [nan]
[699/1535] Querying 'Brook Eyob' (ORCID=None) …each name: Brook Eyob
No match for name variant: Brook Eyob
 → dob=None, dod=None, affil=None
this is names_try: ['Yan Kung']
maybe orcid: ['0000-0002-6132-7969']
[700/1535] Querying 'Yan Kung' (ORCID=0000-0002-6132-7969) …orcid: 0000-0002-6132-7969
 → dob=None, dod=None, affil='Bryn Mawr College'
this is names_try: ['Tzer Han Tan', 'Tzer Tan']
maybe orcid: ['0000-0001-6246-882X']
[701/1535] Querying 'Tzer Han Tan' (ORCID=0000-0001-6246-882X) …orcid: 0000-0001-6246-882X
 → dob=None, dod=None, affil='Max Planck Institute of Molecular Cell Biology and Genetics'
this is names_try: ['Daniel Dowling']
maybe orcid: ['0000-0002-2536-0905']
[702/1535] Querying 'Daniel Dowling' (ORCID=0000-0002-2536-0905) …orcid: 0000-0002-2536-0905
 → dob=None, dod=None, affil='University of Massachusetts Boston'
this is names_try: ['Elizabeth Chang‐Davidson']
maybe orcid: ['0000-0003-1820-8945']
[703/1535] Querying 'Elizabeth Chang‐Davidson' (ORCID=0000-0003-1820-8945) …orcid: 0000-0003-1820-8945
each name: Elizabeth Chang‐Davidson
No match for name variant: Elizabeth Chang‐Davidson
 → dob=None, dod=None, affil=None
this is names_try: ['Jason Cloud']
maybe orcid: [nan]
[704/1535] Querying 'Jason Cloud' (ORCID=None) …each name: Jason Cloud
 → dob='1991-01-01T00:00:00Z', dod=None, affil=None
this is names_try: ['Yuriy Polyakov']
maybe orcid: ['0000-0002-5566-3763']
[705/1535] Querying 'Yuriy Polyakov' (ORCID=0000-0002-5566-3763) …orcid: 0000-0002-5566-3763
 → dob=None, dod=None, affil='Massachusetts Institute of Technology'
this is names_try: ['Shreyas Gokhale']
maybe orcid: ['0000-0002-0706-5320']
[706/1535] Querying 'Shreyas Gokhale' (ORCID=0000-0002-0706-5320) …orcid: 0000-0002-0706-5320
 → dob=None, dod=None, affil='Massachusetts Institute of Technology'
this is names_try: ['E. J. Green', 'E. Green']
maybe orcid: [nan]
[707/1535] Querying 'E. J. Green' (ORCID=None) …each name: E. J. Green
No match for name variant: E. J. Green
each name: E. Green
 → dob='1959-01-01T00:00:00Z', dod=None, affil='Washington University in St.\xa0Louis'
this is names_try: ['Reed Kopp']
maybe orcid: ['0000-0002-2260-2374']
[708/1535] Querying 'Reed Kopp' (ORCID=0000-0002-2260-2374) …orcid: 0000-0002-2260-2374
each name: Reed Kopp
No match for name variant: Reed Kopp
 → dob=None, dod=None, affil=None
this is names_try: ['Lucas C. Cahill', 'Lucas Cahill']
maybe orcid: [nan]
[709/1535] Querying 'Lucas C. Cahill' (ORCID=None) …each name: Lucas C. Cahill
No match for name variant: Lucas C. Cahill
each name: Lucas Cahill
 → dob=None, dod=None, affil=None
this is names_try: ['Marzieh Mohammadi']
maybe orcid: ['0000-0002-4299-4520']
[710/1535] Querying 'Marzieh Mohammadi' (ORCID=0000-0002-4299-4520) …orcid: 0000-0002-4299-4520
each name: Marzieh Mohammadi
No match for name variant: Marzieh Mohammadi
 → dob=None, dod=None, affil=None
this is names_try: ['Meadhbh Á. Brennan', 'Meadhbh Brennan']
maybe orcid: ['0000-0002-1532-9760']
[711/1535] Querying 'Meadhbh Á. Brennan' (ORCID=0000-0002-1532-9760) …orcid: 0000-0002-1532-9760
 → dob=None, dod=None, affil='Harvard University'
this is names_try: ['Vaibhav Unhelkar']
maybe orcid: ['0000-0002-4530-189X']
[712/1535] Querying 'Vaibhav Unhelkar' (ORCID=0000-0002-4530-189X) …orcid: 0000-0002-4530-189X
 → dob=None, dod=None, affil=None
this is names_try: ['A. Ashkenazi']
maybe orcid: [nan]
[713/1535] Querying 'A. Ashkenazi' (ORCID=None) …each name: A. Ashkenazi
No match for name variant: A. Ashkenazi
 → dob=None, dod=None, affil=None
this is names_try: ['Elizabeth Zhang']
maybe orcid: ['0000-0002-1117-8635']
[714/1535] Querying 'Elizabeth Zhang' (ORCID=0000-0002-1117-8635) …orcid: 0000-0002-1117-8635
each name: Elizabeth Zhang
 → dob=None, dod=None, affil=None
this is names_try: ['Min Jung Kim', 'Min Kim']
maybe orcid: ['0000-0002-4748-0895']
[715/1535] Querying 'Min Jung Kim' (ORCID=0000-0002-4748-0895) …orcid: 0000-0002-4748-0895
each name: Min Jung Kim
 → dob='1985-03-20T00:00:00Z', dod=None, affil=None
this is names_try: ['Lauren L. Stanwicks', 'Lauren Stanwicks']
maybe orcid: [nan]
[716/1535] Querying 'Lauren L. Stanwicks' (ORCID=None) …each name: Lauren L. Stanwicks
No match for name variant: Lauren L. Stanwicks
each name: Lauren Stanwicks
No match for name variant: Lauren Stanwicks
 → dob=None, dod=None, affil=None
this is names_try: ['Huseyin E. Dagdeviren', 'Huseyin Dagdeviren']
maybe orcid: [nan]
[717/1535] Querying 'Huseyin E. Dagdeviren' (ORCID=None) …each name: Huseyin E. Dagdeviren
No match for name variant: Huseyin E. Dagdeviren
each name: Huseyin Dagdeviren
No match for name variant: Huseyin Dagdeviren
 → dob=None, dod=None, affil=None
this is names_try: ['Wenbo Shi']
maybe orcid: ['0000-0001-8979-4350']
[718/1535] Querying 'Wenbo Shi' (ORCID=0000-0001-8979-4350) …orcid: 0000-0001-8979-4350
each name: Wenbo Shi
 → dob=None, dod=None, affil=None
this is names_try: ['Yoshiki Okamoto']
maybe orcid: [nan]
[719/1535] Querying 'Yoshiki Okamoto' (ORCID=None) …each name: Yoshiki Okamoto
 → dob='1961-06-10T00:00:00Z', dod=None, affil=None
this is names_try: ['Ariel Lefkovith']
maybe orcid: ['0000-0003-4519-0429']
[720/1535] Querying 'Ariel Lefkovith' (ORCID=0000-0003-4519-0429) …orcid: 0000-0003-4519-0429
 → dob=None, dod=None, affil=None
this is names_try: ['Daniel J. O’Connell', 'Daniel O’Connell']
maybe orcid: ['0000-0002-4742-683X']
[721/1535] Querying 'Daniel J. O’Connell' (ORCID=0000-0002-4742-683X) …orcid: 0000-0002-4742-683X
each name: Daniel J. O’Connell
 → dob='1908-02-13T00:00:00Z', dod=None, affil=None
this is names_try: ['James P. Roney', 'James Roney']
maybe orcid: ['0000-0003-4818-4323']
[722/1535] Querying 'James P. Roney' (ORCID=0000-0003-4818-4323) …orcid: 0000-0003-4818-4323
each name: James P. Roney
No match for name variant: James P. Roney
each name: James Roney
 → dob=None, dod=None, affil='University of California, Santa Barbara'
this is names_try: ['Mukund Varma']
maybe orcid: ['0000-0002-9254-1247']
[723/1535] Querying 'Mukund Varma' (ORCID=0000-0002-9254-1247) …orcid: 0000-0002-9254-1247
 → dob=None, dod=None, affil=None
this is names_try: ['Syed Rakin Ahmed', 'Syed Ahmed']
maybe orcid: ['0000-0002-1615-8633']
[724/1535] Querying 'Syed Rakin Ahmed' (ORCID=0000-0002-1615-8633) …orcid: 0000-0002-1615-8633
each name: Syed Rakin Ahmed
No match for name variant: Syed Rakin Ahmed
each name: Syed Ahmed
 → dob='1817-10-17T00:00:00Z', dod='1898-03-27T00:00:00Z', affil=None
this is names_try: ['Seychelle M. Vos', 'Seychelle Vos']
maybe orcid: ['0000-0003-1985-2994']
[725/1535] Querying 'Seychelle M. Vos' (ORCID=0000-0003-1985-2994) …orcid: 0000-0003-1985-2994
 → dob=None, dod=None, affil='Massachusetts Institute of Technology'
this is names_try: ['Yvonne Li']
maybe orcid: ['0000-0002-1741-1995']
[726/1535] Querying 'Yvonne Li' (ORCID=0000-0002-1741-1995) …orcid: 0000-0002-1741-1995
each name: Yvonne Li
 → dob='1956-07-24T00:00:00Z', dod=None, affil=None
this is names_try: ['Mustafa Taha Bilge', 'Mustafa Bilge']
maybe orcid: [nan]
[727/1535] Querying 'Mustafa Taha Bilge' (ORCID=None) …each name: Mustafa Taha Bilge
No match for name variant: Mustafa Taha Bilge
each name: Mustafa Bilge
 → dob=None, dod=None, affil=None
this is names_try: ['Andreea Georgescu']
maybe orcid: ['0000-0002-0936-2783']
[728/1535] Querying 'Andreea Georgescu' (ORCID=0000-0002-0936-2783) …orcid: 0000-0002-0936-2783
each name: Andreea Georgescu
No match for name variant: Andreea Georgescu
 → dob=None, dod=None, affil=None
this is names_try: ['Bruno Bockorny']
maybe orcid: ['0000-0002-9162-1560']
[729/1535] Querying 'Bruno Bockorny' (ORCID=0000-0002-9162-1560) …orcid: 0000-0002-9162-1560
 → dob=None, dod=None, affil='Beth Israel Deaconess Medical Center'
this is names_try: ['Krittamate Tiankanon']
maybe orcid: [nan]
[730/1535] Querying 'Krittamate Tiankanon' (ORCID=None) …each name: Krittamate Tiankanon
No match for name variant: Krittamate Tiankanon
 → dob=None, dod=None, affil=None
this is names_try: ['Rebecca E. Montana', 'Rebecca Montana']
maybe orcid: [nan]
[731/1535] Querying 'Rebecca E. Montana' (ORCID=None) …each name: Rebecca E. Montana
No match for name variant: Rebecca E. Montana
each name: Rebecca Montana
 → dob=None, dod=None, affil=None
this is names_try: ['Ali Beyzavi']
maybe orcid: [nan]
[732/1535] Querying 'Ali Beyzavi' (ORCID=None) …each name: Ali Beyzavi
No match for name variant: Ali Beyzavi
 → dob=None, dod=None, affil=None
this is names_try: ['Deeksha Sinha']
maybe orcid: [nan]
[733/1535] Querying 'Deeksha Sinha' (ORCID=None) …each name: Deeksha Sinha
No match for name variant: Deeksha Sinha
 → dob=None, dod=None, affil=None
this is names_try: ['Andrew F. Feldman', 'Andrew Feldman']
maybe orcid: ['0000-0003-1547-6995']
[734/1535] Querying 'Andrew F. Feldman' (ORCID=0000-0003-1547-6995) …orcid: 0000-0003-1547-6995
 → dob=None, dod=None, affil=None
this is names_try: ['J Wilde']
maybe orcid: ['0000-0002-3251-0211']
[735/1535] Querying 'J Wilde' (ORCID=0000-0002-3251-0211) …orcid: 0000-0002-3251-0211
each name: J Wilde
No match for name variant: J Wilde
 → dob=None, dod=None, affil=None
this is names_try: ['Isabella L. Do Orozco', 'Isabella Orozco']
maybe orcid: [nan]
[736/1535] Querying 'Isabella L. Do Orozco' (ORCID=None) …each name: Isabella L. Do Orozco
No match for name variant: Isabella L. Do Orozco
each name: Isabella Orozco
No match for name variant: Isabella Orozco
 → dob=None, dod=None, affil=None
this is names_try: ['Thilo Deckersbach']
maybe orcid: ['0000-0001-7643-0347']
[737/1535] Querying 'Thilo Deckersbach' (ORCID=0000-0001-7643-0347) …orcid: 0000-0001-7643-0347
 → dob=None, dod=None, affil=None
this is names_try: ['Joseph Estabrook']
maybe orcid: ['0000-0002-1027-3315']
[738/1535] Querying 'Joseph Estabrook' (ORCID=0000-0002-1027-3315) …orcid: 0000-0002-1027-3315
each name: Joseph Estabrook
 → dob='1944-05-19T00:00:00Z', dod='2012-02-04T00:00:00Z', affil=None
this is names_try: ['Nitul S. Rajput', 'Nitul Rajput']
maybe orcid: ['0000-0002-2516-7638']
[739/1535] Querying 'Nitul S. Rajput' (ORCID=0000-0002-2516-7638) …orcid: 0000-0002-2516-7638
each name: Nitul S. Rajput
No match for name variant: Nitul S. Rajput
each name: Nitul Rajput
No match for name variant: Nitul Rajput
 → dob=None, dod=None, affil=None
this is names_try: ['Krishnaveni Parvataneni']
maybe orcid: ['0000-0003-4495-1177']
[740/1535] Querying 'Krishnaveni Parvataneni' (ORCID=0000-0003-4495-1177) …orcid: 0000-0003-4495-1177
each name: Krishnaveni Parvataneni
No match for name variant: Krishnaveni Parvataneni
 → dob=None, dod=None, affil=None
this is names_try: ['Andrew H. Bahle', 'Andrew Bahle']
maybe orcid: ['0000-0003-0567-7195']
[741/1535] Querying 'Andrew H. Bahle' (ORCID=0000-0003-0567-7195) …orcid: 0000-0003-0567-7195
 → dob=None, dod=None, affil=None
this is names_try: ['Sonia Maria Pavel', 'Sonia Pavel']
maybe orcid: ['0000-0002-1564-2271']
[742/1535] Querying 'Sonia Maria Pavel' (ORCID=0000-0002-1564-2271) …orcid: 0000-0002-1564-2271
each name: Sonia Maria Pavel
No match for name variant: Sonia Maria Pavel
each name: Sonia Pavel
No match for name variant: Sonia Pavel
 → dob=None, dod=None, affil=None
this is names_try: ['Shijie Gu']
maybe orcid: ['0000-0001-6257-5756']
[743/1535] Querying 'Shijie Gu' (ORCID=0000-0001-6257-5756) …orcid: 0000-0001-6257-5756
 → dob=None, dod=None, affil='Massachusetts Institute of Technology'
this is names_try: ['A. Manimaran']
maybe orcid: ['0009-0008-4166-7369']
[744/1535] Querying 'A. Manimaran' (ORCID=0009-0008-4166-7369) …orcid: 0009-0008-4166-7369
each name: A. Manimaran
No match for name variant: A. Manimaran
 → dob=None, dod=None, affil=None
this is names_try: ['Olivia S. Kim', 'Olivia Kim']
maybe orcid: [nan]
[745/1535] Querying 'Olivia S. Kim' (ORCID=None) …each name: Olivia S. Kim
 → dob=None, dod=None, affil='Harvard Business School'
this is names_try: ['Emma C. Martin', 'Emma Martin']
maybe orcid: ['0000-0002-1875-0251']
[746/1535] Querying 'Emma C. Martin' (ORCID=0000-0002-1875-0251) …orcid: 0000-0002-1875-0251
 → dob=None, dod=None, affil=None
this is names_try: ['Alex Lombardi']
maybe orcid: ['0009-0007-0471-5379']
[747/1535] Querying 'Alex Lombardi' (ORCID=0009-0007-0471-5379) …orcid: 0009-0007-0471-5379
 → dob=None, dod=None, affil=None
this is names_try: ['Hannu S. Laine', 'Hannu Laine']
maybe orcid: ['0000-0001-7233-311X']
[748/1535] Querying 'Hannu S. Laine' (ORCID=0000-0001-7233-311X) …orcid: 0000-0001-7233-311X
each name: Hannu S. Laine
No match for name variant: Hannu S. Laine
each name: Hannu Laine
No match for name variant: Hannu Laine
 → dob=None, dod=None, affil=None
this is names_try: ['Anna Lian']
maybe orcid: [nan]
[749/1535] Querying 'Anna Lian' (ORCID=None) …each name: Anna Lian
 → dob='1937-01-01T00:00:00Z', dod='2021-12-19T00:00:00Z', affil='Museum and Institute of Zoology, Polish Academy of Sciences'
this is names_try: ['Guusje Collin']
maybe orcid: ['0000-0002-7794-6289']
[750/1535] Querying 'Guusje Collin' (ORCID=0000-0002-7794-6289) …orcid: 0000-0002-7794-6289
each name: Guusje Collin
No match for name variant: Guusje Collin
 → dob=None, dod=None, affil=None
this is names_try: ['Henry C. Hicks', 'Henry Hicks']
maybe orcid: [nan]
[751/1535] Querying 'Henry C. Hicks' (ORCID=None) …each name: Henry C. Hicks
No match for name variant: Henry C. Hicks
each name: Henry Hicks
 → dob='1900-12-10T00:00:00Z', dod='1965-08-14T00:00:00Z', affil=None
this is names_try: ['Aviram Massuda']
maybe orcid: [nan]
[752/1535] Querying 'Aviram Massuda' (ORCID=None) …each name: Aviram Massuda
 → dob=None, dod=None, affil=None
this is names_try: ['Phillip D. Keathley', 'Phillip Keathley']
maybe orcid: [nan]
[753/1535] Querying 'Phillip D. Keathley' (ORCID=None) …each name: Phillip D. Keathley
No match for name variant: Phillip D. Keathley
each name: Phillip Keathley
 → dob=None, dod=None, affil='Massachusetts Institute of Technology'
this is names_try: ['Raj Dandekar']
maybe orcid: ['0000-0003-1946-0667']
[754/1535] Querying 'Raj Dandekar' (ORCID=0000-0003-1946-0667) …orcid: 0000-0003-1946-0667
each name: Raj Dandekar
No match for name variant: Raj Dandekar
 → dob=None, dod=None, affil=None
this is names_try: ['Aun Zaidi']
maybe orcid: ['0000-0003-2079-8374']
[755/1535] Querying 'Aun Zaidi' (ORCID=0000-0003-2079-8374) …orcid: 0000-0003-2079-8374
each name: Aun Zaidi
No match for name variant: Aun Zaidi
 → dob=None, dod=None, affil=None
this is names_try: ['Hussein Hazimeh']
maybe orcid: ['0000-0003-4501-0678']
[756/1535] Querying 'Hussein Hazimeh' (ORCID=0000-0003-4501-0678) …orcid: 0000-0003-4501-0678
each name: Hussein Hazimeh
No match for name variant: Hussein Hazimeh
 → dob=None, dod=None, affil=None
this is names_try: ['D Ramesh']
maybe orcid: [nan]
[757/1535] Querying 'D Ramesh' (ORCID=None) …each name: D Ramesh
No match for name variant: D Ramesh
 → dob=None, dod=None, affil=None
this is names_try: ['Michelle Xiao Wu', 'Michelle Wu']
maybe orcid: ['0000-0001-6894-7469']
[758/1535] Querying 'Michelle Xiao Wu' (ORCID=0000-0001-6894-7469) …orcid: 0000-0001-6894-7469
each name: Michelle Xiao Wu
No match for name variant: Michelle Xiao Wu
each name: Michelle Wu
 → dob='1983-03-03T00:00:00Z', dod=None, affil=None
this is names_try: ['Duminda S. Ranasinghe', 'Duminda Ranasinghe']
maybe orcid: ['0000-0002-0318-2888']
[759/1535] Querying 'Duminda S. Ranasinghe' (ORCID=0000-0002-0318-2888) …orcid: 0000-0002-0318-2888
 → dob=None, dod=None, affil='Massachusetts Institute of Technology'
this is names_try: ['Anya Shevzov-Zebrun']
maybe orcid: [nan]
[760/1535] Querying 'Anya Shevzov-Zebrun' (ORCID=None) …each name: Anya Shevzov-Zebrun
No match for name variant: Anya Shevzov-Zebrun
 → dob=None, dod=None, affil=None
this is names_try: ['Ezra Tal']
maybe orcid: ['0000-0002-3601-0935']
[761/1535] Querying 'Ezra Tal' (ORCID=0000-0002-3601-0935) …orcid: 0000-0002-3601-0935
each name: Ezra Tal
 → dob='1917-03-07T00:00:00Z', dod=None, affil=None
this is names_try: ['P. Armstrong']
maybe orcid: ['0000-0003-1997-3649']
[762/1535] Querying 'P. Armstrong' (ORCID=0000-0003-1997-3649) …orcid: 0000-0003-1997-3649
 → dob=None, dod=None, affil=None
this is names_try: ['Millenia Waite']
maybe orcid: [nan]
[763/1535] Querying 'Millenia Waite' (ORCID=None) …each name: Millenia Waite
No match for name variant: Millenia Waite
 → dob=None, dod=None, affil=None
this is names_try: ['Xiaoxiang Zhu']
maybe orcid: ['0000-0003-2228-1942']
[764/1535] Querying 'Xiaoxiang Zhu' (ORCID=0000-0003-2228-1942) …orcid: 0000-0003-2228-1942
each name: Xiaoxiang Zhu
 → dob='1984-12-12T00:00:00Z', dod=None, affil='German Aerospace Center'
this is names_try: ['Xingcheng Lin']
maybe orcid: ['0000-0002-9378-6174']
[765/1535] Querying 'Xingcheng Lin' (ORCID=0000-0002-9378-6174) …orcid: 0000-0002-9378-6174
 → dob=None, dod=None, affil='Massachusetts Institute of Technology'
this is names_try: ['Wei‐Pang Chung']
maybe orcid: ['0000-0001-8485-270X']
[766/1535] Querying 'Wei‐Pang Chung' (ORCID=0000-0001-8485-270X) …orcid: 0000-0001-8485-270X
each name: Wei‐Pang Chung
No match for name variant: Wei‐Pang Chung
 → dob=None, dod=None, affil=None
this is names_try: ['Debkalpa Goswami']
maybe orcid: ['0000-0002-6698-0027']
[767/1535] Querying 'Debkalpa Goswami' (ORCID=0000-0002-6698-0027) …orcid: 0000-0002-6698-0027
 → dob=None, dod=None, affil='ETH Zurich'
this is names_try: ['Jasmine A. Thum', 'Jasmine Thum']
maybe orcid: ['0000-0003-4137-2137']
[768/1535] Querying 'Jasmine A. Thum' (ORCID=0000-0003-4137-2137) …orcid: 0000-0003-4137-2137
each name: Jasmine A. Thum
No match for name variant: Jasmine A. Thum
each name: Jasmine Thum
No match for name variant: Jasmine Thum
 → dob=None, dod=None, affil=None
this is names_try: ['Chelsea Zhang']
maybe orcid: [nan]
[769/1535] Querying 'Chelsea Zhang' (ORCID=None) …each name: Chelsea Zhang
 → dob='1996-11-06T00:00:00Z', dod=None, affil=None
this is names_try: ['Yugo Onishi']
maybe orcid: ['0000-0003-0004-6124']
[770/1535] Querying 'Yugo Onishi' (ORCID=0000-0003-0004-6124) …orcid: 0000-0003-0004-6124
 → dob=None, dod=None, affil=None
this is names_try: ['Jacob Hansen']
maybe orcid: [nan]
[771/1535] Querying 'Jacob Hansen' (ORCID=None) …each name: Jacob Hansen
 → dob='1970-11-09T00:00:00Z', dod=None, affil=None
this is names_try: ['Catherine Yao']
maybe orcid: [nan]
[772/1535] Querying 'Catherine Yao' (ORCID=None) …each name: Catherine Yao
No match for name variant: Catherine Yao
 → dob=None, dod=None, affil=None
this is names_try: ['Jean‐Benoît Lalanne']
maybe orcid: ['0000-0001-8753-0669']
[773/1535] Querying 'Jean‐Benoît Lalanne' (ORCID=0000-0001-8753-0669) …orcid: 0000-0001-8753-0669
 → dob=None, dod=None, affil=None
this is names_try: ['Stephen A. Guerrera', 'Stephen Guerrera']
maybe orcid: [nan]
[774/1535] Querying 'Stephen A. Guerrera' (ORCID=None) …each name: Stephen A. Guerrera
No match for name variant: Stephen A. Guerrera
each name: Stephen Guerrera
No match for name variant: Stephen Guerrera
 → dob=None, dod=None, affil=None
this is names_try: ['Nayoung Kim']
maybe orcid: ['0000-0001-6808-8625']
[775/1535] Querying 'Nayoung Kim' (ORCID=0000-0001-6808-8625) …orcid: 0000-0001-6808-8625
each name: Nayoung Kim
 → dob=None, dod=None, affil='Seoul National University'
this is names_try: ['James Taggart']
maybe orcid: ['0000-0002-6853-1583']
[776/1535] Querying 'James Taggart' (ORCID=0000-0002-6853-1583) …orcid: 0000-0002-6853-1583
each name: James Taggart
 → dob='1859-04-22T00:00:00Z', dod='1949-04-13T00:00:00Z', affil=None
this is names_try: ['A.I. Akinwande']
maybe orcid: [nan]
[777/1535] Querying 'A.I. Akinwande' (ORCID=None) …each name: A.I. Akinwande
No match for name variant: A.I. Akinwande
 → dob=None, dod=None, affil=None
this is names_try: ['Alkiviadis Mertzios']
maybe orcid: [nan]
[778/1535] Querying 'Alkiviadis Mertzios' (ORCID=None) …each name: Alkiviadis Mertzios
No match for name variant: Alkiviadis Mertzios
 → dob=None, dod=None, affil=None
this is names_try: ['Monica S. Guo', 'Monica Guo']
maybe orcid: ['0000-0002-6720-2323']
[779/1535] Querying 'Monica S. Guo' (ORCID=0000-0002-6720-2323) …orcid: 0000-0002-6720-2323
 → dob=None, dod=None, affil='Massachusetts Institute of Technology'
this is names_try: ['Jessica M. Greer', 'Jessica Greer']
maybe orcid: [nan]
[780/1535] Querying 'Jessica M. Greer' (ORCID=None) …each name: Jessica M. Greer
No match for name variant: Jessica M. Greer
each name: Jessica Greer
 → dob=None, dod=None, affil=None
this is names_try: ['Matea Gjika']
maybe orcid: [nan]
[781/1535] Querying 'Matea Gjika' (ORCID=None) …each name: Matea Gjika
No match for name variant: Matea Gjika
 → dob=None, dod=None, affil=None
this is names_try: ['Lydia Herzel']
maybe orcid: ['0000-0001-8965-290X']
[782/1535] Querying 'Lydia Herzel' (ORCID=0000-0001-8965-290X) …orcid: 0000-0001-8965-290X
 → dob=None, dod=None, affil=None
this is names_try: ['Xidan Xu']
maybe orcid: [nan]
[783/1535] Querying 'Xidan Xu' (ORCID=None) …each name: Xidan Xu
No match for name variant: Xidan Xu
 → dob=None, dod=None, affil=None
this is names_try: ['Ariel Schieler']
maybe orcid: [nan]
[784/1535] Querying 'Ariel Schieler' (ORCID=None) …each name: Ariel Schieler
No match for name variant: Ariel Schieler
 → dob=None, dod=None, affil=None
this is names_try: ['Klaus Kreuels']
maybe orcid: [nan]
[785/1535] Querying 'Klaus Kreuels' (ORCID=None) …each name: Klaus Kreuels
No match for name variant: Klaus Kreuels
 → dob=None, dod=None, affil=None
this is names_try: ['Mehdi Noori']
maybe orcid: ['0009-0000-0945-5245']
[786/1535] Querying 'Mehdi Noori' (ORCID=0009-0000-0945-5245) …orcid: 0009-0000-0945-5245
each name: Mehdi Noori
 → dob='1980-02-14T00:00:00Z', dod=None, affil=None
this is names_try: ['Thomas Y. Cong', 'Thomas Cong']
maybe orcid: [nan]
[787/1535] Querying 'Thomas Y. Cong' (ORCID=None) …each name: Thomas Y. Cong
No match for name variant: Thomas Y. Cong
each name: Thomas Cong
 → dob='1931-03-17T00:00:00Z', dod='2008-12-23T00:00:00Z', affil=None
this is names_try: ['Gene‐Wei Li']
maybe orcid: ['0000-0001-7036-8511']
[788/1535] Querying 'Gene‐Wei Li' (ORCID=0000-0001-7036-8511) …orcid: 0000-0001-7036-8511
 → dob=None, dod=None, affil='Massachusetts Institute of Technology'
this is names_try: ['Yumeng Ou']
maybe orcid: ['0000-0003-3307-501X']
[789/1535] Querying 'Yumeng Ou' (ORCID=0000-0003-3307-501X) …orcid: 0000-0003-3307-501X
each name: Yumeng Ou
 → dob=None, dod=None, affil='University of Pennsylvania'
this is names_try: ['Yingjie Zhao']
maybe orcid: ['0000-0001-7170-2403']
[790/1535] Querying 'Yingjie Zhao' (ORCID=0000-0001-7170-2403) …orcid: 0000-0001-7170-2403
each name: Yingjie Zhao
 → dob=None, dod=None, affil='University of Geneva'
this is names_try: ['Ahmad Reza Malekpour', 'Ahmad Malekpour']
maybe orcid: [nan]
[791/1535] Querying 'Ahmad Reza Malekpour' (ORCID=None) …each name: Ahmad Reza Malekpour
No match for name variant: Ahmad Reza Malekpour
each name: Ahmad Malekpour
No match for name variant: Ahmad Malekpour
 → dob=None, dod=None, affil=None
this is names_try: ['María Sala']
maybe orcid: ['0000-0002-9955-8746']
[792/1535] Querying 'María Sala' (ORCID=0000-0002-9955-8746) …orcid: 0000-0002-9955-8746
 → dob=None, dod=None, affil='Pompeu Fabra University'
this is names_try: ['Brian Green']
maybe orcid: ['0000-0002-4605-8991']
[793/1535] Querying 'Brian Green' (ORCID=0000-0002-4605-8991) …orcid: 0000-0002-4605-8991
each name: Brian Green
 → dob='1963-02-09T00:00:00Z', dod=None, affil='Columbia University'
this is names_try: ['Frederik Mallmann-Trenn']
maybe orcid: ['0000-0003-0363-8547']
[794/1535] Querying 'Frederik Mallmann-Trenn' (ORCID=0000-0003-0363-8547) …orcid: 0000-0003-0363-8547
 → dob=None, dod=None, affil=None
this is names_try: ['D. K. Rana', 'D. Rana']
maybe orcid: [nan]
[795/1535] Querying 'D. K. Rana' (ORCID=None) …each name: D. K. Rana
No match for name variant: D. K. Rana
each name: D. Rana
No match for name variant: D. Rana
 → dob=None, dod=None, affil=None
this is names_try: ['Bentley Clinton']
maybe orcid: ['0000-0003-2552-5594']
[796/1535] Querying 'Bentley Clinton' (ORCID=0000-0003-2552-5594) …orcid: 0000-0003-2552-5594
each name: Bentley Clinton
No match for name variant: Bentley Clinton
 → dob=None, dod=None, affil=None
this is names_try: ['Sergey Belan']
maybe orcid: ['0000-0002-8790-3346']
[797/1535] Querying 'Sergey Belan' (ORCID=0000-0002-8790-3346) …orcid: 0000-0002-8790-3346
 → dob=None, dod=None, affil='Massachusetts Institute of Technology'
this is names_try: ['Yuang Chen']
maybe orcid: ['0000-0001-8733-3948']
[798/1535] Querying 'Yuang Chen' (ORCID=0000-0001-8733-3948) …orcid: 0000-0001-8733-3948
each name: Yuang Chen
 → dob='1919-09-15T00:00:00Z', dod='2019-12-15T00:00:00Z', affil='California Institute of Technology'
this is names_try: ['Myungwoon Lee']
maybe orcid: ['0000-0001-9230-0446']
[799/1535] Querying 'Myungwoon Lee' (ORCID=0000-0001-9230-0446) …orcid: 0000-0001-9230-0446
each name: Myungwoon Lee
No match for name variant: Myungwoon Lee
 → dob=None, dod=None, affil=None
this is names_try: ['Ognjen Rudovic']
maybe orcid: ['0000-0003-1165-6075']
[800/1535] Querying 'Ognjen Rudovic' (ORCID=0000-0003-1165-6075) …orcid: 0000-0003-1165-6075
 → dob=None, dod=None, affil=None
this is names_try: ['Robin A. Lu', 'Robin Lu']
maybe orcid: [nan]
[801/1535] Querying 'Robin A. Lu' (ORCID=None) …each name: Robin A. Lu
No match for name variant: Robin A. Lu
each name: Robin Lu
 → dob='1968-02-26T00:00:00Z', dod=None, affil=None
this is names_try: ['J. Schaeffer']
maybe orcid: [nan]
[802/1535] Querying 'J. Schaeffer' (ORCID=None) …each name: J. Schaeffer
 → dob=None, dod=None, affil=None
this is names_try: ['Rebecca R. Romatoski', 'Rebecca Romatoski']
maybe orcid: [nan]
[803/1535] Querying 'Rebecca R. Romatoski' (ORCID=None) …each name: Rebecca R. Romatoski
No match for name variant: Rebecca R. Romatoski
each name: Rebecca Romatoski
 → dob=None, dod=None, affil='St. Ambrose University'
this is names_try: ['Frédéric A. Dreyer', 'Frédéric Dreyer']
maybe orcid: ['0000-0002-0445-7863']
[804/1535] Querying 'Frédéric A. Dreyer' (ORCID=0000-0002-0445-7863) …orcid: 0000-0002-0445-7863
 → dob=None, dod=None, affil='University of Oxford'
this is names_try: ['Jen Nguyen']
maybe orcid: [nan]
[805/1535] Querying 'Jen Nguyen' (ORCID=None) …each name: Jen Nguyen
No match for name variant: Jen Nguyen
 → dob=None, dod=None, affil=None
this is names_try: ['Samkyu P. Yaffe', 'Samkyu Yaffe']
maybe orcid: [nan]
[806/1535] Querying 'Samkyu P. Yaffe' (ORCID=None) …each name: Samkyu P. Yaffe
No match for name variant: Samkyu P. Yaffe
each name: Samkyu Yaffe
No match for name variant: Samkyu Yaffe
 → dob=None, dod=None, affil=None
this is names_try: ['Dongchang Zheng']
maybe orcid: ['0000-0002-6281-0338']
[807/1535] Querying 'Dongchang Zheng' (ORCID=0000-0002-6281-0338) …orcid: 0000-0002-6281-0338
 → dob=None, dod=None, affil=None
this is names_try: ['Hong-Yi TuYe']
maybe orcid: ['0009-0000-2708-0467']
[808/1535] Querying 'Hong-Yi TuYe' (ORCID=0009-0000-2708-0467) …orcid: 0009-0000-2708-0467
each name: Hong-Yi TuYe
No match for name variant: Hong-Yi TuYe
 → dob=None, dod=None, affil=None
this is names_try: ['Matthew R. Elkins', 'Matthew Elkins']
maybe orcid: [nan]
[809/1535] Querying 'Matthew R. Elkins' (ORCID=None) …each name: Matthew R. Elkins
No match for name variant: Matthew R. Elkins
each name: Matthew Elkins
No match for name variant: Matthew Elkins
 → dob=None, dod=None, affil=None
this is names_try: ['Jordon Hemingway']
maybe orcid: ['0000-0002-8299-2255']
[810/1535] Querying 'Jordon Hemingway' (ORCID=0000-0002-8299-2255) …orcid: 0000-0002-8299-2255
 → dob=None, dod=None, affil='ETH Zurich'
this is names_try: ['Laurent C. Francioli', 'Laurent Francioli']
maybe orcid: ['0000-0002-3039-8895']
[811/1535] Querying 'Laurent C. Francioli' (ORCID=0000-0002-3039-8895) …orcid: 0000-0002-3039-8895
 → dob=None, dod=None, affil='Massachusetts General Hospital'
this is names_try: ['Shizuo SHIRAI']
maybe orcid: [nan]
[812/1535] Querying 'Shizuo SHIRAI' (ORCID=None) …each name: Shizuo SHIRAI
 → dob='1948-11-02T00:00:00Z', dod=None, affil=None
this is names_try: ['Byung Su Kwon', 'Byung Kwon']
maybe orcid: ['0000-0002-9586-0200']
[813/1535] Querying 'Byung Su Kwon' (ORCID=0000-0002-9586-0200) …orcid: 0000-0002-9586-0200
 → dob=None, dod=None, affil=None
this is names_try: ['Sruthi Kalavacherla']
maybe orcid: [nan]
[814/1535] Querying 'Sruthi Kalavacherla' (ORCID=None) …each name: Sruthi Kalavacherla
No match for name variant: Sruthi Kalavacherla
 → dob=None, dod=None, affil=None
this is names_try: ['Katherine R. Travis', 'Katherine Travis']
maybe orcid: ['0000-0003-1628-0353']
[815/1535] Querying 'Katherine R. Travis' (ORCID=0000-0003-1628-0353) …orcid: 0000-0003-1628-0353
 → dob=None, dod=None, affil='Massachusetts Institute of Technology'
this is names_try: ['Samantha Dale Strasser', 'Samantha Strasser']
maybe orcid: [nan]
[816/1535] Querying 'Samantha Dale Strasser' (ORCID=None) …each name: Samantha Dale Strasser
No match for name variant: Samantha Dale Strasser
each name: Samantha Strasser
No match for name variant: Samantha Strasser
 → dob=None, dod=None, affil=None
this is names_try: ['Victor Singh']
maybe orcid: [nan]
[817/1535] Querying 'Victor Singh' (ORCID=None) …each name: Victor Singh
No match for name variant: Victor Singh
 → dob=None, dod=None, affil=None
this is names_try: ['Renato Carneiro de Freitas Chaves', 'Renato Chaves']
maybe orcid: ['0000-0001-7324-272X']
[818/1535] Querying 'Renato Carneiro de Freitas Chaves' (ORCID=0000-0001-7324-272X) …orcid: 0000-0001-7324-272X
 → dob=None, dod=None, affil='Albert Einstein Israelite Hospital'
this is names_try: ['Douglas K. Brubaker', 'Douglas Brubaker']
maybe orcid: ['0000-0001-5083-0334']
[819/1535] Querying 'Douglas K. Brubaker' (ORCID=0000-0001-5083-0334) …orcid: 0000-0001-5083-0334
 → dob=None, dod=None, affil=None
this is names_try: ['Themis Gouleakis']
maybe orcid: [nan]
[820/1535] Querying 'Themis Gouleakis' (ORCID=None) …each name: Themis Gouleakis
No match for name variant: Themis Gouleakis
 → dob=None, dod=None, affil=None
this is names_try: ['Andrew S. Greenspon', 'Andrew Greenspon']
maybe orcid: ['0000-0002-9631-7568']
[821/1535] Querying 'Andrew S. Greenspon' (ORCID=0000-0002-9631-7568) …orcid: 0000-0002-9631-7568
 → dob=None, dod=None, affil='Harvard University'
this is names_try: ['Hyemin Bang']
maybe orcid: [nan]
[822/1535] Querying 'Hyemin Bang' (ORCID=None) …each name: Hyemin Bang
No match for name variant: Hyemin Bang
 → dob=None, dod=None, affil=None
this is names_try: ['Sidhant J. Pai', 'Sidhant Pai']
maybe orcid: [nan]
[823/1535] Querying 'Sidhant J. Pai' (ORCID=None) …each name: Sidhant J. Pai
No match for name variant: Sidhant J. Pai
each name: Sidhant Pai
 → dob=None, dod=None, affil='Massachusetts Institute of Technology'
this is names_try: ['Peter Hintz']
maybe orcid: ['0000-0002-7346-9016']
[824/1535] Querying 'Peter Hintz' (ORCID=0000-0002-7346-9016) …orcid: 0000-0002-7346-9016
 → dob='1991-01-01T00:00:00Z', dod=None, affil='ETH Zurich'
this is names_try: ['Shuqiang Li']
maybe orcid: ['0000-0002-9916-7702']
[825/1535] Querying 'Shuqiang Li' (ORCID=0000-0002-9916-7702) …orcid: 0000-0002-9916-7702
 → dob=None, dod=None, affil=None
this is names_try: ['Cécile Repellin']
maybe orcid: ['0000-0003-2420-6815']
[826/1535] Querying 'Cécile Repellin' (ORCID=0000-0003-2420-6815) …orcid: 0000-0003-2420-6815
 → dob=None, dod=None, affil=None
this is names_try: ['Sharon Gilad‐Gutnick']
maybe orcid: [nan]
[827/1535] Querying 'Sharon Gilad‐Gutnick' (ORCID=None) …each name: Sharon Gilad‐Gutnick
No match for name variant: Sharon Gilad‐Gutnick
 → dob=None, dod=None, affil=None
this is names_try: ['Lukas Vogelsang']
maybe orcid: ['0000-0002-2355-9064']
[828/1535] Querying 'Lukas Vogelsang' (ORCID=0000-0002-2355-9064) …orcid: 0000-0002-2355-9064
each name: Lukas Vogelsang
No match for name variant: Lukas Vogelsang
 → dob=None, dod=None, affil=None
this is names_try: ['Hayoun Noh']
maybe orcid: ['0000-0002-9138-5780']
[829/1535] Querying 'Hayoun Noh' (ORCID=0000-0002-9138-5780) …orcid: 0000-0002-9138-5780
each name: Hayoun Noh
No match for name variant: Hayoun Noh
 → dob=None, dod=None, affil=None
this is names_try: ['Adrien Lefèvre']
maybe orcid: [nan]
[830/1535] Querying 'Adrien Lefèvre' (ORCID=None) …each name: Adrien Lefèvre
No match for name variant: Adrien Lefèvre
 → dob=None, dod=None, affil=None
this is names_try: ['Zhihuan Dong']
maybe orcid: [nan]
[831/1535] Querying 'Zhihuan Dong' (ORCID=None) …each name: Zhihuan Dong
No match for name variant: Zhihuan Dong
 → dob=None, dod=None, affil=None
this is names_try: ['Evan Ehrenberg']
maybe orcid: [nan]
[832/1535] Querying 'Evan Ehrenberg' (ORCID=None) …each name: Evan Ehrenberg
No match for name variant: Evan Ehrenberg
 → dob=None, dod=None, affil=None
this is names_try: ['Xiao Xiao']
maybe orcid: [nan]
[833/1535] Querying 'Xiao Xiao' (ORCID=None) …each name: Xiao Xiao
 → dob='2004-11-22T00:00:00Z', dod=None, affil=None
this is names_try: ['Lucy Li']
maybe orcid: [nan]
[834/1535] Querying 'Lucy Li' (ORCID=None) …each name: Lucy Li
 → dob='1937-04-14T00:00:00Z', dod=None, affil='Semiotext(e)'
this is names_try: ['Vikram Nathan']
maybe orcid: ['0000-0003-0189-0271']
[835/1535] Querying 'Vikram Nathan' (ORCID=0000-0003-0189-0271) …orcid: 0000-0003-0189-0271
each name: Vikram Nathan
No match for name variant: Vikram Nathan
 → dob=None, dod=None, affil=None
this is names_try: ['Thomas Defferriere']
maybe orcid: [nan]
[836/1535] Querying 'Thomas Defferriere' (ORCID=None) …each name: Thomas Defferriere
No match for name variant: Thomas Defferriere
 → dob=None, dod=None, affil=None
this is names_try: ['Holly McKee']
maybe orcid: ['0009-0002-9636-1400']
[837/1535] Querying 'Holly McKee' (ORCID=0009-0002-9636-1400) …orcid: 0009-0002-9636-1400
each name: Holly McKee
No match for name variant: Holly McKee
 → dob=None, dod=None, affil=None
this is names_try: ['John Sturm Becko', 'John Becko']
maybe orcid: [nan]
[838/1535] Querying 'John Sturm Becko' (ORCID=None) …each name: John Sturm Becko
No match for name variant: John Sturm Becko
each name: John Becko
No match for name variant: John Becko
 → dob=None, dod=None, affil=None
this is names_try: ['I-Yun Lisa Hsieh', 'I-Yun Hsieh']
maybe orcid: ['0000-0002-1668-4094']
[839/1535] Querying 'I-Yun Lisa Hsieh' (ORCID=0000-0002-1668-4094) …orcid: 0000-0002-1668-4094
each name: I-Yun Lisa Hsieh
No match for name variant: I-Yun Lisa Hsieh
each name: I-Yun Hsieh
No match for name variant: I-Yun Hsieh
 → dob=None, dod=None, affil=None
this is names_try: ['Alexia Stollmann']
maybe orcid: ['0000-0002-2045-1349']
[840/1535] Querying 'Alexia Stollmann' (ORCID=0000-0002-2045-1349) …orcid: 0000-0002-2045-1349
each name: Alexia Stollmann
No match for name variant: Alexia Stollmann
 → dob=None, dod=None, affil=None
this is names_try: ['Alaa Algargoosh']
maybe orcid: ['0000-0003-4288-8581']
[841/1535] Querying 'Alaa Algargoosh' (ORCID=0000-0003-4288-8581) …orcid: 0000-0003-4288-8581
each name: Alaa Algargoosh
No match for name variant: Alaa Algargoosh
 → dob=None, dod=None, affil=None
this is names_try: ['Shelby Kimmel']
maybe orcid: ['0000-0003-0726-4167']
[842/1535] Querying 'Shelby Kimmel' (ORCID=0000-0003-0726-4167) …orcid: 0000-0003-0726-4167
each name: Shelby Kimmel
 → dob=None, dod=None, affil=None
this is names_try: ['Salome Aguilar Llanes', 'Salome Llanes']
maybe orcid: ['0009-0009-7478-8965']
[843/1535] Querying 'Salome Aguilar Llanes' (ORCID=0009-0009-7478-8965) …orcid: 0009-0009-7478-8965
each name: Salome Aguilar Llanes
No match for name variant: Salome Aguilar Llanes
each name: Salome Llanes
No match for name variant: Salome Llanes
 → dob=None, dod=None, affil=None
this is names_try: ['Richard Linares']
maybe orcid: ['0000-0001-8325-7378']
[844/1535] Querying 'Richard Linares' (ORCID=0000-0001-8325-7378) …orcid: 0000-0001-8325-7378
each name: Richard Linares
 → dob=None, dod=None, affil=None
this is names_try: ['Harry Hanlim Kang', 'Harry Kang']
maybe orcid: [nan]
[845/1535] Querying 'Harry Hanlim Kang' (ORCID=None) …each name: Harry Hanlim Kang
No match for name variant: Harry Hanlim Kang
each name: Harry Kang
 → dob=None, dod=None, affil=None
this is names_try: ['Rogier Braakman']
maybe orcid: ['0000-0002-4485-8450']
[846/1535] Querying 'Rogier Braakman' (ORCID=0000-0002-4485-8450) …orcid: 0000-0002-4485-8450
each name: Rogier Braakman
No match for name variant: Rogier Braakman
 → dob=None, dod=None, affil=None
this is names_try: ['Maria A. Zawadowicz', 'Maria Zawadowicz']
maybe orcid: ['0000-0003-4234-0954']
[847/1535] Querying 'Maria A. Zawadowicz' (ORCID=0000-0003-4234-0954) …orcid: 0000-0003-4234-0954
 → dob=None, dod=None, affil='Massachusetts Institute of Technology'
this is names_try: ['Saverio Cambioni']
maybe orcid: ['0000-0001-6294-4523']
[848/1535] Querying 'Saverio Cambioni' (ORCID=0000-0001-6294-4523) …orcid: 0000-0001-6294-4523
 → dob=None, dod=None, affil=None
this is names_try: ['Odai Elyas']
maybe orcid: [nan]
[849/1535] Querying 'Odai Elyas' (ORCID=None) …each name: Odai Elyas
No match for name variant: Odai Elyas
 → dob=None, dod=None, affil=None
this is names_try: ['Megan Goodell']
maybe orcid: [nan]
[850/1535] Querying 'Megan Goodell' (ORCID=None) …each name: Megan Goodell
No match for name variant: Megan Goodell
 → dob=None, dod=None, affil=None
this is names_try: ['Michiel A. Bakker', 'Michiel Bakker']
maybe orcid: ['0000-0003-4474-7109']
[851/1535] Querying 'Michiel A. Bakker' (ORCID=0000-0003-4474-7109) …orcid: 0000-0003-4474-7109
each name: Michiel A. Bakker
No match for name variant: Michiel A. Bakker
each name: Michiel Bakker
 → dob=None, dod=None, affil=None
this is names_try: ['Michael Rösch']
maybe orcid: [nan]
[852/1535] Querying 'Michael Rösch' (ORCID=None) …each name: Michael Rösch
 → dob='1983-05-04T00:00:00Z', dod=None, affil=None
this is names_try: ['Hashim Hashim']
maybe orcid: ['0000-0003-2467-407X']
[853/1535] Querying 'Hashim Hashim' (ORCID=0000-0003-2467-407X) …orcid: 0000-0003-2467-407X
 → dob=None, dod=None, affil=None
this is names_try: ['Stephen Li']
maybe orcid: ['0000-0001-5010-771X']
[854/1535] Querying 'Stephen Li' (ORCID=0000-0001-5010-771X) …orcid: 0000-0001-5010-771X
 → dob=None, dod=None, affil='Kaiser Permanente San Francisco Medical Center'
this is names_try: ['Matthew Parno']
maybe orcid: ['0000-0002-9419-2693']
[855/1535] Querying 'Matthew Parno' (ORCID=0000-0002-9419-2693) …orcid: 0000-0002-9419-2693
each name: Matthew Parno
No match for name variant: Matthew Parno
 → dob=None, dod=None, affil=None
this is names_try: ['J. R. Williams', 'J. Williams']
maybe orcid: [nan]
[856/1535] Querying 'J. R. Williams' (ORCID=None) …each name: J. R. Williams
 → dob='1888-03-30T00:00:00Z', dod='1957-06-17T00:00:00Z', affil=None
this is names_try: ['Mark Chilenski']
maybe orcid: ['0000-0002-3616-8484']
[857/1535] Querying 'Mark Chilenski' (ORCID=0000-0002-3616-8484) …orcid: 0000-0002-3616-8484
 → dob=None, dod=None, affil=None
this is names_try: ['Xinghong Fu']
maybe orcid: [nan]
[858/1535] Querying 'Xinghong Fu' (ORCID=None) …each name: Xinghong Fu
No match for name variant: Xinghong Fu
 → dob=None, dod=None, affil=None
this is names_try: ['J. Walk']
maybe orcid: [nan]
[859/1535] Querying 'J. Walk' (ORCID=None) …each name: J. Walk
 → dob='1976-10-16T00:00:00Z', dod=None, affil=None
this is names_try: ['Andrew Zheng']
maybe orcid: ['0000-0001-6711-553X']
[860/1535] Querying 'Andrew Zheng' (ORCID=0000-0001-6711-553X) …orcid: 0000-0001-6711-553X
 → dob=None, dod=None, affil=None
this is names_try: ['Russel Bradley']
maybe orcid: ['0000-0002-9454-4951']
[861/1535] Querying 'Russel Bradley' (ORCID=0000-0002-9454-4951) …orcid: 0000-0002-9454-4951
each name: Russel Bradley
No match for name variant: Russel Bradley
 → dob=None, dod=None, affil=None
this is names_try: ['Michael Lingzhi Li', 'Michael Li']
maybe orcid: ['0000-0002-2456-4834']
[862/1535] Querying 'Michael Lingzhi Li' (ORCID=0000-0002-2456-4834) …orcid: 0000-0002-2456-4834
 → dob=None, dod=None, affil='Harvard Business School'
this is names_try: ['Daniel Chongli Chen', 'Daniel Chen']
maybe orcid: ['0000-0001-6538-5608']
[863/1535] Querying 'Daniel Chongli Chen' (ORCID=0000-0001-6538-5608) …orcid: 0000-0001-6538-5608
each name: Daniel Chongli Chen
No match for name variant: Daniel Chongli Chen
each name: Daniel Chen
 → dob='1895-03-23T00:00:00Z', dod='1985-09-13T00:00:00Z', affil=None
this is names_try: ['Victor L. Qin', 'Victor Qin']
maybe orcid: ['0009-0007-2443-3889']
[864/1535] Querying 'Victor L. Qin' (ORCID=0009-0007-2443-3889) …orcid: 0009-0007-2443-3889
each name: Victor L. Qin
No match for name variant: Victor L. Qin
each name: Victor Qin
No match for name variant: Victor Qin
 → dob=None, dod=None, affil=None
this is names_try: ['Sasan Jalili‐Firoozinezhad']
maybe orcid: ['0000-0002-5004-893X']
[865/1535] Querying 'Sasan Jalili‐Firoozinezhad' (ORCID=0000-0002-5004-893X) …orcid: 0000-0002-5004-893X
 → dob=None, dod=None, affil='Massachusetts Institute of Technology'
this is names_try: ['Claudio Vergara']
maybe orcid: [nan]
[866/1535] Querying 'Claudio Vergara' (ORCID=None) …each name: Claudio Vergara
No match for name variant: Claudio Vergara
 → dob=None, dod=None, affil=None
this is names_try: ['Zunpeng Liu']
maybe orcid: ['0000-0002-1513-9991']
[867/1535] Querying 'Zunpeng Liu' (ORCID=0000-0002-1513-9991) …orcid: 0000-0002-1513-9991
each name: Zunpeng Liu
 → dob=None, dod=None, affil=None
this is names_try: ['Hiruy S. Meharena', 'Hiruy Meharena']
maybe orcid: ['0000-0002-0030-2223']
[868/1535] Querying 'Hiruy S. Meharena' (ORCID=0000-0002-0030-2223) …orcid: 0000-0002-0030-2223
each name: Hiruy S. Meharena
No match for name variant: Hiruy S. Meharena
each name: Hiruy Meharena
No match for name variant: Hiruy Meharena
 → dob=None, dod=None, affil=None
this is names_try: ['Michael Zervas']
maybe orcid: [nan]
[869/1535] Querying 'Michael Zervas' (ORCID=None) …each name: Michael Zervas
No match for name variant: Michael Zervas
 → dob=None, dod=None, affil=None
this is names_try: ['Stuart B. Fass', 'Stuart Fass']
maybe orcid: ['0000-0002-5071-2407']
[870/1535] Querying 'Stuart B. Fass' (ORCID=0000-0002-5071-2407) …orcid: 0000-0002-5071-2407
each name: Stuart B. Fass
No match for name variant: Stuart B. Fass
each name: Stuart Fass
No match for name variant: Stuart Fass
 → dob=None, dod=None, affil=None
this is names_try: ['P. Lorenzo Bozzelli', 'P. Bozzelli']
maybe orcid: ['0000-0002-3760-521X']
[871/1535] Querying 'P. Lorenzo Bozzelli' (ORCID=0000-0002-3760-521X) …orcid: 0000-0002-3760-521X
 → dob=None, dod=None, affil='Massachusetts Institute of Technology'
this is names_try: ['Angela M. DiCiccio', 'Angela DiCiccio']
maybe orcid: [nan]
[872/1535] Querying 'Angela M. DiCiccio' (ORCID=None) …each name: Angela M. DiCiccio
No match for name variant: Angela M. DiCiccio
each name: Angela DiCiccio
No match for name variant: Angela DiCiccio
 → dob=None, dod=None, affil=None
this is names_try: ['Dongke Zhang']
maybe orcid: ['0000-0003-0715-7986']
[873/1535] Querying 'Dongke Zhang' (ORCID=0000-0003-0715-7986) …orcid: 0000-0003-0715-7986
 → dob=None, dod=None, affil='University of Adelaide'
this is names_try: ['George Samaan']
maybe orcid: [nan]
[874/1535] Querying 'George Samaan' (ORCID=None) …each name: George Samaan
No match for name variant: George Samaan
 → dob=None, dod=None, affil=None
this is names_try: ['Travis Rogers']
maybe orcid: [nan]
[875/1535] Querying 'Travis Rogers' (ORCID=None) …each name: Travis Rogers
No match for name variant: Travis Rogers
 → dob=None, dod=None, affil=None
this is names_try: ['Aleksandra Rosendo dos Santos', 'Aleksandra Santos']
maybe orcid: ['0000-0001-8104-0917']
[876/1535] Querying 'Aleksandra Rosendo dos Santos' (ORCID=0000-0001-8104-0917) …orcid: 0000-0001-8104-0917
 → dob=None, dod=None, affil=None
this is names_try: ['Mitchell H. Murdock', 'Mitchell Murdock']
maybe orcid: ['0000-0001-8625-624X']
[877/1535] Querying 'Mitchell H. Murdock' (ORCID=0000-0001-8625-624X) …orcid: 0000-0001-8625-624X
 → dob=None, dod=None, affil='Massachusetts Institute of Technology'
this is names_try: ['Li-Lun Ho']
maybe orcid: [nan]
[878/1535] Querying 'Li-Lun Ho' (ORCID=None) …each name: Li-Lun Ho
No match for name variant: Li-Lun Ho
 → dob=None, dod=None, affil=None
this is names_try: ['Karen S. Yee', 'Karen Yee']
maybe orcid: ['0000-0002-6026-1435']
[879/1535] Querying 'Karen S. Yee' (ORCID=0000-0002-6026-1435) …orcid: 0000-0002-6026-1435
 → dob=None, dod=None, affil=None
this is names_try: ['Oyku Cerit']
maybe orcid: ['0000-0002-3957-7689']
[880/1535] Querying 'Oyku Cerit' (ORCID=0000-0002-3957-7689) …orcid: 0000-0002-3957-7689
each name: Oyku Cerit
No match for name variant: Oyku Cerit
 → dob=None, dod=None, affil=None
this is names_try: ['Sue Whitfield-Gabrieli']
maybe orcid: [nan]
[881/1535] Querying 'Sue Whitfield-Gabrieli' (ORCID=None) …each name: Sue Whitfield-Gabrieli
 → dob=None, dod=None, affil=None
this is names_try: ['Shriya Karam']
maybe orcid: ['0000-0002-7824-8319']
[882/1535] Querying 'Shriya Karam' (ORCID=0000-0002-7824-8319) …orcid: 0000-0002-7824-8319
each name: Shriya Karam
No match for name variant: Shriya Karam
 → dob=None, dod=None, affil=None
this is names_try: ['Liwang Liu']
maybe orcid: ['0000-0003-4689-1964']
[883/1535] Querying 'Liwang Liu' (ORCID=0000-0003-4689-1964) …orcid: 0000-0003-4689-1964
 → dob=None, dod=None, affil='Worcester Foundation for Biomedical Research'
this is names_try: ['Jinah Kim']
maybe orcid: ['0000-0002-9528-3773']
[884/1535] Querying 'Jinah Kim' (ORCID=0000-0002-9528-3773) …orcid: 0000-0002-9528-3773
each name: Jinah Kim
 → dob=None, dod=None, affil='Palo Alto Medical Foundation'
this is names_try: ['Xiaping Fu']
maybe orcid: ['0000-0002-4156-668X']
[885/1535] Querying 'Xiaping Fu' (ORCID=0000-0002-4156-668X) …orcid: 0000-0002-4156-668X
 → dob=None, dod=None, affil=None
this is names_try: ['Maeve Bonner']
maybe orcid: [nan]
[886/1535] Querying 'Maeve Bonner' (ORCID=None) …each name: Maeve Bonner
No match for name variant: Maeve Bonner
 → dob=None, dod=None, affil=None
this is names_try: ['J.K. Sass']
maybe orcid: ['0000-0003-3717-1762']
[887/1535] Querying 'J.K. Sass' (ORCID=0000-0003-3717-1762) …orcid: 0000-0003-3717-1762
each name: J.K. Sass
No match for name variant: J.K. Sass
 → dob=None, dod=None, affil=None
this is names_try: ['Shuaiqi Wu']
maybe orcid: ['0009-0001-8378-6410']
[888/1535] Querying 'Shuaiqi Wu' (ORCID=0009-0001-8378-6410) …orcid: 0009-0001-8378-6410
each name: Shuaiqi Wu
No match for name variant: Shuaiqi Wu
 → dob=None, dod=None, affil=None
this is names_try: ['Hongkun Lin']
maybe orcid: [nan]
[889/1535] Querying 'Hongkun Lin' (ORCID=None) …each name: Hongkun Lin
 → dob=None, dod=None, affil='Massachusetts Institute of Technology'
this is names_try: ['Cosmin‐Constantin Popescu']
maybe orcid: ['0000-0001-8575-4781']
[890/1535] Querying 'Cosmin‐Constantin Popescu' (ORCID=0000-0001-8575-4781) …orcid: 0000-0001-8575-4781
each name: Cosmin‐Constantin Popescu
No match for name variant: Cosmin‐Constantin Popescu
 → dob=None, dod=None, affil=None
this is names_try: ['Emmanuel K. Tsinda', 'Emmanuel Tsinda']
maybe orcid: [nan]
[891/1535] Querying 'Emmanuel K. Tsinda' (ORCID=None) …each name: Emmanuel K. Tsinda
No match for name variant: Emmanuel K. Tsinda
each name: Emmanuel Tsinda
No match for name variant: Emmanuel Tsinda
 → dob=None, dod=None, affil=None
this is names_try: ['Paul Miller']
maybe orcid: ['0000-0002-7934-8119']
[892/1535] Querying 'Paul Miller' (ORCID=0000-0002-7934-8119) …orcid: 0000-0002-7934-8119
each name: Paul Miller
 → dob='1923-03-11T00:00:00Z', dod='2016-09-02T00:00:00Z', affil=None
this is names_try: ['Chunhui Dai']
maybe orcid: ['0000-0001-7436-7831']
[893/1535] Querying 'Chunhui Dai' (ORCID=0000-0001-7436-7831) …orcid: 0000-0001-7436-7831
 → dob=None, dod=None, affil='National University of Singapore'
this is names_try: ['Raeuf Roushangar']
maybe orcid: [nan]
[894/1535] Querying 'Raeuf Roushangar' (ORCID=None) …each name: Raeuf Roushangar
No match for name variant: Raeuf Roushangar
 → dob=None, dod=None, affil=None
this is names_try: ['Danielle Li']
maybe orcid: ['0000-0003-0539-1330']
[895/1535] Querying 'Danielle Li' (ORCID=0000-0003-0539-1330) …orcid: 0000-0003-0539-1330
 → dob=None, dod=None, affil=None
this is names_try: ['Ravikiran M. Raju', 'Ravikiran Raju']
maybe orcid: ['0000-0002-0276-208X']
[896/1535] Querying 'Ravikiran M. Raju' (ORCID=0000-0002-0276-208X) …orcid: 0000-0002-0276-208X
 → dob=None, dod=None, affil="Boston Children's Hospital"
this is names_try: ['Alexander Li']
maybe orcid: ['0009-0003-9852-0855']
[897/1535] Querying 'Alexander Li' (ORCID=0009-0003-9852-0855) …orcid: 0009-0003-9852-0855
each name: Alexander Li
 → dob='1894-11-02T00:00:00Z', dod='1976-02-11T00:00:00Z', affil=None
this is names_try: ['Lara M Gomez', 'Lara Gomez']
maybe orcid: [nan]
[898/1535] Querying 'Lara M Gomez' (ORCID=None) …each name: Lara M Gomez
No match for name variant: Lara M Gomez
each name: Lara Gomez
 → dob='1997-07-15T00:00:00Z', dod=None, affil=None
this is names_try: ['Azucena Ramos']
maybe orcid: [nan]
[899/1535] Querying 'Azucena Ramos' (ORCID=None) …each name: Azucena Ramos
No match for name variant: Azucena Ramos
 → dob=None, dod=None, affil=None
this is names_try: ['Ramón González']
maybe orcid: ['0000-0002-3261-7991']
[900/1535] Querying 'Ramón González' (ORCID=0000-0002-3261-7991) …orcid: 0000-0002-3261-7991
each name: Ramón González
 → dob='1905-01-01T00:00:00Z', dod='1984-02-12T00:00:00Z', affil=None
this is names_try: ['Rui Wen Ou', 'Rui Ou']
maybe orcid: [nan]
[901/1535] Querying 'Rui Wen Ou' (ORCID=None) …each name: Rui Wen Ou
No match for name variant: Rui Wen Ou
each name: Rui Ou
No match for name variant: Rui Ou
 → dob=None, dod=None, affil=None
this is names_try: ['A. Bousquet']
maybe orcid: [nan]
[902/1535] Querying 'A. Bousquet' (ORCID=None) …each name: A. Bousquet
No match for name variant: A. Bousquet
 → dob=None, dod=None, affil=None
this is names_try: ['Michael E. Wiebe', 'Michael Wiebe']
maybe orcid: ['0000-0001-5140-1507']
[903/1535] Querying 'Michael E. Wiebe' (ORCID=0000-0001-5140-1507) …orcid: 0000-0001-5140-1507
each name: Michael E. Wiebe
No match for name variant: Michael E. Wiebe
each name: Michael Wiebe
 → dob=None, dod=None, affil=None
this is names_try: ['Santosh G. Pande', 'Santosh Pande']
maybe orcid: [nan]
[904/1535] Querying 'Santosh G. Pande' (ORCID=None) …each name: Santosh G. Pande
No match for name variant: Santosh G. Pande
each name: Santosh Pande
 → dob='1975-11-25T00:00:00Z', dod=None, affil=None
this is names_try: ['Andrew Richenderfer']
maybe orcid: [nan]
[905/1535] Querying 'Andrew Richenderfer' (ORCID=None) …each name: Andrew Richenderfer
No match for name variant: Andrew Richenderfer
 → dob=None, dod=None, affil=None
this is names_try: ['Shirui Peng']
maybe orcid: ['0000-0002-4616-4604']
[906/1535] Querying 'Shirui Peng' (ORCID=0000-0002-4616-4604) …orcid: 0000-0002-4616-4604
 → dob=None, dod=None, affil=None
this is names_try: ['Islam T. M. Hussein', 'Islam Hussein']
maybe orcid: [nan]
[907/1535] Querying 'Islam T. M. Hussein' (ORCID=None) …each name: Islam T. M. Hussein
No match for name variant: Islam T. M. Hussein
each name: Islam Hussein
No match for name variant: Islam Hussein
 → dob=None, dod=None, affil=None
this is names_try: ['Abigail S. Bodner', 'Abigail Bodner']
maybe orcid: ['0000-0003-1333-2840']
[908/1535] Querying 'Abigail S. Bodner' (ORCID=0000-0003-1333-2840) …orcid: 0000-0003-1333-2840
each name: Abigail S. Bodner
No match for name variant: Abigail S. Bodner
each name: Abigail Bodner
No match for name variant: Abigail Bodner
 → dob=None, dod=None, affil=None
this is names_try: ['Artyom Kossolapov']
maybe orcid: [nan]
[909/1535] Querying 'Artyom Kossolapov' (ORCID=None) …each name: Artyom Kossolapov
No match for name variant: Artyom Kossolapov
 → dob=None, dod=None, affil=None
this is names_try: ['Arunav Konwar']
maybe orcid: [nan]
[910/1535] Querying 'Arunav Konwar' (ORCID=None) …each name: Arunav Konwar
No match for name variant: Arunav Konwar
 → dob=None, dod=None, affil=None
this is names_try: ['Jee Hyun Seong', 'Jee Seong']
maybe orcid: [nan]
[911/1535] Querying 'Jee Hyun Seong' (ORCID=None) …each name: Jee Hyun Seong
No match for name variant: Jee Hyun Seong
each name: Jee Seong
No match for name variant: Jee Seong
 → dob=None, dod=None, affil=None
this is names_try: ['Flora J. Keumurian', 'Flora Keumurian']
maybe orcid: [nan]
[912/1535] Querying 'Flora J. Keumurian' (ORCID=None) …each name: Flora J. Keumurian
No match for name variant: Flora J. Keumurian
each name: Flora Keumurian
No match for name variant: Flora Keumurian
 → dob=None, dod=None, affil=None
this is names_try: ['David H. Hagan', 'David Hagan']
maybe orcid: ['0000-0001-5111-4671']
[913/1535] Querying 'David H. Hagan' (ORCID=0000-0001-5111-4671) …orcid: 0000-0001-5111-4671
each name: David H. Hagan
No match for name variant: David H. Hagan
each name: David Hagan
 → dob=None, dod=None, affil=None
this is names_try: ['Amy Phung']
maybe orcid: ['0000-0003-2402-7008']
[914/1535] Querying 'Amy Phung' (ORCID=0000-0003-2402-7008) …orcid: 0000-0003-2402-7008
each name: Amy Phung
No match for name variant: Amy Phung
 → dob=None, dod=None, affil=None
this is names_try: ['Giacomo Saccone']
maybe orcid: [nan]
[915/1535] Querying 'Giacomo Saccone' (ORCID=None) …each name: Giacomo Saccone
No match for name variant: Giacomo Saccone
 → dob=None, dod=None, affil=None
this is names_try: ['Gregory Burgess']
maybe orcid: ['0000-0003-2749-2845']
[916/1535] Querying 'Gregory Burgess' (ORCID=0000-0003-2749-2845) …orcid: 0000-0003-2749-2845
each name: Gregory Burgess
 → dob='1945-01-01T00:00:00Z', dod=None, affil=None
this is names_try: ['Javad Feizabadi']
maybe orcid: [nan]
[917/1535] Querying 'Javad Feizabadi' (ORCID=None) …each name: Javad Feizabadi
No match for name variant: Javad Feizabadi
 → dob=None, dod=None, affil=None
this is names_try: ['Etienne Demarly']
maybe orcid: [nan]
[918/1535] Querying 'Etienne Demarly' (ORCID=None) …each name: Etienne Demarly
No match for name variant: Etienne Demarly
 → dob=None, dod=None, affil=None
this is names_try: ['Nutth Tuchinda']
maybe orcid: ['0000-0003-4544-5970']
[919/1535] Querying 'Nutth Tuchinda' (ORCID=0000-0003-4544-5970) …orcid: 0000-0003-4544-5970
each name: Nutth Tuchinda
No match for name variant: Nutth Tuchinda
 → dob=None, dod=None, affil=None
this is names_try: ['Yu She']
maybe orcid: ['0000-0001-5914-3573']
[920/1535] Querying 'Yu She' (ORCID=0000-0001-5914-3573) …orcid: 0000-0001-5914-3573
each name: Yu She
 → dob='-2219-01-01T00:00:00Z', dod='-2112-01-01T00:00:00Z', affil=None
this is names_try: ['Ravikishore Kommajosyula']
maybe orcid: [nan]
[921/1535] Querying 'Ravikishore Kommajosyula' (ORCID=None) …each name: Ravikishore Kommajosyula
No match for name variant: Ravikishore Kommajosyula
 → dob=None, dod=None, affil=None
this is names_try: ['G. B. Olson', 'G. Olson']
maybe orcid: [nan]
[922/1535] Querying 'G. B. Olson' (ORCID=None) …each name: G. B. Olson
No match for name variant: G. B. Olson
each name: G. Olson
No match for name variant: G. Olson
 → dob=None, dod=None, affil=None
this is names_try: ['Shaoxiong Wang']
maybe orcid: ['0000-0001-6005-3604']
[923/1535] Querying 'Shaoxiong Wang' (ORCID=0000-0001-6005-3604) …orcid: 0000-0001-6005-3604
each name: Shaoxiong Wang
No match for name variant: Shaoxiong Wang
 → dob=None, dod=None, affil=None
this is names_try: ['Wande Cairang']
maybe orcid: [nan]
[924/1535] Querying 'Wande Cairang' (ORCID=None) …each name: Wande Cairang
No match for name variant: Wande Cairang
 → dob=None, dod=None, affil=None
this is names_try: ['Aaron S. Baumgarten', 'Aaron Baumgarten']
maybe orcid: ['0000-0003-0205-8540']
[925/1535] Querying 'Aaron S. Baumgarten' (ORCID=0000-0003-0205-8540) …orcid: 0000-0003-0205-8540
each name: Aaron S. Baumgarten
No match for name variant: Aaron S. Baumgarten
each name: Aaron Baumgarten
No match for name variant: Aaron Baumgarten
 → dob=None, dod=None, affil=None
this is names_try: ['Y. Cui']
maybe orcid: [nan]
[926/1535] Querying 'Y. Cui' (ORCID=None) …each name: Y. Cui
 → dob=None, dod=None, affil='University of Tokyo'
this is names_try: ['A.J. Peterkin']
maybe orcid: [nan]
[927/1535] Querying 'A.J. Peterkin' (ORCID=None) …each name: A.J. Peterkin
No match for name variant: A.J. Peterkin
 → dob=None, dod=None, affil=None
this is names_try: ['Anika Schumann']
maybe orcid: [nan]
[928/1535] Querying 'Anika Schumann' (ORCID=None) …each name: Anika Schumann
 → dob='1981-01-01T00:00:00Z', dod=None, affil=None
this is names_try: ['J. Gruszko']
maybe orcid: ['0000-0002-3777-2237']
[929/1535] Querying 'J. Gruszko' (ORCID=0000-0002-3777-2237) …orcid: 0000-0002-3777-2237
 → dob=None, dod=None, affil='Massachusetts Institute of Technology'
this is names_try: ['Ang Cui']
maybe orcid: ['0000-0002-1087-8568']
[930/1535] Querying 'Ang Cui' (ORCID=0000-0002-1087-8568) …orcid: 0000-0002-1087-8568
 → dob=None, dod=None, affil=None
this is names_try: ['Christopher M. Brennan', 'Christopher Brennan']
maybe orcid: ['0000-0002-4023-6056']
[931/1535] Querying 'Christopher M. Brennan' (ORCID=0000-0002-4023-6056) …orcid: 0000-0002-4023-6056
each name: Christopher M. Brennan
No match for name variant: Christopher M. Brennan
each name: Christopher Brennan
 → dob='1870-11-01T00:00:00Z', dod='1932-10-05T00:00:00Z', affil='University of Sydney'
this is names_try: ['Yong Zhang']
maybe orcid: ['0009-0009-3478-3270']
[932/1535] Querying 'Yong Zhang' (ORCID=0009-0009-3478-3270) …orcid: 0009-0009-3478-3270
each name: Yong Zhang
 → dob=None, dod=None, affil='Tongji University'
this is names_try: ['Arthur France‐Lanord']
maybe orcid: ['0000-0003-0586-1945']
[933/1535] Querying 'Arthur France‐Lanord' (ORCID=0000-0003-0586-1945) …orcid: 0000-0003-0586-1945
 → dob=None, dod=None, affil='Massachusetts Institute of Technology'
this is names_try: ['Antti Solonen']
maybe orcid: [nan]
[934/1535] Querying 'Antti Solonen' (ORCID=None) …each name: Antti Solonen
No match for name variant: Antti Solonen
 → dob=None, dod=None, affil=None
this is names_try: ['Jonathan Tagoe']
maybe orcid: [nan]
[935/1535] Querying 'Jonathan Tagoe' (ORCID=None) …each name: Jonathan Tagoe
No match for name variant: Jonathan Tagoe
 → dob=None, dod=None, affil=None
this is names_try: ['Nitin Joshi']
maybe orcid: ['0000-0001-8138-7611']
[936/1535] Querying 'Nitin Joshi' (ORCID=0000-0001-8138-7611) …orcid: 0000-0001-8138-7611
each name: Nitin Joshi
No match for name variant: Nitin Joshi
 → dob=None, dod=None, affil=None
this is names_try: ['Cristian Zanoci']
maybe orcid: ['0000-0002-3271-3561']
[937/1535] Querying 'Cristian Zanoci' (ORCID=0000-0002-3271-3561) …orcid: 0000-0002-3271-3561
each name: Cristian Zanoci
No match for name variant: Cristian Zanoci
 → dob=None, dod=None, affil=None
this is names_try: ['Jiarui Ding']
maybe orcid: ['0000-0003-3670-7764']
[938/1535] Querying 'Jiarui Ding' (ORCID=0000-0003-3670-7764) …orcid: 0000-0003-3670-7764
 → dob=None, dod=None, affil=None
this is names_try: ['Fadi Atieh']
maybe orcid: [nan]
[939/1535] Querying 'Fadi Atieh' (ORCID=None) …each name: Fadi Atieh
No match for name variant: Fadi Atieh
 → dob=None, dod=None, affil=None
this is names_try: ['Jean Bonnemain']
maybe orcid: ['0000-0001-7573-4306']
[940/1535] Querying 'Jean Bonnemain' (ORCID=0000-0001-7573-4306) …orcid: 0000-0001-7573-4306
each name: Jean Bonnemain
No match for name variant: Jean Bonnemain
 → dob=None, dod=None, affil=None
this is names_try: ['Jeremy B. Kline', 'Jeremy Kline']
maybe orcid: [nan]
[941/1535] Querying 'Jeremy B. Kline' (ORCID=None) …each name: Jeremy B. Kline
No match for name variant: Jeremy B. Kline
each name: Jeremy Kline
No match for name variant: Jeremy Kline
 → dob=None, dod=None, affil=None
this is names_try: ['Yongshuo Ma']
maybe orcid: ['0000-0002-0748-2810']
[942/1535] Querying 'Yongshuo Ma' (ORCID=0000-0002-0748-2810) …orcid: 0000-0002-0748-2810
 → dob=None, dod=None, affil='Massachusetts Institute of Technology'
this is names_try: ['Tena Dubček']
maybe orcid: ['0000-0003-3636-3201']
[943/1535] Querying 'Tena Dubček' (ORCID=0000-0003-3636-3201) …orcid: 0000-0003-3636-3201
 → dob=None, dod=None, affil='ETH Zurich'
this is names_try: ['Chenkai Mao']
maybe orcid: [nan]
[944/1535] Querying 'Chenkai Mao' (ORCID=None) …each name: Chenkai Mao
No match for name variant: Chenkai Mao
 → dob=None, dod=None, affil=None
this is names_try: ['Alicia Zang']
maybe orcid: [nan]
[945/1535] Querying 'Alicia Zang' (ORCID=None) …each name: Alicia Zang
No match for name variant: Alicia Zang
 → dob=None, dod=None, affil=None
this is names_try: ['M. C. Tan', 'M. Tan']
maybe orcid: ['0009-0004-7880-1008']
[946/1535] Querying 'M. C. Tan' (ORCID=0009-0004-7880-1008) …orcid: 0009-0004-7880-1008
each name: M. C. Tan
No match for name variant: M. C. Tan
each name: M. Tan
 → dob=None, dod=None, affil=None
this is names_try: ['Moonsu Yoon']
maybe orcid: ['0000-0002-1331-8603']
[947/1535] Querying 'Moonsu Yoon' (ORCID=0000-0002-1331-8603) …orcid: 0000-0002-1331-8603
each name: Moonsu Yoon
No match for name variant: Moonsu Yoon
 → dob=None, dod=None, affil=None
this is names_try: ['Miles R. Johnson', 'Miles Johnson']
maybe orcid: [nan]
[948/1535] Querying 'Miles R. Johnson' (ORCID=None) …each name: Miles R. Johnson
No match for name variant: Miles R. Johnson
each name: Miles Johnson
 → dob='1965-01-01T00:00:00Z', dod=None, affil=None
this is names_try: ['Michael Gingras']
maybe orcid: ['0009-0006-5358-2181']
[949/1535] Querying 'Michael Gingras' (ORCID=0009-0006-5358-2181) …orcid: 0009-0006-5358-2181
each name: Michael Gingras
No match for name variant: Michael Gingras
 → dob=None, dod=None, affil=None
this is names_try: ['Haowei Xu']
maybe orcid: ['0000-0002-5360-5738']
[950/1535] Querying 'Haowei Xu' (ORCID=0000-0002-5360-5738) …orcid: 0000-0002-5360-5738
each name: Haowei Xu
 → dob=None, dod=None, affil=None
this is names_try: ['Vladimir Čeperić']
maybe orcid: [nan]
[951/1535] Querying 'Vladimir Čeperić' (ORCID=None) …each name: Vladimir Čeperić
No match for name variant: Vladimir Čeperić
 → dob=None, dod=None, affil=None
this is names_try: ['Hannah Stickler']
maybe orcid: [nan]
[952/1535] Querying 'Hannah Stickler' (ORCID=None) …each name: Hannah Stickler
No match for name variant: Hannah Stickler
 → dob=None, dod=None, affil=None
this is names_try: ['Youngtak Sohn']
maybe orcid: ['0000-0003-3778-3881']
[953/1535] Querying 'Youngtak Sohn' (ORCID=0000-0003-3778-3881) …orcid: 0000-0003-3778-3881
each name: Youngtak Sohn
 → dob=None, dod=None, affil='Brown University'
this is names_try: ['Thomas Hardjono']
maybe orcid: ['0000-0001-7396-7640']
[954/1535] Querying 'Thomas Hardjono' (ORCID=0000-0001-7396-7640) …orcid: 0000-0001-7396-7640
 → dob=None, dod=None, affil=None
this is names_try: ['Navneet Kumar Gupta', 'Navneet Gupta']
maybe orcid: ['0000-0002-4204-4680']
[955/1535] Querying 'Navneet Kumar Gupta' (ORCID=0000-0002-4204-4680) …orcid: 0000-0002-4204-4680
 → dob=None, dod=None, affil='Technical University of Darmstadt'
this is names_try: ['Wonyoung So']
maybe orcid: ['0000-0002-4867-3429']
[956/1535] Querying 'Wonyoung So' (ORCID=0000-0002-4867-3429) …orcid: 0000-0002-4867-3429
 → dob=None, dod=None, affil=None
this is names_try: ['Alexander Lipton']
maybe orcid: ['0000-0003-4120-6884']
[957/1535] Querying 'Alexander Lipton' (ORCID=0000-0003-4120-6884) …orcid: 0000-0003-4120-6884
each name: Alexander Lipton
No match for name variant: Alexander Lipton
 → dob=None, dod=None, affil=None
this is names_try: ['Bert F. Sels', 'Bert Sels']
maybe orcid: ['0000-0001-9657-1710']
[958/1535] Querying 'Bert F. Sels' (ORCID=0000-0001-9657-1710) …orcid: 0000-0001-9657-1710
 → dob=None, dod=None, affil=None
this is names_try: ['Anisha Gade']
maybe orcid: [nan]
[959/1535] Querying 'Anisha Gade' (ORCID=None) …each name: Anisha Gade
No match for name variant: Anisha Gade
 → dob=None, dod=None, affil=None
this is names_try: ['D Banerjee']
maybe orcid: ['0000-0001-8807-583X']
[960/1535] Querying 'D Banerjee' (ORCID=0000-0001-8807-583X) …orcid: 0000-0001-8807-583X
each name: D Banerjee
 → dob=None, dod=None, affil='Texas A&M University'
this is names_try: ['John Ralph']
maybe orcid: ['0000-0002-6093-4521']
[961/1535] Querying 'John Ralph' (ORCID=0000-0002-6093-4521) …orcid: 0000-0002-6093-4521
 → dob=None, dod=None, affil=None
this is names_try: ['Pengxiang Zhang']
maybe orcid: ['0000-0003-4171-9866']
[962/1535] Querying 'Pengxiang Zhang' (ORCID=0000-0003-4171-9866) …orcid: 0000-0003-4171-9866
 → dob=None, dod=None, affil=None
this is names_try: ['Li Shuai']
maybe orcid: ['0000-0002-7404-815X']
[963/1535] Querying 'Li Shuai' (ORCID=0000-0002-7404-815X) …orcid: 0000-0002-7404-815X
 → dob=None, dod=None, affil='University of Delaware'
this is names_try: ['Ryan L. Truby', 'Ryan Truby']
maybe orcid: ['0000-0002-1313-6463']
[964/1535] Querying 'Ryan L. Truby' (ORCID=0000-0002-1313-6463) …orcid: 0000-0002-1313-6463
 → dob=None, dod=None, affil='Massachusetts Institute of Technology'
this is names_try: ['Dmytro Chumachenko']
maybe orcid: ['0000-0003-2623-3294']
[965/1535] Querying 'Dmytro Chumachenko' (ORCID=0000-0003-2623-3294) …orcid: 0000-0003-2623-3294
each name: Dmytro Chumachenko
 → dob='1996-02-08T00:00:00Z', dod='2022-03-23T00:00:00Z', affil=None
this is names_try: ['Bart Van Parys', 'Bart Parys']
maybe orcid: ['0000-0003-4177-4849']
[966/1535] Querying 'Bart Van Parys' (ORCID=0000-0003-4177-4849) …orcid: 0000-0003-4177-4849
each name: Bart Van Parys
No match for name variant: Bart Van Parys
each name: Bart Parys
No match for name variant: Bart Parys
 → dob=None, dod=None, affil=None
this is names_try: ['Maxim A. Sirotin', 'Maxim Sirotin']
maybe orcid: ['0000-0002-4425-3515']
[967/1535] Querying 'Maxim A. Sirotin' (ORCID=0000-0002-4425-3515) …orcid: 0000-0002-4425-3515
each name: Maxim A. Sirotin
No match for name variant: Maxim A. Sirotin
each name: Maxim Sirotin
No match for name variant: Maxim Sirotin
 → dob=None, dod=None, affil=None
this is names_try: ['Martin Trapečar']
maybe orcid: ['0000-0002-0860-8948']
[968/1535] Querying 'Martin Trapečar' (ORCID=0000-0002-0860-8948) …orcid: 0000-0002-0860-8948
 → dob=None, dod=None, affil='University of Maribor'
this is names_try: ['Chuangchuang Cao']
maybe orcid: ['0000-0001-8898-0346']
[969/1535] Querying 'Chuangchuang Cao' (ORCID=0000-0001-8898-0346) …orcid: 0000-0001-8898-0346
 → dob=None, dod=None, affil=None
this is names_try: ['Yu-Ja Huang']
maybe orcid: [nan]
[970/1535] Querying 'Yu-Ja Huang' (ORCID=None) …each name: Yu-Ja Huang
No match for name variant: Yu-Ja Huang
 → dob=None, dod=None, affil=None
this is names_try: ['Michael M. Kaminski', 'Michael Kaminski']
maybe orcid: ['0000-0003-0429-7027']
[971/1535] Querying 'Michael M. Kaminski' (ORCID=0000-0003-0429-7027) …orcid: 0000-0003-0429-7027
each name: Michael M. Kaminski
No match for name variant: Michael M. Kaminski
each name: Michael Kaminski
 → dob='1951-09-02T00:00:00Z', dod=None, affil=None
this is names_try: ['Alek M Westover', 'Alek Westover']
maybe orcid: [nan]
[972/1535] Querying 'Alek M Westover' (ORCID=None) …each name: Alek M Westover
No match for name variant: Alek M Westover
each name: Alek Westover
 → dob=None, dod=None, affil=None
this is names_try: ['Allison C. Huske', 'Allison Huske']
maybe orcid: [nan]
[973/1535] Querying 'Allison C. Huske' (ORCID=None) …each name: Allison C. Huske
No match for name variant: Allison C. Huske
each name: Allison Huske
No match for name variant: Allison Huske
 → dob=None, dod=None, affil=None
this is names_try: ['Kirsten Schneider']
maybe orcid: [nan]
[974/1535] Querying 'Kirsten Schneider' (ORCID=None) …each name: Kirsten Schneider
 → dob=None, dod=None, affil=None
this is names_try: ['Jacqueline A. Valeri', 'Jacqueline Valeri']
maybe orcid: ['0000-0002-3430-5924']
[975/1535] Querying 'Jacqueline A. Valeri' (ORCID=0000-0002-3430-5924) …orcid: 0000-0002-3430-5924
 → dob=None, dod=None, affil=None
this is names_try: ['Christopher Karpovich']
maybe orcid: ['0000-0001-6691-5578']
[976/1535] Querying 'Christopher Karpovich' (ORCID=0000-0001-6691-5578) …orcid: 0000-0001-6691-5578
each name: Christopher Karpovich
No match for name variant: Christopher Karpovich
 → dob=None, dod=None, affil=None
this is names_try: ['Charles Wright']
maybe orcid: [nan]
[977/1535] Querying 'Charles Wright' (ORCID=None) …each name: Charles Wright
 → dob='1916-08-28T00:00:00Z', dod='1962-03-20T00:00:00Z', affil='Columbia University'
this is names_try: ['Kristopher T. Kahle', 'Kristopher Kahle']
maybe orcid: ['0000-0002-5922-7547']
[978/1535] Querying 'Kristopher T. Kahle' (ORCID=0000-0002-5922-7547) …orcid: 0000-0002-5922-7547
 → dob=None, dod=None, affil=None
this is names_try: ['Jonathan Maitland Lauderdale', 'Jonathan Lauderdale']
maybe orcid: ['0000-0002-2993-7484']
[979/1535] Querying 'Jonathan Maitland Lauderdale' (ORCID=0000-0002-2993-7484) …orcid: 0000-0002-2993-7484
 → dob=None, dod=None, affil='Massachusetts Institute of Technology'
this is names_try: ['Asu Ozdaglar']
maybe orcid: [nan]
[980/1535] Querying 'Asu Ozdaglar' (ORCID=None) …each name: Asu Ozdaglar
 → dob='1974-12-16T00:00:00Z', dod=None, affil='Massachusetts Institute of Technology'
this is names_try: ['Chi Ma']
maybe orcid: ['0000-0002-6785-5148']
[981/1535] Querying 'Chi Ma' (ORCID=0000-0002-6785-5148) …orcid: 0000-0002-6785-5148
each name: Chi Ma
 → dob='1940-09-28T00:00:00Z', dod='2022-10-31T00:00:00Z', affil=None
this is names_try: ['Jun Young Yoon', 'Jun Yoon']
maybe orcid: ['0000-0001-5893-3477']
[982/1535] Querying 'Jun Young Yoon' (ORCID=0000-0001-5893-3477) …orcid: 0000-0001-5893-3477
each name: Jun Young Yoon
No match for name variant: Jun Young Yoon
each name: Jun Yoon
No match for name variant: Jun Yoon
 → dob=None, dod=None, affil=None
this is names_try: ['Timothy B. Erickson', 'Timothy Erickson']
maybe orcid: ['0000-0002-1809-4805']
[983/1535] Querying 'Timothy B. Erickson' (ORCID=0000-0002-1809-4805) …orcid: 0000-0002-1809-4805
 → dob='1960-01-01T00:00:00Z', dod=None, affil=None
this is names_try: ['John Kemmitt']
maybe orcid: ['0000-0003-3523-3384']
[984/1535] Querying 'John Kemmitt' (ORCID=0000-0003-3523-3384) …orcid: 0000-0003-3523-3384
each name: John Kemmitt
No match for name variant: John Kemmitt
 → dob=None, dod=None, affil=None
this is names_try: ['So Young Lee', 'So Lee']
maybe orcid: ['0009-0003-2026-496X']
[985/1535] Querying 'So Young Lee' (ORCID=0009-0003-2026-496X) …orcid: 0009-0003-2026-496X
each name: So Young Lee
 → dob='1973-08-31T00:00:00Z', dod=None, affil=None
this is names_try: ['Adrian J. Menssen', 'Adrian Menssen']
maybe orcid: ['0000-0003-4502-0788']
[986/1535] Querying 'Adrian J. Menssen' (ORCID=0000-0003-4502-0788) …orcid: 0000-0003-4502-0788
each name: Adrian J. Menssen
No match for name variant: Adrian J. Menssen
each name: Adrian Menssen
No match for name variant: Adrian Menssen
 → dob=None, dod=None, affil=None
this is names_try: ['Steven J. Holcomb', 'Steven Holcomb']
maybe orcid: ['0000-0003-1100-4982']
[987/1535] Querying 'Steven J. Holcomb' (ORCID=0000-0003-1100-4982) …orcid: 0000-0003-1100-4982
 → dob=None, dod=None, affil='United States Department of the Navy'
this is names_try: ['Gerald Gilbert']
maybe orcid: ['0000-0002-8815-5423']
[988/1535] Querying 'Gerald Gilbert' (ORCID=0000-0002-8815-5423) …orcid: 0000-0002-8815-5423
each name: Gerald Gilbert
 → dob='1912-08-29T00:00:00Z', dod='1999-06-04T00:00:00Z', affil=None
this is names_try: ['Jemila C. Kester', 'Jemila Kester']
maybe orcid: ['0000-0001-8639-284X']
[989/1535] Querying 'Jemila C. Kester' (ORCID=0000-0001-8639-284X) …orcid: 0000-0001-8639-284X
 → dob=None, dod=None, affil=None
this is names_try: ['Laura Sánchez García', 'Laura García']
maybe orcid: ['0000-0002-6750-5965']
[990/1535] Querying 'Laura Sánchez García' (ORCID=0000-0002-6750-5965) …orcid: 0000-0002-6750-5965
 → dob=None, dod=None, affil=None
this is names_try: ['Michele LeRoux']
maybe orcid: ['0000-0003-2075-4208']
[991/1535] Querying 'Michele LeRoux' (ORCID=0000-0003-2075-4208) …orcid: 0000-0003-2075-4208
each name: Michele LeRoux
No match for name variant: Michele LeRoux
 → dob=None, dod=None, affil=None
this is names_try: ['Parfait Atchade-Adelomou']
maybe orcid: [nan]
[992/1535] Querying 'Parfait Atchade-Adelomou' (ORCID=None) …each name: Parfait Atchade-Adelomou
No match for name variant: Parfait Atchade-Adelomou
 → dob=None, dod=None, affil=None
this is names_try: ['Mao Taketani']
maybe orcid: [nan]
[993/1535] Querying 'Mao Taketani' (ORCID=None) …each name: Mao Taketani
No match for name variant: Mao Taketani
 → dob=None, dod=None, affil=None
this is names_try: ['Luis Pastor']
maybe orcid: ['0000-0002-7900-7509']
[994/1535] Querying 'Luis Pastor' (ORCID=0000-0002-7900-7509) …orcid: 0000-0002-7900-7509
each name: Luis Pastor
 → dob='1952-06-09T00:00:00Z', dod=None, affil=None
this is names_try: ['Dmitry Krotov']
maybe orcid: ['0000-0001-6810-1906']
[995/1535] Querying 'Dmitry Krotov' (ORCID=0000-0001-6810-1906) …orcid: 0000-0001-6810-1906
each name: Dmitry Krotov
 → dob='1992-01-14T00:00:00Z', dod=None, affil=None
this is names_try: ['Alex Brinson']
maybe orcid: ['0000-0002-9551-5298']
[996/1535] Querying 'Alex Brinson' (ORCID=0000-0002-9551-5298) …orcid: 0000-0002-9551-5298
 → dob=None, dod=None, affil='Massachusetts Institute of Technology'
this is names_try: ['Swati Padmanabhan']
maybe orcid: ['0000-0002-4834-2136']
[997/1535] Querying 'Swati Padmanabhan' (ORCID=0000-0002-4834-2136) …orcid: 0000-0002-4834-2136
 → dob=None, dod=None, affil=None
this is names_try: ['Ulf Bissbort']
maybe orcid: [nan]
[998/1535] Querying 'Ulf Bissbort' (ORCID=None) …each name: Ulf Bissbort
 → dob='1982-01-01T00:00:00Z', dod=None, affil=None
this is names_try: ['Joseph Maalouf']
maybe orcid: ['0000-0003-0017-0387']
[999/1535] Querying 'Joseph Maalouf' (ORCID=0000-0003-0017-0387) …orcid: 0000-0003-0017-0387
 → dob=None, dod=None, affil=None
this is names_try: ['Hans Gaensbauer']
maybe orcid: [nan]
[1000/1535] Querying 'Hans Gaensbauer' (ORCID=None) …each name: Hans Gaensbauer
No match for name variant: Hans Gaensbauer
 → dob=None, dod=None, affil=None
this is names_try: ['Michael J. Bianco', 'Michael Bianco']
maybe orcid: ['0000-0001-8710-6980']
[1001/1535] Querying 'Michael J. Bianco' (ORCID=0000-0001-8710-6980) …orcid: 0000-0001-8710-6980
each name: Michael J. Bianco
No match for name variant: Michael J. Bianco
each name: Michael Bianco
No match for name variant: Michael Bianco
 → dob=None, dod=None, affil=None
this is names_try: ['Deng‐Tao Yang']
maybe orcid: ['0000-0002-8315-5467']
[1002/1535] Querying 'Deng‐Tao Yang' (ORCID=0000-0002-8315-5467) …orcid: 0000-0002-8315-5467
 → dob=None, dod=None, affil='Massachusetts Institute of Technology'
this is names_try: ['Wouter Mortelmans']
maybe orcid: ['0000-0002-1955-5925']
[1003/1535] Querying 'Wouter Mortelmans' (ORCID=0000-0002-1955-5925) …orcid: 0000-0002-1955-5925
 → dob=None, dod=None, affil=None
this is names_try: ['Alexander Bevacqua']
maybe orcid: ['0000-0002-1309-075X']
[1004/1535] Querying 'Alexander Bevacqua' (ORCID=0000-0002-1309-075X) …orcid: 0000-0002-1309-075X
each name: Alexander Bevacqua
No match for name variant: Alexander Bevacqua
 → dob=None, dod=None, affil=None
this is names_try: ['Emma Ozanich']
maybe orcid: ['0000-0001-6985-7481']
[1005/1535] Querying 'Emma Ozanich' (ORCID=0000-0001-6985-7481) …orcid: 0000-0001-6985-7481
each name: Emma Ozanich
No match for name variant: Emma Ozanich
 → dob=None, dod=None, affil=None
this is names_try: ['Do Hyun Park', 'Do Park']
maybe orcid: ['0000-0002-0270-6969']
[1006/1535] Querying 'Do Hyun Park' (ORCID=0000-0002-0270-6969) …orcid: 0000-0002-0270-6969
 → dob=None, dod=None, affil=None
this is names_try: ['Christopher Y. Lim', 'Christopher Lim']
maybe orcid: ['0000-0003-0030-2191']
[1007/1535] Querying 'Christopher Y. Lim' (ORCID=0000-0003-0030-2191) …orcid: 0000-0003-0030-2191
 → dob=None, dod=None, affil='University of Toronto'
this is names_try: ['Giorgia Scapin']
maybe orcid: [nan]
[1008/1535] Querying 'Giorgia Scapin' (ORCID=None) …each name: Giorgia Scapin
No match for name variant: Giorgia Scapin
 → dob=None, dod=None, affil=None
this is names_try: ['Matteo Morciano']
maybe orcid: ['0000-0002-4020-4521']
[1009/1535] Querying 'Matteo Morciano' (ORCID=0000-0002-4020-4521) …orcid: 0000-0002-4020-4521
 → dob=None, dod=None, affil='Polytechnic University of Turin'
this is names_try: ['Jennifer L. Cillis', 'Jennifer Cillis']
maybe orcid: [nan]
[1010/1535] Querying 'Jennifer L. Cillis' (ORCID=None) …each name: Jennifer L. Cillis
No match for name variant: Jennifer L. Cillis
each name: Jennifer Cillis
No match for name variant: Jennifer Cillis
 → dob=None, dod=None, affil=None
this is names_try: ['Marie A. Roch', 'Marie Roch']
maybe orcid: ['0000-0002-0687-2059']
[1011/1535] Querying 'Marie A. Roch' (ORCID=0000-0002-0687-2059) …orcid: 0000-0002-0687-2059
each name: Marie A. Roch
 → dob=None, dod=None, affil=None
this is names_try: ['Sharon Gannot']
maybe orcid: ['0000-0002-2885-170X']
[1012/1535] Querying 'Sharon Gannot' (ORCID=0000-0002-2885-170X) …orcid: 0000-0002-2885-170X
 → dob=None, dod=None, affil='Bar-Ilan University'
this is names_try: ['Rounaq Basu']
maybe orcid: ['0000-0001-5077-2613']
[1013/1535] Querying 'Rounaq Basu' (ORCID=0000-0001-5077-2613) …orcid: 0000-0001-5077-2613
 → dob=None, dod=None, affil=None
this is names_try: ['Caitlyn R. Curley', 'Caitlyn Curley']
maybe orcid: [nan]
[1014/1535] Querying 'Caitlyn R. Curley' (ORCID=None) …each name: Caitlyn R. Curley
No match for name variant: Caitlyn R. Curley
each name: Caitlyn Curley
No match for name variant: Caitlyn Curley
 → dob=None, dod=None, affil=None
this is names_try: ['Charles‐Alban Deledalle']
maybe orcid: ['0000-0002-3139-7106']
[1015/1535] Querying 'Charles‐Alban Deledalle' (ORCID=0000-0002-3139-7106) …orcid: 0000-0002-3139-7106
each name: Charles‐Alban Deledalle
No match for name variant: Charles‐Alban Deledalle
 → dob=None, dod=None, affil=None
this is names_try: ['Mohammad Moein Safaee', 'Mohammad Safaee']
maybe orcid: ['0000-0002-3997-1125']
[1016/1535] Querying 'Mohammad Moein Safaee' (ORCID=0000-0002-3997-1125) …orcid: 0000-0002-3997-1125
 → dob=None, dod=None, affil=None
this is names_try: ['J. Daniel Kim', 'J. Kim']
maybe orcid: [nan]
[1017/1535] Querying 'J. Daniel Kim' (ORCID=None) …each name: J. Daniel Kim
No match for name variant: J. Daniel Kim
each name: J. Kim
 → dob='1949-04-23T00:00:00Z', dod='2024-09-02T00:00:00Z', affil='University of Texas at Austin'
this is names_try: ['Ariel L. Furst', 'Ariel Furst']
maybe orcid: ['0000-0001-9583-9703']
[1018/1535] Querying 'Ariel L. Furst' (ORCID=0000-0001-9583-9703) …orcid: 0000-0001-9583-9703
 → dob=None, dod=None, affil=None
this is names_try: ['Dhvanit I. Shah', 'Dhvanit Shah']
maybe orcid: ['0000-0002-3173-2402']
[1019/1535] Querying 'Dhvanit I. Shah' (ORCID=0000-0002-3173-2402) …orcid: 0000-0002-3173-2402
 → dob=None, dod=None, affil='Harvard Medical School'
this is names_try: ['Liam Rankin Sheldon', 'Liam Sheldon']
maybe orcid: [nan]
[1020/1535] Querying 'Liam Rankin Sheldon' (ORCID=None) …each name: Liam Rankin Sheldon
No match for name variant: Liam Rankin Sheldon
each name: Liam Sheldon
No match for name variant: Liam Sheldon
 → dob=None, dod=None, affil=None
this is names_try: ['Govert Nijs']
maybe orcid: ['0000-0002-5340-3378']
[1021/1535] Querying 'Govert Nijs' (ORCID=0000-0002-5340-3378) …orcid: 0000-0002-5340-3378
each name: Govert Nijs
No match for name variant: Govert Nijs
 → dob=None, dod=None, affil=None
this is names_try: ['C. Price']
maybe orcid: [nan]
[1022/1535] Querying 'C. Price' (ORCID=None) …each name: C. Price
 → dob=None, dod=None, affil='University College London'
this is names_try: ['Shari Liu']
maybe orcid: ['0000-0002-7037-5401']
[1023/1535] Querying 'Shari Liu' (ORCID=0000-0002-7037-5401) …orcid: 0000-0002-7037-5401
 → dob=None, dod=None, affil='Massachusetts Institute of Technology'
this is names_try: ['Gaojie Yang']
maybe orcid: [nan]
[1024/1535] Querying 'Gaojie Yang' (ORCID=None) …each name: Gaojie Yang
No match for name variant: Gaojie Yang
 → dob=None, dod=None, affil=None
this is names_try: ['Ella Wassweiler']
maybe orcid: ['0009-0003-5080-6459']
[1025/1535] Querying 'Ella Wassweiler' (ORCID=0009-0003-5080-6459) …orcid: 0009-0003-5080-6459
each name: Ella Wassweiler
No match for name variant: Ella Wassweiler
 → dob=None, dod=None, affil=None
this is names_try: ['Lucas Orona']
maybe orcid: [nan]
[1026/1535] Querying 'Lucas Orona' (ORCID=None) …each name: Lucas Orona
No match for name variant: Lucas Orona
 → dob=None, dod=None, affil=None
this is names_try: ['Kevin Lujan Lee', 'Kevin Lee']
maybe orcid: ['0000-0003-0403-3216']
[1027/1535] Querying 'Kevin Lujan Lee' (ORCID=0000-0003-0403-3216) …orcid: 0000-0003-0403-3216
 → dob=None, dod=None, affil='Massachusetts Institute of Technology'
this is names_try: ['Felix M. Key', 'Felix Key']
maybe orcid: ['0000-0003-2812-6636']
[1028/1535] Querying 'Felix M. Key' (ORCID=0000-0003-2812-6636) …orcid: 0000-0003-2812-6636
 → dob=None, dod=None, affil='Massachusetts Institute of Technology'
this is names_try: ['Younhun Kim']
maybe orcid: ['0000-0001-8341-9816']
[1029/1535] Querying 'Younhun Kim' (ORCID=0000-0001-8341-9816) …orcid: 0000-0001-8341-9816
each name: Younhun Kim
No match for name variant: Younhun Kim
 → dob=None, dod=None, affil=None
this is names_try: ['Slawek Gras']
maybe orcid: [nan]
[1030/1535] Querying 'Slawek Gras' (ORCID=None) …each name: Slawek Gras
No match for name variant: Slawek Gras
 → dob=None, dod=None, affil=None
this is names_try: ['Daniel Alfonsetti']
maybe orcid: [nan]
[1031/1535] Querying 'Daniel Alfonsetti' (ORCID=None) …each name: Daniel Alfonsetti
No match for name variant: Daniel Alfonsetti
 → dob=None, dod=None, affil=None
this is names_try: ['Sam J. Silva', 'Sam Silva']
maybe orcid: [nan]
[1032/1535] Querying 'Sam J. Silva' (ORCID=None) …each name: Sam J. Silva
No match for name variant: Sam J. Silva
each name: Sam Silva
 → dob=None, dod=None, affil='University of Southern California'
this is names_try: ['John Miller']
maybe orcid: [nan]
[1033/1535] Querying 'John Miller' (ORCID=None) …each name: John Miller
 → dob='1843-10-29T00:00:00Z', dod='1908-10-26T00:00:00Z', affil=None
this is names_try: ['Zackary Gromko']
maybe orcid: ['0000-0003-1692-370X']
[1034/1535] Querying 'Zackary Gromko' (ORCID=0000-0003-1692-370X) …orcid: 0000-0003-1692-370X
each name: Zackary Gromko
No match for name variant: Zackary Gromko
 → dob=None, dod=None, affil=None
this is names_try: ['William P. Minicozzi', 'William Minicozzi']
maybe orcid: ['0000-0001-5778-1889']
[1035/1535] Querying 'William P. Minicozzi' (ORCID=0000-0001-5778-1889) …orcid: 0000-0001-5778-1889
each name: William P. Minicozzi
 → dob='1967-12-13T00:00:00Z', dod=None, affil='Johns Hopkins University'
this is names_try: ['Abhishek Soni']
maybe orcid: ['0000-0003-3662-511X']
[1036/1535] Querying 'Abhishek Soni' (ORCID=0000-0003-3662-511X) …orcid: 0000-0003-3662-511X
 → dob=None, dod=None, affil=None
this is names_try: ['Mythili Prabhu']
maybe orcid: [nan]
[1037/1535] Querying 'Mythili Prabhu' (ORCID=None) …each name: Mythili Prabhu
No match for name variant: Mythili Prabhu
 → dob=None, dod=None, affil=None
this is names_try: ['Shipeng Jia']
maybe orcid: [nan]
[1038/1535] Querying 'Shipeng Jia' (ORCID=None) …each name: Shipeng Jia
No match for name variant: Shipeng Jia
 → dob=None, dod=None, affil=None
this is names_try: ['Yehui Sun']
maybe orcid: ['0000-0003-0215-6095']
[1039/1535] Querying 'Yehui Sun' (ORCID=0000-0003-0215-6095) …orcid: 0000-0003-0215-6095
each name: Yehui Sun
No match for name variant: Yehui Sun
 → dob=None, dod=None, affil=None
this is names_try: ['C. Y. Chao', 'C. Chao']
maybe orcid: [nan]
[1040/1535] Querying 'C. Y. Chao' (ORCID=None) …each name: C. Y. Chao
No match for name variant: C. Y. Chao
each name: C. Chao
No match for name variant: C. Chao
 → dob=None, dod=None, affil=None
this is names_try: ['Alain Hyacinthe']
maybe orcid: [nan]
[1041/1535] Querying 'Alain Hyacinthe' (ORCID=None) …each name: Alain Hyacinthe
No match for name variant: Alain Hyacinthe
 → dob=None, dod=None, affil=None
this is names_try: ['B. F. Hardt', 'B. Hardt']
maybe orcid: ['0000-0002-1287-1167']
[1042/1535] Querying 'B. F. Hardt' (ORCID=0000-0002-1287-1167) …orcid: 0000-0002-1287-1167
each name: B. F. Hardt
No match for name variant: B. F. Hardt
each name: B. Hardt
No match for name variant: B. Hardt
 → dob=None, dod=None, affil=None
this is names_try: ['Yumeng Zhang']
maybe orcid: ['0000-0002-6405-8362']
[1043/1535] Querying 'Yumeng Zhang' (ORCID=0000-0002-6405-8362) …orcid: 0000-0002-6405-8362
each name: Yumeng Zhang
 → dob=None, dod=None, affil=None
this is names_try: ['Tyler P. Graf', 'Tyler Graf']
maybe orcid: ['0000-0003-4689-9771']
[1044/1535] Querying 'Tyler P. Graf' (ORCID=0000-0003-4689-9771) …orcid: 0000-0003-4689-9771
 → dob=None, dod=None, affil=None
this is names_try: ['Niamh Brown']
maybe orcid: ['0000-0002-7808-027X']
[1045/1535] Querying 'Niamh Brown' (ORCID=0000-0002-7808-027X) …orcid: 0000-0002-7808-027X
each name: Niamh Brown
No match for name variant: Niamh Brown
 → dob=None, dod=None, affil=None
this is names_try: ['Yinsheng Guo']
maybe orcid: ['0000-0002-0571-8447']
[1046/1535] Querying 'Yinsheng Guo' (ORCID=0000-0002-0571-8447) …orcid: 0000-0002-0571-8447
 → dob=None, dod=None, affil='Columbia University'
this is names_try: ['Quanyin Hu']
maybe orcid: ['0000-0003-2946-1655']
[1047/1535] Querying 'Quanyin Hu' (ORCID=0000-0003-2946-1655) …orcid: 0000-0003-2946-1655
each name: Quanyin Hu
No match for name variant: Quanyin Hu
 → dob=None, dod=None, affil=None
this is names_try: ['Zhonghua Yu']
maybe orcid: [nan]
[1048/1535] Querying 'Zhonghua Yu' (ORCID=None) …each name: Zhonghua Yu
No match for name variant: Zhonghua Yu
 → dob=None, dod=None, affil=None
this is names_try: ['Jared Zheng']
maybe orcid: [nan]
[1049/1535] Querying 'Jared Zheng' (ORCID=None) …each name: Jared Zheng
No match for name variant: Jared Zheng
 → dob=None, dod=None, affil=None
this is names_try: ['Xuefeng Meng']
maybe orcid: ['0000-0002-3032-049X']
[1050/1535] Querying 'Xuefeng Meng' (ORCID=0000-0002-3032-049X) …orcid: 0000-0002-3032-049X
each name: Xuefeng Meng
No match for name variant: Xuefeng Meng
 → dob=None, dod=None, affil=None
this is names_try: ['Morteza Sarmadi']
maybe orcid: ['0000-0001-9018-4066']
[1051/1535] Querying 'Morteza Sarmadi' (ORCID=0000-0001-9018-4066) …orcid: 0000-0001-9018-4066
 → dob=None, dod=None, affil=None
this is names_try: ['Abinash Kumar']
maybe orcid: ['0009-0004-0273-9121']
[1052/1535] Querying 'Abinash Kumar' (ORCID=0009-0004-0273-9121) …orcid: 0009-0004-0273-9121
each name: Abinash Kumar
 → dob=None, dod=None, affil=None
this is names_try: ['Kyle I. McKee', 'Kyle McKee']
maybe orcid: ['0000-0001-6021-2556']
[1053/1535] Querying 'Kyle I. McKee' (ORCID=0000-0001-6021-2556) …orcid: 0000-0001-6021-2556
each name: Kyle I. McKee
No match for name variant: Kyle I. McKee
each name: Kyle McKee
 → dob=None, dod=None, affil=None
this is names_try: ['Claire Conceison']
maybe orcid: [nan]
[1054/1535] Querying 'Claire Conceison' (ORCID=None) …each name: Claire Conceison
 → dob=None, dod=None, affil=None
this is names_try: ['James M. LeBeau', 'James LeBeau']
maybe orcid: ['0000-0002-7726-3533']
[1055/1535] Querying 'James M. LeBeau' (ORCID=0000-0002-7726-3533) …orcid: 0000-0002-7726-3533
 → dob=None, dod=None, affil='Massachusetts Institute of Technology'
this is names_try: ['Houssam El Cheairi', 'Houssam Cheairi']
maybe orcid: [nan]
[1056/1535] Querying 'Houssam El Cheairi' (ORCID=None) …each name: Houssam El Cheairi
No match for name variant: Houssam El Cheairi
each name: Houssam Cheairi
No match for name variant: Houssam Cheairi
 → dob=None, dod=None, affil=None
this is names_try: ['James H. Zhang', 'James Zhang']
maybe orcid: ['0000-0003-3963-1750']
[1057/1535] Querying 'James H. Zhang' (ORCID=0000-0003-3963-1750) …orcid: 0000-0003-3963-1750
each name: James H. Zhang
No match for name variant: James H. Zhang
each name: James Zhang
 → dob=None, dod=None, affil=None
this is names_try: ['Louis E. Brus', 'Louis Brus']
maybe orcid: ['0000-0002-5337-5776']
[1058/1535] Querying 'Louis E. Brus' (ORCID=0000-0002-5337-5776) …orcid: 0000-0002-5337-5776
 → dob='1943-08-10T00:00:00Z', dod=None, affil='Columbia University'
this is names_try: ['Rebecca Ruth Beach', 'Rebecca Beach']
maybe orcid: [nan]
[1059/1535] Querying 'Rebecca Ruth Beach' (ORCID=None) …each name: Rebecca Ruth Beach
No match for name variant: Rebecca Ruth Beach
each name: Rebecca Beach
 → dob='1949-01-01T00:00:00Z', dod=None, affil=None
this is names_try: ['A. John Hart', 'A. Hart']
maybe orcid: [nan]
[1060/1535] Querying 'A. John Hart' (ORCID=None) …each name: A. John Hart
 → dob='1707-01-01T00:00:00Z', dod='1779-05-11T00:00:00Z', affil=None
this is names_try: ['Murat Yıldırım']
maybe orcid: ['0000-0003-0853-2557']
[1061/1535] Querying 'Murat Yıldırım' (ORCID=0000-0003-0853-2557) …orcid: 0000-0003-0853-2557
 → dob=None, dod=None, affil='Massachusetts Institute of Technology'
this is names_try: ['Christine A. Moomau', 'Christine Moomau']
maybe orcid: [nan]
[1062/1535] Querying 'Christine A. Moomau' (ORCID=None) …each name: Christine A. Moomau
No match for name variant: Christine A. Moomau
each name: Christine Moomau
No match for name variant: Christine Moomau
 → dob=None, dod=None, affil=None
this is names_try: ['Mendeli H. Vainstein', 'Mendeli Vainstein']
maybe orcid: ['0000-0001-5132-2681']
[1063/1535] Querying 'Mendeli H. Vainstein' (ORCID=0000-0001-5132-2681) …orcid: 0000-0001-5132-2681
 → dob=None, dod=None, affil='Federal University of Rio Grande do Sul'
this is names_try: ['Pei-hsin Hsu']
maybe orcid: [nan]
[1064/1535] Querying 'Pei-hsin Hsu' (ORCID=None) …each name: Pei-hsin Hsu
No match for name variant: Pei-hsin Hsu
 → dob=None, dod=None, affil=None
this is names_try: ['JoLynn B. Giancola', 'JoLynn Giancola']
maybe orcid: ['0000-0002-2030-2335']
[1065/1535] Querying 'JoLynn B. Giancola' (ORCID=0000-0002-2030-2335) …orcid: 0000-0002-2030-2335
 → dob=None, dod=None, affil=None
this is names_try: ['Samuel Kim']
maybe orcid: ['0000-0001-8248-2346']
[1066/1535] Querying 'Samuel Kim' (ORCID=0000-0001-8248-2346) …orcid: 0000-0001-8248-2346
 → dob=None, dod=None, affil=None
this is names_try: ['Aniekan Okon']
maybe orcid: ['0000-0002-8960-4497']
[1067/1535] Querying 'Aniekan Okon' (ORCID=0000-0002-8960-4497) …orcid: 0000-0002-8960-4497
each name: Aniekan Okon
 → dob='1981-05-10T00:00:00Z', dod=None, affil=None
this is names_try: ['Rebecca E. Silberman', 'Rebecca Silberman']
maybe orcid: [nan]
[1068/1535] Querying 'Rebecca E. Silberman' (ORCID=None) …each name: Rebecca E. Silberman
No match for name variant: Rebecca E. Silberman
each name: Rebecca Silberman
 → dob=None, dod=None, affil='Oregon Health and Science University'
this is names_try: ['Joseph M. Paggi', 'Joseph Paggi']
maybe orcid: ['0000-0003-0588-6595']
[1069/1535] Querying 'Joseph M. Paggi' (ORCID=0000-0003-0588-6595) …orcid: 0000-0003-0588-6595
 → dob=None, dod=None, affil=None
this is names_try: ['Peter Y. Lu', 'Peter Lu']
maybe orcid: ['0000-0001-6183-5237']
[1070/1535] Querying 'Peter Y. Lu' (ORCID=0000-0001-6183-5237) …orcid: 0000-0001-6183-5237
 → dob=None, dod=None, affil='University of Chicago'
this is names_try: ['Emil Israel']
maybe orcid: ['0000-0002-6313-8248']
[1071/1535] Querying 'Emil Israel' (ORCID=0000-0002-6313-8248) …orcid: 0000-0002-6313-8248
 → dob=None, dod=None, affil='Technion – Israel Institute of Technology'
this is names_try: ['Elena Kallestinova']
maybe orcid: [nan]
[1072/1535] Querying 'Elena Kallestinova' (ORCID=None) …each name: Elena Kallestinova
No match for name variant: Elena Kallestinova
 → dob=None, dod=None, affil=None
this is names_try: ['Srijon Mukherjee']
maybe orcid: [nan]
[1073/1535] Querying 'Srijon Mukherjee' (ORCID=None) …each name: Srijon Mukherjee
No match for name variant: Srijon Mukherjee
 → dob=None, dod=None, affil=None
this is names_try: ['Lauren N. Dupuis', 'Lauren Dupuis']
maybe orcid: ['0000-0001-9915-8737']
[1074/1535] Querying 'Lauren N. Dupuis' (ORCID=0000-0001-9915-8737) …orcid: 0000-0001-9915-8737
 → dob=None, dod=None, affil=None
this is names_try: ['Zhentao Yang']
maybe orcid: [nan]
[1075/1535] Querying 'Zhentao Yang' (ORCID=None) …each name: Zhentao Yang
No match for name variant: Zhentao Yang
 → dob=None, dod=None, affil=None
this is names_try: ['Michael A. Gilbert', 'Michael Gilbert']
maybe orcid: ['0000-0002-2503-1626']
[1076/1535] Querying 'Michael A. Gilbert' (ORCID=0000-0002-2503-1626) …orcid: 0000-0002-2503-1626
each name: Michael A. Gilbert
 → dob='1945-10-31T00:00:00Z', dod=None, affil='University of York'
this is names_try: ['Sue Zanne Tan', 'Sue Tan']
maybe orcid: [nan]
[1077/1535] Querying 'Sue Zanne Tan' (ORCID=None) …each name: Sue Zanne Tan
No match for name variant: Sue Zanne Tan
each name: Sue Tan
 → dob='2000-01-01T00:00:00Z', dod=None, affil=None
this is names_try: ['Alexandra G. Bardon', 'Alexandra Bardon']
maybe orcid: ['0000-0003-2054-1245']
[1078/1535] Querying 'Alexandra G. Bardon' (ORCID=0000-0003-2054-1245) …orcid: 0000-0003-2054-1245
each name: Alexandra G. Bardon
No match for name variant: Alexandra G. Bardon
each name: Alexandra Bardon
No match for name variant: Alexandra Bardon
 → dob=None, dod=None, affil=None
this is names_try: ['Genwei Zhang']
maybe orcid: ['0000-0002-4432-220X']
[1079/1535] Querying 'Genwei Zhang' (ORCID=0000-0002-4432-220X) …orcid: 0000-0002-4432-220X
 → dob=None, dod=None, affil=None
this is names_try: ['Athina Papadopoulou']
maybe orcid: ['0000-0001-9157-9334']
[1080/1535] Querying 'Athina Papadopoulou' (ORCID=0000-0001-9157-9334) …orcid: 0000-0001-9157-9334
each name: Athina Papadopoulou
 → dob=None, dod=None, affil='University Hospital of Basel'
this is names_try: ['Jared Laucks']
maybe orcid: [nan]
[1081/1535] Querying 'Jared Laucks' (ORCID=None) …each name: Jared Laucks
No match for name variant: Jared Laucks
 → dob=None, dod=None, affil=None
this is names_try: ['J. J. Ballesteros', 'J. Ballesteros']
maybe orcid: ['0000-0003-2162-5117']
[1082/1535] Querying 'J. J. Ballesteros' (ORCID=0000-0003-2162-5117) …orcid: 0000-0003-2162-5117
 → dob=None, dod=None, affil='Massachusetts Institute of Technology'
this is names_try: ['Sebastian Pomplun']
maybe orcid: ['0000-0003-0905-8551']
[1083/1535] Querying 'Sebastian Pomplun' (ORCID=0000-0003-0905-8551) …orcid: 0000-0003-0905-8551
 → dob=None, dod=None, affil=None
this is names_try: ['Adam Eisen']
maybe orcid: ['0009-0005-3091-7586']
[1084/1535] Querying 'Adam Eisen' (ORCID=0009-0005-3091-7586) …orcid: 0009-0005-3091-7586
each name: Adam Eisen
 → dob='1762-07-17T00:00:00Z', dod='1834-05-24T00:00:00Z', affil=None
this is names_try: ['Alexander R. Loftis', 'Alexander Loftis']
maybe orcid: ['0000-0002-9667-2834']
[1085/1535] Querying 'Alexander R. Loftis' (ORCID=0000-0002-9667-2834) …orcid: 0000-0002-9667-2834
 → dob=None, dod=None, affil=None
this is names_try: ['Julia Cho']
maybe orcid: ['0000-0001-5577-9080']
[1086/1535] Querying 'Julia Cho' (ORCID=0000-0001-5577-9080) …orcid: 0000-0001-5577-9080
each name: Julia Cho
 → dob='1975-07-05T00:00:00Z', dod=None, affil=None
this is names_try: ['Yutong Chen']
maybe orcid: ['0000-0003-3210-2282']
[1087/1535] Querying 'Yutong Chen' (ORCID=0000-0003-3210-2282) …orcid: 0000-0003-3210-2282
each name: Yutong Chen
 → dob=None, dod=None, affil=None
this is names_try: ['Xuyu Tan']
maybe orcid: ['0000-0002-0218-5147']
[1088/1535] Querying 'Xuyu Tan' (ORCID=0000-0002-0218-5147) …orcid: 0000-0002-0218-5147
 → dob=None, dod=None, affil=None
this is names_try: ['E. S. Cameron', 'E. Cameron']
maybe orcid: [nan]
[1089/1535] Querying 'E. S. Cameron' (ORCID=None) …each name: E. S. Cameron
No match for name variant: E. S. Cameron
each name: E. Cameron
 → dob=None, dod=None, affil=None
this is names_try: ['Blake Cole']
maybe orcid: ['0000-0002-4957-6903']
[1090/1535] Querying 'Blake Cole' (ORCID=0000-0002-4957-6903) …orcid: 0000-0002-4957-6903
 → dob=None, dod=None, affil='Hyperloop One'
this is names_try: ['Cat Arase']
maybe orcid: [nan]
[1091/1535] Querying 'Cat Arase' (ORCID=None) …each name: Cat Arase
No match for name variant: Cat Arase
 → dob=None, dod=None, affil=None
this is names_try: ['Ethan S. Lee', 'Ethan Lee']
maybe orcid: ['0000-0002-0873-9526']
[1092/1535] Querying 'Ethan S. Lee' (ORCID=0000-0002-0873-9526) …orcid: 0000-0002-0873-9526
each name: Ethan S. Lee
No match for name variant: Ethan S. Lee
each name: Ethan Lee
 → dob=None, dod=None, affil=None
this is names_try: ['Chiheon Kim']
maybe orcid: [nan]
[1093/1535] Querying 'Chiheon Kim' (ORCID=None) …each name: Chiheon Kim
No match for name variant: Chiheon Kim
 → dob=None, dod=None, affil=None
this is names_try: ['Lucas Attia']
maybe orcid: ['0000-0002-9941-3846']
[1094/1535] Querying 'Lucas Attia' (ORCID=0000-0002-9941-3846) …orcid: 0000-0002-9941-3846
each name: Lucas Attia
No match for name variant: Lucas Attia
 → dob=None, dod=None, affil=None
this is names_try: ['Sonal K. Thengane', 'Sonal Thengane']
maybe orcid: ['0000-0002-5860-1410']
[1095/1535] Querying 'Sonal K. Thengane' (ORCID=0000-0002-5860-1410) …orcid: 0000-0002-5860-1410
each name: Sonal K. Thengane
No match for name variant: Sonal K. Thengane
each name: Sonal Thengane
No match for name variant: Sonal Thengane
 → dob=None, dod=None, affil=None
this is names_try: ['Murat Onen']
maybe orcid: ['0000-0002-9078-2901']
[1096/1535] Querying 'Murat Onen' (ORCID=0000-0002-9078-2901) …orcid: 0000-0002-9078-2901
 → dob=None, dod=None, affil=None
this is names_try: ['Sydney Levine']
maybe orcid: ['0000-0003-3688-3290']
[1097/1535] Querying 'Sydney Levine' (ORCID=0000-0003-3688-3290) …orcid: 0000-0003-3688-3290
 → dob=None, dod=None, affil=None
this is names_try: ['Jackson Burns']
maybe orcid: ['0000-0002-0657-9426']
[1098/1535] Querying 'Jackson Burns' (ORCID=0000-0002-0657-9426) …orcid: 0000-0002-0657-9426
 → dob=None, dod=None, affil=None
this is names_try: ['X. Borrat']
maybe orcid: ['0000-0002-9348-9284']
[1099/1535] Querying 'X. Borrat' (ORCID=0000-0002-9348-9284) …orcid: 0000-0002-9348-9284
each name: X. Borrat
No match for name variant: X. Borrat
 → dob=None, dod=None, affil=None
this is names_try: ['Max Kleiman‐Weiner']
maybe orcid: [nan]
[1100/1535] Querying 'Max Kleiman‐Weiner' (ORCID=None) …each name: Max Kleiman‐Weiner
No match for name variant: Max Kleiman‐Weiner
 → dob=None, dod=None, affil=None
this is names_try: ['Fan Zhang']
maybe orcid: ['0000-0001-6087-8243']
[1101/1535] Querying 'Fan Zhang' (ORCID=0000-0001-6087-8243) …orcid: 0000-0001-6087-8243
 → dob=None, dod=None, affil=None
this is names_try: ['Cheng Li']
maybe orcid: ['0000-0002-3956-9718']
[1102/1535] Querying 'Cheng Li' (ORCID=0000-0002-3956-9718) …orcid: 0000-0002-3956-9718
 → dob=None, dod=None, affil=None
this is names_try: ['Kevin M. Archibald', 'Kevin Archibald']
maybe orcid: ['0000-0001-8414-5183']
[1103/1535] Querying 'Kevin M. Archibald' (ORCID=0000-0001-8414-5183) …orcid: 0000-0001-8414-5183
each name: Kevin M. Archibald
No match for name variant: Kevin M. Archibald
each name: Kevin Archibald
 → dob=None, dod=None, affil=None
this is names_try: ['Vishal P. Patil', 'Vishal Patil']
maybe orcid: ['0000-0002-0815-6646']
[1104/1535] Querying 'Vishal P. Patil' (ORCID=0000-0002-0815-6646) …orcid: 0000-0002-0815-6646
 → dob=None, dod=None, affil=None
this is names_try: ['Juno Nam']
maybe orcid: ['0000-0002-9506-2938']
[1105/1535] Querying 'Juno Nam' (ORCID=0000-0002-9506-2938) …orcid: 0000-0002-9506-2938
each name: Juno Nam
No match for name variant: Juno Nam
 → dob=None, dod=None, affil=None
this is names_try: ['T. M. Evans', 'T. Evans']
maybe orcid: ['0000-0001-5442-1300']
[1106/1535] Querying 'T. M. Evans' (ORCID=0000-0001-5442-1300) …orcid: 0000-0001-5442-1300
 → dob=None, dod=None, affil='Massachusetts Institute of Technology'
this is names_try: ['Mariona Badenas-Agusti']
maybe orcid: ['0000-0003-4903-567X']
[1107/1535] Querying 'Mariona Badenas-Agusti' (ORCID=0000-0003-4903-567X) …orcid: 0000-0003-4903-567X
each name: Mariona Badenas-Agusti
 → dob=None, dod=None, affil=None
this is names_try: ['Zhihai Zhu']
maybe orcid: ['0000-0002-5128-9735']
[1108/1535] Querying 'Zhihai Zhu' (ORCID=0000-0002-5128-9735) …orcid: 0000-0002-5128-9735
each name: Zhihai Zhu
No match for name variant: Zhihai Zhu
 → dob=None, dod=None, affil=None
this is names_try: ['Kishalay De']
maybe orcid: [nan]
[1109/1535] Querying 'Kishalay De' (ORCID=None) …each name: Kishalay De
 → dob=None, dod=None, affil=None
this is names_try: ['Wonjun Choi']
maybe orcid: [nan]
[1110/1535] Querying 'Wonjun Choi' (ORCID=None) …each name: Wonjun Choi
 → dob=None, dod=None, affil='University of Tokyo'
this is names_try: ['Jonathan Pelliciari']
maybe orcid: ['0000-0003-1508-7746']
[1111/1535] Querying 'Jonathan Pelliciari' (ORCID=0000-0003-1508-7746) …orcid: 0000-0003-1508-7746
each name: Jonathan Pelliciari
No match for name variant: Jonathan Pelliciari
 → dob=None, dod=None, affil=None
this is names_try: ['Jing Yang']
maybe orcid: ['0000-0003-1855-0708']
[1112/1535] Querying 'Jing Yang' (ORCID=0000-0003-1855-0708) …orcid: 0000-0003-1855-0708
 → dob=None, dod=None, affil='Max Planck Institute for Sustainable Materials'
this is names_try: ['Susana Hoyos']
maybe orcid: ['0000-0001-9808-027X']
[1113/1535] Querying 'Susana Hoyos' (ORCID=0000-0001-9808-027X) …orcid: 0000-0001-9808-027X
each name: Susana Hoyos
No match for name variant: Susana Hoyos
 → dob=None, dod=None, affil=None
this is names_try: ['Gregory A. Dooley', 'Gregory Dooley']
maybe orcid: ['0000-0001-6176-9583']
[1114/1535] Querying 'Gregory A. Dooley' (ORCID=0000-0001-6176-9583) …orcid: 0000-0001-6176-9583
each name: Gregory A. Dooley
No match for name variant: Gregory A. Dooley
each name: Gregory Dooley
 → dob=None, dod=None, affil=None
this is names_try: ['Javier Viaña']
maybe orcid: ['0000-0002-0563-784X']
[1115/1535] Querying 'Javier Viaña' (ORCID=0000-0002-0563-784X) …orcid: 0000-0002-0563-784X
each name: Javier Viaña
No match for name variant: Javier Viaña
 → dob=None, dod=None, affil=None
this is names_try: ['Kangkyu Kwon']
maybe orcid: ['0000-0002-4648-4739']
[1116/1535] Querying 'Kangkyu Kwon' (ORCID=0000-0002-4648-4739) …orcid: 0000-0002-4648-4739
each name: Kangkyu Kwon
No match for name variant: Kangkyu Kwon
 → dob=None, dod=None, affil=None
this is names_try: ['T. Boettcher']
maybe orcid: [nan]
[1117/1535] Querying 'T. Boettcher' (ORCID=None) …each name: T. Boettcher
No match for name variant: T. Boettcher
 → dob=None, dod=None, affil=None
this is names_try: ['Daniel W. Kolodrubetz', 'Daniel Kolodrubetz']
maybe orcid: [nan]
[1118/1535] Querying 'Daniel W. Kolodrubetz' (ORCID=None) …each name: Daniel W. Kolodrubetz
No match for name variant: Daniel W. Kolodrubetz
each name: Daniel Kolodrubetz
 → dob=None, dod=None, affil=None
this is names_try: ['Donghang Li']
maybe orcid: [nan]
[1119/1535] Querying 'Donghang Li' (ORCID=None) …each name: Donghang Li
 → dob=None, dod=None, affil='Wuhan University'
this is names_try: ['Christopher Rodriguez']
maybe orcid: ['0000-0002-1478-3769']
[1120/1535] Querying 'Christopher Rodriguez' (ORCID=0000-0002-1478-3769) …orcid: 0000-0002-1478-3769
each name: Christopher Rodriguez
 → dob=None, dod=None, affil=None
this is names_try: ['Laura Walter-McNeill']
maybe orcid: ['0000-0002-8238-5025']
[1121/1535] Querying 'Laura Walter-McNeill' (ORCID=0000-0002-8238-5025) …orcid: 0000-0002-8238-5025
each name: Laura Walter-McNeill
No match for name variant: Laura Walter-McNeill
 → dob=None, dod=None, affil=None
this is names_try: ['Moody Samuel']
maybe orcid: [nan]
[1122/1535] Querying 'Moody Samuel' (ORCID=None) …each name: Moody Samuel
No match for name variant: Moody Samuel
 → dob=None, dod=None, affil=None
this is names_try: ['Milind Gadre']
maybe orcid: [nan]
[1123/1535] Querying 'Milind Gadre' (ORCID=None) …each name: Milind Gadre
No match for name variant: Milind Gadre
 → dob=None, dod=None, affil=None
this is names_try: ['N. S. Oblath', 'N. Oblath']
maybe orcid: [nan]
[1124/1535] Querying 'N. S. Oblath' (ORCID=None) …each name: N. S. Oblath
No match for name variant: N. S. Oblath
each name: N. Oblath
No match for name variant: N. Oblath
 → dob=None, dod=None, affil=None
this is names_try: ['S. Venkatesan']
maybe orcid: ['0000-0001-9814-7577']
[1125/1535] Querying 'S. Venkatesan' (ORCID=0000-0001-9814-7577) …orcid: 0000-0001-9814-7577
each name: S. Venkatesan
 → dob='1970-03-16T00:00:00Z', dod=None, affil=None
this is names_try: ['Simone Musso']
maybe orcid: ['0000-0002-6652-5489']
[1126/1535] Querying 'Simone Musso' (ORCID=0000-0002-6652-5489) …orcid: 0000-0002-6652-5489
each name: Simone Musso
No match for name variant: Simone Musso
 → dob=None, dod=None, affil=None
this is names_try: ['Fiona S. Cunningham', 'Fiona Cunningham']
maybe orcid: [nan]
[1127/1535] Querying 'Fiona S. Cunningham' (ORCID=None) …each name: Fiona S. Cunningham
No match for name variant: Fiona S. Cunningham
each name: Fiona Cunningham
 → dob='2000-01-01T00:00:00Z', dod=None, affil=None
this is names_try: ['Srimanta Santra']
maybe orcid: ['0000-0003-0998-0802']
[1128/1535] Querying 'Srimanta Santra' (ORCID=0000-0003-0998-0802) …orcid: 0000-0003-0998-0802
each name: Srimanta Santra
No match for name variant: Srimanta Santra
 → dob=None, dod=None, affil=None
this is names_try: ['Jessica C. Beard', 'Jessica Beard']
maybe orcid: ['0000-0003-3662-3042']
[1129/1535] Querying 'Jessica C. Beard' (ORCID=0000-0003-3662-3042) …orcid: 0000-0003-3662-3042
each name: Jessica C. Beard
No match for name variant: Jessica C. Beard
each name: Jessica Beard
 → dob='1989-01-08T00:00:00Z', dod=None, affil=None
this is names_try: ['William G. Abel', 'William Abel']
maybe orcid: [nan]
[1130/1535] Querying 'William G. Abel' (ORCID=None) …each name: William G. Abel
No match for name variant: William G. Abel
each name: William Abel
 → dob='1920-09-28T00:00:00Z', dod='1972-03-24T00:00:00Z', affil='Yale University'
this is names_try: ['Ilya Charaev']
maybe orcid: ['0000-0002-4036-0778']
[1131/1535] Querying 'Ilya Charaev' (ORCID=0000-0002-4036-0778) …orcid: 0000-0002-4036-0778
each name: Ilya Charaev
 → dob=None, dod=None, affil=None
this is names_try: ['Richard A. Flower', 'Richard Flower']
maybe orcid: [nan]
[1132/1535] Querying 'Richard A. Flower' (ORCID=None) …each name: Richard A. Flower
No match for name variant: Richard A. Flower
each name: Richard Flower
 → dob='1760-01-01T00:00:00Z', dod='1829-09-02T00:00:00Z', affil=None
this is names_try: ['Alexander Soloviev']
maybe orcid: ['0000-0001-9490-9263']
[1133/1535] Querying 'Alexander Soloviev' (ORCID=0000-0001-9490-9263) …orcid: 0000-0001-9490-9263
each name: Alexander Soloviev
 → dob='1846-08-30T00:00:00Z', dod='1879-06-09T00:00:00Z', affil=None
this is names_try: ['Richard M. Rush', 'Richard Rush']
maybe orcid: [nan]
[1134/1535] Querying 'Richard M. Rush' (ORCID=None) …each name: Richard M. Rush
No match for name variant: Richard M. Rush
each name: Richard Rush
 → dob='1780-08-29T00:00:00Z', dod='1859-07-30T00:00:00Z', affil='United States Department of the Treasury'
this is names_try: ['Robert N. Moll', 'Robert Moll']
maybe orcid: [nan]
[1135/1535] Querying 'Robert N. Moll' (ORCID=None) …each name: Robert N. Moll
 → dob=None, dod=None, affil=None
this is names_try: ['Ruth Judson']
maybe orcid: [nan]
[1136/1535] Querying 'Ruth Judson' (ORCID=None) …each name: Ruth Judson
 → dob='1664-01-01T00:00:00Z', dod='1744-01-01T00:00:00Z', affil=None
this is names_try: ['Seif‐Eddeen K. Fateen', 'Seif‐Eddeen Fateen']
maybe orcid: ['0000-0002-3431-154X']
[1137/1535] Querying 'Seif‐Eddeen K. Fateen' (ORCID=0000-0002-3431-154X) …orcid: 0000-0002-3431-154X
 → dob=None, dod=None, affil='Cairo University'
this is names_try: ['Milton W. Horowitz', 'Milton Horowitz']
maybe orcid: [nan]
[1138/1535] Querying 'Milton W. Horowitz' (ORCID=None) …each name: Milton W. Horowitz
No match for name variant: Milton W. Horowitz
each name: Milton Horowitz
No match for name variant: Milton Horowitz
 → dob=None, dod=None, affil=None
this is names_try: ['N. T. Jones', 'N. Jones']
maybe orcid: [nan]
[1139/1535] Querying 'N. T. Jones' (ORCID=None) …each name: N. T. Jones
No match for name variant: N. T. Jones
each name: N. Jones
 → dob=None, dod=None, affil='University of Manchester'
this is names_try: ['H.C. Pradhan']
maybe orcid: [nan]
[1140/1535] Querying 'H.C. Pradhan' (ORCID=None) …each name: H.C. Pradhan
No match for name variant: H.C. Pradhan
 → dob=None, dod=None, affil=None
this is names_try: ['R. H. Fox', 'R. Fox']
maybe orcid: [nan]
[1141/1535] Querying 'R. H. Fox' (ORCID=None) …each name: R. H. Fox
 → dob='1913-03-24T00:00:00Z', dod='1973-12-23T00:00:00Z', affil='Princeton University'
this is names_try: ['Huzeifa Ismail']
maybe orcid: [nan]
[1142/1535] Querying 'Huzeifa Ismail' (ORCID=None) …each name: Huzeifa Ismail
No match for name variant: Huzeifa Ismail
 → dob=None, dod=None, affil=None
this is names_try: ['M.D. Smith']
maybe orcid: [nan]
[1143/1535] Querying 'M.D. Smith' (ORCID=None) …each name: M.D. Smith
 → dob=None, dod=None, affil=None
this is names_try: ['G Daniel']
maybe orcid: [nan]
[1144/1535] Querying 'G Daniel' (ORCID=None) …each name: G Daniel
 → dob='1931-01-01T00:00:00Z', dod='2017-01-01T00:00:00Z', affil=None
this is names_try: ['Stanislav Y. Shvartsman', 'Stanislav Shvartsman']
maybe orcid: ['0000-0002-9152-9334']
[1145/1535] Querying 'Stanislav Y. Shvartsman' (ORCID=0000-0002-9152-9334) …orcid: 0000-0002-9152-9334
 → dob=None, dod=None, affil='Princeton University'
this is names_try: ['Stephen J. Fricker', 'Stephen Fricker']
maybe orcid: [nan]
[1146/1535] Querying 'Stephen J. Fricker' (ORCID=None) …each name: Stephen J. Fricker
No match for name variant: Stephen J. Fricker
each name: Stephen Fricker
 → dob=None, dod=None, affil='University of South Australia'
this is names_try: ['S. D. Schultz', 'S. Schultz']
maybe orcid: [nan]
[1147/1535] Querying 'S. D. Schultz' (ORCID=None) …each name: S. D. Schultz
No match for name variant: S. D. Schultz
each name: S. Schultz
No match for name variant: S. Schultz
 → dob=None, dod=None, affil=None
this is names_try: ['George Schick']
maybe orcid: [nan]
[1148/1535] Querying 'George Schick' (ORCID=None) …each name: George Schick
 → dob='1908-05-04T00:00:00Z', dod='1985-03-07T00:00:00Z', affil='Manhattan School of Music'
this is names_try: ['Alan H. Stratford', 'Alan Stratford']
maybe orcid: [nan]
[1149/1535] Querying 'Alan H. Stratford' (ORCID=None) …each name: Alan H. Stratford
 → dob='1914-03-14T00:00:00Z', dod='2005-10-01T00:00:00Z', affil=None
this is names_try: ['H.W. Kraner']
maybe orcid: [nan]
[1150/1535] Querying 'H.W. Kraner' (ORCID=None) …each name: H.W. Kraner
No match for name variant: H.W. Kraner
 → dob=None, dod=None, affil=None
this is names_try: ['John S. Dickey', 'John Dickey']
maybe orcid: [nan]
[1151/1535] Querying 'John S. Dickey' (ORCID=None) …each name: John S. Dickey
No match for name variant: John S. Dickey
each name: John Dickey
 → dob='1794-06-23T00:00:00Z', dod='1853-03-14T00:00:00Z', affil=None
this is names_try: ['Christa Merzdorf']
maybe orcid: [nan]
[1152/1535] Querying 'Christa Merzdorf' (ORCID=None) …each name: Christa Merzdorf
No match for name variant: Christa Merzdorf
 → dob=None, dod=None, affil=None
this is names_try: ['Gerald L. Schroeder', 'Gerald Schroeder']
maybe orcid: [nan]
[1153/1535] Querying 'Gerald L. Schroeder' (ORCID=None) …each name: Gerald L. Schroeder
 → dob='1938-02-20T00:00:00Z', dod=None, affil=None
this is names_try: ['Masaaki Obata']
maybe orcid: [nan]
[1154/1535] Querying 'Masaaki Obata' (ORCID=None) …each name: Masaaki Obata
No match for name variant: Masaaki Obata
 → dob=None, dod=None, affil=None
this is names_try: ['Vladimir Apekin']
maybe orcid: [nan]
[1155/1535] Querying 'Vladimir Apekin' (ORCID=None) …each name: Vladimir Apekin
No match for name variant: Vladimir Apekin
 → dob=None, dod=None, affil=None
this is names_try: ['Anthony R. Lewis', 'Anthony Lewis']
maybe orcid: [nan]
[1156/1535] Querying 'Anthony R. Lewis' (ORCID=None) …each name: Anthony R. Lewis
 → dob='1941-02-08T00:00:00Z', dod=None, affil=None
this is names_try: ['Henrietta Smith']
maybe orcid: [nan]
[1157/1535] Querying 'Henrietta Smith' (ORCID=None) …each name: Henrietta Smith
 → dob='1854-01-01T00:00:00Z', dod='1926-11-01T00:00:00Z', affil=None
this is names_try: ['Robley D. Evans', 'Robley Evans']
maybe orcid: [nan]
[1158/1535] Querying 'Robley D. Evans' (ORCID=None) …each name: Robley D. Evans
 → dob='1846-08-18T00:00:00Z', dod='1912-01-03T00:00:00Z', affil=None
this is names_try: ['Lyn D. Pleasance', 'Lyn Pleasance']
maybe orcid: [nan]
[1159/1535] Querying 'Lyn D. Pleasance' (ORCID=None) …each name: Lyn D. Pleasance
No match for name variant: Lyn D. Pleasance
each name: Lyn Pleasance
No match for name variant: Lyn Pleasance
 → dob=None, dod=None, affil=None
this is names_try: ['Steven T. Smith', 'Steven Smith']
maybe orcid: ['0000-0003-0730-0535']
[1160/1535] Querying 'Steven T. Smith' (ORCID=0000-0003-0730-0535) …orcid: 0000-0003-0730-0535
 → dob=None, dod=None, affil='MIT Lincoln Laboratory'
this is names_try: ['Andrew P. French', 'Andrew French']
maybe orcid: ['0000-0002-8313-2898']
[1161/1535] Querying 'Andrew P. French' (ORCID=0000-0002-8313-2898) …orcid: 0000-0002-8313-2898
 → dob=None, dod=None, affil='University of Nottingham'
this is names_try: ['J. L. Hall', 'J. Hall']
maybe orcid: ['0000-0001-6137-8945']
[1162/1535] Querying 'J. L. Hall' (ORCID=0000-0001-6137-8945) …orcid: 0000-0001-6137-8945
 → dob='1934-08-21T00:00:00Z', dod=None, affil='National Institute of Standards and Technology'
this is names_try: ['Edwin F. Taylor', 'Edwin Taylor']
maybe orcid: [nan]
[1163/1535] Querying 'Edwin F. Taylor' (ORCID=None) …each name: Edwin F. Taylor
 → dob='1931-06-22T00:00:00Z', dod='2025-04-22T00:00:00Z', affil='Massachusetts Institute of Technology'
this is names_try: ['Tory Herman']
maybe orcid: ['0000-0002-7686-4986']
[1164/1535] Querying 'Tory Herman' (ORCID=0000-0002-7686-4986) …orcid: 0000-0002-7686-4986
 → dob=None, dod=None, affil=None
this is names_try: ['D. L. Kelly', 'D. Kelly']
maybe orcid: [nan]
[1165/1535] Querying 'D. L. Kelly' (ORCID=None) …each name: D. L. Kelly
 → dob=None, dod=None, affil=None
this is names_try: ['Allen Wenzel']
maybe orcid: [nan]
[1166/1535] Querying 'Allen Wenzel' (ORCID=None) …each name: Allen Wenzel
No match for name variant: Allen Wenzel
 → dob=None, dod=None, affil=None
this is names_try: ['A. Tadeu']
maybe orcid: ['0000-0003-2535-8458']
[1167/1535] Querying 'A. Tadeu' (ORCID=0000-0003-2535-8458) …orcid: 0000-0003-2535-8458
 → dob=None, dod=None, affil='University of Coimbra'
this is names_try: ['Y Ochi']
maybe orcid: [nan]
[1168/1535] Querying 'Y Ochi' (ORCID=None) …each name: Y Ochi
No match for name variant: Y Ochi
 → dob=None, dod=None, affil=None
this is names_try: ['Siddharth Gautam']
maybe orcid: ['0000-0003-1443-5382']
[1169/1535] Querying 'Siddharth Gautam' (ORCID=0000-0003-1443-5382) …orcid: 0000-0003-1443-5382
 → dob=None, dod=None, affil='Ohio State University'
this is names_try: ['A. Gangulee']
maybe orcid: [nan]
[1170/1535] Querying 'A. Gangulee' (ORCID=None) …each name: A. Gangulee
No match for name variant: A. Gangulee
 → dob=None, dod=None, affil=None
this is names_try: ['Sudhakar Balijepalli']
maybe orcid: [nan]
[1171/1535] Querying 'Sudhakar Balijepalli' (ORCID=None) …each name: Sudhakar Balijepalli
No match for name variant: Sudhakar Balijepalli
 → dob=None, dod=None, affil=None
this is names_try: ['Sudipta Sarkar']
maybe orcid: ['0000-0001-8382-3114']
[1172/1535] Querying 'Sudipta Sarkar' (ORCID=0000-0001-8382-3114) …orcid: 0000-0001-8382-3114
 → dob=None, dod=None, affil='GEOMAR Helmholtz Centre for Ocean Research Kiel'
this is names_try: ['J.N. Churchill']
maybe orcid: [nan]
[1173/1535] Querying 'J.N. Churchill' (ORCID=None) …each name: J.N. Churchill
No match for name variant: J.N. Churchill
 → dob=None, dod=None, affil=None
this is names_try: ['M Yamauchi']
maybe orcid: ['0000-0002-4688-1566']
[1174/1535] Querying 'M Yamauchi' (ORCID=0000-0002-4688-1566) …orcid: 0000-0002-4688-1566
each name: M Yamauchi
No match for name variant: M Yamauchi
 → dob=None, dod=None, affil=None
this is names_try: ['Robert E. Whitney', 'Robert Whitney']
maybe orcid: [nan]
[1175/1535] Querying 'Robert E. Whitney' (ORCID=None) …each name: Robert E. Whitney
No match for name variant: Robert E. Whitney
each name: Robert Whitney
 → dob='1826-12-15T00:00:00Z', dod='1891-04-12T00:00:00Z', affil=None
this is names_try: ['Darren Paul Timothy', 'Darren Timothy']
maybe orcid: [nan]
[1176/1535] Querying 'Darren Paul Timothy' (ORCID=None) …each name: Darren Paul Timothy
No match for name variant: Darren Paul Timothy
each name: Darren Timothy
 → dob='1984-06-25T00:00:00Z', dod=None, affil=None
this is names_try: ['Y. Ku']
maybe orcid: ['0000-0001-7432-3230']
[1177/1535] Querying 'Y. Ku' (ORCID=0000-0001-7432-3230) …orcid: 0000-0001-7432-3230
each name: Y. Ku
 → dob='1909-06-01T00:00:00Z', dod='1971-12-12T00:00:00Z', affil='Bar-Ilan University'
this is names_try: ['Emily C. Bartels', 'Emily Bartels']
maybe orcid: [nan]
[1178/1535] Querying 'Emily C. Bartels' (ORCID=None) …each name: Emily C. Bartels
No match for name variant: Emily C. Bartels
each name: Emily Bartels
No match for name variant: Emily Bartels
 → dob=None, dod=None, affil=None
this is names_try: ['Philippe A. Naert', 'Philippe Naert']
maybe orcid: [nan]
[1179/1535] Querying 'Philippe A. Naert' (ORCID=None) …each name: Philippe A. Naert
No match for name variant: Philippe A. Naert
each name: Philippe Naert
 → dob='1943-01-01T00:00:00Z', dod=None, affil='University of Antwerp'
this is names_try: ['Joseph G. Desloge', 'Joseph Desloge']
maybe orcid: ['0000-0002-2927-4254']
[1180/1535] Querying 'Joseph G. Desloge' (ORCID=0000-0002-2927-4254) …orcid: 0000-0002-2927-4254
each name: Joseph G. Desloge
No match for name variant: Joseph G. Desloge
each name: Joseph Desloge
No match for name variant: Joseph Desloge
 → dob=None, dod=None, affil=None
this is names_try: ['A. E. E. Rogers', 'A. Rogers']
maybe orcid: ['0000-0003-1941-7458']
[1181/1535] Querying 'A. E. E. Rogers' (ORCID=0000-0003-1941-7458) …orcid: 0000-0003-1941-7458
each name: A. E. E. Rogers
No match for name variant: A. E. E. Rogers
each name: A. Rogers
 → dob=None, dod='1761-07-17T00:00:00Z', affil=None
this is names_try: ['Minde An']
maybe orcid: ['0000-0002-4749-6029']
[1182/1535] Querying 'Minde An' (ORCID=0000-0002-4749-6029) …orcid: 0000-0002-4749-6029
each name: Minde An
No match for name variant: Minde An
 → dob=None, dod=None, affil=None
this is names_try: ['Robert Rose']
maybe orcid: [nan]
[1183/1535] Querying 'Robert Rose' (ORCID=None) …each name: Robert Rose
 → dob='1987-06-25T00:00:00Z', dod=None, affil=None
this is names_try: ['John E. Mock', 'John Mock']
maybe orcid: [nan]
[1184/1535] Querying 'John E. Mock' (ORCID=None) …each name: John E. Mock
No match for name variant: John E. Mock
each name: John Mock
 → dob='1941-10-02T00:00:00Z', dod='2015-03-03T00:00:00Z', affil=None
this is names_try: ['Neal A. Sullivan', 'Neal Sullivan']
maybe orcid: ['0000-0001-6757-2351']
[1185/1535] Querying 'Neal A. Sullivan' (ORCID=0000-0001-6757-2351) …orcid: 0000-0001-6757-2351
each name: Neal A. Sullivan
No match for name variant: Neal A. Sullivan
each name: Neal Sullivan
No match for name variant: Neal Sullivan
 → dob=None, dod=None, affil=None
this is names_try: ['Samuel Kaplan']
maybe orcid: [nan]
[1186/1535] Querying 'Samuel Kaplan' (ORCID=None) …each name: Samuel Kaplan
 → dob='1928-07-08T00:00:00Z', dod='2021-05-21T00:00:00Z', affil=None
this is names_try: ['M. J. Bailey', 'M. Bailey']
maybe orcid: [nan]
[1187/1535] Querying 'M. J. Bailey' (ORCID=None) …each name: M. J. Bailey
 → dob=None, dod=None, affil=None
this is names_try: ['Phillip M. Wright', 'Phillip Wright']
maybe orcid: [nan]
[1188/1535] Querying 'Phillip M. Wright' (ORCID=None) …each name: Phillip M. Wright
No match for name variant: Phillip M. Wright
each name: Phillip Wright
 → dob='1889-07-20T00:00:00Z', dod='1970-08-30T00:00:00Z', affil=None
this is names_try: ['Maria Carrascosa']
maybe orcid: [nan]
[1189/1535] Querying 'Maria Carrascosa' (ORCID=None) …each name: Maria Carrascosa
 → dob=None, dod=None, affil=None
this is names_try: ['Lincoln Rhodes']
maybe orcid: [nan]
[1190/1535] Querying 'Lincoln Rhodes' (ORCID=None) …each name: Lincoln Rhodes
No match for name variant: Lincoln Rhodes
 → dob=None, dod=None, affil=None
this is names_try: ['P. B. Burleson', 'P. Burleson']
maybe orcid: [nan]
[1191/1535] Querying 'P. B. Burleson' (ORCID=None) …each name: P. B. Burleson
No match for name variant: P. B. Burleson
each name: P. Burleson
No match for name variant: P. Burleson
 → dob=None, dod=None, affil=None
this is names_try: ['S. W. Tam', 'S. Tam']
maybe orcid: [nan]
[1192/1535] Querying 'S. W. Tam' (ORCID=None) …each name: S. W. Tam
No match for name variant: S. W. Tam
each name: S. Tam
 → dob='1965-08-25T00:00:00Z', dod=None, affil=None
this is names_try: ['Nóra Szász']
maybe orcid: ['0000-0002-8177-8695']
[1193/1535] Querying 'Nóra Szász' (ORCID=0000-0002-8177-8695) …orcid: 0000-0002-8177-8695
each name: Nóra Szász
 → dob='1962-01-01T00:00:00Z', dod=None, affil=None
this is names_try: ['Dean Peabody']
maybe orcid: [nan]
[1194/1535] Querying 'Dean Peabody' (ORCID=None) …each name: Dean Peabody
 → dob=None, dod='1900-01-01T00:00:00Z', affil=None
this is names_try: ['Donald R. Wilken', 'Donald Wilken']
maybe orcid: [nan]
[1195/1535] Querying 'Donald R. Wilken' (ORCID=None) …each name: Donald R. Wilken
No match for name variant: Donald R. Wilken
each name: Donald Wilken
No match for name variant: Donald Wilken
 → dob=None, dod=None, affil=None
this is names_try: ['David M. Matheu', 'David Matheu']
maybe orcid: [nan]
[1196/1535] Querying 'David M. Matheu' (ORCID=None) …each name: David M. Matheu
No match for name variant: David M. Matheu
each name: David Matheu
No match for name variant: David Matheu
 → dob=None, dod=None, affil=None
this is names_try: ['Charles M. Rader', 'Charles Rader']
maybe orcid: [nan]
[1197/1535] Querying 'Charles M. Rader' (ORCID=None) …each name: Charles M. Rader
 → dob='1939-01-01T00:00:00Z', dod=None, affil='Massachusetts Institute of Technology'
this is names_try: ['Tomowo Hirasawa']
maybe orcid: [nan]
[1198/1535] Querying 'Tomowo Hirasawa' (ORCID=None) …each name: Tomowo Hirasawa
No match for name variant: Tomowo Hirasawa
 → dob=None, dod=None, affil=None
this is names_try: ['Jeffrey A. Coderre', 'Jeffrey Coderre']
maybe orcid: [nan]
[1199/1535] Querying 'Jeffrey A. Coderre' (ORCID=None) …each name: Jeffrey A. Coderre
No match for name variant: Jeffrey A. Coderre
each name: Jeffrey Coderre
No match for name variant: Jeffrey Coderre
 → dob=None, dod=None, affil=None
this is names_try: ['Lester J. Walters', 'Lester Walters']
maybe orcid: [nan]
[1200/1535] Querying 'Lester J. Walters' (ORCID=None) …each name: Lester J. Walters
No match for name variant: Lester J. Walters
each name: Lester Walters
No match for name variant: Lester Walters
 → dob=None, dod=None, affil=None
this is names_try: ['B. Josephson']
maybe orcid: [nan]
[1201/1535] Querying 'B. Josephson' (ORCID=None) …each name: B. Josephson
No match for name variant: B. Josephson
 → dob=None, dod=None, affil=None
this is names_try: ['Jacques Delisle']
maybe orcid: [nan]
[1202/1535] Querying 'Jacques Delisle' (ORCID=None) …each name: Jacques Delisle
 → dob='1738-06-22T00:00:00Z', dod='1813-05-01T00:00:00Z', affil='Collège de France'
this is names_try: ['J.C. Turcotte']
maybe orcid: [nan]
[1203/1535] Querying 'J.C. Turcotte' (ORCID=None) …each name: J.C. Turcotte
No match for name variant: J.C. Turcotte
 → dob=None, dod=None, affil=None
this is names_try: ['Peter J. Binns', 'Peter Binns']
maybe orcid: [nan]
[1204/1535] Querying 'Peter J. Binns' (ORCID=None) …each name: Peter J. Binns
No match for name variant: Peter J. Binns
each name: Peter Binns
No match for name variant: Peter Binns
 → dob=None, dod=None, affil=None
this is names_try: ['E.G. Ogletree']
maybe orcid: [nan]
[1205/1535] Querying 'E.G. Ogletree' (ORCID=None) …each name: E.G. Ogletree
No match for name variant: E.G. Ogletree
 → dob=None, dod=None, affil=None
this is names_try: ['Leslie C. Kramer', 'Leslie Kramer']
maybe orcid: [nan]
[1206/1535] Querying 'Leslie C. Kramer' (ORCID=None) …each name: Leslie C. Kramer
No match for name variant: Leslie C. Kramer
each name: Leslie Kramer
No match for name variant: Leslie Kramer
 → dob=None, dod=None, affil=None
this is names_try: ['Antti Ahlström']
maybe orcid: [nan]
[1207/1535] Querying 'Antti Ahlström' (ORCID=None) …each name: Antti Ahlström
 → dob='1827-11-07T00:00:00Z', dod='1896-05-10T00:00:00Z', affil='Ahlstrom-Munksjö'
this is names_try: ['Benjamin Hildebrant']
maybe orcid: [nan]
[1208/1535] Querying 'Benjamin Hildebrant' (ORCID=None) …each name: Benjamin Hildebrant
No match for name variant: Benjamin Hildebrant
 → dob=None, dod=None, affil=None
this is names_try: ['C. A. Wang', 'C. Wang']
maybe orcid: [nan]
[1209/1535] Querying 'C. A. Wang' (ORCID=None) …each name: C. A. Wang
No match for name variant: C. A. Wang
each name: C. Wang
No match for name variant: C. Wang
 → dob=None, dod=None, affil=None
this is names_try: ['Jonathan David Farley', 'Jonathan Farley']
maybe orcid: ['0000-0003-3247-6014']
[1210/1535] Querying 'Jonathan David Farley' (ORCID=0000-0003-3247-6014) …orcid: 0000-0003-3247-6014
each name: Jonathan David Farley
 → dob='1970-01-01T00:00:00Z', dod=None, affil=None
this is names_try: ['James Robergé']
maybe orcid: [nan]
[1211/1535] Querying 'James Robergé' (ORCID=None) …each name: James Robergé
No match for name variant: James Robergé
 → dob=None, dod=None, affil=None
this is names_try: ['Denis Boyda']
maybe orcid: ['0000-0002-4535-7826']
[1212/1535] Querying 'Denis Boyda' (ORCID=0000-0002-4535-7826) …orcid: 0000-0002-4535-7826
each name: Denis Boyda
No match for name variant: Denis Boyda
 → dob=None, dod=None, affil=None
this is names_try: ['H. Appledorf']
maybe orcid: [nan]
[1213/1535] Querying 'H. Appledorf' (ORCID=None) …each name: H. Appledorf
No match for name variant: H. Appledorf
 → dob=None, dod=None, affil=None
this is names_try: ['Sara L. Ransom', 'Sara Ransom']
maybe orcid: [nan]
[1214/1535] Querying 'Sara L. Ransom' (ORCID=None) …each name: Sara L. Ransom
No match for name variant: Sara L. Ransom
each name: Sara Ransom
No match for name variant: Sara Ransom
 → dob=None, dod=None, affil=None
this is names_try: ['Robert B. Shaw', 'Robert Shaw']
maybe orcid: [nan]
[1215/1535] Querying 'Robert B. Shaw' (ORCID=None) …each name: Robert B. Shaw
 → dob=None, dod=None, affil=None
this is names_try: ['D. Mathews']
maybe orcid: [nan]
[1216/1535] Querying 'D. Mathews' (ORCID=None) …each name: D. Mathews
No match for name variant: D. Mathews
 → dob=None, dod=None, affil=None
this is names_try: ['A. Buffington']
maybe orcid: ['0000-0002-0094-4218']
[1217/1535] Querying 'A. Buffington' (ORCID=0000-0002-0094-4218) …orcid: 0000-0002-0094-4218
each name: A. Buffington
No match for name variant: A. Buffington
 → dob=None, dod=None, affil=None
this is names_try: ['D. A. Colling', 'D. Colling']
maybe orcid: [nan]
[1218/1535] Querying 'D. A. Colling' (ORCID=None) …each name: D. A. Colling
No match for name variant: D. A. Colling
each name: D. Colling
 → dob=None, dod=None, affil='Imperial College London'
this is names_try: ['Ajay Giri Prakash Kottapalli', 'Ajay Kottapalli']
maybe orcid: ['0000-0002-3868-7069']
[1219/1535] Querying 'Ajay Giri Prakash Kottapalli' (ORCID=0000-0002-3868-7069) …orcid: 0000-0002-3868-7069
 → dob=None, dod=None, affil='University of Groningen'
this is names_try: ['K.M. Ralls']
maybe orcid: [nan]
[1220/1535] Querying 'K.M. Ralls' (ORCID=None) …each name: K.M. Ralls
No match for name variant: K.M. Ralls
 → dob=None, dod=None, affil=None
this is names_try: ['S. Haratani']
maybe orcid: [nan]
[1221/1535] Querying 'S. Haratani' (ORCID=None) …each name: S. Haratani
No match for name variant: S. Haratani
 → dob=None, dod=None, affil=None
this is names_try: ['B. Vögeli']
maybe orcid: [nan]
[1222/1535] Querying 'B. Vögeli' (ORCID=None) …each name: B. Vögeli
No match for name variant: B. Vögeli
 → dob=None, dod=None, affil=None
this is names_try: ['J. Tierney']
maybe orcid: [nan]
[1223/1535] Querying 'J. Tierney' (ORCID=None) …each name: J. Tierney
 → dob=None, dod=None, affil='Lincoln University'
this is names_try: ['ALVISE BRAGA-ILLA']
maybe orcid: [nan]
[1224/1535] Querying 'ALVISE BRAGA-ILLA' (ORCID=None) …each name: ALVISE BRAGA-ILLA
No match for name variant: ALVISE BRAGA-ILLA
 → dob=None, dod=None, affil=None
this is names_try: ['Jeremy Kepner']
maybe orcid: ['0000-0001-9668-2613']
[1225/1535] Querying 'Jeremy Kepner' (ORCID=0000-0001-9668-2613) …orcid: 0000-0001-9668-2613
 → dob=None, dod=None, affil=None
this is names_try: ['Vincent J. Sferrino', 'Vincent Sferrino']
maybe orcid: [nan]
[1226/1535] Querying 'Vincent J. Sferrino' (ORCID=None) …each name: Vincent J. Sferrino
No match for name variant: Vincent J. Sferrino
each name: Vincent Sferrino
No match for name variant: Vincent Sferrino
 → dob=None, dod=None, affil=None
this is names_try: ['J. V. Greenman', 'J. Greenman']
maybe orcid: [nan]
[1227/1535] Querying 'J. V. Greenman' (ORCID=None) …each name: J. V. Greenman
No match for name variant: J. V. Greenman
each name: J. Greenman
No match for name variant: J. Greenman
 → dob=None, dod=None, affil=None
this is names_try: ['J. A. Dumanian', 'J. Dumanian']
maybe orcid: [nan]
[1228/1535] Querying 'J. A. Dumanian' (ORCID=None) …each name: J. A. Dumanian
No match for name variant: J. A. Dumanian
each name: J. Dumanian
No match for name variant: J. Dumanian
 → dob=None, dod=None, affil=None
this is names_try: ['Rameswar Singh']
maybe orcid: ['0000-0001-6350-6752']
[1229/1535] Querying 'Rameswar Singh' (ORCID=0000-0001-6350-6752) …orcid: 0000-0001-6350-6752
each name: Rameswar Singh
 → dob='1930-07-23T00:00:00Z', dod='2007-09-07T00:00:00Z', affil=None
this is names_try: ['Orhan Güney']
maybe orcid: ['0000-0003-3777-4942']
[1230/1535] Querying 'Orhan Güney' (ORCID=0000-0003-3777-4942) …orcid: 0000-0003-3777-4942
 → dob=None, dod=None, affil='Istanbul Technical University'
this is names_try: ['Everett Aho']
maybe orcid: [nan]
[1231/1535] Querying 'Everett Aho' (ORCID=None) …each name: Everett Aho
No match for name variant: Everett Aho
 → dob=None, dod=None, affil=None
this is names_try: ['R.V. Wood']
maybe orcid: [nan]
[1232/1535] Querying 'R.V. Wood' (ORCID=None) …each name: R.V. Wood
No match for name variant: R.V. Wood
 → dob=None, dod=None, affil=None
this is names_try: ['Taro Oya']
maybe orcid: [nan]
[1233/1535] Querying 'Taro Oya' (ORCID=None) …each name: Taro Oya
No match for name variant: Taro Oya
 → dob=None, dod=None, affil=None
this is names_try: ['Allan Hayes']
maybe orcid: [nan]
[1234/1535] Querying 'Allan Hayes' (ORCID=None) …each name: Allan Hayes
No match for name variant: Allan Hayes
 → dob=None, dod=None, affil=None
this is names_try: ['Christopher Lin']
maybe orcid: [nan]
[1235/1535] Querying 'Christopher Lin' (ORCID=None) …each name: Christopher Lin
 → dob='1988-10-24T00:00:00Z', dod=None, affil=None
this is names_try: ['Yasuzo Sakai']
maybe orcid: [nan]
[1236/1535] Querying 'Yasuzo Sakai' (ORCID=None) …each name: Yasuzo Sakai
No match for name variant: Yasuzo Sakai
 → dob=None, dod=None, affil=None
this is names_try: ['W. W. S. Au', 'W. Au']
maybe orcid: [nan]
[1237/1535] Querying 'W. W. S. Au' (ORCID=None) …each name: W. W. S. Au
No match for name variant: W. W. S. Au
each name: W. Au
 → dob='1865-05-27T00:00:00Z', dod='1940-10-18T00:00:00Z', affil=None
this is names_try: ['C. H. Perry', 'C. Perry']
maybe orcid: [nan]
[1238/1535] Querying 'C. H. Perry' (ORCID=None) …each name: C. H. Perry
No match for name variant: C. H. Perry
each name: C. Perry
 → dob='1942-08-22T00:00:00Z', dod=None, affil=None
this is names_try: ['R.M. Martinson']
maybe orcid: [nan]
[1239/1535] Querying 'R.M. Martinson' (ORCID=None) …each name: R.M. Martinson
No match for name variant: R.M. Martinson
 → dob=None, dod=None, affil=None
this is names_try: ['Yukikazu Takeoka']
maybe orcid: ['0000-0002-1406-0704']
[1240/1535] Querying 'Yukikazu Takeoka' (ORCID=0000-0002-1406-0704) …orcid: 0000-0002-1406-0704
 → dob=None, dod=None, affil=None
this is names_try: ['Gisela Mosig']
maybe orcid: [nan]
[1241/1535] Querying 'Gisela Mosig' (ORCID=None) …each name: Gisela Mosig
 → dob='1930-11-29T00:00:00Z', dod='2003-01-12T00:00:00Z', affil=None
this is names_try: ['Judith Schmidt']
maybe orcid: [nan]
[1242/1535] Querying 'Judith Schmidt' (ORCID=None) …each name: Judith Schmidt
 → dob=None, dod=None, affil=None
this is names_try: ['W.C. Schick']
maybe orcid: [nan]
[1243/1535] Querying 'W.C. Schick' (ORCID=None) …each name: W.C. Schick
No match for name variant: W.C. Schick
 → dob=None, dod=None, affil=None
this is names_try: ['Ray P. Tai', 'Ray Tai']
maybe orcid: [nan]
[1244/1535] Querying 'Ray P. Tai' (ORCID=None) …each name: Ray P. Tai
No match for name variant: Ray P. Tai
each name: Ray Tai
No match for name variant: Ray Tai
 → dob=None, dod=None, affil=None
this is names_try: ['S. L. Grotch', 'S. Grotch']
maybe orcid: [nan]
[1245/1535] Querying 'S. L. Grotch' (ORCID=None) …each name: S. L. Grotch
No match for name variant: S. L. Grotch
each name: S. Grotch
No match for name variant: S. Grotch
 → dob=None, dod=None, affil=None
this is names_try: ['F.S. Mahoney']
maybe orcid: [nan]
[1246/1535] Querying 'F.S. Mahoney' (ORCID=None) …each name: F.S. Mahoney
No match for name variant: F.S. Mahoney
 → dob=None, dod=None, affil=None
this is names_try: ['Karl Kornacker']
maybe orcid: [nan]
[1247/1535] Querying 'Karl Kornacker' (ORCID=None) …each name: Karl Kornacker
 → dob=None, dod=None, affil=None
this is names_try: ['Hiroaki Serizawa']
maybe orcid: [nan]
[1248/1535] Querying 'Hiroaki Serizawa' (ORCID=None) …each name: Hiroaki Serizawa
 → dob='1948-01-03T00:00:00Z', dod=None, affil=None
this is names_try: ['Clifford Risk']
maybe orcid: [nan]
[1249/1535] Querying 'Clifford Risk' (ORCID=None) …each name: Clifford Risk
No match for name variant: Clifford Risk
 → dob=None, dod=None, affil=None
this is names_try: ['C. CH. VON WEIZSÄCKER', 'C. WEIZSÄCKER']
maybe orcid: [nan]
[1250/1535] Querying 'C. CH. VON WEIZSÄCKER' (ORCID=None) …each name: C. CH. VON WEIZSÄCKER
No match for name variant: C. CH. VON WEIZSÄCKER
each name: C. WEIZSÄCKER
No match for name variant: C. WEIZSÄCKER
 → dob=None, dod=None, affil=None
this is names_try: ['Thomas S. Huang', 'Thomas Huang']
maybe orcid: [nan]
[1251/1535] Querying 'Thomas S. Huang' (ORCID=None) …each name: Thomas S. Huang
 → dob='1936-06-26T00:00:00Z', dod='2020-04-25T00:00:00Z', affil='University of Illinois Urbana–Champaign'
this is names_try: ['Adam London']
maybe orcid: [nan]
[1252/1535] Querying 'Adam London' (ORCID=None) …each name: Adam London
 → dob='1988-10-12T00:00:00Z', dod=None, affil=None
this is names_try: ['T. Harrison']
maybe orcid: [nan]
[1253/1535] Querying 'T. Harrison' (ORCID=None) …each name: T. Harrison
 → dob='1955-10-24T00:00:00Z', dod=None, affil='New York University'
this is names_try: ['Elliot Robert Schildkraut', 'Elliot Schildkraut']
maybe orcid: [nan]
[1254/1535] Querying 'Elliot Robert Schildkraut' (ORCID=None) …each name: Elliot Robert Schildkraut
No match for name variant: Elliot Robert Schildkraut
each name: Elliot Schildkraut
No match for name variant: Elliot Schildkraut
 → dob=None, dod=None, affil=None
this is names_try: ['Yoav Peles']
maybe orcid: ['0000-0001-5780-8471']
[1255/1535] Querying 'Yoav Peles' (ORCID=0000-0001-5780-8471) …orcid: 0000-0001-5780-8471
each name: Yoav Peles
No match for name variant: Yoav Peles
 → dob=None, dod=None, affil=None
this is names_try: ['Adel F. Sarofim', 'Adel Sarofim']
maybe orcid: [nan]
[1256/1535] Querying 'Adel F. Sarofim' (ORCID=None) …each name: Adel F. Sarofim
 → dob='1934-01-01T00:00:00Z', dod='2011-01-01T00:00:00Z', affil=None
this is names_try: ['Hannes Högni Vilhjálmsson', 'Hannes Vilhjálmsson']
maybe orcid: ['0000-0002-7366-6933']
[1257/1535] Querying 'Hannes Högni Vilhjálmsson' (ORCID=0000-0002-7366-6933) …orcid: 0000-0002-7366-6933
 → dob=None, dod=None, affil='Reykjavík University'
this is names_try: ['H. A. Balakrishna Rao', 'H. Rao']
maybe orcid: [nan]
[1258/1535] Querying 'H. A. Balakrishna Rao' (ORCID=None) …each name: H. A. Balakrishna Rao
No match for name variant: H. A. Balakrishna Rao
each name: H. Rao
 → dob='1901-10-04T00:00:00Z', dod='1999-11-18T00:00:00Z', affil=None
this is names_try: ['Charles W. Selvidge', 'Charles Selvidge']
maybe orcid: [nan]
[1259/1535] Querying 'Charles W. Selvidge' (ORCID=None) …each name: Charles W. Selvidge
No match for name variant: Charles W. Selvidge
each name: Charles Selvidge
No match for name variant: Charles Selvidge
 → dob=None, dod=None, affil=None
this is names_try: ['Charles Broxmeyer']
maybe orcid: [nan]
[1260/1535] Querying 'Charles Broxmeyer' (ORCID=None) …each name: Charles Broxmeyer
No match for name variant: Charles Broxmeyer
 → dob=None, dod=None, affil=None
this is names_try: ['Frederick D. Ketterer', 'Frederick Ketterer']
maybe orcid: [nan]
[1261/1535] Querying 'Frederick D. Ketterer' (ORCID=None) …each name: Frederick D. Ketterer
No match for name variant: Frederick D. Ketterer
each name: Frederick Ketterer
No match for name variant: Frederick Ketterer
 → dob=None, dod=None, affil=None
this is names_try: ['Katherine Bacon Schneider', 'Katherine Schneider']
maybe orcid: [nan]
[1262/1535] Querying 'Katherine Bacon Schneider' (ORCID=None) …each name: Katherine Bacon Schneider
No match for name variant: Katherine Bacon Schneider
each name: Katherine Schneider
 → dob='1949-01-01T00:00:00Z', dod=None, affil=None
this is names_try: ['Martin Davis']
maybe orcid: [nan]
[1263/1535] Querying 'Martin Davis' (ORCID=None) …each name: Martin Davis
 → dob='1780-06-21T00:00:00Z', dod='1823-10-08T00:00:00Z', affil=None
this is names_try: ['John W. Brackett', 'John Brackett']
maybe orcid: [nan]
[1264/1535] Querying 'John W. Brackett' (ORCID=None) …each name: John W. Brackett
No match for name variant: John W. Brackett
each name: John Brackett
 → dob='1842-06-08T00:00:00Z', dod='1918-04-06T00:00:00Z', affil=None
this is names_try: ['Tanya M. Palmer', 'Tanya Palmer']
maybe orcid: [nan]
[1265/1535] Querying 'Tanya M. Palmer' (ORCID=None) …each name: Tanya M. Palmer
No match for name variant: Tanya M. Palmer
each name: Tanya Palmer
No match for name variant: Tanya Palmer
 → dob=None, dod=None, affil=None
this is names_try: ['Gustave Solomon']
maybe orcid: [nan]
[1266/1535] Querying 'Gustave Solomon' (ORCID=None) …each name: Gustave Solomon
 → dob='1930-10-27T00:00:00Z', dod='1996-01-31T00:00:00Z', affil=None
this is names_try: ['W. Kunkin']
maybe orcid: [nan]
[1267/1535] Querying 'W. Kunkin' (ORCID=None) …each name: W. Kunkin
No match for name variant: W. Kunkin
 → dob=None, dod=None, affil=None
this is names_try: ['John Tredwell']
maybe orcid: [nan]
[1268/1535] Querying 'John Tredwell' (ORCID=None) …each name: John Tredwell
 → dob='1805-01-01T00:00:00Z', dod='1875-01-01T00:00:00Z', affil=None
this is names_try: ['Yaoda Xu']
maybe orcid: ['0000-0002-8697-314X']
[1269/1535] Querying 'Yaoda Xu' (ORCID=0000-0002-8697-314X) …orcid: 0000-0002-8697-314X
 → dob=None, dod=None, affil='Yale University'
this is names_try: ['Kenneth W. Cooper', 'Kenneth Cooper']
maybe orcid: [nan]
[1270/1535] Querying 'Kenneth W. Cooper' (ORCID=None) …each name: Kenneth W. Cooper
 → dob='1912-11-29T00:00:00Z', dod='2007-08-08T00:00:00Z', affil='Princeton University'
this is names_try: ['Gregg P. Macey', 'Gregg Macey']
maybe orcid: ['0000-0002-1712-0565']
[1271/1535] Querying 'Gregg P. Macey' (ORCID=0000-0002-1712-0565) …orcid: 0000-0002-1712-0565
each name: Gregg P. Macey
No match for name variant: Gregg P. Macey
each name: Gregg Macey
No match for name variant: Gregg Macey
 → dob=None, dod=None, affil=None
this is names_try: ['Floro Miraldi']
maybe orcid: [nan]
[1272/1535] Querying 'Floro Miraldi' (ORCID=None) …each name: Floro Miraldi
No match for name variant: Floro Miraldi
 → dob=None, dod=None, affil=None
this is names_try: ['T. R. Sherwood', 'T. Sherwood']
maybe orcid: [nan]
[1273/1535] Querying 'T. R. Sherwood' (ORCID=None) …each name: T. R. Sherwood
No match for name variant: T. R. Sherwood
each name: T. Sherwood
No match for name variant: T. Sherwood
 → dob=None, dod=None, affil=None
this is names_try: ['Ha Youn Lee', 'Ha Lee']
maybe orcid: ['0000-0001-7260-2383']
[1274/1535] Querying 'Ha Youn Lee' (ORCID=0000-0001-7260-2383) …orcid: 0000-0001-7260-2383
 → dob=None, dod=None, affil=None
this is names_try: ['H. Hemond']
maybe orcid: [nan]
[1275/1535] Querying 'H. Hemond' (ORCID=None) …each name: H. Hemond
No match for name variant: H. Hemond
 → dob=None, dod=None, affil=None
this is names_try: ['Richard P. Bernicker', 'Richard Bernicker']
maybe orcid: [nan]
[1276/1535] Querying 'Richard P. Bernicker' (ORCID=None) …each name: Richard P. Bernicker
No match for name variant: Richard P. Bernicker
each name: Richard Bernicker
No match for name variant: Richard Bernicker
 → dob=None, dod=None, affil=None
this is names_try: ['Frank J. Weigert', 'Frank Weigert']
maybe orcid: [nan]
[1277/1535] Querying 'Frank J. Weigert' (ORCID=None) …each name: Frank J. Weigert
No match for name variant: Frank J. Weigert
each name: Frank Weigert
No match for name variant: Frank Weigert
 → dob=None, dod=None, affil=None
this is names_try: ['Nora M. Mohler', 'Nora Mohler']
maybe orcid: [nan]
[1278/1535] Querying 'Nora M. Mohler' (ORCID=None) …each name: Nora M. Mohler
No match for name variant: Nora M. Mohler
each name: Nora Mohler
 → dob='1898-01-01T00:00:00Z', dod='1984-11-29T00:00:00Z', affil=None
this is names_try: ['Jerry E. Turnbaugh', 'Jerry Turnbaugh']
maybe orcid: [nan]
[1279/1535] Querying 'Jerry E. Turnbaugh' (ORCID=None) …each name: Jerry E. Turnbaugh
No match for name variant: Jerry E. Turnbaugh
each name: Jerry Turnbaugh
No match for name variant: Jerry Turnbaugh
 → dob=None, dod=None, affil=None
this is names_try: ['S. William Gouse', 'S. Gouse']
maybe orcid: [nan]
[1280/1535] Querying 'S. William Gouse' (ORCID=None) …each name: S. William Gouse
No match for name variant: S. William Gouse
each name: S. Gouse
No match for name variant: S. Gouse
 → dob=None, dod=None, affil=None
this is names_try: ['D G. Dresselhaus', 'D Dresselhaus']
maybe orcid: [nan]
[1281/1535] Querying 'D G. Dresselhaus' (ORCID=None) …each name: D G. Dresselhaus
No match for name variant: D G. Dresselhaus
each name: D Dresselhaus
No match for name variant: D Dresselhaus
 → dob=None, dod=None, affil=None
this is names_try: ['T. J. Porro', 'T. Porro']
maybe orcid: [nan]
[1282/1535] Querying 'T. J. Porro' (ORCID=None) …each name: T. J. Porro
No match for name variant: T. J. Porro
each name: T. Porro
No match for name variant: T. Porro
 → dob=None, dod=None, affil=None
this is names_try: ['Ernst G. Frankel', 'Ernst Frankel']
maybe orcid: [nan]
[1283/1535] Querying 'Ernst G. Frankel' (ORCID=None) …each name: Ernst G. Frankel
 → dob='1923-01-01T00:00:00Z', dod=None, affil=None
this is names_try: ['M. S. Dresselhausa', 'M. Dresselhausa']
maybe orcid: [nan]
[1284/1535] Querying 'M. S. Dresselhausa' (ORCID=None) …each name: M. S. Dresselhausa
No match for name variant: M. S. Dresselhausa
each name: M. Dresselhausa
No match for name variant: M. Dresselhausa
 → dob=None, dod=None, affil=None
this is names_try: ['T.G. Bryant']
maybe orcid: [nan]
[1285/1535] Querying 'T.G. Bryant' (ORCID=None) …each name: T.G. Bryant
No match for name variant: T.G. Bryant
 → dob=None, dod=None, affil=None
this is names_try: ['Vibha Srinivasan']
maybe orcid: [nan]
[1286/1535] Querying 'Vibha Srinivasan' (ORCID=None) …each name: Vibha Srinivasan
No match for name variant: Vibha Srinivasan
 → dob=None, dod=None, affil=None
this is names_try: ['Gilbert Davidson']
maybe orcid: [nan]
[1287/1535] Querying 'Gilbert Davidson' (ORCID=None) …each name: Gilbert Davidson
 → dob=None, dod=None, affil=None
this is names_try: ['Y. R. Cheng', 'Y. Cheng']
maybe orcid: ['0009-0007-0433-2917']
[1288/1535] Querying 'Y. R. Cheng' (ORCID=0009-0007-0433-2917) …orcid: 0009-0007-0433-2917
each name: Y. R. Cheng
No match for name variant: Y. R. Cheng
each name: Y. Cheng
 → dob=None, dod=None, affil='Max Planck Institute for Chemistry'
this is names_try: ['Charles K. Sollitt', 'Charles Sollitt']
maybe orcid: [nan]
[1289/1535] Querying 'Charles K. Sollitt' (ORCID=None) …each name: Charles K. Sollitt
No match for name variant: Charles K. Sollitt
each name: Charles Sollitt
No match for name variant: Charles Sollitt
 → dob=None, dod=None, affil=None
this is names_try: ['Kenneth M. Goddard', 'Kenneth Goddard']
maybe orcid: [nan]
[1290/1535] Querying 'Kenneth M. Goddard' (ORCID=None) …each name: Kenneth M. Goddard
No match for name variant: Kenneth M. Goddard
each name: Kenneth Goddard
 → dob='1918-01-01T00:00:00Z', dod='1978-01-01T00:00:00Z', affil=None
this is names_try: ['H. Pirouz Kavehpour', 'H. Kavehpour']
maybe orcid: ['0000-0003-0143-7741']
[1291/1535] Querying 'H. Pirouz Kavehpour' (ORCID=0000-0003-0143-7741) …orcid: 0000-0003-0143-7741
each name: H. Pirouz Kavehpour
No match for name variant: H. Pirouz Kavehpour
each name: H. Kavehpour
No match for name variant: H. Kavehpour
 → dob=None, dod=None, affil=None
this is names_try: ['Thomas C. Furnas', 'Thomas Furnas']
maybe orcid: [nan]
[1292/1535] Querying 'Thomas C. Furnas' (ORCID=None) …each name: Thomas C. Furnas
No match for name variant: Thomas C. Furnas
each name: Thomas Furnas
No match for name variant: Thomas Furnas
 → dob=None, dod=None, affil=None
this is names_try: ['P. R. Vance', 'P. Vance']
maybe orcid: [nan]
[1293/1535] Querying 'P. R. Vance' (ORCID=None) …each name: P. R. Vance
No match for name variant: P. R. Vance
each name: P. Vance
No match for name variant: P. Vance
 → dob=None, dod=None, affil=None
this is names_try: ['PaulH. Robinson']
maybe orcid: [nan]
[1294/1535] Querying 'PaulH. Robinson' (ORCID=None) …each name: PaulH. Robinson
No match for name variant: PaulH. Robinson
 → dob=None, dod=None, affil=None
this is names_try: ['Martin G. Frohberg', 'Martin Frohberg']
maybe orcid: [nan]
[1295/1535] Querying 'Martin G. Frohberg' (ORCID=None) …each name: Martin G. Frohberg
No match for name variant: Martin G. Frohberg
each name: Martin Frohberg
No match for name variant: Martin Frohberg
 → dob=None, dod=None, affil=None
this is names_try: ['Julius Adams Stratton', 'Julius Stratton']
maybe orcid: [nan]
[1296/1535] Querying 'Julius Adams Stratton' (ORCID=None) …each name: Julius Adams Stratton
 → dob='1901-05-18T00:00:00Z', dod='1994-06-22T00:00:00Z', affil='Massachusetts Institute of Technology'
this is names_try: ['Helmut G. Hadrys', 'Helmut Hadrys']
maybe orcid: [nan]
[1297/1535] Querying 'Helmut G. Hadrys' (ORCID=None) …each name: Helmut G. Hadrys
No match for name variant: Helmut G. Hadrys
each name: Helmut Hadrys
No match for name variant: Helmut Hadrys
 → dob=None, dod=None, affil=None
this is names_try: ['R. A. WOOLLACOTT', 'R. WOOLLACOTT']
maybe orcid: [nan]
[1298/1535] Querying 'R. A. WOOLLACOTT' (ORCID=None) …each name: R. A. WOOLLACOTT
No match for name variant: R. A. WOOLLACOTT
each name: R. WOOLLACOTT
No match for name variant: R. WOOLLACOTT
 → dob=None, dod=None, affil=None
this is names_try: ['J.D. Welch']
maybe orcid: [nan]
[1299/1535] Querying 'J.D. Welch' (ORCID=None) …each name: J.D. Welch
No match for name variant: J.D. Welch
 → dob=None, dod=None, affil=None
this is names_try: ['Patricia E. Rao', 'Patricia Rao']
maybe orcid: ['0000-0003-2119-699X']
[1300/1535] Querying 'Patricia E. Rao' (ORCID=0000-0003-2119-699X) …orcid: 0000-0003-2119-699X
each name: Patricia E. Rao
No match for name variant: Patricia E. Rao
each name: Patricia Rao
No match for name variant: Patricia Rao
 → dob=None, dod=None, affil=None
this is names_try: ['R. E. Turkington', 'R. Turkington']
maybe orcid: [nan]
[1301/1535] Querying 'R. E. Turkington' (ORCID=None) …each name: R. E. Turkington
No match for name variant: R. E. Turkington
each name: R. Turkington
No match for name variant: R. Turkington
 → dob=None, dod=None, affil=None
this is names_try: ['M. Vallauri']
maybe orcid: [nan]
[1302/1535] Querying 'M. Vallauri' (ORCID=None) …each name: M. Vallauri
No match for name variant: M. Vallauri
 → dob=None, dod=None, affil=None
this is names_try: ['Bruce E. Kahn', 'Bruce Kahn']
maybe orcid: ['0000-0003-4201-3128']
[1303/1535] Querying 'Bruce E. Kahn' (ORCID=0000-0003-4201-3128) …orcid: 0000-0003-4201-3128
each name: Bruce E. Kahn
No match for name variant: Bruce E. Kahn
each name: Bruce Kahn
No match for name variant: Bruce Kahn
 → dob=None, dod=None, affil=None
this is names_try: ['Edmund Yeh']
maybe orcid: ['0000-0002-9544-1567']
[1304/1535] Querying 'Edmund Yeh' (ORCID=0000-0002-9544-1567) …orcid: 0000-0002-9544-1567
each name: Edmund Yeh
No match for name variant: Edmund Yeh
 → dob=None, dod=None, affil=None
this is names_try: ['Francis C. Hsiao', 'Francis Hsiao']
maybe orcid: [nan]
[1305/1535] Querying 'Francis C. Hsiao' (ORCID=None) …each name: Francis C. Hsiao
No match for name variant: Francis C. Hsiao
each name: Francis Hsiao
No match for name variant: Francis Hsiao
 → dob=None, dod=None, affil=None
this is names_try: ['P. W. Forsbergh', 'P. Forsbergh']
maybe orcid: [nan]
[1306/1535] Querying 'P. W. Forsbergh' (ORCID=None) …each name: P. W. Forsbergh
No match for name variant: P. W. Forsbergh
each name: P. Forsbergh
No match for name variant: P. Forsbergh
 → dob=None, dod=None, affil=None
this is names_try: ['Robert Stanley Weinberg', 'Robert Weinberg']
maybe orcid: [nan]
[1307/1535] Querying 'Robert Stanley Weinberg' (ORCID=None) …each name: Robert Stanley Weinberg
No match for name variant: Robert Stanley Weinberg
each name: Robert Weinberg
 → dob='1942-11-11T00:00:00Z', dod=None, affil='Harvard University'
this is names_try: ['Andrina Williams']
maybe orcid: [nan]
[1308/1535] Querying 'Andrina Williams' (ORCID=None) …each name: Andrina Williams
No match for name variant: Andrina Williams
 → dob=None, dod=None, affil=None
this is names_try: ['A. Vanderburgh']
maybe orcid: [nan]
[1309/1535] Querying 'A. Vanderburgh' (ORCID=None) …each name: A. Vanderburgh
No match for name variant: A. Vanderburgh
 → dob=None, dod=None, affil=None
this is names_try: ['Lee‐Peng Lee']
maybe orcid: [nan]
[1310/1535] Querying 'Lee‐Peng Lee' (ORCID=None) …each name: Lee‐Peng Lee
No match for name variant: Lee‐Peng Lee
 → dob=None, dod=None, affil=None
this is names_try: ['Herbert M. Teager', 'Herbert Teager']
maybe orcid: [nan]
[1311/1535] Querying 'Herbert M. Teager' (ORCID=None) …each name: Herbert M. Teager
No match for name variant: Herbert M. Teager
each name: Herbert Teager
No match for name variant: Herbert Teager
 → dob=None, dod=None, affil=None
this is names_try: ['Mark D. Modell', 'Mark Modell']
maybe orcid: [nan]
[1312/1535] Querying 'Mark D. Modell' (ORCID=None) …each name: Mark D. Modell
No match for name variant: Mark D. Modell
each name: Mark Modell
No match for name variant: Mark Modell
 → dob=None, dod=None, affil=None
this is names_try: ['N.H. Meyers']
maybe orcid: [nan]
[1313/1535] Querying 'N.H. Meyers' (ORCID=None) …each name: N.H. Meyers
No match for name variant: N.H. Meyers
 → dob=None, dod=None, affil=None
this is names_try: ['I. Fischman']
maybe orcid: [nan]
[1314/1535] Querying 'I. Fischman' (ORCID=None) …each name: I. Fischman
No match for name variant: I. Fischman
 → dob=None, dod=None, affil=None
this is names_try: ['M. Méndez-Pérez']
maybe orcid: [nan]
[1315/1535] Querying 'M. Méndez-Pérez' (ORCID=None) …each name: M. Méndez-Pérez
No match for name variant: M. Méndez-Pérez
 → dob=None, dod=None, affil=None
this is names_try: ['W. F. Santelmann', 'W. Santelmann']
maybe orcid: [nan]
[1316/1535] Querying 'W. F. Santelmann' (ORCID=None) …each name: W. F. Santelmann
No match for name variant: W. F. Santelmann
each name: W. Santelmann
No match for name variant: W. Santelmann
 → dob=None, dod=None, affil=None
this is names_try: ['Julián Priego']
maybe orcid: ['0009-0000-0145-8513']
[1317/1535] Querying 'Julián Priego' (ORCID=0009-0000-0145-8513) …orcid: 0009-0000-0145-8513
each name: Julián Priego
 → dob='1990-01-01T00:00:00Z', dod=None, affil=None
this is names_try: ['Andrew F. Kiely', 'Andrew Kiely']
maybe orcid: [nan]
[1318/1535] Querying 'Andrew F. Kiely' (ORCID=None) …each name: Andrew F. Kiely
No match for name variant: Andrew F. Kiely
each name: Andrew Kiely
No match for name variant: Andrew Kiely
 → dob=None, dod=None, affil=None
this is names_try: ['A. J. Hingston', 'A. Hingston']
maybe orcid: [nan]
[1319/1535] Querying 'A. J. Hingston' (ORCID=None) …each name: A. J. Hingston
No match for name variant: A. J. Hingston
each name: A. Hingston
No match for name variant: A. Hingston
 → dob=None, dod=None, affil=None
this is names_try: ['Margarita Wuchrer']
maybe orcid: [nan]
[1320/1535] Querying 'Margarita Wuchrer' (ORCID=None) …each name: Margarita Wuchrer
No match for name variant: Margarita Wuchrer
 → dob=None, dod=None, affil=None
this is names_try: ['Joshua S. Geller', 'Joshua Geller']
maybe orcid: [nan]
[1321/1535] Querying 'Joshua S. Geller' (ORCID=None) …each name: Joshua S. Geller
No match for name variant: Joshua S. Geller
each name: Joshua Geller
 → dob=None, dod=None, affil='University of North Florida'
this is names_try: ['Harry Brown']
maybe orcid: [nan]
[1322/1535] Querying 'Harry Brown' (ORCID=None) …each name: Harry Brown
 → dob='1917-04-30T00:00:00Z', dod='1986-11-02T00:00:00Z', affil='The New Yorker'
this is names_try: ['Ian Graham']
maybe orcid: ['0000-0002-6890-4351']
[1323/1535] Querying 'Ian Graham' (ORCID=0000-0002-6890-4351) …orcid: 0000-0002-6890-4351
each name: Ian Graham
 → dob='1950-09-08T00:00:00Z', dod=None, affil=None
this is names_try: ['Tony Pantev']
maybe orcid: [nan]
[1324/1535] Querying 'Tony Pantev' (ORCID=None) …each name: Tony Pantev
 → dob='1963-01-01T00:00:00Z', dod=None, affil='University of Pennsylvania'
this is names_try: ['C.G. Peattie']
maybe orcid: [nan]
[1325/1535] Querying 'C.G. Peattie' (ORCID=None) …each name: C.G. Peattie
No match for name variant: C.G. Peattie
 → dob=None, dod=None, affil=None
this is names_try: ['Víctor E. Garzón', 'Víctor Garzón']
maybe orcid: [nan]
[1326/1535] Querying 'Víctor E. Garzón' (ORCID=None) …each name: Víctor E. Garzón
No match for name variant: Víctor E. Garzón
each name: Víctor Garzón
No match for name variant: Víctor Garzón
 → dob=None, dod=None, affil=None
this is names_try: ['A. P. Deam', 'A. Deam']
maybe orcid: [nan]
[1327/1535] Querying 'A. P. Deam' (ORCID=None) …each name: A. P. Deam
No match for name variant: A. P. Deam
each name: A. Deam
No match for name variant: A. Deam
 → dob=None, dod=None, affil=None
this is names_try: ['Francis Pahng']
maybe orcid: [nan]
[1328/1535] Querying 'Francis Pahng' (ORCID=None) …each name: Francis Pahng
No match for name variant: Francis Pahng
 → dob=None, dod=None, affil=None
this is names_try: ['Michael G. Littman', 'Michael Littman']
maybe orcid: [nan]
[1329/1535] Querying 'Michael G. Littman' (ORCID=None) …each name: Michael G. Littman
 → dob=None, dod=None, affil='Princeton University'
this is names_try: ['Nicola Senin']
maybe orcid: ['0000-0002-9556-0363']
[1330/1535] Querying 'Nicola Senin' (ORCID=0000-0002-9556-0363) …orcid: 0000-0002-9556-0363
 → dob=None, dod=None, affil='University of Perugia'
this is names_try: ['Howard W. Emmons', 'Howard Emmons']
maybe orcid: [nan]
[1331/1535] Querying 'Howard W. Emmons' (ORCID=None) …each name: Howard W. Emmons
No match for name variant: Howard W. Emmons
each name: Howard Emmons
 → dob='1912-08-30T00:00:00Z', dod='1998-11-20T00:00:00Z', affil='Harvard University'
this is names_try: ['Alan K. Graham', 'Alan Graham']
maybe orcid: [nan]
[1332/1535] Querying 'Alan K. Graham' (ORCID=None) …each name: Alan K. Graham
No match for name variant: Alan K. Graham
each name: Alan Graham
 → dob='1976-06-14T00:00:00Z', dod=None, affil=None
this is names_try: ['Patricia Berninsone']
maybe orcid: [nan]
[1333/1535] Querying 'Patricia Berninsone' (ORCID=None) …each name: Patricia Berninsone
 → dob=None, dod=None, affil='Boston University'
this is names_try: ['Tsuguyasu Wada']
maybe orcid: [nan]
[1334/1535] Querying 'Tsuguyasu Wada' (ORCID=None) …each name: Tsuguyasu Wada
No match for name variant: Tsuguyasu Wada
 → dob=None, dod=None, affil=None
this is names_try: ['Irina S. Zemtseva', 'Irina Zemtseva']
maybe orcid: [nan]
[1335/1535] Querying 'Irina S. Zemtseva' (ORCID=None) …each name: Irina S. Zemtseva
No match for name variant: Irina S. Zemtseva
each name: Irina Zemtseva
No match for name variant: Irina Zemtseva
 → dob=None, dod=None, affil=None
this is names_try: ['Joshua S. Figueroa', 'Joshua Figueroa']
maybe orcid: ['0000-0003-2099-5984']
[1336/1535] Querying 'Joshua S. Figueroa' (ORCID=0000-0003-2099-5984) …orcid: 0000-0003-2099-5984
 → dob=None, dod=None, affil='University of California, San Diego'
this is names_try: ['James M. Austin', 'James Austin']
maybe orcid: [nan]
[1337/1535] Querying 'James M. Austin' (ORCID=None) …each name: James M. Austin
No match for name variant: James M. Austin
each name: James Austin
 → dob='1882-05-23T00:00:00Z', dod='1959-04-12T00:00:00Z', affil=None
this is names_try: ['James L. Sherley', 'James Sherley']
maybe orcid: ['0000-0002-9711-3751']
[1338/1535] Querying 'James L. Sherley' (ORCID=0000-0002-9711-3751) …orcid: 0000-0002-9711-3751
 → dob=None, dod=None, affil=None
this is names_try: ['R. H. Blackmer', 'R. Blackmer']
maybe orcid: [nan]
[1339/1535] Querying 'R. H. Blackmer' (ORCID=None) …each name: R. H. Blackmer
No match for name variant: R. H. Blackmer
each name: R. Blackmer
No match for name variant: R. Blackmer
 → dob=None, dod=None, affil=None
this is names_try: ['M. P. Hacker', 'M. Hacker']
maybe orcid: [nan]
[1340/1535] Querying 'M. P. Hacker' (ORCID=None) …each name: M. P. Hacker
No match for name variant: M. P. Hacker
each name: M. Hacker
No match for name variant: M. Hacker
 → dob=None, dod=None, affil=None
this is names_try: ['Mallikarjun Sundaram']
maybe orcid: [nan]
[1341/1535] Querying 'Mallikarjun Sundaram' (ORCID=None) …each name: Mallikarjun Sundaram
No match for name variant: Mallikarjun Sundaram
 → dob=None, dod=None, affil=None
this is names_try: ['Robert S. Timmins', 'Robert Timmins']
maybe orcid: [nan]
[1342/1535] Querying 'Robert S. Timmins' (ORCID=None) …each name: Robert S. Timmins
No match for name variant: Robert S. Timmins
each name: Robert Timmins
 → dob='1987-09-27T00:00:00Z', dod=None, affil=None
this is names_try: ['Richard L. Gentilman', 'Richard Gentilman']
maybe orcid: [nan]
[1343/1535] Querying 'Richard L. Gentilman' (ORCID=None) …each name: Richard L. Gentilman
No match for name variant: Richard L. Gentilman
each name: Richard Gentilman
No match for name variant: Richard Gentilman
 → dob=None, dod=None, affil=None
this is names_try: ['Martin J. Buerger', 'Martin Buerger']
maybe orcid: [nan]
[1344/1535] Querying 'Martin J. Buerger' (ORCID=None) …each name: Martin J. Buerger
 → dob='1903-04-08T00:00:00Z', dod='1986-02-26T00:00:00Z', affil='Massachusetts Institute of Technology'
this is names_try: ['P.B. Foreman']
maybe orcid: [nan]
[1345/1535] Querying 'P.B. Foreman' (ORCID=None) …each name: P.B. Foreman
No match for name variant: P.B. Foreman
 → dob=None, dod=None, affil=None
this is names_try: ['M. Pérez-Victoria']
maybe orcid: ['0000-0002-8529-3898']
[1346/1535] Querying 'M. Pérez-Victoria' (ORCID=0000-0002-8529-3898) …orcid: 0000-0002-8529-3898
each name: M. Pérez-Victoria
 → dob=None, dod=None, affil='University of Granada'
this is names_try: ['George C. Kennedy', 'George Kennedy']
maybe orcid: [nan]
[1347/1535] Querying 'George C. Kennedy' (ORCID=None) …each name: George C. Kennedy
 → dob='1919-09-22T00:00:00Z', dod='1980-03-18T00:00:00Z', affil=None
this is names_try: ['Ben G. Burnett', 'Ben Burnett']
maybe orcid: [nan]
[1348/1535] Querying 'Ben G. Burnett' (ORCID=None) …each name: Ben G. Burnett
No match for name variant: Ben G. Burnett
each name: Ben Burnett
No match for name variant: Ben Burnett
 → dob=None, dod=None, affil=None
this is names_try: ['H. H. Sample', 'H. Sample']
maybe orcid: [nan]
[1349/1535] Querying 'H. H. Sample' (ORCID=None) …each name: H. H. Sample
No match for name variant: H. H. Sample
each name: H. Sample
No match for name variant: H. Sample
 → dob=None, dod=None, affil=None
this is names_try: ['Vedat S. Arpacı', 'Vedat Arpacı']
maybe orcid: [nan]
[1350/1535] Querying 'Vedat S. Arpacı' (ORCID=None) …each name: Vedat S. Arpacı
 → dob='1928-01-01T00:00:00Z', dod=None, affil=None
this is names_try: ['J. A. Gerber', 'J. Gerber']
maybe orcid: [nan]
[1351/1535] Querying 'J. A. Gerber' (ORCID=None) …each name: J. A. Gerber
No match for name variant: J. A. Gerber
each name: J. Gerber
 → dob='1886-01-01T00:00:00Z', dod='1949-04-05T00:00:00Z', affil='Bussum'
this is names_try: ['Mark J. Daly', 'Mark Daly']
maybe orcid: [nan]
[1352/1535] Querying 'Mark J. Daly' (ORCID=None) …each name: Mark J. Daly
No match for name variant: Mark J. Daly
each name: Mark Daly
 → dob='1973-03-12T00:00:00Z', dod=None, affil=None
this is names_try: ['F. D. Ezekiel', 'F. Ezekiel']
maybe orcid: [nan]
[1353/1535] Querying 'F. D. Ezekiel' (ORCID=None) …each name: F. D. Ezekiel
No match for name variant: F. D. Ezekiel
each name: F. Ezekiel
No match for name variant: F. Ezekiel
 → dob=None, dod=None, affil=None
this is names_try: ['Jeffrey E. Mandula', 'Jeffrey Mandula']
maybe orcid: [nan]
[1354/1535] Querying 'Jeffrey E. Mandula' (ORCID=None) …each name: Jeffrey E. Mandula
No match for name variant: Jeffrey E. Mandula
each name: Jeffrey Mandula
 → dob='1941-01-01T00:00:00Z', dod=None, affil='Washington University in St.\xa0Louis'
this is names_try: ['Gregg Nyberg']
maybe orcid: [nan]
[1355/1535] Querying 'Gregg Nyberg' (ORCID=None) …each name: Gregg Nyberg
No match for name variant: Gregg Nyberg
 → dob=None, dod=None, affil=None
this is names_try: ['F. J. McGarry', 'F. McGarry']
maybe orcid: [nan]
[1356/1535] Querying 'F. J. McGarry' (ORCID=None) …each name: F. J. McGarry
 → dob=None, dod=None, affil='Massachusetts Institute of Technology'
this is names_try: ['L. Moskowitz']
maybe orcid: [nan]
[1357/1535] Querying 'L. Moskowitz' (ORCID=None) …each name: L. Moskowitz
No match for name variant: L. Moskowitz
 → dob=None, dod=None, affil=None
this is names_try: ['Harvey S. Rosenblum', 'Harvey Rosenblum']
maybe orcid: [nan]
[1358/1535] Querying 'Harvey S. Rosenblum' (ORCID=None) …each name: Harvey S. Rosenblum
No match for name variant: Harvey S. Rosenblum
each name: Harvey Rosenblum
No match for name variant: Harvey Rosenblum
 → dob=None, dod=None, affil=None
this is names_try: ['J.D. Eckard']
maybe orcid: [nan]
[1359/1535] Querying 'J.D. Eckard' (ORCID=None) …each name: J.D. Eckard
No match for name variant: J.D. Eckard
 → dob=None, dod=None, affil=None
this is names_try: ['J. B. Southard', 'J. Southard']
maybe orcid: [nan]
[1360/1535] Querying 'J. B. Southard' (ORCID=None) …each name: J. B. Southard
 → dob=None, dod=None, affil='Massachusetts Institute of Technology'
this is names_try: ['F. Adenot']
maybe orcid: [nan]
[1361/1535] Querying 'F. Adenot' (ORCID=None) …each name: F. Adenot
No match for name variant: F. Adenot
 → dob=None, dod=None, affil=None
this is names_try: ['Lee M. Huber', 'Lee Huber']
maybe orcid: [nan]
[1362/1535] Querying 'Lee M. Huber' (ORCID=None) …each name: Lee M. Huber
No match for name variant: Lee M. Huber
each name: Lee Huber
 → dob='1919-02-16T00:00:00Z', dod='2005-09-22T00:00:00Z', affil=None
this is names_try: ['P.T. Greiling']
maybe orcid: [nan]
[1363/1535] Querying 'P.T. Greiling' (ORCID=None) …each name: P.T. Greiling
No match for name variant: P.T. Greiling
 → dob=None, dod=None, affil=None
this is names_try: ['Elizabeth A. Colby', 'Elizabeth Colby']
maybe orcid: [nan]
[1364/1535] Querying 'Elizabeth A. Colby' (ORCID=None) …each name: Elizabeth A. Colby
No match for name variant: Elizabeth A. Colby
each name: Elizabeth Colby
 → dob=None, dod=None, affil=None
this is names_try: ['R.E. Enstrom']
maybe orcid: [nan]
[1365/1535] Querying 'R.E. Enstrom' (ORCID=None) …each name: R.E. Enstrom
No match for name variant: R.E. Enstrom
 → dob=None, dod=None, affil=None
this is names_try: ['R.W. Laton']
maybe orcid: [nan]
[1366/1535] Querying 'R.W. Laton' (ORCID=None) …each name: R.W. Laton
No match for name variant: R.W. Laton
 → dob=None, dod=None, affil=None
this is names_try: ['D. Jablonski']
maybe orcid: [nan]
[1367/1535] Querying 'D. Jablonski' (ORCID=None) …each name: D. Jablonski
 → dob='1987-04-23T00:00:00Z', dod=None, affil=None
this is names_try: ['Chun Wa Wong', 'Chun Wong']
maybe orcid: [nan]
[1368/1535] Querying 'Chun Wa Wong' (ORCID=None) …each name: Chun Wa Wong
 → dob='1938-01-01T00:00:00Z', dod=None, affil=None
this is names_try: ['R. M. Rose', 'R. Rose']
maybe orcid: ['0000-0002-4117-1127']
[1369/1535] Querying 'R. M. Rose' (ORCID=0000-0002-4117-1127) …orcid: 0000-0002-4117-1127
each name: R. M. Rose
No match for name variant: R. M. Rose
each name: R. Rose
 → dob='1879-04-21T00:00:00Z', dod='1956-05-25T00:00:00Z', affil=None
this is names_try: ['William W. Behrens', 'William Behrens']
maybe orcid: [nan]
[1370/1535] Querying 'William W. Behrens' (ORCID=None) …each name: William W. Behrens
 → dob='1922-09-14T00:00:00Z', dod='1986-01-21T00:00:00Z', affil=None
this is names_try: ['A. J. Allen', 'A. Allen']
maybe orcid: ['0009-0000-2863-5233']
[1371/1535] Querying 'A. J. Allen' (ORCID=0009-0000-2863-5233) …orcid: 0009-0000-2863-5233
each name: A. J. Allen
 → dob='1818-09-05T00:00:00Z', dod='1884-07-18T00:00:00Z', affil=None
this is names_try: ['Paul Gray']
maybe orcid: [nan]
[1372/1535] Querying 'Paul Gray' (ORCID=None) …each name: Paul Gray
 → dob='1972-04-08T00:00:00Z', dod='2010-05-24T00:00:00Z', affil=None
this is names_try: ['G. Ferrante']
maybe orcid: [nan]
[1373/1535] Querying 'G. Ferrante' (ORCID=None) …each name: G. Ferrante
No match for name variant: G. Ferrante
 → dob=None, dod=None, affil=None
this is names_try: ['J. Irby']
maybe orcid: [nan]
[1374/1535] Querying 'J. Irby' (ORCID=None) …each name: J. Irby
No match for name variant: J. Irby
 → dob=None, dod=None, affil=None
this is names_try: ['N.L. Allen']
maybe orcid: ['0009-0000-9666-0764']
[1375/1535] Querying 'N.L. Allen' (ORCID=0009-0000-9666-0764) …orcid: 0009-0000-9666-0764
each name: N.L. Allen
No match for name variant: N.L. Allen
 → dob=None, dod=None, affil=None
this is names_try: ['I. Meingailis']
maybe orcid: [nan]
[1376/1535] Querying 'I. Meingailis' (ORCID=None) …each name: I. Meingailis
No match for name variant: I. Meingailis
 → dob=None, dod=None, affil=None
this is names_try: ['D. H. Lo', 'D. Lo']
maybe orcid: [nan]
[1377/1535] Querying 'D. H. Lo' (ORCID=None) …each name: D. H. Lo
 → dob='1885-09-11T00:00:00Z', dod='1930-03-02T00:00:00Z', affil=None
this is names_try: ['ALBERT F. GOLLNICK', 'ALBERT GOLLNICK']
maybe orcid: [nan]
[1378/1535] Querying 'ALBERT F. GOLLNICK' (ORCID=None) …each name: ALBERT F. GOLLNICK
 → dob='1898-08-01T00:00:00Z', dod='1983-04-16T00:00:00Z', affil='JBS USA'
this is names_try: ['John W. Peirce', 'John Peirce']
maybe orcid: [nan]
[1379/1535] Querying 'John W. Peirce' (ORCID=None) …each name: John W. Peirce
 → dob='1835-01-01T00:00:00Z', dod='1885-01-01T00:00:00Z', affil=None
this is names_try: ['A. Mazurenko']
maybe orcid: [nan]
[1380/1535] Querying 'A. Mazurenko' (ORCID=None) …each name: A. Mazurenko
No match for name variant: A. Mazurenko
 → dob=None, dod=None, affil=None
this is names_try: ['LINDA K. SELZER', 'LINDA SELZER']
maybe orcid: [nan]
[1381/1535] Querying 'LINDA K. SELZER' (ORCID=None) …each name: LINDA K. SELZER
No match for name variant: LINDA K. SELZER
each name: LINDA SELZER
 → dob=None, dod=None, affil=None
this is names_try: ['C. R. Denham', 'C. Denham']
maybe orcid: [nan]
[1382/1535] Querying 'C. R. Denham' (ORCID=None) …each name: C. R. Denham
No match for name variant: C. R. Denham
each name: C. Denham
No match for name variant: C. Denham
 → dob=None, dod=None, affil=None
this is names_try: ['R. Nachtrieb']
maybe orcid: [nan]
[1383/1535] Querying 'R. Nachtrieb' (ORCID=None) …each name: R. Nachtrieb
No match for name variant: R. Nachtrieb
 → dob=None, dod=None, affil=None
this is names_try: ['Samuel Proger']
maybe orcid: [nan]
[1384/1535] Querying 'Samuel Proger' (ORCID=None) …each name: Samuel Proger
No match for name variant: Samuel Proger
 → dob=None, dod=None, affil=None
this is names_try: ['Shapur Naimi']
maybe orcid: [nan]
[1385/1535] Querying 'Shapur Naimi' (ORCID=None) …each name: Shapur Naimi
No match for name variant: Shapur Naimi
 → dob=None, dod=None, affil=None
this is names_try: ['L.U.E. Kohllöffel']
maybe orcid: [nan]
[1386/1535] Querying 'L.U.E. Kohllöffel' (ORCID=None) …each name: L.U.E. Kohllöffel
No match for name variant: L.U.E. Kohllöffel
 → dob=None, dod=None, affil=None
this is names_try: ['J. C. Reardon', 'J. Reardon']
maybe orcid: [nan]
[1387/1535] Querying 'J. C. Reardon' (ORCID=None) …each name: J. C. Reardon
No match for name variant: J. C. Reardon
each name: J. Reardon
No match for name variant: J. Reardon
 → dob=None, dod=None, affil=None
this is names_try: ['M.C. Vanwormhoudt']
maybe orcid: [nan]
[1388/1535] Querying 'M.C. Vanwormhoudt' (ORCID=None) …each name: M.C. Vanwormhoudt
No match for name variant: M.C. Vanwormhoudt
 → dob=None, dod=None, affil=None
this is names_try: ['Robert E. Cohen', 'Robert Cohen']
maybe orcid: ['0000-0003-1085-7692']
[1389/1535] Querying 'Robert E. Cohen' (ORCID=0000-0003-1085-7692) …orcid: 0000-0003-1085-7692
 → dob=None, dod=None, affil=None
this is names_try: ['Bruce P. Luyendyk', 'Bruce Luyendyk']
maybe orcid: ['0000-0002-8722-2807']
[1390/1535] Querying 'Bruce P. Luyendyk' (ORCID=0000-0002-8722-2807) …orcid: 0000-0002-8722-2807
each name: Bruce P. Luyendyk
 → dob='1943-02-23T00:00:00Z', dod=None, affil='University of California, Santa Barbara'
this is names_try: ['K. R. Loos', 'K. Loos']
maybe orcid: [nan]
[1391/1535] Querying 'K. R. Loos' (ORCID=None) …each name: K. R. Loos
No match for name variant: K. R. Loos
each name: K. Loos
 → dob='1971-01-01T00:00:00Z', dod=None, affil='University of Groningen'
this is names_try: ['J. Sorci']
maybe orcid: [nan]
[1392/1535] Querying 'J. Sorci' (ORCID=None) …each name: J. Sorci
No match for name variant: J. Sorci
 → dob=None, dod=None, affil=None
this is names_try: ['P. C. Stek', 'P. Stek']
maybe orcid: [nan]
[1393/1535] Querying 'P. C. Stek' (ORCID=None) …each name: P. C. Stek
No match for name variant: P. C. Stek
each name: P. Stek
 → dob='1878-10-26T00:00:00Z', dod='1954-08-12T00:00:00Z', affil=None
this is names_try: ['Arnold Stancell']
maybe orcid: [nan]
[1394/1535] Querying 'Arnold Stancell' (ORCID=None) …each name: Arnold Stancell
 → dob=None, dod=None, affil=None
this is names_try: ['Dean S. Shupe', 'Dean Shupe']
maybe orcid: [nan]
[1395/1535] Querying 'Dean S. Shupe' (ORCID=None) …each name: Dean S. Shupe
No match for name variant: Dean S. Shupe
each name: Dean Shupe
No match for name variant: Dean Shupe
 → dob=None, dod=None, affil=None
this is names_try: ['Y. Wang']
maybe orcid: ['0000-0003-1822-2296']
[1396/1535] Querying 'Y. Wang' (ORCID=0000-0003-1822-2296) …orcid: 0000-0003-1822-2296
each name: Y. Wang
 → dob=None, dod=None, affil='University of Manchester'
this is names_try: ['Marcellus C. Porter', 'Marcellus Porter']
maybe orcid: [nan]
[1397/1535] Querying 'Marcellus C. Porter' (ORCID=None) …each name: Marcellus C. Porter
No match for name variant: Marcellus C. Porter
each name: Marcellus Porter
No match for name variant: Marcellus Porter
 → dob=None, dod=None, affil=None
this is names_try: ['B.L. Wright']
maybe orcid: [nan]
[1398/1535] Querying 'B.L. Wright' (ORCID=None) …each name: B.L. Wright
No match for name variant: B.L. Wright
 → dob=None, dod=None, affil=None
this is names_try: ['Karen Hong']
maybe orcid: [nan]
[1399/1535] Querying 'Karen Hong' (ORCID=None) …each name: Karen Hong
 → dob='1996-11-30T00:00:00Z', dod=None, affil=None
this is names_try: ['L.H. Haines']
maybe orcid: [nan]
[1400/1535] Querying 'L.H. Haines' (ORCID=None) …each name: L.H. Haines
No match for name variant: L.H. Haines
 → dob=None, dod=None, affil=None
this is names_try: ['Joanna C. Bonventre', 'Joanna Bonventre']
maybe orcid: [nan]
[1401/1535] Querying 'Joanna C. Bonventre' (ORCID=None) …each name: Joanna C. Bonventre
No match for name variant: Joanna C. Bonventre
each name: Joanna Bonventre
No match for name variant: Joanna Bonventre
 → dob=None, dod=None, affil=None
this is names_try: ['S. George Philander', 'S. Philander']
maybe orcid: [nan]
[1402/1535] Querying 'S. George Philander' (ORCID=None) …each name: S. George Philander
 → dob='1942-07-25T00:00:00Z', dod=None, affil='Princeton University'
this is names_try: ['Thomas C. Hollocher', 'Thomas Hollocher']
maybe orcid: [nan]
[1403/1535] Querying 'Thomas C. Hollocher' (ORCID=None) …each name: Thomas C. Hollocher
No match for name variant: Thomas C. Hollocher
each name: Thomas Hollocher
No match for name variant: Thomas Hollocher
 → dob=None, dod=None, affil=None
this is names_try: ['R. Calvert']
maybe orcid: ['0000-0003-0514-6036']
[1404/1535] Querying 'R. Calvert' (ORCID=0000-0003-0514-6036) …orcid: 0000-0003-0514-6036
each name: R. Calvert
No match for name variant: R. Calvert
 → dob=None, dod=None, affil=None
this is names_try: ['Eileen O’Leary']
maybe orcid: [nan]
[1405/1535] Querying 'Eileen O’Leary' (ORCID=None) …each name: Eileen O’Leary
 → dob='1743-01-01T00:00:00Z', dod='1800-01-01T00:00:00Z', affil=None
this is names_try: ['Nathan S. Bromberg', 'Nathan Bromberg']
maybe orcid: [nan]
[1406/1535] Querying 'Nathan S. Bromberg' (ORCID=None) …each name: Nathan S. Bromberg
No match for name variant: Nathan S. Bromberg
each name: Nathan Bromberg
No match for name variant: Nathan Bromberg
 → dob=None, dod=None, affil=None
this is names_try: ['W. Craig Carter', 'W. Carter']
maybe orcid: [nan]
[1407/1535] Querying 'W. Craig Carter' (ORCID=None) …each name: W. Craig Carter
 → dob='1961-06-03T00:00:00Z', dod=None, affil='Massachusetts Institute of Technology'
this is names_try: ['Martin E. Kaliski', 'Martin Kaliski']
maybe orcid: [nan]
[1408/1535] Querying 'Martin E. Kaliski' (ORCID=None) …each name: Martin E. Kaliski
No match for name variant: Martin E. Kaliski
each name: Martin Kaliski
No match for name variant: Martin Kaliski
 → dob=None, dod=None, affil=None
this is names_try: ['William H. Heiser', 'William Heiser']
maybe orcid: [nan]
[1409/1535] Querying 'William H. Heiser' (ORCID=None) …each name: William H. Heiser
No match for name variant: William H. Heiser
each name: William Heiser
No match for name variant: William Heiser
 → dob=None, dod=None, affil=None
this is names_try: ['Ray Walsh']
maybe orcid: [nan]
[1410/1535] Querying 'Ray Walsh' (ORCID=None) …each name: Ray Walsh
 → dob=None, dod=None, affil=None
this is names_try: ['J. Kzeinberg']
maybe orcid: [nan]
[1411/1535] Querying 'J. Kzeinberg' (ORCID=None) …each name: J. Kzeinberg
No match for name variant: J. Kzeinberg
 → dob=None, dod=None, affil=None
this is names_try: ['Malcolm K. Smith', 'Malcolm Smith']
maybe orcid: ['0000-0003-3297-5622']
[1412/1535] Querying 'Malcolm K. Smith' (ORCID=0000-0003-3297-5622) …orcid: 0000-0003-3297-5622
 → dob=None, dod=None, affil='Queensland University of Technology'
this is names_try: ['Eduardo Estrella']
maybe orcid: [nan]
[1413/1535] Querying 'Eduardo Estrella' (ORCID=None) …each name: Eduardo Estrella
 → dob='1941-01-01T00:00:00Z', dod='1996-01-01T00:00:00Z', affil='Central University of Ecuador'
this is names_try: ['Xue Hong Zhu', 'Xue Zhu']
maybe orcid: [nan]
[1414/1535] Querying 'Xue Hong Zhu' (ORCID=None) …each name: Xue Hong Zhu
No match for name variant: Xue Hong Zhu
each name: Xue Zhu
 → dob='0592-01-01T00:00:00Z', dod='0624-01-01T00:00:00Z', affil=None
this is names_try: ['MARISOL U. TELLEZ', 'MARISOL TELLEZ']
maybe orcid: [nan]
[1415/1535] Querying 'MARISOL U. TELLEZ' (ORCID=None) …each name: MARISOL U. TELLEZ
No match for name variant: MARISOL U. TELLEZ
each name: MARISOL TELLEZ
 → dob=None, dod=None, affil=None
this is names_try: ['Roee Levy']
maybe orcid: [nan]
[1416/1535] Querying 'Roee Levy' (ORCID=None) …each name: Roee Levy
No match for name variant: Roee Levy
 → dob=None, dod=None, affil=None
this is names_try: ['Yan Pei']
maybe orcid: ['0000-0001-8317-6199']
[1417/1535] Querying 'Yan Pei' (ORCID=0000-0001-8317-6199) …orcid: 0000-0001-8317-6199
 → dob=None, dod=None, affil=None
this is names_try: ['M. Noaman']
maybe orcid: [nan]
[1418/1535] Querying 'M. Noaman' (ORCID=None) …each name: M. Noaman
No match for name variant: M. Noaman
 → dob=None, dod=None, affil=None
this is names_try: ['A. B. Wittkower', 'A. Wittkower']
maybe orcid: [nan]
[1419/1535] Querying 'A. B. Wittkower' (ORCID=None) …each name: A. B. Wittkower
No match for name variant: A. B. Wittkower
each name: A. Wittkower
No match for name variant: A. Wittkower
 → dob=None, dod=None, affil=None
this is names_try: ['I. M. Jacobs', 'I. Jacobs']
maybe orcid: [nan]
[1420/1535] Querying 'I. M. Jacobs' (ORCID=None) …each name: I. M. Jacobs
No match for name variant: I. M. Jacobs
each name: I. Jacobs
 → dob=None, dod=None, affil=None
this is names_try: ['G. Ryding']
maybe orcid: [nan]
[1421/1535] Querying 'G. Ryding' (ORCID=None) …each name: G. Ryding
No match for name variant: G. Ryding
 → dob=None, dod=None, affil=None
this is names_try: ['Sybil Shearin']
maybe orcid: [nan]
[1422/1535] Querying 'Sybil Shearin' (ORCID=None) …each name: Sybil Shearin
No match for name variant: Sybil Shearin
 → dob=None, dod=None, affil=None
this is names_try: ['Thomas Stern']
maybe orcid: ['0000-0001-7692-9535']
[1423/1535] Querying 'Thomas Stern' (ORCID=0000-0001-7692-9535) …orcid: 0000-0001-7692-9535
each name: Thomas Stern
 → dob='1952-04-20T00:00:00Z', dod=None, affil='University of Münster'
this is names_try: ['Elizabeth Urey Baranger', 'Elizabeth Baranger']
maybe orcid: [nan]
[1424/1535] Querying 'Elizabeth Urey Baranger' (ORCID=None) …each name: Elizabeth Urey Baranger
 → dob='1927-09-18T00:00:00Z', dod='2019-05-30T00:00:00Z', affil=None
this is names_try: ['Ralf Lerner']
maybe orcid: ['0000-0002-5875-5102']
[1425/1535] Querying 'Ralf Lerner' (ORCID=0000-0002-5875-5102) …orcid: 0000-0002-5875-5102
each name: Ralf Lerner
No match for name variant: Ralf Lerner
 → dob=None, dod=None, affil=None
this is names_try: ['Frank Berkman']
maybe orcid: [nan]
[1426/1535] Querying 'Frank Berkman' (ORCID=None) …each name: Frank Berkman
No match for name variant: Frank Berkman
 → dob=None, dod=None, affil=None
this is names_try: ['David K. Roe', 'David Roe']
maybe orcid: [nan]
[1427/1535] Querying 'David K. Roe' (ORCID=None) …each name: David K. Roe
No match for name variant: David K. Roe
each name: David Roe
 → dob='1743-08-11T00:00:00Z', dod='1807-02-12T00:00:00Z', affil=None
this is names_try: ['Jason E. Grau', 'Jason Grau']
maybe orcid: ['0009-0005-4037-5952']
[1428/1535] Querying 'Jason E. Grau' (ORCID=0009-0005-4037-5952) …orcid: 0009-0005-4037-5952
each name: Jason E. Grau
No match for name variant: Jason E. Grau
each name: Jason Grau
No match for name variant: Jason Grau
 → dob=None, dod=None, affil=None
this is names_try: ['Vedran Knezevic']
maybe orcid: [nan]
[1429/1535] Querying 'Vedran Knezevic' (ORCID=None) …each name: Vedran Knezevic
No match for name variant: Vedran Knezevic
 → dob=None, dod=None, affil=None
this is names_try: ['Leo I. Bluestein', 'Leo Bluestein']
maybe orcid: [nan]
[1430/1535] Querying 'Leo I. Bluestein' (ORCID=None) …each name: Leo I. Bluestein
No match for name variant: Leo I. Bluestein
each name: Leo Bluestein
No match for name variant: Leo Bluestein
 → dob=None, dod=None, affil=None
this is names_try: ['Richard Sirrine']
maybe orcid: [nan]
[1431/1535] Querying 'Richard Sirrine' (ORCID=None) …each name: Richard Sirrine
No match for name variant: Richard Sirrine
 → dob=None, dod=None, affil=None
this is names_try: ['Sandy Grabiner']
maybe orcid: [nan]
[1432/1535] Querying 'Sandy Grabiner' (ORCID=None) …each name: Sandy Grabiner
 → dob=None, dod=None, affil=None
this is names_try: ['Dobroslav Kyurkchiev']
maybe orcid: ['0000-0002-8257-7764']
[1433/1535] Querying 'Dobroslav Kyurkchiev' (ORCID=0000-0002-8257-7764) …orcid: 0000-0002-8257-7764
 → dob=None, dod=None, affil=None
this is names_try: ['W. D. Erickson', 'W. Erickson']
maybe orcid: [nan]
[1434/1535] Querying 'W. D. Erickson' (ORCID=None) …each name: W. D. Erickson
No match for name variant: W. D. Erickson
each name: W. Erickson
No match for name variant: W. Erickson
 → dob=None, dod=None, affil=None
this is names_try: ['Angelo J. Eraklis', 'Angelo Eraklis']
maybe orcid: [nan]
[1435/1535] Querying 'Angelo J. Eraklis' (ORCID=None) …each name: Angelo J. Eraklis
No match for name variant: Angelo J. Eraklis
each name: Angelo Eraklis
No match for name variant: Angelo Eraklis
 → dob=None, dod=None, affil=None
this is names_try: ['Gabriel S. Weatherhead', 'Gabriel Weatherhead']
maybe orcid: [nan]
[1436/1535] Querying 'Gabriel S. Weatherhead' (ORCID=None) …each name: Gabriel S. Weatherhead
No match for name variant: Gabriel S. Weatherhead
each name: Gabriel Weatherhead
No match for name variant: Gabriel Weatherhead
 → dob=None, dod=None, affil=None
this is names_try: ['G. A. Pelletier', 'G. Pelletier']
maybe orcid: [nan]
[1437/1535] Querying 'G. A. Pelletier' (ORCID=None) …each name: G. A. Pelletier
No match for name variant: G. A. Pelletier
each name: G. Pelletier
 → dob='1990-07-09T00:00:00Z', dod=None, affil='Université de Moncton'
this is names_try: ['Margery E. Schuler', 'Margery Schuler']
maybe orcid: [nan]
[1438/1535] Querying 'Margery E. Schuler' (ORCID=None) …each name: Margery E. Schuler
No match for name variant: Margery E. Schuler
each name: Margery Schuler
No match for name variant: Margery Schuler
 → dob=None, dod=None, affil=None
this is names_try: ['J. Gair Ford', 'J. Ford']
maybe orcid: ['0000-0003-0419-647X']
[1439/1535] Querying 'J. Gair Ford' (ORCID=0000-0003-0419-647X) …orcid: 0000-0003-0419-647X
each name: J. Gair Ford
No match for name variant: J. Gair Ford
each name: J. Ford
 → dob='1853-05-15T00:00:00Z', dod='1941-09-01T00:00:00Z', affil=None
this is names_try: ['Robert L. Thews', 'Robert Thews']
maybe orcid: [nan]
[1440/1535] Querying 'Robert L. Thews' (ORCID=None) …each name: Robert L. Thews
No match for name variant: Robert L. Thews
each name: Robert Thews
No match for name variant: Robert Thews
 → dob=None, dod=None, affil=None
this is names_try: ['Robert Edward McMillan', 'Robert McMillan']
maybe orcid: [nan]
[1441/1535] Querying 'Robert Edward McMillan' (ORCID=None) …each name: Robert Edward McMillan
No match for name variant: Robert Edward McMillan
each name: Robert McMillan
 → dob='1950-02-26T00:00:00Z', dod=None, affil='University of Arizona'
this is names_try: ['Erik J. Alexanian', 'Erik Alexanian']
maybe orcid: ['0000-0002-0256-2133']
[1442/1535] Querying 'Erik J. Alexanian' (ORCID=0000-0002-0256-2133) …orcid: 0000-0002-0256-2133
 → dob=None, dod=None, affil=None
this is names_try: ['Dennis C. Deegan', 'Dennis Deegan']
maybe orcid: [nan]
[1443/1535] Querying 'Dennis C. Deegan' (ORCID=None) …each name: Dennis C. Deegan
No match for name variant: Dennis C. Deegan
each name: Dennis Deegan
No match for name variant: Dennis Deegan
 → dob=None, dod=None, affil=None
this is names_try: ['A. Agarwal']
maybe orcid: [nan]
[1444/1535] Querying 'A. Agarwal' (ORCID=None) …each name: A. Agarwal
 → dob='1958-01-01T00:00:00Z', dod=None, affil='Massachusetts Institute of Technology'
this is names_try: ['T. C. Harmon', 'T. Harmon']
maybe orcid: [nan]
[1445/1535] Querying 'T. C. Harmon' (ORCID=None) …each name: T. C. Harmon
No match for name variant: T. C. Harmon
each name: T. Harmon
No match for name variant: T. Harmon
 → dob=None, dod=None, affil=None
this is names_try: ['M. C. CROCKER', 'M. CROCKER']
maybe orcid: [nan]
[1446/1535] Querying 'M. C. CROCKER' (ORCID=None) …each name: M. C. CROCKER
No match for name variant: M. C. CROCKER
each name: M. CROCKER
 → dob='1938-01-01T00:00:00Z', dod=None, affil=None
this is names_try: ['R. Bianchini']
maybe orcid: [nan]
[1447/1535] Querying 'R. Bianchini' (ORCID=None) …each name: R. Bianchini
No match for name variant: R. Bianchini
 → dob=None, dod=None, affil=None
this is names_try: ['D. Chaiken']
maybe orcid: [nan]
[1448/1535] Querying 'D. Chaiken' (ORCID=None) …each name: D. Chaiken
No match for name variant: D. Chaiken
 → dob=None, dod=None, affil=None
this is names_try: ['Ellen H. Swenson', 'Ellen Swenson']
maybe orcid: [nan]
[1449/1535] Querying 'Ellen H. Swenson' (ORCID=None) …each name: Ellen H. Swenson
No match for name variant: Ellen H. Swenson
each name: Ellen Swenson
No match for name variant: Ellen Swenson
 → dob=None, dod=None, affil=None
this is names_try: ['Ki Sub Cho', 'Ki Cho']
maybe orcid: ['0000-0002-1680-2484']
[1450/1535] Querying 'Ki Sub Cho' (ORCID=0000-0002-1680-2484) …orcid: 0000-0002-1680-2484
each name: Ki Sub Cho
No match for name variant: Ki Sub Cho
each name: Ki Cho
 → dob='1913-01-06T00:00:00Z', dod='1951-07-31T00:00:00Z', affil=None
this is names_try: ['Robert M. Fano', 'Robert Fano']
maybe orcid: [nan]
[1451/1535] Querying 'Robert M. Fano' (ORCID=None) …each name: Robert M. Fano
 → dob='1917-11-11T00:00:00Z', dod='2016-07-13T00:00:00Z', affil='Massachusetts Institute of Technology'
this is names_try: ['K.L. Johnson']
maybe orcid: [nan]
[1452/1535] Querying 'K.L. Johnson' (ORCID=None) …each name: K.L. Johnson
 → dob=None, dod=None, affil='Durham University'
this is names_try: ['JACK NORDOÖ']
maybe orcid: [nan]
[1453/1535] Querying 'JACK NORDOÖ' (ORCID=None) …each name: JACK NORDOÖ
No match for name variant: JACK NORDOÖ
 → dob=None, dod=None, affil=None
this is names_try: ['AIN LAATS']
maybe orcid: [nan]
[1454/1535] Querying 'AIN LAATS' (ORCID=None) …each name: AIN LAATS
 → dob='1935-01-01T00:00:00Z', dod=None, affil=None
this is names_try: ['D. Kranz']
maybe orcid: [nan]
[1455/1535] Querying 'D. Kranz' (ORCID=None) …each name: D. Kranz
No match for name variant: D. Kranz
 → dob=None, dod=None, affil=None
this is names_try: ['J. D. Wrigley', 'J. Wrigley']
maybe orcid: [nan]
[1456/1535] Querying 'J. D. Wrigley' (ORCID=None) …each name: J. D. Wrigley
No match for name variant: J. D. Wrigley
each name: J. Wrigley
No match for name variant: J. Wrigley
 → dob=None, dod=None, affil=None
this is names_try: ['J. Kubiatowicz']
maybe orcid: [nan]
[1457/1535] Querying 'J. Kubiatowicz' (ORCID=None) …each name: J. Kubiatowicz
No match for name variant: J. Kubiatowicz
 → dob=None, dod=None, affil=None
this is names_try: ['Stanley H. Zisk', 'Stanley Zisk']
maybe orcid: [nan]
[1458/1535] Querying 'Stanley H. Zisk' (ORCID=None) …each name: Stanley H. Zisk
No match for name variant: Stanley H. Zisk
each name: Stanley Zisk
No match for name variant: Stanley Zisk
 → dob=None, dod=None, affil=None
this is names_try: ['K. Mackenzie']
maybe orcid: [nan]
[1459/1535] Querying 'K. Mackenzie' (ORCID=None) …each name: K. Mackenzie
 → dob='1912-06-15T00:00:00Z', dod='2002-07-03T00:00:00Z', affil=None
this is names_try: ['F. C. Langenberg', 'F. Langenberg']
maybe orcid: [nan]
[1460/1535] Querying 'F. C. Langenberg' (ORCID=None) …each name: F. C. Langenberg
No match for name variant: F. C. Langenberg
each name: F. Langenberg
No match for name variant: F. Langenberg
 → dob=None, dod=None, affil=None
this is names_try: ['Stanley J. Laster', 'Stanley Laster']
maybe orcid: [nan]
[1461/1535] Querying 'Stanley J. Laster' (ORCID=None) …each name: Stanley J. Laster
No match for name variant: Stanley J. Laster
each name: Stanley Laster
No match for name variant: Stanley Laster
 → dob=None, dod=None, affil=None
this is names_try: ['D. Yeung']
maybe orcid: [nan]
[1462/1535] Querying 'D. Yeung' (ORCID=None) …each name: D. Yeung
No match for name variant: D. Yeung
 → dob=None, dod=None, affil=None
this is names_try: ['S. L. Blum', 'S. Blum']
maybe orcid: [nan]
[1463/1535] Querying 'S. L. Blum' (ORCID=None) …each name: S. L. Blum
No match for name variant: S. L. Blum
each name: S. Blum
 → dob=None, dod=None, affil=None
this is names_try: ['G.L. Guttrich']
maybe orcid: [nan]
[1464/1535] Querying 'G.L. Guttrich' (ORCID=None) …each name: G.L. Guttrich
No match for name variant: G.L. Guttrich
 → dob=None, dod=None, affil=None
this is names_try: ['David Mainprice']
maybe orcid: ['0000-0002-5827-0324']
[1465/1535] Querying 'David Mainprice' (ORCID=0000-0002-5827-0324) …orcid: 0000-0002-5827-0324
each name: David Mainprice
No match for name variant: David Mainprice
 → dob=None, dod=None, affil=None
this is names_try: ['A. Slibar']
maybe orcid: [nan]
[1466/1535] Querying 'A. Slibar' (ORCID=None) …each name: A. Slibar
No match for name variant: A. Slibar
 → dob=None, dod=None, affil=None
this is names_try: ['J. G. Kohr', 'J. Kohr']
maybe orcid: [nan]
[1467/1535] Querying 'J. G. Kohr' (ORCID=None) …each name: J. G. Kohr
No match for name variant: J. G. Kohr
each name: J. Kohr
No match for name variant: J. Kohr
 → dob=None, dod=None, affil=None
this is names_try: ['Jie Ge']
maybe orcid: [nan]
[1468/1535] Querying 'Jie Ge' (ORCID=None) …each name: Jie Ge
 → dob='1627-01-01T00:00:00Z', dod='1698-01-01T00:00:00Z', affil=None
this is names_try: ['E. Mishkin']
maybe orcid: [nan]
[1469/1535] Querying 'E. Mishkin' (ORCID=None) …each name: E. Mishkin
No match for name variant: E. Mishkin
 → dob=None, dod=None, affil=None
this is names_try: ['D. A. Sparrow', 'D. Sparrow']
maybe orcid: [nan]
[1470/1535] Querying 'D. A. Sparrow' (ORCID=None) …each name: D. A. Sparrow
No match for name variant: D. A. Sparrow
each name: D. Sparrow
No match for name variant: D. Sparrow
 → dob=None, dod=None, affil=None
this is names_try: ['Guixue Yu']
maybe orcid: [nan]
[1471/1535] Querying 'Guixue Yu' (ORCID=None) …each name: Guixue Yu
No match for name variant: Guixue Yu
 → dob=None, dod=None, affil=None
this is names_try: ['W. S. Saar', 'W. Saar']
maybe orcid: [nan]
[1472/1535] Querying 'W. S. Saar' (ORCID=None) …each name: W. S. Saar
No match for name variant: W. S. Saar
each name: W. Saar
No match for name variant: W. Saar
 → dob=None, dod=None, affil=None
this is names_try: ['Haizhou Hu']
maybe orcid: [nan]
[1473/1535] Querying 'Haizhou Hu' (ORCID=None) …each name: Haizhou Hu
 → dob='1962-01-01T00:00:00Z', dod=None, affil=None
this is names_try: ['P. A. Hurney', 'P. Hurney']
maybe orcid: [nan]
[1474/1535] Querying 'P. A. Hurney' (ORCID=None) …each name: P. A. Hurney
No match for name variant: P. A. Hurney
each name: P. Hurney
No match for name variant: P. Hurney
 → dob=None, dod=None, affil=None
this is names_try: ['H. L. Moses', 'H. Moses']
maybe orcid: [nan]
[1475/1535] Querying 'H. L. Moses' (ORCID=None) …each name: H. L. Moses
No match for name variant: H. L. Moses
each name: H. Moses
No match for name variant: H. Moses
 → dob=None, dod=None, affil=None
this is names_try: ['N. M. Ceglio', 'N. Ceglio']
maybe orcid: [nan]
[1476/1535] Querying 'N. M. Ceglio' (ORCID=None) …each name: N. M. Ceglio
No match for name variant: N. M. Ceglio
each name: N. Ceglio
No match for name variant: N. Ceglio
 → dob=None, dod=None, affil=None
this is names_try: ['Betty Ben Geren', 'Betty Geren']
maybe orcid: [nan]
[1477/1535] Querying 'Betty Ben Geren' (ORCID=None) …each name: Betty Ben Geren
No match for name variant: Betty Ben Geren
each name: Betty Geren
No match for name variant: Betty Geren
 → dob=None, dod=None, affil=None
this is names_try: ['B. Bossi']
maybe orcid: [nan]
[1478/1535] Querying 'B. Bossi' (ORCID=None) …each name: B. Bossi
No match for name variant: B. Bossi
 → dob=None, dod=None, affil=None
this is names_try: ['G. R. Berbeco', 'G. Berbeco']
maybe orcid: [nan]
[1479/1535] Querying 'G. R. Berbeco' (ORCID=None) …each name: G. R. Berbeco
No match for name variant: G. R. Berbeco
each name: G. Berbeco
No match for name variant: G. Berbeco
 → dob=None, dod=None, affil=None
this is names_try: ['Richard C Fux', 'Richard Fux']
maybe orcid: [nan]
[1480/1535] Querying 'Richard C Fux' (ORCID=None) …each name: Richard C Fux
No match for name variant: Richard C Fux
each name: Richard Fux
 → dob='1966-05-06T00:00:00Z', dod=None, affil=None
this is names_try: ['Paul A. Spiers', 'Paul Spiers']
maybe orcid: [nan]
[1481/1535] Querying 'Paul A. Spiers' (ORCID=None) …each name: Paul A. Spiers
No match for name variant: Paul A. Spiers
each name: Paul Spiers
 → dob=None, dod=None, affil='Trinity College, Dublin'
this is names_try: ['Peggy J. Jennings', 'Peggy Jennings']
maybe orcid: [nan]
[1482/1535] Querying 'Peggy J. Jennings' (ORCID=None) …each name: Peggy J. Jennings
No match for name variant: Peggy J. Jennings
each name: Peggy Jennings
No match for name variant: Peggy Jennings
 → dob=None, dod=None, affil=None
this is names_try: ['Hubert J. Kelly', 'Hubert Kelly']
maybe orcid: [nan]
[1483/1535] Querying 'Hubert J. Kelly' (ORCID=None) …each name: Hubert J. Kelly
No match for name variant: Hubert J. Kelly
each name: Hubert Kelly
 → dob='1795-09-10T00:00:00Z', dod='1848-01-27T00:00:00Z', affil='County Leitrim'
this is names_try: ['Marina Umaschi Bers', 'Marina Bers']
maybe orcid: ['0000-0003-0206-1846']
[1484/1535] Querying 'Marina Umaschi Bers' (ORCID=0000-0003-0206-1846) …orcid: 0000-0003-0206-1846
 → dob=None, dod=None, affil=None
this is names_try: ['H. W. Polzer', 'H. Polzer']
maybe orcid: [nan]
[1485/1535] Querying 'H. W. Polzer' (ORCID=None) …each name: H. W. Polzer
No match for name variant: H. W. Polzer
each name: H. Polzer
No match for name variant: H. Polzer
 → dob=None, dod=None, affil=None
this is names_try: ['In Hwan Lee', 'In Lee']
maybe orcid: ['0000-0001-9381-4908']
[1486/1535] Querying 'In Hwan Lee' (ORCID=0000-0001-9381-4908) …orcid: 0000-0001-9381-4908
 → dob=None, dod=None, affil='Chungbuk National University'
this is names_try: ['Neil R. Constable', 'Neil Constable']
maybe orcid: [nan]
[1487/1535] Querying 'Neil R. Constable' (ORCID=None) …each name: Neil R. Constable
 → dob=None, dod=None, affil=None
this is names_try: ['Cees Waalwijk']
maybe orcid: ['0000-0001-5367-2108']
[1488/1535] Querying 'Cees Waalwijk' (ORCID=0000-0001-5367-2108) …orcid: 0000-0001-5367-2108
 → dob=None, dod=None, affil=None
this is names_try: ['Sundeep Kumar']
maybe orcid: ['0009-0005-6892-2831']
[1489/1535] Querying 'Sundeep Kumar' (ORCID=0009-0005-6892-2831) …orcid: 0009-0005-6892-2831
each name: Sundeep Kumar
 → dob=None, dod=None, affil='University of Central Florida'
this is names_try: ['John Robert Ross', 'John Ross']
maybe orcid: [nan]
[1490/1535] Querying 'John Robert Ross' (ORCID=None) …each name: John Robert Ross
 → dob='1938-05-07T00:00:00Z', dod='2025-05-13T00:00:00Z', affil='University of North Texas'
this is names_try: ['L. Youens']
maybe orcid: [nan]
[1491/1535] Querying 'L. Youens' (ORCID=None) …each name: L. Youens
No match for name variant: L. Youens
 → dob=None, dod=None, affil=None
this is names_try: ['Gregory Mark']
maybe orcid: [nan]
[1492/1535] Querying 'Gregory Mark' (ORCID=None) …each name: Gregory Mark
 → dob='1961-08-20T00:00:00Z', dod=None, affil=None
this is names_try: ['Alexander Postnikov']
maybe orcid: [nan]
[1493/1535] Querying 'Alexander Postnikov' (ORCID=None) …each name: Alexander Postnikov
 → dob='1957-02-23T00:00:00Z', dod=None, affil=None
this is names_try: ['James Bird']
maybe orcid: ['0000-0002-1405-9930']
[1494/1535] Querying 'James Bird' (ORCID=0000-0002-1405-9930) …orcid: 0000-0002-1405-9930
 → dob=None, dod=None, affil='Boston University'
this is names_try: ['Holger Höfling']
maybe orcid: [nan]
[1495/1535] Querying 'Holger Höfling' (ORCID=None) …each name: Holger Höfling
No match for name variant: Holger Höfling
 → dob=None, dod=None, affil=None
this is names_try: ['Steven A. Orsag', 'Steven Orsag']
maybe orcid: [nan]
[1496/1535] Querying 'Steven A. Orsag' (ORCID=None) …each name: Steven A. Orsag
No match for name variant: Steven A. Orsag
each name: Steven Orsag
No match for name variant: Steven Orsag
 → dob=None, dod=None, affil=None
this is names_try: ['Al Charest']
maybe orcid: [nan]
[1497/1535] Querying 'Al Charest' (ORCID=None) …each name: Al Charest
No match for name variant: Al Charest
 → dob=None, dod=None, affil=None
this is names_try: ['Ellen S. Tormey', 'Ellen Tormey']
maybe orcid: [nan]
[1498/1535] Querying 'Ellen S. Tormey' (ORCID=None) …each name: Ellen S. Tormey
No match for name variant: Ellen S. Tormey
each name: Ellen Tormey
No match for name variant: Ellen Tormey
 → dob=None, dod=None, affil=None
this is names_try: ['Johanna Bürger']
maybe orcid: ['0000-0003-2075-0709']
[1499/1535] Querying 'Johanna Bürger' (ORCID=0000-0003-2075-0709) …orcid: 0000-0003-2075-0709
each name: Johanna Bürger
 → dob='1895-09-23T00:00:00Z', dod='1943-07-12T00:00:00Z', affil=None
this is names_try: ['Harold Kistler']
maybe orcid: ['0000-0001-5312-6297']
[1500/1535] Querying 'Harold Kistler' (ORCID=0000-0001-5312-6297) …orcid: 0000-0001-5312-6297
 → dob='1950-01-01T00:00:00Z', dod=None, affil='University of Minnesota'
this is names_try: ['Karen Marais']
maybe orcid: ['0000-0002-1773-679X']
[1501/1535] Querying 'Karen Marais' (ORCID=0000-0002-1773-679X) …orcid: 0000-0002-1773-679X
 → dob=None, dod=None, affil=None
this is names_try: ['C. M. Chie', 'C. Chie']
maybe orcid: [nan]
[1502/1535] Querying 'C. M. Chie' (ORCID=None) …each name: C. M. Chie
No match for name variant: C. M. Chie
each name: C. Chie
 → dob=None, dod=None, affil=None
this is names_try: ['L. M. Robinson', 'L. Robinson']
maybe orcid: [nan]
[1503/1535] Querying 'L. M. Robinson' (ORCID=None) …each name: L. M. Robinson
No match for name variant: L. M. Robinson
each name: L. Robinson
No match for name variant: L. Robinson
 → dob=None, dod=None, affil=None
this is names_try: ['C. Camps']
maybe orcid: [nan]
[1504/1535] Querying 'C. Camps' (ORCID=None) …each name: C. Camps
No match for name variant: C. Camps
 → dob=None, dod=None, affil=None
this is names_try: ['Allan E. Silverstone', 'Allan Silverstone']
maybe orcid: [nan]
[1505/1535] Querying 'Allan E. Silverstone' (ORCID=None) …each name: Allan E. Silverstone
No match for name variant: Allan E. Silverstone
each name: Allan Silverstone
No match for name variant: Allan Silverstone
 → dob=None, dod=None, affil=None
this is names_try: ['Gabriela Alexe']
maybe orcid: ['0000-0002-5668-6297']
[1506/1535] Querying 'Gabriela Alexe' (ORCID=0000-0002-5668-6297) …orcid: 0000-0002-5668-6297
 → dob=None, dod=None, affil=None
this is names_try: ['Susan Solomon']
maybe orcid: [nan]
[1507/1535] Querying 'Susan Solomon' (ORCID=None) …each name: Susan Solomon
 → dob='1956-01-19T00:00:00Z', dod=None, affil='Massachusetts Institute of Technology'
this is names_try: ['K. Hangarter']
maybe orcid: [nan]
[1508/1535] Querying 'K. Hangarter' (ORCID=None) …each name: K. Hangarter
No match for name variant: K. Hangarter
 → dob=None, dod=None, affil=None
this is names_try: ['Mohamad Metghalchi']
maybe orcid: [nan]
[1509/1535] Querying 'Mohamad Metghalchi' (ORCID=None) …each name: Mohamad Metghalchi
No match for name variant: Mohamad Metghalchi
 → dob=None, dod=None, affil=None
this is names_try: ['Rae Goodell']
maybe orcid: [nan]
[1510/1535] Querying 'Rae Goodell' (ORCID=None) …each name: Rae Goodell
No match for name variant: Rae Goodell
 → dob=None, dod=None, affil=None
this is names_try: ['Tamar D. Resnick', 'Tamar Resnick']
maybe orcid: [nan]
[1511/1535] Querying 'Tamar D. Resnick' (ORCID=None) …each name: Tamar D. Resnick
No match for name variant: Tamar D. Resnick
each name: Tamar Resnick
No match for name variant: Tamar Resnick
 → dob=None, dod=None, affil=None
this is names_try: ['Mieszko Lis']
maybe orcid: ['0000-0003-3376-4384']
[1512/1535] Querying 'Mieszko Lis' (ORCID=0000-0003-3376-4384) …orcid: 0000-0003-3376-4384
 → dob=None, dod=None, affil=None
this is names_try: ['K.A. Ippen']
maybe orcid: [nan]
[1513/1535] Querying 'K.A. Ippen' (ORCID=None) …each name: K.A. Ippen
No match for name variant: K.A. Ippen
 → dob=None, dod=None, affil=None
this is names_try: ['S. Niemi']
maybe orcid: [nan]
[1514/1535] Querying 'S. Niemi' (ORCID=None) …each name: S. Niemi
No match for name variant: S. Niemi
 → dob=None, dod=None, affil=None
this is names_try: ['José Niño‐Mora']
maybe orcid: ['0000-0002-2172-3983']
[1515/1535] Querying 'José Niño‐Mora' (ORCID=0000-0002-2172-3983) …orcid: 0000-0002-2172-3983
 → dob=None, dod=None, affil='Pompeu Fabra University'
this is names_try: ['Jason R. Cantor', 'Jason Cantor']
maybe orcid: ['0000-0001-5263-2059']
[1516/1535] Querying 'Jason R. Cantor' (ORCID=0000-0001-5263-2059) …orcid: 0000-0001-5263-2059
each name: Jason R. Cantor
No match for name variant: Jason R. Cantor
each name: Jason Cantor
No match for name variant: Jason Cantor
 → dob=None, dod=None, affil=None
this is names_try: ['Lisa Smeester']
maybe orcid: ['0000-0001-5283-0485']
[1517/1535] Querying 'Lisa Smeester' (ORCID=0000-0001-5283-0485) …orcid: 0000-0001-5283-0485
 → dob=None, dod=None, affil='UNC Gillings School of Global Public Health'
this is names_try: ['Pamela H. Li', 'Pamela Li']
maybe orcid: [nan]
[1518/1535] Querying 'Pamela H. Li' (ORCID=None) …each name: Pamela H. Li
No match for name variant: Pamela H. Li
each name: Pamela Li
 → dob='1899-08-09T00:00:00Z', dod='1996-04-23T00:00:00Z', affil=None
this is names_try: ['Jonathan Beckwith']
maybe orcid: [nan]
[1519/1535] Querying 'Jonathan Beckwith' (ORCID=None) …each name: Jonathan Beckwith
 → dob='1935-12-25T00:00:00Z', dod=None, affil='Harvard University'
this is names_try: ['Geoffrey Thompson']
maybe orcid: [nan]
[1520/1535] Querying 'Geoffrey Thompson' (ORCID=None) …each name: Geoffrey Thompson
 → dob='1945-08-23T00:00:00Z', dod=None, affil=None
this is names_try: ['K. M. Hewes', 'K. Hewes']
maybe orcid: [nan]
[1521/1535] Querying 'K. M. Hewes' (ORCID=None) …each name: K. M. Hewes
No match for name variant: K. M. Hewes
each name: K. Hewes
No match for name variant: K. Hewes
 → dob=None, dod=None, affil=None
this is names_try: ['George Hadjiyiannis']
maybe orcid: [nan]
[1522/1535] Querying 'George Hadjiyiannis' (ORCID=None) …each name: George Hadjiyiannis
No match for name variant: George Hadjiyiannis
 → dob=None, dod=None, affil=None
this is names_try: ['Cintyu Wong']
maybe orcid: [nan]
[1523/1535] Querying 'Cintyu Wong' (ORCID=None) …each name: Cintyu Wong
No match for name variant: Cintyu Wong
 → dob=None, dod=None, affil=None
this is names_try: ['Peter Marcuse']
maybe orcid: [nan]
[1524/1535] Querying 'Peter Marcuse' (ORCID=None) …each name: Peter Marcuse
 → dob='1928-11-13T00:00:00Z', dod='2022-03-04T00:00:00Z', affil='Columbia University'
this is names_try: ['Silvina Zimi Hanono', 'Silvina Hanono']
maybe orcid: [nan]
[1525/1535] Querying 'Silvina Zimi Hanono' (ORCID=None) …each name: Silvina Zimi Hanono
 → dob=None, dod=None, affil=None
this is names_try: ['H.-S. Lee']
maybe orcid: [nan]
[1526/1535] Querying 'H.-S. Lee' (ORCID=None) …each name: H.-S. Lee
 → dob='1900-11-19T00:00:00Z', dod='1988-06-22T00:00:00Z', affil=None
this is names_try: ['Maksym Serbyn']
maybe orcid: ['0000-0002-2399-5827']
[1527/1535] Querying 'Maksym Serbyn' (ORCID=0000-0002-2399-5827) …orcid: 0000-0002-2399-5827
 → dob=None, dod=None, affil=None
this is names_try: ['Jinendra K. Ranka', 'Jinendra Ranka']
maybe orcid: [nan]
[1528/1535] Querying 'Jinendra K. Ranka' (ORCID=None) …each name: Jinendra K. Ranka
No match for name variant: Jinendra K. Ranka
each name: Jinendra Ranka
No match for name variant: Jinendra Ranka
 → dob=None, dod=None, affil=None
this is names_try: ['Tom Angotti']
maybe orcid: [nan]
[1529/1535] Querying 'Tom Angotti' (ORCID=None) …each name: Tom Angotti
No match for name variant: Tom Angotti
 → dob=None, dod=None, affil=None
this is names_try: ['Alon Itai']
maybe orcid: [nan]
[1530/1535] Querying 'Alon Itai' (ORCID=None) …each name: Alon Itai
 → dob='1946-12-12T00:00:00Z', dod=None, affil='Technion – Israel Institute of Technology'
this is names_try: ['J. G. Fox', 'J. Fox']
maybe orcid: [nan]
[1531/1535] Querying 'J. G. Fox' (ORCID=None) …each name: J. G. Fox
 → dob='1916-03-05T00:00:00Z', dod='1980-07-24T00:00:00Z', affil='Carnegie Mellon University'
this is names_try: ['S. Cory Li', 'S. Li']
maybe orcid: [nan]
[1532/1535] Querying 'S. Cory Li' (ORCID=None) …each name: S. Cory Li
No match for name variant: S. Cory Li
each name: S. Li
 → dob='1863-06-04T00:00:00Z', dod='1905-11-30T00:00:00Z', affil=None
this is names_try: ['Brett A. Tounge', 'Brett Tounge']
maybe orcid: [nan]
[1533/1535] Querying 'Brett A. Tounge' (ORCID=None) …each name: Brett A. Tounge
No match for name variant: Brett A. Tounge
each name: Brett Tounge
No match for name variant: Brett Tounge
 → dob=None, dod=None, affil=None
this is names_try: ['Dragony Fu']
maybe orcid: ['0000-0002-8725-8658']
[1534/1535] Querying 'Dragony Fu' (ORCID=0000-0002-8725-8658) …orcid: 0000-0002-8725-8658
 → dob=None, dod=None, affil='Massachusetts Institute of Technology'
this is names_try: ['T. Evans']
maybe orcid: ['0000-0002-7596-1282']
[1535/1535] Querying 'T. Evans' (ORCID=0000-0002-7596-1282) …orcid: 0000-0002-7596-1282
each name: T. Evans
 → dob='http://www.wikidata.org/.well-known/genid/b3b009ed8638c33434fdff86c7035147', dod='http://www.wikidata.org/.well-known/genid/018621561ae188018d9f5b13811ca3b9', affil='The Cambrian'

✓ Done! Wrote 1537 rows to '/home/kathyh90/joseph-doyle-academic-appointment-urop/results/extended_results.csv'.
All scripts completed successfully.
