[Attempt 1] Downloading hospital list…
✓ Downloaded 7496 hospitals


Processing MIT …
Fetching coordinates for I63966007 from OpenAlex
Fetching coordinates for I58956616 from OpenAlex
Fetching coordinates for I200719446 from OpenAlex
Fetching coordinates for I138006243 from OpenAlex
Fetching coordinates for I204778367 from OpenAlex
Fetching coordinates for I1321305853 from OpenAlex
Fetching coordinates for I111979921 from OpenAlex
Fetching coordinates for I142207940 from OpenAlex
Fetching coordinates for I161318765 from OpenAlex
Fetching coordinates for I4210105908 from OpenAlex
Fetching coordinates for I4210134044 from OpenAlex
Fetching coordinates for I4210103794 from OpenAlex
Fetching coordinates for I79576946 from OpenAlex
Fetching coordinates for I4210088555 from OpenAlex
Fetching coordinates for I3019813218 from OpenAlex
Fetching coordinates for I4210142393 from OpenAlex
Fetching coordinates for I5388228 from OpenAlex
Fetching coordinates for I20089843 from OpenAlex
Fetching coordinates for I4210145761 from OpenAlex
Fetching coordinates for I154570441 from OpenAlex
Fetching coordinates for I219193219 from OpenAlex
Fetching coordinates for I4210122954 from OpenAlex
Fetching coordinates for I4210145244 from OpenAlex
Fetching coordinates for I1288214837 from OpenAlex
Fetching coordinates for I32699454 from OpenAlex
Fetching coordinates for I4210097150 from OpenAlex
Fetching coordinates for I1314696892 from OpenAlex
Fetching coordinates for I83399316 from OpenAlex
Fetching coordinates for I4654613 from OpenAlex
Fetching coordinates for I55143463 from OpenAlex
Fetching coordinates for I4210099850 from OpenAlex
Fetching coordinates for I122411786 from OpenAlex
Fetching coordinates for I2801909243 from OpenAlex
Fetching coordinates for I1311060795 from OpenAlex
Fetching coordinates for I4210110987 from OpenAlex
Fetching coordinates for I4210147822 from OpenAlex
Fetching coordinates for I4210150557 from OpenAlex
Fetching coordinates for I8078737 from OpenAlex
Fetching coordinates for I28777354 from OpenAlex
Fetching coordinates for I193352282 from OpenAlex
Fetching coordinates for I123900574 from OpenAlex
Fetching coordinates for I55240360 from OpenAlex
Fetching coordinates for I4210149656 from OpenAlex
Fetching coordinates for I4400573303 from OpenAlex
Fetching coordinates for I174101054 from OpenAlex
Fetching coordinates for I157485424 from OpenAlex
Fetching coordinates for I58716616 from OpenAlex
Fetching coordinates for I4210088426 from OpenAlex
Fetching coordinates for I4210152061 from OpenAlex
Fetching coordinates for I4210129133 from OpenAlex
Fetching coordinates for I4210131320 from OpenAlex
Fetching coordinates for I4387154587 from OpenAlex
Fetching coordinates for I4210164339 from OpenAlex
Fetching coordinates for I1343180700 from OpenAlex
Fetching coordinates for I4210102556 from OpenAlex
Fetching coordinates for I4210142372 from OpenAlex
Fetching coordinates for I4210146410 from OpenAlex
Fetching coordinates for I40120149 from OpenAlex
Fetching coordinates for I4210134831 from OpenAlex
Fetching coordinates for I4210144024 from OpenAlex
Fetching coordinates for I4210131846 from OpenAlex
Fetching coordinates for I63525965 from OpenAlex
Fetching coordinates for I123044942 from OpenAlex
Fetching coordinates for I125680101 from OpenAlex
Fetching coordinates for I4210164937 from OpenAlex
Fetching coordinates for I4210134243 from OpenAlex
Fetching coordinates for I157286207 from OpenAlex
Fetching coordinates for I187531555 from OpenAlex
Fetching coordinates for I992397 from OpenAlex
Fetching coordinates for I881427289 from OpenAlex
Fetching coordinates for I4210166741 from OpenAlex
Fetching coordinates for I2799600557 from OpenAlex
Fetching coordinates for I38260057 from OpenAlex
Fetching coordinates for I71156769 from OpenAlex
Fetching coordinates for I5023651 from OpenAlex
Fetching coordinates for I2799950917 from OpenAlex
Fetching coordinates for I4210102497 from OpenAlex
Fetching coordinates for I12315562 from OpenAlex
Fetching coordinates for I164936912 from OpenAlex
Fetching coordinates for I926076166 from OpenAlex
Fetching coordinates for I4210153572 from OpenAlex
Fetching coordinates for I4210157710 from OpenAlex
Fetching coordinates for I111088046 from OpenAlex
Fetching coordinates for I4210087915 from OpenAlex
Fetching coordinates for I50898853 from OpenAlex
Fetching coordinates for I107606265 from OpenAlex
Fetching coordinates for I4210117453 from OpenAlex
Fetching coordinates for I136199984 from OpenAlex
Fetching coordinates for I1283280774 from OpenAlex
Fetching coordinates for I1343551460 from OpenAlex
Fetching coordinates for I919571938 from OpenAlex
Fetching coordinates for I2613432 from OpenAlex
Fetching coordinates for I84218800 from OpenAlex
Fetching coordinates for I4210160401 from OpenAlex
Fetching coordinates for I4210131993 from OpenAlex
Fetching coordinates for I4390039253 from OpenAlex
Fetching coordinates for I78577930 from OpenAlex
Fetching coordinates for I40036882 from OpenAlex
Fetching coordinates for I159129438 from OpenAlex
Fetching coordinates for I4210101890 from OpenAlex
Fetching coordinates for I157725225 from OpenAlex
Fetching coordinates for I71561298 from OpenAlex
Fetching coordinates for I148283060 from OpenAlex
Fetching coordinates for I114395901 from OpenAlex
Fetching coordinates for I183874917 from OpenAlex
Fetching coordinates for I2801919071 from OpenAlex
Fetching coordinates for I33213144 from OpenAlex
Fetching coordinates for I74801974 from OpenAlex
Fetching coordinates for I2803209242 from OpenAlex
Fetching coordinates for I1280581677 from OpenAlex
Fetching coordinates for I923382979 from OpenAlex
Fetching coordinates for I146416000 from OpenAlex
Fetching coordinates for I50357001 from OpenAlex
Fetching coordinates for I4210095175 from OpenAlex
Fetching coordinates for I88060688 from OpenAlex
Fetching coordinates for I4210128719 from OpenAlex
Fetching coordinates for I4210122696 from OpenAlex
Fetching coordinates for I144112489 from OpenAlex
Fetching coordinates for I26538001 from OpenAlex
Fetching coordinates for I4210087640 from OpenAlex
Fetching coordinates for I150209017 from OpenAlex
Fetching coordinates for I35570632 from OpenAlex
Fetching coordinates for I124055696 from OpenAlex
Fetching coordinates for I4210153052 from OpenAlex
Fetching coordinates for I36258959 from OpenAlex
Fetching coordinates for I66958751 from OpenAlex
Fetching coordinates for I109736498 from OpenAlex
Fetching coordinates for I20121455 from OpenAlex
Fetching coordinates for I1282105669 from OpenAlex
Fetching coordinates for I165143802 from OpenAlex
Fetching coordinates for I1339224429 from OpenAlex
Fetching coordinates for I4432739 from OpenAlex
Fetching coordinates for I32021983 from OpenAlex
Fetching coordinates for I1291425158 from OpenAlex
Fetching coordinates for I67348948 from OpenAlex
Fetching coordinates for I2801680271 from OpenAlex
Fetching coordinates for I91045830 from OpenAlex
Fetching coordinates for I32971472 from OpenAlex
Fetching coordinates for I4210105847 from OpenAlex
Fetching coordinates for I40347166 from OpenAlex
Fetching coordinates for I4210151733 from OpenAlex
Fetching coordinates for I196699116 from OpenAlex
Fetching coordinates for I4391767798 from OpenAlex
Fetching coordinates for I24185976 from OpenAlex
Fetching coordinates for I201448701 from OpenAlex
Fetching coordinates for I4210112710 from OpenAlex
Fetching coordinates for I4210111394 from OpenAlex
Fetching coordinates for I1294671590 from OpenAlex
Fetching coordinates for I4391768004 from OpenAlex
Fetching coordinates for I881766915 from OpenAlex
Fetching coordinates for I83519826 from OpenAlex
Fetching coordinates for I1288882113 from OpenAlex
Fetching coordinates for I2801337628 from OpenAlex
Fetching coordinates for I126520041 from OpenAlex
Fetching coordinates for I3124059619 from OpenAlex
Fetching coordinates for I24943067 from OpenAlex
Fetching coordinates for I39422238 from OpenAlex
Fetching coordinates for I2801851002 from OpenAlex
Fetching coordinates for I4210113138 from OpenAlex
Fetching coordinates for I115592961 from OpenAlex
Fetching coordinates for I125839683 from OpenAlex
Fetching coordinates for I2799850029 from OpenAlex
Fetching coordinates for I4210096899 from OpenAlex
Fetching coordinates for I178232147 from OpenAlex
Fetching coordinates for I4210109381 from OpenAlex
Fetching coordinates for I64449678 from OpenAlex
Fetching coordinates for I16365422 from OpenAlex
Fetching coordinates for I100188998 from OpenAlex
Fetching coordinates for I4210161462 from OpenAlex
Fetching coordinates for I204983213 from OpenAlex
Fetching coordinates for I4210156834 from OpenAlex
Fetching coordinates for I189210763 from OpenAlex
Fetching coordinates for I2799736854 from OpenAlex
Fetching coordinates for I162577319 from OpenAlex
Fetching coordinates for I204465549 from OpenAlex
Fetching coordinates for I4210155419 from OpenAlex
Fetching coordinates for I4391012615 from OpenAlex
Fetching coordinates for I1317886745 from OpenAlex
Fetching coordinates for I1344073410 from OpenAlex
Fetching coordinates for I2799735646 from OpenAlex
Fetching coordinates for I4210089597 from OpenAlex
Fetching coordinates for I4210134579 from OpenAlex
Fetching coordinates for I4210092658 from OpenAlex
Fetching coordinates for I2802074453 from OpenAlex
Fetching coordinates for I140172145 from OpenAlex
Fetching coordinates for I107077323 from OpenAlex
Fetching coordinates for I4399598358 from OpenAlex
Fetching coordinates for I3130687028 from OpenAlex
Fetching coordinates for I4210149382 from OpenAlex
Fetching coordinates for I175003984 from OpenAlex
Fetching coordinates for I4575257 from OpenAlex
Fetching coordinates for I4210153543 from OpenAlex
Fetching coordinates for I1303691731 from OpenAlex
Fetching coordinates for I4210150093 from OpenAlex
Fetching coordinates for I189554337 from OpenAlex
Fetching coordinates for I8204097 from OpenAlex
Fetching coordinates for I4210138560 from OpenAlex
Fetching coordinates for I2801533059 from OpenAlex
Fetching coordinates for I4210134512 from OpenAlex
Fetching coordinates for I65837984 from OpenAlex
Fetching coordinates for I170201317 from OpenAlex
Fetching coordinates for I71999127 from OpenAlex
Fetching coordinates for I4210160310 from OpenAlex
Fetching coordinates for I12093191 from OpenAlex
Fetching coordinates for I98677209 from OpenAlex
Fetching coordinates for I4210165394 from OpenAlex
Fetching coordinates for I4210116173 from OpenAlex
Fetching coordinates for I42066560 from OpenAlex
Fetching coordinates for I4210158468 from OpenAlex
Fetching coordinates for I4210134111 from OpenAlex
Fetching coordinates for I1330342723 from OpenAlex
Fetching coordinates for I2802423016 from OpenAlex
Fetching coordinates for I1316902750 from OpenAlex
Fetching coordinates for I165951966 from OpenAlex
Fetching coordinates for I4210153043 from OpenAlex
Fetching coordinates for I4210126298 from OpenAlex
Fetching coordinates for I4210097951 from OpenAlex
Fetching coordinates for I4210126251 from OpenAlex
Fetching coordinates for I4210095148 from OpenAlex
Fetching coordinates for I1297363086 from OpenAlex
Fetching coordinates for I4210110856 from OpenAlex
Fetching coordinates for I4210108746 from OpenAlex
Fetching coordinates for I4210092087 from OpenAlex
Fetching coordinates for I4210146328 from OpenAlex
Fetching coordinates for I4210094026 from OpenAlex
Fetching coordinates for I4210089671 from OpenAlex
Fetching coordinates for I921990950 from OpenAlex
Fetching coordinates for I4210153594 from OpenAlex
Fetching coordinates for I4210087413 from OpenAlex
Fetching coordinates for I2801852214 from OpenAlex
Fetching coordinates for I196272386 from OpenAlex
Fetching coordinates for I1285739803 from OpenAlex
Fetching coordinates for I4210143392 from OpenAlex
Fetching coordinates for I71267560 from OpenAlex
Fetching coordinates for I51713134 from OpenAlex
Fetching coordinates for I185261750 from OpenAlex
Fetching coordinates for I4210141030 from OpenAlex
Fetching coordinates for I2801317318 from OpenAlex
Fetching coordinates for I4210135350 from OpenAlex
Fetching coordinates for I4210110523 from OpenAlex
Fetching coordinates for I2802654978 from OpenAlex
Fetching coordinates for I1319743688 from OpenAlex
Fetching coordinates for I188538660 from OpenAlex
Fetching coordinates for I4210150878 from OpenAlex
Fetching coordinates for I1335289525 from OpenAlex
Fetching coordinates for I129975664 from OpenAlex
Fetching coordinates for I1290900354 from OpenAlex
Fetching coordinates for I4210102414 from OpenAlex
Fetching coordinates for I2799849604 from OpenAlex
Fetching coordinates for I121934306 from OpenAlex
Fetching coordinates for I4210101681 from OpenAlex
Fetching coordinates for I2802336062 from OpenAlex
Fetching coordinates for I146552867 from OpenAlex
Fetching coordinates for I205783295 from OpenAlex
Fetching coordinates for I1281539108 from OpenAlex
Fetching coordinates for I2800496781 from OpenAlex
Fetching coordinates for I116067653 from OpenAlex
Fetching coordinates for I204337017 from OpenAlex
Fetching coordinates for I1288162130 from OpenAlex
Fetching coordinates for I27158533 from OpenAlex
Fetching coordinates for I4210092022 from OpenAlex
Fetching coordinates for I4210161994 from OpenAlex
Fetching coordinates for I129634264 from OpenAlex
Fetching coordinates for I4210093329 from OpenAlex
Fetching coordinates for I4210148403 from OpenAlex
Fetching coordinates for I141945490 from OpenAlex
Fetching coordinates for I4210131544 from OpenAlex
Fetching coordinates for I180670191 from OpenAlex
Fetching coordinates for I151808059 from OpenAlex
Fetching coordinates for I189774192 from OpenAlex
Fetching coordinates for I1315708478 from OpenAlex
Fetching coordinates for I4210101549 from OpenAlex
Fetching coordinates for I130238516 from OpenAlex
Fetching coordinates for I4210091810 from OpenAlex
Fetching coordinates for I4210136940 from OpenAlex
Fetching coordinates for I111236770 from OpenAlex
Fetching coordinates for I4210125099 from OpenAlex
Fetching coordinates for I4210089486 from OpenAlex
Fetching coordinates for I4210151970 from OpenAlex
Fetching coordinates for I135310074 from OpenAlex
Fetching coordinates for I4210120349 from OpenAlex
Fetching coordinates for I2801543288 from OpenAlex
Fetching coordinates for I1283092701 from OpenAlex
Fetching coordinates for I126744593 from OpenAlex
Fetching coordinates for I145608581 from OpenAlex
Fetching coordinates for I4210145671 from OpenAlex
Fetching coordinates for I4210125326 from OpenAlex
Fetching coordinates for I33434090 from OpenAlex
Fetching coordinates for I4210113060 from OpenAlex
Fetching coordinates for I1298060332 from OpenAlex
Fetching coordinates for I1327163397 from OpenAlex
Fetching coordinates for I1289490764 from OpenAlex
Fetching coordinates for I133731052 from OpenAlex
Fetching coordinates for I2800446032 from OpenAlex
Fetching coordinates for I27804330 from OpenAlex
Fetching coordinates for I4210137693 from OpenAlex
Fetching coordinates for I2799970807 from OpenAlex
Fetching coordinates for I4210121344 from OpenAlex
Fetching coordinates for I4210137981 from OpenAlex
Fetching coordinates for I4210167126 from OpenAlex
Fetching coordinates for I4210150208 from OpenAlex
Fetching coordinates for I102322052 from OpenAlex
Fetching coordinates for I55732556 from OpenAlex
Fetching coordinates for I4210137766 from OpenAlex
Fetching coordinates for I142947616 from OpenAlex
Fetching coordinates for I1326427960 from OpenAlex
Fetching coordinates for I4210127473 from OpenAlex
Fetching coordinates for I4210151352 from OpenAlex
Fetching coordinates for I145311948 from OpenAlex
Fetching coordinates for I178645029 from OpenAlex
Fetching coordinates for I36788626 from OpenAlex
Fetching coordinates for I1284308235 from OpenAlex
Fetching coordinates for I4210090991 from OpenAlex
Fetching coordinates for I169521973 from OpenAlex
Fetching coordinates for I73616290 from OpenAlex
Fetching coordinates for I197347611 from OpenAlex
Fetching coordinates for I4210143602 from OpenAlex
Fetching coordinates for I58610484 from OpenAlex
Fetching coordinates for I4210109333 from OpenAlex
Fetching coordinates for I4210142152 from OpenAlex
Fetching coordinates for I4210145582 from OpenAlex
Fetching coordinates for I4210104856 from OpenAlex
Fetching coordinates for I1282311441 from OpenAlex
Fetching coordinates for I2609998029 from OpenAlex
Fetching coordinates for I4210138199 from OpenAlex
Fetching coordinates for I200870766 from OpenAlex
Fetching coordinates for I55769427 from OpenAlex
Fetching coordinates for I4210142660 from OpenAlex
Fetching coordinates for I44461941 from OpenAlex
Fetching coordinates for I223532165 from OpenAlex
Fetching coordinates for I2801935854 from OpenAlex
Fetching coordinates for I12912129 from OpenAlex
Fetching coordinates for I97018004 from OpenAlex
Fetching coordinates for I4210120900 from OpenAlex
Fetching coordinates for I160013858 from OpenAlex
Fetching coordinates for I59553526 from OpenAlex
Fetching coordinates for I178169726 from OpenAlex
Fetching coordinates for I33821262 from OpenAlex
Fetching coordinates for I63190737 from OpenAlex
Fetching coordinates for I87216513 from OpenAlex
Fetching coordinates for I4210142217 from OpenAlex
Fetching coordinates for I126596746 from OpenAlex
Fetching coordinates for I592451 from OpenAlex
Fetching coordinates for I1320553840 from OpenAlex
Fetching coordinates for I75027704 from OpenAlex
Fetching coordinates for I174306211 from OpenAlex
Fetching coordinates for I2802706902 from OpenAlex
Fetching coordinates for I4210118248 from OpenAlex
Fetching coordinates for I95457486 from OpenAlex
Fetching coordinates for I134446601 from OpenAlex
Fetching coordinates for I121797337 from OpenAlex
Fetching coordinates for I184840846 from OpenAlex
Fetching coordinates for I4210144791 from OpenAlex
Fetching coordinates for I102322142 from OpenAlex
Fetching coordinates for I2802789608 from OpenAlex
Fetching coordinates for I173911158 from OpenAlex
Fetching coordinates for I1321296531 from OpenAlex
Fetching coordinates for I4210104735 from OpenAlex
Fetching coordinates for I2800229700 from OpenAlex
Fetching coordinates for I4210158631 from OpenAlex
Fetching coordinates for I204250578 from OpenAlex
Fetching coordinates for I48912391 from OpenAlex
Fetching coordinates for I198068145 from OpenAlex
Fetching coordinates for I4210149674 from OpenAlex
Fetching coordinates for I51826884 from OpenAlex
Fetching coordinates for I67581229 from OpenAlex
Fetching coordinates for I2800369878 from OpenAlex
Fetching coordinates for I31746571 from OpenAlex
Fetching coordinates for I129604602 from OpenAlex
Fetching coordinates for I4210126244 from OpenAlex
Fetching coordinates for I4210125919 from OpenAlex
Fetching coordinates for I4210149442 from OpenAlex
Fetching coordinates for I861853513 from OpenAlex
Fetching coordinates for I48430043 from OpenAlex
Fetching coordinates for I100532134 from OpenAlex
Fetching coordinates for I4210156919 from OpenAlex
Fetching coordinates for I74775410 from OpenAlex
Fetching coordinates for I4210089854 from OpenAlex
Fetching coordinates for I2801304276 from OpenAlex
Fetching coordinates for I4210087405 from OpenAlex
Fetching coordinates for I4210112235 from OpenAlex
Fetching coordinates for I4210156074 from OpenAlex
Fetching coordinates for I4210165538 from OpenAlex
Fetching coordinates for I4210159854 from OpenAlex
Fetching coordinates for I114090438 from OpenAlex
Fetching coordinates for I123387679 from OpenAlex
Fetching coordinates for I99464096 from OpenAlex
Fetching coordinates for I177969490 from OpenAlex
Fetching coordinates for I24156275 from OpenAlex
Fetching coordinates for I4210155630 from OpenAlex
Fetching coordinates for I4210140884 from OpenAlex
Fetching coordinates for I130701444 from OpenAlex
Fetching coordinates for I30867006 from OpenAlex
Fetching coordinates for I4210149717 from OpenAlex
Fetching coordinates for I4210092957 from OpenAlex
Fetching coordinates for I161593684 from OpenAlex
Fetching coordinates for I4210105571 from OpenAlex
Fetching coordinates for I4210127591 from OpenAlex
Fetching coordinates for I4210139777 from OpenAlex
Fetching coordinates for I205582932 from OpenAlex
Fetching coordinates for I7877124 from OpenAlex
Fetching coordinates for I201537933 from OpenAlex
Fetching coordinates for I2802335433 from OpenAlex
Fetching coordinates for I96673099 from OpenAlex
Fetching coordinates for I4210127817 from OpenAlex
Fetching coordinates for I118564535 from OpenAlex
Fetching coordinates for I35440088 from OpenAlex
Fetching coordinates for I2799323385 from OpenAlex
Fetching coordinates for I4210121317 from OpenAlex
Fetching coordinates for I13955877 from OpenAlex
Fetching coordinates for I6902469 from OpenAlex
Fetching coordinates for I29607241 from OpenAlex
Fetching coordinates for I204730241 from OpenAlex
Fetching coordinates for I4210092047 from OpenAlex
Fetching coordinates for I20231570 from OpenAlex
Fetching coordinates for I4210100575 from OpenAlex
Fetching coordinates for I179026463 from OpenAlex
Fetching coordinates for I4210166946 from OpenAlex
Fetching coordinates for I111483173 from OpenAlex
Fetching coordinates for I4210137189 from OpenAlex
Fetching coordinates for I165932596 from OpenAlex
Fetching coordinates for I4210116048 from OpenAlex
Fetching coordinates for I9842412 from OpenAlex
Fetching coordinates for I17747738 from OpenAlex
Fetching coordinates for I52158045 from OpenAlex
Fetching coordinates for I130828816 from OpenAlex
Fetching coordinates for I4210128418 from OpenAlex
Fetching coordinates for I135836153 from OpenAlex
Fetching coordinates for I4391768210 from OpenAlex
Fetching coordinates for I4210136676 from OpenAlex
Fetching coordinates for I198091727 from OpenAlex
Fetching coordinates for I118803816 from OpenAlex
Fetching coordinates for I177877127 from OpenAlex
Fetching coordinates for I165690674 from OpenAlex
Fetching coordinates for I4210087207 from OpenAlex
Fetching coordinates for I4530042 from OpenAlex
Fetching coordinates for I76835614 from OpenAlex
Fetching coordinates for I2802890147 from OpenAlex
Fetching coordinates for I79477286 from OpenAlex
Fetching coordinates for I2799416549 from OpenAlex
Fetching coordinates for I4210114115 from OpenAlex
Fetching coordinates for I1341412227 from OpenAlex
Fetching coordinates for I86519309 from OpenAlex
Fetching coordinates for I4210110509 from OpenAlex
Fetching coordinates for I98358874 from OpenAlex
Fetching coordinates for I4210130802 from OpenAlex
Fetching coordinates for I168995470 from OpenAlex
Fetching coordinates for I151746483 from OpenAlex
Fetching coordinates for I113456305 from OpenAlex
Fetching coordinates for I130785548 from OpenAlex
Fetching coordinates for I4210164579 from OpenAlex
Fetching coordinates for I169381384 from OpenAlex
Fetching coordinates for I4210093880 from OpenAlex
Fetching coordinates for I28407311 from OpenAlex
Fetching coordinates for I1298563314 from OpenAlex
Fetching coordinates for I1316535847 from OpenAlex
Fetching coordinates for I2799899409 from OpenAlex
Fetching coordinates for I55302922 from OpenAlex
Fetching coordinates for I1286490081 from OpenAlex
Fetching coordinates for I39804081 from OpenAlex
Fetching coordinates for I4210121705 from OpenAlex
Fetching coordinates for I4210166086 from OpenAlex
Fetching coordinates for I4210153139 from OpenAlex
Fetching coordinates for I84884186 from OpenAlex
Fetching coordinates for I4210088741 from OpenAlex
Fetching coordinates for I1287643137 from OpenAlex
Fetching coordinates for I188703185 from OpenAlex
Fetching coordinates for I29236304 from OpenAlex
Fetching coordinates for I174878644 from OpenAlex
Fetching coordinates for I1282927834 from OpenAlex
Fetching coordinates for I4210115218 from OpenAlex
Fetching coordinates for I170897317 from OpenAlex
Fetching coordinates for I4210107114 from OpenAlex
Fetching coordinates for I100930933 from OpenAlex
Fetching coordinates for I2803071314 from OpenAlex
Fetching coordinates for I1333109800 from OpenAlex
Fetching coordinates for I184565670 from OpenAlex
Fetching coordinates for I2799903593 from OpenAlex
Fetching coordinates for I2802849423 from OpenAlex
Fetching coordinates for I2801200792 from OpenAlex
Fetching coordinates for I1306263314 from OpenAlex
Fetching coordinates for I47838141 from OpenAlex
Fetching coordinates for I1310729568 from OpenAlex
Fetching coordinates for I4210126948 from OpenAlex
Fetching coordinates for I114832834 from OpenAlex
Fetching coordinates for I1343052199 from OpenAlex
Fetching coordinates for I4210122090 from OpenAlex
Fetching coordinates for I1306430637 from OpenAlex
Fetching coordinates for I4210091615 from OpenAlex
Fetching coordinates for I4210087110 from OpenAlex
Fetching coordinates for I4210092045 from OpenAlex
Fetching coordinates for I4210154619 from OpenAlex
Fetching coordinates for I887064364 from OpenAlex
Fetching coordinates for I2802928900 from OpenAlex
Fetching coordinates for I118019719 from OpenAlex
Fetching coordinates for I189718659 from OpenAlex
Fetching coordinates for I157075465 from OpenAlex
Fetching coordinates for I19391748 from OpenAlex
Fetching coordinates for I4210162951 from OpenAlex
Fetching coordinates for I55921689 from OpenAlex
Fetching coordinates for I154425047 from OpenAlex
Fetching coordinates for I181369854 from OpenAlex
Fetching coordinates for I126231945 from OpenAlex
Fetching coordinates for I887968799 from OpenAlex
Fetching coordinates for I197323543 from OpenAlex
Fetching coordinates for I2750212522 from OpenAlex
Fetching coordinates for I180949307 from OpenAlex
Fetching coordinates for I1343871089 from OpenAlex
Fetching coordinates for I25217355 from OpenAlex
Fetching coordinates for I16097986 from OpenAlex
Fetching coordinates for I102335020 from OpenAlex
Fetching coordinates for I103531236 from OpenAlex
Fetching coordinates for I4210127218 from OpenAlex
Fetching coordinates for I121820613 from OpenAlex
Fetching coordinates for I13402291 from OpenAlex
Fetching coordinates for I4210095245 from OpenAlex
Fetching coordinates for I4092182 from OpenAlex
Fetching coordinates for I137853757 from OpenAlex
Fetching coordinates for I54009628 from OpenAlex
Fetching coordinates for I99542240 from OpenAlex
Fetching coordinates for I4210086947 from OpenAlex
Fetching coordinates for I4210096753 from OpenAlex
Fetching coordinates for I102197404 from OpenAlex
Fetching coordinates for I145872427 from OpenAlex
Fetching coordinates for I2799857465 from OpenAlex
Fetching coordinates for I4210109533 from OpenAlex
Fetching coordinates for I111277659 from OpenAlex
Fetching coordinates for I2802603000 from OpenAlex
Fetching coordinates for I4210104914 from OpenAlex
Fetching coordinates for I4210133693 from OpenAlex
Fetching coordinates for I142606810 from OpenAlex
Fetching coordinates for I873043661 from OpenAlex
Fetching coordinates for I79817857 from OpenAlex
Fetching coordinates for I147481903 from OpenAlex
Fetching coordinates for I2799503643 from OpenAlex
Fetching coordinates for I4339842 from OpenAlex
Fetching coordinates for I4210163064 from OpenAlex
Fetching coordinates for I2802351361 from OpenAlex
Fetching coordinates for I4210113824 from OpenAlex
Fetching coordinates for I241749 from OpenAlex
Fetching coordinates for I63634437 from OpenAlex
Fetching coordinates for I4210126476 from OpenAlex
Fetching coordinates for I105140100 from OpenAlex
Fetching coordinates for I1850255 from OpenAlex
Fetching coordinates for I193662353 from OpenAlex
Fetching coordinates for I171892758 from OpenAlex
Fetching coordinates for I4210091585 from OpenAlex
Fetching coordinates for I113389987 from OpenAlex
Fetching coordinates for I209244073 from OpenAlex
Fetching coordinates for I1316910977 from OpenAlex
Fetching coordinates for I4210105766 from OpenAlex
Fetching coordinates for I168959743 from OpenAlex
Fetching coordinates for I84470341 from OpenAlex
Fetching coordinates for I210824098 from OpenAlex
Fetching coordinates for I195460627 from OpenAlex
Fetching coordinates for I188760350 from OpenAlex
Fetching coordinates for I4210107786 from OpenAlex
Fetching coordinates for I4210146599 from OpenAlex
Fetching coordinates for I392282 from OpenAlex
Fetching coordinates for I4210136121 from OpenAlex
Fetching coordinates for I54108979 from OpenAlex
Fetching coordinates for I4210138549 from OpenAlex
Fetching coordinates for I4210116872 from OpenAlex
Fetching coordinates for I189273616 from OpenAlex
Fetching coordinates for I38538140 from OpenAlex
Fetching coordinates for I150729083 from OpenAlex
Fetching coordinates for I1290206253 from OpenAlex
Fetching coordinates for I4210149092 from OpenAlex
Fetching coordinates for I899635006 from OpenAlex
Fetching coordinates for I90183372 from OpenAlex
Fetching coordinates for I4210155240 from OpenAlex
Fetching coordinates for I1289431368 from OpenAlex
Fetching coordinates for I4394709130 from OpenAlex
Fetching coordinates for I4210114669 from OpenAlex
Fetching coordinates for I4388891844 from OpenAlex
Fetching coordinates for I1336856363 from OpenAlex
Fetching coordinates for I181231927 from OpenAlex
Fetching coordinates for I7882870 from OpenAlex
Fetching coordinates for I4210116315 from OpenAlex
Fetching coordinates for I153648349 from OpenAlex
Fetching coordinates for I2799693246 from OpenAlex
Fetching coordinates for I4210110792 from OpenAlex
Fetching coordinates for I4210136305 from OpenAlex
Fetching coordinates for I4210122476 from OpenAlex
Fetching coordinates for I23732399 from OpenAlex
Fetching coordinates for I4403928311 from OpenAlex
Fetching coordinates for I207123951 from OpenAlex
Fetching coordinates for I45129253 from OpenAlex
Fetching coordinates for I4210122463 from OpenAlex
Fetching coordinates for I4210102870 from OpenAlex
Fetching coordinates for I129801699 from OpenAlex
Fetching coordinates for I150609352 from OpenAlex
Fetching coordinates for I107639228 from OpenAlex
Fetching coordinates for I2279609970 from OpenAlex
Fetching coordinates for I4210162872 from OpenAlex
Fetching coordinates for I4210157108 from OpenAlex
Fetching coordinates for I47720641 from OpenAlex
Fetching coordinates for I1327237609 from OpenAlex
Fetching coordinates for I2800102766 from OpenAlex
Fetching coordinates for I167576493 from OpenAlex
Fetching coordinates for I4800084 from OpenAlex
Fetching coordinates for I4210160447 from OpenAlex
Fetching coordinates for I31575130 from OpenAlex
Fetching coordinates for I124357947 from OpenAlex
Fetching coordinates for I86501945 from OpenAlex
Fetching coordinates for I4210090489 from OpenAlex
Fetching coordinates for I116953780 from OpenAlex
Fetching coordinates for I4392738303 from OpenAlex
Fetching coordinates for I4210114420 from OpenAlex
Fetching coordinates for I1289243028 from OpenAlex
Fetching coordinates for I177738480 from OpenAlex
Fetching coordinates for I103635307 from OpenAlex
Fetching coordinates for I4210128175 from OpenAlex
Fetching coordinates for I4210164672 from OpenAlex
Fetching coordinates for I47508984 from OpenAlex
Fetching coordinates for I36672615 from OpenAlex
Fetching coordinates for I57206974 from OpenAlex
Fetching coordinates for I63135867 from OpenAlex
Fetching coordinates for I154130895 from OpenAlex
Fetching coordinates for I23923803 from OpenAlex
Fetching coordinates for I4210161097 from OpenAlex
Fetching coordinates for I4210112368 from OpenAlex
Fetching coordinates for I71052956 from OpenAlex
Fetching coordinates for I4210109636 from OpenAlex
Fetching coordinates for I2802000487 from OpenAlex
Fetching coordinates for I154986956 from OpenAlex
Fetching coordinates for I4210109586 from OpenAlex
Fetching coordinates for I4210144746 from OpenAlex
Fetching coordinates for I1343143571 from OpenAlex
Fetching coordinates for I4210121737 from OpenAlex
Fetching coordinates for I4210110387 from OpenAlex
Fetching coordinates for I285663978 from OpenAlex
Fetching coordinates for I180857899 from OpenAlex
Fetching coordinates for I70983195 from OpenAlex
Fetching coordinates for I177328695 from OpenAlex
Fetching coordinates for I4210088365 from OpenAlex
Fetching coordinates for I4210145926 from OpenAlex
Fetching coordinates for I113508548 from OpenAlex
Fetching coordinates for I2801107848 from OpenAlex
Fetching coordinates for I2802822958 from OpenAlex
Fetching coordinates for I1320481043 from OpenAlex
Fetching coordinates for I4210104753 from OpenAlex
Fetching coordinates for I20561161 from OpenAlex
Fetching coordinates for I4210160694 from OpenAlex
Fetching coordinates for I1299303238 from OpenAlex
Fetching coordinates for I4210151392 from OpenAlex
Fetching coordinates for I4210116219 from OpenAlex
Fetching coordinates for I2801897644 from OpenAlex
Fetching coordinates for I82514191 from OpenAlex
Fetching coordinates for I94234084 from OpenAlex
Fetching coordinates for I4210094388 from OpenAlex
Fetching coordinates for I243989293 from OpenAlex
Fetching coordinates for I68428275 from OpenAlex
Fetching coordinates for I46827455 from OpenAlex
Fetching coordinates for I4210136549 from OpenAlex
Fetching coordinates for I2802271162 from OpenAlex
Fetching coordinates for I16019930 from OpenAlex
Fetching coordinates for I108468826 from OpenAlex
Fetching coordinates for I4210101534 from OpenAlex
Fetching coordinates for I154549908 from OpenAlex
Fetching coordinates for I4210100942 from OpenAlex
Fetching coordinates for I96211989 from OpenAlex
Fetching coordinates for I4210096386 from OpenAlex
Fetching coordinates for I880619579 from OpenAlex
Fetching coordinates for I24062138 from OpenAlex
Fetching coordinates for I71007489 from OpenAlex
Fetching coordinates for I148751991 from OpenAlex
Fetching coordinates for I2799891827 from OpenAlex
Fetching coordinates for I2250650973 from OpenAlex
Fetching coordinates for I139264467 from OpenAlex
Fetching coordinates for I119511950 from OpenAlex
Fetching coordinates for I825935405 from OpenAlex
Fetching coordinates for I148099405 from OpenAlex
Fetching coordinates for I46020346 from OpenAlex
Fetching coordinates for I4210086649 from OpenAlex
Fetching coordinates for I4210151202 from OpenAlex
Fetching coordinates for I4210109258 from OpenAlex
Fetching coordinates for I162266279 from OpenAlex
Fetching coordinates for I4387155473 from OpenAlex
Fetching coordinates for I131077856 from OpenAlex
Fetching coordinates for I1292875679 from OpenAlex
Fetching coordinates for I4210152679 from OpenAlex
Fetching coordinates for I859038795 from OpenAlex
Fetching coordinates for I204823248 from OpenAlex
Fetching coordinates for I4210093852 from OpenAlex
Fetching coordinates for I162210093 from OpenAlex
Fetching coordinates for I4210109642 from OpenAlex
Fetching coordinates for I2800443534 from OpenAlex
Fetching coordinates for I4210165038 from OpenAlex
Fetching coordinates for I4210124606 from OpenAlex
Fetching coordinates for I19820366 from OpenAlex
Fetching coordinates for I4210095419 from OpenAlex
Fetching coordinates for I75573869 from OpenAlex
Fetching coordinates for I906608882 from OpenAlex
Fetching coordinates for I4401726862 from OpenAlex
Fetching coordinates for I110166357 from OpenAlex
Fetching coordinates for I118347636 from OpenAlex
Fetching coordinates for I172675005 from OpenAlex
Fetching coordinates for I170558118 from OpenAlex
Fetching coordinates for I68145777 from OpenAlex
Fetching coordinates for I4210108886 from OpenAlex
Fetching coordinates for I4210117272 from OpenAlex
Fetching coordinates for I4210143481 from OpenAlex
Fetching coordinates for I4210120293 from OpenAlex
Fetching coordinates for I2801613365 from OpenAlex
Fetching coordinates for I4923324 from OpenAlex
Fetching coordinates for I4577782 from OpenAlex
Fetching coordinates for I4387154385 from OpenAlex
Fetching coordinates for I2801525552 from OpenAlex
Fetching coordinates for I1302752606 from OpenAlex
Fetching coordinates for I4210090867 from OpenAlex
Fetching coordinates for I191879574 from OpenAlex
Fetching coordinates for I196345858 from OpenAlex
Fetching coordinates for I195373058 from OpenAlex
Fetching coordinates for I4210143726 from OpenAlex
Fetching coordinates for I35886859 from OpenAlex
Fetching coordinates for I4210147194 from OpenAlex
Fetching coordinates for I4210095123 from OpenAlex
Fetching coordinates for I2801339556 from OpenAlex
Fetching coordinates for I43337087 from OpenAlex
Fetching coordinates for I848706 from OpenAlex
Fetching coordinates for I52010207 from OpenAlex
Fetching coordinates for I4210163218 from OpenAlex
Fetching coordinates for I94624287 from OpenAlex
Fetching coordinates for I99977706 from OpenAlex
Fetching coordinates for I114027177 from OpenAlex
Fetching coordinates for I4210088968 from OpenAlex
Fetching coordinates for I82904351 from OpenAlex
Fetching coordinates for I4210147969 from OpenAlex
Fetching coordinates for I2800167862 from OpenAlex
Fetching coordinates for I1282355914 from OpenAlex
Fetching coordinates for I2800166025 from OpenAlex
Fetching coordinates for I103911934 from OpenAlex
Fetching coordinates for I36234482 from OpenAlex
Fetching coordinates for I1283103587 from OpenAlex
Fetching coordinates for I4210113448 from OpenAlex
Fetching coordinates for I200576644 from OpenAlex
Fetching coordinates for I4401726780 from OpenAlex
Fetching coordinates for I1330989302 from OpenAlex
Fetching coordinates for I39555362 from OpenAlex
Fetching coordinates for I4210132416 from OpenAlex
Fetching coordinates for I79619799 from OpenAlex
Fetching coordinates for I98251732 from OpenAlex
Fetching coordinates for I4210129455 from OpenAlex
Fetching coordinates for I2802229908 from OpenAlex
Fetching coordinates for I202697423 from OpenAlex
Fetching coordinates for I4210146667 from OpenAlex
Fetching coordinates for I1335690138 from OpenAlex
Fetching coordinates for I199612878 from OpenAlex
Fetching coordinates for I4210111488 from OpenAlex
Fetching coordinates for I111966504 from OpenAlex
Fetching coordinates for I4210118921 from OpenAlex
Fetching coordinates for I4210107924 from OpenAlex
Fetching coordinates for I4210157625 from OpenAlex
Fetching coordinates for I4210119896 from OpenAlex
Fetching coordinates for I1174212 from OpenAlex
Fetching coordinates for I47251452 from OpenAlex
Fetching coordinates for I2801261045 from OpenAlex
Fetching coordinates for I33858575 from OpenAlex
Fetching coordinates for I4210159520 from OpenAlex
Fetching coordinates for I4210086780 from OpenAlex
Fetching coordinates for I80180929 from OpenAlex
Fetching coordinates for I30809798 from OpenAlex
Fetching coordinates for I4210143791 from OpenAlex
Fetching coordinates for I36399199 from OpenAlex
Fetching coordinates for I4210093904 from OpenAlex
Fetching coordinates for I4210105714 from OpenAlex
Fetching coordinates for I183111857 from OpenAlex
Fetching coordinates for I1294350288 from OpenAlex
Fetching coordinates for I2802229882 from OpenAlex
Fetching coordinates for I85788879 from OpenAlex
Fetching coordinates for I4210137844 from OpenAlex
Fetching coordinates for I27837315 from OpenAlex
Fetching coordinates for I2800394112 from OpenAlex
Fetching coordinates for I1339947260 from OpenAlex
Fetching coordinates for I4210101041 from OpenAlex
Fetching coordinates for I4210133586 from OpenAlex
Fetching coordinates for I74973139 from OpenAlex
Fetching coordinates for I4210100468 from OpenAlex
Fetching coordinates for I4210140401 from OpenAlex
Fetching coordinates for I4210088875 from OpenAlex
Fetching coordinates for I4210151791 from OpenAlex
Fetching coordinates for I2799803081 from OpenAlex
Fetching coordinates for I149899117 from OpenAlex
Fetching coordinates for I16609230 from OpenAlex
Fetching coordinates for I204553293 from OpenAlex
Fetching coordinates for I75955062 from OpenAlex
Fetching coordinates for I4210099012 from OpenAlex
Fetching coordinates for I80947539 from OpenAlex
Fetching coordinates for I61057504 from OpenAlex
Fetching coordinates for I4210166388 from OpenAlex
Fetching coordinates for I143593769 from OpenAlex
Fetching coordinates for I4210156571 from OpenAlex
Fetching coordinates for I170215575 from OpenAlex
Fetching coordinates for I4210094930 from OpenAlex
Fetching coordinates for I180585399 from OpenAlex
Fetching coordinates for I4210137700 from OpenAlex
Fetching coordinates for I157773358 from OpenAlex
Fetching coordinates for I4391768235 from OpenAlex
Fetching coordinates for I162868743 from OpenAlex
Fetching coordinates for I191208505 from OpenAlex
Fetching coordinates for I174442536 from OpenAlex
Fetching coordinates for I194450716 from OpenAlex
Fetching coordinates for I4210119098 from OpenAlex
Fetching coordinates for I4391767757 from OpenAlex
Fetching coordinates for I3923682 from OpenAlex
Fetching coordinates for I4210165547 from OpenAlex
Fetching coordinates for I4210151302 from OpenAlex
Fetching coordinates for I4210165883 from OpenAlex
Fetching coordinates for I139660479 from OpenAlex
Fetching coordinates for I108688024 from OpenAlex
Fetching coordinates for I2800556661 from OpenAlex
Fetching coordinates for I4210094602 from OpenAlex
Fetching coordinates for I41317344 from OpenAlex
Fetching coordinates for I38706770 from OpenAlex
Fetching coordinates for I72565114 from OpenAlex
Fetching coordinates for I4210143029 from OpenAlex
Fetching coordinates for I75900474 from OpenAlex
Fetching coordinates for I2799546139 from OpenAlex
Fetching coordinates for I184843921 from OpenAlex
Fetching coordinates for I4210157642 from OpenAlex
Fetching coordinates for I146071755 from OpenAlex
Fetching coordinates for I25355098 from OpenAlex
Fetching coordinates for I4210131919 from OpenAlex
Fetching coordinates for I4210135132 from OpenAlex
Fetching coordinates for I2799442855 from OpenAlex
Fetching coordinates for I4210124847 from OpenAlex
Fetching coordinates for I168337820 from OpenAlex
Fetching coordinates for I5343935 from OpenAlex
Fetching coordinates for I205401836 from OpenAlex
Fetching coordinates for I4210105091 from OpenAlex
Fetching coordinates for I71395657 from OpenAlex
Fetching coordinates for I4210132808 from OpenAlex
Fetching coordinates for I103163165 from OpenAlex
Fetching coordinates for I2799551455 from OpenAlex
Fetching coordinates for I4210146980 from OpenAlex
Fetching coordinates for I4210151888 from OpenAlex
Fetching coordinates for I4210122734 from OpenAlex
Fetching coordinates for I910623958 from OpenAlex
Fetching coordinates for I4210163952 from OpenAlex
Fetching coordinates for I196729704 from OpenAlex
Fetching coordinates for I4210160893 from OpenAlex
Fetching coordinates for I4210111899 from OpenAlex
Fetching coordinates for I4210093685 from OpenAlex
Fetching coordinates for I4210120064 from OpenAlex
Fetching coordinates for I164915025 from OpenAlex
Fetching coordinates for I4210089296 from OpenAlex
Fetching coordinates for I1332737386 from OpenAlex
Fetching coordinates for I4210114685 from OpenAlex
Fetching coordinates for I98559091 from OpenAlex
Fetching coordinates for I59433898 from OpenAlex
Fetching coordinates for I136765683 from OpenAlex
Fetching coordinates for I183067930 from OpenAlex
Fetching coordinates for I4210140493 from OpenAlex
Fetching coordinates for I99065089 from OpenAlex
Fetching coordinates for I5422934 from OpenAlex
Fetching coordinates for I4210103894 from OpenAlex
Fetching coordinates for I76214153 from OpenAlex
Fetching coordinates for I113940042 from OpenAlex
Fetching coordinates for I4210147117 from OpenAlex
Fetching coordinates for I50632499 from OpenAlex
Fetching coordinates for I4210110609 from OpenAlex
Fetching coordinates for I88830068 from OpenAlex
Fetching coordinates for I2722730 from OpenAlex
Fetching coordinates for I13591777 from OpenAlex
Fetching coordinates for I4210165339 from OpenAlex
Fetching coordinates for I90610280 from OpenAlex
Fetching coordinates for I111599522 from OpenAlex
Fetching coordinates for I4210137180 from OpenAlex
Fetching coordinates for I135237710 from OpenAlex
Fetching coordinates for I4210102412 from OpenAlex
Fetching coordinates for I4210164580 from OpenAlex
Fetching coordinates for I9086337 from OpenAlex
Fetching coordinates for I17721919 from OpenAlex
Fetching coordinates for I4210158804 from OpenAlex
Fetching coordinates for I70908550 from OpenAlex
Fetching coordinates for I39586589 from OpenAlex
Fetching coordinates for I109935558 from OpenAlex
Fetching coordinates for I71824836 from OpenAlex
Fetching coordinates for I4210147322 from OpenAlex
Fetching coordinates for I4210159903 from OpenAlex
Fetching coordinates for I51622183 from OpenAlex
Fetching coordinates for I90090648 from OpenAlex
Fetching coordinates for I87445476 from OpenAlex
Fetching coordinates for I4210093205 from OpenAlex
Fetching coordinates for I195019228 from OpenAlex
Fetching coordinates for I22716506 from OpenAlex
Fetching coordinates for I76569877 from OpenAlex
Fetching coordinates for I168879160 from OpenAlex
Fetching coordinates for I4210103986 from OpenAlex
Fetching coordinates for I75390827 from OpenAlex
Fetching coordinates for I4210156066 from OpenAlex
Fetching coordinates for I154341788 from OpenAlex
Fetching coordinates for I143413998 from OpenAlex
Fetching coordinates for I78978612 from OpenAlex
Fetching coordinates for I24571045 from OpenAlex
Fetching coordinates for I39521962 from OpenAlex
Fetching coordinates for I4387154005 from OpenAlex
Fetching coordinates for I4210128628 from OpenAlex
Fetching coordinates for I13850615 from OpenAlex
Fetching coordinates for I106994412 from OpenAlex
Fetching coordinates for I4210155088 from OpenAlex
Fetching coordinates for I4210152478 from OpenAlex
Fetching coordinates for I157507598 from OpenAlex
Fetching coordinates for I158809036 from OpenAlex
Fetching coordinates for I4210125878 from OpenAlex
Fetching coordinates for I187400657 from OpenAlex
Fetching coordinates for I4210127494 from OpenAlex
Fetching coordinates for I37461747 from OpenAlex
Fetching coordinates for I4210135766 from OpenAlex
Fetching coordinates for I4210114608 from OpenAlex
Fetching coordinates for I4210152154 from OpenAlex
Fetching coordinates for I141962983 from OpenAlex
Fetching coordinates for I4210106365 from OpenAlex
Fetching coordinates for I173899330 from OpenAlex
Fetching coordinates for I145581781 from OpenAlex
Fetching coordinates for I150229711 from OpenAlex
Fetching coordinates for I197869895 from OpenAlex
Fetching coordinates for I4210136596 from OpenAlex
Fetching coordinates for I159389169 from OpenAlex
Fetching coordinates for I3017770710 from OpenAlex
Fetching coordinates for I180726961 from OpenAlex
Fetching coordinates for I25254941 from OpenAlex
Fetching coordinates for I2799293361 from OpenAlex
Fetching coordinates for I72090969 from OpenAlex
Fetching coordinates for I73544541 from OpenAlex
Fetching coordinates for I1322087612 from OpenAlex
Fetching coordinates for I117197279 from OpenAlex
Fetching coordinates for I4210132460 from OpenAlex
Fetching coordinates for I4210132156 from OpenAlex
Fetching coordinates for I4210151476 from OpenAlex
Fetching coordinates for I2800274787 from OpenAlex
Fetching coordinates for I161296585 from OpenAlex
Fetching coordinates for I42999171 from OpenAlex
Fetching coordinates for I1314466530 from OpenAlex
Fetching coordinates for I2251713219 from OpenAlex
Fetching coordinates for I4210110652 from OpenAlex
Fetching coordinates for I4210091942 from OpenAlex
Fetching coordinates for I113306721 from OpenAlex
Fetching coordinates for I25846049 from OpenAlex
Fetching coordinates for I131231118 from OpenAlex
Fetching coordinates for I146399215 from OpenAlex
Fetching coordinates for I89630735 from OpenAlex
Fetching coordinates for I138728355 from OpenAlex
Fetching coordinates for I4210107617 from OpenAlex
Fetching coordinates for I1286704778 from OpenAlex
Fetching coordinates for I4210164584 from OpenAlex
Fetching coordinates for I60134161 from OpenAlex
Fetching coordinates for I135598925 from OpenAlex
Fetching coordinates for I2802259095 from OpenAlex
Fetching coordinates for I20529979 from OpenAlex
Fetching coordinates for I4210166317 from OpenAlex
Fetching coordinates for I89098413 from OpenAlex
Fetching coordinates for I4210144244 from OpenAlex
Fetching coordinates for I66752286 from OpenAlex
Fetching coordinates for I2802422659 from OpenAlex
Fetching coordinates for I1309400984 from OpenAlex
Fetching coordinates for I4210147155 from OpenAlex
Fetching coordinates for I4210158110 from OpenAlex
Fetching coordinates for I158133745 from OpenAlex
Fetching coordinates for I4210087356 from OpenAlex
Fetching coordinates for I2802017950 from OpenAlex
Fetching coordinates for I4210146345 from OpenAlex
Fetching coordinates for I1334536514 from OpenAlex
Fetching coordinates for I867280407 from OpenAlex
Fetching coordinates for I4210096815 from OpenAlex
Fetching coordinates for I1285764155 from OpenAlex
Fetching coordinates for I4210140527 from OpenAlex
Fetching coordinates for I129302853 from OpenAlex
Fetching coordinates for I4210115614 from OpenAlex
Fetching coordinates for I907500627 from OpenAlex
Fetching coordinates for I4210121331 from OpenAlex
Fetching coordinates for I204866599 from OpenAlex
Fetching coordinates for I4210154901 from OpenAlex
Fetching coordinates for I1287163989 from OpenAlex
Fetching coordinates for I4210123010 from OpenAlex
Fetching coordinates for I4210141641 from OpenAlex
Fetching coordinates for I123431417 from OpenAlex
Fetching coordinates for I4210140791 from OpenAlex
Fetching coordinates for I2802694670 from OpenAlex
Fetching coordinates for I202419968 from OpenAlex
Fetching coordinates for I23946033 from OpenAlex
Fetching coordinates for I4210146419 from OpenAlex
Fetching coordinates for I11750234 from OpenAlex
Fetching coordinates for I4210145257 from OpenAlex
Fetching coordinates for I2802418398 from OpenAlex
Fetching coordinates for I193170854 from OpenAlex
Fetching coordinates for I43439940 from OpenAlex
Fetching coordinates for I2801134892 from OpenAlex
Fetching coordinates for I141596103 from OpenAlex
Fetching coordinates for I4210087521 from OpenAlex
Fetching coordinates for I58077936 from OpenAlex
Fetching coordinates for I4210122644 from OpenAlex
Fetching coordinates for I33800924 from OpenAlex
Fetching coordinates for I4210132191 from OpenAlex
Fetching coordinates for I4210114297 from OpenAlex
Fetching coordinates for I4210132094 from OpenAlex
Fetching coordinates for I4210123402 from OpenAlex
Fetching coordinates for I4210098836 from OpenAlex
Fetching coordinates for I34931013 from OpenAlex
Fetching coordinates for I102149020 from OpenAlex
Fetching coordinates for I2800555584 from OpenAlex
Fetching coordinates for I2801081054 from OpenAlex
Fetching coordinates for I4210164902 from OpenAlex
Fetching coordinates for I2799759729 from OpenAlex
Fetching coordinates for I4210106977 from OpenAlex
Fetching coordinates for I2802052328 from OpenAlex
Fetching coordinates for I142263535 from OpenAlex
Fetching coordinates for I1334287468 from OpenAlex
Fetching coordinates for I53964585 from OpenAlex
Fetching coordinates for I2800698792 from OpenAlex
Fetching coordinates for I4210120035 from OpenAlex
Fetching coordinates for I90344618 from OpenAlex
Fetching coordinates for I2801713311 from OpenAlex
Fetching coordinates for I4210144427 from OpenAlex
Fetching coordinates for I130438778 from OpenAlex
Fetching coordinates for I4210138825 from OpenAlex
Fetching coordinates for I2801456533 from OpenAlex
Fetching coordinates for I2799802789 from OpenAlex
Fetching coordinates for I4210113545 from OpenAlex
Fetching coordinates for I2800549715 from OpenAlex
Fetching coordinates for I4210106175 from OpenAlex
Fetching coordinates for I11701301 from OpenAlex
Fetching coordinates for I4210085939 from OpenAlex
Fetching coordinates for I72816309 from OpenAlex
Fetching coordinates for I4210093127 from OpenAlex
Fetching coordinates for I177639307 from OpenAlex
Fetching coordinates for I4210110201 from OpenAlex
Fetching coordinates for I4210140341 from OpenAlex
Fetching coordinates for I27781120 from OpenAlex
Fetching coordinates for I4210156545 from OpenAlex
Fetching coordinates for I166846921 from OpenAlex
Fetching coordinates for I4210159281 from OpenAlex
Fetching coordinates for I163732180 from OpenAlex
Fetching coordinates for I159665162 from OpenAlex
Fetching coordinates for I134052481 from OpenAlex
Fetching coordinates for I4610292 from OpenAlex
Fetching coordinates for I4210109539 from OpenAlex
Fetching coordinates for I4921948 from OpenAlex
Fetching coordinates for I3132061591 from OpenAlex
Fetching coordinates for I4210105835 from OpenAlex
Fetching coordinates for I4210097637 from OpenAlex
Fetching coordinates for I4210151102 from OpenAlex
Fetching coordinates for I4210106378 from OpenAlex
Fetching coordinates for I1285929390 from OpenAlex
Fetching coordinates for I3131625388 from OpenAlex
Fetching coordinates for I4210167027 from OpenAlex
Fetching coordinates for I4210108141 from OpenAlex
Fetching coordinates for I183519381 from OpenAlex
Fetching coordinates for I4210121261 from OpenAlex
Fetching coordinates for I4210132362 from OpenAlex
Fetching coordinates for I139759216 from OpenAlex
Fetching coordinates for I4210086862 from OpenAlex
Fetching coordinates for I139024713 from OpenAlex
Fetching coordinates for I4210120442 from OpenAlex
Fetching coordinates for I2800200322 from OpenAlex
Fetching coordinates for I5740404 from OpenAlex
Fetching coordinates for I4210155817 from OpenAlex
Fetching coordinates for I4210158926 from OpenAlex
Fetching coordinates for I9916479 from OpenAlex
Fetching coordinates for I125749732 from OpenAlex
Fetching coordinates for I869660684 from OpenAlex
Fetching coordinates for I2802939634 from OpenAlex
Fetching coordinates for I4210130230 from OpenAlex
Fetching coordinates for I59499333 from OpenAlex
Fetching coordinates for I4210137291 from OpenAlex
Fetching coordinates for I91712215 from OpenAlex
Fetching coordinates for I4210145693 from OpenAlex
Fetching coordinates for I4210114008 from OpenAlex
Fetching coordinates for I9217761 from OpenAlex
Fetching coordinates for I4210127055 from OpenAlex
Fetching coordinates for I85384741 from OpenAlex
Fetching coordinates for I223822909 from OpenAlex
Fetching coordinates for I195573530 from OpenAlex
Fetching coordinates for I4210163239 from OpenAlex
Fetching coordinates for I2800240351 from OpenAlex
Fetching coordinates for I876193797 from OpenAlex
Fetching coordinates for I127727965 from OpenAlex
Fetching coordinates for I19128659 from OpenAlex
Fetching coordinates for I1313014049 from OpenAlex
Fetching coordinates for I4210126723 from OpenAlex
Fetching coordinates for I152304114 from OpenAlex
Fetching coordinates for I2799922383 from OpenAlex
Fetching coordinates for I1289592571 from OpenAlex
Fetching coordinates for I22265921 from OpenAlex
Fetching coordinates for I1334627681 from OpenAlex
Fetching coordinates for I2800186634 from OpenAlex
Fetching coordinates for I52357470 from OpenAlex
Fetching coordinates for I8459677 from OpenAlex
Fetching coordinates for I16391192 from OpenAlex
Fetching coordinates for I1306266525 from OpenAlex
Fetching coordinates for I4210137759 from OpenAlex
Fetching coordinates for I155781252 from OpenAlex
Fetching coordinates for I2799567181 from OpenAlex
Fetching coordinates for I4210108489 from OpenAlex
Fetching coordinates for I2800620090 from OpenAlex
Fetching coordinates for I4210129405 from OpenAlex
Fetching coordinates for I4210101762 from OpenAlex
Fetching coordinates for I51601045 from OpenAlex
Fetching coordinates for I29955533 from OpenAlex
Fetching coordinates for I24830596 from OpenAlex
Fetching coordinates for I4210105785 from OpenAlex
Fetching coordinates for I1632182 from OpenAlex
Fetching coordinates for I137428128 from OpenAlex
Fetching coordinates for I4210131439 from OpenAlex
Fetching coordinates for I1299528221 from OpenAlex
Fetching coordinates for I4210164862 from OpenAlex
Fetching coordinates for I91047523 from OpenAlex
Fetching coordinates for I169540460 from OpenAlex
Fetching coordinates for I109301148 from OpenAlex
Fetching coordinates for I24676775 from OpenAlex
Fetching coordinates for I181697535 from OpenAlex
Fetching coordinates for I2802707398 from OpenAlex
Fetching coordinates for I4210165704 from OpenAlex
Fetching coordinates for I196883781 from OpenAlex
Fetching coordinates for I196576671 from OpenAlex
Fetching coordinates for I4210099573 from OpenAlex
Fetching coordinates for I4389425425 from OpenAlex
Fetching coordinates for I16944753 from OpenAlex
Fetching coordinates for I1302918504 from OpenAlex
Fetching coordinates for I2610724 from OpenAlex
Fetching coordinates for I1339065421 from OpenAlex
Fetching coordinates for I4210112848 from OpenAlex
Fetching coordinates for I2800531696 from OpenAlex
Fetching coordinates for I4210111875 from OpenAlex
Fetching coordinates for I165799507 from OpenAlex
Fetching coordinates for I4210122332 from OpenAlex
Fetching coordinates for I4210126779 from OpenAlex
Fetching coordinates for I4210164347 from OpenAlex
Fetching coordinates for I51178685 from OpenAlex
Fetching coordinates for I4210121221 from OpenAlex
Fetching coordinates for I4210134769 from OpenAlex
Fetching coordinates for I4210136208 from OpenAlex
Fetching coordinates for I4210098293 from OpenAlex
Fetching coordinates for I4390039310 from OpenAlex
Fetching coordinates for I2799810409 from OpenAlex
Fetching coordinates for I41057258 from OpenAlex
Fetching coordinates for I4210086933 from OpenAlex
Fetching coordinates for I1290055561 from OpenAlex
Fetching coordinates for I4210106595 from OpenAlex
Fetching coordinates for I149251103 from OpenAlex
Fetching coordinates for I2802730090 from OpenAlex
Fetching coordinates for I4210128526 from OpenAlex
Fetching coordinates for I4210131260 from OpenAlex
Fetching coordinates for I119664326 from OpenAlex
Fetching coordinates for I84392919 from OpenAlex
Fetching coordinates for I82783531 from OpenAlex
Fetching coordinates for I2799360765 from OpenAlex
Fetching coordinates for I4210095140 from OpenAlex
Fetching coordinates for I1301390666 from OpenAlex
Fetching coordinates for I4210163195 from OpenAlex
Fetching coordinates for I4210130804 from OpenAlex
Fetching coordinates for I2802498997 from OpenAlex
Fetching coordinates for I145166766 from OpenAlex
Fetching coordinates for I4210144401 from OpenAlex
Fetching coordinates for I4210093322 from OpenAlex
Fetching coordinates for I4210090236 from OpenAlex
Fetching coordinates for I4210110017 from OpenAlex
Fetching coordinates for I2802236040 from OpenAlex
Fetching coordinates for I5561750 from OpenAlex
Fetching coordinates for I190397597 from OpenAlex
Fetching coordinates for I4210112283 from OpenAlex
Fetching coordinates for I4210129742 from OpenAlex
Fetching coordinates for I4210155236 from OpenAlex
Fetching coordinates for I4210159266 from OpenAlex
Fetching coordinates for I117023288 from OpenAlex
Fetching coordinates for I154851008 from OpenAlex
Fetching coordinates for I4210123595 from OpenAlex
Fetching coordinates for I2802431724 from OpenAlex
Fetching coordinates for I2802093357 from OpenAlex
Fetching coordinates for I100288624 from OpenAlex
Fetching coordinates for I11957088 from OpenAlex
Fetching coordinates for I2801453606 from OpenAlex
Fetching coordinates for I24603500 from OpenAlex
Fetching coordinates for I4387154537 from OpenAlex
Fetching coordinates for I177605424 from OpenAlex
Fetching coordinates for I4210149823 from OpenAlex
Fetching coordinates for I113194307 from OpenAlex
Fetching coordinates for I1338920048 from OpenAlex
Fetching coordinates for I4210164117 from OpenAlex
Fetching coordinates for I4210131007 from OpenAlex
Fetching coordinates for I107949126 from OpenAlex
Fetching coordinates for I2799614521 from OpenAlex
Fetching coordinates for I1299319934 from OpenAlex
Fetching coordinates for I1333939285 from OpenAlex
Fetching coordinates for I4210155779 from OpenAlex
Fetching coordinates for I75421653 from OpenAlex
Fetching coordinates for I2801974725 from OpenAlex
Fetching coordinates for I100005738 from OpenAlex
Fetching coordinates for I883909435 from OpenAlex
Fetching coordinates for I4210101920 from OpenAlex
Fetching coordinates for I4210112170 from OpenAlex
Fetching coordinates for I4210164589 from OpenAlex
Fetching coordinates for I4210161966 from OpenAlex
Fetching coordinates for I1308126019 from OpenAlex
Fetching coordinates for I4210147987 from OpenAlex
Fetching coordinates for I80605987 from OpenAlex
Fetching coordinates for I888729015 from OpenAlex
Fetching coordinates for I86484424 from OpenAlex
Fetching coordinates for I4210147635 from OpenAlex
Fetching coordinates for I152815399 from OpenAlex
Fetching coordinates for I1280536761 from OpenAlex
Fetching coordinates for I4210095620 from OpenAlex
Fetching coordinates for I4210122993 from OpenAlex
Fetching coordinates for I25974101 from OpenAlex
Fetching coordinates for I1339191578 from OpenAlex
Fetching coordinates for I31683504 from OpenAlex
Fetching coordinates for I74656192 from OpenAlex
Fetching coordinates for I4210143155 from OpenAlex
Fetching coordinates for I315704651 from OpenAlex
Fetching coordinates for I62318514 from OpenAlex
Fetching coordinates for I17974374 from OpenAlex
Fetching coordinates for I199691007 from OpenAlex
Fetching coordinates for I4210139853 from OpenAlex
Fetching coordinates for I1336096307 from OpenAlex
Fetching coordinates for I1312222531 from OpenAlex
Fetching coordinates for I137902535 from OpenAlex
Fetching coordinates for I4210097199 from OpenAlex
Fetching coordinates for I46597724 from OpenAlex
Fetching coordinates for I161046081 from OpenAlex
Fetching coordinates for I161103922 from OpenAlex
Fetching coordinates for I4210139461 from OpenAlex
Fetching coordinates for I142476485 from OpenAlex
Fetching coordinates for I58581550 from OpenAlex
Fetching coordinates for I2800817003 from OpenAlex
Fetching coordinates for I4210146061 from OpenAlex
Fetching coordinates for I4210087096 from OpenAlex
Fetching coordinates for I2802542264 from OpenAlex
Fetching coordinates for I82880672 from OpenAlex
Fetching coordinates for I4210111675 from OpenAlex
Fetching coordinates for I4210087596 from OpenAlex
Fetching coordinates for I19268510 from OpenAlex
Fetching coordinates for I1297991670 from OpenAlex
Fetching coordinates for I4210090923 from OpenAlex
Fetching coordinates for I38877650 from OpenAlex
Fetching coordinates for I116578957 from OpenAlex
Fetching coordinates for I4210138186 from OpenAlex
Fetching coordinates for I4210165005 from OpenAlex
Fetching coordinates for I83019370 from OpenAlex
Fetching coordinates for I25399270 from OpenAlex
Fetching coordinates for I4210119942 from OpenAlex
Fetching coordinates for I154099455 from OpenAlex
Fetching coordinates for I4210106451 from OpenAlex
Fetching coordinates for I31590910 from OpenAlex
Fetching coordinates for I4210094879 from OpenAlex
Fetching coordinates for I4391767752 from OpenAlex
Fetching coordinates for I4391768157 from OpenAlex
Fetching coordinates for I143868143 from OpenAlex
Fetching coordinates for I4210092817 from OpenAlex
Fetching coordinates for I4210130203 from OpenAlex
Fetching coordinates for I4210153682 from OpenAlex
Fetching coordinates for I3125743391 from OpenAlex
Fetching coordinates for I1334729051 from OpenAlex
Fetching coordinates for I21193070 from OpenAlex
Fetching coordinates for I4210150858 from OpenAlex
Fetching coordinates for I4210145660 from OpenAlex
Fetching coordinates for I21945476 from OpenAlex
Fetching coordinates for I4210127700 from OpenAlex
Fetching coordinates for I102882674 from OpenAlex
Fetching coordinates for I2799714274 from OpenAlex
Fetching coordinates for I4472751 from OpenAlex
Fetching coordinates for I4210116886 from OpenAlex
Fetching coordinates for I4210091786 from OpenAlex
Fetching coordinates for I4210161528 from OpenAlex
Fetching coordinates for I4210153482 from OpenAlex
Fetching coordinates for I165745306 from OpenAlex
Fetching coordinates for I41208885 from OpenAlex
Fetching coordinates for I4210106357 from OpenAlex
Fetching coordinates for I4210157653 from OpenAlex
Fetching coordinates for I4210099937 from OpenAlex
Fetching coordinates for I108904480 from OpenAlex
Fetching coordinates for I263341422 from OpenAlex
Fetching coordinates for I4210155028 from OpenAlex
Fetching coordinates for I96852419 from OpenAlex
Fetching coordinates for I4210119392 from OpenAlex
Fetching coordinates for I4210089056 from OpenAlex
Fetching coordinates for I4210090209 from OpenAlex
Fetching coordinates for I4391768279 from OpenAlex
Fetching coordinates for I4210151155 from OpenAlex
Fetching coordinates for I102208913 from OpenAlex
Fetching coordinates for I4210129794 from OpenAlex
Fetching coordinates for I4210143568 from OpenAlex
Fetching coordinates for I148128674 from OpenAlex
Fetching coordinates for I35568498 from OpenAlex
Fetching coordinates for I184983240 from OpenAlex
Fetching coordinates for I4210100221 from OpenAlex
Fetching coordinates for I4210157677 from OpenAlex
Fetching coordinates for I4210118728 from OpenAlex
Fetching coordinates for I3133134087 from OpenAlex
Fetching coordinates for I135714990 from OpenAlex
Fetching coordinates for I9224756 from OpenAlex
Fetching coordinates for I4210100745 from OpenAlex
Fetching coordinates for I4210086486 from OpenAlex
Fetching coordinates for I90267481 from OpenAlex
Fetching coordinates for I32399674 from OpenAlex
Fetching coordinates for I157638225 from OpenAlex
Fetching coordinates for I4210126065 from OpenAlex
Fetching coordinates for I17442442 from OpenAlex
Fetching coordinates for I74525822 from OpenAlex
Fetching coordinates for I4210091818 from OpenAlex
Fetching coordinates for I4210153915 from OpenAlex
Fetching coordinates for I4210104252 from OpenAlex
Fetching coordinates for I4210124764 from OpenAlex
Fetching coordinates for I134626604 from OpenAlex
Fetching coordinates for I4210161783 from OpenAlex
Fetching coordinates for I4210141849 from OpenAlex
Fetching coordinates for I211433327 from OpenAlex
Fetching coordinates for I134841294 from OpenAlex
Fetching coordinates for I151013683 from OpenAlex
Fetching coordinates for I4210116517 from OpenAlex
Fetching coordinates for I4210163399 from OpenAlex
Fetching coordinates for I4210111575 from OpenAlex
Fetching coordinates for I92403157 from OpenAlex
Fetching coordinates for I4210160698 from OpenAlex
Fetching coordinates for I4210165845 from OpenAlex
Fetching coordinates for I4210126590 from OpenAlex
Fetching coordinates for I4210135349 from OpenAlex
Fetching coordinates for I13985625 from OpenAlex
Fetching coordinates for I1049131 from OpenAlex
Fetching coordinates for I182707071 from OpenAlex
Fetching coordinates for I1328775524 from OpenAlex
Fetching coordinates for I152031979 from OpenAlex
Fetching coordinates for I4210160531 from OpenAlex
Fetching coordinates for I56435720 from OpenAlex
Fetching coordinates for I2746051580 from OpenAlex
Fetching coordinates for I171048554 from OpenAlex
Fetching coordinates for I32377083 from OpenAlex
Fetching coordinates for I180941496 from OpenAlex
Fetching coordinates for I17145004 from OpenAlex
Fetching coordinates for I4210161568 from OpenAlex
Fetching coordinates for I206324368 from OpenAlex
Fetching coordinates for I4210137797 from OpenAlex
Fetching coordinates for I4210107819 from OpenAlex
Fetching coordinates for I180297670 from OpenAlex
Fetching coordinates for I1333535994 from OpenAlex
Fetching coordinates for I4210141908 from OpenAlex
Fetching coordinates for I4210162161 from OpenAlex
Fetching coordinates for I4210116687 from OpenAlex
Fetching coordinates for I2802971700 from OpenAlex
Fetching coordinates for I173004203 from OpenAlex
Fetching coordinates for I4210153694 from OpenAlex
Fetching coordinates for I4210135375 from OpenAlex
Fetching coordinates for I2799699971 from OpenAlex
Fetching coordinates for I4210124771 from OpenAlex
Fetching coordinates for I4210111395 from OpenAlex
Fetching coordinates for I31766871 from OpenAlex
Fetching coordinates for I2801148111 from OpenAlex
Fetching coordinates for I4210147841 from OpenAlex
Fetching coordinates for I4210121272 from OpenAlex
Fetching coordinates for I4210120668 from OpenAlex
Fetching coordinates for I2799714515 from OpenAlex
Fetching coordinates for I4390039329 from OpenAlex
Fetching coordinates for I2802934949 from OpenAlex
Fetching coordinates for I901861585 from OpenAlex
Fetching coordinates for I4210165985 from OpenAlex
Fetching coordinates for I4210102252 from OpenAlex
Fetching coordinates for I134113660 from OpenAlex
Fetching coordinates for I192396691 from OpenAlex
Fetching coordinates for I4210100695 from OpenAlex
Fetching coordinates for I4210100359 from OpenAlex
Fetching coordinates for I1292974536 from OpenAlex
Fetching coordinates for I2802060973 from OpenAlex
Fetching coordinates for I4210124770 from OpenAlex
Fetching coordinates for I4210086415 from OpenAlex
Fetching coordinates for I4210134376 from OpenAlex
Fetching coordinates for I4210148737 from OpenAlex
Fetching coordinates for I4210111804 from OpenAlex
Fetching coordinates for I49886154 from OpenAlex
Fetching coordinates for I4210148319 from OpenAlex
Fetching coordinates for I4210112815 from OpenAlex
Fetching coordinates for I149530613 from OpenAlex
Fetching coordinates for I48633490 from OpenAlex
Fetching coordinates for I2801313472 from OpenAlex
Fetching coordinates for I368840534 from OpenAlex
Fetching coordinates for I71965598 from OpenAlex
Fetching coordinates for I42144348 from OpenAlex
Fetching coordinates for I166722992 from OpenAlex
Fetching coordinates for I130769515 from OpenAlex
Fetching coordinates for I98704320 from OpenAlex
Fetching coordinates for I4210114445 from OpenAlex
Fetching coordinates for I2802690428 from OpenAlex
Fetching coordinates for I4392738323 from OpenAlex
Fetching coordinates for I2802554885 from OpenAlex
Fetching coordinates for I4210111179 from OpenAlex
Fetching coordinates for I1297540436 from OpenAlex
Fetching coordinates for I2799798094 from OpenAlex
Fetching coordinates for I4210146332 from OpenAlex
Fetching coordinates for I2801952686 from OpenAlex
Fetching coordinates for I184942183 from OpenAlex
Fetching coordinates for I1281400175 from OpenAlex
Fetching coordinates for I199037182 from OpenAlex
Fetching coordinates for I4210154480 from OpenAlex
Fetching coordinates for I1318643470 from OpenAlex
Fetching coordinates for I158842170 from OpenAlex
Fetching coordinates for I87780372 from OpenAlex
Fetching coordinates for I4210159428 from OpenAlex
Fetching coordinates for I4210140243 from OpenAlex
Fetching coordinates for I149137203 from OpenAlex
Fetching coordinates for I4210166238 from OpenAlex
Fetching coordinates for I4210129459 from OpenAlex
Fetching coordinates for I76130692 from OpenAlex
Fetching coordinates for I4210101306 from OpenAlex
Fetching coordinates for I4210124033 from OpenAlex
Fetching coordinates for I2802390878 from OpenAlex
Fetching coordinates for I198357462 from OpenAlex
Fetching coordinates for I4210143430 from OpenAlex
Fetching coordinates for I4210138078 from OpenAlex
Fetching coordinates for I1298853749 from OpenAlex
Fetching coordinates for I78037679 from OpenAlex
Fetching coordinates for I184531372 from OpenAlex
Fetching coordinates for I182204967 from OpenAlex
Fetching coordinates for I2800192669 from OpenAlex
Fetching coordinates for I3017480383 from OpenAlex
Fetching coordinates for I2800570007 from OpenAlex
Fetching coordinates for I4210114506 from OpenAlex
Fetching coordinates for I177388780 from OpenAlex
Fetching coordinates for I4210128921 from OpenAlex
Fetching coordinates for I4210127074 from OpenAlex
Fetching coordinates for I4210101382 from OpenAlex
Fetching coordinates for I4210107954 from OpenAlex
Fetching coordinates for I180662265 from OpenAlex
Fetching coordinates for I1285119806 from OpenAlex
Fetching coordinates for I2802654988 from OpenAlex
Fetching coordinates for I4210104358 from OpenAlex
Fetching coordinates for I4210115256 from OpenAlex
Fetching coordinates for I2801671727 from OpenAlex
Fetching coordinates for I4210107997 from OpenAlex
Fetching coordinates for I4210127009 from OpenAlex
Fetching coordinates for I4210087782 from OpenAlex
Fetching coordinates for I36194888 from OpenAlex
Fetching coordinates for I6665906 from OpenAlex
Fetching coordinates for I144852770 from OpenAlex
Fetching coordinates for I4210105982 from OpenAlex
Fetching coordinates for I92039509 from OpenAlex
Fetching coordinates for I2801397591 from OpenAlex
Fetching coordinates for I4210108480 from OpenAlex
Fetching coordinates for I141649914 from OpenAlex
Fetching coordinates for I4210092101 from OpenAlex
Fetching coordinates for I96733725 from OpenAlex
Fetching coordinates for I4210108865 from OpenAlex
Fetching coordinates for I55712492 from OpenAlex
Fetching coordinates for I4210092091 from OpenAlex
Fetching coordinates for I177933477 from OpenAlex
Fetching coordinates for I4210115928 from OpenAlex
Fetching coordinates for I91935597 from OpenAlex
Fetching coordinates for I4210130930 from OpenAlex
Fetching coordinates for I200296433 from OpenAlex
Fetching coordinates for I4210108914 from OpenAlex
Fetching coordinates for I43922553 from OpenAlex
Fetching coordinates for I2801228662 from OpenAlex
Fetching coordinates for I101479585 from OpenAlex
Fetching coordinates for I4210101984 from OpenAlex
Fetching coordinates for I4210120234 from OpenAlex
Fetching coordinates for I4210098460 from OpenAlex
Fetching coordinates for I2801051648 from OpenAlex
Fetching coordinates for I2801518579 from OpenAlex
Fetching coordinates for I142861451 from OpenAlex
Fetching coordinates for I58200834 from OpenAlex
Fetching coordinates for I39774598 from OpenAlex
Fetching coordinates for I83791580 from OpenAlex
Fetching coordinates for I4210108723 from OpenAlex
Fetching coordinates for I4210111982 from OpenAlex
Fetching coordinates for I119942576 from OpenAlex
Fetching coordinates for I196829312 from OpenAlex
Fetching coordinates for I4210134494 from OpenAlex
Fetching coordinates for I277688954 from OpenAlex
Fetching coordinates for I808010 from OpenAlex
Fetching coordinates for I2803035111 from OpenAlex
Fetching coordinates for I185492890 from OpenAlex
Fetching coordinates for I201536842 from OpenAlex
Fetching coordinates for I2799786008 from OpenAlex
Fetching coordinates for I4210121976 from OpenAlex
Fetching coordinates for I2800935791 from OpenAlex
Fetching coordinates for I120230055 from OpenAlex
Fetching coordinates for I1282927378 from OpenAlex
Fetching coordinates for I181647926 from OpenAlex
Fetching coordinates for I2800666604 from OpenAlex
Fetching coordinates for I146655781 from OpenAlex
Fetching coordinates for I4210157731 from OpenAlex
Fetching coordinates for I2800129641 from OpenAlex
Fetching coordinates for I1338637020 from OpenAlex
Fetching coordinates for I65794948 from OpenAlex
Fetching coordinates for I1284577377 from OpenAlex
Fetching coordinates for I4210161128 from OpenAlex
Fetching coordinates for I91136226 from OpenAlex
Fetching coordinates for I143804889 from OpenAlex
Fetching coordinates for I4210118821 from OpenAlex
Fetching coordinates for I4210138309 from OpenAlex
Fetching coordinates for I194807695 from OpenAlex
Fetching coordinates for I2800403580 from OpenAlex
Fetching coordinates for I4210146710 from OpenAlex
Fetching coordinates for I87182695 from OpenAlex
Fetching coordinates for I4210122374 from OpenAlex
Fetching coordinates for I4210139194 from OpenAlex
Fetching coordinates for I25041050 from OpenAlex
Fetching coordinates for I39694355 from OpenAlex
Fetching coordinates for I226413961 from OpenAlex
Fetching coordinates for I39815113 from OpenAlex
Fetching coordinates for I1323778983 from OpenAlex
Fetching coordinates for I4210125653 from OpenAlex
Fetching coordinates for I13511017 from OpenAlex
Fetching coordinates for I4388482685 from OpenAlex
Fetching coordinates for I4210165942 from OpenAlex
Fetching coordinates for I898250095 from OpenAlex
Fetching coordinates for I8692664 from OpenAlex
Fetching coordinates for I189158971 from OpenAlex
Fetching coordinates for I4210138705 from OpenAlex
Fetching coordinates for I4210150951 from OpenAlex
Fetching coordinates for I7923278 from OpenAlex
Fetching coordinates for I74760111 from OpenAlex
Fetching coordinates for I4210127682 from OpenAlex
Fetching coordinates for I197251160 from OpenAlex
Fetching coordinates for I185103710 from OpenAlex
Fetching coordinates for I4210157308 from OpenAlex
Fetching coordinates for I1324766304 from OpenAlex
Fetching coordinates for I4210117619 from OpenAlex
Fetching coordinates for I4400600974 from OpenAlex
Fetching coordinates for I1283582996 from OpenAlex
Fetching coordinates for I127128434 from OpenAlex
Fetching coordinates for I4210101200 from OpenAlex
Fetching coordinates for I115228651 from OpenAlex
Fetching coordinates for I4210094364 from OpenAlex
Fetching coordinates for I168192097 from OpenAlex
Fetching coordinates for I4210099606 from OpenAlex
Fetching coordinates for I165735259 from OpenAlex
Fetching coordinates for I258063972 from OpenAlex
Fetching coordinates for I14243506 from OpenAlex
Fetching coordinates for I168719708 from OpenAlex
Fetching coordinates for I4210112150 from OpenAlex
Fetching coordinates for I4210116924 from OpenAlex
Fetching coordinates for I4210159453 from OpenAlex
Fetching coordinates for I889458895 from OpenAlex
Fetching coordinates for I154893126 from OpenAlex
Fetching coordinates for I4210104064 from OpenAlex
Fetching coordinates for I2802946424 from OpenAlex
Fetching coordinates for I4210144487 from OpenAlex
Fetching coordinates for I267592682 from OpenAlex
Fetching coordinates for I16285277 from OpenAlex
Fetching coordinates for I4210117763 from OpenAlex
Fetching coordinates for I151075929 from OpenAlex
Fetching coordinates for I4210099586 from OpenAlex
Fetching coordinates for I2801824472 from OpenAlex
Fetching coordinates for I27357992 from OpenAlex
Fetching coordinates for I37987034 from OpenAlex
Fetching coordinates for I2802690124 from OpenAlex
Fetching coordinates for I4210091812 from OpenAlex
Fetching coordinates for I173759888 from OpenAlex
Fetching coordinates for I2801112126 from OpenAlex
Fetching coordinates for I50760025 from OpenAlex
Fetching coordinates for I45438204 from OpenAlex
Fetching coordinates for I4210165360 from OpenAlex
Fetching coordinates for I255234318 from OpenAlex
Fetching coordinates for I4210159876 from OpenAlex
Fetching coordinates for I4210095266 from OpenAlex
Fetching coordinates for I1316064682 from OpenAlex
Fetching coordinates for I66946132 from OpenAlex
Fetching coordinates for I4210109390 from OpenAlex
Fetching coordinates for I4210100767 from OpenAlex
Fetching coordinates for I159385669 from OpenAlex
Fetching coordinates for I4210118089 from OpenAlex
Fetching coordinates for I865555288 from OpenAlex
Fetching coordinates for I173469426 from OpenAlex
Fetching coordinates for I203951103 from OpenAlex
Fetching coordinates for I36738375 from OpenAlex
Fetching coordinates for I12097938 from OpenAlex
Fetching coordinates for I4210165559 from OpenAlex
Fetching coordinates for I51158804 from OpenAlex
Fetching coordinates for I143302722 from OpenAlex
Fetching coordinates for I41125697 from OpenAlex
Fetching coordinates for I3143240863 from OpenAlex
Fetching coordinates for I41116869 from OpenAlex
Fetching coordinates for I4210155100 from OpenAlex
Fetching coordinates for I4210131094 from OpenAlex
Fetching coordinates for I200399037 from OpenAlex
Fetching coordinates for I5124864 from OpenAlex
Fetching coordinates for I169877490 from OpenAlex
Fetching coordinates for I74796645 from OpenAlex
Fetching coordinates for I19700959 from OpenAlex
Fetching coordinates for I205349734 from OpenAlex
Fetching coordinates for I4210097800 from OpenAlex
Fetching coordinates for I207399273 from OpenAlex
Fetching coordinates for I4210092597 from OpenAlex
Fetching coordinates for I443798 from OpenAlex
Fetching coordinates for I165522056 from OpenAlex
Fetching coordinates for I177136067 from OpenAlex
Fetching coordinates for I22586776 from OpenAlex
Fetching coordinates for I15807432 from OpenAlex
Fetching coordinates for I203021718 from OpenAlex
Fetching coordinates for I2802114983 from OpenAlex
Fetching coordinates for I4210137145 from OpenAlex
Fetching coordinates for I2800861664 from OpenAlex
Fetching coordinates for I2802742124 from OpenAlex
Fetching coordinates for I44260953 from OpenAlex
Fetching coordinates for I4210146488 from OpenAlex
Fetching coordinates for I79510175 from OpenAlex
Fetching coordinates for I4210089242 from OpenAlex
Fetching coordinates for I2799807261 from OpenAlex
Fetching coordinates for I2801331674 from OpenAlex
Fetching coordinates for I193775966 from OpenAlex
Fetching coordinates for I4210095050 from OpenAlex
Fetching coordinates for I4210114143 from OpenAlex
Fetching coordinates for I17937529 from OpenAlex
Fetching coordinates for I4210138993 from OpenAlex
Fetching coordinates for I1334819555 from OpenAlex
Fetching coordinates for I4210153213 from OpenAlex
Fetching coordinates for I3018075036 from OpenAlex
Fetching coordinates for I4210087111 from OpenAlex
Fetching coordinates for I164928964 from OpenAlex
Fetching coordinates for I4210091341 from OpenAlex
Fetching coordinates for I4210086790 from OpenAlex
Fetching coordinates for I4210166400 from OpenAlex
Fetching coordinates for I4210108839 from OpenAlex
Fetching coordinates for I150569930 from OpenAlex
Fetching coordinates for I4210116875 from OpenAlex
Fetching coordinates for I4210111460 from OpenAlex
Fetching coordinates for I904495901 from OpenAlex
Fetching coordinates for I1320288732 from OpenAlex
Fetching coordinates for I1285301757 from OpenAlex
Fetching coordinates for I3133055985 from OpenAlex
Fetching coordinates for I4391767653 from OpenAlex
Fetching coordinates for I1288198617 from OpenAlex
Fetching coordinates for I4210162629 from OpenAlex
Fetching coordinates for I51556381 from OpenAlex
Fetching coordinates for I4210157861 from OpenAlex
Fetching coordinates for I4391767668 from OpenAlex
Fetching coordinates for I181877577 from OpenAlex
Fetching coordinates for I4210123185 from OpenAlex
Fetching coordinates for I4210142037 from OpenAlex
Fetching coordinates for I160664669 from OpenAlex
Fetching coordinates for I196817621 from OpenAlex
Fetching coordinates for I2800476137 from OpenAlex
Fetching coordinates for I2802109268 from OpenAlex
Fetching coordinates for I4210166159 from OpenAlex
Fetching coordinates for I185443292 from OpenAlex
Fetching coordinates for I1323843004 from OpenAlex
Fetching coordinates for I4210154814 from OpenAlex
Fetching coordinates for I2802313431 from OpenAlex
Fetching coordinates for I2801460292 from OpenAlex
Fetching coordinates for I913958620 from OpenAlex
Fetching coordinates for I153297377 from OpenAlex
Fetching coordinates for I104658917 from OpenAlex
Fetching coordinates for I2800026193 from OpenAlex
Fetching coordinates for I75381157 from OpenAlex
Fetching coordinates for I2802389132 from OpenAlex
Fetching coordinates for I4210153400 from OpenAlex
Fetching coordinates for I77920804 from OpenAlex
Fetching coordinates for I2802921333 from OpenAlex
Fetching coordinates for I88773910 from OpenAlex
Fetching coordinates for I162827531 from OpenAlex
Fetching coordinates for I1329621470 from OpenAlex
Fetching coordinates for I126820664 from OpenAlex
Fetching coordinates for I10926426 from OpenAlex
Fetching coordinates for I1324840837 from OpenAlex
Fetching coordinates for I98461037 from OpenAlex
Fetching coordinates for I4210106247 from OpenAlex
Fetching coordinates for I53012624 from OpenAlex
Fetching coordinates for I192454743 from OpenAlex
Fetching coordinates for I257179599 from OpenAlex
Fetching coordinates for I196679689 from OpenAlex
Fetching coordinates for I4210123050 from OpenAlex
Fetching coordinates for I25399158 from OpenAlex
Fetching coordinates for I56590836 from OpenAlex
Fetching coordinates for I1332387789 from OpenAlex
Fetching coordinates for I4387153604 from OpenAlex
Fetching coordinates for I94776409 from OpenAlex
Fetching coordinates for I63772739 from OpenAlex
Fetching coordinates for I4210106988 from OpenAlex
Fetching coordinates for I253725738 from OpenAlex
Fetching coordinates for I4210119109 from OpenAlex
Fetching coordinates for I4210164374 from OpenAlex
Fetching coordinates for I4210124334 from OpenAlex
Fetching coordinates for I155976169 from OpenAlex
Fetching coordinates for I4210151100 from OpenAlex
Fetching coordinates for I4210163507 from OpenAlex
Fetching coordinates for I4210096309 from OpenAlex
Fetching coordinates for I4210159718 from OpenAlex
Fetching coordinates for I4210162051 from OpenAlex
Fetching coordinates for I76198965 from OpenAlex
Fetching coordinates for I4210127057 from OpenAlex
Fetching coordinates for I2799391451 from OpenAlex
Fetching coordinates for I2801520950 from OpenAlex
Fetching coordinates for I22299242 from OpenAlex
Fetching coordinates for I4210140509 from OpenAlex
Fetching coordinates for I4210137244 from OpenAlex
Fetching coordinates for I880766802 from OpenAlex
Fetching coordinates for I4210102982 from OpenAlex
Fetching coordinates for I4210141270 from OpenAlex
Fetching coordinates for I4210137396 from OpenAlex
Fetching coordinates for I4210130449 from OpenAlex
Fetching coordinates for I25998863 from OpenAlex
Fetching coordinates for I4210105758 from OpenAlex
Fetching coordinates for I4210125521 from OpenAlex
Fetching coordinates for I2801926401 from OpenAlex
Fetching coordinates for I883665419 from OpenAlex
Fetching coordinates for I4210143899 from OpenAlex
Fetching coordinates for I4210157058 from OpenAlex
Fetching coordinates for I168635309 from OpenAlex
Fetching coordinates for I4210096443 from OpenAlex
Fetching coordinates for I131944076 from OpenAlex
Fetching coordinates for I4210102044 from OpenAlex
Fetching coordinates for I154526488 from OpenAlex
Fetching coordinates for I2802834092 from OpenAlex
Fetching coordinates for I76442945 from OpenAlex
Fetching coordinates for I2800722420 from OpenAlex
Fetching coordinates for I153718931 from OpenAlex
Fetching coordinates for I4210124644 from OpenAlex
Fetching coordinates for I192619145 from OpenAlex
Fetching coordinates for I126307644 from OpenAlex
Fetching coordinates for I2801344670 from OpenAlex
Fetching coordinates for I141472210 from OpenAlex
Fetching coordinates for I4210140538 from OpenAlex
Fetching coordinates for I102507086 from OpenAlex
Fetching coordinates for I2800925808 from OpenAlex
Fetching coordinates for I4210123017 from OpenAlex
Fetching coordinates for I4210106489 from OpenAlex
Fetching coordinates for I39624965 from OpenAlex
Fetching coordinates for I4210154894 from OpenAlex
Fetching coordinates for I4401200298 from OpenAlex
Fetching coordinates for I2802127220 from OpenAlex
Fetching coordinates for I204722609 from OpenAlex
Fetching coordinates for I2800139495 from OpenAlex
Fetching coordinates for I176337269 from OpenAlex
Fetching coordinates for I2799330578 from OpenAlex
Fetching coordinates for I2800220363 from OpenAlex
Fetching coordinates for I4210108542 from OpenAlex
Fetching coordinates for I121800195 from OpenAlex
Fetching coordinates for I210557978 from OpenAlex
Fetching coordinates for I2799740997 from OpenAlex
Fetching coordinates for I46247651 from OpenAlex
Fetching coordinates for I4210089665 from OpenAlex
Fetching coordinates for I4210109623 from OpenAlex
Fetching coordinates for I4210100879 from OpenAlex
Fetching coordinates for I4210099440 from OpenAlex
Fetching coordinates for I1291836623 from OpenAlex
Fetching coordinates for I2800667924 from OpenAlex
Fetching coordinates for I2801845744 from OpenAlex
Fetching coordinates for I4388446367 from OpenAlex
Fetching coordinates for I2801748203 from OpenAlex
Fetching coordinates for I4210101641 from OpenAlex
Fetching coordinates for I4210163761 from OpenAlex
Fetching coordinates for I1299501804 from OpenAlex
Fetching coordinates for I181547552 from OpenAlex
Fetching coordinates for I1305782762 from OpenAlex
Fetching coordinates for I4210103404 from OpenAlex
Fetching coordinates for I4210153792 from OpenAlex
Fetching coordinates for I4210162140 from OpenAlex
Fetching coordinates for I2801138448 from OpenAlex
Fetching coordinates for I28166907 from OpenAlex
Fetching coordinates for I4210109810 from OpenAlex
Fetching coordinates for I4210145419 from OpenAlex
Fetching coordinates for I4210155296 from OpenAlex
Fetching coordinates for I4210149652 from OpenAlex
Fetching coordinates for I4210096177 from OpenAlex
Fetching coordinates for I105036370 from OpenAlex
Fetching coordinates for I4210155891 from OpenAlex
Fetching coordinates for I1289437631 from OpenAlex
Fetching coordinates for I28304128 from OpenAlex
Fetching coordinates for I4210118538 from OpenAlex
Fetching coordinates for I4210145583 from OpenAlex
Fetching coordinates for I4210124474 from OpenAlex
Fetching coordinates for I4210162707 from OpenAlex
Fetching coordinates for I160993911 from OpenAlex
Fetching coordinates for I4210112314 from OpenAlex
Fetching coordinates for I80281795 from OpenAlex
Fetching coordinates for I1317621060 from OpenAlex
Fetching coordinates for I4210147669 from OpenAlex
Fetching coordinates for I4210125404 from OpenAlex
Fetching coordinates for I8961855 from OpenAlex
Fetching coordinates for I121748325 from OpenAlex
Fetching coordinates for I104854061 from OpenAlex
Fetching coordinates for I4210138439 from OpenAlex
Fetching coordinates for I59361560 from OpenAlex
Fetching coordinates for I68368234 from OpenAlex
Fetching coordinates for I173304897 from OpenAlex
Fetching coordinates for I4210155924 from OpenAlex
Fetching coordinates for I2800235667 from OpenAlex
Fetching coordinates for I62916508 from OpenAlex
Fetching coordinates for I887846188 from OpenAlex
Fetching coordinates for I4210136779 from OpenAlex
Fetching coordinates for I2800738734 from OpenAlex
Fetching coordinates for I4210125647 from OpenAlex
Fetching coordinates for I4210156266 from OpenAlex
Fetching coordinates for I2738703131 from OpenAlex
Fetching coordinates for I169173203 from OpenAlex
Fetching coordinates for I4210165232 from OpenAlex
Fetching coordinates for I4210091437 from OpenAlex
Fetching coordinates for I4210150763 from OpenAlex
Fetching coordinates for I187986737 from OpenAlex
Fetching coordinates for I201324441 from OpenAlex
Fetching coordinates for I189158943 from OpenAlex
Fetching coordinates for I83816512 from OpenAlex
Fetching coordinates for I4210108985 from OpenAlex
Fetching coordinates for I4210096415 from OpenAlex
Fetching coordinates for I41833579 from OpenAlex
Fetching coordinates for I4210092201 from OpenAlex
Fetching coordinates for I4210138831 from OpenAlex
Fetching coordinates for I174135032 from OpenAlex
Fetching coordinates for I4210126328 from OpenAlex
Fetching coordinates for I4210091344 from OpenAlex
Fetching coordinates for I2802964274 from OpenAlex
Fetching coordinates for I4210153150 from OpenAlex
Fetching coordinates for I57825437 from OpenAlex
Fetching coordinates for I75356249 from OpenAlex
Fetching coordinates for I4210113334 from OpenAlex
Fetching coordinates for I4210151025 from OpenAlex
Fetching coordinates for I4210136950 from OpenAlex
Fetching coordinates for I189712700 from OpenAlex
Fetching coordinates for I1307585291 from OpenAlex
Fetching coordinates for I1335321130 from OpenAlex
Fetching coordinates for I4210150103 from OpenAlex
Fetching coordinates for I4179309 from OpenAlex
Fetching coordinates for I4210115062 from OpenAlex
Fetching coordinates for I98083888 from OpenAlex
Fetching coordinates for I165368041 from OpenAlex
Fetching coordinates for I2800996768 from OpenAlex
Fetching coordinates for I131632401 from OpenAlex
Fetching coordinates for I150744194 from OpenAlex
Fetching coordinates for I26725883 from OpenAlex
Fetching coordinates for I190930483 from OpenAlex
Fetching coordinates for I154202486 from OpenAlex
Fetching coordinates for I1333622710 from OpenAlex
Fetching coordinates for I87653560 from OpenAlex
Fetching coordinates for I2800875726 from OpenAlex
Fetching coordinates for I1330165540 from OpenAlex
Fetching coordinates for I175594653 from OpenAlex
Fetching coordinates for I2802466933 from OpenAlex
Fetching coordinates for I4210156194 from OpenAlex
Fetching coordinates for I2800951516 from OpenAlex
Fetching coordinates for I4210149552 from OpenAlex
Fetching coordinates for I2802705189 from OpenAlex
Fetching coordinates for I2801674322 from OpenAlex
Fetching coordinates for I4210125323 from OpenAlex
Fetching coordinates for I43638361 from OpenAlex
Fetching coordinates for I4210104666 from OpenAlex
Fetching coordinates for I1279858714 from OpenAlex
Fetching coordinates for I4210124949 from OpenAlex
Fetching coordinates for I4400600948 from OpenAlex
Fetching coordinates for I178102782 from OpenAlex
Fetching coordinates for I48168531 from OpenAlex
Fetching coordinates for I197817023 from OpenAlex
Fetching coordinates for I909854389 from OpenAlex
Fetching coordinates for I2801187875 from OpenAlex
Fetching coordinates for I139607695 from OpenAlex
Fetching coordinates for I4210104180 from OpenAlex
Fetching coordinates for I4210123207 from OpenAlex
Fetching coordinates for I39534123 from OpenAlex
Fetching coordinates for I4210117738 from OpenAlex
Fetching coordinates for I31419693 from OpenAlex
Fetching coordinates for I4210151417 from OpenAlex
Fetching coordinates for I67900169 from OpenAlex
Fetching coordinates for I4210127102 from OpenAlex
Fetching coordinates for I48566637 from OpenAlex
Fetching coordinates for I4387152139 from OpenAlex
Fetching coordinates for I4210118585 from OpenAlex
Fetching coordinates for I88761825 from OpenAlex
Fetching coordinates for I4210120602 from OpenAlex
Fetching coordinates for I165507594 from OpenAlex
Fetching coordinates for I4210095908 from OpenAlex
Fetching coordinates for I4210148646 from OpenAlex
Fetching coordinates for I172980758 from OpenAlex
Fetching coordinates for I4210167262 from OpenAlex
Fetching coordinates for I4210100153 from OpenAlex
Fetching coordinates for I87111246 from OpenAlex
Fetching coordinates for I142401562 from OpenAlex
Fetching coordinates for I4210111434 from OpenAlex
Fetching coordinates for I4210159093 from OpenAlex
Fetching coordinates for I114531698 from OpenAlex
Fetching coordinates for I196733613 from OpenAlex
Fetching coordinates for I138925566 from OpenAlex
Fetching coordinates for I146824383 from OpenAlex
Fetching coordinates for I4210157704 from OpenAlex
Fetching coordinates for I24456540 from OpenAlex
Fetching coordinates for I2802571394 from OpenAlex
Fetching coordinates for I119522612 from OpenAlex
Fetching coordinates for I4210096013 from OpenAlex
Fetching coordinates for I4210102541 from OpenAlex
Fetching coordinates for I4210106477 from OpenAlex
Fetching coordinates for I4210140986 from OpenAlex
Fetching coordinates for I89652312 from OpenAlex
Fetching coordinates for I111381250 from OpenAlex
Fetching coordinates for I4210106405 from OpenAlex
Fetching coordinates for I4210105124 from OpenAlex
Fetching coordinates for I177725633 from OpenAlex
Fetching coordinates for I4210096887 from OpenAlex
Fetching coordinates for I4210146711 from OpenAlex
Fetching coordinates for I129708740 from OpenAlex
Fetching coordinates for I4210120223 from OpenAlex
Fetching coordinates for I4210093460 from OpenAlex
Fetching coordinates for I55538621 from OpenAlex
Fetching coordinates for I4210124184 from OpenAlex
Fetching coordinates for I4210126939 from OpenAlex
Fetching coordinates for I4210152380 from OpenAlex
Fetching coordinates for I26080491 from OpenAlex
Fetching coordinates for I4210143603 from OpenAlex
Fetching coordinates for I4210088194 from OpenAlex
Fetching coordinates for I129335695 from OpenAlex
Fetching coordinates for I83740829 from OpenAlex
Fetching coordinates for I4210143276 from OpenAlex
Fetching coordinates for I2801769982 from OpenAlex
Fetching coordinates for I108160477 from OpenAlex
Fetching coordinates for I205237279 from OpenAlex
Fetching coordinates for I4210100868 from OpenAlex
Fetching coordinates for I4210131893 from OpenAlex
Fetching coordinates for I4210103115 from OpenAlex
Fetching coordinates for I4210116869 from OpenAlex
Fetching coordinates for I4210158828 from OpenAlex
Fetching coordinates for I133868755 from OpenAlex
Fetching coordinates for I4210096565 from OpenAlex
Fetching coordinates for I4210093194 from OpenAlex
Fetching coordinates for I4210087107 from OpenAlex
Fetching coordinates for I2800370534 from OpenAlex
Fetching coordinates for I154093214 from OpenAlex
Fetching coordinates for I167027274 from OpenAlex
Fetching coordinates for I37574244 from OpenAlex
Fetching coordinates for I4210093964 from OpenAlex
Fetching coordinates for I4210136497 from OpenAlex
Fetching coordinates for I4210135985 from OpenAlex
Fetching coordinates for I117331123 from OpenAlex
Fetching coordinates for I156144747 from OpenAlex
Fetching coordinates for I4210124809 from OpenAlex
Fetching coordinates for I191996457 from OpenAlex
Fetching coordinates for I4210099373 from OpenAlex
Fetching coordinates for I4210165135 from OpenAlex
Fetching coordinates for I4210106696 from OpenAlex
Fetching coordinates for I4387155714 from OpenAlex
Fetching coordinates for I4210140114 from OpenAlex
Fetching coordinates for I4390039325 from OpenAlex
Fetching coordinates for I924572780 from OpenAlex
Fetching coordinates for I4210159271 from OpenAlex
Fetching coordinates for I1284598098 from OpenAlex
Fetching coordinates for I4210135134 from OpenAlex
Fetching coordinates for I78715868 from OpenAlex
Fetching coordinates for I46896759 from OpenAlex
Fetching coordinates for I17301866 from OpenAlex
Fetching coordinates for I2800736356 from OpenAlex
Fetching coordinates for I177097968 from OpenAlex
Fetching coordinates for I123534392 from OpenAlex
Fetching coordinates for I4210105790 from OpenAlex
Fetching coordinates for I2800861319 from OpenAlex
Fetching coordinates for I61970326 from OpenAlex
Fetching coordinates for I2802543995 from OpenAlex
Fetching coordinates for I4210126753 from OpenAlex
Fetching coordinates for I35344726 from OpenAlex
Fetching coordinates for I141950808 from OpenAlex
Fetching coordinates for I160606119 from OpenAlex
Fetching coordinates for I4210140627 from OpenAlex
Fetching coordinates for I4210162384 from OpenAlex
Fetching coordinates for I869089601 from OpenAlex
Fetching coordinates for I186335123 from OpenAlex
Fetching coordinates for I4210107087 from OpenAlex
Fetching coordinates for I4210117596 from OpenAlex
Fetching coordinates for I4210109808 from OpenAlex
Fetching coordinates for I4210128591 from OpenAlex
Fetching coordinates for I27825529 from OpenAlex
Fetching coordinates for I58286723 from OpenAlex
Fetching coordinates for I4210125051 from OpenAlex
Fetching coordinates for I4210117425 from OpenAlex
Fetching coordinates for I4210163437 from OpenAlex
Fetching coordinates for I4210112966 from OpenAlex
Fetching coordinates for I4210155099 from OpenAlex
Fetching coordinates for I4210097419 from OpenAlex
Fetching coordinates for I4210145836 from OpenAlex
Fetching coordinates for I67311998 from OpenAlex
Fetching coordinates for I1309191912 from OpenAlex
Fetching coordinates for I47431100 from OpenAlex
Fetching coordinates for I1322918889 from OpenAlex
Fetching coordinates for I1314135232 from OpenAlex
Fetching coordinates for I4210093284 from OpenAlex
Fetching coordinates for I4210137306 from OpenAlex
Fetching coordinates for I2800295664 from OpenAlex
Fetching coordinates for I173498003 from OpenAlex
Fetching coordinates for I4388482701 from OpenAlex
Fetching coordinates for I4210148184 from OpenAlex
Fetching coordinates for I154057602 from OpenAlex
Fetching coordinates for I189590672 from OpenAlex
Fetching coordinates for I4210107169 from OpenAlex
Fetching coordinates for I4210106879 from OpenAlex
Fetching coordinates for I1289422878 from OpenAlex
Fetching coordinates for I130654763 from OpenAlex
Fetching coordinates for I72951846 from OpenAlex
Fetching coordinates for I4210138501 from OpenAlex
Fetching coordinates for I119454577 from OpenAlex
Fetching coordinates for I4210158190 from OpenAlex
Fetching coordinates for I16109614 from OpenAlex
Fetching coordinates for I1325736334 from OpenAlex
Fetching coordinates for I4210092944 from OpenAlex
Fetching coordinates for I4210092224 from OpenAlex
Fetching coordinates for I4210130692 from OpenAlex
Fetching coordinates for I40963666 from OpenAlex
Fetching coordinates for I169071405 from OpenAlex
Fetching coordinates for I4210143016 from OpenAlex
Fetching coordinates for I4210092485 from OpenAlex
Fetching coordinates for I134687103 from OpenAlex
Fetching coordinates for I4210127388 from OpenAlex
Fetching coordinates for I142108993 from OpenAlex
Fetching coordinates for I134738993 from OpenAlex
Fetching coordinates for I4391767886 from OpenAlex
Fetching coordinates for I130541836 from OpenAlex
Fetching coordinates for I4210147734 from OpenAlex
Fetching coordinates for I1456306 from OpenAlex
Fetching coordinates for I20382870 from OpenAlex
Fetching coordinates for I121691239 from OpenAlex
Fetching coordinates for I28006308 from OpenAlex
Fetching coordinates for I2800518580 from OpenAlex
Fetching coordinates for I4391768273 from OpenAlex
Fetching coordinates for I4210164386 from OpenAlex
Fetching coordinates for I100135526 from OpenAlex
Fetching coordinates for I4387152444 from OpenAlex
Fetching coordinates for I4210144431 from OpenAlex
Fetching coordinates for I4210156332 from OpenAlex
Fetching coordinates for I2800710378 from OpenAlex
Fetching coordinates for I3019309368 from OpenAlex
Fetching coordinates for I144581915 from OpenAlex
Fetching coordinates for I4210100976 from OpenAlex
Fetching coordinates for I132369690 from OpenAlex
Fetching coordinates for I900231141 from OpenAlex
Fetching coordinates for I4210142271 from OpenAlex
Fetching coordinates for I4210155952 from OpenAlex
Fetching coordinates for I4210112946 from OpenAlex
Fetching coordinates for I4210126903 from OpenAlex
Fetching coordinates for I34949971 from OpenAlex
Fetching coordinates for I145897649 from OpenAlex
Fetching coordinates for I4210141164 from OpenAlex
Fetching coordinates for I143032186 from OpenAlex
Fetching coordinates for I4210158753 from OpenAlex
Fetching coordinates for I4388482656 from OpenAlex
Fetching coordinates for I4210125554 from OpenAlex
Fetching coordinates for I4210122683 from OpenAlex
Fetching coordinates for I4210131827 from OpenAlex
Fetching coordinates for I2799773085 from OpenAlex
Fetching coordinates for I166182418 from OpenAlex
Fetching coordinates for I121032520 from OpenAlex
Fetching coordinates for I1330254920 from OpenAlex
Fetching coordinates for I4210141417 from OpenAlex
Fetching coordinates for I4210105789 from OpenAlex
Fetching coordinates for I4210109746 from OpenAlex
Fetching coordinates for I4210145268 from OpenAlex
Fetching coordinates for I1743320 from OpenAlex
Fetching coordinates for I4210138365 from OpenAlex
Fetching coordinates for I4210161229 from OpenAlex
Fetching coordinates for I190778170 from OpenAlex
Fetching coordinates for I100066346 from OpenAlex
Fetching coordinates for I93251985 from OpenAlex
Fetching coordinates for I4210137706 from OpenAlex
Fetching coordinates for I2802705668 from OpenAlex
Fetching coordinates for I4210124538 from OpenAlex
Fetching coordinates for I4210133231 from OpenAlex
Fetching coordinates for I180923762 from OpenAlex
Fetching coordinates for I200332995 from OpenAlex
Fetching coordinates for I4210110850 from OpenAlex
Fetching coordinates for I4210094797 from OpenAlex
Fetching coordinates for I4210094353 from OpenAlex
Fetching coordinates for I4210109592 from OpenAlex
Fetching coordinates for I4210086614 from OpenAlex
Fetching coordinates for I2802207673 from OpenAlex
Fetching coordinates for I204442077 from OpenAlex
Fetching coordinates for I1310053265 from OpenAlex
Fetching coordinates for I4210113489 from OpenAlex
Fetching coordinates for I1324925910 from OpenAlex
Fetching coordinates for I2801196673 from OpenAlex
Fetching coordinates for I200166805 from OpenAlex
Fetching coordinates for I1306686416 from OpenAlex
Fetching coordinates for I32003884 from OpenAlex
Fetching coordinates for I148314036 from OpenAlex
Fetching coordinates for I4210166427 from OpenAlex
Fetching coordinates for I9927081 from OpenAlex
Fetching coordinates for I4210148812 from OpenAlex
Fetching coordinates for I22465464 from OpenAlex
Fetching coordinates for I4210140816 from OpenAlex
Fetching coordinates for I120156002 from OpenAlex
Fetching coordinates for I273905872 from OpenAlex
Fetching coordinates for I52792670 from OpenAlex
Fetching coordinates for I175669267 from OpenAlex
Fetching coordinates for I2609542403 from OpenAlex
Fetching coordinates for I43579087 from OpenAlex
Fetching coordinates for I4210161779 from OpenAlex
Fetching coordinates for I188497080 from OpenAlex
Fetching coordinates for I4210153832 from OpenAlex
Fetching coordinates for I4210125417 from OpenAlex
Fetching coordinates for I4210090215 from OpenAlex
Fetching coordinates for I18014758 from OpenAlex
Fetching coordinates for I138181692 from OpenAlex
Fetching coordinates for I99041443 from OpenAlex
Fetching coordinates for I4210164364 from OpenAlex
Fetching coordinates for I4210135820 from OpenAlex
Fetching coordinates for I82497590 from OpenAlex
Fetching coordinates for I1341640284 from OpenAlex
Fetching coordinates for I4210120272 from OpenAlex
Fetching coordinates for I4210088792 from OpenAlex
Fetching coordinates for I1304082316 from OpenAlex
Fetching coordinates for I2801237587 from OpenAlex
Fetching coordinates for I155671955 from OpenAlex
Fetching coordinates for I2802835243 from OpenAlex
Fetching coordinates for I1325886976 from OpenAlex
Fetching coordinates for I4210121865 from OpenAlex
Fetching coordinates for I4210147593 from OpenAlex
Fetching coordinates for I1337719021 from OpenAlex
Fetching coordinates for I1312537475 from OpenAlex
Fetching coordinates for I2800363604 from OpenAlex
Fetching coordinates for I865915315 from OpenAlex
Fetching coordinates for I4210146449 from OpenAlex
Fetching coordinates for I165779595 from OpenAlex
Fetching coordinates for I1283197605 from OpenAlex
Fetching coordinates for I2802258401 from OpenAlex
Fetching coordinates for I72227227 from OpenAlex
Fetching coordinates for I1304378839 from OpenAlex
Fetching coordinates for I4210098920 from OpenAlex
Fetching coordinates for I63533367 from OpenAlex
Fetching coordinates for I112260969 from OpenAlex
Fetching coordinates for I176790772 from OpenAlex
Fetching coordinates for I90745801 from OpenAlex
Fetching coordinates for I1319689352 from OpenAlex
Fetching coordinates for I4210096371 from OpenAlex
Fetching coordinates for I4210100473 from OpenAlex
Fetching coordinates for I4210124779 from OpenAlex
Fetching coordinates for I4210107964 from OpenAlex
Fetching coordinates for I2801345345 from OpenAlex
Fetching coordinates for I134560555 from OpenAlex
Fetching coordinates for I4210109341 from OpenAlex
Fetching coordinates for I4210094379 from OpenAlex
Fetching coordinates for I72019824 from OpenAlex
Fetching coordinates for I1327020802 from OpenAlex
Fetching coordinates for I142066694 from OpenAlex
Fetching coordinates for I4210148468 from OpenAlex
Fetching coordinates for I4210104362 from OpenAlex
Fetching coordinates for I16733864 from OpenAlex
Fetching coordinates for I4210121274 from OpenAlex
Fetching coordinates for I91807558 from OpenAlex
Fetching coordinates for I4210158999 from OpenAlex
Fetching coordinates for I4210138217 from OpenAlex
Fetching coordinates for I4210133100 from OpenAlex
Fetching coordinates for I3020100970 from OpenAlex
Fetching coordinates for I4210093734 from OpenAlex
Fetching coordinates for I4210125221 from OpenAlex
Fetching coordinates for I4210115163 from OpenAlex
Fetching coordinates for I1287378978 from OpenAlex
Fetching coordinates for I822440 from OpenAlex
Fetching coordinates for I4210140999 from OpenAlex
Fetching coordinates for I57053284 from OpenAlex
Fetching coordinates for I151934421 from OpenAlex
Fetching coordinates for I4210128534 from OpenAlex
Fetching coordinates for I4210145537 from OpenAlex
Fetching coordinates for I75929689 from OpenAlex
Fetching coordinates for I2800296662 from OpenAlex
Fetching coordinates for I2801463575 from OpenAlex
Fetching coordinates for I193531525 from OpenAlex
Fetching coordinates for I134386540 from OpenAlex
Fetching coordinates for I1304157459 from OpenAlex
Fetching coordinates for I126345244 from OpenAlex
Fetching coordinates for I4210136277 from OpenAlex
Fetching coordinates for I2800865746 from OpenAlex
Fetching coordinates for I4210160746 from OpenAlex
Fetching coordinates for I19648265 from OpenAlex
Fetching coordinates for I1341618623 from OpenAlex
Fetching coordinates for I103187081 from OpenAlex
Fetching coordinates for I4210141636 from OpenAlex
Fetching coordinates for I95574288 from OpenAlex
Fetching coordinates for I153167508 from OpenAlex
Fetching coordinates for I4210085909 from OpenAlex
Fetching coordinates for I2801948628 from OpenAlex
Fetching coordinates for I6289922 from OpenAlex
Fetching coordinates for I4210166194 from OpenAlex
Fetching coordinates for I1280414376 from OpenAlex
Fetching coordinates for I4210113597 from OpenAlex
Fetching coordinates for I4210090800 from OpenAlex
Fetching coordinates for I4210108438 from OpenAlex
Fetching coordinates for I2799950915 from OpenAlex
Fetching coordinates for I4210126060 from OpenAlex
Fetching coordinates for I182386381 from OpenAlex
Fetching coordinates for I4210122310 from OpenAlex
Fetching coordinates for I4210162190 from OpenAlex
Fetching coordinates for I41198531 from OpenAlex
Fetching coordinates for I4210097625 from OpenAlex
Fetching coordinates for I4210133876 from OpenAlex
Fetching coordinates for I153473198 from OpenAlex
Fetching coordinates for I4210099523 from OpenAlex
Fetching coordinates for I1320320070 from OpenAlex
Fetching coordinates for I1285792802 from OpenAlex
Fetching coordinates for I164389053 from OpenAlex
Fetching coordinates for I186143895 from OpenAlex
Fetching coordinates for I29801172 from OpenAlex
Fetching coordinates for I177331275 from OpenAlex
Fetching coordinates for I114112103 from OpenAlex
Fetching coordinates for I141448028 from OpenAlex
Fetching coordinates for I153976015 from OpenAlex
Fetching coordinates for I686019 from OpenAlex
Fetching coordinates for I4210162022 from OpenAlex
Fetching coordinates for I204291657 from OpenAlex
Fetching coordinates for I4210099818 from OpenAlex
Fetching coordinates for I2802599936 from OpenAlex
Fetching coordinates for I149910238 from OpenAlex
Fetching coordinates for I151328261 from OpenAlex
Fetching coordinates for I109602878 from OpenAlex
Fetching coordinates for I145610796 from OpenAlex
Fetching coordinates for I186579796 from OpenAlex
Fetching coordinates for I2800204061 from OpenAlex
Fetching coordinates for I269199756 from OpenAlex
Fetching coordinates for I4210106918 from OpenAlex
Fetching coordinates for I159176309 from OpenAlex
Fetching coordinates for I19880235 from OpenAlex
Fetching coordinates for I4210160382 from OpenAlex
Fetching coordinates for I207014233 from OpenAlex
Fetching coordinates for I108290504 from OpenAlex
Fetching coordinates for I4210115644 from OpenAlex
Fetching coordinates for I15089104 from OpenAlex
Fetching coordinates for I4210091692 from OpenAlex
Fetching coordinates for I11406153 from OpenAlex
Fetching coordinates for I4210160507 from OpenAlex
Fetching coordinates for I4210117947 from OpenAlex
Fetching coordinates for I308582824 from OpenAlex
Fetching coordinates for I4210154689 from OpenAlex
Fetching coordinates for I143663144 from OpenAlex
Fetching coordinates for I4210086248 from OpenAlex
Fetching coordinates for I4210104539 from OpenAlex
Fetching coordinates for I4210149412 from OpenAlex
Fetching coordinates for I3018397418 from OpenAlex
Fetching coordinates for I4210144081 from OpenAlex
Fetching coordinates for I4210162420 from OpenAlex
Fetching coordinates for I70931966 from OpenAlex
Fetching coordinates for I4385474403 from OpenAlex
Fetching coordinates for I4210147103 from OpenAlex
Fetching coordinates for I4210149496 from OpenAlex
Fetching coordinates for I4210133534 from OpenAlex
Fetching coordinates for I106165777 from OpenAlex
Fetching coordinates for I4210091424 from OpenAlex
Fetching coordinates for I4210165842 from OpenAlex
Fetching coordinates for I4210110163 from OpenAlex
Fetching coordinates for I4210147624 from OpenAlex
Fetching coordinates for I4210110999 from OpenAlex
Fetching coordinates for I4390039236 from OpenAlex
Fetching coordinates for I4210155461 from OpenAlex
Fetching coordinates for I1292894508 from OpenAlex
Fetching coordinates for I2800373718 from OpenAlex
Fetching coordinates for I4210133061 from OpenAlex
Fetching coordinates for I4210147479 from OpenAlex
Fetching coordinates for I4210156700 from OpenAlex
Fetching coordinates for I900200035 from OpenAlex
Fetching coordinates for I4390039371 from OpenAlex
Fetching coordinates for I4210118023 from OpenAlex
Fetching coordinates for I4210147079 from OpenAlex
Fetching coordinates for I4210152550 from OpenAlex
Fetching coordinates for I2799886695 from OpenAlex
Fetching coordinates for I4210146865 from OpenAlex
Fetching coordinates for I2801508603 from OpenAlex
Fetching coordinates for I1320473756 from OpenAlex
Fetching coordinates for I28792581 from OpenAlex
Fetching coordinates for I4210135742 from OpenAlex
Fetching coordinates for I4210119077 from OpenAlex
Fetching coordinates for I2801159745 from OpenAlex
Fetching coordinates for I4210102777 from OpenAlex
Fetching coordinates for I1299725459 from OpenAlex
Fetching coordinates for I4210134151 from OpenAlex
Fetching coordinates for I189957204 from OpenAlex
Fetching coordinates for I4210154584 from OpenAlex
Fetching coordinates for I137982388 from OpenAlex
Fetching coordinates for I2801680663 from OpenAlex
Fetching coordinates for I116631150 from OpenAlex
Fetching coordinates for I40542001 from OpenAlex
Fetching coordinates for I196021976 from OpenAlex
Fetching coordinates for I14285509 from OpenAlex
Fetching coordinates for I150468666 from OpenAlex
Fetching coordinates for I4210164563 from OpenAlex
Fetching coordinates for I907135538 from OpenAlex
Fetching coordinates for I4210148371 from OpenAlex
Fetching coordinates for I4210113355 from OpenAlex
Fetching coordinates for I4210111403 from OpenAlex
Fetching coordinates for I4210108348 from OpenAlex
Fetching coordinates for I3131873961 from OpenAlex
Fetching coordinates for I1325846038 from OpenAlex
Fetching coordinates for I4210121186 from OpenAlex
Fetching coordinates for I156545559 from OpenAlex
Fetching coordinates for I4210108727 from OpenAlex
Fetching coordinates for I72054575 from OpenAlex
Fetching coordinates for I2801350665 from OpenAlex
Fetching coordinates for I4210088018 from OpenAlex
Fetching coordinates for I192358263 from OpenAlex
Fetching coordinates for I4210133025 from OpenAlex
Fetching coordinates for I4210143601 from OpenAlex
Fetching coordinates for I159060422 from OpenAlex
Fetching coordinates for I1287521167 from OpenAlex
Fetching coordinates for I2800863004 from OpenAlex
Fetching coordinates for I4210094962 from OpenAlex
Fetching coordinates for I4210139716 from OpenAlex
Fetching coordinates for I4210119278 from OpenAlex
Fetching coordinates for I47367911 from OpenAlex
Fetching coordinates for I186523950 from OpenAlex
Fetching coordinates for I4210160979 from OpenAlex
Fetching coordinates for I107672454 from OpenAlex
Fetching coordinates for I4210087491 from OpenAlex
Fetching coordinates for I4210140009 from OpenAlex
Fetching coordinates for I89178830 from OpenAlex
Fetching coordinates for I4210139016 from OpenAlex
Fetching coordinates for I4210127373 from OpenAlex
Fetching coordinates for I168416876 from OpenAlex
Fetching coordinates for I4210133462 from OpenAlex
Fetching coordinates for I63072094 from OpenAlex
Fetching coordinates for I16835326 from OpenAlex
Fetching coordinates for I113409471 from OpenAlex
Fetching coordinates for I2802287952 from OpenAlex
Fetching coordinates for I204824540 from OpenAlex
Fetching coordinates for I4210132214 from OpenAlex
Fetching coordinates for I4210131650 from OpenAlex
Fetching coordinates for I28721439 from OpenAlex
Fetching coordinates for I4210109772 from OpenAlex
Fetching coordinates for I4210107733 from OpenAlex
Fetching coordinates for I4210160189 from OpenAlex
Fetching coordinates for I20783137 from OpenAlex
Fetching coordinates for I96636082 from OpenAlex
Fetching coordinates for I4210106602 from OpenAlex
Fetching coordinates for I98285908 from OpenAlex
Fetching coordinates for I1292669757 from OpenAlex
Fetching coordinates for I10091056 from OpenAlex
Fetching coordinates for I169016828 from OpenAlex
Fetching coordinates for I14314212 from OpenAlex
Fetching coordinates for I4210111835 from OpenAlex
Fetching coordinates for I165085132 from OpenAlex
Fetching coordinates for I43777268 from OpenAlex
Fetching coordinates for I11381156 from OpenAlex
Fetching coordinates for I1283155146 from OpenAlex
Fetching coordinates for I4210146677 from OpenAlex
Fetching coordinates for I113198587 from OpenAlex
Fetching coordinates for I122146667 from OpenAlex
Fetching coordinates for I189513530 from OpenAlex
Fetching coordinates for I4210129581 from OpenAlex
Fetching coordinates for I4210130188 from OpenAlex
Fetching coordinates for I4210092228 from OpenAlex
Fetching coordinates for I4210127366 from OpenAlex
Fetching coordinates for I2252096349 from OpenAlex
Fetching coordinates for I177436981 from OpenAlex
Fetching coordinates for I145847075 from OpenAlex
Fetching coordinates for I4210160831 from OpenAlex
Fetching coordinates for I2800440370 from OpenAlex
Fetching coordinates for I227586296 from OpenAlex
Fetching coordinates for I4210160639 from OpenAlex
Fetching coordinates for I4210116966 from OpenAlex
Fetching coordinates for I4210149455 from OpenAlex
Fetching coordinates for I3019562804 from OpenAlex
Fetching coordinates for I4210137003 from OpenAlex
Fetching coordinates for I4396570585 from OpenAlex
Fetching coordinates for I114662689 from OpenAlex
Fetching coordinates for I4210134858 from OpenAlex
Fetching coordinates for I43545212 from OpenAlex
Fetching coordinates for I4210085935 from OpenAlex
Fetching coordinates for I60668342 from OpenAlex
Fetching coordinates for I4210111545 from OpenAlex
Fetching coordinates for I1289784979 from OpenAlex
Fetching coordinates for I4210113869 from OpenAlex
Fetching coordinates for I132943300 from OpenAlex
Fetching coordinates for I177855293 from OpenAlex
Fetching coordinates for I4210095072 from OpenAlex
Fetching coordinates for I4210136609 from OpenAlex
Fetching coordinates for I4210152539 from OpenAlex
Fetching coordinates for I157536573 from OpenAlex
Fetching coordinates for I4210105047 from OpenAlex
Fetching coordinates for I4210135252 from OpenAlex
Fetching coordinates for I2802517405 from OpenAlex
Fetching coordinates for I926333354 from OpenAlex
Fetching coordinates for I1313298211 from OpenAlex
Fetching coordinates for I27897274 from OpenAlex
Fetching coordinates for I4392738091 from OpenAlex
Fetching coordinates for I4210123531 from OpenAlex
Fetching coordinates for I4210092916 from OpenAlex
Fetching coordinates for I158960842 from OpenAlex
Fetching coordinates for I1340179700 from OpenAlex
Fetching coordinates for I4210101327 from OpenAlex
Fetching coordinates for I2948663404 from OpenAlex
Fetching coordinates for I4210159747 from OpenAlex
Fetching coordinates for I4210129097 from OpenAlex
Fetching coordinates for I4387153466 from OpenAlex
Fetching coordinates for I4210108215 from OpenAlex
Fetching coordinates for I4210156876 from OpenAlex
Fetching coordinates for I4210137392 from OpenAlex
Fetching coordinates for I135234465 from OpenAlex
Fetching coordinates for I59270414 from OpenAlex
Fetching coordinates for I4210134534 from OpenAlex
Fetching coordinates for I4210152642 from OpenAlex
Fetching coordinates for I4210145631 from OpenAlex
Fetching coordinates for I27945538 from OpenAlex
Fetching coordinates for I2800451603 from OpenAlex
Fetching coordinates for I4210140103 from OpenAlex
Fetching coordinates for I2801834177 from OpenAlex
Fetching coordinates for I4210140517 from OpenAlex
Fetching coordinates for I183570559 from OpenAlex
Fetching coordinates for I16452829 from OpenAlex
Fetching coordinates for I42766147 from OpenAlex
Fetching coordinates for I8488066 from OpenAlex
Fetching coordinates for I4210112098 from OpenAlex
Fetching coordinates for I4210150894 from OpenAlex
Fetching coordinates for I160856358 from OpenAlex
Fetching coordinates for I4210088771 from OpenAlex
Fetching coordinates for I4210154315 from OpenAlex
Fetching coordinates for I63723201 from OpenAlex
Fetching coordinates for I32625721 from OpenAlex
Fetching coordinates for I69816183 from OpenAlex
Fetching coordinates for I98635879 from OpenAlex
Fetching coordinates for I4210153295 from OpenAlex
Fetching coordinates for I13383945 from OpenAlex
Fetching coordinates for I4210093580 from OpenAlex
Fetching coordinates for I4210107338 from OpenAlex
Fetching coordinates for I124727415 from OpenAlex
Fetching coordinates for I4210155085 from OpenAlex
Fetching coordinates for I98172049 from OpenAlex
Fetching coordinates for I4210147830 from OpenAlex
Fetching coordinates for I89004649 from OpenAlex
Fetching coordinates for I4210093431 from OpenAlex
Fetching coordinates for I197867492 from OpenAlex
Fetching coordinates for I188068037 from OpenAlex
Fetching coordinates for I83202590 from OpenAlex
Fetching coordinates for I4210128618 from OpenAlex
Fetching coordinates for I4210097601 from OpenAlex
Fetching coordinates for I161370692 from OpenAlex
Fetching coordinates for I4210161010 from OpenAlex
Fetching coordinates for I91357014 from OpenAlex
Fetching coordinates for I174216632 from OpenAlex
Fetching coordinates for I83041322 from OpenAlex
Fetching coordinates for I188891513 from OpenAlex
Fetching coordinates for I2799424032 from OpenAlex
Fetching coordinates for I51317819 from OpenAlex
Fetching coordinates for I4210085920 from OpenAlex
Fetching coordinates for I4210101049 from OpenAlex
Fetching coordinates for I55285296 from OpenAlex
Fetching coordinates for I155043079 from OpenAlex
Fetching coordinates for I4210134189 from OpenAlex
Fetching coordinates for I4210167254 from OpenAlex
Fetching coordinates for I87424562 from OpenAlex
Fetching coordinates for I139322472 from OpenAlex
Fetching coordinates for I87208437 from OpenAlex
Fetching coordinates for I4210140826 from OpenAlex
Fetching coordinates for I91993116 from OpenAlex
Fetching coordinates for I4210132567 from OpenAlex
Fetching coordinates for I4210104429 from OpenAlex
Fetching coordinates for I4210110767 from OpenAlex
Fetching coordinates for I76766440 from OpenAlex
Fetching coordinates for I2801339483 from OpenAlex
Fetching coordinates for I32389192 from OpenAlex
Fetching coordinates for I1303662053 from OpenAlex
Fetching coordinates for I4210110664 from OpenAlex
Fetching coordinates for I28290843 from OpenAlex
Fetching coordinates for I205274468 from OpenAlex
Fetching coordinates for I4210128733 from OpenAlex
Fetching coordinates for I4210108547 from OpenAlex
Fetching coordinates for I2802107665 from OpenAlex
Fetching coordinates for I8031829 from OpenAlex
Fetching coordinates for I81726945 from OpenAlex
Fetching coordinates for I2799795989 from OpenAlex
Fetching coordinates for I4210093566 from OpenAlex
Fetching coordinates for I4210097602 from OpenAlex
Fetching coordinates for I198412221 from OpenAlex
Fetching coordinates for I4210148700 from OpenAlex
Fetching coordinates for I4210088657 from OpenAlex
Fetching coordinates for I39343248 from OpenAlex
Fetching coordinates for I4210156156 from OpenAlex
Fetching coordinates for I192389796 from OpenAlex
Fetching coordinates for I4210163778 from OpenAlex
Fetching coordinates for I4210133295 from OpenAlex
Fetching coordinates for I45084792 from OpenAlex
Fetching coordinates for I174004417 from OpenAlex
Fetching coordinates for I4210098902 from OpenAlex
Fetching coordinates for I75951250 from OpenAlex
Fetching coordinates for I4210103661 from OpenAlex
Fetching coordinates for I4210089019 from OpenAlex
Fetching coordinates for I112936343 from OpenAlex
Fetching coordinates for I4210100761 from OpenAlex
Fetching coordinates for I154490720 from OpenAlex
Fetching coordinates for I4210111246 from OpenAlex
Fetching coordinates for I43406934 from OpenAlex
Fetching coordinates for I4210126479 from OpenAlex
Fetching coordinates for I94509681 from OpenAlex
Fetching coordinates for I132053463 from OpenAlex
Fetching coordinates for I4210128585 from OpenAlex
Fetching coordinates for I4210104335 from OpenAlex
Fetching coordinates for I163753206 from OpenAlex
Fetching coordinates for I4210164985 from OpenAlex
Fetching coordinates for I4210157240 from OpenAlex
Fetching coordinates for I4210158545 from OpenAlex
Fetching coordinates for I92446798 from OpenAlex
Fetching coordinates for I4210102836 from OpenAlex
Fetching coordinates for I4210165514 from OpenAlex
Fetching coordinates for I4210099236 from OpenAlex
Fetching coordinates for I4210133125 from OpenAlex
Fetching coordinates for I39854257 from OpenAlex
Fetching coordinates for I4210120929 from OpenAlex
Fetching coordinates for I4210103346 from OpenAlex
Fetching coordinates for I4391768043 from OpenAlex
Fetching coordinates for I4210117220 from OpenAlex
Fetching coordinates for I4210151747 from OpenAlex
Fetching coordinates for I159948400 from OpenAlex
Fetching coordinates for I4210159575 from OpenAlex
Fetching coordinates for I4400573316 from OpenAlex
Fetching coordinates for I4210132950 from OpenAlex
Fetching coordinates for I4210127390 from OpenAlex
Fetching coordinates for I4210166971 from OpenAlex
Fetching coordinates for I867306930 from OpenAlex
Fetching coordinates for I4210089761 from OpenAlex
Fetching coordinates for I4210126592 from OpenAlex
Fetching coordinates for I184759092 from OpenAlex
Fetching coordinates for I1341202592 from OpenAlex
Fetching coordinates for I208333798 from OpenAlex
Fetching coordinates for I4210090916 from OpenAlex
Fetching coordinates for I4388891856 from OpenAlex
Fetching coordinates for I4210094042 from OpenAlex
Fetching coordinates for I149290949 from OpenAlex
Fetching coordinates for I4210155857 from OpenAlex
Fetching coordinates for I223919290 from OpenAlex
Fetching coordinates for I4210119062 from OpenAlex
Fetching coordinates for I4210112983 from OpenAlex
Fetching coordinates for I4210119687 from OpenAlex
Fetching coordinates for I4210100400 from OpenAlex
Fetching coordinates for I4210087539 from OpenAlex
Fetching coordinates for I4391767719 from OpenAlex
Fetching coordinates for I19370010 from OpenAlex
Fetching coordinates for I4210135817 from OpenAlex
Fetching coordinates for I27483092 from OpenAlex
Fetching coordinates for I10902133 from OpenAlex
Fetching coordinates for I82767444 from OpenAlex
Fetching coordinates for I4210095073 from OpenAlex
Fetching coordinates for I4210145824 from OpenAlex
Fetching coordinates for I205924995 from OpenAlex
Fetching coordinates for I137975476 from OpenAlex
Fetching coordinates for I192545095 from OpenAlex
Fetching coordinates for I4210096597 from OpenAlex
Fetching coordinates for I4210151307 from OpenAlex
Fetching coordinates for I44619346 from OpenAlex
Fetching coordinates for I4210165210 from OpenAlex
Fetching coordinates for I4210166615 from OpenAlex
Fetching coordinates for I1294504835 from OpenAlex
Fetching coordinates for I4657992 from OpenAlex
Fetching coordinates for I4210105500 from OpenAlex
Fetching coordinates for I4210117222 from OpenAlex
Fetching coordinates for I1329765538 from OpenAlex
Fetching coordinates for I4210130687 from OpenAlex
Fetching coordinates for I66867065 from OpenAlex
Fetching coordinates for I4210142748 from OpenAlex
Fetching coordinates for I152269853 from OpenAlex
Fetching coordinates for I37796252 from OpenAlex
Fetching coordinates for I15823474 from OpenAlex
Fetching coordinates for I4210139958 from OpenAlex
Fetching coordinates for I4210161151 from OpenAlex
Fetching coordinates for I4210136868 from OpenAlex
Fetching coordinates for I4210141776 from OpenAlex
Fetching coordinates for I138285227 from OpenAlex
Fetching coordinates for I4210139699 from OpenAlex
Fetching coordinates for I4210122792 from OpenAlex
Fetching coordinates for I4210108179 from OpenAlex
Fetching coordinates for I4210152006 from OpenAlex
Fetching coordinates for I168537998 from OpenAlex
Fetching coordinates for I4210108244 from OpenAlex
Fetching coordinates for I18452120 from OpenAlex
Fetching coordinates for I4210127012 from OpenAlex
Fetching coordinates for I196934937 from OpenAlex
Fetching coordinates for I118574674 from OpenAlex
Fetching coordinates for I4210095020 from OpenAlex
Fetching coordinates for I202126657 from OpenAlex
Fetching coordinates for I4210151209 from OpenAlex
Fetching coordinates for I103890011 from OpenAlex
Fetching coordinates for I2801345734 from OpenAlex
Fetching coordinates for I149594827 from OpenAlex
Fetching coordinates for I4210103721 from OpenAlex
Fetching coordinates for I106645853 from OpenAlex
Fetching coordinates for I4210129862 from OpenAlex
Fetching coordinates for I192327786 from OpenAlex
Fetching coordinates for I4210143891 from OpenAlex
Fetching coordinates for I165139151 from OpenAlex
Fetching coordinates for I120825670 from OpenAlex
Fetching coordinates for I4210124300 from OpenAlex
Fetching coordinates for I4210100137 from OpenAlex
Fetching coordinates for I53592917 from OpenAlex
Fetching coordinates for I3174185376 from OpenAlex
Fetching coordinates for I899859998 from OpenAlex
Fetching coordinates for I4210141937 from OpenAlex
Fetching coordinates for I119045251 from OpenAlex
Fetching coordinates for I124600578 from OpenAlex
Fetching coordinates for I4210104920 from OpenAlex
Fetching coordinates for I68986083 from OpenAlex
Fetching coordinates for I116265982 from OpenAlex
Fetching coordinates for I4210150756 from OpenAlex
Fetching coordinates for I167383011 from OpenAlex
Fetching coordinates for I49232843 from OpenAlex
Fetching coordinates for I4210134929 from OpenAlex
Fetching coordinates for I102345215 from OpenAlex
Fetching coordinates for I22046295 from OpenAlex
Fetching coordinates for I111950717 from OpenAlex
Fetching coordinates for I80143920 from OpenAlex
Fetching coordinates for I90149893 from OpenAlex
Fetching coordinates for I93477617 from OpenAlex
Fetching coordinates for I4210129668 from OpenAlex
Fetching coordinates for I78988378 from OpenAlex
Fetching coordinates for I4210163007 from OpenAlex
Fetching coordinates for I119203015 from OpenAlex
Fetching coordinates for I4210094970 from OpenAlex
Fetching coordinates for I170486558 from OpenAlex
Fetching coordinates for I11932220 from OpenAlex
Fetching coordinates for I4210090485 from OpenAlex
Fetching coordinates for I22675022 from OpenAlex
Fetching coordinates for I190249584 from OpenAlex
Fetching coordinates for I4210114434 from OpenAlex
Fetching coordinates for I2801833913 from OpenAlex
Fetching coordinates for I4210133912 from OpenAlex
Fetching coordinates for I4210145640 from OpenAlex
Fetching coordinates for I4210132870 from OpenAlex
Fetching coordinates for I111878022 from OpenAlex
Fetching coordinates for I161301626 from OpenAlex
Fetching coordinates for I53276908 from OpenAlex
Fetching coordinates for I1282516798 from OpenAlex
Fetching coordinates for I4210158169 from OpenAlex
Fetching coordinates for I3018163063 from OpenAlex
Fetching coordinates for I4210098230 from OpenAlex
Fetching coordinates for I2800281165 from OpenAlex
Fetching coordinates for I4210163695 from OpenAlex
Fetching coordinates for I142762351 from OpenAlex
Fetching coordinates for I92178344 from OpenAlex
Fetching coordinates for I96908189 from OpenAlex
Fetching coordinates for I28022161 from OpenAlex
Fetching coordinates for I4210088923 from OpenAlex
Fetching coordinates for I19772626 from OpenAlex
Fetching coordinates for I1292859797 from OpenAlex
Fetching coordinates for I90016038 from OpenAlex
Fetching coordinates for I4210157131 from OpenAlex
Fetching coordinates for I11662577 from OpenAlex
Fetching coordinates for I4210099055 from OpenAlex
Fetching coordinates for I4210147568 from OpenAlex
Fetching coordinates for I57664883 from OpenAlex
Fetching coordinates for I80611190 from OpenAlex
Fetching coordinates for I4210146559 from OpenAlex
Fetching coordinates for I184647316 from OpenAlex
Fetching coordinates for I4210092162 from OpenAlex
Fetching coordinates for I4387930269 from OpenAlex
Fetching coordinates for I121980950 from OpenAlex
Fetching coordinates for I4210104948 from OpenAlex
Fetching coordinates for I230495080 from OpenAlex
Fetching coordinates for I147853995 from OpenAlex
Fetching coordinates for I4210113932 from OpenAlex
Fetching coordinates for I97565354 from OpenAlex
Fetching coordinates for I4210088296 from OpenAlex
Fetching coordinates for I4210091343 from OpenAlex
Fetching coordinates for I78675632 from OpenAlex
Fetching coordinates for I4210166371 from OpenAlex
Fetching coordinates for I4388891891 from OpenAlex
Fetching coordinates for I73613424 from OpenAlex
Fetching coordinates for I146500386 from OpenAlex
Fetching coordinates for I4210098242 from OpenAlex
Fetching coordinates for I4210111000 from OpenAlex
Fetching coordinates for I72253084 from OpenAlex
Fetching coordinates for I1311688040 from OpenAlex
Fetching coordinates for I104946051 from OpenAlex
Fetching coordinates for I4210133661 from OpenAlex
Fetching coordinates for I4210137853 from OpenAlex
Fetching coordinates for I6090238 from OpenAlex
Fetching coordinates for I125852741 from OpenAlex
Fetching coordinates for I4210108658 from OpenAlex
Fetching coordinates for I203765153 from OpenAlex
Fetching coordinates for I92614990 from OpenAlex
Fetching coordinates for I4210120810 from OpenAlex
Fetching coordinates for I4210086028 from OpenAlex
Fetching coordinates for I171481255 from OpenAlex
Fetching coordinates for I4210158634 from OpenAlex
Fetching coordinates for I90469020 from OpenAlex
Fetching coordinates for I19283125 from OpenAlex
Fetching coordinates for I183594015 from OpenAlex
Fetching coordinates for I4210160708 from OpenAlex
Fetching coordinates for I4210161555 from OpenAlex
Fetching coordinates for I4210158869 from OpenAlex
Fetching coordinates for I143003336 from OpenAlex
Fetching coordinates for I4210090379 from OpenAlex
Fetching coordinates for I114277686 from OpenAlex
Fetching coordinates for I48018076 from OpenAlex
Fetching coordinates for I61544103 from OpenAlex
Fetching coordinates for I2800195167 from OpenAlex
Fetching coordinates for I181679659 from OpenAlex
Fetching coordinates for I157122930 from OpenAlex
Fetching coordinates for I4210152009 from OpenAlex
Fetching coordinates for I4210091204 from OpenAlex
Fetching coordinates for I4210127848 from OpenAlex
Fetching coordinates for I4210149572 from OpenAlex
Fetching coordinates for I118020396 from OpenAlex
Fetching coordinates for I138168422 from OpenAlex
Fetching coordinates for I95674353 from OpenAlex
Fetching coordinates for I4210087560 from OpenAlex
Fetching coordinates for I3019120314 from OpenAlex
Fetching coordinates for I8087733 from OpenAlex
Fetching coordinates for I2801240073 from OpenAlex
Fetching coordinates for I4210103666 from OpenAlex
Fetching coordinates for I4210146389 from OpenAlex
Fetching coordinates for I4210106333 from OpenAlex
Fetching coordinates for I47807185 from OpenAlex
Fetching coordinates for I4210110940 from OpenAlex
Fetching coordinates for I205640436 from OpenAlex
Fetching coordinates for I4210160376 from OpenAlex
Fetching coordinates for I4210110796 from OpenAlex
Fetching coordinates for I4210125361 from OpenAlex
Fetching coordinates for I98301712 from OpenAlex
Fetching coordinates for I4387156348 from OpenAlex
Fetching coordinates for I1295345811 from OpenAlex
Fetching coordinates for I4210142289 from OpenAlex
Fetching coordinates for I9649716 from OpenAlex
Fetching coordinates for I16231767 from OpenAlex
Fetching coordinates for I1336375059 from OpenAlex
Fetching coordinates for I60922564 from OpenAlex
Fetching coordinates for I55106644 from OpenAlex
Fetching coordinates for I34352273 from OpenAlex
Fetching coordinates for I190444043 from OpenAlex
Fetching coordinates for I4210094019 from OpenAlex
Fetching coordinates for I4210129850 from OpenAlex
Fetching coordinates for I4210161858 from OpenAlex
Fetching coordinates for I4210156283 from OpenAlex
Fetching coordinates for I177802217 from OpenAlex
Fetching coordinates for I4210113839 from OpenAlex
Fetching coordinates for I4210098793 from OpenAlex
Fetching coordinates for I926574661 from OpenAlex
Fetching coordinates for I4210089995 from OpenAlex
Fetching coordinates for I4210137370 from OpenAlex
Fetching coordinates for I188884621 from OpenAlex
Fetching coordinates for I3111280877 from OpenAlex
Fetching coordinates for I180437899 from OpenAlex
Fetching coordinates for I4210135885 from OpenAlex
Fetching coordinates for I21370196 from OpenAlex
Fetching coordinates for I179225836 from OpenAlex
Fetching coordinates for I21250087 from OpenAlex
Fetching coordinates for I119916105 from OpenAlex
Fetching coordinates for I4210166246 from OpenAlex
Fetching coordinates for I125608817 from OpenAlex
Fetching coordinates for I135140700 from OpenAlex
Fetching coordinates for I4210134943 from OpenAlex
Fetching coordinates for I36522303 from OpenAlex
Fetching coordinates for I199417121 from OpenAlex
Fetching coordinates for I2801014300 from OpenAlex
Fetching coordinates for I68956291 from OpenAlex
Fetching coordinates for I157674565 from OpenAlex
Fetching coordinates for I4210146166 from OpenAlex
Fetching coordinates for I167360494 from OpenAlex
Fetching coordinates for I89864525 from OpenAlex
Fetching coordinates for I138659443 from OpenAlex
Fetching coordinates for I129877168 from OpenAlex
Fetching coordinates for I4210086928 from OpenAlex
Fetching coordinates for I1313323035 from OpenAlex
Fetching coordinates for I4665924 from OpenAlex
Fetching coordinates for I2801032651 from OpenAlex
Fetching coordinates for I4210092450 from OpenAlex
Fetching coordinates for I51532219 from OpenAlex
Fetching coordinates for I1335487337 from OpenAlex
Fetching coordinates for I2800565835 from OpenAlex
Fetching coordinates for I4210105468 from OpenAlex
Fetching coordinates for I138689650 from OpenAlex
Fetching coordinates for I4210146744 from OpenAlex
Fetching coordinates for I2802056718 from OpenAlex
Fetching coordinates for I200763008 from OpenAlex
Fetching coordinates for I62396329 from OpenAlex
Fetching coordinates for I122274158 from OpenAlex
Fetching coordinates for I158675288 from OpenAlex
Fetching coordinates for I4210098980 from OpenAlex
Fetching coordinates for I2801160905 from OpenAlex
Fetching coordinates for I6507939 from OpenAlex
Fetching coordinates for I78650965 from OpenAlex
Fetching coordinates for I4210110890 from OpenAlex
Fetching coordinates for I4210103223 from OpenAlex
Fetching coordinates for I4210097213 from OpenAlex
Fetching coordinates for I4210147207 from OpenAlex
Fetching coordinates for I2802363545 from OpenAlex
Fetching coordinates for I2802499594 from OpenAlex
Fetching coordinates for I4210094510 from OpenAlex
Fetching coordinates for I174183983 from OpenAlex
Fetching coordinates for I4210150884 from OpenAlex
Fetching coordinates for I4210121707 from OpenAlex
Fetching coordinates for I3206020590 from OpenAlex
Fetching coordinates for I1315501941 from OpenAlex
Fetching coordinates for I4210161556 from OpenAlex
Fetching coordinates for I206945453 from OpenAlex
Fetching coordinates for I24359323 from OpenAlex
Fetching coordinates for I2802446986 from OpenAlex
Fetching coordinates for I4210139645 from OpenAlex
Fetching coordinates for I176453806 from OpenAlex
Fetching coordinates for I4210130728 from OpenAlex
Fetching coordinates for I47636678 from OpenAlex
Fetching coordinates for I31512782 from OpenAlex
Fetching coordinates for I4210155382 from OpenAlex
Fetching coordinates for I75717288 from OpenAlex
Fetching coordinates for I1344076864 from OpenAlex
Fetching coordinates for I4210109259 from OpenAlex
Fetching coordinates for I1295876152 from OpenAlex
Fetching coordinates for I4210092922 from OpenAlex
Fetching coordinates for I4210119046 from OpenAlex
Fetching coordinates for I2799853436 from OpenAlex
Fetching coordinates for I4210151462 from OpenAlex
Fetching coordinates for I4210110520 from OpenAlex
Fetching coordinates for I4210128862 from OpenAlex
Fetching coordinates for I1293231726 from OpenAlex
Fetching coordinates for I4210147348 from OpenAlex
Fetching coordinates for I908450791 from OpenAlex
Fetching coordinates for I4210161586 from OpenAlex
Fetching coordinates for I4210106287 from OpenAlex
Fetching coordinates for I146094533 from OpenAlex
Fetching coordinates for I894135719 from OpenAlex
Fetching coordinates for I4210164195 from OpenAlex
Fetching coordinates for I4210152471 from OpenAlex
Fetching coordinates for I4210115206 from OpenAlex
Fetching coordinates for I4210097066 from OpenAlex
Fetching coordinates for I4210166947 from OpenAlex
Fetching coordinates for I4210151238 from OpenAlex
Fetching coordinates for I4210152357 from OpenAlex
Fetching coordinates for I1315496137 from OpenAlex
Fetching coordinates for I4210140958 from OpenAlex
Fetching coordinates for I4210126366 from OpenAlex
Fetching coordinates for I87673952 from OpenAlex
Fetching coordinates for I4210163281 from OpenAlex
Fetching coordinates for I4210146201 from OpenAlex
Fetching coordinates for I1318617081 from OpenAlex
Fetching coordinates for I12834331 from OpenAlex
Fetching coordinates for I181233156 from OpenAlex
Fetching coordinates for I4210136924 from OpenAlex
Fetching coordinates for I4210091705 from OpenAlex
Fetching coordinates for I4210088881 from OpenAlex
Fetching coordinates for I2801259928 from OpenAlex
Fetching coordinates for I2803024705 from OpenAlex
Fetching coordinates for I4210145422 from OpenAlex
Fetching coordinates for I217937681 from OpenAlex
Fetching coordinates for I4210137518 from OpenAlex
Fetching coordinates for I2801862688 from OpenAlex
Fetching coordinates for I4210140513 from OpenAlex
Fetching coordinates for I2802476451 from OpenAlex
Fetching coordinates for I198596950 from OpenAlex
Fetching coordinates for I2801688508 from OpenAlex
Fetching coordinates for I83041830 from OpenAlex
Fetching coordinates for I4210145812 from OpenAlex
Fetching coordinates for I23965814 from OpenAlex
Fetching coordinates for I169071179 from OpenAlex
Fetching coordinates for I4210103203 from OpenAlex
Fetching coordinates for I196466984 from OpenAlex
Fetching coordinates for I71270174 from OpenAlex
Fetching coordinates for I4210087542 from OpenAlex
Fetching coordinates for I4210163551 from OpenAlex
Fetching coordinates for I4210149013 from OpenAlex
Fetching coordinates for I4210091629 from OpenAlex
Fetching coordinates for I2799732068 from OpenAlex
Fetching coordinates for I4210120022 from OpenAlex
Fetching coordinates for I4210103786 from OpenAlex
Fetching coordinates for I1285887220 from OpenAlex
Fetching coordinates for I3018323443 from OpenAlex
Fetching coordinates for I4210106115 from OpenAlex
Fetching coordinates for I4210134409 from OpenAlex
Fetching coordinates for I15057530 from OpenAlex
Fetching coordinates for I4210151657 from OpenAlex
Fetching coordinates for I2802164966 from OpenAlex
Fetching coordinates for I4210142686 from OpenAlex
Fetching coordinates for I4210146089 from OpenAlex
Fetching coordinates for I4210120975 from OpenAlex
Fetching coordinates for I4210112727 from OpenAlex
Fetching coordinates for I2803066834 from OpenAlex
Fetching coordinates for I3018988418 from OpenAlex
Fetching coordinates for I4210143244 from OpenAlex
Fetching coordinates for I4210095243 from OpenAlex
Fetching coordinates for I4210105738 from OpenAlex
Fetching coordinates for I4210144610 from OpenAlex
Fetching coordinates for I1320354487 from OpenAlex
Fetching coordinates for I4387153514 from OpenAlex
Fetching coordinates for I4210153075 from OpenAlex
Fetching coordinates for I4210092929 from OpenAlex
Fetching coordinates for I3132554261 from OpenAlex
Fetching coordinates for I4210120341 from OpenAlex
Fetching coordinates for I4210105941 from OpenAlex
Fetching coordinates for I3018718406 from OpenAlex
Fetching coordinates for I4210123600 from OpenAlex
Fetching coordinates for I2799888197 from OpenAlex
Fetching coordinates for I4210158231 from OpenAlex
Fetching coordinates for I4388482722 from OpenAlex
Fetching coordinates for I4210113153 from OpenAlex
Fetching coordinates for I105296287 from OpenAlex
Fetching coordinates for I922474255 from OpenAlex
Fetching coordinates for I4210130963 from OpenAlex
Fetching coordinates for I4210086179 from OpenAlex
Fetching coordinates for I4210161217 from OpenAlex
Fetching coordinates for I4210121465 from OpenAlex
Fetching coordinates for I4210093039 from OpenAlex
Fetching coordinates for I4210091246 from OpenAlex
Fetching coordinates for I4210135670 from OpenAlex
Fetching coordinates for I2799376586 from OpenAlex
Fetching coordinates for I4210133110 from OpenAlex
Fetching coordinates for I166825849 from OpenAlex
Fetching coordinates for I144291393 from OpenAlex
Fetching coordinates for I4210102600 from OpenAlex
Fetching coordinates for I4210114698 from OpenAlex
Fetching coordinates for I4210132981 from OpenAlex
Fetching coordinates for I84653119 from OpenAlex
Fetching coordinates for I4210110126 from OpenAlex
Fetching coordinates for I28615091 from OpenAlex
Fetching coordinates for I80606768 from OpenAlex
Fetching coordinates for I124633538 from OpenAlex
Fetching coordinates for I2799611809 from OpenAlex
Fetching coordinates for I2802457231 from OpenAlex
Fetching coordinates for I35928602 from OpenAlex
Fetching coordinates for I4210117131 from OpenAlex
Fetching coordinates for I33976269 from OpenAlex
Fetching coordinates for I2802002475 from OpenAlex
Fetching coordinates for I4210110099 from OpenAlex
Fetching coordinates for I4210112840 from OpenAlex
Fetching coordinates for I99908691 from OpenAlex
Fetching coordinates for I2801577699 from OpenAlex
Fetching coordinates for I4210162648 from OpenAlex
Fetching coordinates for I4210140813 from OpenAlex
Fetching coordinates for I2800525753 from OpenAlex
Fetching coordinates for I4210121447 from OpenAlex
Fetching coordinates for I4210105327 from OpenAlex
Fetching coordinates for I4210103686 from OpenAlex
Fetching coordinates for I4210112993 from OpenAlex
Fetching coordinates for I105126617 from OpenAlex
Fetching coordinates for I93860229 from OpenAlex
Fetching coordinates for I183935753 from OpenAlex
Fetching coordinates for I4210158120 from OpenAlex
Fetching coordinates for I4210105926 from OpenAlex
Fetching coordinates for I4210120266 from OpenAlex
Fetching coordinates for I54459138 from OpenAlex
Fetching coordinates for I56007636 from OpenAlex
Fetching coordinates for I2800392559 from OpenAlex
Fetching coordinates for I4210114250 from OpenAlex
Fetching coordinates for I4210166413 from OpenAlex
Fetching coordinates for I4210137803 from OpenAlex
Fetching coordinates for I69740276 from OpenAlex
Fetching coordinates for I4210159482 from OpenAlex
Fetching coordinates for I161057412 from OpenAlex
Fetching coordinates for I179093154 from OpenAlex
Fetching coordinates for I27577105 from OpenAlex
Fetching coordinates for I4210119349 from OpenAlex
Fetching coordinates for I4210151920 from OpenAlex
Fetching coordinates for I4210156583 from OpenAlex
Fetching coordinates for I4210119496 from OpenAlex
Fetching coordinates for I4210121405 from OpenAlex
Fetching coordinates for I4210092218 from OpenAlex
Fetching coordinates for I4210092773 from OpenAlex
Fetching coordinates for I1319328641 from OpenAlex
Fetching coordinates for I139290333 from OpenAlex
Fetching coordinates for I1329245128 from OpenAlex
Fetching coordinates for I141816643 from OpenAlex
Fetching coordinates for I194028371 from OpenAlex
Fetching coordinates for I110496330 from OpenAlex
Fetching coordinates for I138826464 from OpenAlex
Fetching coordinates for I2802194831 from OpenAlex
Fetching coordinates for I4210086050 from OpenAlex
Fetching coordinates for I89015989 from OpenAlex
Fetching coordinates for I2802835388 from OpenAlex
Fetching coordinates for I4210119120 from OpenAlex
Fetching coordinates for I4210166688 from OpenAlex
Fetching coordinates for I878022262 from OpenAlex
Fetching coordinates for I4210167194 from OpenAlex
Fetching coordinates for I4210148871 from OpenAlex
Fetching coordinates for I4210152252 from OpenAlex
Fetching coordinates for I152238500 from OpenAlex
Fetching coordinates for I189442560 from OpenAlex
Fetching coordinates for I9323808 from OpenAlex
Fetching coordinates for I4210091148 from OpenAlex
Fetching coordinates for I3133298186 from OpenAlex
Fetching coordinates for I4210153376 from OpenAlex
Fetching coordinates for I82495205 from OpenAlex
Fetching coordinates for I131651094 from OpenAlex
Fetching coordinates for I181391015 from OpenAlex
Fetching coordinates for I88910343 from OpenAlex
Fetching coordinates for I4210108322 from OpenAlex
Fetching coordinates for I1290463931 from OpenAlex
Fetching coordinates for I4210149150 from OpenAlex
Fetching coordinates for I19990318 from OpenAlex
Fetching coordinates for I47232531 from OpenAlex
Fetching coordinates for I103737770 from OpenAlex
Fetching coordinates for I4588055 from OpenAlex
Fetching coordinates for I3132069261 from OpenAlex
Fetching coordinates for I4210131327 from OpenAlex
Fetching coordinates for I59888676 from OpenAlex
Fetching coordinates for I1317239608 from OpenAlex
Fetching coordinates for I2802905149 from OpenAlex
Fetching coordinates for I201298700 from OpenAlex
Fetching coordinates for I1310145890 from OpenAlex
Fetching coordinates for I57995698 from OpenAlex
Fetching coordinates for I57637010 from OpenAlex
Fetching coordinates for I2802487149 from OpenAlex
Fetching coordinates for I96679780 from OpenAlex
Fetching coordinates for I111428342 from OpenAlex
Fetching coordinates for I4210136188 from OpenAlex
Fetching coordinates for I4210147250 from OpenAlex
Fetching coordinates for I2799826445 from OpenAlex
Fetching coordinates for I4210158401 from OpenAlex
Fetching coordinates for I4210165024 from OpenAlex
Fetching coordinates for I262074209 from OpenAlex
Fetching coordinates for I79238269 from OpenAlex
Fetching coordinates for I4210131892 from OpenAlex
Fetching coordinates for I1286805341 from OpenAlex
Fetching coordinates for I4210131804 from OpenAlex
Fetching coordinates for I184693016 from OpenAlex
Fetching coordinates for I4210155547 from OpenAlex
Fetching coordinates for I2800451075 from OpenAlex
Fetching coordinates for I4210142913 from OpenAlex
Fetching coordinates for I101527212 from OpenAlex
Fetching coordinates for I4387154683 from OpenAlex
Fetching coordinates for I1334704838 from OpenAlex
Fetching coordinates for I2801373766 from OpenAlex
Fetching coordinates for I4210093827 from OpenAlex
Fetching coordinates for I1282462722 from OpenAlex
Fetching coordinates for I1318687432 from OpenAlex
Fetching coordinates for I197604219 from OpenAlex
Fetching coordinates for I4210121368 from OpenAlex
Fetching coordinates for I106938459 from OpenAlex
Fetching coordinates for I154264771 from OpenAlex
Fetching coordinates for I4210121988 from OpenAlex
Fetching coordinates for I885383172 from OpenAlex
Fetching coordinates for I4210113003 from OpenAlex
Fetching coordinates for I205649185 from OpenAlex
Fetching coordinates for I4210159454 from OpenAlex
Fetching coordinates for I4210129361 from OpenAlex
Fetching coordinates for I1286329397 from OpenAlex
Fetching coordinates for I2941883833 from OpenAlex
Fetching coordinates for I110079840 from OpenAlex
Fetching coordinates for I39063666 from OpenAlex
Fetching coordinates for I4210138843 from OpenAlex
Fetching coordinates for I165339363 from OpenAlex
Fetching coordinates for I4210108963 from OpenAlex
Fetching coordinates for I4210115334 from OpenAlex
Fetching coordinates for I4210107542 from OpenAlex
Fetching coordinates for I177477856 from OpenAlex
Fetching coordinates for I4210154295 from OpenAlex
Fetching coordinates for I914576007 from OpenAlex
Fetching coordinates for I4210097742 from OpenAlex
Fetching coordinates for I4210166773 from OpenAlex
Fetching coordinates for I106107269 from OpenAlex
Fetching coordinates for I44265643 from OpenAlex
Fetching coordinates for I136722135 from OpenAlex
Fetching coordinates for I4210105760 from OpenAlex
Fetching coordinates for I13248367 from OpenAlex
Fetching coordinates for I74022624 from OpenAlex
Fetching coordinates for I4210093896 from OpenAlex
Fetching coordinates for I87048295 from OpenAlex
Fetching coordinates for I4210120729 from OpenAlex
Fetching coordinates for I4210158053 from OpenAlex
Fetching coordinates for I315174041 from OpenAlex
Fetching coordinates for I4210108991 from OpenAlex
Fetching coordinates for I115209984 from OpenAlex
Fetching coordinates for I1298207432 from OpenAlex
Fetching coordinates for I1302741095 from OpenAlex
Fetching coordinates for I142934699 from OpenAlex
Fetching coordinates for I2948539688 from OpenAlex
Fetching coordinates for I2800916854 from OpenAlex
Fetching coordinates for I4210110641 from OpenAlex
Fetching coordinates for I1343035065 from OpenAlex
Fetching coordinates for I4210134377 from OpenAlex
Fetching coordinates for I4210140095 from OpenAlex
Fetching coordinates for I4210104770 from OpenAlex
Fetching coordinates for I1330995197 from OpenAlex
Fetching coordinates for I4210123846 from OpenAlex
Fetching coordinates for I4210092832 from OpenAlex
Fetching coordinates for I4210105688 from OpenAlex
Fetching coordinates for I4210088796 from OpenAlex
Fetching coordinates for I4210137770 from OpenAlex
Fetching coordinates for I4210138665 from OpenAlex
Fetching coordinates for I1338503839 from OpenAlex
Fetching coordinates for I75420490 from OpenAlex
Fetching coordinates for I83809506 from OpenAlex
Fetching coordinates for I177065122 from OpenAlex
Fetching coordinates for I4210150558 from OpenAlex
Fetching coordinates for I44675526 from OpenAlex
Fetching coordinates for I4391012619 from OpenAlex
Fetching coordinates for I60158472 from OpenAlex
Fetching coordinates for I4210110718 from OpenAlex
Fetching coordinates for I4210130154 from OpenAlex
Fetching coordinates for I1314251682 from OpenAlex
Fetching coordinates for I45683168 from OpenAlex
Fetching coordinates for I4210142886 from OpenAlex
Fetching coordinates for I2801036362 from OpenAlex
Fetching coordinates for I162148367 from OpenAlex
Fetching coordinates for I4210117923 from OpenAlex
Fetching coordinates for I4210104270 from OpenAlex
Fetching coordinates for I37446213 from OpenAlex
Fetching coordinates for I4210126850 from OpenAlex
Fetching coordinates for I102252114 from OpenAlex
Fetching coordinates for I2800052317 from OpenAlex
Fetching coordinates for I4210140690 from OpenAlex
Fetching coordinates for I4210152711 from OpenAlex
Fetching coordinates for I4210159807 from OpenAlex
Fetching coordinates for I2800773959 from OpenAlex
Fetching coordinates for I4210115081 from OpenAlex
Fetching coordinates for I2800314821 from OpenAlex
Fetching coordinates for I181401687 from OpenAlex
Fetching coordinates for I71815811 from OpenAlex
Fetching coordinates for I4210153061 from OpenAlex
Fetching coordinates for I4210100041 from OpenAlex
Fetching coordinates for I9341345 from OpenAlex
Fetching coordinates for I107118585 from OpenAlex
Fetching coordinates for I138873065 from OpenAlex
Fetching coordinates for I1280339224 from OpenAlex
Fetching coordinates for I54713919 from OpenAlex
Fetching coordinates for I4210109567 from OpenAlex
Fetching coordinates for I1293487830 from OpenAlex
Fetching coordinates for I4210148829 from OpenAlex
Fetching coordinates for I4210131859 from OpenAlex
Fetching coordinates for I2802216851 from OpenAlex
Fetching coordinates for I2799303425 from OpenAlex
Fetching coordinates for I1320796813 from OpenAlex
Fetching coordinates for I4210127633 from OpenAlex
Fetching coordinates for I130653702 from OpenAlex
Fetching coordinates for I4210117998 from OpenAlex
Fetching coordinates for I1315135799 from OpenAlex
Fetching coordinates for I4210087865 from OpenAlex
Fetching coordinates for I2802296350 from OpenAlex
Fetching coordinates for I4210122924 from OpenAlex
Fetching coordinates for I4210153153 from OpenAlex
Fetching coordinates for I4210117083 from OpenAlex
Fetching coordinates for I169333911 from OpenAlex
Fetching coordinates for I40413290 from OpenAlex
Fetching coordinates for I6059380 from OpenAlex
Fetching coordinates for I4389424196 from OpenAlex
Fetching coordinates for I4210112515 from OpenAlex
Fetching coordinates for I79272384 from OpenAlex
Fetching coordinates for I4210113689 from OpenAlex
Fetching coordinates for I2800381926 from OpenAlex
Fetching coordinates for I4210104143 from OpenAlex
Fetching coordinates for I4210158934 from OpenAlex
Fetching coordinates for I46980622 from OpenAlex
Fetching coordinates for I4210159530 from OpenAlex
Fetching coordinates for I136705414 from OpenAlex
Fetching coordinates for I4210141988 from OpenAlex
Fetching coordinates for I4210097491 from OpenAlex
Fetching coordinates for I53107984 from OpenAlex
Fetching coordinates for I4210125748 from OpenAlex
Fetching coordinates for I4210112230 from OpenAlex
Fetching coordinates for I4210158139 from OpenAlex
Fetching coordinates for I42894916 from OpenAlex
Fetching coordinates for I4391768272 from OpenAlex
Fetching coordinates for I123946342 from OpenAlex
Fetching coordinates for I4210087931 from OpenAlex
Fetching coordinates for I4210146959 from OpenAlex
Fetching coordinates for I4210153182 from OpenAlex
Fetching coordinates for I4210128818 from OpenAlex
Fetching coordinates for I14894300 from OpenAlex
Fetching coordinates for I4210094964 from OpenAlex
Fetching coordinates for I45928872 from OpenAlex
Fetching coordinates for I200769079 from OpenAlex
Fetching coordinates for I204512498 from OpenAlex
Fetching coordinates for I15062923 from OpenAlex
Fetching coordinates for I4210144289 from OpenAlex
Fetching coordinates for I4210121586 from OpenAlex
Fetching coordinates for I205158640 from OpenAlex
Fetching coordinates for I4210104944 from OpenAlex
Fetching coordinates for I2802497816 from OpenAlex
Fetching coordinates for I174025329 from OpenAlex
Fetching coordinates for I4210098880 from OpenAlex
Fetching coordinates for I4210088331 from OpenAlex
Fetching coordinates for I4210100300 from OpenAlex
Fetching coordinates for I4210112540 from OpenAlex
Fetching coordinates for I4210126794 from OpenAlex
Fetching coordinates for I4210115813 from OpenAlex
Fetching coordinates for I26274970 from OpenAlex
Fetching coordinates for I186903577 from OpenAlex
Fetching coordinates for I4210145500 from OpenAlex
Fetching coordinates for I4210092582 from OpenAlex
Fetching coordinates for I4210127216 from OpenAlex
Fetching coordinates for I4210139553 from OpenAlex
Fetching coordinates for I4210113369 from OpenAlex
Fetching coordinates for I2250653659 from OpenAlex
Fetching coordinates for I120379545 from OpenAlex
Fetching coordinates for I4210125143 from OpenAlex
Fetching coordinates for I4210165734 from OpenAlex
Fetching coordinates for I4210104289 from OpenAlex
Fetching coordinates for I4210144482 from OpenAlex
Fetching coordinates for I4210113896 from OpenAlex
Fetching coordinates for I4210101167 from OpenAlex
Fetching coordinates for I4210145278 from OpenAlex
Fetching coordinates for I4210098017 from OpenAlex
Fetching coordinates for I4391768103 from OpenAlex
Fetching coordinates for I4210108451 from OpenAlex
Fetching coordinates for I198959115 from OpenAlex
Fetching coordinates for I4210154749 from OpenAlex
Fetching coordinates for I4210089514 from OpenAlex
Fetching coordinates for I4391767820 from OpenAlex
Fetching coordinates for I4210090603 from OpenAlex
Fetching coordinates for I148366613 from OpenAlex
Fetching coordinates for I114493937 from OpenAlex
Fetching coordinates for I27599042 from OpenAlex
Fetching coordinates for I4210149517 from OpenAlex
Fetching coordinates for I4210118977 from OpenAlex
Fetching coordinates for I83328450 from OpenAlex
Fetching coordinates for I4750791 from OpenAlex
Fetching coordinates for I1308199089 from OpenAlex
Fetching coordinates for I4210155307 from OpenAlex
Fetching coordinates for I4403928287 from OpenAlex
Fetching coordinates for I4210140874 from OpenAlex
Fetching coordinates for I932564295 from OpenAlex
Fetching coordinates for I2800700664 from OpenAlex
Fetching coordinates for I1286498122 from OpenAlex
Fetching coordinates for I4210115305 from OpenAlex
Fetching coordinates for I4210097795 from OpenAlex
Fetching coordinates for I4210147185 from OpenAlex
Fetching coordinates for I4210094118 from OpenAlex
Fetching coordinates for I4210143169 from OpenAlex
Fetching coordinates for I4210160367 from OpenAlex
Fetching coordinates for I4210111344 from OpenAlex
Fetching coordinates for I4210125796 from OpenAlex
Fetching coordinates for I165733156 from OpenAlex
Fetching coordinates for I138220800 from OpenAlex
Fetching coordinates for I4210089266 from OpenAlex
Fetching coordinates for I4210159838 from OpenAlex
Fetching coordinates for I143379178 from OpenAlex
Fetching coordinates for I4210108585 from OpenAlex
Fetching coordinates for I4210121164 from OpenAlex
Fetching coordinates for I2799744481 from OpenAlex
Fetching coordinates for I2799886051 from OpenAlex
Fetching coordinates for I1320343167 from OpenAlex
Fetching coordinates for I4210161767 from OpenAlex
Fetching coordinates for I1282883388 from OpenAlex
Fetching coordinates for I4210119317 from OpenAlex
Fetching coordinates for I4210125891 from OpenAlex
Fetching coordinates for I112475681 from OpenAlex
Fetching coordinates for I4210148180 from OpenAlex
Fetching coordinates for I2801965753 from OpenAlex
Fetching coordinates for I119530710 from OpenAlex
Fetching coordinates for I24541011 from OpenAlex
Fetching coordinates for I4210139925 from OpenAlex
Fetching coordinates for I4210100816 from OpenAlex
Fetching coordinates for I4210164816 from OpenAlex
Fetching coordinates for I70591777 from OpenAlex
Fetching coordinates for I110273157 from OpenAlex
Fetching coordinates for I4210093450 from OpenAlex
Fetching coordinates for I96408529 from OpenAlex
Fetching coordinates for I50557253 from OpenAlex
Fetching coordinates for I889937125 from OpenAlex
Fetching coordinates for I4210124063 from OpenAlex
Fetching coordinates for I35961687 from OpenAlex
Fetching coordinates for I3019479954 from OpenAlex
Fetching coordinates for I130442723 from OpenAlex
Fetching coordinates for I4210160412 from OpenAlex
Fetching coordinates for I3130590218 from OpenAlex
Fetching coordinates for I4210120689 from OpenAlex
Fetching coordinates for I59293822 from OpenAlex
Fetching coordinates for I4210101986 from OpenAlex
Fetching coordinates for I4210141800 from OpenAlex
Fetching coordinates for I1313558178 from OpenAlex
Fetching coordinates for I4210141572 from OpenAlex
Fetching coordinates for I862322245 from OpenAlex
Fetching coordinates for I4210098262 from OpenAlex
Fetching coordinates for I4210118468 from OpenAlex
Fetching coordinates for I4210151000 from OpenAlex
Fetching coordinates for I4210161867 from OpenAlex
Fetching coordinates for I262857778 from OpenAlex
Fetching coordinates for I4210124396 from OpenAlex
Fetching coordinates for I10052268 from OpenAlex
Fetching coordinates for I4210138551 from OpenAlex
Fetching coordinates for I4210134900 from OpenAlex
Fetching coordinates for I39822340 from OpenAlex
Fetching coordinates for I4210113188 from OpenAlex
Fetching coordinates for I4210098220 from OpenAlex
Fetching coordinates for I4210149540 from OpenAlex
Fetching coordinates for I4210142123 from OpenAlex
Fetching coordinates for I4210105704 from OpenAlex
Fetching coordinates for I2800965796 from OpenAlex
Fetching coordinates for I4210145822 from OpenAlex
Fetching coordinates for I4210120917 from OpenAlex
Fetching coordinates for I4210124219 from OpenAlex
Fetching coordinates for I4210110458 from OpenAlex
Fetching coordinates for I151727225 from OpenAlex
Fetching coordinates for I16269868 from OpenAlex
Fetching coordinates for I4210153531 from OpenAlex
Fetching coordinates for I4210129483 from OpenAlex
Fetching coordinates for I4210094306 from OpenAlex
Fetching coordinates for I4210145006 from OpenAlex
Fetching coordinates for I4391767893 from OpenAlex
Fetching coordinates for I1319063186 from OpenAlex
Fetching coordinates for I4210105730 from OpenAlex
Fetching coordinates for I32597200 from OpenAlex
Fetching coordinates for I10986801 from OpenAlex
Fetching coordinates for I4210101778 from OpenAlex
Fetching coordinates for I4210133173 from OpenAlex
Fetching coordinates for I4210106615 from OpenAlex
Fetching coordinates for I189090001 from OpenAlex
Fetching coordinates for I4210166329 from OpenAlex
Fetching coordinates for I1303153112 from OpenAlex
Fetching coordinates for I4388482661 from OpenAlex
Fetching coordinates for I4210123705 from OpenAlex
Fetching coordinates for I4210148113 from OpenAlex
Fetching coordinates for I67415387 from OpenAlex
Fetching coordinates for I2803037450 from OpenAlex
Fetching coordinates for I4210113364 from OpenAlex
Fetching coordinates for I164387090 from OpenAlex
Fetching coordinates for I4210107408 from OpenAlex
Fetching coordinates for I2799712993 from OpenAlex
Fetching coordinates for I3129555431 from OpenAlex
Fetching coordinates for I70142805 from OpenAlex
Fetching coordinates for I22138158 from OpenAlex
Fetching coordinates for I2800226986 from OpenAlex
Fetching coordinates for I4210086495 from OpenAlex
Fetching coordinates for I4210127207 from OpenAlex
Fetching coordinates for I4210139308 from OpenAlex
Fetching coordinates for I4210119705 from OpenAlex
Fetching coordinates for I4210125757 from OpenAlex
Fetching coordinates for I4210110978 from OpenAlex
Fetching coordinates for I2800290161 from OpenAlex
Fetching coordinates for I204308271 from OpenAlex
Fetching coordinates for I2801766832 from OpenAlex
Fetching coordinates for I1299218025 from OpenAlex
Fetching coordinates for I4210157264 from OpenAlex
Fetching coordinates for I2799337515 from OpenAlex
Fetching coordinates for I57093077 from OpenAlex
Fetching coordinates for I2800006345 from OpenAlex
Fetching coordinates for I4210153238 from OpenAlex
Fetching coordinates for I2799318839 from OpenAlex
Fetching coordinates for I4210123128 from OpenAlex
Fetching coordinates for I4210145612 from OpenAlex
Fetching coordinates for I4210147586 from OpenAlex
Fetching coordinates for I2799393793 from OpenAlex
Fetching coordinates for I2800079252 from OpenAlex
Fetching coordinates for I25790992 from OpenAlex
Fetching coordinates for I2800191616 from OpenAlex
Fetching coordinates for I123185442 from OpenAlex
Fetching coordinates for I4210136897 from OpenAlex
Fetching coordinates for I4210106610 from OpenAlex
Fetching coordinates for I4210151055 from OpenAlex
Fetching coordinates for I3018483916 from OpenAlex
Fetching coordinates for I2800296752 from OpenAlex
Fetching coordinates for I1311269955 from OpenAlex
Fetching coordinates for I2802086085 from OpenAlex
Fetching coordinates for I29606459 from OpenAlex
Fetching coordinates for I4210136996 from OpenAlex
Fetching coordinates for I4210150176 from OpenAlex
Fetching coordinates for I4210108711 from OpenAlex
Fetching coordinates for I98702875 from OpenAlex
Fetching coordinates for I96323854 from OpenAlex
Fetching coordinates for I2801770128 from OpenAlex
Fetching coordinates for I2802476176 from OpenAlex
Fetching coordinates for I4210148930 from OpenAlex
Fetching coordinates for I4210163729 from OpenAlex
Fetching coordinates for I66890659 from OpenAlex
Fetching coordinates for I4210138405 from OpenAlex
Fetching coordinates for I4210137149 from OpenAlex
Fetching coordinates for I4210166361 from OpenAlex
Fetching coordinates for I8248082 from OpenAlex
Fetching coordinates for I1323276237 from OpenAlex
Fetching coordinates for I149292303 from OpenAlex
Fetching coordinates for I2801582665 from OpenAlex
Fetching coordinates for I32038505 from OpenAlex
Fetching coordinates for I2802366037 from OpenAlex
Fetching coordinates for I32480017 from OpenAlex
Fetching coordinates for I98813999 from OpenAlex
Fetching coordinates for I4210152127 from OpenAlex
Fetching coordinates for I4210151178 from OpenAlex
Fetching coordinates for I4210105737 from OpenAlex
Fetching coordinates for I4210136420 from OpenAlex
Fetching coordinates for I4210124755 from OpenAlex
Fetching coordinates for I4210110539 from OpenAlex
Fetching coordinates for I137473845 from OpenAlex
Fetching coordinates for I4210146205 from OpenAlex
Fetching coordinates for I870392255 from OpenAlex
Fetching coordinates for I4210115277 from OpenAlex
Fetching coordinates for I4210089756 from OpenAlex
Fetching coordinates for I46529539 from OpenAlex
Fetching coordinates for I4210151987 from OpenAlex
Fetching coordinates for I4210098034 from OpenAlex
Fetching coordinates for I4210155322 from OpenAlex
Fetching coordinates for I79731167 from OpenAlex
Fetching coordinates for I4210085980 from OpenAlex
Fetching coordinates for I4210156095 from OpenAlex
Fetching coordinates for I4210119987 from OpenAlex
Fetching coordinates for I10535382 from OpenAlex
Fetching coordinates for I1298590031 from OpenAlex
Fetching coordinates for I140744787 from OpenAlex
Fetching coordinates for I85922643 from OpenAlex
Fetching coordinates for I4210154135 from OpenAlex
Fetching coordinates for I182069643 from OpenAlex
Fetching coordinates for I4210108598 from OpenAlex
Fetching coordinates for I4210102472 from OpenAlex
Fetching coordinates for I4210155313 from OpenAlex
Fetching coordinates for I4210120052 from OpenAlex
Fetching coordinates for I4210089431 from OpenAlex
Fetching coordinates for I94588446 from OpenAlex
Fetching coordinates for I4210090980 from OpenAlex
Fetching coordinates for I39705031 from OpenAlex
Fetching coordinates for I4210152466 from OpenAlex
Fetching coordinates for I4210159349 from OpenAlex
Fetching coordinates for I52099693 from OpenAlex
Fetching coordinates for I170528797 from OpenAlex
Fetching coordinates for I178535277 from OpenAlex
Fetching coordinates for I4210140445 from OpenAlex
Fetching coordinates for I32394136 from OpenAlex
Fetching coordinates for I4210122987 from OpenAlex
Fetching coordinates for I4210088978 from OpenAlex
Fetching coordinates for I166337079 from OpenAlex
Fetching coordinates for I4389425502 from OpenAlex
Fetching coordinates for I200475212 from OpenAlex
Fetching coordinates for I29457043 from OpenAlex
Fetching coordinates for I2802406757 from OpenAlex
Fetching coordinates for I4210111779 from OpenAlex
Fetching coordinates for I4210131271 from OpenAlex
Fetching coordinates for I4210099955 from OpenAlex
Fetching coordinates for I163770644 from OpenAlex
Fetching coordinates for I912014387 from OpenAlex
Fetching coordinates for I34077901 from OpenAlex
Fetching coordinates for I7118282 from OpenAlex
Fetching coordinates for I4210133773 from OpenAlex
Fetching coordinates for I4210108037 from OpenAlex
Fetching coordinates for I21862455 from OpenAlex
Fetching coordinates for I1307946715 from OpenAlex
Fetching coordinates for I224954996 from OpenAlex
Fetching coordinates for I202429437 from OpenAlex
Fetching coordinates for I103922791 from OpenAlex
Fetching coordinates for I2801317473 from OpenAlex
Fetching coordinates for I4210158168 from OpenAlex
Fetching coordinates for I4210146378 from OpenAlex
Fetching coordinates for I4210127875 from OpenAlex
Fetching coordinates for I142974352 from OpenAlex
Fetching coordinates for I148099254 from OpenAlex
Fetching coordinates for I152743029 from OpenAlex
Fetching coordinates for I70522481 from OpenAlex
Fetching coordinates for I4210100562 from OpenAlex
Fetching coordinates for I4210125137 from OpenAlex
Fetching coordinates for I9617848 from OpenAlex
Fetching coordinates for I4210109170 from OpenAlex
Fetching coordinates for I12323705 from OpenAlex
Fetching coordinates for I80251312 from OpenAlex
Fetching coordinates for I7597260 from OpenAlex
Fetching coordinates for I2802534935 from OpenAlex
Fetching coordinates for I145402516 from OpenAlex
Fetching coordinates for I4210162950 from OpenAlex
Fetching coordinates for I4210097386 from OpenAlex
Fetching coordinates for I4210147916 from OpenAlex
Fetching coordinates for I4210097902 from OpenAlex
Fetching coordinates for I4210121626 from OpenAlex
Fetching coordinates for I59130452 from OpenAlex
Fetching coordinates for I1307117695 from OpenAlex
Fetching coordinates for I59028903 from OpenAlex
Fetching coordinates for I74485261 from OpenAlex
Fetching coordinates for I4210151829 from OpenAlex
Fetching coordinates for I70571728 from OpenAlex
Fetching coordinates for I2803028891 from OpenAlex
Fetching coordinates for I4210094939 from OpenAlex
Fetching coordinates for I2801004183 from OpenAlex
Fetching coordinates for I28221208 from OpenAlex
Fetching coordinates for I4210110444 from OpenAlex
Fetching coordinates for I4399598389 from OpenAlex
Fetching coordinates for I2801290870 from OpenAlex
Fetching coordinates for I4210123447 from OpenAlex
Fetching coordinates for I114457229 from OpenAlex
Fetching coordinates for I4210110728 from OpenAlex
Fetching coordinates for I4210090693 from OpenAlex
Fetching coordinates for I114017466 from OpenAlex
Fetching coordinates for I4210157070 from OpenAlex
Fetching coordinates for I2802557943 from OpenAlex
Fetching coordinates for I4210153126 from OpenAlex
Fetching coordinates for I2801049993 from OpenAlex
Fetching coordinates for I103320735 from OpenAlex
Fetching coordinates for I102179633 from OpenAlex
Fetching coordinates for I2800297018 from OpenAlex
Fetching coordinates for I1340918713 from OpenAlex
Fetching coordinates for I4210151618 from OpenAlex
Fetching coordinates for I3129407955 from OpenAlex
Fetching coordinates for I4210102177 from OpenAlex
Fetching coordinates for I1298453700 from OpenAlex
Fetching coordinates for I4210167031 from OpenAlex
Fetching coordinates for I125687163 from OpenAlex
Fetching coordinates for I4210160609 from OpenAlex
Fetching coordinates for I4210126694 from OpenAlex
Fetching coordinates for I4210123216 from OpenAlex
Fetching coordinates for I108403487 from OpenAlex
Fetching coordinates for I4210132578 from OpenAlex
Fetching coordinates for I4210086099 from OpenAlex
Fetching coordinates for I5237613 from OpenAlex
Fetching coordinates for I4210089213 from OpenAlex
Fetching coordinates for I102401767 from OpenAlex
Fetching coordinates for I125866687 from OpenAlex
Fetching coordinates for I4210100229 from OpenAlex
Fetching coordinates for I4210127784 from OpenAlex
Fetching coordinates for I103703290 from OpenAlex
Fetching coordinates for I4210128565 from OpenAlex
Fetching coordinates for I35777872 from OpenAlex
Fetching coordinates for I72350588 from OpenAlex
Fetching coordinates for I110002522 from OpenAlex
Fetching coordinates for I63568130 from OpenAlex
Fetching coordinates for I205478545 from OpenAlex
Fetching coordinates for I190517652 from OpenAlex
Fetching coordinates for I164135366 from OpenAlex
Fetching coordinates for I4210165136 from OpenAlex
Fetching coordinates for I335685885 from OpenAlex
Fetching coordinates for I4210132317 from OpenAlex
Fetching coordinates for I4402554027 from OpenAlex
Fetching coordinates for I4210090676 from OpenAlex
Fetching coordinates for I340869894 from OpenAlex
Fetching coordinates for I94616015 from OpenAlex
Fetching coordinates for I51452335 from OpenAlex
Fetching coordinates for I4210089002 from OpenAlex
Fetching coordinates for I2802539864 from OpenAlex
Fetching coordinates for I15991598 from OpenAlex
Fetching coordinates for I207319670 from OpenAlex
Fetching coordinates for I169556180 from OpenAlex
Fetching coordinates for I4210156499 from OpenAlex
Fetching coordinates for I63920570 from OpenAlex
Fetching coordinates for I4210152651 from OpenAlex
Fetching coordinates for I126218986 from OpenAlex
Fetching coordinates for I4210150362 from OpenAlex
Fetching coordinates for I4210119745 from OpenAlex
Fetching coordinates for I4210153756 from OpenAlex
Fetching coordinates for I4210117952 from OpenAlex
Fetching coordinates for I4210144645 from OpenAlex
Fetching coordinates for I4210129287 from OpenAlex
Fetching coordinates for I2948749339 from OpenAlex
Fetching coordinates for I4210137597 from OpenAlex
Fetching coordinates for I2800423888 from OpenAlex
Fetching coordinates for I88273585 from OpenAlex
Fetching coordinates for I4210149835 from OpenAlex
Fetching coordinates for I4210140852 from OpenAlex
Fetching coordinates for I96036126 from OpenAlex
Fetching coordinates for I11385950 from OpenAlex
Fetching coordinates for I4210153843 from OpenAlex
Fetching coordinates for I4210149655 from OpenAlex
Fetching coordinates for I4210146958 from OpenAlex
Fetching coordinates for I4390039307 from OpenAlex
Fetching coordinates for I32870303 from OpenAlex
Fetching coordinates for I124574311 from OpenAlex
Fetching coordinates for I4210096275 from OpenAlex
Fetching coordinates for I1328594524 from OpenAlex
Fetching coordinates for I917168660 from OpenAlex
Fetching coordinates for I4210092243 from OpenAlex
Fetching coordinates for I4210110804 from OpenAlex
Fetching coordinates for I6750721 from OpenAlex
Fetching coordinates for I4210119869 from OpenAlex
Fetching coordinates for I2799486974 from OpenAlex
Fetching coordinates for I205016115 from OpenAlex
Fetching coordinates for I4210100934 from OpenAlex
Fetching coordinates for I4210086011 from OpenAlex
Fetching coordinates for I4210154486 from OpenAlex
Fetching coordinates for I4391768003 from OpenAlex
Fetching coordinates for I150807315 from OpenAlex
Fetching coordinates for I4210108565 from OpenAlex
Fetching coordinates for I2802841970 from OpenAlex
Fetching coordinates for I4210092839 from OpenAlex
Fetching coordinates for I4210164192 from OpenAlex
Fetching coordinates for I139351228 from OpenAlex
Fetching coordinates for I863982854 from OpenAlex
Fetching coordinates for I893812157 from OpenAlex
Fetching coordinates for I1322124587 from OpenAlex
Fetching coordinates for I106826634 from OpenAlex
Fetching coordinates for I2799869770 from OpenAlex
Fetching coordinates for I4210102902 from OpenAlex
Fetching coordinates for I4210147381 from OpenAlex
Fetching coordinates for I2801444876 from OpenAlex
Fetching coordinates for I4210154626 from OpenAlex
Fetching coordinates for I70745867 from OpenAlex
Fetching coordinates for I35364215 from OpenAlex
Fetching coordinates for I4210146323 from OpenAlex
Fetching coordinates for I2948394018 from OpenAlex
Fetching coordinates for I4210132419 from OpenAlex
Fetching coordinates for I4210137039 from OpenAlex
Fetching coordinates for I2802907415 from OpenAlex
Fetching coordinates for I2802309713 from OpenAlex
Fetching coordinates for I4210135916 from OpenAlex
Fetching coordinates for I156087764 from OpenAlex
Fetching coordinates for I149919469 from OpenAlex
Fetching coordinates for I4210137090 from OpenAlex
Fetching coordinates for I1316817406 from OpenAlex
Fetching coordinates for I4210096094 from OpenAlex
Fetching coordinates for I4210102170 from OpenAlex
Fetching coordinates for I4210097047 from OpenAlex
Fetching coordinates for I4210166736 from OpenAlex
Fetching coordinates for I54157616 from OpenAlex
Fetching coordinates for I4210130637 from OpenAlex
Fetching coordinates for I8833935 from OpenAlex
Fetching coordinates for I40434647 from OpenAlex
Fetching coordinates for I4210157208 from OpenAlex
Fetching coordinates for I2799591230 from OpenAlex
Fetching coordinates for I104234503 from OpenAlex
Fetching coordinates for I39587148 from OpenAlex
Fetching coordinates for I4210108446 from OpenAlex
Fetching coordinates for I201389808 from OpenAlex
Fetching coordinates for I91764395 from OpenAlex
Fetching coordinates for I201800536 from OpenAlex
Fetching coordinates for I4210131413 from OpenAlex
Fetching coordinates for I4210124653 from OpenAlex
Fetching coordinates for I90237989 from OpenAlex
Fetching coordinates for I136446963 from OpenAlex
Fetching coordinates for I8901234 from OpenAlex
Fetching coordinates for I205143321 from OpenAlex
Fetching coordinates for I4210153373 from OpenAlex
Fetching coordinates for I4210126469 from OpenAlex
Fetching coordinates for I4210098950 from OpenAlex
Fetching coordinates for I1302163369 from OpenAlex
Fetching coordinates for I4401726811 from OpenAlex
Fetching coordinates for I4210146926 from OpenAlex
Fetching coordinates for I4210138704 from OpenAlex
Fetching coordinates for I4210125684 from OpenAlex
Fetching coordinates for I4210142254 from OpenAlex
Fetching coordinates for I4210108594 from OpenAlex
Fetching coordinates for I2799434747 from OpenAlex
Fetching coordinates for I2802865341 from OpenAlex
Fetching coordinates for I4210120704 from OpenAlex
Fetching coordinates for I1289019353 from OpenAlex
Fetching coordinates for I2802203029 from OpenAlex
Fetching coordinates for I4210138523 from OpenAlex
Fetching coordinates for I4210123879 from OpenAlex
Fetching coordinates for I4210102457 from OpenAlex
Fetching coordinates for I4210101881 from OpenAlex
Fetching coordinates for I4210102407 from OpenAlex
Fetching coordinates for I4387155925 from OpenAlex
Fetching coordinates for I154387261 from OpenAlex
Fetching coordinates for I4210151833 from OpenAlex
Fetching coordinates for I4210150549 from OpenAlex
Fetching coordinates for I91656880 from OpenAlex
Fetching coordinates for I4389425327 from OpenAlex
Fetching coordinates for I173439891 from OpenAlex
Fetching coordinates for I4210094678 from OpenAlex
Fetching coordinates for I4210145211 from OpenAlex
Fetching coordinates for I4210151542 from OpenAlex
Fetching coordinates for I1279686153 from OpenAlex
Fetching coordinates for I4210123151 from OpenAlex
Fetching coordinates for I4210096112 from OpenAlex
Fetching coordinates for I4210133995 from OpenAlex
Fetching coordinates for I4210109165 from OpenAlex
Fetching coordinates for I2802863920 from OpenAlex
Fetching coordinates for I1333353642 from OpenAlex
Fetching coordinates for I4210140030 from OpenAlex
Fetching coordinates for I4210131954 from OpenAlex
Fetching coordinates for I1281933226 from OpenAlex
Fetching coordinates for I4210160958 from OpenAlex
Fetching coordinates for I4210116119 from OpenAlex
Fetching coordinates for I4210123885 from OpenAlex
Fetching coordinates for I4210162410 from OpenAlex
Fetching coordinates for I4210145181 from OpenAlex
Fetching coordinates for I80626142 from OpenAlex
Fetching coordinates for I4210115182 from OpenAlex
Fetching coordinates for I4210086659 from OpenAlex
Fetching coordinates for I40246663 from OpenAlex
Fetching coordinates for I4210121916 from OpenAlex
Fetching coordinates for I125043107 from OpenAlex
Fetching coordinates for I1298353152 from OpenAlex
Fetching coordinates for I1302444339 from OpenAlex
Fetching coordinates for I4210131307 from OpenAlex
Fetching coordinates for I4210117246 from OpenAlex
Fetching coordinates for I4210099336 from OpenAlex
Fetching coordinates for I4210140408 from OpenAlex
Fetching coordinates for I4210158702 from OpenAlex
Fetching coordinates for I4210089390 from OpenAlex
Fetching coordinates for I4210166545 from OpenAlex
Fetching coordinates for I4210087454 from OpenAlex
Fetching coordinates for I4210113096 from OpenAlex
Fetching coordinates for I2800795503 from OpenAlex
Fetching coordinates for I1297288678 from OpenAlex
Fetching coordinates for I4210143368 from OpenAlex
Fetching coordinates for I2800560132 from OpenAlex
Fetching coordinates for I110736937 from OpenAlex
Fetching coordinates for I2800157170 from OpenAlex
Fetching coordinates for I4210151543 from OpenAlex
Fetching coordinates for I146183641 from OpenAlex
Fetching coordinates for I4210097178 from OpenAlex
Fetching coordinates for I188716491 from OpenAlex
Fetching coordinates for I152658341 from OpenAlex
Fetching coordinates for I161371597 from OpenAlex
Fetching coordinates for I113026633 from OpenAlex
Fetching coordinates for I4210124598 from OpenAlex
Fetching coordinates for I2802697821 from OpenAlex
Fetching coordinates for I4210094059 from OpenAlex
Fetching coordinates for I4210091772 from OpenAlex
Fetching coordinates for I4210101190 from OpenAlex
Fetching coordinates for I4210125531 from OpenAlex
Fetching coordinates for I4210124175 from OpenAlex
Fetching coordinates for I4210110903 from OpenAlex
Fetching coordinates for I227486990 from OpenAlex
Fetching coordinates for I2802129078 from OpenAlex
Fetching coordinates for I4210089473 from OpenAlex
Fetching coordinates for I13805885 from OpenAlex
Fetching coordinates for I4210126919 from OpenAlex
Fetching coordinates for I4210145457 from OpenAlex
Fetching coordinates for I889804353 from OpenAlex
Fetching coordinates for I113979032 from OpenAlex
Fetching coordinates for I4210127509 from OpenAlex
Fetching coordinates for I4210109712 from OpenAlex
Fetching coordinates for I4210153468 from OpenAlex
Fetching coordinates for I106157433 from OpenAlex
Fetching coordinates for I1334329717 from OpenAlex
Fetching coordinates for I1288059949 from OpenAlex
Fetching coordinates for I1288051870 from OpenAlex
Fetching coordinates for I4210107985 from OpenAlex
Fetching coordinates for I3131024195 from OpenAlex
Fetching coordinates for I35841627 from OpenAlex
Fetching coordinates for I2948728702 from OpenAlex
Fetching coordinates for I4210102856 from OpenAlex
Fetching coordinates for I4210092960 from OpenAlex
Fetching coordinates for I133738476 from OpenAlex
Fetching coordinates for I193291145 from OpenAlex
Fetching coordinates for I2802565870 from OpenAlex
Fetching coordinates for I4210145899 from OpenAlex
Fetching coordinates for I4210118637 from OpenAlex
Fetching coordinates for I125523173 from OpenAlex
Fetching coordinates for I1313606977 from OpenAlex
Fetching coordinates for I4210117675 from OpenAlex
Fetching coordinates for I4210156488 from OpenAlex
Fetching coordinates for I4210099549 from OpenAlex
Fetching coordinates for I4210110667 from OpenAlex
Fetching coordinates for I142637625 from OpenAlex
Fetching coordinates for I4210102326 from OpenAlex
Fetching coordinates for I2802889272 from OpenAlex
Fetching coordinates for I4210103330 from OpenAlex
Fetching coordinates for I4210153303 from OpenAlex
Fetching coordinates for I4210096541 from OpenAlex
Fetching coordinates for I4210113742 from OpenAlex
Fetching coordinates for I2802582725 from OpenAlex
Fetching coordinates for I4210105396 from OpenAlex
Fetching coordinates for I2800004676 from OpenAlex
Fetching coordinates for I4210153136 from OpenAlex
Fetching coordinates for I4210088728 from OpenAlex
Fetching coordinates for I4210121877 from OpenAlex
Fetching coordinates for I86958956 from OpenAlex
Fetching coordinates for I4390039285 from OpenAlex
Fetching coordinates for I2801315873 from OpenAlex
Fetching coordinates for I2799885155 from OpenAlex
Fetching coordinates for I4210103433 from OpenAlex
Fetching coordinates for I4210136624 from OpenAlex
Fetching coordinates for I4210149784 from OpenAlex
Fetching coordinates for I4210143371 from OpenAlex
Fetching coordinates for I2801876189 from OpenAlex
Fetching coordinates for I4387155338 from OpenAlex
Fetching coordinates for I863488634 from OpenAlex
Fetching coordinates for I4210142027 from OpenAlex
Fetching coordinates for I4210143707 from OpenAlex
Fetching coordinates for I4210161353 from OpenAlex
Fetching coordinates for I1329325741 from OpenAlex
Fetching coordinates for I80232743 from OpenAlex
Fetching coordinates for I2801296245 from OpenAlex
Fetching coordinates for I308269434 from OpenAlex
Fetching coordinates for I4210141255 from OpenAlex
Fetching coordinates for I4210131376 from OpenAlex
Fetching coordinates for I165862685 from OpenAlex
Fetching coordinates for I107139324 from OpenAlex
Fetching coordinates for I39565521 from OpenAlex
Fetching coordinates for I77826658 from OpenAlex
Fetching coordinates for I4210111958 from OpenAlex
Fetching coordinates for I102101047 from OpenAlex
Fetching coordinates for I2799810450 from OpenAlex
Fetching coordinates for I1321572752 from OpenAlex
Fetching coordinates for I120506574 from OpenAlex
Fetching coordinates for I2800275141 from OpenAlex
Fetching coordinates for I115648763 from OpenAlex
Fetching coordinates for I61937129 from OpenAlex
Fetching coordinates for I2801239119 from OpenAlex
Fetching coordinates for I4210150290 from OpenAlex
Fetching coordinates for I1321649718 from OpenAlex
Fetching coordinates for I2800664540 from OpenAlex
Fetching coordinates for I4210087284 from OpenAlex
Fetching coordinates for I3018768319 from OpenAlex
Fetching coordinates for I4210136843 from OpenAlex
Fetching coordinates for I1281833243 from OpenAlex
Fetching coordinates for I2801980284 from OpenAlex
Fetching coordinates for I2803043754 from OpenAlex
Fetching coordinates for I1285204247 from OpenAlex
Fetching coordinates for I4210116470 from OpenAlex
Fetching coordinates for I2802416897 from OpenAlex
Fetching coordinates for I2802567020 from OpenAlex
Fetching coordinates for I2802709434 from OpenAlex
Fetching coordinates for I2799437725 from OpenAlex
Fetching coordinates for I2801880889 from OpenAlex
Fetching coordinates for I1325899441 from OpenAlex
Fetching coordinates for I1327191685 from OpenAlex
Fetching coordinates for I3018134672 from OpenAlex
Fetching coordinates for I2802821144 from OpenAlex
Fetching coordinates for I2802640032 from OpenAlex
Fetching coordinates for I3019010403 from OpenAlex
Fetching coordinates for I1294278766 from OpenAlex
Fetching coordinates for I2799551006 from OpenAlex
Fetching coordinates for I202391551 from OpenAlex
Fetching coordinates for I4210127955 from OpenAlex
Fetching coordinates for I2801170595 from OpenAlex
Fetching coordinates for I117965899 from OpenAlex
Fetching coordinates for I124227911 from OpenAlex
Fetching coordinates for I4210157807 from OpenAlex
Fetching coordinates for I2801454379 from OpenAlex
Fetching coordinates for I4210167311 from OpenAlex
Fetching coordinates for I4210120522 from OpenAlex
Fetching coordinates for I32574673 from OpenAlex
Fetching coordinates for I4210152664 from OpenAlex
Fetching coordinates for I4210099428 from OpenAlex
Fetching coordinates for I4210120696 from OpenAlex
Fetching coordinates for I4210107235 from OpenAlex
Fetching coordinates for I4210124907 from OpenAlex
Fetching coordinates for I4210139738 from OpenAlex
Fetching coordinates for I25757504 from OpenAlex
Fetching coordinates for I4399598384 from OpenAlex
Fetching coordinates for I4210104871 from OpenAlex
Fetching coordinates for I60388903 from OpenAlex
Fetching coordinates for I150149174 from OpenAlex
Fetching coordinates for I127362389 from OpenAlex
Fetching coordinates for I4210129227 from OpenAlex
Fetching coordinates for I4210118299 from OpenAlex
Fetching coordinates for I21160419 from OpenAlex
Fetching coordinates for I4210093146 from OpenAlex
Fetching coordinates for I26347476 from OpenAlex
Fetching coordinates for I47301684 from OpenAlex
Fetching coordinates for I1289525096 from OpenAlex
Fetching coordinates for I4210100308 from OpenAlex
Fetching coordinates for I43980791 from OpenAlex
Fetching coordinates for I86987016 from OpenAlex
Fetching coordinates for I107720978 from OpenAlex
Fetching coordinates for I4210165146 from OpenAlex
Fetching coordinates for I1321826891 from OpenAlex
Fetching coordinates for I102373834 from OpenAlex
Fetching coordinates for I2801246084 from OpenAlex
Fetching coordinates for I100538780 from OpenAlex
Fetching coordinates for I3137694307 from OpenAlex
Fetching coordinates for I150545354 from OpenAlex
Fetching coordinates for I4210096268 from OpenAlex
Fetching coordinates for I4210120805 from OpenAlex
Fetching coordinates for I4210139685 from OpenAlex
Fetching coordinates for I177340980 from OpenAlex
Fetching coordinates for I4210112252 from OpenAlex
Fetching coordinates for I4210090250 from OpenAlex
Fetching coordinates for I4210096363 from OpenAlex
Fetching coordinates for I129774422 from OpenAlex
Fetching coordinates for I4210151154 from OpenAlex
Fetching coordinates for I1297127228 from OpenAlex
Fetching coordinates for I1320721754 from OpenAlex
Fetching coordinates for I79884896 from OpenAlex
Fetching coordinates for I1313867356 from OpenAlex
Fetching coordinates for I4210136460 from OpenAlex
Fetching coordinates for I56691919 from OpenAlex
Fetching coordinates for I4210121386 from OpenAlex
Fetching coordinates for I2974656896 from OpenAlex
Fetching coordinates for I4210135837 from OpenAlex
Fetching coordinates for I4387156226 from OpenAlex
Fetching coordinates for I177955009 from OpenAlex
Fetching coordinates for I113825674 from OpenAlex
Fetching coordinates for I12832649 from OpenAlex
Fetching coordinates for I133533813 from OpenAlex
Fetching coordinates for I4210150284 from OpenAlex
Fetching coordinates for I4210131944 from OpenAlex
Fetching coordinates for I8991828 from OpenAlex
Fetching coordinates for I204974687 from OpenAlex
Fetching coordinates for I902798049 from OpenAlex
Fetching coordinates for I1322422313 from OpenAlex
Fetching coordinates for I190461672 from OpenAlex
Fetching coordinates for I862893732 from OpenAlex
Fetching coordinates for I4210157252 from OpenAlex
Fetching coordinates for I4210105054 from OpenAlex
Fetching coordinates for I121760703 from OpenAlex
Fetching coordinates for I4210096774 from OpenAlex
Fetching coordinates for I4210116727 from OpenAlex
Fetching coordinates for I4210102867 from OpenAlex
Fetching coordinates for I2800293973 from OpenAlex
Fetching coordinates for I4210104624 from OpenAlex
Fetching coordinates for I98227222 from OpenAlex
Fetching coordinates for I163340411 from OpenAlex
Fetching coordinates for I4210109137 from OpenAlex
Fetching coordinates for I4210088176 from OpenAlex
Fetching coordinates for I46305995 from OpenAlex
Fetching coordinates for I107982497 from OpenAlex
Fetching coordinates for I118987531 from OpenAlex
Fetching coordinates for I202028630 from OpenAlex
Fetching coordinates for I2800959905 from OpenAlex
Fetching coordinates for I4210160128 from OpenAlex
Fetching coordinates for I4210153580 from OpenAlex
Fetching coordinates for I4210128615 from OpenAlex
Fetching coordinates for I4210134523 from OpenAlex
Fetching coordinates for I202334528 from OpenAlex
Fetching coordinates for I83714178 from OpenAlex
Fetching coordinates for I4210161138 from OpenAlex
Fetching coordinates for I4210135735 from OpenAlex
Fetching coordinates for I4210112519 from OpenAlex
Fetching coordinates for I126527374 from OpenAlex
Fetching coordinates for I4210110849 from OpenAlex
Fetching coordinates for I4210119102 from OpenAlex
Fetching coordinates for I184681353 from OpenAlex
Fetching coordinates for I4210099662 from OpenAlex
Fetching coordinates for I42852656 from OpenAlex
Fetching coordinates for I44468530 from OpenAlex
Fetching coordinates for I20942203 from OpenAlex
Fetching coordinates for I4210107741 from OpenAlex
Fetching coordinates for I4210114178 from OpenAlex
Fetching coordinates for I194716290 from OpenAlex
Fetching coordinates for I4210104926 from OpenAlex
Fetching coordinates for I4210116247 from OpenAlex
Fetching coordinates for I4210087590 from OpenAlex
Fetching coordinates for I4210104879 from OpenAlex
Fetching coordinates for I132586189 from OpenAlex
Fetching coordinates for I38756568 from OpenAlex
Fetching coordinates for I4210115169 from OpenAlex
Fetching coordinates for I115212828 from OpenAlex
Fetching coordinates for I1299457549 from OpenAlex
Fetching coordinates for I4210127658 from OpenAlex
Fetching coordinates for I4210157567 from OpenAlex
Fetching coordinates for I76513827 from OpenAlex
Fetching coordinates for I4210154469 from OpenAlex
Fetching coordinates for I183263030 from OpenAlex
Fetching coordinates for I181326427 from OpenAlex
Fetching coordinates for I4210115615 from OpenAlex
Fetching coordinates for I42134832 from OpenAlex
Fetching coordinates for I4210140326 from OpenAlex
Fetching coordinates for I77697173 from OpenAlex
Fetching coordinates for I1322829787 from OpenAlex
Fetching coordinates for I5593406 from OpenAlex
Fetching coordinates for I874792244 from OpenAlex
Fetching coordinates for I32448411 from OpenAlex
Fetching coordinates for I2802446264 from OpenAlex
Fetching coordinates for I2799389969 from OpenAlex
Fetching coordinates for I1331384533 from OpenAlex
Fetching coordinates for I4210140583 from OpenAlex
Fetching coordinates for I4210146430 from OpenAlex
Fetching coordinates for I4210121240 from OpenAlex
Fetching coordinates for I203172682 from OpenAlex
Fetching coordinates for I115020962 from OpenAlex
Fetching coordinates for I100072489 from OpenAlex
Fetching coordinates for I201799495 from OpenAlex
Fetching coordinates for I60858718 from OpenAlex
Fetching coordinates for I206895457 from OpenAlex
Fetching coordinates for I4210145894 from OpenAlex
Fetching coordinates for I97537384 from OpenAlex
Fetching coordinates for I97429440 from OpenAlex
Fetching coordinates for I4210112653 from OpenAlex
Fetching coordinates for I4210104675 from OpenAlex
Fetching coordinates for I162608824 from OpenAlex
Fetching coordinates for I160414472 from OpenAlex
Fetching coordinates for I4210134225 from OpenAlex
Fetching coordinates for I4390039366 from OpenAlex
Fetching coordinates for I157394403 from OpenAlex
Fetching coordinates for I1317897188 from OpenAlex
Fetching coordinates for I4210129265 from OpenAlex
Fetching coordinates for I1309044729 from OpenAlex
Fetching coordinates for I1284584826 from OpenAlex
Fetching coordinates for I1298742617 from OpenAlex
Fetching coordinates for I1310421338 from OpenAlex
Fetching coordinates for I128956969 from OpenAlex
Fetching coordinates for I1283382300 from OpenAlex
Fetching coordinates for I4210135521 from OpenAlex
Fetching coordinates for I154338468 from OpenAlex
Fetching coordinates for I1333198813 from OpenAlex
Fetching coordinates for I11786554 from OpenAlex
Fetching coordinates for I4210126421 from OpenAlex
Fetching coordinates for I2656126 from OpenAlex
Fetching coordinates for I192578771 from OpenAlex
Fetching coordinates for I86420138 from OpenAlex
Fetching coordinates for I202524275 from OpenAlex
Fetching coordinates for I4210103723 from OpenAlex
Fetching coordinates for I4210089246 from OpenAlex
Fetching coordinates for I4390039227 from OpenAlex
Fetching coordinates for I1306117286 from OpenAlex
Fetching coordinates for I4210163752 from OpenAlex
Fetching coordinates for I88621556 from OpenAlex
Fetching coordinates for I4401726998 from OpenAlex
Fetching coordinates for I177909021 from OpenAlex
Fetching coordinates for I4210133143 from OpenAlex
Fetching coordinates for I4210158188 from OpenAlex
Fetching coordinates for I4387930224 from OpenAlex
Fetching coordinates for I2801820460 from OpenAlex
Fetching coordinates for I2802970429 from OpenAlex
Fetching coordinates for I4210164678 from OpenAlex
Fetching coordinates for I186359701 from OpenAlex
Fetching coordinates for I4210097842 from OpenAlex
Fetching coordinates for I1304256225 from OpenAlex
Fetching coordinates for I4210091644 from OpenAlex
Fetching coordinates for I65143321 from OpenAlex
Fetching coordinates for I4210146251 from OpenAlex
Fetching coordinates for I4210133068 from OpenAlex
Fetching coordinates for I200734791 from OpenAlex
Fetching coordinates for I2800773984 from OpenAlex
Fetching coordinates for I2799537240 from OpenAlex
Fetching coordinates for I99069390 from OpenAlex
Fetching coordinates for I2800496153 from OpenAlex
Fetching coordinates for I4210134982 from OpenAlex
Fetching coordinates for I4210128633 from OpenAlex
Fetching coordinates for I4210111959 from OpenAlex
Fetching coordinates for I2801076140 from OpenAlex
Fetching coordinates for I1281378812 from OpenAlex
Fetching coordinates for I4389425366 from OpenAlex
Fetching coordinates for I1288894424 from OpenAlex
Fetching coordinates for I4391768007 from OpenAlex
Fetching coordinates for I177235860 from OpenAlex
Fetching coordinates for I4210140515 from OpenAlex
Fetching coordinates for I4210137478 from OpenAlex
Fetching coordinates for I4210147433 from OpenAlex
Fetching coordinates for I4210129955 from OpenAlex
Fetching coordinates for I1335113835 from OpenAlex
Fetching coordinates for I190242452 from OpenAlex
Fetching coordinates for I4210105806 from OpenAlex
Fetching coordinates for I3020662980 from OpenAlex
Fetching coordinates for I146773158 from OpenAlex
Fetching coordinates for I4210124140 from OpenAlex
Fetching coordinates for I4390039246 from OpenAlex
Fetching coordinates for I4210161003 from OpenAlex
Fetching coordinates for I4210105460 from OpenAlex
Fetching coordinates for I4210117216 from OpenAlex
Fetching coordinates for I4210120169 from OpenAlex
Fetching coordinates for I4210131174 from OpenAlex
Fetching coordinates for I4210153274 from OpenAlex
Fetching coordinates for I4210160344 from OpenAlex
Fetching coordinates for I85430964 from OpenAlex
Fetching coordinates for I4210099028 from OpenAlex
Fetching coordinates for I140221134 from OpenAlex
Fetching coordinates for I4210151171 from OpenAlex
Fetching coordinates for I4210121200 from OpenAlex
Fetching coordinates for I4210161489 from OpenAlex
Fetching coordinates for I4210122141 from OpenAlex
Fetching coordinates for I4210137423 from OpenAlex
Fetching coordinates for I4210156904 from OpenAlex
Fetching coordinates for I4210126441 from OpenAlex
Fetching coordinates for I4210099004 from OpenAlex
Fetching coordinates for I4210167381 from OpenAlex
Fetching coordinates for I4210167212 from OpenAlex
Fetching coordinates for I72212903 from OpenAlex
Fetching coordinates for I4210108664 from OpenAlex
Fetching coordinates for I6645349 from OpenAlex
Fetching coordinates for I4210140357 from OpenAlex
Fetching coordinates for I4210153612 from OpenAlex
Fetching coordinates for I4210099512 from OpenAlex
Fetching coordinates for I4210102855 from OpenAlex
Fetching coordinates for I2802573037 from OpenAlex
Fetching coordinates for I4210113254 from OpenAlex
Fetching coordinates for I4210135988 from OpenAlex
Fetching coordinates for I4210152344 from OpenAlex
Fetching coordinates for I4210088322 from OpenAlex
Fetching coordinates for I4210127460 from OpenAlex
Fetching coordinates for I1317189400 from OpenAlex
Fetching coordinates for I4210150391 from OpenAlex
Fetching coordinates for I4210112820 from OpenAlex
Fetching coordinates for I4210090353 from OpenAlex
Fetching coordinates for I4210121771 from OpenAlex
Fetching coordinates for I142740786 from OpenAlex
Fetching coordinates for I19085752 from OpenAlex
Fetching coordinates for I4210141483 from OpenAlex
Fetching coordinates for I1339417872 from OpenAlex
Fetching coordinates for I2802624667 from OpenAlex
Fetching coordinates for I24201400 from OpenAlex
Fetching coordinates for I142415962 from OpenAlex
Fetching coordinates for I37802460 from OpenAlex
Fetching coordinates for I6446798 from OpenAlex
Fetching coordinates for I141074466 from OpenAlex
Fetching coordinates for I2802940977 from OpenAlex
Fetching coordinates for I4210152119 from OpenAlex
Fetching coordinates for I4210107668 from OpenAlex
Fetching coordinates for I160354086 from OpenAlex
Fetching coordinates for I4210095398 from OpenAlex
Fetching coordinates for I4210164952 from OpenAlex
Fetching coordinates for I181903023 from OpenAlex
Fetching coordinates for I4210152526 from OpenAlex
Fetching coordinates for I4210155628 from OpenAlex
Fetching coordinates for I4210118925 from OpenAlex
Fetching coordinates for I4210129240 from OpenAlex
Fetching coordinates for I2801556517 from OpenAlex
Fetching coordinates for I4210100830 from OpenAlex
Fetching coordinates for I4210154454 from OpenAlex
Fetching coordinates for I4210104681 from OpenAlex
Fetching coordinates for I169351748 from OpenAlex
Fetching coordinates for I3045169105 from OpenAlex
Fetching coordinates for I4210089772 from OpenAlex
Fetching coordinates for I4510145 from OpenAlex
Fetching coordinates for I1284762954 from OpenAlex
Fetching coordinates for I4210149102 from OpenAlex
Fetching coordinates for I47689461 from OpenAlex
Fetching coordinates for I4210094071 from OpenAlex
Fetching coordinates for I4210087969 from OpenAlex
Fetching coordinates for I2802459333 from OpenAlex
Fetching coordinates for I4210155647 from OpenAlex
Fetching coordinates for I2802541053 from OpenAlex
Fetching coordinates for I4210152177 from OpenAlex
Fetching coordinates for I2800482329 from OpenAlex
Fetching coordinates for I4210087327 from OpenAlex
Fetching coordinates for I4391012607 from OpenAlex
Fetching coordinates for I4210156804 from OpenAlex
Fetching coordinates for I100098275 from OpenAlex
Fetching coordinates for I4210119028 from OpenAlex
Fetching coordinates for I31847773 from OpenAlex
Fetching coordinates for I4391767853 from OpenAlex
Fetching coordinates for I4210142887 from OpenAlex
Fetching coordinates for I4210105182 from OpenAlex
Fetching coordinates for I4210123288 from OpenAlex
Fetching coordinates for I4210162077 from OpenAlex
Fetching coordinates for I4210088591 from OpenAlex
Fetching coordinates for I4210089285 from OpenAlex
Fetching coordinates for I20107917 from OpenAlex
Fetching coordinates for I122964287 from OpenAlex
Fetching coordinates for I82284825 from OpenAlex
Fetching coordinates for I162714631 from OpenAlex
Fetching coordinates for I2801122164 from OpenAlex
Fetching coordinates for I2801637956 from OpenAlex
Fetching coordinates for I4387930218 from OpenAlex
Fetching coordinates for I4210093799 from OpenAlex
Fetching coordinates for I4210120421 from OpenAlex
Fetching coordinates for I4210160704 from OpenAlex
Fetching coordinates for I140275651 from OpenAlex
Fetching coordinates for I20230540 from OpenAlex
Fetching coordinates for I4210094428 from OpenAlex
Fetching coordinates for I4210166037 from OpenAlex
Fetching coordinates for I880747138 from OpenAlex
Fetching coordinates for I4210117141 from OpenAlex
Fetching coordinates for I4387930204 from OpenAlex
Fetching coordinates for I4210113654 from OpenAlex
Fetching coordinates for I4210132178 from OpenAlex
Fetching coordinates for I4210132216 from OpenAlex
Fetching coordinates for I4210125476 from OpenAlex
Fetching coordinates for I161675122 from OpenAlex
Fetching coordinates for I4210128139 from OpenAlex
Fetching coordinates for I106118109 from OpenAlex
Fetching coordinates for I132735039 from OpenAlex
Fetching coordinates for I4210109253 from OpenAlex
Fetching coordinates for I4210112513 from OpenAlex
Fetching coordinates for I103356709 from OpenAlex
Fetching coordinates for I4210099897 from OpenAlex
Fetching coordinates for I4210089696 from OpenAlex
Fetching coordinates for I85686399 from OpenAlex
Fetching coordinates for I4210162460 from OpenAlex
Fetching coordinates for I140773715 from OpenAlex
Fetching coordinates for I125989756 from OpenAlex
Fetching coordinates for I177537411 from OpenAlex
Fetching coordinates for I4210129079 from OpenAlex
Fetching coordinates for I2801857525 from OpenAlex
Fetching coordinates for I4210105972 from OpenAlex
Fetching coordinates for I880641448 from OpenAlex
Fetching coordinates for I864419238 from OpenAlex
Fetching coordinates for I185163786 from OpenAlex
Fetching coordinates for I69737025 from OpenAlex
Fetching coordinates for I166416128 from OpenAlex
Fetching coordinates for I126031752 from OpenAlex
Fetching coordinates for I4210142708 from OpenAlex
Fetching coordinates for I4210094881 from OpenAlex
Fetching coordinates for I4210105932 from OpenAlex
Fetching coordinates for I11559806 from OpenAlex
Fetching coordinates for I10853899 from OpenAlex
Fetching coordinates for I176611909 from OpenAlex
Fetching coordinates for I4210105113 from OpenAlex
Fetching coordinates for I864088423 from OpenAlex
Fetching coordinates for I177881444 from OpenAlex
Fetching coordinates for I118839592 from OpenAlex
Fetching coordinates for I872248612 from OpenAlex
Fetching coordinates for I4210157890 from OpenAlex
Fetching coordinates for I141461282 from OpenAlex
Fetching coordinates for I1327551190 from OpenAlex
Fetching coordinates for I2799300731 from OpenAlex
Fetching coordinates for I4210149126 from OpenAlex
Fetching coordinates for I4210147160 from OpenAlex
Fetching coordinates for I40813086 from OpenAlex
Fetching coordinates for I4210126766 from OpenAlex
Fetching coordinates for I4056153 from OpenAlex
Fetching coordinates for I8408910 from OpenAlex
Fetching coordinates for I1292197403 from OpenAlex
Fetching coordinates for I4210095026 from OpenAlex
Fetching coordinates for I70076703 from OpenAlex
Fetching coordinates for I1330347796 from OpenAlex
Fetching coordinates for I130440993 from OpenAlex
Fetching coordinates for I4387153264 from OpenAlex
Fetching coordinates for I4210117160 from OpenAlex
Fetching coordinates for I2802436875 from OpenAlex
Fetching coordinates for I149213910 from OpenAlex
Fetching coordinates for I4210144707 from OpenAlex
Fetching coordinates for I2800026062 from OpenAlex
Fetching coordinates for I4210148025 from OpenAlex
Fetching coordinates for I4210147746 from OpenAlex
Fetching coordinates for I1320675724 from OpenAlex
Fetching coordinates for I50863359 from OpenAlex
Fetching coordinates for I4210155524 from OpenAlex
Fetching coordinates for I4210158228 from OpenAlex
Fetching coordinates for I2805268620 from OpenAlex
Fetching coordinates for I4210141120 from OpenAlex
Fetching coordinates for I51101395 from OpenAlex
Fetching coordinates for I4210155331 from OpenAlex
Fetching coordinates for I4210090230 from OpenAlex
Fetching coordinates for I4210099200 from OpenAlex
Fetching coordinates for I4210163874 from OpenAlex
Fetching coordinates for I4391768055 from OpenAlex
Fetching coordinates for I4391768020 from OpenAlex
Fetching coordinates for I4210091156 from OpenAlex
Fetching coordinates for I4210135723 from OpenAlex
Fetching coordinates for I97098773 from OpenAlex
Fetching coordinates for I115441956 from OpenAlex
Fetching coordinates for I2801153603 from OpenAlex
Fetching coordinates for I180825142 from OpenAlex
Fetching coordinates for I4210163595 from OpenAlex
Fetching coordinates for I4210099913 from OpenAlex
Fetching coordinates for I4210126077 from OpenAlex
Fetching coordinates for I4210150286 from OpenAlex
Fetching coordinates for I69768126 from OpenAlex
Fetching coordinates for I2802230104 from OpenAlex
Fetching coordinates for I2799307867 from OpenAlex
Fetching coordinates for I2801012209 from OpenAlex
Fetching coordinates for I4210127938 from OpenAlex
Fetching coordinates for I83558840 from OpenAlex
Fetching coordinates for I4210134251 from OpenAlex
Fetching coordinates for I2803058125 from OpenAlex
Fetching coordinates for I4388482696 from OpenAlex
Fetching coordinates for I4388482740 from OpenAlex
Fetching coordinates for I4210090411 from OpenAlex
Fetching coordinates for I4210120499 from OpenAlex
Fetching coordinates for I4210122345 from OpenAlex
Fetching coordinates for I4210152518 from OpenAlex
Fetching coordinates for I4210159731 from OpenAlex
Fetching coordinates for I4210113432 from OpenAlex
Fetching coordinates for I84909340 from OpenAlex
Fetching coordinates for I4210107660 from OpenAlex
Fetching coordinates for I4210137602 from OpenAlex
Fetching coordinates for I31336631 from OpenAlex
Fetching coordinates for I4210094115 from OpenAlex
Fetching coordinates for I4210104728 from OpenAlex
Fetching coordinates for I1302978242 from OpenAlex
Fetching coordinates for I4210093841 from OpenAlex
Fetching coordinates for I4210101455 from OpenAlex
Fetching coordinates for I4391767682 from OpenAlex
Fetching coordinates for I71838634 from OpenAlex
Fetching coordinates for I4210130296 from OpenAlex
Fetching coordinates for I4210138311 from OpenAlex
Fetching coordinates for I4210159324 from OpenAlex
Fetching coordinates for I4210118885 from OpenAlex
Fetching coordinates for I4210092510 from OpenAlex
Fetching coordinates for I4210107233 from OpenAlex
Fetching coordinates for I2800842121 from OpenAlex
Fetching coordinates for I4210121314 from OpenAlex
Fetching coordinates for I4210166126 from OpenAlex
Fetching coordinates for I4210163969 from OpenAlex
Fetching coordinates for I4210163798 from OpenAlex
Fetching coordinates for I4210129173 from OpenAlex
Fetching coordinates for I4210150090 from OpenAlex
Fetching coordinates for I34771391 from OpenAlex
Fetching coordinates for I1284351223 from OpenAlex
Fetching coordinates for I1336728567 from OpenAlex
Fetching coordinates for I3132238960 from OpenAlex
Fetching coordinates for I4210100607 from OpenAlex
Fetching coordinates for I4210094333 from OpenAlex
Fetching coordinates for I4210124410 from OpenAlex
Fetching coordinates for I4210161075 from OpenAlex
Fetching coordinates for I4210093678 from OpenAlex
Fetching coordinates for I4210128905 from OpenAlex
Fetching coordinates for I4210128593 from OpenAlex
Fetching coordinates for I4210093180 from OpenAlex
Fetching coordinates for I4210113666 from OpenAlex
Fetching coordinates for I292310028 from OpenAlex
Fetching coordinates for I4210138538 from OpenAlex
Fetching coordinates for I2801795740 from OpenAlex
Fetching coordinates for I4210165633 from OpenAlex
Fetching coordinates for I130194489 from OpenAlex
Fetching coordinates for I4210164243 from OpenAlex
Fetching coordinates for I4210128947 from OpenAlex
Fetching coordinates for I4210105553 from OpenAlex
Fetching coordinates for I4210137573 from OpenAlex
Fetching coordinates for I1287402277 from OpenAlex
Fetching coordinates for I4210160315 from OpenAlex
Fetching coordinates for I1308923049 from OpenAlex
Fetching coordinates for I74899385 from OpenAlex
Fetching coordinates for I4210136865 from OpenAlex
Fetching coordinates for I4210138214 from OpenAlex
Fetching coordinates for I872623138 from OpenAlex
Fetching coordinates for I4210090186 from OpenAlex
Fetching coordinates for I91083438 from OpenAlex
Fetching coordinates for I4210159778 from OpenAlex
Fetching coordinates for I4210092852 from OpenAlex
Fetching coordinates for I4210147002 from OpenAlex
Fetching coordinates for I4210130121 from OpenAlex
Fetching coordinates for I4210097282 from OpenAlex
Fetching coordinates for I4210093646 from OpenAlex
Fetching coordinates for I4210148920 from OpenAlex
Fetching coordinates for I4210150880 from OpenAlex
Fetching coordinates for I126859394 from OpenAlex
Fetching coordinates for I4210106153 from OpenAlex
Fetching coordinates for I116530498 from OpenAlex
Fetching coordinates for I4210120717 from OpenAlex
Fetching coordinates for I4210143228 from OpenAlex
Fetching coordinates for I4210091428 from OpenAlex
Fetching coordinates for I4780363 from OpenAlex
Fetching coordinates for I4210096972 from OpenAlex
Fetching coordinates for I4210148093 from OpenAlex
Fetching coordinates for I55881946 from OpenAlex
Fetching coordinates for I4210127537 from OpenAlex
Fetching coordinates for I4210096123 from OpenAlex
Fetching coordinates for I117693200 from OpenAlex
Fetching coordinates for I4210113424 from OpenAlex
Fetching coordinates for I4210158450 from OpenAlex
Fetching coordinates for I55279860 from OpenAlex
Fetching coordinates for I75746372 from OpenAlex
Fetching coordinates for I4210114659 from OpenAlex
Fetching coordinates for I70284922 from OpenAlex
Fetching coordinates for I37797678 from OpenAlex
Fetching coordinates for I4210152870 from OpenAlex
Fetching coordinates for I4210096170 from OpenAlex
Fetching coordinates for I156317336 from OpenAlex
Fetching coordinates for I4210107426 from OpenAlex
Fetching coordinates for I4210086793 from OpenAlex
Fetching coordinates for I4210110280 from OpenAlex
Fetching coordinates for I276751011 from OpenAlex
Fetching coordinates for I34809795 from OpenAlex
Fetching coordinates for I4210131597 from OpenAlex
Fetching coordinates for I33849332 from OpenAlex
Fetching coordinates for I4210101807 from OpenAlex
Fetching coordinates for I4210136294 from OpenAlex
Fetching coordinates for I170172562 from OpenAlex
Fetching coordinates for I94658018 from OpenAlex
Fetching coordinates for I4210115082 from OpenAlex
Fetching coordinates for I4210086696 from OpenAlex
Fetching coordinates for I4210091816 from OpenAlex
Fetching coordinates for I134820265 from OpenAlex
Fetching coordinates for I4210147680 from OpenAlex
Fetching coordinates for I4210138528 from OpenAlex
Fetching coordinates for I1296875392 from OpenAlex
Fetching coordinates for I4210130959 from OpenAlex
Fetching coordinates for I102134673 from OpenAlex
Fetching coordinates for I177483745 from OpenAlex
Fetching coordinates for I4210102215 from OpenAlex
Fetching coordinates for I141595442 from OpenAlex
Fetching coordinates for I4210147417 from OpenAlex
Fetching coordinates for I2802886717 from OpenAlex
Fetching coordinates for I4210157559 from OpenAlex
Fetching coordinates for I63098007 from OpenAlex
Fetching coordinates for I161548249 from OpenAlex
Fetching coordinates for I1118541 from OpenAlex
Fetching coordinates for I2800882159 from OpenAlex
Fetching coordinates for I4210108821 from OpenAlex
Fetching coordinates for I2800516725 from OpenAlex
Fetching coordinates for I4210124950 from OpenAlex
Fetching coordinates for I119273862 from OpenAlex
Fetching coordinates for I31637741 from OpenAlex
Fetching coordinates for I4210132195 from OpenAlex
Fetching coordinates for I4387153915 from OpenAlex
Fetching coordinates for I2801828391 from OpenAlex
Fetching coordinates for I99507834 from OpenAlex
Fetching coordinates for I158011677 from OpenAlex
Fetching coordinates for I177308816 from OpenAlex
Fetching coordinates for I4210157469 from OpenAlex
Fetching coordinates for I1306324498 from OpenAlex
Fetching coordinates for I4210159476 from OpenAlex
Fetching coordinates for I874236823 from OpenAlex
Fetching coordinates for I2801403999 from OpenAlex
Fetching coordinates for I177607063 from OpenAlex
Fetching coordinates for I92156820 from OpenAlex
Fetching coordinates for I4210102099 from OpenAlex
Fetching coordinates for I4210114783 from OpenAlex
Fetching coordinates for I2802636490 from OpenAlex
Fetching coordinates for I266595603 from OpenAlex
Fetching coordinates for I4210130551 from OpenAlex
Fetching coordinates for I60733029 from OpenAlex
Fetching coordinates for I4210142480 from OpenAlex
Fetching coordinates for I4210095445 from OpenAlex
Fetching coordinates for I4210151230 from OpenAlex
Fetching coordinates for I4210125849 from OpenAlex
Fetching coordinates for I4210094216 from OpenAlex
Fetching coordinates for I4210150714 from OpenAlex
Fetching coordinates for I2801395776 from OpenAlex
Fetching coordinates for I2802603360 from OpenAlex
Fetching coordinates for I4210136721 from OpenAlex
Fetching coordinates for I4210153200 from OpenAlex
Fetching coordinates for I4210146797 from OpenAlex
Fetching coordinates for I4210115489 from OpenAlex
Fetching coordinates for I2899451211 from OpenAlex
Fetching coordinates for I4210135355 from OpenAlex
Fetching coordinates for I68947357 from OpenAlex
Fetching coordinates for I4210119678 from OpenAlex
Fetching coordinates for I4210153897 from OpenAlex
Fetching coordinates for I4210100342 from OpenAlex
Fetching coordinates for I2801388136 from OpenAlex
Fetching coordinates for I4210132262 from OpenAlex
Fetching coordinates for I197219897 from OpenAlex
Fetching coordinates for I4210093494 from OpenAlex
Fetching coordinates for I4210086048 from OpenAlex
Fetching coordinates for I4210130480 from OpenAlex
Fetching coordinates for I27504731 from OpenAlex
Fetching coordinates for I4210139686 from OpenAlex
Fetching coordinates for I4210140230 from OpenAlex
Fetching coordinates for I61628605 from OpenAlex
Fetching coordinates for I4210110309 from OpenAlex
Fetching coordinates for I4210113809 from OpenAlex
Fetching coordinates for I4210158298 from OpenAlex
Fetching coordinates for I118574687 from OpenAlex
Fetching coordinates for I4210165438 from OpenAlex
Fetching coordinates for I184937672 from OpenAlex
Fetching coordinates for I2800204708 from OpenAlex
Fetching coordinates for I36080156 from OpenAlex
Fetching coordinates for I184999862 from OpenAlex
Fetching coordinates for I4210136150 from OpenAlex
Fetching coordinates for I4210102083 from OpenAlex
Fetching coordinates for I24354313 from OpenAlex
Fetching coordinates for I4210150971 from OpenAlex
Fetching coordinates for I2799748957 from OpenAlex
Fetching coordinates for I4210155646 from OpenAlex
Fetching coordinates for I14588785 from OpenAlex
Fetching coordinates for I922845939 from OpenAlex
Fetching coordinates for I4210135897 from OpenAlex
Fetching coordinates for I4210112894 from OpenAlex
Fetching coordinates for I81020160 from OpenAlex
Fetching coordinates for I4210091790 from OpenAlex
Fetching coordinates for I4210151430 from OpenAlex
Fetching coordinates for I4210087465 from OpenAlex
Fetching coordinates for I1925986 from OpenAlex
Fetching coordinates for I4210102294 from OpenAlex
Fetching coordinates for I4210130649 from OpenAlex
Fetching coordinates for I4210108968 from OpenAlex
Fetching coordinates for I2801843802 from OpenAlex
Fetching coordinates for I119303690 from OpenAlex
Fetching coordinates for I4210106388 from OpenAlex
Fetching coordinates for I4390039284 from OpenAlex
Fetching coordinates for I4210141130 from OpenAlex
Fetching coordinates for I4210134348 from OpenAlex
Fetching coordinates for I4210099961 from OpenAlex
Fetching coordinates for I15766117 from OpenAlex
Fetching coordinates for I4210133955 from OpenAlex
Fetching coordinates for I94062374 from OpenAlex
Fetching coordinates for I4210122200 from OpenAlex
Fetching coordinates for I4210141500 from OpenAlex
Fetching coordinates for I4210110704 from OpenAlex
Fetching coordinates for I2801120601 from OpenAlex
Fetching coordinates for I4210092814 from OpenAlex
Fetching coordinates for I4210162168 from OpenAlex
Fetching coordinates for I4210134064 from OpenAlex
Fetching coordinates for I4210126318 from OpenAlex
Fetching coordinates for I56085075 from OpenAlex
Fetching coordinates for I4210132235 from OpenAlex
Fetching coordinates for I32943570 from OpenAlex
Fetching coordinates for I1289739345 from OpenAlex
Fetching coordinates for I2800057969 from OpenAlex
Fetching coordinates for I4210124934 from OpenAlex
Fetching coordinates for I21881038 from OpenAlex
Fetching coordinates for I98540497 from OpenAlex
Fetching coordinates for I4210091339 from OpenAlex
Fetching coordinates for I4210088243 from OpenAlex
Fetching coordinates for I4391768075 from OpenAlex
Fetching coordinates for I4210159340 from OpenAlex
Fetching coordinates for I110440473 from OpenAlex
Fetching coordinates for I4210111829 from OpenAlex
Fetching coordinates for I3130456415 from OpenAlex
Fetching coordinates for I4210118050 from OpenAlex
Fetching coordinates for I166311557 from OpenAlex
Fetching coordinates for I4210091044 from OpenAlex
Fetching coordinates for I187175081 from OpenAlex
Fetching coordinates for I4210096139 from OpenAlex
Fetching coordinates for I4210136246 from OpenAlex
Fetching coordinates for I4387153335 from OpenAlex
Fetching coordinates for I55022517 from OpenAlex
Fetching coordinates for I146613903 from OpenAlex
Fetching coordinates for I235331625 from OpenAlex
Fetching coordinates for I4210103412 from OpenAlex
Fetching coordinates for I4210132813 from OpenAlex
Fetching coordinates for I4387156274 from OpenAlex
Fetching coordinates for I4391768241 from OpenAlex
Fetching coordinates for I4210132741 from OpenAlex
Fetching coordinates for I4210117526 from OpenAlex
Fetching coordinates for I4210165411 from OpenAlex
Fetching coordinates for I4210099501 from OpenAlex
Fetching coordinates for I4210163633 from OpenAlex
Fetching coordinates for I21182828 from OpenAlex
Fetching coordinates for I4210159938 from OpenAlex
Fetching coordinates for I19630809 from OpenAlex
Fetching coordinates for I913481162 from OpenAlex
Fetching coordinates for I14746517 from OpenAlex
Fetching coordinates for I173146385 from OpenAlex
Fetching coordinates for I4210147106 from OpenAlex
Fetching coordinates for I4210131914 from OpenAlex
Fetching coordinates for I4210123095 from OpenAlex
Fetching coordinates for I1340753257 from OpenAlex
Fetching coordinates for I170203145 from OpenAlex
Fetching coordinates for I1315141215 from OpenAlex
Fetching coordinates for I2800991225 from OpenAlex
Fetching coordinates for I2800640726 from OpenAlex
Fetching coordinates for I4210115074 from OpenAlex
Fetching coordinates for I4210160410 from OpenAlex
Fetching coordinates for I4210147097 from OpenAlex
Fetching coordinates for I4210128796 from OpenAlex
Fetching coordinates for I110120368 from OpenAlex
Fetching coordinates for I4210154624 from OpenAlex
Fetching coordinates for I4210135976 from OpenAlex
Fetching coordinates for I2801272649 from OpenAlex
Fetching coordinates for I4210136231 from OpenAlex
Fetching coordinates for I4210149435 from OpenAlex
Fetching coordinates for I2801780550 from OpenAlex
Fetching coordinates for I4210120128 from OpenAlex
Fetching coordinates for I106296451 from OpenAlex
Fetching coordinates for I874386039 from OpenAlex
Fetching coordinates for I4210126183 from OpenAlex
Fetching coordinates for I4210101691 from OpenAlex
Fetching coordinates for I20388574 from OpenAlex
Fetching coordinates for I1310866531 from OpenAlex
Fetching coordinates for I4210126992 from OpenAlex
Fetching coordinates for I4210136176 from OpenAlex
Fetching coordinates for I2802159110 from OpenAlex
Fetching coordinates for I4210091523 from OpenAlex
Fetching coordinates for I4210119387 from OpenAlex
Fetching coordinates for I74872605 from OpenAlex
Fetching coordinates for I3005327000 from OpenAlex
Fetching coordinates for I6469544 from OpenAlex
Fetching coordinates for I4210136834 from OpenAlex
Fetching coordinates for I4210149618 from OpenAlex
Fetching coordinates for I4210114556 from OpenAlex
Fetching coordinates for I890469752 from OpenAlex
Fetching coordinates for I141568987 from OpenAlex
Fetching coordinates for I4210159865 from OpenAlex
Fetching coordinates for I4210156464 from OpenAlex
Fetching coordinates for I4400573165 from OpenAlex
Fetching coordinates for I75867142 from OpenAlex
Fetching coordinates for I4210135906 from OpenAlex
Fetching coordinates for I163151501 from OpenAlex
Fetching coordinates for I177739611 from OpenAlex
Fetching coordinates for I4210148362 from OpenAlex
Fetching coordinates for I200845125 from OpenAlex
Fetching coordinates for I4210154862 from OpenAlex
Fetching coordinates for I4403386725 from OpenAlex
Fetching coordinates for I2802615301 from OpenAlex
Fetching coordinates for I4210151799 from OpenAlex
Fetching coordinates for I308837 from OpenAlex
Fetching coordinates for I4210153068 from OpenAlex
Fetching coordinates for I4210163363 from OpenAlex
Fetching coordinates for I141301092 from OpenAlex
Fetching coordinates for I4400573293 from OpenAlex
Fetching coordinates for I2802707198 from OpenAlex
Fetching coordinates for I1291877375 from OpenAlex
Fetching coordinates for I1292966370 from OpenAlex
Fetching coordinates for I2801316944 from OpenAlex
Fetching coordinates for I193619901 from OpenAlex
Fetching coordinates for I4210146297 from OpenAlex
Fetching coordinates for I34403800 from OpenAlex
Fetching coordinates for I4210153089 from OpenAlex
Fetching coordinates for I884043246 from OpenAlex
Fetching coordinates for I4210102082 from OpenAlex
Fetching coordinates for I1327069482 from OpenAlex
Fetching coordinates for I65163767 from OpenAlex
Fetching coordinates for I4210136374 from OpenAlex
Fetching coordinates for I41639379 from OpenAlex
Fetching coordinates for I4210120869 from OpenAlex
Fetching coordinates for I5681781 from OpenAlex
Fetching coordinates for I2801798517 from OpenAlex
Fetching coordinates for I24861097 from OpenAlex
Fetching coordinates for I2802429123 from OpenAlex
Fetching coordinates for I129043915 from OpenAlex
Fetching coordinates for I2801290373 from OpenAlex
Fetching coordinates for I1296604144 from OpenAlex
Fetching coordinates for I4210087487 from OpenAlex
Fetching coordinates for I189075073 from OpenAlex
Fetching coordinates for I102064193 from OpenAlex
Fetching coordinates for I4210109975 from OpenAlex
Fetching coordinates for I1343675862 from OpenAlex
Fetching coordinates for I4210162909 from OpenAlex
Fetching coordinates for I2801814493 from OpenAlex
Fetching coordinates for I4210087817 from OpenAlex
Fetching coordinates for I4210097477 from OpenAlex
Fetching coordinates for I4210104571 from OpenAlex
Fetching coordinates for I4210162703 from OpenAlex
Fetching coordinates for I4210087348 from OpenAlex
Fetching coordinates for I46860202 from OpenAlex
Fetching coordinates for I191972202 from OpenAlex
Fetching coordinates for I4210148827 from OpenAlex
Fetching coordinates for I138801177 from OpenAlex
Fetching coordinates for I8977528 from OpenAlex
Fetching coordinates for I4210131481 from OpenAlex
Fetching coordinates for I185763367 from OpenAlex
Fetching coordinates for I4210144622 from OpenAlex
Fetching coordinates for I133186546 from OpenAlex
Fetching coordinates for I184220567 from OpenAlex
Fetching coordinates for I153515283 from OpenAlex
Fetching coordinates for I78063147 from OpenAlex
Fetching coordinates for I50310733 from OpenAlex
Fetching coordinates for I4210088867 from OpenAlex
Fetching coordinates for I2800922704 from OpenAlex
Fetching coordinates for I2801464024 from OpenAlex
Fetching coordinates for I55546527 from OpenAlex
Fetching coordinates for I4210142156 from OpenAlex
Fetching coordinates for I4210097113 from OpenAlex
Fetching coordinates for I4210114918 from OpenAlex
Fetching coordinates for I1332492646 from OpenAlex
Fetching coordinates for I4210113520 from OpenAlex
Fetching coordinates for I4210116730 from OpenAlex
Fetching coordinates for I4210116750 from OpenAlex
Fetching coordinates for I1293502524 from OpenAlex
Fetching coordinates for I4210098961 from OpenAlex
Fetching coordinates for I4210141570 from OpenAlex
Fetching coordinates for I202963720 from OpenAlex
Fetching coordinates for I55486353 from OpenAlex
Fetching coordinates for I922237871 from OpenAlex
Fetching coordinates for I4210132207 from OpenAlex
Fetching coordinates for I4210099842 from OpenAlex
Fetching coordinates for I119182057 from OpenAlex
Fetching coordinates for I4210089966 from OpenAlex
Fetching coordinates for I4210111543 from OpenAlex
Fetching coordinates for I3019586173 from OpenAlex
Fetching coordinates for I147017597 from OpenAlex
Fetching coordinates for I4210097513 from OpenAlex
Fetching coordinates for I2799971621 from OpenAlex
Fetching coordinates for I1295908608 from OpenAlex
Fetching coordinates for I2802987467 from OpenAlex
Fetching coordinates for I4210102695 from OpenAlex
Fetching coordinates for I4210158181 from OpenAlex
Fetching coordinates for I2800706061 from OpenAlex
Fetching coordinates for I4210086066 from OpenAlex
Fetching coordinates for I4210165183 from OpenAlex
Fetching coordinates for I4210112713 from OpenAlex
Fetching coordinates for I4210101555 from OpenAlex
Fetching coordinates for I163612194 from OpenAlex
Fetching coordinates for I4210156829 from OpenAlex
Fetching coordinates for I4210089162 from OpenAlex
Fetching coordinates for I4210166855 from OpenAlex
Fetching coordinates for I4210152479 from OpenAlex
Fetching coordinates for I4210122684 from OpenAlex
Fetching coordinates for I4210095624 from OpenAlex
Fetching coordinates for I4210139618 from OpenAlex
Fetching coordinates for I4210148966 from OpenAlex
Fetching coordinates for I4210156847 from OpenAlex
Fetching coordinates for I4210111628 from OpenAlex
Fetching coordinates for I4210166639 from OpenAlex
Fetching coordinates for I10660446 from OpenAlex
Fetching coordinates for I4210115456 from OpenAlex
Fetching coordinates for I165911609 from OpenAlex
Fetching coordinates for I4210098832 from OpenAlex
Fetching coordinates for I4210122705 from OpenAlex
Fetching coordinates for I4210086973 from OpenAlex
Fetching coordinates for I10899854 from OpenAlex
Fetching coordinates for I111753288 from OpenAlex
Fetching coordinates for I4210123932 from OpenAlex
Fetching coordinates for I23632641 from OpenAlex
Fetching coordinates for I37448385 from OpenAlex
Fetching coordinates for I4210153869 from OpenAlex
Fetching coordinates for I4210107815 from OpenAlex
Fetching coordinates for I4210097660 from OpenAlex
Fetching coordinates for I258800397 from OpenAlex
Fetching coordinates for I4210137163 from OpenAlex
Fetching coordinates for I4210124050 from OpenAlex
Fetching coordinates for I193427800 from OpenAlex
Fetching coordinates for I139347817 from OpenAlex
Fetching coordinates for I4210098633 from OpenAlex
Fetching coordinates for I1280576195 from OpenAlex
Fetching coordinates for I88189429 from OpenAlex
Fetching coordinates for I1281133977 from OpenAlex
Fetching coordinates for I4210167249 from OpenAlex
Fetching coordinates for I4210090016 from OpenAlex
Fetching coordinates for I84027002 from OpenAlex
Fetching coordinates for I4210113621 from OpenAlex
Fetching coordinates for I98910050 from OpenAlex
Fetching coordinates for I4210098702 from OpenAlex
Fetching coordinates for I4210133938 from OpenAlex
Fetching coordinates for I84475105 from OpenAlex
Fetching coordinates for I144536108 from OpenAlex
Fetching coordinates for I41156924 from OpenAlex
Fetching coordinates for I2276074 from OpenAlex
Fetching coordinates for I110383171 from OpenAlex
Fetching coordinates for I2801120396 from OpenAlex
Fetching coordinates for I868289433 from OpenAlex
Fetching coordinates for I2802326326 from OpenAlex
Fetching coordinates for I4210130634 from OpenAlex
Fetching coordinates for I170979836 from OpenAlex
Fetching coordinates for I112754052 from OpenAlex
Fetching coordinates for I4210100047 from OpenAlex
Fetching coordinates for I152754861 from OpenAlex
Fetching coordinates for I13567498 from OpenAlex
Fetching coordinates for I106542073 from OpenAlex
Fetching coordinates for I336022086 from OpenAlex
Fetching coordinates for I127174594 from OpenAlex
Fetching coordinates for I2799351866 from OpenAlex
Fetching coordinates for I4210131107 from OpenAlex
Fetching coordinates for I3119844270 from OpenAlex
Fetching coordinates for I34034455 from OpenAlex
Fetching coordinates for I2800689258 from OpenAlex
Fetching coordinates for I138537684 from OpenAlex
Fetching coordinates for I173956350 from OpenAlex
Fetching coordinates for I103004294 from OpenAlex
Fetching coordinates for I4210086857 from OpenAlex
Fetching coordinates for I2800150677 from OpenAlex
Fetching coordinates for I3133213366 from OpenAlex
Fetching coordinates for I4210105551 from OpenAlex
Fetching coordinates for I67357951 from OpenAlex
Fetching coordinates for I4210133751 from OpenAlex
Fetching coordinates for I4210114539 from OpenAlex
Fetching coordinates for I2800084297 from OpenAlex
Fetching coordinates for I205092303 from OpenAlex
Fetching coordinates for I17626003 from OpenAlex
Fetching coordinates for I2802210327 from OpenAlex
Fetching coordinates for I178319760 from OpenAlex
Fetching coordinates for I1297971548 from OpenAlex
Fetching coordinates for I68812265 from OpenAlex
Fetching coordinates for I898769471 from OpenAlex
Fetching coordinates for I2802198758 from OpenAlex
Fetching coordinates for I118353179 from OpenAlex
Fetching coordinates for I4210117407 from OpenAlex
Fetching coordinates for I1287896540 from OpenAlex
Fetching coordinates for I1325290502 from OpenAlex
Fetching coordinates for I119878761 from OpenAlex
Fetching coordinates for I180242103 from OpenAlex
Fetching coordinates for I4210156325 from OpenAlex
Fetching coordinates for I10874241 from OpenAlex
Fetching coordinates for I4210140678 from OpenAlex
Fetching coordinates for I4210086299 from OpenAlex
Fetching coordinates for I2800332805 from OpenAlex
Fetching coordinates for I162838928 from OpenAlex
Fetching coordinates for I4210113354 from OpenAlex
Fetching coordinates for I1300891529 from OpenAlex
Fetching coordinates for I1333370159 from OpenAlex
Fetching coordinates for I16970960 from OpenAlex
Fetching coordinates for I1286959531 from OpenAlex
Fetching coordinates for I204136569 from OpenAlex
Fetching coordinates for I149640151 from OpenAlex
Fetching coordinates for I1298154867 from OpenAlex
Fetching coordinates for I4210134878 from OpenAlex
Fetching coordinates for I4210127693 from OpenAlex
Fetching coordinates for I68891433 from OpenAlex
Fetching coordinates for I110995367 from OpenAlex
Fetching coordinates for I4210144005 from OpenAlex
Fetching coordinates for I4210125028 from OpenAlex
Fetching coordinates for I4210109968 from OpenAlex
Fetching coordinates for I4210148340 from OpenAlex
Fetching coordinates for I4210157660 from OpenAlex
Fetching coordinates for I21491767 from OpenAlex
Fetching coordinates for I4210120427 from OpenAlex
Fetching coordinates for I4210146787 from OpenAlex
Fetching coordinates for I4210090782 from OpenAlex
Fetching coordinates for I4210089144 from OpenAlex
Fetching coordinates for I4210138206 from OpenAlex
Fetching coordinates for I4210126368 from OpenAlex
Fetching coordinates for I4210157616 from OpenAlex
Fetching coordinates for I4210100181 from OpenAlex
Fetching coordinates for I4210128845 from OpenAlex
Fetching coordinates for I4210120775 from OpenAlex
Fetching coordinates for I19894307 from OpenAlex
Fetching coordinates for I4210144972 from OpenAlex
Fetching coordinates for I198415970 from OpenAlex
Fetching coordinates for I4210136513 from OpenAlex
Fetching coordinates for I11935315 from OpenAlex
Fetching coordinates for I4210115097 from OpenAlex
Fetching coordinates for I4210119417 from OpenAlex
Fetching coordinates for I4210110912 from OpenAlex
Fetching coordinates for I237446400 from OpenAlex
Fetching coordinates for I124261006 from OpenAlex
Fetching coordinates for I4210142324 from OpenAlex
Fetching coordinates for I16892885 from OpenAlex
Fetching coordinates for I4210106258 from OpenAlex
Fetching coordinates for I182534213 from OpenAlex
Fetching coordinates for I4210092736 from OpenAlex
Fetching coordinates for I4210151837 from OpenAlex
Fetching coordinates for I4210162262 from OpenAlex
Fetching coordinates for I4210094779 from OpenAlex
Fetching coordinates for I1300548115 from OpenAlex
Fetching coordinates for I4210099239 from OpenAlex
Fetching coordinates for I119439378 from OpenAlex
Fetching coordinates for I11317958 from OpenAlex
Fetching coordinates for I4210161896 from OpenAlex
Fetching coordinates for I1294824412 from OpenAlex
Fetching coordinates for I4210113377 from OpenAlex
Fetching coordinates for I4210129127 from OpenAlex
Fetching coordinates for I1295499534 from OpenAlex
Fetching coordinates for I4210105984 from OpenAlex
Fetching coordinates for I4210124018 from OpenAlex
Fetching coordinates for I4210137558 from OpenAlex
Fetching coordinates for I4210145292 from OpenAlex
Fetching coordinates for I4210129515 from OpenAlex
Fetching coordinates for I117532281 from OpenAlex
Fetching coordinates for I1311643757 from OpenAlex
Fetching coordinates for I179060312 from OpenAlex
Fetching coordinates for I146563203 from OpenAlex
Fetching coordinates for I4210141682 from OpenAlex
Fetching coordinates for I2800471414 from OpenAlex
Fetching coordinates for I130929987 from OpenAlex
Fetching coordinates for I1321434546 from OpenAlex
Fetching coordinates for I2800313864 from OpenAlex
Fetching coordinates for I79940851 from OpenAlex
Fetching coordinates for I4210086037 from OpenAlex
Fetching coordinates for I4210144898 from OpenAlex
Fetching coordinates for I4210097490 from OpenAlex
Fetching coordinates for I66217453 from OpenAlex
Fetching coordinates for I4210166097 from OpenAlex
Fetching coordinates for I53241121 from OpenAlex
Fetching coordinates for I4210113115 from OpenAlex
Fetching coordinates for I29406707 from OpenAlex
Fetching coordinates for I4210095825 from OpenAlex
Fetching coordinates for I2802223849 from OpenAlex
Fetching coordinates for I4210158432 from OpenAlex
Fetching coordinates for I158743462 from OpenAlex
Fetching coordinates for I93174350 from OpenAlex
Fetching coordinates for I182145113 from OpenAlex
Fetching coordinates for I190082696 from OpenAlex
Fetching coordinates for I155173764 from OpenAlex
Fetching coordinates for I4210154954 from OpenAlex
Fetching coordinates for I4210098361 from OpenAlex
Fetching coordinates for I116545467 from OpenAlex
Fetching coordinates for I4210142164 from OpenAlex
Fetching coordinates for I4210128053 from OpenAlex
Fetching coordinates for I4210132612 from OpenAlex
Fetching coordinates for I4210114217 from OpenAlex
Fetching coordinates for I2800054365 from OpenAlex
Fetching coordinates for I4210087174 from OpenAlex
Fetching coordinates for I148798404 from OpenAlex
Fetching coordinates for I4210093910 from OpenAlex
Fetching coordinates for I4210127646 from OpenAlex
Fetching coordinates for I3025886734 from OpenAlex
Fetching coordinates for I159601577 from OpenAlex
Fetching coordinates for I4210096503 from OpenAlex
Fetching coordinates for I4210094590 from OpenAlex
Fetching coordinates for I4387155373 from OpenAlex
Fetching coordinates for I4210143681 from OpenAlex
Fetching coordinates for I4210159998 from OpenAlex
Fetching coordinates for I117942362 from OpenAlex
Fetching coordinates for I11855966 from OpenAlex
Fetching coordinates for I134635517 from OpenAlex
Fetching coordinates for I203899302 from OpenAlex
Fetching coordinates for I182023848 from OpenAlex
Fetching coordinates for I4210127958 from OpenAlex
Fetching coordinates for I184925374 from OpenAlex
Fetching coordinates for I4210154640 from OpenAlex
Fetching coordinates for I4210091799 from OpenAlex
Fetching coordinates for I4210132720 from OpenAlex
Fetching coordinates for I4210157348 from OpenAlex
Fetching coordinates for I4210146164 from OpenAlex
Fetching coordinates for I4210127741 from OpenAlex
Fetching coordinates for I4210133967 from OpenAlex
Fetching coordinates for I4210093650 from OpenAlex
Fetching coordinates for I4210159787 from OpenAlex
Fetching coordinates for I2802015276 from OpenAlex
Fetching coordinates for I4210126763 from OpenAlex
Fetching coordinates for I81365321 from OpenAlex
Fetching coordinates for I181343428 from OpenAlex
Fetching coordinates for I4210153046 from OpenAlex
Fetching coordinates for I4210124035 from OpenAlex
Fetching coordinates for I107257983 from OpenAlex
Fetching coordinates for I127591826 from OpenAlex
Fetching coordinates for I4210089559 from OpenAlex
Fetching coordinates for I4210134759 from OpenAlex
Fetching coordinates for I4210113289 from OpenAlex
Fetching coordinates for I4210126705 from OpenAlex
Fetching coordinates for I4391767939 from OpenAlex
Fetching coordinates for I28813325 from OpenAlex
Fetching coordinates for I137506752 from OpenAlex
Fetching coordinates for I4387156115 from OpenAlex
Fetching coordinates for I4210114290 from OpenAlex
Fetching coordinates for I131787340 from OpenAlex
Fetching coordinates for I662221 from OpenAlex
Fetching coordinates for I4210099135 from OpenAlex
Fetching coordinates for I4210118629 from OpenAlex
Fetching coordinates for I4210092191 from OpenAlex
Fetching coordinates for I4210103399 from OpenAlex
Fetching coordinates for I4210109964 from OpenAlex
Fetching coordinates for I154833797 from OpenAlex
Fetching coordinates for I2802201010 from OpenAlex
Fetching coordinates for I721619 from OpenAlex
Fetching coordinates for I9360294 from OpenAlex
Fetching coordinates for I4210108560 from OpenAlex
Fetching coordinates for I4210157426 from OpenAlex
Fetching coordinates for I44109979 from OpenAlex
Fetching coordinates for I184654094 from OpenAlex
Fetching coordinates for I161088229 from OpenAlex
Fetching coordinates for I905000135 from OpenAlex
Fetching coordinates for I35462925 from OpenAlex
Fetching coordinates for I207168215 from OpenAlex
Fetching coordinates for I51768193 from OpenAlex
Fetching coordinates for I4210126054 from OpenAlex
Fetching coordinates for I90488548 from OpenAlex
Fetching coordinates for I163902620 from OpenAlex
Fetching coordinates for I191217947 from OpenAlex
Fetching coordinates for I4210140792 from OpenAlex
Fetching coordinates for I200284239 from OpenAlex
Fetching coordinates for I142444530 from OpenAlex
Fetching coordinates for I54461591 from OpenAlex
Fetching coordinates for I10457146 from OpenAlex
Fetching coordinates for I3006985408 from OpenAlex
Fetching coordinates for I4210107917 from OpenAlex
Fetching coordinates for I4210137284 from OpenAlex
Fetching coordinates for I195525897 from OpenAlex
Fetching coordinates for I4210094404 from OpenAlex
Fetching coordinates for I4210111404 from OpenAlex
Fetching coordinates for I2801862240 from OpenAlex
Fetching coordinates for I4210090073 from OpenAlex
Fetching coordinates for I2802101240 from OpenAlex
Fetching coordinates for I95634034 from OpenAlex
Fetching coordinates for I4210132461 from OpenAlex
Fetching coordinates for I4210138103 from OpenAlex
Fetching coordinates for I4210150184 from OpenAlex
Fetching coordinates for I4210130706 from OpenAlex
Fetching coordinates for I4210097825 from OpenAlex
Fetching coordinates for I126350171 from OpenAlex
Fetching coordinates for I182212641 from OpenAlex
Fetching coordinates for I4210159430 from OpenAlex
Fetching coordinates for I4210094736 from OpenAlex
Fetching coordinates for I4210155481 from OpenAlex
Fetching coordinates for I2802181614 from OpenAlex
Fetching coordinates for I5791819 from OpenAlex
Fetching coordinates for I2800946780 from OpenAlex
Fetching coordinates for I2799863703 from OpenAlex
Fetching coordinates for I4210140924 from OpenAlex
Fetching coordinates for I66809481 from OpenAlex
Fetching coordinates for I133529467 from OpenAlex
Fetching coordinates for I1325481341 from OpenAlex
Fetching coordinates for I4210154080 from OpenAlex
Fetching coordinates for I4210155165 from OpenAlex
Fetching coordinates for I4210137649 from OpenAlex
Fetching coordinates for I4210107653 from OpenAlex
Fetching coordinates for I2801518932 from OpenAlex
Fetching coordinates for I4210163985 from OpenAlex
Fetching coordinates for I91283779 from OpenAlex
Fetching coordinates for I4390039223 from OpenAlex
Fetching coordinates for I4210112752 from OpenAlex
Fetching coordinates for I30558944 from OpenAlex
Fetching coordinates for I40253897 from OpenAlex
Fetching coordinates for I4210158752 from OpenAlex
Fetching coordinates for I39965400 from OpenAlex
Fetching coordinates for I4210107183 from OpenAlex
Fetching coordinates for I4210117001 from OpenAlex
Fetching coordinates for I49313256 from OpenAlex
Fetching coordinates for I95144958 from OpenAlex
Fetching coordinates for I4210145818 from OpenAlex
Fetching coordinates for I4210160498 from OpenAlex
Fetching coordinates for I4068193 from OpenAlex
Fetching coordinates for I4210159557 from OpenAlex
Fetching coordinates for I174458059 from OpenAlex
Fetching coordinates for I129871486 from OpenAlex
Fetching coordinates for I3019308854 from OpenAlex
Fetching coordinates for I115475287 from OpenAlex
Fetching coordinates for I2801360556 from OpenAlex
Fetching coordinates for I4210144913 from OpenAlex
Fetching coordinates for I2801709094 from OpenAlex
Fetching coordinates for I4210150317 from OpenAlex
Fetching coordinates for I4210098826 from OpenAlex
Fetching coordinates for I4210089214 from OpenAlex
Fetching coordinates for I4210087032 from OpenAlex
Fetching coordinates for I4210098882 from OpenAlex
Fetching coordinates for I4210118410 from OpenAlex
Fetching coordinates for I93906172 from OpenAlex
Fetching coordinates for I4210133638 from OpenAlex
Fetching coordinates for I2799667316 from OpenAlex
Fetching coordinates for I100417612 from OpenAlex
Fetching coordinates for I110152177 from OpenAlex
Fetching coordinates for I4210092150 from OpenAlex
Fetching coordinates for I4210118310 from OpenAlex
Fetching coordinates for I162706563 from OpenAlex
Fetching coordinates for I2802127592 from OpenAlex
Fetching coordinates for I182937616 from OpenAlex
Fetching coordinates for I4210091929 from OpenAlex
Fetching coordinates for I2799909505 from OpenAlex
Fetching coordinates for I179430373 from OpenAlex
Fetching coordinates for I4210155677 from OpenAlex
Fetching coordinates for I4210093478 from OpenAlex
Fetching coordinates for I4210127426 from OpenAlex
Fetching coordinates for I4210096498 from OpenAlex
Fetching coordinates for I4210145855 from OpenAlex
Fetching coordinates for I4210166645 from OpenAlex
Fetching coordinates for I305130695 from OpenAlex
Fetching coordinates for I4210092360 from OpenAlex
Fetching coordinates for I4210129446 from OpenAlex
Fetching coordinates for I2802066829 from OpenAlex
Fetching coordinates for I4210114045 from OpenAlex
Fetching coordinates for I4210165562 from OpenAlex
Fetching coordinates for I4210120848 from OpenAlex
Fetching coordinates for I2608206482 from OpenAlex
Fetching coordinates for I4210155072 from OpenAlex
Fetching coordinates for I4210157730 from OpenAlex
Fetching coordinates for I4210134505 from OpenAlex
Fetching coordinates for I4210133182 from OpenAlex
Fetching coordinates for I4210136813 from OpenAlex
Fetching coordinates for I4210128757 from OpenAlex
Fetching coordinates for I176279760 from OpenAlex
Fetching coordinates for I2801240477 from OpenAlex
Fetching coordinates for I27765905 from OpenAlex
Fetching coordinates for I2799742747 from OpenAlex
Fetching coordinates for I102664891 from OpenAlex
Fetching coordinates for I157614274 from OpenAlex
Fetching coordinates for I281429137 from OpenAlex
Fetching coordinates for I4210130773 from OpenAlex
Fetching coordinates for I3169584401 from OpenAlex
Fetching coordinates for I191240316 from OpenAlex
Fetching coordinates for I4210117515 from OpenAlex
Fetching coordinates for I4210089884 from OpenAlex
Fetching coordinates for I115283149 from OpenAlex
Fetching coordinates for I131249849 from OpenAlex
Fetching coordinates for I4210094280 from OpenAlex
Fetching coordinates for I47834966 from OpenAlex
Fetching coordinates for I4210146003 from OpenAlex
Fetching coordinates for I4210096347 from OpenAlex
Fetching coordinates for I4210096354 from OpenAlex
Fetching coordinates for I184558857 from OpenAlex
Fetching coordinates for I874317431 from OpenAlex
Fetching coordinates for I4210101901 from OpenAlex
Fetching coordinates for I92389990 from OpenAlex
Fetching coordinates for I4210128703 from OpenAlex
Fetching coordinates for I1281614193 from OpenAlex
Fetching coordinates for I4210133706 from OpenAlex
Fetching coordinates for I4210119150 from OpenAlex
Fetching coordinates for I44892455 from OpenAlex
Fetching coordinates for I173654999 from OpenAlex
Fetching coordinates for I159548981 from OpenAlex
Fetching coordinates for I9250283 from OpenAlex
Fetching coordinates for I1312106833 from OpenAlex
Fetching coordinates for I1295346377 from OpenAlex
Fetching coordinates for I2799533583 from OpenAlex
Fetching coordinates for I4210143766 from OpenAlex
Fetching coordinates for I4210122025 from OpenAlex
Fetching coordinates for I4210153733 from OpenAlex
Fetching coordinates for I4210126180 from OpenAlex
Fetching coordinates for I298625061 from OpenAlex
Fetching coordinates for I4210122955 from OpenAlex
Fetching coordinates for I4210137661 from OpenAlex
Fetching coordinates for I4210124851 from OpenAlex
Fetching coordinates for I2801075885 from OpenAlex
Fetching coordinates for I4210144282 from OpenAlex
Fetching coordinates for I2799477489 from OpenAlex
Fetching coordinates for I168893459 from OpenAlex
Fetching coordinates for I145311141 from OpenAlex
Fetching coordinates for I4210090317 from OpenAlex
Fetching coordinates for I4210111013 from OpenAlex
Fetching coordinates for I4391768045 from OpenAlex
Fetching coordinates for I36819085 from OpenAlex
Fetching coordinates for I4210097218 from OpenAlex
Fetching coordinates for I176834541 from OpenAlex
Fetching coordinates for I52180223 from OpenAlex
Fetching coordinates for I4210117733 from OpenAlex
Fetching coordinates for I4210086717 from OpenAlex
Fetching coordinates for I161346416 from OpenAlex
Fetching coordinates for I4210119234 from OpenAlex
Fetching coordinates for I4210105567 from OpenAlex
Fetching coordinates for I4210098117 from OpenAlex
Fetching coordinates for I4391768195 from OpenAlex
Fetching coordinates for I79223203 from OpenAlex
Fetching coordinates for I4210160019 from OpenAlex
Fetching coordinates for I4210145099 from OpenAlex
Fetching coordinates for I4210117337 from OpenAlex
Fetching coordinates for I4210140176 from OpenAlex
Fetching coordinates for I127251866 from OpenAlex
Fetching coordinates for I2802992173 from OpenAlex
Fetching coordinates for I72903472 from OpenAlex
Fetching coordinates for I150693791 from OpenAlex
Fetching coordinates for I2949033070 from OpenAlex
Fetching coordinates for I4210135798 from OpenAlex
Fetching coordinates for I4210150764 from OpenAlex
Fetching coordinates for I4210142363 from OpenAlex
Fetching coordinates for I291386647 from OpenAlex
Fetching coordinates for I4210156597 from OpenAlex
Fetching coordinates for I90438679 from OpenAlex
Fetching coordinates for I4210147846 from OpenAlex
Fetching coordinates for I4210140200 from OpenAlex
Fetching coordinates for I4210110166 from OpenAlex
Fetching coordinates for I1281210470 from OpenAlex
Fetching coordinates for I4210145996 from OpenAlex
Fetching coordinates for I4401200348 from OpenAlex
Fetching coordinates for I205612303 from OpenAlex
Fetching coordinates for I4210099037 from OpenAlex
Fetching coordinates for I4210122659 from OpenAlex
Fetching coordinates for I1306339040 from OpenAlex
Fetching coordinates for I4210148813 from OpenAlex
Fetching coordinates for I4210102984 from OpenAlex
Fetching coordinates for I99484792 from OpenAlex
Fetching coordinates for I4210145991 from OpenAlex
Fetching coordinates for I2800444561 from OpenAlex
Fetching coordinates for I2800610419 from OpenAlex
Fetching coordinates for I16820183 from OpenAlex
Fetching coordinates for I4389425277 from OpenAlex
Fetching coordinates for I2802362820 from OpenAlex
Fetching coordinates for I4388482654 from OpenAlex
Fetching coordinates for I862801819 from OpenAlex
Fetching coordinates for I189195476 from OpenAlex
Fetching coordinates for I4391767660 from OpenAlex
Fetching coordinates for I133270356 from OpenAlex
Fetching coordinates for I4210129465 from OpenAlex
Fetching coordinates for I4210127931 from OpenAlex
Fetching coordinates for I2801312332 from OpenAlex
Fetching coordinates for I3129293551 from OpenAlex
Fetching coordinates for I4210085895 from OpenAlex
Fetching coordinates for I73417466 from OpenAlex
Fetching coordinates for I61152923 from OpenAlex
Fetching coordinates for I92092256 from OpenAlex
Fetching coordinates for I921716337 from OpenAlex
Fetching coordinates for I4210142484 from OpenAlex
Fetching coordinates for I114218197 from OpenAlex
Fetching coordinates for I4210103325 from OpenAlex
Fetching coordinates for I114117164 from OpenAlex
Fetching coordinates for I4210107234 from OpenAlex
Fetching coordinates for I116036724 from OpenAlex
Fetching coordinates for I4210110925 from OpenAlex
Fetching coordinates for I4210097777 from OpenAlex
Fetching coordinates for I146620803 from OpenAlex
Fetching coordinates for I4392738113 from OpenAlex
Fetching coordinates for I231622532 from OpenAlex
Fetching coordinates for I4210099839 from OpenAlex
Fetching coordinates for I4210156299 from OpenAlex
Fetching coordinates for I186667990 from OpenAlex
Fetching coordinates for I4210140452 from OpenAlex
Fetching coordinates for I4210092306 from OpenAlex
Fetching coordinates for I4210098026 from OpenAlex
Fetching coordinates for I4210107755 from OpenAlex
Fetching coordinates for I4210086338 from OpenAlex
Fetching coordinates for I106785703 from OpenAlex
Fetching coordinates for I1307098950 from OpenAlex
Fetching coordinates for I4210155364 from OpenAlex
Fetching coordinates for I37839565 from OpenAlex
Fetching coordinates for I4210113028 from OpenAlex
Fetching coordinates for I2802464121 from OpenAlex
Fetching coordinates for I4210103476 from OpenAlex
Fetching coordinates for I173869447 from OpenAlex
Fetching coordinates for I137377929 from OpenAlex
Fetching coordinates for I1328728281 from OpenAlex
Fetching coordinates for I41343362 from OpenAlex
Fetching coordinates for I1336742384 from OpenAlex
Fetching coordinates for I4210088912 from OpenAlex
Fetching coordinates for I4210100294 from OpenAlex
Fetching coordinates for I143397708 from OpenAlex
Fetching coordinates for I2801112325 from OpenAlex
Fetching coordinates for I4210131484 from OpenAlex
Fetching coordinates for I2801054121 from OpenAlex
Fetching coordinates for I4210128490 from OpenAlex
Fetching coordinates for I4210128482 from OpenAlex
Fetching coordinates for I168864056 from OpenAlex
Fetching coordinates for I4387152795 from OpenAlex
Fetching coordinates for I106245021 from OpenAlex
Fetching coordinates for I4405392 from OpenAlex
Fetching coordinates for I2802561039 from OpenAlex
Fetching coordinates for I4210094862 from OpenAlex
Fetching coordinates for I14780663 from OpenAlex
Fetching coordinates for I2753814022 from OpenAlex
Fetching coordinates for I4210145005 from OpenAlex
Fetching coordinates for I4210116723 from OpenAlex
Fetching coordinates for I1285182086 from OpenAlex
Fetching coordinates for I4210122125 from OpenAlex
Fetching coordinates for I859910249 from OpenAlex
Fetching coordinates for I4210105151 from OpenAlex
Fetching coordinates for I2800028685 from OpenAlex
Fetching coordinates for I4210128160 from OpenAlex
Fetching coordinates for I197274945 from OpenAlex
Fetching coordinates for I4210124293 from OpenAlex
Fetching coordinates for I48840829 from OpenAlex
Fetching coordinates for I317356780 from OpenAlex
Fetching coordinates for I4210085864 from OpenAlex
Fetching coordinates for I4210094323 from OpenAlex
Fetching coordinates for I4210151139 from OpenAlex
Fetching coordinates for I4210119121 from OpenAlex
Fetching coordinates for I24101674 from OpenAlex
Fetching coordinates for I4210144733 from OpenAlex
Fetching coordinates for I55654194 from OpenAlex
Fetching coordinates for I150263970 from OpenAlex
Fetching coordinates for I187279525 from OpenAlex
Fetching coordinates for I4210133830 from OpenAlex
Fetching coordinates for I4210106353 from OpenAlex
Fetching coordinates for I4210133745 from OpenAlex
Fetching coordinates for I1303243448 from OpenAlex
Fetching coordinates for I4210114888 from OpenAlex
Fetching coordinates for I4210133369 from OpenAlex
Fetching coordinates for I4210109986 from OpenAlex
Fetching coordinates for I194456095 from OpenAlex
Fetching coordinates for I4210117557 from OpenAlex
Fetching coordinates for I4390039297 from OpenAlex
Fetching coordinates for I4210121077 from OpenAlex
Fetching coordinates for I4210120076 from OpenAlex
Fetching coordinates for I2800890972 from OpenAlex
Fetching coordinates for I138367206 from OpenAlex
Fetching coordinates for I3131177233 from OpenAlex
Fetching coordinates for I145286018 from OpenAlex
Fetching coordinates for I2801192375 from OpenAlex
Fetching coordinates for I91699865 from OpenAlex
Fetching coordinates for I15517640 from OpenAlex
Fetching coordinates for I4210107677 from OpenAlex
Fetching coordinates for I4210113792 from OpenAlex
[OA] Got coordinates for I58956616: lat=41.4995, lon=-81.69541
[OA] Failed to fetch I200719446, got None
[OA] Failed to fetch I63966007, got None
[OA] Failed to fetch I138006243, got None
[OA] Failed to fetch I204778367, got None
[OA] Failed to fetch I1321305853, got None
[OA] Failed to fetch I4210105908, got None
[OA] Failed to fetch I161318765, got None
[OA] Failed to fetch I142207940, got None
[OA] Failed to fetch I4210134044, got None
[OA] Failed to fetch I111979921, got None
[OA] Failed to fetch I4210103794, got None
[OA] Failed to fetch I79576946, got None
[OA] Failed to fetch I3019813218, got None
[OA] Failed to fetch I4210142393, got None
[OA] Failed to fetch I4210088555, got None
[OA] Failed to fetch I219193219, got None
[OA] Failed to fetch I5388228, got None
[OA] Failed to fetch I154570441, got None
[OA] Failed to fetch I4210145761, got None
[OA] Failed to fetch I20089843, got None
[OA] Failed to fetch I4210097150, got None
[OA] Failed to fetch I4210145244, got None
[OA] Failed to fetch I4210122954, got None
[OA] Failed to fetch I1288214837, got None
[OA] Failed to fetch I32699454, got None
[OA] Failed to fetch I55143463, got None
[OA] Failed to fetch I4210099850, got None
[OA] Failed to fetch I83399316, got None
[OA] Failed to fetch I4654613, got None
[OA] Failed to fetch I1314696892, got None
[OA] Failed to fetch I2801909243, got None
[OA] Failed to fetch I1311060795, got None
[OA] Failed to fetch I122411786, got None
[OA] Failed to fetch I4210147822, got None
[OA] Failed to fetch I4210110987, got None
[OA] Failed to fetch I28777354, got None
[OA] Failed to fetch I8078737, got None
[OA] Failed to fetch I4210150557, got None
[OA] Failed to fetch I193352282, got None
[OA] Failed to fetch I123900574, got None
[OA] Failed to fetch I174101054, got None
[OA] Failed to fetch I55240360, got None
[OA] Failed to fetch I157485424, got None
[OA] Failed to fetch I4400573303, got None
[OA] Failed to fetch I4210149656, got None
[OA] Failed to fetch I4210152061, got None
[OA] Failed to fetch I58716616, got None
[OA] Failed to fetch I4210131320, got None
[OA] Failed to fetch I4210129133, got None
[OA] Failed to fetch I4210088426, got None
[OA] Failed to fetch I4387154587, got None
[OA] Failed to fetch I4210142372, got None
[OA] Failed to fetch I1343180700, got None
[OA] Failed to fetch I4210102556, got None
[OA] Failed to fetch I4210164339, got None
[OA] Failed to fetch I4210131846, got None
[OA] Failed to fetch I4210146410, got None
[OA] Failed to fetch I4210144024, got None
[OA] Failed to fetch I40120149, got None
[OA] Failed to fetch I4210134831, got None
[OA] Failed to fetch I125680101, got None
[OA] Failed to fetch I63525965, got None
[OA] Failed to fetch I123044942, got None
[OA] Failed to fetch I4210134243, got None
[OA] Failed to fetch I4210164937, got None
[OA] Failed to fetch I187531555, got None
[OA] Failed to fetch I881427289, got None
[OA] Failed to fetch I992397, got None
[OA] Failed to fetch I157286207, got None
[OA] Failed to fetch I4210166741, got None
[OA] Failed to fetch I2799600557, got None
[OA] Failed to fetch I2799950917, got None
[OA] Failed to fetch I38260057, got None
[OA] Failed to fetch I71156769, got None
[OA] Failed to fetch I5023651, got None
[OA] Failed to fetch I164936912, got None
[OA] Failed to fetch I12315562, got None
[OA] Failed to fetch I926076166, got None
[OA] Failed to fetch I4210102497, got None
[OA] Failed to fetch I4210153572, got None
[OA] Failed to fetch I107606265, got None
[OA] Failed to fetch I4210087915, got None
[OA] Failed to fetch I111088046, got None
[OA] Failed to fetch I4210157710, got None
[OA] Failed to fetch I50898853, got None
[OA] Failed to fetch I136199984, got None
[OA] Failed to fetch I919571938, got None
[OA] Failed to fetch I4210117453, got None
[OA] Failed to fetch I1283280774, got None
[OA] Failed to fetch I1343551460, got None
[OA] Failed to fetch I4210160401, got None
[OA] Failed to fetch I4390039253, got None
[OA] Failed to fetch I84218800, got None
[OA] Failed to fetch I2613432, got None
[OA] Failed to fetch I4210131993, got None
[OA] Failed to fetch I40036882, got None
[OA] Failed to fetch I78577930, got None
[OA] Failed to fetch I157725225, got None
[OA] Failed to fetch I159129438, got None
[OA] Failed to fetch I4210101890, got None
[OA] Failed to fetch I114395901, got None
[OA] Failed to fetch I183874917, got None
[OA] Failed to fetch I2801919071, got None
[OA] Failed to fetch I148283060, got None
[OA] Failed to fetch I71561298, got None
[OA] Failed to fetch I923382979, got None
[OA] Failed to fetch I33213144, got None
[OA] Failed to fetch I74801974, got None
[OA] Failed to fetch I2803209242, got None
[OA] Failed to fetch I1280581677, got None
[OA] Failed to fetch I4210128719, got None
[OA] Failed to fetch I4210095175, got None
[OA] Failed to fetch I146416000, got None
[OA] Failed to fetch I88060688, got None
[OA] Failed to fetch I50357001, got None
[OA] Failed to fetch I144112489, got None
[OA] Failed to fetch I4210122696, got None
[OA] Failed to fetch I4210087640, got None
[OA] Failed to fetch I26538001, got None
[OA] Failed to fetch I150209017, got None
[OA] Failed to fetch I36258959, got None
[OA] Failed to fetch I124055696, got None
[OA] Failed to fetch I35570632, got None
[OA] Failed to fetch I4210153052, got None
[OA] Failed to fetch I66958751, got None
[OA] Failed to fetch I20121455, got None
[OA] Failed to fetch I109736498, got None
[OA] Failed to fetch I165143802, got None
[OA] Failed to fetch I1282105669, got None
[OA] Failed to fetch I1339224429, got None
[OA] Failed to fetch I67348948, got None
[OA] Failed to fetch I1291425158, got None
[OA] Failed to fetch I2801680271, got None
[OA] Failed to fetch I4432739, got None
[OA] Failed to fetch I32021983, got None
[OA] Failed to fetch I40347166, got None
[OA] Failed to fetch I4210151733, got None
[OA] Failed to fetch I4210105847, got None
[OA] Failed to fetch I32971472, got None
[OA] Failed to fetch I91045830, got None
[OA] Failed to fetch I201448701, got None
[OA] Failed to fetch I4391767798, got None
[OA] Failed to fetch I196699116, got None
[OA] Failed to fetch I24185976, got None
[OA] Failed to fetch I4210112710, got None
[OA] Failed to fetch I1294671590, got None
[OA] Failed to fetch I83519826, got None
[OA] Failed to fetch I4210111394, got None
[OA] Failed to fetch I4391768004, got None
[OA] Failed to fetch I881766915, got None
[OA] Failed to fetch I2801337628, got None
[OA] Failed to fetch I24943067, got None
[OA] Failed to fetch I1288882113, got None
[OA] Failed to fetch I126520041, got None
[OA] Failed to fetch I3124059619, got None
[OA] Failed to fetch I4210113138, got None
[OA] Failed to fetch I2801851002, got None
[OA] Failed to fetch I115592961, got None
[OA] Failed to fetch I39422238, got None
[OA] Failed to fetch I125839683, got None
[OA] Failed to fetch I2799850029, got None
[OA] Failed to fetch I64449678, got None
[OA] Failed to fetch I4210096899, got None
[OA] Failed to fetch I178232147, got None
[OA] Failed to fetch I4210109381, got None
[OA] Failed to fetch I16365422, got None
[OA] Failed to fetch I100188998, got None
[OA] Failed to fetch I4210156834, got None
[OA] Failed to fetch I204983213, got None
[OA] Failed to fetch I4210161462, got None
[OA] Failed to fetch I162577319, got None
[OA] Failed to fetch I204465549, got None
[OA] Failed to fetch I2799736854, got None
[OA] Failed to fetch I189210763, got None
[OA] Failed to fetch I4210155419, got None
[OA] Failed to fetch I4210089597, got None
[OA] Failed to fetch I1317886745, got None
[OA] Failed to fetch I2799735646, got None
[OA] Failed to fetch I4391012615, got None
[OA] Failed to fetch I1344073410, got None
[OA] Failed to fetch I4210134579, got None
[OA] Failed to fetch I2802074453, got None
[OA] Failed to fetch I107077323, got None
[OA] Failed to fetch I140172145, got None
[OA] Failed to fetch I4210092658, got None
[OA] Failed to fetch I4575257, got None
[OA] Failed to fetch I3130687028, got None
[OA] Failed to fetch I175003984, got None
[OA] Failed to fetch I4210149382, got None
[OA] Failed to fetch I4399598358, got None
[OA] Failed to fetch I4210150093, got None
[OA] Failed to fetch I1303691731, got None
[OA] Failed to fetch I8204097, got None
[OA] Failed to fetch I4210153543, got None
[OA] Failed to fetch I189554337, got None
[OA] Failed to fetch I4210134512, got None
[OA] Failed to fetch I2801533059, got None
[OA] Failed to fetch I4210138560, got None
[OA] Failed to fetch I170201317, got None
[OA] Failed to fetch I65837984, got None
[OA] Failed to fetch I4210160310, got None
[OA] Failed to fetch I98677209, got None
[OA] Failed to fetch I12093191, got None
[OA] Failed to fetch I4210165394, got None
[OA] Failed to fetch I71999127, got None
[OA] Failed to fetch I1330342723, got None
[OA] Failed to fetch I42066560, got None
[OA] Failed to fetch I4210158468, got None
[OA] Failed to fetch I4210116173, got None
[OA] Failed to fetch I4210134111, got None
[OA] Failed to fetch I2802423016, got None
[OA] Failed to fetch I165951966, got None
[OA] Failed to fetch I1316902750, got None
[OA] Failed to fetch I4210153043, got None
[OA] Failed to fetch I4210126298, got None
[OA] Failed to fetch I4210097951, got None
[OA] Failed to fetch I4210110856, got None
[OA] Failed to fetch I4210126251, got None
[OA] Failed to fetch I4210095148, got None
[OA] Failed to fetch I1297363086, got None
[OA] Failed to fetch I4210108746, got None
[OA] Failed to fetch I4210089671, got None
[OA] Failed to fetch I4210146328, got None
[OA] Failed to fetch I4210092087, got None
[OA] Failed to fetch I4210094026, got None
[OA] Failed to fetch I921990950, got None
[OA] Failed to fetch I196272386, got None
[OA] Failed to fetch I4210153594, got None
[OA] Failed to fetch I4210087413, got None
[OA] Failed to fetch I2801852214, got None
[OA] Failed to fetch I1285739803, got None
[OA] Failed to fetch I4210143392, got None
[OA] Failed to fetch I71267560, got None
[OA] Failed to fetch I51713134, got None
[OA] Failed to fetch I185261750, got None
[OA] Failed to fetch I4210141030, got None
[OA] Failed to fetch I4210110523, got None
[OA] Failed to fetch I4210135350, got None
[OA] Failed to fetch I2802654978, got None
[OA] Failed to fetch I2801317318, got None
[OA] Failed to fetch I129975664, got None
[OA] Failed to fetch I188538660, got None
[OA] Failed to fetch I4210150878, got None
[OA] Failed to fetch I1319743688, got None
[OA] Failed to fetch I1335289525, got None
[OA] Failed to fetch I1290900354, got None
[OA] Failed to fetch I4210101681, got None
[OA] Failed to fetch I2799849604, got None
[OA] Failed to fetch I121934306, got None
[OA] Failed to fetch I4210102414, got None
[OA] Failed to fetch I146552867, got None
[OA] Failed to fetch I205783295, got None
[OA] Failed to fetch I1281539108, got None
[OA] Failed to fetch I2802336062, got None
[OA] Failed to fetch I2800496781, got None
[OA] Failed to fetch I4210092022, got None
[OA] Failed to fetch I204337017, got None
[OA] Failed to fetch I116067653, got None
[OA] Failed to fetch I1288162130, got None
[OA] Failed to fetch I27158533, got None
[OA] Failed to fetch I129634264, got None
[OA] Failed to fetch I4210148403, got None
[OA] Failed to fetch I141945490, got None
[OA] Failed to fetch I4210093329, got None
[OA] Failed to fetch I4210161994, got None
[OA] Failed to fetch I151808059, got None
[OA] Failed to fetch I180670191, got None
[OA] Failed to fetch I189774192, got None
[OA] Failed to fetch I1315708478, got None
[OA] Failed to fetch I4210131544, got None
[OA] Failed to fetch I4210136940, got None
[OA] Failed to fetch I111236770, got None
[OA] Failed to fetch I130238516, got None
[OA] Failed to fetch I4210101549, got None
[OA] Failed to fetch I4210091810, got None
[OA] Failed to fetch I4210120349, got None
[OA] Failed to fetch I4210151970, got None
[OA] Failed to fetch I4210125099, got None
[OA] Failed to fetch I135310074, got None
[OA] Failed to fetch I4210089486, got None
[OA] Failed to fetch I4210145671, got None
[OA] Failed to fetch I145608581, got None
[OA] Failed to fetch I2801543288, got None
[OA] Failed to fetch I126744593, got None
[OA] Failed to fetch I1283092701, got None
[OA] Failed to fetch I1298060332, got None
[OA] Failed to fetch I1327163397, got None
[OA] Failed to fetch I33434090, got None
[OA] Failed to fetch I4210125326, got None
[OA] Failed to fetch I4210113060, got None
[OA] Failed to fetch I133731052, got None
[OA] Failed to fetch I27804330, got None
[OA] Failed to fetch I4210137693, got None
[OA] Failed to fetch I1289490764, got None
[OA] Failed to fetch I2800446032, got None
[OA] Failed to fetch I4210150208, got None
[OA] Failed to fetch I4210121344, got None
[OA] Failed to fetch I4210137981, got None
[OA] Failed to fetch I4210167126, got None
[OA] Failed to fetch I2799970807, got None
[OA] Failed to fetch I102322052, got None
[OA] Failed to fetch I142947616, got None
[OA] Failed to fetch I55732556, got None
[OA] Failed to fetch I1326427960, got None
[OA] Failed to fetch I4210137766, got None
[OA] Failed to fetch I36788626, got None
[OA] Failed to fetch I4210127473, got None
[OA] Failed to fetch I145311948, got None
[OA] Failed to fetch I4210151352, got None
[OA] Failed to fetch I178645029, got None
[OA] Failed to fetch I197347611, got None
[OA] Failed to fetch I169521973, got None
[OA] Failed to fetch I1284308235, got None
[OA] Failed to fetch I73616290, got None
[OA] Failed to fetch I4210090991, got None
[OA] Failed to fetch I4210109333, got None
[OA] Failed to fetch I58610484, got None
[OA] Failed to fetch I4210145582, got None
[OA] Failed to fetch I4210142152, got None
[OA] Failed to fetch I4210143602, got None
[OA] Failed to fetch I2609998029, got None
[OA] Failed to fetch I1282311441, got None
[OA] Failed to fetch I4210104856, got None
[OA] Failed to fetch I4210138199, got None
[OA] Failed to fetch I200870766, got None
[OA] Failed to fetch I4210142660, got None
[OA] Failed to fetch I2801935854, got None
[OA] Failed to fetch I223532165, got None
[OA] Failed to fetch I44461941, got None
[OA] Failed to fetch I55769427, got None
[OA] Failed to fetch I12912129, got None
[OA] Failed to fetch I59553526, got None
[OA] Failed to fetch I4210120900, got None
[OA] Failed to fetch I160013858, got None
[OA] Failed to fetch I97018004, got None
[OA] Failed to fetch I33821262, got None
[OA] Failed to fetch I178169726, got None
[OA] Failed to fetch I63190737, got None
[OA] Failed to fetch I87216513, got None
[OA] Failed to fetch I4210142217, got None
[OA] Failed to fetch I1320553840, got None
[OA] Failed to fetch I592451, got None
[OA] Failed to fetch I75027704, got None
[OA] Failed to fetch I174306211, got None
[OA] Failed to fetch I126596746, got None
[OA] Failed to fetch I2802706902, got None
[OA] Failed to fetch I95457486, got None
[OA] Failed to fetch I134446601, got None
[OA] Failed to fetch I4210118248, got None
[OA] Failed to fetch I121797337, got None
[OA] Failed to fetch I173911158, got None
[OA] Failed to fetch I184840846, got None
[OA] Failed to fetch I4210144791, got None
[OA] Failed to fetch I102322142, got None
[OA] Failed to fetch I2802789608, got None
[OA] Failed to fetch I4210158631, got None
[OA] Failed to fetch I204250578, got None
[OA] Failed to fetch I2800229700, got None
[OA] Failed to fetch I1321296531, got None
[OA] Failed to fetch I4210104735, got None
[OA] Failed to fetch I198068145, got None
[OA] Failed to fetch I67581229, got None
[OA] Failed to fetch I4210149674, got None
[OA] Failed to fetch I51826884, got None
[OA] Failed to fetch I48912391, got None
[OA] Failed to fetch I2800369878, got None
[OA] Failed to fetch I4210125919, got None
[OA] Failed to fetch I4210126244, got None
[OA] Failed to fetch I129604602, got None
[OA] Failed to fetch I31746571, got None
[OA] Failed to fetch I4210149442, got None
[OA] Failed to fetch I861853513, got None
[OA] Failed to fetch I4210156919, got None
[OA] Failed to fetch I48430043, got None
[OA] Failed to fetch I100532134, got None
[OA] Failed to fetch I4210089854, got None
[OA] Failed to fetch I4210112235, got None
[OA] Failed to fetch I74775410, got None
[OA] Failed to fetch I2801304276, got None
[OA] Failed to fetch I4210087405, got None
[OA] Failed to fetch I4210156074, got None
[OA] Failed to fetch I114090438, got None
[OA] Failed to fetch I123387679, got None
[OA] Failed to fetch I4210165538, got None
[OA] Failed to fetch I4210159854, got None
[OA] Failed to fetch I99464096, got None
[OA] Failed to fetch I24156275, got None
[OA] Failed to fetch I4210140884, got None
[OA] Failed to fetch I177969490, got None
[OA] Failed to fetch I4210155630, got None
[OA] Failed to fetch I130701444, got None
[OA] Failed to fetch I30867006, got None
[OA] Failed to fetch I4210149717, got None
[OA] Failed to fetch I161593684, got None
[OA] Failed to fetch I4210092957, got None
[OA] Failed to fetch I205582932, got None
[OA] Failed to fetch I4210139777, got None
[OA] Failed to fetch I7877124, got None
[OA] Failed to fetch I4210127591, got None
[OA] Failed to fetch I4210105571, got None
[OA] Failed to fetch I118564535, got None
[OA] Failed to fetch I2802335433, got None
[OA] Failed to fetch I4210127817, got None
[OA] Failed to fetch I96673099, got None
[OA] Failed to fetch I201537933, got None
[OA] Failed to fetch I13955877, got None
[OA] Failed to fetch I6902469, got None
[OA] Failed to fetch I2799323385, got None
[OA] Failed to fetch I4210121317, got None
[OA] Failed to fetch I35440088, got None
[OA] Got coordinates for I4210166946: lat=41.040592193603516, lon=-85.24008178710938
[OA] Got coordinates for I111483173: lat=36.58729553222656, lon=-82.15910339355469
[OA] Got coordinates for I165690674: lat=45.5234489440918, lon=-122.67620849609375
[OA] Got coordinates for I4210087207: lat=42.3751, lon=-71.10561
[OA] Got coordinates for I4530042: lat=40.88459396362305, lon=-73.64407348632812
[OA] Got coordinates for I76835614: lat=38.95171, lon=-92.33407
[OA] Got coordinates for I2802890147: lat=35.95824432373047, lon=-83.97370910644531
[OA] Got coordinates for I79477286: lat=38.95171, lon=-92.33407
[OA] Got coordinates for I86519309: lat=30.26715, lon=-97.74306
[OA] Got coordinates for I4210114115: lat=41.270931243896484, lon=-73.77763366699219
[OA] Got coordinates for I2799416549: lat=38.62726974487305, lon=-90.33602905273438
[OA] Got coordinates for I4210110509: lat=38.88056564331055, lon=-77.11099243164062
[OA] Got coordinates for I1341412227: lat=41.10853958129883, lon=-73.72046661376953
[OA] Got coordinates for I168995470: lat=42.375099182128906, lon=-71.1056137084961
[OA] Got coordinates for I130785548: lat=42.26258850097656, lon=-71.80229187011719
[OA] Got coordinates for I4210164579: lat=38.76957321166992, lon=-123.53076171875
[OA] Got coordinates for I4210093880: lat=39.950279235839844, lon=-75.16441345214844
[OA] Got coordinates for I1298563314: lat=38.90214538574219, lon=-77.03272247314453
[OA] Got coordinates for I55302922: lat=29.30135, lon=-94.7977
[OA] Got coordinates for I1316535847: lat=42.339786529541016, lon=-71.10518646240234
[OA] Got coordinates for I1286490081: lat=42.358428955078125, lon=-71.05976867675781
[OA] Got coordinates for I4210088741: lat=45.010929107666016, lon=-93.4542465209961
[OA] Got coordinates for I1287643137: lat=40.73292541503906, lon=-73.98320770263672
[OA] Got coordinates for I188703185: lat=35.149417877197266, lon=-90.0505142211914
[OA] Got coordinates for I29236304: lat=38.90541076660156, lon=-77.05267333984375
[OA] Got coordinates for I1282927834: lat=34.05223083496094, lon=-118.24368286132812
[OA] Got coordinates for I170897317: lat=35.99403, lon=-78.89862
[OA] Got coordinates for I4210107114: lat=42.21988296508789, lon=-71.54557800292969
[OA] Got coordinates for I1333109800: lat=29.70865821838379, lon=-95.40045928955078
[OA] Got coordinates for I2799903593: lat=38.89511, lon=-77.03637
[OA] Got coordinates for I2802849423: lat=33.58849334716797, lon=-101.8920669555664
[OA] Got coordinates for I184565670: lat=38.89511, lon=-77.03637
[OA] Got coordinates for I47838141: lat=38.62726974487305, lon=-90.19789123535156
[OA] Got coordinates for I1306263314: lat=38.90393829345703, lon=-77.03337860107422
[OA] Got coordinates for I1310729568: lat=47.652008056640625, lon=-117.42337799072266
[OA] Got coordinates for I114832834: lat=29.95465, lon=-90.07507
[OA] Got coordinates for I1343052199: lat=37.80437, lon=-122.2708
[OA] Got coordinates for I4210091615: lat=40.73641586303711, lon=-73.99958801269531
[OA] Got coordinates for I1306430637: lat=33.507293701171875, lon=-86.78898620605469
[OA] Got coordinates for I55921689: lat=40.44062, lon=-79.99589
[OA] Got coordinates for I2750212522: lat=40.871490478515625, lon=-73.456787109375
[OA] Got coordinates for I180949307: lat=41.85002899169922, lon=-87.6500473022461
[OA] Got coordinates for I1343871089: lat=35.88808059692383, lon=-106.30696868896484
[OA] Got coordinates for I103531236: lat=42.35843, lon=-71.05977
[OA] Got coordinates for I4210127218: lat=35.08449172973633, lon=-106.65113830566406
[OA] Got coordinates for I121820613: lat=30.44332, lon=-91.18747
[OA] Got coordinates for I137853757: lat=38.895111083984375, lon=-77.03636932373047
[OA] Got coordinates for I4210104914: lat=38.90064239501953, lon=-77.02854919433594
[OA] Got coordinates for I142606810: lat=46.28569030761719, lon=-119.28446197509766
[OA] Got coordinates for I873043661: lat=44.260223388671875, lon=-88.4200210571289
[OA] Got coordinates for I2799503643: lat=40.714271545410156, lon=-74.00596618652344
[OA] Got coordinates for I4210126476: lat=37.87159, lon=-122.27275
[OA] Got coordinates for I209244073: lat=41.673038482666016, lon=-93.69772338867188
[OA] Got coordinates for I168959743: lat=33.55390930175781, lon=-117.21392059326172
[OA] Got coordinates for I84470341: lat=38.93688201904297, lon=-76.99869537353516
[OA] Got coordinates for I4210105766: lat=41.7840461730957, lon=-87.59072875976562
[OA] Got coordinates for I1316910977: lat=39.745948791503906, lon=-75.54659271240234
[OA] Got coordinates for I210824098: lat=39.68230056762695, lon=-75.58699798583984
[OA] Got coordinates for I392282: lat=42.65258026123047, lon=-73.75623321533203
[OA] Got coordinates for I189273616: lat=42.32558059692383, lon=-87.84117889404297
[OA] Got coordinates for I1290206253: lat=47.67399, lon=-122.12151
[OA] Got coordinates for I23732399: lat=45.67965, lon=-111.03856
[OA] Got coordinates for I4210136305: lat=37.77492904663086, lon=-122.41941833496094
[OA] Got coordinates for I207123951: lat=34.05839920043945, lon=-106.89141845703125
[OA] Got coordinates for I107639228: lat=41.70019, lon=-86.23793
[OA] Got coordinates for I167576493: lat=39.75554, lon=-105.2211
[OA] Got coordinates for I2800102766: lat=43.46658, lon=-112.03414
[OA] Got coordinates for I86501945: lat=39.68372, lon=-75.74966
[OA] Got coordinates for I4210114420: lat=35.844566345214844, lon=-79.13113403320312
[OA] Got coordinates for I1289243028: lat=36.01036071777344, lon=-84.26963806152344
[OA] Got coordinates for I103635307: lat=33.95335, lon=-117.39616
[OA] Got coordinates for I36672615: lat=40.728702545166016, lon=-73.9957275390625
[OA] Got coordinates for I57206974: lat=40.714271545410156, lon=-74.00596618652344
[OA] Got coordinates for I2802000487: lat=32.82929992675781, lon=-115.50543975830078
[OA] Got coordinates for I1343143571: lat=42.375099182128906, lon=-71.1056137084961
[OA] Got coordinates for I4210121737: lat=38.96955108642578, lon=-77.38610076904297
[OA] Got coordinates for I180857899: lat=40.71427, lon=-74.00597
[OA] Got coordinates for I285663978: lat=32.74093246459961, lon=-97.79269409179688
[OA] Got coordinates for I70983195: lat=43.048118591308594, lon=-76.14742279052734
[OA] Got coordinates for I177328695: lat=42.814239501953125, lon=-73.93956756591797
[OA] Got coordinates for I4210145926: lat=35.09195327758789, lon=-80.84427642822266
[OA] Got coordinates for I113508548: lat=31.578510284423828, lon=-84.1557388305664
[OA] Got coordinates for I2801107848: lat=40.747127532958984, lon=-73.82557678222656
[OA] Got coordinates for I2802822958: lat=41.85003, lon=-87.65005
[OA] Got coordinates for I4210151392: lat=42.50482177734375, lon=-71.19561004638672
[OA] Got coordinates for I4210116219: lat=41.2642822265625, lon=-96.1151123046875
[OA] Got coordinates for I1299303238: lat=38.98067, lon=-77.10026
[OA] Got coordinates for I4210160694: lat=39.96733093261719, lon=-76.69252014160156
[OA] Got coordinates for I82514191: lat=35.227088928222656, lon=-80.84313201904297
[OA] Got coordinates for I4210094388: lat=40.05976486206055, lon=-83.04065704345703
[OA] Got coordinates for I4210100942: lat=40.76527786254883, lon=-73.95769500732422
[OA] Got coordinates for I880619579: lat=34.17055892944336, lon=-118.83759307861328
[OA] Got coordinates for I825935405: lat=30.451580047607422, lon=-98.0488052368164
[OA] Got coordinates for I4210151202: lat=37.865291595458984, lon=-122.3017349243164
[OA] Got coordinates for I46020346: lat=38.9440803527832, lon=-77.32130432128906
[OA] Got coordinates for I4210109258: lat=37.87158966064453, lon=-122.27275085449219
[OA] Got coordinates for I859038795: lat=37.22957, lon=-80.41394
[OA] Got coordinates for I4210109642: lat=38.8968391418457, lon=-77.0237808227539
[OA] Got coordinates for I4210095419: lat=37.42411, lon=-122.16608
[OA] Got coordinates for I108468826: lat=40.74399185180664, lon=-74.03235626220703
[OA] Got coordinates for I1302752606: lat=30.18903160095215, lon=-95.4883041381836
[OA] Got coordinates for I2801525552: lat=40.739601135253906, lon=-74.00890350341797
[OA] Got coordinates for I4210143726: lat=39.52963, lon=-119.8138
[OA] Got coordinates for I4210147194: lat=38.90473937988281, lon=-77.04289245605469
[OA] Got coordinates for I2801613365: lat=43.66535186767578, lon=-70.25150299072266
[OA] Got coordinates for I63135867: lat=39.12711, lon=-84.51439
[OA] Got coordinates for I114027177: lat=35.9132, lon=-79.05584
[OA] Got coordinates for I2800167862: lat=38.93151092529297, lon=-76.99860382080078
[OA] Got coordinates for I4210088968: lat=43.40095520019531, lon=-70.70697021484375
[OA] Got coordinates for I1283103587: lat=40.669578552246094, lon=-74.63646697998047
[OA] Got coordinates for I200576644: lat=34.0257682800293, lon=-118.78040313720703
[OA] Got coordinates for I1330989302: lat=38.89511, lon=-77.03637
[OA] Got coordinates for I4210132416: lat=41.48868942260742, lon=-75.7085189819336
[OA] Got coordinates for I199612878: lat=41.97163009643555, lon=-88.01412200927734
[OA] Got coordinates for I1174212: lat=34.05223, lon=-118.24368
[OA] Got coordinates for I47251452: lat=36.09986, lon=-80.24422
[OA] Got coordinates for I2801261045: lat=39.9523811340332, lon=-75.16361999511719
[OA] Got coordinates for I4210105714: lat=44.39016342163086, lon=-68.2872314453125
[OA] Got coordinates for I27837315: lat=42.27756, lon=-83.74088
[OA] Got coordinates for I74973139: lat=40.44062, lon=-79.99589
[OA] Got coordinates for I4210140401: lat=29.510053634643555, lon=-98.57125091552734
[OA] Got coordinates for I4210088875: lat=34.74648, lon=-92.28959
[OA] Got coordinates for I2799442855: lat=40.72951889038086, lon=-73.99720001220703
[OA] Got coordinates for I4210132808: lat=30.43826, lon=-84.28073
[OA] Got coordinates for I103163165: lat=30.43825912475586, lon=-84.28073120117188
[OA] Got coordinates for I196729704: lat=39.80172, lon=-89.64371
[OA] Got coordinates for I4210122734: lat=41.85002899169922, lon=-87.6500473022461
[OA] Got coordinates for I4210160893: lat=42.76274108886719, lon=-71.45957946777344
[OA] Got coordinates for I4210111899: lat=43.034297943115234, lon=-87.90638732910156
[OA] Got coordinates for I4210089296: lat=34.922889709472656, lon=-117.89076232910156
[OA] Got coordinates for I1332737386: lat=42.35843, lon=-71.05977
[OA] Got coordinates for I4210114685: lat=40.02444839477539, lon=-105.21890258789062
[OA] Got coordinates for I24571045: lat=47.92526, lon=-97.03285
[OA] Got coordinates for I4210106365: lat=40.733585357666016, lon=-111.96007537841797
[OA] Got coordinates for I72090969: lat=32.894039154052734, lon=-96.96580505371094
[OA] Got coordinates for I73544541: lat=37.88078308105469, lon=-122.24449157714844
[OA] Got coordinates for I2802422659: lat=42.375099182128906, lon=-71.1056137084961
[OA] Got coordinates for I1309400984: lat=42.354244232177734, lon=-71.10946655273438
[OA] Got coordinates for I4210147155: lat=34.08824157714844, lon=-84.31282043457031
[OA] Got coordinates for I158133745: lat=42.3748664855957, lon=-71.05406951904297
[OA] Got coordinates for I4210166317: lat=42.337520599365234, lon=-71.10820007324219
[OA] Got coordinates for I4210087356: lat=42.36799621582031, lon=-71.0672378540039
[OA] Got coordinates for I4210146345: lat=43.60432434082031, lon=-70.31414794921875
[OA] Got coordinates for I1334536514: lat=43.60435104370117, lon=-70.31413269042969
[OA] Got coordinates for I1285764155: lat=40.60816, lon=-74.27765
[OA] Got coordinates for I867280407: lat=32.78306, lon=-96.80667
[OA] Got coordinates for I4210140527: lat=32.90790557861328, lon=-117.24331665039062
[OA] Got coordinates for I129302853: lat=37.77492904663086, lon=-122.41941833496094
[OA] Got coordinates for I4210115614: lat=42.328041076660156, lon=-71.11078643798828
[OA] Got coordinates for I907500627: lat=39.09016799926758, lon=-84.51077270507812
[OA] Got coordinates for I4210121331: lat=42.259071350097656, lon=-71.45658111572266
[OA] Got coordinates for I204866599: lat=37.404422760009766, lon=-122.14091491699219
[OA] Got coordinates for I1287163989: lat=42.36375427246094, lon=-71.0707778930664
[OA] Got coordinates for I4210154901: lat=33.91695022583008, lon=-118.0745620727539
[OA] Got coordinates for I4210141641: lat=42.33602523803711, lon=-71.10562133789062
[OA] Got coordinates for I123431417: lat=32.7157096862793, lon=-117.16471862792969
[OA] Got coordinates for I4210140791: lat=33.86848449707031, lon=-118.09716033935547
[OA] Got coordinates for I193170854: lat=42.526710510253906, lon=-71.26472473144531
[OA] Got coordinates for I102149020: lat=35.22709, lon=-80.84313
[OA] Got coordinates for I2800698792: lat=39.809513092041016, lon=-89.65603637695312
[OA] Got coordinates for I4210144427: lat=29.35247230529785, lon=-98.45637512207031
[OA] Got coordinates for I2801713311: lat=29.309444427490234, lon=-94.77694702148438
[OA] Got coordinates for I72816309: lat=39.9523811340332, lon=-75.16361999511719
[OA] Got coordinates for I4210140341: lat=47.60620880126953, lon=-122.33206939697266
[OA] Got coordinates for I4210109539: lat=42.363319396972656, lon=-71.09256744384766
[OA] Got coordinates for I59499333: lat=38.89511, lon=-77.03637
[OA] Got coordinates for I4210114008: lat=40.01499, lon=-105.27055
[OA] Got coordinates for I9217761: lat=40.68125534057617, lon=-80.08503723144531
[OA] Got coordinates for I4210127055: lat=42.358428955078125, lon=-71.05976867675781
[OA] Got coordinates for I85384741: lat=41.116668701171875, lon=-83.16666412353516
[OA] Got coordinates for I195573530: lat=39.04372024536133, lon=-77.48748779296875
[OA] Got coordinates for I4210163239: lat=37.56721115112305, lon=-122.32451629638672
[OA] Got coordinates for I2800240351: lat=32.724308013916016, lon=-96.90351867675781
[OA] Got coordinates for I152304114: lat=41.03121, lon=-73.92708
[OA] Got coordinates for I1289592571: lat=34.05223083496094, lon=-118.24368286132812
[OA] Got coordinates for I1334627681: lat=34.14778, lon=-118.14452
[OA] Got coordinates for I2800186634: lat=42.470001220703125, lon=-71.28916931152344
[OA] Got coordinates for I52357470: lat=39.96118, lon=-82.99879
[OA] Got coordinates for I8459677: lat=38.99066925048828, lon=-77.02609252929688
[OA] Got coordinates for I1306266525: lat=39.00455093383789, lon=-76.87552642822266
[OA] Got coordinates for I155781252: lat=34.00071, lon=-81.03481
[OA] Got coordinates for I2799567181: lat=40.34872055053711, lon=-74.65904998779297
[OA] Got coordinates for I4210108489: lat=38.80778121948242, lon=-77.1647720336914
[OA] Got coordinates for I4210101762: lat=38.934757232666016, lon=-77.42861938476562
[OA] Got coordinates for I29955533: lat=39.001319885253906, lon=-77.10456848144531
[OA] Got coordinates for I4210105785: lat=34.148231506347656, lon=-118.76197052001953
[OA] Got coordinates for I137428128: lat=42.2934684753418, lon=-71.263916015625
[OA] Got coordinates for I4210131439: lat=41.42325973510742, lon=-72.07901000976562
[OA] Got coordinates for I169540460: lat=33.916385650634766, lon=-118.38584899902344
[OA] Got coordinates for I181697535: lat=40.65010070800781, lon=-73.94957733154297
[OA] Got coordinates for I2802707398: lat=40.65010070800781, lon=-73.94957733154297
[OA] Got coordinates for I109301148: lat=34.14455032348633, lon=-118.11819458007812
[OA] Got coordinates for I4210165704: lat=38.839576721191406, lon=-104.7996597290039
[OA] Got coordinates for I196883781: lat=41.2591667175293, lon=-95.9749984741211
[OA] Got coordinates for I4210099573: lat=38.88101, lon=-77.10428
[OA] Got coordinates for I4389425425: lat=39.82201, lon=-84.0368
[OA] Got coordinates for I1302918504: lat=32.264381408691406, lon=-110.94628143310547
[OA] Got coordinates for I16944753: lat=44.66978073120117, lon=-74.98130798339844
[OA] Got coordinates for I2800531696: lat=33.44838, lon=-112.07404
[OA] Got coordinates for I165799507: lat=42.72840881347656, lon=-73.69178771972656
[OA] Got coordinates for I4210122332: lat=34.70926284790039, lon=-86.67385864257812
[OA] Got coordinates for I4210121221: lat=40.715213775634766, lon=-74.36426544189453
[OA] Got coordinates for I4210136208: lat=40.439971923828125, lon=-79.9959716796875
[OA] Got coordinates for I4210134769: lat=40.44062042236328, lon=-79.99588775634766
[OA] Got coordinates for I2799810409: lat=39.94988250732422, lon=-75.1931381225586
[OA] Got coordinates for I41057258: lat=39.95376968383789, lon=-75.17115783691406
[OA] Got coordinates for I1290055561: lat=40.62593078613281, lon=-75.3704605102539
[OA] Got coordinates for I4210106595: lat=39.9523811340332, lon=-75.16361999511719
[OA] Got coordinates for I4210086933: lat=40.714271545410156, lon=-74.00596618652344
[OA] Got coordinates for I149251103: lat=39.9523811340332, lon=-75.16361999511719
[OA] Got coordinates for I2802730090: lat=41.30815124511719, lon=-72.92816162109375
[OA] Got coordinates for I4210128526: lat=40.44062042236328, lon=-79.99588775634766
[OA] Got coordinates for I84392919: lat=39.9523811340332, lon=-75.16361999511719
[OA] Got coordinates for I82783531: lat=40.264060974121094, lon=-76.67450714111328
[OA] Got coordinates for I2799360765: lat=39.94969177246094, lon=-75.1571273803711
[OA] Got coordinates for I4210095140: lat=35.88383102416992, lon=-78.88176727294922
[OA] Got coordinates for I4210163195: lat=47.6613883972168, lon=-122.31641387939453
[OA] Got coordinates for I4210130804: lat=27.949264526367188, lon=-81.68744659423828
[OA] Got coordinates for I2802498997: lat=40.71641159057617, lon=-74.05020904541016
[OA] Got coordinates for I4210090236: lat=38.99696731567383, lon=-77.09693145751953
[OA] Got coordinates for I4210110017: lat=40.60879135131836, lon=-75.39322662353516
[OA] Got coordinates for I2802236040: lat=40.014991760253906, lon=-105.27055358886719
[OA] Got coordinates for I4210159266: lat=33.817291259765625, lon=-118.03824615478516
[OA] Got coordinates for I117023288: lat=42.21049118041992, lon=-71.18065643310547
[OA] Got coordinates for I2802093357: lat=41.85003, lon=-87.65005
[OA] Got coordinates for I2802431724: lat=38.61410140991211, lon=-90.25890350341797
[OA] Got coordinates for I11957088: lat=47.12186813354492, lon=-88.56900787353516
[OA] Got coordinates for I24603500: lat=42.37537, lon=-72.51925
[OA] Got coordinates for I177605424: lat=42.375370025634766, lon=-72.51924896240234
[OA] Got coordinates for I1338920048: lat=41.52701187133789, lon=-70.6732406616211
[OA] Got coordinates for I4210131007: lat=40.74399185180664, lon=-74.03235626220703
[OA] Got coordinates for I4210164117: lat=45.30465316772461, lon=-122.77281951904297
[OA] Got coordinates for I1333939285: lat=30.389631271362305, lon=-84.22997283935547
[OA] Got coordinates for I75421653: lat=39.033546447753906, lon=-94.57557678222656
[OA] Got coordinates for I100005738: lat=40.23384094238281, lon=-111.65853118896484
[OA] Got coordinates for I2801974725: lat=40.644046783447266, lon=-111.8831787109375
[OA] Got coordinates for I4210112170: lat=41.89377975463867, lon=-87.62224578857422
[OA] Got coordinates for I4210161966: lat=47.27065658569336, lon=-122.2584228515625
[OA] Got coordinates for I4210147987: lat=39.95286560058594, lon=-105.2335433959961
[OA] Got coordinates for I1308126019: lat=38.89511, lon=-77.03637
[OA] Got coordinates for I80605987: lat=40.014991760253906, lon=-105.27055358886719
[OA] Got coordinates for I888729015: lat=38.83388137817383, lon=-104.82135772705078
[OA] Got coordinates for I86484424: lat=38.80394744873047, lon=-77.05467987060547
[OA] Got coordinates for I4210147635: lat=39.7530403137207, lon=-104.99462890625
[OA] Got coordinates for I4210095620: lat=41.504207611083984, lon=-81.65594482421875
[OA] Got coordinates for I4210122993: lat=41.60438537597656, lon=-71.4395523071289
[OA] Got coordinates for I1280536761: lat=37.386051177978516, lon=-122.08384704589844
[OA] Got coordinates for I1312222531: lat=38.895111083984375, lon=-77.03636932373047
[OA] Got coordinates for I1336096307: lat=38.895111083984375, lon=-77.03636932373047
[OA] Got coordinates for I137902535: lat=35.7721, lon=-78.63861
[OA] Got coordinates for I2800817003: lat=33.69279861450195, lon=-117.76640319824219
[OA] Got coordinates for I4210111675: lat=42.4355354309082, lon=-76.50122833251953
[OA] Got coordinates for I4210087596: lat=32.89516830444336, lon=-117.19572448730469
[OA] Got coordinates for I4210165005: lat=39.41427, lon=-77.41054
[OA] Got coordinates for I116578957: lat=40.714271545410156, lon=-74.00596618652344
[OA] Got coordinates for I4210130203: lat=39.10812759399414, lon=-77.15013122558594
[OA] Got coordinates for I263341422: lat=34.85722732543945, lon=-87.66307067871094
[OA] Got coordinates for I157638225: lat=34.22834014892578, lon=-118.53675079345703
[OA] Got coordinates for I4210091818: lat=41.45602035522461, lon=-81.50325775146484
[OA] Got coordinates for I180297670: lat=35.9940299987793, lon=-78.89862060546875
[OA] Got coordinates for I1333535994: lat=35.90378189086914, lon=-79.04779815673828
[OA] Got coordinates for I4210141908: lat=29.707382202148438, lon=-95.40190887451172
[OA] Got coordinates for I2802971700: lat=39.00922393798828, lon=-104.70050048828125
[OA] Got coordinates for I4210153694: lat=35.9132, lon=-79.05584
[OA] Got coordinates for I2799699971: lat=39.014095306396484, lon=-77.10041809082031
[OA] Got coordinates for I4210111395: lat=42.35149383544922, lon=-71.06355285644531
[OA] Got coordinates for I2801148111: lat=42.39365768432617, lon=-71.19107818603516
[OA] Got coordinates for I4210121272: lat=39.97305679321289, lon=-86.28761291503906
[OA] Got coordinates for I4210120668: lat=37.39319610595703, lon=-122.07786560058594
[OA] Got coordinates for I2799714515: lat=40.76376724243164, lon=-73.97085571289062
[OA] Got coordinates for I901861585: lat=36.165889739990234, lon=-86.78443908691406
[OA] Got coordinates for I4210102252: lat=34.43312454223633, lon=-118.56957244873047
[OA] Got coordinates for I4210165985: lat=33.82979965209961, lon=-118.2947006225586
[OA] Got coordinates for I134113660: lat=39.52962875366211, lon=-119.81379699707031
[OA] Got coordinates for I192396691: lat=29.95465087890625, lon=-90.0750732421875
[OA] Got coordinates for I2802060973: lat=41.844566345214844, lon=-71.38021087646484
[OA] Got coordinates for I1292974536: lat=42.292301177978516, lon=-83.23442077636719
[OA] Got coordinates for I4210086415: lat=42.36145782470703, lon=-71.10054779052734
[OA] Got coordinates for I4210111804: lat=40.60078811645508, lon=-74.64814758300781
[OA] Got coordinates for I49886154: lat=41.85002899169922, lon=-87.6500473022461
[OA] Got coordinates for I4210148319: lat=30.386293411254883, lon=-91.03763580322266
[OA] Got coordinates for I4210112815: lat=44.313629150390625, lon=-69.78965759277344
[OA] Got coordinates for I149530613: lat=26.38498306274414, lon=-80.12244415283203
[OA] Got coordinates for I48633490: lat=42.358428955078125, lon=-71.05976867675781
[OA] Got coordinates for I2801313472: lat=40.797027587890625, lon=-82.58155059814453
[OA] Got coordinates for I368840534: lat=34.36650085449219, lon=-89.51924896240234
[OA] Got coordinates for I71965598: lat=40.72233581542969, lon=-73.65064239501953
[OA] Got coordinates for I166722992: lat=42.26258850097656, lon=-71.80229187011719
[OA] Got coordinates for I130769515: lat=40.79339, lon=-77.86
[OA] Got coordinates for I98704320: lat=40.714271545410156, lon=-74.00596618652344
[OA] Got coordinates for I4210114445: lat=42.27756, lon=-83.74088
[OA] Got coordinates for I2802554885: lat=41.424468994140625, lon=-91.043212890625
[OA] Got coordinates for I4210111179: lat=42.280242919921875, lon=-85.56851959228516
[OA] Got coordinates for I1297540436: lat=42.3751, lon=-71.10561
[OA] Got coordinates for I2799798094: lat=34.05223, lon=-118.24368
[OA] Got coordinates for I4210146332: lat=30.288766860961914, lon=-97.72427368164062
[OA] Got coordinates for I199037182: lat=42.26341247558594, lon=-83.6653060913086
[OA] Got coordinates for I4210140243: lat=38.8072395324707, lon=-77.05851745605469
[OA] Got coordinates for I4210107819: lat=35.49987030029297, lon=-80.62339782714844
[OA] Got coordinates for I4210107954: lat=41.827667236328125, lon=-71.3874282836914
[OA] Got coordinates for I1285119806: lat=38.8986930847168, lon=-77.03103637695312
[OA] Got coordinates for I4210115256: lat=44.38758, lon=-68.2039
[OA] Got coordinates for I4210127009: lat=36.31248092651367, lon=-82.38451385498047
[OA] Got coordinates for I2801671727: lat=42.27445983886719, lon=-71.17176818847656
[OA] Got coordinates for I36194888: lat=38.3820686340332, lon=-78.97669982910156
[OA] Got coordinates for I6665906: lat=35.227088928222656, lon=-80.84313201904297
[OA] Got coordinates for I144852770: lat=40.74843215942383, lon=-73.98565673828125
[OA] Got coordinates for I4210111982: lat=40.34872, lon=-74.65905
[OA] Got coordinates for I119942576: lat=37.97949981689453, lon=-121.31300354003906
[OA] Got coordinates for I201536842: lat=43.17256164550781, lon=-79.03588104248047
[OA] Got coordinates for I2799786008: lat=41.4995002746582, lon=-81.6954116821289
[OA] Got coordinates for I1282927378: lat=38.893184661865234, lon=-77.0477523803711
[OA] Got coordinates for I2800935791: lat=32.7157096862793, lon=-117.16471862792969
[OA] Got coordinates for I1338637020: lat=38.906368255615234, lon=-77.0409164428711
[OA] Got coordinates for I1284577377: lat=38.89511, lon=-77.03637
[OA] Got coordinates for I4210138309: lat=38.90866470336914, lon=-77.04178619384766
[OA] Got coordinates for I4210118821: lat=44.93280792236328, lon=-93.34706115722656
[OA] Got coordinates for I194807695: lat=41.876277923583984, lon=-87.62706756591797
[OA] Got coordinates for I2800403580: lat=44.97997, lon=-93.26384
[OA] Got coordinates for I4210146710: lat=30.33218002319336, lon=-81.65564727783203
[OA] Got coordinates for I25041050: lat=33.470970153808594, lon=-81.97483825683594
[OA] Got coordinates for I39694355: lat=40.714271545410156, lon=-74.00596618652344
[OA] Got coordinates for I39815113: lat=32.44879150390625, lon=-81.78317260742188
[OA] Got coordinates for I226413961: lat=31.979000091552734, lon=-81.16000366210938
[OA] Got coordinates for I1323778983: lat=41.30815124511719, lon=-72.92816162109375
[OA] Got coordinates for I4210125653: lat=30.614261627197266, lon=-96.29193115234375
[OA] Got coordinates for I13511017: lat=29.883270263671875, lon=-97.94139099121094
[OA] Got coordinates for I8692664: lat=35.22256851196289, lon=-97.43948364257812
[OA] Got coordinates for I4210138705: lat=37.596065521240234, lon=-122.36905670166016
[OA] Got coordinates for I189158971: lat=38.97859, lon=-76.49184
[OA] Got coordinates for I74760111: lat=32.78306, lon=-96.80667
[OA] Got coordinates for I4210150951: lat=29.763280868530273, lon=-95.36327362060547
[OA] Got coordinates for I4210127682: lat=30.43825912475586, lon=-84.28073120117188
[OA] Got coordinates for I185103710: lat=36.97412109375, lon=-122.03079986572266
[OA] Got coordinates for I1324766304: lat=33.44837951660156, lon=-112.07404327392578
[OA] Got coordinates for I4210117619: lat=40.714271545410156, lon=-74.00596618652344
[OA] Got coordinates for I127128434: lat=32.896419525146484, lon=-117.23902893066406
[OA] Got coordinates for I4210159453: lat=42.68599319458008, lon=-73.8426284790039
[OA] Got coordinates for I2802946424: lat=39.138999938964844, lon=-76.87052917480469
[OA] Got coordinates for I267592682: lat=36.15501022338867, lon=-95.99031066894531
[OA] Got coordinates for I16285277: lat=37.27069854736328, lon=-76.70745849609375
[OA] Got coordinates for I4210091812: lat=40.71427, lon=-74.00597
[OA] Got coordinates for I45438204: lat=29.42411994934082, lon=-98.4936294555664
[OA] Got coordinates for I4210095266: lat=25.7906494140625, lon=-80.13005065917969
[OA] Got coordinates for I1316064682: lat=37.392730712890625, lon=-122.040771484375
[OA] Got coordinates for I4210109390: lat=38.98492431640625, lon=-77.09797668457031
[OA] Got coordinates for I12097938: lat=39.62953, lon=-79.9559
[OA] Got coordinates for I143302722: lat=37.98868942260742, lon=-84.47772216796875
[OA] Got coordinates for I41116869: lat=38.366390228271484, lon=-81.69330596923828
[OA] Got coordinates for I4210155100: lat=38.79108810424805, lon=-77.06861877441406
[OA] Got coordinates for I19700959: lat=25.774269104003906, lon=-80.19365692138672
[OA] Got coordinates for I4210092597: lat=37.45953369140625, lon=-122.14154815673828
[OA] Got coordinates for I66946132: lat=38.98067, lon=-76.93692
[OA] Got coordinates for I2802114983: lat=42.46036911010742, lon=-71.34895324707031
[OA] Got coordinates for I4210114143: lat=39.896568298339844, lon=-75.1755142211914
[OA] Got coordinates for I1334819555: lat=40.714271545410156, lon=-74.00596618652344
[OA] Got coordinates for I4210087111: lat=37.654659271240234, lon=-122.40775299072266
[OA] Got coordinates for I4210108839: lat=40.661014556884766, lon=-74.41949462890625
[OA] Got coordinates for I150569930: lat=40.82453918457031, lon=-74.41709899902344
[OA] Got coordinates for I1285301757: lat=41.85002899169922, lon=-87.6500473022461
[OA] Got coordinates for I1288198617: lat=33.76172637939453, lon=-84.39102935791016
[OA] Got coordinates for I51556381: lat=38.02931, lon=-78.47668
[OA] Got coordinates for I4210157861: lat=42.375099182128906, lon=-71.1056137084961
[OA] Got coordinates for I160664669: lat=38.91518020629883, lon=-77.04515838623047
[OA] Got coordinates for I196817621: lat=38.89511, lon=-77.03637
[OA] Got coordinates for I4210166159: lat=25.774269104003906, lon=-80.19365692138672
[OA] Got coordinates for I185443292: lat=42.33143, lon=-83.04575
[OA] Got coordinates for I4210154814: lat=41.5988883972168, lon=-93.62347412109375
[OA] Got coordinates for I2802313431: lat=33.504371643066406, lon=-86.80680084228516
[OA] Got coordinates for I2801460292: lat=42.353309631347656, lon=-83.0569076538086
[OA] Got coordinates for I153297377: lat=32.77632, lon=-79.93275
[OA] Got coordinates for I2802389132: lat=42.27793884277344, lon=-71.06631469726562
[OA] Got coordinates for I77920804: lat=42.65258, lon=-73.75623
[OA] Got coordinates for I88773910: lat=37.43062973022461, lon=-122.0960922241211
[OA] Got coordinates for I126820664: lat=41.6698112487793, lon=-73.90702819824219
[OA] Got coordinates for I1324840837: lat=37.41238021850586, lon=-122.14872741699219
[OA] Got coordinates for I4210106247: lat=44.564273834228516, lon=-123.26250457763672
[OA] Got coordinates for I53012624: lat=37.84055709838867, lon=-122.28971862792969
[OA] Got coordinates for I192454743: lat=37.68186950683594, lon=-121.76801300048828
[OA] Got coordinates for I257179599: lat=29.760730743408203, lon=-95.39756774902344
[OA] Got coordinates for I196679689: lat=37.87158966064453, lon=-122.27275085449219
[OA] Got coordinates for I63772739: lat=26.35869026184082, lon=-80.08309936523438
[OA] Got coordinates for I4210119109: lat=39.16533, lon=-86.52639
[OA] Got coordinates for I4210137244: lat=32.902671813964844, lon=-96.46516418457031
[OA] Got coordinates for I880766802: lat=38.89511, lon=-77.03637
[OA] Got coordinates for I4210141270: lat=38.89511, lon=-77.03637
[OA] Got coordinates for I4210125521: lat=42.412776947021484, lon=-71.17412567138672
[OA] Got coordinates for I883665419: lat=39.288673400878906, lon=-89.87342071533203
[OA] Got coordinates for I4210143899: lat=42.346553802490234, lon=-71.10006713867188
[OA] Got coordinates for I4210157058: lat=37.722312927246094, lon=-122.18872833251953
[OA] Got coordinates for I4210102044: lat=41.506046295166016, lon=-81.60868835449219
[OA] Got coordinates for I4210124644: lat=29.694866180419922, lon=-95.52297973632812
[OA] Got coordinates for I2801344670: lat=41.1306, lon=-85.12886
[OA] Got coordinates for I126307644: lat=41.66113, lon=-91.53017
[OA] Got coordinates for I4210140538: lat=33.49519729614258, lon=-112.0730972290039
[OA] Got coordinates for I141472210: lat=64.83778381347656, lon=-147.7163848876953
[OA] Got coordinates for I102507086: lat=45.52400588989258, lon=-122.87482452392578
[OA] Got coordinates for I4210123017: lat=42.279258728027344, lon=-71.41616821289062
[OA] Got coordinates for I4210106489: lat=38.98067092895508, lon=-77.10025787353516
[OA] Got coordinates for I4210109623: lat=37.77492904663086, lon=-122.41941833496094
[OA] Got coordinates for I4210100879: lat=42.35843, lon=-71.05977
[OA] Got coordinates for I4210099440: lat=43.14762878417969, lon=-77.62158966064453
[OA] Got coordinates for I2800667924: lat=39.352779388427734, lon=-76.66222381591797
[OA] Got coordinates for I4210101641: lat=41.85002899169922, lon=-87.6500473022461
[OA] Got coordinates for I1299501804: lat=29.70207977294922, lon=-95.38954162597656
[OA] Got coordinates for I181547552: lat=29.76328, lon=-95.36327
[OA] Got coordinates for I1305782762: lat=41.03437423706055, lon=-73.6302719116211
[OA] Got coordinates for I4210153792: lat=41.48554611206055, lon=-81.4276351928711
[OA] Got coordinates for I4210162140: lat=40.4133186340332, lon=-74.50695037841797
[OA] Got coordinates for I4210109810: lat=42.742095947265625, lon=-83.41999816894531
[OA] Got coordinates for I4210155891: lat=40.43155288696289, lon=-79.9625473022461
[OA] Got coordinates for I1289437631: lat=39.9523811340332, lon=-75.16361999511719
[OA] Got coordinates for I28304128: lat=40.714271545410156, lon=-74.00596618652344
[OA] Got coordinates for I4210162707: lat=40.44455337524414, lon=-79.94886016845703
[OA] Got coordinates for I4210124474: lat=38.92085266113281, lon=-94.64747619628906
[OA] Got coordinates for I4210112314: lat=40.298641204833984, lon=-79.99404907226562
[OA] Got coordinates for I4210108985: lat=40.714271545410156, lon=-74.00596618652344
[OA] Got coordinates for I4210096415: lat=47.673988342285156, lon=-122.12151336669922
[OA] Got coordinates for I41833579: lat=37.2934684753418, lon=-80.05476379394531
[OA] Got coordinates for I4210138831: lat=39.69182586669922, lon=-84.03770446777344
[OA] Got coordinates for I4210092201: lat=29.96014976501465, lon=-90.12019348144531
[OA] Got coordinates for I174135032: lat=47.58536911010742, lon=-122.1483154296875
[OA] Got coordinates for I2802964274: lat=33.0030403137207, lon=-85.0560073852539
[OA] Got coordinates for I4210150103: lat=38.895111083984375, lon=-77.03636932373047
[OA] Got coordinates for I4179309: lat=39.18932342529297, lon=-94.68012237548828
[OA] Got coordinates for I1335321130: lat=39.9523811340332, lon=-75.16361999511719
[OA] Got coordinates for I175594653: lat=36.189998626708984, lon=-94.55860900878906
[OA] Got coordinates for I4210125323: lat=38.76615524291992, lon=-121.2495346069336
[OA] Got coordinates for I43638361: lat=40.70836639404297, lon=-74.00865173339844
[OA] Got coordinates for I1279858714: lat=38.91168212890625, lon=-77.04424285888672
[OA] Got coordinates for I4400600948: lat=42.3751, lon=-71.10561
[OA] Got coordinates for I178102782: lat=37.94797897338867, lon=-122.06079864501953
[OA] Got coordinates for I48168531: lat=31.99950408935547, lon=-81.10528564453125
[OA] Failed to fetch I4210096815, got None
[OA] Got coordinates for I197817023: lat=35.101463317871094, lon=-89.85030364990234
[OA] Got coordinates for I4210095908: lat=40.565635681152344, lon=-105.03058624267578
[OA] Got coordinates for I4210148646: lat=38.71086120605469, lon=-75.09986114501953
[OA] Got coordinates for I172980758: lat=34.02342987060547, lon=-84.61549377441406
[OA] Got coordinates for I83740829: lat=40.738834381103516, lon=-73.98226928710938
[OA] Got coordinates for I4210106696: lat=38.266788482666016, lon=-76.45384216308594
[OA] Got coordinates for I4210140114: lat=39.099281311035156, lon=-84.51036071777344
[OA] Got coordinates for I4390039325: lat=40.48622, lon=-74.45182
[OA] Got coordinates for I4210159271: lat=42.375099182128906, lon=-71.1056137084961
[OA] Got coordinates for I4210135134: lat=47.60620880126953, lon=-122.33206939697266
[OA] Got coordinates for I78715868: lat=36.067901611328125, lon=-94.17365264892578
[OA] Got coordinates for I46896759: lat=33.8738899230957, lon=-98.52111053466797
[OA] Got coordinates for I17301866: lat=33.20984, lon=-87.56917
[OA] Got coordinates for I2800736356: lat=44.38758, lon=-68.2039
[OA] Got coordinates for I177097968: lat=35.045631408691406, lon=-85.30967712402344
[OA] Got coordinates for I123534392: lat=33.21484, lon=-97.13307
[OA] Got coordinates for I4210105790: lat=32.71571, lon=-117.16472
[OA] Got coordinates for I2800861319: lat=32.88100051879883, lon=-96.76300048828125
[OA] Got coordinates for I61970326: lat=42.358428955078125, lon=-71.05976867675781
[OA] Got coordinates for I35344726: lat=38.9195671081543, lon=-77.02899932861328
[OA] Got coordinates for I160606119: lat=35.14953, lon=-90.04898
[OA] Got coordinates for I4210140627: lat=37.452232360839844, lon=-122.11345672607422
[OA] Got coordinates for I4210162384: lat=32.7157096862793, lon=-117.16471862792969
[OA] Got coordinates for I869089601: lat=37.23250198364258, lon=-121.97110748291016
[OA] Got coordinates for I186335123: lat=35.61266, lon=-77.36635
[OA] Got coordinates for I27825529: lat=34.05223083496094, lon=-118.24368286132812
[OA] Got coordinates for I58286723: lat=29.589540481567383, lon=-95.10061645507812
[OA] Got coordinates for I4210145836: lat=29.71739387512207, lon=-95.4018325805664
[OA] Failed to fetch I4210164347, got None
[OA] Got coordinates for I1309191912: lat=35.90805435180664, lon=-78.86277770996094
[OA] Got coordinates for I1322918889: lat=38.89511, lon=-77.03637
[OA] Got coordinates for I1314135232: lat=39.961181640625, lon=-82.99878692626953
[OA] Got coordinates for I4210137306: lat=37.424110412597656, lon=-122.16607666015625
[OA] Got coordinates for I2800295664: lat=40.755882263183594, lon=-73.98367309570312
[OA] Got coordinates for I173498003: lat=37.40271759033203, lon=-122.14799499511719
[OA] Got coordinates for I4210148184: lat=38.9981689453125, lon=-77.28832244873047
[OA] Got coordinates for I154057602: lat=42.33142852783203, lon=-83.0457534790039
[OA] Got coordinates for I4210107169: lat=35.14953, lon=-90.04898
[OA] Got coordinates for I189590672: lat=39.18361, lon=-96.57167
[OA] Got coordinates for I4210106879: lat=39.32924, lon=-82.10126
[OA] Got coordinates for I1289422878: lat=43.64228820800781, lon=-72.25176239013672
[OA] Got coordinates for I130654763: lat=32.921485900878906, lon=-96.73512268066406
[OA] Got coordinates for I72951846: lat=46.73127, lon=-117.17962
[OA] Got coordinates for I16109614: lat=46.33042907714844, lon=-119.26399993896484
[OA] Got coordinates for I1325736334: lat=39.961181640625, lon=-82.99878692626953
[OA] Got coordinates for I20382870: lat=37.95143127441406, lon=-91.77127075195312
[OA] Got coordinates for I4210141164: lat=34.13374710083008, lon=-118.15283966064453
[OA] Got coordinates for I4210158753: lat=43.601707458496094, lon=-116.35015106201172
[OA] Got coordinates for I143032186: lat=32.81401824951172, lon=-96.94889068603516
[OA] Got coordinates for I4210122683: lat=33.54307556152344, lon=-112.04583740234375
[OA] Got coordinates for I4210131827: lat=37.39671325683594, lon=-122.04869079589844
[OA] Got coordinates for I1330254920: lat=38.895572662353516, lon=-77.02877044677734
[OA] Got coordinates for I4210105789: lat=42.37321090698242, lon=-71.16500854492188
[OA] Got coordinates for I4210109746: lat=42.365516662597656, lon=-71.16089630126953
[OA] Got coordinates for I1743320: lat=37.38228225708008, lon=-122.18754577636719
[OA] Got coordinates for I2802705668: lat=39.466861724853516, lon=-76.13066101074219
[OA] Got coordinates for I4210133231: lat=34.058624267578125, lon=-118.4445571899414
[OA] Got coordinates for I4210094797: lat=35.993412017822266, lon=-78.90620422363281
[OA] Got coordinates for I4210109808: lat=38.88056564331055, lon=-77.11099243164062
[OA] Got coordinates for I4210094353: lat=42.358428955078125, lon=-71.05976867675781
[OA] Got coordinates for I1306686416: lat=38.88101, lon=-77.10428
[OA] Got coordinates for I148314036: lat=38.98067, lon=-77.10026
[OA] Got coordinates for I4210140816: lat=37.55855, lon=-122.27108
[OA] Got coordinates for I120156002: lat=43.61349868774414, lon=-116.20345306396484
[OA] Got coordinates for I52792670: lat=44.85591125488281, lon=-93.22704315185547
[OA] Got coordinates for I175669267: lat=43.15478, lon=-77.61556
[OA] Got coordinates for I43579087: lat=43.03889846801758, lon=-87.9064712524414
[OA] Got coordinates for I4210153832: lat=42.366973876953125, lon=-71.15776062011719
[OA] Got coordinates for I188497080: lat=44.45830154418945, lon=-93.1615982055664
[OA] Got coordinates for I4210090215: lat=40.85957717895508, lon=-96.72636413574219
[OA] Got coordinates for I99041443: lat=33.45049, lon=-88.81961
[OA] Got coordinates for I138181692: lat=32.88532638549805, lon=-111.6773910522461
[OA] Got coordinates for I82497590: lat=32.60986, lon=-85.48078
[OA] Got coordinates for I1304082316: lat=38.88101, lon=-77.10428
[OA] Got coordinates for I4210088792: lat=38.88101, lon=-77.10428
[OA] Got coordinates for I2802835243: lat=33.48127746582031, lon=-112.04011535644531
[OA] Got coordinates for I4210121865: lat=29.42412, lon=-98.49363
[OA] Got coordinates for I4210147593: lat=29.45762062072754, lon=-98.41785430908203
[OA] Got coordinates for I1312537475: lat=38.99067, lon=-77.02609
[OA] Got coordinates for I2800363604: lat=38.98067, lon=-77.10026
[OA] Got coordinates for I63533367: lat=32.7157096862793, lon=-117.16471862792969
[OA] Got coordinates for I4210107964: lat=47.610103607177734, lon=-122.3426742553711
[OA] Got coordinates for I4210124779: lat=38.89511, lon=-77.03637
[OA] Got coordinates for I4210109341: lat=25.619050979614258, lon=-80.38130950927734
[OA] Got coordinates for I4210094379: lat=32.783058166503906, lon=-96.80667114257812
[OA] Got coordinates for I72019824: lat=37.540340423583984, lon=-77.42915344238281
[OA] Got coordinates for I142066694: lat=37.39521026611328, lon=-121.92776489257812
[OA] Got coordinates for I4210135820: lat=47.79890060424805, lon=-122.20988464355469
[OA] Got coordinates for I4210133100: lat=34.18690490722656, lon=-118.1591796875
[OA] Got coordinates for I4210125221: lat=29.545597076416016, lon=-95.10346984863281
[OA] Got coordinates for I57053284: lat=43.0389, lon=-87.90647
[OA] Got coordinates for I75929689: lat=41.71982, lon=-72.83204
[OA] Got coordinates for I4210145537: lat=32.7960090637207, lon=-97.26231384277344
[OA] Got coordinates for I193531525: lat=38.89511, lon=-77.03637
[OA] Got coordinates for I2801463575: lat=29.96022605895996, lon=-90.08172607421875
[OA] Got coordinates for I134386540: lat=30.44331932067871, lon=-91.18746948242188
[OA] Got coordinates for I1304157459: lat=38.89511, lon=-77.03637
[OA] Got coordinates for I126345244: lat=45.5234489440918, lon=-122.67620849609375
[OA] Got coordinates for I19648265: lat=39.758949279785156, lon=-84.19161224365234
[OA] Got coordinates for I4210141636: lat=37.35411, lon=-121.95524
[OA] Got coordinates for I103187081: lat=38.895111083984375, lon=-77.03636932373047
[OA] Got coordinates for I95574288: lat=32.52515, lon=-93.75018
[OA] Got coordinates for I153167508: lat=42.3814811706543, lon=-71.12806701660156
[OA] Got coordinates for I4210085909: lat=34.14855194091797, lon=-118.15248107910156
[OA] Got coordinates for I2801948628: lat=32.22174, lon=-110.92648
[OA] Got coordinates for I1280414376: lat=39.81113052368164, lon=-84.05731201171875
[OA] Got coordinates for I4210113597: lat=39.718074798583984, lon=-84.02653503417969
[OA] Got coordinates for I4210090800: lat=37.2226448059082, lon=-121.98316955566406
[OA] Got coordinates for I2799950915: lat=39.81308364868164, lon=-84.05432891845703
[OA] Got coordinates for I4210122310: lat=37.69890594482422, lon=-121.88277435302734
[OA] Got coordinates for I1320320070: lat=39.0352783203125, lon=-76.9830551147461
[OA] Got coordinates for I1285792802: lat=38.977378845214844, lon=-76.92539978027344
[OA] Got coordinates for I164389053: lat=40.714271545410156, lon=-74.00596618652344
[OA] Got coordinates for I186143895: lat=40.62593078613281, lon=-75.3704605102539
[OA] Got coordinates for I29801172: lat=36.98038101196289, lon=-76.42974853515625
[OA] Got coordinates for I177331275: lat=46.543540954589844, lon=-87.39541625976562
[OA] Got coordinates for I141448028: lat=37.302101135253906, lon=-78.39193725585938
[OA] Got coordinates for I2802599936: lat=30.52496337890625, lon=-91.19454193115234
[OA] Got coordinates for I149910238: lat=41.14641189575195, lon=-81.34174346923828
[OA] Got coordinates for I151328261: lat=37.02199935913086, lon=-76.33599853515625
[OA] Got coordinates for I145610796: lat=30.44331932067871, lon=-91.18746948242188
[OA] Got coordinates for I2800204061: lat=30.524673461914062, lon=-91.19003295898438
[OA] Got coordinates for I1341618623: lat=38.895111083984375, lon=-77.03636932373047
[OA] Got coordinates for I308582824: lat=33.2143669128418, lon=-92.66144561767578
[OA] Got coordinates for I4210154689: lat=39.14918518066406, lon=-84.44409942626953
[OA] Got coordinates for I143663144: lat=37.386051177978516, lon=-122.08384704589844
[OA] Got coordinates for I4210144081: lat=29.357070922851562, lon=-98.52104949951172
[OA] Got coordinates for I106165777: lat=28.53834, lon=-81.37924
[OA] Got coordinates for I4210091424: lat=42.28342819213867, lon=-71.34950256347656
[OA] Got coordinates for I4210110999: lat=40.74568176269531, lon=-73.99420166015625
[OA] Got coordinates for I4210155461: lat=41.305484771728516, lon=-72.93694305419922
[OA] Got coordinates for I1292894508: lat=42.886451721191406, lon=-78.87837219238281
[OA] Got coordinates for I4210133061: lat=37.368831634521484, lon=-122.03634643554688
[OA] Got coordinates for I900200035: lat=40.8539924621582, lon=-74.37796783447266
[OA] Got coordinates for I4210118023: lat=39.160926818847656, lon=-77.23016357421875
[OA] Got coordinates for I4210152550: lat=39.08399963378906, lon=-77.15276336669922
[OA] Got coordinates for I2801508603: lat=42.37480163574219, lon=-71.10479736328125
[OA] Got coordinates for I2799886695: lat=38.90072250366211, lon=-77.03477478027344
[OA] Got coordinates for I4210146865: lat=36.115570068359375, lon=-115.12306213378906
[OA] Got coordinates for I4210119077: lat=41.50779342651367, lon=-81.60609436035156
[OA] Got coordinates for I28792581: lat=43.15478, lon=-77.61556
[OA] Got coordinates for I2801159745: lat=40.760780334472656, lon=-111.89105224609375
[OA] Got coordinates for I4210102777: lat=38.248966217041016, lon=-85.7511978149414
[OA] Got coordinates for I1299725459: lat=38.62726974487305, lon=-90.19789123535156
[OA] Got coordinates for I4210134151: lat=39.72943115234375, lon=-104.83191680908203
[OA] Got coordinates for I189957204: lat=42.77944, lon=-96.92921
[OA] Got coordinates for I4210154584: lat=42.28342819213867, lon=-71.23282623291016
[OA] Got coordinates for I14285509: lat=39.29037857055664, lon=-76.61219024658203
[OA] Got coordinates for I150468666: lat=33.749000549316406, lon=-84.38797760009766
[OA] Got coordinates for I4210164563: lat=38.95724105834961, lon=-92.29008483886719
[OA] Got coordinates for I4210111403: lat=42.26258850097656, lon=-71.80229187011719
[OA] Got coordinates for I4210088018: lat=37.77492904663086, lon=-122.41941833496094
[OA] Got coordinates for I4210133025: lat=41.810279846191406, lon=-71.41088104248047
[OA] Got coordinates for I4210143601: lat=42.151893615722656, lon=-87.80496215820312
[OA] Got coordinates for I159060422: lat=38.88100814819336, lon=-77.10427856445312
[OA] Got coordinates for I1287521167: lat=38.98067092895508, lon=-77.10025787353516
[OA] Got coordinates for I4210160979: lat=32.87477111816406, lon=-117.21337127685547
[OA] Got coordinates for I107672454: lat=43.70229, lon=-72.28954
[OA] Got coordinates for I4210139016: lat=41.753177642822266, lon=-87.90801239013672
[OA] Got coordinates for I4210127373: lat=42.28184127807617, lon=-89.66837310791016
[OA] Got coordinates for I168416876: lat=39.033119201660156, lon=-84.45188903808594
[OA] Got coordinates for I2802287952: lat=38.895111083984375, lon=-77.03636932373047
[OA] Got coordinates for I28721439: lat=38.89511, lon=-77.03637
[OA] Got coordinates for I186523950: lat=41.07861328125, lon=-73.82343292236328
[OA] Got coordinates for I2800440370: lat=42.08745574951172, lon=-70.99116516113281
[OA] Got coordinates for I227586296: lat=38.81593704223633, lon=-77.0403823852539
[OA] Got coordinates for I4210160639: lat=33.95447540283203, lon=-84.2286605834961
[OA] Got coordinates for I114662689: lat=38.968719482421875, lon=-77.34110260009766
[OA] Got coordinates for I4210134858: lat=42.562259674072266, lon=-70.88697052001953
[OA] Got coordinates for I3019562804: lat=40.77726745605469, lon=-74.4271469116211
[OA] Got coordinates for I4210085935: lat=37.21099853515625, lon=-121.80500030517578
[OA] Got coordinates for I4210113869: lat=29.703414916992188, lon=-95.55077362060547
[OA] Got coordinates for I132943300: lat=33.749000549316406, lon=-84.38797760009766
[OA] Got coordinates for I177855293: lat=36.77288818359375, lon=-81.83622741699219
[OA] Got coordinates for I4210095072: lat=44.9442253112793, lon=-93.10612487792969
[OA] Got coordinates for I4210136609: lat=39.71681594848633, lon=-105.1293716430664
[OA] Got coordinates for I4210152539: lat=33.80214309692383, lon=-84.31150817871094
[OA] Got coordinates for I4210105047: lat=29.954317092895508, lon=-90.07371520996094
[OA] Got coordinates for I926333354: lat=34.116119384765625, lon=-118.15035247802734
[OA] Got coordinates for I4210135252: lat=44.97148513793945, lon=-93.2320556640625
[OA] Got coordinates for I1313298211: lat=35.14952850341797, lon=-90.04898071289062
[OA] Got coordinates for I4210092916: lat=33.798423767089844, lon=-84.36939239501953
[OA] Got coordinates for I158960842: lat=39.714111328125, lon=-105.09568786621094
[OA] Got coordinates for I1340179700: lat=40.714271545410156, lon=-74.00596618652344
[OA] Got coordinates for I4210101327: lat=44.886329650878906, lon=-93.33179473876953
[OA] Got coordinates for I4210159747: lat=35.06853485107422, lon=-89.84467315673828
[OA] Got coordinates for I2948663404: lat=42.36115264892578, lon=-71.56156158447266
[OA] Got coordinates for I4210129097: lat=33.798370361328125, lon=-84.32722473144531
[OA] Got coordinates for I4387153466: lat=40.71427, lon=-74.00597
[OA] Got coordinates for I4210108215: lat=34.05280685424805, lon=-118.4526138305664
[OA] Got coordinates for I4210156876: lat=34.05223083496094, lon=-118.24368286132812
[OA] Got coordinates for I4210134534: lat=38.98067092895508, lon=-77.10025787353516
[OA] Got coordinates for I4210152642: lat=42.57508850097656, lon=-70.9300537109375
[OA] Got coordinates for I4210145631: lat=41.53460693359375, lon=-90.52002716064453
[OA] Got coordinates for I4210140103: lat=32.90016174316406, lon=-96.9599380493164
[OA] Got coordinates for I4210140517: lat=47.66608428955078, lon=-122.31350708007812
[OA] Got coordinates for I16452829: lat=30.26715087890625, lon=-97.74305725097656
[OA] Got coordinates for I4210112098: lat=32.83356475830078, lon=-117.27500915527344
[OA] Got coordinates for I4210150894: lat=32.78306, lon=-96.80667
[OA] Got coordinates for I160856358: lat=32.7157096862793, lon=-117.16471862792969
[OA] Got coordinates for I4210153295: lat=30.267248153686523, lon=-97.74303436279297
[OA] Got coordinates for I13383945: lat=37.45383071899414, lon=-122.18218994140625
[OA] Got coordinates for I4210107338: lat=40.714271545410156, lon=-74.00596618652344
[OA] Got coordinates for I124727415: lat=44.7989501953125, lon=-91.49934387207031
[OA] Got coordinates for I4210155085: lat=34.151145935058594, lon=-117.9969253540039
[OA] Got coordinates for I4210147830: lat=38.846405029296875, lon=-76.08123779296875
[OA] Got coordinates for I4210128618: lat=39.11417007446289, lon=-94.62745666503906
[OA] Got coordinates for I4210097601: lat=39.0997314453125, lon=-94.57856750488281
[OA] Got coordinates for I174216632: lat=40.71427, lon=-74.00597
[OA] Got coordinates for I83041322: lat=40.63104248046875, lon=-73.95445251464844
[OA] Got coordinates for I188891513: lat=32.90142059326172, lon=-117.24195861816406
[OA] Got coordinates for I2799424032: lat=47.60620880126953, lon=-122.33206939697266
[OA] Got coordinates for I4210101049: lat=32.879295349121094, lon=-96.76648712158203
[OA] Got coordinates for I87424562: lat=42.44063186645508, lon=-76.49661254882812
[OA] Got coordinates for I87208437: lat=36.1522216796875, lon=-95.9463882446289
[OA] Got coordinates for I4210104429: lat=40.760650634765625, lon=-73.96905517578125
[OA] Got coordinates for I4210110767: lat=39.00382614135742, lon=-77.10118103027344
[OA] Got coordinates for I76766440: lat=37.77492904663086, lon=-122.41941833496094
[OA] Got coordinates for I2801339483: lat=34.05223083496094, lon=-118.24368286132812
[OA] Got coordinates for I32389192: lat=33.52066, lon=-86.80249
[OA] Got coordinates for I4210110664: lat=37.763240814208984, lon=-122.45826721191406
[OA] Got coordinates for I4210108547: lat=30.423810958862305, lon=-97.7479476928711
[OA] Got coordinates for I4210140826: lat=39.9523811340332, lon=-75.16361999511719
[OA] Got coordinates for I2802107665: lat=39.798439025878906, lon=-86.10477447509766
[OA] Got coordinates for I8031829: lat=40.714271545410156, lon=-74.00596618652344
[OA] Got coordinates for I1303662053: lat=32.37912368774414, lon=-86.30571746826172
[OA] Got coordinates for I2799795989: lat=40.74633026123047, lon=-73.98246765136719
[OA] Got coordinates for I81726945: lat=39.41535186767578, lon=-81.45484161376953
[OA] Got coordinates for I192389796: lat=40.86652, lon=-124.08284
[OA] Got coordinates for I4210156156: lat=38.50782012939453, lon=-77.30919647216797
[OA] Got coordinates for I4210128585: lat=33.983558654785156, lon=-118.45889282226562
[OA] Got coordinates for I4210102836: lat=39.17031478881836, lon=-86.53671264648438
[OA] Got coordinates for I4210158545: lat=38.58189010620117, lon=-90.40449523925781
[OA] Got coordinates for I92446798: lat=40.58526, lon=-105.08442
[OA] Got coordinates for I4210151747: lat=41.81587600708008, lon=-71.41004180908203
[OA] Got coordinates for I4210126592: lat=37.60884475708008, lon=-77.52671813964844
[OA] Got coordinates for I184759092: lat=40.68843078613281, lon=-75.22073364257812
[OA] Got coordinates for I1341202592: lat=42.7319221496582, lon=-84.55936431884766
[OA] Got coordinates for I208333798: lat=38.62726974487305, lon=-90.19789123535156
[OA] Got coordinates for I4210090916: lat=42.41524124145508, lon=-71.0772933959961
[OA] Got coordinates for I149290949: lat=42.35626983642578, lon=-71.05689239501953
[OA] Got coordinates for I4210155857: lat=39.3460693359375, lon=-77.88163757324219
[OA] Got coordinates for I223919290: lat=43.68158721923828, lon=-92.96781921386719
[OA] Got coordinates for I4210119687: lat=42.06555938720703, lon=-87.68434143066406
[OA] Got coordinates for I4210087539: lat=42.056880950927734, lon=-87.67448425292969
[OA] Got coordinates for I192545095: lat=41.39148, lon=-73.95597
[OA] Got coordinates for I4210151307: lat=41.10931396484375, lon=-73.8634033203125
[OA] Got coordinates for I44619346: lat=41.82398986816406, lon=-71.41282653808594
[OA] Got coordinates for I1294504835: lat=34.683868408203125, lon=-86.64763641357422
[OA] Got coordinates for I4657992: lat=43.815574645996094, lon=-91.2335205078125
[OA] Got coordinates for I4210105500: lat=34.4320182800293, lon=-119.70250701904297
[OA] Got coordinates for I4210117222: lat=38.88100814819336, lon=-77.10427856445312
[OA] Got coordinates for I1329765538: lat=39.240379333496094, lon=-76.83941650390625
[OA] Got coordinates for I4210130687: lat=34.449337005615234, lon=-119.8105697631836
[OA] Failed to fetch I4210096309, got None
[OA] Got coordinates for I138285227: lat=37.328182220458984, lon=-121.99708557128906
[OA] Got coordinates for I168537998: lat=39.76838, lon=-86.15804
[OA] Got coordinates for I165139151: lat=32.72541046142578, lon=-97.32084655761719
[OA] Got coordinates for I4210150756: lat=39.78590774536133, lon=-75.54895782470703
[OA] Got coordinates for I4210090485: lat=46.95513916015625, lon=-122.73736572265625
[OA] Got coordinates for I22675022: lat=42.71202087402344, lon=-73.20372009277344
[OA] Got coordinates for I111878022: lat=40.586273193359375, lon=-74.62651062011719
[OA] Got coordinates for I4210132870: lat=41.14459991455078, lon=-73.43010711669922
[OA] Got coordinates for I53276908: lat=38.88100814819336, lon=-77.10427856445312
[OA] Got coordinates for I161301626: lat=40.872501373291016, lon=-73.89389038085938
[OA] Got coordinates for I4210158169: lat=39.105186462402344, lon=-108.6146240234375
[OA] Got coordinates for I1282516798: lat=36.09986114501953, lon=-80.24421691894531
[OA] Got coordinates for I3018163063: lat=42.34901428222656, lon=-71.14968872070312
[OA] Got coordinates for I4210088923: lat=40.849849700927734, lon=-73.86640930175781
[OA] Got coordinates for I19772626: lat=40.714271545410156, lon=-74.00596618652344
[OA] Got coordinates for I4210099055: lat=41.86109161376953, lon=-88.05431365966797
[OA] Got coordinates for I4210146559: lat=42.0526008605957, lon=-88.01605987548828
[OA] Got coordinates for I184647316: lat=44.08053970336914, lon=-103.23101043701172
[OA] Got coordinates for I121980950: lat=41.73548889160156, lon=-111.83438873291016
[OA] Got coordinates for I147853995: lat=61.21805953979492, lon=-149.90028381347656
[OA] Got coordinates for I4210113932: lat=42.55690383911133, lon=-71.48072814941406
[OA] Got coordinates for I1311688040: lat=47.60621, lon=-122.33207
[OA] Got coordinates for I4210133661: lat=32.84321212768555, lon=-117.27915954589844
[OA] Got coordinates for I114277686: lat=38.62727, lon=-90.19789
[OA] Got coordinates for I157122930: lat=40.739383697509766, lon=-73.97702026367188
[OA] Got coordinates for I4210091204: lat=32.832698822021484, lon=-117.26985931396484
[OA] Got coordinates for I118020396: lat=39.902061462402344, lon=-75.34990692138672
[OA] Got coordinates for I138168422: lat=40.78871, lon=-73.59957
[OA] Got coordinates for I4210087560: lat=40.92283248901367, lon=-73.13116455078125
[OA] Got coordinates for I4210146389: lat=39.74728775024414, lon=-104.96587371826172
[OA] Got coordinates for I4210098793: lat=39.02305603027344, lon=-76.9215316772461
[OA] Got coordinates for I119916105: lat=44.9799690246582, lon=-93.26383972167969
[OA] Got coordinates for I2801014300: lat=26.621679306030273, lon=-81.84059143066406
[OA] Got coordinates for I4210146166: lat=42.358428955078125, lon=-71.05976867675781
[OA] Got coordinates for I138659443: lat=39.84967041015625, lon=-75.35707092285156
[OA] Got coordinates for I2801032651: lat=39.7661018371582, lon=-105.07720947265625
[OA] Got coordinates for I2800565835: lat=40.357025146484375, lon=-74.65691375732422
[OA] Got coordinates for I2802056718: lat=40.709476470947266, lon=-73.93683624267578
[OA] Got coordinates for I4210147207: lat=38.90541076660156, lon=-77.03401184082031
[OA] Got coordinates for I3206020590: lat=42.27756118774414, lon=-83.74088287353516
[OA] Got coordinates for I4210161556: lat=38.804840087890625, lon=-77.04692077636719
[OA] Got coordinates for I2802446986: lat=39.12449645996094, lon=-94.74715423583984
[OA] Got coordinates for I47636678: lat=34.05223, lon=-118.24368
[OA] Got coordinates for I4210155382: lat=30.637039184570312, lon=-96.31687927246094
[OA] Got coordinates for I75717288: lat=41.69982147216797, lon=-72.15702056884766
[OA] Got coordinates for I1344076864: lat=38.950260162353516, lon=-77.07901000976562
[OA] Got coordinates for I4210109259: lat=38.46412658691406, lon=-121.4173812866211
[OA] Got coordinates for I1295876152: lat=29.763280868530273, lon=-95.36327362060547
[OA] Got coordinates for I4210119046: lat=38.89511, lon=-77.03637
[OA] Got coordinates for I2799853436: lat=39.29038, lon=-76.61219
[OA] Got coordinates for I4210151462: lat=40.714271545410156, lon=-74.00596618652344
[OA] Got coordinates for I4210110520: lat=34.06245040893555, lon=-118.20014953613281
[OA] Got coordinates for I4210128862: lat=41.25795364379883, lon=-96.04168701171875
[OA] Got coordinates for I1293231726: lat=42.358428955078125, lon=-71.05976867675781
[OA] Got coordinates for I4210147348: lat=41.85002899169922, lon=-87.6500473022461
[OA] Got coordinates for I908450791: lat=42.372676849365234, lon=-71.11187744140625
[OA] Got coordinates for I4210161586: lat=37.29076385498047, lon=-122.22470092773438
[OA] Got coordinates for I4210106287: lat=33.80730056762695, lon=-118.19300079345703
[OA] Got coordinates for I146094533: lat=40.7502555847168, lon=-73.97421264648438
[OA] Got coordinates for I4210166947: lat=42.158355712890625, lon=-71.11741638183594
[OA] Got coordinates for I4210140958: lat=42.234012603759766, lon=-83.7310562133789
[OA] Got coordinates for I1315496137: lat=39.29038, lon=-76.61219
[OA] Got coordinates for I4210146201: lat=38.895111083984375, lon=-77.03636932373047
[OA] Got coordinates for I1318617081: lat=38.895111083984375, lon=-77.03636932373047
[OA] Got coordinates for I12834331: lat=41.31137, lon=-105.5911
[OA] Got coordinates for I181233156: lat=44.05207, lon=-123.08675
[OA] Got coordinates for I4210136924: lat=37.26899719238281, lon=-76.6995849609375
[OA] Got coordinates for I4210163281: lat=35.855838775634766, lon=-78.86905670166016
[OA] Got coordinates for I4210145812: lat=40.817161560058594, lon=-74.10150909423828
[OA] Got coordinates for I169071179: lat=40.70708465576172, lon=-74.01315307617188
[OA] Got coordinates for I4210120022: lat=38.9425048828125, lon=-76.9947280883789
[OA] Got coordinates for I1320354487: lat=44.974979400634766, lon=-93.27445220947266
[OA] Got coordinates for I4210121465: lat=34.43136215209961, lon=-119.8204574584961
[OA] Got coordinates for I4210092922: lat=39.76837921142578, lon=-86.15804290771484
[OA] Got coordinates for I4210117131: lat=37.42368698120117, lon=-122.1260757446289
[OA] Got coordinates for I2802002475: lat=38.632808685302734, lon=-90.26299285888672
[OA] Got coordinates for I4210110099: lat=38.64021301269531, lon=-90.44001007080078
[OA] Got coordinates for I4210112840: lat=42.3643913269043, lon=-71.10150146484375
[OA] Got coordinates for I4210114250: lat=42.531227111816406, lon=-71.13262176513672
[OA] Got coordinates for I4210166413: lat=33.44837951660156, lon=-112.07404327392578
[OA] Got coordinates for I4210137803: lat=39.05531311035156, lon=-77.11106872558594
[OA] Got coordinates for I179093154: lat=42.98719024658203, lon=-71.4687728881836
[OA] Got coordinates for I161057412: lat=43.133968353271484, lon=-70.92645263671875
[OA] Got coordinates for I4210151920: lat=40.438323974609375, lon=-79.99907684326172
[OA] Got coordinates for I4210119496: lat=39.91838073730469, lon=-86.1590576171875
[OA] Got coordinates for I4210092218: lat=42.428688049316406, lon=-71.0741958618164
[OA] Got coordinates for I110496330: lat=37.67544937133789, lon=-113.0716323852539
[OA] Got coordinates for I82495205: lat=34.73040008544922, lon=-86.5859375
[OA] Got coordinates for I131651094: lat=39.73915100097656, lon=-104.98470306396484
[OA] Got coordinates for I1290463931: lat=29.42411994934082, lon=-98.4936294555664
[OA] Got coordinates for I19990318: lat=37.7935905456543, lon=-122.39551544189453
[OA] Got coordinates for I1317239608: lat=38.8922233581543, lon=-77.0449447631836
[OA] Got coordinates for I2802905149: lat=38.896690368652344, lon=-77.04039001464844
[OA] Got coordinates for I1310145890: lat=38.89876937866211, lon=-77.04376983642578
[OA] Got coordinates for I2802487149: lat=37.789527893066406, lon=-122.40633392333984
[OA] Got coordinates for I2799826445: lat=34.23244857788086, lon=-84.12359619140625
[OA] Got coordinates for I4210158401: lat=36.07575607299805, lon=-80.29766845703125
[OA] Got coordinates for I1286805341: lat=41.8966178894043, lon=-87.62252807617188
[OA] Got coordinates for I4210142913: lat=42.04202651977539, lon=-93.57638549804688
[OA] Got coordinates for I2800451075: lat=36.068721771240234, lon=-80.27172088623047
[OA] Got coordinates for I2801373766: lat=42.36404800415039, lon=-71.08573913574219
[OA] Got coordinates for I1282462722: lat=38.895111083984375, lon=-77.03636932373047
[OA] Got coordinates for I1318687432: lat=38.89302062988281, lon=-77.04774475097656
[OA] Got coordinates for I197604219: lat=38.895111083984375, lon=-77.03636932373047
[OA] Got coordinates for I4210121368: lat=42.36558532714844, lon=-71.10369873046875
[OA] Got coordinates for I4210121988: lat=34.052024841308594, lon=-118.25933074951172
[OA] Got coordinates for I4210113003: lat=42.65843, lon=-71.137
[OA] Got coordinates for I1286329397: lat=38.968719482421875, lon=-77.34110260009766
[OA] Got coordinates for I154264771: lat=41.693180084228516, lon=-72.76496124267578
[OA] Got coordinates for I4210097742: lat=36.59930419921875, lon=-121.89668273925781
[OA] Got coordinates for I106107269: lat=34.0966796875, lon=-117.71977996826172
[OA] Got coordinates for I44265643: lat=39.70288848876953, lon=-75.1118392944336
[OA] Got coordinates for I136722135: lat=34.0966796875, lon=-117.71977996826172
[OA] Got coordinates for I74022624: lat=36.15398025512695, lon=-95.99276733398438
[OA] Got coordinates for I4210158053: lat=35.7721, lon=-78.63861
[OA] Got coordinates for I4210108991: lat=35.99403, lon=-78.89862
[OA] Got coordinates for I115209984: lat=30.449642181396484, lon=-91.18643951416016
[OA] Got coordinates for I142934699: lat=33.87028884887695, lon=-117.92533874511719
[OA] Got coordinates for I2948539688: lat=42.32558, lon=-87.84118
[OA] Got coordinates for I2800916854: lat=40.12617, lon=-82.92907
[OA] Got coordinates for I1343035065: lat=38.89511, lon=-77.03637
[OA] Got coordinates for I4210134377: lat=40.21704864501953, lon=-74.7429428100586
[OA] Got coordinates for I4210140095: lat=40.3458366394043, lon=-74.6153335571289
[OA] Got coordinates for I4210104770: lat=41.69441604614258, lon=-85.99922943115234
[OA] Got coordinates for I4210088796: lat=41.553836822509766, lon=-70.60713195800781
[OA] Got coordinates for I1338503839: lat=42.14539337158203, lon=-77.05593872070312
[OA] Got coordinates for I75420490: lat=29.95465, lon=-90.07507
[OA] Got coordinates for I83809506: lat=30.694360733032227, lon=-88.04305267333984
[OA] Got coordinates for I177065122: lat=29.763280868530273, lon=-95.36327362060547
[OA] Got coordinates for I4210117923: lat=41.85002899169922, lon=-87.6500473022461
[OA] Got coordinates for I4210104270: lat=39.29037857055664, lon=-76.61219024658203
[OA] Got coordinates for I4210126850: lat=42.70457458496094, lon=-71.14492797851562
[OA] Got coordinates for I102252114: lat=40.266998291015625, lon=-74.74635314941406
[OA] Got coordinates for I4210140690: lat=41.2305793762207, lon=-111.97530364990234
[OA] Got coordinates for I4210152711: lat=35.00736999511719, lon=-80.94508361816406
[OA] Got coordinates for I2800773959: lat=42.08836, lon=-87.98063
[OA] Got coordinates for I4210115081: lat=42.3631477355957, lon=-71.06676483154297
[OA] Got coordinates for I2800314821: lat=41.30584716796875, lon=-72.93047332763672
[OA] Got coordinates for I181401687: lat=38.895111083984375, lon=-77.03636932373047
[OA] Failed to fetch I4210093580, got None
[OA] Got coordinates for I4210153061: lat=38.89573669433594, lon=-77.07283782958984
[OA] Got coordinates for I138873065: lat=40.81315994262695, lon=-73.56735229492188
[OA] Got coordinates for I107118585: lat=39.4361686706543, lon=-77.8023681640625
[OA] Got coordinates for I1280339224: lat=39.04731750488281, lon=-77.1124267578125
[OA] Got coordinates for I54713919: lat=40.96342, lon=-76.61273
[OA] Got coordinates for I1293487830: lat=40.96753692626953, lon=-76.60446166992188
[OA] Got coordinates for I4210109567: lat=33.798370361328125, lon=-84.32723999023438
[OA] Got coordinates for I4210131859: lat=40.79338836669922, lon=-77.86000061035156
[OA] Got coordinates for I2802216851: lat=41.661128997802734, lon=-91.53016662597656
[OA] Got coordinates for I4210127633: lat=41.894412994384766, lon=-87.60648345947266
[OA] Got coordinates for I1320796813: lat=40.71427, lon=-74.00597
[OA] Got coordinates for I4210087865: lat=41.85002899169922, lon=-87.6500473022461
[OA] Got coordinates for I4210117998: lat=44.426273345947266, lon=-69.00714874267578
[OA] Got coordinates for I1315135799: lat=44.677730560302734, lon=-90.17732238769531
[OA] Got coordinates for I4210122924: lat=39.9523811340332, lon=-75.16361999511719
[OA] Got coordinates for I2802296350: lat=36.56571578979492, lon=-79.4085464477539
[OA] Got coordinates for I4210153153: lat=37.672935485839844, lon=-121.90296173095703
[OA] Got coordinates for I6059380: lat=39.29037857055664, lon=-76.61219024658203
[OA] Got coordinates for I4210117083: lat=40.005088806152344, lon=-75.15159606933594
[OA] Got coordinates for I4210112515: lat=38.987422943115234, lon=-76.94266510009766
[OA] Got coordinates for I79272384: lat=39.29037857055664, lon=-76.61219024658203
[OA] Got coordinates for I4210113689: lat=39.185367584228516, lon=-76.80997467041016
[OA] Got coordinates for I4210097491: lat=37.382972717285156, lon=-122.03366088867188
[OA] Got coordinates for I53107984: lat=34.07691955566406, lon=-118.47550964355469
[OA] Got coordinates for I123946342: lat=42.098690032958984, lon=-75.91796875
[OA] Got coordinates for I26274970: lat=37.44429016113281, lon=-122.16161346435547
[OA] Got coordinates for I4210104289: lat=38.89428, lon=-77.4311
[OA] Got coordinates for I4210108451: lat=37.354103088378906, lon=-121.95931243896484
[OA] Got coordinates for I114493937: lat=41.25625991821289, lon=-95.9404296875
[OA] Got coordinates for I83328450: lat=39.50699996948242, lon=-84.74523162841797
[OA] Got coordinates for I4210155307: lat=38.99547576904297, lon=-77.0282974243164
[OA] Failed to fetch I4210112983, got None
[OA] Got coordinates for I2800700664: lat=29.55221176147461, lon=-98.2688217163086
[OA] Got coordinates for I1286498122: lat=37.42762756347656, lon=-122.16700744628906
[OA] Got coordinates for I4210089266: lat=37.87640380859375, lon=-122.2595443725586
[OA] Got coordinates for I138220800: lat=33.08224868774414, lon=-83.23098754882812
[OA] Got coordinates for I4210159838: lat=39.12681579589844, lon=-77.21855926513672
[OA] Got coordinates for I2799744481: lat=41.13358688354492, lon=-85.07926177978516
[OA] Got coordinates for I2799886051: lat=36.06783676147461, lon=-94.17366027832031
[OA] Got coordinates for I1320343167: lat=38.62726974487305, lon=-90.19789123535156
[OA] Got coordinates for I4210161767: lat=37.31247329711914, lon=-121.93121337890625
[OA] Got coordinates for I1282883388: lat=30.26715087890625, lon=-97.74305725097656
[OA] Got coordinates for I4210125891: lat=42.35986328125, lon=-71.10458374023438
[OA] Got coordinates for I112475681: lat=38.96343994140625, lon=-76.931640625
[OA] Got coordinates for I2801965753: lat=38.89802551269531, lon=-77.04257202148438
[OA] Got coordinates for I4210093450: lat=42.52392578125, lon=-70.99131774902344
[OA] Got coordinates for I96408529: lat=40.47560119628906, lon=-85.49442291259766
[OA] Got coordinates for I889937125: lat=42.35075759887695, lon=-71.05029296875
[OA] Got coordinates for I4210124063: lat=42.35213088989258, lon=-71.0631332397461
[OA] Got coordinates for I1313558178: lat=42.83998489379883, lon=-85.65760803222656
[OA] Got coordinates for I4210098262: lat=40.71676254272461, lon=-74.01649475097656
[OA] Got coordinates for I165733156: lat=33.9609489440918, lon=-83.37793731689453
[OA] Got coordinates for I10052268: lat=32.31232, lon=-106.77834
[OA] Got coordinates for I39822340: lat=37.22956848144531, lon=-80.4139404296875
[OA] Got coordinates for I16269868: lat=37.35411071777344, lon=-121.95523834228516
[OA] Got coordinates for I4210129483: lat=37.372596740722656, lon=-122.03601837158203
[OA] Got coordinates for I4210153531: lat=35.87518310546875, lon=-83.7630386352539
[OA] Got coordinates for I4210094306: lat=37.02987, lon=-76.34522
[OA] Got coordinates for I4210145006: lat=41.885162353515625, lon=-87.62316131591797
[OA] Got coordinates for I1319063186: lat=37.029869079589844, lon=-76.34522247314453
[OA] Got coordinates for I4210105730: lat=39.62799835205078, lon=-84.1940689086914
[OA] Got coordinates for I4210101778: lat=40.85704040527344, lon=-74.02153015136719
[OA] Got coordinates for I10986801: lat=34.75600051879883, lon=-86.65299987792969
[OA] Got coordinates for I4210133173: lat=38.80484, lon=-77.04692
[OA] Got coordinates for I4210106615: lat=47.62394332885742, lon=-122.33409881591797
[OA] Got coordinates for I2803037450: lat=35.86014938354492, lon=-86.42445373535156
[OA] Got coordinates for I4210107408: lat=40.804779052734375, lon=-73.93406677246094
[OA] Got coordinates for I70142805: lat=43.628997802734375, lon=-84.27627563476562
[OA] Got coordinates for I2799712993: lat=42.18895721435547, lon=-71.20171356201172
[OA] Got coordinates for I4210086495: lat=33.71718978881836, lon=-117.80325317382812
[OA] Got coordinates for I2800226986: lat=38.95170974731445, lon=-92.33406829833984
[OA] Got coordinates for I4210119705: lat=42.385520935058594, lon=-71.26565551757812
[OA] Got coordinates for I4210125757: lat=42.37649154663086, lon=-71.23561096191406
[OA] Got coordinates for I4210110978: lat=41.4995, lon=-81.69541
[OA] Got coordinates for I204308271: lat=43.03889846801758, lon=-87.9064712524414
[OA] Got coordinates for I1299218025: lat=41.4995, lon=-81.69541
[OA] Got coordinates for I4210157264: lat=41.46217346191406, lon=-81.69709014892578
[OA] Got coordinates for I4210123128: lat=32.284950256347656, lon=-110.93485260009766
[OA] Got coordinates for I4210147586: lat=29.763280868530273, lon=-95.36327362060547
[OA] Got coordinates for I4210145612: lat=39.10912322998047, lon=-77.1756820678711
[OA] Got coordinates for I25790992: lat=29.59576988220215, lon=-90.71952819824219
[OA] Got coordinates for I4210136897: lat=39.29037857055664, lon=-76.61219024658203
[OA] Got coordinates for I4210151055: lat=42.35548400878906, lon=-72.49092864990234
[OA] Got coordinates for I29606459: lat=32.32963180541992, lon=-90.19607543945312
[OA] Got coordinates for I4210136996: lat=42.33026885986328, lon=-71.0838623046875
[OA] Got coordinates for I4210150176: lat=41.83417510986328, lon=-88.00753021240234
[OA] Got coordinates for I2802476176: lat=39.98820114135742, lon=-75.26183319091797
[OA] Got coordinates for I2801770128: lat=37.49795913696289, lon=-77.46681213378906
[OA] Got coordinates for I4210148930: lat=42.16401672363281, lon=-71.46621704101562
[OA] Got coordinates for I4210138405: lat=30.295583724975586, lon=-97.82518005371094
[OA] Got coordinates for I4210137149: lat=42.305484771728516, lon=-71.2287826538086
[OA] Got coordinates for I4210166361: lat=42.3109245300293, lon=-71.2261962890625
[OA] Got coordinates for I1323276237: lat=30.420364379882812, lon=-84.31790924072266
[OA] Got coordinates for I8248082: lat=30.43825912475586, lon=-84.28073120117188
[OA] Got coordinates for I149292303: lat=31.79805564880371, lon=-85.95388793945312
[OA] Got coordinates for I2801582665: lat=38.89482879638672, lon=-77.03014373779297
[OA] Got coordinates for I32038505: lat=35.07699966430664, lon=-92.45700073242188
[OA] Got coordinates for I2802366037: lat=32.783058166503906, lon=-96.80667114257812
[OA] Got coordinates for I32480017: lat=28.039470672607422, lon=-81.94979858398438
[OA] Got coordinates for I98813999: lat=41.8940544128418, lon=-87.62239074707031
[OA] Got coordinates for I4210152127: lat=42.50981, lon=-72.69953
[OA] Got coordinates for I4210136420: lat=30.477298736572266, lon=-84.22409057617188
[OA] Got coordinates for I4210110539: lat=45.50282287597656, lon=-122.67523193359375
[OA] Got coordinates for I2800296752: lat=42.28520965576172, lon=-71.4187240600586
[OA] Got coordinates for I137473845: lat=40.00751876831055, lon=-105.26873779296875
[OA] Got coordinates for I4210089431: lat=40.794132232666016, lon=-73.47116088867188
[OA] Got coordinates for I4210159349: lat=39.08506393432617, lon=-77.15662384033203
[OA] Got coordinates for I4210122987: lat=42.42720031738281, lon=-71.06912231445312
[OA] Got coordinates for I7118282: lat=41.01070022583008, lon=-73.9346694946289
[OA] Got coordinates for I103922791: lat=37.77492904663086, lon=-122.41941833496094
[OA] Got coordinates for I2801317473: lat=42.33300018310547, lon=-85.17900085449219
[OA] Got coordinates for I4210146378: lat=42.25179672241211, lon=-88.97077178955078
[OA] Got coordinates for I4210127875: lat=37.35411071777344, lon=-121.95523834228516
[OA] Got coordinates for I145402516: lat=42.788818359375, lon=-86.1041030883789
[OA] Got coordinates for I4210162950: lat=42.36756896972656, lon=-71.085205078125
[OA] Got coordinates for I4210121626: lat=39.080509185791016, lon=-77.23397827148438
[OA] Got coordinates for I1307117695: lat=41.25626, lon=-95.94043
[OA] Got coordinates for I59130452: lat=41.25626, lon=-95.94043
[OA] Got coordinates for I70571728: lat=41.293941497802734, lon=-82.21737670898438
[OA] Got coordinates for I2801004183: lat=31.073823928833008, lon=-97.35224914550781
[OA] Got coordinates for I4210151829: lat=40.77250671386719, lon=-96.62252807617188
[OA] Got coordinates for I2803028891: lat=39.957000732421875, lon=-75.16300201416016
[OA] Got coordinates for I4210157070: lat=42.4792594909668, lon=-71.15228271484375
[OA] Got coordinates for I102179633: lat=40.73625564575195, lon=-73.99475860595703
[OA] Got coordinates for I1298453700: lat=40.01819610595703, lon=-105.24102783203125
[OA] Got coordinates for I4210167031: lat=39.981876373291016, lon=-82.99665069580078
[OA] Got coordinates for I125687163: lat=40.714271545410156, lon=-74.00596618652344
[OA] Got coordinates for I4210160609: lat=34.75837326049805, lon=-92.38861846923828
[OA] Got coordinates for I102401767: lat=34.74647903442383, lon=-92.28958892822266
[OA] Got coordinates for I125866687: lat=42.230560302734375, lon=-97.017822265625
[OA] Got coordinates for I35777872: lat=36.07263946533203, lon=-79.79197692871094
[OA] Got coordinates for I190517652: lat=42.73698, lon=-84.48387
[OA] Got coordinates for I4210090676: lat=36.003807067871094, lon=-78.94313049316406
[OA] Got coordinates for I63920570: lat=36.162841796875, lon=-85.50164031982422
[OA] Got coordinates for I126218986: lat=43.04241180419922, lon=-88.02408599853516
[OA] Got coordinates for I4210150362: lat=27.952848434448242, lon=-82.5264663696289
[OA] Got coordinates for I4210153756: lat=42.2895622253418, lon=-71.63186645507812
[OA] Got coordinates for I4210129287: lat=42.375099182128906, lon=-71.1056137084961
[OA] Got coordinates for I4210146958: lat=39.10400390625, lon=-77.19707489013672
[OA] Got coordinates for I32870303: lat=33.93305587768555, lon=-80.37388610839844
[OA] Got coordinates for I4210096275: lat=39.74100112915039, lon=-104.83599853515625
[OA] Got coordinates for I124574311: lat=42.37480163574219, lon=-71.10479736328125
[OA] Got coordinates for I4210117952: lat=42.34593, lon=-71.55229
[OA] Got coordinates for I917168660: lat=46.00381851196289, lon=-112.53473663330078
[OA] Got coordinates for I1328594524: lat=39.084049224853516, lon=-94.57717895507812
[OA] Got coordinates for I6750721: lat=46.87215042114258, lon=-113.99400329589844
[OA] Got coordinates for I2802841970: lat=39.99479675292969, lon=-83.01769256591797
[OA] Got coordinates for I139351228: lat=36.01036071777344, lon=-84.26963806152344
[OA] Got coordinates for I893812157: lat=38.895111083984375, lon=-77.03636932373047
[OA] Got coordinates for I1322124587: lat=38.91872024536133, lon=-77.23108673095703
[OA] Got coordinates for I4210154626: lat=37.432735443115234, lon=-122.10359191894531
[OA] Got coordinates for I70745867: lat=37.42827, lon=-121.90662
[OA] Got coordinates for I35364215: lat=36.60024, lon=-121.89468
[OA] Got coordinates for I4210146323: lat=37.40033721923828, lon=-121.88933563232422
[OA] Got coordinates for I2948394018: lat=38.88233184814453, lon=-77.17108917236328
[OA] Got coordinates for I4210132419: lat=40.7108039855957, lon=-74.00587463378906
[OA] Got coordinates for I2802907415: lat=40.757198333740234, lon=-73.97240447998047
[OA] Got coordinates for I149919469: lat=35.28275, lon=-120.65962
[OA] Got coordinates for I156087764: lat=37.30215835571289, lon=-120.48297119140625
[OA] Got coordinates for I1316817406: lat=39.95320129394531, lon=-75.1766357421875
[OA] Got coordinates for I4210102170: lat=40.75563049316406, lon=-73.99378204345703
[OA] Got coordinates for I4210166736: lat=42.53954315185547, lon=-71.62197875976562
[OA] Got coordinates for I4210130637: lat=25.70318031311035, lon=-80.35089874267578
[OA] Got coordinates for I2799591230: lat=32.77677536010742, lon=-96.80238342285156
[OA] Got coordinates for I39587148: lat=37.69224166870117, lon=-97.33753967285156
[OA] Got coordinates for I1302163369: lat=41.763710021972656, lon=-72.68508911132812
[OA] Got coordinates for I4210146926: lat=40.71427, lon=-74.00597
[OA] Got coordinates for I1289019353: lat=42.48419952392578, lon=-71.20469665527344
[OA] Got coordinates for I2802203029: lat=35.93661117553711, lon=-83.75050354003906
[OA] Got coordinates for I2802865341: lat=44.97762680053711, lon=-93.25660705566406
[OA] Got coordinates for I4210123879: lat=42.2984733581543, lon=-71.13119506835938
[OA] Got coordinates for I4210102457: lat=42.358428955078125, lon=-71.05976867675781
[OA] Got coordinates for I4210145211: lat=42.31880569458008, lon=-71.17530822753906
[OA] Got coordinates for I4210151542: lat=38.028995513916016, lon=-78.47639465332031
[OA] Got coordinates for I1279686153: lat=32.81401824951172, lon=-96.94889068603516
[OA] Got coordinates for I4210109165: lat=40.499271392822266, lon=-74.39904022216797
[OA] Got coordinates for I4210140030: lat=36.548431396484375, lon=-82.56182098388672
[OA] Got coordinates for I4210131954: lat=43.70229, lon=-72.28954
[OA] Got coordinates for I4210160958: lat=41.06185531616211, lon=-73.83868408203125
[OA] Got coordinates for I1281933226: lat=26.71533966064453, lon=-80.0533676147461
[OA] Got coordinates for I4210116119: lat=41.076210021972656, lon=-73.85874938964844
[OA] Got coordinates for I4210162410: lat=41.345314025878906, lon=-73.20807647705078
[OA] Got coordinates for I1298353152: lat=37.45383071899414, lon=-122.18218994140625
[OA] Got coordinates for I125043107: lat=41.049617767333984, lon=-73.96810913085938
[OA] Got coordinates for I1302444339: lat=40.73509979248047, lon=-73.68791198730469
[OA] Got coordinates for I4210117246: lat=44.9799690246582, lon=-93.26383972167969
[OA] Got coordinates for I4210099336: lat=37.46133, lon=-122.19774
[OA] Got coordinates for I4210140408: lat=44.98233413696289, lon=-93.26937866210938
[OA] Got coordinates for I4210158702: lat=42.5190544128418, lon=-71.23004150390625
[OA] Got coordinates for I4210089390: lat=37.404876708984375, lon=-122.1409683227539
[OA] Got coordinates for I4210166545: lat=40.75330352783203, lon=-73.71090698242188
[OA] Got coordinates for I4210087454: lat=33.47114562988281, lon=-81.98999786376953
[OA] Got coordinates for I4210113096: lat=29.71729278564453, lon=-95.54194641113281
[OA] Got coordinates for I1297288678: lat=39.75553894042969, lon=-105.22109985351562
[OA] Got coordinates for I4210143368: lat=44.9799690246582, lon=-93.26383972167969
[OA] Got coordinates for I2800560132: lat=40.75416564941406, lon=-73.7088851928711
[OA] Got coordinates for I146183641: lat=42.96335983276367, lon=-85.6680908203125
[OA] Got coordinates for I4210097178: lat=32.843326568603516, lon=-117.27946472167969
[OA] Got coordinates for I113026633: lat=42.967472076416016, lon=-85.66668701171875
[OA] Got coordinates for I4210124598: lat=37.44709777832031, lon=-122.16151428222656
[OA] Got coordinates for I2802697821: lat=39.2906608581543, lon=-76.54695892333984
[OA] Got coordinates for I4210094059: lat=37.45383, lon=-122.18219
[OA] Got coordinates for I4210101190: lat=47.63336944580078, lon=-122.34178924560547
[OA] Got coordinates for I4210125531: lat=40.86959457397461, lon=-74.45309448242188
[OA] Got coordinates for I4210124175: lat=42.375099182128906, lon=-71.1056137084961
[OA] Got coordinates for I13805885: lat=40.769039154052734, lon=-73.88204956054688
[OA] Got coordinates for I4210126919: lat=40.824092864990234, lon=-74.47655487060547
[OA] Got coordinates for I113979032: lat=37.77492904663086, lon=-122.41941833496094
[OA] Got coordinates for I1334329717: lat=38.895111083984375, lon=-77.03636932373047
[OA] Got coordinates for I4210092960: lat=35.5267448425293, lon=-97.58477783203125
[OA] Got coordinates for I133738476: lat=42.64271545410156, lon=-71.33453369140625
[OA] Got coordinates for I4390039285: lat=42.27756, lon=-83.74088
[OA] Got coordinates for I2799885155: lat=39.961181640625, lon=-82.99878692626953
[OA] Got coordinates for I2801315873: lat=42.390037536621094, lon=-71.10932922363281
[OA] Got coordinates for I4210136624: lat=37.45383071899414, lon=-122.18218994140625
[OA] Got coordinates for I863488634: lat=37.40474319458008, lon=-121.98528289794922
[OA] Got coordinates for I4210141255: lat=25.809839248657227, lon=-80.19044494628906
[OA] Got coordinates for I39565521: lat=38.895111083984375, lon=-77.03636932373047
[OA] Got coordinates for I4210111958: lat=41.73589324951172, lon=-72.79708099365234
[OA] Failed to fetch I4210133110, got None
[OA] Got coordinates for I102101047: lat=41.8761100769043, lon=-87.62472534179688
[OA] Got coordinates for I1321572752: lat=40.80571746826172, lon=-73.96116638183594
[OA] Got coordinates for I120506574: lat=41.641441345214844, lon=-80.15145111083984
[OA] Got coordinates for I2800275141: lat=40.456668853759766, lon=-80.00333404541016
[OA] Got coordinates for I115648763: lat=32.404823303222656, lon=-90.160888671875
[OA] Got coordinates for I61937129: lat=32.295982360839844, lon=-90.20465850830078
[OA] Got coordinates for I1281833243: lat=32.783058166503906, lon=-96.80667114257812
[OA] Got coordinates for I2801980284: lat=44.479793548583984, lon=-73.19412231445312
[OA] Got coordinates for I2803043754: lat=42.36808776855469, lon=-83.08513641357422
[OA] Got coordinates for I1285204247: lat=39.14048767089844, lon=-84.50108337402344
[OA] Got coordinates for I2802416897: lat=35.84701919555664, lon=-78.80154418945312
[OA] Got coordinates for I2802821144: lat=37.812156677246094, lon=-122.2677993774414
[OA] Got coordinates for I2799551006: lat=40.25791549682617, lon=-76.88040161132812
[OA] Got coordinates for I1294278766: lat=41.89710235595703, lon=-87.62161254882812
[OA] Got coordinates for I2802640032: lat=40.704681396484375, lon=-74.0075454711914
[OA] Got coordinates for I117965899: lat=21.30694007873535, lon=-157.85833740234375
[OA] Got coordinates for I2801170595: lat=36.14659118652344, lon=-96.00007629394531
[OA] Got coordinates for I150149174: lat=32.84069061279297, lon=-83.63240051269531
[OA] Got coordinates for I127362389: lat=36.610328674316406, lon=-88.31475830078125
[OA] Got coordinates for I26347476: lat=34.0483512878418, lon=-117.26114654541016
[OA] Got coordinates for I21160419: lat=40.262569427490234, lon=-80.1872787475586
[OA] Got coordinates for I47301684: lat=40.5142, lon=-88.99063
[OA] Got coordinates for I1289525096: lat=29.42411994934082, lon=-98.4936294555664
[OA] Got coordinates for I102373834: lat=40.01982879638672, lon=-75.30462646484375
[OA] Got coordinates for I100538780: lat=41.562320709228516, lon=-72.65065002441406
[OA] Got coordinates for I2801246084: lat=38.89511, lon=-77.03637
[OA] Got coordinates for I3137694307: lat=42.33176040649414, lon=-71.12116241455078
[OA] Got coordinates for I4210120805: lat=40.72005081176758, lon=-74.01817321777344
[OA] Got coordinates for I4210139685: lat=41.0055046081543, lon=-73.78535461425781
[OA] Got coordinates for I177340980: lat=40.75254821777344, lon=-73.42874145507812
[OA] Got coordinates for I79884896: lat=39.801719665527344, lon=-89.64370727539062
[OA] Got coordinates for I1297127228: lat=39.29038, lon=-76.61219
[OA] Got coordinates for I56691919: lat=39.76837921142578, lon=-86.15804290771484
[OA] Got coordinates for I1313867356: lat=38.89511, lon=-77.03637
[OA] Got coordinates for I4210121386: lat=35.95614242553711, lon=-86.82821655273438
[OA] Got coordinates for I2974656896: lat=42.35838317871094, lon=-83.06199645996094
[OA] Got coordinates for I4210135837: lat=40.110591888427734, lon=-88.20726776123047
[OA] Got coordinates for I4210150284: lat=45.61770248413086, lon=-122.53345489501953
[OA] Got coordinates for I4210102867: lat=35.16143035888672, lon=-90.05323028564453
[OA] Got coordinates for I4210104624: lat=38.898704528808594, lon=-77.02577209472656
[OA] Got coordinates for I4210104926: lat=40.75413513183594, lon=-73.99348449707031
[OA] Got coordinates for I76513827: lat=40.695648193359375, lon=-73.98750305175781
[OA] Got coordinates for I4210157567: lat=37.21343994140625, lon=-79.87899780273438
[OA] Got coordinates for I77697173: lat=41.878570556640625, lon=-87.633056640625
[OA] Got coordinates for I1322829787: lat=32.665042877197266, lon=-96.9548568725586
[OA] Got coordinates for I2802446264: lat=38.88100814819336, lon=-77.10427856445312
[OA] Got coordinates for I2799389969: lat=35.20290756225586, lon=-111.6646957397461
[OA] Got coordinates for I1331384533: lat=21.30694007873535, lon=-157.85833740234375
[OA] Got coordinates for I115020962: lat=42.650489807128906, lon=-70.83389282226562
[OA] Got coordinates for I203172682: lat=35.19807052612305, lon=-111.6512680053711
[OA] Got coordinates for I4210145894: lat=34.73040008544922, lon=-86.5859375
[OA] Got coordinates for I97537384: lat=42.70488739013672, lon=-73.8622055053711
[OA] Got coordinates for I4210112653: lat=33.47652816772461, lon=-101.86624145507812
[OA] Got coordinates for I157394403: lat=31.54932975769043, lon=-97.14666748046875
[OA] Got coordinates for I1317897188: lat=34.0706901550293, lon=-118.26868438720703
[OA] Got coordinates for I1309044729: lat=40.749755859375, lon=-73.9743881225586
[OA] Got coordinates for I1284584826: lat=40.69538879394531, lon=-73.99109649658203
[OA] Got coordinates for I1310421338: lat=40.44062042236328, lon=-79.99588775634766
[OA] Got coordinates for I1298742617: lat=38.89511, lon=-77.03637
[OA] Got coordinates for I128956969: lat=32.72541046142578, lon=-97.32084655761719
[OA] Got coordinates for I11786554: lat=37.23823165893555, lon=-77.41621398925781
[OA] Got coordinates for I4210126421: lat=43.07305145263672, lon=-89.40122985839844
[OA] Got coordinates for I86420138: lat=39.46670150756836, lon=-87.41390991210938
[OA] Got coordinates for I192578771: lat=39.46670150756836, lon=-87.41390991210938
[OA] Got coordinates for I202524275: lat=42.32509, lon=-72.6412
[OA] Got coordinates for I4210089246: lat=40.76655960083008, lon=-73.98340606689453
[OA] Got coordinates for I1306117286: lat=34.14778137207031, lon=-118.14452362060547
[OA] Got coordinates for I4210163752: lat=31.33716583251953, lon=-94.74208068847656
[OA] Got coordinates for I88621556: lat=41.55896759033203, lon=-75.77745819091797
[OA] Got coordinates for I4210133143: lat=43.61558151245117, lon=-84.24720764160156
[OA] Got coordinates for I4210158188: lat=40.752498626708984, lon=-73.96833038330078
[OA] Got coordinates for I2801820460: lat=42.392974853515625, lon=-71.15321350097656
[OA] Got coordinates for I1304256225: lat=43.07305, lon=-89.40123
[OA] Got coordinates for I4210146251: lat=44.900508880615234, lon=-93.44078826904297
[OA] Got coordinates for I4210133068: lat=37.2752799987793, lon=-107.88007354736328
[OA] Got coordinates for I2800773984: lat=38.99515914916992, lon=-77.0264663696289
[OA] Got coordinates for I2799537240: lat=44.94288635253906, lon=-93.10794830322266
[OA] Got coordinates for I99069390: lat=44.95736312866211, lon=-93.07415008544922
[OA] Got coordinates for I2800496153: lat=37.792823791503906, lon=-122.40145111083984
[OA] Got coordinates for I1281378812: lat=36.01036071777344, lon=-84.26963806152344
[OA] Got coordinates for I4210137478: lat=39.047210693359375, lon=-94.59181213378906
[OA] Got coordinates for I4210126441: lat=42.4067497253418, lon=-82.89449310302734
[OA] Got coordinates for I1317189400: lat=42.96950149536133, lon=-85.66699981689453
[OA] Got coordinates for I4210150391: lat=42.16233444213867, lon=-87.88048553466797
[OA] Got coordinates for I142740786: lat=38.25423812866211, lon=-85.75940704345703
[OA] Got coordinates for I19085752: lat=33.799339294433594, lon=-84.32801055908203
[OA] Got coordinates for I1339417872: lat=42.65258026123047, lon=-73.75623321533203
[OA] Got coordinates for I4210155647: lat=39.00166702270508, lon=-77.10444641113281
[OA] Got coordinates for I4210152177: lat=36.059722900390625, lon=-80.29708099365234
[OA] Got coordinates for I2800482329: lat=41.25625991821289, lon=-95.9404296875
[OA] Got coordinates for I162714631: lat=38.84621810913086, lon=-77.3063735961914
[OA] Got coordinates for I2801122164: lat=39.4379997253418, lon=-77.42340087890625
[OA] Got coordinates for I2801637956: lat=35.91537094116211, lon=-94.96996307373047
[OA] Got coordinates for I4210093799: lat=38.98067092895508, lon=-76.93692016601562
[OA] Got coordinates for I4210120421: lat=40.28293228149414, lon=-75.3511962890625
[OA] Got coordinates for I4210166037: lat=35.59405517578125, lon=-82.5580062866211
[OA] Got coordinates for I880747138: lat=38.93428, lon=-77.17748
[OA] Got coordinates for I4210132178: lat=40.014991760253906, lon=-105.27055358886719
[OA] Got coordinates for I161675122: lat=40.014991760253906, lon=-105.27055358886719
[OA] Got coordinates for I4210128139: lat=40.014991760253906, lon=-105.27055358886719
[OA] Got coordinates for I140773715: lat=48.00662612915039, lon=-122.2047348022461
[OA] Got coordinates for I880641448: lat=37.256561279296875, lon=-79.94263458251953
[OA] Got coordinates for I166416128: lat=39.003170013427734, lon=-76.97191619873047
[OA] Got coordinates for I126031752: lat=34.40701675415039, lon=-119.6973648071289
[OA] Got coordinates for I176611909: lat=34.17056, lon=-118.83759
[OA] Got coordinates for I10853899: lat=40.94453811645508, lon=-74.0754165649414
[OA] Got coordinates for I177881444: lat=34.0966796875, lon=-117.71977996826172
[OA] Got coordinates for I864088423: lat=40.79228210449219, lon=-73.4657974243164
[OA] Got coordinates for I118839592: lat=35.373291015625, lon=-119.01870727539062
[OA] Got coordinates for I4210157890: lat=40.656349182128906, lon=-73.65103149414062
[OA] Got coordinates for I872248612: lat=34.10200119018555, lon=-117.71199798583984
[OA] Got coordinates for I141461282: lat=41.56772994995117, lon=-83.69335174560547
[OA] Got coordinates for I1327551190: lat=32.736183166503906, lon=-117.15042114257812
[OA] Got coordinates for I40813086: lat=44.28239822387695, lon=-72.43848419189453
[OA] Got coordinates for I4210126766: lat=40.01256561279297, lon=-75.2132568359375
[OA] Got coordinates for I4056153: lat=27.336429595947266, lon=-82.53064727783203
[OA] Got coordinates for I1292197403: lat=33.961605072021484, lon=-83.39801025390625
[OA] Got coordinates for I70076703: lat=33.97808837890625, lon=-118.02960205078125
[OA] Got coordinates for I1330347796: lat=38.89511, lon=-77.03637
[OA] Got coordinates for I130440993: lat=39.108150482177734, lon=-76.74323272705078
[OA] Got coordinates for I1320675724: lat=38.89427947998047, lon=-77.43109893798828
[OA] Got coordinates for I2805268620: lat=31.54932975769043, lon=-97.14666748046875
[OA] Got coordinates for I4210099200: lat=39.94404602050781, lon=-75.13066864013672
[OA] Got coordinates for I97098773: lat=38.62726974487305, lon=-90.19789123535156
[OA] Got coordinates for I115441956: lat=42.886451721191406, lon=-78.87837219238281
[OA] Got coordinates for I4210163595: lat=47.750511169433594, lon=-122.64518737792969
[OA] Got coordinates for I4210126077: lat=41.88235855102539, lon=-87.62882995605469
[OA] Got coordinates for I4210099913: lat=28.6, lon=-81.33924
[OA] Got coordinates for I2802230104: lat=41.853641510009766, lon=-87.8395004272461
[OA] Got coordinates for I2801012209: lat=38.031707763671875, lon=-84.5091552734375
[OA] Got coordinates for I4210127938: lat=33.44837951660156, lon=-112.07404327392578
[OA] Got coordinates for I4210120499: lat=40.61227798461914, lon=-74.26705169677734
[OA] Got coordinates for I31336631: lat=42.24141311645508, lon=-87.88926696777344
[OA] Got coordinates for I71838634: lat=37.77493, lon=-122.41942
[OA] Got coordinates for I4210130296: lat=42.20467758178711, lon=-72.35678100585938
[OA] Got coordinates for I4210159324: lat=36.20688247680664, lon=-115.13612365722656
[OA] Got coordinates for I4210138311: lat=37.68186950683594, lon=-121.76801300048828
[OA] Got coordinates for I4210118885: lat=35.59697723388672, lon=-106.04242706298828
[OA] Got coordinates for I2800842121: lat=38.89511, lon=-77.03637
[OA] Got coordinates for I4210121314: lat=32.715118408203125, lon=-117.17210388183594
[OA] Got coordinates for I4210163798: lat=35.05266189575195, lon=-78.87835693359375
[OA] Got coordinates for I4210129173: lat=38.928558349609375, lon=-77.24669647216797
[OA] Got coordinates for I4210163969: lat=37.86674118041992, lon=-122.26438903808594
[OA] Got coordinates for I1284351223: lat=40.75664138793945, lon=-73.9698486328125
[OA] Got coordinates for I1336728567: lat=39.99732971191406, lon=-83.03607940673828
[OA] Got coordinates for I4210094333: lat=43.032562255859375, lon=-89.42802429199219
[OA] Got coordinates for I3132238960: lat=40.499271392822266, lon=-74.39904022216797
[OA] Failed to fetch I96323854, got None
[OA] Got coordinates for I1287402277: lat=34.43583, lon=-119.82764
[OA] Got coordinates for I4210137573: lat=41.304237365722656, lon=-72.92965698242188
[OA] Got coordinates for I4210136865: lat=40.09883117675781, lon=-83.06454467773438
[OA] Got coordinates for I4210160315: lat=42.377052307128906, lon=-71.11665344238281
[OA] Got coordinates for I4210138214: lat=37.80586624145508, lon=-122.27649688720703
[OA] Got coordinates for I872623138: lat=37.386051177978516, lon=-122.08384704589844
[OA] Got coordinates for I4210090186: lat=39.292144775390625, lon=-84.48736572265625
[OA] Got coordinates for I91083438: lat=38.87918, lon=-99.32677
[OA] Got coordinates for I4210147002: lat=40.07789993286133, lon=-75.18614196777344
[OA] Got coordinates for I4210097282: lat=40.44062042236328, lon=-79.99588775634766
[OA] Got coordinates for I4210093646: lat=21.328771591186523, lon=-157.85211181640625
[OA] Got coordinates for I4210106153: lat=40.43632507324219, lon=-79.96171569824219
[OA] Got coordinates for I116530498: lat=38.88233, lon=-77.17109
[OA] Got coordinates for I4780363: lat=37.41088104248047, lon=-94.70496368408203
[OA] Got coordinates for I4210096972: lat=34.098445892333984, lon=-118.29434204101562
[OA] Got coordinates for I4210148093: lat=43.09169006347656, lon=-70.78726959228516
[OA] Got coordinates for I4210127537: lat=42.37649154663086, lon=-71.23561096191406
[OA] Got coordinates for I4210096123: lat=42.37649154663086, lon=-71.23561096191406
[OA] Got coordinates for I117693200: lat=39.00178146362305, lon=-76.68746948242188
[OA] Got coordinates for I75746372: lat=32.94818115234375, lon=-96.72972106933594
[OA] Got coordinates for I70284922: lat=44.85988998413086, lon=-93.455322265625
[OA] Got coordinates for I156317336: lat=39.953758239746094, lon=-75.1695556640625
[OA] Got coordinates for I276751011: lat=37.43953323364258, lon=-122.13397979736328
[OA] Got coordinates for I4210101807: lat=42.3653450012207, lon=-71.16081237792969
[OA] Got coordinates for I4210136294: lat=42.452293395996094, lon=-71.23670959472656
[OA] Got coordinates for I94658018: lat=35.14952850341797, lon=-90.04898071289062
[OA] Got coordinates for I55279860: lat=40.714271545410156, lon=-74.00596618652344
[OA] Got coordinates for I2802886717: lat=39.83048629760742, lon=-104.9862289428711
[OA] Got coordinates for I99507834: lat=35.060707092285156, lon=-80.84575653076172
[OA] Got coordinates for I2801828391: lat=33.7707633972168, lon=-84.3878402709961
[OA] Got coordinates for I158011677: lat=38.33964157104492, lon=-122.70110321044922
[OA] Got coordinates for I177308816: lat=37.06305694580078, lon=-76.49305725097656
[OA] Got coordinates for I1306324498: lat=40.75121307373047, lon=-73.99256896972656
[OA] Got coordinates for I4210159476: lat=37.01726150512695, lon=-76.32218933105469
[OA] Got coordinates for I874236823: lat=39.0044059753418, lon=-77.09965515136719
[OA] Got coordinates for I2801403999: lat=34.027244567871094, lon=-118.4865493774414
[OA] Got coordinates for I177607063: lat=33.83584976196289, lon=-118.34062957763672
[OA] Got coordinates for I92156820: lat=39.13043975830078, lon=-84.52094268798828
[OA] Got coordinates for I4210102099: lat=42.28639221191406, lon=-83.71514892578125
[OA] Got coordinates for I4210114783: lat=42.28295135498047, lon=-83.74524688720703
[OA] Got coordinates for I2802636490: lat=37.795005798339844, lon=-122.3994369506836
[OA] Got coordinates for I266595603: lat=40.31836700439453, lon=-74.65735626220703
[OA] Got coordinates for I4210142480: lat=42.37649154663086, lon=-71.23561096191406
[OA] Got coordinates for I4210095445: lat=34.135032653808594, lon=-118.15080261230469
[OA] Got coordinates for I4210125849: lat=38.00428771972656, lon=-122.55464172363281
[OA] Got coordinates for I4210150714: lat=39.29037857055664, lon=-76.61219024658203
[OA] Got coordinates for I4210115489: lat=32.783058166503906, lon=-96.80667114257812
[OA] Got coordinates for I4210119678: lat=40.45881652832031, lon=-86.93024444580078
[OA] Got coordinates for I4210100342: lat=35.206241607666016, lon=-80.8381576538086
[OA] Got coordinates for I4210132262: lat=40.75354766845703, lon=-73.97003173828125
[OA] Got coordinates for I4210093494: lat=39.939170837402344, lon=-75.15540313720703
[OA] Got coordinates for I4210130480: lat=43.06052017211914, lon=-87.88072204589844
[OA] Got coordinates for I27504731: lat=44.56393051147461, lon=-69.6620864868164
[OA] Got coordinates for I4210139686: lat=39.00387954711914, lon=-77.10012817382812
[OA] Got coordinates for I4210140230: lat=32.94197463989258, lon=-117.1047592163086
[OA] Got coordinates for I61628605: lat=37.79127502441406, lon=-122.4342269897461
[OA] Got coordinates for I4210158298: lat=39.105506896972656, lon=-77.16116333007812
[OA] Got coordinates for I2799748957: lat=42.358428955078125, lon=-71.05976867675781
[OA] Got coordinates for I4210155646: lat=42.375099182128906, lon=-71.1056137084961
[OA] Got coordinates for I14588785: lat=42.337039947509766, lon=-71.20922088623047
[OA] Got coordinates for I922845939: lat=39.9523811340332, lon=-75.16361999511719
[OA] Got coordinates for I4210135897: lat=32.692047119140625, lon=-117.17237854003906
[OA] Got coordinates for I4210112894: lat=40.70635223388672, lon=-73.93134307861328
[OA] Got coordinates for I81020160: lat=32.525150299072266, lon=-93.75018310546875
[OA] Got coordinates for I1925986: lat=41.85002899169922, lon=-87.6500473022461
[OA] Got coordinates for I4210102294: lat=42.66205978393555, lon=-71.42725372314453
[OA] Got coordinates for I4210130649: lat=39.414268493652344, lon=-77.41053771972656
[OA] Got coordinates for I4210108968: lat=30.217456817626953, lon=-92.04634857177734
[OA] Got coordinates for I119303690: lat=33.87525939941406, lon=-117.91761016845703
[OA] Got coordinates for I4210141130: lat=35.0969352722168, lon=-106.6325454711914
[OA] Got coordinates for I4210099961: lat=40.70387, lon=-105.00859
[OA] Got coordinates for I4210133955: lat=34.10550308227539, lon=-117.28711700439453
[OA] Got coordinates for I4210141500: lat=40.90178680419922, lon=-74.63477325439453
[OA] Got coordinates for I4210110704: lat=38.996788024902344, lon=-77.09921264648438
[OA] Got coordinates for I4210092814: lat=39.61281967163086, lon=-86.37416076660156
[OA] Got coordinates for I1289739345: lat=40.7401123046875, lon=-73.64273834228516
[OA] Got coordinates for I2800057969: lat=19.82636070251465, lon=-155.47500610351562
[OA] Got coordinates for I4210124934: lat=42.623313903808594, lon=-71.48822784423828
[OA] Got coordinates for I98540497: lat=40.714271545410156, lon=-74.00596618652344
[OA] Got coordinates for I4210088243: lat=39.001556396484375, lon=-77.10059356689453
[OA] Got coordinates for I166311557: lat=34.087100982666016, lon=-118.29287719726562
[OA] Got coordinates for I21182828: lat=38.9846076965332, lon=-77.09288024902344
[OA] Got coordinates for I4210159938: lat=36.07025146484375, lon=-115.08233642578125
[OA] Got coordinates for I173146385: lat=40.037879943847656, lon=-76.30551147460938
[OA] Got coordinates for I2800640726: lat=41.852325439453125, lon=-71.39766693115234
[OA] Got coordinates for I4210160410: lat=33.83912658691406, lon=-118.37052917480469
[OA] Got coordinates for I4210154624: lat=42.53947067260742, lon=-71.25694274902344
[OA] Got coordinates for I4210135976: lat=40.880313873291016, lon=-73.87899017333984
[OA] Got coordinates for I2801272649: lat=34.06638717651367, lon=-118.44611358642578
[OA] Got coordinates for I4210149435: lat=30.484033584594727, lon=-97.66615295410156
[OA] Got coordinates for I2801780550: lat=37.77492904663086, lon=-122.41941833496094
[OA] Got coordinates for I4210120128: lat=30.411510467529297, lon=-97.7061996459961
[OA] Got coordinates for I94062374: lat=28.03455924987793, lon=-82.38349151611328
[OA] Got coordinates for I20388574: lat=43.048118591308594, lon=-76.14742279052734
[OA] Got coordinates for I4210136176: lat=42.469024658203125, lon=-71.26312255859375
[OA] Got coordinates for I4210151799: lat=40.03622055053711, lon=-75.51380920410156
[OA] Got coordinates for I2802707198: lat=45.50050354003906, lon=-122.6875228881836
[OA] Got coordinates for I1327069482: lat=38.984596252441406, lon=-77.09712219238281
[OA] Got coordinates for I4210136374: lat=28.55423355102539, lon=-81.33086395263672
[OA] Got coordinates for I41639379: lat=38.89511, lon=-77.03637
[OA] Got coordinates for I2801798517: lat=38.88884735107422, lon=-77.00011444091797
[OA] Got coordinates for I24861097: lat=44.45830154418945, lon=-93.1615982055664
[OA] Got coordinates for I2802429123: lat=39.773712158203125, lon=-75.57880401611328
[OA] Got coordinates for I2801290373: lat=41.87124252319336, lon=-71.37210083007812
[OA] Got coordinates for I1296604144: lat=41.684120178222656, lon=-86.25077819824219
[OA] Got coordinates for I1343675862: lat=40.76504898071289, lon=-73.96005249023438
[OA] Got coordinates for I133186546: lat=43.105369567871094, lon=-88.0267105102539
[OA] Got coordinates for I78063147: lat=42.35268783569336, lon=-71.07699584960938
[OA] Got coordinates for I2800922704: lat=42.08527755737305, lon=-71.39888763427734
[OA] Got coordinates for I4210142156: lat=42.298561096191406, lon=-89.09839630126953
[OA] Got coordinates for I4210114918: lat=42.35148620605469, lon=-71.1100082397461
[OA] Got coordinates for I1332492646: lat=32.500003814697266, lon=-92.1146240234375
[OA] Got coordinates for I4210116750: lat=34.05024719238281, lon=-117.25055694580078
[OA] Got coordinates for I1293502524: lat=34.0525016784668, lon=-117.26416778564453
[OA] Got coordinates for I4210098961: lat=34.051998138427734, lon=-117.19217681884766
[OA] Got coordinates for I4210141570: lat=34.051849365234375, lon=-117.25251007080078
[OA] Got coordinates for I55486353: lat=45.5234489440918, lon=-122.67620849609375
[OA] Got coordinates for I4210132207: lat=42.46647644042969, lon=-76.5357666015625
[OA] Got coordinates for I4210111543: lat=43.00298309326172, lon=-71.25765228271484
[OA] Got coordinates for I3019586173: lat=39.73915100097656, lon=-104.98470306396484
[OA] Got coordinates for I4210097513: lat=42.28323745727539, lon=-83.72955322265625
[OA] Got coordinates for I1295908608: lat=37.75555419921875, lon=-122.40499877929688
[OA] Got coordinates for I2802987467: lat=40.714271545410156, lon=-74.00596618652344
[OA] Got coordinates for I2800706061: lat=48.102630615234375, lon=-123.2811279296875
[OA] Got coordinates for I4210086066: lat=30.513004302978516, lon=-87.21965789794922
[OA] Got coordinates for I4210165183: lat=30.332183837890625, lon=-81.66838836669922
[OA] Got coordinates for I4210158181: lat=30.313167572021484, lon=-81.66320037841797
[OA] Got coordinates for I163612194: lat=41.499088287353516, lon=-81.70230865478516
[OA] Got coordinates for I4210156829: lat=34.004154205322266, lon=-84.58769989013672
[OA] Got coordinates for I4210089162: lat=41.894744873046875, lon=-87.62133026123047
[OA] Got coordinates for I4210095624: lat=37.55870819091797, lon=-122.3250732421875
[OA] Got coordinates for I193427800: lat=37.377532958984375, lon=-121.97872161865234
[OA] Got coordinates for I4210098633: lat=42.375099182128906, lon=-71.1056137084961
[OA] Got coordinates for I139347817: lat=38.883758544921875, lon=-77.02647399902344
[OA] Got coordinates for I4210167249: lat=41.28133010864258, lon=-81.32920837402344
[OA] Got coordinates for I84475105: lat=29.18796730041504, lon=-81.04686737060547
[OA] Got coordinates for I2276074: lat=42.47472381591797, lon=-83.24888610839844
[OA] Got coordinates for I110383171: lat=38.90705108642578, lon=-77.0429458618164
[OA] Got coordinates for I2802326326: lat=26.301740646362305, lon=-98.16333770751953
[OA] Got coordinates for I4210105551: lat=32.958980560302734, lon=-117.09721374511719
[OA] Got coordinates for I17626003: lat=41.48038, lon=-71.52256
[OA] Got coordinates for I2802210327: lat=32.777992248535156, lon=-117.15489959716797
[OA] Got coordinates for I1297971548: lat=37.87158966064453, lon=-122.27275085449219
[OA] Got coordinates for I68812265: lat=34.503440856933594, lon=-82.65013122558594
[OA] Got coordinates for I2802198758: lat=36.165889739990234, lon=-86.78443908691406
[OA] Got coordinates for I118353179: lat=41.85002899169922, lon=-87.6500473022461
[OA] Got coordinates for I1287896540: lat=42.31905746459961, lon=-85.18168640136719
[OA] Got coordinates for I1325290502: lat=38.90052795410156, lon=-77.03121948242188
[OA] Got coordinates for I119878761: lat=33.7828254699707, lon=-84.38509368896484
[OA] Got coordinates for I2800332805: lat=34.107879638671875, lon=-117.73070526123047
[OA] Got coordinates for I1300891529: lat=38.89756774902344, lon=-77.0344009399414
[OA] Got coordinates for I1333370159: lat=42.06254196166992, lon=-88.05451965332031
[OA] Failed to fetch I4210088176, got None
[OA] Got coordinates for I16970960: lat=34.0966796875, lon=-117.71977996826172
[OA] Got coordinates for I1286959531: lat=40.71427, lon=-74.00597
[OA] Got coordinates for I149640151: lat=38.895111083984375, lon=-77.03636932373047
[OA] Got coordinates for I1298154867: lat=39.33550262451172, lon=-76.65545654296875
[OA] Got coordinates for I4210134878: lat=42.358428955078125, lon=-71.05976867675781
[OA] Got coordinates for I110995367: lat=38.91545486450195, lon=-94.65752410888672
[OA] Got coordinates for I4210140678: lat=32.900299072265625, lon=-117.19976806640625
[OA] Got coordinates for I4210100181: lat=42.375099182128906, lon=-71.1056137084961
[OA] Got coordinates for I4210120775: lat=39.76222229003906, lon=-75.5616683959961
[OA] Got coordinates for I4210106258: lat=42.38166809082031, lon=-71.1285171508789
[OA] Got coordinates for I16892885: lat=33.4918212890625, lon=-80.85565185546875
[OA] Got coordinates for I4210162262: lat=40.98767852783203, lon=-73.7428207397461
[OA] Got coordinates for I4210151837: lat=40.73984146118164, lon=-74.34386444091797
[OA] Got coordinates for I1300548115: lat=38.89004135131836, lon=-77.08639526367188
[OA] Got coordinates for I4210094779: lat=43.62363052368164, lon=-87.8077163696289
[OA] Got coordinates for I4210127693: lat=39.94993591308594, lon=-75.1987075805664
[OA] Got coordinates for I11317958: lat=47.65018844604492, lon=-122.36166381835938
[OA] Got coordinates for I1294824412: lat=47.62129211425781, lon=-122.33881378173828
[OA] Got coordinates for I1295499534: lat=47.60620880126953, lon=-122.33206939697266
[OA] Got coordinates for I2800471414: lat=25.676572799682617, lon=-80.2757339477539
[OA] Got coordinates for I4210097490: lat=42.36705017089844, lon=-71.08041381835938
[OA] Got coordinates for I66217453: lat=37.39613342285156, lon=-121.91950225830078
[OA] Got coordinates for I2802223849: lat=42.26971435546875, lon=-89.00738525390625
[OA] Got coordinates for I93174350: lat=32.172157287597656, lon=-110.91594696044922
[OA] Got coordinates for I155173764: lat=43.15478, lon=-77.61556
[OA] Got coordinates for I116545467: lat=46.80833053588867, lon=-100.78373718261719
[OA] Got coordinates for I4210142164: lat=41.05832290649414, lon=-74.75372314453125
[OA] Got coordinates for I2800054365: lat=40.56841278076172, lon=-74.5953369140625
[OA] Got coordinates for I4210093910: lat=39.96818161010742, lon=-75.12751770019531
[OA] Got coordinates for I3025886734: lat=33.952880859375, lon=-118.37590789794922
[OA] Got coordinates for I4210096503: lat=34.734710693359375, lon=-76.75484466552734
[OA] Got coordinates for I159601577: lat=40.872840881347656, lon=-74.00608825683594
[OA] Got coordinates for I4210143681: lat=42.36314010620117, lon=-71.11526489257812
[OA] Got coordinates for I4210159998: lat=42.365638732910156, lon=-71.07591247558594
[OA] Got coordinates for I117942362: lat=40.45920944213867, lon=-90.67179870605469
[OA] Got coordinates for I4210154640: lat=37.97798156738281, lon=-122.03106689453125
[OA] Got coordinates for I4210146164: lat=43.09614562988281, lon=-77.52332305908203
[OA] Got coordinates for I81365321: lat=36.84680938720703, lon=-76.28521728515625
[OA] Got coordinates for I4210153046: lat=35.88187026977539, lon=-106.31912994384766
[OA] Got coordinates for I127591826: lat=39.758949279785156, lon=-84.19161224365234
[OA] Got coordinates for I131787340: lat=37.323001861572266, lon=-122.03218078613281
[OA] Got coordinates for I44109979: lat=34.93281173706055, lon=-83.84676361083984
[OA] Got coordinates for I184654094: lat=35.05266189575195, lon=-78.87835693359375
[OA] Got coordinates for I161088229: lat=31.32712, lon=-89.29034
[OA] Got coordinates for I35462925: lat=41.30815124511719, lon=-72.92816162109375
[OA] Got coordinates for I207168215: lat=45.31999969482422, lon=-118.09200286865234
[OA] Got coordinates for I4210126054: lat=38.858463287353516, lon=-77.05068969726562
[OA] Got coordinates for I90488548: lat=42.34092330932617, lon=-71.08653259277344
[OA] Got coordinates for I191217947: lat=40.34872055053711, lon=-74.65904998779297
[OA] Got coordinates for I4210107917: lat=43.05964660644531, lon=-89.47437286376953
[OA] Got coordinates for I2802101240: lat=35.20399856567383, lon=-80.83910369873047
[OA] Got coordinates for I4210132461: lat=41.3501, lon=-72.07841
[OA] Got coordinates for I4210150184: lat=41.260128021240234, lon=-96.04180145263672
[OA] Got coordinates for I4210130706: lat=37.4994010925293, lon=-122.2163314819336
[OA] Got coordinates for I4210097825: lat=33.648475646972656, lon=-117.85492706298828
[OA] Got coordinates for I126350171: lat=41.14120864868164, lon=-73.26373291015625
[OA] Got coordinates for I2799863703: lat=28.52454948425293, lon=-80.6813735961914
[OA] Got coordinates for I1325481341: lat=33.48088836669922, lon=-112.07785034179688
[OA] Got coordinates for I4210154080: lat=43.074424743652344, lon=-87.9761962890625
[OA] Got coordinates for I4210155165: lat=41.07818603515625, lon=-85.14936065673828
[OA] Got coordinates for I4210137649: lat=47.25288009643555, lon=-122.44429016113281
[OA] Got coordinates for I4210107653: lat=44.81413650512695, lon=-68.77250671386719
[OA] Got coordinates for I2801518932: lat=33.46584701538086, lon=-82.01831817626953
[OA] Got coordinates for I4210163985: lat=32.25117874145508, lon=-110.8813705444336
[OA] Got coordinates for I40253897: lat=41.27064895629883, lon=-72.94705200195312
[OA] Got coordinates for I30558944: lat=35.4827766418457, lon=-97.49722290039062
[OA] Got coordinates for I39965400: lat=43.01253128051758, lon=-83.68746185302734
[OA] Got coordinates for I4210117001: lat=43.0323600769043, lon=-88.0238265991211
[OA] Got coordinates for I91283779: lat=45.35734176635742, lon=-122.60675811767578
[OA] Got coordinates for I4210160498: lat=40.75436782836914, lon=-73.9761734008789
[OA] Got coordinates for I95144958: lat=37.215328216552734, lon=-93.2982406616211
[OA] Got coordinates for I4210159557: lat=41.81318283081055, lon=-88.27296447753906
[OA] Got coordinates for I115475287: lat=36.11560821533203, lon=-97.0583724975586
[OA] Got coordinates for I129871486: lat=42.22486877441406, lon=-121.78166961669922
[OA] Got coordinates for I3019308854: lat=27.947519302368164, lon=-82.45842742919922
[OA] Got coordinates for I2801709094: lat=45.50841522216797, lon=-122.6658935546875
[OA] Got coordinates for I4210087032: lat=42.364723205566406, lon=-71.1657943725586
[OA] Got coordinates for I110152177: lat=41.07643127441406, lon=-81.50836181640625
[OA] Got coordinates for I2799909505: lat=33.560420989990234, lon=-81.71955108642578
[OA] Got coordinates for I4210155677: lat=32.783058166503906, lon=-96.80667114257812
[OA] Got coordinates for I179430373: lat=38.892269134521484, lon=-89.41313934326172
[OA] Got coordinates for I4210127426: lat=31.985422134399414, lon=-81.15475463867188
[OA] Got coordinates for I4210096498: lat=35.08176803588867, lon=-106.63554382324219
[OA] Got coordinates for I4210166645: lat=35.356910705566406, lon=-94.3577651977539
[OA] Got coordinates for I305130695: lat=42.590782165527344, lon=-70.82374572753906
[OA] Got coordinates for I4210129446: lat=31.987581253051758, lon=-81.152587890625
[OA] Got coordinates for I4210092360: lat=39.09693145751953, lon=-76.62345123291016
[OA] Got coordinates for I2802066829: lat=32.02386474609375, lon=-81.1158218383789
[OA] Got coordinates for I4210165562: lat=33.74824905395508, lon=-84.38803100585938
[OA] Got coordinates for I4210120848: lat=41.21405029296875, lon=-73.98818969726562
[OA] Got coordinates for I4210133182: lat=32.81072998046875, lon=-96.78408813476562
[OA] Got coordinates for I4210128757: lat=42.489479064941406, lon=-83.1446533203125
[OA] Got coordinates for I176279760: lat=33.40238952636719, lon=-111.96599578857422
[OA] Got coordinates for I4210145855: lat=32.8776969909668, lon=-96.76023864746094
[OA] Got coordinates for I4210130773: lat=33.67127227783203, lon=-117.8408432006836
[OA] Got coordinates for I281429137: lat=33.04737854003906, lon=-84.15133666992188
[OA] Got coordinates for I3169584401: lat=32.87834548950195, lon=-96.82393646240234
[OA] Got coordinates for I4210117515: lat=40.01573181152344, lon=-105.22272491455078
[OA] Got coordinates for I4210089884: lat=40.81850814819336, lon=-72.96295166015625
[OA] Got coordinates for I115283149: lat=38.90903854370117, lon=-77.04010772705078
[OA] Got coordinates for I131249849: lat=44.56457, lon=-123.26204
[OA] Got coordinates for I4210094280: lat=41.597572326660156, lon=-87.73255157470703
[OA] Got coordinates for I47834966: lat=42.297882080078125, lon=-71.43714141845703
[OA] Got coordinates for I4210096347: lat=43.61173629760742, lon=-116.20880889892578
[OA] Got coordinates for I4210128703: lat=40.885475158691406, lon=-74.00727844238281
[OA] Got coordinates for I1281614193: lat=40.882911682128906, lon=-74.01032257080078
[OA] Got coordinates for I4210133706: lat=36.21671676635742, lon=-115.17684936523438
[OA] Got coordinates for I173654999: lat=41.85002899169922, lon=-87.6500473022461
[OA] Got coordinates for I159548981: lat=42.35843, lon=-71.05977
[OA] Got coordinates for I1312106833: lat=38.8846435546875, lon=-77.02933502197266
[OA] Got coordinates for I1295346377: lat=38.670379638671875, lon=-90.39947509765625
[OA] Got coordinates for I4210122955: lat=38.24987030029297, lon=-85.74861145019531
[OA] Got coordinates for I4210144282: lat=37.88692092895508, lon=-122.304443359375
[OA] Got coordinates for I145311141: lat=42.375099182128906, lon=-71.1056137084961
[OA] Got coordinates for I4210090317: lat=42.33142852783203, lon=-83.0457534790039
[OA] Got coordinates for I36819085: lat=47.65839767456055, lon=-122.1961669921875
[OA] Got coordinates for I4210097218: lat=41.87646484375, lon=-87.62822723388672
[OA] Got coordinates for I4210140176: lat=42.153785705566406, lon=-87.87816619873047
[OA] Got coordinates for I2802992173: lat=38.99067, lon=-77.02609
[OA] Got coordinates for I72903472: lat=34.05223083496094, lon=-118.24368286132812
[OA] Got coordinates for I150693791: lat=42.258419036865234, lon=-72.57453155517578
[OA] Got coordinates for I4210110166: lat=39.003173828125, lon=-77.04913330078125
[OA] Got coordinates for I4210122659: lat=41.87234115600586, lon=-87.65916442871094
[OA] Got coordinates for I99484792: lat=42.15915298461914, lon=-87.87846374511719
[OA] Got coordinates for I2800610419: lat=33.749, lon=-84.38798
[OA] Got coordinates for I2800444561: lat=33.711822509765625, lon=-84.40792083740234
[OA] Got coordinates for I16820183: lat=39.73082733154297, lon=-90.24625396728516
[OA] Got coordinates for I2802362820: lat=29.48313, lon=-98.42531
[OA] Got coordinates for I4388482654: lat=39.46686, lon=-76.13066
[OA] Got coordinates for I862801819: lat=34.68387, lon=-86.64764
[OA] Got coordinates for I189195476: lat=34.7304, lon=-86.58594
[OA] Got coordinates for I4210127931: lat=37.52966, lon=-122.04024
[OA] Got coordinates for I61152923: lat=42.350013732910156, lon=-71.0457534790039
[OA] Got coordinates for I4210156299: lat=34.13581085205078, lon=-118.12725067138672
[OA] Got coordinates for I4210099839: lat=38.82670211791992, lon=-77.2464828491211
[OA] Got coordinates for I186667990: lat=32.8449592590332, lon=-117.2748031616211
[OA] Got coordinates for I1307098950: lat=32.84727, lon=-117.2742
[OA] Got coordinates for I4210113028: lat=40.600215911865234, lon=-75.46992492675781
[OA] Got coordinates for I1328728281: lat=42.635684967041016, lon=-71.31502532958984
[OA] Got coordinates for I1336742384: lat=38.895111083984375, lon=-77.03636932373047
[OA] Got coordinates for I4210100294: lat=38.52928924560547, lon=-76.97525024414062
[OA] Got coordinates for I4210131484: lat=40.79067611694336, lon=-74.16561889648438
[OA] Failed to fetch I4210128905, got None
[OA] Got coordinates for I4210116723: lat=39.25435256958008, lon=-84.38371276855469
[OA] Got coordinates for I1285182086: lat=44.942440032958984, lon=-93.09881591796875
[OA] Got coordinates for I4210122125: lat=43.139347076416016, lon=-70.92757415771484
[OA] Got coordinates for I859910249: lat=38.83255386352539, lon=-77.12030792236328
[OA] Got coordinates for I2800028685: lat=42.37537, lon=-72.51925
[OA] Got coordinates for I4210128160: lat=38.88100814819336, lon=-77.10427856445312
[OA] Got coordinates for I4210085864: lat=42.3751, lon=-71.10561
[OA] Got coordinates for I4210094323: lat=42.361419677734375, lon=-71.09870147705078
[OA] Got coordinates for I4210151139: lat=42.44063186645508, lon=-76.49661254882812
[OA] Got coordinates for I24101674: lat=29.78830909729004, lon=-95.61354064941406
[OA] Got coordinates for I4210106353: lat=40.70621109008789, lon=-73.61873626708984
[OA] Got coordinates for I1303243448: lat=42.28665542602539, lon=-71.79337310791016
[OA] Got coordinates for I4210114888: lat=37.77586364746094, lon=-122.41974639892578
[OA] Got coordinates for I4210109986: lat=37.77493, lon=-122.41942
[OA] Got coordinates for I4210133369: lat=30.448593139648438, lon=-86.61835479736328
[OA] Got coordinates for I194456095: lat=37.77803421020508, lon=-122.39234161376953
[OA] Got coordinates for I4210117557: lat=42.28483581542969, lon=-83.73080444335938
[OA] Got coordinates for I4210120076: lat=41.80807876586914, lon=-71.41136932373047
[OA] Got coordinates for I2800890972: lat=41.80892, lon=-88.01117
[OA] Failed to fetch I4210145818, got None
[DEBUG] https://openalex.org/I63966007 -> lat=None, lon=None, country=None
[DEBUG] https://openalex.org/I58956616 -> lat=41.4995, lon=-81.69541, country=US
[DEBUG] https://openalex.org/I200719446 -> lat=None, lon=None, country=None
[DEBUG] https://openalex.org/I138006243 -> lat=None, lon=None, country=None
[DEBUG] https://openalex.org/I204778367 -> lat=None, lon=None, country=None
[DEBUG] https://openalex.org/I1321305853 -> lat=None, lon=None, country=None
[DEBUG] https://openalex.org/I111979921 -> lat=None, lon=None, country=None
[DEBUG] https://openalex.org/I142207940 -> lat=None, lon=None, country=None
[DEBUG] https://openalex.org/I161318765 -> lat=None, lon=None, country=None
[DEBUG] https://openalex.org/I4210105908 -> lat=None, lon=None, country=None
[DEBUG] https://openalex.org/I4210134044 -> lat=None, lon=None, country=None
[DEBUG] https://openalex.org/I4210103794 -> lat=None, lon=None, country=None
[DEBUG] https://openalex.org/I79576946 -> lat=None, lon=None, country=None
[DEBUG] https://openalex.org/I4210088555 -> lat=None, lon=None, country=None
[DEBUG] https://openalex.org/I3019813218 -> lat=None, lon=None, country=None
[DEBUG] https://openalex.org/I4210142393 -> lat=None, lon=None, country=None
[DEBUG] https://openalex.org/I5388228 -> lat=None, lon=None, country=None
[DEBUG] https://openalex.org/I20089843 -> lat=None, lon=None, country=None
[DEBUG] https://openalex.org/I4210145761 -> lat=None, lon=None, country=None
[DEBUG] https://openalex.org/I154570441 -> lat=None, lon=None, country=None
[DEBUG] https://openalex.org/I219193219 -> lat=None, lon=None, country=None
[DEBUG] https://openalex.org/I4210122954 -> lat=None, lon=None, country=None
[DEBUG] https://openalex.org/I4210145244 -> lat=None, lon=None, country=None
[DEBUG] https://openalex.org/I1288214837 -> lat=None, lon=None, country=None
[DEBUG] https://openalex.org/I32699454 -> lat=None, lon=None, country=None
[DEBUG] https://openalex.org/I4210097150 -> lat=None, lon=None, country=None
[DEBUG] https://openalex.org/I1314696892 -> lat=None, lon=None, country=None
[DEBUG] https://openalex.org/I83399316 -> lat=None, lon=None, country=None
[DEBUG] https://openalex.org/I4654613 -> lat=None, lon=None, country=None
[DEBUG] https://openalex.org/I55143463 -> lat=None, lon=None, country=None
[DEBUG] https://openalex.org/I4210099850 -> lat=None, lon=None, country=None
[DEBUG] https://openalex.org/I122411786 -> lat=None, lon=None, country=None
[DEBUG] https://openalex.org/I2801909243 -> lat=None, lon=None, country=None
[DEBUG] https://openalex.org/I1311060795 -> lat=None, lon=None, country=None
[DEBUG] https://openalex.org/I4210110987 -> lat=None, lon=None, country=None
[DEBUG] https://openalex.org/I4210147822 -> lat=None, lon=None, country=None
[DEBUG] https://openalex.org/I4210150557 -> lat=None, lon=None, country=None
[DEBUG] https://openalex.org/I8078737 -> lat=None, lon=None, country=None
[DEBUG] https://openalex.org/I28777354 -> lat=None, lon=None, country=None
[DEBUG] https://openalex.org/I193352282 -> lat=None, lon=None, country=None
[DEBUG] https://openalex.org/I123900574 -> lat=None, lon=None, country=None
[DEBUG] https://openalex.org/I55240360 -> lat=None, lon=None, country=None
[DEBUG] https://openalex.org/I4210149656 -> lat=None, lon=None, country=None
[DEBUG] https://openalex.org/I4400573303 -> lat=None, lon=None, country=None
[DEBUG] https://openalex.org/I174101054 -> lat=None, lon=None, country=None
[DEBUG] https://openalex.org/I157485424 -> lat=None, lon=None, country=None
[DEBUG] https://openalex.org/I58716616 -> lat=None, lon=None, country=None
[DEBUG] https://openalex.org/I4210088426 -> lat=None, lon=None, country=None
[DEBUG] https://openalex.org/I4210152061 -> lat=None, lon=None, country=None
[DEBUG] https://openalex.org/I4210129133 -> lat=None, lon=None, country=None
[DEBUG] https://openalex.org/I4210131320 -> lat=None, lon=None, country=None
[DEBUG] https://openalex.org/I4387154587 -> lat=None, lon=None, country=None
[DEBUG] https://openalex.org/I4210164339 -> lat=None, lon=None, country=None
[DEBUG] https://openalex.org/I1343180700 -> lat=None, lon=None, country=None
[DEBUG] https://openalex.org/I4210102556 -> lat=None, lon=None, country=None
[DEBUG] https://openalex.org/I4210142372 -> lat=None, lon=None, country=None
[DEBUG] https://openalex.org/I4210146410 -> lat=None, lon=None, country=None
[DEBUG] https://openalex.org/I40120149 -> lat=None, lon=None, country=None
[DEBUG] https://openalex.org/I4210134831 -> lat=None, lon=None, country=None
[DEBUG] https://openalex.org/I4210144024 -> lat=None, lon=None, country=None
[DEBUG] https://openalex.org/I4210131846 -> lat=None, lon=None, country=None
[DEBUG] https://openalex.org/I63525965 -> lat=None, lon=None, country=None
[DEBUG] https://openalex.org/I123044942 -> lat=None, lon=None, country=None
[DEBUG] https://openalex.org/I125680101 -> lat=None, lon=None, country=None
[DEBUG] https://openalex.org/I4210164937 -> lat=None, lon=None, country=None
[DEBUG] https://openalex.org/I4210134243 -> lat=None, lon=None, country=None
[DEBUG] https://openalex.org/I157286207 -> lat=None, lon=None, country=None
[DEBUG] https://openalex.org/I187531555 -> lat=None, lon=None, country=None
[DEBUG] https://openalex.org/I992397 -> lat=None, lon=None, country=None
[DEBUG] https://openalex.org/I881427289 -> lat=None, lon=None, country=None
[DEBUG] https://openalex.org/I4210166741 -> lat=None, lon=None, country=None
[DEBUG] https://openalex.org/I2799600557 -> lat=None, lon=None, country=None
[DEBUG] https://openalex.org/I38260057 -> lat=None, lon=None, country=None
[DEBUG] https://openalex.org/I71156769 -> lat=None, lon=None, country=None
[DEBUG] https://openalex.org/I5023651 -> lat=None, lon=None, country=None
[DEBUG] https://openalex.org/I2799950917 -> lat=None, lon=None, country=None
[DEBUG] https://openalex.org/I4210102497 -> lat=None, lon=None, country=None
[DEBUG] https://openalex.org/I12315562 -> lat=None, lon=None, country=None
[DEBUG] https://openalex.org/I164936912 -> lat=None, lon=None, country=None
[DEBUG] https://openalex.org/I926076166 -> lat=None, lon=None, country=None
[DEBUG] https://openalex.org/I4210153572 -> lat=None, lon=None, country=None
[DEBUG] https://openalex.org/I4210157710 -> lat=None, lon=None, country=None
[DEBUG] https://openalex.org/I111088046 -> lat=None, lon=None, country=None
[DEBUG] https://openalex.org/I4210087915 -> lat=None, lon=None, country=None
[DEBUG] https://openalex.org/I50898853 -> lat=None, lon=None, country=None
[DEBUG] https://openalex.org/I107606265 -> lat=None, lon=None, country=None
[DEBUG] https://openalex.org/I4210117453 -> lat=None, lon=None, country=None
[DEBUG] https://openalex.org/I136199984 -> lat=None, lon=None, country=None
[DEBUG] https://openalex.org/I1283280774 -> lat=None, lon=None, country=None
[DEBUG] https://openalex.org/I1343551460 -> lat=None, lon=None, country=None
[DEBUG] https://openalex.org/I919571938 -> lat=None, lon=None, country=None
[DEBUG] https://openalex.org/I2613432 -> lat=None, lon=None, country=None
[DEBUG] https://openalex.org/I84218800 -> lat=None, lon=None, country=None
[DEBUG] https://openalex.org/I4210160401 -> lat=None, lon=None, country=None
[DEBUG] https://openalex.org/I4210131993 -> lat=None, lon=None, country=None
[DEBUG] https://openalex.org/I4390039253 -> lat=None, lon=None, country=None
[DEBUG] https://openalex.org/I78577930 -> lat=None, lon=None, country=None
[DEBUG] https://openalex.org/I40036882 -> lat=None, lon=None, country=None
[DEBUG] https://openalex.org/I159129438 -> lat=None, lon=None, country=None
[DEBUG] https://openalex.org/I4210101890 -> lat=None, lon=None, country=None
[DEBUG] https://openalex.org/I157725225 -> lat=None, lon=None, country=None
[DEBUG] https://openalex.org/I71561298 -> lat=None, lon=None, country=None
[DEBUG] https://openalex.org/I148283060 -> lat=None, lon=None, country=None
[DEBUG] https://openalex.org/I114395901 -> lat=None, lon=None, country=None
[DEBUG] https://openalex.org/I183874917 -> lat=None, lon=None, country=None
[DEBUG] https://openalex.org/I2801919071 -> lat=None, lon=None, country=None
[DEBUG] https://openalex.org/I33213144 -> lat=None, lon=None, country=None
[DEBUG] https://openalex.org/I74801974 -> lat=None, lon=None, country=None
[DEBUG] https://openalex.org/I2803209242 -> lat=None, lon=None, country=None
[DEBUG] https://openalex.org/I1280581677 -> lat=None, lon=None, country=None
[DEBUG] https://openalex.org/I923382979 -> lat=None, lon=None, country=None
[DEBUG] https://openalex.org/I146416000 -> lat=None, lon=None, country=None
[DEBUG] https://openalex.org/I50357001 -> lat=None, lon=None, country=None
[DEBUG] https://openalex.org/I4210095175 -> lat=None, lon=None, country=None
[DEBUG] https://openalex.org/I88060688 -> lat=None, lon=None, country=None
[DEBUG] https://openalex.org/I4210128719 -> lat=None, lon=None, country=None
[DEBUG] https://openalex.org/I4210122696 -> lat=None, lon=None, country=None
[DEBUG] https://openalex.org/I144112489 -> lat=None, lon=None, country=None
[DEBUG] https://openalex.org/I26538001 -> lat=None, lon=None, country=None
[DEBUG] https://openalex.org/I4210087640 -> lat=None, lon=None, country=None
[DEBUG] https://openalex.org/I150209017 -> lat=None, lon=None, country=None
[DEBUG] https://openalex.org/I35570632 -> lat=None, lon=None, country=None
[DEBUG] https://openalex.org/I124055696 -> lat=None, lon=None, country=None
[DEBUG] https://openalex.org/I4210153052 -> lat=None, lon=None, country=None
[DEBUG] https://openalex.org/I36258959 -> lat=None, lon=None, country=None
[DEBUG] https://openalex.org/I66958751 -> lat=None, lon=None, country=None
[DEBUG] https://openalex.org/I109736498 -> lat=None, lon=None, country=None
[DEBUG] https://openalex.org/I20121455 -> lat=None, lon=None, country=None
[DEBUG] https://openalex.org/I1282105669 -> lat=None, lon=None, country=None
[DEBUG] https://openalex.org/I165143802 -> lat=None, lon=None, country=None
[DEBUG] https://openalex.org/I1339224429 -> lat=None, lon=None, country=None
[DEBUG] https://openalex.org/I4432739 -> lat=None, lon=None, country=None
[DEBUG] https://openalex.org/I32021983 -> lat=None, lon=None, country=None
[DEBUG] https://openalex.org/I1291425158 -> lat=None, lon=None, country=None
[DEBUG] https://openalex.org/I67348948 -> lat=None, lon=None, country=None
[DEBUG] https://openalex.org/I2801680271 -> lat=None, lon=None, country=None
[DEBUG] https://openalex.org/I91045830 -> lat=None, lon=None, country=None
[DEBUG] https://openalex.org/I32971472 -> lat=None, lon=None, country=None
[DEBUG] https://openalex.org/I4210105847 -> lat=None, lon=None, country=None
[DEBUG] https://openalex.org/I40347166 -> lat=None, lon=None, country=None
[DEBUG] https://openalex.org/I4210151733 -> lat=None, lon=None, country=None
[DEBUG] https://openalex.org/I196699116 -> lat=None, lon=None, country=None
[DEBUG] https://openalex.org/I4391767798 -> lat=None, lon=None, country=None
[DEBUG] https://openalex.org/I24185976 -> lat=None, lon=None, country=None
[DEBUG] https://openalex.org/I201448701 -> lat=None, lon=None, country=None
[DEBUG] https://openalex.org/I4210112710 -> lat=None, lon=None, country=None
[DEBUG] https://openalex.org/I4210111394 -> lat=None, lon=None, country=None
[DEBUG] https://openalex.org/I1294671590 -> lat=None, lon=None, country=None
[DEBUG] https://openalex.org/I4391768004 -> lat=None, lon=None, country=None
[DEBUG] https://openalex.org/I881766915 -> lat=None, lon=None, country=None
[DEBUG] https://openalex.org/I83519826 -> lat=None, lon=None, country=None
[DEBUG] https://openalex.org/I1288882113 -> lat=None, lon=None, country=None
[DEBUG] https://openalex.org/I2801337628 -> lat=None, lon=None, country=None
[DEBUG] https://openalex.org/I126520041 -> lat=None, lon=None, country=None
[DEBUG] https://openalex.org/I3124059619 -> lat=None, lon=None, country=None
[DEBUG] https://openalex.org/I24943067 -> lat=None, lon=None, country=None
[DEBUG] https://openalex.org/I39422238 -> lat=None, lon=None, country=None
[DEBUG] https://openalex.org/I2801851002 -> lat=None, lon=None, country=None
[DEBUG] https://openalex.org/I4210113138 -> lat=None, lon=None, country=None
[DEBUG] https://openalex.org/I115592961 -> lat=None, lon=None, country=None
[DEBUG] https://openalex.org/I125839683 -> lat=None, lon=None, country=None
[DEBUG] https://openalex.org/I2799850029 -> lat=None, lon=None, country=None
[DEBUG] https://openalex.org/I4210096899 -> lat=None, lon=None, country=None
[DEBUG] https://openalex.org/I178232147 -> lat=None, lon=None, country=None
[DEBUG] https://openalex.org/I4210109381 -> lat=None, lon=None, country=None
[DEBUG] https://openalex.org/I64449678 -> lat=None, lon=None, country=None
[DEBUG] https://openalex.org/I16365422 -> lat=None, lon=None, country=None
[DEBUG] https://openalex.org/I100188998 -> lat=None, lon=None, country=None
[DEBUG] https://openalex.org/I4210161462 -> lat=None, lon=None, country=None
[DEBUG] https://openalex.org/I204983213 -> lat=None, lon=None, country=None
[DEBUG] https://openalex.org/I4210156834 -> lat=None, lon=None, country=None
[DEBUG] https://openalex.org/I189210763 -> lat=None, lon=None, country=None
[DEBUG] https://openalex.org/I2799736854 -> lat=None, lon=None, country=None
[DEBUG] https://openalex.org/I162577319 -> lat=None, lon=None, country=None
[DEBUG] https://openalex.org/I204465549 -> lat=None, lon=None, country=None
[DEBUG] https://openalex.org/I4210155419 -> lat=None, lon=None, country=None
[DEBUG] https://openalex.org/I4391012615 -> lat=None, lon=None, country=None
[DEBUG] https://openalex.org/I1317886745 -> lat=None, lon=None, country=None
[DEBUG] https://openalex.org/I1344073410 -> lat=None, lon=None, country=None
[DEBUG] https://openalex.org/I2799735646 -> lat=None, lon=None, country=None
[DEBUG] https://openalex.org/I4210089597 -> lat=None, lon=None, country=None
[DEBUG] https://openalex.org/I4210134579 -> lat=None, lon=None, country=None
[DEBUG] https://openalex.org/I4210092658 -> lat=None, lon=None, country=None
[DEBUG] https://openalex.org/I2802074453 -> lat=None, lon=None, country=None
[DEBUG] https://openalex.org/I140172145 -> lat=None, lon=None, country=None
[DEBUG] https://openalex.org/I107077323 -> lat=None, lon=None, country=None
[DEBUG] https://openalex.org/I4399598358 -> lat=None, lon=None, country=None
[DEBUG] https://openalex.org/I3130687028 -> lat=None, lon=None, country=None
[DEBUG] https://openalex.org/I4210149382 -> lat=None, lon=None, country=None
[DEBUG] https://openalex.org/I175003984 -> lat=None, lon=None, country=None
[DEBUG] https://openalex.org/I4575257 -> lat=None, lon=None, country=None
[DEBUG] https://openalex.org/I4210153543 -> lat=None, lon=None, country=None
[DEBUG] https://openalex.org/I1303691731 -> lat=None, lon=None, country=None
[DEBUG] https://openalex.org/I4210150093 -> lat=None, lon=None, country=None
[DEBUG] https://openalex.org/I189554337 -> lat=None, lon=None, country=None
[DEBUG] https://openalex.org/I8204097 -> lat=None, lon=None, country=None
[DEBUG] https://openalex.org/I4210138560 -> lat=None, lon=None, country=None
[DEBUG] https://openalex.org/I2801533059 -> lat=None, lon=None, country=None
[DEBUG] https://openalex.org/I4210134512 -> lat=None, lon=None, country=None
[DEBUG] https://openalex.org/I65837984 -> lat=None, lon=None, country=None
[DEBUG] https://openalex.org/I170201317 -> lat=None, lon=None, country=None
[DEBUG] https://openalex.org/I71999127 -> lat=None, lon=None, country=None
[DEBUG] https://openalex.org/I4210160310 -> lat=None, lon=None, country=None
[DEBUG] https://openalex.org/I12093191 -> lat=None, lon=None, country=None
[DEBUG] https://openalex.org/I98677209 -> lat=None, lon=None, country=None
[DEBUG] https://openalex.org/I4210165394 -> lat=None, lon=None, country=None
[DEBUG] https://openalex.org/I4210116173 -> lat=None, lon=None, country=None
[DEBUG] https://openalex.org/I42066560 -> lat=None, lon=None, country=None
[DEBUG] https://openalex.org/I4210158468 -> lat=None, lon=None, country=None
[DEBUG] https://openalex.org/I4210134111 -> lat=None, lon=None, country=None
[DEBUG] https://openalex.org/I1330342723 -> lat=None, lon=None, country=None
[DEBUG] https://openalex.org/I2802423016 -> lat=None, lon=None, country=None
[DEBUG] https://openalex.org/I1316902750 -> lat=None, lon=None, country=None
[DEBUG] https://openalex.org/I165951966 -> lat=None, lon=None, country=None
[DEBUG] https://openalex.org/I4210153043 -> lat=None, lon=None, country=None
[DEBUG] https://openalex.org/I4210126298 -> lat=None, lon=None, country=None
[DEBUG] https://openalex.org/I4210097951 -> lat=None, lon=None, country=None
[DEBUG] https://openalex.org/I4210126251 -> lat=None, lon=None, country=None
[DEBUG] https://openalex.org/I4210095148 -> lat=None, lon=None, country=None
[DEBUG] https://openalex.org/I1297363086 -> lat=None, lon=None, country=None
[DEBUG] https://openalex.org/I4210110856 -> lat=None, lon=None, country=None
[DEBUG] https://openalex.org/I4210108746 -> lat=None, lon=None, country=None
[DEBUG] https://openalex.org/I4210092087 -> lat=None, lon=None, country=None
[DEBUG] https://openalex.org/I4210146328 -> lat=None, lon=None, country=None
[DEBUG] https://openalex.org/I4210094026 -> lat=None, lon=None, country=None
[DEBUG] https://openalex.org/I4210089671 -> lat=None, lon=None, country=None
[DEBUG] https://openalex.org/I921990950 -> lat=None, lon=None, country=None
[DEBUG] https://openalex.org/I4210153594 -> lat=None, lon=None, country=None
[DEBUG] https://openalex.org/I4210087413 -> lat=None, lon=None, country=None
[DEBUG] https://openalex.org/I2801852214 -> lat=None, lon=None, country=None
[DEBUG] https://openalex.org/I196272386 -> lat=None, lon=None, country=None
[DEBUG] https://openalex.org/I1285739803 -> lat=None, lon=None, country=None
[DEBUG] https://openalex.org/I4210143392 -> lat=None, lon=None, country=None
[DEBUG] https://openalex.org/I71267560 -> lat=None, lon=None, country=None
[DEBUG] https://openalex.org/I51713134 -> lat=None, lon=None, country=None
[DEBUG] https://openalex.org/I185261750 -> lat=None, lon=None, country=None
[DEBUG] https://openalex.org/I4210141030 -> lat=None, lon=None, country=None
[DEBUG] https://openalex.org/I2801317318 -> lat=None, lon=None, country=None
[DEBUG] https://openalex.org/I4210135350 -> lat=None, lon=None, country=None
[DEBUG] https://openalex.org/I4210110523 -> lat=None, lon=None, country=None
[DEBUG] https://openalex.org/I2802654978 -> lat=None, lon=None, country=None
[DEBUG] https://openalex.org/I1319743688 -> lat=None, lon=None, country=None
[DEBUG] https://openalex.org/I188538660 -> lat=None, lon=None, country=None
[DEBUG] https://openalex.org/I4210150878 -> lat=None, lon=None, country=None
[DEBUG] https://openalex.org/I1335289525 -> lat=None, lon=None, country=None
[DEBUG] https://openalex.org/I129975664 -> lat=None, lon=None, country=None
[DEBUG] https://openalex.org/I1290900354 -> lat=None, lon=None, country=None
[DEBUG] https://openalex.org/I4210102414 -> lat=None, lon=None, country=None
[DEBUG] https://openalex.org/I2799849604 -> lat=None, lon=None, country=None
[DEBUG] https://openalex.org/I121934306 -> lat=None, lon=None, country=None
[DEBUG] https://openalex.org/I4210101681 -> lat=None, lon=None, country=None
[DEBUG] https://openalex.org/I2802336062 -> lat=None, lon=None, country=None
[DEBUG] https://openalex.org/I146552867 -> lat=None, lon=None, country=None
[DEBUG] https://openalex.org/I205783295 -> lat=None, lon=None, country=None
[DEBUG] https://openalex.org/I1281539108 -> lat=None, lon=None, country=None
[DEBUG] https://openalex.org/I2800496781 -> lat=None, lon=None, country=None
[DEBUG] https://openalex.org/I116067653 -> lat=None, lon=None, country=None
[DEBUG] https://openalex.org/I204337017 -> lat=None, lon=None, country=None
[DEBUG] https://openalex.org/I1288162130 -> lat=None, lon=None, country=None
[DEBUG] https://openalex.org/I27158533 -> lat=None, lon=None, country=None
[DEBUG] https://openalex.org/I4210092022 -> lat=None, lon=None, country=None
[DEBUG] https://openalex.org/I4210161994 -> lat=None, lon=None, country=None
[DEBUG] https://openalex.org/I129634264 -> lat=None, lon=None, country=None
[DEBUG] https://openalex.org/I4210093329 -> lat=None, lon=None, country=None
[DEBUG] https://openalex.org/I4210148403 -> lat=None, lon=None, country=None
[DEBUG] https://openalex.org/I141945490 -> lat=None, lon=None, country=None
[DEBUG] https://openalex.org/I4210131544 -> lat=None, lon=None, country=None
[DEBUG] https://openalex.org/I180670191 -> lat=None, lon=None, country=None
[DEBUG] https://openalex.org/I151808059 -> lat=None, lon=None, country=None
[DEBUG] https://openalex.org/I189774192 -> lat=None, lon=None, country=None
[DEBUG] https://openalex.org/I1315708478 -> lat=None, lon=None, country=None
[DEBUG] https://openalex.org/I4210101549 -> lat=None, lon=None, country=None
[DEBUG] https://openalex.org/I130238516 -> lat=None, lon=None, country=None
[DEBUG] https://openalex.org/I4210091810 -> lat=None, lon=None, country=None
[DEBUG] https://openalex.org/I4210136940 -> lat=None, lon=None, country=None
[DEBUG] https://openalex.org/I111236770 -> lat=None, lon=None, country=None
[DEBUG] https://openalex.org/I4210125099 -> lat=None, lon=None, country=None
[DEBUG] https://openalex.org/I4210089486 -> lat=None, lon=None, country=None
[DEBUG] https://openalex.org/I4210151970 -> lat=None, lon=None, country=None
[DEBUG] https://openalex.org/I135310074 -> lat=None, lon=None, country=None
[DEBUG] https://openalex.org/I4210120349 -> lat=None, lon=None, country=None
[DEBUG] https://openalex.org/I2801543288 -> lat=None, lon=None, country=None
[DEBUG] https://openalex.org/I1283092701 -> lat=None, lon=None, country=None
[DEBUG] https://openalex.org/I126744593 -> lat=None, lon=None, country=None
[DEBUG] https://openalex.org/I145608581 -> lat=None, lon=None, country=None
[DEBUG] https://openalex.org/I4210145671 -> lat=None, lon=None, country=None
[DEBUG] https://openalex.org/I4210125326 -> lat=None, lon=None, country=None
[DEBUG] https://openalex.org/I33434090 -> lat=None, lon=None, country=None
[DEBUG] https://openalex.org/I4210113060 -> lat=None, lon=None, country=None
[DEBUG] https://openalex.org/I1298060332 -> lat=None, lon=None, country=None
[DEBUG] https://openalex.org/I1327163397 -> lat=None, lon=None, country=None
[DEBUG] https://openalex.org/I1289490764 -> lat=None, lon=None, country=None
[DEBUG] https://openalex.org/I133731052 -> lat=None, lon=None, country=None
[DEBUG] https://openalex.org/I2800446032 -> lat=None, lon=None, country=None
[DEBUG] https://openalex.org/I27804330 -> lat=None, lon=None, country=None
[DEBUG] https://openalex.org/I4210137693 -> lat=None, lon=None, country=None
[DEBUG] https://openalex.org/I2799970807 -> lat=None, lon=None, country=None
[DEBUG] https://openalex.org/I4210121344 -> lat=None, lon=None, country=None
[DEBUG] https://openalex.org/I4210137981 -> lat=None, lon=None, country=None
[DEBUG] https://openalex.org/I4210167126 -> lat=None, lon=None, country=None
[DEBUG] https://openalex.org/I4210150208 -> lat=None, lon=None, country=None
[DEBUG] https://openalex.org/I102322052 -> lat=None, lon=None, country=None
[DEBUG] https://openalex.org/I55732556 -> lat=None, lon=None, country=None
[DEBUG] https://openalex.org/I4210137766 -> lat=None, lon=None, country=None
[DEBUG] https://openalex.org/I142947616 -> lat=None, lon=None, country=None
[DEBUG] https://openalex.org/I1326427960 -> lat=None, lon=None, country=None
[DEBUG] https://openalex.org/I4210127473 -> lat=None, lon=None, country=None
[DEBUG] https://openalex.org/I4210151352 -> lat=None, lon=None, country=None
[DEBUG] https://openalex.org/I145311948 -> lat=None, lon=None, country=None
[DEBUG] https://openalex.org/I178645029 -> lat=None, lon=None, country=None
[DEBUG] https://openalex.org/I36788626 -> lat=None, lon=None, country=None
[DEBUG] https://openalex.org/I1284308235 -> lat=None, lon=None, country=None
[DEBUG] https://openalex.org/I4210090991 -> lat=None, lon=None, country=None
[DEBUG] https://openalex.org/I169521973 -> lat=None, lon=None, country=None
[DEBUG] https://openalex.org/I73616290 -> lat=None, lon=None, country=None
[DEBUG] https://openalex.org/I197347611 -> lat=None, lon=None, country=None
[DEBUG] https://openalex.org/I4210143602 -> lat=None, lon=None, country=None
[DEBUG] https://openalex.org/I58610484 -> lat=None, lon=None, country=None
[DEBUG] https://openalex.org/I4210109333 -> lat=None, lon=None, country=None
[DEBUG] https://openalex.org/I4210142152 -> lat=None, lon=None, country=None
[DEBUG] https://openalex.org/I4210145582 -> lat=None, lon=None, country=None
[DEBUG] https://openalex.org/I4210104856 -> lat=None, lon=None, country=None
[DEBUG] https://openalex.org/I1282311441 -> lat=None, lon=None, country=None
[DEBUG] https://openalex.org/I2609998029 -> lat=None, lon=None, country=None
[DEBUG] https://openalex.org/I4210138199 -> lat=None, lon=None, country=None
[DEBUG] https://openalex.org/I200870766 -> lat=None, lon=None, country=None
[DEBUG] https://openalex.org/I55769427 -> lat=None, lon=None, country=None
[DEBUG] https://openalex.org/I4210142660 -> lat=None, lon=None, country=None
[DEBUG] https://openalex.org/I44461941 -> lat=None, lon=None, country=None
[DEBUG] https://openalex.org/I223532165 -> lat=None, lon=None, country=None
[DEBUG] https://openalex.org/I2801935854 -> lat=None, lon=None, country=None
[DEBUG] https://openalex.org/I12912129 -> lat=None, lon=None, country=None
[DEBUG] https://openalex.org/I97018004 -> lat=None, lon=None, country=None
[DEBUG] https://openalex.org/I4210120900 -> lat=None, lon=None, country=None
[DEBUG] https://openalex.org/I160013858 -> lat=None, lon=None, country=None
[DEBUG] https://openalex.org/I59553526 -> lat=None, lon=None, country=None
[DEBUG] https://openalex.org/I178169726 -> lat=None, lon=None, country=None
[DEBUG] https://openalex.org/I33821262 -> lat=None, lon=None, country=None
[DEBUG] https://openalex.org/I63190737 -> lat=None, lon=None, country=None
[DEBUG] https://openalex.org/I87216513 -> lat=None, lon=None, country=None
[DEBUG] https://openalex.org/I4210142217 -> lat=None, lon=None, country=None
[DEBUG] https://openalex.org/I126596746 -> lat=None, lon=None, country=None
[DEBUG] https://openalex.org/I592451 -> lat=None, lon=None, country=None
[DEBUG] https://openalex.org/I1320553840 -> lat=None, lon=None, country=None
[DEBUG] https://openalex.org/I75027704 -> lat=None, lon=None, country=None
[DEBUG] https://openalex.org/I174306211 -> lat=None, lon=None, country=None
[DEBUG] https://openalex.org/I2802706902 -> lat=None, lon=None, country=None
[DEBUG] https://openalex.org/I4210118248 -> lat=None, lon=None, country=None
[DEBUG] https://openalex.org/I95457486 -> lat=None, lon=None, country=None
[DEBUG] https://openalex.org/I134446601 -> lat=None, lon=None, country=None
[DEBUG] https://openalex.org/I121797337 -> lat=None, lon=None, country=None
[DEBUG] https://openalex.org/I184840846 -> lat=None, lon=None, country=None
[DEBUG] https://openalex.org/I4210144791 -> lat=None, lon=None, country=None
[DEBUG] https://openalex.org/I102322142 -> lat=None, lon=None, country=None
[DEBUG] https://openalex.org/I2802789608 -> lat=None, lon=None, country=None
[DEBUG] https://openalex.org/I173911158 -> lat=None, lon=None, country=None
[DEBUG] https://openalex.org/I1321296531 -> lat=None, lon=None, country=None
[DEBUG] https://openalex.org/I4210104735 -> lat=None, lon=None, country=None
[DEBUG] https://openalex.org/I2800229700 -> lat=None, lon=None, country=None
[DEBUG] https://openalex.org/I4210158631 -> lat=None, lon=None, country=None
[DEBUG] https://openalex.org/I204250578 -> lat=None, lon=None, country=None
[DEBUG] https://openalex.org/I48912391 -> lat=None, lon=None, country=None
[DEBUG] https://openalex.org/I198068145 -> lat=None, lon=None, country=None
[DEBUG] https://openalex.org/I4210149674 -> lat=None, lon=None, country=None
[DEBUG] https://openalex.org/I51826884 -> lat=None, lon=None, country=None
[DEBUG] https://openalex.org/I67581229 -> lat=None, lon=None, country=None
[DEBUG] https://openalex.org/I2800369878 -> lat=None, lon=None, country=None
[DEBUG] https://openalex.org/I31746571 -> lat=None, lon=None, country=None
[DEBUG] https://openalex.org/I129604602 -> lat=None, lon=None, country=None
[DEBUG] https://openalex.org/I4210126244 -> lat=None, lon=None, country=None
[DEBUG] https://openalex.org/I4210125919 -> lat=None, lon=None, country=None
[DEBUG] https://openalex.org/I4210149442 -> lat=None, lon=None, country=None
[DEBUG] https://openalex.org/I861853513 -> lat=None, lon=None, country=None
[DEBUG] https://openalex.org/I48430043 -> lat=None, lon=None, country=None
[DEBUG] https://openalex.org/I100532134 -> lat=None, lon=None, country=None
[DEBUG] https://openalex.org/I4210156919 -> lat=None, lon=None, country=None
[DEBUG] https://openalex.org/I74775410 -> lat=None, lon=None, country=None
[DEBUG] https://openalex.org/I4210089854 -> lat=None, lon=None, country=None
[DEBUG] https://openalex.org/I2801304276 -> lat=None, lon=None, country=None
[DEBUG] https://openalex.org/I4210087405 -> lat=None, lon=None, country=None
[DEBUG] https://openalex.org/I4210112235 -> lat=None, lon=None, country=None
[DEBUG] https://openalex.org/I4210156074 -> lat=None, lon=None, country=None
[DEBUG] https://openalex.org/I4210165538 -> lat=None, lon=None, country=None
[DEBUG] https://openalex.org/I4210159854 -> lat=None, lon=None, country=None
[DEBUG] https://openalex.org/I114090438 -> lat=None, lon=None, country=None
[DEBUG] https://openalex.org/I123387679 -> lat=None, lon=None, country=None
[DEBUG] https://openalex.org/I99464096 -> lat=None, lon=None, country=None
[DEBUG] https://openalex.org/I177969490 -> lat=None, lon=None, country=None
[DEBUG] https://openalex.org/I24156275 -> lat=None, lon=None, country=None
[DEBUG] https://openalex.org/I4210155630 -> lat=None, lon=None, country=None
[DEBUG] https://openalex.org/I4210140884 -> lat=None, lon=None, country=None
[DEBUG] https://openalex.org/I130701444 -> lat=None, lon=None, country=None
[DEBUG] https://openalex.org/I30867006 -> lat=None, lon=None, country=None
[DEBUG] https://openalex.org/I4210149717 -> lat=None, lon=None, country=None
[DEBUG] https://openalex.org/I4210092957 -> lat=None, lon=None, country=None
[DEBUG] https://openalex.org/I161593684 -> lat=None, lon=None, country=None
[DEBUG] https://openalex.org/I4210105571 -> lat=None, lon=None, country=None
[DEBUG] https://openalex.org/I4210127591 -> lat=None, lon=None, country=None
[DEBUG] https://openalex.org/I4210139777 -> lat=None, lon=None, country=None
[DEBUG] https://openalex.org/I205582932 -> lat=None, lon=None, country=None
[DEBUG] https://openalex.org/I7877124 -> lat=None, lon=None, country=None
[DEBUG] https://openalex.org/I201537933 -> lat=None, lon=None, country=None
[DEBUG] https://openalex.org/I2802335433 -> lat=None, lon=None, country=None
[DEBUG] https://openalex.org/I96673099 -> lat=None, lon=None, country=None
[DEBUG] https://openalex.org/I4210127817 -> lat=None, lon=None, country=None
[DEBUG] https://openalex.org/I118564535 -> lat=None, lon=None, country=None
[DEBUG] https://openalex.org/I35440088 -> lat=None, lon=None, country=None
[DEBUG] https://openalex.org/I2799323385 -> lat=None, lon=None, country=None
[DEBUG] https://openalex.org/I4210121317 -> lat=None, lon=None, country=None
[DEBUG] https://openalex.org/I13955877 -> lat=None, lon=None, country=None
[DEBUG] https://openalex.org/I6902469 -> lat=None, lon=None, country=None
[DEBUG] https://openalex.org/I29607241 -> lat=None, lon=None, country=FR
[DEBUG] https://openalex.org/I204730241 -> lat=None, lon=None, country=FR
[DEBUG] https://openalex.org/I4210092047 -> lat=None, lon=None, country=FR
[DEBUG] https://openalex.org/I20231570 -> lat=None, lon=None, country=CN
[DEBUG] https://openalex.org/I4210100575 -> lat=None, lon=None, country=CN
[DEBUG] https://openalex.org/I179026463 -> lat=None, lon=None, country=CN
[DEBUG] https://openalex.org/I4210166946 -> lat=41.040592193603516, lon=-85.24008178710938, country=US
[DEBUG] https://openalex.org/I111483173 -> lat=36.58729553222656, lon=-82.15910339355469, country=US
[DEBUG] https://openalex.org/I4210137189 -> lat=None, lon=None, country=IN
[DEBUG] https://openalex.org/I165932596 -> lat=None, lon=None, country=SG
[DEBUG] https://openalex.org/I4210116048 -> lat=None, lon=None, country=CN
[DEBUG] https://openalex.org/I9842412 -> lat=None, lon=None, country=CN
[DEBUG] https://openalex.org/I17747738 -> lat=None, lon=None, country=CN
[DEBUG] https://openalex.org/I52158045 -> lat=None, lon=None, country=CN
[DEBUG] https://openalex.org/I130828816 -> lat=None, lon=None, country=GB
[DEBUG] https://openalex.org/I4210128418 -> lat=None, lon=None, country=CN
[DEBUG] https://openalex.org/I135836153 -> lat=None, lon=None, country=CN
[DEBUG] https://openalex.org/I4391768210 -> lat=None, lon=None, country=None
[DEBUG] https://openalex.org/I4210136676 -> lat=None, lon=None, country=CN
[DEBUG] https://openalex.org/I198091727 -> lat=None, lon=None, country=CN
[DEBUG] https://openalex.org/I118803816 -> lat=None, lon=None, country=CN
[DEBUG] https://openalex.org/I177877127 -> lat=None, lon=None, country=AU
[DEBUG] https://openalex.org/I165690674 -> lat=45.5234489440918, lon=-122.67620849609375, country=US
[DEBUG] https://openalex.org/I4210087207 -> lat=42.3751, lon=-71.10561, country=US
[DEBUG] https://openalex.org/I4530042 -> lat=40.88459396362305, lon=-73.64407348632812, country=US
[DEBUG] https://openalex.org/I76835614 -> lat=38.95171, lon=-92.33407, country=US
[DEBUG] https://openalex.org/I2802890147 -> lat=35.95824432373047, lon=-83.97370910644531, country=US
[DEBUG] https://openalex.org/I79477286 -> lat=38.95171, lon=-92.33407, country=US
[DEBUG] https://openalex.org/I2799416549 -> lat=38.62726974487305, lon=-90.33602905273438, country=US
[DEBUG] https://openalex.org/I4210114115 -> lat=41.270931243896484, lon=-73.77763366699219, country=US
[DEBUG] https://openalex.org/I1341412227 -> lat=41.10853958129883, lon=-73.72046661376953, country=US
[DEBUG] https://openalex.org/I86519309 -> lat=30.26715, lon=-97.74306, country=US
[DEBUG] https://openalex.org/I4210110509 -> lat=38.88056564331055, lon=-77.11099243164062, country=US
[DEBUG] https://openalex.org/I98358874 -> lat=None, lon=None, country=NL
[DEBUG] https://openalex.org/I4210130802 -> lat=None, lon=None, country=ES
[DEBUG] https://openalex.org/I168995470 -> lat=42.375099182128906, lon=-71.1056137084961, country=US
[DEBUG] https://openalex.org/I151746483 -> lat=None, lon=None, country=CA
[DEBUG] https://openalex.org/I113456305 -> lat=None, lon=None, country=DE
[DEBUG] https://openalex.org/I130785548 -> lat=42.26258850097656, lon=-71.80229187011719, country=US
[DEBUG] https://openalex.org/I4210164579 -> lat=38.76957321166992, lon=-123.53076171875, country=US
[DEBUG] https://openalex.org/I169381384 -> lat=None, lon=None, country=NL
[DEBUG] https://openalex.org/I4210093880 -> lat=39.950279235839844, lon=-75.16441345214844, country=US
[DEBUG] https://openalex.org/I28407311 -> lat=None, lon=None, country=GB
[DEBUG] https://openalex.org/I1298563314 -> lat=38.90214538574219, lon=-77.03272247314453, country=US
[DEBUG] https://openalex.org/I1316535847 -> lat=42.339786529541016, lon=-71.10518646240234, country=US
[DEBUG] https://openalex.org/I2799899409 -> lat=None, lon=None, country=IL
[DEBUG] https://openalex.org/I55302922 -> lat=29.30135, lon=-94.7977, country=US
[DEBUG] https://openalex.org/I1286490081 -> lat=42.358428955078125, lon=-71.05976867675781, country=US
[DEBUG] https://openalex.org/I39804081 -> lat=None, lon=None, country=FR
[DEBUG] https://openalex.org/I4210121705 -> lat=None, lon=None, country=FR
[DEBUG] https://openalex.org/I4210166086 -> lat=None, lon=None, country=JP
[DEBUG] https://openalex.org/I4210153139 -> lat=None, lon=None, country=ES
[DEBUG] https://openalex.org/I84884186 -> lat=None, lon=None, country=GB
[DEBUG] https://openalex.org/I4210088741 -> lat=45.010929107666016, lon=-93.4542465209961, country=US
[DEBUG] https://openalex.org/I1287643137 -> lat=40.73292541503906, lon=-73.98320770263672, country=US
[DEBUG] https://openalex.org/I188703185 -> lat=35.149417877197266, lon=-90.0505142211914, country=US
[DEBUG] https://openalex.org/I29236304 -> lat=38.90541076660156, lon=-77.05267333984375, country=US
[DEBUG] https://openalex.org/I174878644 -> lat=None, lon=None, country=GR
[DEBUG] https://openalex.org/I1282927834 -> lat=34.05223083496094, lon=-118.24368286132812, country=US
[DEBUG] https://openalex.org/I4210115218 -> lat=None, lon=None, country=IE
[DEBUG] https://openalex.org/I170897317 -> lat=35.99403, lon=-78.89862, country=US
[DEBUG] https://openalex.org/I4210107114 -> lat=42.21988296508789, lon=-71.54557800292969, country=US
[DEBUG] https://openalex.org/I100930933 -> lat=None, lon=None, country=IE
[DEBUG] https://openalex.org/I2803071314 -> lat=None, lon=None, country=IE
[DEBUG] https://openalex.org/I1333109800 -> lat=29.70865821838379, lon=-95.40045928955078, country=US
[DEBUG] https://openalex.org/I184565670 -> lat=38.89511, lon=-77.03637, country=US
[DEBUG] https://openalex.org/I2799903593 -> lat=38.89511, lon=-77.03637, country=US
[DEBUG] https://openalex.org/I2802849423 -> lat=33.58849334716797, lon=-101.8920669555664, country=US
[DEBUG] https://openalex.org/I2801200792 -> lat=None, lon=None, country=IE
[DEBUG] https://openalex.org/I1306263314 -> lat=38.90393829345703, lon=-77.03337860107422, country=US
[DEBUG] https://openalex.org/I47838141 -> lat=38.62726974487305, lon=-90.19789123535156, country=US
[DEBUG] https://openalex.org/I1310729568 -> lat=47.652008056640625, lon=-117.42337799072266, country=US
[DEBUG] https://openalex.org/I4210126948 -> lat=None, lon=None, country=RU
[DEBUG] https://openalex.org/I114832834 -> lat=29.95465, lon=-90.07507, country=US
[DEBUG] https://openalex.org/I1343052199 -> lat=37.80437, lon=-122.2708, country=US
[DEBUG] https://openalex.org/I4210122090 -> lat=None, lon=None, country=GB
[DEBUG] https://openalex.org/I1306430637 -> lat=33.507293701171875, lon=-86.78898620605469, country=US
[DEBUG] https://openalex.org/I4210091615 -> lat=40.73641586303711, lon=-73.99958801269531, country=US
[DEBUG] https://openalex.org/I4210087110 -> lat=None, lon=None, country=AU
[DEBUG] https://openalex.org/I4210092045 -> lat=None, lon=None, country=KR
[DEBUG] https://openalex.org/I4210154619 -> lat=None, lon=None, country=IE
[DEBUG] https://openalex.org/I887064364 -> lat=None, lon=None, country=NL
[DEBUG] https://openalex.org/I2802928900 -> lat=None, lon=None, country=NL
[DEBUG] https://openalex.org/I118019719 -> lat=None, lon=None, country=CH
[DEBUG] https://openalex.org/I189718659 -> lat=None, lon=None, country=GB
[DEBUG] https://openalex.org/I157075465 -> lat=None, lon=None, country=DE
[DEBUG] https://openalex.org/I19391748 -> lat=None, lon=None, country=CA
[DEBUG] https://openalex.org/I4210162951 -> lat=None, lon=None, country=FR
[DEBUG] https://openalex.org/I55921689 -> lat=40.44062, lon=-79.99589, country=US
[DEBUG] https://openalex.org/I154425047 -> lat=None, lon=None, country=CA
[DEBUG] https://openalex.org/I181369854 -> lat=None, lon=None, country=DE
[DEBUG] https://openalex.org/I126231945 -> lat=None, lon=None, country=GB
[DEBUG] https://openalex.org/I887968799 -> lat=None, lon=None, country=DE
[DEBUG] https://openalex.org/I197323543 -> lat=None, lon=None, country=DE
[DEBUG] https://openalex.org/I2750212522 -> lat=40.871490478515625, lon=-73.456787109375, country=US
[DEBUG] https://openalex.org/I180949307 -> lat=41.85002899169922, lon=-87.6500473022461, country=US
[DEBUG] https://openalex.org/I1343871089 -> lat=35.88808059692383, lon=-106.30696868896484, country=US
[DEBUG] https://openalex.org/I25217355 -> lat=None, lon=None, country=IT
[DEBUG] https://openalex.org/I16097986 -> lat=None, lon=None, country=ES
[DEBUG] https://openalex.org/I102335020 -> lat=None, lon=None, country=DE
[DEBUG] https://openalex.org/I103531236 -> lat=42.35843, lon=-71.05977, country=US
[DEBUG] https://openalex.org/I4210127218 -> lat=35.08449172973633, lon=-106.65113830566406, country=US
[DEBUG] https://openalex.org/I121820613 -> lat=30.44332, lon=-91.18747, country=US
[DEBUG] https://openalex.org/I13402291 -> lat=None, lon=None, country=AT
[DEBUG] https://openalex.org/I4210095245 -> lat=None, lon=None, country=DE
[DEBUG] https://openalex.org/I4092182 -> lat=None, lon=None, country=AT
[DEBUG] https://openalex.org/I137853757 -> lat=38.895111083984375, lon=-77.03636932373047, country=US
[DEBUG] https://openalex.org/I54009628 -> lat=None, lon=None, country=DE
[DEBUG] https://openalex.org/I99542240 -> lat=None, lon=None, country=PL
[DEBUG] https://openalex.org/I4210086947 -> lat=None, lon=None, country=PL
[DEBUG] https://openalex.org/I4210096753 -> lat=None, lon=None, country=AT
[DEBUG] https://openalex.org/I102197404 -> lat=None, lon=None, country=FR
[DEBUG] https://openalex.org/I145872427 -> lat=None, lon=None, country=NL
[DEBUG] https://openalex.org/I2799857465 -> lat=None, lon=None, country=FR
[DEBUG] https://openalex.org/I4210109533 -> lat=None, lon=None, country=IT
[DEBUG] https://openalex.org/I111277659 -> lat=None, lon=None, country=KR
[DEBUG] https://openalex.org/I2802603000 -> lat=None, lon=None, country=KR
[DEBUG] https://openalex.org/I4210104914 -> lat=38.90064239501953, lon=-77.02854919433594, country=US
[DEBUG] https://openalex.org/I4210133693 -> lat=None, lon=None, country=PL
[DEBUG] https://openalex.org/I142606810 -> lat=46.28569030761719, lon=-119.28446197509766, country=US
[DEBUG] https://openalex.org/I873043661 -> lat=44.260223388671875, lon=-88.4200210571289, country=US
[DEBUG] https://openalex.org/I79817857 -> lat=None, lon=None, country=CA
[DEBUG] https://openalex.org/I147481903 -> lat=None, lon=None, country=IN
[DEBUG] https://openalex.org/I2799503643 -> lat=40.714271545410156, lon=-74.00596618652344, country=US
[DEBUG] https://openalex.org/I4339842 -> lat=None, lon=None, country=GB
[DEBUG] https://openalex.org/I4210163064 -> lat=None, lon=None, country=CA
[DEBUG] https://openalex.org/I2802351361 -> lat=None, lon=None, country=CA
[DEBUG] https://openalex.org/I4210113824 -> lat=None, lon=None, country=CA
[DEBUG] https://openalex.org/I241749 -> lat=None, lon=None, country=GB
[DEBUG] https://openalex.org/I63634437 -> lat=None, lon=None, country=ES
[DEBUG] https://openalex.org/I4210126476 -> lat=37.87159, lon=-122.27275, country=US
[DEBUG] https://openalex.org/I105140100 -> lat=None, lon=None, country=ES
[DEBUG] https://openalex.org/I1850255 -> lat=None, lon=None, country=CH
[DEBUG] https://openalex.org/I193662353 -> lat=None, lon=None, country=NL
[DEBUG] https://openalex.org/I171892758 -> lat=None, lon=None, country=DE
[DEBUG] https://openalex.org/I4210091585 -> lat=None, lon=None, country=AU
[DEBUG] https://openalex.org/I113389987 -> lat=None, lon=None, country=CN
[DEBUG] https://openalex.org/I209244073 -> lat=41.673038482666016, lon=-93.69772338867188, country=US
[DEBUG] https://openalex.org/I1316910977 -> lat=39.745948791503906, lon=-75.54659271240234, country=US
[DEBUG] https://openalex.org/I4210105766 -> lat=41.7840461730957, lon=-87.59072875976562, country=US
[DEBUG] https://openalex.org/I168959743 -> lat=33.55390930175781, lon=-117.21392059326172, country=US
[DEBUG] https://openalex.org/I84470341 -> lat=38.93688201904297, lon=-76.99869537353516, country=US
[DEBUG] https://openalex.org/I210824098 -> lat=39.68230056762695, lon=-75.58699798583984, country=US
[DEBUG] https://openalex.org/I195460627 -> lat=None, lon=None, country=GB
[DEBUG] https://openalex.org/I188760350 -> lat=None, lon=None, country=IE
[DEBUG] https://openalex.org/I4210107786 -> lat=None, lon=None, country=NL
[DEBUG] https://openalex.org/I4210146599 -> lat=None, lon=None, country=GB
[DEBUG] https://openalex.org/I392282 -> lat=42.65258026123047, lon=-73.75623321533203, country=US
[DEBUG] https://openalex.org/I4210136121 -> lat=None, lon=None, country=FR
[DEBUG] https://openalex.org/I54108979 -> lat=None, lon=None, country=NO
[DEBUG] https://openalex.org/I4210138549 -> lat=None, lon=None, country=BE
[DEBUG] https://openalex.org/I4210116872 -> lat=None, lon=None, country=FR
[DEBUG] https://openalex.org/I189273616 -> lat=42.32558059692383, lon=-87.84117889404297, country=US
[DEBUG] https://openalex.org/I38538140 -> lat=None, lon=None, country=TH
[DEBUG] https://openalex.org/I150729083 -> lat=None, lon=None, country=BR
[DEBUG] https://openalex.org/I1290206253 -> lat=47.67399, lon=-122.12151, country=US
[DEBUG] https://openalex.org/I4210149092 -> lat=None, lon=None, country=FR
[DEBUG] https://openalex.org/I899635006 -> lat=None, lon=None, country=FR
[DEBUG] https://openalex.org/I90183372 -> lat=None, lon=None, country=FR
[DEBUG] https://openalex.org/I4210155240 -> lat=None, lon=None, country=CA
[DEBUG] https://openalex.org/I1289431368 -> lat=None, lon=None, country=GB
[DEBUG] https://openalex.org/I4394709130 -> lat=None, lon=None, country=None
[DEBUG] https://openalex.org/I4210114669 -> lat=None, lon=None, country=ES
[DEBUG] https://openalex.org/I4388891844 -> lat=None, lon=None, country=None
[DEBUG] https://openalex.org/I1336856363 -> lat=None, lon=None, country=GB
[DEBUG] https://openalex.org/I181231927 -> lat=None, lon=None, country=IE
[DEBUG] https://openalex.org/I7882870 -> lat=None, lon=None, country=GB
[DEBUG] https://openalex.org/I4210116315 -> lat=None, lon=None, country=BR
[DEBUG] https://openalex.org/I153648349 -> lat=None, lon=None, country=GB
[DEBUG] https://openalex.org/I2799693246 -> lat=None, lon=None, country=GB
[DEBUG] https://openalex.org/I4210110792 -> lat=None, lon=None, country=FR
[DEBUG] https://openalex.org/I4210136305 -> lat=37.77492904663086, lon=-122.41941833496094, country=US
[DEBUG] https://openalex.org/I4210122476 -> lat=None, lon=None, country=FR
[DEBUG] https://openalex.org/I23732399 -> lat=45.67965, lon=-111.03856, country=US
[DEBUG] https://openalex.org/I4403928311 -> lat=None, lon=None, country=None
[DEBUG] https://openalex.org/I207123951 -> lat=34.05839920043945, lon=-106.89141845703125, country=US
[DEBUG] https://openalex.org/I45129253 -> lat=None, lon=None, country=GB
[DEBUG] https://openalex.org/I4210122463 -> lat=None, lon=None, country=CY
[DEBUG] https://openalex.org/I4210102870 -> lat=None, lon=None, country=GB
[DEBUG] https://openalex.org/I129801699 -> lat=None, lon=None, country=AU
[DEBUG] https://openalex.org/I150609352 -> lat=None, lon=None, country=AU
[DEBUG] https://openalex.org/I107639228 -> lat=41.70019, lon=-86.23793, country=US
[DEBUG] https://openalex.org/I2279609970 -> lat=None, lon=None, country=FR
[DEBUG] https://openalex.org/I4210162872 -> lat=None, lon=None, country=FR
[DEBUG] https://openalex.org/I4210157108 -> lat=None, lon=None, country=FR
[DEBUG] https://openalex.org/I47720641 -> lat=None, lon=None, country=CN
[DEBUG] https://openalex.org/I1327237609 -> lat=None, lon=None, country=CN
[DEBUG] https://openalex.org/I2800102766 -> lat=43.46658, lon=-112.03414, country=US
[DEBUG] https://openalex.org/I167576493 -> lat=39.75554, lon=-105.2211, country=US
[DEBUG] https://openalex.org/I4800084 -> lat=None, lon=None, country=CN
[DEBUG] https://openalex.org/I4210160447 -> lat=None, lon=None, country=MX
[DEBUG] https://openalex.org/I31575130 -> lat=None, lon=None, country=GB
[DEBUG] https://openalex.org/I124357947 -> lat=None, lon=None, country=GB
[DEBUG] https://openalex.org/I86501945 -> lat=39.68372, lon=-75.74966, country=US
[DEBUG] https://openalex.org/I4210090489 -> lat=None, lon=None, country=CN
[DEBUG] https://openalex.org/I116953780 -> lat=None, lon=None, country=CN
[DEBUG] https://openalex.org/I4392738303 -> lat=None, lon=None, country=None
[DEBUG] https://openalex.org/I4210114420 -> lat=35.844566345214844, lon=-79.13113403320312, country=US
[DEBUG] https://openalex.org/I1289243028 -> lat=36.01036071777344, lon=-84.26963806152344, country=US
[DEBUG] https://openalex.org/I177738480 -> lat=None, lon=None, country=JP
[DEBUG] https://openalex.org/I103635307 -> lat=33.95335, lon=-117.39616, country=US
[DEBUG] https://openalex.org/I4210128175 -> lat=None, lon=None, country=CN
[DEBUG] https://openalex.org/I4210164672 -> lat=None, lon=None, country=FR
[DEBUG] https://openalex.org/I47508984 -> lat=None, lon=None, country=GB
[DEBUG] https://openalex.org/I36672615 -> lat=40.728702545166016, lon=-73.9957275390625, country=US
[DEBUG] https://openalex.org/I57206974 -> lat=40.714271545410156, lon=-74.00596618652344, country=US
[DEBUG] https://openalex.org/I63135867 -> lat=39.12711, lon=-84.51439, country=US
[DEBUG] https://openalex.org/I154130895 -> lat=None, lon=None, country=NZ
[DEBUG] https://openalex.org/I23923803 -> lat=None, lon=None, country=GB
[DEBUG] https://openalex.org/I4210161097 -> lat=None, lon=None, country=SE
[DEBUG] https://openalex.org/I4210112368 -> lat=None, lon=None, country=GB
[DEBUG] https://openalex.org/I71052956 -> lat=None, lon=None, country=GB
[DEBUG] https://openalex.org/I4210109636 -> lat=None, lon=None, country=GB
[DEBUG] https://openalex.org/I2802000487 -> lat=32.82929992675781, lon=-115.50543975830078, country=US
[DEBUG] https://openalex.org/I154986956 -> lat=None, lon=None, country=GB
[DEBUG] https://openalex.org/I4210109586 -> lat=None, lon=None, country=RU
[DEBUG] https://openalex.org/I4210144746 -> lat=None, lon=None, country=GB
[DEBUG] https://openalex.org/I1343143571 -> lat=42.375099182128906, lon=-71.1056137084961, country=US
[DEBUG] https://openalex.org/I4210121737 -> lat=38.96955108642578, lon=-77.38610076904297, country=US
[DEBUG] https://openalex.org/I4210110387 -> lat=None, lon=None, country=RO
[DEBUG] https://openalex.org/I285663978 -> lat=32.74093246459961, lon=-97.79269409179688, country=US
[DEBUG] https://openalex.org/I180857899 -> lat=40.71427, lon=-74.00597, country=US
[DEBUG] https://openalex.org/I70983195 -> lat=43.048118591308594, lon=-76.14742279052734, country=US
[DEBUG] https://openalex.org/I177328695 -> lat=42.814239501953125, lon=-73.93956756591797, country=US
[DEBUG] https://openalex.org/I4210088365 -> lat=None, lon=None, country=DE
[DEBUG] https://openalex.org/I4210145926 -> lat=35.09195327758789, lon=-80.84427642822266, country=US
[DEBUG] https://openalex.org/I113508548 -> lat=31.578510284423828, lon=-84.1557388305664, country=US
[DEBUG] https://openalex.org/I2801107848 -> lat=40.747127532958984, lon=-73.82557678222656, country=US
[DEBUG] https://openalex.org/I2802822958 -> lat=41.85003, lon=-87.65005, country=US
[DEBUG] https://openalex.org/I1320481043 -> lat=None, lon=None, country=BE
[DEBUG] https://openalex.org/I4210104753 -> lat=None, lon=None, country=PK
[DEBUG] https://openalex.org/I20561161 -> lat=None, lon=None, country=PK
[DEBUG] https://openalex.org/I4210160694 -> lat=39.96733093261719, lon=-76.69252014160156, country=US
[DEBUG] https://openalex.org/I1299303238 -> lat=38.98067, lon=-77.10026, country=US
[DEBUG] https://openalex.org/I4210151392 -> lat=42.50482177734375, lon=-71.19561004638672, country=US
[DEBUG] https://openalex.org/I4210116219 -> lat=41.2642822265625, lon=-96.1151123046875, country=US
[DEBUG] https://openalex.org/I2801897644 -> lat=None, lon=None, country=IN
[DEBUG] https://openalex.org/I82514191 -> lat=35.227088928222656, lon=-80.84313201904297, country=US
[DEBUG] https://openalex.org/I94234084 -> lat=None, lon=None, country=IN
[DEBUG] https://openalex.org/I4210094388 -> lat=40.05976486206055, lon=-83.04065704345703, country=US
[DEBUG] https://openalex.org/I243989293 -> lat=None, lon=None, country=IN
[DEBUG] https://openalex.org/I68428275 -> lat=None, lon=None, country=IN
[DEBUG] https://openalex.org/I46827455 -> lat=None, lon=None, country=IN
[DEBUG] https://openalex.org/I4210136549 -> lat=None, lon=None, country=IN
[DEBUG] https://openalex.org/I2802271162 -> lat=None, lon=None, country=IN
[DEBUG] https://openalex.org/I16019930 -> lat=None, lon=None, country=IN
[DEBUG] https://openalex.org/I108468826 -> lat=40.74399185180664, lon=-74.03235626220703, country=US
[DEBUG] https://openalex.org/I4210101534 -> lat=None, lon=None, country=IN
[DEBUG] https://openalex.org/I154549908 -> lat=None, lon=None, country=IN
[DEBUG] https://openalex.org/I4210100942 -> lat=40.76527786254883, lon=-73.95769500732422, country=US
[DEBUG] https://openalex.org/I96211989 -> lat=None, lon=None, country=IN
[DEBUG] https://openalex.org/I4210096386 -> lat=None, lon=None, country=SS
[DEBUG] https://openalex.org/I880619579 -> lat=34.17055892944336, lon=-118.83759307861328, country=US
[DEBUG] https://openalex.org/I24062138 -> lat=None, lon=None, country=KR
[DEBUG] https://openalex.org/I71007489 -> lat=None, lon=None, country=KR
[DEBUG] https://openalex.org/I148751991 -> lat=None, lon=None, country=KR
[DEBUG] https://openalex.org/I2799891827 -> lat=None, lon=None, country=KR
[DEBUG] https://openalex.org/I2250650973 -> lat=None, lon=None, country=KR
[DEBUG] https://openalex.org/I139264467 -> lat=None, lon=None, country=KR
[DEBUG] https://openalex.org/I119511950 -> lat=None, lon=None, country=GB
[DEBUG] https://openalex.org/I825935405 -> lat=30.451580047607422, lon=-98.0488052368164, country=US
[DEBUG] https://openalex.org/I148099405 -> lat=None, lon=None, country=CN
[DEBUG] https://openalex.org/I46020346 -> lat=38.9440803527832, lon=-77.32130432128906, country=US
[DEBUG] https://openalex.org/I4210086649 -> lat=None, lon=None, country=RU
[DEBUG] https://openalex.org/I4210151202 -> lat=37.865291595458984, lon=-122.3017349243164, country=US
[DEBUG] https://openalex.org/I4210109258 -> lat=37.87158966064453, lon=-122.27275085449219, country=US
[DEBUG] https://openalex.org/I162266279 -> lat=None, lon=None, country=SG
[DEBUG] https://openalex.org/I4387155473 -> lat=None, lon=None, country=None
[DEBUG] https://openalex.org/I131077856 -> lat=None, lon=None, country=FR
[DEBUG] https://openalex.org/I1292875679 -> lat=None, lon=None, country=AU
[DEBUG] https://openalex.org/I4210152679 -> lat=None, lon=None, country=AU
[DEBUG] https://openalex.org/I859038795 -> lat=37.22957, lon=-80.41394, country=US
[DEBUG] https://openalex.org/I204823248 -> lat=None, lon=None, country=CN
[DEBUG] https://openalex.org/I4210093852 -> lat=None, lon=None, country=TW
[DEBUG] https://openalex.org/I162210093 -> lat=None, lon=None, country=PH
[DEBUG] https://openalex.org/I4210109642 -> lat=38.8968391418457, lon=-77.0237808227539, country=US
[DEBUG] https://openalex.org/I2800443534 -> lat=None, lon=None, country=KR
[DEBUG] https://openalex.org/I4210165038 -> lat=None, lon=None, country=CN
[DEBUG] https://openalex.org/I4210124606 -> lat=None, lon=None, country=CN
[DEBUG] https://openalex.org/I19820366 -> lat=None, lon=None, country=CN
[DEBUG] https://openalex.org/I4210095419 -> lat=37.42411, lon=-122.16608, country=US
[DEBUG] https://openalex.org/I75573869 -> lat=None, lon=None, country=SG
[DEBUG] https://openalex.org/I906608882 -> lat=None, lon=None, country=IN
[DEBUG] https://openalex.org/I4401726862 -> lat=None, lon=None, country=None
[DEBUG] https://openalex.org/I110166357 -> lat=None, lon=None, country=IN
[DEBUG] https://openalex.org/I118347636 -> lat=None, lon=None, country=AU
[DEBUG] https://openalex.org/I172675005 -> lat=None, lon=None, country=SG
[DEBUG] https://openalex.org/I170558118 -> lat=None, lon=None, country=IN
[DEBUG] https://openalex.org/I68145777 -> lat=None, lon=None, country=IN
[DEBUG] https://openalex.org/I4210108886 -> lat=None, lon=None, country=CA
[DEBUG] https://openalex.org/I4210117272 -> lat=None, lon=None, country=DE
[DEBUG] https://openalex.org/I4210143481 -> lat=None, lon=None, country=CZ
[DEBUG] https://openalex.org/I4210120293 -> lat=None, lon=None, country=DE
[DEBUG] https://openalex.org/I2801613365 -> lat=43.66535186767578, lon=-70.25150299072266, country=US
[DEBUG] https://openalex.org/I4923324 -> lat=None, lon=None, country=DE
[DEBUG] https://openalex.org/I4577782 -> lat=None, lon=None, country=DE
[DEBUG] https://openalex.org/I4387154385 -> lat=None, lon=None, country=None
[DEBUG] https://openalex.org/I2801525552 -> lat=40.739601135253906, lon=-74.00890350341797, country=US
[DEBUG] https://openalex.org/I1302752606 -> lat=30.18903160095215, lon=-95.4883041381836, country=US
[DEBUG] https://openalex.org/I4210090867 -> lat=None, lon=None, country=DE
[DEBUG] https://openalex.org/I191879574 -> lat=None, lon=None, country=KR
[DEBUG] https://openalex.org/I196345858 -> lat=None, lon=None, country=KR
[DEBUG] https://openalex.org/I195373058 -> lat=None, lon=None, country=KR
[DEBUG] https://openalex.org/I4210143726 -> lat=39.52963, lon=-119.8138, country=US
[DEBUG] https://openalex.org/I35886859 -> lat=None, lon=None, country=KR
[DEBUG] https://openalex.org/I4210147194 -> lat=38.90473937988281, lon=-77.04289245605469, country=US
[DEBUG] https://openalex.org/I4210095123 -> lat=None, lon=None, country=KR
[DEBUG] https://openalex.org/I2801339556 -> lat=None, lon=None, country=KR
[DEBUG] https://openalex.org/I43337087 -> lat=None, lon=None, country=CN
[DEBUG] https://openalex.org/I848706 -> lat=None, lon=None, country=KR
[DEBUG] https://openalex.org/I52010207 -> lat=None, lon=None, country=KR
[DEBUG] https://openalex.org/I4210163218 -> lat=None, lon=None, country=KR
[DEBUG] https://openalex.org/I94624287 -> lat=None, lon=None, country=NL
[DEBUG] https://openalex.org/I99977706 -> lat=None, lon=None, country=DE
[DEBUG] https://openalex.org/I114027177 -> lat=35.9132, lon=-79.05584, country=US
[DEBUG] https://openalex.org/I4210088968 -> lat=43.40095520019531, lon=-70.70697021484375, country=US
[DEBUG] https://openalex.org/I82904351 -> lat=None, lon=None, country=PH
[DEBUG] https://openalex.org/I4210147969 -> lat=None, lon=None, country=IT
[DEBUG] https://openalex.org/I2800167862 -> lat=38.93151092529297, lon=-76.99860382080078, country=US
[DEBUG] https://openalex.org/I1282355914 -> lat=None, lon=None, country=PH
[DEBUG] https://openalex.org/I2800166025 -> lat=None, lon=None, country=CO
[DEBUG] https://openalex.org/I103911934 -> lat=None, lon=None, country=PH
[DEBUG] https://openalex.org/I36234482 -> lat=None, lon=None, country=GB
[DEBUG] https://openalex.org/I1283103587 -> lat=40.669578552246094, lon=-74.63646697998047, country=US
[DEBUG] https://openalex.org/I4210113448 -> lat=None, lon=None, country=FR
[DEBUG] https://openalex.org/I200576644 -> lat=34.0257682800293, lon=-118.78040313720703, country=US
[DEBUG] https://openalex.org/I4401726780 -> lat=None, lon=None, country=None
[DEBUG] https://openalex.org/I1330989302 -> lat=38.89511, lon=-77.03637, country=US
[DEBUG] https://openalex.org/I39555362 -> lat=None, lon=None, country=GB
[DEBUG] https://openalex.org/I4210132416 -> lat=41.48868942260742, lon=-75.7085189819336, country=US
[DEBUG] https://openalex.org/I79619799 -> lat=None, lon=None, country=GB
[DEBUG] https://openalex.org/I98251732 -> lat=None, lon=None, country=CA
[DEBUG] https://openalex.org/I4210129455 -> lat=None, lon=None, country=CA
[DEBUG] https://openalex.org/I2802229908 -> lat=None, lon=None, country=CH
[DEBUG] https://openalex.org/I202697423 -> lat=None, lon=None, country=CH
[DEBUG] https://openalex.org/I4210146667 -> lat=None, lon=None, country=JP
[DEBUG] https://openalex.org/I1335690138 -> lat=None, lon=None, country=JP
[DEBUG] https://openalex.org/I199612878 -> lat=41.97163009643555, lon=-88.01412200927734, country=US
[DEBUG] https://openalex.org/I4210111488 -> lat=None, lon=None, country=JP
[DEBUG] https://openalex.org/I111966504 -> lat=None, lon=None, country=JP
[DEBUG] https://openalex.org/I4210118921 -> lat=None, lon=None, country=IN
[DEBUG] https://openalex.org/I4210107924 -> lat=None, lon=None, country=JP
[DEBUG] https://openalex.org/I4210157625 -> lat=None, lon=None, country=GB
[DEBUG] https://openalex.org/I4210119896 -> lat=None, lon=None, country=GB
[DEBUG] https://openalex.org/I1174212 -> lat=34.05223, lon=-118.24368, country=US
[DEBUG] https://openalex.org/I47251452 -> lat=36.09986, lon=-80.24422, country=US
[DEBUG] https://openalex.org/I2801261045 -> lat=39.9523811340332, lon=-75.16361999511719, country=US
[DEBUG] https://openalex.org/I33858575 -> lat=None, lon=None, country=JP
[DEBUG] https://openalex.org/I4210159520 -> lat=None, lon=None, country=JP
[DEBUG] https://openalex.org/I4210086780 -> lat=None, lon=None, country=JP
[DEBUG] https://openalex.org/I80180929 -> lat=None, lon=None, country=ES
[DEBUG] https://openalex.org/I30809798 -> lat=None, lon=None, country=CN
[DEBUG] https://openalex.org/I4210143791 -> lat=None, lon=None, country=JP
[DEBUG] https://openalex.org/I36399199 -> lat=None, lon=None, country=CN
[DEBUG] https://openalex.org/I4210093904 -> lat=None, lon=None, country=JP
[DEBUG] https://openalex.org/I4210105714 -> lat=44.39016342163086, lon=-68.2872314453125, country=US
[DEBUG] https://openalex.org/I183111857 -> lat=None, lon=None, country=SE
[DEBUG] https://openalex.org/I1294350288 -> lat=None, lon=None, country=SE
[DEBUG] https://openalex.org/I2802229882 -> lat=None, lon=None, country=CH
[DEBUG] https://openalex.org/I85788879 -> lat=None, lon=None, country=GB
[DEBUG] https://openalex.org/I4210137844 -> lat=None, lon=None, country=SE
[DEBUG] https://openalex.org/I27837315 -> lat=42.27756, lon=-83.74088, country=US
[DEBUG] https://openalex.org/I2800394112 -> lat=None, lon=None, country=FI
[DEBUG] https://openalex.org/I1339947260 -> lat=None, lon=None, country=DK
[DEBUG] https://openalex.org/I4210101041 -> lat=None, lon=None, country=FI
[DEBUG] https://openalex.org/I4210133586 -> lat=None, lon=None, country=FI
[DEBUG] https://openalex.org/I74973139 -> lat=40.44062, lon=-79.99589, country=US
[DEBUG] https://openalex.org/I4210100468 -> lat=None, lon=None, country=CH
[DEBUG] https://openalex.org/I4210140401 -> lat=29.510053634643555, lon=-98.57125091552734, country=US
[DEBUG] https://openalex.org/I4210088875 -> lat=34.74648, lon=-92.28959, country=US
[DEBUG] https://openalex.org/I4210151791 -> lat=None, lon=None, country=GB
[DEBUG] https://openalex.org/I2799803081 -> lat=None, lon=None, country=AU
[DEBUG] https://openalex.org/I149899117 -> lat=None, lon=None, country=DE
[DEBUG] https://openalex.org/I16609230 -> lat=None, lon=None, country=CN
[DEBUG] https://openalex.org/I204553293 -> lat=None, lon=None, country=CN
[DEBUG] https://openalex.org/I75955062 -> lat=None, lon=None, country=CN
[DEBUG] https://openalex.org/I4210099012 -> lat=None, lon=None, country=CN
[DEBUG] https://openalex.org/I80947539 -> lat=None, lon=None, country=CN
[DEBUG] https://openalex.org/I61057504 -> lat=None, lon=None, country=CN
[DEBUG] https://openalex.org/I4210166388 -> lat=None, lon=None, country=AT
[DEBUG] https://openalex.org/I143593769 -> lat=None, lon=None, country=CN
[DEBUG] https://openalex.org/I4210156571 -> lat=None, lon=None, country=CN
[DEBUG] https://openalex.org/I170215575 -> lat=None, lon=None, country=CN
[DEBUG] https://openalex.org/I4210094930 -> lat=None, lon=None, country=CN
[DEBUG] https://openalex.org/I180585399 -> lat=None, lon=None, country=CN
[DEBUG] https://openalex.org/I4210137700 -> lat=None, lon=None, country=CN
[DEBUG] https://openalex.org/I157773358 -> lat=None, lon=None, country=CN
[DEBUG] https://openalex.org/I4391768235 -> lat=None, lon=None, country=None
[DEBUG] https://openalex.org/I162868743 -> lat=None, lon=None, country=CN
[DEBUG] https://openalex.org/I191208505 -> lat=None, lon=None, country=CN
[DEBUG] https://openalex.org/I174442536 -> lat=None, lon=None, country=CN
[DEBUG] https://openalex.org/I194450716 -> lat=None, lon=None, country=CN
[DEBUG] https://openalex.org/I4210119098 -> lat=None, lon=None, country=CN
[DEBUG] https://openalex.org/I4391767757 -> lat=None, lon=None, country=None
[DEBUG] https://openalex.org/I3923682 -> lat=None, lon=None, country=CN
[DEBUG] https://openalex.org/I4210165547 -> lat=None, lon=None, country=CN
[DEBUG] https://openalex.org/I4210151302 -> lat=None, lon=None, country=PL
[DEBUG] https://openalex.org/I4210165883 -> lat=None, lon=None, country=CN
[DEBUG] https://openalex.org/I139660479 -> lat=None, lon=None, country=CN
[DEBUG] https://openalex.org/I108688024 -> lat=None, lon=None, country=CN
[DEBUG] https://openalex.org/I2800556661 -> lat=None, lon=None, country=CN
[DEBUG] https://openalex.org/I4210094602 -> lat=None, lon=None, country=CN
[DEBUG] https://openalex.org/I41317344 -> lat=None, lon=None, country=CN
[DEBUG] https://openalex.org/I38706770 -> lat=None, lon=None, country=CN
[DEBUG] https://openalex.org/I72565114 -> lat=None, lon=None, country=CN
[DEBUG] https://openalex.org/I4210143029 -> lat=None, lon=None, country=CN
[DEBUG] https://openalex.org/I75900474 -> lat=None, lon=None, country=CN
[DEBUG] https://openalex.org/I2799546139 -> lat=None, lon=None, country=CN
[DEBUG] https://openalex.org/I184843921 -> lat=None, lon=None, country=CN
[DEBUG] https://openalex.org/I4210157642 -> lat=None, lon=None, country=DE
[DEBUG] https://openalex.org/I146071755 -> lat=None, lon=None, country=CN
[DEBUG] https://openalex.org/I25355098 -> lat=None, lon=None, country=CN
[DEBUG] https://openalex.org/I4210131919 -> lat=None, lon=None, country=CN
[DEBUG] https://openalex.org/I4210135132 -> lat=None, lon=None, country=GB
[DEBUG] https://openalex.org/I2799442855 -> lat=40.72951889038086, lon=-73.99720001220703, country=US
[DEBUG] https://openalex.org/I4210124847 -> lat=None, lon=None, country=CN
[DEBUG] https://openalex.org/I168337820 -> lat=None, lon=None, country=CN
[DEBUG] https://openalex.org/I5343935 -> lat=None, lon=None, country=CN
[DEBUG] https://openalex.org/I205401836 -> lat=None, lon=None, country=JP
[DEBUG] https://openalex.org/I4210105091 -> lat=None, lon=None, country=DE
[DEBUG] https://openalex.org/I71395657 -> lat=None, lon=None, country=JP
[DEBUG] https://openalex.org/I4210132808 -> lat=30.43826, lon=-84.28073, country=US
[DEBUG] https://openalex.org/I103163165 -> lat=30.43825912475586, lon=-84.28073120117188, country=US
[DEBUG] https://openalex.org/I2799551455 -> lat=None, lon=None, country=JP
[DEBUG] https://openalex.org/I4210146980 -> lat=None, lon=None, country=JP
[DEBUG] https://openalex.org/I4210151888 -> lat=None, lon=None, country=GB
[DEBUG] https://openalex.org/I4210122734 -> lat=41.85002899169922, lon=-87.6500473022461, country=US
[DEBUG] https://openalex.org/I910623958 -> lat=None, lon=None, country=CA
[DEBUG] https://openalex.org/I4210163952 -> lat=None, lon=None, country=CN
[DEBUG] https://openalex.org/I196729704 -> lat=39.80172, lon=-89.64371, country=US
[DEBUG] https://openalex.org/I4210160893 -> lat=42.76274108886719, lon=-71.45957946777344, country=US
[DEBUG] https://openalex.org/I4210111899 -> lat=43.034297943115234, lon=-87.90638732910156, country=US
[DEBUG] https://openalex.org/I4210093685 -> lat=None, lon=None, country=MX
[DEBUG] https://openalex.org/I4210120064 -> lat=None, lon=None, country=MX
[DEBUG] https://openalex.org/I164915025 -> lat=None, lon=None, country=MX
[DEBUG] https://openalex.org/I4210089296 -> lat=34.922889709472656, lon=-117.89076232910156, country=US
[DEBUG] https://openalex.org/I1332737386 -> lat=42.35843, lon=-71.05977, country=US
[DEBUG] https://openalex.org/I4210114685 -> lat=40.02444839477539, lon=-105.21890258789062, country=US
[DEBUG] https://openalex.org/I98559091 -> lat=None, lon=None, country=PL
[DEBUG] https://openalex.org/I59433898 -> lat=None, lon=None, country=GB
[DEBUG] https://openalex.org/I136765683 -> lat=None, lon=None, country=CN
[DEBUG] https://openalex.org/I183067930 -> lat=None, lon=None, country=CN
[DEBUG] https://openalex.org/I4210140493 -> lat=None, lon=None, country=CN
[DEBUG] https://openalex.org/I99065089 -> lat=None, lon=None, country=CN
[DEBUG] https://openalex.org/I5422934 -> lat=None, lon=None, country=CN
[DEBUG] https://openalex.org/I4210103894 -> lat=None, lon=None, country=CN
[DEBUG] https://openalex.org/I76214153 -> lat=None, lon=None, country=CN
[DEBUG] https://openalex.org/I113940042 -> lat=None, lon=None, country=CN
[DEBUG] https://openalex.org/I4210147117 -> lat=None, lon=None, country=CN
[DEBUG] https://openalex.org/I50632499 -> lat=None, lon=None, country=CN
[DEBUG] https://openalex.org/I4210110609 -> lat=None, lon=None, country=CN
[DEBUG] https://openalex.org/I88830068 -> lat=None, lon=None, country=CN
[DEBUG] https://openalex.org/I2722730 -> lat=None, lon=None, country=CN
[DEBUG] https://openalex.org/I13591777 -> lat=None, lon=None, country=CN
[DEBUG] https://openalex.org/I4210165339 -> lat=None, lon=None, country=CN
[DEBUG] https://openalex.org/I90610280 -> lat=None, lon=None, country=CN
[DEBUG] https://openalex.org/I111599522 -> lat=None, lon=None, country=CN
[DEBUG] https://openalex.org/I4210137180 -> lat=None, lon=None, country=CN
[DEBUG] https://openalex.org/I135237710 -> lat=None, lon=None, country=CN
[DEBUG] https://openalex.org/I4210102412 -> lat=None, lon=None, country=CN
[DEBUG] https://openalex.org/I4210164580 -> lat=None, lon=None, country=CN
[DEBUG] https://openalex.org/I9086337 -> lat=None, lon=None, country=CN
[DEBUG] https://openalex.org/I17721919 -> lat=None, lon=None, country=CN
[DEBUG] https://openalex.org/I4210158804 -> lat=None, lon=None, country=CN
[DEBUG] https://openalex.org/I70908550 -> lat=None, lon=None, country=CN
[DEBUG] https://openalex.org/I39586589 -> lat=None, lon=None, country=GB
[DEBUG] https://openalex.org/I109935558 -> lat=None, lon=None, country=CN
[DEBUG] https://openalex.org/I71824836 -> lat=None, lon=None, country=CH
[DEBUG] https://openalex.org/I4210147322 -> lat=None, lon=None, country=CN
[DEBUG] https://openalex.org/I4210159903 -> lat=None, lon=None, country=CN
[DEBUG] https://openalex.org/I51622183 -> lat=None, lon=None, country=CN
[DEBUG] https://openalex.org/I90090648 -> lat=None, lon=None, country=CN
[DEBUG] https://openalex.org/I87445476 -> lat=None, lon=None, country=CN
[DEBUG] https://openalex.org/I4210093205 -> lat=None, lon=None, country=CN
[DEBUG] https://openalex.org/I195019228 -> lat=None, lon=None, country=CN
[DEBUG] https://openalex.org/I22716506 -> lat=None, lon=None, country=CN
[DEBUG] https://openalex.org/I76569877 -> lat=None, lon=None, country=CN
[DEBUG] https://openalex.org/I168879160 -> lat=None, lon=None, country=CN
[DEBUG] https://openalex.org/I4210103986 -> lat=None, lon=None, country=CN
[DEBUG] https://openalex.org/I75390827 -> lat=None, lon=None, country=CN
[DEBUG] https://openalex.org/I4210156066 -> lat=None, lon=None, country=CN
[DEBUG] https://openalex.org/I154341788 -> lat=None, lon=None, country=CN
[DEBUG] https://openalex.org/I143413998 -> lat=None, lon=None, country=CN
[DEBUG] https://openalex.org/I78978612 -> lat=None, lon=None, country=CN
[DEBUG] https://openalex.org/I24571045 -> lat=47.92526, lon=-97.03285, country=US
[DEBUG] https://openalex.org/I39521962 -> lat=None, lon=None, country=CN
[DEBUG] https://openalex.org/I4387154005 -> lat=None, lon=None, country=None
[DEBUG] https://openalex.org/I4210128628 -> lat=None, lon=None, country=CN
[DEBUG] https://openalex.org/I13850615 -> lat=None, lon=None, country=CN
[DEBUG] https://openalex.org/I106994412 -> lat=None, lon=None, country=CN
[DEBUG] https://openalex.org/I4210155088 -> lat=None, lon=None, country=CN
[DEBUG] https://openalex.org/I4210152478 -> lat=None, lon=None, country=CN
[DEBUG] https://openalex.org/I157507598 -> lat=None, lon=None, country=CN
[DEBUG] https://openalex.org/I158809036 -> lat=None, lon=None, country=CN
[DEBUG] https://openalex.org/I4210125878 -> lat=None, lon=None, country=CN
[DEBUG] https://openalex.org/I187400657 -> lat=None, lon=None, country=CN
[DEBUG] https://openalex.org/I4210127494 -> lat=None, lon=None, country=CN
[DEBUG] https://openalex.org/I37461747 -> lat=None, lon=None, country=CN
[DEBUG] https://openalex.org/I4210135766 -> lat=None, lon=None, country=PL
[DEBUG] https://openalex.org/I4210114608 -> lat=None, lon=None, country=CN
[DEBUG] https://openalex.org/I4210152154 -> lat=None, lon=None, country=CN
[DEBUG] https://openalex.org/I141962983 -> lat=None, lon=None, country=CN
[DEBUG] https://openalex.org/I4210106365 -> lat=40.733585357666016, lon=-111.96007537841797, country=US
[DEBUG] https://openalex.org/I173899330 -> lat=None, lon=None, country=CN
[DEBUG] https://openalex.org/I145581781 -> lat=None, lon=None, country=CN
[DEBUG] https://openalex.org/I150229711 -> lat=None, lon=None, country=CN
[DEBUG] https://openalex.org/I197869895 -> lat=None, lon=None, country=CN
[DEBUG] https://openalex.org/I4210136596 -> lat=None, lon=None, country=CN
[DEBUG] https://openalex.org/I159389169 -> lat=None, lon=None, country=CN
[DEBUG] https://openalex.org/I3017770710 -> lat=None, lon=None, country=CN
[DEBUG] https://openalex.org/I180726961 -> lat=None, lon=None, country=CN
[DEBUG] https://openalex.org/I25254941 -> lat=None, lon=None, country=CN
[DEBUG] https://openalex.org/I2799293361 -> lat=None, lon=None, country=CN
[DEBUG] https://openalex.org/I72090969 -> lat=32.894039154052734, lon=-96.96580505371094, country=US
[DEBUG] https://openalex.org/I73544541 -> lat=37.88078308105469, lon=-122.24449157714844, country=US
[DEBUG] https://openalex.org/I1322087612 -> lat=None, lon=None, country=DE
[DEBUG] https://openalex.org/I117197279 -> lat=None, lon=None, country=JP
[DEBUG] https://openalex.org/I4210132460 -> lat=None, lon=None, country=JP
[DEBUG] https://openalex.org/I4210132156 -> lat=None, lon=None, country=JP
[DEBUG] https://openalex.org/I4210151476 -> lat=None, lon=None, country=JP
[DEBUG] https://openalex.org/I2800274787 -> lat=None, lon=None, country=DE
[DEBUG] https://openalex.org/I161296585 -> lat=None, lon=None, country=JP
[DEBUG] https://openalex.org/I42999171 -> lat=None, lon=None, country=JP
[DEBUG] https://openalex.org/I1314466530 -> lat=None, lon=None, country=JP
[DEBUG] https://openalex.org/I2251713219 -> lat=None, lon=None, country=JP
[DEBUG] https://openalex.org/I4210110652 -> lat=None, lon=None, country=JP
[DEBUG] https://openalex.org/I4210091942 -> lat=None, lon=None, country=FR
[DEBUG] https://openalex.org/I113306721 -> lat=None, lon=None, country=JP
[DEBUG] https://openalex.org/I25846049 -> lat=None, lon=None, country=TW
[DEBUG] https://openalex.org/I131231118 -> lat=None, lon=None, country=JP
[DEBUG] https://openalex.org/I146399215 -> lat=None, lon=None, country=JP
[DEBUG] https://openalex.org/I89630735 -> lat=None, lon=None, country=JP
[DEBUG] https://openalex.org/I138728355 -> lat=None, lon=None, country=JP
[DEBUG] https://openalex.org/I4210107617 -> lat=None, lon=None, country=HU
[DEBUG] https://openalex.org/I1286704778 -> lat=None, lon=None, country=GB
[DEBUG] https://openalex.org/I4210164584 -> lat=None, lon=None, country=DE
[DEBUG] https://openalex.org/I60134161 -> lat=None, lon=None, country=JP
[DEBUG] https://openalex.org/I135598925 -> lat=None, lon=None, country=JP
[DEBUG] https://openalex.org/I2802259095 -> lat=None, lon=None, country=NL
[DEBUG] https://openalex.org/I20529979 -> lat=None, lon=None, country=JP
[DEBUG] https://openalex.org/I4210166317 -> lat=42.337520599365234, lon=-71.10820007324219, country=US
[DEBUG] https://openalex.org/I89098413 -> lat=None, lon=None, country=JP
[DEBUG] https://openalex.org/I4210144244 -> lat=None, lon=None, country=GB
[DEBUG] https://openalex.org/I66752286 -> lat=None, lon=None, country=IT
[DEBUG] https://openalex.org/I2802422659 -> lat=42.375099182128906, lon=-71.1056137084961, country=US
[DEBUG] https://openalex.org/I1309400984 -> lat=42.354244232177734, lon=-71.10946655273438, country=US
[DEBUG] https://openalex.org/I4210147155 -> lat=34.08824157714844, lon=-84.31282043457031, country=US
[DEBUG] https://openalex.org/I4210158110 -> lat=None, lon=None, country=VN
[DEBUG] https://openalex.org/I158133745 -> lat=42.3748664855957, lon=-71.05406951904297, country=US
[DEBUG] https://openalex.org/I4210087356 -> lat=42.36799621582031, lon=-71.0672378540039, country=US
[DEBUG] https://openalex.org/I2802017950 -> lat=None, lon=None, country=BE
[DEBUG] https://openalex.org/I4210146345 -> lat=43.60432434082031, lon=-70.31414794921875, country=US
[DEBUG] https://openalex.org/I1334536514 -> lat=43.60435104370117, lon=-70.31413269042969, country=US
[DEBUG] https://openalex.org/I867280407 -> lat=32.78306, lon=-96.80667, country=US
[DEBUG] https://openalex.org/I4210096815 -> lat=None, lon=None, country=None
[DEBUG] https://openalex.org/I1285764155 -> lat=40.60816, lon=-74.27765, country=US
[DEBUG] https://openalex.org/I4210140527 -> lat=32.90790557861328, lon=-117.24331665039062, country=US
[DEBUG] https://openalex.org/I129302853 -> lat=37.77492904663086, lon=-122.41941833496094, country=US
[DEBUG] https://openalex.org/I4210115614 -> lat=42.328041076660156, lon=-71.11078643798828, country=US
[DEBUG] https://openalex.org/I907500627 -> lat=39.09016799926758, lon=-84.51077270507812, country=US
[DEBUG] https://openalex.org/I4210121331 -> lat=42.259071350097656, lon=-71.45658111572266, country=US
[DEBUG] https://openalex.org/I204866599 -> lat=37.404422760009766, lon=-122.14091491699219, country=US
[DEBUG] https://openalex.org/I4210154901 -> lat=33.91695022583008, lon=-118.0745620727539, country=US
[DEBUG] https://openalex.org/I1287163989 -> lat=42.36375427246094, lon=-71.0707778930664, country=US
[DEBUG] https://openalex.org/I4210123010 -> lat=None, lon=None, country=AU
[DEBUG] https://openalex.org/I4210141641 -> lat=42.33602523803711, lon=-71.10562133789062, country=US
[DEBUG] https://openalex.org/I123431417 -> lat=32.7157096862793, lon=-117.16471862792969, country=US
[DEBUG] https://openalex.org/I4210140791 -> lat=33.86848449707031, lon=-118.09716033935547, country=US
[DEBUG] https://openalex.org/I2802694670 -> lat=None, lon=None, country=IR
[DEBUG] https://openalex.org/I202419968 -> lat=None, lon=None, country=IR
[DEBUG] https://openalex.org/I23946033 -> lat=None, lon=None, country=IR
[DEBUG] https://openalex.org/I4210146419 -> lat=None, lon=None, country=IR
[DEBUG] https://openalex.org/I11750234 -> lat=None, lon=None, country=IR
[DEBUG] https://openalex.org/I4210145257 -> lat=None, lon=None, country=IR
[DEBUG] https://openalex.org/I2802418398 -> lat=None, lon=None, country=ZW
[DEBUG] https://openalex.org/I193170854 -> lat=42.526710510253906, lon=-71.26472473144531, country=US
[DEBUG] https://openalex.org/I43439940 -> lat=None, lon=None, country=GB
[DEBUG] https://openalex.org/I2801134892 -> lat=None, lon=None, country=DK
[DEBUG] https://openalex.org/I141596103 -> lat=None, lon=None, country=PT
[DEBUG] https://openalex.org/I4210087521 -> lat=None, lon=None, country=RO
[DEBUG] https://openalex.org/I58077936 -> lat=None, lon=None, country=RO
[DEBUG] https://openalex.org/I4210122644 -> lat=None, lon=None, country=CZ
[DEBUG] https://openalex.org/I33800924 -> lat=None, lon=None, country=RO
[DEBUG] https://openalex.org/I4210132191 -> lat=None, lon=None, country=HU
[DEBUG] https://openalex.org/I4210114297 -> lat=None, lon=None, country=BE
[DEBUG] https://openalex.org/I4210132094 -> lat=None, lon=None, country=KZ
[DEBUG] https://openalex.org/I4210123402 -> lat=None, lon=None, country=FR
[DEBUG] https://openalex.org/I4210098836 -> lat=None, lon=None, country=FR
[DEBUG] https://openalex.org/I34931013 -> lat=None, lon=None, country=GB
[DEBUG] https://openalex.org/I102149020 -> lat=35.22709, lon=-80.84313, country=US
[DEBUG] https://openalex.org/I2800555584 -> lat=None, lon=None, country=AU
[DEBUG] https://openalex.org/I2801081054 -> lat=None, lon=None, country=GB
[DEBUG] https://openalex.org/I4210164902 -> lat=None, lon=None, country=TZ
[DEBUG] https://openalex.org/I2799759729 -> lat=None, lon=None, country=GB
[DEBUG] https://openalex.org/I4210106977 -> lat=None, lon=None, country=DZ
[DEBUG] https://openalex.org/I2802052328 -> lat=None, lon=None, country=GB
[DEBUG] https://openalex.org/I142263535 -> lat=None, lon=None, country=GB
[DEBUG] https://openalex.org/I1334287468 -> lat=None, lon=None, country=GB
[DEBUG] https://openalex.org/I53964585 -> lat=None, lon=None, country=IL
[DEBUG] https://openalex.org/I2800698792 -> lat=39.809513092041016, lon=-89.65603637695312, country=US
[DEBUG] https://openalex.org/I4210120035 -> lat=None, lon=None, country=GB
[DEBUG] https://openalex.org/I90344618 -> lat=None, lon=None, country=GB
[DEBUG] https://openalex.org/I2801713311 -> lat=29.309444427490234, lon=-94.77694702148438, country=US
[DEBUG] https://openalex.org/I4210144427 -> lat=29.35247230529785, lon=-98.45637512207031, country=US
[DEBUG] https://openalex.org/I130438778 -> lat=None, lon=None, country=CA
[DEBUG] https://openalex.org/I4210138825 -> lat=None, lon=None, country=GB
[DEBUG] https://openalex.org/I2801456533 -> lat=None, lon=None, country=GB
[DEBUG] https://openalex.org/I2799802789 -> lat=None, lon=None, country=GB
[DEBUG] https://openalex.org/I4210113545 -> lat=None, lon=None, country=GB
[DEBUG] https://openalex.org/I2800549715 -> lat=None, lon=None, country=GB
[DEBUG] https://openalex.org/I4210106175 -> lat=None, lon=None, country=GB
[DEBUG] https://openalex.org/I11701301 -> lat=None, lon=None, country=AU
[DEBUG] https://openalex.org/I4210085939 -> lat=None, lon=None, country=AU
[DEBUG] https://openalex.org/I72816309 -> lat=39.9523811340332, lon=-75.16361999511719, country=US
[DEBUG] https://openalex.org/I4210093127 -> lat=None, lon=None, country=GB
[DEBUG] https://openalex.org/I177639307 -> lat=None, lon=None, country=GB
[DEBUG] https://openalex.org/I4210110201 -> lat=None, lon=None, country=GB
[DEBUG] https://openalex.org/I4210140341 -> lat=47.60620880126953, lon=-122.33206939697266, country=US
[DEBUG] https://openalex.org/I27781120 -> lat=None, lon=None, country=CN
[DEBUG] https://openalex.org/I4210156545 -> lat=None, lon=None, country=CN
[DEBUG] https://openalex.org/I166846921 -> lat=None, lon=None, country=CN
[DEBUG] https://openalex.org/I4210159281 -> lat=None, lon=None, country=CN
[DEBUG] https://openalex.org/I163732180 -> lat=None, lon=None, country=CN
[DEBUG] https://openalex.org/I159665162 -> lat=None, lon=None, country=TH
[DEBUG] https://openalex.org/I134052481 -> lat=None, lon=None, country=CN
[DEBUG] https://openalex.org/I4610292 -> lat=None, lon=None, country=CN
[DEBUG] https://openalex.org/I4210109539 -> lat=42.363319396972656, lon=-71.09256744384766, country=US
[DEBUG] https://openalex.org/I4921948 -> lat=None, lon=None, country=KR
[DEBUG] https://openalex.org/I3132061591 -> lat=None, lon=None, country=PH
[DEBUG] https://openalex.org/I4210105835 -> lat=None, lon=None, country=CN
[DEBUG] https://openalex.org/I4210097637 -> lat=None, lon=None, country=CN
[DEBUG] https://openalex.org/I4210151102 -> lat=None, lon=None, country=CN
[DEBUG] https://openalex.org/I4210106378 -> lat=None, lon=None, country=CN
[DEBUG] https://openalex.org/I1285929390 -> lat=None, lon=None, country=CN
[DEBUG] https://openalex.org/I3131625388 -> lat=None, lon=None, country=CN
[DEBUG] https://openalex.org/I4210167027 -> lat=None, lon=None, country=CN
[DEBUG] https://openalex.org/I4210108141 -> lat=None, lon=None, country=IR
[DEBUG] https://openalex.org/I183519381 -> lat=None, lon=None, country=CN
[DEBUG] https://openalex.org/I4210121261 -> lat=None, lon=None, country=CN
[DEBUG] https://openalex.org/I4210132362 -> lat=None, lon=None, country=CN
[DEBUG] https://openalex.org/I139759216 -> lat=None, lon=None, country=CN
[DEBUG] https://openalex.org/I4210086862 -> lat=None, lon=None, country=CN
[DEBUG] https://openalex.org/I139024713 -> lat=None, lon=None, country=CN
[DEBUG] https://openalex.org/I4210120442 -> lat=None, lon=None, country=CN
[DEBUG] https://openalex.org/I2800200322 -> lat=None, lon=None, country=CN
[DEBUG] https://openalex.org/I5740404 -> lat=None, lon=None, country=CN
[DEBUG] https://openalex.org/I4210155817 -> lat=None, lon=None, country=PH
[DEBUG] https://openalex.org/I4210158926 -> lat=None, lon=None, country=CN
[DEBUG] https://openalex.org/I9916479 -> lat=None, lon=None, country=CN
[DEBUG] https://openalex.org/I125749732 -> lat=None, lon=None, country=CA
[DEBUG] https://openalex.org/I869660684 -> lat=None, lon=None, country=ZA
[DEBUG] https://openalex.org/I2802939634 -> lat=None, lon=None, country=CN
[DEBUG] https://openalex.org/I4210130230 -> lat=None, lon=None, country=CN
[DEBUG] https://openalex.org/I59499333 -> lat=38.89511, lon=-77.03637, country=US
[DEBUG] https://openalex.org/I4210137291 -> lat=None, lon=None, country=RU
[DEBUG] https://openalex.org/I91712215 -> lat=None, lon=None, country=DE
[DEBUG] https://openalex.org/I4210145693 -> lat=None, lon=None, country=CN
[DEBUG] https://openalex.org/I4210114008 -> lat=40.01499, lon=-105.27055, country=US
[DEBUG] https://openalex.org/I9217761 -> lat=40.68125534057617, lon=-80.08503723144531, country=US
[DEBUG] https://openalex.org/I4210127055 -> lat=42.358428955078125, lon=-71.05976867675781, country=US
[DEBUG] https://openalex.org/I85384741 -> lat=41.116668701171875, lon=-83.16666412353516, country=US
[DEBUG] https://openalex.org/I223822909 -> lat=None, lon=None, country=DE
[DEBUG] https://openalex.org/I195573530 -> lat=39.04372024536133, lon=-77.48748779296875, country=US
[DEBUG] https://openalex.org/I4210163239 -> lat=37.56721115112305, lon=-122.32451629638672, country=US
[DEBUG] https://openalex.org/I2800240351 -> lat=32.724308013916016, lon=-96.90351867675781, country=US
[DEBUG] https://openalex.org/I876193797 -> lat=None, lon=None, country=IN
[DEBUG] https://openalex.org/I127727965 -> lat=None, lon=None, country=IN
[DEBUG] https://openalex.org/I19128659 -> lat=None, lon=None, country=ID
[DEBUG] https://openalex.org/I1313014049 -> lat=None, lon=None, country=DE
[DEBUG] https://openalex.org/I4210126723 -> lat=None, lon=None, country=CZ
[DEBUG] https://openalex.org/I152304114 -> lat=41.03121, lon=-73.92708, country=US
[DEBUG] https://openalex.org/I2799922383 -> lat=None, lon=None, country=RU
[DEBUG] https://openalex.org/I1289592571 -> lat=34.05223083496094, lon=-118.24368286132812, country=US
[DEBUG] https://openalex.org/I22265921 -> lat=None, lon=None, country=TW
[DEBUG] https://openalex.org/I1334627681 -> lat=34.14778, lon=-118.14452, country=US
[DEBUG] https://openalex.org/I2800186634 -> lat=42.470001220703125, lon=-71.28916931152344, country=US
[DEBUG] https://openalex.org/I52357470 -> lat=39.96118, lon=-82.99879, country=US
[DEBUG] https://openalex.org/I8459677 -> lat=38.99066925048828, lon=-77.02609252929688, country=US
[DEBUG] https://openalex.org/I16391192 -> lat=None, lon=None, country=IL
[DEBUG] https://openalex.org/I1306266525 -> lat=39.00455093383789, lon=-76.87552642822266, country=US
[DEBUG] https://openalex.org/I4210137759 -> lat=None, lon=None, country=DE
[DEBUG] https://openalex.org/I155781252 -> lat=34.00071, lon=-81.03481, country=US
[DEBUG] https://openalex.org/I2799567181 -> lat=40.34872055053711, lon=-74.65904998779297, country=US
[DEBUG] https://openalex.org/I4210108489 -> lat=38.80778121948242, lon=-77.1647720336914, country=US
[DEBUG] https://openalex.org/I2800620090 -> lat=None, lon=None, country=GB
[DEBUG] https://openalex.org/I4210129405 -> lat=None, lon=None, country=IT
[DEBUG] https://openalex.org/I4210101762 -> lat=38.934757232666016, lon=-77.42861938476562, country=US
[DEBUG] https://openalex.org/I51601045 -> lat=None, lon=None, country=GB
[DEBUG] https://openalex.org/I29955533 -> lat=39.001319885253906, lon=-77.10456848144531, country=US
[DEBUG] https://openalex.org/I24830596 -> lat=None, lon=None, country=DE
[DEBUG] https://openalex.org/I4210105785 -> lat=34.148231506347656, lon=-118.76197052001953, country=US
[DEBUG] https://openalex.org/I1632182 -> lat=None, lon=None, country=AT
[DEBUG] https://openalex.org/I137428128 -> lat=42.2934684753418, lon=-71.263916015625, country=US
[DEBUG] https://openalex.org/I4210131439 -> lat=41.42325973510742, lon=-72.07901000976562, country=US
[DEBUG] https://openalex.org/I1299528221 -> lat=None, lon=None, country=GB
[DEBUG] https://openalex.org/I4210164862 -> lat=None, lon=None, country=CA
[DEBUG] https://openalex.org/I91047523 -> lat=None, lon=None, country=GB
[DEBUG] https://openalex.org/I169540460 -> lat=33.916385650634766, lon=-118.38584899902344, country=US
[DEBUG] https://openalex.org/I109301148 -> lat=34.14455032348633, lon=-118.11819458007812, country=US
[DEBUG] https://openalex.org/I24676775 -> lat=None, lon=None, country=IN
[DEBUG] https://openalex.org/I181697535 -> lat=40.65010070800781, lon=-73.94957733154297, country=US
[DEBUG] https://openalex.org/I2802707398 -> lat=40.65010070800781, lon=-73.94957733154297, country=US
[DEBUG] https://openalex.org/I4210165704 -> lat=38.839576721191406, lon=-104.7996597290039, country=US
[DEBUG] https://openalex.org/I196883781 -> lat=41.2591667175293, lon=-95.9749984741211, country=US
[DEBUG] https://openalex.org/I196576671 -> lat=None, lon=None, country=RU
[DEBUG] https://openalex.org/I4210099573 -> lat=38.88101, lon=-77.10428, country=US
[DEBUG] https://openalex.org/I4389425425 -> lat=39.82201, lon=-84.0368, country=US
[DEBUG] https://openalex.org/I16944753 -> lat=44.66978073120117, lon=-74.98130798339844, country=US
[DEBUG] https://openalex.org/I1302918504 -> lat=32.264381408691406, lon=-110.94628143310547, country=US
[DEBUG] https://openalex.org/I2610724 -> lat=None, lon=None, country=DE
[DEBUG] https://openalex.org/I1339065421 -> lat=None, lon=None, country=GB
[DEBUG] https://openalex.org/I4210112848 -> lat=None, lon=None, country=GB
[DEBUG] https://openalex.org/I2800531696 -> lat=33.44838, lon=-112.07404, country=US
[DEBUG] https://openalex.org/I4210111875 -> lat=None, lon=None, country=DE
[DEBUG] https://openalex.org/I165799507 -> lat=42.72840881347656, lon=-73.69178771972656, country=US
[DEBUG] https://openalex.org/I4210122332 -> lat=34.70926284790039, lon=-86.67385864257812, country=US
[DEBUG] https://openalex.org/I4210126779 -> lat=None, lon=None, country=FR
[DEBUG] https://openalex.org/I4210164347 -> lat=None, lon=None, country=None
[DEBUG] https://openalex.org/I51178685 -> lat=None, lon=None, country=FR
[DEBUG] https://openalex.org/I4210121221 -> lat=40.715213775634766, lon=-74.36426544189453, country=US
[DEBUG] https://openalex.org/I4210134769 -> lat=40.44062042236328, lon=-79.99588775634766, country=US
[DEBUG] https://openalex.org/I4210136208 -> lat=40.439971923828125, lon=-79.9959716796875, country=US
[DEBUG] https://openalex.org/I4210098293 -> lat=None, lon=None, country=QA
[DEBUG] https://openalex.org/I4390039310 -> lat=None, lon=None, country=None
[DEBUG] https://openalex.org/I2799810409 -> lat=39.94988250732422, lon=-75.1931381225586, country=US
[DEBUG] https://openalex.org/I41057258 -> lat=39.95376968383789, lon=-75.17115783691406, country=US
[DEBUG] https://openalex.org/I4210086933 -> lat=40.714271545410156, lon=-74.00596618652344, country=US
[DEBUG] https://openalex.org/I1290055561 -> lat=40.62593078613281, lon=-75.3704605102539, country=US
[DEBUG] https://openalex.org/I4210106595 -> lat=39.9523811340332, lon=-75.16361999511719, country=US
[DEBUG] https://openalex.org/I149251103 -> lat=39.9523811340332, lon=-75.16361999511719, country=US
[DEBUG] https://openalex.org/I2802730090 -> lat=41.30815124511719, lon=-72.92816162109375, country=US
[DEBUG] https://openalex.org/I4210128526 -> lat=40.44062042236328, lon=-79.99588775634766, country=US
[DEBUG] https://openalex.org/I4210131260 -> lat=None, lon=None, country=GB
[DEBUG] https://openalex.org/I119664326 -> lat=None, lon=None, country=GB
[DEBUG] https://openalex.org/I84392919 -> lat=39.9523811340332, lon=-75.16361999511719, country=US
[DEBUG] https://openalex.org/I82783531 -> lat=40.264060974121094, lon=-76.67450714111328, country=US
[DEBUG] https://openalex.org/I2799360765 -> lat=39.94969177246094, lon=-75.1571273803711, country=US
[DEBUG] https://openalex.org/I4210095140 -> lat=35.88383102416992, lon=-78.88176727294922, country=US
[DEBUG] https://openalex.org/I1301390666 -> lat=None, lon=None, country=QA
[DEBUG] https://openalex.org/I4210163195 -> lat=47.6613883972168, lon=-122.31641387939453, country=US
[DEBUG] https://openalex.org/I4210130804 -> lat=27.949264526367188, lon=-81.68744659423828, country=US
[DEBUG] https://openalex.org/I2802498997 -> lat=40.71641159057617, lon=-74.05020904541016, country=US
[DEBUG] https://openalex.org/I145166766 -> lat=None, lon=None, country=GB
[DEBUG] https://openalex.org/I4210144401 -> lat=None, lon=None, country=NZ
[DEBUG] https://openalex.org/I4210093322 -> lat=None, lon=None, country=GB
[DEBUG] https://openalex.org/I4210090236 -> lat=38.99696731567383, lon=-77.09693145751953, country=US
[DEBUG] https://openalex.org/I4210110017 -> lat=40.60879135131836, lon=-75.39322662353516, country=US
[DEBUG] https://openalex.org/I2802236040 -> lat=40.014991760253906, lon=-105.27055358886719, country=US
[DEBUG] https://openalex.org/I5561750 -> lat=None, lon=None, country=IT
[DEBUG] https://openalex.org/I190397597 -> lat=None, lon=None, country=IT
[DEBUG] https://openalex.org/I4210112283 -> lat=None, lon=None, country=IT
[DEBUG] https://openalex.org/I4210129742 -> lat=None, lon=None, country=IT
[DEBUG] https://openalex.org/I4210155236 -> lat=None, lon=None, country=IT
[DEBUG] https://openalex.org/I4210159266 -> lat=33.817291259765625, lon=-118.03824615478516, country=US
[DEBUG] https://openalex.org/I117023288 -> lat=42.21049118041992, lon=-71.18065643310547, country=US
[DEBUG] https://openalex.org/I154851008 -> lat=None, lon=None, country=IN
[DEBUG] https://openalex.org/I4210123595 -> lat=None, lon=None, country=FR
[DEBUG] https://openalex.org/I2802431724 -> lat=38.61410140991211, lon=-90.25890350341797, country=US
[DEBUG] https://openalex.org/I2802093357 -> lat=41.85003, lon=-87.65005, country=US
[DEBUG] https://openalex.org/I100288624 -> lat=None, lon=None, country=GB
[DEBUG] https://openalex.org/I11957088 -> lat=47.12186813354492, lon=-88.56900787353516, country=US
[DEBUG] https://openalex.org/I2801453606 -> lat=None, lon=None, country=AU
[DEBUG] https://openalex.org/I24603500 -> lat=42.37537, lon=-72.51925, country=US
[DEBUG] https://openalex.org/I4387154537 -> lat=None, lon=None, country=None
[DEBUG] https://openalex.org/I177605424 -> lat=42.375370025634766, lon=-72.51924896240234, country=US
[DEBUG] https://openalex.org/I4210149823 -> lat=None, lon=None, country=GB
[DEBUG] https://openalex.org/I113194307 -> lat=None, lon=None, country=GB
[DEBUG] https://openalex.org/I1338920048 -> lat=41.52701187133789, lon=-70.6732406616211, country=US
[DEBUG] https://openalex.org/I4210164117 -> lat=45.30465316772461, lon=-122.77281951904297, country=US
[DEBUG] https://openalex.org/I4210131007 -> lat=40.74399185180664, lon=-74.03235626220703, country=US
[DEBUG] https://openalex.org/I107949126 -> lat=None, lon=None, country=CA
[DEBUG] https://openalex.org/I2799614521 -> lat=None, lon=None, country=GB
[DEBUG] https://openalex.org/I1299319934 -> lat=None, lon=None, country=NL
[DEBUG] https://openalex.org/I1333939285 -> lat=30.389631271362305, lon=-84.22997283935547, country=US
[DEBUG] https://openalex.org/I4210155779 -> lat=None, lon=None, country=GB
[DEBUG] https://openalex.org/I75421653 -> lat=39.033546447753906, lon=-94.57557678222656, country=US
[DEBUG] https://openalex.org/I2801974725 -> lat=40.644046783447266, lon=-111.8831787109375, country=US
[DEBUG] https://openalex.org/I100005738 -> lat=40.23384094238281, lon=-111.65853118896484, country=US
[DEBUG] https://openalex.org/I883909435 -> lat=None, lon=None, country=KH
[DEBUG] https://openalex.org/I4210101920 -> lat=None, lon=None, country=GB
[DEBUG] https://openalex.org/I4210112170 -> lat=41.89377975463867, lon=-87.62224578857422, country=US
[DEBUG] https://openalex.org/I4210164589 -> lat=None, lon=None, country=AU
[DEBUG] https://openalex.org/I4210161966 -> lat=47.27065658569336, lon=-122.2584228515625, country=US
[DEBUG] https://openalex.org/I1308126019 -> lat=38.89511, lon=-77.03637, country=US
[DEBUG] https://openalex.org/I4210147987 -> lat=39.95286560058594, lon=-105.2335433959961, country=US
[DEBUG] https://openalex.org/I80605987 -> lat=40.014991760253906, lon=-105.27055358886719, country=US
[DEBUG] https://openalex.org/I888729015 -> lat=38.83388137817383, lon=-104.82135772705078, country=US
[DEBUG] https://openalex.org/I86484424 -> lat=38.80394744873047, lon=-77.05467987060547, country=US
[DEBUG] https://openalex.org/I4210147635 -> lat=39.7530403137207, lon=-104.99462890625, country=US
[DEBUG] https://openalex.org/I152815399 -> lat=None, lon=None, country=SG
[DEBUG] https://openalex.org/I1280536761 -> lat=37.386051177978516, lon=-122.08384704589844, country=US
[DEBUG] https://openalex.org/I4210095620 -> lat=41.504207611083984, lon=-81.65594482421875, country=US
[DEBUG] https://openalex.org/I4210122993 -> lat=41.60438537597656, lon=-71.4395523071289, country=US
[DEBUG] https://openalex.org/I25974101 -> lat=None, lon=None, country=DE
[DEBUG] https://openalex.org/I1339191578 -> lat=None, lon=None, country=DE
[DEBUG] https://openalex.org/I31683504 -> lat=None, lon=None, country=CN
[DEBUG] https://openalex.org/I74656192 -> lat=None, lon=None, country=DE
[DEBUG] https://openalex.org/I4210143155 -> lat=None, lon=None, country=DE
[DEBUG] https://openalex.org/I315704651 -> lat=None, lon=None, country=DE
[DEBUG] https://openalex.org/I62318514 -> lat=None, lon=None, country=DE
[DEBUG] https://openalex.org/I17974374 -> lat=None, lon=None, country=BR
[DEBUG] https://openalex.org/I199691007 -> lat=None, lon=None, country=BR
[DEBUG] https://openalex.org/I4210139853 -> lat=None, lon=None, country=DE
[DEBUG] https://openalex.org/I1336096307 -> lat=38.895111083984375, lon=-77.03636932373047, country=US
[DEBUG] https://openalex.org/I1312222531 -> lat=38.895111083984375, lon=-77.03636932373047, country=US
[DEBUG] https://openalex.org/I137902535 -> lat=35.7721, lon=-78.63861, country=US
[DEBUG] https://openalex.org/I4210097199 -> lat=None, lon=None, country=AZ
[DEBUG] https://openalex.org/I46597724 -> lat=None, lon=None, country=PL
[DEBUG] https://openalex.org/I161046081 -> lat=None, lon=None, country=DE
[DEBUG] https://openalex.org/I161103922 -> lat=None, lon=None, country=DE
[DEBUG] https://openalex.org/I4210139461 -> lat=None, lon=None, country=FR
[DEBUG] https://openalex.org/I142476485 -> lat=None, lon=None, country=FR
[DEBUG] https://openalex.org/I58581550 -> lat=None, lon=None, country=FR
[DEBUG] https://openalex.org/I2800817003 -> lat=33.69279861450195, lon=-117.76640319824219, country=US
[DEBUG] https://openalex.org/I4210146061 -> lat=None, lon=None, country=ES
[DEBUG] https://openalex.org/I4210087096 -> lat=None, lon=None, country=CH
[DEBUG] https://openalex.org/I2802542264 -> lat=None, lon=None, country=CH
[DEBUG] https://openalex.org/I82880672 -> lat=None, lon=None, country=CN
[DEBUG] https://openalex.org/I4210111675 -> lat=42.4355354309082, lon=-76.50122833251953, country=US
[DEBUG] https://openalex.org/I4210087596 -> lat=32.89516830444336, lon=-117.19572448730469, country=US
[DEBUG] https://openalex.org/I19268510 -> lat=None, lon=None, country=GB
[DEBUG] https://openalex.org/I1297991670 -> lat=None, lon=None, country=CN
[DEBUG] https://openalex.org/I4210090923 -> lat=None, lon=None, country=CN
[DEBUG] https://openalex.org/I38877650 -> lat=None, lon=None, country=CN
[DEBUG] https://openalex.org/I116578957 -> lat=40.714271545410156, lon=-74.00596618652344, country=US
[DEBUG] https://openalex.org/I4210138186 -> lat=None, lon=None, country=CN
[DEBUG] https://openalex.org/I4210165005 -> lat=39.41427, lon=-77.41054, country=US
[DEBUG] https://openalex.org/I83019370 -> lat=None, lon=None, country=NL
[DEBUG] https://openalex.org/I25399270 -> lat=None, lon=None, country=CN
[DEBUG] https://openalex.org/I4210119942 -> lat=None, lon=None, country=CN
[DEBUG] https://openalex.org/I154099455 -> lat=None, lon=None, country=CN
[DEBUG] https://openalex.org/I4210106451 -> lat=None, lon=None, country=CN
[DEBUG] https://openalex.org/I31590910 -> lat=None, lon=None, country=CN
[DEBUG] https://openalex.org/I4210094879 -> lat=None, lon=None, country=CN
[DEBUG] https://openalex.org/I4391767752 -> lat=None, lon=None, country=None
[DEBUG] https://openalex.org/I4391768157 -> lat=None, lon=None, country=None
[DEBUG] https://openalex.org/I143868143 -> lat=None, lon=None, country=CN
[DEBUG] https://openalex.org/I4210092817 -> lat=None, lon=None, country=CN
[DEBUG] https://openalex.org/I4210130203 -> lat=39.10812759399414, lon=-77.15013122558594, country=US
[DEBUG] https://openalex.org/I4210153682 -> lat=None, lon=None, country=GB
[DEBUG] https://openalex.org/I3125743391 -> lat=None, lon=None, country=CN
[DEBUG] https://openalex.org/I1334729051 -> lat=None, lon=None, country=CN
[DEBUG] https://openalex.org/I21193070 -> lat=None, lon=None, country=CN
[DEBUG] https://openalex.org/I4210150858 -> lat=None, lon=None, country=CN
[DEBUG] https://openalex.org/I4210145660 -> lat=None, lon=None, country=KR
[DEBUG] https://openalex.org/I21945476 -> lat=None, lon=None, country=CN
[DEBUG] https://openalex.org/I4210127700 -> lat=None, lon=None, country=CN
[DEBUG] https://openalex.org/I102882674 -> lat=None, lon=None, country=CN
[DEBUG] https://openalex.org/I2799714274 -> lat=None, lon=None, country=CN
[DEBUG] https://openalex.org/I4472751 -> lat=None, lon=None, country=CN
[DEBUG] https://openalex.org/I4210116886 -> lat=None, lon=None, country=CN
[DEBUG] https://openalex.org/I4210091786 -> lat=None, lon=None, country=CN
[DEBUG] https://openalex.org/I4210161528 -> lat=None, lon=None, country=CN
[DEBUG] https://openalex.org/I4210153482 -> lat=None, lon=None, country=CN
[DEBUG] https://openalex.org/I165745306 -> lat=None, lon=None, country=CN
[DEBUG] https://openalex.org/I41208885 -> lat=None, lon=None, country=CN
[DEBUG] https://openalex.org/I4210106357 -> lat=None, lon=None, country=CN
[DEBUG] https://openalex.org/I4210157653 -> lat=None, lon=None, country=CN
[DEBUG] https://openalex.org/I4210099937 -> lat=None, lon=None, country=CN
[DEBUG] https://openalex.org/I108904480 -> lat=None, lon=None, country=CN
[DEBUG] https://openalex.org/I263341422 -> lat=34.85722732543945, lon=-87.66307067871094, country=US
[DEBUG] https://openalex.org/I4210155028 -> lat=None, lon=None, country=CN
[DEBUG] https://openalex.org/I96852419 -> lat=None, lon=None, country=CN
[DEBUG] https://openalex.org/I4210119392 -> lat=None, lon=None, country=CN
[DEBUG] https://openalex.org/I4210089056 -> lat=None, lon=None, country=CN
[DEBUG] https://openalex.org/I4210090209 -> lat=None, lon=None, country=SG
[DEBUG] https://openalex.org/I4391768279 -> lat=None, lon=None, country=None
[DEBUG] https://openalex.org/I4210151155 -> lat=None, lon=None, country=CN
[DEBUG] https://openalex.org/I102208913 -> lat=None, lon=None, country=CN
[DEBUG] https://openalex.org/I4210129794 -> lat=None, lon=None, country=AU
[DEBUG] https://openalex.org/I4210143568 -> lat=None, lon=None, country=CN
[DEBUG] https://openalex.org/I148128674 -> lat=None, lon=None, country=CN
[DEBUG] https://openalex.org/I35568498 -> lat=None, lon=None, country=JP
[DEBUG] https://openalex.org/I184983240 -> lat=None, lon=None, country=CN
[DEBUG] https://openalex.org/I4210100221 -> lat=None, lon=None, country=CN
[DEBUG] https://openalex.org/I4210157677 -> lat=None, lon=None, country=CN
[DEBUG] https://openalex.org/I4210118728 -> lat=None, lon=None, country=CN
[DEBUG] https://openalex.org/I3133134087 -> lat=None, lon=None, country=CN
[DEBUG] https://openalex.org/I135714990 -> lat=None, lon=None, country=CN
[DEBUG] https://openalex.org/I9224756 -> lat=None, lon=None, country=CN
[DEBUG] https://openalex.org/I4210100745 -> lat=None, lon=None, country=CN
[DEBUG] https://openalex.org/I4210086486 -> lat=None, lon=None, country=CN
[DEBUG] https://openalex.org/I90267481 -> lat=None, lon=None, country=SE
[DEBUG] https://openalex.org/I32399674 -> lat=None, lon=None, country=CN
[DEBUG] https://openalex.org/I157638225 -> lat=34.22834014892578, lon=-118.53675079345703, country=US
[DEBUG] https://openalex.org/I4210126065 -> lat=None, lon=None, country=CN
[DEBUG] https://openalex.org/I17442442 -> lat=None, lon=None, country=CN
[DEBUG] https://openalex.org/I74525822 -> lat=None, lon=None, country=CN
[DEBUG] https://openalex.org/I4210091818 -> lat=41.45602035522461, lon=-81.50325775146484, country=US
[DEBUG] https://openalex.org/I4210153915 -> lat=None, lon=None, country=CN
[DEBUG] https://openalex.org/I4210104252 -> lat=None, lon=None, country=CN
[DEBUG] https://openalex.org/I4210124764 -> lat=None, lon=None, country=CN
[DEBUG] https://openalex.org/I134626604 -> lat=None, lon=None, country=CN
[DEBUG] https://openalex.org/I4210161783 -> lat=None, lon=None, country=GB
[DEBUG] https://openalex.org/I4210141849 -> lat=None, lon=None, country=CN
[DEBUG] https://openalex.org/I211433327 -> lat=None, lon=None, country=CN
[DEBUG] https://openalex.org/I134841294 -> lat=None, lon=None, country=CN
[DEBUG] https://openalex.org/I151013683 -> lat=None, lon=None, country=CN
[DEBUG] https://openalex.org/I4210116517 -> lat=None, lon=None, country=CN
[DEBUG] https://openalex.org/I4210163399 -> lat=None, lon=None, country=CN
[DEBUG] https://openalex.org/I4210111575 -> lat=None, lon=None, country=CN
[DEBUG] https://openalex.org/I92403157 -> lat=None, lon=None, country=CN
[DEBUG] https://openalex.org/I4210160698 -> lat=None, lon=None, country=MY
[DEBUG] https://openalex.org/I4210165845 -> lat=None, lon=None, country=CN
[DEBUG] https://openalex.org/I4210126590 -> lat=None, lon=None, country=CN
[DEBUG] https://openalex.org/I4210135349 -> lat=None, lon=None, country=CN
[DEBUG] https://openalex.org/I13985625 -> lat=None, lon=None, country=CN
[DEBUG] https://openalex.org/I1049131 -> lat=None, lon=None, country=TW
[DEBUG] https://openalex.org/I182707071 -> lat=None, lon=None, country=CN
[DEBUG] https://openalex.org/I1328775524 -> lat=None, lon=None, country=CN
[DEBUG] https://openalex.org/I152031979 -> lat=None, lon=None, country=CN
[DEBUG] https://openalex.org/I4210160531 -> lat=None, lon=None, country=CN
[DEBUG] https://openalex.org/I56435720 -> lat=None, lon=None, country=FR
[DEBUG] https://openalex.org/I2746051580 -> lat=None, lon=None, country=FR
[DEBUG] https://openalex.org/I171048554 -> lat=None, lon=None, country=FR
[DEBUG] https://openalex.org/I32377083 -> lat=None, lon=None, country=CN
[DEBUG] https://openalex.org/I180941496 -> lat=None, lon=None, country=JP
[DEBUG] https://openalex.org/I17145004 -> lat=None, lon=None, country=CN
[DEBUG] https://openalex.org/I4210161568 -> lat=None, lon=None, country=CN
[DEBUG] https://openalex.org/I206324368 -> lat=None, lon=None, country=CN
[DEBUG] https://openalex.org/I4210137797 -> lat=None, lon=None, country=BG
[DEBUG] https://openalex.org/I4210107819 -> lat=35.49987030029297, lon=-80.62339782714844, country=US
[DEBUG] https://openalex.org/I180297670 -> lat=35.9940299987793, lon=-78.89862060546875, country=US
[DEBUG] https://openalex.org/I1333535994 -> lat=35.90378189086914, lon=-79.04779815673828, country=US
[DEBUG] https://openalex.org/I4210141908 -> lat=29.707382202148438, lon=-95.40190887451172, country=US
[DEBUG] https://openalex.org/I4210162161 -> lat=None, lon=None, country=CA
[DEBUG] https://openalex.org/I4210116687 -> lat=None, lon=None, country=GM
[DEBUG] https://openalex.org/I2802971700 -> lat=39.00922393798828, lon=-104.70050048828125, country=US
[DEBUG] https://openalex.org/I173004203 -> lat=None, lon=None, country=GB
[DEBUG] https://openalex.org/I4210153694 -> lat=35.9132, lon=-79.05584, country=US
[DEBUG] https://openalex.org/I4210135375 -> lat=None, lon=None, country=BE
[DEBUG] https://openalex.org/I2799699971 -> lat=39.014095306396484, lon=-77.10041809082031, country=US
[DEBUG] https://openalex.org/I4210124771 -> lat=None, lon=None, country=FR
[DEBUG] https://openalex.org/I4210111395 -> lat=42.35149383544922, lon=-71.06355285644531, country=US
[DEBUG] https://openalex.org/I31766871 -> lat=None, lon=None, country=KR
[DEBUG] https://openalex.org/I2801148111 -> lat=42.39365768432617, lon=-71.19107818603516, country=US
[DEBUG] https://openalex.org/I4210147841 -> lat=None, lon=None, country=DE
[DEBUG] https://openalex.org/I4210121272 -> lat=39.97305679321289, lon=-86.28761291503906, country=US
[DEBUG] https://openalex.org/I4210120668 -> lat=37.39319610595703, lon=-122.07786560058594, country=US
[DEBUG] https://openalex.org/I2799714515 -> lat=40.76376724243164, lon=-73.97085571289062, country=US
[DEBUG] https://openalex.org/I4390039329 -> lat=None, lon=None, country=None
[DEBUG] https://openalex.org/I2802934949 -> lat=None, lon=None, country=NL
[DEBUG] https://openalex.org/I901861585 -> lat=36.165889739990234, lon=-86.78443908691406, country=US
[DEBUG] https://openalex.org/I4210165985 -> lat=33.82979965209961, lon=-118.2947006225586, country=US
[DEBUG] https://openalex.org/I4210102252 -> lat=34.43312454223633, lon=-118.56957244873047, country=US
[DEBUG] https://openalex.org/I134113660 -> lat=39.52962875366211, lon=-119.81379699707031, country=US
[DEBUG] https://openalex.org/I192396691 -> lat=29.95465087890625, lon=-90.0750732421875, country=US
[DEBUG] https://openalex.org/I4210100695 -> lat=None, lon=None, country=MX
[DEBUG] https://openalex.org/I4210100359 -> lat=None, lon=None, country=FR
[DEBUG] https://openalex.org/I1292974536 -> lat=42.292301177978516, lon=-83.23442077636719, country=US
[DEBUG] https://openalex.org/I2802060973 -> lat=41.844566345214844, lon=-71.38021087646484, country=US
[DEBUG] https://openalex.org/I4210124770 -> lat=None, lon=None, country=DE
[DEBUG] https://openalex.org/I4210086415 -> lat=42.36145782470703, lon=-71.10054779052734, country=US
[DEBUG] https://openalex.org/I4210134376 -> lat=None, lon=None, country=KR
[DEBUG] https://openalex.org/I4210148737 -> lat=None, lon=None, country=KR
[DEBUG] https://openalex.org/I4210111804 -> lat=40.60078811645508, lon=-74.64814758300781, country=US
[DEBUG] https://openalex.org/I49886154 -> lat=41.85002899169922, lon=-87.6500473022461, country=US
[DEBUG] https://openalex.org/I4210148319 -> lat=30.386293411254883, lon=-91.03763580322266, country=US
[DEBUG] https://openalex.org/I4210112815 -> lat=44.313629150390625, lon=-69.78965759277344, country=US
[DEBUG] https://openalex.org/I149530613 -> lat=26.38498306274414, lon=-80.12244415283203, country=US
[DEBUG] https://openalex.org/I48633490 -> lat=42.358428955078125, lon=-71.05976867675781, country=US
[DEBUG] https://openalex.org/I2801313472 -> lat=40.797027587890625, lon=-82.58155059814453, country=US
[DEBUG] https://openalex.org/I368840534 -> lat=34.36650085449219, lon=-89.51924896240234, country=US
[DEBUG] https://openalex.org/I71965598 -> lat=40.72233581542969, lon=-73.65064239501953, country=US
[DEBUG] https://openalex.org/I42144348 -> lat=None, lon=None, country=JP
[DEBUG] https://openalex.org/I166722992 -> lat=42.26258850097656, lon=-71.80229187011719, country=US
[DEBUG] https://openalex.org/I130769515 -> lat=40.79339, lon=-77.86, country=US
[DEBUG] https://openalex.org/I98704320 -> lat=40.714271545410156, lon=-74.00596618652344, country=US
[DEBUG] https://openalex.org/I4210114445 -> lat=42.27756, lon=-83.74088, country=US
[DEBUG] https://openalex.org/I2802690428 -> lat=None, lon=None, country=CN
[DEBUG] https://openalex.org/I4392738323 -> lat=None, lon=None, country=None
[DEBUG] https://openalex.org/I2802554885 -> lat=41.424468994140625, lon=-91.043212890625, country=US
[DEBUG] https://openalex.org/I4210111179 -> lat=42.280242919921875, lon=-85.56851959228516, country=US
[DEBUG] https://openalex.org/I1297540436 -> lat=42.3751, lon=-71.10561, country=US
[DEBUG] https://openalex.org/I2799798094 -> lat=34.05223, lon=-118.24368, country=US
[DEBUG] https://openalex.org/I4210146332 -> lat=30.288766860961914, lon=-97.72427368164062, country=US
[DEBUG] https://openalex.org/I2801952686 -> lat=None, lon=None, country=NL
[DEBUG] https://openalex.org/I184942183 -> lat=None, lon=None, country=NO
[DEBUG] https://openalex.org/I1281400175 -> lat=None, lon=None, country=NO
[DEBUG] https://openalex.org/I199037182 -> lat=42.26341247558594, lon=-83.6653060913086, country=US
[DEBUG] https://openalex.org/I4210154480 -> lat=None, lon=None, country=CN
[DEBUG] https://openalex.org/I1318643470 -> lat=None, lon=None, country=CN
[DEBUG] https://openalex.org/I158842170 -> lat=None, lon=None, country=CN
[DEBUG] https://openalex.org/I87780372 -> lat=None, lon=None, country=CN
[DEBUG] https://openalex.org/I4210159428 -> lat=None, lon=None, country=CN
[DEBUG] https://openalex.org/I4210140243 -> lat=38.8072395324707, lon=-77.05851745605469, country=US
[DEBUG] https://openalex.org/I149137203 -> lat=None, lon=None, country=CN
[DEBUG] https://openalex.org/I4210166238 -> lat=None, lon=None, country=CN
[DEBUG] https://openalex.org/I4210129459 -> lat=None, lon=None, country=CN
[DEBUG] https://openalex.org/I76130692 -> lat=None, lon=None, country=CN
[DEBUG] https://openalex.org/I4210101306 -> lat=None, lon=None, country=CN
[DEBUG] https://openalex.org/I4210124033 -> lat=None, lon=None, country=CN
[DEBUG] https://openalex.org/I2802390878 -> lat=None, lon=None, country=CN
[DEBUG] https://openalex.org/I198357462 -> lat=None, lon=None, country=CN
[DEBUG] https://openalex.org/I4210143430 -> lat=None, lon=None, country=CN
[DEBUG] https://openalex.org/I4210138078 -> lat=None, lon=None, country=CN
[DEBUG] https://openalex.org/I1298853749 -> lat=None, lon=None, country=NO
[DEBUG] https://openalex.org/I78037679 -> lat=None, lon=None, country=NO
[DEBUG] https://openalex.org/I184531372 -> lat=None, lon=None, country=NO
[DEBUG] https://openalex.org/I182204967 -> lat=None, lon=None, country=NO
[DEBUG] https://openalex.org/I2800192669 -> lat=None, lon=None, country=NO
[DEBUG] https://openalex.org/I3017480383 -> lat=None, lon=None, country=CN
[DEBUG] https://openalex.org/I2800570007 -> lat=None, lon=None, country=CN
[DEBUG] https://openalex.org/I4210114506 -> lat=None, lon=None, country=KR
[DEBUG] https://openalex.org/I177388780 -> lat=None, lon=None, country=CN
[DEBUG] https://openalex.org/I4210128921 -> lat=None, lon=None, country=CN
[DEBUG] https://openalex.org/I4210127074 -> lat=None, lon=None, country=CN
[DEBUG] https://openalex.org/I4210101382 -> lat=None, lon=None, country=CN
[DEBUG] https://openalex.org/I4210107954 -> lat=41.827667236328125, lon=-71.3874282836914, country=US
[DEBUG] https://openalex.org/I180662265 -> lat=None, lon=None, country=CN
[DEBUG] https://openalex.org/I1285119806 -> lat=38.8986930847168, lon=-77.03103637695312, country=US
[DEBUG] https://openalex.org/I2802654988 -> lat=None, lon=None, country=CA
[DEBUG] https://openalex.org/I4210104358 -> lat=None, lon=None, country=NO
[DEBUG] https://openalex.org/I4210115256 -> lat=44.38758, lon=-68.2039, country=US
[DEBUG] https://openalex.org/I2801671727 -> lat=42.27445983886719, lon=-71.17176818847656, country=US
[DEBUG] https://openalex.org/I4210107997 -> lat=None, lon=None, country=FI
[DEBUG] https://openalex.org/I4210127009 -> lat=36.31248092651367, lon=-82.38451385498047, country=US
[DEBUG] https://openalex.org/I4210087782 -> lat=None, lon=None, country=FR
[DEBUG] https://openalex.org/I36194888 -> lat=38.3820686340332, lon=-78.97669982910156, country=US
[DEBUG] https://openalex.org/I6665906 -> lat=35.227088928222656, lon=-80.84313201904297, country=US
[DEBUG] https://openalex.org/I144852770 -> lat=40.74843215942383, lon=-73.98565673828125, country=US
[DEBUG] https://openalex.org/I4210105982 -> lat=None, lon=None, country=CN
[DEBUG] https://openalex.org/I92039509 -> lat=None, lon=None, country=CN
[DEBUG] https://openalex.org/I2801397591 -> lat=None, lon=None, country=ZA
[DEBUG] https://openalex.org/I4210108480 -> lat=None, lon=None, country=CN
[DEBUG] https://openalex.org/I141649914 -> lat=None, lon=None, country=CN
[DEBUG] https://openalex.org/I4210092101 -> lat=None, lon=None, country=CN
[DEBUG] https://openalex.org/I96733725 -> lat=None, lon=None, country=CN
[DEBUG] https://openalex.org/I4210108865 -> lat=None, lon=None, country=CN
[DEBUG] https://openalex.org/I55712492 -> lat=None, lon=None, country=CN
[DEBUG] https://openalex.org/I4210092091 -> lat=None, lon=None, country=CN
[DEBUG] https://openalex.org/I177933477 -> lat=None, lon=None, country=CN
[DEBUG] https://openalex.org/I4210115928 -> lat=None, lon=None, country=CN
[DEBUG] https://openalex.org/I91935597 -> lat=None, lon=None, country=CN
[DEBUG] https://openalex.org/I4210130930 -> lat=None, lon=None, country=CN
[DEBUG] https://openalex.org/I200296433 -> lat=None, lon=None, country=CN
[DEBUG] https://openalex.org/I4210108914 -> lat=None, lon=None, country=CN
[DEBUG] https://openalex.org/I43922553 -> lat=None, lon=None, country=CN
[DEBUG] https://openalex.org/I2801228662 -> lat=None, lon=None, country=CN
[DEBUG] https://openalex.org/I101479585 -> lat=None, lon=None, country=CN
[DEBUG] https://openalex.org/I4210101984 -> lat=None, lon=None, country=CN
[DEBUG] https://openalex.org/I4210120234 -> lat=None, lon=None, country=CN
[DEBUG] https://openalex.org/I4210098460 -> lat=None, lon=None, country=CN
[DEBUG] https://openalex.org/I2801051648 -> lat=None, lon=None, country=CN
[DEBUG] https://openalex.org/I2801518579 -> lat=None, lon=None, country=CN
[DEBUG] https://openalex.org/I142861451 -> lat=None, lon=None, country=CN
[DEBUG] https://openalex.org/I58200834 -> lat=None, lon=None, country=CN
[DEBUG] https://openalex.org/I39774598 -> lat=None, lon=None, country=CN
[DEBUG] https://openalex.org/I83791580 -> lat=None, lon=None, country=CN
[DEBUG] https://openalex.org/I4210108723 -> lat=None, lon=None, country=CN
[DEBUG] https://openalex.org/I4210111982 -> lat=40.34872, lon=-74.65905, country=US
[DEBUG] https://openalex.org/I119942576 -> lat=37.97949981689453, lon=-121.31300354003906, country=US
[DEBUG] https://openalex.org/I196829312 -> lat=None, lon=None, country=AU
[DEBUG] https://openalex.org/I4210134494 -> lat=None, lon=None, country=GB
[DEBUG] https://openalex.org/I277688954 -> lat=None, lon=None, country=FR
[DEBUG] https://openalex.org/I808010 -> lat=None, lon=None, country=GB
[DEBUG] https://openalex.org/I2803035111 -> lat=None, lon=None, country=NL
[DEBUG] https://openalex.org/I185492890 -> lat=None, lon=None, country=NZ
[DEBUG] https://openalex.org/I201536842 -> lat=43.17256164550781, lon=-79.03588104248047, country=US
[DEBUG] https://openalex.org/I2799786008 -> lat=41.4995002746582, lon=-81.6954116821289, country=US
[DEBUG] https://openalex.org/I4210121976 -> lat=None, lon=None, country=ES
[DEBUG] https://openalex.org/I2800935791 -> lat=32.7157096862793, lon=-117.16471862792969, country=US
[DEBUG] https://openalex.org/I120230055 -> lat=None, lon=None, country=PL
[DEBUG] https://openalex.org/I1282927378 -> lat=38.893184661865234, lon=-77.0477523803711, country=US
[DEBUG] https://openalex.org/I181647926 -> lat=None, lon=None, country=GB
[DEBUG] https://openalex.org/I2800666604 -> lat=None, lon=None, country=GB
[DEBUG] https://openalex.org/I146655781 -> lat=None, lon=None, country=GB
[DEBUG] https://openalex.org/I4210157731 -> lat=None, lon=None, country=GB
[DEBUG] https://openalex.org/I2800129641 -> lat=None, lon=None, country=GB
[DEBUG] https://openalex.org/I1338637020 -> lat=38.906368255615234, lon=-77.0409164428711, country=US
[DEBUG] https://openalex.org/I65794948 -> lat=None, lon=None, country=BR
[DEBUG] https://openalex.org/I1284577377 -> lat=38.89511, lon=-77.03637, country=US
[DEBUG] https://openalex.org/I4210161128 -> lat=None, lon=None, country=GB
[DEBUG] https://openalex.org/I91136226 -> lat=None, lon=None, country=GB
[DEBUG] https://openalex.org/I143804889 -> lat=None, lon=None, country=GB
[DEBUG] https://openalex.org/I4210118821 -> lat=44.93280792236328, lon=-93.34706115722656, country=US
[DEBUG] https://openalex.org/I4210138309 -> lat=38.90866470336914, lon=-77.04178619384766, country=US
[DEBUG] https://openalex.org/I194807695 -> lat=41.876277923583984, lon=-87.62706756591797, country=US
[DEBUG] https://openalex.org/I2800403580 -> lat=44.97997, lon=-93.26384, country=US
[DEBUG] https://openalex.org/I4210146710 -> lat=30.33218002319336, lon=-81.65564727783203, country=US
[DEBUG] https://openalex.org/I87182695 -> lat=None, lon=None, country=MX
[DEBUG] https://openalex.org/I4210122374 -> lat=None, lon=None, country=DE
[DEBUG] https://openalex.org/I4210139194 -> lat=None, lon=None, country=CR
[DEBUG] https://openalex.org/I25041050 -> lat=33.470970153808594, lon=-81.97483825683594, country=US
[DEBUG] https://openalex.org/I39694355 -> lat=40.714271545410156, lon=-74.00596618652344, country=US
[DEBUG] https://openalex.org/I226413961 -> lat=31.979000091552734, lon=-81.16000366210938, country=US
[DEBUG] https://openalex.org/I39815113 -> lat=32.44879150390625, lon=-81.78317260742188, country=US
[DEBUG] https://openalex.org/I1323778983 -> lat=41.30815124511719, lon=-72.92816162109375, country=US
[DEBUG] https://openalex.org/I4210125653 -> lat=30.614261627197266, lon=-96.29193115234375, country=US
[DEBUG] https://openalex.org/I13511017 -> lat=29.883270263671875, lon=-97.94139099121094, country=US
[DEBUG] https://openalex.org/I4388482685 -> lat=None, lon=None, country=None
[DEBUG] https://openalex.org/I4210165942 -> lat=None, lon=None, country=CR
[DEBUG] https://openalex.org/I898250095 -> lat=None, lon=None, country=CN
[DEBUG] https://openalex.org/I8692664 -> lat=35.22256851196289, lon=-97.43948364257812, country=US
[DEBUG] https://openalex.org/I189158971 -> lat=38.97859, lon=-76.49184, country=US
[DEBUG] https://openalex.org/I4210138705 -> lat=37.596065521240234, lon=-122.36905670166016, country=US
[DEBUG] https://openalex.org/I4210150951 -> lat=29.763280868530273, lon=-95.36327362060547, country=US
[DEBUG] https://openalex.org/I7923278 -> lat=None, lon=None, country=NL
[DEBUG] https://openalex.org/I74760111 -> lat=32.78306, lon=-96.80667, country=US
[DEBUG] https://openalex.org/I4210127682 -> lat=30.43825912475586, lon=-84.28073120117188, country=US
[DEBUG] https://openalex.org/I197251160 -> lat=None, lon=None, country=IL
[DEBUG] https://openalex.org/I185103710 -> lat=36.97412109375, lon=-122.03079986572266, country=US
[DEBUG] https://openalex.org/I4210157308 -> lat=None, lon=None, country=GB
[DEBUG] https://openalex.org/I1324766304 -> lat=33.44837951660156, lon=-112.07404327392578, country=US
[DEBUG] https://openalex.org/I4210117619 -> lat=40.714271545410156, lon=-74.00596618652344, country=US
[DEBUG] https://openalex.org/I4400600974 -> lat=None, lon=None, country=None
[DEBUG] https://openalex.org/I1283582996 -> lat=None, lon=None, country=CH
[DEBUG] https://openalex.org/I127128434 -> lat=32.896419525146484, lon=-117.23902893066406, country=US
[DEBUG] https://openalex.org/I4210101200 -> lat=None, lon=None, country=SG
[DEBUG] https://openalex.org/I115228651 -> lat=None, lon=None, country=SG
[DEBUG] https://openalex.org/I4210094364 -> lat=None, lon=None, country=RU
[DEBUG] https://openalex.org/I168192097 -> lat=None, lon=None, country=JP
[DEBUG] https://openalex.org/I4210099606 -> lat=None, lon=None, country=JP
[DEBUG] https://openalex.org/I165735259 -> lat=None, lon=None, country=JP
[DEBUG] https://openalex.org/I258063972 -> lat=None, lon=None, country=JP
[DEBUG] https://openalex.org/I14243506 -> lat=None, lon=None, country=HK
[DEBUG] https://openalex.org/I168719708 -> lat=None, lon=None, country=HK
[DEBUG] https://openalex.org/I4210112150 -> lat=None, lon=None, country=CN
[DEBUG] https://openalex.org/I4210116924 -> lat=None, lon=None, country=CN
[DEBUG] https://openalex.org/I4210159453 -> lat=42.68599319458008, lon=-73.8426284790039, country=US
[DEBUG] https://openalex.org/I889458895 -> lat=None, lon=None, country=HK
[DEBUG] https://openalex.org/I154893126 -> lat=None, lon=None, country=CN
[DEBUG] https://openalex.org/I4210104064 -> lat=None, lon=None, country=CN
[DEBUG] https://openalex.org/I2802946424 -> lat=39.138999938964844, lon=-76.87052917480469, country=US
[DEBUG] https://openalex.org/I4210144487 -> lat=None, lon=None, country=CN
[DEBUG] https://openalex.org/I267592682 -> lat=36.15501022338867, lon=-95.99031066894531, country=US
[DEBUG] https://openalex.org/I16285277 -> lat=37.27069854736328, lon=-76.70745849609375, country=US
[DEBUG] https://openalex.org/I4210117763 -> lat=None, lon=None, country=CN
[DEBUG] https://openalex.org/I151075929 -> lat=None, lon=None, country=CN
[DEBUG] https://openalex.org/I4210099586 -> lat=None, lon=None, country=CN
[DEBUG] https://openalex.org/I2801824472 -> lat=None, lon=None, country=CA
[DEBUG] https://openalex.org/I27357992 -> lat=None, lon=None, country=CN
[DEBUG] https://openalex.org/I37987034 -> lat=None, lon=None, country=CN
[DEBUG] https://openalex.org/I2802690124 -> lat=None, lon=None, country=AU
[DEBUG] https://openalex.org/I4210091812 -> lat=40.71427, lon=-74.00597, country=US
[DEBUG] https://openalex.org/I173759888 -> lat=None, lon=None, country=CN
[DEBUG] https://openalex.org/I2801112126 -> lat=None, lon=None, country=CH
[DEBUG] https://openalex.org/I50760025 -> lat=None, lon=None, country=CN
[DEBUG] https://openalex.org/I45438204 -> lat=29.42411994934082, lon=-98.4936294555664, country=US
[DEBUG] https://openalex.org/I4210165360 -> lat=None, lon=None, country=CN
[DEBUG] https://openalex.org/I255234318 -> lat=None, lon=None, country=ES
[DEBUG] https://openalex.org/I4210159876 -> lat=None, lon=None, country=CN
[DEBUG] https://openalex.org/I4210095266 -> lat=25.7906494140625, lon=-80.13005065917969, country=US
[DEBUG] https://openalex.org/I1316064682 -> lat=37.392730712890625, lon=-122.040771484375, country=US
[DEBUG] https://openalex.org/I66946132 -> lat=38.98067, lon=-76.93692, country=US
[DEBUG] https://openalex.org/I4210109390 -> lat=38.98492431640625, lon=-77.09797668457031, country=US
[DEBUG] https://openalex.org/I4210100767 -> lat=None, lon=None, country=JP
[DEBUG] https://openalex.org/I159385669 -> lat=None, lon=None, country=JP
[DEBUG] https://openalex.org/I4210118089 -> lat=None, lon=None, country=JP
[DEBUG] https://openalex.org/I865555288 -> lat=None, lon=None, country=JP
[DEBUG] https://openalex.org/I173469426 -> lat=None, lon=None, country=JP
[DEBUG] https://openalex.org/I203951103 -> lat=None, lon=None, country=JP
[DEBUG] https://openalex.org/I36738375 -> lat=None, lon=None, country=KR
[DEBUG] https://openalex.org/I12097938 -> lat=39.62953, lon=-79.9559, country=US
[DEBUG] https://openalex.org/I4210165559 -> lat=None, lon=None, country=CN
[DEBUG] https://openalex.org/I51158804 -> lat=None, lon=None, country=NZ
[DEBUG] https://openalex.org/I143302722 -> lat=37.98868942260742, lon=-84.47772216796875, country=US
[DEBUG] https://openalex.org/I41125697 -> lat=None, lon=None, country=NZ
[DEBUG] https://openalex.org/I3143240863 -> lat=None, lon=None, country=PH
[DEBUG] https://openalex.org/I41116869 -> lat=38.366390228271484, lon=-81.69330596923828, country=US
[DEBUG] https://openalex.org/I4210155100 -> lat=38.79108810424805, lon=-77.06861877441406, country=US
[DEBUG] https://openalex.org/I4210131094 -> lat=None, lon=None, country=IN
[DEBUG] https://openalex.org/I200399037 -> lat=None, lon=None, country=PR
[DEBUG] https://openalex.org/I5124864 -> lat=None, lon=None, country=CH
[DEBUG] https://openalex.org/I169877490 -> lat=None, lon=None, country=IN
[DEBUG] https://openalex.org/I74796645 -> lat=None, lon=None, country=IN
[DEBUG] https://openalex.org/I19700959 -> lat=25.774269104003906, lon=-80.19365692138672, country=US
[DEBUG] https://openalex.org/I205349734 -> lat=None, lon=None, country=JP
[DEBUG] https://openalex.org/I4210097800 -> lat=None, lon=None, country=JP
[DEBUG] https://openalex.org/I207399273 -> lat=None, lon=None, country=JP
[DEBUG] https://openalex.org/I4210092597 -> lat=37.45953369140625, lon=-122.14154815673828, country=US
[DEBUG] https://openalex.org/I443798 -> lat=None, lon=None, country=JP
[DEBUG] https://openalex.org/I165522056 -> lat=None, lon=None, country=JP
[DEBUG] https://openalex.org/I177136067 -> lat=None, lon=None, country=JP
[DEBUG] https://openalex.org/I22586776 -> lat=None, lon=None, country=KR
[DEBUG] https://openalex.org/I15807432 -> lat=None, lon=None, country=JP
[DEBUG] https://openalex.org/I203021718 -> lat=None, lon=None, country=JP
[DEBUG] https://openalex.org/I2802114983 -> lat=42.46036911010742, lon=-71.34895324707031, country=US
[DEBUG] https://openalex.org/I4210137145 -> lat=None, lon=None, country=SG
[DEBUG] https://openalex.org/I2800861664 -> lat=None, lon=None, country=GB
[DEBUG] https://openalex.org/I2802742124 -> lat=None, lon=None, country=GB
[DEBUG] https://openalex.org/I44260953 -> lat=None, lon=None, country=DE
[DEBUG] https://openalex.org/I4210146488 -> lat=None, lon=None, country=IN
[DEBUG] https://openalex.org/I79510175 -> lat=None, lon=None, country=GB
[DEBUG] https://openalex.org/I4210089242 -> lat=None, lon=None, country=DE
[DEBUG] https://openalex.org/I2799807261 -> lat=None, lon=None, country=IL
[DEBUG] https://openalex.org/I2801331674 -> lat=None, lon=None, country=GB
[DEBUG] https://openalex.org/I193775966 -> lat=None, lon=None, country=KR
[DEBUG] https://openalex.org/I4210095050 -> lat=None, lon=None, country=KR
[DEBUG] https://openalex.org/I4210114143 -> lat=39.896568298339844, lon=-75.1755142211914, country=US
[DEBUG] https://openalex.org/I17937529 -> lat=None, lon=None, country=DE
[DEBUG] https://openalex.org/I4210138993 -> lat=None, lon=None, country=DE
[DEBUG] https://openalex.org/I1334819555 -> lat=40.714271545410156, lon=-74.00596618652344, country=US
[DEBUG] https://openalex.org/I4210153213 -> lat=None, lon=None, country=AU
[DEBUG] https://openalex.org/I3018075036 -> lat=None, lon=None, country=FR
[DEBUG] https://openalex.org/I4210087111 -> lat=37.654659271240234, lon=-122.40775299072266, country=US
[DEBUG] https://openalex.org/I164928964 -> lat=None, lon=None, country=DE
[DEBUG] https://openalex.org/I4210091341 -> lat=None, lon=None, country=CN
[DEBUG] https://openalex.org/I4210086790 -> lat=None, lon=None, country=DE
[DEBUG] https://openalex.org/I4210166400 -> lat=None, lon=None, country=FR
[DEBUG] https://openalex.org/I4210108839 -> lat=40.661014556884766, lon=-74.41949462890625, country=US
[DEBUG] https://openalex.org/I150569930 -> lat=40.82453918457031, lon=-74.41709899902344, country=US
[DEBUG] https://openalex.org/I4210116875 -> lat=None, lon=None, country=BR
[DEBUG] https://openalex.org/I4210111460 -> lat=None, lon=None, country=DE
[DEBUG] https://openalex.org/I904495901 -> lat=None, lon=None, country=DE
[DEBUG] https://openalex.org/I1320288732 -> lat=None, lon=None, country=NZ
[DEBUG] https://openalex.org/I1285301757 -> lat=41.85002899169922, lon=-87.6500473022461, country=US
[DEBUG] https://openalex.org/I3133055985 -> lat=None, lon=None, country=CN
[DEBUG] https://openalex.org/I4391767653 -> lat=None, lon=None, country=None
[DEBUG] https://openalex.org/I1288198617 -> lat=33.76172637939453, lon=-84.39102935791016, country=US
[DEBUG] https://openalex.org/I4210162629 -> lat=None, lon=None, country=TN
[DEBUG] https://openalex.org/I51556381 -> lat=38.02931, lon=-78.47668, country=US
[DEBUG] https://openalex.org/I4210157861 -> lat=42.375099182128906, lon=-71.1056137084961, country=US
[DEBUG] https://openalex.org/I4391767668 -> lat=None, lon=None, country=None
[DEBUG] https://openalex.org/I181877577 -> lat=None, lon=None, country=CN
[DEBUG] https://openalex.org/I4210123185 -> lat=None, lon=None, country=CN
[DEBUG] https://openalex.org/I4210142037 -> lat=None, lon=None, country=CN
[DEBUG] https://openalex.org/I160664669 -> lat=38.91518020629883, lon=-77.04515838623047, country=US
[DEBUG] https://openalex.org/I196817621 -> lat=38.89511, lon=-77.03637, country=US
[DEBUG] https://openalex.org/I2800476137 -> lat=None, lon=None, country=GB
[DEBUG] https://openalex.org/I2802109268 -> lat=None, lon=None, country=GB
[DEBUG] https://openalex.org/I4210166159 -> lat=25.774269104003906, lon=-80.19365692138672, country=US
[DEBUG] https://openalex.org/I185443292 -> lat=42.33143, lon=-83.04575, country=US
[DEBUG] https://openalex.org/I1323843004 -> lat=None, lon=None, country=CA
[DEBUG] https://openalex.org/I4210154814 -> lat=41.5988883972168, lon=-93.62347412109375, country=US
[DEBUG] https://openalex.org/I2802313431 -> lat=33.504371643066406, lon=-86.80680084228516, country=US
[DEBUG] https://openalex.org/I2801460292 -> lat=42.353309631347656, lon=-83.0569076538086, country=US
[DEBUG] https://openalex.org/I913958620 -> lat=None, lon=None, country=NL
[DEBUG] https://openalex.org/I153297377 -> lat=32.77632, lon=-79.93275, country=US
[DEBUG] https://openalex.org/I104658917 -> lat=None, lon=None, country=GB
[DEBUG] https://openalex.org/I2800026193 -> lat=None, lon=None, country=GB
[DEBUG] https://openalex.org/I75381157 -> lat=None, lon=None, country=CA
[DEBUG] https://openalex.org/I2802389132 -> lat=42.27793884277344, lon=-71.06631469726562, country=US
[DEBUG] https://openalex.org/I4210153400 -> lat=None, lon=None, country=GB
[DEBUG] https://openalex.org/I77920804 -> lat=42.65258, lon=-73.75623, country=US
[DEBUG] https://openalex.org/I2802921333 -> lat=None, lon=None, country=GB
[DEBUG] https://openalex.org/I88773910 -> lat=37.43062973022461, lon=-122.0960922241211, country=US
[DEBUG] https://openalex.org/I162827531 -> lat=None, lon=None, country=IN
[DEBUG] https://openalex.org/I1329621470 -> lat=None, lon=None, country=IN
[DEBUG] https://openalex.org/I126820664 -> lat=41.6698112487793, lon=-73.90702819824219, country=US
[DEBUG] https://openalex.org/I10926426 -> lat=None, lon=None, country=IN
[DEBUG] https://openalex.org/I1324840837 -> lat=37.41238021850586, lon=-122.14872741699219, country=US
[DEBUG] https://openalex.org/I98461037 -> lat=None, lon=None, country=MX
[DEBUG] https://openalex.org/I4210106247 -> lat=44.564273834228516, lon=-123.26250457763672, country=US
[DEBUG] https://openalex.org/I53012624 -> lat=37.84055709838867, lon=-122.28971862792969, country=US
[DEBUG] https://openalex.org/I192454743 -> lat=37.68186950683594, lon=-121.76801300048828, country=US
[DEBUG] https://openalex.org/I257179599 -> lat=29.760730743408203, lon=-95.39756774902344, country=US
[DEBUG] https://openalex.org/I196679689 -> lat=37.87158966064453, lon=-122.27275085449219, country=US
[DEBUG] https://openalex.org/I4210123050 -> lat=None, lon=None, country=GB
[DEBUG] https://openalex.org/I25399158 -> lat=None, lon=None, country=TH
[DEBUG] https://openalex.org/I56590836 -> lat=None, lon=None, country=AU
[DEBUG] https://openalex.org/I1332387789 -> lat=None, lon=None, country=TH
[DEBUG] https://openalex.org/I4387153604 -> lat=None, lon=None, country=None
[DEBUG] https://openalex.org/I94776409 -> lat=None, lon=None, country=JP
[DEBUG] https://openalex.org/I63772739 -> lat=26.35869026184082, lon=-80.08309936523438, country=US
[DEBUG] https://openalex.org/I4210106988 -> lat=None, lon=None, country=AT
[DEBUG] https://openalex.org/I253725738 -> lat=None, lon=None, country=GB
[DEBUG] https://openalex.org/I4210119109 -> lat=39.16533, lon=-86.52639, country=US
[DEBUG] https://openalex.org/I4210164374 -> lat=None, lon=None, country=DE
[DEBUG] https://openalex.org/I4210124334 -> lat=None, lon=None, country=DE
[DEBUG] https://openalex.org/I155976169 -> lat=None, lon=None, country=DE
[DEBUG] https://openalex.org/I4210151100 -> lat=None, lon=None, country=DE
[DEBUG] https://openalex.org/I4210163507 -> lat=None, lon=None, country=DE
[DEBUG] https://openalex.org/I4210096309 -> lat=None, lon=None, country=None
[DEBUG] https://openalex.org/I4210159718 -> lat=None, lon=None, country=DE
[DEBUG] https://openalex.org/I4210162051 -> lat=None, lon=None, country=DE
[DEBUG] https://openalex.org/I76198965 -> lat=None, lon=None, country=DE
[DEBUG] https://openalex.org/I4210127057 -> lat=None, lon=None, country=DE
[DEBUG] https://openalex.org/I2799391451 -> lat=None, lon=None, country=DE
[DEBUG] https://openalex.org/I2801520950 -> lat=None, lon=None, country=GB
[DEBUG] https://openalex.org/I22299242 -> lat=None, lon=None, country=JP
[DEBUG] https://openalex.org/I4210140509 -> lat=None, lon=None, country=JP
[DEBUG] https://openalex.org/I4210137244 -> lat=32.902671813964844, lon=-96.46516418457031, country=US
[DEBUG] https://openalex.org/I880766802 -> lat=38.89511, lon=-77.03637, country=US
[DEBUG] https://openalex.org/I4210102982 -> lat=None, lon=None, country=IE
[DEBUG] https://openalex.org/I4210141270 -> lat=38.89511, lon=-77.03637, country=US
[DEBUG] https://openalex.org/I4210137396 -> lat=None, lon=None, country=FR
[DEBUG] https://openalex.org/I4210130449 -> lat=None, lon=None, country=CN
[DEBUG] https://openalex.org/I25998863 -> lat=None, lon=None, country=JP
[DEBUG] https://openalex.org/I4210105758 -> lat=None, lon=None, country=CA
[DEBUG] https://openalex.org/I4210125521 -> lat=42.412776947021484, lon=-71.17412567138672, country=US
[DEBUG] https://openalex.org/I2801926401 -> lat=None, lon=None, country=GB
[DEBUG] https://openalex.org/I883665419 -> lat=39.288673400878906, lon=-89.87342071533203, country=US
[DEBUG] https://openalex.org/I4210143899 -> lat=42.346553802490234, lon=-71.10006713867188, country=US
[DEBUG] https://openalex.org/I4210157058 -> lat=37.722312927246094, lon=-122.18872833251953, country=US
[DEBUG] https://openalex.org/I168635309 -> lat=None, lon=None, country=CA
[DEBUG] https://openalex.org/I4210096443 -> lat=None, lon=None, country=CA
[DEBUG] https://openalex.org/I131944076 -> lat=None, lon=None, country=CA
[DEBUG] https://openalex.org/I4210102044 -> lat=41.506046295166016, lon=-81.60868835449219, country=US
[DEBUG] https://openalex.org/I154526488 -> lat=None, lon=None, country=FR
[DEBUG] https://openalex.org/I2802834092 -> lat=None, lon=None, country=CA
[DEBUG] https://openalex.org/I76442945 -> lat=None, lon=None, country=CA
[DEBUG] https://openalex.org/I2800722420 -> lat=None, lon=None, country=CA
[DEBUG] https://openalex.org/I153718931 -> lat=None, lon=None, country=CA
[DEBUG] https://openalex.org/I4210124644 -> lat=29.694866180419922, lon=-95.52297973632812, country=US
[DEBUG] https://openalex.org/I192619145 -> lat=None, lon=None, country=ZA
[DEBUG] https://openalex.org/I126307644 -> lat=41.66113, lon=-91.53017, country=US
[DEBUG] https://openalex.org/I2801344670 -> lat=41.1306, lon=-85.12886, country=US
[DEBUG] https://openalex.org/I141472210 -> lat=64.83778381347656, lon=-147.7163848876953, country=US
[DEBUG] https://openalex.org/I4210140538 -> lat=33.49519729614258, lon=-112.0730972290039, country=US
[DEBUG] https://openalex.org/I102507086 -> lat=45.52400588989258, lon=-122.87482452392578, country=US
[DEBUG] https://openalex.org/I2800925808 -> lat=None, lon=None, country=CA
[DEBUG] https://openalex.org/I4210123017 -> lat=42.279258728027344, lon=-71.41616821289062, country=US
[DEBUG] https://openalex.org/I4210106489 -> lat=38.98067092895508, lon=-77.10025787353516, country=US
[DEBUG] https://openalex.org/I39624965 -> lat=None, lon=None, country=FI
[DEBUG] https://openalex.org/I4210154894 -> lat=None, lon=None, country=ES
[DEBUG] https://openalex.org/I4401200298 -> lat=None, lon=None, country=None
[DEBUG] https://openalex.org/I2802127220 -> lat=None, lon=None, country=CA
[DEBUG] https://openalex.org/I204722609 -> lat=None, lon=None, country=CA
[DEBUG] https://openalex.org/I2800139495 -> lat=None, lon=None, country=SE
[DEBUG] https://openalex.org/I176337269 -> lat=None, lon=None, country=CA
[DEBUG] https://openalex.org/I2799330578 -> lat=None, lon=None, country=CA
[DEBUG] https://openalex.org/I2800220363 -> lat=None, lon=None, country=GB
[DEBUG] https://openalex.org/I4210108542 -> lat=None, lon=None, country=IE
[DEBUG] https://openalex.org/I121800195 -> lat=None, lon=None, country=CA
[DEBUG] https://openalex.org/I210557978 -> lat=None, lon=None, country=CA
[DEBUG] https://openalex.org/I2799740997 -> lat=None, lon=None, country=AU
[DEBUG] https://openalex.org/I46247651 -> lat=None, lon=None, country=CA
[DEBUG] https://openalex.org/I4210089665 -> lat=None, lon=None, country=IE
[DEBUG] https://openalex.org/I4210109623 -> lat=37.77492904663086, lon=-122.41941833496094, country=US
[DEBUG] https://openalex.org/I4210100879 -> lat=42.35843, lon=-71.05977, country=US
[DEBUG] https://openalex.org/I4210099440 -> lat=43.14762878417969, lon=-77.62158966064453, country=US
[DEBUG] https://openalex.org/I1291836623 -> lat=None, lon=None, country=CA
[DEBUG] https://openalex.org/I2800667924 -> lat=39.352779388427734, lon=-76.66222381591797, country=US
[DEBUG] https://openalex.org/I2801845744 -> lat=None, lon=None, country=CA
[DEBUG] https://openalex.org/I4388446367 -> lat=None, lon=None, country=None
[DEBUG] https://openalex.org/I2801748203 -> lat=None, lon=None, country=GB
[DEBUG] https://openalex.org/I4210101641 -> lat=41.85002899169922, lon=-87.6500473022461, country=US
[DEBUG] https://openalex.org/I4210163761 -> lat=None, lon=None, country=MU
[DEBUG] https://openalex.org/I1299501804 -> lat=29.70207977294922, lon=-95.38954162597656, country=US
[DEBUG] https://openalex.org/I181547552 -> lat=29.76328, lon=-95.36327, country=US
[DEBUG] https://openalex.org/I1305782762 -> lat=41.03437423706055, lon=-73.6302719116211, country=US
[DEBUG] https://openalex.org/I4210103404 -> lat=None, lon=None, country=GB
[DEBUG] https://openalex.org/I4210153792 -> lat=41.48554611206055, lon=-81.4276351928711, country=US
[DEBUG] https://openalex.org/I4210162140 -> lat=40.4133186340332, lon=-74.50695037841797, country=US
[DEBUG] https://openalex.org/I2801138448 -> lat=None, lon=None, country=GB
[DEBUG] https://openalex.org/I28166907 -> lat=None, lon=None, country=SE
[DEBUG] https://openalex.org/I4210109810 -> lat=42.742095947265625, lon=-83.41999816894531, country=US
[DEBUG] https://openalex.org/I4210145419 -> lat=None, lon=None, country=CA
[DEBUG] https://openalex.org/I4210155296 -> lat=None, lon=None, country=CA
[DEBUG] https://openalex.org/I4210149652 -> lat=None, lon=None, country=CA
[DEBUG] https://openalex.org/I4210096177 -> lat=None, lon=None, country=CA
[DEBUG] https://openalex.org/I105036370 -> lat=None, lon=None, country=GB
[DEBUG] https://openalex.org/I4210155891 -> lat=40.43155288696289, lon=-79.9625473022461, country=US
[DEBUG] https://openalex.org/I1289437631 -> lat=39.9523811340332, lon=-75.16361999511719, country=US
[DEBUG] https://openalex.org/I28304128 -> lat=40.714271545410156, lon=-74.00596618652344, country=US
[DEBUG] https://openalex.org/I4210118538 -> lat=None, lon=None, country=ID
[DEBUG] https://openalex.org/I4210145583 -> lat=None, lon=None, country=RU
[DEBUG] https://openalex.org/I4210124474 -> lat=38.92085266113281, lon=-94.64747619628906, country=US
[DEBUG] https://openalex.org/I4210162707 -> lat=40.44455337524414, lon=-79.94886016845703, country=US
[DEBUG] https://openalex.org/I160993911 -> lat=None, lon=None, country=AU
[DEBUG] https://openalex.org/I4210112314 -> lat=40.298641204833984, lon=-79.99404907226562, country=US
[DEBUG] https://openalex.org/I80281795 -> lat=None, lon=None, country=NZ
[DEBUG] https://openalex.org/I1317621060 -> lat=None, lon=None, country=IN
[DEBUG] https://openalex.org/I4210147669 -> lat=None, lon=None, country=BG
[DEBUG] https://openalex.org/I4210125404 -> lat=None, lon=None, country=CN
[DEBUG] https://openalex.org/I8961855 -> lat=None, lon=None, country=MX
[DEBUG] https://openalex.org/I121748325 -> lat=None, lon=None, country=ES
[DEBUG] https://openalex.org/I104854061 -> lat=None, lon=None, country=MX
[DEBUG] https://openalex.org/I4210138439 -> lat=None, lon=None, country=MX
[DEBUG] https://openalex.org/I59361560 -> lat=None, lon=None, country=MX
[DEBUG] https://openalex.org/I68368234 -> lat=None, lon=None, country=MX
[DEBUG] https://openalex.org/I173304897 -> lat=None, lon=None, country=ES
[DEBUG] https://openalex.org/I4210155924 -> lat=None, lon=None, country=MX
[DEBUG] https://openalex.org/I2800235667 -> lat=None, lon=None, country=RU
[DEBUG] https://openalex.org/I62916508 -> lat=None, lon=None, country=DE
[DEBUG] https://openalex.org/I887846188 -> lat=None, lon=None, country=RU
[DEBUG] https://openalex.org/I4210136779 -> lat=None, lon=None, country=IT
[DEBUG] https://openalex.org/I2800738734 -> lat=None, lon=None, country=IT
[DEBUG] https://openalex.org/I4210125647 -> lat=None, lon=None, country=IT
[DEBUG] https://openalex.org/I4210156266 -> lat=None, lon=None, country=DE
[DEBUG] https://openalex.org/I2738703131 -> lat=None, lon=None, country=FR
[DEBUG] https://openalex.org/I169173203 -> lat=None, lon=None, country=FR
[DEBUG] https://openalex.org/I4210165232 -> lat=None, lon=None, country=FR
[DEBUG] https://openalex.org/I4210091437 -> lat=None, lon=None, country=FR
[DEBUG] https://openalex.org/I4210150763 -> lat=None, lon=None, country=IT
[DEBUG] https://openalex.org/I187986737 -> lat=None, lon=None, country=FR
[DEBUG] https://openalex.org/I201324441 -> lat=None, lon=None, country=IT
[DEBUG] https://openalex.org/I189158943 -> lat=None, lon=None, country=IT
[DEBUG] https://openalex.org/I83816512 -> lat=None, lon=None, country=IT
[DEBUG] https://openalex.org/I4210108985 -> lat=40.714271545410156, lon=-74.00596618652344, country=US
[DEBUG] https://openalex.org/I4210096415 -> lat=47.673988342285156, lon=-122.12151336669922, country=US
[DEBUG] https://openalex.org/I41833579 -> lat=37.2934684753418, lon=-80.05476379394531, country=US
[DEBUG] https://openalex.org/I4210092201 -> lat=29.96014976501465, lon=-90.12019348144531, country=US
[DEBUG] https://openalex.org/I4210138831 -> lat=39.69182586669922, lon=-84.03770446777344, country=US
[DEBUG] https://openalex.org/I174135032 -> lat=47.58536911010742, lon=-122.1483154296875, country=US
[DEBUG] https://openalex.org/I4210126328 -> lat=None, lon=None, country=CH
[DEBUG] https://openalex.org/I4210091344 -> lat=None, lon=None, country=DE
[DEBUG] https://openalex.org/I2802964274 -> lat=33.0030403137207, lon=-85.0560073852539, country=US
[DEBUG] https://openalex.org/I4210153150 -> lat=None, lon=None, country=DE
[DEBUG] https://openalex.org/I57825437 -> lat=None, lon=None, country=CH
[DEBUG] https://openalex.org/I75356249 -> lat=None, lon=None, country=DE
[DEBUG] https://openalex.org/I4210113334 -> lat=None, lon=None, country=FR
[DEBUG] https://openalex.org/I4210151025 -> lat=None, lon=None, country=DE
[DEBUG] https://openalex.org/I4210136950 -> lat=None, lon=None, country=DE
[DEBUG] https://openalex.org/I189712700 -> lat=None, lon=None, country=DE
[DEBUG] https://openalex.org/I1307585291 -> lat=None, lon=None, country=BD
[DEBUG] https://openalex.org/I1335321130 -> lat=39.9523811340332, lon=-75.16361999511719, country=US
[DEBUG] https://openalex.org/I4210150103 -> lat=38.895111083984375, lon=-77.03636932373047, country=US
[DEBUG] https://openalex.org/I4179309 -> lat=39.18932342529297, lon=-94.68012237548828, country=US
[DEBUG] https://openalex.org/I4210115062 -> lat=None, lon=None, country=JP
[DEBUG] https://openalex.org/I98083888 -> lat=None, lon=None, country=JP
[DEBUG] https://openalex.org/I165368041 -> lat=None, lon=None, country=IS
[DEBUG] https://openalex.org/I2800996768 -> lat=None, lon=None, country=JP
[DEBUG] https://openalex.org/I131632401 -> lat=None, lon=None, country=JP
[DEBUG] https://openalex.org/I150744194 -> lat=None, lon=None, country=JP
[DEBUG] https://openalex.org/I26725883 -> lat=None, lon=None, country=JP
[DEBUG] https://openalex.org/I190930483 -> lat=None, lon=None, country=JP
[DEBUG] https://openalex.org/I154202486 -> lat=None, lon=None, country=FR
[DEBUG] https://openalex.org/I1333622710 -> lat=None, lon=None, country=FI
[DEBUG] https://openalex.org/I87653560 -> lat=None, lon=None, country=FI
[DEBUG] https://openalex.org/I2800875726 -> lat=None, lon=None, country=DE
[DEBUG] https://openalex.org/I1330165540 -> lat=None, lon=None, country=DE
[DEBUG] https://openalex.org/I175594653 -> lat=36.189998626708984, lon=-94.55860900878906, country=US
[DEBUG] https://openalex.org/I2802466933 -> lat=None, lon=None, country=GB
[DEBUG] https://openalex.org/I4210156194 -> lat=None, lon=None, country=GB
[DEBUG] https://openalex.org/I2800951516 -> lat=None, lon=None, country=GB
[DEBUG] https://openalex.org/I4210149552 -> lat=None, lon=None, country=GB
[DEBUG] https://openalex.org/I2802705189 -> lat=None, lon=None, country=GB
[DEBUG] https://openalex.org/I2801674322 -> lat=None, lon=None, country=GB
[DEBUG] https://openalex.org/I4210125323 -> lat=38.76615524291992, lon=-121.2495346069336, country=US
[DEBUG] https://openalex.org/I43638361 -> lat=40.70836639404297, lon=-74.00865173339844, country=US
[DEBUG] https://openalex.org/I4210104666 -> lat=None, lon=None, country=GB
[DEBUG] https://openalex.org/I1279858714 -> lat=38.91168212890625, lon=-77.04424285888672, country=US
[DEBUG] https://openalex.org/I4210124949 -> lat=None, lon=None, country=IN
[DEBUG] https://openalex.org/I4400600948 -> lat=42.3751, lon=-71.10561, country=US
[DEBUG] https://openalex.org/I178102782 -> lat=37.94797897338867, lon=-122.06079864501953, country=US
[DEBUG] https://openalex.org/I48168531 -> lat=31.99950408935547, lon=-81.10528564453125, country=US
[DEBUG] https://openalex.org/I197817023 -> lat=35.101463317871094, lon=-89.85030364990234, country=US
[DEBUG] https://openalex.org/I909854389 -> lat=None, lon=None, country=GB
[DEBUG] https://openalex.org/I2801187875 -> lat=None, lon=None, country=PK
[DEBUG] https://openalex.org/I139607695 -> lat=None, lon=None, country=GB
[DEBUG] https://openalex.org/I4210104180 -> lat=None, lon=None, country=KR
[DEBUG] https://openalex.org/I4210123207 -> lat=None, lon=None, country=GB
[DEBUG] https://openalex.org/I39534123 -> lat=None, lon=None, country=KR
[DEBUG] https://openalex.org/I4210117738 -> lat=None, lon=None, country=KR
[DEBUG] https://openalex.org/I31419693 -> lat=None, lon=None, country=KR
[DEBUG] https://openalex.org/I4210151417 -> lat=None, lon=None, country=KR
[DEBUG] https://openalex.org/I67900169 -> lat=None, lon=None, country=KR
[DEBUG] https://openalex.org/I4210127102 -> lat=None, lon=None, country=KR
[DEBUG] https://openalex.org/I48566637 -> lat=None, lon=None, country=KR
[DEBUG] https://openalex.org/I4387152139 -> lat=None, lon=None, country=None
[DEBUG] https://openalex.org/I4210118585 -> lat=None, lon=None, country=KR
[DEBUG] https://openalex.org/I88761825 -> lat=None, lon=None, country=KR
[DEBUG] https://openalex.org/I4210120602 -> lat=None, lon=None, country=KR
[DEBUG] https://openalex.org/I165507594 -> lat=None, lon=None, country=KR
[DEBUG] https://openalex.org/I4210095908 -> lat=40.565635681152344, lon=-105.03058624267578, country=US
[DEBUG] https://openalex.org/I4210148646 -> lat=38.71086120605469, lon=-75.09986114501953, country=US
[DEBUG] https://openalex.org/I172980758 -> lat=34.02342987060547, lon=-84.61549377441406, country=US
[DEBUG] https://openalex.org/I4210167262 -> lat=None, lon=None, country=ZA
[DEBUG] https://openalex.org/I4210100153 -> lat=None, lon=None, country=KR
[DEBUG] https://openalex.org/I87111246 -> lat=None, lon=None, country=KR
[DEBUG] https://openalex.org/I142401562 -> lat=None, lon=None, country=KR
[DEBUG] https://openalex.org/I4210111434 -> lat=None, lon=None, country=KR
[DEBUG] https://openalex.org/I4210159093 -> lat=None, lon=None, country=KR
[DEBUG] https://openalex.org/I114531698 -> lat=None, lon=None, country=JP
[DEBUG] https://openalex.org/I196733613 -> lat=None, lon=None, country=KR
[DEBUG] https://openalex.org/I138925566 -> lat=None, lon=None, country=KR
[DEBUG] https://openalex.org/I146824383 -> lat=None, lon=None, country=KR
[DEBUG] https://openalex.org/I4210157704 -> lat=None, lon=None, country=KR
[DEBUG] https://openalex.org/I24456540 -> lat=None, lon=None, country=KR
[DEBUG] https://openalex.org/I2802571394 -> lat=None, lon=None, country=KR
[DEBUG] https://openalex.org/I119522612 -> lat=None, lon=None, country=KR
[DEBUG] https://openalex.org/I4210096013 -> lat=None, lon=None, country=CN
[DEBUG] https://openalex.org/I4210102541 -> lat=None, lon=None, country=CN
[DEBUG] https://openalex.org/I4210106477 -> lat=None, lon=None, country=CN
[DEBUG] https://openalex.org/I4210140986 -> lat=None, lon=None, country=CN
[DEBUG] https://openalex.org/I89652312 -> lat=None, lon=None, country=CN
[DEBUG] https://openalex.org/I111381250 -> lat=None, lon=None, country=CN
[DEBUG] https://openalex.org/I4210106405 -> lat=None, lon=None, country=CN
[DEBUG] https://openalex.org/I4210105124 -> lat=None, lon=None, country=CN
[DEBUG] https://openalex.org/I177725633 -> lat=None, lon=None, country=HK
[DEBUG] https://openalex.org/I4210096887 -> lat=None, lon=None, country=CN
[DEBUG] https://openalex.org/I4210146711 -> lat=None, lon=None, country=CN
[DEBUG] https://openalex.org/I129708740 -> lat=None, lon=None, country=CN
[DEBUG] https://openalex.org/I4210120223 -> lat=None, lon=None, country=CN
[DEBUG] https://openalex.org/I4210093460 -> lat=None, lon=None, country=CN
[DEBUG] https://openalex.org/I55538621 -> lat=None, lon=None, country=CN
[DEBUG] https://openalex.org/I4210124184 -> lat=None, lon=None, country=CN
[DEBUG] https://openalex.org/I4210126939 -> lat=None, lon=None, country=CN
[DEBUG] https://openalex.org/I4210152380 -> lat=None, lon=None, country=CN
[DEBUG] https://openalex.org/I26080491 -> lat=None, lon=None, country=CN
[DEBUG] https://openalex.org/I4210143603 -> lat=None, lon=None, country=CZ
[DEBUG] https://openalex.org/I4210088194 -> lat=None, lon=None, country=CN
[DEBUG] https://openalex.org/I129335695 -> lat=None, lon=None, country=CN
[DEBUG] https://openalex.org/I83740829 -> lat=40.738834381103516, lon=-73.98226928710938, country=US
[DEBUG] https://openalex.org/I4210143276 -> lat=None, lon=None, country=CN
[DEBUG] https://openalex.org/I2801769982 -> lat=None, lon=None, country=CN
[DEBUG] https://openalex.org/I108160477 -> lat=None, lon=None, country=CN
[DEBUG] https://openalex.org/I205237279 -> lat=None, lon=None, country=CN
[DEBUG] https://openalex.org/I4210100868 -> lat=None, lon=None, country=CN
[DEBUG] https://openalex.org/I4210131893 -> lat=None, lon=None, country=CN
[DEBUG] https://openalex.org/I4210103115 -> lat=None, lon=None, country=CN
[DEBUG] https://openalex.org/I4210116869 -> lat=None, lon=None, country=CN
[DEBUG] https://openalex.org/I4210158828 -> lat=None, lon=None, country=CN
[DEBUG] https://openalex.org/I133868755 -> lat=None, lon=None, country=CN
[DEBUG] https://openalex.org/I4210096565 -> lat=None, lon=None, country=MD
[DEBUG] https://openalex.org/I4210093194 -> lat=None, lon=None, country=CN
[DEBUG] https://openalex.org/I4210087107 -> lat=None, lon=None, country=CN
[DEBUG] https://openalex.org/I2800370534 -> lat=None, lon=None, country=CN
[DEBUG] https://openalex.org/I154093214 -> lat=None, lon=None, country=CN
[DEBUG] https://openalex.org/I167027274 -> lat=None, lon=None, country=CN
[DEBUG] https://openalex.org/I37574244 -> lat=None, lon=None, country=CN
[DEBUG] https://openalex.org/I4210093964 -> lat=None, lon=None, country=CN
[DEBUG] https://openalex.org/I4210136497 -> lat=None, lon=None, country=CN
[DEBUG] https://openalex.org/I4210135985 -> lat=None, lon=None, country=CN
[DEBUG] https://openalex.org/I117331123 -> lat=None, lon=None, country=CN
[DEBUG] https://openalex.org/I156144747 -> lat=None, lon=None, country=CN
[DEBUG] https://openalex.org/I4210124809 -> lat=None, lon=None, country=CN
[DEBUG] https://openalex.org/I191996457 -> lat=None, lon=None, country=CN
[DEBUG] https://openalex.org/I4210099373 -> lat=None, lon=None, country=CN
[DEBUG] https://openalex.org/I4210165135 -> lat=None, lon=None, country=CN
[DEBUG] https://openalex.org/I4210106696 -> lat=38.266788482666016, lon=-76.45384216308594, country=US
[DEBUG] https://openalex.org/I4387155714 -> lat=None, lon=None, country=None
[DEBUG] https://openalex.org/I4210140114 -> lat=39.099281311035156, lon=-84.51036071777344, country=US
[DEBUG] https://openalex.org/I4390039325 -> lat=40.48622, lon=-74.45182, country=US
[DEBUG] https://openalex.org/I924572780 -> lat=None, lon=None, country=EE
[DEBUG] https://openalex.org/I4210159271 -> lat=42.375099182128906, lon=-71.1056137084961, country=US
[DEBUG] https://openalex.org/I1284598098 -> lat=None, lon=None, country=SA
[DEBUG] https://openalex.org/I4210135134 -> lat=47.60620880126953, lon=-122.33206939697266, country=US
[DEBUG] https://openalex.org/I78715868 -> lat=36.067901611328125, lon=-94.17365264892578, country=US
[DEBUG] https://openalex.org/I46896759 -> lat=33.8738899230957, lon=-98.52111053466797, country=US
[DEBUG] https://openalex.org/I17301866 -> lat=33.20984, lon=-87.56917, country=US
[DEBUG] https://openalex.org/I2800736356 -> lat=44.38758, lon=-68.2039, country=US
[DEBUG] https://openalex.org/I177097968 -> lat=35.045631408691406, lon=-85.30967712402344, country=US
[DEBUG] https://openalex.org/I123534392 -> lat=33.21484, lon=-97.13307, country=US
[DEBUG] https://openalex.org/I4210105790 -> lat=32.71571, lon=-117.16472, country=US
[DEBUG] https://openalex.org/I2800861319 -> lat=32.88100051879883, lon=-96.76300048828125, country=US
[DEBUG] https://openalex.org/I61970326 -> lat=42.358428955078125, lon=-71.05976867675781, country=US
[DEBUG] https://openalex.org/I2802543995 -> lat=None, lon=None, country=CN
[DEBUG] https://openalex.org/I4210126753 -> lat=None, lon=None, country=DE
[DEBUG] https://openalex.org/I35344726 -> lat=38.9195671081543, lon=-77.02899932861328, country=US
[DEBUG] https://openalex.org/I141950808 -> lat=None, lon=None, country=CA
[DEBUG] https://openalex.org/I160606119 -> lat=35.14953, lon=-90.04898, country=US
[DEBUG] https://openalex.org/I4210140627 -> lat=37.452232360839844, lon=-122.11345672607422, country=US
[DEBUG] https://openalex.org/I4210162384 -> lat=32.7157096862793, lon=-117.16471862792969, country=US
[DEBUG] https://openalex.org/I869089601 -> lat=37.23250198364258, lon=-121.97110748291016, country=US
[DEBUG] https://openalex.org/I186335123 -> lat=35.61266, lon=-77.36635, country=US
[DEBUG] https://openalex.org/I4210107087 -> lat=None, lon=None, country=DE
[DEBUG] https://openalex.org/I4210117596 -> lat=None, lon=None, country=GB
[DEBUG] https://openalex.org/I4210109808 -> lat=38.88056564331055, lon=-77.11099243164062, country=US
[DEBUG] https://openalex.org/I4210128591 -> lat=None, lon=None, country=RO
[DEBUG] https://openalex.org/I27825529 -> lat=34.05223083496094, lon=-118.24368286132812, country=US
[DEBUG] https://openalex.org/I58286723 -> lat=29.589540481567383, lon=-95.10061645507812, country=US
[DEBUG] https://openalex.org/I4210125051 -> lat=None, lon=None, country=IL
[DEBUG] https://openalex.org/I4210117425 -> lat=None, lon=None, country=IL
[DEBUG] https://openalex.org/I4210163437 -> lat=None, lon=None, country=IL
[DEBUG] https://openalex.org/I4210112966 -> lat=None, lon=None, country=ES
[DEBUG] https://openalex.org/I4210155099 -> lat=None, lon=None, country=IL
[DEBUG] https://openalex.org/I4210097419 -> lat=None, lon=None, country=FR
[DEBUG] https://openalex.org/I4210145836 -> lat=29.71739387512207, lon=-95.4018325805664, country=US
[DEBUG] https://openalex.org/I67311998 -> lat=None, lon=None, country=CH
[DEBUG] https://openalex.org/I1309191912 -> lat=35.90805435180664, lon=-78.86277770996094, country=US
[DEBUG] https://openalex.org/I47431100 -> lat=None, lon=None, country=FR
[DEBUG] https://openalex.org/I1322918889 -> lat=38.89511, lon=-77.03637, country=US
[DEBUG] https://openalex.org/I1314135232 -> lat=39.961181640625, lon=-82.99878692626953, country=US
[DEBUG] https://openalex.org/I4210093284 -> lat=None, lon=None, country=HR
[DEBUG] https://openalex.org/I4210137306 -> lat=37.424110412597656, lon=-122.16607666015625, country=US
[DEBUG] https://openalex.org/I2800295664 -> lat=40.755882263183594, lon=-73.98367309570312, country=US
[DEBUG] https://openalex.org/I173498003 -> lat=37.40271759033203, lon=-122.14799499511719, country=US
[DEBUG] https://openalex.org/I4388482701 -> lat=None, lon=None, country=None
[DEBUG] https://openalex.org/I4210148184 -> lat=38.9981689453125, lon=-77.28832244873047, country=US
[DEBUG] https://openalex.org/I154057602 -> lat=42.33142852783203, lon=-83.0457534790039, country=US
[DEBUG] https://openalex.org/I189590672 -> lat=39.18361, lon=-96.57167, country=US
[DEBUG] https://openalex.org/I4210107169 -> lat=35.14953, lon=-90.04898, country=US
[DEBUG] https://openalex.org/I4210106879 -> lat=39.32924, lon=-82.10126, country=US
[DEBUG] https://openalex.org/I1289422878 -> lat=43.64228820800781, lon=-72.25176239013672, country=US
[DEBUG] https://openalex.org/I130654763 -> lat=32.921485900878906, lon=-96.73512268066406, country=US
[DEBUG] https://openalex.org/I72951846 -> lat=46.73127, lon=-117.17962, country=US
[DEBUG] https://openalex.org/I4210138501 -> lat=None, lon=None, country=CN
[DEBUG] https://openalex.org/I119454577 -> lat=None, lon=None, country=CN
[DEBUG] https://openalex.org/I4210158190 -> lat=None, lon=None, country=CN
[DEBUG] https://openalex.org/I16109614 -> lat=46.33042907714844, lon=-119.26399993896484, country=US
[DEBUG] https://openalex.org/I1325736334 -> lat=39.961181640625, lon=-82.99878692626953, country=US
[DEBUG] https://openalex.org/I4210092944 -> lat=None, lon=None, country=CN
[DEBUG] https://openalex.org/I4210092224 -> lat=None, lon=None, country=CN
[DEBUG] https://openalex.org/I4210130692 -> lat=None, lon=None, country=CN
[DEBUG] https://openalex.org/I40963666 -> lat=None, lon=None, country=CN
[DEBUG] https://openalex.org/I169071405 -> lat=None, lon=None, country=CN
[DEBUG] https://openalex.org/I4210143016 -> lat=None, lon=None, country=CN
[DEBUG] https://openalex.org/I4210092485 -> lat=None, lon=None, country=CH
[DEBUG] https://openalex.org/I134687103 -> lat=None, lon=None, country=CN
[DEBUG] https://openalex.org/I4210127388 -> lat=None, lon=None, country=CN
[DEBUG] https://openalex.org/I142108993 -> lat=None, lon=None, country=CN
[DEBUG] https://openalex.org/I134738993 -> lat=None, lon=None, country=CN
[DEBUG] https://openalex.org/I4391767886 -> lat=None, lon=None, country=None
[DEBUG] https://openalex.org/I130541836 -> lat=None, lon=None, country=CN
[DEBUG] https://openalex.org/I4210147734 -> lat=None, lon=None, country=CN
[DEBUG] https://openalex.org/I1456306 -> lat=None, lon=None, country=CN
[DEBUG] https://openalex.org/I20382870 -> lat=37.95143127441406, lon=-91.77127075195312, country=US
[DEBUG] https://openalex.org/I121691239 -> lat=None, lon=None, country=CN
[DEBUG] https://openalex.org/I28006308 -> lat=None, lon=None, country=CN
[DEBUG] https://openalex.org/I2800518580 -> lat=None, lon=None, country=CA
[DEBUG] https://openalex.org/I4391768273 -> lat=None, lon=None, country=None
[DEBUG] https://openalex.org/I4210164386 -> lat=None, lon=None, country=CN
[DEBUG] https://openalex.org/I100135526 -> lat=None, lon=None, country=CN
[DEBUG] https://openalex.org/I4387152444 -> lat=None, lon=None, country=None
[DEBUG] https://openalex.org/I4210144431 -> lat=None, lon=None, country=CN
[DEBUG] https://openalex.org/I4210156332 -> lat=None, lon=None, country=CN
[DEBUG] https://openalex.org/I2800710378 -> lat=None, lon=None, country=CN
[DEBUG] https://openalex.org/I3019309368 -> lat=None, lon=None, country=CN
[DEBUG] https://openalex.org/I144581915 -> lat=None, lon=None, country=CN
[DEBUG] https://openalex.org/I4210100976 -> lat=None, lon=None, country=CN
[DEBUG] https://openalex.org/I132369690 -> lat=None, lon=None, country=CN
[DEBUG] https://openalex.org/I900231141 -> lat=None, lon=None, country=CA
[DEBUG] https://openalex.org/I4210142271 -> lat=None, lon=None, country=TW
[DEBUG] https://openalex.org/I4210155952 -> lat=None, lon=None, country=CN
[DEBUG] https://openalex.org/I4210112946 -> lat=None, lon=None, country=CN
[DEBUG] https://openalex.org/I4210126903 -> lat=None, lon=None, country=CN
[DEBUG] https://openalex.org/I34949971 -> lat=None, lon=None, country=CN
[DEBUG] https://openalex.org/I145897649 -> lat=None, lon=None, country=CN
[DEBUG] https://openalex.org/I4210141164 -> lat=34.13374710083008, lon=-118.15283966064453, country=US
[DEBUG] https://openalex.org/I143032186 -> lat=32.81401824951172, lon=-96.94889068603516, country=US
[DEBUG] https://openalex.org/I4210158753 -> lat=43.601707458496094, lon=-116.35015106201172, country=US
[DEBUG] https://openalex.org/I4388482656 -> lat=None, lon=None, country=None
[DEBUG] https://openalex.org/I4210125554 -> lat=None, lon=None, country=AU
[DEBUG] https://openalex.org/I4210122683 -> lat=33.54307556152344, lon=-112.04583740234375, country=US
[DEBUG] https://openalex.org/I4210131827 -> lat=37.39671325683594, lon=-122.04869079589844, country=US
[DEBUG] https://openalex.org/I2799773085 -> lat=None, lon=None, country=CN
[DEBUG] https://openalex.org/I166182418 -> lat=None, lon=None, country=PL
[DEBUG] https://openalex.org/I121032520 -> lat=None, lon=None, country=PL
[DEBUG] https://openalex.org/I1330254920 -> lat=38.895572662353516, lon=-77.02877044677734, country=US
[DEBUG] https://openalex.org/I4210141417 -> lat=None, lon=None, country=IL
[DEBUG] https://openalex.org/I4210105789 -> lat=42.37321090698242, lon=-71.16500854492188, country=US
[DEBUG] https://openalex.org/I4210109746 -> lat=42.365516662597656, lon=-71.16089630126953, country=US
[DEBUG] https://openalex.org/I4210145268 -> lat=None, lon=None, country=BR
[DEBUG] https://openalex.org/I1743320 -> lat=37.38228225708008, lon=-122.18754577636719, country=US
[DEBUG] https://openalex.org/I4210138365 -> lat=None, lon=None, country=RU
[DEBUG] https://openalex.org/I4210161229 -> lat=None, lon=None, country=RU
[DEBUG] https://openalex.org/I190778170 -> lat=None, lon=None, country=GB
[DEBUG] https://openalex.org/I100066346 -> lat=None, lon=None, country=DE
[DEBUG] https://openalex.org/I93251985 -> lat=None, lon=None, country=RU
[DEBUG] https://openalex.org/I4210137706 -> lat=None, lon=None, country=RU
[DEBUG] https://openalex.org/I2802705668 -> lat=39.466861724853516, lon=-76.13066101074219, country=US
[DEBUG] https://openalex.org/I4210124538 -> lat=None, lon=None, country=RU
[DEBUG] https://openalex.org/I4210133231 -> lat=34.058624267578125, lon=-118.4445571899414, country=US
[DEBUG] https://openalex.org/I180923762 -> lat=None, lon=None, country=DE
[DEBUG] https://openalex.org/I200332995 -> lat=None, lon=None, country=DE
[DEBUG] https://openalex.org/I4210110850 -> lat=None, lon=None, country=DE
[DEBUG] https://openalex.org/I4210094797 -> lat=35.993412017822266, lon=-78.90620422363281, country=US
[DEBUG] https://openalex.org/I4210094353 -> lat=42.358428955078125, lon=-71.05976867675781, country=US
[DEBUG] https://openalex.org/I4210109592 -> lat=None, lon=None, country=SI
[DEBUG] https://openalex.org/I4210086614 -> lat=None, lon=None, country=ES
[DEBUG] https://openalex.org/I2802207673 -> lat=None, lon=None, country=GB
[DEBUG] https://openalex.org/I204442077 -> lat=None, lon=None, country=CA
[DEBUG] https://openalex.org/I1310053265 -> lat=None, lon=None, country=GB
[DEBUG] https://openalex.org/I4210113489 -> lat=None, lon=None, country=GB
[DEBUG] https://openalex.org/I1324925910 -> lat=None, lon=None, country=GB
[DEBUG] https://openalex.org/I2801196673 -> lat=None, lon=None, country=GB
[DEBUG] https://openalex.org/I200166805 -> lat=None, lon=None, country=GB
[DEBUG] https://openalex.org/I1306686416 -> lat=38.88101, lon=-77.10428, country=US
[DEBUG] https://openalex.org/I32003884 -> lat=None, lon=None, country=GB
[DEBUG] https://openalex.org/I148314036 -> lat=38.98067, lon=-77.10026, country=US
[DEBUG] https://openalex.org/I4210166427 -> lat=None, lon=None, country=FI
[DEBUG] https://openalex.org/I9927081 -> lat=None, lon=None, country=FI
[DEBUG] https://openalex.org/I4210148812 -> lat=None, lon=None, country=AU
[DEBUG] https://openalex.org/I22465464 -> lat=None, lon=None, country=DE
[DEBUG] https://openalex.org/I4210140816 -> lat=37.55855, lon=-122.27108, country=US
[DEBUG] https://openalex.org/I120156002 -> lat=43.61349868774414, lon=-116.20345306396484, country=US
[DEBUG] https://openalex.org/I273905872 -> lat=None, lon=None, country=AU
[DEBUG] https://openalex.org/I52792670 -> lat=44.85591125488281, lon=-93.22704315185547, country=US
[DEBUG] https://openalex.org/I175669267 -> lat=43.15478, lon=-77.61556, country=US
[DEBUG] https://openalex.org/I2609542403 -> lat=None, lon=None, country=FR
[DEBUG] https://openalex.org/I43579087 -> lat=43.03889846801758, lon=-87.9064712524414, country=US
[DEBUG] https://openalex.org/I4210161779 -> lat=None, lon=None, country=NO
[DEBUG] https://openalex.org/I188497080 -> lat=44.45830154418945, lon=-93.1615982055664, country=US
[DEBUG] https://openalex.org/I4210153832 -> lat=42.366973876953125, lon=-71.15776062011719, country=US
[DEBUG] https://openalex.org/I4210125417 -> lat=None, lon=None, country=GB
[DEBUG] https://openalex.org/I4210090215 -> lat=40.85957717895508, lon=-96.72636413574219, country=US
[DEBUG] https://openalex.org/I18014758 -> lat=None, lon=None, country=CA
[DEBUG] https://openalex.org/I138181692 -> lat=32.88532638549805, lon=-111.6773910522461, country=US
[DEBUG] https://openalex.org/I99041443 -> lat=33.45049, lon=-88.81961, country=US
[DEBUG] https://openalex.org/I4210164364 -> lat=None, lon=None, country=SK
[DEBUG] https://openalex.org/I4210135820 -> lat=47.79890060424805, lon=-122.20988464355469, country=US
[DEBUG] https://openalex.org/I82497590 -> lat=32.60986, lon=-85.48078, country=US
[DEBUG] https://openalex.org/I1341640284 -> lat=None, lon=None, country=NL
[DEBUG] https://openalex.org/I4210120272 -> lat=None, lon=None, country=GB
[DEBUG] https://openalex.org/I4210088792 -> lat=38.88101, lon=-77.10428, country=US
[DEBUG] https://openalex.org/I1304082316 -> lat=38.88101, lon=-77.10428, country=US
[DEBUG] https://openalex.org/I2801237587 -> lat=None, lon=None, country=GB
[DEBUG] https://openalex.org/I155671955 -> lat=None, lon=None, country=KR
[DEBUG] https://openalex.org/I2802835243 -> lat=33.48127746582031, lon=-112.04011535644531, country=US
[DEBUG] https://openalex.org/I1325886976 -> lat=None, lon=None, country=DE
[DEBUG] https://openalex.org/I4210121865 -> lat=29.42412, lon=-98.49363, country=US
[DEBUG] https://openalex.org/I4210147593 -> lat=29.45762062072754, lon=-98.41785430908203, country=US
[DEBUG] https://openalex.org/I1337719021 -> lat=None, lon=None, country=AU
[DEBUG] https://openalex.org/I1312537475 -> lat=38.99067, lon=-77.02609, country=US
[DEBUG] https://openalex.org/I2800363604 -> lat=38.98067, lon=-77.10026, country=US
[DEBUG] https://openalex.org/I865915315 -> lat=None, lon=None, country=NL
[DEBUG] https://openalex.org/I4210146449 -> lat=None, lon=None, country=GB
[DEBUG] https://openalex.org/I165779595 -> lat=None, lon=None, country=AU
[DEBUG] https://openalex.org/I1283197605 -> lat=None, lon=None, country=GB
[DEBUG] https://openalex.org/I2802258401 -> lat=None, lon=None, country=GB
[DEBUG] https://openalex.org/I72227227 -> lat=None, lon=None, country=UG
[DEBUG] https://openalex.org/I1304378839 -> lat=None, lon=None, country=CA
[DEBUG] https://openalex.org/I4210098920 -> lat=None, lon=None, country=AU
[DEBUG] https://openalex.org/I63533367 -> lat=32.7157096862793, lon=-117.16471862792969, country=US
[DEBUG] https://openalex.org/I112260969 -> lat=None, lon=None, country=CA
[DEBUG] https://openalex.org/I176790772 -> lat=None, lon=None, country=AU
[DEBUG] https://openalex.org/I90745801 -> lat=None, lon=None, country=AU
[DEBUG] https://openalex.org/I1319689352 -> lat=None, lon=None, country=CA
[DEBUG] https://openalex.org/I4210096371 -> lat=None, lon=None, country=AU
[DEBUG] https://openalex.org/I4210100473 -> lat=None, lon=None, country=GB
[DEBUG] https://openalex.org/I4210124779 -> lat=38.89511, lon=-77.03637, country=US
[DEBUG] https://openalex.org/I4210107964 -> lat=47.610103607177734, lon=-122.3426742553711, country=US
[DEBUG] https://openalex.org/I2801345345 -> lat=None, lon=None, country=IN
[DEBUG] https://openalex.org/I134560555 -> lat=None, lon=None, country=FR
[DEBUG] https://openalex.org/I4210109341 -> lat=25.619050979614258, lon=-80.38130950927734, country=US
[DEBUG] https://openalex.org/I4210094379 -> lat=32.783058166503906, lon=-96.80667114257812, country=US
[DEBUG] https://openalex.org/I72019824 -> lat=37.540340423583984, lon=-77.42915344238281, country=US
[DEBUG] https://openalex.org/I1327020802 -> lat=None, lon=None, country=CA
[DEBUG] https://openalex.org/I142066694 -> lat=37.39521026611328, lon=-121.92776489257812, country=US
[DEBUG] https://openalex.org/I4210148468 -> lat=None, lon=None, country=TW
[DEBUG] https://openalex.org/I4210104362 -> lat=None, lon=None, country=TW
[DEBUG] https://openalex.org/I16733864 -> lat=None, lon=None, country=TW
[DEBUG] https://openalex.org/I4210121274 -> lat=None, lon=None, country=MY
[DEBUG] https://openalex.org/I91807558 -> lat=None, lon=None, country=TW
[DEBUG] https://openalex.org/I4210158999 -> lat=None, lon=None, country=TW
[DEBUG] https://openalex.org/I4210138217 -> lat=None, lon=None, country=TW
[DEBUG] https://openalex.org/I4210133100 -> lat=34.18690490722656, lon=-118.1591796875, country=US
[DEBUG] https://openalex.org/I3020100970 -> lat=None, lon=None, country=TW
[DEBUG] https://openalex.org/I4210093734 -> lat=None, lon=None, country=TW
[DEBUG] https://openalex.org/I4210125221 -> lat=29.545597076416016, lon=-95.10346984863281, country=US
[DEBUG] https://openalex.org/I4210115163 -> lat=None, lon=None, country=CA
[DEBUG] https://openalex.org/I1287378978 -> lat=None, lon=None, country=CA
[DEBUG] https://openalex.org/I822440 -> lat=None, lon=None, country=CA
[DEBUG] https://openalex.org/I4210140999 -> lat=None, lon=None, country=AU
[DEBUG] https://openalex.org/I57053284 -> lat=43.0389, lon=-87.90647, country=US
[DEBUG] https://openalex.org/I151934421 -> lat=None, lon=None, country=CA
[DEBUG] https://openalex.org/I4210128534 -> lat=None, lon=None, country=CA
[DEBUG] https://openalex.org/I4210145537 -> lat=32.7960090637207, lon=-97.26231384277344, country=US
[DEBUG] https://openalex.org/I75929689 -> lat=41.71982, lon=-72.83204, country=US
[DEBUG] https://openalex.org/I2800296662 -> lat=None, lon=None, country=CA
[DEBUG] https://openalex.org/I2801463575 -> lat=29.96022605895996, lon=-90.08172607421875, country=US
[DEBUG] https://openalex.org/I193531525 -> lat=38.89511, lon=-77.03637, country=US
[DEBUG] https://openalex.org/I134386540 -> lat=30.44331932067871, lon=-91.18746948242188, country=US
[DEBUG] https://openalex.org/I1304157459 -> lat=38.89511, lon=-77.03637, country=US
[DEBUG] https://openalex.org/I126345244 -> lat=45.5234489440918, lon=-122.67620849609375, country=US
[DEBUG] https://openalex.org/I4210136277 -> lat=None, lon=None, country=JP
[DEBUG] https://openalex.org/I2800865746 -> lat=None, lon=None, country=JP
[DEBUG] https://openalex.org/I4210160746 -> lat=None, lon=None, country=JP
[DEBUG] https://openalex.org/I19648265 -> lat=39.758949279785156, lon=-84.19161224365234, country=US
[DEBUG] https://openalex.org/I1341618623 -> lat=38.895111083984375, lon=-77.03636932373047, country=US
[DEBUG] https://openalex.org/I103187081 -> lat=38.895111083984375, lon=-77.03636932373047, country=US
[DEBUG] https://openalex.org/I4210141636 -> lat=37.35411, lon=-121.95524, country=US
[DEBUG] https://openalex.org/I95574288 -> lat=32.52515, lon=-93.75018, country=US
[DEBUG] https://openalex.org/I153167508 -> lat=42.3814811706543, lon=-71.12806701660156, country=US
[DEBUG] https://openalex.org/I4210085909 -> lat=34.14855194091797, lon=-118.15248107910156, country=US
[DEBUG] https://openalex.org/I2801948628 -> lat=32.22174, lon=-110.92648, country=US
[DEBUG] https://openalex.org/I6289922 -> lat=None, lon=None, country=ES
[DEBUG] https://openalex.org/I4210166194 -> lat=None, lon=None, country=CN
[DEBUG] https://openalex.org/I1280414376 -> lat=39.81113052368164, lon=-84.05731201171875, country=US
[DEBUG] https://openalex.org/I4210113597 -> lat=39.718074798583984, lon=-84.02653503417969, country=US
[DEBUG] https://openalex.org/I4210090800 -> lat=37.2226448059082, lon=-121.98316955566406, country=US
[DEBUG] https://openalex.org/I4210108438 -> lat=None, lon=None, country=CN
[DEBUG] https://openalex.org/I2799950915 -> lat=39.81308364868164, lon=-84.05432891845703, country=US
[DEBUG] https://openalex.org/I4210126060 -> lat=None, lon=None, country=CN
[DEBUG] https://openalex.org/I182386381 -> lat=None, lon=None, country=CN
[DEBUG] https://openalex.org/I4210122310 -> lat=37.69890594482422, lon=-121.88277435302734, country=US
[DEBUG] https://openalex.org/I4210162190 -> lat=None, lon=None, country=CN
[DEBUG] https://openalex.org/I41198531 -> lat=None, lon=None, country=CN
[DEBUG] https://openalex.org/I4210097625 -> lat=None, lon=None, country=TW
[DEBUG] https://openalex.org/I4210133876 -> lat=None, lon=None, country=TW
[DEBUG] https://openalex.org/I153473198 -> lat=None, lon=None, country=CN
[DEBUG] https://openalex.org/I4210099523 -> lat=None, lon=None, country=QA
[DEBUG] https://openalex.org/I1320320070 -> lat=39.0352783203125, lon=-76.9830551147461, country=US
[DEBUG] https://openalex.org/I1285792802 -> lat=38.977378845214844, lon=-76.92539978027344, country=US
[DEBUG] https://openalex.org/I164389053 -> lat=40.714271545410156, lon=-74.00596618652344, country=US
[DEBUG] https://openalex.org/I186143895 -> lat=40.62593078613281, lon=-75.3704605102539, country=US
[DEBUG] https://openalex.org/I29801172 -> lat=36.98038101196289, lon=-76.42974853515625, country=US
[DEBUG] https://openalex.org/I177331275 -> lat=46.543540954589844, lon=-87.39541625976562, country=US
[DEBUG] https://openalex.org/I114112103 -> lat=None, lon=None, country=DE
[DEBUG] https://openalex.org/I141448028 -> lat=37.302101135253906, lon=-78.39193725585938, country=US
[DEBUG] https://openalex.org/I153976015 -> lat=None, lon=None, country=SI
[DEBUG] https://openalex.org/I686019 -> lat=None, lon=None, country=PL
[DEBUG] https://openalex.org/I4210162022 -> lat=None, lon=None, country=JP
[DEBUG] https://openalex.org/I204291657 -> lat=None, lon=None, country=JP
[DEBUG] https://openalex.org/I4210099818 -> lat=None, lon=None, country=UZ
[DEBUG] https://openalex.org/I2802599936 -> lat=30.52496337890625, lon=-91.19454193115234, country=US
[DEBUG] https://openalex.org/I149910238 -> lat=41.14641189575195, lon=-81.34174346923828, country=US
[DEBUG] https://openalex.org/I151328261 -> lat=37.02199935913086, lon=-76.33599853515625, country=US
[DEBUG] https://openalex.org/I109602878 -> lat=None, lon=None, country=RU
[DEBUG] https://openalex.org/I145610796 -> lat=30.44331932067871, lon=-91.18746948242188, country=US
[DEBUG] https://openalex.org/I186579796 -> lat=None, lon=None, country=RU
[DEBUG] https://openalex.org/I2800204061 -> lat=30.524673461914062, lon=-91.19003295898438, country=US
[DEBUG] https://openalex.org/I269199756 -> lat=None, lon=None, country=RU
[DEBUG] https://openalex.org/I4210106918 -> lat=None, lon=None, country=PL
[DEBUG] https://openalex.org/I159176309 -> lat=None, lon=None, country=DE
[DEBUG] https://openalex.org/I19880235 -> lat=None, lon=None, country=RU
[DEBUG] https://openalex.org/I4210160382 -> lat=None, lon=None, country=IT
[DEBUG] https://openalex.org/I207014233 -> lat=None, lon=None, country=JP
[DEBUG] https://openalex.org/I108290504 -> lat=None, lon=None, country=IT
[DEBUG] https://openalex.org/I4210115644 -> lat=None, lon=None, country=CN
[DEBUG] https://openalex.org/I15089104 -> lat=None, lon=None, country=CN
[DEBUG] https://openalex.org/I4210091692 -> lat=None, lon=None, country=CN
[DEBUG] https://openalex.org/I11406153 -> lat=None, lon=None, country=CN
[DEBUG] https://openalex.org/I4210160507 -> lat=None, lon=None, country=CN
[DEBUG] https://openalex.org/I4210117947 -> lat=None, lon=None, country=CN
[DEBUG] https://openalex.org/I308582824 -> lat=33.2143669128418, lon=-92.66144561767578, country=US
[DEBUG] https://openalex.org/I4210154689 -> lat=39.14918518066406, lon=-84.44409942626953, country=US
[DEBUG] https://openalex.org/I143663144 -> lat=37.386051177978516, lon=-122.08384704589844, country=US
[DEBUG] https://openalex.org/I4210086248 -> lat=None, lon=None, country=CN
[DEBUG] https://openalex.org/I4210104539 -> lat=None, lon=None, country=CN
[DEBUG] https://openalex.org/I4210149412 -> lat=None, lon=None, country=CN
[DEBUG] https://openalex.org/I3018397418 -> lat=None, lon=None, country=CN
[DEBUG] https://openalex.org/I4210144081 -> lat=29.357070922851562, lon=-98.52104949951172, country=US
[DEBUG] https://openalex.org/I4210162420 -> lat=None, lon=None, country=CN
[DEBUG] https://openalex.org/I70931966 -> lat=None, lon=None, country=CA
[DEBUG] https://openalex.org/I4385474403 -> lat=None, lon=None, country=None
[DEBUG] https://openalex.org/I4210147103 -> lat=None, lon=None, country=CN
[DEBUG] https://openalex.org/I4210149496 -> lat=None, lon=None, country=CN
[DEBUG] https://openalex.org/I4210133534 -> lat=None, lon=None, country=CN
[DEBUG] https://openalex.org/I106165777 -> lat=28.53834, lon=-81.37924, country=US
[DEBUG] https://openalex.org/I4210091424 -> lat=42.28342819213867, lon=-71.34950256347656, country=US
[DEBUG] https://openalex.org/I4210165842 -> lat=None, lon=None, country=JP
[DEBUG] https://openalex.org/I4210110163 -> lat=None, lon=None, country=JP
[DEBUG] https://openalex.org/I4210147624 -> lat=None, lon=None, country=JP
[DEBUG] https://openalex.org/I4210110999 -> lat=40.74568176269531, lon=-73.99420166015625, country=US
[DEBUG] https://openalex.org/I4390039236 -> lat=None, lon=None, country=None
[DEBUG] https://openalex.org/I4210155461 -> lat=41.305484771728516, lon=-72.93694305419922, country=US
[DEBUG] https://openalex.org/I1292894508 -> lat=42.886451721191406, lon=-78.87837219238281, country=US
[DEBUG] https://openalex.org/I2800373718 -> lat=None, lon=None, country=GB
[DEBUG] https://openalex.org/I4210133061 -> lat=37.368831634521484, lon=-122.03634643554688, country=US
[DEBUG] https://openalex.org/I4210147479 -> lat=None, lon=None, country=GB
[DEBUG] https://openalex.org/I4210156700 -> lat=None, lon=None, country=DE
[DEBUG] https://openalex.org/I900200035 -> lat=40.8539924621582, lon=-74.37796783447266, country=US
[DEBUG] https://openalex.org/I4390039371 -> lat=None, lon=None, country=None
[DEBUG] https://openalex.org/I4210118023 -> lat=39.160926818847656, lon=-77.23016357421875, country=US
[DEBUG] https://openalex.org/I4210147079 -> lat=None, lon=None, country=CA
[DEBUG] https://openalex.org/I4210152550 -> lat=39.08399963378906, lon=-77.15276336669922, country=US
[DEBUG] https://openalex.org/I2799886695 -> lat=38.90072250366211, lon=-77.03477478027344, country=US
[DEBUG] https://openalex.org/I4210146865 -> lat=36.115570068359375, lon=-115.12306213378906, country=US
[DEBUG] https://openalex.org/I2801508603 -> lat=42.37480163574219, lon=-71.10479736328125, country=US
[DEBUG] https://openalex.org/I1320473756 -> lat=None, lon=None, country=AU
[DEBUG] https://openalex.org/I28792581 -> lat=43.15478, lon=-77.61556, country=US
[DEBUG] https://openalex.org/I4210135742 -> lat=None, lon=None, country=CN
[DEBUG] https://openalex.org/I4210119077 -> lat=41.50779342651367, lon=-81.60609436035156, country=US
[DEBUG] https://openalex.org/I2801159745 -> lat=40.760780334472656, lon=-111.89105224609375, country=US
[DEBUG] https://openalex.org/I4210102777 -> lat=38.248966217041016, lon=-85.7511978149414, country=US
[DEBUG] https://openalex.org/I1299725459 -> lat=38.62726974487305, lon=-90.19789123535156, country=US
[DEBUG] https://openalex.org/I4210134151 -> lat=39.72943115234375, lon=-104.83191680908203, country=US
[DEBUG] https://openalex.org/I189957204 -> lat=42.77944, lon=-96.92921, country=US
[DEBUG] https://openalex.org/I4210154584 -> lat=42.28342819213867, lon=-71.23282623291016, country=US
[DEBUG] https://openalex.org/I137982388 -> lat=None, lon=None, country=BE
[DEBUG] https://openalex.org/I2801680663 -> lat=None, lon=None, country=KR
[DEBUG] https://openalex.org/I116631150 -> lat=None, lon=None, country=KR
[DEBUG] https://openalex.org/I40542001 -> lat=None, lon=None, country=KR
[DEBUG] https://openalex.org/I196021976 -> lat=None, lon=None, country=AU
[DEBUG] https://openalex.org/I14285509 -> lat=39.29037857055664, lon=-76.61219024658203, country=US
[DEBUG] https://openalex.org/I150468666 -> lat=33.749000549316406, lon=-84.38797760009766, country=US
[DEBUG] https://openalex.org/I4210164563 -> lat=38.95724105834961, lon=-92.29008483886719, country=US
[DEBUG] https://openalex.org/I907135538 -> lat=None, lon=None, country=NL
[DEBUG] https://openalex.org/I4210148371 -> lat=None, lon=None, country=DE
[DEBUG] https://openalex.org/I4210113355 -> lat=None, lon=None, country=MX
[DEBUG] https://openalex.org/I4210111403 -> lat=42.26258850097656, lon=-71.80229187011719, country=US
[DEBUG] https://openalex.org/I4210108348 -> lat=None, lon=None, country=NL
[DEBUG] https://openalex.org/I3131873961 -> lat=None, lon=None, country=IL
[DEBUG] https://openalex.org/I1325846038 -> lat=None, lon=None, country=GB
[DEBUG] https://openalex.org/I4210121186 -> lat=None, lon=None, country=GB
[DEBUG] https://openalex.org/I156545559 -> lat=None, lon=None, country=GB
[DEBUG] https://openalex.org/I4210108727 -> lat=None, lon=None, country=BG
[DEBUG] https://openalex.org/I72054575 -> lat=None, lon=None, country=GB
[DEBUG] https://openalex.org/I2801350665 -> lat=None, lon=None, country=AU
[DEBUG] https://openalex.org/I4210088018 -> lat=37.77492904663086, lon=-122.41941833496094, country=US
[DEBUG] https://openalex.org/I192358263 -> lat=None, lon=None, country=SY
[DEBUG] https://openalex.org/I4210133025 -> lat=41.810279846191406, lon=-71.41088104248047, country=US
[DEBUG] https://openalex.org/I4210143601 -> lat=42.151893615722656, lon=-87.80496215820312, country=US
[DEBUG] https://openalex.org/I159060422 -> lat=38.88100814819336, lon=-77.10427856445312, country=US
[DEBUG] https://openalex.org/I1287521167 -> lat=38.98067092895508, lon=-77.10025787353516, country=US
[DEBUG] https://openalex.org/I2800863004 -> lat=None, lon=None, country=GB
[DEBUG] https://openalex.org/I4210094962 -> lat=None, lon=None, country=GB
[DEBUG] https://openalex.org/I4210139716 -> lat=None, lon=None, country=DE
[DEBUG] https://openalex.org/I4210119278 -> lat=None, lon=None, country=FI
[DEBUG] https://openalex.org/I47367911 -> lat=None, lon=None, country=GB
[DEBUG] https://openalex.org/I186523950 -> lat=41.07861328125, lon=-73.82343292236328, country=US
[DEBUG] https://openalex.org/I4210160979 -> lat=32.87477111816406, lon=-117.21337127685547, country=US
[DEBUG] https://openalex.org/I107672454 -> lat=43.70229, lon=-72.28954, country=US
[DEBUG] https://openalex.org/I4210087491 -> lat=None, lon=None, country=TW
[DEBUG] https://openalex.org/I4210140009 -> lat=None, lon=None, country=TW
[DEBUG] https://openalex.org/I89178830 -> lat=None, lon=None, country=TW
[DEBUG] https://openalex.org/I4210139016 -> lat=41.753177642822266, lon=-87.90801239013672, country=US
[DEBUG] https://openalex.org/I4210127373 -> lat=42.28184127807617, lon=-89.66837310791016, country=US
[DEBUG] https://openalex.org/I168416876 -> lat=39.033119201660156, lon=-84.45188903808594, country=US
[DEBUG] https://openalex.org/I4210133462 -> lat=None, lon=None, country=GB
[DEBUG] https://openalex.org/I63072094 -> lat=None, lon=None, country=GB
[DEBUG] https://openalex.org/I16835326 -> lat=None, lon=None, country=GB
[DEBUG] https://openalex.org/I113409471 -> lat=None, lon=None, country=KR
[DEBUG] https://openalex.org/I2802287952 -> lat=38.895111083984375, lon=-77.03636932373047, country=US
[DEBUG] https://openalex.org/I204824540 -> lat=None, lon=None, country=AU
[DEBUG] https://openalex.org/I4210132214 -> lat=None, lon=None, country=KR
[DEBUG] https://openalex.org/I4210131650 -> lat=None, lon=None, country=KR
[DEBUG] https://openalex.org/I28721439 -> lat=38.89511, lon=-77.03637, country=US
[DEBUG] https://openalex.org/I4210109772 -> lat=None, lon=None, country=KR
[DEBUG] https://openalex.org/I4210107733 -> lat=None, lon=None, country=FR
[DEBUG] https://openalex.org/I4210160189 -> lat=None, lon=None, country=FR
[DEBUG] https://openalex.org/I20783137 -> lat=None, lon=None, country=JP
[DEBUG] https://openalex.org/I96636082 -> lat=None, lon=None, country=JP
[DEBUG] https://openalex.org/I4210106602 -> lat=None, lon=None, country=JP
[DEBUG] https://openalex.org/I98285908 -> lat=None, lon=None, country=JP
[DEBUG] https://openalex.org/I1292669757 -> lat=None, lon=None, country=JP
[DEBUG] https://openalex.org/I10091056 -> lat=None, lon=None, country=JP
[DEBUG] https://openalex.org/I169016828 -> lat=None, lon=None, country=JP
[DEBUG] https://openalex.org/I14314212 -> lat=None, lon=None, country=JP
[DEBUG] https://openalex.org/I4210111835 -> lat=None, lon=None, country=JP
[DEBUG] https://openalex.org/I165085132 -> lat=None, lon=None, country=JP
[DEBUG] https://openalex.org/I43777268 -> lat=None, lon=None, country=JP
[DEBUG] https://openalex.org/I11381156 -> lat=None, lon=None, country=JP
[DEBUG] https://openalex.org/I1283155146 -> lat=None, lon=None, country=JP
[DEBUG] https://openalex.org/I4210146677 -> lat=None, lon=None, country=JP
[DEBUG] https://openalex.org/I113198587 -> lat=None, lon=None, country=JP
[DEBUG] https://openalex.org/I122146667 -> lat=None, lon=None, country=JP
[DEBUG] https://openalex.org/I189513530 -> lat=None, lon=None, country=JP
[DEBUG] https://openalex.org/I4210129581 -> lat=None, lon=None, country=JP
[DEBUG] https://openalex.org/I4210130188 -> lat=None, lon=None, country=JP
[DEBUG] https://openalex.org/I4210092228 -> lat=None, lon=None, country=JP
[DEBUG] https://openalex.org/I4210127366 -> lat=None, lon=None, country=KR
[DEBUG] https://openalex.org/I2252096349 -> lat=None, lon=None, country=JP
[DEBUG] https://openalex.org/I177436981 -> lat=None, lon=None, country=JP
[DEBUG] https://openalex.org/I145847075 -> lat=None, lon=None, country=AT
[DEBUG] https://openalex.org/I4210160831 -> lat=None, lon=None, country=IT
[DEBUG] https://openalex.org/I2800440370 -> lat=42.08745574951172, lon=-70.99116516113281, country=US
[DEBUG] https://openalex.org/I227586296 -> lat=38.81593704223633, lon=-77.0403823852539, country=US
[DEBUG] https://openalex.org/I4210160639 -> lat=33.95447540283203, lon=-84.2286605834961, country=US
[DEBUG] https://openalex.org/I4210116966 -> lat=None, lon=None, country=RU
[DEBUG] https://openalex.org/I4210149455 -> lat=None, lon=None, country=RU
[DEBUG] https://openalex.org/I3019562804 -> lat=40.77726745605469, lon=-74.4271469116211, country=US
[DEBUG] https://openalex.org/I4210137003 -> lat=None, lon=None, country=BE
[DEBUG] https://openalex.org/I4396570585 -> lat=None, lon=None, country=None
[DEBUG] https://openalex.org/I114662689 -> lat=38.968719482421875, lon=-77.34110260009766, country=US
[DEBUG] https://openalex.org/I4210134858 -> lat=42.562259674072266, lon=-70.88697052001953, country=US
[DEBUG] https://openalex.org/I43545212 -> lat=None, lon=None, country=JP
[DEBUG] https://openalex.org/I4210085935 -> lat=37.21099853515625, lon=-121.80500030517578, country=US
[DEBUG] https://openalex.org/I60668342 -> lat=None, lon=None, country=DE
[DEBUG] https://openalex.org/I4210111545 -> lat=None, lon=None, country=GB
[DEBUG] https://openalex.org/I1289784979 -> lat=None, lon=None, country=GB
[DEBUG] https://openalex.org/I4210113869 -> lat=29.703414916992188, lon=-95.55077362060547, country=US
[DEBUG] https://openalex.org/I132943300 -> lat=33.749000549316406, lon=-84.38797760009766, country=US
[DEBUG] https://openalex.org/I177855293 -> lat=36.77288818359375, lon=-81.83622741699219, country=US
[DEBUG] https://openalex.org/I4210095072 -> lat=44.9442253112793, lon=-93.10612487792969, country=US
[DEBUG] https://openalex.org/I4210136609 -> lat=39.71681594848633, lon=-105.1293716430664, country=US
[DEBUG] https://openalex.org/I4210152539 -> lat=33.80214309692383, lon=-84.31150817871094, country=US
[DEBUG] https://openalex.org/I157536573 -> lat=None, lon=None, country=FR
[DEBUG] https://openalex.org/I4210105047 -> lat=29.954317092895508, lon=-90.07371520996094, country=US
[DEBUG] https://openalex.org/I4210135252 -> lat=44.97148513793945, lon=-93.2320556640625, country=US
[DEBUG] https://openalex.org/I2802517405 -> lat=None, lon=None, country=SA
[DEBUG] https://openalex.org/I926333354 -> lat=34.116119384765625, lon=-118.15035247802734, country=US
[DEBUG] https://openalex.org/I1313298211 -> lat=35.14952850341797, lon=-90.04898071289062, country=US
[DEBUG] https://openalex.org/I27897274 -> lat=None, lon=None, country=IT
[DEBUG] https://openalex.org/I4392738091 -> lat=None, lon=None, country=None
[DEBUG] https://openalex.org/I4210123531 -> lat=None, lon=None, country=JP
[DEBUG] https://openalex.org/I4210092916 -> lat=33.798423767089844, lon=-84.36939239501953, country=US
[DEBUG] https://openalex.org/I158960842 -> lat=39.714111328125, lon=-105.09568786621094, country=US
[DEBUG] https://openalex.org/I1340179700 -> lat=40.714271545410156, lon=-74.00596618652344, country=US
[DEBUG] https://openalex.org/I4210101327 -> lat=44.886329650878906, lon=-93.33179473876953, country=US
[DEBUG] https://openalex.org/I2948663404 -> lat=42.36115264892578, lon=-71.56156158447266, country=US
[DEBUG] https://openalex.org/I4210159747 -> lat=35.06853485107422, lon=-89.84467315673828, country=US
[DEBUG] https://openalex.org/I4210129097 -> lat=33.798370361328125, lon=-84.32722473144531, country=US
[DEBUG] https://openalex.org/I4387153466 -> lat=40.71427, lon=-74.00597, country=US
[DEBUG] https://openalex.org/I4210108215 -> lat=34.05280685424805, lon=-118.4526138305664, country=US
[DEBUG] https://openalex.org/I4210156876 -> lat=34.05223083496094, lon=-118.24368286132812, country=US
[DEBUG] https://openalex.org/I4210137392 -> lat=None, lon=None, country=IN
[DEBUG] https://openalex.org/I135234465 -> lat=None, lon=None, country=IN
[DEBUG] https://openalex.org/I59270414 -> lat=None, lon=None, country=IN
[DEBUG] https://openalex.org/I4210134534 -> lat=38.98067092895508, lon=-77.10025787353516, country=US
[DEBUG] https://openalex.org/I4210152642 -> lat=42.57508850097656, lon=-70.9300537109375, country=US
[DEBUG] https://openalex.org/I4210145631 -> lat=41.53460693359375, lon=-90.52002716064453, country=US
[DEBUG] https://openalex.org/I27945538 -> lat=None, lon=None, country=AT
[DEBUG] https://openalex.org/I2800451603 -> lat=None, lon=None, country=DE
[DEBUG] https://openalex.org/I4210140103 -> lat=32.90016174316406, lon=-96.9599380493164, country=US
[DEBUG] https://openalex.org/I2801834177 -> lat=None, lon=None, country=TW
[DEBUG] https://openalex.org/I4210140517 -> lat=47.66608428955078, lon=-122.31350708007812, country=US
[DEBUG] https://openalex.org/I183570559 -> lat=None, lon=None, country=TW
[DEBUG] https://openalex.org/I16452829 -> lat=30.26715087890625, lon=-97.74305725097656, country=US
[DEBUG] https://openalex.org/I42766147 -> lat=None, lon=None, country=JP
[DEBUG] https://openalex.org/I8488066 -> lat=None, lon=None, country=JP
[DEBUG] https://openalex.org/I4210112098 -> lat=32.83356475830078, lon=-117.27500915527344, country=US
[DEBUG] https://openalex.org/I4210150894 -> lat=32.78306, lon=-96.80667, country=US
[DEBUG] https://openalex.org/I160856358 -> lat=32.7157096862793, lon=-117.16471862792969, country=US
[DEBUG] https://openalex.org/I4210088771 -> lat=None, lon=None, country=RU
[DEBUG] https://openalex.org/I4210154315 -> lat=None, lon=None, country=PL
[DEBUG] https://openalex.org/I63723201 -> lat=None, lon=None, country=CA
[DEBUG] https://openalex.org/I32625721 -> lat=None, lon=None, country=CA
[DEBUG] https://openalex.org/I69816183 -> lat=None, lon=None, country=CA
[DEBUG] https://openalex.org/I98635879 -> lat=None, lon=None, country=LB
[DEBUG] https://openalex.org/I4210153295 -> lat=30.267248153686523, lon=-97.74303436279297, country=US
[DEBUG] https://openalex.org/I13383945 -> lat=37.45383071899414, lon=-122.18218994140625, country=US
[DEBUG] https://openalex.org/I4210093580 -> lat=None, lon=None, country=None
[DEBUG] https://openalex.org/I4210107338 -> lat=40.714271545410156, lon=-74.00596618652344, country=US
[DEBUG] https://openalex.org/I124727415 -> lat=44.7989501953125, lon=-91.49934387207031, country=US
[DEBUG] https://openalex.org/I4210155085 -> lat=34.151145935058594, lon=-117.9969253540039, country=US
[DEBUG] https://openalex.org/I98172049 -> lat=None, lon=None, country=FR
[DEBUG] https://openalex.org/I4210147830 -> lat=38.846405029296875, lon=-76.08123779296875, country=US
[DEBUG] https://openalex.org/I89004649 -> lat=None, lon=None, country=KR
[DEBUG] https://openalex.org/I4210093431 -> lat=None, lon=None, country=KR
[DEBUG] https://openalex.org/I197867492 -> lat=None, lon=None, country=KR
[DEBUG] https://openalex.org/I188068037 -> lat=None, lon=None, country=KR
[DEBUG] https://openalex.org/I83202590 -> lat=None, lon=None, country=KR
[DEBUG] https://openalex.org/I4210128618 -> lat=39.11417007446289, lon=-94.62745666503906, country=US
[DEBUG] https://openalex.org/I4210097601 -> lat=39.0997314453125, lon=-94.57856750488281, country=US
[DEBUG] https://openalex.org/I161370692 -> lat=None, lon=None, country=IN
[DEBUG] https://openalex.org/I4210161010 -> lat=None, lon=None, country=IN
[DEBUG] https://openalex.org/I91357014 -> lat=None, lon=None, country=IN
[DEBUG] https://openalex.org/I174216632 -> lat=40.71427, lon=-74.00597, country=US
[DEBUG] https://openalex.org/I83041322 -> lat=40.63104248046875, lon=-73.95445251464844, country=US
[DEBUG] https://openalex.org/I188891513 -> lat=32.90142059326172, lon=-117.24195861816406, country=US
[DEBUG] https://openalex.org/I2799424032 -> lat=47.60620880126953, lon=-122.33206939697266, country=US
[DEBUG] https://openalex.org/I51317819 -> lat=None, lon=None, country=IN
[DEBUG] https://openalex.org/I4210085920 -> lat=None, lon=None, country=CN
[DEBUG] https://openalex.org/I4210101049 -> lat=32.879295349121094, lon=-96.76648712158203, country=US
[DEBUG] https://openalex.org/I55285296 -> lat=None, lon=None, country=MY
[DEBUG] https://openalex.org/I155043079 -> lat=None, lon=None, country=MY
[DEBUG] https://openalex.org/I4210134189 -> lat=None, lon=None, country=MY
[DEBUG] https://openalex.org/I4210167254 -> lat=None, lon=None, country=SG
[DEBUG] https://openalex.org/I87424562 -> lat=42.44063186645508, lon=-76.49661254882812, country=US
[DEBUG] https://openalex.org/I139322472 -> lat=None, lon=None, country=MY
[DEBUG] https://openalex.org/I87208437 -> lat=36.1522216796875, lon=-95.9463882446289, country=US
[DEBUG] https://openalex.org/I4210140826 -> lat=39.9523811340332, lon=-75.16361999511719, country=US
[DEBUG] https://openalex.org/I91993116 -> lat=None, lon=None, country=BE
[DEBUG] https://openalex.org/I4210132567 -> lat=None, lon=None, country=DE
[DEBUG] https://openalex.org/I4210104429 -> lat=40.760650634765625, lon=-73.96905517578125, country=US
[DEBUG] https://openalex.org/I4210110767 -> lat=39.00382614135742, lon=-77.10118103027344, country=US
[DEBUG] https://openalex.org/I76766440 -> lat=37.77492904663086, lon=-122.41941833496094, country=US
[DEBUG] https://openalex.org/I2801339483 -> lat=34.05223083496094, lon=-118.24368286132812, country=US
[DEBUG] https://openalex.org/I32389192 -> lat=33.52066, lon=-86.80249, country=US
[DEBUG] https://openalex.org/I1303662053 -> lat=32.37912368774414, lon=-86.30571746826172, country=US
[DEBUG] https://openalex.org/I4210110664 -> lat=37.763240814208984, lon=-122.45826721191406, country=US
[DEBUG] https://openalex.org/I28290843 -> lat=None, lon=None, country=GB
[DEBUG] https://openalex.org/I205274468 -> lat=None, lon=None, country=IE
[DEBUG] https://openalex.org/I4210128733 -> lat=None, lon=None, country=CA
[DEBUG] https://openalex.org/I4210108547 -> lat=30.423810958862305, lon=-97.7479476928711, country=US
[DEBUG] https://openalex.org/I2802107665 -> lat=39.798439025878906, lon=-86.10477447509766, country=US
[DEBUG] https://openalex.org/I8031829 -> lat=40.714271545410156, lon=-74.00596618652344, country=US
[DEBUG] https://openalex.org/I81726945 -> lat=39.41535186767578, lon=-81.45484161376953, country=US
[DEBUG] https://openalex.org/I2799795989 -> lat=40.74633026123047, lon=-73.98246765136719, country=US
[DEBUG] https://openalex.org/I4210093566 -> lat=None, lon=None, country=NL
[DEBUG] https://openalex.org/I4210097602 -> lat=None, lon=None, country=CH
[DEBUG] https://openalex.org/I198412221 -> lat=None, lon=None, country=HU
[DEBUG] https://openalex.org/I4210148700 -> lat=None, lon=None, country=IT
[DEBUG] https://openalex.org/I4210088657 -> lat=None, lon=None, country=CH
[DEBUG] https://openalex.org/I39343248 -> lat=None, lon=None, country=DE
[DEBUG] https://openalex.org/I4210156156 -> lat=38.50782012939453, lon=-77.30919647216797, country=US
[DEBUG] https://openalex.org/I192389796 -> lat=40.86652, lon=-124.08284, country=US
[DEBUG] https://openalex.org/I4210163778 -> lat=None, lon=None, country=IT
[DEBUG] https://openalex.org/I4210133295 -> lat=None, lon=None, country=IT
[DEBUG] https://openalex.org/I45084792 -> lat=None, lon=None, country=IT
[DEBUG] https://openalex.org/I174004417 -> lat=None, lon=None, country=DE
[DEBUG] https://openalex.org/I4210098902 -> lat=None, lon=None, country=FR
[DEBUG] https://openalex.org/I75951250 -> lat=None, lon=None, country=DE
[DEBUG] https://openalex.org/I4210103661 -> lat=None, lon=None, country=DE
[DEBUG] https://openalex.org/I4210089019 -> lat=None, lon=None, country=DE
[DEBUG] https://openalex.org/I112936343 -> lat=None, lon=None, country=FR
[DEBUG] https://openalex.org/I4210100761 -> lat=None, lon=None, country=FR
[DEBUG] https://openalex.org/I154490720 -> lat=None, lon=None, country=FR
[DEBUG] https://openalex.org/I4210111246 -> lat=None, lon=None, country=FR
[DEBUG] https://openalex.org/I43406934 -> lat=None, lon=None, country=CA
[DEBUG] https://openalex.org/I4210126479 -> lat=None, lon=None, country=FR
[DEBUG] https://openalex.org/I94509681 -> lat=None, lon=None, country=DE
[DEBUG] https://openalex.org/I132053463 -> lat=None, lon=None, country=BE
[DEBUG] https://openalex.org/I4210128585 -> lat=33.983558654785156, lon=-118.45889282226562, country=US
[DEBUG] https://openalex.org/I4210104335 -> lat=None, lon=None, country=KR
[DEBUG] https://openalex.org/I163753206 -> lat=None, lon=None, country=KR
[DEBUG] https://openalex.org/I4210164985 -> lat=None, lon=None, country=KR
[DEBUG] https://openalex.org/I4210157240 -> lat=None, lon=None, country=GB
[DEBUG] https://openalex.org/I4210158545 -> lat=38.58189010620117, lon=-90.40449523925781, country=US
[DEBUG] https://openalex.org/I92446798 -> lat=40.58526, lon=-105.08442, country=US
[DEBUG] https://openalex.org/I4210102836 -> lat=39.17031478881836, lon=-86.53671264648438, country=US
[DEBUG] https://openalex.org/I4210165514 -> lat=None, lon=None, country=RU
[DEBUG] https://openalex.org/I4210099236 -> lat=None, lon=None, country=CA
[DEBUG] https://openalex.org/I4210133125 -> lat=None, lon=None, country=JP
[DEBUG] https://openalex.org/I39854257 -> lat=None, lon=None, country=DE
[DEBUG] https://openalex.org/I4210120929 -> lat=None, lon=None, country=CN
[DEBUG] https://openalex.org/I4210103346 -> lat=None, lon=None, country=CN
[DEBUG] https://openalex.org/I4391768043 -> lat=None, lon=None, country=None
[DEBUG] https://openalex.org/I4210117220 -> lat=None, lon=None, country=PA
[DEBUG] https://openalex.org/I4210151747 -> lat=41.81587600708008, lon=-71.41004180908203, country=US
[DEBUG] https://openalex.org/I159948400 -> lat=None, lon=None, country=CN
[DEBUG] https://openalex.org/I4210159575 -> lat=None, lon=None, country=CN
[DEBUG] https://openalex.org/I4400573316 -> lat=None, lon=None, country=None
[DEBUG] https://openalex.org/I4210132950 -> lat=None, lon=None, country=CN
[DEBUG] https://openalex.org/I4210127390 -> lat=None, lon=None, country=CN
[DEBUG] https://openalex.org/I4210166971 -> lat=None, lon=None, country=CN
[DEBUG] https://openalex.org/I867306930 -> lat=None, lon=None, country=IN
[DEBUG] https://openalex.org/I4210089761 -> lat=None, lon=None, country=CN
[DEBUG] https://openalex.org/I4210126592 -> lat=37.60884475708008, lon=-77.52671813964844, country=US
[DEBUG] https://openalex.org/I184759092 -> lat=40.68843078613281, lon=-75.22073364257812, country=US
[DEBUG] https://openalex.org/I1341202592 -> lat=42.7319221496582, lon=-84.55936431884766, country=US
[DEBUG] https://openalex.org/I208333798 -> lat=38.62726974487305, lon=-90.19789123535156, country=US
[DEBUG] https://openalex.org/I4210090916 -> lat=42.41524124145508, lon=-71.0772933959961, country=US
[DEBUG] https://openalex.org/I4388891856 -> lat=None, lon=None, country=None
[DEBUG] https://openalex.org/I4210094042 -> lat=None, lon=None, country=DE
[DEBUG] https://openalex.org/I149290949 -> lat=42.35626983642578, lon=-71.05689239501953, country=US
[DEBUG] https://openalex.org/I4210155857 -> lat=39.3460693359375, lon=-77.88163757324219, country=US
[DEBUG] https://openalex.org/I223919290 -> lat=43.68158721923828, lon=-92.96781921386719, country=US
[DEBUG] https://openalex.org/I4210119062 -> lat=None, lon=None, country=IN
[DEBUG] https://openalex.org/I4210112983 -> lat=None, lon=None, country=None
[DEBUG] https://openalex.org/I4210119687 -> lat=42.06555938720703, lon=-87.68434143066406, country=US
[DEBUG] https://openalex.org/I4210100400 -> lat=None, lon=None, country=PH
[DEBUG] https://openalex.org/I4210087539 -> lat=42.056880950927734, lon=-87.67448425292969, country=US
[DEBUG] https://openalex.org/I4391767719 -> lat=None, lon=None, country=None
[DEBUG] https://openalex.org/I19370010 -> lat=None, lon=None, country=FR
[DEBUG] https://openalex.org/I4210135817 -> lat=None, lon=None, country=FR
[DEBUG] https://openalex.org/I27483092 -> lat=None, lon=None, country=IT
[DEBUG] https://openalex.org/I10902133 -> lat=None, lon=None, country=ES
[DEBUG] https://openalex.org/I82767444 -> lat=None, lon=None, country=ES
[DEBUG] https://openalex.org/I4210095073 -> lat=None, lon=None, country=ZA
[DEBUG] https://openalex.org/I4210145824 -> lat=None, lon=None, country=IN
[DEBUG] https://openalex.org/I205924995 -> lat=None, lon=None, country=JP
[DEBUG] https://openalex.org/I137975476 -> lat=None, lon=None, country=JP
[DEBUG] https://openalex.org/I192545095 -> lat=41.39148, lon=-73.95597, country=US
[DEBUG] https://openalex.org/I4210096597 -> lat=None, lon=None, country=JP
[DEBUG] https://openalex.org/I4210151307 -> lat=41.10931396484375, lon=-73.8634033203125, country=US
[DEBUG] https://openalex.org/I44619346 -> lat=41.82398986816406, lon=-71.41282653808594, country=US
[DEBUG] https://openalex.org/I4210165210 -> lat=None, lon=None, country=PE
[DEBUG] https://openalex.org/I4210166615 -> lat=None, lon=None, country=PT
[DEBUG] https://openalex.org/I1294504835 -> lat=34.683868408203125, lon=-86.64763641357422, country=US
[DEBUG] https://openalex.org/I4657992 -> lat=43.815574645996094, lon=-91.2335205078125, country=US
[DEBUG] https://openalex.org/I4210105500 -> lat=34.4320182800293, lon=-119.70250701904297, country=US
[DEBUG] https://openalex.org/I4210117222 -> lat=38.88100814819336, lon=-77.10427856445312, country=US
[DEBUG] https://openalex.org/I1329765538 -> lat=39.240379333496094, lon=-76.83941650390625, country=US
[DEBUG] https://openalex.org/I4210130687 -> lat=34.449337005615234, lon=-119.8105697631836, country=US
[DEBUG] https://openalex.org/I66867065 -> lat=None, lon=None, country=CN
[DEBUG] https://openalex.org/I4210142748 -> lat=None, lon=None, country=CN
[DEBUG] https://openalex.org/I152269853 -> lat=None, lon=None, country=CN
[DEBUG] https://openalex.org/I37796252 -> lat=None, lon=None, country=CN
[DEBUG] https://openalex.org/I15823474 -> lat=None, lon=None, country=CN
[DEBUG] https://openalex.org/I4210139958 -> lat=None, lon=None, country=CN
[DEBUG] https://openalex.org/I4210161151 -> lat=None, lon=None, country=CN
[DEBUG] https://openalex.org/I4210136868 -> lat=None, lon=None, country=IL
[DEBUG] https://openalex.org/I4210141776 -> lat=None, lon=None, country=CN
[DEBUG] https://openalex.org/I138285227 -> lat=37.328182220458984, lon=-121.99708557128906, country=US
[DEBUG] https://openalex.org/I4210139699 -> lat=None, lon=None, country=CN
[DEBUG] https://openalex.org/I4210122792 -> lat=None, lon=None, country=UA
[DEBUG] https://openalex.org/I4210108179 -> lat=None, lon=None, country=CN
[DEBUG] https://openalex.org/I4210152006 -> lat=None, lon=None, country=CN
[DEBUG] https://openalex.org/I168537998 -> lat=39.76838, lon=-86.15804, country=US
[DEBUG] https://openalex.org/I4210108244 -> lat=None, lon=None, country=CN
[DEBUG] https://openalex.org/I18452120 -> lat=None, lon=None, country=CN
[DEBUG] https://openalex.org/I4210127012 -> lat=None, lon=None, country=CN
[DEBUG] https://openalex.org/I196934937 -> lat=None, lon=None, country=CN
[DEBUG] https://openalex.org/I118574674 -> lat=None, lon=None, country=CN
[DEBUG] https://openalex.org/I4210095020 -> lat=None, lon=None, country=CN
[DEBUG] https://openalex.org/I202126657 -> lat=None, lon=None, country=CN
[DEBUG] https://openalex.org/I4210151209 -> lat=None, lon=None, country=CN
[DEBUG] https://openalex.org/I103890011 -> lat=None, lon=None, country=CN
[DEBUG] https://openalex.org/I2801345734 -> lat=None, lon=None, country=CN
[DEBUG] https://openalex.org/I149594827 -> lat=None, lon=None, country=CN
[DEBUG] https://openalex.org/I4210103721 -> lat=None, lon=None, country=CN
[DEBUG] https://openalex.org/I106645853 -> lat=None, lon=None, country=CN
[DEBUG] https://openalex.org/I4210129862 -> lat=None, lon=None, country=BR
[DEBUG] https://openalex.org/I192327786 -> lat=None, lon=None, country=CN
[DEBUG] https://openalex.org/I4210143891 -> lat=None, lon=None, country=CN
[DEBUG] https://openalex.org/I165139151 -> lat=32.72541046142578, lon=-97.32084655761719, country=US
[DEBUG] https://openalex.org/I120825670 -> lat=None, lon=None, country=CN
[DEBUG] https://openalex.org/I4210124300 -> lat=None, lon=None, country=CN
[DEBUG] https://openalex.org/I4210100137 -> lat=None, lon=None, country=CN
[DEBUG] https://openalex.org/I53592917 -> lat=None, lon=None, country=CN
[DEBUG] https://openalex.org/I3174185376 -> lat=None, lon=None, country=CN
[DEBUG] https://openalex.org/I899859998 -> lat=None, lon=None, country=CN
[DEBUG] https://openalex.org/I4210141937 -> lat=None, lon=None, country=CZ
[DEBUG] https://openalex.org/I119045251 -> lat=None, lon=None, country=CN
[DEBUG] https://openalex.org/I124600578 -> lat=None, lon=None, country=GB
[DEBUG] https://openalex.org/I4210104920 -> lat=None, lon=None, country=CN
[DEBUG] https://openalex.org/I68986083 -> lat=None, lon=None, country=CN
[DEBUG] https://openalex.org/I116265982 -> lat=None, lon=None, country=CN
[DEBUG] https://openalex.org/I4210150756 -> lat=39.78590774536133, lon=-75.54895782470703, country=US
[DEBUG] https://openalex.org/I167383011 -> lat=None, lon=None, country=CN
[DEBUG] https://openalex.org/I49232843 -> lat=None, lon=None, country=CN
[DEBUG] https://openalex.org/I4210134929 -> lat=None, lon=None, country=CN
[DEBUG] https://openalex.org/I102345215 -> lat=None, lon=None, country=CN
[DEBUG] https://openalex.org/I22046295 -> lat=None, lon=None, country=CN
[DEBUG] https://openalex.org/I111950717 -> lat=None, lon=None, country=MO
[DEBUG] https://openalex.org/I80143920 -> lat=None, lon=None, country=CN
[DEBUG] https://openalex.org/I90149893 -> lat=None, lon=None, country=CN
[DEBUG] https://openalex.org/I93477617 -> lat=None, lon=None, country=CN
[DEBUG] https://openalex.org/I4210129668 -> lat=None, lon=None, country=DE
[DEBUG] https://openalex.org/I78988378 -> lat=None, lon=None, country=CN
[DEBUG] https://openalex.org/I4210163007 -> lat=None, lon=None, country=CN
[DEBUG] https://openalex.org/I119203015 -> lat=None, lon=None, country=CN
[DEBUG] https://openalex.org/I4210094970 -> lat=None, lon=None, country=CN
[DEBUG] https://openalex.org/I170486558 -> lat=None, lon=None, country=ES
[DEBUG] https://openalex.org/I11932220 -> lat=None, lon=None, country=ES
[DEBUG] https://openalex.org/I4210090485 -> lat=46.95513916015625, lon=-122.73736572265625, country=US
[DEBUG] https://openalex.org/I22675022 -> lat=42.71202087402344, lon=-73.20372009277344, country=US
[DEBUG] https://openalex.org/I190249584 -> lat=None, lon=None, country=AT
[DEBUG] https://openalex.org/I4210114434 -> lat=None, lon=None, country=NL
[DEBUG] https://openalex.org/I2801833913 -> lat=None, lon=None, country=DE
[DEBUG] https://openalex.org/I4210133912 -> lat=None, lon=None, country=DE
[DEBUG] https://openalex.org/I4210145640 -> lat=None, lon=None, country=NL
[DEBUG] https://openalex.org/I4210132870 -> lat=41.14459991455078, lon=-73.43010711669922, country=US
[DEBUG] https://openalex.org/I111878022 -> lat=40.586273193359375, lon=-74.62651062011719, country=US
[DEBUG] https://openalex.org/I161301626 -> lat=40.872501373291016, lon=-73.89389038085938, country=US
[DEBUG] https://openalex.org/I53276908 -> lat=38.88100814819336, lon=-77.10427856445312, country=US
[DEBUG] https://openalex.org/I1282516798 -> lat=36.09986114501953, lon=-80.24421691894531, country=US
[DEBUG] https://openalex.org/I4210158169 -> lat=39.105186462402344, lon=-108.6146240234375, country=US
[DEBUG] https://openalex.org/I3018163063 -> lat=42.34901428222656, lon=-71.14968872070312, country=US
[DEBUG] https://openalex.org/I4210098230 -> lat=None, lon=None, country=JP
[DEBUG] https://openalex.org/I2800281165 -> lat=None, lon=None, country=GB
[DEBUG] https://openalex.org/I4210163695 -> lat=None, lon=None, country=GB
[DEBUG] https://openalex.org/I142762351 -> lat=None, lon=None, country=IE
[DEBUG] https://openalex.org/I92178344 -> lat=None, lon=None, country=CN
[DEBUG] https://openalex.org/I96908189 -> lat=None, lon=None, country=CN
[DEBUG] https://openalex.org/I28022161 -> lat=None, lon=None, country=SA
[DEBUG] https://openalex.org/I4210088923 -> lat=40.849849700927734, lon=-73.86640930175781, country=US
[DEBUG] https://openalex.org/I19772626 -> lat=40.714271545410156, lon=-74.00596618652344, country=US
[DEBUG] https://openalex.org/I1292859797 -> lat=None, lon=None, country=CA
[DEBUG] https://openalex.org/I90016038 -> lat=None, lon=None, country=BR
[DEBUG] https://openalex.org/I4210157131 -> lat=None, lon=None, country=DE
[DEBUG] https://openalex.org/I11662577 -> lat=None, lon=None, country=MY
[DEBUG] https://openalex.org/I4210099055 -> lat=41.86109161376953, lon=-88.05431365966797, country=US
[DEBUG] https://openalex.org/I4210147568 -> lat=None, lon=None, country=MY
[DEBUG] https://openalex.org/I57664883 -> lat=None, lon=None, country=KR
[DEBUG] https://openalex.org/I80611190 -> lat=None, lon=None, country=KR
[DEBUG] https://openalex.org/I4210146559 -> lat=42.0526008605957, lon=-88.01605987548828, country=US
[DEBUG] https://openalex.org/I184647316 -> lat=44.08053970336914, lon=-103.23101043701172, country=US
[DEBUG] https://openalex.org/I4210092162 -> lat=None, lon=None, country=IL
[DEBUG] https://openalex.org/I4387930269 -> lat=None, lon=None, country=None
[DEBUG] https://openalex.org/I121980950 -> lat=41.73548889160156, lon=-111.83438873291016, country=US
[DEBUG] https://openalex.org/I4210104948 -> lat=None, lon=None, country=GB
[DEBUG] https://openalex.org/I230495080 -> lat=None, lon=None, country=IE
[DEBUG] https://openalex.org/I147853995 -> lat=61.21805953979492, lon=-149.90028381347656, country=US
[DEBUG] https://openalex.org/I4210113932 -> lat=42.55690383911133, lon=-71.48072814941406, country=US
[DEBUG] https://openalex.org/I97565354 -> lat=None, lon=None, country=CH
[DEBUG] https://openalex.org/I4210088296 -> lat=None, lon=None, country=BG
[DEBUG] https://openalex.org/I4210091343 -> lat=None, lon=None, country=CN
[DEBUG] https://openalex.org/I78675632 -> lat=None, lon=None, country=CN
[DEBUG] https://openalex.org/I4210166371 -> lat=None, lon=None, country=CZ
[DEBUG] https://openalex.org/I4388891891 -> lat=None, lon=None, country=None
[DEBUG] https://openalex.org/I73613424 -> lat=None, lon=None, country=JP
[DEBUG] https://openalex.org/I146500386 -> lat=None, lon=None, country=JP
[DEBUG] https://openalex.org/I4210098242 -> lat=None, lon=None, country=JP
[DEBUG] https://openalex.org/I4210111000 -> lat=None, lon=None, country=JP
[DEBUG] https://openalex.org/I72253084 -> lat=None, lon=None, country=JP
[DEBUG] https://openalex.org/I1311688040 -> lat=47.60621, lon=-122.33207, country=US
[DEBUG] https://openalex.org/I104946051 -> lat=None, lon=None, country=JP
[DEBUG] https://openalex.org/I4210133661 -> lat=32.84321212768555, lon=-117.27915954589844, country=US
[DEBUG] https://openalex.org/I4210137853 -> lat=None, lon=None, country=JP
[DEBUG] https://openalex.org/I6090238 -> lat=None, lon=None, country=JP
[DEBUG] https://openalex.org/I125852741 -> lat=None, lon=None, country=JP
[DEBUG] https://openalex.org/I4210108658 -> lat=None, lon=None, country=JP
[DEBUG] https://openalex.org/I203765153 -> lat=None, lon=None, country=JP
[DEBUG] https://openalex.org/I92614990 -> lat=None, lon=None, country=JP
[DEBUG] https://openalex.org/I4210120810 -> lat=None, lon=None, country=JP
[DEBUG] https://openalex.org/I4210086028 -> lat=None, lon=None, country=CN
[DEBUG] https://openalex.org/I171481255 -> lat=None, lon=None, country=JP
[DEBUG] https://openalex.org/I4210158634 -> lat=None, lon=None, country=JP
[DEBUG] https://openalex.org/I90469020 -> lat=None, lon=None, country=JP
[DEBUG] https://openalex.org/I19283125 -> lat=None, lon=None, country=JP
[DEBUG] https://openalex.org/I183594015 -> lat=None, lon=None, country=JP
[DEBUG] https://openalex.org/I4210160708 -> lat=None, lon=None, country=JP
[DEBUG] https://openalex.org/I4210161555 -> lat=None, lon=None, country=TW
[DEBUG] https://openalex.org/I4210158869 -> lat=None, lon=None, country=TW
[DEBUG] https://openalex.org/I143003336 -> lat=None, lon=None, country=TW
[DEBUG] https://openalex.org/I4210090379 -> lat=None, lon=None, country=JP
[DEBUG] https://openalex.org/I114277686 -> lat=38.62727, lon=-90.19789, country=US
[DEBUG] https://openalex.org/I48018076 -> lat=None, lon=None, country=IN
[DEBUG] https://openalex.org/I61544103 -> lat=None, lon=None, country=GB
[DEBUG] https://openalex.org/I2800195167 -> lat=None, lon=None, country=HR
[DEBUG] https://openalex.org/I181679659 -> lat=None, lon=None, country=CN
[DEBUG] https://openalex.org/I157122930 -> lat=40.739383697509766, lon=-73.97702026367188, country=US
[DEBUG] https://openalex.org/I4210152009 -> lat=None, lon=None, country=JP
[DEBUG] https://openalex.org/I4210091204 -> lat=32.832698822021484, lon=-117.26985931396484, country=US
[DEBUG] https://openalex.org/I4210127848 -> lat=None, lon=None, country=DE
[DEBUG] https://openalex.org/I4210149572 -> lat=None, lon=None, country=GB
[DEBUG] https://openalex.org/I118020396 -> lat=39.902061462402344, lon=-75.34990692138672, country=US
[DEBUG] https://openalex.org/I138168422 -> lat=40.78871, lon=-73.59957, country=US
[DEBUG] https://openalex.org/I95674353 -> lat=None, lon=None, country=BE
[DEBUG] https://openalex.org/I4210087560 -> lat=40.92283248901367, lon=-73.13116455078125, country=US
[DEBUG] https://openalex.org/I3019120314 -> lat=None, lon=None, country=DE
[DEBUG] https://openalex.org/I8087733 -> lat=None, lon=None, country=DE
[DEBUG] https://openalex.org/I2801240073 -> lat=None, lon=None, country=DE
[DEBUG] https://openalex.org/I4210103666 -> lat=None, lon=None, country=DE
[DEBUG] https://openalex.org/I4210146389 -> lat=39.74728775024414, lon=-104.96587371826172, country=US
[DEBUG] https://openalex.org/I4210106333 -> lat=None, lon=None, country=CH
[DEBUG] https://openalex.org/I47807185 -> lat=None, lon=None, country=VN
[DEBUG] https://openalex.org/I4210110940 -> lat=None, lon=None, country=CA
[DEBUG] https://openalex.org/I205640436 -> lat=None, lon=None, country=AU
[DEBUG] https://openalex.org/I4210160376 -> lat=None, lon=None, country=AU
[DEBUG] https://openalex.org/I4210110796 -> lat=None, lon=None, country=RU
[DEBUG] https://openalex.org/I4210125361 -> lat=None, lon=None, country=DE
[DEBUG] https://openalex.org/I98301712 -> lat=None, lon=None, country=CN
[DEBUG] https://openalex.org/I4387156348 -> lat=None, lon=None, country=None
[DEBUG] https://openalex.org/I1295345811 -> lat=None, lon=None, country=FR
[DEBUG] https://openalex.org/I4210142289 -> lat=None, lon=None, country=DE
[DEBUG] https://openalex.org/I9649716 -> lat=None, lon=None, country=DE
[DEBUG] https://openalex.org/I16231767 -> lat=None, lon=None, country=FI
[DEBUG] https://openalex.org/I1336375059 -> lat=None, lon=None, country=GB
[DEBUG] https://openalex.org/I60922564 -> lat=None, lon=None, country=KR
[DEBUG] https://openalex.org/I55106644 -> lat=None, lon=None, country=NL
[DEBUG] https://openalex.org/I34352273 -> lat=None, lon=None, country=NL
[DEBUG] https://openalex.org/I190444043 -> lat=None, lon=None, country=UA
[DEBUG] https://openalex.org/I4210094019 -> lat=None, lon=None, country=DE
[DEBUG] https://openalex.org/I4210129850 -> lat=None, lon=None, country=FR
[DEBUG] https://openalex.org/I4210161858 -> lat=None, lon=None, country=DE
[DEBUG] https://openalex.org/I4210156283 -> lat=None, lon=None, country=DE
[DEBUG] https://openalex.org/I177802217 -> lat=None, lon=None, country=DE
[DEBUG] https://openalex.org/I4210113839 -> lat=None, lon=None, country=DE
[DEBUG] https://openalex.org/I4210098793 -> lat=39.02305603027344, lon=-76.9215316772461, country=US
[DEBUG] https://openalex.org/I926574661 -> lat=None, lon=None, country=DE
[DEBUG] https://openalex.org/I4210089995 -> lat=None, lon=None, country=DE
[DEBUG] https://openalex.org/I4210137370 -> lat=None, lon=None, country=PL
[DEBUG] https://openalex.org/I188884621 -> lat=None, lon=None, country=PL
[DEBUG] https://openalex.org/I3111280877 -> lat=None, lon=None, country=BR
[DEBUG] https://openalex.org/I180437899 -> lat=None, lon=None, country=DE
[DEBUG] https://openalex.org/I4210135885 -> lat=None, lon=None, country=DE
[DEBUG] https://openalex.org/I21370196 -> lat=None, lon=None, country=GR
[DEBUG] https://openalex.org/I179225836 -> lat=None, lon=None, country=DE
[DEBUG] https://openalex.org/I21250087 -> lat=None, lon=None, country=CZ
[DEBUG] https://openalex.org/I119916105 -> lat=44.9799690246582, lon=-93.26383972167969, country=US
[DEBUG] https://openalex.org/I4210166246 -> lat=None, lon=None, country=IN
[DEBUG] https://openalex.org/I125608817 -> lat=None, lon=None, country=KR
[DEBUG] https://openalex.org/I135140700 -> lat=None, lon=None, country=DE
[DEBUG] https://openalex.org/I4210134943 -> lat=None, lon=None, country=DE
[DEBUG] https://openalex.org/I36522303 -> lat=None, lon=None, country=DE
[DEBUG] https://openalex.org/I199417121 -> lat=None, lon=None, country=DE
[DEBUG] https://openalex.org/I2801014300 -> lat=26.621679306030273, lon=-81.84059143066406, country=US
[DEBUG] https://openalex.org/I68956291 -> lat=None, lon=None, country=DE
[DEBUG] https://openalex.org/I157674565 -> lat=None, lon=None, country=BE
[DEBUG] https://openalex.org/I4210146166 -> lat=42.358428955078125, lon=-71.05976867675781, country=US
[DEBUG] https://openalex.org/I167360494 -> lat=None, lon=None, country=DE
[DEBUG] https://openalex.org/I89864525 -> lat=None, lon=None, country=DE
[DEBUG] https://openalex.org/I138659443 -> lat=39.84967041015625, lon=-75.35707092285156, country=US
[DEBUG] https://openalex.org/I129877168 -> lat=None, lon=None, country=DE
[DEBUG] https://openalex.org/I4210086928 -> lat=None, lon=None, country=RU
[DEBUG] https://openalex.org/I1313323035 -> lat=None, lon=None, country=RU
[DEBUG] https://openalex.org/I4665924 -> lat=None, lon=None, country=DE
[DEBUG] https://openalex.org/I2801032651 -> lat=39.7661018371582, lon=-105.07720947265625, country=US
[DEBUG] https://openalex.org/I4210092450 -> lat=None, lon=None, country=JP
[DEBUG] https://openalex.org/I51532219 -> lat=None, lon=None, country=GB
[DEBUG] https://openalex.org/I1335487337 -> lat=None, lon=None, country=DE
[DEBUG] https://openalex.org/I2800565835 -> lat=40.357025146484375, lon=-74.65691375732422, country=US
[DEBUG] https://openalex.org/I4210105468 -> lat=None, lon=None, country=DE
[DEBUG] https://openalex.org/I138689650 -> lat=None, lon=None, country=IT
[DEBUG] https://openalex.org/I4210146744 -> lat=None, lon=None, country=IT
[DEBUG] https://openalex.org/I2802056718 -> lat=40.709476470947266, lon=-73.93683624267578, country=US
[DEBUG] https://openalex.org/I200763008 -> lat=None, lon=None, country=DE
[DEBUG] https://openalex.org/I62396329 -> lat=None, lon=None, country=FR
[DEBUG] https://openalex.org/I122274158 -> lat=None, lon=None, country=SE
[DEBUG] https://openalex.org/I158675288 -> lat=None, lon=None, country=DE
[DEBUG] https://openalex.org/I4210098980 -> lat=None, lon=None, country=GB
[DEBUG] https://openalex.org/I2801160905 -> lat=None, lon=None, country=RU
[DEBUG] https://openalex.org/I6507939 -> lat=None, lon=None, country=CN
[DEBUG] https://openalex.org/I78650965 -> lat=None, lon=None, country=DE
[DEBUG] https://openalex.org/I4210110890 -> lat=None, lon=None, country=DE
[DEBUG] https://openalex.org/I4210103223 -> lat=None, lon=None, country=DE
[DEBUG] https://openalex.org/I4210097213 -> lat=None, lon=None, country=DE
[DEBUG] https://openalex.org/I4210147207 -> lat=38.90541076660156, lon=-77.03401184082031, country=US
[DEBUG] https://openalex.org/I2802363545 -> lat=None, lon=None, country=AT
[DEBUG] https://openalex.org/I2802499594 -> lat=None, lon=None, country=SE
[DEBUG] https://openalex.org/I4210094510 -> lat=None, lon=None, country=DE
[DEBUG] https://openalex.org/I174183983 -> lat=None, lon=None, country=PL
[DEBUG] https://openalex.org/I4210150884 -> lat=None, lon=None, country=FR
[DEBUG] https://openalex.org/I4210121707 -> lat=None, lon=None, country=CN
[DEBUG] https://openalex.org/I3206020590 -> lat=42.27756118774414, lon=-83.74088287353516, country=US
[DEBUG] https://openalex.org/I1315501941 -> lat=None, lon=None, country=CH
[DEBUG] https://openalex.org/I4210161556 -> lat=38.804840087890625, lon=-77.04692077636719, country=US
[DEBUG] https://openalex.org/I206945453 -> lat=None, lon=None, country=DE
[DEBUG] https://openalex.org/I24359323 -> lat=None, lon=None, country=DE
[DEBUG] https://openalex.org/I2802446986 -> lat=39.12449645996094, lon=-94.74715423583984, country=US
[DEBUG] https://openalex.org/I4210139645 -> lat=None, lon=None, country=IT
[DEBUG] https://openalex.org/I176453806 -> lat=None, lon=None, country=DE
[DEBUG] https://openalex.org/I4210130728 -> lat=None, lon=None, country=GB
[DEBUG] https://openalex.org/I47636678 -> lat=34.05223, lon=-118.24368, country=US
[DEBUG] https://openalex.org/I31512782 -> lat=None, lon=None, country=DE
[DEBUG] https://openalex.org/I4210155382 -> lat=30.637039184570312, lon=-96.31687927246094, country=US
[DEBUG] https://openalex.org/I75717288 -> lat=41.69982147216797, lon=-72.15702056884766, country=US
[DEBUG] https://openalex.org/I1344076864 -> lat=38.950260162353516, lon=-77.07901000976562, country=US
[DEBUG] https://openalex.org/I4210109259 -> lat=38.46412658691406, lon=-121.4173812866211, country=US
[DEBUG] https://openalex.org/I1295876152 -> lat=29.763280868530273, lon=-95.36327362060547, country=US
[DEBUG] https://openalex.org/I4210092922 -> lat=39.76837921142578, lon=-86.15804290771484, country=US
[DEBUG] https://openalex.org/I4210119046 -> lat=38.89511, lon=-77.03637, country=US
[DEBUG] https://openalex.org/I2799853436 -> lat=39.29038, lon=-76.61219, country=US
[DEBUG] https://openalex.org/I4210151462 -> lat=40.714271545410156, lon=-74.00596618652344, country=US
[DEBUG] https://openalex.org/I4210110520 -> lat=34.06245040893555, lon=-118.20014953613281, country=US
[DEBUG] https://openalex.org/I4210128862 -> lat=41.25795364379883, lon=-96.04168701171875, country=US
[DEBUG] https://openalex.org/I1293231726 -> lat=42.358428955078125, lon=-71.05976867675781, country=US
[DEBUG] https://openalex.org/I4210147348 -> lat=41.85002899169922, lon=-87.6500473022461, country=US
[DEBUG] https://openalex.org/I908450791 -> lat=42.372676849365234, lon=-71.11187744140625, country=US
[DEBUG] https://openalex.org/I4210161586 -> lat=37.29076385498047, lon=-122.22470092773438, country=US
[DEBUG] https://openalex.org/I4210106287 -> lat=33.80730056762695, lon=-118.19300079345703, country=US
[DEBUG] https://openalex.org/I146094533 -> lat=40.7502555847168, lon=-73.97421264648438, country=US
[DEBUG] https://openalex.org/I894135719 -> lat=None, lon=None, country=MX
[DEBUG] https://openalex.org/I4210164195 -> lat=None, lon=None, country=CN
[DEBUG] https://openalex.org/I4210152471 -> lat=None, lon=None, country=QA
[DEBUG] https://openalex.org/I4210115206 -> lat=None, lon=None, country=NL
[DEBUG] https://openalex.org/I4210097066 -> lat=None, lon=None, country=CN
[DEBUG] https://openalex.org/I4210166947 -> lat=42.158355712890625, lon=-71.11741638183594, country=US
[DEBUG] https://openalex.org/I4210151238 -> lat=None, lon=None, country=IT
[DEBUG] https://openalex.org/I4210152357 -> lat=None, lon=None, country=NZ
[DEBUG] https://openalex.org/I1315496137 -> lat=39.29038, lon=-76.61219, country=US
[DEBUG] https://openalex.org/I4210140958 -> lat=42.234012603759766, lon=-83.7310562133789, country=US
[DEBUG] https://openalex.org/I4210126366 -> lat=None, lon=None, country=CZ
[DEBUG] https://openalex.org/I87673952 -> lat=None, lon=None, country=TR
[DEBUG] https://openalex.org/I4210163281 -> lat=35.855838775634766, lon=-78.86905670166016, country=US
[DEBUG] https://openalex.org/I4210146201 -> lat=38.895111083984375, lon=-77.03636932373047, country=US
[DEBUG] https://openalex.org/I1318617081 -> lat=38.895111083984375, lon=-77.03636932373047, country=US
[DEBUG] https://openalex.org/I12834331 -> lat=41.31137, lon=-105.5911, country=US
[DEBUG] https://openalex.org/I181233156 -> lat=44.05207, lon=-123.08675, country=US
[DEBUG] https://openalex.org/I4210136924 -> lat=37.26899719238281, lon=-76.6995849609375, country=US
[DEBUG] https://openalex.org/I4210091705 -> lat=None, lon=None, country=IR
[DEBUG] https://openalex.org/I4210088881 -> lat=None, lon=None, country=GB
[DEBUG] https://openalex.org/I2801259928 -> lat=None, lon=None, country=GB
[DEBUG] https://openalex.org/I2803024705 -> lat=None, lon=None, country=AU
[DEBUG] https://openalex.org/I4210145422 -> lat=None, lon=None, country=AU
[DEBUG] https://openalex.org/I217937681 -> lat=None, lon=None, country=AU
[DEBUG] https://openalex.org/I4210137518 -> lat=None, lon=None, country=AU
[DEBUG] https://openalex.org/I2801862688 -> lat=None, lon=None, country=AU
[DEBUG] https://openalex.org/I4210140513 -> lat=None, lon=None, country=AU
[DEBUG] https://openalex.org/I2802476451 -> lat=None, lon=None, country=GB
[DEBUG] https://openalex.org/I198596950 -> lat=None, lon=None, country=BR
[DEBUG] https://openalex.org/I2801688508 -> lat=None, lon=None, country=AU
[DEBUG] https://openalex.org/I83041830 -> lat=None, lon=None, country=DE
[DEBUG] https://openalex.org/I4210145812 -> lat=40.817161560058594, lon=-74.10150909423828, country=US
[DEBUG] https://openalex.org/I23965814 -> lat=None, lon=None, country=CA
[DEBUG] https://openalex.org/I169071179 -> lat=40.70708465576172, lon=-74.01315307617188, country=US
[DEBUG] https://openalex.org/I4210103203 -> lat=None, lon=None, country=AU
[DEBUG] https://openalex.org/I196466984 -> lat=None, lon=None, country=AU
[DEBUG] https://openalex.org/I71270174 -> lat=None, lon=None, country=AU
[DEBUG] https://openalex.org/I4210087542 -> lat=None, lon=None, country=AU
[DEBUG] https://openalex.org/I4210163551 -> lat=None, lon=None, country=AU
[DEBUG] https://openalex.org/I4210149013 -> lat=None, lon=None, country=AU
[DEBUG] https://openalex.org/I4210091629 -> lat=None, lon=None, country=AU
[DEBUG] https://openalex.org/I2799732068 -> lat=None, lon=None, country=AU
[DEBUG] https://openalex.org/I4210120022 -> lat=38.9425048828125, lon=-76.9947280883789, country=US
[DEBUG] https://openalex.org/I4210103786 -> lat=None, lon=None, country=SG
[DEBUG] https://openalex.org/I1285887220 -> lat=None, lon=None, country=AU
[DEBUG] https://openalex.org/I3018323443 -> lat=None, lon=None, country=FR
[DEBUG] https://openalex.org/I4210106115 -> lat=None, lon=None, country=FR
[DEBUG] https://openalex.org/I4210134409 -> lat=None, lon=None, country=FR
[DEBUG] https://openalex.org/I15057530 -> lat=None, lon=None, country=FR
[DEBUG] https://openalex.org/I4210151657 -> lat=None, lon=None, country=ZA
[DEBUG] https://openalex.org/I2802164966 -> lat=None, lon=None, country=DE
[DEBUG] https://openalex.org/I4210142686 -> lat=None, lon=None, country=FR
[DEBUG] https://openalex.org/I4210146089 -> lat=None, lon=None, country=FR
[DEBUG] https://openalex.org/I4210120975 -> lat=None, lon=None, country=FR
[DEBUG] https://openalex.org/I4210112727 -> lat=None, lon=None, country=FR
[DEBUG] https://openalex.org/I2803066834 -> lat=None, lon=None, country=IT
[DEBUG] https://openalex.org/I3018988418 -> lat=None, lon=None, country=FR
[DEBUG] https://openalex.org/I4210143244 -> lat=None, lon=None, country=FR
[DEBUG] https://openalex.org/I4210095243 -> lat=None, lon=None, country=FR
[DEBUG] https://openalex.org/I4210105738 -> lat=None, lon=None, country=FR
[DEBUG] https://openalex.org/I4210144610 -> lat=None, lon=None, country=FR
[DEBUG] https://openalex.org/I1320354487 -> lat=44.974979400634766, lon=-93.27445220947266, country=US
[DEBUG] https://openalex.org/I4387153514 -> lat=None, lon=None, country=None
[DEBUG] https://openalex.org/I4210153075 -> lat=None, lon=None, country=FR
[DEBUG] https://openalex.org/I4210092929 -> lat=None, lon=None, country=FR
[DEBUG] https://openalex.org/I3132554261 -> lat=None, lon=None, country=BZ
[DEBUG] https://openalex.org/I4210120341 -> lat=None, lon=None, country=FR
[DEBUG] https://openalex.org/I4210105941 -> lat=None, lon=None, country=FR
[DEBUG] https://openalex.org/I3018718406 -> lat=None, lon=None, country=FR
[DEBUG] https://openalex.org/I4210123600 -> lat=None, lon=None, country=FR
[DEBUG] https://openalex.org/I2799888197 -> lat=None, lon=None, country=FR
[DEBUG] https://openalex.org/I4210158231 -> lat=None, lon=None, country=FR
[DEBUG] https://openalex.org/I4388482722 -> lat=None, lon=None, country=None
[DEBUG] https://openalex.org/I4210113153 -> lat=None, lon=None, country=IT
[DEBUG] https://openalex.org/I105296287 -> lat=None, lon=None, country=JP
[DEBUG] https://openalex.org/I922474255 -> lat=None, lon=None, country=JP
[DEBUG] https://openalex.org/I4210130963 -> lat=None, lon=None, country=JP
[DEBUG] https://openalex.org/I4210086179 -> lat=None, lon=None, country=JP
[DEBUG] https://openalex.org/I4210161217 -> lat=None, lon=None, country=JP
[DEBUG] https://openalex.org/I4210121465 -> lat=34.43136215209961, lon=-119.8204574584961, country=US
[DEBUG] https://openalex.org/I4210093039 -> lat=None, lon=None, country=IN
[DEBUG] https://openalex.org/I4210091246 -> lat=None, lon=None, country=IN
[DEBUG] https://openalex.org/I4210135670 -> lat=None, lon=None, country=NL
[DEBUG] https://openalex.org/I2799376586 -> lat=None, lon=None, country=CA
[DEBUG] https://openalex.org/I4210133110 -> lat=None, lon=None, country=None
[DEBUG] https://openalex.org/I166825849 -> lat=None, lon=None, country=FI
[DEBUG] https://openalex.org/I144291393 -> lat=None, lon=None, country=SG
[DEBUG] https://openalex.org/I4210102600 -> lat=None, lon=None, country=CN
[DEBUG] https://openalex.org/I4210114698 -> lat=None, lon=None, country=CN
[DEBUG] https://openalex.org/I4210132981 -> lat=None, lon=None, country=CN
[DEBUG] https://openalex.org/I84653119 -> lat=None, lon=None, country=TW
[DEBUG] https://openalex.org/I4210110126 -> lat=None, lon=None, country=KR
[DEBUG] https://openalex.org/I28615091 -> lat=None, lon=None, country=KR
[DEBUG] https://openalex.org/I80606768 -> lat=None, lon=None, country=ES
[DEBUG] https://openalex.org/I124633538 -> lat=None, lon=None, country=KR
[DEBUG] https://openalex.org/I2799611809 -> lat=None, lon=None, country=KR
[DEBUG] https://openalex.org/I2802457231 -> lat=None, lon=None, country=ET
[DEBUG] https://openalex.org/I35928602 -> lat=None, lon=None, country=KR
[DEBUG] https://openalex.org/I4210117131 -> lat=37.42368698120117, lon=-122.1260757446289, country=US
[DEBUG] https://openalex.org/I33976269 -> lat=None, lon=None, country=FR
[DEBUG] https://openalex.org/I2802002475 -> lat=38.632808685302734, lon=-90.26299285888672, country=US
[DEBUG] https://openalex.org/I4210110099 -> lat=38.64021301269531, lon=-90.44001007080078, country=US
[DEBUG] https://openalex.org/I4210112840 -> lat=42.3643913269043, lon=-71.10150146484375, country=US
[DEBUG] https://openalex.org/I99908691 -> lat=None, lon=None, country=TW
[DEBUG] https://openalex.org/I2801577699 -> lat=None, lon=None, country=CN
[DEBUG] https://openalex.org/I4210162648 -> lat=None, lon=None, country=CN
[DEBUG] https://openalex.org/I4210140813 -> lat=None, lon=None, country=CN
[DEBUG] https://openalex.org/I2800525753 -> lat=None, lon=None, country=CN
[DEBUG] https://openalex.org/I4210121447 -> lat=None, lon=None, country=CN
[DEBUG] https://openalex.org/I4210105327 -> lat=None, lon=None, country=CN
[DEBUG] https://openalex.org/I4210103686 -> lat=None, lon=None, country=CN
[DEBUG] https://openalex.org/I4210112993 -> lat=None, lon=None, country=CN
[DEBUG] https://openalex.org/I105126617 -> lat=None, lon=None, country=CN
[DEBUG] https://openalex.org/I93860229 -> lat=None, lon=None, country=IT
[DEBUG] https://openalex.org/I183935753 -> lat=None, lon=None, country=GB
[DEBUG] https://openalex.org/I4210158120 -> lat=None, lon=None, country=CH
[DEBUG] https://openalex.org/I4210105926 -> lat=None, lon=None, country=BG
[DEBUG] https://openalex.org/I4210120266 -> lat=None, lon=None, country=CZ
[DEBUG] https://openalex.org/I54459138 -> lat=None, lon=None, country=GB
[DEBUG] https://openalex.org/I56007636 -> lat=None, lon=None, country=GB
[DEBUG] https://openalex.org/I2800392559 -> lat=None, lon=None, country=GB
[DEBUG] https://openalex.org/I4210114250 -> lat=42.531227111816406, lon=-71.13262176513672, country=US
[DEBUG] https://openalex.org/I4210166413 -> lat=33.44837951660156, lon=-112.07404327392578, country=US
[DEBUG] https://openalex.org/I4210137803 -> lat=39.05531311035156, lon=-77.11106872558594, country=US
[DEBUG] https://openalex.org/I69740276 -> lat=None, lon=None, country=JP
[DEBUG] https://openalex.org/I4210159482 -> lat=None, lon=None, country=JP
[DEBUG] https://openalex.org/I161057412 -> lat=43.133968353271484, lon=-70.92645263671875, country=US
[DEBUG] https://openalex.org/I179093154 -> lat=42.98719024658203, lon=-71.4687728881836, country=US
[DEBUG] https://openalex.org/I27577105 -> lat=None, lon=None, country=IE
[DEBUG] https://openalex.org/I4210119349 -> lat=None, lon=None, country=DE
[DEBUG] https://openalex.org/I4210151920 -> lat=40.438323974609375, lon=-79.99907684326172, country=US
[DEBUG] https://openalex.org/I4210156583 -> lat=None, lon=None, country=FR
[DEBUG] https://openalex.org/I4210119496 -> lat=39.91838073730469, lon=-86.1590576171875, country=US
[DEBUG] https://openalex.org/I4210121405 -> lat=None, lon=None, country=IN
[DEBUG] https://openalex.org/I4210092218 -> lat=42.428688049316406, lon=-71.0741958618164, country=US
[DEBUG] https://openalex.org/I4210092773 -> lat=None, lon=None, country=GB
[DEBUG] https://openalex.org/I1319328641 -> lat=None, lon=None, country=GB
[DEBUG] https://openalex.org/I139290333 -> lat=None, lon=None, country=GB
[DEBUG] https://openalex.org/I1329245128 -> lat=None, lon=None, country=GB
[DEBUG] https://openalex.org/I141816643 -> lat=None, lon=None, country=GB
[DEBUG] https://openalex.org/I194028371 -> lat=None, lon=None, country=CA
[DEBUG] https://openalex.org/I110496330 -> lat=37.67544937133789, lon=-113.0716323852539, country=US
[DEBUG] https://openalex.org/I138826464 -> lat=None, lon=None, country=KR
[DEBUG] https://openalex.org/I2802194831 -> lat=None, lon=None, country=KR
[DEBUG] https://openalex.org/I4210086050 -> lat=None, lon=None, country=KR
[DEBUG] https://openalex.org/I89015989 -> lat=None, lon=None, country=KR
[DEBUG] https://openalex.org/I2802835388 -> lat=None, lon=None, country=KR
[DEBUG] https://openalex.org/I4210119120 -> lat=None, lon=None, country=KR
[DEBUG] https://openalex.org/I4210166688 -> lat=None, lon=None, country=KR
[DEBUG] https://openalex.org/I878022262 -> lat=None, lon=None, country=KR
[DEBUG] https://openalex.org/I4210167194 -> lat=None, lon=None, country=KR
[DEBUG] https://openalex.org/I4210148871 -> lat=None, lon=None, country=CN
[DEBUG] https://openalex.org/I4210152252 -> lat=None, lon=None, country=KR
[DEBUG] https://openalex.org/I152238500 -> lat=None, lon=None, country=KR
[DEBUG] https://openalex.org/I189442560 -> lat=None, lon=None, country=KR
[DEBUG] https://openalex.org/I9323808 -> lat=None, lon=None, country=KR
[DEBUG] https://openalex.org/I4210091148 -> lat=None, lon=None, country=KR
[DEBUG] https://openalex.org/I3133298186 -> lat=None, lon=None, country=KR
[DEBUG] https://openalex.org/I4210153376 -> lat=None, lon=None, country=KR
[DEBUG] https://openalex.org/I82495205 -> lat=34.73040008544922, lon=-86.5859375, country=US
[DEBUG] https://openalex.org/I131651094 -> lat=39.73915100097656, lon=-104.98470306396484, country=US
[DEBUG] https://openalex.org/I181391015 -> lat=None, lon=None, country=BR
[DEBUG] https://openalex.org/I88910343 -> lat=None, lon=None, country=IN
[DEBUG] https://openalex.org/I4210108322 -> lat=None, lon=None, country=JP
[DEBUG] https://openalex.org/I1290463931 -> lat=29.42411994934082, lon=-98.4936294555664, country=US
[DEBUG] https://openalex.org/I4210149150 -> lat=None, lon=None, country=JP
[DEBUG] https://openalex.org/I19990318 -> lat=37.7935905456543, lon=-122.39551544189453, country=US
[DEBUG] https://openalex.org/I47232531 -> lat=None, lon=None, country=JP
[DEBUG] https://openalex.org/I103737770 -> lat=None, lon=None, country=IT
[DEBUG] https://openalex.org/I4588055 -> lat=None, lon=None, country=JP
[DEBUG] https://openalex.org/I3132069261 -> lat=None, lon=None, country=JP
[DEBUG] https://openalex.org/I4210131327 -> lat=None, lon=None, country=GB
[DEBUG] https://openalex.org/I59888676 -> lat=None, lon=None, country=JP
[DEBUG] https://openalex.org/I1317239608 -> lat=38.8922233581543, lon=-77.0449447631836, country=US
[DEBUG] https://openalex.org/I2802905149 -> lat=38.896690368652344, lon=-77.04039001464844, country=US
[DEBUG] https://openalex.org/I201298700 -> lat=None, lon=None, country=FR
[DEBUG] https://openalex.org/I1310145890 -> lat=38.89876937866211, lon=-77.04376983642578, country=US
[DEBUG] https://openalex.org/I57995698 -> lat=None, lon=None, country=FR
[DEBUG] https://openalex.org/I57637010 -> lat=None, lon=None, country=JP
[DEBUG] https://openalex.org/I2802487149 -> lat=37.789527893066406, lon=-122.40633392333984, country=US
[DEBUG] https://openalex.org/I96679780 -> lat=None, lon=None, country=JP
[DEBUG] https://openalex.org/I111428342 -> lat=None, lon=None, country=JP
[DEBUG] https://openalex.org/I4210136188 -> lat=None, lon=None, country=BE
[DEBUG] https://openalex.org/I4210147250 -> lat=None, lon=None, country=JP
[DEBUG] https://openalex.org/I2799826445 -> lat=34.23244857788086, lon=-84.12359619140625, country=US
[DEBUG] https://openalex.org/I4210158401 -> lat=36.07575607299805, lon=-80.29766845703125, country=US
[DEBUG] https://openalex.org/I4210165024 -> lat=None, lon=None, country=CA
[DEBUG] https://openalex.org/I262074209 -> lat=None, lon=None, country=NZ
[DEBUG] https://openalex.org/I79238269 -> lat=None, lon=None, country=ES
[DEBUG] https://openalex.org/I4210131892 -> lat=None, lon=None, country=RU
[DEBUG] https://openalex.org/I1286805341 -> lat=41.8966178894043, lon=-87.62252807617188, country=US
[DEBUG] https://openalex.org/I4210131804 -> lat=None, lon=None, country=TW
[DEBUG] https://openalex.org/I184693016 -> lat=None, lon=None, country=TW
[DEBUG] https://openalex.org/I4210155547 -> lat=None, lon=None, country=TW
[DEBUG] https://openalex.org/I2800451075 -> lat=36.068721771240234, lon=-80.27172088623047, country=US
[DEBUG] https://openalex.org/I4210142913 -> lat=42.04202651977539, lon=-93.57638549804688, country=US
[DEBUG] https://openalex.org/I101527212 -> lat=None, lon=None, country=DK
[DEBUG] https://openalex.org/I4387154683 -> lat=None, lon=None, country=None
[DEBUG] https://openalex.org/I1334704838 -> lat=None, lon=None, country=CA
[DEBUG] https://openalex.org/I2801373766 -> lat=42.36404800415039, lon=-71.08573913574219, country=US
[DEBUG] https://openalex.org/I4210093827 -> lat=None, lon=None, country=IE
[DEBUG] https://openalex.org/I1282462722 -> lat=38.895111083984375, lon=-77.03636932373047, country=US
[DEBUG] https://openalex.org/I1318687432 -> lat=38.89302062988281, lon=-77.04774475097656, country=US
[DEBUG] https://openalex.org/I197604219 -> lat=38.895111083984375, lon=-77.03636932373047, country=US
[DEBUG] https://openalex.org/I4210121368 -> lat=42.36558532714844, lon=-71.10369873046875, country=US
[DEBUG] https://openalex.org/I106938459 -> lat=None, lon=None, country=CA
[DEBUG] https://openalex.org/I154264771 -> lat=41.693180084228516, lon=-72.76496124267578, country=US
[DEBUG] https://openalex.org/I4210121988 -> lat=34.052024841308594, lon=-118.25933074951172, country=US
[DEBUG] https://openalex.org/I885383172 -> lat=None, lon=None, country=MY
[DEBUG] https://openalex.org/I4210113003 -> lat=42.65843, lon=-71.137, country=US
[DEBUG] https://openalex.org/I205649185 -> lat=None, lon=None, country=BR
[DEBUG] https://openalex.org/I4210159454 -> lat=None, lon=None, country=BR
[DEBUG] https://openalex.org/I4210129361 -> lat=None, lon=None, country=BR
[DEBUG] https://openalex.org/I1286329397 -> lat=38.968719482421875, lon=-77.34110260009766, country=US
[DEBUG] https://openalex.org/I2941883833 -> lat=None, lon=None, country=BR
[DEBUG] https://openalex.org/I110079840 -> lat=None, lon=None, country=DE
[DEBUG] https://openalex.org/I39063666 -> lat=None, lon=None, country=IT
[DEBUG] https://openalex.org/I4210138843 -> lat=None, lon=None, country=IT
[DEBUG] https://openalex.org/I165339363 -> lat=None, lon=None, country=ES
[DEBUG] https://openalex.org/I4210108963 -> lat=None, lon=None, country=IT
[DEBUG] https://openalex.org/I4210115334 -> lat=None, lon=None, country=IT
[DEBUG] https://openalex.org/I4210107542 -> lat=None, lon=None, country=IT
[DEBUG] https://openalex.org/I177477856 -> lat=None, lon=None, country=IT
[DEBUG] https://openalex.org/I4210154295 -> lat=None, lon=None, country=IT
[DEBUG] https://openalex.org/I914576007 -> lat=None, lon=None, country=DE
[DEBUG] https://openalex.org/I4210097742 -> lat=36.59930419921875, lon=-121.89668273925781, country=US
[DEBUG] https://openalex.org/I4210166773 -> lat=None, lon=None, country=GB
[DEBUG] https://openalex.org/I106107269 -> lat=34.0966796875, lon=-117.71977996826172, country=US
[DEBUG] https://openalex.org/I44265643 -> lat=39.70288848876953, lon=-75.1118392944336, country=US
[DEBUG] https://openalex.org/I136722135 -> lat=34.0966796875, lon=-117.71977996826172, country=US
[DEBUG] https://openalex.org/I4210105760 -> lat=None, lon=None, country=CH
[DEBUG] https://openalex.org/I13248367 -> lat=None, lon=None, country=JP
[DEBUG] https://openalex.org/I74022624 -> lat=36.15398025512695, lon=-95.99276733398438, country=US
[DEBUG] https://openalex.org/I4210093896 -> lat=None, lon=None, country=JP
[DEBUG] https://openalex.org/I87048295 -> lat=None, lon=None, country=GB
[DEBUG] https://openalex.org/I4210120729 -> lat=None, lon=None, country=GB
[DEBUG] https://openalex.org/I4210158053 -> lat=35.7721, lon=-78.63861, country=US
[DEBUG] https://openalex.org/I315174041 -> lat=None, lon=None, country=GB
[DEBUG] https://openalex.org/I4210108991 -> lat=35.99403, lon=-78.89862, country=US
[DEBUG] https://openalex.org/I115209984 -> lat=30.449642181396484, lon=-91.18643951416016, country=US
[DEBUG] https://openalex.org/I1298207432 -> lat=None, lon=None, country=GB
[DEBUG] https://openalex.org/I1302741095 -> lat=None, lon=None, country=NZ
[DEBUG] https://openalex.org/I142934699 -> lat=33.87028884887695, lon=-117.92533874511719, country=US
[DEBUG] https://openalex.org/I2948539688 -> lat=42.32558, lon=-87.84118, country=US
[DEBUG] https://openalex.org/I2800916854 -> lat=40.12617, lon=-82.92907, country=US
[DEBUG] https://openalex.org/I4210110641 -> lat=None, lon=None, country=FR
[DEBUG] https://openalex.org/I1343035065 -> lat=38.89511, lon=-77.03637, country=US
[DEBUG] https://openalex.org/I4210134377 -> lat=40.21704864501953, lon=-74.7429428100586, country=US
[DEBUG] https://openalex.org/I4210140095 -> lat=40.3458366394043, lon=-74.6153335571289, country=US
[DEBUG] https://openalex.org/I4210104770 -> lat=41.69441604614258, lon=-85.99922943115234, country=US
[DEBUG] https://openalex.org/I1330995197 -> lat=None, lon=None, country=DE
[DEBUG] https://openalex.org/I4210123846 -> lat=None, lon=None, country=EG
[DEBUG] https://openalex.org/I4210092832 -> lat=None, lon=None, country=TW
[DEBUG] https://openalex.org/I4210105688 -> lat=None, lon=None, country=DE
[DEBUG] https://openalex.org/I4210088796 -> lat=41.553836822509766, lon=-70.60713195800781, country=US
[DEBUG] https://openalex.org/I4210137770 -> lat=None, lon=None, country=AT
[DEBUG] https://openalex.org/I4210138665 -> lat=None, lon=None, country=CA
[DEBUG] https://openalex.org/I1338503839 -> lat=42.14539337158203, lon=-77.05593872070312, country=US
[DEBUG] https://openalex.org/I75420490 -> lat=29.95465, lon=-90.07507, country=US
[DEBUG] https://openalex.org/I83809506 -> lat=30.694360733032227, lon=-88.04305267333984, country=US
[DEBUG] https://openalex.org/I177065122 -> lat=29.763280868530273, lon=-95.36327362060547, country=US
[DEBUG] https://openalex.org/I4210150558 -> lat=None, lon=None, country=CN
[DEBUG] https://openalex.org/I44675526 -> lat=None, lon=None, country=CN
[DEBUG] https://openalex.org/I4391012619 -> lat=None, lon=None, country=None
[DEBUG] https://openalex.org/I60158472 -> lat=None, lon=None, country=CA
[DEBUG] https://openalex.org/I4210110718 -> lat=None, lon=None, country=CN
[DEBUG] https://openalex.org/I4210130154 -> lat=None, lon=None, country=FR
[DEBUG] https://openalex.org/I1314251682 -> lat=None, lon=None, country=MA
[DEBUG] https://openalex.org/I45683168 -> lat=None, lon=None, country=CA
[DEBUG] https://openalex.org/I4210142886 -> lat=None, lon=None, country=KR
[DEBUG] https://openalex.org/I2801036362 -> lat=None, lon=None, country=KR
[DEBUG] https://openalex.org/I162148367 -> lat=None, lon=None, country=CL
[DEBUG] https://openalex.org/I4210117923 -> lat=41.85002899169922, lon=-87.6500473022461, country=US
[DEBUG] https://openalex.org/I4210104270 -> lat=39.29037857055664, lon=-76.61219024658203, country=US
[DEBUG] https://openalex.org/I37446213 -> lat=None, lon=None, country=ES
[DEBUG] https://openalex.org/I4210126850 -> lat=42.70457458496094, lon=-71.14492797851562, country=US
[DEBUG] https://openalex.org/I102252114 -> lat=40.266998291015625, lon=-74.74635314941406, country=US
[DEBUG] https://openalex.org/I2800052317 -> lat=None, lon=None, country=IL
[DEBUG] https://openalex.org/I4210140690 -> lat=41.2305793762207, lon=-111.97530364990234, country=US
[DEBUG] https://openalex.org/I4210152711 -> lat=35.00736999511719, lon=-80.94508361816406, country=US
[DEBUG] https://openalex.org/I4210159807 -> lat=None, lon=None, country=JP
[DEBUG] https://openalex.org/I2800773959 -> lat=42.08836, lon=-87.98063, country=US
[DEBUG] https://openalex.org/I4210115081 -> lat=42.3631477355957, lon=-71.06676483154297, country=US
[DEBUG] https://openalex.org/I2800314821 -> lat=41.30584716796875, lon=-72.93047332763672, country=US
[DEBUG] https://openalex.org/I181401687 -> lat=38.895111083984375, lon=-77.03636932373047, country=US
[DEBUG] https://openalex.org/I71815811 -> lat=None, lon=None, country=FR
[DEBUG] https://openalex.org/I4210153061 -> lat=38.89573669433594, lon=-77.07283782958984, country=US
[DEBUG] https://openalex.org/I4210100041 -> lat=None, lon=None, country=AU
[DEBUG] https://openalex.org/I9341345 -> lat=None, lon=None, country=DE
[DEBUG] https://openalex.org/I107118585 -> lat=39.4361686706543, lon=-77.8023681640625, country=US
[DEBUG] https://openalex.org/I138873065 -> lat=40.81315994262695, lon=-73.56735229492188, country=US
[DEBUG] https://openalex.org/I1280339224 -> lat=39.04731750488281, lon=-77.1124267578125, country=US
[DEBUG] https://openalex.org/I54713919 -> lat=40.96342, lon=-76.61273, country=US
[DEBUG] https://openalex.org/I4210109567 -> lat=33.798370361328125, lon=-84.32723999023438, country=US
[DEBUG] https://openalex.org/I1293487830 -> lat=40.96753692626953, lon=-76.60446166992188, country=US
[DEBUG] https://openalex.org/I4210148829 -> lat=None, lon=None, country=GB
[DEBUG] https://openalex.org/I4210131859 -> lat=40.79338836669922, lon=-77.86000061035156, country=US
[DEBUG] https://openalex.org/I2802216851 -> lat=41.661128997802734, lon=-91.53016662597656, country=US
[DEBUG] https://openalex.org/I2799303425 -> lat=None, lon=None, country=IE
[DEBUG] https://openalex.org/I1320796813 -> lat=40.71427, lon=-74.00597, country=US
[DEBUG] https://openalex.org/I4210127633 -> lat=41.894412994384766, lon=-87.60648345947266, country=US
[DEBUG] https://openalex.org/I130653702 -> lat=None, lon=None, country=SG
[DEBUG] https://openalex.org/I4210117998 -> lat=44.426273345947266, lon=-69.00714874267578, country=US
[DEBUG] https://openalex.org/I1315135799 -> lat=44.677730560302734, lon=-90.17732238769531, country=US
[DEBUG] https://openalex.org/I4210087865 -> lat=41.85002899169922, lon=-87.6500473022461, country=US
[DEBUG] https://openalex.org/I2802296350 -> lat=36.56571578979492, lon=-79.4085464477539, country=US
[DEBUG] https://openalex.org/I4210122924 -> lat=39.9523811340332, lon=-75.16361999511719, country=US
[DEBUG] https://openalex.org/I4210153153 -> lat=37.672935485839844, lon=-121.90296173095703, country=US
[DEBUG] https://openalex.org/I4210117083 -> lat=40.005088806152344, lon=-75.15159606933594, country=US
[DEBUG] https://openalex.org/I169333911 -> lat=None, lon=None, country=PL
[DEBUG] https://openalex.org/I40413290 -> lat=None, lon=None, country=PL
[DEBUG] https://openalex.org/I6059380 -> lat=39.29037857055664, lon=-76.61219024658203, country=US
[DEBUG] https://openalex.org/I4389424196 -> lat=None, lon=None, country=None
[DEBUG] https://openalex.org/I4210112515 -> lat=38.987422943115234, lon=-76.94266510009766, country=US
[DEBUG] https://openalex.org/I79272384 -> lat=39.29037857055664, lon=-76.61219024658203, country=US
[DEBUG] https://openalex.org/I4210113689 -> lat=39.185367584228516, lon=-76.80997467041016, country=US
[DEBUG] https://openalex.org/I2800381926 -> lat=None, lon=None, country=JP
[DEBUG] https://openalex.org/I4210104143 -> lat=None, lon=None, country=JP
[DEBUG] https://openalex.org/I4210158934 -> lat=None, lon=None, country=JP
[DEBUG] https://openalex.org/I46980622 -> lat=None, lon=None, country=JP
[DEBUG] https://openalex.org/I4210159530 -> lat=None, lon=None, country=GB
[DEBUG] https://openalex.org/I136705414 -> lat=None, lon=None, country=JP
[DEBUG] https://openalex.org/I4210141988 -> lat=None, lon=None, country=FR
[DEBUG] https://openalex.org/I4210097491 -> lat=37.382972717285156, lon=-122.03366088867188, country=US
[DEBUG] https://openalex.org/I53107984 -> lat=34.07691955566406, lon=-118.47550964355469, country=US
[DEBUG] https://openalex.org/I4210125748 -> lat=None, lon=None, country=CN
[DEBUG] https://openalex.org/I4210112230 -> lat=None, lon=None, country=CN
[DEBUG] https://openalex.org/I4210158139 -> lat=None, lon=None, country=CN
[DEBUG] https://openalex.org/I42894916 -> lat=None, lon=None, country=AU
[DEBUG] https://openalex.org/I4391768272 -> lat=None, lon=None, country=None
[DEBUG] https://openalex.org/I123946342 -> lat=42.098690032958984, lon=-75.91796875, country=US
[DEBUG] https://openalex.org/I4210087931 -> lat=None, lon=None, country=KE
[DEBUG] https://openalex.org/I4210146959 -> lat=None, lon=None, country=CN
[DEBUG] https://openalex.org/I4210153182 -> lat=None, lon=None, country=CN
[DEBUG] https://openalex.org/I4210128818 -> lat=None, lon=None, country=CN
[DEBUG] https://openalex.org/I14894300 -> lat=None, lon=None, country=CN
[DEBUG] https://openalex.org/I4210094964 -> lat=None, lon=None, country=CN
[DEBUG] https://openalex.org/I45928872 -> lat=None, lon=None, country=CN
[DEBUG] https://openalex.org/I200769079 -> lat=None, lon=None, country=HK
[DEBUG] https://openalex.org/I204512498 -> lat=None, lon=None, country=MO
[DEBUG] https://openalex.org/I15062923 -> lat=None, lon=None, country=CN
[DEBUG] https://openalex.org/I4210144289 -> lat=None, lon=None, country=CN
[DEBUG] https://openalex.org/I4210121586 -> lat=None, lon=None, country=CN
[DEBUG] https://openalex.org/I205158640 -> lat=None, lon=None, country=SE
[DEBUG] https://openalex.org/I4210104944 -> lat=None, lon=None, country=CN
[DEBUG] https://openalex.org/I2802497816 -> lat=None, lon=None, country=CN
[DEBUG] https://openalex.org/I174025329 -> lat=None, lon=None, country=AU
[DEBUG] https://openalex.org/I4210098880 -> lat=None, lon=None, country=CN
[DEBUG] https://openalex.org/I4210088331 -> lat=None, lon=None, country=CN
[DEBUG] https://openalex.org/I4210100300 -> lat=None, lon=None, country=CN
[DEBUG] https://openalex.org/I4210112540 -> lat=None, lon=None, country=CN
[DEBUG] https://openalex.org/I4210126794 -> lat=None, lon=None, country=CN
[DEBUG] https://openalex.org/I4210115813 -> lat=None, lon=None, country=CN
[DEBUG] https://openalex.org/I26274970 -> lat=37.44429016113281, lon=-122.16161346435547, country=US
[DEBUG] https://openalex.org/I186903577 -> lat=None, lon=None, country=LU
[DEBUG] https://openalex.org/I4210145500 -> lat=None, lon=None, country=CN
[DEBUG] https://openalex.org/I4210092582 -> lat=None, lon=None, country=CN
[DEBUG] https://openalex.org/I4210127216 -> lat=None, lon=None, country=CN
[DEBUG] https://openalex.org/I4210139553 -> lat=None, lon=None, country=CN
[DEBUG] https://openalex.org/I4210113369 -> lat=None, lon=None, country=CN
[DEBUG] https://openalex.org/I2250653659 -> lat=None, lon=None, country=CN
[DEBUG] https://openalex.org/I120379545 -> lat=None, lon=None, country=CN
[DEBUG] https://openalex.org/I4210125143 -> lat=None, lon=None, country=CN
[DEBUG] https://openalex.org/I4210165734 -> lat=None, lon=None, country=CN
[DEBUG] https://openalex.org/I4210104289 -> lat=38.89428, lon=-77.4311, country=US
[DEBUG] https://openalex.org/I4210144482 -> lat=None, lon=None, country=CN
[DEBUG] https://openalex.org/I4210113896 -> lat=None, lon=None, country=CN
[DEBUG] https://openalex.org/I4210101167 -> lat=None, lon=None, country=CN
[DEBUG] https://openalex.org/I4210145278 -> lat=None, lon=None, country=CN
[DEBUG] https://openalex.org/I4210098017 -> lat=None, lon=None, country=CN
[DEBUG] https://openalex.org/I4391768103 -> lat=None, lon=None, country=None
[DEBUG] https://openalex.org/I4210108451 -> lat=37.354103088378906, lon=-121.95931243896484, country=US
[DEBUG] https://openalex.org/I198959115 -> lat=None, lon=None, country=CN
[DEBUG] https://openalex.org/I4210154749 -> lat=None, lon=None, country=CN
[DEBUG] https://openalex.org/I4210089514 -> lat=None, lon=None, country=CN
[DEBUG] https://openalex.org/I4391767820 -> lat=None, lon=None, country=None
[DEBUG] https://openalex.org/I4210090603 -> lat=None, lon=None, country=CN
[DEBUG] https://openalex.org/I148366613 -> lat=None, lon=None, country=TW
[DEBUG] https://openalex.org/I114493937 -> lat=41.25625991821289, lon=-95.9404296875, country=US
[DEBUG] https://openalex.org/I27599042 -> lat=None, lon=None, country=CN
[DEBUG] https://openalex.org/I4210149517 -> lat=None, lon=None, country=CN
[DEBUG] https://openalex.org/I4210118977 -> lat=None, lon=None, country=CN
[DEBUG] https://openalex.org/I83328450 -> lat=39.50699996948242, lon=-84.74523162841797, country=US
[DEBUG] https://openalex.org/I4750791 -> lat=None, lon=None, country=CN
[DEBUG] https://openalex.org/I1308199089 -> lat=None, lon=None, country=CN
[DEBUG] https://openalex.org/I4210155307 -> lat=38.99547576904297, lon=-77.0282974243164, country=US
[DEBUG] https://openalex.org/I4403928287 -> lat=None, lon=None, country=None
[DEBUG] https://openalex.org/I4210140874 -> lat=None, lon=None, country=FR
[DEBUG] https://openalex.org/I932564295 -> lat=None, lon=None, country=NL
[DEBUG] https://openalex.org/I2800700664 -> lat=29.55221176147461, lon=-98.2688217163086, country=US
[DEBUG] https://openalex.org/I1286498122 -> lat=37.42762756347656, lon=-122.16700744628906, country=US
[DEBUG] https://openalex.org/I4210115305 -> lat=None, lon=None, country=DE
[DEBUG] https://openalex.org/I4210097795 -> lat=None, lon=None, country=CH
[DEBUG] https://openalex.org/I4210147185 -> lat=None, lon=None, country=DE
[DEBUG] https://openalex.org/I4210094118 -> lat=None, lon=None, country=DE
[DEBUG] https://openalex.org/I4210143169 -> lat=None, lon=None, country=FR
[DEBUG] https://openalex.org/I4210160367 -> lat=None, lon=None, country=SI
[DEBUG] https://openalex.org/I4210111344 -> lat=None, lon=None, country=DE
[DEBUG] https://openalex.org/I4210125796 -> lat=None, lon=None, country=DE
[DEBUG] https://openalex.org/I165733156 -> lat=33.9609489440918, lon=-83.37793731689453, country=US
[DEBUG] https://openalex.org/I138220800 -> lat=33.08224868774414, lon=-83.23098754882812, country=US
[DEBUG] https://openalex.org/I4210089266 -> lat=37.87640380859375, lon=-122.2595443725586, country=US
[DEBUG] https://openalex.org/I4210159838 -> lat=39.12681579589844, lon=-77.21855926513672, country=US
[DEBUG] https://openalex.org/I143379178 -> lat=None, lon=None, country=DE
[DEBUG] https://openalex.org/I4210108585 -> lat=None, lon=None, country=IN
[DEBUG] https://openalex.org/I4210121164 -> lat=None, lon=None, country=SE
[DEBUG] https://openalex.org/I2799744481 -> lat=41.13358688354492, lon=-85.07926177978516, country=US
[DEBUG] https://openalex.org/I2799886051 -> lat=36.06783676147461, lon=-94.17366027832031, country=US
[DEBUG] https://openalex.org/I1320343167 -> lat=38.62726974487305, lon=-90.19789123535156, country=US
[DEBUG] https://openalex.org/I4210161767 -> lat=37.31247329711914, lon=-121.93121337890625, country=US
[DEBUG] https://openalex.org/I1282883388 -> lat=30.26715087890625, lon=-97.74305725097656, country=US
[DEBUG] https://openalex.org/I4210119317 -> lat=None, lon=None, country=CH
[DEBUG] https://openalex.org/I4210125891 -> lat=42.35986328125, lon=-71.10458374023438, country=US
[DEBUG] https://openalex.org/I112475681 -> lat=38.96343994140625, lon=-76.931640625, country=US
[DEBUG] https://openalex.org/I4210148180 -> lat=None, lon=None, country=GB
[DEBUG] https://openalex.org/I2801965753 -> lat=38.89802551269531, lon=-77.04257202148438, country=US
[DEBUG] https://openalex.org/I119530710 -> lat=None, lon=None, country=JP
[DEBUG] https://openalex.org/I24541011 -> lat=None, lon=None, country=KR
[DEBUG] https://openalex.org/I4210139925 -> lat=None, lon=None, country=KR
[DEBUG] https://openalex.org/I4210100816 -> lat=None, lon=None, country=GB
[DEBUG] https://openalex.org/I4210164816 -> lat=None, lon=None, country=NL
[DEBUG] https://openalex.org/I70591777 -> lat=None, lon=None, country=KR
[DEBUG] https://openalex.org/I110273157 -> lat=None, lon=None, country=KR
[DEBUG] https://openalex.org/I4210093450 -> lat=42.52392578125, lon=-70.99131774902344, country=US
[DEBUG] https://openalex.org/I96408529 -> lat=40.47560119628906, lon=-85.49442291259766, country=US
[DEBUG] https://openalex.org/I50557253 -> lat=None, lon=None, country=IN
[DEBUG] https://openalex.org/I889937125 -> lat=42.35075759887695, lon=-71.05029296875, country=US
[DEBUG] https://openalex.org/I4210124063 -> lat=42.35213088989258, lon=-71.0631332397461, country=US
[DEBUG] https://openalex.org/I35961687 -> lat=None, lon=None, country=CO
[DEBUG] https://openalex.org/I3019479954 -> lat=None, lon=None, country=CO
[DEBUG] https://openalex.org/I130442723 -> lat=None, lon=None, country=BR
[DEBUG] https://openalex.org/I4210160412 -> lat=None, lon=None, country=GE
[DEBUG] https://openalex.org/I3130590218 -> lat=None, lon=None, country=CO
[DEBUG] https://openalex.org/I4210120689 -> lat=None, lon=None, country=DE
[DEBUG] https://openalex.org/I59293822 -> lat=None, lon=None, country=CA
[DEBUG] https://openalex.org/I4210101986 -> lat=None, lon=None, country=ES
[DEBUG] https://openalex.org/I4210141800 -> lat=None, lon=None, country=ES
[DEBUG] https://openalex.org/I1313558178 -> lat=42.83998489379883, lon=-85.65760803222656, country=US
[DEBUG] https://openalex.org/I4210141572 -> lat=None, lon=None, country=CO
[DEBUG] https://openalex.org/I862322245 -> lat=None, lon=None, country=CO
[DEBUG] https://openalex.org/I4210098262 -> lat=40.71676254272461, lon=-74.01649475097656, country=US
[DEBUG] https://openalex.org/I4210118468 -> lat=None, lon=None, country=PA
[DEBUG] https://openalex.org/I4210151000 -> lat=None, lon=None, country=EC
[DEBUG] https://openalex.org/I4210161867 -> lat=None, lon=None, country=CO
[DEBUG] https://openalex.org/I262857778 -> lat=None, lon=None, country=PH
[DEBUG] https://openalex.org/I4210124396 -> lat=None, lon=None, country=ES
[DEBUG] https://openalex.org/I10052268 -> lat=32.31232, lon=-106.77834, country=US
[DEBUG] https://openalex.org/I4210138551 -> lat=None, lon=None, country=DE
[DEBUG] https://openalex.org/I4210134900 -> lat=None, lon=None, country=DE
[DEBUG] https://openalex.org/I39822340 -> lat=37.22956848144531, lon=-80.4139404296875, country=US
[DEBUG] https://openalex.org/I4210113188 -> lat=None, lon=None, country=SG
[DEBUG] https://openalex.org/I4210098220 -> lat=None, lon=None, country=SG
[DEBUG] https://openalex.org/I4210149540 -> lat=None, lon=None, country=CN
[DEBUG] https://openalex.org/I4210142123 -> lat=None, lon=None, country=ES
[DEBUG] https://openalex.org/I4210105704 -> lat=None, lon=None, country=SG
[DEBUG] https://openalex.org/I2800965796 -> lat=None, lon=None, country=SA
[DEBUG] https://openalex.org/I4210145822 -> lat=None, lon=None, country=TW
[DEBUG] https://openalex.org/I4210120917 -> lat=None, lon=None, country=TW
[DEBUG] https://openalex.org/I4210124219 -> lat=None, lon=None, country=CA
[DEBUG] https://openalex.org/I4210110458 -> lat=None, lon=None, country=CN
[DEBUG] https://openalex.org/I151727225 -> lat=None, lon=None, country=CN
[DEBUG] https://openalex.org/I16269868 -> lat=37.35411071777344, lon=-121.95523834228516, country=US
[DEBUG] https://openalex.org/I4210153531 -> lat=35.87518310546875, lon=-83.7630386352539, country=US
[DEBUG] https://openalex.org/I4210129483 -> lat=37.372596740722656, lon=-122.03601837158203, country=US
[DEBUG] https://openalex.org/I4210094306 -> lat=37.02987, lon=-76.34522, country=US
[DEBUG] https://openalex.org/I4210145006 -> lat=41.885162353515625, lon=-87.62316131591797, country=US
[DEBUG] https://openalex.org/I4391767893 -> lat=None, lon=None, country=None
[DEBUG] https://openalex.org/I1319063186 -> lat=37.029869079589844, lon=-76.34522247314453, country=US
[DEBUG] https://openalex.org/I4210105730 -> lat=39.62799835205078, lon=-84.1940689086914, country=US
[DEBUG] https://openalex.org/I32597200 -> lat=None, lon=None, country=BE
[DEBUG] https://openalex.org/I10986801 -> lat=34.75600051879883, lon=-86.65299987792969, country=US
[DEBUG] https://openalex.org/I4210101778 -> lat=40.85704040527344, lon=-74.02153015136719, country=US
[DEBUG] https://openalex.org/I4210133173 -> lat=38.80484, lon=-77.04692, country=US
[DEBUG] https://openalex.org/I4210106615 -> lat=47.62394332885742, lon=-122.33409881591797, country=US
[DEBUG] https://openalex.org/I189090001 -> lat=None, lon=None, country=DK
[DEBUG] https://openalex.org/I4210166329 -> lat=None, lon=None, country=FR
[DEBUG] https://openalex.org/I1303153112 -> lat=None, lon=None, country=GB
[DEBUG] https://openalex.org/I4388482661 -> lat=None, lon=None, country=None
[DEBUG] https://openalex.org/I4210123705 -> lat=None, lon=None, country=DE
[DEBUG] https://openalex.org/I4210148113 -> lat=None, lon=None, country=DE
[DEBUG] https://openalex.org/I67415387 -> lat=None, lon=None, country=GB
[DEBUG] https://openalex.org/I2803037450 -> lat=35.86014938354492, lon=-86.42445373535156, country=US
[DEBUG] https://openalex.org/I4210113364 -> lat=None, lon=None, country=DE
[DEBUG] https://openalex.org/I164387090 -> lat=None, lon=None, country=DE
[DEBUG] https://openalex.org/I4210107408 -> lat=40.804779052734375, lon=-73.93406677246094, country=US
[DEBUG] https://openalex.org/I2799712993 -> lat=42.18895721435547, lon=-71.20171356201172, country=US
[DEBUG] https://openalex.org/I3129555431 -> lat=None, lon=None, country=DE
[DEBUG] https://openalex.org/I70142805 -> lat=43.628997802734375, lon=-84.27627563476562, country=US
[DEBUG] https://openalex.org/I22138158 -> lat=None, lon=None, country=CH
[DEBUG] https://openalex.org/I2800226986 -> lat=38.95170974731445, lon=-92.33406829833984, country=US
[DEBUG] https://openalex.org/I4210086495 -> lat=33.71718978881836, lon=-117.80325317382812, country=US
[DEBUG] https://openalex.org/I4210127207 -> lat=None, lon=None, country=CA
[DEBUG] https://openalex.org/I4210139308 -> lat=None, lon=None, country=CA
[DEBUG] https://openalex.org/I4210119705 -> lat=42.385520935058594, lon=-71.26565551757812, country=US
[DEBUG] https://openalex.org/I4210125757 -> lat=42.37649154663086, lon=-71.23561096191406, country=US
[DEBUG] https://openalex.org/I4210110978 -> lat=41.4995, lon=-81.69541, country=US
[DEBUG] https://openalex.org/I2800290161 -> lat=None, lon=None, country=CA
[DEBUG] https://openalex.org/I204308271 -> lat=43.03889846801758, lon=-87.9064712524414, country=US
[DEBUG] https://openalex.org/I2801766832 -> lat=None, lon=None, country=CA
[DEBUG] https://openalex.org/I1299218025 -> lat=41.4995, lon=-81.69541, country=US
[DEBUG] https://openalex.org/I4210157264 -> lat=41.46217346191406, lon=-81.69709014892578, country=US
[DEBUG] https://openalex.org/I2799337515 -> lat=None, lon=None, country=CA
[DEBUG] https://openalex.org/I57093077 -> lat=None, lon=None, country=AU
[DEBUG] https://openalex.org/I2800006345 -> lat=None, lon=None, country=NL
[DEBUG] https://openalex.org/I4210153238 -> lat=None, lon=None, country=IS
[DEBUG] https://openalex.org/I2799318839 -> lat=None, lon=None, country=DE
[DEBUG] https://openalex.org/I4210123128 -> lat=32.284950256347656, lon=-110.93485260009766, country=US
[DEBUG] https://openalex.org/I4210145612 -> lat=39.10912322998047, lon=-77.1756820678711, country=US
[DEBUG] https://openalex.org/I4210147586 -> lat=29.763280868530273, lon=-95.36327362060547, country=US
[DEBUG] https://openalex.org/I2799393793 -> lat=None, lon=None, country=AU
[DEBUG] https://openalex.org/I2800079252 -> lat=None, lon=None, country=AU
[DEBUG] https://openalex.org/I25790992 -> lat=29.59576988220215, lon=-90.71952819824219, country=US
[DEBUG] https://openalex.org/I2800191616 -> lat=None, lon=None, country=NL
[DEBUG] https://openalex.org/I123185442 -> lat=None, lon=None, country=IS
[DEBUG] https://openalex.org/I4210136897 -> lat=39.29037857055664, lon=-76.61219024658203, country=US
[DEBUG] https://openalex.org/I4210106610 -> lat=None, lon=None, country=IS
[DEBUG] https://openalex.org/I4210151055 -> lat=42.35548400878906, lon=-72.49092864990234, country=US
[DEBUG] https://openalex.org/I3018483916 -> lat=None, lon=None, country=NL
[DEBUG] https://openalex.org/I2800296752 -> lat=42.28520965576172, lon=-71.4187240600586, country=US
[DEBUG] https://openalex.org/I1311269955 -> lat=None, lon=None, country=IL
[DEBUG] https://openalex.org/I2802086085 -> lat=None, lon=None, country=DK
[DEBUG] https://openalex.org/I29606459 -> lat=32.32963180541992, lon=-90.19607543945312, country=US
[DEBUG] https://openalex.org/I4210136996 -> lat=42.33026885986328, lon=-71.0838623046875, country=US
[DEBUG] https://openalex.org/I4210150176 -> lat=41.83417510986328, lon=-88.00753021240234, country=US
[DEBUG] https://openalex.org/I4210108711 -> lat=None, lon=None, country=DE
[DEBUG] https://openalex.org/I98702875 -> lat=None, lon=None, country=FR
[DEBUG] https://openalex.org/I96323854 -> lat=None, lon=None, country=None
[DEBUG] https://openalex.org/I2801770128 -> lat=37.49795913696289, lon=-77.46681213378906, country=US
[DEBUG] https://openalex.org/I2802476176 -> lat=39.98820114135742, lon=-75.26183319091797, country=US
[DEBUG] https://openalex.org/I4210148930 -> lat=42.16401672363281, lon=-71.46621704101562, country=US
[DEBUG] https://openalex.org/I4210163729 -> lat=None, lon=None, country=CA
[DEBUG] https://openalex.org/I66890659 -> lat=None, lon=None, country=CA
[DEBUG] https://openalex.org/I4210138405 -> lat=30.295583724975586, lon=-97.82518005371094, country=US
[DEBUG] https://openalex.org/I4210137149 -> lat=42.305484771728516, lon=-71.2287826538086, country=US
[DEBUG] https://openalex.org/I4210166361 -> lat=42.3109245300293, lon=-71.2261962890625, country=US
[DEBUG] https://openalex.org/I8248082 -> lat=30.43825912475586, lon=-84.28073120117188, country=US
[DEBUG] https://openalex.org/I1323276237 -> lat=30.420364379882812, lon=-84.31790924072266, country=US
[DEBUG] https://openalex.org/I149292303 -> lat=31.79805564880371, lon=-85.95388793945312, country=US
[DEBUG] https://openalex.org/I2801582665 -> lat=38.89482879638672, lon=-77.03014373779297, country=US
[DEBUG] https://openalex.org/I32038505 -> lat=35.07699966430664, lon=-92.45700073242188, country=US
[DEBUG] https://openalex.org/I2802366037 -> lat=32.783058166503906, lon=-96.80667114257812, country=US
[DEBUG] https://openalex.org/I32480017 -> lat=28.039470672607422, lon=-81.94979858398438, country=US
[DEBUG] https://openalex.org/I98813999 -> lat=41.8940544128418, lon=-87.62239074707031, country=US
[DEBUG] https://openalex.org/I4210152127 -> lat=42.50981, lon=-72.69953, country=US
[DEBUG] https://openalex.org/I4210151178 -> lat=None, lon=None, country=GB
[DEBUG] https://openalex.org/I4210105737 -> lat=None, lon=None, country=IN
[DEBUG] https://openalex.org/I4210136420 -> lat=30.477298736572266, lon=-84.22409057617188, country=US
[DEBUG] https://openalex.org/I4210124755 -> lat=None, lon=None, country=EG
[DEBUG] https://openalex.org/I4210110539 -> lat=45.50282287597656, lon=-122.67523193359375, country=US
[DEBUG] https://openalex.org/I137473845 -> lat=40.00751876831055, lon=-105.26873779296875, country=US
[DEBUG] https://openalex.org/I4210146205 -> lat=None, lon=None, country=CN
[DEBUG] https://openalex.org/I870392255 -> lat=None, lon=None, country=CN
[DEBUG] https://openalex.org/I4210115277 -> lat=None, lon=None, country=FR
[DEBUG] https://openalex.org/I4210089756 -> lat=None, lon=None, country=CN
[DEBUG] https://openalex.org/I46529539 -> lat=None, lon=None, country=CN
[DEBUG] https://openalex.org/I4210151987 -> lat=None, lon=None, country=CN
[DEBUG] https://openalex.org/I4210098034 -> lat=None, lon=None, country=CN
[DEBUG] https://openalex.org/I4210155322 -> lat=None, lon=None, country=CN
[DEBUG] https://openalex.org/I79731167 -> lat=None, lon=None, country=CN
[DEBUG] https://openalex.org/I4210085980 -> lat=None, lon=None, country=CN
[DEBUG] https://openalex.org/I4210156095 -> lat=None, lon=None, country=CN
[DEBUG] https://openalex.org/I4210119987 -> lat=None, lon=None, country=CN
[DEBUG] https://openalex.org/I10535382 -> lat=None, lon=None, country=CN
[DEBUG] https://openalex.org/I1298590031 -> lat=None, lon=None, country=JP
[DEBUG] https://openalex.org/I140744787 -> lat=None, lon=None, country=CZ
[DEBUG] https://openalex.org/I85922643 -> lat=None, lon=None, country=JP
[DEBUG] https://openalex.org/I4210154135 -> lat=None, lon=None, country=JP
[DEBUG] https://openalex.org/I182069643 -> lat=None, lon=None, country=JP
[DEBUG] https://openalex.org/I4210108598 -> lat=None, lon=None, country=JP
[DEBUG] https://openalex.org/I4210102472 -> lat=None, lon=None, country=CH
[DEBUG] https://openalex.org/I4210155313 -> lat=None, lon=None, country=KR
[DEBUG] https://openalex.org/I4210120052 -> lat=None, lon=None, country=KR
[DEBUG] https://openalex.org/I4210089431 -> lat=40.794132232666016, lon=-73.47116088867188, country=US
[DEBUG] https://openalex.org/I94588446 -> lat=None, lon=None, country=KR
[DEBUG] https://openalex.org/I4210090980 -> lat=None, lon=None, country=KR
[DEBUG] https://openalex.org/I39705031 -> lat=None, lon=None, country=KR
[DEBUG] https://openalex.org/I4210152466 -> lat=None, lon=None, country=KR
[DEBUG] https://openalex.org/I4210159349 -> lat=39.08506393432617, lon=-77.15662384033203, country=US
[DEBUG] https://openalex.org/I52099693 -> lat=None, lon=None, country=GB
[DEBUG] https://openalex.org/I170528797 -> lat=None, lon=None, country=GB
[DEBUG] https://openalex.org/I178535277 -> lat=None, lon=None, country=GB
[DEBUG] https://openalex.org/I4210140445 -> lat=None, lon=None, country=GB
[DEBUG] https://openalex.org/I32394136 -> lat=None, lon=None, country=GB
[DEBUG] https://openalex.org/I4210122987 -> lat=42.42720031738281, lon=-71.06912231445312, country=US
[DEBUG] https://openalex.org/I4210088978 -> lat=None, lon=None, country=SE
[DEBUG] https://openalex.org/I166337079 -> lat=None, lon=None, country=GB
[DEBUG] https://openalex.org/I4389425502 -> lat=None, lon=None, country=None
[DEBUG] https://openalex.org/I200475212 -> lat=None, lon=None, country=JP
[DEBUG] https://openalex.org/I29457043 -> lat=None, lon=None, country=JP
[DEBUG] https://openalex.org/I2802406757 -> lat=None, lon=None, country=JP
[DEBUG] https://openalex.org/I4210111779 -> lat=None, lon=None, country=TW
[DEBUG] https://openalex.org/I4210131271 -> lat=None, lon=None, country=CN
[DEBUG] https://openalex.org/I4210099955 -> lat=None, lon=None, country=CA
[DEBUG] https://openalex.org/I163770644 -> lat=None, lon=None, country=JP
[DEBUG] https://openalex.org/I912014387 -> lat=None, lon=None, country=JP
[DEBUG] https://openalex.org/I34077901 -> lat=None, lon=None, country=JP
[DEBUG] https://openalex.org/I7118282 -> lat=41.01070022583008, lon=-73.9346694946289, country=US
[DEBUG] https://openalex.org/I4210133773 -> lat=None, lon=None, country=GR
[DEBUG] https://openalex.org/I4210108037 -> lat=None, lon=None, country=EC
[DEBUG] https://openalex.org/I21862455 -> lat=None, lon=None, country=GB
[DEBUG] https://openalex.org/I1307946715 -> lat=None, lon=None, country=GB
[DEBUG] https://openalex.org/I224954996 -> lat=None, lon=None, country=PE
[DEBUG] https://openalex.org/I202429437 -> lat=None, lon=None, country=IN
[DEBUG] https://openalex.org/I103922791 -> lat=37.77492904663086, lon=-122.41941833496094, country=US
[DEBUG] https://openalex.org/I2801317473 -> lat=42.33300018310547, lon=-85.17900085449219, country=US
[DEBUG] https://openalex.org/I4210158168 -> lat=None, lon=None, country=AU
[DEBUG] https://openalex.org/I4210146378 -> lat=42.25179672241211, lon=-88.97077178955078, country=US
[DEBUG] https://openalex.org/I4210127875 -> lat=37.35411071777344, lon=-121.95523834228516, country=US
[DEBUG] https://openalex.org/I142974352 -> lat=None, lon=None, country=TW
[DEBUG] https://openalex.org/I148099254 -> lat=None, lon=None, country=TW
[DEBUG] https://openalex.org/I152743029 -> lat=None, lon=None, country=TW
[DEBUG] https://openalex.org/I70522481 -> lat=None, lon=None, country=TW
[DEBUG] https://openalex.org/I4210100562 -> lat=None, lon=None, country=FR
[DEBUG] https://openalex.org/I4210125137 -> lat=None, lon=None, country=CN
[DEBUG] https://openalex.org/I9617848 -> lat=None, lon=None, country=ES
[DEBUG] https://openalex.org/I4210109170 -> lat=None, lon=None, country=FR
[DEBUG] https://openalex.org/I12323705 -> lat=None, lon=None, country=IT
[DEBUG] https://openalex.org/I80251312 -> lat=None, lon=None, country=HU
[DEBUG] https://openalex.org/I7597260 -> lat=None, lon=None, country=HU
[DEBUG] https://openalex.org/I2802534935 -> lat=None, lon=None, country=DE
[DEBUG] https://openalex.org/I145402516 -> lat=42.788818359375, lon=-86.1041030883789, country=US
[DEBUG] https://openalex.org/I4210162950 -> lat=42.36756896972656, lon=-71.085205078125, country=US
[DEBUG] https://openalex.org/I4210097386 -> lat=None, lon=None, country=VE
[DEBUG] https://openalex.org/I4210147916 -> lat=None, lon=None, country=SG
[DEBUG] https://openalex.org/I4210097902 -> lat=None, lon=None, country=NL
[DEBUG] https://openalex.org/I4210121626 -> lat=39.080509185791016, lon=-77.23397827148438, country=US
[DEBUG] https://openalex.org/I59130452 -> lat=41.25626, lon=-95.94043, country=US
[DEBUG] https://openalex.org/I1307117695 -> lat=41.25626, lon=-95.94043, country=US
[DEBUG] https://openalex.org/I59028903 -> lat=None, lon=None, country=CN
[DEBUG] https://openalex.org/I74485261 -> lat=None, lon=None, country=CN
[DEBUG] https://openalex.org/I4210151829 -> lat=40.77250671386719, lon=-96.62252807617188, country=US
[DEBUG] https://openalex.org/I70571728 -> lat=41.293941497802734, lon=-82.21737670898438, country=US
[DEBUG] https://openalex.org/I2803028891 -> lat=39.957000732421875, lon=-75.16300201416016, country=US
[DEBUG] https://openalex.org/I4210094939 -> lat=None, lon=None, country=CA
[DEBUG] https://openalex.org/I2801004183 -> lat=31.073823928833008, lon=-97.35224914550781, country=US
[DEBUG] https://openalex.org/I28221208 -> lat=None, lon=None, country=FR
[DEBUG] https://openalex.org/I4210110444 -> lat=None, lon=None, country=DE
[DEBUG] https://openalex.org/I4399598389 -> lat=None, lon=None, country=None
[DEBUG] https://openalex.org/I2801290870 -> lat=None, lon=None, country=CH
[DEBUG] https://openalex.org/I4210123447 -> lat=None, lon=None, country=GB
[DEBUG] https://openalex.org/I114457229 -> lat=None, lon=None, country=CH
[DEBUG] https://openalex.org/I4210110728 -> lat=None, lon=None, country=CA
[DEBUG] https://openalex.org/I4210090693 -> lat=None, lon=None, country=HU
[DEBUG] https://openalex.org/I114017466 -> lat=None, lon=None, country=AU
[DEBUG] https://openalex.org/I4210157070 -> lat=42.4792594909668, lon=-71.15228271484375, country=US
[DEBUG] https://openalex.org/I2802557943 -> lat=None, lon=None, country=IT
[DEBUG] https://openalex.org/I4210153126 -> lat=None, lon=None, country=IT
[DEBUG] https://openalex.org/I2801049993 -> lat=None, lon=None, country=NO
[DEBUG] https://openalex.org/I103320735 -> lat=None, lon=None, country=IT
[DEBUG] https://openalex.org/I102179633 -> lat=40.73625564575195, lon=-73.99475860595703, country=US
[DEBUG] https://openalex.org/I2800297018 -> lat=None, lon=None, country=NO
[DEBUG] https://openalex.org/I1340918713 -> lat=None, lon=None, country=GB
[DEBUG] https://openalex.org/I4210151618 -> lat=None, lon=None, country=GB
[DEBUG] https://openalex.org/I3129407955 -> lat=None, lon=None, country=RU
[DEBUG] https://openalex.org/I4210102177 -> lat=None, lon=None, country=RU
[DEBUG] https://openalex.org/I1298453700 -> lat=40.01819610595703, lon=-105.24102783203125, country=US
[DEBUG] https://openalex.org/I4210167031 -> lat=39.981876373291016, lon=-82.99665069580078, country=US
[DEBUG] https://openalex.org/I125687163 -> lat=40.714271545410156, lon=-74.00596618652344, country=US
[DEBUG] https://openalex.org/I4210160609 -> lat=34.75837326049805, lon=-92.38861846923828, country=US
[DEBUG] https://openalex.org/I4210126694 -> lat=None, lon=None, country=DE
[DEBUG] https://openalex.org/I4210123216 -> lat=None, lon=None, country=HR
[DEBUG] https://openalex.org/I108403487 -> lat=None, lon=None, country=PL
[DEBUG] https://openalex.org/I4210132578 -> lat=None, lon=None, country=DE
[DEBUG] https://openalex.org/I4210086099 -> lat=None, lon=None, country=BR
[DEBUG] https://openalex.org/I5237613 -> lat=None, lon=None, country=DE
[DEBUG] https://openalex.org/I4210089213 -> lat=None, lon=None, country=PL
[DEBUG] https://openalex.org/I102401767 -> lat=34.74647903442383, lon=-92.28958892822266, country=US
[DEBUG] https://openalex.org/I125866687 -> lat=42.230560302734375, lon=-97.017822265625, country=US
[DEBUG] https://openalex.org/I4210100229 -> lat=None, lon=None, country=RU
[DEBUG] https://openalex.org/I4210127784 -> lat=None, lon=None, country=RU
[DEBUG] https://openalex.org/I103703290 -> lat=None, lon=None, country=TR
[DEBUG] https://openalex.org/I4210128565 -> lat=None, lon=None, country=FR
[DEBUG] https://openalex.org/I35777872 -> lat=36.07263946533203, lon=-79.79197692871094, country=US
[DEBUG] https://openalex.org/I72350588 -> lat=None, lon=None, country=GB
[DEBUG] https://openalex.org/I110002522 -> lat=None, lon=None, country=GB
[DEBUG] https://openalex.org/I63568130 -> lat=None, lon=None, country=IN
[DEBUG] https://openalex.org/I205478545 -> lat=None, lon=None, country=IN
[DEBUG] https://openalex.org/I190517652 -> lat=42.73698, lon=-84.48387, country=US
[DEBUG] https://openalex.org/I164135366 -> lat=None, lon=None, country=IN
[DEBUG] https://openalex.org/I4210165136 -> lat=None, lon=None, country=IN
[DEBUG] https://openalex.org/I335685885 -> lat=None, lon=None, country=IN
[DEBUG] https://openalex.org/I4210132317 -> lat=None, lon=None, country=IN
[DEBUG] https://openalex.org/I4402554027 -> lat=None, lon=None, country=None
[DEBUG] https://openalex.org/I4210090676 -> lat=36.003807067871094, lon=-78.94313049316406, country=US
[DEBUG] https://openalex.org/I340869894 -> lat=None, lon=None, country=IN
[DEBUG] https://openalex.org/I94616015 -> lat=None, lon=None, country=IN
[DEBUG] https://openalex.org/I51452335 -> lat=None, lon=None, country=IN
[DEBUG] https://openalex.org/I4210089002 -> lat=None, lon=None, country=IN
[DEBUG] https://openalex.org/I2802539864 -> lat=None, lon=None, country=IN
[DEBUG] https://openalex.org/I15991598 -> lat=None, lon=None, country=JP
[DEBUG] https://openalex.org/I207319670 -> lat=None, lon=None, country=JP
[DEBUG] https://openalex.org/I169556180 -> lat=None, lon=None, country=DE
[DEBUG] https://openalex.org/I4210156499 -> lat=None, lon=None, country=IN
[DEBUG] https://openalex.org/I63920570 -> lat=36.162841796875, lon=-85.50164031982422, country=US
[DEBUG] https://openalex.org/I4210152651 -> lat=None, lon=None, country=FR
[DEBUG] https://openalex.org/I126218986 -> lat=43.04241180419922, lon=-88.02408599853516, country=US
[DEBUG] https://openalex.org/I4210150362 -> lat=27.952848434448242, lon=-82.5264663696289, country=US
[DEBUG] https://openalex.org/I4210119745 -> lat=None, lon=None, country=IN
[DEBUG] https://openalex.org/I4210153756 -> lat=42.2895622253418, lon=-71.63186645507812, country=US
[DEBUG] https://openalex.org/I4210117952 -> lat=42.34593, lon=-71.55229, country=US
[DEBUG] https://openalex.org/I4210144645 -> lat=None, lon=None, country=KR
[DEBUG] https://openalex.org/I4210129287 -> lat=42.375099182128906, lon=-71.1056137084961, country=US
[DEBUG] https://openalex.org/I2948749339 -> lat=None, lon=None, country=DE
[DEBUG] https://openalex.org/I4210137597 -> lat=None, lon=None, country=MY
[DEBUG] https://openalex.org/I2800423888 -> lat=None, lon=None, country=BR
[DEBUG] https://openalex.org/I88273585 -> lat=None, lon=None, country=BR
[DEBUG] https://openalex.org/I4210149835 -> lat=None, lon=None, country=PT
[DEBUG] https://openalex.org/I4210140852 -> lat=None, lon=None, country=AU
[DEBUG] https://openalex.org/I96036126 -> lat=None, lon=None, country=JP
[DEBUG] https://openalex.org/I11385950 -> lat=None, lon=None, country=BR
[DEBUG] https://openalex.org/I4210153843 -> lat=None, lon=None, country=BR
[DEBUG] https://openalex.org/I4210149655 -> lat=None, lon=None, country=SI
[DEBUG] https://openalex.org/I4210146958 -> lat=39.10400390625, lon=-77.19707489013672, country=US
[DEBUG] https://openalex.org/I4390039307 -> lat=None, lon=None, country=None
[DEBUG] https://openalex.org/I32870303 -> lat=33.93305587768555, lon=-80.37388610839844, country=US
[DEBUG] https://openalex.org/I124574311 -> lat=42.37480163574219, lon=-71.10479736328125, country=US
[DEBUG] https://openalex.org/I4210096275 -> lat=39.74100112915039, lon=-104.83599853515625, country=US
[DEBUG] https://openalex.org/I1328594524 -> lat=39.084049224853516, lon=-94.57717895507812, country=US
[DEBUG] https://openalex.org/I917168660 -> lat=46.00381851196289, lon=-112.53473663330078, country=US
[DEBUG] https://openalex.org/I4210092243 -> lat=None, lon=None, country=KR
[DEBUG] https://openalex.org/I4210110804 -> lat=None, lon=None, country=DE
[DEBUG] https://openalex.org/I6750721 -> lat=46.87215042114258, lon=-113.99400329589844, country=US
[DEBUG] https://openalex.org/I4210119869 -> lat=None, lon=None, country=FR
[DEBUG] https://openalex.org/I2799486974 -> lat=None, lon=None, country=CN
[DEBUG] https://openalex.org/I205016115 -> lat=None, lon=None, country=CN
[DEBUG] https://openalex.org/I4210100934 -> lat=None, lon=None, country=CN
[DEBUG] https://openalex.org/I4210086011 -> lat=None, lon=None, country=CN
[DEBUG] https://openalex.org/I4210154486 -> lat=None, lon=None, country=IT
[DEBUG] https://openalex.org/I4391768003 -> lat=None, lon=None, country=None
[DEBUG] https://openalex.org/I150807315 -> lat=None, lon=None, country=CN
[DEBUG] https://openalex.org/I4210108565 -> lat=None, lon=None, country=CN
[DEBUG] https://openalex.org/I2802841970 -> lat=39.99479675292969, lon=-83.01769256591797, country=US
[DEBUG] https://openalex.org/I4210092839 -> lat=None, lon=None, country=CN
[DEBUG] https://openalex.org/I4210164192 -> lat=None, lon=None, country=CN
[DEBUG] https://openalex.org/I139351228 -> lat=36.01036071777344, lon=-84.26963806152344, country=US
[DEBUG] https://openalex.org/I863982854 -> lat=None, lon=None, country=FR
[DEBUG] https://openalex.org/I893812157 -> lat=38.895111083984375, lon=-77.03636932373047, country=US
[DEBUG] https://openalex.org/I1322124587 -> lat=38.91872024536133, lon=-77.23108673095703, country=US
[DEBUG] https://openalex.org/I106826634 -> lat=None, lon=None, country=IN
[DEBUG] https://openalex.org/I2799869770 -> lat=None, lon=None, country=GB
[DEBUG] https://openalex.org/I4210102902 -> lat=None, lon=None, country=GB
[DEBUG] https://openalex.org/I4210147381 -> lat=None, lon=None, country=GB
[DEBUG] https://openalex.org/I2801444876 -> lat=None, lon=None, country=GB
[DEBUG] https://openalex.org/I4210154626 -> lat=37.432735443115234, lon=-122.10359191894531, country=US
[DEBUG] https://openalex.org/I70745867 -> lat=37.42827, lon=-121.90662, country=US
[DEBUG] https://openalex.org/I35364215 -> lat=36.60024, lon=-121.89468, country=US
[DEBUG] https://openalex.org/I4210146323 -> lat=37.40033721923828, lon=-121.88933563232422, country=US
[DEBUG] https://openalex.org/I2948394018 -> lat=38.88233184814453, lon=-77.17108917236328, country=US
[DEBUG] https://openalex.org/I4210132419 -> lat=40.7108039855957, lon=-74.00587463378906, country=US
[DEBUG] https://openalex.org/I4210137039 -> lat=None, lon=None, country=JP
[DEBUG] https://openalex.org/I2802907415 -> lat=40.757198333740234, lon=-73.97240447998047, country=US
[DEBUG] https://openalex.org/I2802309713 -> lat=None, lon=None, country=FR
[DEBUG] https://openalex.org/I4210135916 -> lat=None, lon=None, country=DE
[DEBUG] https://openalex.org/I156087764 -> lat=37.30215835571289, lon=-120.48297119140625, country=US
[DEBUG] https://openalex.org/I149919469 -> lat=35.28275, lon=-120.65962, country=US
[DEBUG] https://openalex.org/I4210137090 -> lat=None, lon=None, country=GB
[DEBUG] https://openalex.org/I1316817406 -> lat=39.95320129394531, lon=-75.1766357421875, country=US
[DEBUG] https://openalex.org/I4210096094 -> lat=None, lon=None, country=GB
[DEBUG] https://openalex.org/I4210102170 -> lat=40.75563049316406, lon=-73.99378204345703, country=US
[DEBUG] https://openalex.org/I4210097047 -> lat=None, lon=None, country=CA
[DEBUG] https://openalex.org/I4210166736 -> lat=42.53954315185547, lon=-71.62197875976562, country=US
[DEBUG] https://openalex.org/I54157616 -> lat=None, lon=None, country=CH
[DEBUG] https://openalex.org/I4210130637 -> lat=25.70318031311035, lon=-80.35089874267578, country=US
[DEBUG] https://openalex.org/I8833935 -> lat=None, lon=None, country=ES
[DEBUG] https://openalex.org/I40434647 -> lat=None, lon=None, country=FR
[DEBUG] https://openalex.org/I4210157208 -> lat=None, lon=None, country=PT
[DEBUG] https://openalex.org/I2799591230 -> lat=32.77677536010742, lon=-96.80238342285156, country=US
[DEBUG] https://openalex.org/I104234503 -> lat=None, lon=None, country=JP
[DEBUG] https://openalex.org/I39587148 -> lat=37.69224166870117, lon=-97.33753967285156, country=US
[DEBUG] https://openalex.org/I4210108446 -> lat=None, lon=None, country=JP
[DEBUG] https://openalex.org/I201389808 -> lat=None, lon=None, country=JP
[DEBUG] https://openalex.org/I91764395 -> lat=None, lon=None, country=JP
[DEBUG] https://openalex.org/I201800536 -> lat=None, lon=None, country=JP
[DEBUG] https://openalex.org/I4210131413 -> lat=None, lon=None, country=JP
[DEBUG] https://openalex.org/I4210124653 -> lat=None, lon=None, country=JP
[DEBUG] https://openalex.org/I90237989 -> lat=None, lon=None, country=JP
[DEBUG] https://openalex.org/I136446963 -> lat=None, lon=None, country=JP
[DEBUG] https://openalex.org/I8901234 -> lat=None, lon=None, country=GR
[DEBUG] https://openalex.org/I205143321 -> lat=None, lon=None, country=JP
[DEBUG] https://openalex.org/I4210153373 -> lat=None, lon=None, country=KR
[DEBUG] https://openalex.org/I4210126469 -> lat=None, lon=None, country=JP
[DEBUG] https://openalex.org/I4210098950 -> lat=None, lon=None, country=KR
[DEBUG] https://openalex.org/I1302163369 -> lat=41.763710021972656, lon=-72.68508911132812, country=US
[DEBUG] https://openalex.org/I4401726811 -> lat=None, lon=None, country=None
[DEBUG] https://openalex.org/I4210146926 -> lat=40.71427, lon=-74.00597, country=US
[DEBUG] https://openalex.org/I4210138704 -> lat=None, lon=None, country=FR
[DEBUG] https://openalex.org/I4210125684 -> lat=None, lon=None, country=FR
[DEBUG] https://openalex.org/I4210142254 -> lat=None, lon=None, country=FR
[DEBUG] https://openalex.org/I4210108594 -> lat=None, lon=None, country=NL
[DEBUG] https://openalex.org/I2799434747 -> lat=None, lon=None, country=CA
[DEBUG] https://openalex.org/I2802865341 -> lat=44.97762680053711, lon=-93.25660705566406, country=US
[DEBUG] https://openalex.org/I4210120704 -> lat=None, lon=None, country=IT
[DEBUG] https://openalex.org/I1289019353 -> lat=42.48419952392578, lon=-71.20469665527344, country=US
[DEBUG] https://openalex.org/I2802203029 -> lat=35.93661117553711, lon=-83.75050354003906, country=US
[DEBUG] https://openalex.org/I4210138523 -> lat=None, lon=None, country=GB
[DEBUG] https://openalex.org/I4210123879 -> lat=42.2984733581543, lon=-71.13119506835938, country=US
[DEBUG] https://openalex.org/I4210102457 -> lat=42.358428955078125, lon=-71.05976867675781, country=US
[DEBUG] https://openalex.org/I4210101881 -> lat=None, lon=None, country=GB
[DEBUG] https://openalex.org/I4210102407 -> lat=None, lon=None, country=ES
[DEBUG] https://openalex.org/I4387155925 -> lat=None, lon=None, country=None
[DEBUG] https://openalex.org/I154387261 -> lat=None, lon=None, country=IT
[DEBUG] https://openalex.org/I4210151833 -> lat=None, lon=None, country=NL
[DEBUG] https://openalex.org/I4210150549 -> lat=None, lon=None, country=CN
[DEBUG] https://openalex.org/I91656880 -> lat=None, lon=None, country=CN
[DEBUG] https://openalex.org/I4389425327 -> lat=None, lon=None, country=None
[DEBUG] https://openalex.org/I173439891 -> lat=None, lon=None, country=CH
[DEBUG] https://openalex.org/I4210094678 -> lat=None, lon=None, country=DE
[DEBUG] https://openalex.org/I4210145211 -> lat=42.31880569458008, lon=-71.17530822753906, country=US
[DEBUG] https://openalex.org/I4210151542 -> lat=38.028995513916016, lon=-78.47639465332031, country=US
[DEBUG] https://openalex.org/I1279686153 -> lat=32.81401824951172, lon=-96.94889068603516, country=US
[DEBUG] https://openalex.org/I4210123151 -> lat=None, lon=None, country=DE
[DEBUG] https://openalex.org/I4210096112 -> lat=None, lon=None, country=NL
[DEBUG] https://openalex.org/I4210133995 -> lat=None, lon=None, country=GB
[DEBUG] https://openalex.org/I4210109165 -> lat=40.499271392822266, lon=-74.39904022216797, country=US
[DEBUG] https://openalex.org/I2802863920 -> lat=None, lon=None, country=LC
[DEBUG] https://openalex.org/I1333353642 -> lat=None, lon=None, country=NO
[DEBUG] https://openalex.org/I4210140030 -> lat=36.548431396484375, lon=-82.56182098388672, country=US
[DEBUG] https://openalex.org/I4210131954 -> lat=43.70229, lon=-72.28954, country=US
[DEBUG] https://openalex.org/I1281933226 -> lat=26.71533966064453, lon=-80.0533676147461, country=US
[DEBUG] https://openalex.org/I4210160958 -> lat=41.06185531616211, lon=-73.83868408203125, country=US
[DEBUG] https://openalex.org/I4210116119 -> lat=41.076210021972656, lon=-73.85874938964844, country=US
[DEBUG] https://openalex.org/I4210123885 -> lat=None, lon=None, country=CN
[DEBUG] https://openalex.org/I4210162410 -> lat=41.345314025878906, lon=-73.20807647705078, country=US
[DEBUG] https://openalex.org/I4210145181 -> lat=None, lon=None, country=SI
[DEBUG] https://openalex.org/I80626142 -> lat=None, lon=None, country=CN
[DEBUG] https://openalex.org/I4210115182 -> lat=None, lon=None, country=CN
[DEBUG] https://openalex.org/I4210086659 -> lat=None, lon=None, country=CN
[DEBUG] https://openalex.org/I40246663 -> lat=None, lon=None, country=CN
[DEBUG] https://openalex.org/I4210121916 -> lat=None, lon=None, country=CN
[DEBUG] https://openalex.org/I125043107 -> lat=41.049617767333984, lon=-73.96810913085938, country=US
[DEBUG] https://openalex.org/I1298353152 -> lat=37.45383071899414, lon=-122.18218994140625, country=US
[DEBUG] https://openalex.org/I1302444339 -> lat=40.73509979248047, lon=-73.68791198730469, country=US
[DEBUG] https://openalex.org/I4210131307 -> lat=None, lon=None, country=JP
[DEBUG] https://openalex.org/I4210117246 -> lat=44.9799690246582, lon=-93.26383972167969, country=US
[DEBUG] https://openalex.org/I4210099336 -> lat=37.46133, lon=-122.19774, country=US
[DEBUG] https://openalex.org/I4210140408 -> lat=44.98233413696289, lon=-93.26937866210938, country=US
[DEBUG] https://openalex.org/I4210158702 -> lat=42.5190544128418, lon=-71.23004150390625, country=US
[DEBUG] https://openalex.org/I4210089390 -> lat=37.404876708984375, lon=-122.1409683227539, country=US
[DEBUG] https://openalex.org/I4210166545 -> lat=40.75330352783203, lon=-73.71090698242188, country=US
[DEBUG] https://openalex.org/I4210087454 -> lat=33.47114562988281, lon=-81.98999786376953, country=US
[DEBUG] https://openalex.org/I4210113096 -> lat=29.71729278564453, lon=-95.54194641113281, country=US
[DEBUG] https://openalex.org/I2800795503 -> lat=None, lon=None, country=DE
[DEBUG] https://openalex.org/I1297288678 -> lat=39.75553894042969, lon=-105.22109985351562, country=US
[DEBUG] https://openalex.org/I4210143368 -> lat=44.9799690246582, lon=-93.26383972167969, country=US
[DEBUG] https://openalex.org/I2800560132 -> lat=40.75416564941406, lon=-73.7088851928711, country=US
[DEBUG] https://openalex.org/I110736937 -> lat=None, lon=None, country=FR
[DEBUG] https://openalex.org/I2800157170 -> lat=None, lon=None, country=GB
[DEBUG] https://openalex.org/I4210151543 -> lat=None, lon=None, country=AU
[DEBUG] https://openalex.org/I146183641 -> lat=42.96335983276367, lon=-85.6680908203125, country=US
[DEBUG] https://openalex.org/I4210097178 -> lat=32.843326568603516, lon=-117.27946472167969, country=US
[DEBUG] https://openalex.org/I188716491 -> lat=None, lon=None, country=SG
[DEBUG] https://openalex.org/I152658341 -> lat=None, lon=None, country=CA
[DEBUG] https://openalex.org/I161371597 -> lat=None, lon=None, country=MY
[DEBUG] https://openalex.org/I113026633 -> lat=42.967472076416016, lon=-85.66668701171875, country=US
[DEBUG] https://openalex.org/I4210124598 -> lat=37.44709777832031, lon=-122.16151428222656, country=US
[DEBUG] https://openalex.org/I2802697821 -> lat=39.2906608581543, lon=-76.54695892333984, country=US
[DEBUG] https://openalex.org/I4210094059 -> lat=37.45383, lon=-122.18219, country=US
[DEBUG] https://openalex.org/I4210091772 -> lat=None, lon=None, country=DE
[DEBUG] https://openalex.org/I4210101190 -> lat=47.63336944580078, lon=-122.34178924560547, country=US
[DEBUG] https://openalex.org/I4210125531 -> lat=40.86959457397461, lon=-74.45309448242188, country=US
[DEBUG] https://openalex.org/I4210124175 -> lat=42.375099182128906, lon=-71.1056137084961, country=US
[DEBUG] https://openalex.org/I4210110903 -> lat=None, lon=None, country=DK
[DEBUG] https://openalex.org/I227486990 -> lat=None, lon=None, country=HU
[DEBUG] https://openalex.org/I2802129078 -> lat=None, lon=None, country=HU
[DEBUG] https://openalex.org/I4210089473 -> lat=None, lon=None, country=PT
[DEBUG] https://openalex.org/I13805885 -> lat=40.769039154052734, lon=-73.88204956054688, country=US
[DEBUG] https://openalex.org/I4210126919 -> lat=40.824092864990234, lon=-74.47655487060547, country=US
[DEBUG] https://openalex.org/I4210145457 -> lat=None, lon=None, country=TW
[DEBUG] https://openalex.org/I889804353 -> lat=None, lon=None, country=DE
[DEBUG] https://openalex.org/I113979032 -> lat=37.77492904663086, lon=-122.41941833496094, country=US
[DEBUG] https://openalex.org/I4210127509 -> lat=None, lon=None, country=CA
[DEBUG] https://openalex.org/I4210109712 -> lat=None, lon=None, country=DE
[DEBUG] https://openalex.org/I4210153468 -> lat=None, lon=None, country=CA
[DEBUG] https://openalex.org/I106157433 -> lat=None, lon=None, country=DE
[DEBUG] https://openalex.org/I1334329717 -> lat=38.895111083984375, lon=-77.03636932373047, country=US
[DEBUG] https://openalex.org/I1288059949 -> lat=None, lon=None, country=KZ
[DEBUG] https://openalex.org/I1288051870 -> lat=None, lon=None, country=FR
[DEBUG] https://openalex.org/I4210107985 -> lat=None, lon=None, country=DE
[DEBUG] https://openalex.org/I3131024195 -> lat=None, lon=None, country=BR
[DEBUG] https://openalex.org/I35841627 -> lat=None, lon=None, country=GB
[DEBUG] https://openalex.org/I2948728702 -> lat=None, lon=None, country=IE
[DEBUG] https://openalex.org/I4210102856 -> lat=None, lon=None, country=GB
[DEBUG] https://openalex.org/I4210092960 -> lat=35.5267448425293, lon=-97.58477783203125, country=US
[DEBUG] https://openalex.org/I133738476 -> lat=42.64271545410156, lon=-71.33453369140625, country=US
[DEBUG] https://openalex.org/I193291145 -> lat=None, lon=None, country=FR
[DEBUG] https://openalex.org/I2802565870 -> lat=None, lon=None, country=DE
[DEBUG] https://openalex.org/I4210145899 -> lat=None, lon=None, country=DE
[DEBUG] https://openalex.org/I4210118637 -> lat=None, lon=None, country=DE
[DEBUG] https://openalex.org/I125523173 -> lat=None, lon=None, country=AT
[DEBUG] https://openalex.org/I1313606977 -> lat=None, lon=None, country=DE
[DEBUG] https://openalex.org/I4210117675 -> lat=None, lon=None, country=DE
[DEBUG] https://openalex.org/I4210156488 -> lat=None, lon=None, country=SK
[DEBUG] https://openalex.org/I4210099549 -> lat=None, lon=None, country=DE
[DEBUG] https://openalex.org/I4210110667 -> lat=None, lon=None, country=VE
[DEBUG] https://openalex.org/I142637625 -> lat=None, lon=None, country=JP
[DEBUG] https://openalex.org/I4210102326 -> lat=None, lon=None, country=DE
[DEBUG] https://openalex.org/I2802889272 -> lat=None, lon=None, country=PL
[DEBUG] https://openalex.org/I4210103330 -> lat=None, lon=None, country=BI
[DEBUG] https://openalex.org/I4210153303 -> lat=None, lon=None, country=CI
[DEBUG] https://openalex.org/I4210096541 -> lat=None, lon=None, country=DE
[DEBUG] https://openalex.org/I4210113742 -> lat=None, lon=None, country=DK
[DEBUG] https://openalex.org/I2802582725 -> lat=None, lon=None, country=DK
[DEBUG] https://openalex.org/I4210105396 -> lat=None, lon=None, country=FR
[DEBUG] https://openalex.org/I2800004676 -> lat=None, lon=None, country=FR
[DEBUG] https://openalex.org/I4210153136 -> lat=None, lon=None, country=FR
[DEBUG] https://openalex.org/I4210088728 -> lat=None, lon=None, country=FR
[DEBUG] https://openalex.org/I4210121877 -> lat=None, lon=None, country=FR
[DEBUG] https://openalex.org/I86958956 -> lat=None, lon=None, country=IR
[DEBUG] https://openalex.org/I4390039285 -> lat=42.27756, lon=-83.74088, country=US
[DEBUG] https://openalex.org/I2801315873 -> lat=42.390037536621094, lon=-71.10932922363281, country=US
[DEBUG] https://openalex.org/I2799885155 -> lat=39.961181640625, lon=-82.99878692626953, country=US
[DEBUG] https://openalex.org/I4210103433 -> lat=None, lon=None, country=FR
[DEBUG] https://openalex.org/I4210136624 -> lat=37.45383071899414, lon=-122.18218994140625, country=US
[DEBUG] https://openalex.org/I4210149784 -> lat=None, lon=None, country=DE
[DEBUG] https://openalex.org/I4210143371 -> lat=None, lon=None, country=DE
[DEBUG] https://openalex.org/I2801876189 -> lat=None, lon=None, country=DE
[DEBUG] https://openalex.org/I4387155338 -> lat=None, lon=None, country=None
[DEBUG] https://openalex.org/I863488634 -> lat=37.40474319458008, lon=-121.98528289794922, country=US
[DEBUG] https://openalex.org/I4210142027 -> lat=None, lon=None, country=DE
[DEBUG] https://openalex.org/I4210143707 -> lat=None, lon=None, country=DE
[DEBUG] https://openalex.org/I4210161353 -> lat=None, lon=None, country=PL
[DEBUG] https://openalex.org/I1329325741 -> lat=None, lon=None, country=FI
[DEBUG] https://openalex.org/I80232743 -> lat=None, lon=None, country=GB
[DEBUG] https://openalex.org/I2801296245 -> lat=None, lon=None, country=GB
[DEBUG] https://openalex.org/I308269434 -> lat=None, lon=None, country=FR
[DEBUG] https://openalex.org/I4210141255 -> lat=25.809839248657227, lon=-80.19044494628906, country=US
[DEBUG] https://openalex.org/I4210131376 -> lat=None, lon=None, country=BR
[DEBUG] https://openalex.org/I165862685 -> lat=None, lon=None, country=GB
[DEBUG] https://openalex.org/I107139324 -> lat=None, lon=None, country=JP
[DEBUG] https://openalex.org/I39565521 -> lat=38.895111083984375, lon=-77.03636932373047, country=US
[DEBUG] https://openalex.org/I77826658 -> lat=None, lon=None, country=AU
[DEBUG] https://openalex.org/I4210111958 -> lat=41.73589324951172, lon=-72.79708099365234, country=US
[DEBUG] https://openalex.org/I102101047 -> lat=41.8761100769043, lon=-87.62472534179688, country=US
[DEBUG] https://openalex.org/I2799810450 -> lat=None, lon=None, country=IL
[DEBUG] https://openalex.org/I1321572752 -> lat=40.80571746826172, lon=-73.96116638183594, country=US
[DEBUG] https://openalex.org/I120506574 -> lat=41.641441345214844, lon=-80.15145111083984, country=US
[DEBUG] https://openalex.org/I2800275141 -> lat=40.456668853759766, lon=-80.00333404541016, country=US
[DEBUG] https://openalex.org/I115648763 -> lat=32.404823303222656, lon=-90.160888671875, country=US
[DEBUG] https://openalex.org/I61937129 -> lat=32.295982360839844, lon=-90.20465850830078, country=US
[DEBUG] https://openalex.org/I2801239119 -> lat=None, lon=None, country=AU
[DEBUG] https://openalex.org/I4210150290 -> lat=None, lon=None, country=AU
[DEBUG] https://openalex.org/I1321649718 -> lat=None, lon=None, country=AU
[DEBUG] https://openalex.org/I2800664540 -> lat=None, lon=None, country=AU
[DEBUG] https://openalex.org/I4210087284 -> lat=None, lon=None, country=AU
[DEBUG] https://openalex.org/I3018768319 -> lat=None, lon=None, country=IT
[DEBUG] https://openalex.org/I4210136843 -> lat=None, lon=None, country=BR
[DEBUG] https://openalex.org/I1281833243 -> lat=32.783058166503906, lon=-96.80667114257812, country=US
[DEBUG] https://openalex.org/I2801980284 -> lat=44.479793548583984, lon=-73.19412231445312, country=US
[DEBUG] https://openalex.org/I2803043754 -> lat=42.36808776855469, lon=-83.08513641357422, country=US
[DEBUG] https://openalex.org/I1285204247 -> lat=39.14048767089844, lon=-84.50108337402344, country=US
[DEBUG] https://openalex.org/I4210116470 -> lat=None, lon=None, country=DE
[DEBUG] https://openalex.org/I2802416897 -> lat=35.84701919555664, lon=-78.80154418945312, country=US
[DEBUG] https://openalex.org/I2802567020 -> lat=None, lon=None, country=DK
[DEBUG] https://openalex.org/I2802709434 -> lat=None, lon=None, country=DK
[DEBUG] https://openalex.org/I2799437725 -> lat=None, lon=None, country=CA
[DEBUG] https://openalex.org/I2801880889 -> lat=None, lon=None, country=CA
[DEBUG] https://openalex.org/I1325899441 -> lat=None, lon=None, country=CA
[DEBUG] https://openalex.org/I1327191685 -> lat=None, lon=None, country=IS
[DEBUG] https://openalex.org/I3018134672 -> lat=None, lon=None, country=DE
[DEBUG] https://openalex.org/I2802821144 -> lat=37.812156677246094, lon=-122.2677993774414, country=US
[DEBUG] https://openalex.org/I2802640032 -> lat=40.704681396484375, lon=-74.0075454711914, country=US
[DEBUG] https://openalex.org/I3019010403 -> lat=None, lon=None, country=ES
[DEBUG] https://openalex.org/I1294278766 -> lat=41.89710235595703, lon=-87.62161254882812, country=US
[DEBUG] https://openalex.org/I2799551006 -> lat=40.25791549682617, lon=-76.88040161132812, country=US
[DEBUG] https://openalex.org/I202391551 -> lat=None, lon=None, country=CZ
[DEBUG] https://openalex.org/I4210127955 -> lat=None, lon=None, country=CZ
[DEBUG] https://openalex.org/I2801170595 -> lat=36.14659118652344, lon=-96.00007629394531, country=US
[DEBUG] https://openalex.org/I117965899 -> lat=21.30694007873535, lon=-157.85833740234375, country=US
[DEBUG] https://openalex.org/I124227911 -> lat=None, lon=None, country=IL
[DEBUG] https://openalex.org/I4210157807 -> lat=None, lon=None, country=MV
[DEBUG] https://openalex.org/I2801454379 -> lat=None, lon=None, country=CN
[DEBUG] https://openalex.org/I4210167311 -> lat=None, lon=None, country=CN
[DEBUG] https://openalex.org/I4210120522 -> lat=None, lon=None, country=CN
[DEBUG] https://openalex.org/I32574673 -> lat=None, lon=None, country=CN
[DEBUG] https://openalex.org/I4210152664 -> lat=None, lon=None, country=CN
[DEBUG] https://openalex.org/I4210099428 -> lat=None, lon=None, country=CN
[DEBUG] https://openalex.org/I4210120696 -> lat=None, lon=None, country=CN
[DEBUG] https://openalex.org/I4210107235 -> lat=None, lon=None, country=CN
[DEBUG] https://openalex.org/I4210124907 -> lat=None, lon=None, country=CN
[DEBUG] https://openalex.org/I4210139738 -> lat=None, lon=None, country=CN
[DEBUG] https://openalex.org/I25757504 -> lat=None, lon=None, country=CN
[DEBUG] https://openalex.org/I4399598384 -> lat=None, lon=None, country=None
[DEBUG] https://openalex.org/I4210104871 -> lat=None, lon=None, country=JP
[DEBUG] https://openalex.org/I60388903 -> lat=None, lon=None, country=PR
[DEBUG] https://openalex.org/I150149174 -> lat=32.84069061279297, lon=-83.63240051269531, country=US
[DEBUG] https://openalex.org/I127362389 -> lat=36.610328674316406, lon=-88.31475830078125, country=US
[DEBUG] https://openalex.org/I4210129227 -> lat=None, lon=None, country=CN
[DEBUG] https://openalex.org/I4210118299 -> lat=None, lon=None, country=IT
[DEBUG] https://openalex.org/I21160419 -> lat=40.262569427490234, lon=-80.1872787475586, country=US
[DEBUG] https://openalex.org/I4210093146 -> lat=None, lon=None, country=CN
[DEBUG] https://openalex.org/I26347476 -> lat=34.0483512878418, lon=-117.26114654541016, country=US
[DEBUG] https://openalex.org/I47301684 -> lat=40.5142, lon=-88.99063, country=US
[DEBUG] https://openalex.org/I1289525096 -> lat=29.42411994934082, lon=-98.4936294555664, country=US
[DEBUG] https://openalex.org/I4210100308 -> lat=None, lon=None, country=EG
[DEBUG] https://openalex.org/I43980791 -> lat=None, lon=None, country=DE
[DEBUG] https://openalex.org/I86987016 -> lat=None, lon=None, country=SE
[DEBUG] https://openalex.org/I107720978 -> lat=None, lon=None, country=EG
[DEBUG] https://openalex.org/I4210165146 -> lat=None, lon=None, country=DE
[DEBUG] https://openalex.org/I1321826891 -> lat=None, lon=None, country=IE
[DEBUG] https://openalex.org/I102373834 -> lat=40.01982879638672, lon=-75.30462646484375, country=US
[DEBUG] https://openalex.org/I2801246084 -> lat=38.89511, lon=-77.03637, country=US
[DEBUG] https://openalex.org/I100538780 -> lat=41.562320709228516, lon=-72.65065002441406, country=US
[DEBUG] https://openalex.org/I3137694307 -> lat=42.33176040649414, lon=-71.12116241455078, country=US
[DEBUG] https://openalex.org/I150545354 -> lat=None, lon=None, country=GB
[DEBUG] https://openalex.org/I4210096268 -> lat=None, lon=None, country=JP
[DEBUG] https://openalex.org/I4210120805 -> lat=40.72005081176758, lon=-74.01817321777344, country=US
[DEBUG] https://openalex.org/I4210139685 -> lat=41.0055046081543, lon=-73.78535461425781, country=US
[DEBUG] https://openalex.org/I177340980 -> lat=40.75254821777344, lon=-73.42874145507812, country=US
[DEBUG] https://openalex.org/I4210112252 -> lat=None, lon=None, country=SG
[DEBUG] https://openalex.org/I4210090250 -> lat=None, lon=None, country=FR
[DEBUG] https://openalex.org/I4210096363 -> lat=None, lon=None, country=AT
[DEBUG] https://openalex.org/I129774422 -> lat=None, lon=None, country=AT
[DEBUG] https://openalex.org/I4210151154 -> lat=None, lon=None, country=AT
[DEBUG] https://openalex.org/I1297127228 -> lat=39.29038, lon=-76.61219, country=US
[DEBUG] https://openalex.org/I1320721754 -> lat=None, lon=None, country=CA
[DEBUG] https://openalex.org/I79884896 -> lat=39.801719665527344, lon=-89.64370727539062, country=US
[DEBUG] https://openalex.org/I1313867356 -> lat=38.89511, lon=-77.03637, country=US
[DEBUG] https://openalex.org/I4210136460 -> lat=None, lon=None, country=SK
[DEBUG] https://openalex.org/I56691919 -> lat=39.76837921142578, lon=-86.15804290771484, country=US
[DEBUG] https://openalex.org/I4210121386 -> lat=35.95614242553711, lon=-86.82821655273438, country=US
[DEBUG] https://openalex.org/I2974656896 -> lat=42.35838317871094, lon=-83.06199645996094, country=US
[DEBUG] https://openalex.org/I4210135837 -> lat=40.110591888427734, lon=-88.20726776123047, country=US
[DEBUG] https://openalex.org/I4387156226 -> lat=None, lon=None, country=None
[DEBUG] https://openalex.org/I177955009 -> lat=None, lon=None, country=CN
[DEBUG] https://openalex.org/I113825674 -> lat=None, lon=None, country=KR
[DEBUG] https://openalex.org/I12832649 -> lat=None, lon=None, country=KR
[DEBUG] https://openalex.org/I133533813 -> lat=None, lon=None, country=KR
[DEBUG] https://openalex.org/I4210150284 -> lat=45.61770248413086, lon=-122.53345489501953, country=US
[DEBUG] https://openalex.org/I4210131944 -> lat=None, lon=None, country=KR
[DEBUG] https://openalex.org/I8991828 -> lat=None, lon=None, country=KR
[DEBUG] https://openalex.org/I204974687 -> lat=None, lon=None, country=KR
[DEBUG] https://openalex.org/I902798049 -> lat=None, lon=None, country=TH
[DEBUG] https://openalex.org/I1322422313 -> lat=None, lon=None, country=KR
[DEBUG] https://openalex.org/I190461672 -> lat=None, lon=None, country=AU
[DEBUG] https://openalex.org/I862893732 -> lat=None, lon=None, country=ID
[DEBUG] https://openalex.org/I4210157252 -> lat=None, lon=None, country=KR
[DEBUG] https://openalex.org/I4210105054 -> lat=None, lon=None, country=AT
[DEBUG] https://openalex.org/I121760703 -> lat=None, lon=None, country=AT
[DEBUG] https://openalex.org/I4210096774 -> lat=None, lon=None, country=CA
[DEBUG] https://openalex.org/I4210116727 -> lat=None, lon=None, country=FR
[DEBUG] https://openalex.org/I4210102867 -> lat=35.16143035888672, lon=-90.05323028564453, country=US
[DEBUG] https://openalex.org/I2800293973 -> lat=None, lon=None, country=CA
[DEBUG] https://openalex.org/I4210104624 -> lat=38.898704528808594, lon=-77.02577209472656, country=US
[DEBUG] https://openalex.org/I98227222 -> lat=None, lon=None, country=CN
[DEBUG] https://openalex.org/I163340411 -> lat=None, lon=None, country=CN
[DEBUG] https://openalex.org/I4210109137 -> lat=None, lon=None, country=CN
[DEBUG] https://openalex.org/I4210088176 -> lat=None, lon=None, country=None
[DEBUG] https://openalex.org/I46305995 -> lat=None, lon=None, country=CN
[DEBUG] https://openalex.org/I107982497 -> lat=None, lon=None, country=CN
[DEBUG] https://openalex.org/I118987531 -> lat=None, lon=None, country=CN
[DEBUG] https://openalex.org/I202028630 -> lat=None, lon=None, country=CN
[DEBUG] https://openalex.org/I2800959905 -> lat=None, lon=None, country=CN
[DEBUG] https://openalex.org/I4210160128 -> lat=None, lon=None, country=CN
[DEBUG] https://openalex.org/I4210153580 -> lat=None, lon=None, country=CN
[DEBUG] https://openalex.org/I4210128615 -> lat=None, lon=None, country=CN
[DEBUG] https://openalex.org/I4210134523 -> lat=None, lon=None, country=CN
[DEBUG] https://openalex.org/I202334528 -> lat=None, lon=None, country=CN
[DEBUG] https://openalex.org/I83714178 -> lat=None, lon=None, country=CN
[DEBUG] https://openalex.org/I4210161138 -> lat=None, lon=None, country=CN
[DEBUG] https://openalex.org/I4210135735 -> lat=None, lon=None, country=CN
[DEBUG] https://openalex.org/I4210112519 -> lat=None, lon=None, country=CN
[DEBUG] https://openalex.org/I126527374 -> lat=None, lon=None, country=RU
[DEBUG] https://openalex.org/I4210110849 -> lat=None, lon=None, country=CN
[DEBUG] https://openalex.org/I4210119102 -> lat=None, lon=None, country=CN
[DEBUG] https://openalex.org/I184681353 -> lat=None, lon=None, country=CN
[DEBUG] https://openalex.org/I4210099662 -> lat=None, lon=None, country=CN
[DEBUG] https://openalex.org/I42852656 -> lat=None, lon=None, country=CN
[DEBUG] https://openalex.org/I44468530 -> lat=None, lon=None, country=CN
[DEBUG] https://openalex.org/I20942203 -> lat=None, lon=None, country=CN
[DEBUG] https://openalex.org/I4210107741 -> lat=None, lon=None, country=CN
[DEBUG] https://openalex.org/I4210114178 -> lat=None, lon=None, country=CN
[DEBUG] https://openalex.org/I194716290 -> lat=None, lon=None, country=CN
[DEBUG] https://openalex.org/I4210104926 -> lat=40.75413513183594, lon=-73.99348449707031, country=US
[DEBUG] https://openalex.org/I4210116247 -> lat=None, lon=None, country=CN
[DEBUG] https://openalex.org/I4210087590 -> lat=None, lon=None, country=CN
[DEBUG] https://openalex.org/I4210104879 -> lat=None, lon=None, country=CN
[DEBUG] https://openalex.org/I132586189 -> lat=None, lon=None, country=CN
[DEBUG] https://openalex.org/I38756568 -> lat=None, lon=None, country=CN
[DEBUG] https://openalex.org/I4210115169 -> lat=None, lon=None, country=CN
[DEBUG] https://openalex.org/I115212828 -> lat=None, lon=None, country=CN
[DEBUG] https://openalex.org/I1299457549 -> lat=None, lon=None, country=CN
[DEBUG] https://openalex.org/I4210127658 -> lat=None, lon=None, country=RW
[DEBUG] https://openalex.org/I4210157567 -> lat=37.21343994140625, lon=-79.87899780273438, country=US
[DEBUG] https://openalex.org/I76513827 -> lat=40.695648193359375, lon=-73.98750305175781, country=US
[DEBUG] https://openalex.org/I4210154469 -> lat=None, lon=None, country=DE
[DEBUG] https://openalex.org/I183263030 -> lat=None, lon=None, country=IR
[DEBUG] https://openalex.org/I181326427 -> lat=None, lon=None, country=CN
[DEBUG] https://openalex.org/I4210115615 -> lat=None, lon=None, country=ES
[DEBUG] https://openalex.org/I42134832 -> lat=None, lon=None, country=ES
[DEBUG] https://openalex.org/I4210140326 -> lat=None, lon=None, country=GB
[DEBUG] https://openalex.org/I77697173 -> lat=41.878570556640625, lon=-87.633056640625, country=US
[DEBUG] https://openalex.org/I1322829787 -> lat=32.665042877197266, lon=-96.9548568725586, country=US
[DEBUG] https://openalex.org/I5593406 -> lat=None, lon=None, country=ES
[DEBUG] https://openalex.org/I874792244 -> lat=None, lon=None, country=IT
[DEBUG] https://openalex.org/I32448411 -> lat=None, lon=None, country=FR
[DEBUG] https://openalex.org/I2802446264 -> lat=38.88100814819336, lon=-77.10427856445312, country=US
[DEBUG] https://openalex.org/I2799389969 -> lat=35.20290756225586, lon=-111.6646957397461, country=US
[DEBUG] https://openalex.org/I1331384533 -> lat=21.30694007873535, lon=-157.85833740234375, country=US
[DEBUG] https://openalex.org/I4210140583 -> lat=None, lon=None, country=CL
[DEBUG] https://openalex.org/I4210146430 -> lat=None, lon=None, country=AU
[DEBUG] https://openalex.org/I4210121240 -> lat=None, lon=None, country=RU
[DEBUG] https://openalex.org/I203172682 -> lat=35.19807052612305, lon=-111.6512680053711, country=US
[DEBUG] https://openalex.org/I115020962 -> lat=42.650489807128906, lon=-70.83389282226562, country=US
[DEBUG] https://openalex.org/I100072489 -> lat=None, lon=None, country=TR
[DEBUG] https://openalex.org/I201799495 -> lat=None, lon=None, country=TR
[DEBUG] https://openalex.org/I60858718 -> lat=None, lon=None, country=PT
[DEBUG] https://openalex.org/I206895457 -> lat=None, lon=None, country=DE
[DEBUG] https://openalex.org/I4210145894 -> lat=34.73040008544922, lon=-86.5859375, country=US
[DEBUG] https://openalex.org/I97537384 -> lat=42.70488739013672, lon=-73.8622055053711, country=US
[DEBUG] https://openalex.org/I97429440 -> lat=None, lon=None, country=GB
[DEBUG] https://openalex.org/I4210112653 -> lat=33.47652816772461, lon=-101.86624145507812, country=US
[DEBUG] https://openalex.org/I4210104675 -> lat=None, lon=None, country=GB
[DEBUG] https://openalex.org/I162608824 -> lat=None, lon=None, country=GB
[DEBUG] https://openalex.org/I160414472 -> lat=None, lon=None, country=DE
[DEBUG] https://openalex.org/I4210134225 -> lat=None, lon=None, country=NL
[DEBUG] https://openalex.org/I4390039366 -> lat=None, lon=None, country=None
[DEBUG] https://openalex.org/I157394403 -> lat=31.54932975769043, lon=-97.14666748046875, country=US
[DEBUG] https://openalex.org/I1317897188 -> lat=34.0706901550293, lon=-118.26868438720703, country=US
[DEBUG] https://openalex.org/I4210129265 -> lat=None, lon=None, country=ZA
[DEBUG] https://openalex.org/I1309044729 -> lat=40.749755859375, lon=-73.9743881225586, country=US
[DEBUG] https://openalex.org/I1284584826 -> lat=40.69538879394531, lon=-73.99109649658203, country=US
[DEBUG] https://openalex.org/I1298742617 -> lat=38.89511, lon=-77.03637, country=US
[DEBUG] https://openalex.org/I1310421338 -> lat=40.44062042236328, lon=-79.99588775634766, country=US
[DEBUG] https://openalex.org/I128956969 -> lat=32.72541046142578, lon=-97.32084655761719, country=US
[DEBUG] https://openalex.org/I1283382300 -> lat=None, lon=None, country=DE
[DEBUG] https://openalex.org/I4210135521 -> lat=None, lon=None, country=DE
[DEBUG] https://openalex.org/I154338468 -> lat=None, lon=None, country=CH
[DEBUG] https://openalex.org/I1333198813 -> lat=None, lon=None, country=DE
[DEBUG] https://openalex.org/I11786554 -> lat=37.23823165893555, lon=-77.41621398925781, country=US
[DEBUG] https://openalex.org/I4210126421 -> lat=43.07305145263672, lon=-89.40122985839844, country=US
[DEBUG] https://openalex.org/I2656126 -> lat=None, lon=None, country=CU
[DEBUG] https://openalex.org/I192578771 -> lat=39.46670150756836, lon=-87.41390991210938, country=US
[DEBUG] https://openalex.org/I86420138 -> lat=39.46670150756836, lon=-87.41390991210938, country=US
[DEBUG] https://openalex.org/I202524275 -> lat=42.32509, lon=-72.6412, country=US
[DEBUG] https://openalex.org/I4210103723 -> lat=None, lon=None, country=TW
[DEBUG] https://openalex.org/I4210089246 -> lat=40.76655960083008, lon=-73.98340606689453, country=US
[DEBUG] https://openalex.org/I4390039227 -> lat=None, lon=None, country=None
[DEBUG] https://openalex.org/I1306117286 -> lat=34.14778137207031, lon=-118.14452362060547, country=US
[DEBUG] https://openalex.org/I4210163752 -> lat=31.33716583251953, lon=-94.74208068847656, country=US
[DEBUG] https://openalex.org/I88621556 -> lat=41.55896759033203, lon=-75.77745819091797, country=US
[DEBUG] https://openalex.org/I4401726998 -> lat=None, lon=None, country=None
[DEBUG] https://openalex.org/I177909021 -> lat=None, lon=None, country=BR
[DEBUG] https://openalex.org/I4210133143 -> lat=43.61558151245117, lon=-84.24720764160156, country=US
[DEBUG] https://openalex.org/I4210158188 -> lat=40.752498626708984, lon=-73.96833038330078, country=US
[DEBUG] https://openalex.org/I4387930224 -> lat=None, lon=None, country=None
[DEBUG] https://openalex.org/I2801820460 -> lat=42.392974853515625, lon=-71.15321350097656, country=US
[DEBUG] https://openalex.org/I2802970429 -> lat=None, lon=None, country=CA
[DEBUG] https://openalex.org/I4210164678 -> lat=None, lon=None, country=GB
[DEBUG] https://openalex.org/I186359701 -> lat=None, lon=None, country=DE
[DEBUG] https://openalex.org/I4210097842 -> lat=None, lon=None, country=IT
[DEBUG] https://openalex.org/I1304256225 -> lat=43.07305, lon=-89.40123, country=US
[DEBUG] https://openalex.org/I4210091644 -> lat=None, lon=None, country=FR
[DEBUG] https://openalex.org/I65143321 -> lat=None, lon=None, country=JP
[DEBUG] https://openalex.org/I4210146251 -> lat=44.900508880615234, lon=-93.44078826904297, country=US
[DEBUG] https://openalex.org/I4210133068 -> lat=37.2752799987793, lon=-107.88007354736328, country=US
[DEBUG] https://openalex.org/I200734791 -> lat=None, lon=None, country=DE
[DEBUG] https://openalex.org/I2800773984 -> lat=38.99515914916992, lon=-77.0264663696289, country=US
[DEBUG] https://openalex.org/I2799537240 -> lat=44.94288635253906, lon=-93.10794830322266, country=US
[DEBUG] https://openalex.org/I99069390 -> lat=44.95736312866211, lon=-93.07415008544922, country=US
[DEBUG] https://openalex.org/I2800496153 -> lat=37.792823791503906, lon=-122.40145111083984, country=US
[DEBUG] https://openalex.org/I4210134982 -> lat=None, lon=None, country=CN
[DEBUG] https://openalex.org/I4210128633 -> lat=None, lon=None, country=SG
[DEBUG] https://openalex.org/I4210111959 -> lat=None, lon=None, country=CN
[DEBUG] https://openalex.org/I2801076140 -> lat=None, lon=None, country=CA
[DEBUG] https://openalex.org/I1281378812 -> lat=36.01036071777344, lon=-84.26963806152344, country=US
[DEBUG] https://openalex.org/I4389425366 -> lat=None, lon=None, country=None
[DEBUG] https://openalex.org/I1288894424 -> lat=None, lon=None, country=CA
[DEBUG] https://openalex.org/I4391768007 -> lat=None, lon=None, country=None
[DEBUG] https://openalex.org/I177235860 -> lat=None, lon=None, country=CA
[DEBUG] https://openalex.org/I4210140515 -> lat=None, lon=None, country=CN
[DEBUG] https://openalex.org/I4210137478 -> lat=39.047210693359375, lon=-94.59181213378906, country=US
[DEBUG] https://openalex.org/I4210147433 -> lat=None, lon=None, country=CN
[DEBUG] https://openalex.org/I4210129955 -> lat=None, lon=None, country=CN
[DEBUG] https://openalex.org/I1335113835 -> lat=None, lon=None, country=SE
[DEBUG] https://openalex.org/I190242452 -> lat=None, lon=None, country=CN
[DEBUG] https://openalex.org/I4210105806 -> lat=None, lon=None, country=CN
[DEBUG] https://openalex.org/I3020662980 -> lat=None, lon=None, country=CN
[DEBUG] https://openalex.org/I146773158 -> lat=None, lon=None, country=CN
[DEBUG] https://openalex.org/I4210124140 -> lat=None, lon=None, country=CN
[DEBUG] https://openalex.org/I4390039246 -> lat=None, lon=None, country=None
[DEBUG] https://openalex.org/I4210161003 -> lat=None, lon=None, country=CN
[DEBUG] https://openalex.org/I4210105460 -> lat=None, lon=None, country=CN
[DEBUG] https://openalex.org/I4210117216 -> lat=None, lon=None, country=CN
[DEBUG] https://openalex.org/I4210120169 -> lat=None, lon=None, country=CN
[DEBUG] https://openalex.org/I4210131174 -> lat=None, lon=None, country=CN
[DEBUG] https://openalex.org/I4210153274 -> lat=None, lon=None, country=CN
[DEBUG] https://openalex.org/I4210160344 -> lat=None, lon=None, country=CN
[DEBUG] https://openalex.org/I85430964 -> lat=None, lon=None, country=CN
[DEBUG] https://openalex.org/I4210099028 -> lat=None, lon=None, country=CN
[DEBUG] https://openalex.org/I140221134 -> lat=None, lon=None, country=CN
[DEBUG] https://openalex.org/I4210151171 -> lat=None, lon=None, country=CN
[DEBUG] https://openalex.org/I4210121200 -> lat=None, lon=None, country=CN
[DEBUG] https://openalex.org/I4210161489 -> lat=None, lon=None, country=CN
[DEBUG] https://openalex.org/I4210122141 -> lat=None, lon=None, country=CN
[DEBUG] https://openalex.org/I4210137423 -> lat=None, lon=None, country=CN
[DEBUG] https://openalex.org/I4210156904 -> lat=None, lon=None, country=CN
[DEBUG] https://openalex.org/I4210126441 -> lat=42.4067497253418, lon=-82.89449310302734, country=US
[DEBUG] https://openalex.org/I4210099004 -> lat=None, lon=None, country=CN
[DEBUG] https://openalex.org/I4210167381 -> lat=None, lon=None, country=CN
[DEBUG] https://openalex.org/I4210167212 -> lat=None, lon=None, country=CN
[DEBUG] https://openalex.org/I72212903 -> lat=None, lon=None, country=CN
[DEBUG] https://openalex.org/I4210108664 -> lat=None, lon=None, country=CN
[DEBUG] https://openalex.org/I6645349 -> lat=None, lon=None, country=CN
[DEBUG] https://openalex.org/I4210140357 -> lat=None, lon=None, country=CN
[DEBUG] https://openalex.org/I4210153612 -> lat=None, lon=None, country=CN
[DEBUG] https://openalex.org/I4210099512 -> lat=None, lon=None, country=CN
[DEBUG] https://openalex.org/I4210102855 -> lat=None, lon=None, country=CN
[DEBUG] https://openalex.org/I2802573037 -> lat=None, lon=None, country=CN
[DEBUG] https://openalex.org/I4210113254 -> lat=None, lon=None, country=CN
[DEBUG] https://openalex.org/I4210135988 -> lat=None, lon=None, country=CN
[DEBUG] https://openalex.org/I4210152344 -> lat=None, lon=None, country=FR
[DEBUG] https://openalex.org/I4210088322 -> lat=None, lon=None, country=FR
[DEBUG] https://openalex.org/I4210127460 -> lat=None, lon=None, country=CN
[DEBUG] https://openalex.org/I1317189400 -> lat=42.96950149536133, lon=-85.66699981689453, country=US
[DEBUG] https://openalex.org/I4210150391 -> lat=42.16233444213867, lon=-87.88048553466797, country=US
[DEBUG] https://openalex.org/I4210112820 -> lat=None, lon=None, country=CN
[DEBUG] https://openalex.org/I4210090353 -> lat=None, lon=None, country=CA
[DEBUG] https://openalex.org/I4210121771 -> lat=None, lon=None, country=CN
[DEBUG] https://openalex.org/I142740786 -> lat=38.25423812866211, lon=-85.75940704345703, country=US
[DEBUG] https://openalex.org/I19085752 -> lat=33.799339294433594, lon=-84.32801055908203, country=US
[DEBUG] https://openalex.org/I4210141483 -> lat=None, lon=None, country=CN
[DEBUG] https://openalex.org/I1339417872 -> lat=42.65258026123047, lon=-73.75623321533203, country=US
[DEBUG] https://openalex.org/I2802624667 -> lat=None, lon=None, country=CN
[DEBUG] https://openalex.org/I24201400 -> lat=None, lon=None, country=CN
[DEBUG] https://openalex.org/I142415962 -> lat=None, lon=None, country=CN
[DEBUG] https://openalex.org/I37802460 -> lat=None, lon=None, country=CN
[DEBUG] https://openalex.org/I6446798 -> lat=None, lon=None, country=JP
[DEBUG] https://openalex.org/I141074466 -> lat=None, lon=None, country=CA
[DEBUG] https://openalex.org/I2802940977 -> lat=None, lon=None, country=CA
[DEBUG] https://openalex.org/I4210152119 -> lat=None, lon=None, country=CN
[DEBUG] https://openalex.org/I4210107668 -> lat=None, lon=None, country=CN
[DEBUG] https://openalex.org/I160354086 -> lat=None, lon=None, country=CN
[DEBUG] https://openalex.org/I4210095398 -> lat=None, lon=None, country=CN
[DEBUG] https://openalex.org/I4210164952 -> lat=None, lon=None, country=CN
[DEBUG] https://openalex.org/I181903023 -> lat=None, lon=None, country=CN
[DEBUG] https://openalex.org/I4210152526 -> lat=None, lon=None, country=CN
[DEBUG] https://openalex.org/I4210155628 -> lat=None, lon=None, country=CN
[DEBUG] https://openalex.org/I4210118925 -> lat=None, lon=None, country=CN
[DEBUG] https://openalex.org/I4210129240 -> lat=None, lon=None, country=CN
[DEBUG] https://openalex.org/I2801556517 -> lat=None, lon=None, country=CN
[DEBUG] https://openalex.org/I4210100830 -> lat=None, lon=None, country=CN
[DEBUG] https://openalex.org/I4210154454 -> lat=None, lon=None, country=CN
[DEBUG] https://openalex.org/I4210104681 -> lat=None, lon=None, country=CN
[DEBUG] https://openalex.org/I169351748 -> lat=None, lon=None, country=CN
[DEBUG] https://openalex.org/I3045169105 -> lat=None, lon=None, country=CN
[DEBUG] https://openalex.org/I4210089772 -> lat=None, lon=None, country=CN
[DEBUG] https://openalex.org/I4510145 -> lat=None, lon=None, country=CN
[DEBUG] https://openalex.org/I1284762954 -> lat=None, lon=None, country=CN
[DEBUG] https://openalex.org/I4210149102 -> lat=None, lon=None, country=CN
[DEBUG] https://openalex.org/I47689461 -> lat=None, lon=None, country=CN
[DEBUG] https://openalex.org/I4210094071 -> lat=None, lon=None, country=CN
[DEBUG] https://openalex.org/I4210087969 -> lat=None, lon=None, country=CN
[DEBUG] https://openalex.org/I2802459333 -> lat=None, lon=None, country=CN
[DEBUG] https://openalex.org/I4210155647 -> lat=39.00166702270508, lon=-77.10444641113281, country=US
[DEBUG] https://openalex.org/I2802541053 -> lat=None, lon=None, country=CN
[DEBUG] https://openalex.org/I4210152177 -> lat=36.059722900390625, lon=-80.29708099365234, country=US
[DEBUG] https://openalex.org/I2800482329 -> lat=41.25625991821289, lon=-95.9404296875, country=US
[DEBUG] https://openalex.org/I4210087327 -> lat=None, lon=None, country=CN
[DEBUG] https://openalex.org/I4391012607 -> lat=None, lon=None, country=None
[DEBUG] https://openalex.org/I4210156804 -> lat=None, lon=None, country=CN
[DEBUG] https://openalex.org/I100098275 -> lat=None, lon=None, country=RU
[DEBUG] https://openalex.org/I4210119028 -> lat=None, lon=None, country=CN
[DEBUG] https://openalex.org/I31847773 -> lat=None, lon=None, country=CN
[DEBUG] https://openalex.org/I4391767853 -> lat=None, lon=None, country=None
[DEBUG] https://openalex.org/I4210142887 -> lat=None, lon=None, country=FR
[DEBUG] https://openalex.org/I4210105182 -> lat=None, lon=None, country=CN
[DEBUG] https://openalex.org/I4210123288 -> lat=None, lon=None, country=CN
[DEBUG] https://openalex.org/I4210162077 -> lat=None, lon=None, country=DE
[DEBUG] https://openalex.org/I4210088591 -> lat=None, lon=None, country=CN
[DEBUG] https://openalex.org/I4210089285 -> lat=None, lon=None, country=CN
[DEBUG] https://openalex.org/I20107917 -> lat=None, lon=None, country=IN
[DEBUG] https://openalex.org/I122964287 -> lat=None, lon=None, country=IN
[DEBUG] https://openalex.org/I82284825 -> lat=None, lon=None, country=GB
[DEBUG] https://openalex.org/I162714631 -> lat=38.84621810913086, lon=-77.3063735961914, country=US
[DEBUG] https://openalex.org/I2801122164 -> lat=39.4379997253418, lon=-77.42340087890625, country=US
[DEBUG] https://openalex.org/I2801637956 -> lat=35.91537094116211, lon=-94.96996307373047, country=US
[DEBUG] https://openalex.org/I4387930218 -> lat=None, lon=None, country=None
[DEBUG] https://openalex.org/I4210093799 -> lat=38.98067092895508, lon=-76.93692016601562, country=US
[DEBUG] https://openalex.org/I4210120421 -> lat=40.28293228149414, lon=-75.3511962890625, country=US
[DEBUG] https://openalex.org/I4210160704 -> lat=None, lon=None, country=HU
[DEBUG] https://openalex.org/I140275651 -> lat=None, lon=None, country=HU
[DEBUG] https://openalex.org/I20230540 -> lat=None, lon=None, country=HU
[DEBUG] https://openalex.org/I4210094428 -> lat=None, lon=None, country=HU
[DEBUG] https://openalex.org/I4210166037 -> lat=35.59405517578125, lon=-82.5580062866211, country=US
[DEBUG] https://openalex.org/I880747138 -> lat=38.93428, lon=-77.17748, country=US
[DEBUG] https://openalex.org/I4210117141 -> lat=None, lon=None, country=HU
[DEBUG] https://openalex.org/I4387930204 -> lat=None, lon=None, country=None
[DEBUG] https://openalex.org/I4210113654 -> lat=None, lon=None, country=CA
[DEBUG] https://openalex.org/I4210132178 -> lat=40.014991760253906, lon=-105.27055358886719, country=US
[DEBUG] https://openalex.org/I4210132216 -> lat=None, lon=None, country=HU
[DEBUG] https://openalex.org/I4210125476 -> lat=None, lon=None, country=HU
[DEBUG] https://openalex.org/I161675122 -> lat=40.014991760253906, lon=-105.27055358886719, country=US
[DEBUG] https://openalex.org/I4210128139 -> lat=40.014991760253906, lon=-105.27055358886719, country=US
[DEBUG] https://openalex.org/I106118109 -> lat=None, lon=None, country=HU
[DEBUG] https://openalex.org/I132735039 -> lat=None, lon=None, country=HU
[DEBUG] https://openalex.org/I4210109253 -> lat=None, lon=None, country=HU
[DEBUG] https://openalex.org/I4210112513 -> lat=None, lon=None, country=HU
[DEBUG] https://openalex.org/I103356709 -> lat=None, lon=None, country=HU
[DEBUG] https://openalex.org/I4210099897 -> lat=None, lon=None, country=HU
[DEBUG] https://openalex.org/I4210089696 -> lat=None, lon=None, country=HU
[DEBUG] https://openalex.org/I85686399 -> lat=None, lon=None, country=HU
[DEBUG] https://openalex.org/I4210162460 -> lat=None, lon=None, country=DE
[DEBUG] https://openalex.org/I140773715 -> lat=48.00662612915039, lon=-122.2047348022461, country=US
[DEBUG] https://openalex.org/I125989756 -> lat=None, lon=None, country=RU
[DEBUG] https://openalex.org/I177537411 -> lat=None, lon=None, country=RU
[DEBUG] https://openalex.org/I4210129079 -> lat=None, lon=None, country=RU
[DEBUG] https://openalex.org/I2801857525 -> lat=None, lon=None, country=CA
[DEBUG] https://openalex.org/I4210105972 -> lat=None, lon=None, country=DE
[DEBUG] https://openalex.org/I880641448 -> lat=37.256561279296875, lon=-79.94263458251953, country=US
[DEBUG] https://openalex.org/I864419238 -> lat=None, lon=None, country=JP
[DEBUG] https://openalex.org/I185163786 -> lat=None, lon=None, country=SA
[DEBUG] https://openalex.org/I69737025 -> lat=None, lon=None, country=CL
[DEBUG] https://openalex.org/I166416128 -> lat=39.003170013427734, lon=-76.97191619873047, country=US
[DEBUG] https://openalex.org/I126031752 -> lat=34.40701675415039, lon=-119.6973648071289, country=US
[DEBUG] https://openalex.org/I4210142708 -> lat=None, lon=None, country=SG
[DEBUG] https://openalex.org/I4210094881 -> lat=None, lon=None, country=CN
[DEBUG] https://openalex.org/I4210105932 -> lat=None, lon=None, country=FR
[DEBUG] https://openalex.org/I11559806 -> lat=None, lon=None, country=FR
[DEBUG] https://openalex.org/I10853899 -> lat=40.94453811645508, lon=-74.0754165649414, country=US
[DEBUG] https://openalex.org/I176611909 -> lat=34.17056, lon=-118.83759, country=US
[DEBUG] https://openalex.org/I4210105113 -> lat=None, lon=None, country=DE
[DEBUG] https://openalex.org/I864088423 -> lat=40.79228210449219, lon=-73.4657974243164, country=US
[DEBUG] https://openalex.org/I177881444 -> lat=34.0966796875, lon=-117.71977996826172, country=US
[DEBUG] https://openalex.org/I118839592 -> lat=35.373291015625, lon=-119.01870727539062, country=US
[DEBUG] https://openalex.org/I872248612 -> lat=34.10200119018555, lon=-117.71199798583984, country=US
[DEBUG] https://openalex.org/I4210157890 -> lat=40.656349182128906, lon=-73.65103149414062, country=US
[DEBUG] https://openalex.org/I141461282 -> lat=41.56772994995117, lon=-83.69335174560547, country=US
[DEBUG] https://openalex.org/I1327551190 -> lat=32.736183166503906, lon=-117.15042114257812, country=US
[DEBUG] https://openalex.org/I2799300731 -> lat=None, lon=None, country=GB
[DEBUG] https://openalex.org/I4210149126 -> lat=None, lon=None, country=CA
[DEBUG] https://openalex.org/I4210147160 -> lat=None, lon=None, country=GB
[DEBUG] https://openalex.org/I40813086 -> lat=44.28239822387695, lon=-72.43848419189453, country=US
[DEBUG] https://openalex.org/I4210126766 -> lat=40.01256561279297, lon=-75.2132568359375, country=US
[DEBUG] https://openalex.org/I4056153 -> lat=27.336429595947266, lon=-82.53064727783203, country=US
[DEBUG] https://openalex.org/I8408910 -> lat=None, lon=None, country=GB
[DEBUG] https://openalex.org/I1292197403 -> lat=33.961605072021484, lon=-83.39801025390625, country=US
[DEBUG] https://openalex.org/I4210095026 -> lat=None, lon=None, country=CN
[DEBUG] https://openalex.org/I70076703 -> lat=33.97808837890625, lon=-118.02960205078125, country=US
[DEBUG] https://openalex.org/I1330347796 -> lat=38.89511, lon=-77.03637, country=US
[DEBUG] https://openalex.org/I130440993 -> lat=39.108150482177734, lon=-76.74323272705078, country=US
[DEBUG] https://openalex.org/I4387153264 -> lat=None, lon=None, country=None
[DEBUG] https://openalex.org/I4210117160 -> lat=None, lon=None, country=FR
[DEBUG] https://openalex.org/I2802436875 -> lat=None, lon=None, country=FR
[DEBUG] https://openalex.org/I149213910 -> lat=None, lon=None, country=BE
[DEBUG] https://openalex.org/I4210144707 -> lat=None, lon=None, country=FR
[DEBUG] https://openalex.org/I2800026062 -> lat=None, lon=None, country=CA
[DEBUG] https://openalex.org/I4210148025 -> lat=None, lon=None, country=FR
[DEBUG] https://openalex.org/I4210147746 -> lat=None, lon=None, country=JP
[DEBUG] https://openalex.org/I1320675724 -> lat=38.89427947998047, lon=-77.43109893798828, country=US
[DEBUG] https://openalex.org/I50863359 -> lat=None, lon=None, country=GB
[DEBUG] https://openalex.org/I4210155524 -> lat=None, lon=None, country=FR
[DEBUG] https://openalex.org/I4210158228 -> lat=None, lon=None, country=FR
[DEBUG] https://openalex.org/I2805268620 -> lat=31.54932975769043, lon=-97.14666748046875, country=US
[DEBUG] https://openalex.org/I4210141120 -> lat=None, lon=None, country=AE
[DEBUG] https://openalex.org/I51101395 -> lat=None, lon=None, country=FR
[DEBUG] https://openalex.org/I4210155331 -> lat=None, lon=None, country=FR
[DEBUG] https://openalex.org/I4210090230 -> lat=None, lon=None, country=FR
[DEBUG] https://openalex.org/I4210099200 -> lat=39.94404602050781, lon=-75.13066864013672, country=US
[DEBUG] https://openalex.org/I4210163874 -> lat=None, lon=None, country=CN
[DEBUG] https://openalex.org/I4391768055 -> lat=None, lon=None, country=None
[DEBUG] https://openalex.org/I4391768020 -> lat=None, lon=None, country=None
[DEBUG] https://openalex.org/I4210091156 -> lat=None, lon=None, country=CN
[DEBUG] https://openalex.org/I4210135723 -> lat=None, lon=None, country=CN
[DEBUG] https://openalex.org/I97098773 -> lat=38.62726974487305, lon=-90.19789123535156, country=US
[DEBUG] https://openalex.org/I115441956 -> lat=42.886451721191406, lon=-78.87837219238281, country=US
[DEBUG] https://openalex.org/I2801153603 -> lat=None, lon=None, country=GB
[DEBUG] https://openalex.org/I180825142 -> lat=None, lon=None, country=GB
[DEBUG] https://openalex.org/I4210163595 -> lat=47.750511169433594, lon=-122.64518737792969, country=US
[DEBUG] https://openalex.org/I4210099913 -> lat=28.6, lon=-81.33924, country=US
[DEBUG] https://openalex.org/I4210126077 -> lat=41.88235855102539, lon=-87.62882995605469, country=US
[DEBUG] https://openalex.org/I4210150286 -> lat=None, lon=None, country=GB
[DEBUG] https://openalex.org/I69768126 -> lat=None, lon=None, country=GB
[DEBUG] https://openalex.org/I2802230104 -> lat=41.853641510009766, lon=-87.8395004272461, country=US
[DEBUG] https://openalex.org/I2799307867 -> lat=None, lon=None, country=GB
[DEBUG] https://openalex.org/I2801012209 -> lat=38.031707763671875, lon=-84.5091552734375, country=US
[DEBUG] https://openalex.org/I4210127938 -> lat=33.44837951660156, lon=-112.07404327392578, country=US
[DEBUG] https://openalex.org/I83558840 -> lat=None, lon=None, country=PT
[DEBUG] https://openalex.org/I4210134251 -> lat=None, lon=None, country=CN
[DEBUG] https://openalex.org/I2803058125 -> lat=None, lon=None, country=KR
[DEBUG] https://openalex.org/I4388482696 -> lat=None, lon=None, country=None
[DEBUG] https://openalex.org/I4388482740 -> lat=None, lon=None, country=None
[DEBUG] https://openalex.org/I4210090411 -> lat=None, lon=None, country=GB
[DEBUG] https://openalex.org/I4210120499 -> lat=40.61227798461914, lon=-74.26705169677734, country=US
[DEBUG] https://openalex.org/I4210122345 -> lat=None, lon=None, country=ES
[DEBUG] https://openalex.org/I4210152518 -> lat=None, lon=None, country=FR
[DEBUG] https://openalex.org/I4210159731 -> lat=None, lon=None, country=FR
[DEBUG] https://openalex.org/I4210113432 -> lat=None, lon=None, country=SK
[DEBUG] https://openalex.org/I84909340 -> lat=None, lon=None, country=FR
[DEBUG] https://openalex.org/I4210107660 -> lat=None, lon=None, country=RU
[DEBUG] https://openalex.org/I4210137602 -> lat=None, lon=None, country=RU
[DEBUG] https://openalex.org/I31336631 -> lat=42.24141311645508, lon=-87.88926696777344, country=US
[DEBUG] https://openalex.org/I4210094115 -> lat=None, lon=None, country=FR
[DEBUG] https://openalex.org/I4210104728 -> lat=None, lon=None, country=SK
[DEBUG] https://openalex.org/I1302978242 -> lat=None, lon=None, country=GB
[DEBUG] https://openalex.org/I4210093841 -> lat=None, lon=None, country=RU
[DEBUG] https://openalex.org/I4210101455 -> lat=None, lon=None, country=FR
[DEBUG] https://openalex.org/I4391767682 -> lat=None, lon=None, country=None
[DEBUG] https://openalex.org/I71838634 -> lat=37.77493, lon=-122.41942, country=US
[DEBUG] https://openalex.org/I4210130296 -> lat=42.20467758178711, lon=-72.35678100585938, country=US
[DEBUG] https://openalex.org/I4210138311 -> lat=37.68186950683594, lon=-121.76801300048828, country=US
[DEBUG] https://openalex.org/I4210159324 -> lat=36.20688247680664, lon=-115.13612365722656, country=US
[DEBUG] https://openalex.org/I4210118885 -> lat=35.59697723388672, lon=-106.04242706298828, country=US
[DEBUG] https://openalex.org/I4210092510 -> lat=None, lon=None, country=SD
[DEBUG] https://openalex.org/I4210107233 -> lat=None, lon=None, country=KR
[DEBUG] https://openalex.org/I2800842121 -> lat=38.89511, lon=-77.03637, country=US
[DEBUG] https://openalex.org/I4210121314 -> lat=32.715118408203125, lon=-117.17210388183594, country=US
[DEBUG] https://openalex.org/I4210166126 -> lat=None, lon=None, country=BE
[DEBUG] https://openalex.org/I4210163969 -> lat=37.86674118041992, lon=-122.26438903808594, country=US
[DEBUG] https://openalex.org/I4210163798 -> lat=35.05266189575195, lon=-78.87835693359375, country=US
[DEBUG] https://openalex.org/I4210129173 -> lat=38.928558349609375, lon=-77.24669647216797, country=US
[DEBUG] https://openalex.org/I4210150090 -> lat=None, lon=None, country=GR
[DEBUG] https://openalex.org/I34771391 -> lat=None, lon=None, country=CY
[DEBUG] https://openalex.org/I1284351223 -> lat=40.75664138793945, lon=-73.9698486328125, country=US
[DEBUG] https://openalex.org/I1336728567 -> lat=39.99732971191406, lon=-83.03607940673828, country=US
[DEBUG] https://openalex.org/I3132238960 -> lat=40.499271392822266, lon=-74.39904022216797, country=US
[DEBUG] https://openalex.org/I4210100607 -> lat=None, lon=None, country=IT
[DEBUG] https://openalex.org/I4210094333 -> lat=43.032562255859375, lon=-89.42802429199219, country=US
[DEBUG] https://openalex.org/I4210124410 -> lat=None, lon=None, country=CH
[DEBUG] https://openalex.org/I4210161075 -> lat=None, lon=None, country=CH
[DEBUG] https://openalex.org/I4210093678 -> lat=None, lon=None, country=CL
[DEBUG] https://openalex.org/I4210128905 -> lat=None, lon=None, country=None
[DEBUG] https://openalex.org/I4210128593 -> lat=None, lon=None, country=CH
[DEBUG] https://openalex.org/I4210093180 -> lat=None, lon=None, country=NL
[DEBUG] https://openalex.org/I4210113666 -> lat=None, lon=None, country=FR
[DEBUG] https://openalex.org/I292310028 -> lat=None, lon=None, country=IT
[DEBUG] https://openalex.org/I4210138538 -> lat=None, lon=None, country=IT
[DEBUG] https://openalex.org/I2801795740 -> lat=None, lon=None, country=ES
[DEBUG] https://openalex.org/I4210165633 -> lat=None, lon=None, country=CH
[DEBUG] https://openalex.org/I130194489 -> lat=None, lon=None, country=ES
[DEBUG] https://openalex.org/I4210164243 -> lat=None, lon=None, country=ES
[DEBUG] https://openalex.org/I4210128947 -> lat=None, lon=None, country=DE
[DEBUG] https://openalex.org/I4210105553 -> lat=None, lon=None, country=DE
[DEBUG] https://openalex.org/I4210137573 -> lat=41.304237365722656, lon=-72.92965698242188, country=US
[DEBUG] https://openalex.org/I1287402277 -> lat=34.43583, lon=-119.82764, country=US
[DEBUG] https://openalex.org/I4210160315 -> lat=42.377052307128906, lon=-71.11665344238281, country=US
[DEBUG] https://openalex.org/I1308923049 -> lat=None, lon=None, country=GB
[DEBUG] https://openalex.org/I74899385 -> lat=None, lon=None, country=AU
[DEBUG] https://openalex.org/I4210136865 -> lat=40.09883117675781, lon=-83.06454467773438, country=US
[DEBUG] https://openalex.org/I4210138214 -> lat=37.80586624145508, lon=-122.27649688720703, country=US
[DEBUG] https://openalex.org/I872623138 -> lat=37.386051177978516, lon=-122.08384704589844, country=US
[DEBUG] https://openalex.org/I4210090186 -> lat=39.292144775390625, lon=-84.48736572265625, country=US
[DEBUG] https://openalex.org/I91083438 -> lat=38.87918, lon=-99.32677, country=US
[DEBUG] https://openalex.org/I4210159778 -> lat=None, lon=None, country=CA
[DEBUG] https://openalex.org/I4210092852 -> lat=None, lon=None, country=GB
[DEBUG] https://openalex.org/I4210147002 -> lat=40.07789993286133, lon=-75.18614196777344, country=US
[DEBUG] https://openalex.org/I4210130121 -> lat=None, lon=None, country=PH
[DEBUG] https://openalex.org/I4210097282 -> lat=40.44062042236328, lon=-79.99588775634766, country=US
[DEBUG] https://openalex.org/I4210093646 -> lat=21.328771591186523, lon=-157.85211181640625, country=US
[DEBUG] https://openalex.org/I4210148920 -> lat=None, lon=None, country=DK
[DEBUG] https://openalex.org/I4210150880 -> lat=None, lon=None, country=PL
[DEBUG] https://openalex.org/I126859394 -> lat=None, lon=None, country=CA
[DEBUG] https://openalex.org/I4210106153 -> lat=40.43632507324219, lon=-79.96171569824219, country=US
[DEBUG] https://openalex.org/I116530498 -> lat=38.88233, lon=-77.17109, country=US
[DEBUG] https://openalex.org/I4210120717 -> lat=None, lon=None, country=GB
[DEBUG] https://openalex.org/I4210143228 -> lat=None, lon=None, country=GB
[DEBUG] https://openalex.org/I4210091428 -> lat=None, lon=None, country=GB
[DEBUG] https://openalex.org/I4780363 -> lat=37.41088104248047, lon=-94.70496368408203, country=US
[DEBUG] https://openalex.org/I4210096972 -> lat=34.098445892333984, lon=-118.29434204101562, country=US
[DEBUG] https://openalex.org/I4210148093 -> lat=43.09169006347656, lon=-70.78726959228516, country=US
[DEBUG] https://openalex.org/I55881946 -> lat=None, lon=None, country=JP
[DEBUG] https://openalex.org/I4210127537 -> lat=42.37649154663086, lon=-71.23561096191406, country=US
[DEBUG] https://openalex.org/I4210096123 -> lat=42.37649154663086, lon=-71.23561096191406, country=US
[DEBUG] https://openalex.org/I117693200 -> lat=39.00178146362305, lon=-76.68746948242188, country=US
[DEBUG] https://openalex.org/I4210113424 -> lat=None, lon=None, country=AT
[DEBUG] https://openalex.org/I4210158450 -> lat=None, lon=None, country=GB
[DEBUG] https://openalex.org/I55279860 -> lat=40.714271545410156, lon=-74.00596618652344, country=US
[DEBUG] https://openalex.org/I75746372 -> lat=32.94818115234375, lon=-96.72972106933594, country=US
[DEBUG] https://openalex.org/I4210114659 -> lat=None, lon=None, country=YE
[DEBUG] https://openalex.org/I70284922 -> lat=44.85988998413086, lon=-93.455322265625, country=US
[DEBUG] https://openalex.org/I37797678 -> lat=None, lon=None, country=NG
[DEBUG] https://openalex.org/I4210152870 -> lat=None, lon=None, country=RW
[DEBUG] https://openalex.org/I4210096170 -> lat=None, lon=None, country=GB
[DEBUG] https://openalex.org/I156317336 -> lat=39.953758239746094, lon=-75.1695556640625, country=US
[DEBUG] https://openalex.org/I4210107426 -> lat=None, lon=None, country=CN
[DEBUG] https://openalex.org/I4210086793 -> lat=None, lon=None, country=JP
[DEBUG] https://openalex.org/I4210110280 -> lat=None, lon=None, country=GB
[DEBUG] https://openalex.org/I276751011 -> lat=37.43953323364258, lon=-122.13397979736328, country=US
[DEBUG] https://openalex.org/I34809795 -> lat=None, lon=None, country=DE
[DEBUG] https://openalex.org/I4210131597 -> lat=None, lon=None, country=BY
[DEBUG] https://openalex.org/I33849332 -> lat=None, lon=None, country=MY
[DEBUG] https://openalex.org/I4210101807 -> lat=42.3653450012207, lon=-71.16081237792969, country=US
[DEBUG] https://openalex.org/I4210136294 -> lat=42.452293395996094, lon=-71.23670959472656, country=US
[DEBUG] https://openalex.org/I170172562 -> lat=None, lon=None, country=CN
[DEBUG] https://openalex.org/I94658018 -> lat=35.14952850341797, lon=-90.04898071289062, country=US
[DEBUG] https://openalex.org/I4210115082 -> lat=None, lon=None, country=ES
[DEBUG] https://openalex.org/I4210086696 -> lat=None, lon=None, country=ES
[DEBUG] https://openalex.org/I4210091816 -> lat=None, lon=None, country=ES
[DEBUG] https://openalex.org/I134820265 -> lat=None, lon=None, country=ES
[DEBUG] https://openalex.org/I4210147680 -> lat=None, lon=None, country=ES
[DEBUG] https://openalex.org/I4210138528 -> lat=None, lon=None, country=AU
[DEBUG] https://openalex.org/I1296875392 -> lat=None, lon=None, country=AU
[DEBUG] https://openalex.org/I4210130959 -> lat=None, lon=None, country=AU
[DEBUG] https://openalex.org/I102134673 -> lat=None, lon=None, country=SE
[DEBUG] https://openalex.org/I177483745 -> lat=None, lon=None, country=FR
[DEBUG] https://openalex.org/I4210102215 -> lat=None, lon=None, country=RU
[DEBUG] https://openalex.org/I141595442 -> lat=None, lon=None, country=RO
[DEBUG] https://openalex.org/I4210147417 -> lat=None, lon=None, country=CA
[DEBUG] https://openalex.org/I2802886717 -> lat=39.83048629760742, lon=-104.9862289428711, country=US
[DEBUG] https://openalex.org/I4210157559 -> lat=None, lon=None, country=UA
[DEBUG] https://openalex.org/I63098007 -> lat=None, lon=None, country=GB
[DEBUG] https://openalex.org/I161548249 -> lat=None, lon=None, country=GB
[DEBUG] https://openalex.org/I1118541 -> lat=None, lon=None, country=GB
[DEBUG] https://openalex.org/I2800882159 -> lat=None, lon=None, country=AU
[DEBUG] https://openalex.org/I4210108821 -> lat=None, lon=None, country=AU
[DEBUG] https://openalex.org/I2800516725 -> lat=None, lon=None, country=GB
[DEBUG] https://openalex.org/I4210124950 -> lat=None, lon=None, country=GB
[DEBUG] https://openalex.org/I119273862 -> lat=None, lon=None, country=CN
[DEBUG] https://openalex.org/I31637741 -> lat=None, lon=None, country=CN
[DEBUG] https://openalex.org/I4210132195 -> lat=None, lon=None, country=CN
[DEBUG] https://openalex.org/I4387153915 -> lat=None, lon=None, country=None
[DEBUG] https://openalex.org/I2801828391 -> lat=33.7707633972168, lon=-84.3878402709961, country=US
[DEBUG] https://openalex.org/I99507834 -> lat=35.060707092285156, lon=-80.84575653076172, country=US
[DEBUG] https://openalex.org/I158011677 -> lat=38.33964157104492, lon=-122.70110321044922, country=US
[DEBUG] https://openalex.org/I177308816 -> lat=37.06305694580078, lon=-76.49305725097656, country=US
[DEBUG] https://openalex.org/I4210157469 -> lat=None, lon=None, country=AO
[DEBUG] https://openalex.org/I1306324498 -> lat=40.75121307373047, lon=-73.99256896972656, country=US
[DEBUG] https://openalex.org/I4210159476 -> lat=37.01726150512695, lon=-76.32218933105469, country=US
[DEBUG] https://openalex.org/I874236823 -> lat=39.0044059753418, lon=-77.09965515136719, country=US
[DEBUG] https://openalex.org/I2801403999 -> lat=34.027244567871094, lon=-118.4865493774414, country=US
[DEBUG] https://openalex.org/I177607063 -> lat=33.83584976196289, lon=-118.34062957763672, country=US
[DEBUG] https://openalex.org/I92156820 -> lat=39.13043975830078, lon=-84.52094268798828, country=US
[DEBUG] https://openalex.org/I4210102099 -> lat=42.28639221191406, lon=-83.71514892578125, country=US
[DEBUG] https://openalex.org/I4210114783 -> lat=42.28295135498047, lon=-83.74524688720703, country=US
[DEBUG] https://openalex.org/I2802636490 -> lat=37.795005798339844, lon=-122.3994369506836, country=US
[DEBUG] https://openalex.org/I266595603 -> lat=40.31836700439453, lon=-74.65735626220703, country=US
[DEBUG] https://openalex.org/I4210130551 -> lat=None, lon=None, country=AU
[DEBUG] https://openalex.org/I60733029 -> lat=None, lon=None, country=AU
[DEBUG] https://openalex.org/I4210142480 -> lat=42.37649154663086, lon=-71.23561096191406, country=US
[DEBUG] https://openalex.org/I4210095445 -> lat=34.135032653808594, lon=-118.15080261230469, country=US
[DEBUG] https://openalex.org/I4210151230 -> lat=None, lon=None, country=GB
[DEBUG] https://openalex.org/I4210125849 -> lat=38.00428771972656, lon=-122.55464172363281, country=US
[DEBUG] https://openalex.org/I4210094216 -> lat=None, lon=None, country=TW
[DEBUG] https://openalex.org/I4210150714 -> lat=39.29037857055664, lon=-76.61219024658203, country=US
[DEBUG] https://openalex.org/I2801395776 -> lat=None, lon=None, country=AU
[DEBUG] https://openalex.org/I2802603360 -> lat=None, lon=None, country=TW
[DEBUG] https://openalex.org/I4210136721 -> lat=None, lon=None, country=CA
[DEBUG] https://openalex.org/I4210153200 -> lat=None, lon=None, country=CA
[DEBUG] https://openalex.org/I4210146797 -> lat=None, lon=None, country=CA
[DEBUG] https://openalex.org/I4210115489 -> lat=32.783058166503906, lon=-96.80667114257812, country=US
[DEBUG] https://openalex.org/I2899451211 -> lat=None, lon=None, country=FR
[DEBUG] https://openalex.org/I4210135355 -> lat=None, lon=None, country=FR
[DEBUG] https://openalex.org/I68947357 -> lat=None, lon=None, country=FR
[DEBUG] https://openalex.org/I4210119678 -> lat=40.45881652832031, lon=-86.93024444580078, country=US
[DEBUG] https://openalex.org/I4210153897 -> lat=None, lon=None, country=DE
[DEBUG] https://openalex.org/I4210100342 -> lat=35.206241607666016, lon=-80.8381576538086, country=US
[DEBUG] https://openalex.org/I2801388136 -> lat=None, lon=None, country=CA
[DEBUG] https://openalex.org/I4210132262 -> lat=40.75354766845703, lon=-73.97003173828125, country=US
[DEBUG] https://openalex.org/I197219897 -> lat=None, lon=None, country=PH
[DEBUG] https://openalex.org/I4210093494 -> lat=39.939170837402344, lon=-75.15540313720703, country=US
[DEBUG] https://openalex.org/I4210086048 -> lat=None, lon=None, country=GB
[DEBUG] https://openalex.org/I4210130480 -> lat=43.06052017211914, lon=-87.88072204589844, country=US
[DEBUG] https://openalex.org/I27504731 -> lat=44.56393051147461, lon=-69.6620864868164, country=US
[DEBUG] https://openalex.org/I4210139686 -> lat=39.00387954711914, lon=-77.10012817382812, country=US
[DEBUG] https://openalex.org/I4210140230 -> lat=32.94197463989258, lon=-117.1047592163086, country=US
[DEBUG] https://openalex.org/I61628605 -> lat=37.79127502441406, lon=-122.4342269897461, country=US
[DEBUG] https://openalex.org/I4210110309 -> lat=None, lon=None, country=AU
[DEBUG] https://openalex.org/I4210113809 -> lat=None, lon=None, country=TW
[DEBUG] https://openalex.org/I4210158298 -> lat=39.105506896972656, lon=-77.16116333007812, country=US
[DEBUG] https://openalex.org/I118574687 -> lat=None, lon=None, country=JP
[DEBUG] https://openalex.org/I4210165438 -> lat=None, lon=None, country=JP
[DEBUG] https://openalex.org/I184937672 -> lat=None, lon=None, country=JP
[DEBUG] https://openalex.org/I2800204708 -> lat=None, lon=None, country=PT
[DEBUG] https://openalex.org/I36080156 -> lat=None, lon=None, country=JP
[DEBUG] https://openalex.org/I184999862 -> lat=None, lon=None, country=ES
[DEBUG] https://openalex.org/I4210136150 -> lat=None, lon=None, country=DE
[DEBUG] https://openalex.org/I4210102083 -> lat=None, lon=None, country=CH
[DEBUG] https://openalex.org/I24354313 -> lat=None, lon=None, country=AR
[DEBUG] https://openalex.org/I4210150971 -> lat=None, lon=None, country=RU
[DEBUG] https://openalex.org/I2799748957 -> lat=42.358428955078125, lon=-71.05976867675781, country=US
[DEBUG] https://openalex.org/I4210155646 -> lat=42.375099182128906, lon=-71.1056137084961, country=US
[DEBUG] https://openalex.org/I14588785 -> lat=42.337039947509766, lon=-71.20922088623047, country=US
[DEBUG] https://openalex.org/I922845939 -> lat=39.9523811340332, lon=-75.16361999511719, country=US
[DEBUG] https://openalex.org/I4210135897 -> lat=32.692047119140625, lon=-117.17237854003906, country=US
[DEBUG] https://openalex.org/I4210112894 -> lat=40.70635223388672, lon=-73.93134307861328, country=US
[DEBUG] https://openalex.org/I81020160 -> lat=32.525150299072266, lon=-93.75018310546875, country=US
[DEBUG] https://openalex.org/I4210091790 -> lat=None, lon=None, country=IT
[DEBUG] https://openalex.org/I4210151430 -> lat=None, lon=None, country=CA
[DEBUG] https://openalex.org/I4210087465 -> lat=None, lon=None, country=IT
[DEBUG] https://openalex.org/I1925986 -> lat=41.85002899169922, lon=-87.6500473022461, country=US
[DEBUG] https://openalex.org/I4210102294 -> lat=42.66205978393555, lon=-71.42725372314453, country=US
[DEBUG] https://openalex.org/I4210130649 -> lat=39.414268493652344, lon=-77.41053771972656, country=US
[DEBUG] https://openalex.org/I4210108968 -> lat=30.217456817626953, lon=-92.04634857177734, country=US
[DEBUG] https://openalex.org/I2801843802 -> lat=None, lon=None, country=FR
[DEBUG] https://openalex.org/I119303690 -> lat=33.87525939941406, lon=-117.91761016845703, country=US
[DEBUG] https://openalex.org/I4210106388 -> lat=None, lon=None, country=NL
[DEBUG] https://openalex.org/I4390039284 -> lat=None, lon=None, country=None
[DEBUG] https://openalex.org/I4210141130 -> lat=35.0969352722168, lon=-106.6325454711914, country=US
[DEBUG] https://openalex.org/I4210134348 -> lat=None, lon=None, country=MY
[DEBUG] https://openalex.org/I4210099961 -> lat=40.70387, lon=-105.00859, country=US
[DEBUG] https://openalex.org/I15766117 -> lat=None, lon=None, country=AT
[DEBUG] https://openalex.org/I4210133955 -> lat=34.10550308227539, lon=-117.28711700439453, country=US
[DEBUG] https://openalex.org/I94062374 -> lat=28.03455924987793, lon=-82.38349151611328, country=US
[DEBUG] https://openalex.org/I4210122200 -> lat=None, lon=None, country=GB
[DEBUG] https://openalex.org/I4210141500 -> lat=40.90178680419922, lon=-74.63477325439453, country=US
[DEBUG] https://openalex.org/I4210110704 -> lat=38.996788024902344, lon=-77.09921264648438, country=US
[DEBUG] https://openalex.org/I2801120601 -> lat=None, lon=None, country=GB
[DEBUG] https://openalex.org/I4210092814 -> lat=39.61281967163086, lon=-86.37416076660156, country=US
[DEBUG] https://openalex.org/I4210162168 -> lat=None, lon=None, country=CM
[DEBUG] https://openalex.org/I4210134064 -> lat=None, lon=None, country=FI
[DEBUG] https://openalex.org/I4210126318 -> lat=None, lon=None, country=FI
[DEBUG] https://openalex.org/I56085075 -> lat=None, lon=None, country=EE
[DEBUG] https://openalex.org/I4210132235 -> lat=None, lon=None, country=KN
[DEBUG] https://openalex.org/I32943570 -> lat=None, lon=None, country=FI
[DEBUG] https://openalex.org/I1289739345 -> lat=40.7401123046875, lon=-73.64273834228516, country=US
[DEBUG] https://openalex.org/I2800057969 -> lat=19.82636070251465, lon=-155.47500610351562, country=US
[DEBUG] https://openalex.org/I4210124934 -> lat=42.623313903808594, lon=-71.48822784423828, country=US
[DEBUG] https://openalex.org/I21881038 -> lat=None, lon=None, country=ID
[DEBUG] https://openalex.org/I98540497 -> lat=40.714271545410156, lon=-74.00596618652344, country=US
[DEBUG] https://openalex.org/I4210091339 -> lat=None, lon=None, country=PL
[DEBUG] https://openalex.org/I4210088243 -> lat=39.001556396484375, lon=-77.10059356689453, country=US
[DEBUG] https://openalex.org/I4391768075 -> lat=None, lon=None, country=None
[DEBUG] https://openalex.org/I4210159340 -> lat=None, lon=None, country=CN
[DEBUG] https://openalex.org/I110440473 -> lat=None, lon=None, country=CN
[DEBUG] https://openalex.org/I4210111829 -> lat=None, lon=None, country=CN
[DEBUG] https://openalex.org/I3130456415 -> lat=None, lon=None, country=CN
[DEBUG] https://openalex.org/I4210118050 -> lat=None, lon=None, country=CN
[DEBUG] https://openalex.org/I166311557 -> lat=34.087100982666016, lon=-118.29287719726562, country=US
[DEBUG] https://openalex.org/I4210091044 -> lat=None, lon=None, country=CN
[DEBUG] https://openalex.org/I187175081 -> lat=None, lon=None, country=CN
[DEBUG] https://openalex.org/I4210096139 -> lat=None, lon=None, country=CN
[DEBUG] https://openalex.org/I4210136246 -> lat=None, lon=None, country=CN
[DEBUG] https://openalex.org/I4387153335 -> lat=None, lon=None, country=None
[DEBUG] https://openalex.org/I55022517 -> lat=None, lon=None, country=CN
[DEBUG] https://openalex.org/I146613903 -> lat=None, lon=None, country=CN
[DEBUG] https://openalex.org/I235331625 -> lat=None, lon=None, country=CN
[DEBUG] https://openalex.org/I4210103412 -> lat=None, lon=None, country=ES
[DEBUG] https://openalex.org/I4210132813 -> lat=None, lon=None, country=CN
[DEBUG] https://openalex.org/I4387156274 -> lat=None, lon=None, country=None
[DEBUG] https://openalex.org/I4391768241 -> lat=None, lon=None, country=None
[DEBUG] https://openalex.org/I4210132741 -> lat=None, lon=None, country=CN
[DEBUG] https://openalex.org/I4210117526 -> lat=None, lon=None, country=ES
[DEBUG] https://openalex.org/I4210165411 -> lat=None, lon=None, country=ES
[DEBUG] https://openalex.org/I4210099501 -> lat=None, lon=None, country=IT
[DEBUG] https://openalex.org/I4210163633 -> lat=None, lon=None, country=FR
[DEBUG] https://openalex.org/I21182828 -> lat=38.9846076965332, lon=-77.09288024902344, country=US
[DEBUG] https://openalex.org/I4210159938 -> lat=36.07025146484375, lon=-115.08233642578125, country=US
[DEBUG] https://openalex.org/I19630809 -> lat=None, lon=None, country=IT
[DEBUG] https://openalex.org/I913481162 -> lat=None, lon=None, country=NL
[DEBUG] https://openalex.org/I14746517 -> lat=None, lon=None, country=GB
[DEBUG] https://openalex.org/I173146385 -> lat=40.037879943847656, lon=-76.30551147460938, country=US
[DEBUG] https://openalex.org/I4210147106 -> lat=None, lon=None, country=IT
[DEBUG] https://openalex.org/I4210131914 -> lat=None, lon=None, country=GB
[DEBUG] https://openalex.org/I4210123095 -> lat=None, lon=None, country=SG
[DEBUG] https://openalex.org/I1340753257 -> lat=None, lon=None, country=GB
[DEBUG] https://openalex.org/I170203145 -> lat=None, lon=None, country=GB
[DEBUG] https://openalex.org/I1315141215 -> lat=None, lon=None, country=AU
[DEBUG] https://openalex.org/I2800991225 -> lat=None, lon=None, country=CA
[DEBUG] https://openalex.org/I2800640726 -> lat=41.852325439453125, lon=-71.39766693115234, country=US
[DEBUG] https://openalex.org/I4210115074 -> lat=None, lon=None, country=GB
[DEBUG] https://openalex.org/I4210160410 -> lat=33.83912658691406, lon=-118.37052917480469, country=US
[DEBUG] https://openalex.org/I4210147097 -> lat=None, lon=None, country=NL
[DEBUG] https://openalex.org/I4210128796 -> lat=None, lon=None, country=IT
[DEBUG] https://openalex.org/I110120368 -> lat=None, lon=None, country=IT
[DEBUG] https://openalex.org/I4210154624 -> lat=42.53947067260742, lon=-71.25694274902344, country=US
[DEBUG] https://openalex.org/I4210135976 -> lat=40.880313873291016, lon=-73.87899017333984, country=US
[DEBUG] https://openalex.org/I2801272649 -> lat=34.06638717651367, lon=-118.44611358642578, country=US
[DEBUG] https://openalex.org/I4210136231 -> lat=None, lon=None, country=PL
[DEBUG] https://openalex.org/I4210149435 -> lat=30.484033584594727, lon=-97.66615295410156, country=US
[DEBUG] https://openalex.org/I2801780550 -> lat=37.77492904663086, lon=-122.41941833496094, country=US
[DEBUG] https://openalex.org/I4210120128 -> lat=30.411510467529297, lon=-97.7061996459961, country=US
[DEBUG] https://openalex.org/I106296451 -> lat=None, lon=None, country=IT
[DEBUG] https://openalex.org/I874386039 -> lat=None, lon=None, country=AR
[DEBUG] https://openalex.org/I4210126183 -> lat=None, lon=None, country=EC
[DEBUG] https://openalex.org/I4210101691 -> lat=None, lon=None, country=ES
[DEBUG] https://openalex.org/I20388574 -> lat=43.048118591308594, lon=-76.14742279052734, country=US
[DEBUG] https://openalex.org/I1310866531 -> lat=None, lon=None, country=GT
[DEBUG] https://openalex.org/I4210126992 -> lat=None, lon=None, country=FR
[DEBUG] https://openalex.org/I4210136176 -> lat=42.469024658203125, lon=-71.26312255859375, country=US
[DEBUG] https://openalex.org/I2802159110 -> lat=None, lon=None, country=NO
[DEBUG] https://openalex.org/I4210091523 -> lat=None, lon=None, country=NO
[DEBUG] https://openalex.org/I4210119387 -> lat=None, lon=None, country=JP
[DEBUG] https://openalex.org/I74872605 -> lat=None, lon=None, country=CN
[DEBUG] https://openalex.org/I3005327000 -> lat=None, lon=None, country=SG
[DEBUG] https://openalex.org/I6469544 -> lat=None, lon=None, country=MO
[DEBUG] https://openalex.org/I4210136834 -> lat=None, lon=None, country=CN
[DEBUG] https://openalex.org/I4210149618 -> lat=None, lon=None, country=CN
[DEBUG] https://openalex.org/I4210114556 -> lat=None, lon=None, country=CN
[DEBUG] https://openalex.org/I890469752 -> lat=None, lon=None, country=CN
[DEBUG] https://openalex.org/I141568987 -> lat=None, lon=None, country=HK
[DEBUG] https://openalex.org/I4210159865 -> lat=None, lon=None, country=CN
[DEBUG] https://openalex.org/I4210156464 -> lat=None, lon=None, country=CN
[DEBUG] https://openalex.org/I4400573165 -> lat=None, lon=None, country=None
[DEBUG] https://openalex.org/I75867142 -> lat=None, lon=None, country=CN
[DEBUG] https://openalex.org/I4210135906 -> lat=None, lon=None, country=CN
[DEBUG] https://openalex.org/I163151501 -> lat=None, lon=None, country=CN
[DEBUG] https://openalex.org/I177739611 -> lat=None, lon=None, country=CN
[DEBUG] https://openalex.org/I4210148362 -> lat=None, lon=None, country=CN
[DEBUG] https://openalex.org/I200845125 -> lat=None, lon=None, country=CN
[DEBUG] https://openalex.org/I4210154862 -> lat=None, lon=None, country=CN
[DEBUG] https://openalex.org/I4403386725 -> lat=None, lon=None, country=None
[DEBUG] https://openalex.org/I2802615301 -> lat=None, lon=None, country=CN
[DEBUG] https://openalex.org/I4210151799 -> lat=40.03622055053711, lon=-75.51380920410156, country=US
[DEBUG] https://openalex.org/I308837 -> lat=None, lon=None, country=CN
[DEBUG] https://openalex.org/I4210153068 -> lat=None, lon=None, country=CN
[DEBUG] https://openalex.org/I4210163363 -> lat=None, lon=None, country=CN
[DEBUG] https://openalex.org/I141301092 -> lat=None, lon=None, country=CN
[DEBUG] https://openalex.org/I4400573293 -> lat=None, lon=None, country=None
[DEBUG] https://openalex.org/I2802707198 -> lat=45.50050354003906, lon=-122.6875228881836, country=US
[DEBUG] https://openalex.org/I1291877375 -> lat=None, lon=None, country=RU
[DEBUG] https://openalex.org/I1292966370 -> lat=None, lon=None, country=GB
[DEBUG] https://openalex.org/I2801316944 -> lat=None, lon=None, country=GB
[DEBUG] https://openalex.org/I193619901 -> lat=None, lon=None, country=DE
[DEBUG] https://openalex.org/I4210146297 -> lat=None, lon=None, country=AU
[DEBUG] https://openalex.org/I34403800 -> lat=None, lon=None, country=DE
[DEBUG] https://openalex.org/I4210153089 -> lat=None, lon=None, country=DE
[DEBUG] https://openalex.org/I884043246 -> lat=None, lon=None, country=DE
[DEBUG] https://openalex.org/I4210102082 -> lat=None, lon=None, country=DE
[DEBUG] https://openalex.org/I1327069482 -> lat=38.984596252441406, lon=-77.09712219238281, country=US
[DEBUG] https://openalex.org/I65163767 -> lat=None, lon=None, country=GB
[DEBUG] https://openalex.org/I4210136374 -> lat=28.55423355102539, lon=-81.33086395263672, country=US
[DEBUG] https://openalex.org/I41639379 -> lat=38.89511, lon=-77.03637, country=US
[DEBUG] https://openalex.org/I4210120869 -> lat=None, lon=None, country=CA
[DEBUG] https://openalex.org/I5681781 -> lat=None, lon=None, country=AU
[DEBUG] https://openalex.org/I2801798517 -> lat=38.88884735107422, lon=-77.00011444091797, country=US
[DEBUG] https://openalex.org/I24861097 -> lat=44.45830154418945, lon=-93.1615982055664, country=US
[DEBUG] https://openalex.org/I2802429123 -> lat=39.773712158203125, lon=-75.57880401611328, country=US
[DEBUG] https://openalex.org/I129043915 -> lat=None, lon=None, country=IT
[DEBUG] https://openalex.org/I2801290373 -> lat=41.87124252319336, lon=-71.37210083007812, country=US
[DEBUG] https://openalex.org/I1296604144 -> lat=41.684120178222656, lon=-86.25077819824219, country=US
[DEBUG] https://openalex.org/I4210087487 -> lat=None, lon=None, country=FR
[DEBUG] https://openalex.org/I189075073 -> lat=None, lon=None, country=AR
[DEBUG] https://openalex.org/I102064193 -> lat=None, lon=None, country=IT
[DEBUG] https://openalex.org/I4210109975 -> lat=None, lon=None, country=IT
[DEBUG] https://openalex.org/I1343675862 -> lat=40.76504898071289, lon=-73.96005249023438, country=US
[DEBUG] https://openalex.org/I4210162909 -> lat=None, lon=None, country=FR
[DEBUG] https://openalex.org/I2801814493 -> lat=None, lon=None, country=AU
[DEBUG] https://openalex.org/I4210087817 -> lat=None, lon=None, country=DE
[DEBUG] https://openalex.org/I4210097477 -> lat=None, lon=None, country=DE
[DEBUG] https://openalex.org/I4210104571 -> lat=None, lon=None, country=DE
[DEBUG] https://openalex.org/I4210162703 -> lat=None, lon=None, country=BE
[DEBUG] https://openalex.org/I4210087348 -> lat=None, lon=None, country=JP
[DEBUG] https://openalex.org/I46860202 -> lat=None, lon=None, country=GB
[DEBUG] https://openalex.org/I191972202 -> lat=None, lon=None, country=IN
[DEBUG] https://openalex.org/I4210148827 -> lat=None, lon=None, country=IN
[DEBUG] https://openalex.org/I138801177 -> lat=None, lon=None, country=GB
[DEBUG] https://openalex.org/I8977528 -> lat=None, lon=None, country=IN
[DEBUG] https://openalex.org/I4210131481 -> lat=None, lon=None, country=PE
[DEBUG] https://openalex.org/I185763367 -> lat=None, lon=None, country=ES
[DEBUG] https://openalex.org/I4210144622 -> lat=None, lon=None, country=CY
[DEBUG] https://openalex.org/I133186546 -> lat=43.105369567871094, lon=-88.0267105102539, country=US
[DEBUG] https://openalex.org/I184220567 -> lat=None, lon=None, country=JP
[DEBUG] https://openalex.org/I153515283 -> lat=None, lon=None, country=DE
[DEBUG] https://openalex.org/I78063147 -> lat=42.35268783569336, lon=-71.07699584960938, country=US
[DEBUG] https://openalex.org/I50310733 -> lat=None, lon=None, country=PT
[DEBUG] https://openalex.org/I4210088867 -> lat=None, lon=None, country=IN
[DEBUG] https://openalex.org/I2800922704 -> lat=42.08527755737305, lon=-71.39888763427734, country=US
[DEBUG] https://openalex.org/I2801464024 -> lat=None, lon=None, country=PH
[DEBUG] https://openalex.org/I55546527 -> lat=None, lon=None, country=IN
[DEBUG] https://openalex.org/I4210142156 -> lat=42.298561096191406, lon=-89.09839630126953, country=US
[DEBUG] https://openalex.org/I4210097113 -> lat=None, lon=None, country=DE
[DEBUG] https://openalex.org/I4210114918 -> lat=42.35148620605469, lon=-71.1100082397461, country=US
[DEBUG] https://openalex.org/I1332492646 -> lat=32.500003814697266, lon=-92.1146240234375, country=US
[DEBUG] https://openalex.org/I4210113520 -> lat=None, lon=None, country=DE
[DEBUG] https://openalex.org/I4210116730 -> lat=None, lon=None, country=DE
[DEBUG] https://openalex.org/I4210116750 -> lat=34.05024719238281, lon=-117.25055694580078, country=US
[DEBUG] https://openalex.org/I1293502524 -> lat=34.0525016784668, lon=-117.26416778564453, country=US
[DEBUG] https://openalex.org/I4210098961 -> lat=34.051998138427734, lon=-117.19217681884766, country=US
[DEBUG] https://openalex.org/I4210141570 -> lat=34.051849365234375, lon=-117.25251007080078, country=US
[DEBUG] https://openalex.org/I202963720 -> lat=None, lon=None, country=CH
[DEBUG] https://openalex.org/I55486353 -> lat=45.5234489440918, lon=-122.67620849609375, country=US
[DEBUG] https://openalex.org/I922237871 -> lat=None, lon=None, country=NL
[DEBUG] https://openalex.org/I4210132207 -> lat=42.46647644042969, lon=-76.5357666015625, country=US
[DEBUG] https://openalex.org/I4210099842 -> lat=None, lon=None, country=IN
[DEBUG] https://openalex.org/I119182057 -> lat=None, lon=None, country=JP
[DEBUG] https://openalex.org/I4210089966 -> lat=None, lon=None, country=GB
[DEBUG] https://openalex.org/I4210111543 -> lat=43.00298309326172, lon=-71.25765228271484, country=US
[DEBUG] https://openalex.org/I3019586173 -> lat=39.73915100097656, lon=-104.98470306396484, country=US
[DEBUG] https://openalex.org/I147017597 -> lat=None, lon=None, country=BG
[DEBUG] https://openalex.org/I4210097513 -> lat=42.28323745727539, lon=-83.72955322265625, country=US
[DEBUG] https://openalex.org/I2799971621 -> lat=None, lon=None, country=AU
[DEBUG] https://openalex.org/I1295908608 -> lat=37.75555419921875, lon=-122.40499877929688, country=US
[DEBUG] https://openalex.org/I2802987467 -> lat=40.714271545410156, lon=-74.00596618652344, country=US
[DEBUG] https://openalex.org/I4210102695 -> lat=None, lon=None, country=MX
[DEBUG] https://openalex.org/I4210158181 -> lat=30.313167572021484, lon=-81.66320037841797, country=US
[DEBUG] https://openalex.org/I2800706061 -> lat=48.102630615234375, lon=-123.2811279296875, country=US
[DEBUG] https://openalex.org/I4210086066 -> lat=30.513004302978516, lon=-87.21965789794922, country=US
[DEBUG] https://openalex.org/I4210165183 -> lat=30.332183837890625, lon=-81.66838836669922, country=US
[DEBUG] https://openalex.org/I4210112713 -> lat=None, lon=None, country=DE
[DEBUG] https://openalex.org/I4210101555 -> lat=None, lon=None, country=CN
[DEBUG] https://openalex.org/I163612194 -> lat=41.499088287353516, lon=-81.70230865478516, country=US
[DEBUG] https://openalex.org/I4210156829 -> lat=34.004154205322266, lon=-84.58769989013672, country=US
[DEBUG] https://openalex.org/I4210089162 -> lat=41.894744873046875, lon=-87.62133026123047, country=US
[DEBUG] https://openalex.org/I4210166855 -> lat=None, lon=None, country=BR
[DEBUG] https://openalex.org/I4210152479 -> lat=None, lon=None, country=CY
[DEBUG] https://openalex.org/I4210122684 -> lat=None, lon=None, country=JP
[DEBUG] https://openalex.org/I4210095624 -> lat=37.55870819091797, lon=-122.3250732421875, country=US
[DEBUG] https://openalex.org/I4210139618 -> lat=None, lon=None, country=CN
[DEBUG] https://openalex.org/I4210148966 -> lat=None, lon=None, country=CN
[DEBUG] https://openalex.org/I4210156847 -> lat=None, lon=None, country=CN
[DEBUG] https://openalex.org/I4210111628 -> lat=None, lon=None, country=CN
[DEBUG] https://openalex.org/I4210166639 -> lat=None, lon=None, country=GB
[DEBUG] https://openalex.org/I10660446 -> lat=None, lon=None, country=CN
[DEBUG] https://openalex.org/I4210115456 -> lat=None, lon=None, country=CN
[DEBUG] https://openalex.org/I165911609 -> lat=None, lon=None, country=CN
[DEBUG] https://openalex.org/I4210098832 -> lat=None, lon=None, country=CN
[DEBUG] https://openalex.org/I4210122705 -> lat=None, lon=None, country=CN
[DEBUG] https://openalex.org/I4210086973 -> lat=None, lon=None, country=CN
[DEBUG] https://openalex.org/I10899854 -> lat=None, lon=None, country=CN
[DEBUG] https://openalex.org/I111753288 -> lat=None, lon=None, country=CN
[DEBUG] https://openalex.org/I4210123932 -> lat=None, lon=None, country=CN
[DEBUG] https://openalex.org/I23632641 -> lat=None, lon=None, country=CN
[DEBUG] https://openalex.org/I37448385 -> lat=None, lon=None, country=CN
[DEBUG] https://openalex.org/I4210153869 -> lat=None, lon=None, country=CN
[DEBUG] https://openalex.org/I4210107815 -> lat=None, lon=None, country=CN
[DEBUG] https://openalex.org/I4210097660 -> lat=None, lon=None, country=CN
[DEBUG] https://openalex.org/I258800397 -> lat=None, lon=None, country=CN
[DEBUG] https://openalex.org/I4210137163 -> lat=None, lon=None, country=DE
[DEBUG] https://openalex.org/I4210124050 -> lat=None, lon=None, country=DE
[DEBUG] https://openalex.org/I193427800 -> lat=37.377532958984375, lon=-121.97872161865234, country=US
[DEBUG] https://openalex.org/I139347817 -> lat=38.883758544921875, lon=-77.02647399902344, country=US
[DEBUG] https://openalex.org/I4210098633 -> lat=42.375099182128906, lon=-71.1056137084961, country=US
[DEBUG] https://openalex.org/I1280576195 -> lat=None, lon=None, country=GB
[DEBUG] https://openalex.org/I88189429 -> lat=None, lon=None, country=DK
[DEBUG] https://openalex.org/I1281133977 -> lat=None, lon=None, country=BD
[DEBUG] https://openalex.org/I4210167249 -> lat=41.28133010864258, lon=-81.32920837402344, country=US
[DEBUG] https://openalex.org/I4210090016 -> lat=None, lon=None, country=LV
[DEBUG] https://openalex.org/I84027002 -> lat=None, lon=None, country=GB
[DEBUG] https://openalex.org/I4210113621 -> lat=None, lon=None, country=FR
[DEBUG] https://openalex.org/I98910050 -> lat=None, lon=None, country=FR
[DEBUG] https://openalex.org/I4210098702 -> lat=None, lon=None, country=FR
[DEBUG] https://openalex.org/I4210133938 -> lat=None, lon=None, country=FR
[DEBUG] https://openalex.org/I84475105 -> lat=29.18796730041504, lon=-81.04686737060547, country=US
[DEBUG] https://openalex.org/I144536108 -> lat=None, lon=None, country=CA
[DEBUG] https://openalex.org/I41156924 -> lat=None, lon=None, country=NZ
[DEBUG] https://openalex.org/I2276074 -> lat=42.47472381591797, lon=-83.24888610839844, country=US
[DEBUG] https://openalex.org/I110383171 -> lat=38.90705108642578, lon=-77.0429458618164, country=US
[DEBUG] https://openalex.org/I2801120396 -> lat=None, lon=None, country=AU
[DEBUG] https://openalex.org/I868289433 -> lat=None, lon=None, country=VE
[DEBUG] https://openalex.org/I2802326326 -> lat=26.301740646362305, lon=-98.16333770751953, country=US
[DEBUG] https://openalex.org/I4210130634 -> lat=None, lon=None, country=IN
[DEBUG] https://openalex.org/I170979836 -> lat=None, lon=None, country=IN
[DEBUG] https://openalex.org/I112754052 -> lat=None, lon=None, country=IN
[DEBUG] https://openalex.org/I4210100047 -> lat=None, lon=None, country=IN
[DEBUG] https://openalex.org/I152754861 -> lat=None, lon=None, country=IN
[DEBUG] https://openalex.org/I13567498 -> lat=None, lon=None, country=IN
[DEBUG] https://openalex.org/I106542073 -> lat=None, lon=None, country=IN
[DEBUG] https://openalex.org/I336022086 -> lat=None, lon=None, country=IN
[DEBUG] https://openalex.org/I127174594 -> lat=None, lon=None, country=IN
[DEBUG] https://openalex.org/I2799351866 -> lat=None, lon=None, country=IN
[DEBUG] https://openalex.org/I4210131107 -> lat=None, lon=None, country=IN
[DEBUG] https://openalex.org/I3119844270 -> lat=None, lon=None, country=BD
[DEBUG] https://openalex.org/I34034455 -> lat=None, lon=None, country=IN
[DEBUG] https://openalex.org/I2800689258 -> lat=None, lon=None, country=IN
[DEBUG] https://openalex.org/I138537684 -> lat=None, lon=None, country=IN
[DEBUG] https://openalex.org/I173956350 -> lat=None, lon=None, country=IN
[DEBUG] https://openalex.org/I103004294 -> lat=None, lon=None, country=IN
[DEBUG] https://openalex.org/I4210086857 -> lat=None, lon=None, country=GB
[DEBUG] https://openalex.org/I2800150677 -> lat=None, lon=None, country=GB
[DEBUG] https://openalex.org/I3133213366 -> lat=None, lon=None, country=IN
[DEBUG] https://openalex.org/I4210105551 -> lat=32.958980560302734, lon=-117.09721374511719, country=US
[DEBUG] https://openalex.org/I67357951 -> lat=None, lon=None, country=IN
[DEBUG] https://openalex.org/I4210133751 -> lat=None, lon=None, country=IN
[DEBUG] https://openalex.org/I4210114539 -> lat=None, lon=None, country=IN
[DEBUG] https://openalex.org/I2800084297 -> lat=None, lon=None, country=IN
[DEBUG] https://openalex.org/I205092303 -> lat=None, lon=None, country=FR
[DEBUG] https://openalex.org/I17626003 -> lat=41.48038, lon=-71.52256, country=US
[DEBUG] https://openalex.org/I2802210327 -> lat=32.777992248535156, lon=-117.15489959716797, country=US
[DEBUG] https://openalex.org/I178319760 -> lat=None, lon=None, country=IN
[DEBUG] https://openalex.org/I1297971548 -> lat=37.87158966064453, lon=-122.27275085449219, country=US
[DEBUG] https://openalex.org/I68812265 -> lat=34.503440856933594, lon=-82.65013122558594, country=US
[DEBUG] https://openalex.org/I898769471 -> lat=None, lon=None, country=CA
[DEBUG] https://openalex.org/I2802198758 -> lat=36.165889739990234, lon=-86.78443908691406, country=US
[DEBUG] https://openalex.org/I118353179 -> lat=41.85002899169922, lon=-87.6500473022461, country=US
[DEBUG] https://openalex.org/I4210117407 -> lat=None, lon=None, country=GB
[DEBUG] https://openalex.org/I1287896540 -> lat=42.31905746459961, lon=-85.18168640136719, country=US
[DEBUG] https://openalex.org/I1325290502 -> lat=38.90052795410156, lon=-77.03121948242188, country=US
[DEBUG] https://openalex.org/I119878761 -> lat=33.7828254699707, lon=-84.38509368896484, country=US
[DEBUG] https://openalex.org/I180242103 -> lat=None, lon=None, country=SE
[DEBUG] https://openalex.org/I4210156325 -> lat=None, lon=None, country=GB
[DEBUG] https://openalex.org/I10874241 -> lat=None, lon=None, country=IN
[DEBUG] https://openalex.org/I4210140678 -> lat=32.900299072265625, lon=-117.19976806640625, country=US
[DEBUG] https://openalex.org/I4210086299 -> lat=None, lon=None, country=IN
[DEBUG] https://openalex.org/I2800332805 -> lat=34.107879638671875, lon=-117.73070526123047, country=US
[DEBUG] https://openalex.org/I162838928 -> lat=None, lon=None, country=TW
[DEBUG] https://openalex.org/I4210113354 -> lat=None, lon=None, country=FR
[DEBUG] https://openalex.org/I1300891529 -> lat=38.89756774902344, lon=-77.0344009399414, country=US
[DEBUG] https://openalex.org/I1333370159 -> lat=42.06254196166992, lon=-88.05451965332031, country=US
[DEBUG] https://openalex.org/I16970960 -> lat=34.0966796875, lon=-117.71977996826172, country=US
[DEBUG] https://openalex.org/I1286959531 -> lat=40.71427, lon=-74.00597, country=US
[DEBUG] https://openalex.org/I204136569 -> lat=None, lon=None, country=GB
[DEBUG] https://openalex.org/I149640151 -> lat=38.895111083984375, lon=-77.03636932373047, country=US
[DEBUG] https://openalex.org/I1298154867 -> lat=39.33550262451172, lon=-76.65545654296875, country=US
[DEBUG] https://openalex.org/I4210134878 -> lat=42.358428955078125, lon=-71.05976867675781, country=US
[DEBUG] https://openalex.org/I4210127693 -> lat=39.94993591308594, lon=-75.1987075805664, country=US
[DEBUG] https://openalex.org/I68891433 -> lat=None, lon=None, country=IN
[DEBUG] https://openalex.org/I110995367 -> lat=38.91545486450195, lon=-94.65752410888672, country=US
[DEBUG] https://openalex.org/I4210144005 -> lat=None, lon=None, country=FR
[DEBUG] https://openalex.org/I4210125028 -> lat=None, lon=None, country=FR
[DEBUG] https://openalex.org/I4210109968 -> lat=None, lon=None, country=FR
[DEBUG] https://openalex.org/I4210148340 -> lat=None, lon=None, country=ES
[DEBUG] https://openalex.org/I4210157660 -> lat=None, lon=None, country=FR
[DEBUG] https://openalex.org/I21491767 -> lat=None, lon=None, country=FR
[DEBUG] https://openalex.org/I4210120427 -> lat=None, lon=None, country=FR
[DEBUG] https://openalex.org/I4210146787 -> lat=None, lon=None, country=FR
[DEBUG] https://openalex.org/I4210090782 -> lat=None, lon=None, country=DE
[DEBUG] https://openalex.org/I4210089144 -> lat=None, lon=None, country=MA
[DEBUG] https://openalex.org/I4210138206 -> lat=None, lon=None, country=FR
[DEBUG] https://openalex.org/I4210126368 -> lat=None, lon=None, country=FR
[DEBUG] https://openalex.org/I4210157616 -> lat=None, lon=None, country=MA
[DEBUG] https://openalex.org/I4210100181 -> lat=42.375099182128906, lon=-71.1056137084961, country=US
[DEBUG] https://openalex.org/I4210128845 -> lat=None, lon=None, country=JP
[DEBUG] https://openalex.org/I4210120775 -> lat=39.76222229003906, lon=-75.5616683959961, country=US
[DEBUG] https://openalex.org/I19894307 -> lat=None, lon=None, country=FR
[DEBUG] https://openalex.org/I4210144972 -> lat=None, lon=None, country=FR
[DEBUG] https://openalex.org/I198415970 -> lat=None, lon=None, country=FR
[DEBUG] https://openalex.org/I4210136513 -> lat=None, lon=None, country=FR
[DEBUG] https://openalex.org/I11935315 -> lat=None, lon=None, country=FR
[DEBUG] https://openalex.org/I4210115097 -> lat=None, lon=None, country=ES
[DEBUG] https://openalex.org/I4210119417 -> lat=None, lon=None, country=BJ
[DEBUG] https://openalex.org/I4210110912 -> lat=None, lon=None, country=AT
[DEBUG] https://openalex.org/I237446400 -> lat=None, lon=None, country=FR
[DEBUG] https://openalex.org/I124261006 -> lat=None, lon=None, country=FR
[DEBUG] https://openalex.org/I4210142324 -> lat=None, lon=None, country=FR
[DEBUG] https://openalex.org/I16892885 -> lat=33.4918212890625, lon=-80.85565185546875, country=US
[DEBUG] https://openalex.org/I4210106258 -> lat=42.38166809082031, lon=-71.1285171508789, country=US
[DEBUG] https://openalex.org/I182534213 -> lat=None, lon=None, country=PT
[DEBUG] https://openalex.org/I4210092736 -> lat=None, lon=None, country=IN
[DEBUG] https://openalex.org/I4210151837 -> lat=40.73984146118164, lon=-74.34386444091797, country=US
[DEBUG] https://openalex.org/I4210162262 -> lat=40.98767852783203, lon=-73.7428207397461, country=US
[DEBUG] https://openalex.org/I4210094779 -> lat=43.62363052368164, lon=-87.8077163696289, country=US
[DEBUG] https://openalex.org/I1300548115 -> lat=38.89004135131836, lon=-77.08639526367188, country=US
[DEBUG] https://openalex.org/I4210099239 -> lat=None, lon=None, country=IT
[DEBUG] https://openalex.org/I119439378 -> lat=None, lon=None, country=IT
[DEBUG] https://openalex.org/I11317958 -> lat=47.65018844604492, lon=-122.36166381835938, country=US
[DEBUG] https://openalex.org/I4210161896 -> lat=None, lon=None, country=CN
[DEBUG] https://openalex.org/I1294824412 -> lat=47.62129211425781, lon=-122.33881378173828, country=US
[DEBUG] https://openalex.org/I4210113377 -> lat=None, lon=None, country=CN
[DEBUG] https://openalex.org/I4210129127 -> lat=None, lon=None, country=CN
[DEBUG] https://openalex.org/I1295499534 -> lat=47.60620880126953, lon=-122.33206939697266, country=US
[DEBUG] https://openalex.org/I4210105984 -> lat=None, lon=None, country=CN
[DEBUG] https://openalex.org/I4210124018 -> lat=None, lon=None, country=CN
[DEBUG] https://openalex.org/I4210137558 -> lat=None, lon=None, country=CN
[DEBUG] https://openalex.org/I4210145292 -> lat=None, lon=None, country=CN
[DEBUG] https://openalex.org/I4210129515 -> lat=None, lon=None, country=CN
[DEBUG] https://openalex.org/I117532281 -> lat=None, lon=None, country=CN
[DEBUG] https://openalex.org/I1311643757 -> lat=None, lon=None, country=CN
[DEBUG] https://openalex.org/I179060312 -> lat=None, lon=None, country=CN
[DEBUG] https://openalex.org/I146563203 -> lat=None, lon=None, country=CN
[DEBUG] https://openalex.org/I4210141682 -> lat=None, lon=None, country=CN
[DEBUG] https://openalex.org/I2800471414 -> lat=25.676572799682617, lon=-80.2757339477539, country=US
[DEBUG] https://openalex.org/I130929987 -> lat=None, lon=None, country=BE
[DEBUG] https://openalex.org/I1321434546 -> lat=None, lon=None, country=DE
[DEBUG] https://openalex.org/I2800313864 -> lat=None, lon=None, country=IT
[DEBUG] https://openalex.org/I79940851 -> lat=None, lon=None, country=IT
[DEBUG] https://openalex.org/I4210086037 -> lat=None, lon=None, country=DE
[DEBUG] https://openalex.org/I4210144898 -> lat=None, lon=None, country=DE
[DEBUG] https://openalex.org/I4210097490 -> lat=42.36705017089844, lon=-71.08041381835938, country=US
[DEBUG] https://openalex.org/I66217453 -> lat=37.39613342285156, lon=-121.91950225830078, country=US
[DEBUG] https://openalex.org/I4210166097 -> lat=None, lon=None, country=AT
[DEBUG] https://openalex.org/I53241121 -> lat=None, lon=None, country=AR
[DEBUG] https://openalex.org/I4210113115 -> lat=None, lon=None, country=AR
[DEBUG] https://openalex.org/I29406707 -> lat=None, lon=None, country=AR
[DEBUG] https://openalex.org/I4210095825 -> lat=None, lon=None, country=AR
[DEBUG] https://openalex.org/I2802223849 -> lat=42.26971435546875, lon=-89.00738525390625, country=US
[DEBUG] https://openalex.org/I4210158432 -> lat=None, lon=None, country=KR
[DEBUG] https://openalex.org/I158743462 -> lat=None, lon=None, country=KR
[DEBUG] https://openalex.org/I93174350 -> lat=32.172157287597656, lon=-110.91594696044922, country=US
[DEBUG] https://openalex.org/I182145113 -> lat=None, lon=None, country=GB
[DEBUG] https://openalex.org/I190082696 -> lat=None, lon=None, country=GB
[DEBUG] https://openalex.org/I155173764 -> lat=43.15478, lon=-77.61556, country=US
[DEBUG] https://openalex.org/I4210154954 -> lat=None, lon=None, country=CN
[DEBUG] https://openalex.org/I4210098361 -> lat=None, lon=None, country=CN
[DEBUG] https://openalex.org/I116545467 -> lat=46.80833053588867, lon=-100.78373718261719, country=US
[DEBUG] https://openalex.org/I4210142164 -> lat=41.05832290649414, lon=-74.75372314453125, country=US
[DEBUG] https://openalex.org/I4210128053 -> lat=None, lon=None, country=CN
[DEBUG] https://openalex.org/I4210132612 -> lat=None, lon=None, country=JP
[DEBUG] https://openalex.org/I4210114217 -> lat=None, lon=None, country=JP
[DEBUG] https://openalex.org/I2800054365 -> lat=40.56841278076172, lon=-74.5953369140625, country=US
[DEBUG] https://openalex.org/I4210087174 -> lat=None, lon=None, country=JP
[DEBUG] https://openalex.org/I148798404 -> lat=None, lon=None, country=JP
[DEBUG] https://openalex.org/I4210093910 -> lat=39.96818161010742, lon=-75.12751770019531, country=US
[DEBUG] https://openalex.org/I4210127646 -> lat=None, lon=None, country=DE
[DEBUG] https://openalex.org/I3025886734 -> lat=33.952880859375, lon=-118.37590789794922, country=US
[DEBUG] https://openalex.org/I159601577 -> lat=40.872840881347656, lon=-74.00608825683594, country=US
[DEBUG] https://openalex.org/I4210096503 -> lat=34.734710693359375, lon=-76.75484466552734, country=US
[DEBUG] https://openalex.org/I4210094590 -> lat=None, lon=None, country=FR
[DEBUG] https://openalex.org/I4387155373 -> lat=None, lon=None, country=None
[DEBUG] https://openalex.org/I4210143681 -> lat=42.36314010620117, lon=-71.11526489257812, country=US
[DEBUG] https://openalex.org/I4210159998 -> lat=42.365638732910156, lon=-71.07591247558594, country=US
[DEBUG] https://openalex.org/I117942362 -> lat=40.45920944213867, lon=-90.67179870605469, country=US
[DEBUG] https://openalex.org/I11855966 -> lat=None, lon=None, country=ID
[DEBUG] https://openalex.org/I134635517 -> lat=None, lon=None, country=ID
[DEBUG] https://openalex.org/I203899302 -> lat=None, lon=None, country=MY
[DEBUG] https://openalex.org/I182023848 -> lat=None, lon=None, country=MY
[DEBUG] https://openalex.org/I4210127958 -> lat=None, lon=None, country=ID
[DEBUG] https://openalex.org/I184925374 -> lat=None, lon=None, country=ID
[DEBUG] https://openalex.org/I4210154640 -> lat=37.97798156738281, lon=-122.03106689453125, country=US
[DEBUG] https://openalex.org/I4210091799 -> lat=None, lon=None, country=SK
[DEBUG] https://openalex.org/I4210132720 -> lat=None, lon=None, country=FR
[DEBUG] https://openalex.org/I4210157348 -> lat=None, lon=None, country=CA
[DEBUG] https://openalex.org/I4210146164 -> lat=43.09614562988281, lon=-77.52332305908203, country=US
[DEBUG] https://openalex.org/I4210127741 -> lat=None, lon=None, country=DE
[DEBUG] https://openalex.org/I4210133967 -> lat=None, lon=None, country=CA
[DEBUG] https://openalex.org/I4210093650 -> lat=None, lon=None, country=CA
[DEBUG] https://openalex.org/I4210159787 -> lat=None, lon=None, country=KR
[DEBUG] https://openalex.org/I2802015276 -> lat=None, lon=None, country=GB
[DEBUG] https://openalex.org/I4210126763 -> lat=None, lon=None, country=NL
[DEBUG] https://openalex.org/I81365321 -> lat=36.84680938720703, lon=-76.28521728515625, country=US
[DEBUG] https://openalex.org/I181343428 -> lat=None, lon=None, country=HR
[DEBUG] https://openalex.org/I4210153046 -> lat=35.88187026977539, lon=-106.31912994384766, country=US
[DEBUG] https://openalex.org/I4210124035 -> lat=None, lon=None, country=DE
[DEBUG] https://openalex.org/I107257983 -> lat=None, lon=None, country=DE
[DEBUG] https://openalex.org/I127591826 -> lat=39.758949279785156, lon=-84.19161224365234, country=US
[DEBUG] https://openalex.org/I4210089559 -> lat=None, lon=None, country=CN
[DEBUG] https://openalex.org/I4210134759 -> lat=None, lon=None, country=CN
[DEBUG] https://openalex.org/I4210113289 -> lat=None, lon=None, country=AL
[DEBUG] https://openalex.org/I4210126705 -> lat=None, lon=None, country=CN
[DEBUG] https://openalex.org/I4391767939 -> lat=None, lon=None, country=None
[DEBUG] https://openalex.org/I28813325 -> lat=None, lon=None, country=CN
[DEBUG] https://openalex.org/I137506752 -> lat=None, lon=None, country=CN
[DEBUG] https://openalex.org/I4387156115 -> lat=None, lon=None, country=None
[DEBUG] https://openalex.org/I4210114290 -> lat=None, lon=None, country=CN
[DEBUG] https://openalex.org/I131787340 -> lat=37.323001861572266, lon=-122.03218078613281, country=US
[DEBUG] https://openalex.org/I662221 -> lat=None, lon=None, country=CA
[DEBUG] https://openalex.org/I4210099135 -> lat=None, lon=None, country=CN
[DEBUG] https://openalex.org/I4210118629 -> lat=None, lon=None, country=CN
[DEBUG] https://openalex.org/I4210092191 -> lat=None, lon=None, country=TW
[DEBUG] https://openalex.org/I4210103399 -> lat=None, lon=None, country=SA
[DEBUG] https://openalex.org/I4210109964 -> lat=None, lon=None, country=CN
[DEBUG] https://openalex.org/I154833797 -> lat=None, lon=None, country=CN
[DEBUG] https://openalex.org/I2802201010 -> lat=None, lon=None, country=GB
[DEBUG] https://openalex.org/I721619 -> lat=None, lon=None, country=MX
[DEBUG] https://openalex.org/I9360294 -> lat=None, lon=None, country=IT
[DEBUG] https://openalex.org/I4210108560 -> lat=None, lon=None, country=IT
[DEBUG] https://openalex.org/I4210157426 -> lat=None, lon=None, country=IT
[DEBUG] https://openalex.org/I44109979 -> lat=34.93281173706055, lon=-83.84676361083984, country=US
[DEBUG] https://openalex.org/I184654094 -> lat=35.05266189575195, lon=-78.87835693359375, country=US
[DEBUG] https://openalex.org/I161088229 -> lat=31.32712, lon=-89.29034, country=US
[DEBUG] https://openalex.org/I905000135 -> lat=None, lon=None, country=BS
[DEBUG] https://openalex.org/I35462925 -> lat=41.30815124511719, lon=-72.92816162109375, country=US
[DEBUG] https://openalex.org/I207168215 -> lat=45.31999969482422, lon=-118.09200286865234, country=US
[DEBUG] https://openalex.org/I51768193 -> lat=None, lon=None, country=CA
[DEBUG] https://openalex.org/I4210126054 -> lat=38.858463287353516, lon=-77.05068969726562, country=US
[DEBUG] https://openalex.org/I90488548 -> lat=42.34092330932617, lon=-71.08653259277344, country=US
[DEBUG] https://openalex.org/I163902620 -> lat=None, lon=None, country=CA
[DEBUG] https://openalex.org/I191217947 -> lat=40.34872055053711, lon=-74.65904998779297, country=US
[DEBUG] https://openalex.org/I4210140792 -> lat=None, lon=None, country=DO
[DEBUG] https://openalex.org/I200284239 -> lat=None, lon=None, country=ES
[DEBUG] https://openalex.org/I142444530 -> lat=None, lon=None, country=IT
[DEBUG] https://openalex.org/I54461591 -> lat=None, lon=None, country=IL
[DEBUG] https://openalex.org/I10457146 -> lat=None, lon=None, country=CL
[DEBUG] https://openalex.org/I3006985408 -> lat=None, lon=None, country=SI
[DEBUG] https://openalex.org/I4210107917 -> lat=43.05964660644531, lon=-89.47437286376953, country=US
[DEBUG] https://openalex.org/I4210137284 -> lat=None, lon=None, country=JP
[DEBUG] https://openalex.org/I195525897 -> lat=None, lon=None, country=AT
[DEBUG] https://openalex.org/I4210094404 -> lat=None, lon=None, country=FR
[DEBUG] https://openalex.org/I4210111404 -> lat=None, lon=None, country=JP
[DEBUG] https://openalex.org/I2801862240 -> lat=None, lon=None, country=CA
[DEBUG] https://openalex.org/I4210090073 -> lat=None, lon=None, country=NL
[DEBUG] https://openalex.org/I2802101240 -> lat=35.20399856567383, lon=-80.83910369873047, country=US
[DEBUG] https://openalex.org/I95634034 -> lat=None, lon=None, country=TR
[DEBUG] https://openalex.org/I4210132461 -> lat=41.3501, lon=-72.07841, country=US
[DEBUG] https://openalex.org/I4210138103 -> lat=None, lon=None, country=CZ
[DEBUG] https://openalex.org/I4210150184 -> lat=41.260128021240234, lon=-96.04180145263672, country=US
[DEBUG] https://openalex.org/I4210130706 -> lat=37.4994010925293, lon=-122.2163314819336, country=US
[DEBUG] https://openalex.org/I4210097825 -> lat=33.648475646972656, lon=-117.85492706298828, country=US
[DEBUG] https://openalex.org/I126350171 -> lat=41.14120864868164, lon=-73.26373291015625, country=US
[DEBUG] https://openalex.org/I182212641 -> lat=None, lon=None, country=AT
[DEBUG] https://openalex.org/I4210159430 -> lat=None, lon=None, country=AT
[DEBUG] https://openalex.org/I4210094736 -> lat=None, lon=None, country=DE
[DEBUG] https://openalex.org/I4210155481 -> lat=None, lon=None, country=IT
[DEBUG] https://openalex.org/I2802181614 -> lat=None, lon=None, country=PH
[DEBUG] https://openalex.org/I5791819 -> lat=None, lon=None, country=PH
[DEBUG] https://openalex.org/I2800946780 -> lat=None, lon=None, country=BM
[DEBUG] https://openalex.org/I2799863703 -> lat=28.52454948425293, lon=-80.6813735961914, country=US
[DEBUG] https://openalex.org/I4210140924 -> lat=None, lon=None, country=GB
[DEBUG] https://openalex.org/I66809481 -> lat=None, lon=None, country=AU
[DEBUG] https://openalex.org/I133529467 -> lat=None, lon=None, country=IR
[DEBUG] https://openalex.org/I1325481341 -> lat=33.48088836669922, lon=-112.07785034179688, country=US
[DEBUG] https://openalex.org/I4210154080 -> lat=43.074424743652344, lon=-87.9761962890625, country=US
[DEBUG] https://openalex.org/I4210155165 -> lat=41.07818603515625, lon=-85.14936065673828, country=US
[DEBUG] https://openalex.org/I4210137649 -> lat=47.25288009643555, lon=-122.44429016113281, country=US
[DEBUG] https://openalex.org/I4210107653 -> lat=44.81413650512695, lon=-68.77250671386719, country=US
[DEBUG] https://openalex.org/I2801518932 -> lat=33.46584701538086, lon=-82.01831817626953, country=US
[DEBUG] https://openalex.org/I4210163985 -> lat=32.25117874145508, lon=-110.8813705444336, country=US
[DEBUG] https://openalex.org/I91283779 -> lat=45.35734176635742, lon=-122.60675811767578, country=US
[DEBUG] https://openalex.org/I4390039223 -> lat=None, lon=None, country=None
[DEBUG] https://openalex.org/I4210112752 -> lat=None, lon=None, country=GB
[DEBUG] https://openalex.org/I30558944 -> lat=35.4827766418457, lon=-97.49722290039062, country=US
[DEBUG] https://openalex.org/I40253897 -> lat=41.27064895629883, lon=-72.94705200195312, country=US
[DEBUG] https://openalex.org/I4210158752 -> lat=None, lon=None, country=CA
[DEBUG] https://openalex.org/I39965400 -> lat=43.01253128051758, lon=-83.68746185302734, country=US
[DEBUG] https://openalex.org/I4210107183 -> lat=None, lon=None, country=FR
[DEBUG] https://openalex.org/I4210117001 -> lat=43.0323600769043, lon=-88.0238265991211, country=US
[DEBUG] https://openalex.org/I49313256 -> lat=None, lon=None, country=CH
[DEBUG] https://openalex.org/I95144958 -> lat=37.215328216552734, lon=-93.2982406616211, country=US
[DEBUG] https://openalex.org/I4210145818 -> lat=None, lon=None, country=None
[DEBUG] https://openalex.org/I4210160498 -> lat=40.75436782836914, lon=-73.9761734008789, country=US
[DEBUG] https://openalex.org/I4068193 -> lat=None, lon=None, country=RS
[DEBUG] https://openalex.org/I4210159557 -> lat=41.81318283081055, lon=-88.27296447753906, country=US
[DEBUG] https://openalex.org/I174458059 -> lat=None, lon=None, country=GR
[DEBUG] https://openalex.org/I129871486 -> lat=42.22486877441406, lon=-121.78166961669922, country=US
[DEBUG] https://openalex.org/I3019308854 -> lat=27.947519302368164, lon=-82.45842742919922, country=US
[DEBUG] https://openalex.org/I115475287 -> lat=36.11560821533203, lon=-97.0583724975586, country=US
[DEBUG] https://openalex.org/I2801360556 -> lat=None, lon=None, country=FR
[DEBUG] https://openalex.org/I4210144913 -> lat=None, lon=None, country=GB
[DEBUG] https://openalex.org/I2801709094 -> lat=45.50841522216797, lon=-122.6658935546875, country=US
[DEBUG] https://openalex.org/I4210150317 -> lat=None, lon=None, country=FR
[DEBUG] https://openalex.org/I4210098826 -> lat=None, lon=None, country=CH
[DEBUG] https://openalex.org/I4210089214 -> lat=None, lon=None, country=FR
[DEBUG] https://openalex.org/I4210087032 -> lat=42.364723205566406, lon=-71.1657943725586, country=US
[DEBUG] https://openalex.org/I4210098882 -> lat=None, lon=None, country=DE
[DEBUG] https://openalex.org/I4210118410 -> lat=None, lon=None, country=FR
[DEBUG] https://openalex.org/I93906172 -> lat=None, lon=None, country=KR
[DEBUG] https://openalex.org/I4210133638 -> lat=None, lon=None, country=KR
[DEBUG] https://openalex.org/I2799667316 -> lat=None, lon=None, country=KR
[DEBUG] https://openalex.org/I100417612 -> lat=None, lon=None, country=KR
[DEBUG] https://openalex.org/I110152177 -> lat=41.07643127441406, lon=-81.50836181640625, country=US
[DEBUG] https://openalex.org/I4210092150 -> lat=None, lon=None, country=KR
[DEBUG] https://openalex.org/I4210118310 -> lat=None, lon=None, country=KR
[DEBUG] https://openalex.org/I162706563 -> lat=None, lon=None, country=KR
[DEBUG] https://openalex.org/I2802127592 -> lat=None, lon=None, country=CA
[DEBUG] https://openalex.org/I182937616 -> lat=None, lon=None, country=KR
[DEBUG] https://openalex.org/I4210091929 -> lat=None, lon=None, country=KR
[DEBUG] https://openalex.org/I2799909505 -> lat=33.560420989990234, lon=-81.71955108642578, country=US
[DEBUG] https://openalex.org/I179430373 -> lat=38.892269134521484, lon=-89.41313934326172, country=US
[DEBUG] https://openalex.org/I4210155677 -> lat=32.783058166503906, lon=-96.80667114257812, country=US
[DEBUG] https://openalex.org/I4210093478 -> lat=None, lon=None, country=GE
[DEBUG] https://openalex.org/I4210127426 -> lat=31.985422134399414, lon=-81.15475463867188, country=US
[DEBUG] https://openalex.org/I4210096498 -> lat=35.08176803588867, lon=-106.63554382324219, country=US
[DEBUG] https://openalex.org/I4210145855 -> lat=32.8776969909668, lon=-96.76023864746094, country=US
[DEBUG] https://openalex.org/I4210166645 -> lat=35.356910705566406, lon=-94.3577651977539, country=US
[DEBUG] https://openalex.org/I305130695 -> lat=42.590782165527344, lon=-70.82374572753906, country=US
[DEBUG] https://openalex.org/I4210092360 -> lat=39.09693145751953, lon=-76.62345123291016, country=US
[DEBUG] https://openalex.org/I4210129446 -> lat=31.987581253051758, lon=-81.152587890625, country=US
[DEBUG] https://openalex.org/I2802066829 -> lat=32.02386474609375, lon=-81.1158218383789, country=US
[DEBUG] https://openalex.org/I4210114045 -> lat=None, lon=None, country=CA
[DEBUG] https://openalex.org/I4210165562 -> lat=33.74824905395508, lon=-84.38803100585938, country=US
[DEBUG] https://openalex.org/I4210120848 -> lat=41.21405029296875, lon=-73.98818969726562, country=US
[DEBUG] https://openalex.org/I2608206482 -> lat=None, lon=None, country=ID
[DEBUG] https://openalex.org/I4210155072 -> lat=None, lon=None, country=ZA
[DEBUG] https://openalex.org/I4210157730 -> lat=None, lon=None, country=CH
[DEBUG] https://openalex.org/I4210134505 -> lat=None, lon=None, country=QA
[DEBUG] https://openalex.org/I4210133182 -> lat=32.81072998046875, lon=-96.78408813476562, country=US
[DEBUG] https://openalex.org/I4210136813 -> lat=None, lon=None, country=CZ
[DEBUG] https://openalex.org/I4210128757 -> lat=42.489479064941406, lon=-83.1446533203125, country=US
[DEBUG] https://openalex.org/I176279760 -> lat=33.40238952636719, lon=-111.96599578857422, country=US
[DEBUG] https://openalex.org/I2801240477 -> lat=None, lon=None, country=PK
[DEBUG] https://openalex.org/I27765905 -> lat=None, lon=None, country=ZA
[DEBUG] https://openalex.org/I2799742747 -> lat=None, lon=None, country=ZA
[DEBUG] https://openalex.org/I102664891 -> lat=None, lon=None, country=DE
[DEBUG] https://openalex.org/I157614274 -> lat=None, lon=None, country=ZA
[DEBUG] https://openalex.org/I281429137 -> lat=33.04737854003906, lon=-84.15133666992188, country=US
[DEBUG] https://openalex.org/I4210130773 -> lat=33.67127227783203, lon=-117.8408432006836, country=US
[DEBUG] https://openalex.org/I3169584401 -> lat=32.87834548950195, lon=-96.82393646240234, country=US
[DEBUG] https://openalex.org/I191240316 -> lat=None, lon=None, country=GB
[DEBUG] https://openalex.org/I4210117515 -> lat=40.01573181152344, lon=-105.22272491455078, country=US
[DEBUG] https://openalex.org/I4210089884 -> lat=40.81850814819336, lon=-72.96295166015625, country=US
[DEBUG] https://openalex.org/I115283149 -> lat=38.90903854370117, lon=-77.04010772705078, country=US
[DEBUG] https://openalex.org/I131249849 -> lat=44.56457, lon=-123.26204, country=US
[DEBUG] https://openalex.org/I4210094280 -> lat=41.597572326660156, lon=-87.73255157470703, country=US
[DEBUG] https://openalex.org/I47834966 -> lat=42.297882080078125, lon=-71.43714141845703, country=US
[DEBUG] https://openalex.org/I4210146003 -> lat=None, lon=None, country=AT
[DEBUG] https://openalex.org/I4210096347 -> lat=43.61173629760742, lon=-116.20880889892578, country=US
[DEBUG] https://openalex.org/I4210096354 -> lat=None, lon=None, country=CN
[DEBUG] https://openalex.org/I184558857 -> lat=None, lon=None, country=GB
[DEBUG] https://openalex.org/I874317431 -> lat=None, lon=None, country=CA
[DEBUG] https://openalex.org/I4210101901 -> lat=None, lon=None, country=ES
[DEBUG] https://openalex.org/I92389990 -> lat=None, lon=None, country=CA
[DEBUG] https://openalex.org/I4210128703 -> lat=40.885475158691406, lon=-74.00727844238281, country=US
[DEBUG] https://openalex.org/I1281614193 -> lat=40.882911682128906, lon=-74.01032257080078, country=US
[DEBUG] https://openalex.org/I4210133706 -> lat=36.21671676635742, lon=-115.17684936523438, country=US
[DEBUG] https://openalex.org/I4210119150 -> lat=None, lon=None, country=FR
[DEBUG] https://openalex.org/I44892455 -> lat=None, lon=None, country=JP
[DEBUG] https://openalex.org/I173654999 -> lat=41.85002899169922, lon=-87.6500473022461, country=US
[DEBUG] https://openalex.org/I159548981 -> lat=42.35843, lon=-71.05977, country=US
[DEBUG] https://openalex.org/I9250283 -> lat=None, lon=None, country=JP
[DEBUG] https://openalex.org/I1312106833 -> lat=38.8846435546875, lon=-77.02933502197266, country=US
[DEBUG] https://openalex.org/I1295346377 -> lat=38.670379638671875, lon=-90.39947509765625, country=US
[DEBUG] https://openalex.org/I2799533583 -> lat=None, lon=None, country=GB
[DEBUG] https://openalex.org/I4210143766 -> lat=None, lon=None, country=NO
[DEBUG] https://openalex.org/I4210122025 -> lat=None, lon=None, country=ES
[DEBUG] https://openalex.org/I4210153733 -> lat=None, lon=None, country=SE
[DEBUG] https://openalex.org/I4210126180 -> lat=None, lon=None, country=DK
[DEBUG] https://openalex.org/I298625061 -> lat=None, lon=None, country=SE
[DEBUG] https://openalex.org/I4210122955 -> lat=38.24987030029297, lon=-85.74861145019531, country=US
[DEBUG] https://openalex.org/I4210137661 -> lat=None, lon=None, country=AT
[DEBUG] https://openalex.org/I4210124851 -> lat=None, lon=None, country=GB
[DEBUG] https://openalex.org/I2801075885 -> lat=None, lon=None, country=GB
[DEBUG] https://openalex.org/I4210144282 -> lat=37.88692092895508, lon=-122.304443359375, country=US
[DEBUG] https://openalex.org/I2799477489 -> lat=None, lon=None, country=GB
[DEBUG] https://openalex.org/I168893459 -> lat=None, lon=None, country=IN
[DEBUG] https://openalex.org/I145311141 -> lat=42.375099182128906, lon=-71.1056137084961, country=US
[DEBUG] https://openalex.org/I4210090317 -> lat=42.33142852783203, lon=-83.0457534790039, country=US
[DEBUG] https://openalex.org/I4210111013 -> lat=None, lon=None, country=CN
[DEBUG] https://openalex.org/I4391768045 -> lat=None, lon=None, country=None
[DEBUG] https://openalex.org/I36819085 -> lat=47.65839767456055, lon=-122.1961669921875, country=US
[DEBUG] https://openalex.org/I4210097218 -> lat=41.87646484375, lon=-87.62822723388672, country=US
[DEBUG] https://openalex.org/I176834541 -> lat=None, lon=None, country=CN
[DEBUG] https://openalex.org/I52180223 -> lat=None, lon=None, country=CN
[DEBUG] https://openalex.org/I4210117733 -> lat=None, lon=None, country=CN
[DEBUG] https://openalex.org/I4210086717 -> lat=None, lon=None, country=IN
[DEBUG] https://openalex.org/I161346416 -> lat=None, lon=None, country=CN
[DEBUG] https://openalex.org/I4210119234 -> lat=None, lon=None, country=CN
[DEBUG] https://openalex.org/I4210105567 -> lat=None, lon=None, country=CN
[DEBUG] https://openalex.org/I4210098117 -> lat=None, lon=None, country=CN
[DEBUG] https://openalex.org/I4391768195 -> lat=None, lon=None, country=None
[DEBUG] https://openalex.org/I79223203 -> lat=None, lon=None, country=CN
[DEBUG] https://openalex.org/I4210160019 -> lat=None, lon=None, country=CN
[DEBUG] https://openalex.org/I4210145099 -> lat=None, lon=None, country=CN
[DEBUG] https://openalex.org/I4210117337 -> lat=None, lon=None, country=CN
[DEBUG] https://openalex.org/I4210140176 -> lat=42.153785705566406, lon=-87.87816619873047, country=US
[DEBUG] https://openalex.org/I127251866 -> lat=None, lon=None, country=DE
[DEBUG] https://openalex.org/I2802992173 -> lat=38.99067, lon=-77.02609, country=US
[DEBUG] https://openalex.org/I72903472 -> lat=34.05223083496094, lon=-118.24368286132812, country=US
[DEBUG] https://openalex.org/I150693791 -> lat=42.258419036865234, lon=-72.57453155517578, country=US
[DEBUG] https://openalex.org/I2949033070 -> lat=None, lon=None, country=IE
[DEBUG] https://openalex.org/I4210135798 -> lat=None, lon=None, country=DE
[DEBUG] https://openalex.org/I4210150764 -> lat=None, lon=None, country=DE
[DEBUG] https://openalex.org/I4210142363 -> lat=None, lon=None, country=DE
[DEBUG] https://openalex.org/I291386647 -> lat=None, lon=None, country=BY
[DEBUG] https://openalex.org/I4210156597 -> lat=None, lon=None, country=DE
[DEBUG] https://openalex.org/I90438679 -> lat=None, lon=None, country=KP
[DEBUG] https://openalex.org/I4210147846 -> lat=None, lon=None, country=DE
[DEBUG] https://openalex.org/I4210140200 -> lat=None, lon=None, country=CH
[DEBUG] https://openalex.org/I4210110166 -> lat=39.003173828125, lon=-77.04913330078125, country=US
[DEBUG] https://openalex.org/I1281210470 -> lat=None, lon=None, country=AU
[DEBUG] https://openalex.org/I4210145996 -> lat=None, lon=None, country=TW
[DEBUG] https://openalex.org/I4401200348 -> lat=None, lon=None, country=None
[DEBUG] https://openalex.org/I205612303 -> lat=None, lon=None, country=TW
[DEBUG] https://openalex.org/I4210099037 -> lat=None, lon=None, country=DE
[DEBUG] https://openalex.org/I4210122659 -> lat=41.87234115600586, lon=-87.65916442871094, country=US
[DEBUG] https://openalex.org/I1306339040 -> lat=None, lon=None, country=SE
[DEBUG] https://openalex.org/I4210148813 -> lat=None, lon=None, country=SE
[DEBUG] https://openalex.org/I4210102984 -> lat=None, lon=None, country=SE
[DEBUG] https://openalex.org/I99484792 -> lat=42.15915298461914, lon=-87.87846374511719, country=US
[DEBUG] https://openalex.org/I4210145991 -> lat=None, lon=None, country=FR
[DEBUG] https://openalex.org/I2800444561 -> lat=33.711822509765625, lon=-84.40792083740234, country=US
[DEBUG] https://openalex.org/I2800610419 -> lat=33.749, lon=-84.38798, country=US
[DEBUG] https://openalex.org/I16820183 -> lat=39.73082733154297, lon=-90.24625396728516, country=US
[DEBUG] https://openalex.org/I4389425277 -> lat=None, lon=None, country=None
[DEBUG] https://openalex.org/I2802362820 -> lat=29.48313, lon=-98.42531, country=US
[DEBUG] https://openalex.org/I4388482654 -> lat=39.46686, lon=-76.13066, country=US
[DEBUG] https://openalex.org/I862801819 -> lat=34.68387, lon=-86.64764, country=US
[DEBUG] https://openalex.org/I189195476 -> lat=34.7304, lon=-86.58594, country=US
[DEBUG] https://openalex.org/I4391767660 -> lat=None, lon=None, country=None
[DEBUG] https://openalex.org/I133270356 -> lat=None, lon=None, country=CN
[DEBUG] https://openalex.org/I4210129465 -> lat=None, lon=None, country=CN
[DEBUG] https://openalex.org/I4210127931 -> lat=37.52966, lon=-122.04024, country=US
[DEBUG] https://openalex.org/I2801312332 -> lat=None, lon=None, country=CN
[DEBUG] https://openalex.org/I3129293551 -> lat=None, lon=None, country=CN
[DEBUG] https://openalex.org/I4210085895 -> lat=None, lon=None, country=ES
[DEBUG] https://openalex.org/I73417466 -> lat=None, lon=None, country=GB
[DEBUG] https://openalex.org/I61152923 -> lat=42.350013732910156, lon=-71.0457534790039, country=US
[DEBUG] https://openalex.org/I92092256 -> lat=None, lon=None, country=CN
[DEBUG] https://openalex.org/I921716337 -> lat=None, lon=None, country=CN
[DEBUG] https://openalex.org/I4210142484 -> lat=None, lon=None, country=CN
[DEBUG] https://openalex.org/I114218197 -> lat=None, lon=None, country=CN
[DEBUG] https://openalex.org/I4210103325 -> lat=None, lon=None, country=CN
[DEBUG] https://openalex.org/I114117164 -> lat=None, lon=None, country=CN
[DEBUG] https://openalex.org/I4210107234 -> lat=None, lon=None, country=CN
[DEBUG] https://openalex.org/I116036724 -> lat=None, lon=None, country=CN
[DEBUG] https://openalex.org/I4210110925 -> lat=None, lon=None, country=CN
[DEBUG] https://openalex.org/I4210097777 -> lat=None, lon=None, country=CN
[DEBUG] https://openalex.org/I146620803 -> lat=None, lon=None, country=CN
[DEBUG] https://openalex.org/I4392738113 -> lat=None, lon=None, country=None
[DEBUG] https://openalex.org/I231622532 -> lat=None, lon=None, country=IL
[DEBUG] https://openalex.org/I4210099839 -> lat=38.82670211791992, lon=-77.2464828491211, country=US
[DEBUG] https://openalex.org/I4210156299 -> lat=34.13581085205078, lon=-118.12725067138672, country=US
[DEBUG] https://openalex.org/I186667990 -> lat=32.8449592590332, lon=-117.2748031616211, country=US
[DEBUG] https://openalex.org/I4210140452 -> lat=None, lon=None, country=FR
[DEBUG] https://openalex.org/I4210092306 -> lat=None, lon=None, country=DE
[DEBUG] https://openalex.org/I4210098026 -> lat=None, lon=None, country=FR
[DEBUG] https://openalex.org/I4210107755 -> lat=None, lon=None, country=BE
[DEBUG] https://openalex.org/I4210086338 -> lat=None, lon=None, country=FR
[DEBUG] https://openalex.org/I106785703 -> lat=None, lon=None, country=FR
[DEBUG] https://openalex.org/I1307098950 -> lat=32.84727, lon=-117.2742, country=US
[DEBUG] https://openalex.org/I4210155364 -> lat=None, lon=None, country=UA
[DEBUG] https://openalex.org/I37839565 -> lat=None, lon=None, country=GB
[DEBUG] https://openalex.org/I4210113028 -> lat=40.600215911865234, lon=-75.46992492675781, country=US
[DEBUG] https://openalex.org/I2802464121 -> lat=None, lon=None, country=GB
[DEBUG] https://openalex.org/I4210103476 -> lat=None, lon=None, country=GB
[DEBUG] https://openalex.org/I173869447 -> lat=None, lon=None, country=GB
[DEBUG] https://openalex.org/I137377929 -> lat=None, lon=None, country=GB
[DEBUG] https://openalex.org/I1328728281 -> lat=42.635684967041016, lon=-71.31502532958984, country=US
[DEBUG] https://openalex.org/I41343362 -> lat=None, lon=None, country=ML
[DEBUG] https://openalex.org/I1336742384 -> lat=38.895111083984375, lon=-77.03636932373047, country=US
[DEBUG] https://openalex.org/I4210088912 -> lat=None, lon=None, country=AU
[DEBUG] https://openalex.org/I4210100294 -> lat=38.52928924560547, lon=-76.97525024414062, country=US
[DEBUG] https://openalex.org/I143397708 -> lat=None, lon=None, country=AT
[DEBUG] https://openalex.org/I2801112325 -> lat=None, lon=None, country=SE
[DEBUG] https://openalex.org/I4210131484 -> lat=40.79067611694336, lon=-74.16561889648438, country=US
[DEBUG] https://openalex.org/I2801054121 -> lat=None, lon=None, country=GB
[DEBUG] https://openalex.org/I4210128490 -> lat=None, lon=None, country=JP
[DEBUG] https://openalex.org/I4210128482 -> lat=None, lon=None, country=CN
[DEBUG] https://openalex.org/I168864056 -> lat=None, lon=None, country=TR
[DEBUG] https://openalex.org/I4387152795 -> lat=None, lon=None, country=None
[DEBUG] https://openalex.org/I106245021 -> lat=None, lon=None, country=TR
[DEBUG] https://openalex.org/I4405392 -> lat=None, lon=None, country=TR
[DEBUG] https://openalex.org/I2802561039 -> lat=None, lon=None, country=IT
[DEBUG] https://openalex.org/I4210094862 -> lat=None, lon=None, country=TW
[DEBUG] https://openalex.org/I14780663 -> lat=None, lon=None, country=TW
[DEBUG] https://openalex.org/I2753814022 -> lat=None, lon=None, country=TW
[DEBUG] https://openalex.org/I4210145005 -> lat=None, lon=None, country=CN
[DEBUG] https://openalex.org/I4210116723 -> lat=39.25435256958008, lon=-84.38371276855469, country=US
[DEBUG] https://openalex.org/I1285182086 -> lat=44.942440032958984, lon=-93.09881591796875, country=US
[DEBUG] https://openalex.org/I4210122125 -> lat=43.139347076416016, lon=-70.92757415771484, country=US
[DEBUG] https://openalex.org/I859910249 -> lat=38.83255386352539, lon=-77.12030792236328, country=US
[DEBUG] https://openalex.org/I4210105151 -> lat=None, lon=None, country=FR
[DEBUG] https://openalex.org/I2800028685 -> lat=42.37537, lon=-72.51925, country=US
[DEBUG] https://openalex.org/I4210128160 -> lat=38.88100814819336, lon=-77.10427856445312, country=US
[DEBUG] https://openalex.org/I197274945 -> lat=None, lon=None, country=JP
[DEBUG] https://openalex.org/I4210124293 -> lat=None, lon=None, country=JP
[DEBUG] https://openalex.org/I48840829 -> lat=None, lon=None, country=JP
[DEBUG] https://openalex.org/I317356780 -> lat=None, lon=None, country=JP
[DEBUG] https://openalex.org/I4210085864 -> lat=42.3751, lon=-71.10561, country=US
[DEBUG] https://openalex.org/I4210094323 -> lat=42.361419677734375, lon=-71.09870147705078, country=US
[DEBUG] https://openalex.org/I4210151139 -> lat=42.44063186645508, lon=-76.49661254882812, country=US
[DEBUG] https://openalex.org/I4210119121 -> lat=None, lon=None, country=GB
[DEBUG] https://openalex.org/I24101674 -> lat=29.78830909729004, lon=-95.61354064941406, country=US
[DEBUG] https://openalex.org/I4210144733 -> lat=None, lon=None, country=CN
[DEBUG] https://openalex.org/I55654194 -> lat=None, lon=None, country=CN
[DEBUG] https://openalex.org/I150263970 -> lat=None, lon=None, country=IN
[DEBUG] https://openalex.org/I187279525 -> lat=None, lon=None, country=IN
[DEBUG] https://openalex.org/I4210133830 -> lat=None, lon=None, country=FR
[DEBUG] https://openalex.org/I4210106353 -> lat=40.70621109008789, lon=-73.61873626708984, country=US
[DEBUG] https://openalex.org/I4210133745 -> lat=None, lon=None, country=ZA
[DEBUG] https://openalex.org/I1303243448 -> lat=42.28665542602539, lon=-71.79337310791016, country=US
[DEBUG] https://openalex.org/I4210114888 -> lat=37.77586364746094, lon=-122.41974639892578, country=US
[DEBUG] https://openalex.org/I4210133369 -> lat=30.448593139648438, lon=-86.61835479736328, country=US
[DEBUG] https://openalex.org/I4210109986 -> lat=37.77493, lon=-122.41942, country=US
[DEBUG] https://openalex.org/I194456095 -> lat=37.77803421020508, lon=-122.39234161376953, country=US
[DEBUG] https://openalex.org/I4210117557 -> lat=42.28483581542969, lon=-83.73080444335938, country=US
[DEBUG] https://openalex.org/I4390039297 -> lat=None, lon=None, country=None
[DEBUG] https://openalex.org/I4210121077 -> lat=None, lon=None, country=SK
[DEBUG] https://openalex.org/I4210120076 -> lat=41.80807876586914, lon=-71.41136932373047, country=US
[DEBUG] https://openalex.org/I2800890972 -> lat=41.80892, lon=-88.01117, country=US
[DEBUG] https://openalex.org/I138367206 -> lat=None, lon=None, country=IN
[DEBUG] https://openalex.org/I3131177233 -> lat=None, lon=None, country=IN
[DEBUG] https://openalex.org/I145286018 -> lat=None, lon=None, country=IN
[DEBUG] https://openalex.org/I2801192375 -> lat=None, lon=None, country=IN
[DEBUG] https://openalex.org/I91699865 -> lat=None, lon=None, country=IN
[DEBUG] https://openalex.org/I15517640 -> lat=None, lon=None, country=IN
[DEBUG] https://openalex.org/I4210107677 -> lat=None, lon=None, country=IN
[DEBUG] https://openalex.org/I4210113792 -> lat=None, lon=None, country=IN
[INFO] 0 US institutions need Nominatim fallback
✓ Done: wrote 12675 rows to /home/kathyh90/joe-doyle-urop-2025/iap_2026_code/results/with_nearest_hospital_mit.csv
All scripts completed successfully.
