
--- Processing MIT (971 authors) ---
→ Fetching works for author A5033554434
→ Fetching works for author A5024185940
→ Fetching works for author A5006649339
→ Fetching works for author A5059716665
→ Fetching works for author A5113462810
→ Fetching works for author A5083071334
→ Fetching works for author A5066279102
→ Fetching works for author A5090423647
→ Fetching works for author A5080002631
→ Fetching works for author A5083264431
→ Fetching works for author A5026800878
→ Fetching works for author A5028803123
→ Fetching works for author A5002781267
→ Fetching works for author A5090496236
→ Fetching works for author A5000368317
→ Fetching works for author A5019645559
→ Fetching works for author A5039923637
→ Fetching works for author A5063994783
→ Fetching works for author A5063516854
→ Fetching works for author A5008904200
→ Fetching works for author A5005321550
→ Fetching works for author A5030022945
→ Fetching works for author A5025836447
→ Fetching works for author A5076985097
→ Fetching works for author A5042051448
→ Fetching works for author A5064446453
→ Fetching works for author A5066267452
→ Fetching works for author A5064128372
→ Fetching works for author A5101654778
→ Fetching works for author A5077484905
→ Fetching works for author A5032815236
→ Fetching works for author A5113648437
→ Fetching works for author A5026525836
→ Fetching works for author A5112005299
→ Fetching works for author A5063590702
→ Fetching works for author A5068826612
→ Fetching works for author A5067634960
→ Fetching works for author A5071694286
→ Fetching works for author A5012870693
→ Fetching works for author A5111706957
→ Fetching works for author A5077796487
→ Fetching works for author A5111817931
→ Fetching works for author A5049521883
→ Fetching works for author A5054773003
→ Fetching works for author A5108660856
→ Fetching works for author A5053677029
→ Fetching works for author A5103535681
→ Fetching works for author A5044471012
→ Fetching works for author A5103057722
→ Fetching works for author A5001920850
→ Fetching works for author A5112201297
→ Fetching works for author A5112027272
→ Fetching works for author A5076343372
→ Fetching works for author A5015907038
→ Fetching works for author A5008274210
→ Fetching works for author A5103417233
→ Fetching works for author A5062132898
→ Fetching works for author A5029299518
→ Fetching works for author A5084267949
→ Fetching works for author A5069075055
→ Fetching works for author A5036756145
→ Fetching works for author A5030380494
→ Fetching works for author A5082772760
→ Fetching works for author A5111458376
→ Fetching works for author A5060196069
→ Fetching works for author A5108395501
→ Fetching works for author A5100392089
→ Fetching works for author A5077837500
→ Fetching works for author A5110415660
→ Fetching works for author A5057110925
→ Fetching works for author A5087477711
→ Fetching works for author A5062042759
→ Fetching works for author A5022955653
→ Fetching works for author A5026898960
→ Fetching works for author A5020571191
→ Fetching works for author A5072940644
→ Fetching works for author A5082143836
→ Fetching works for author A5067469483
→ Fetching works for author A5112682269
→ Fetching works for author A5012437793
→ Fetching works for author A5112779500
→ Fetching works for author A5080463497
→ Fetching works for author A5026198219
→ Fetching works for author A5031976667
→ Fetching works for author A5080291631
→ Fetching works for author A5044898008
→ Fetching works for author A5089177147
→ Fetching works for author A5022701706
→ Fetching works for author A5065925140
→ Fetching works for author A5050511352
→ Fetching works for author A5113505722
→ Fetching works for author A5078063162
→ Fetching works for author A5046263590
→ Fetching works for author A5047051897
→ Fetching works for author A5025375830
→ Fetching works for author A5013077975
→ Fetching works for author A5080755427
→ Fetching works for author A5048808615
→ Fetching works for author A5060046582
→ Fetching works for author A5081308010
→ Fetching works for author A5007882846
→ Fetching works for author A5046885231
→ Fetching works for author A5071867040
→ Fetching works for author A5007627428
→ Fetching works for author A5081307186
→ Fetching works for author A5043840964
→ Fetching works for author A5003896222
→ Fetching works for author A5005369193
→ Fetching works for author A5019835460
→ Fetching works for author A5047125544
→ Fetching works for author A5011469296
→ Fetching works for author A5016049788
→ Fetching works for author A5003668840
→ Fetching works for author A5069674349
→ Fetching works for author A5009933240
→ Fetching works for author A5101786308
→ Fetching works for author A5102075740
→ Fetching works for author A5010991546
→ Fetching works for author A5111278421
→ Fetching works for author A5032659029
→ Fetching works for author A5007376623
→ Fetching works for author A5059542173
→ Fetching works for author A5056618475
→ Fetching works for author A5109102600
→ Fetching works for author A5011199257
→ Fetching works for author A5052258825
→ Fetching works for author A5016146759
→ Fetching works for author A5035964409
→ Fetching works for author A5000652195
→ Fetching works for author A5074937565
→ Fetching works for author A5085921452
→ Fetching works for author A5033447085
→ Fetching works for author A5113630206
→ Fetching works for author A5077701062
→ Fetching works for author A5024845779
→ Fetching works for author A5047097601
→ Fetching works for author A5049739048
→ Fetching works for author A5060357272
→ Fetching works for author A5110231501
→ Fetching works for author A5100374558
→ Fetching works for author A5056185715
→ Fetching works for author A5023094592
→ Fetching works for author A5037803685
→ Fetching works for author A5039726955
→ Fetching works for author A5103378862
→ Fetching works for author A5076945748
→ Fetching works for author A5050268586
→ Fetching works for author A5101733179
→ Fetching works for author A5021774850
→ Fetching works for author A5111759312
→ Fetching works for author A5073902310
→ Fetching works for author A5057667738
→ Fetching works for author A5054578006
→ Fetching works for author A5089395013
→ Fetching works for author A5063196461
→ Fetching works for author A5069303170
→ Fetching works for author A5030851478
→ Fetching works for author A5109051591
→ Fetching works for author A5108450757
→ Fetching works for author A5097456775
→ Fetching works for author A5082752199
→ Fetching works for author A5084635951
→ Fetching works for author A5036243714
→ Fetching works for author A5068441007
→ Fetching works for author A5019178724
→ Fetching works for author A5066811706
→ Fetching works for author A5068119192
→ Fetching works for author A5055590715
→ Fetching works for author A5086342374
→ Fetching works for author A5111669708
→ Fetching works for author A5079705502
→ Fetching works for author A5100406016
→ Fetching works for author A5049360992
→ Fetching works for author A5070030311
→ Fetching works for author A5074248062
→ Fetching works for author A5110089405
→ Fetching works for author A5022230286
→ Fetching works for author A5025884332
→ Fetching works for author A5032705357
→ Fetching works for author A5042136097
→ Fetching works for author A5003305524
→ Fetching works for author A5017188317
→ Fetching works for author A5011696226
→ Fetching works for author A5024974658
→ Fetching works for author A5052618846
→ Fetching works for author A5067813676
→ Fetching works for author A5033778806
→ Fetching works for author A5035704903
→ Fetching works for author A5068008624
→ Fetching works for author A5011931280
→ Fetching works for author A5108454944
→ Fetching works for author A5029027451
→ Fetching works for author A5028708680
→ Fetching works for author A5091208710
→ Fetching works for author A5086959491
→ Fetching works for author A5090524374
→ Fetching works for author A5027781500
→ Fetching works for author A5007193158
→ Fetching works for author A5033713402
→ Fetching works for author A5026749690
→ Fetching works for author A5114916062
→ Fetching works for author A5065584617
→ Fetching works for author A5061804197
→ Fetching works for author A5010351048
→ Fetching works for author A5100318646
→ Fetching works for author A5021276997
→ Fetching works for author A5009347024
→ Fetching works for author A5043671103
→ Fetching works for author A5001535652
→ Fetching works for author A5009059863
→ Fetching works for author A5003694235
→ Fetching works for author A5065083595
→ Fetching works for author A5009631016
→ Fetching works for author A5108013074
→ Fetching works for author A5111466635
→ Fetching works for author A5103637663
→ Fetching works for author A5110608389
→ Fetching works for author A5080555068
→ Fetching works for author A5061383009
→ Fetching works for author A5029325452
→ Fetching works for author A5112147366
→ Fetching works for author A5049339244
→ Fetching works for author A5078468467
→ Fetching works for author A5108570448
→ Fetching works for author A5023379628
→ Fetching works for author A5060426161
→ Fetching works for author A5030278948
→ Fetching works for author A5077171266
→ Fetching works for author A5100782724
→ Fetching works for author A5079331166
→ Fetching works for author A5024487053
→ Fetching works for author A5111733671
→ Fetching works for author A5069469701
→ Fetching works for author A5070584555
→ Fetching works for author A5086256661
→ Fetching works for author A5002953341
→ Fetching works for author A5027161300
→ Fetching works for author A5028395899
→ Fetching works for author A5057648964
→ Fetching works for author A5102739901
→ Fetching works for author A5109983246
→ Fetching works for author A5005485061
→ Fetching works for author A5059413456
→ Fetching works for author A5114000067
→ Fetching works for author A5050783142
→ Fetching works for author A5100418831
→ Fetching works for author A5058411727
→ Fetching works for author A5049333121
→ Fetching works for author A5065622691
→ Fetching works for author A5044975120
→ Fetching works for author A5020075038
→ Fetching works for author A5037673735
→ Fetching works for author A5003702843
→ Fetching works for author A5014097311
→ Fetching works for author A5076868031
→ Fetching works for author A5005403662
→ Fetching works for author A5089517041
→ Fetching works for author A5112621911
→ Fetching works for author A5043724370
→ Fetching works for author A5107828375
→ Fetching works for author A5026833343
→ Fetching works for author A5100724796
→ Fetching works for author A5035221776
→ Fetching works for author A5035944602
→ Fetching works for author A5100766761
→ Fetching works for author A5041931751
→ Fetching works for author A5021559669
→ Fetching works for author A5100382554
→ Fetching works for author A5053504710
→ Fetching works for author A5061190718
→ Fetching works for author A5065075753
→ Fetching works for author A5036684590
→ Fetching works for author A5002263437
→ Fetching works for author A5111661627
→ Fetching works for author A5014850211
→ Fetching works for author A5036712773
→ Fetching works for author A5102905294
→ Fetching works for author A5049459085
→ Fetching works for author A5091817593
→ Fetching works for author A5058133830
→ Fetching works for author A5089764627
→ Fetching works for author A5110094890
→ Fetching works for author A5102776288
→ Fetching works for author A5000604617
→ Fetching works for author A5113482724
→ Fetching works for author A5048801276
→ Fetching works for author A5019155974
→ Fetching works for author A5109990840
→ Fetching works for author A5085019461
→ Fetching works for author A5066951263
→ Fetching works for author A5112449095
→ Fetching works for author A5057886965
→ Fetching works for author A5112195854
→ Fetching works for author A5037236962
→ Fetching works for author A5045144929
→ Fetching works for author A5055687056
→ Fetching works for author A5041544129
→ Fetching works for author A5109284786
→ Fetching works for author A5039967363
→ Fetching works for author A5004666897
→ Fetching works for author A5022326376
→ Fetching works for author A5100325058
→ Fetching works for author A5044903576
→ Fetching works for author A5004947346
→ Fetching works for author A5110936566
→ Fetching works for author A5112008094
→ Fetching works for author A5090505966
→ Fetching works for author A5076275752
→ Fetching works for author A5109125356
→ Fetching works for author A5103155505
→ Fetching works for author A5016469364
→ Fetching works for author A5074164388
→ Fetching works for author A5005386457
→ Fetching works for author A5067664341
→ Fetching works for author A5103457894
→ Fetching works for author A5103333259
→ Fetching works for author A5050231719
→ Fetching works for author A5068835941
→ Fetching works for author A5111884203
→ Fetching works for author A5028404052
→ Fetching works for author A5100419974
→ Fetching works for author A5112330983
→ Fetching works for author A5039651221
→ Fetching works for author A5061285966
→ Fetching works for author A5019598787
→ Fetching works for author A5109590120
→ Fetching works for author A5059408671
→ Fetching works for author A5027960459
→ Fetching works for author A5053721675
→ Fetching works for author A5040167287
→ Fetching works for author A5108484357
→ Fetching works for author A5061820044
→ Fetching works for author A5051763023
→ Fetching works for author A5062017686
→ Fetching works for author A5070987305
→ Fetching works for author A5048961017
→ Fetching works for author A5011478714
→ Fetching works for author A5093902468
→ Fetching works for author A5057960297
→ Fetching works for author A5075696701
→ Fetching works for author A5098056850
→ Fetching works for author A5108479590
→ Fetching works for author A5031274978
→ Fetching works for author A5101789419
→ Fetching works for author A5052151859
→ Fetching works for author A5067334549
→ Fetching works for author A5035273796
→ Fetching works for author A5009042825
→ Fetching works for author A5028358700
→ Fetching works for author A5035358062
→ Fetching works for author A5089742250
→ Fetching works for author A5035656900
→ Fetching works for author A5074750683
→ Fetching works for author A5054323073
→ Fetching works for author A5014187004
→ Fetching works for author A5022627180
→ Fetching works for author A5003394285
→ Fetching works for author A5108797152
→ Fetching works for author A5069909687
→ Fetching works for author A5076246471
→ Fetching works for author A5005383414
→ Fetching works for author A5110544133
→ Fetching works for author A5110827141
→ Fetching works for author A5039789551
→ Fetching works for author A5059807097
→ Fetching works for author A5037551299
→ Fetching works for author A5018787347
→ Fetching works for author A5021089891
→ Fetching works for author A5072806779
→ Fetching works for author A5024272023
→ Fetching works for author A5029975260
→ Fetching works for author A5071234646
→ Fetching works for author A5057901169
→ Fetching works for author A5097091645
→ Fetching works for author A5079614690
→ Fetching works for author A5100635536
→ Fetching works for author A5080600256
→ Fetching works for author A5100456388
→ Fetching works for author A5040175704
→ Fetching works for author A5068831801
→ Fetching works for author A5032099692
→ Fetching works for author A5016872125
→ Fetching works for author A5104116254
→ Fetching works for author A5083609319
→ Fetching works for author A5037576700
→ Fetching works for author A5073121497
→ Fetching works for author A5089289889
→ Fetching works for author A5010408081
→ Fetching works for author A5098024666
→ Fetching works for author A5079346737
→ Fetching works for author A5004013310
→ Fetching works for author A5005334841
→ Fetching works for author A5049549878
→ Fetching works for author A5005590626
→ Fetching works for author A5065291315
→ Fetching works for author A5020836803
→ Fetching works for author A5063634399
→ Fetching works for author A5014090175
→ Fetching works for author A5085795207
→ Fetching works for author A5047700462
→ Fetching works for author A5024277492
→ Fetching works for author A5091373809
→ Fetching works for author A5100915096
→ Fetching works for author A5061140920
→ Fetching works for author A5070161627
→ Fetching works for author A5050422412
→ Fetching works for author A5068143623
→ Fetching works for author A5113489250
→ Fetching works for author A5039960438
→ Fetching works for author A5082084895
→ Fetching works for author A5079423165
→ Fetching works for author A5025496597
→ Fetching works for author A5085551953
→ Fetching works for author A5018866086
→ Fetching works for author A5076187083
→ Fetching works for author A5080264255
→ Fetching works for author A5100320858
→ Fetching works for author A5068668020
→ Fetching works for author A5049168967
→ Fetching works for author A5024263670
→ Fetching works for author A5074473275
→ Fetching works for author A5037896009
→ Fetching works for author A5100428500
→ Fetching works for author A5111971274
→ Fetching works for author A5056490043
→ Fetching works for author A5017423154
→ Fetching works for author A5047582862
→ Fetching works for author A5010712695
→ Fetching works for author A5009193562
→ Fetching works for author A5067631015
→ Fetching works for author A5104061167
→ Fetching works for author A5026041727
→ Fetching works for author A5038018075
→ Fetching works for author A5011462271
→ Fetching works for author A5024114906
→ Fetching works for author A5111771836
→ Fetching works for author A5038692489
→ Fetching works for author A5010686334
→ Fetching works for author A5060686447
→ Fetching works for author A5111635379
→ Fetching works for author A5023696247
→ Fetching works for author A5108904428
→ Fetching works for author A5017656147
→ Fetching works for author A5008408217
→ Fetching works for author A5051298620
→ Fetching works for author A5003483321
→ Fetching works for author A5041783619
→ Fetching works for author A5014727522
→ Fetching works for author A5024040701
→ Fetching works for author A5021491393
→ Fetching works for author A5002249798
→ Fetching works for author A5072485973
→ Fetching works for author A5033532774
→ Fetching works for author A5084789056
→ Fetching works for author A5009177807
→ Fetching works for author A5066518168
→ Fetching works for author A5111205090
→ Fetching works for author A5032797819
→ Fetching works for author A5111646702
→ Fetching works for author A5058189950
→ Fetching works for author A5063492101
→ Fetching works for author A5110730600
→ Fetching works for author A5109374788
→ Fetching works for author A5011945536
→ Fetching works for author A5024171296
→ Fetching works for author A5001300090
→ Fetching works for author A5000078279
→ Fetching works for author A5112066860
→ Fetching works for author A5030846621
→ Fetching works for author A5069161059
→ Fetching works for author A5010894574
→ Fetching works for author A5058045113
→ Fetching works for author A5103364602
→ Fetching works for author A5058524061
→ Fetching works for author A5101559837
→ Fetching works for author A5082665353
→ Fetching works for author A5069902722
→ Fetching works for author A5100715543
→ Fetching works for author A5058588006
→ Fetching works for author A5090899730
→ Fetching works for author A5104014500
→ Fetching works for author A5056754789
→ Fetching works for author A5017701430
→ Fetching works for author A5007494924
→ Fetching works for author A5056779885
→ Fetching works for author A5006770666
→ Fetching works for author A5051394046
→ Fetching works for author A5010795553
→ Fetching works for author A5013480394
→ Fetching works for author A5016570475
→ Fetching works for author A5017132742
→ Fetching works for author A5065920319
→ Fetching works for author A5027389407
→ Fetching works for author A5007947585
→ Fetching works for author A5074319614
→ Fetching works for author A5109214110
→ Fetching works for author A5101497042
→ Fetching works for author A5079209640
→ Fetching works for author A5082406589
→ Fetching works for author A5109219208
→ Fetching works for author A5061341492
→ Fetching works for author A5066310794
→ Fetching works for author A5086540870
→ Fetching works for author A5111685579
→ Fetching works for author A5037450342
→ Fetching works for author A5048904961
→ Fetching works for author A5031545966
→ Fetching works for author A5012644488
→ Fetching works for author A5047124074
→ Fetching works for author A5081018738
→ Fetching works for author A5005663017
→ Fetching works for author A5036193340
→ Fetching works for author A5069771435
→ Fetching works for author A5082049451
→ Fetching works for author A5017763839
→ Fetching works for author A5045523547
→ Fetching works for author A5109911292
→ Fetching works for author A5100733864
→ Fetching works for author A5113442418
→ Fetching works for author A5014042122
→ Fetching works for author A5114376714
→ Fetching works for author A5004305089
→ Fetching works for author A5018030952
→ Fetching works for author A5091848020
→ Fetching works for author A5025490428
→ Fetching works for author A5009315537
→ Fetching works for author A5018796259
→ Fetching works for author A5088728758
→ Fetching works for author A5057583922
→ Fetching works for author A5015907949
→ Fetching works for author A5113560914
→ Fetching works for author A5049766003
→ Fetching works for author A5087391357
→ Fetching works for author A5012769290
→ Fetching works for author A5017517054
→ Fetching works for author A5104017961
→ Fetching works for author A5100401968
→ Fetching works for author A5017124456
→ Fetching works for author A5024345216
→ Fetching works for author A5028094627
→ Fetching works for author A5044726347
→ Fetching works for author A5101552073
→ Fetching works for author A5005862811
→ Fetching works for author A5074084785
→ Fetching works for author A5101498220
→ Fetching works for author A5053626160
→ Fetching works for author A5036931156
→ Fetching works for author A5096867464
→ Fetching works for author A5084396304
→ Fetching works for author A5039293524
→ Fetching works for author A5087339910
→ Fetching works for author A5063914557
→ Fetching works for author A5046710805
→ Fetching works for author A5029569515
→ Fetching works for author A5102746922
→ Fetching works for author A5109977249
→ Fetching works for author A5053116009
→ Fetching works for author A5069883040
→ Fetching works for author A5111753611
→ Fetching works for author A5049956486
→ Fetching works for author A5081942805
→ Fetching works for author A5046045016
→ Fetching works for author A5051695689
→ Fetching works for author A5113486124
→ Fetching works for author A5089264411
→ Fetching works for author A5025085608
→ Fetching works for author A5021229422
→ Fetching works for author A5091025064
→ Fetching works for author A5046036125
→ Fetching works for author A5040155113
→ Fetching works for author A5113579138
→ Fetching works for author A5014681969
→ Fetching works for author A5030203661
→ Fetching works for author A5065583280
→ Fetching works for author A5116787761
→ Fetching works for author A5101875434
→ Fetching works for author A5062611835
→ Fetching works for author A5042428836
→ Fetching works for author A5080504434
→ Fetching works for author A5077703270
→ Fetching works for author A5059836532
→ Fetching works for author A5061422584
→ Fetching works for author A5102150590
→ Fetching works for author A5108092535
→ Fetching works for author A5006861896
→ Fetching works for author A5002063608
→ Fetching works for author A5000731301
→ Fetching works for author A5110620778
→ Fetching works for author A5088102922
→ Fetching works for author A5112582668
→ Fetching works for author A5079246484
→ Fetching works for author A5012216430
→ Fetching works for author A5009128954
→ Fetching works for author A5001839639
→ Fetching works for author A5105738959
→ Fetching works for author A5056095913
→ Fetching works for author A5100456929
→ Fetching works for author A5019257658
→ Fetching works for author A5035548602
→ Fetching works for author A5046289258
→ Fetching works for author A5007422726
→ Fetching works for author A5033731736
→ Fetching works for author A5082968092
→ Fetching works for author A5111072500
→ Fetching works for author A5064778502
→ Fetching works for author A5013519282
→ Fetching works for author A5101564496
→ Fetching works for author A5076476343
→ Fetching works for author A5108265908
→ Fetching works for author A5055333897
→ Fetching works for author A5008947058
→ Fetching works for author A5054311085
→ Fetching works for author A5005216685
→ Fetching works for author A5092741791
→ Fetching works for author A5100336904
→ Fetching works for author A5080274873
→ Fetching works for author A5057750710
→ Fetching works for author A5076118490
→ Fetching works for author A5068134014
→ Fetching works for author A5027978869
→ Fetching works for author A5101461960
→ Fetching works for author A5020302211
→ Fetching works for author A5101544145
→ Fetching works for author A5053933833
→ Fetching works for author A5112836709
→ Fetching works for author A5070019674
→ Fetching works for author A5065626137
→ Fetching works for author A5069719269
→ Fetching works for author A5071222389
→ Fetching works for author A5002675749
→ Fetching works for author A5091145044
→ Fetching works for author A5035262603
→ Fetching works for author A5060750457
→ Fetching works for author A5051051171
→ Fetching works for author A5045801671
→ Fetching works for author A5007174993
→ Fetching works for author A5103269921
→ Fetching works for author A5079636857
→ Fetching works for author A5050848834
→ Fetching works for author A5072113162
→ Fetching works for author A5087656467
→ Fetching works for author A5113308487
→ Fetching works for author A5043695651
→ Fetching works for author A5029097503
→ Fetching works for author A5014453742
→ Fetching works for author A5094304841
→ Fetching works for author A5094532662
→ Fetching works for author A5056045578
→ Fetching works for author A5074802129
→ Fetching works for author A5030865467
→ Fetching works for author A5075844368
→ Fetching works for author A5042327256
→ Fetching works for author A5062493403
→ Fetching works for author A5052183063
→ Fetching works for author A5054911312
→ Fetching works for author A5074249915
→ Fetching works for author A5070297171
→ Fetching works for author A5070756139
→ Fetching works for author A5030238375
→ Fetching works for author A5050822865
→ Fetching works for author A5090211537
→ Fetching works for author A5051096488
→ Fetching works for author A5059740876
→ Fetching works for author A5101054627
→ Fetching works for author A5018631559
→ Fetching works for author A5042183595
→ Fetching works for author A5063647438
→ Fetching works for author A5079541460
→ Fetching works for author A5021249331
→ Fetching works for author A5035765529
→ Fetching works for author A5060128223
→ Fetching works for author A5108546661
→ Fetching works for author A5074769601
→ Fetching works for author A5087265162
→ Fetching works for author A5049568908
→ Fetching works for author A5033911409
→ Fetching works for author A5112786045
→ Fetching works for author A5007929630
→ Fetching works for author A5057187872
→ Fetching works for author A5032589723
→ Fetching works for author A5009079390
→ Fetching works for author A5009866562
→ Fetching works for author A5031233779
→ Fetching works for author A5042721881
→ Fetching works for author A5041360701
→ Fetching works for author A5017115650
→ Fetching works for author A5027558823
→ Fetching works for author A5005228310
→ Fetching works for author A5097424537
→ Fetching works for author A5044505784
→ Fetching works for author A5105841094
→ Fetching works for author A5066858535
→ Fetching works for author A5015485130
→ Fetching works for author A5081176577
→ Fetching works for author A5020150162
→ Fetching works for author A5069477050
→ Fetching works for author A5068796575
→ Fetching works for author A5046103788
→ Fetching works for author A5070083497
→ Fetching works for author A5022620260
→ Fetching works for author A5017750412
→ Fetching works for author A5057563096
→ Fetching works for author A5027575648
→ Fetching works for author A5103288723
→ Fetching works for author A5110156970
→ Fetching works for author A5024650749
→ Fetching works for author A5086954515
→ Fetching works for author A5035593642
→ Fetching works for author A5076165491
→ Fetching works for author A5003247919
→ Fetching works for author A5009142587
→ Fetching works for author A5028181118
→ Fetching works for author A5112661625
→ Fetching works for author A5032473664
→ Fetching works for author A5030218685
→ Fetching works for author A5046656043
→ Fetching works for author A5049856973
→ Fetching works for author A5070999670
→ Fetching works for author A5056219318
→ Fetching works for author A5007710304
→ Fetching works for author A5083977027
→ Fetching works for author A5108803403
→ Fetching works for author A5032752353
→ Fetching works for author A5061061480
→ Fetching works for author A5005932904
→ Fetching works for author A5101821963
→ Fetching works for author A5078007632
→ Fetching works for author A5030515910
→ Fetching works for author A5030907430
→ Fetching works for author A5066351389
→ Fetching works for author A5008631532
→ Fetching works for author A5030225388
→ Fetching works for author A5017124148
→ Fetching works for author A5085117895
→ Fetching works for author A5083229918
→ Fetching works for author A5035973670
→ Fetching works for author A5102836343
→ Fetching works for author A5022750360
→ Fetching works for author A5031173686
→ Fetching works for author A5082868104
→ Fetching works for author A5101854604
→ Fetching works for author A5090981936
→ Fetching works for author A5074722095
→ Fetching works for author A5085368888
→ Fetching works for author A5078219645
→ Fetching works for author A5065024297
→ Fetching works for author A5012484956
→ Fetching works for author A5070128872
→ Fetching works for author A5038788788
→ Fetching works for author A5065597746
→ Fetching works for author A5034729983
→ Fetching works for author A5102877440
→ Fetching works for author A5074905917
→ Fetching works for author A5109793899
→ Fetching works for author A5039939747
→ Fetching works for author A5008017297
→ Fetching works for author A5101855286
→ Fetching works for author A5088367509
→ Fetching works for author A5036690487
→ Fetching works for author A5110632923
→ Fetching works for author A5061165395
→ Fetching works for author A5016828766
→ Fetching works for author A5058984969
→ Fetching works for author A5080553234
→ Fetching works for author A5113974833
→ Fetching works for author A5070904473
→ Fetching works for author A5106316840
→ Fetching works for author A5042958782
→ Fetching works for author A5093044711
→ Fetching works for author A5019408714
→ Fetching works for author A5090995903
→ Fetching works for author A5082997975
→ Fetching works for author A5064696280
→ Fetching works for author A5003686226
→ Fetching works for author A5074257711
→ Fetching works for author A5111710437
→ Fetching works for author A5010321303
→ Fetching works for author A5088082179
→ Fetching works for author A5017834122
→ Fetching works for author A5005091829
→ Fetching works for author A5108430203
→ Fetching works for author A5064062978
→ Fetching works for author A5100395568
→ Fetching works for author A5073177505
→ Fetching works for author A5038272632
→ Fetching works for author A5073649212
→ Fetching works for author A5055512034
→ Fetching works for author A5056457498
→ Fetching works for author A5011145273
→ Fetching works for author A5062331066
→ Fetching works for author A5015555156
→ Fetching works for author A5111897463
→ Fetching works for author A5009004118
→ Fetching works for author A5025935625
→ Fetching works for author A5043335996
→ Fetching works for author A5009618910
→ Fetching works for author A5006499960
→ Fetching works for author A5057080760
→ Fetching works for author A5109432666
→ Fetching works for author A5075986062
→ Fetching works for author A5013738849
→ Fetching works for author A5006038880
→ Fetching works for author A5023800106
→ Fetching works for author A5068333656
→ Fetching works for author A5100380419
→ Fetching works for author A5005372787
→ Fetching works for author A5084440619
→ Fetching works for author A5051743081
→ Fetching works for author A5034690582
→ Fetching works for author A5061714805
→ Fetching works for author A5068952803
→ Fetching works for author A5081169841
→ Fetching works for author A5016985366
→ Fetching works for author A5048148553
→ Fetching works for author A5048606925
→ Fetching works for author A5101936934
→ Fetching works for author A5103508949
→ Fetching works for author A5010317907
→ Fetching works for author A5020724152
→ Fetching works for author A5003773064
→ Fetching works for author A5073553971
→ Fetching works for author A5004722743
→ Fetching works for author A5083629028
→ Fetching works for author A5065039236
→ Fetching works for author A5007019491
→ Fetching works for author A5107414433
→ Fetching works for author A5018909220
→ Fetching works for author A5039438647
→ Fetching works for author A5086247200
→ Fetching works for author A5084874033
→ Fetching works for author A5076251961
→ Fetching works for author A5033820172
→ Fetching works for author A5077005676
→ Fetching works for author A5083113759
→ Fetching works for author A5076770402
→ Fetching works for author A5063696850
→ Fetching works for author A5100753001
→ Fetching works for author A5103846791
→ Fetching works for author A5075557541
→ Fetching works for author A5091946911
→ Fetching works for author A5030858710
→ Fetching works for author A5108080151
→ Fetching works for author A5054001111
→ Fetching works for author A5044929543
→ Fetching works for author A5110068557
→ Fetching works for author A5084680468
→ Fetching works for author A5020247892
→ Fetching works for author A5110385254
→ Fetching works for author A5022088501
→ Fetching works for author A5020182392
→ Fetching works for author A5006713428
→ Fetching works for author A5012358402
→ Fetching works for author A5001249325
→ Fetching works for author A5111538133
→ Fetching works for author A5072925533
→ Fetching works for author A5055835124
→ Fetching works for author A5110010454
→ Fetching works for author A5075123369
→ Fetching works for author A5006999128
→ Fetching works for author A5040133867
→ Fetching works for author A5006770491
→ Fetching works for author A5032762010
→ Fetching works for author A5003776110
→ Fetching works for author A5000393237
→ Fetching works for author A5103711580
→ Fetching works for author A5113773959
→ Fetching works for author A5082588835
→ Fetching works for author A5075971044
→ Fetching works for author A5073609806
→ Fetching works for author A5039167346
→ Fetching works for author A5043823964
→ Fetching works for author A5073763243
→ Fetching works for author A5109596902
→ Fetching works for author A5100707460
→ Fetching works for author A5003697468
→ Fetching works for author A5046216024
→ Fetching works for author A5019751546
→ Fetching works for author A5029865853
→ Fetching works for author A5111381458
→ Fetching works for author A5111026097
→ Fetching works for author A5090778664
→ Fetching works for author A5079014047
→ Fetching works for author A5018734150
→ Fetching works for author A5064152404
→ Fetching works for author A5085526843
→ Fetching works for author A5002767768
→ Fetching works for author A5055435218
→ Fetching works for author A5022875077
→ Fetching works for author A5077937856
→ Fetching works for author A5067150001
→ Fetching works for author A5002911249
→ Fetching works for author A5108567476
→ Fetching works for author A5053626123
→ Fetching works for author A5076962275
→ Fetching works for author A5065061939
→ Fetching works for author A5110288278
→ Fetching works for author A5068270107
→ Fetching works for author A5103235503
→ Fetching works for author A5008344919
→ Fetching works for author A5041323120
→ Fetching works for author A5082736897
→ Fetching works for author A5102819619
→ Fetching works for author A5008247451
→ Fetching works for author A5084369957
→ Fetching works for author A5083385979
→ Fetching works for author A5074428149
→ Fetching works for author A5081309414
→ Fetching works for author A5113718996
→ Fetching works for author A5078627635
→ Fetching works for author A5082560920
→ Fetching works for author A5074112336
→ Fetching works for author A5053199983
→ Fetching works for author A5064453585
→ Fetching works for author A5110683332
→ Fetching works for author A5038515679
→ Fetching works for author A5044786599
→ Fetching works for author A5108604867
→ Fetching works for author A5112016040
→ Fetching works for author A5021342971
→ Fetching works for author A5062431352
→ Fetching works for author A5035438390
→ Fetching works for author A5047632494
→ Fetching works for author A5025070039
→ Fetching works for author A5109192791
→ Fetching works for author A5011819951
→ Fetching works for author A5094790502
→ Fetching works for author A5082413014
→ Fetching works for author A5110447284
→ Fetching works for author A5063438395
→ Fetching works for author A5091018942
→ Fetching works for author A5018882942
→ Fetching works for author A5103488841
→ Fetching works for author A5113648787
→ Fetching works for author A5054900485
→ Fetching works for author A5074719970
→ Fetching works for author A5105989737
→ Fetching works for author A5046660931
→ Fetching works for author A5010436413
→ Fetching works for author A5020675135
→ Fetching works for author A5109055989
→ Fetching works for author A5002672967
→ Fetching works for author A5026655215
→ Fetching works for author A5065915056
→ Fetching works for author A5100322915
→ Fetching works for author A5000537162
→ Fetching works for author A5046561315
→ Fetching works for author A5113645465
→ Fetching works for author A5018599381
→ Fetching works for author A5035178908
→ Fetching works for author A5111674737
→ Fetching works for author A5049780335
→ Fetching works for author A5050793020
→ Fetching works for author A5000297872
→ Fetching works for author A5033282843
→ Fetching works for author A5070012075
→ Fetching works for author A5063496642
→ Fetching works for author A5026039794
→ Fetching works for author A5113944937
→ Fetching works for author A5012876536
→ Fetching works for author A5071844016
→ Fetching works for author A5116243877
→ Fetching works for author A5109358009
→ Fetching works for author A5075105926
→ Fetching works for author A5100687908
→ Fetching works for author A5040408827
→ Fetching works for author A5109258388
→ Fetching works for author A5110904255
→ Fetching works for author A5111424306
→ Fetching works for author A5036092824
→ Fetching works for author A5086906689
→ Fetching works for author A5100402208
✓ Done MIT — wrote 14377 rows →                               author_id           name  ... year_start year_end
0      https://openalex.org/A5033554434    Erik Kangas  ...       1997     2001
1      https://openalex.org/A5033554434    Erik Kangas  ...       1995     2000
2      https://openalex.org/A5024185940  Rebecca L. Li  ...       2019     2022
3      https://openalex.org/A5024185940  Rebecca L. Li  ...       2016     2017
4      https://openalex.org/A5024185940  Rebecca L. Li  ...       2022     2025
...                                 ...            ...  ...        ...      ...
14372  https://openalex.org/A5100402208   Sushil Kumar  ...       2019     2019
14373  https://openalex.org/A5100402208   Sushil Kumar  ...       1997     1997
14374  https://openalex.org/A5100402208   Sushil Kumar  ...       2022     2022
14375  https://openalex.org/A5100402208   Sushil Kumar  ...       2025     2025
14376  https://openalex.org/A5100402208   Sushil Kumar  ...       2025     2025

[14377 rows x 6 columns]

--- Processing OU (324 authors) ---
→ Fetching works for author A5117152269
→ Fetching works for author A5066917659
→ Fetching works for author A5000743849
→ Fetching works for author A5061360353
→ Fetching works for author A5002622373
→ Fetching works for author A5115604391
→ Fetching works for author A5089331217
→ Fetching works for author A5007024655
→ Fetching works for author A5028943520
→ Fetching works for author A5113738941
→ Fetching works for author A5110130269
→ Fetching works for author A5017355813
→ Fetching works for author A5111882319
→ Fetching works for author A5088036495
→ Fetching works for author A5004620923
→ Fetching works for author A5103505937
→ Fetching works for author A5100610352
→ Fetching works for author A5033814175
→ Fetching works for author A5112794518
→ Fetching works for author A5021325428
→ Fetching works for author A5060227660
→ Fetching works for author A5054079261
→ Fetching works for author A5101530578
→ Fetching works for author A5088092315
→ Fetching works for author A5013992617
→ Fetching works for author A5090731225
→ Fetching works for author A5066237636
→ Fetching works for author A5119565149
→ Fetching works for author A5036671771
→ Fetching works for author A5055077995
→ Fetching works for author A5068758833
→ Fetching works for author A5020201216
→ Fetching works for author A5033542596
→ Fetching works for author A5073269968
→ Fetching works for author A5072492879
→ Fetching works for author A5056129631
→ Fetching works for author A5007986851
→ Fetching works for author A5112149080
→ Fetching works for author A5012274683
→ Fetching works for author A5079864491
→ Fetching works for author A5027869956
→ Fetching works for author A5113640105
→ Fetching works for author A5023289319
→ Fetching works for author A5060511888
→ Fetching works for author A5081544465
→ Fetching works for author A5072204282
→ Fetching works for author A5111061590
→ Fetching works for author A5092808327
→ Fetching works for author A5043790467
→ Fetching works for author A5025028114
→ Fetching works for author A5032395508
→ Fetching works for author A5076102334
→ Fetching works for author A5025709761
→ Fetching works for author A5101785814
→ Fetching works for author A5076077804
→ Fetching works for author A5075451046
→ Fetching works for author A5040830922
→ Fetching works for author A5009186802
→ Fetching works for author A5057973944
→ Fetching works for author A5026689272
→ Fetching works for author A5108415120
→ Fetching works for author A5079816331
→ Fetching works for author A5100352749
→ Fetching works for author A5000198654
→ Fetching works for author A5058534544
→ Fetching works for author A5112019308
→ Fetching works for author A5052270545
→ Fetching works for author A5102879734
→ Fetching works for author A5089791746
→ Fetching works for author A5100326915
→ Fetching works for author A5028863641
→ Fetching works for author A5005846650
→ Fetching works for author A5050330450
→ Fetching works for author A5027752516
→ Fetching works for author A5113577608
→ Fetching works for author A5088347977
→ Fetching works for author A5035102363
→ Fetching works for author A5010804491
→ Fetching works for author A5048002975
→ Fetching works for author A5103475576
→ Fetching works for author A5045150046
→ Fetching works for author A5025049050
→ Fetching works for author A5111810472
→ Fetching works for author A5101811222
→ Fetching works for author A5089880857
→ Fetching works for author A5070656368
→ Fetching works for author A5065698192
→ Fetching works for author A5080343438
→ Fetching works for author A5103453575
→ Fetching works for author A5018879912
→ Fetching works for author A5028000024
→ Fetching works for author A5111952061
→ Fetching works for author A5100570631
→ Fetching works for author A5023501176
→ Fetching works for author A5063698411
→ Fetching works for author A5053353314
→ Fetching works for author A5102021023
→ Fetching works for author A5057388127
→ Fetching works for author A5100300793
→ Fetching works for author A5008861165
→ Fetching works for author A5108384788
→ Fetching works for author A5101591634
→ Fetching works for author A5058003426
→ Fetching works for author A5112279340
→ Fetching works for author A5077531820
→ Fetching works for author A5063832401
→ Fetching works for author A5020934923
→ Fetching works for author A5082973969
→ Fetching works for author A5107541466
→ Fetching works for author A5046710072
→ Fetching works for author A5078638924
→ Fetching works for author A5013289368
→ Fetching works for author A5024697590
→ Fetching works for author A5033805651
→ Fetching works for author A5104013281
→ Fetching works for author A5100446916
→ Fetching works for author A5056976963
→ Fetching works for author A5072919264
→ Fetching works for author A5066108089
→ Fetching works for author A5067881122
→ Fetching works for author A5014640820
→ Fetching works for author A5041825979
→ Fetching works for author A5070811909
→ Fetching works for author A5121210271
→ Fetching works for author A5046885139
→ Fetching works for author A5109236521
→ Fetching works for author A5003640922
→ Fetching works for author A5005962640
→ Fetching works for author A5100561048
→ Fetching works for author A5088647694
→ Fetching works for author A5100640260
→ Fetching works for author A5083610958
→ Fetching works for author A5075711779
→ Fetching works for author A5061702235
→ Fetching works for author A5095685096
→ Fetching works for author A5119330251
→ Fetching works for author A5061866399
→ Fetching works for author A5058087074
→ Fetching works for author A5054602117
→ Fetching works for author A5086304203
→ Fetching works for author A5073498826
→ Fetching works for author A5076396116
→ Fetching works for author A5078504277
→ Fetching works for author A5043067545
→ Fetching works for author A5053936962
→ Fetching works for author A5025627439
→ Fetching works for author A5052556363
→ Fetching works for author A5058156254
→ Fetching works for author A5033030044
→ Fetching works for author A5052039443
→ Fetching works for author A5023061862
→ Fetching works for author A5064036708
→ Fetching works for author A5111383898
→ Fetching works for author A5032363170
→ Fetching works for author A5005970569
→ Fetching works for author A5035326566
→ Fetching works for author A5008172525
→ Fetching works for author A5038189547
→ Fetching works for author A5109973267
→ Fetching works for author A5110134303
→ Fetching works for author A5113694713
→ Fetching works for author A5056470502
→ Fetching works for author A5024014689
→ Fetching works for author A5110774277
→ Fetching works for author A5049390590
→ Fetching works for author A5055342253
→ Fetching works for author A5016475996
→ Fetching works for author A5024195218
→ Fetching works for author A5091412716
→ Fetching works for author A5052873457
→ Fetching works for author A5054582306
→ Fetching works for author A5114377818
→ Fetching works for author A5112835320
→ Fetching works for author A5109383563
→ Fetching works for author A5018463074
→ Fetching works for author A5044396302
→ Fetching works for author A5098913213
→ Fetching works for author A5060966935
→ Fetching works for author A5108733734
→ Fetching works for author A5027839860
→ Fetching works for author A5089103796
→ Fetching works for author A5063198138
→ Fetching works for author A5080638576
→ Fetching works for author A5014312942
→ Fetching works for author A5066566141
→ Fetching works for author A5072442842
→ Fetching works for author A5016683716
→ Fetching works for author A5108594917
→ Fetching works for author A5041333775
→ Fetching works for author A5056813860
→ Fetching works for author A5028316446
→ Fetching works for author A5007751931
→ Fetching works for author A5021612626
→ Fetching works for author A5011296982
→ Fetching works for author A5108754780
→ Fetching works for author A5029490514
→ Fetching works for author A5025262497
→ Fetching works for author A5102583506
→ Fetching works for author A5006402876
→ Fetching works for author A5000631854
→ Fetching works for author A5057038064
→ Fetching works for author A5113646659
→ Fetching works for author A5043659454
→ Fetching works for author A5035871571
→ Fetching works for author A5006538892
→ Fetching works for author A5067300278
→ Fetching works for author A5060206799
→ Fetching works for author A5108057066
→ Fetching works for author A5011313672
→ Fetching works for author A5100614762
→ Fetching works for author A5064988981
→ Fetching works for author A5088660720
→ Fetching works for author A5083027075
→ Fetching works for author A5041386465
→ Fetching works for author A5043435724
→ Fetching works for author A5009254736
→ Fetching works for author A5013689046
→ Fetching works for author A5067817046
→ Fetching works for author A5033200496
→ Fetching works for author A5100340898
→ Fetching works for author A5048792870
→ Fetching works for author A5070959372
→ Fetching works for author A5004231993
→ Fetching works for author A5032506081
→ Fetching works for author A5051469460
→ Fetching works for author A5109070204
→ Fetching works for author A5107148338
→ Fetching works for author A5089488645
→ Fetching works for author A5102463635
→ Fetching works for author A5074347935
→ Fetching works for author A5035916095
→ Fetching works for author A5109996058
→ Fetching works for author A5048674878
→ Fetching works for author A5007707109
→ Fetching works for author A5103617966
→ Fetching works for author A5064567385
→ Fetching works for author A5057117922
→ Fetching works for author A5026664428
→ Fetching works for author A5054640895
→ Fetching works for author A5056034999
→ Fetching works for author A5030874667
→ Fetching works for author A5078619170
→ Fetching works for author A5031879473
→ Fetching works for author A5029152015
→ Fetching works for author A5109426359
→ Fetching works for author A5070359960
→ Fetching works for author A5097190922
→ Fetching works for author A5110232200
→ Fetching works for author A5088092534
→ Fetching works for author A5109137537
→ Fetching works for author A5070234264
→ Fetching works for author A5053327738
→ Fetching works for author A5033746185
→ Fetching works for author A5044500550
→ Fetching works for author A5001526196
→ Fetching works for author A5039254996
→ Fetching works for author A5015806770
→ Fetching works for author A5100763599
→ Fetching works for author A5025380435
→ Fetching works for author A5009905683
→ Fetching works for author A5112234380
→ Fetching works for author A5077741057
→ Fetching works for author A5100707245
→ Fetching works for author A5069450156
→ Fetching works for author A5020315196
→ Fetching works for author A5078882703
→ Fetching works for author A5086106796
→ Fetching works for author A5041773055
→ Fetching works for author A5051931853
→ Fetching works for author A5088351909
→ Fetching works for author A5001045832
→ Fetching works for author A5111990070
→ Fetching works for author A5038498511
→ Fetching works for author A5055878946
→ Fetching works for author A5030726181
→ Fetching works for author A5058098591
→ Fetching works for author A5074198890
→ Fetching works for author A5049912593
→ Fetching works for author A5113619053
→ Fetching works for author A5035716030
→ Fetching works for author A5101578526
→ Fetching works for author A5110405971
→ Fetching works for author A5010336243
→ Fetching works for author A5004161692
→ Fetching works for author A5068984684
→ Fetching works for author A5100670142
→ Fetching works for author A5078346797
→ Fetching works for author A5021504206
→ Fetching works for author A5040928060
→ Fetching works for author A5113807785
→ Fetching works for author A5033760527
→ Fetching works for author A5112501094
→ Fetching works for author A5028178219
→ Fetching works for author A5093784020
→ Fetching works for author A5055268819
→ Fetching works for author A5073067486
→ Fetching works for author A5111884380
→ Fetching works for author A5059910260
→ Fetching works for author A5063285749
→ Fetching works for author A5108614287
→ Fetching works for author A5010570216
→ Fetching works for author A5040035542
→ Fetching works for author A5113509617
→ Fetching works for author A5086635063
→ Fetching works for author A5016225548
→ Fetching works for author A5087346010
→ Fetching works for author A5113881984
→ Fetching works for author A5024274912
→ Fetching works for author A5031973567
→ Fetching works for author A5101566068
→ Fetching works for author A5068819872
→ Fetching works for author A5091132307
→ Fetching works for author A5043908599
→ Fetching works for author A5069754030
→ Fetching works for author A5048419920
→ Fetching works for author A5048124307
→ Fetching works for author A5025407216
→ Fetching works for author A5043954796
→ Fetching works for author A5089422462
→ Fetching works for author A5018543474
→ Fetching works for author A5064868125
→ Fetching works for author A5033398343
→ Fetching works for author A5018284217
→ Fetching works for author A5057046905
✓ Done OU — wrote 3705 rows →                              author_id               name  ... year_start year_end
0     https://openalex.org/A5117152269  Larahn E. Frazier  ...       2025     2025
1     https://openalex.org/A5066917659        Mary Lawler  ...       2010     2012
2     https://openalex.org/A5066917659        Mary Lawler  ...       2020     2020
3     https://openalex.org/A5066917659        Mary Lawler  ...       1996     1996
4     https://openalex.org/A5066917659        Mary Lawler  ...       1993     1997
...                                ...                ...  ...        ...      ...
3700  https://openalex.org/A5064868125      Donald Plouff  ...       1983     1983
3701  https://openalex.org/A5033398343       Jizhong Zhou  ...       2025     2025
3702  https://openalex.org/A5033398343       Jizhong Zhou  ...       2011     2011
3703  https://openalex.org/A5018284217  Rebecca Maldonado  ...       2021     2021
3704  https://openalex.org/A5057046905      L.J. Mignogna  ...       2012     2012

[3705 rows x 6 columns]

--- Processing CORNELL (1148 authors) ---
→ Fetching works for author A5089573921
→ Fetching works for author A5111889153
→ Fetching works for author A5113756248
→ Fetching works for author A5087235686
→ Fetching works for author A5058776012
→ Fetching works for author A5082251174
→ Fetching works for author A5042596874
→ Fetching works for author A5109895474
→ Fetching works for author A5022617269
→ Fetching works for author A5036388273
→ Fetching works for author A5050357992
→ Fetching works for author A5106034524
→ Fetching works for author A5016514829
→ Fetching works for author A5024657765
→ Fetching works for author A5080142967
→ Fetching works for author A5112262858
→ Fetching works for author A5110146423
→ Fetching works for author A5110235364
→ Fetching works for author A5045799998
→ Fetching works for author A5050285894
→ Fetching works for author A5080713924
→ Fetching works for author A5100366131
→ Fetching works for author A5076978694
→ Fetching works for author A5026043009
→ Fetching works for author A5020150254
→ Fetching works for author A5103278465
→ Fetching works for author A5098176357
→ Fetching works for author A5071739749
→ Fetching works for author A5037852998
→ Fetching works for author A5114163117
→ Fetching works for author A5103472574
→ Fetching works for author A5027512600
→ Fetching works for author A5088104477
→ Fetching works for author A5062569186
→ Fetching works for author A5052587267
→ Fetching works for author A5020050163
→ Fetching works for author A5018246309
→ Fetching works for author A5033468483
→ Fetching works for author A5080295885
→ Fetching works for author A5110138732
→ Fetching works for author A5016836431
→ Fetching works for author A5042643881
→ Fetching works for author A5006909925
→ Fetching works for author A5079171948
→ Fetching works for author A5063580634
→ Fetching works for author A5056661208
→ Fetching works for author A5111467230
→ Fetching works for author A5003221932
→ Fetching works for author A5014069871
→ Fetching works for author A5088008875
→ Fetching works for author A5049770684
→ Fetching works for author A5057471875
→ Fetching works for author A5076149524
→ Fetching works for author A5022213200
→ Fetching works for author A5014541330
→ Fetching works for author A5013606274
→ Fetching works for author A5058797216
→ Fetching works for author A5018819061
→ Fetching works for author A5059580739
→ Fetching works for author A5008757930
→ Fetching works for author A5111957463
→ Fetching works for author A5110033908
→ Fetching works for author A5018353777
→ Fetching works for author A5010927128
→ Fetching works for author A5105989839
→ Fetching works for author A5112080210
→ Fetching works for author A5112817943
→ Fetching works for author A5007198397
→ Fetching works for author A5088452202
→ Fetching works for author A5010082725
→ Fetching works for author A5108187988
→ Fetching works for author A5120217228
→ Fetching works for author A5048113506
→ Fetching works for author A5038376885
→ Fetching works for author A5010101804
→ Fetching works for author A5086106829
→ Fetching works for author A5022468718
→ Fetching works for author A5008842861
→ Fetching works for author A5026215612
→ Fetching works for author A5070280247
→ Fetching works for author A5071828019
→ Fetching works for author A5110013684
→ Fetching works for author A5032903376
→ Fetching works for author A5104436170
→ Fetching works for author A5080702675
→ Fetching works for author A5073663465
→ Fetching works for author A5076910530
→ Fetching works for author A5081572371
→ Fetching works for author A5009586366
→ Fetching works for author A5052839343
→ Fetching works for author A5108750396
→ Fetching works for author A5108517986
→ Fetching works for author A5021181658
→ Fetching works for author A5037727622
→ Fetching works for author A5046392422
→ Fetching works for author A5012036093
→ Fetching works for author A5026169690
→ Fetching works for author A5040635912
→ Fetching works for author A5059033237
→ Fetching works for author A5085760477
→ Fetching works for author A5032087217
→ Fetching works for author A5084816650
→ Fetching works for author A5066831235
→ Fetching works for author A5067696184
→ Fetching works for author A5024767584
→ Fetching works for author A5009602317
→ Fetching works for author A5112044233
→ Fetching works for author A5052440884
→ Fetching works for author A5083141915
→ Fetching works for author A5025704489
→ Fetching works for author A5018071484
→ Fetching works for author A5089473455
→ Fetching works for author A5111868641
→ Fetching works for author A5016083141
→ Fetching works for author A5052048970
→ Fetching works for author A5110615626
→ Fetching works for author A5064478793
→ Fetching works for author A5061047722
→ Fetching works for author A5085780750
→ Fetching works for author A5070509847
→ Fetching works for author A5041936322
→ Fetching works for author A5032450959
→ Fetching works for author A5113811534
→ Fetching works for author A5075776291
→ Fetching works for author A5077369190
→ Fetching works for author A5119516864
→ Fetching works for author A5053177280
→ Fetching works for author A5010903591
→ Fetching works for author A5015024212
→ Fetching works for author A5075831554
→ Fetching works for author A5100452198
→ Fetching works for author A5111963616
→ Fetching works for author A5012087403
→ Fetching works for author A5017473171
→ Fetching works for author A5073137089
→ Fetching works for author A5108493622
→ Fetching works for author A5024020403
→ Fetching works for author A5110809290
→ Fetching works for author A5076236701
→ Fetching works for author A5039361319
→ Fetching works for author A5104221604
→ Fetching works for author A5028328854
→ Fetching works for author A5109212216
→ Fetching works for author A5024990798
→ Fetching works for author A5113573671
→ Fetching works for author A5019441058
→ Fetching works for author A5111786362
→ Fetching works for author A5007416721
→ Fetching works for author A5082085280
→ Fetching works for author A5086525008
→ Fetching works for author A5020348364
→ Fetching works for author A5083683183
→ Fetching works for author A5041787314
→ Fetching works for author A5032522966
→ Fetching works for author A5075060359
→ Fetching works for author A5082696014
→ Fetching works for author A5111631253
→ Fetching works for author A5074069491
→ Fetching works for author A5046343271
→ Fetching works for author A5027323321
→ Fetching works for author A5074512055
→ Fetching works for author A5110713792
→ Fetching works for author A5102725124
→ Fetching works for author A5100393999
→ Fetching works for author A5051001903
→ Fetching works for author A5018500587
→ Fetching works for author A5102804505
→ Fetching works for author A5006596347
→ Fetching works for author A5047390843
→ Fetching works for author A5106184097
→ Fetching works for author A5003269978
→ Fetching works for author A5071869922
→ Fetching works for author A5051563093
→ Fetching works for author A5110860526
→ Fetching works for author A5018855751
→ Fetching works for author A5049980067
→ Fetching works for author A5113887827
→ Fetching works for author A5000764874
→ Fetching works for author A5113769326
→ Fetching works for author A5009069891
→ Fetching works for author A5014863618
→ Fetching works for author A5102880155
→ Fetching works for author A5112806010
→ Fetching works for author A5032064360
→ Fetching works for author A5112086693
→ Fetching works for author A5001197988
→ Fetching works for author A5105949408
→ Fetching works for author A5043733941
→ Fetching works for author A5010278214
→ Fetching works for author A5013204900
→ Fetching works for author A5103529818
→ Fetching works for author A5052043290
→ Fetching works for author A5076571607
→ Fetching works for author A5111834855
→ Fetching works for author A5042339914
→ Fetching works for author A5112197216
→ Fetching works for author A5017751960
→ Fetching works for author A5049005268
→ Fetching works for author A5071939353
→ Fetching works for author A5010266887
→ Fetching works for author A5055417664
→ Fetching works for author A5044804678
→ Fetching works for author A5062539556
→ Fetching works for author A5078606404
→ Fetching works for author A5057836850
→ Fetching works for author A5070290381
→ Fetching works for author A5083043200
→ Fetching works for author A5040027304
→ Fetching works for author A5000684990
→ Fetching works for author A5030198230
→ Fetching works for author A5017275394
→ Fetching works for author A5060863301
→ Fetching works for author A5010410773
→ Fetching works for author A5064438130
→ Fetching works for author A5048119048
→ Fetching works for author A5061748902
→ Fetching works for author A5011051552
→ Fetching works for author A5112197584
→ Fetching works for author A5104043263
→ Fetching works for author A5111930263
→ Fetching works for author A5083240887
→ Fetching works for author A5111393251
→ Fetching works for author A5037528447
→ Fetching works for author A5024604222
→ Fetching works for author A5038671410
→ Fetching works for author A5004733800
→ Fetching works for author A5025240110
→ Fetching works for author A5085096427
→ Fetching works for author A5111711568
→ Fetching works for author A5051773020
→ Fetching works for author A5060114341
→ Fetching works for author A5042581297
→ Fetching works for author A5020886062
→ Fetching works for author A5072910464
→ Fetching works for author A5112888030
→ Fetching works for author A5002190189
→ Fetching works for author A5063786130
→ Fetching works for author A5068520992
→ Fetching works for author A5108394710
→ Fetching works for author A5086122167
→ Fetching works for author A5087678931
→ Fetching works for author A5101464090
→ Fetching works for author A5109252322
→ Fetching works for author A5023418418
→ Fetching works for author A5113713547
→ Fetching works for author A5110680857
→ Fetching works for author A5044191947
→ Fetching works for author A5012256441
→ Fetching works for author A5032008116
→ Fetching works for author A5109101400
→ Fetching works for author A5028125546
→ Fetching works for author A5058744022
→ Fetching works for author A5068817727
→ Fetching works for author A5012401301
→ Fetching works for author A5084644534
→ Fetching works for author A5080494605
→ Fetching works for author A5022864866
→ Fetching works for author A5065932375
→ Fetching works for author A5002895666
→ Fetching works for author A5083754719
→ Fetching works for author A5100730678
→ Fetching works for author A5032854353
→ Fetching works for author A5080282379
→ Fetching works for author A5109893725
→ Fetching works for author A5040778663
→ Fetching works for author A5093608747
→ Fetching works for author A5062372444
→ Fetching works for author A5014872605
→ Fetching works for author A5000964885
→ Fetching works for author A5039100454
→ Fetching works for author A5023165822
→ Fetching works for author A5020303566
→ Fetching works for author A5016493856
→ Fetching works for author A5087677610
→ Fetching works for author A5049556008
→ Fetching works for author A5021769541
→ Fetching works for author A5058957254
→ Fetching works for author A5111966812
→ Fetching works for author A5110012714
→ Fetching works for author A5084517379
→ Fetching works for author A5049232970
→ Fetching works for author A5060725283
→ Fetching works for author A5049966730
→ Fetching works for author A5039791453
→ Fetching works for author A5003826098
→ Fetching works for author A5021257671
→ Fetching works for author A5027171023
→ Fetching works for author A5112664250
→ Fetching works for author A5047042643
→ Fetching works for author A5014671803
→ Fetching works for author A5010692432
→ Fetching works for author A5020284532
→ Fetching works for author A5110026894
→ Fetching works for author A5109862987
→ Fetching works for author A5033346677
→ Fetching works for author A5036222697
→ Fetching works for author A5033250069
→ Fetching works for author A5067090865
→ Fetching works for author A5002187986
→ Fetching works for author A5024759396
→ Fetching works for author A5113040133
→ Fetching works for author A5003914133
→ Fetching works for author A5089805097
→ Fetching works for author A5046172442
→ Fetching works for author A5016496386
→ Fetching works for author A5075312012
→ Fetching works for author A5071031693
→ Fetching works for author A5040761076
→ Fetching works for author A5006071957
→ Fetching works for author A5110030471
→ Fetching works for author A5053985607
→ Fetching works for author A5115804275
→ Fetching works for author A5108932052
→ Fetching works for author A5113705918
→ Fetching works for author A5029748395
→ Fetching works for author A5030570722
→ Fetching works for author A5070602579
→ Fetching works for author A5003522988
→ Fetching works for author A5036016055
→ Fetching works for author A5060872749
→ Fetching works for author A5024621145
→ Fetching works for author A5091308694
→ Fetching works for author A5100523913
→ Fetching works for author A5106617607
→ Fetching works for author A5109453383
→ Fetching works for author A5013655811
→ Fetching works for author A5090046144
→ Fetching works for author A5059181904
→ Fetching works for author A5011808870
→ Fetching works for author A5087378715
→ Fetching works for author A5067817165
→ Fetching works for author A5095599028
→ Fetching works for author A5111711704
→ Fetching works for author A5008450550
→ Fetching works for author A5103063652
→ Fetching works for author A5030127840
→ Fetching works for author A5055365677
→ Fetching works for author A5035099420
→ Fetching works for author A5072773423
→ Fetching works for author A5110258096
→ Fetching works for author A5112067303
→ Fetching works for author A5093417932
→ Fetching works for author A5065433535
→ Fetching works for author A5063272468
→ Fetching works for author A5104728993
→ Fetching works for author A5074811628
→ Fetching works for author A5014931151
→ Fetching works for author A5101573767
→ Fetching works for author A5017212788
→ Fetching works for author A5100679058
→ Fetching works for author A5100528350
→ Fetching works for author A5076968811
→ Fetching works for author A5109353649
→ Fetching works for author A5068414101
→ Fetching works for author A5041347084
→ Fetching works for author A5079901409
→ Fetching works for author A5069148969
→ Fetching works for author A5000029301
→ Fetching works for author A5112694871
→ Fetching works for author A5033536312
→ Fetching works for author A5079500403
→ Fetching works for author A5002855934
→ Fetching works for author A5003661501
→ Fetching works for author A5020245115
→ Fetching works for author A5101640582
→ Fetching works for author A5048984741
→ Fetching works for author A5015087094
→ Fetching works for author A5047657582
→ Fetching works for author A5048458525
→ Fetching works for author A5103245321
→ Fetching works for author A5060585192
→ Fetching works for author A5110898879
→ Fetching works for author A5018231918
→ Fetching works for author A5037224448
→ Fetching works for author A5070851067
→ Fetching works for author A5094731341
→ Fetching works for author A5064911964
→ Fetching works for author A5103122238
→ Fetching works for author A5024419531
→ Fetching works for author A5002608685
→ Fetching works for author A5101813616
→ Fetching works for author A5072971061
→ Fetching works for author A5066316139
→ Fetching works for author A5003553739
→ Fetching works for author A5044615669
→ Fetching works for author A5103291982
→ Fetching works for author A5020725876
→ Fetching works for author A5032489346
→ Fetching works for author A5032062163
→ Fetching works for author A5111964545
→ Fetching works for author A5046952068
→ Fetching works for author A5079889339
→ Fetching works for author A5031183649
→ Fetching works for author A5045755997
→ Fetching works for author A5022554119
→ Fetching works for author A5063892002
→ Fetching works for author A5080695008
→ Fetching works for author A5053138183
→ Fetching works for author A5052952451
→ Fetching works for author A5030885436
→ Fetching works for author A5110262302
→ Fetching works for author A5086031462
→ Fetching works for author A5015166564
→ Fetching works for author A5068994292
→ Fetching works for author A5100675929
→ Fetching works for author A5016481057
→ Fetching works for author A5074325217
→ Fetching works for author A5053465857
→ Fetching works for author A5111711603
→ Fetching works for author A5054557864
→ Fetching works for author A5030725795
→ Fetching works for author A5024045749
→ Fetching works for author A5089189867
→ Fetching works for author A5016014334
→ Fetching works for author A5091128797
→ Fetching works for author A5051484612
→ Fetching works for author A5111680005
→ Fetching works for author A5001455892
→ Fetching works for author A5012168575
→ Fetching works for author A5108705430
→ Fetching works for author A5026367973
→ Fetching works for author A5101492631
→ Fetching works for author A5066708427
→ Fetching works for author A5043435343
→ Fetching works for author A5058553367
→ Fetching works for author A5029315204
→ Fetching works for author A5090164352
→ Fetching works for author A5075230689
→ Fetching works for author A5007212948
→ Fetching works for author A5055864100
→ Fetching works for author A5074524669
→ Fetching works for author A5007697794
→ Fetching works for author A5039348101
→ Fetching works for author A5104683917
→ Fetching works for author A5101654769
→ Fetching works for author A5082741754
→ Fetching works for author A5100437902
→ Fetching works for author A5112767848
→ Fetching works for author A5072470056
→ Fetching works for author A5032374450
→ Fetching works for author A5108386611
→ Fetching works for author A5111954190
→ Fetching works for author A5017906990
→ Fetching works for author A5037649701
→ Fetching works for author A5001314462
→ Fetching works for author A5076233566
→ Fetching works for author A5062774997
→ Fetching works for author A5104044112
→ Fetching works for author A5029778165
→ Fetching works for author A5082940842
→ Fetching works for author A5011387108
→ Fetching works for author A5040590772
→ Fetching works for author A5063140842
→ Fetching works for author A5026098853
→ Fetching works for author A5030389875
→ Fetching works for author A5019815755
→ Fetching works for author A5089453443
→ Fetching works for author A5070474805
→ Fetching works for author A5045160337
→ Fetching works for author A5052996216
→ Fetching works for author A5015942237
→ Fetching works for author A5051220005
→ Fetching works for author A5105771268
→ Fetching works for author A5111406879
→ Fetching works for author A5007404408
→ Fetching works for author A5076810702
→ Fetching works for author A5042314072
→ Fetching works for author A5101621720
→ Fetching works for author A5003985174
→ Fetching works for author A5075327410
→ Fetching works for author A5056281825
→ Fetching works for author A5036634401
→ Fetching works for author A5080118718
→ Fetching works for author A5014591063
→ Fetching works for author A5082396075
→ Fetching works for author A5081502221
→ Fetching works for author A5050731864
→ Fetching works for author A5090961472
→ Fetching works for author A5078384124
→ Fetching works for author A5039811745
→ Fetching works for author A5110184967
→ Fetching works for author A5077399374
→ Fetching works for author A5022343711
→ Fetching works for author A5051325070
→ Fetching works for author A5009368756
→ Fetching works for author A5103055135
→ Fetching works for author A5035488258
→ Fetching works for author A5037200808
→ Fetching works for author A5008495792
→ Fetching works for author A5078167230
→ Fetching works for author A5032635330
→ Fetching works for author A5027510488
→ Fetching works for author A5081029863
→ Fetching works for author A5079574564
→ Fetching works for author A5009378425
→ Fetching works for author A5035376769
→ Fetching works for author A5067182924
→ Fetching works for author A5101872110
→ Fetching works for author A5035888480
→ Fetching works for author A5091746173
→ Fetching works for author A5070221807
→ Fetching works for author A5058128370
→ Fetching works for author A5100665672
→ Fetching works for author A5052721323
→ Fetching works for author A5041939190
→ Fetching works for author A5070922998
→ Fetching works for author A5092687189
→ Fetching works for author A5087197099
→ Fetching works for author A5037117680
→ Fetching works for author A5019198912
→ Fetching works for author A5050434941
→ Fetching works for author A5076637598
→ Fetching works for author A5111681812
→ Fetching works for author A5009520056
→ Fetching works for author A5028365221
→ Fetching works for author A5014979904
→ Fetching works for author A5037634363
→ Fetching works for author A5017103839
→ Fetching works for author A5089149619
→ Fetching works for author A5113904052
→ Fetching works for author A5084377392
→ Fetching works for author A5113860695
→ Fetching works for author A5068718131
→ Fetching works for author A5034999767
→ Fetching works for author A5026449286
→ Fetching works for author A5007459239
→ Fetching works for author A5066375463
→ Fetching works for author A5040072751
→ Fetching works for author A5007699357
→ Fetching works for author A5056352168
→ Fetching works for author A5093024132
→ Fetching works for author A5027139401
→ Fetching works for author A5117231985
→ Fetching works for author A5017114236
→ Fetching works for author A5010574700
→ Fetching works for author A5112151291
→ Fetching works for author A5003151750
→ Fetching works for author A5108732731
→ Fetching works for author A5052048627
→ Fetching works for author A5055615806
→ Fetching works for author A5091652788
→ Fetching works for author A5111626214
→ Fetching works for author A5045568063
→ Fetching works for author A5101455606
→ Fetching works for author A5032181161
→ Fetching works for author A5111643172
→ Fetching works for author A5108410764
→ Fetching works for author A5060639458
→ Fetching works for author A5108458147
→ Fetching works for author A5113475916
→ Fetching works for author A5070051249
→ Fetching works for author A5109809555
→ Fetching works for author A5000858530
→ Fetching works for author A5090827566
→ Fetching works for author A5041884518
→ Fetching works for author A5002375672
→ Fetching works for author A5038316847
→ Fetching works for author A5052979882
→ Fetching works for author A5036783883
→ Fetching works for author A5066888785
→ Fetching works for author A5040570752
→ Fetching works for author A5066049576
→ Fetching works for author A5052081708
→ Fetching works for author A5056604183
→ Fetching works for author A5077722336
→ Fetching works for author A5108944237
→ Fetching works for author A5043781310
→ Fetching works for author A5045759301
→ Fetching works for author A5075980565
→ Fetching works for author A5111514654
→ Fetching works for author A5034497259
→ Fetching works for author A5089501173
→ Fetching works for author A5012363368
→ Fetching works for author A5012533253
→ Fetching works for author A5041378159
→ Fetching works for author A5061852175
→ Fetching works for author A5108194692
→ Fetching works for author A5011689017
→ Fetching works for author A5085925993
→ Fetching works for author A5007608014
→ Fetching works for author A5040560654
→ Fetching works for author A5082121413
→ Fetching works for author A5049029574
→ Fetching works for author A5087861719
→ Fetching works for author A5069165408
→ Fetching works for author A5088742250
→ Fetching works for author A5112772349
→ Fetching works for author A5066348272
→ Fetching works for author A5071674783
→ Fetching works for author A5015468934
→ Fetching works for author A5055890962
→ Fetching works for author A5046396891
→ Fetching works for author A5020354560
→ Fetching works for author A5060661202
→ Fetching works for author A5038982389
→ Fetching works for author A5046188913
→ Fetching works for author A5109182504
→ Fetching works for author A5105670161
→ Fetching works for author A5017794813
→ Fetching works for author A5109102482
→ Fetching works for author A5027987167
→ Fetching works for author A5055298189
→ Fetching works for author A5050971842
→ Fetching works for author A5111866807
→ Fetching works for author A5010378261
→ Fetching works for author A5104068035
→ Fetching works for author A5019661834
→ Fetching works for author A5019670033
→ Fetching works for author A5060743720
→ Fetching works for author A5054681600
→ Fetching works for author A5017902342
→ Fetching works for author A5077594710
→ Fetching works for author A5003625876
→ Fetching works for author A5041718797
→ Fetching works for author A5077397553
→ Fetching works for author A5005426652
→ Fetching works for author A5000995761
→ Fetching works for author A5009854050
→ Fetching works for author A5088440251
→ Fetching works for author A5008134383
→ Fetching works for author A5032870005
→ Fetching works for author A5113625559
→ Fetching works for author A5110575652
→ Fetching works for author A5019301005
→ Fetching works for author A5050603691
→ Fetching works for author A5066632072
→ Fetching works for author A5090395619
→ Fetching works for author A5010580875
→ Fetching works for author A5026426691
→ Fetching works for author A5064179616
→ Fetching works for author A5029736763
→ Fetching works for author A5082890386
→ Fetching works for author A5109181513
→ Fetching works for author A5038113079
→ Fetching works for author A5103004619
→ Fetching works for author A5084113894
→ Fetching works for author A5044561340
→ Fetching works for author A5055986838
→ Fetching works for author A5014759982
→ Fetching works for author A5085476501
→ Fetching works for author A5022148774
→ Fetching works for author A5109743512
→ Fetching works for author A5113535372
→ Fetching works for author A5113598373
→ Fetching works for author A5019932297
→ Fetching works for author A5023787741
→ Fetching works for author A5007837022
→ Fetching works for author A5111375318
→ Fetching works for author A5082857915
→ Fetching works for author A5072470570
→ Fetching works for author A5036012325
→ Fetching works for author A5078679696
→ Fetching works for author A5009249852
→ Fetching works for author A5019112394
→ Fetching works for author A5013972640
→ Fetching works for author A5050069659
→ Fetching works for author A5007883302
→ Fetching works for author A5007779528
→ Fetching works for author A5112185090
→ Fetching works for author A5100317652
→ Fetching works for author A5032735309
→ Fetching works for author A5072214709
→ Fetching works for author A5036995154
→ Fetching works for author A5071013542
→ Fetching works for author A5062901246
→ Fetching works for author A5073278616
→ Fetching works for author A5112089685
→ Fetching works for author A5109923227
→ Fetching works for author A5072455889
→ Fetching works for author A5006283253
→ Fetching works for author A5103027753
→ Fetching works for author A5113803913
→ Fetching works for author A5111970396
→ Fetching works for author A5111405472
→ Fetching works for author A5085983731
→ Fetching works for author A5039837049
→ Fetching works for author A5109366874
→ Fetching works for author A5101865890
→ Fetching works for author A5029805261
→ Fetching works for author A5056704644
→ Fetching works for author A5004483696
→ Fetching works for author A5111964184
→ Fetching works for author A5031911793
→ Fetching works for author A5101591340
→ Fetching works for author A5080347599
→ Fetching works for author A5113713412
→ Fetching works for author A5116824338
→ Fetching works for author A5111479397
→ Fetching works for author A5113597103
→ Fetching works for author A5000506368
→ Fetching works for author A5065621786
→ Fetching works for author A5108193097
→ Fetching works for author A5079905298
→ Fetching works for author A5068021409
→ Fetching works for author A5051496550
→ Fetching works for author A5075886051
→ Fetching works for author A5045611883
→ Fetching works for author A5065796336
→ Fetching works for author A5079682496
→ Fetching works for author A5048076528
→ Fetching works for author A5068225719
→ Fetching works for author A5012914413
→ Fetching works for author A5007198433
→ Fetching works for author A5066959981
→ Fetching works for author A5022460170
→ Fetching works for author A5069966943
→ Fetching works for author A5112596138
→ Fetching works for author A5109121859
→ Fetching works for author A5084876732
→ Fetching works for author A5112318153
→ Fetching works for author A5004994618
→ Fetching works for author A5024163786
→ Fetching works for author A5028092802
→ Fetching works for author A5087294413
→ Fetching works for author A5018551512
→ Fetching works for author A5100451667
→ Fetching works for author A5119098359
→ Fetching works for author A5079802389
→ Fetching works for author A5057467365
→ Fetching works for author A5022327399
→ Fetching works for author A5075979073
→ Fetching works for author A5110265958
→ Fetching works for author A5043658281
→ Fetching works for author A5109684350
→ Fetching works for author A5111733198
→ Fetching works for author A5038754555
→ Fetching works for author A5112861082
→ Fetching works for author A5101362163
→ Fetching works for author A5085763290
→ Fetching works for author A5087454198
→ Fetching works for author A5011236651
→ Fetching works for author A5009996418
→ Fetching works for author A5049664584
→ Fetching works for author A5062070492
→ Fetching works for author A5000058959
→ Fetching works for author A5047321659
→ Fetching works for author A5067735064
→ Fetching works for author A5076024832
→ Fetching works for author A5100376759
→ Fetching works for author A5027685919
→ Fetching works for author A5089981814
→ Fetching works for author A5056794714
→ Fetching works for author A5078869065
→ Fetching works for author A5036951995
→ Fetching works for author A5045828051
→ Fetching works for author A5067891615
→ Fetching works for author A5016808498
→ Fetching works for author A5055012140
→ Fetching works for author A5102109729
→ Fetching works for author A5101608323
→ Fetching works for author A5110101723
→ Fetching works for author A5063019096
→ Fetching works for author A5035188071
→ Fetching works for author A5071805357
→ Fetching works for author A5110085328
→ Fetching works for author A5032838535
→ Fetching works for author A5012955086
→ Fetching works for author A5110197333
→ Fetching works for author A5057571524
→ Fetching works for author A5048116481
→ Fetching works for author A5061589054
→ Fetching works for author A5032124671
→ Fetching works for author A5048544465
→ Fetching works for author A5008681007
→ Fetching works for author A5111650659
→ Fetching works for author A5112150920
→ Fetching works for author A5100604982
→ Fetching works for author A5051383994
→ Fetching works for author A5037443570
→ Fetching works for author A5053619303
→ Fetching works for author A5044255034
→ Fetching works for author A5013212578
→ Fetching works for author A5010186349
→ Fetching works for author A5051036717
→ Fetching works for author A5036684173
→ Fetching works for author A5110240169
→ Fetching works for author A5002593314
→ Fetching works for author A5005602079
→ Fetching works for author A5041912334
→ Fetching works for author A5008478119
→ Fetching works for author A5100731270
→ Fetching works for author A5058670846
→ Fetching works for author A5040561460
→ Fetching works for author A5109233964
→ Fetching works for author A5044308230
→ Fetching works for author A5090012100
→ Fetching works for author A5027908607
→ Fetching works for author A5014869983
→ Fetching works for author A5028895418
→ Fetching works for author A5101379788
→ Fetching works for author A5009153415
→ Fetching works for author A5101706081
→ Fetching works for author A5105466261
→ Fetching works for author A5066176640
→ Fetching works for author A5015063669
→ Fetching works for author A5086721718
→ Fetching works for author A5112525497
→ Fetching works for author A5048472156
→ Fetching works for author A5024036774
→ Fetching works for author A5109252622
→ Fetching works for author A5013990534
→ Fetching works for author A5000612457
→ Fetching works for author A5040178272
→ Fetching works for author A5089863276
→ Fetching works for author A5035208892
→ Fetching works for author A5031683228
→ Fetching works for author A5056674230
→ Fetching works for author A5049635014
→ Fetching works for author A5078628563
→ Fetching works for author A5061329145
→ Fetching works for author A5089450812
→ Fetching works for author A5065588818
→ Fetching works for author A5089252410
→ Fetching works for author A5081495209
→ Fetching works for author A5099314768
→ Fetching works for author A5048494252
→ Fetching works for author A5090769961
→ Fetching works for author A5101969350
→ Fetching works for author A5115594109
→ Fetching works for author A5017689170
→ Fetching works for author A5030829598
→ Fetching works for author A5019387043
→ Fetching works for author A5070759061
→ Fetching works for author A5039668685
→ Fetching works for author A5030044825
→ Fetching works for author A5011543539
→ Fetching works for author A5010394685
→ Fetching works for author A5042011371
→ Fetching works for author A5058837136
→ Fetching works for author A5108347528
→ Fetching works for author A5048793969
→ Fetching works for author A5042891970
→ Fetching works for author A5040721530
→ Fetching works for author A5013694549
→ Fetching works for author A5009577898
→ Fetching works for author A5114819598
→ Fetching works for author A5006591034
→ Fetching works for author A5112090004
→ Fetching works for author A5111194857
→ Fetching works for author A5110118244
→ Fetching works for author A5102659554
→ Fetching works for author A5110410414
→ Fetching works for author A5032257865
→ Fetching works for author A5108667918
→ Fetching works for author A5097726463
→ Fetching works for author A5111522726
→ Fetching works for author A5011658274
→ Fetching works for author A5109994632
→ Fetching works for author A5083570443
→ Fetching works for author A5048812479
→ Fetching works for author A5084345530
→ Fetching works for author A5111861742
→ Fetching works for author A5101838284
→ Fetching works for author A5015150415
→ Fetching works for author A5100405955
→ Fetching works for author A5006572626
→ Fetching works for author A5002108035
→ Fetching works for author A5109138509
→ Fetching works for author A5023380605
→ Fetching works for author A5074920933
→ Fetching works for author A5048591270
→ Fetching works for author A5078350764
→ Fetching works for author A5001124933
→ Fetching works for author A5019269808
→ Fetching works for author A5032597780
→ Fetching works for author A5024084600
→ Fetching works for author A5102252778
→ Fetching works for author A5103026409
→ Fetching works for author A5053794217
→ Fetching works for author A5049570974
→ Fetching works for author A5111717699
→ Fetching works for author A5010756522
→ Fetching works for author A5048336585
→ Fetching works for author A5068354829
→ Fetching works for author A5079664706
→ Fetching works for author A5016915460
→ Fetching works for author A5022108294
→ Fetching works for author A5100765475
→ Fetching works for author A5069171194
→ Fetching works for author A5100770218
→ Fetching works for author A5110608677
→ Fetching works for author A5027699789
→ Fetching works for author A5079235490
→ Fetching works for author A5016539288
→ Fetching works for author A5070822233
→ Fetching works for author A5110191925
→ Fetching works for author A5084419227
→ Fetching works for author A5053305281
→ Fetching works for author A5110315594
→ Fetching works for author A5064165519
→ Fetching works for author A5031045790
→ Fetching works for author A5012678408
→ Fetching works for author A5116666788
→ Fetching works for author A5066295673
→ Fetching works for author A5054995890
→ Fetching works for author A5030561954
→ Fetching works for author A5024337937
→ Fetching works for author A5111548419
→ Fetching works for author A5108209757
→ Fetching works for author A5006537703
→ Fetching works for author A5032418986
→ Fetching works for author A5065316467
→ Fetching works for author A5018199873
→ Fetching works for author A5068438813
→ Fetching works for author A5054691993
→ Fetching works for author A5113631614
→ Fetching works for author A5113468410
→ Fetching works for author A5085969046
→ Fetching works for author A5035967768
→ Fetching works for author A5039294769
→ Fetching works for author A5090679438
→ Fetching works for author A5113643147
→ Fetching works for author A5068320260
→ Fetching works for author A5040658026
→ Fetching works for author A5029739175
→ Fetching works for author A5009939164
→ Fetching works for author A5109516910
→ Fetching works for author A5059352478
→ Fetching works for author A5037441964
→ Fetching works for author A5003061540
→ Fetching works for author A5001968450
→ Fetching works for author A5013524275
→ Fetching works for author A5069940096
→ Fetching works for author A5003197574
→ Fetching works for author A5003850109
→ Fetching works for author A5109537821
→ Fetching works for author A5028118440
→ Fetching works for author A5028491391
→ Fetching works for author A5084619380
→ Fetching works for author A5036237652
→ Fetching works for author A5061726221
→ Fetching works for author A5103040866
→ Fetching works for author A5111640339
→ Fetching works for author A5106414736
→ Fetching works for author A5093103821
→ Fetching works for author A5108487850
→ Fetching works for author A5003086832
→ Fetching works for author A5013038451
→ Fetching works for author A5043623525
→ Fetching works for author A5112067075
→ Fetching works for author A5110083704
→ Fetching works for author A5003255104
→ Fetching works for author A5090174042
→ Fetching works for author A5032093404
→ Fetching works for author A5022865068
→ Fetching works for author A5035054989
→ Fetching works for author A5100443879
→ Fetching works for author A5051309985
→ Fetching works for author A5085531355
→ Fetching works for author A5086288779
→ Fetching works for author A5084557792
→ Fetching works for author A5050995488
→ Fetching works for author A5110221229
→ Fetching works for author A5108758821
→ Fetching works for author A5049329237
→ Fetching works for author A5106919604
→ Fetching works for author A5042231087
→ Fetching works for author A5009038938
→ Fetching works for author A5008006437
→ Fetching works for author A5116163073
→ Fetching works for author A5080019310
→ Fetching works for author A5027173787
→ Fetching works for author A5046354030
→ Fetching works for author A5055519031
→ Fetching works for author A5042926381
→ Fetching works for author A5052222671
→ Fetching works for author A5115861810
→ Fetching works for author A5028475219
→ Fetching works for author A5027448302
→ Fetching works for author A5063044283
→ Fetching works for author A5112766560
→ Fetching works for author A5001484580
→ Fetching works for author A5072571038
→ Fetching works for author A5020381513
→ Fetching works for author A5066674795
→ Fetching works for author A5055567152
→ Fetching works for author A5028032363
→ Fetching works for author A5111812587
→ Fetching works for author A5101466548
→ Fetching works for author A5034972236
→ Fetching works for author A5019524206
→ Fetching works for author A5036944955
→ Fetching works for author A5082391932
→ Fetching works for author A5103681055
→ Fetching works for author A5111796835
→ Fetching works for author A5013307599
→ Fetching works for author A5007588773
→ Fetching works for author A5007974773
→ Fetching works for author A5084826030
→ Fetching works for author A5005039503
→ Fetching works for author A5005502581
→ Fetching works for author A5013510074
→ Fetching works for author A5100402317
→ Fetching works for author A5069812957
→ Fetching works for author A5056791304
→ Fetching works for author A5050257302
→ Fetching works for author A5026544655
→ Fetching works for author A5075138230
→ Fetching works for author A5113670980
→ Fetching works for author A5047658432
→ Fetching works for author A5023748228
→ Fetching works for author A5101823351
→ Fetching works for author A5025912032
→ Fetching works for author A5006266842
→ Fetching works for author A5100422249
→ Fetching works for author A5064402606
→ Fetching works for author A5100530002
→ Fetching works for author A5110348858
→ Fetching works for author A5069250487
→ Fetching works for author A5113724088
→ Fetching works for author A5039913671
→ Fetching works for author A5035422083
→ Fetching works for author A5060675167
→ Fetching works for author A5000846005
→ Fetching works for author A5082631852
→ Fetching works for author A5077877010
→ Fetching works for author A5111824465
→ Fetching works for author A5000078358
→ Fetching works for author A5002985641
→ Fetching works for author A5086880843
→ Fetching works for author A5103388354
→ Fetching works for author A5040920930
→ Fetching works for author A5090042741
→ Fetching works for author A5061772876
→ Fetching works for author A5078136198
→ Fetching works for author A5068455271
→ Fetching works for author A5025185750
→ Fetching works for author A5103405032
→ Fetching works for author A5103107534
→ Fetching works for author A5089969365
→ Fetching works for author A5053468333
→ Fetching works for author A5110309968
→ Fetching works for author A5119174045
→ Fetching works for author A5008018378
→ Fetching works for author A5072454424
→ Fetching works for author A5050706068
→ Fetching works for author A5055925517
→ Fetching works for author A5013538486
→ Fetching works for author A5067520245
→ Fetching works for author A5003980305
→ Fetching works for author A5060768178
→ Fetching works for author A5013080942
→ Fetching works for author A5004979515
→ Fetching works for author A5044848706
→ Fetching works for author A5055255067
→ Fetching works for author A5082112340
→ Fetching works for author A5073191242
→ Fetching works for author A5052163253
→ Fetching works for author A5003817127
→ Fetching works for author A5111768245
→ Fetching works for author A5014774312
→ Fetching works for author A5033064522
→ Fetching works for author A5028355754
→ Fetching works for author A5055289594
→ Fetching works for author A5059354699
→ Fetching works for author A5072330647
→ Fetching works for author A5100448951
→ Fetching works for author A5028392055
→ Fetching works for author A5054177372
→ Fetching works for author A5009888632
→ Fetching works for author A5029818293
→ Fetching works for author A5037071307
→ Fetching works for author A5004153741
→ Fetching works for author A5038978033
→ Fetching works for author A5071715754
→ Fetching works for author A5109324166
→ Fetching works for author A5108346040
→ Fetching works for author A5001483607
→ Fetching works for author A5097532546
→ Fetching works for author A5054839899
→ Fetching works for author A5089414896
→ Fetching works for author A5109039569
→ Fetching works for author A5085129811
→ Fetching works for author A5021027921
→ Fetching works for author A5021359402
→ Fetching works for author A5108494576
→ Fetching works for author A5073810197
→ Fetching works for author A5038793805
→ Fetching works for author A5026026514
→ Fetching works for author A5089806443
→ Fetching works for author A5100992319
→ Fetching works for author A5038404707
→ Fetching works for author A5113479418
→ Fetching works for author A5086025703
→ Fetching works for author A5051981481
→ Fetching works for author A5018185682
→ Fetching works for author A5008937932
→ Fetching works for author A5111720856
→ Fetching works for author A5046587026
→ Fetching works for author A5054427605
→ Fetching works for author A5062371888
→ Fetching works for author A5019266000
→ Fetching works for author A5088133373
→ Fetching works for author A5041865320
→ Fetching works for author A5055658847
→ Fetching works for author A5065657192
→ Fetching works for author A5032236724
→ Fetching works for author A5020896202
→ Fetching works for author A5089292563
→ Fetching works for author A5001022290
→ Fetching works for author A5026744281
→ Fetching works for author A5027957608
→ Fetching works for author A5112763739
→ Fetching works for author A5044704274
→ Fetching works for author A5112829091
→ Fetching works for author A5045184141
→ Fetching works for author A5011524710
→ Fetching works for author A5110071400
→ Fetching works for author A5083115947
→ Fetching works for author A5111772701
→ Fetching works for author A5043547144
→ Fetching works for author A5004916033
→ Fetching works for author A5051649719
→ Fetching works for author A5088563469
→ Fetching works for author A5084524445
→ Fetching works for author A5010570520
→ Fetching works for author A5095505412
→ Fetching works for author A5063374954
→ Fetching works for author A5052562368
→ Fetching works for author A5025175160
→ Fetching works for author A5034694076
→ Fetching works for author A5036212685
→ Fetching works for author A5005419531
→ Fetching works for author A5037985715
→ Fetching works for author A5106919305
→ Fetching works for author A5110466510
→ Fetching works for author A5109104029
→ Fetching works for author A5085875361
→ Fetching works for author A5072822745
→ Fetching works for author A5111532379
→ Fetching works for author A5109989481
→ Fetching works for author A5072876748
→ Fetching works for author A5090895067
→ Fetching works for author A5023243341
→ Fetching works for author A5036120799
→ Fetching works for author A5061349039
→ Fetching works for author A5056559916
→ Fetching works for author A5106036522
→ Fetching works for author A5067223060
→ Fetching works for author A5060518369
→ Fetching works for author A5068278242
→ Fetching works for author A5108536786
→ Fetching works for author A5027921001
→ Fetching works for author A5048545376
→ Fetching works for author A5108466128
→ Fetching works for author A5019381158
→ Fetching works for author A5007672237
→ Fetching works for author A5044165501
✓ Done CORNELL — wrote 16727 rows →                               author_id  ... year_end
0      https://openalex.org/A5089573921  ...     1980
1      https://openalex.org/A5111889153  ...     1971
2      https://openalex.org/A5113756248  ...     1962
3      https://openalex.org/A5113756248  ...     1962
4      https://openalex.org/A5087235686  ...     2014
...                                 ...  ...      ...
16722  https://openalex.org/A5044165501  ...     2000
16723  https://openalex.org/A5044165501  ...     2017
16724  https://openalex.org/A5044165501  ...     1996
16725  https://openalex.org/A5044165501  ...     2008
16726  https://openalex.org/A5044165501  ...     2010

[16727 rows x 6 columns]
All scripts completed successfully.
