author_id,name,inst_1_id,inst_1_name,year_start_1,year_end_1,OU_ID,OU_year_start,OU_year_end,current_institutions,past_institutions,orcid,status,message
https://openalex.org/A5005626841,LeGrande M. Slaughter,https://openalex.org/I115475287,Oklahoma State University,2004,2015,https://openalex.org/I115475287,2004,2015,University of North Texas,Long Island University; University of Memphis; Oklahoma State University; Vassar College; Stillwater (Canada); Technical University of Munich; Guru Nanak Dev University; University of Oklahoma; Cornell University; Stanford University,0000-0003-2423-4605,,
https://openalex.org/A5113567722,William A. Grana,https://openalex.org/I115475287,Oklahoma State University,2000,2000,https://openalex.org/I115475287,2000,2000,,Arizona Science Center; OU Health; Oklahoma City University; University of Oklahoma Health Sciences Center; Orthopaedic Research; Washington University in St. Louis; Children's Hospital of Oklahoma; American Academy of Orthopaedic Surgeons; Presbyterian Hospital; University of Arizona; Duke Medical Center; University of Oklahoma; Oklahoma State University; Environmental Education Exchange; San Diego State University; Orthopaedic Center,,,
https://openalex.org/A5022938948,Mamta Kalra,https://openalex.org/I115475287,Oklahoma State University,2007,2017,https://openalex.org/I115475287,2007,2017,,Texas Children's Hospital; Children's Cancer Center; University Medical Center Hamburg-Eppendorf; Northeastern State University; Baylor College of Medicine; Johannes Gutenberg University Mainz; Oklahoma State University; University of Oklahoma; Colorado State University; Laureate Institute for Brain Research; Oklahoma State University Oklahoma City; Oklahoma State University Center for Health Sciences; Post Graduate Institute of Medical Education and Research; Shree Guru Gobind Singh Tricentenary University; Houston Methodist; Universität Hamburg; LifeBridge Health; Methodist Hospital,,,
https://openalex.org/A5050190052,Rashmi Kaul,https://openalex.org/I115475287,Oklahoma State University,2007,2017,https://openalex.org/I115475287,2007,2017,Amity University; International Centre for Genetic Engineering and Biotechnology; Oklahoma State University Center for Health Sciences,"University of Oklahoma Health Sciences Center; University of Oklahoma; Oklahoma State University Oklahoma City; University of Tulsa; University of Minnesota Medical Center; All India Institute of Medical Sciences; University of Allahabad; Universität Hamburg; Northeastern State University; Johannes Gutenberg University Mainz; Maharaja Yeshwantrao Hospital; Dr. Rajendra Prasad Government Medical College; University Medical Center Hamburg-Eppendorf; University of Minnesota, Duluth; The University of Texas Medical Branch at Galveston; Indira Gandhi Medical College; University of Minnesota System; University of Minnesota; Centre for Cellular and Molecular Biology; Orthopaedic Research Foundation; Oklahoma State University; Hemwati Nandan Bahuguna Garhwal University; Hennepin County Medical Center; University of Pittsburgh",0000-0002-1060-759X,,
https://openalex.org/A5018886365,Senait Assefa,https://openalex.org/I115475287,Oklahoma State University,2007,2007,https://openalex.org/I115475287,2007,2007,Oklahoma State University Center for Health Sciences,"Oklahoma State University; University of Pittsburgh; University of Minnesota, Duluth; University of Oklahoma; Oklahoma State University Oklahoma City; Johannes Gutenberg University Mainz; University Medical Center Hamburg-Eppendorf; Universität Hamburg",,,
https://openalex.org/A5110127357,Anil Kaul,https://openalex.org/I115475287,Oklahoma State University,2007,2023,https://openalex.org/I115475287,2007,2023,Oklahoma State University Center for Health Sciences,"Whiston Hospital; University of Minnesota; Institute of Nuclear Medicine & Allied Sciences; INHS Asvini; University of Washington; Oklahoma State University; Northeastern State University; St Helens and Knowsley Teaching Hospitals NHS Trust; Oklahoma State University at Tulsa; Baylor College of Medicine; Universität Hamburg; Hennepin County Medical Center; Beijing Obstetrics and Gynecology Hospital; Musgrove Park Hospital; Auckland University of Technology; Cyclotron (Netherlands); University of Pittsburgh; University of Minnesota, Duluth; Oil and Natural Gas Corporation (India); University of Oklahoma; Orthopaedic Research Foundation; University of Tulsa; Institute for Health Metrics and Evaluation; Seattle University; University of Liverpool; Indian Institute of Technology Jammu; The University of Texas Medical Branch at Galveston; Johannes Gutenberg University Mainz; Oklahoma State University Oklahoma City; Aintree University Hospitals NHS Foundation Trust; University Medical Center Hamburg-Eppendorf; Defence Research and Development Organisation; Lund University; Sher-e-Kashmir University of Agricultural Sciences and Technology of Kashmir",,,
https://openalex.org/A5098001293,Sheila Strawn Managing,https://openalex.org/I115475287,Oklahoma State University,2012,2012,https://openalex.org/I115475287,2012,2012,Cimarron Software (United States); Oklahoma State University; University of Central Oklahoma; Oklahoma City University; University of Oklahoma,,,,
https://openalex.org/A5060297384,Gloria Caddell,https://openalex.org/I115475287,Oklahoma State University,2012,2012,https://openalex.org/I115475287,2012,2012,University of Central Oklahoma; Oklahoma Biological Survey; University of Oklahoma; Oklahoma State University,Cimarron Software (United States); Oklahoma City University; University of Tulsa,,,
https://openalex.org/A5041104771,Kristi Rice,https://openalex.org/I115475287,Oklahoma State University,2012,2012,https://openalex.org/I115475287,2012,2012,Oklahoma City University; Oklahoma State University; Cimarron Software (United States); University of Central Oklahoma; University of Oklahoma,,,,
https://openalex.org/A5098001294,Gypsum Cimarron,https://openalex.org/I115475287,Oklahoma State University,2012,2012,https://openalex.org/I115475287,2012,2012,University of Oklahoma; University of Central Oklahoma; Cimarron Software (United States); Oklahoma City University; Oklahoma State University,,,,
https://openalex.org/A5054773711,Richard Thomas,https://openalex.org/I115475287,Oklahoma State University,2011,2011,https://openalex.org/I115475287,2011,2011,University of Oxford; AlbaNova; Stockholm University; Lahey Medical Center; Women & Children's Hospital of Buffalo,"Imperial College London; National Academies of Sciences, Engineering, and Medicine; The Graduate University for Advanced Studies, SOKENDAI; University of Birmingham; Oklahoma State University Oklahoma City; University of Manchester; Lahey Hospital and Medical Center; National Academy of Sciences; Stockholm Environment Institute; Colorado State University; University of Oklahoma; Loma Linda University; Western Sydney University; Physical Sciences (United States); University of Cincinnati Medical Center; Brookhaven National Laboratory; National Institutes of Natural Sciences; Cardiff University; Rothamsted Research; American Society of Anesthesiologists; University Hospital of North Tees; Society for Neuroscience; University of California, San Diego; Parliament of United Kingdom; National Health Council; A-Team (United States); Institute for Atomic and Molecular Physics; Heriot-Watt University; Southern Methodist University; University of Gothenburg; University of Essex; University of East Anglia; Swansea University; University of Leeds; Natural History Museum; Auburn University; University at Buffalo, State University of New York; Comparative Aircraft Flight Efficiency Foundation; University of Illinois Urbana-Champaign; Radboud University Nijmegen; Jacobs (United States); Jan Kochanowski University; Cardiff Metropolitan University; SRI International; University of Cincinnati; Protagen (Germany); Transnational Press London; University of Bristol; Oak Ridge National Laboratory; Japan Science and Technology Agency; Icahn School of Medicine at Mount Sinai; Harvard University; Science and Technology Corporation (United States); Menlo School; Loma Linda University Medical Center; University of Liverpool; Animal and Plant Health Inspection Service; University of Bath; Institute for Molecular Science; Australian National University; Jacobs Institute",0000-0002-9145-6366,,
https://openalex.org/A5109925682,William C. Orr,https://openalex.org/I115475287,Oklahoma State University,2006,2006,https://openalex.org/I115475287,2006,2006,Southern Methodist University; Washington University in St. Louis,"Office of Rail Regulation; University of Oklahoma Health Sciences Center; Oklahoma State University; Baptist Medical Center Jacksonville; Lynn Health Science Institute; Southern Arizona VA Health Care System; University of Florida; Walter Reed Army Institute of Research; Florida College; Cerner (United States); Presbyterian Hospital; University of Alabama at Birmingham; Deerfield (United States); INTEGRIS Baptist Medical Center; University of Alabama; McMaster University; National Institute of Diabetes and Digestive and Kidney Diseases; Henry Ford Hospital; Centro Clinico Nemo; National and Kapodistrian University of Athens; City University of New York; University of Oklahoma Medical Center; University of Arizona; Icahn School of Medicine at Mount Sinai; Oklahoma Foundation for Digestive Research; Uniformed Services University of the Health Sciences; Johns Hopkins University; Harvard University; University of Manitoba; University of Chicago; University of California, Davis; Mount Sinai Hospital; Eastern Virginia Medical School; McMaster University Medical Centre; Lynn University; University of Southern California; St. Boniface Hospital; University of Oklahoma; The University of Texas Medical Branch at Galveston; Oklahoma City University; Hospital of the University of Pennsylvania; OU Health; AstraZeneca (Sweden); University of Oxford; ProQuest (United States); Oklahoma Heart Hospital; Emory University; United States Department of Veterans Affairs; University of Duisburg-Essen; NewYork–Presbyterian Hospital; University of Milan; North Carolina State University; Takeda (United States); Children's Hospital of Oklahoma; Buddhist Tzu Chi General Hospital; AstraZeneca (United States)",,,
https://openalex.org/A5065123792,Robert J.T. Jennifer,https://openalex.org/I115475287,Oklahoma State University,2006,2006,https://openalex.org/I115475287,2006,2006,Oklahoma State University; University of Oklahoma; Lynn University,,,,
https://openalex.org/A5078055768,Giddens L. Cheryl,https://openalex.org/I115475287,Oklahoma State University,2006,2006,https://openalex.org/I115475287,2006,2006,Lynn University; University of Oklahoma; Oklahoma State University,,,,
https://openalex.org/A5000660389,Houck R. John,https://openalex.org/I115475287,Oklahoma State University,2006,2006,https://openalex.org/I115475287,2006,2006,University of Oklahoma; Oklahoma State University; Lynn University,,,,
https://openalex.org/A5081936330,Jaron J Soulek,https://openalex.org/I115475287,Oklahoma State University,2011,2011,https://openalex.org/I115475287,2011,2011,University of Oklahoma,Oklahoma State University,,,
https://openalex.org/A5018397996,Natarajan Aravindan,https://openalex.org/I115475287,Oklahoma State University,2024,2025,https://openalex.org/I115475287,2024,2025,Oklahoma State University; Molecular Oncology (United States),The University of Texas Health Science Center at San Antonio; Oklahoma State University Oklahoma City; OU Health Stephenson Cancer Center; The University of Texas System; Duke University Hospital; Translational Research in Oncology; Northwell Health; University of Oklahoma; The University of Texas MD Anderson Cancer Center; OU Health; University of Oklahoma Health Sciences Center; Hofstra University; Oklahoma City University; Royal Brompton & Harefield NHS Foundation Trust,0000-0001-9150-3911,,
https://openalex.org/A5108430217,R. P. Hurst,https://openalex.org/I115475287,Oklahoma State University,1989,1994,https://openalex.org/I115475287,1989,1994,Promega (United States),"Applied Sciences (United States); University at Buffalo, State University of New York; University of Oklahoma; University of Birmingham; University of Arizona; University of Wisconsin–Madison; University of Maryland, College Park; Applied Mathematics (United States); The University of Texas at Austin; Oklahoma State University; Mayo Clinic; University of California, Riverside; Cornell University; Gannon University",,,
https://openalex.org/A5108742048,Alan Hawxby,https://openalex.org/I115475287,Oklahoma State University,2018,2018,https://openalex.org/I115475287,2018,2018,,University of Mississippi; Jackson Memorial Hospital; University of Alabama at Birmingham; University of Oklahoma; University of Oklahoma Health Sciences Center; Johns Hopkins Hospital; University of Oklahoma Medical Center; University of Mississippi Medical Center,,,
https://openalex.org/A5015622410,Sunil K. Pancholy,https://openalex.org/I115475287,Oklahoma State University,1971,1972,https://openalex.org/I115475287,1971,1972,Florida Agricultural and Mechanical University,Langston University; Oklahoma State University; Arkansas Agricultural Experiment Station; University of Oklahoma; Washington State Department of Agriculture,,,
https://openalex.org/A5057732285,Robert M. Bird,https://openalex.org/I115475287,Oklahoma State University,1967,1967,https://openalex.org/I115475287,1967,1967,,Krankenhaus vom Roten Kreuz; Roche (United Kingdom); Oklahoma State University; University of Warwick; Boonton Public Schools; University of Colorado Boulder; Centro Internacional de Mejoramiento de Maíz Y Trigo; Canadian Red Cross Society; NewYork–Presbyterian Hospital; Missouri Botanical Garden; Red Cross Hospital; Cornell University; University of Missouri; North Carolina State University; University of Oklahoma,0000-0002-9778-8265,,
https://openalex.org/A5111519469,J. M. Hampton,https://openalex.org/I115475287,Oklahoma State University,1967,1967,https://openalex.org/I115475287,1967,1967,,University of Oklahoma; Oklahoma State University,,,
https://openalex.org/A5039835741,W. E. Brock,https://openalex.org/I115475287,Oklahoma State University,1966,1978,https://openalex.org/I115475287,1966,1978,Oklahoma State University,Oklahoma State University Oklahoma City; University of Oklahoma,,,
https://openalex.org/A5022888235,† Candidate,https://openalex.org/I115475287,Oklahoma State University,1996,1996,https://openalex.org/I115475287,1996,1996,University of Minnesota; London School of Economics and Political Science; Gender Studies; University of Southern California; Wheaton College - Massachusetts,Nankai University; Shanghai Medical College of Fudan University; University of International Business and Economics; Oklahoma State University; University of Oklahoma; University of Rhode Island; Institute of Finance and Trade Economics; Nova Southeastern University,,,
https://openalex.org/A5074458555,Kenneth M. Nicholas,https://openalex.org/I115475287,Oklahoma State University,2002,2002,https://openalex.org/I115475287,2002,2002,University of Oklahoma,Alfred P. Sloan Foundation; Tokyo Institute of Technology; Oklahoma State University; Shanghai Jiao Tong University; The University of Texas at Austin; University of Insubria; Scripps Research Institute; Boston College; Brandeis University; Health Canada; University of Louisiana at Lafayette; Norman Regional Hospital; University of Delaware,0000-0002-5180-1671,,
https://openalex.org/A5044500550,Donald L. Cooper,https://openalex.org/I115475287,Oklahoma State University,1965,1995,https://openalex.org/I115475287,1965,1995,Metropolitan Police Service,American School Health Association; State Farm (United States); Anatolia College; University of Oklahoma; Oklahoma State University,,,
https://openalex.org/A5026596894,Thomas H. Stone,https://openalex.org/I115475287,Oklahoma State University,1990,2023,https://openalex.org/I115475287,1990,2023,Oklahoma State University; Washburn University,Cambridge University Hospitals NHS Foundation Trust; Foundation Center; Oklahoma State University Oklahoma City; State University of New York at Potsdam; State University of New York; University of Iowa; Oklahoma State University at Tulsa; University of Rochester; University of Tulsa; Chicago State University; Rehabilitation Foundation; College of Business Administration; University of Oklahoma,0000-0001-9600-5487,,
https://openalex.org/A5037571803,Paul R. Katz,https://openalex.org/I115475287,Oklahoma State University,1987,1987,https://openalex.org/I115475287,1987,1987,Academia Sinica; Florida State University; McMaster University,"University of Houston - Downtown; Valley Health System; University of Toronto; United States Department of Veterans Affairs; Monroe Community Hospital; University at Buffalo, State University of New York; Boston University; Williams (United States); Institute for Clinical Evaluative Sciences; University of Georgia; Edith Nourse Rogers Memorial Veterans Hospital; Institute of Modern History, Academia Sinica; Auschwitz Birkenau; Montreal General Hospital; Long Island Jewish Medical Center; University of Miami; George Washington University; St. Peter's Hospital; Toronto General Hospital; St. Joseph’s Healthcare Hamilton; University of Pennsylvania; Oklahoma State University; State University of New York; University of Groningen; National Central University; Stephen F. Austin State University; Fetzer Institute; Royal Australian and New Zealand College of Psychiatrists; Stony Brook University; Emory University; Columbia University; Eastman Chemical Company (United States); American Geriatrics Society; Milken Institute; Johns Hopkins University; Baycrest Hospital; Saint Louis University; Rio Salado College; The University of Texas at San Antonio; Florida International University; University of Waterloo; Temple University Hospital; University of Saskatchewan; National University of Luján; Erie County Medical Center; McGill University Health Centre; Eastern Health; University of Michigan; Ithaca College; Mount Sinai Medical Center; St. Michael's Hospital; St Michaels Hospital; British Geriatrics Society; Livingston Public Schools; McGill University; University of Oklahoma; Brown University; Canandaigua VA Medical Center; National Highway Traffic Safety Administration; Boston Medical Center; Research Network (United States); Buffalo VA Medical Center; University of Rochester; University of North Carolina at Chapel Hill; University of Florida; General Department of Preventive Medicine; Trinity University; Western University; HealthPartners; University of Rochester Medical Center",0000-0001-5181-2955,,
https://openalex.org/A5068726883,Lisa C. Whitworth,https://openalex.org/I115475287,Oklahoma State University,1993,2023,https://openalex.org/I115475287,1993,2023,Oklahoma State University,Abbott Fund; University of Oklahoma; Oklahoma State University Medical Center,,,
https://openalex.org/A5024828248,Madeleine W. Cunningham,https://openalex.org/I115475287,Oklahoma State University,1988,1988,https://openalex.org/I115475287,1988,1988,University of Alabama at Birmingham; University of Oklahoma Health Sciences Center,"Abbott (United States); Community Foundation; Cleveland Clinic; Mayo Clinic; The University of Texas System; University of Hawaii System; University of Tennessee at Knoxville; Bipar; Townsville Hospital; The University of Texas Health Science Center at San Antonio; Hôpital Xavier Arnozan; University of Rochester; Tufts University; University of Nebraska Medical Center; OU Health; Fundação Oswaldo Cruz; James Cook University; Washington University in St. Louis; La Jolla Institute for Immunology; University of Oklahoma; Oklahoma City University; University of Missouri; The University of Texas Health Science Center at Houston; University of Vermont; University of California, San Diego; University of Utah; Institute of Molecular Biology and Biophysics; University of Hawaiʻi at Mānoa; Texas Biomedical Research Institute; University of Florida; Case Western Reserve University; Oklahoma State University; Menzies School of Health Research; Abbott Fund",0000-0001-8122-728X,,
https://openalex.org/A5060287641,Haibing Lu,https://openalex.org/I115475287,Oklahoma State University,1988,2003,https://openalex.org/I115475287,1988,2003,Santa Clara University; Research Institute of Petroleum Exploration and Development,"Universidad de Málaga; Newcastle University; Singapore Management University; Ben-Gurion University of the Negev; University of Regensburg; University of South Carolina; Indian Institute of Technology Patna; University of Trento; University of Nottingham; Vanderbilt University; Colorado State University; Commonwealth Scientific and Industrial Research Organisation; University of Pretoria; Kent State University; Fondazione Bruno Kessler; Polytechnique Montréal; University of Luxembourg; University of Toronto; The University of Texas at San Antonio; Norwegian University of Science and Technology; Institut National des Sciences Appliquées de Rennes; University of Oregon; Tennessee Technological University; University of Milan; Clinical Research Organization; University of Oklahoma; University of Piraeus; Oklahoma State University; Kyoto University; Rutgers, The State University of New Jersey; Institut de Recherche en Informatique et Systèmes Aléatoires; University of Pittsburgh; University of Vienna; Indian Institute of Technology Kharagpur; Eindhoven University of Technology; Stony Brook University; Rutgers Sexual and Reproductive Health and Rights; University of Bergamo; University of Connecticut; University of Newcastle Australia; Concordia University",0000-0003-0266-6191,,
https://openalex.org/A5039580435,Delia Beju,https://openalex.org/I115475287,Oklahoma State University,2007,2010,https://openalex.org/I115475287,2007,2010,Oklahoma State University Center for Health Sciences,Oklahoma State University; Saint Francis Hospital; University of Oklahoma Health Sciences Center; Memorial Sloan Kettering Cancer Center; University of Oklahoma; Kettering University,,,
https://openalex.org/A5028159300,Maggie León-Corwin,https://openalex.org/I115475287,Oklahoma State University,2020,2023,https://openalex.org/I115475287,2020,2023,University of Oklahoma,Oklahoma State University Oklahoma City; Oklahoma State University; Texas State University,0000-0003-0128-2516,,
https://openalex.org/A5090272532,Norman G. Hord,https://openalex.org/I115475287,Oklahoma State University,2023,2025,https://openalex.org/I115475287,2023,2025,Oklahoma State University,University of Oklahoma Health Sciences Center; University of Oklahoma; Michigan State University; National Institutes of Health; University of Houston; Purdue University West Lafayette; University of Michigan; Oklahoma State University Oklahoma City; Clemson University; Oregon State University; Creative Commons; Brown Foundation; National Cancer Institute; The University of Texas Health Science Center at Houston; Pennsylvania State University,0000-0002-7505-4180,,
https://openalex.org/A5016939139,Thomas A. Carlson,https://openalex.org/I115475287,Oklahoma State University,2015,2015,https://openalex.org/I115475287,2015,2015,Oregon Health & Science University; The University of Sydney; University of Wisconsin–Madison; Oregon National Primate Research Center; Gundersen Health System,"Altrecht GGZ; Joint Base San Antonio; Australian Research Council; Brooke Army Medical Center; Construction Engineering Research Laboratory; Radboud University Nijmegen; Nordic Institute for Theoretical Physics; Minneapolis Heart Institute Foundation; Williams College; United States Army; University of Münster; Scripps Health; Harvard University; University of California, Santa Barbara; Swedish Defence University; Harvard University Press; University of Minnesota System; Griffith University; University of Washington; Wilford Hall Ambulatory Surgical Center; Johns Hopkins University; Oklahoma State University; Winona State University; Singapore Eye Research Institute; Utrecht University; College of St. Scholastica; United States Department of the Army; Tenneco (United States); Instituto de Óptica ""Daza de Valdés""; U.S. Army Engineer Research and Development Center; Sahlgrenska University Hospital; University of Maryland, College Park; United States Army Corps of Engineers; University of Tennessee at Knoxville; University of Oklahoma; ARC Centre of Excellence in Cognition and its Disorders; University of Minnesota; Oklahoma State University Oklahoma City; Scripps Clinic; Oak Ridge National Laboratory; Macquarie University; University of Illinois Urbana-Champaign",0000-0002-3953-4195,,
https://openalex.org/A5072070085,Tao Zheng,https://openalex.org/I115475287,Oklahoma State University,2005,2005,https://openalex.org/I115475287,2005,2005,Beijing Jiaotong University,Nanjing University; Sichuan Normal University; ORCID; Donghua University; Yalong Hydro (China); First Affiliated Hospital of Hunan University of Traditional Chinese Medicine; Oklahoma State University; China United Network Communications Group (China); Hunan University of Traditional Chinese Medicine; Yanshan University; Fudan University; Institute of Software; University of Oklahoma; Jiangsu Industry Technology Research Institute,0000-0002-1677-6466,,
https://openalex.org/A5066598552,Christopher G. Struchtemeyer,https://openalex.org/I115475287,Oklahoma State University,2011,2015,https://openalex.org/I115475287,2011,2015,,Oklahoma State University; McNeese State University; University of Oklahoma,,,
https://openalex.org/A5040107753,Venkatesh Sarangan,https://openalex.org/I115475287,Oklahoma State University,2005,2010,https://openalex.org/I115475287,2005,2010,Tata Consultancy Services (India),"University of Oklahoma; Indian Institute of Technology Madras; Harvard University; Oklahoma State University; Pennsylvania State University; Oklahoma State University Oklahoma City; University at Buffalo, State University of New York; New York University; Sri Chandrasekharendra Saraswathi Viswa Mahavidyalaya",0000-0002-9119-9435,,
https://openalex.org/A5088879990,Linda E. Watson,https://openalex.org/I115475287,Oklahoma State University,2010,2021,https://openalex.org/I115475287,2010,2021,,"Vanderbilt University; University of Oklahoma; Oklahoma State University; Technische Universität Berlin; Miami University; University of California, Berkeley; Oklahoma Biological Survey",0000-0001-6098-779X,,
https://openalex.org/A5013518391,Rajmohan Muthaiah,https://openalex.org/I115475287,Oklahoma State University,2024,2024,https://openalex.org/I115475287,2024,2024,University of Oklahoma,Norman Regional Hospital,0000-0003-2065-9710,,
https://openalex.org/A5068999590,Giulio Lolli,https://openalex.org/I115475287,Oklahoma State University,2007,2007,https://openalex.org/I115475287,2007,2007,Covestro (Germany),Instituto de Investigaciones Fisicoquímicas Teóricas y Aplicadas; Oklahoma State University; University of Oklahoma; Fritz Haber Institute of the Max Planck Society; Universidad Nacional de La Plata; Klinikum Leverkusen; Bayer (Germany); Lawrence Berkeley National Laboratory; Johnson Space Center; Consejo Nacional de Investigaciones Científicas y Técnicas,,,
https://openalex.org/A5070620169,Sivaram Arepalli,https://openalex.org/I115475287,Oklahoma State University,2007,2007,https://openalex.org/I115475287,2007,2007,,United States Food and Drug Administration; Wyle (United States); Lockheed Martin (Canada); Johnson Space Center; Engineering Research & Analysis (United States); Lockheed Martin (United States); University of Illinois Chicago; Center for Nanoscale Science and Technology; Sungkyunkwan University; University of Oklahoma; Prairie View A&M University; Tetra Tech (United States); Ames Research Center; Guilford Technical Community College; Cornell University; National Institutes of Health; Oklahoma State University; Ionwerks (United States); NTL Institute for Applied Behavioral Science; University of Houston; Suwon Research Institute; Université Sorbonne Paris Nord; Rice University; National Institute of Aerospace,0000-0002-1809-7299,,
https://openalex.org/A5076091179,Suhao Chen,https://openalex.org/I115475287,Oklahoma State University,2019,2023,https://openalex.org/I115475287,2019,2023,South Dakota School of Mines and Technology,Oklahoma State University Medical Center; University of Oklahoma; Western University; Cornell University; University of Tennessee at Knoxville; Mercy Hospital; Oklahoma State University Oklahoma City; Oklahoma State University; Zhejiang University; Oklahoma State University Center for Health Sciences,0000-0002-5092-8259,,
https://openalex.org/A5065152524,Maxim Tchoul,https://openalex.org/I115475287,Oklahoma State University,2005,2008,https://openalex.org/I115475287,2005,2008,OSRAM (United States); Beverly Hospital,Wright-Patterson Air Force Base; United States Air Force Research Laboratory; Oklahoma State University; University of Oklahoma; Johnson Space Center,,,
https://openalex.org/A5072901779,Gustavo Britto Hupsel de Azevedo,https://openalex.org/I115475287,Oklahoma State University,2022,2025,https://openalex.org/I115475287,2022,2025,University of Oklahoma; Radar (United States); Oklahoma State University,Oklahoma State University Oklahoma City,0000-0001-8227-1338,,
https://openalex.org/A5018727887,Todd Doran,https://openalex.org/I115475287,Oklahoma State University,2016,2016,https://openalex.org/I115475287,2016,2016,National Louis University,Oklahoma State University; University of Arizona; Meharry Medical College; University of Utah; Northern Arizona University; University of Tampa; Nashville Oncology Associates; University of Oklahoma; Northwest Hospital; University of Oklahoma Health Sciences Center,,,
https://openalex.org/A5004572252,Noël E. Smith,https://openalex.org/I115475287,Oklahoma State University,2016,2016,https://openalex.org/I115475287,2016,2016,,American College of Physician Executives; Mayo Clinic in Florida; University of Colorado Denver; Physician Assistant Education Association; Capital University; Shenandoah University; University of Virginia; Idaho State University; American Society of Clinical Oncology; Oklahoma State University; George Washington University; Children's Hospital Colorado; American Petroleum Institute; Arab American Pharmacist Association; James Madison University; Memorial Sloan Kettering Cancer Center; Blackstone (United States); National Association of County and City Health Officials; American Geosciences Institute; Geological Institute; University of Oklahoma; George Washington University Hospital; University of the Cumberlands; Fox Chase Cancer Center; American Academy of Arts and Sciences; Pennsylvania Academy of Science,0000-0003-4178-9493,,
https://openalex.org/A5038332459,Fred C. Eilrich,https://openalex.org/I115475287,Oklahoma State University,2016,2016,https://openalex.org/I115475287,2016,2016,Health Resources and Services Administration; Oklahoma State University; University of Oklahoma,Oklahoma State University Oklahoma City,,,
https://openalex.org/A5062365926,John Albert,https://openalex.org/I115475287,Oklahoma State University,2006,2006,https://openalex.org/I115475287,2006,2006,University of Oklahoma,University of Illinois Chicago; University of Chicago; Oklahoma State University; Ames Research Center; Purdue University West Lafayette; Santa Clara University,0000-0002-8937-0002,,
https://openalex.org/A5031598157,Myron E. Hinsdale,https://openalex.org/I115475287,Oklahoma State University,2011,2022,https://openalex.org/I115475287,2011,2022,Oklahoma State University,University of North Carolina at Chapel Hill; Cardiovascular Research Center; University of Alabama; University of Oklahoma; Oklahoma Medical Research Foundation; Oklahoma State University Oklahoma City; University of Alabama at Birmingham; University of Oklahoma Health Sciences Center; Jackson Laboratory,0000-0002-0139-4457,,
https://openalex.org/A5070549966,Jerry L. Bona,https://openalex.org/I115475287,Oklahoma State University,2006,2006,https://openalex.org/I115475287,2006,2006,University of Illinois Chicago,"École Normale Supérieure - PSL; Département de mathématiques et applications; Pennsylvania State University; Oklahoma State University; University of Virginia; Institut de Mathématiques de Bordeaux; Centre National de la Recherche Scientifique; Instituto Nacional de Matemática Pura e Aplicada; The University of Texas at Austin; École Normale Supérieure Paris-Saclay; University of Cambridge; Universidade do Estado do Rio de Janeiro; University of Ljubljana; Argonne National Laboratory; Brookhaven National Laboratory; Université Paris Cité; Center for MathematicaL studies and their Applications; University of Chicago; Virginia Tech; Google (United States); University of Essex; University of Bergen; Universidade Estadual de Campinas (UNICAMP); Université Paris-Saclay; University of Cincinnati; Laboratoire Analyse, Géométrie et Applications; University of Georgia; Université Sorbonne Paris Nord; University of Oklahoma; Purdue University West Lafayette",0000-0001-6283-0219,,
https://openalex.org/A5061722742,M. Chen,https://openalex.org/I115475287,Oklahoma State University,2006,2006,https://openalex.org/I115475287,2006,2006,Lomonosov Moscow State University,University of Oklahoma; University of Illinois Chicago; Purdue University West Lafayette; Oklahoma State University,,,
https://openalex.org/A5051078160,David R. Jacobs,https://openalex.org/I115475287,Oklahoma State University,2006,2011,https://openalex.org/I115475287,2006,2011,Hennepin County Library; Minnesota Department of Health; University of Minnesota; University of Minnesota System,"University at Buffalo, State University of New York; Shiga University of Medical Science; Hoover Institution; Loyola University Chicago; University of Missouri; The University of Texas Health Science Center at Houston; Kurume University Medical Center; Arizona State University; European Institute of Oncology; University of Tsukuba; Physicians Committee for Responsible Medicine; University of Mississippi Medical Center; Oregon Health & Science University; Wageningen University & Research; Centers for Disease Control and Prevention; Case Western Reserve University; Cardiovascular Institute Hospital; Jackson Memorial Hospital; Queen's University Belfast; World Health Organization; University of Bergen; University of Edinburgh; University of Mississippi; Mount Sinai Medical Center; Atrium Health Wake Forest Baptist; Kosin University; Boston Children's Hospital; University of California, Irvine; Academy of Nutrition and Dietetics; Northern California Institute for Research and Education; Tufts Medical Center; Foundation for the National Institutes of Health; Oklahoma State University; University of Milan; VA San Diego Healthcare System; Wake Forest University; Kaiser Permanente Oakland Medical Center; American Heart Association; Universidad de Navarra; University of Rochester Medical Center; Seattle University; University of California, Los Angeles; University of Zagreb; Faculty of Public Health; Centro di Riferimento Oncologico; National University of Singapore; University of Massachusetts Chan Medical School; University of the Witwatersrand; Pennington Biomedical Research Center; United States University; Queen Elizabeth II Medical Centre; The Coordinating Center; Northwell Health; DuPont (United States); Prisma Health; Harvard Pilgrim Health Care; University of Washington Medical Center; Dupont Hospital; Université Sorbonne Paris Nord; Midwestern University; University Clinical Centre; University of Nebraska Medical Center; Hôpital Civil de Charleroi; University of Colorado Denver; Trinity College Dublin; University of Miami; Mount Sinai Hospital; Loyola University Medical Center; Brown Foundation; American College of Surgeons; Community Research and Development Information Service; University of North Carolina Health Care; Harvard University; Cambridge University Press; German Institute of Human Nutrition; Nestlé (Switzerland); University of Alabama at Birmingham; National Cerebral and Cardiovascular Center; Klinik Roderbirke; Federal Reserve Bank of Cleveland; General Mills (United States); University of Washington; City University of New York; Genomics (United Kingdom); Division of Chemistry; Osaka International Cancer Institute; National Center for Healthy Housing; Hennepin County Medical Center; Pohang Iron and Steel (South Korea); Mount Sinai Hospital; Institute for Community Health; Chinese Academy of Medical Sciences & Peking Union Medical College; Royal Perth Hospital; Uppsala University; Virginia Tech; Optica; Kaiser Permanente; Kurume University; University of Geneva; University of Pennsylvania; North Carolina Division of Public Health; Athens Medical Center; University of Gothenburg; University of Massachusetts Amherst; National Institute of Biomedical Imaging and Bioengineering; The University of Western Australia; Harbor–UCLA Medical Center; Bridge University; Columbia University Irving Medical Center; Minneapolis Institute of Arts; Icahn School of Medicine at Mount Sinai; Mount Auburn Hospital; Stellenbosch University; The University of Texas Southwestern Medical Center; University of California, San Diego; Johns Hopkins Hospital; CHA University; University of Maryland, Baltimore County; Allina Health; Fu Wai Hospital; Weatherford College; Norwegian School of Sport Sciences; Morehouse School of Medicine; St Bartholomew's Hospital; New York University Press; Maryland Medical Research Institute; Vanderbilt University; Abbott Northwestern Hospital; Exponent (United States); Ehime University; Jacobs (Spain); Cape Town HVTN Immunology Laboratory / Hutchinson Centre Research Institute of South Africa; Loma Linda University; National Institutes of Health Clinical Center; Cancer Research Center; Albert Einstein College of Medicine; Ghent University; New York University; Miles College; Philadelphia VA Medical Center; Carney Hospital; Presbyterian Hospital; The Lundquist Institute; Virginia Commonwealth University Medical Center; University of Wollongong; University of Wisconsin–Madison; National Institutes of Health; Global Brain Health Institute; Brigham and Women's Hospital; National Institute on Aging; University of Oklahoma; Fred Hutch Cancer Center; University of Pittsburgh; University of Colorado Anschutz Medical Campus; University of Cape Town; MetroHealth Medical Center; University of Louisville; VA Ann Arbor Healthcare System; National Heart Lung and Blood Institute; University of Illinois Urbana-Champaign; Johns Hopkins Medicine; Daiichi Sankyo (United States); Stanford University; Carolinas Medical Center; University of Reading; Electronic Privacy Information Center; University of Illinois Chicago; Osaka Prefectural Institute of Public Health; Nagoya University; Urbana University; Henry Ford Health System; University of Vermont; University of North Carolina at Chapel Hill; Jacobs (United States); UCLA Medical Center; University of Rochester; Oslo University Hospital; Emory University; University of Minnesota, Duluth; iMinds; University of North Carolina at Charlotte; University of Oslo; Indiana University Bloomington; University of Southampton; Twin Cities Orthopedics; University of Tennessee Health Science Center; Hennepin County; Buck Institute for Research on Aging; University of Chicago; Appleton Public Library; UPMC McKeesport; Rutherford + Chekene; Northwestern University; University of Houston; Medisch Centrum Haaglanden; RELX Group (United States); University of California, San Francisco; University of Minnesota Medical Center; Benenden Hospital; Center for Clinical Research (United States); Gyeongsang National University; Colorado School of Public Health; Southwestern Medical Center; Erasmus MC; Sir Charles Gairdner Hospital; Newcastle University; San Francisco VA Medical Center; Kyungpook National University; Hospital of the University of Pennsylvania; University of Alabama; National Institute for Public Health and the Environment; University of North Carolina at Asheville; Universitat Autònoma de Barcelona; Applied Technologies (United States); The Ohio State University; University of Eastern Finland; University of South Carolina; Schwab Rehabilitation Hospital; Johns Hopkins University; Mario Negri Institute for Pharmacological Research; University of Maryland, College Park; University of Oregon; Mayo Clinic; Columbia University; University of Iowa; House of Representatives; Tufts University; IFOM; M.C. Townsend Associates (United States); Leiden University Medical Center; University of Pennsylvania Health System; University of Saskatchewan; University of Michigan; University of Utah; Pediatrics and Genetics; RELX Group (Netherlands)",0000-0002-7232-0543,,
https://openalex.org/A5025919991,Joel T. Cramer,https://openalex.org/I115475287,Oklahoma State University,2010,2017,https://openalex.org/I115475287,2010,2017,University of Central Florida,"Des Moines University; St. Anthony Hospital; University of Nebraska–Lincoln; Creighton University; The University of Texas at El Paso; University of Mississippi; Florida Atlantic University; The University of Texas at Arlington; Tokyo Metropolitan University; University of Oklahoma; Johannes Gutenberg University Mainz; University of Kansas; Texas Wesleyan University; United States Sports Academy; Oklahoma State University; University of Wisconsin–La Crosse; University of Memphis; Weatherford College; California State University, Fullerton; Minnesota Orthopedic Sports Medicine Institute; Atlantic University; The University of Tokyo; FedEx (United States); Willamette University; Oklahoma State University Oklahoma City; Cramer Fish Sciences (United States); Norman Regional Hospital; George Mason University; Unfallkrankenhaus Berlin; University of Oklahoma Health Sciences Center; Des Moines University Osteopathic Medical Center; California State University, San Bernardino; University of Wisconsin–Milwaukee; Nutrition Sciences (Belgium); Lenox Hill Hospital; Mustad (Norway); American College of Surgeons; University of Calgary; Springfield College; University of Kentucky",0000-0002-5270-9359,,
https://openalex.org/A5043442295,Faizan Haider Khan,https://openalex.org/I115475287,Oklahoma State University,2019,2019,https://openalex.org/I115475287,2019,2019,,University of Oklahoma; OU Health; University of Lucknow; North Memorial Health Care; Indian Institute of Toxicology Research; King George's Medical University; Ollscoil na Gaillimhe – University of Galway; Oklahoma State University; University of Oklahoma Health Sciences Center; Biosensia (Ireland),0000-0003-3684-0135,,
https://openalex.org/A5100456232,Yan Zhang,https://openalex.org/I115475287,Oklahoma State University,2020,2020,https://openalex.org/I115475287,2020,2020,University of Oklahoma; Radar (United States); Beihang University,Nanjing Forestry University; Beijing University of Posts and Telecommunications; Chinese Academy of Meteorological Sciences; University of Nebraska–Lincoln; Research Institute of Petroleum Exploration and Development; Shanghai Institute of Technical Physics; Xi'an University of Science and Technology; Chalmers University of Technology; Zhengzhou University; Oklahoma State University; Qingdao Agricultural University; National University of Defense Technology; China Electronics Technology Group Corporation; National Space Science Center; China National Petroleum Corporation (China); National University of Sciences and Technology; China Meteorological Administration; China Aerospace Science and Technology Corporation; Tianjin Chengjian University; Datang Telecom Group (China); Applied Radar (United States); University of Defence; Chongqing Vocational Institute of Engineering; Beijing Institute of Radio Metrology and Measurement; University of Vermont; Xiaomi (China); Cooperative Institute for Mesoscale Meteorological Studies; Southeast University; Lanzhou Jiaotong University; National University of Singapore,0000-0002-3533-3484,,
https://openalex.org/A5081482526,Brian J. Carter,https://openalex.org/I115475287,Oklahoma State University,1986,2017,https://openalex.org/I115475287,1986,2017,Northwestern University,"The University of Texas MD Anderson Cancer Center; Association of African American Museums; University of California, Santa Barbara; University of Oklahoma; Oklahoma Biological Survey; Oklahoma State University; University at Buffalo, State University of New York; University of Houston; Oklahoma State University Oklahoma City",0000-0001-5284-1686,,
https://openalex.org/A5041386465,Dale R. Fuqua,https://openalex.org/I115475287,Oklahoma State University,1988,2012,https://openalex.org/I115475287,1988,2012,,University of Oklahoma; Oklahoma State University; Oklahoma State University Oklahoma City; Western Michigan University; Grand Forks Air Force Base; University of North Dakota,,,
https://openalex.org/A5009877057,Maryanne M. Mowen,https://openalex.org/I115475287,Oklahoma State University,1986,1991,https://openalex.org/I115475287,1986,1991,,Oklahoma State University; University of Oklahoma,,,
https://openalex.org/A5101665062,Kaushal Shah,https://openalex.org/I115475287,Oklahoma State University,2022,2024,https://openalex.org/I115475287,2022,2024,Atrium Health Wake Forest Baptist; Wake Forest University; Shri Vile Parle Kelavani Mandal,St. Luke's-Roosevelt Hospital Center; University of Oklahoma; Harvard University; American College of Emergency Physicians; New York University; MemorialCare Health System; Oklahoma State University; Parul University; Oklahoma State University Medical Center; University of Manitoba; Bellevue Hospital Center; Lady Hardinge Medical College; Mayo Clinic; Dinajpur Medical College; All Saints University Lango; All Saints Hospital; Sri Devaraj Urs Medical College; NYU Langone Health; Larkin Community Hospital; New York Hospital Queens; Mahatma Gandhi Institute of Medical Sciences; Johns Hopkins University; WinnMed; Oklahoma Department of Mental Health and Substance Abuse Services; Northwestern University; Metropolitan Hospital; Winnipeg Regional Health Authority; Adesh University; Mayo Clinic in Arizona; Medical University of the Americas; Mayo Clinic in Florida; Cornell University; Institute of Medical Sciences; Elmhurst Hospital Center; Weill Cornell Medicine; Mount Sinai Hospital; Boston University; Mercer University; Columbia University; MVJ Medical College and Research Hospital; Memorial Hospital; Griffin Hospital; Icahn School of Medicine at Mount Sinai,0000-0002-6444-5151,,
https://openalex.org/A5021828910,Kenneth D. Clinkenbeard,https://openalex.org/I115475287,Oklahoma State University,1987,2018,https://openalex.org/I115475287,1987,2018,Oklahoma State University,University of Rhode Island; Department of Physiological Sciences; University of Colorado Health; Conway School of Landscape Design; Louisiana State University; Moore College of Art and Design; University of Oklahoma; University of Nebraska–Lincoln; Texas A&M University; National Institute of Allergy and Infectious Diseases; Baylor College of Medicine; Oklahoma State University Oklahoma City; Johns Hopkins Medicine; Johns Hopkins University; United States Army Medical Command,,,
https://openalex.org/A5066225809,Ruth Ann Scroggs,https://openalex.org/I115475287,Oklahoma State University,1966,1966,https://openalex.org/I115475287,1966,1966,St. Jude Children's Research Hospital,University of Tennessee at Knoxville; University of Oklahoma; Oklahoma State University; Anderson Hospital,,,
https://openalex.org/A5112143013,Wayne F. March,https://openalex.org/I115475287,Oklahoma State University,1995,1995,https://openalex.org/I115475287,1995,1995,Kaiser Permanente,University of Iowa; University of Oklahoma; Galveston College; Maastricht University; University of Oklahoma Health Sciences Center; SUNY Downstate Health Sciences University; Oklahoma State University; The University of Texas Medical Branch at Galveston; Kaiser Permanente Santa Clara Medical Center; Dean McGee Eye Institute; Western University; State University of New York; Oklahoma State University Oklahoma City; Mitchell Institute; Northwestern University,,,
https://openalex.org/A5062640152,Jary S. Mayes,https://openalex.org/I115475287,Oklahoma State University,1965,1965,https://openalex.org/I115475287,1965,1965,INTEGRIS Baptist Medical Center,"University of Oklahoma; University of California, Davis; Oklahoma State University Medical Center; University of Oklahoma Health Sciences Center; City Of Hope National Medical Center; Oklahoma State University; Pomona Valley Hospital Medical Center; University Medical Center Hamburg-Eppendorf; Women & Children's Hospital of Buffalo; University at Buffalo, State University of New York; Children's Medical Center; Universität Hamburg; Johannes Gutenberg University Mainz; Michigan State University; Tulane University; Oklahoma State University Oklahoma City; Oklahoma State University Center for Health Sciences; Harbor–UCLA Medical Center; University of Oklahoma Medical Center",,,
https://openalex.org/A5089383730,Michele Seikel,https://openalex.org/I115475287,Oklahoma State University,2009,2020,https://openalex.org/I115475287,2009,2020,Oklahoma State University; University of Oklahoma; Oklahoma Department of Libraries,Cameron University,,,
https://openalex.org/A5069626651,Howard Baer,https://openalex.org/I115475287,Oklahoma State University,1989,1989,https://openalex.org/I115475287,1989,1989,University of Oklahoma,"European Organization for Nuclear Research; University of Wisconsin–Madison; University of Minnesota; Florida State University; Florida Department of State; Supercon (United States); Deutsches Elektronen-Synchrotron DESY; Eisenhower Medical Center; University of Hawaii System; Brookhaven National Laboratory; University of California, Davis; University of Hawaiʻi at Mānoa; The University of Tokyo; High Energy Accelerator Research Organization; Oklahoma State University; New Leaders; Argonne National Laboratory; University of California, Santa Barbara; University of Freiburg",0000-0002-0733-2644,,
https://openalex.org/A5001545435,John F. Klem,https://openalex.org/I115475287,Oklahoma State University,1992,1995,https://openalex.org/I115475287,1992,1995,Sandia National Laboratories,"Photonics (United States); Georgia Institute of Technology; United States Air Force Research Laboratory; Sandia National Laboratories California; New Mexico State University; University of Illinois System; Microsystems (United Kingdom); National Technical Information Service; Princeton University; University of Oklahoma; Buffalo State University; Applied Technology Associates (United States); Oklahoma State University; University of Southern California; University of Illinois Urbana-Champaign; Compound Semiconductor Technologies (United Kingdom); Intel (United States); Arizona State University; IBM Research - Thomas J. Watson Research Center; University of North Carolina at Charlotte; Oak Ridge National Laboratory; University of Illinois at Springfield; Radiology Associates of Albuquerque; University at Buffalo, State University of New York; Urbana University; Office of Scientific and Technical Information",0000-0002-0598-5780,,
https://openalex.org/A5059297745,Xerxes Tata,https://openalex.org/I115475287,Oklahoma State University,1989,1989,https://openalex.org/I115475287,1989,1989,University of Hawaii System,University of Wisconsin System; University of Wisconsin–Madison; University of Oregon; High Energy Accelerator Research Organization; Supercon (United States); Indian Institute of Science Bangalore; Honolulu University; European Organization for Nuclear Research; Florida State University; Indian Association for the Cultivation of Science; The University of Texas at Austin; University of Hawaiʻi at Mānoa; Brookhaven National Laboratory; Oklahoma State University; University of Oklahoma,,,
https://openalex.org/A5072940172,David E. Hogan,https://openalex.org/I115475287,Oklahoma State University,2003,2003,https://openalex.org/I115475287,2003,2003,University College Cork,Dallas County; University of Arizona; University of Oklahoma Medical Center; University of Oklahoma; University of Oklahoma Health Sciences Center; Beaumont Hospital; Texas A&M University; Oklahoma State University; Norman Regional Health System; INTEGRIS Southwest Medical Center; Cherokee Nation; Oklahoma State University Oklahoma City; Carl R. Darnall Army Medical Center,,,
https://openalex.org/A5111340185,Pronoy Chopra,https://openalex.org/I115475287,Oklahoma State University,2025,2025,https://openalex.org/I115475287,2025,2025,University of Oklahoma,,,,
https://openalex.org/A5073242273,Harshvardhan Harshvardhan,https://openalex.org/I115475287,Oklahoma State University,2025,2025,https://openalex.org/I115475287,2025,2025,Oklahoma State University,University of Oklahoma,,,
https://openalex.org/A5030825869,Harshvardhan Singh,https://openalex.org/I115475287,Oklahoma State University,2025,2025,https://openalex.org/I115475287,2025,2025,Oklahoma State University; Oklahoma State University Oklahoma City,"Hospital Kuala Lumpur; Hindu Rao Hospital; Kookmin University; University of Oklahoma; National Wheelchair Basketball Association; University of Delaware; University of Alabama at Birmingham; Sarojini Naidu Medical College; University of Alabama; University of Nevada, Las Vegas; Dongguk University; Government Medical College; University of Maryland, Baltimore; Jamia Millia Islamia",0000-0002-8688-9167,,
https://openalex.org/A5103205883,Samuel I. Miller,https://openalex.org/I115475287,Oklahoma State University,2025,2025,https://openalex.org/I115475287,2025,2025,Oklahoma State University Oklahoma City; Oklahoma State University,University of Oklahoma; University of Washington,0000-0002-6165-2892,,
https://openalex.org/A5070014514,Jonathan W. Moore,https://openalex.org/I115475287,Oklahoma State University,2025,2025,https://openalex.org/I115475287,2025,2025,Simon Fraser University; Oklahoma State University,"History of Science Society; Université Bourgogne Franche-Comté; University of Maine; Baxter (United States); Animal and Plant Health Inspection Service; Carleton College; University of South Carolina Upstate; University of California, Berkeley; Idaho State University; NOAA National Marine Fisheries Service; University of Oklahoma; Texas State University; University of Washington; Oklahoma Biological Survey; Burnaby Hospital; Oregon State University; NOAA National Marine Fisheries Service Southwest Fisheries Science Center; University of California, Santa Cruz; University of Wisconsin–Madison; NOAA National Marine Fisheries Service Northwest Fisheries Science Center; University of California System; Nationwide Children's Hospital; Fisheries and Oceans Canada; State Street (United States); Southern Illinois University Carbondale",0000-0002-3164-6678,,
https://openalex.org/A5034968157,Bryan Hammer,https://openalex.org/I115475287,Oklahoma State University,2014,2019,https://openalex.org/I115475287,2014,2019,,Oklahoma State University; University of Arizona; University of Oklahoma; Louisiana Tech University; University of Montana; Oklahoma State University Oklahoma City; Brigham Young University; City University of Hong Kong,0000-0002-1513-2570,,
https://openalex.org/A5020275069,Rollin H. Thayer,https://openalex.org/I115475287,Oklahoma State University,1960,1983,https://openalex.org/I115475287,1960,1983,,University of Oklahoma; North Carolina State University; Arkansas Agricultural Experiment Station; Oklahoma State University; The University of Texas Health Science Center at San Antonio; Oklahoma Medical Research Foundation,,,
https://openalex.org/A5006495727,Bryan P. Glass,https://openalex.org/I115475287,Oklahoma State University,1955,1975,https://openalex.org/I115475287,1955,1975,,Texas College; Missouri University of Science and Technology; Oklahoma State University; Baylor University; University of Oklahoma,,,
https://openalex.org/A5079875850,Aparna Das,https://openalex.org/I115475287,Oklahoma State University,2021,2021,https://openalex.org/I115475287,2021,2021,Emory University; DSMS Group of Institutions; AdventHealth Orlando,University of Oklahoma; Govind Ballabh Pant Hospital; American Psychological Association; University of Central Oklahoma; University of Arkansas for Medical Sciences; George Washington University; St. Anthony’s Hospital; Michigan State University; All India Institute of Medical Sciences Jodhpur; Veterans Health Administration; The University of Texas Medical Branch at Galveston; Jahangirnagar University; University Hospitals of Cleveland; Geriatric Research Education and Clinical Center; Spectrum Health; Central Arkansas Veterans Healthcare System; Singapore General Hospital; Dhaka Medical College and Hospital; Oklahoma Biological Survey; Maulana Azad Medical College; Sree Gokulam Medical College and Research Foundation; King's College Hospital; Oklahoma State University; Cleveland Clinic; National Neuroscience Institute; American Psychiatric Association; University of Gour Banga; Sylhet International University; Centre National de la Recherche Scientifique,0000-0002-9173-1858,,
https://openalex.org/A5012986583,Feng Qiu,https://openalex.org/I115475287,Oklahoma State University,1996,2008,https://openalex.org/I115475287,1996,2008,"Chengdu University of Traditional Chinese Medicine; Sinopec (China); Chengdu Fifth People's Hospital; Shanxi Agricultural University; SINOPEC Research Institute of Safety Engineering Co., Ltd.; University of Illinois Urbana-Champaign; Dalian Medical University; Hunan Institute of Microbiology; Beijing Luhe Hospital Affiliated to Capital Medical University; Tianjin University of Traditional Chinese Medicine; Lanzhou University","Shanghai Institute of Organic Chemistry; State Council of the People's Republic of China; Shenyang First People's Hospital; The Graduate Center, CUNY; Fudan University; College of Staten Island; Kochi University of Technology; European Molecular Biology Laboratory; CAE (Canada); Cardiovascular Research Foundation; Second Military Medical University; Shanghai Industrial Technology Institute; Oklahoma State University; Sheng Jing Hospital; Sinotech Genomics (China); University of Illinois Chicago; Chinese PLA General Hospital; Liaoning Shihua University; National Natural Science Foundation of China; First Affiliated Hospital of Dalian Medical University; South Central Minzu University; Shanghai Center For Bioinformation Technology; China University of Mining and Technology; Shenyang The Fourth Hospital of People; City University of New York; European Molecular Biology Organization; Guangzhou University of Chinese Medicine; Institute of Plant Protection; IHI Corporation (United States); University of Chinese Academy of Sciences; First Affiliated Hospital of Henan University of Science and Technology; Peking University; First Hospital of Jilin University; University of Oklahoma; Liaocheng University; Nanjing Tech University; Unitec Institute of Technology; Guangzhou University; Cell Technology (China); Beijing Geriatric Hospital; Chinese Academy of Sciences; Columbia University Irving Medical Center; University of Missouri; Liaoning University; Capital Normal University; University of Auckland; Air Force Medical University; Kunming Institute of Botany; Oklahoma Medical Research Foundation; Henan Academy of Agricultural Sciences; Liaoning Cancer Hospital & Institute; The Synergetic Innovation Center for Advanced Materials; Polish Academy of Sciences; Peking University First Hospital; BGI Group (China); Yantai University; Shenyang Pharmaceutical University; Xijing Hospital; City College of New York; Shanxi Medical University; Noble Research Institute; Texas Health Dallas; Zhejiang Shuren University; PLA Navy General Hospital; Wichita State University; Shaanxi Research Association for Women and Family; Chinese Academy of Medical Sciences & Peking Union Medical College; China Medical University; Temple University; Institute of Physical Chemistry; Wenzhou Medical University; Chongqing Medical University; Jilin University; European Molecular Biology Laboratory",0000-0001-5505-8670,,
https://openalex.org/A5021037434,D. Thomas Dickey,https://openalex.org/I115475287,Oklahoma State University,1995,1998,https://openalex.org/I115475287,1995,1998,,Oklahoma State University; Oklahoma Medical Research Foundation; University of Oklahoma; Oregon Health & Science University; Dean McGee Eye Institute; Oklahoma City University; Oklahoma State University Oklahoma City; Veterinary Medical Teaching Hospital; University of Oklahoma Health Sciences Center,,,
https://openalex.org/A5092156142,David Vivanco,https://openalex.org/I115475287,Oklahoma State University,2024,2024,https://openalex.org/I115475287,2024,2024,Southern Plains Transportation Center; Oklahoma State University; Williams (United States); University of Oklahoma; Oklahoma Department of Transportation; Corporation d’Aménagement et de Protection de la Sainte-Anne; Virginia Department of Transportation,,,,
https://openalex.org/A5103499164,John I. Gelder,https://openalex.org/I115475287,Oklahoma State University,2001,2015,https://openalex.org/I115475287,2001,2015,University of Oklahoma; University of Oregon; Oklahoma State University,,,,
https://openalex.org/A5111806361,David M. Leslie,https://openalex.org/I115475287,Oklahoma State University,1988,2025,https://openalex.org/I115475287,1988,2025,,Cardiff and Vale University Health Board; Oregon Department of Fish and Wildlife; Leeds Beckett University; GNS Science; Oklahoma State University Oklahoma City; Tunbridge Wells Hospital; American Institute of Biological Sciences; The Wildlife Society; University of Strathclyde; St Bartholomew's Hospital; Manaaki Whenua – Landcare Research; Oregon State University; University of Oklahoma; The Alan Turing Institute; Stillwater (Canada); Pacific Island Ecosystems Research Center; Harvard University; Weyerhaeuser (United States); University of Maine; South Dakota State University; Queen Mary University of London; Lancaster University; Oklahoma State University; Oklahoma Biological Survey; United States Geological Survey; Glasgow Caledonian University; Eastern Oregon University; Society For Range Management; Queens University of Charlotte; United States Fish and Wildlife Service; Lancaster University Ghana,,,
https://openalex.org/A5060972453,Karl R. Hansen,https://openalex.org/I115475287,Oklahoma State University,1991,1991,https://openalex.org/I115475287,1991,1991,Norwegian University of Life Sciences; University of Oklahoma Health Sciences Center; University of Oklahoma,Naval Medical Research Command; Cleveland Clinic Lerner College of Medicine; Oklahoma Medical Research Foundation; University of Washington; Pennsylvania State University; Wayne State University; American Society for Reproductive Medicine; University of Washington Medical Center; OU Health; University of Lübeck; Oklahoma State University; University Hospital Carl Gustav Carus; Heidelberg University; University of Alabama at Birmingham; University of South Carolina; Yale University; University of Michigan; Walter Reed National Military Medical Center; Colorado School of Public Health; University of Alabama; Health Sciences Centre; Northwestern University; Augusta University; University of Colorado Denver; St. Vincent's Birmingham; University of Calgary; University of Illinois Chicago; Seattle Reproductive Medicine; Technische Universität Dresden; Syracuse University; Western University; Heidelberg University; Oklahoma City University; University of Southern Denmark; The University of Texas Health Science Center at San Antonio; Institute of Reproductive Medicine; RELX Group (Netherlands); Parks Victoria; Prisma Health,0000-0002-2122-8843,,
https://openalex.org/A5089229025,Patricia A. Self,https://openalex.org/I115475287,Oklahoma State University,2005,2007,https://openalex.org/I115475287,2005,2007,,West Virginia University; Oklahoma State University; University of Kansas; University of Oklahoma; Oklahoma State University Oklahoma City; University of Charleston,,,
https://openalex.org/A5055295290,Xinghua Shi,https://openalex.org/I115475287,Oklahoma State University,2012,2012,https://openalex.org/I115475287,2012,2012,Chinese Academy of Sciences; Lishui Academy of Forestry; Chinese Academy of Medical Sciences & Peking Union Medical College; Center for NanoScience; Shanghai Electric (China); University of Illinois Chicago; Kunming University of Science and Technology; National Center for Nanoscience and Technology; University of Chinese Academy of Sciences,Institute of Physics; Shanxi Jincheng Anthracite Mining Group (China); Oklahoma State University Oklahoma City; Institute of Chemistry; Lawrence Berkeley National Laboratory; Yancheng Institute of Technology; Providence College; Oklahoma State University; Institute of Earth Environment; University of Illinois Urbana-Champaign; Howard Hughes Medical Institute; State Key Laboratory of Nonlinear Mechanics; University of Oregon; Henan Polytechnic University; State Grid Corporation of China (China); Oil and Gas Center; Institute of Mechanics; Nanjing University; John Brown University; Soochow University; Beijing Advanced Sciences and Innovation Center; Second Affiliated Hospital of Soochow University; Centre de Nanosciences et de Nanotechnologies; Beihang University; Beijing University of Chinese Medicine; Mechanics' Institute; Temple University; East China University of Technology; Center for Excellence in Education; Shanghai Institute of Ceramics; Stanford University; Fudan University; University of Oklahoma; Brown University; University of Leicester; Peking University; Xi'an Jiaotong University; University of North Carolina at Charlotte; University of Kent,0000-0001-5012-3453,,
https://openalex.org/A5017178424,Kuizhi Chen,https://openalex.org/I115475287,Oklahoma State University,2014,2019,https://openalex.org/I115475287,2014,2019,Chinese Academy of Sciences; Collaborative Innovation Center of Chemistry for Energy Materials; Fujian Normal University; Dalian Institute of Chemical Physics; Dalian National Laboratory for Clean Energy,Fuzhou University; National High Magnetic Field Laboratory; Université Bourgogne Franche-Comté; Florida State University; University of Oklahoma; Oklahoma State University,0000-0002-9853-7070,,
https://openalex.org/A5045669367,Pradeep Wagle,https://openalex.org/I115475287,Oklahoma State University,2011,2016,https://openalex.org/I115475287,2011,2016,Agricultural Research Service; Northern Great Plains Research Laboratory; Brigham Young University; Southern Plains Agricultural Research Center,United States Department of Agriculture; Grazinglands Research Laboratory; University of Oklahoma; Oklahoma State University Oklahoma City; Tribhuvan University; Oklahoma State University; Agriculture and Forestry University,0000-0001-7444-0461,,
https://openalex.org/A5085778147,Chance Matthiesen,https://openalex.org/I115475287,Oklahoma State University,2003,2003,https://openalex.org/I115475287,2003,2003,Freeman Health System,University of Oklahoma Health Sciences Center; Oklahoma State University Oklahoma City; Oklahoma City University; University of Illinois Urbana-Champaign; OU Health Stephenson Cancer Center; The Maria Sklodowska-Curie National Research Institute of Oncology; University of Oklahoma; Oklahoma State University; OU Health; Radiation Oncology Associates,,,
https://openalex.org/A5088849050,Michael A. Long,https://openalex.org/I115475287,Oklahoma State University,2011,2024,https://openalex.org/I115475287,2011,2024,,Colorado State University; Oklahoma State University; Environmental Protection Agency; Southern Illinois University Carbondale; Oklahoma State University Oklahoma City; University of Saskatchewan; George Mason University; Fera Science (United Kingdom); Northumbria University; University of Oklahoma; United BioSource Corporation (United Kingdom); Northrop Grumman (United States),0000-0002-6101-126X,,
https://openalex.org/A5100388704,Lu Zhang,https://openalex.org/I115475287,Oklahoma State University,2014,2025,https://openalex.org/I115475287,2014,2025,Heilongjiang University; Oklahoma State University; Dalian Medical University; Northwest Normal University; Zhejiang A & F University; College of Tourism; Shanghai Jiao Tong University; First Affiliated Hospital of Dalian Medical University,"Beijing Forestry University; Duke University; First Affiliated Hospital of Jinan University; Zhengzhou University; Guizhou University; Jiangxi Agricultural University; Beijing Solar Energy Research Institute; Max Planck Institute for Chemical Ecology; Zhejiang University; Anhui Medical University; Shanghai Ninth People's Hospital; Tianjin University of Science and Technology; Poultry Research Institute; State Key Laboratory of Oncogene and Related Genes; University of California, Davis; Chongqing University; XinHua Hospital; Lanzhou University; CSIRO Land and Water; Sun Yat-sen University; Nanjing Agricultural University; Xiamen University; First Hospital of Lanzhou University; Materials Science & Engineering; Institute of Plant Protection; Huazhong University of Science and Technology; Huawei Technologies (China); South China Agricultural University; Chinese Research Academy of Environmental Sciences; Hunan Agricultural University; East China Normal University; Beijing Normal University; University of Oklahoma; Xinjiang University; University of Rhode Island; Henan Institute of Science and Technology; Fudan University; Second Hospital of Shandong University; Yantaishan Hospital; First Affiliated Hospital of Anhui Medical University; Institute for Advanced Study; Jiangsu Province Hospital; Chengdu University of Traditional Chinese Medicine; Central China Normal University; Southern Medical University; Jiangxi Normal University; Shihezi University; Second Military Medical University; Washington State University; Kunming University of Science and Technology; Xinjiang Technical Institute of Physics & Chemistry; Xi'an Jiaotong University; Beijing University of Technology; Northwest A&F University; Chinese University of Hong Kong, Shenzhen; Syngenta (United States); Kearney Agricultural Research and Extension Center; Chinese Academy of Agricultural Sciences; Hainan Normal University",0000-0003-2499-2457,,
https://openalex.org/A5060672345,B. P. Glass,https://openalex.org/I115475287,Oklahoma State University,1958,1958,https://openalex.org/I115475287,1958,1958,,University of Oklahoma; Oklahoma State University; Northeastern Oklahoma A&M College,,,
https://openalex.org/A5089503710,Brandi S. Coyner,https://openalex.org/I115475287,Oklahoma State University,2008,2014,https://openalex.org/I115475287,2008,2014,University of Oklahoma,Oklahoma State University; Noble Research Institute; Conference Board,,,
https://openalex.org/A5041987464,Dirk P. Dittmer,https://openalex.org/I115475287,Oklahoma State University,2013,2013,https://openalex.org/I115475287,2013,2013,University of North Carolina Health Care; University of North Carolina at Chapel Hill,"Charles University; Bipar; University of Oklahoma; University of Arkansas for Medical Sciences; Dignitas International; Children's Cancer Center; Johns Hopkins University Center for AIDS Research; Massachusetts General Hospital; Oklahoma State University Medical Center; Center for Neuroscience and Regenerative Medicine; Howard Hughes Medical Institute; Universidad Católica de Santa Fe; University of Miyazaki; Cancer Research Center; Christian-Albrechts-Universität zu Kiel; University of California, San Francisco; University of Malawi; Syracuse University; Baylor College of Medicine; Fred Hutch Cancer Center; Scripps Research Institute; Memorial Sloan Kettering Cancer Center; Henry M. Jackson Foundation; University of Liverpool; Johns Hopkins University; Segeberger Kliniken; Institut thématique Génétique, génomique et bioinformatique; Cornell University; Lighthouse Trust; UNC Lineberger Comprehensive Cancer Center; Oklahoma State University; Stanford University; Kamuzu Central Hospital; University of Miami; National Institutes of Health; Indiana University School of Medicine; In-Q-Tel; Christian Health Association of Malawi; National Cancer Institute; Princeton University; University of Pittsburgh; Weatherford College; GTx (United States); Malawi-Liverpool-Wellcome Trust Clinical Research Programme; Communities In Schools of Orange County; Harvard University; Ministry of Health; University of Oklahoma Health Sciences Center",0000-0003-4968-5656,,
https://openalex.org/A5058156254,Connie E. Stout,https://openalex.org/I115475287,Oklahoma State University,2001,2001,https://openalex.org/I115475287,2001,2001,,University of Oklahoma; Oklahoma State University,,,
https://openalex.org/A5090216756,Hsueh‐Kung Lin,https://openalex.org/I115475287,Oklahoma State University,2018,2018,https://openalex.org/I115475287,2018,2018,,"Oklahoma City VA Medical Center; United States Department of Veterans Affairs; University of Pennsylvania; Children's Hospital of Oklahoma; University of California, Irvine; Oklahoma State University; Syracuse University; Texas A&M University; Smith College; Baylor College of Medicine; Bostwick Laboratories; Cornell University; OU Health; Nankai University; University of Memphis; University of Oklahoma Health Sciences Center; John Wiley & Sons (United States); University of Oklahoma; Louisiana State University Health Sciences Center New Orleans",0000-0002-6380-6525,,
https://openalex.org/A5076510977,Leonid Pugachev,https://openalex.org/I115475287,Oklahoma State University,2019,2019,https://openalex.org/I115475287,2019,2019,University of Missouri–St. Louis,Oklahoma State University; University of Oklahoma; Cicely Saunders International; Rochester Institute of Technology,0000-0003-4939-8753,,
https://openalex.org/A5100697162,Chunlin Chen,https://openalex.org/I115475287,Oklahoma State University,1994,1996,https://openalex.org/I115475287,1994,1996,Shanghai Genon Biological Products (China); Hunan Institute of Science and Technology; Southern Medical University; Hepatitis B Foundation; Far Eastern Memorial Hospital; Nanfang Hospital; Key Laboratory of Guangdong Province; Guangzhou Experimental Station; Taipei Medical University; Guangdong Provincial People's Hospital; Jinan University,Bayer (United States); Kaohsiung Armed Forces General Hospital; National Taipei University of Technology; Millennium Engineering and Integration (United States); Institute of Nuclear Energy Research; China Pharmaceutical University; Shenzhen University Health Science Center; Takeda (United States); Taipei Hospital; Shangqiu First People's Hospital; National Taiwan University; Dalian Medical University; People's Hospital of Shiyan; Taichung Veterans General Hospital; Army Medical University; Second Affiliated Hospital of Dalian Medical University; Université de Montréal; Takeda (Japan); Affiliated Hospital of Guizhou Medical University; Dongguan University of Technology; The Affiliated Yongchuan Hospital of Chongqing Medical University; Yunnan Machinery Research and Design Institute; Parker Hughes Cancer Center; First Affiliated Hospital of Jinan University; Guangzhou University of Chinese Medicine; Oklahoma State University; Chongqing Medical University; Guangzhou First People's Hospital; Guangzhou Eighth People's Hospital; Guangzhou Medical University; Shanxi Medical University; Innovation Team (China); Shanxi Provincial Cancer Hospital; Bristol-Myers Squibb (United States); University of Oklahoma,0000-0002-1708-3047,,
https://openalex.org/A5081189234,Christopher T. Copeland,https://openalex.org/I115475287,Oklahoma State University,2016,2016,https://openalex.org/I115475287,2016,2016,University of Oklahoma Health Sciences Center,Oklahoma State University Oklahoma City; University of Oklahoma; OU Health; Oklahoma State University,0000-0002-8203-4436,,
https://openalex.org/A5109710826,Roman F. Wolf,https://openalex.org/I115475287,Oklahoma State University,2017,2017,https://openalex.org/I115475287,2017,2017,Oklahoma City VA Medical Center; Oklahoma City VA Health Care System,Columbia University; University of Illinois Urbana-Champaign; Veterans Health Administration; Bipar; Virginia–Maryland College of Veterinary Medicine; University of Oklahoma; Hudson Institute; University of Oklahoma Health Sciences Center; Rheumazentrum Ruhrgebiet; OU Health; University of Georgia; Technische Universität Berlin; New York Academy of Sciences; TechLab (United States); University of Central Oklahoma; Virginia Tech; John Wiley & Sons (United States); Oklahoma State University,,,
https://openalex.org/A5010176990,Michael R. Abraham,https://openalex.org/I115475287,Oklahoma State University,2015,2015,https://openalex.org/I115475287,2015,2015,Technische Universität Berlin,University of Oregon; North Carolina State University; John Wiley & Sons (United States); Florida State University; University of Montana; University of Calgary; Oklahoma State University; University of Oklahoma; University of Iowa,,,
https://openalex.org/A5021434190,Thomas J. Greenbowe,https://openalex.org/I115475287,Oklahoma State University,2015,2015,https://openalex.org/I115475287,2015,2015,University of Oregon,University of Oklahoma; Oklahoma State University; Iowa State University; Nova Southeastern University; University of Northern Iowa,0000-0002-8195-8186,,
https://openalex.org/A5051641580,Grant M. Graves,https://openalex.org/I115475287,Oklahoma State University,2014,2014,https://openalex.org/I115475287,2014,2014,,University of Louisville; Oklahoma State University Oklahoma City; Entertainment Industries Council; University of Oklahoma,0000-0002-4010-3253,,
https://openalex.org/A5103062648,Michael G. Bemben,https://openalex.org/I115475287,Oklahoma State University,2010,2021,https://openalex.org/I115475287,2010,2021,University of Oklahoma,"Wake Forest University; Lindenwood University; Texas Wesleyan University; Hospital Posadas; Dystrophic Epidermolysis Bullosa Research Association of America; University of Oklahoma Health Sciences Center; Oklahoma State University; University of Vermont; American Heart Association; American College of Surgeons; East Texas A&M University; DePauw University; University of Utah; Truman State University; University of Kansas; Nambu University; Mercy NeuroScience Institute; Guizhou University; Missouri State University; Kookmin University; Zhangzhou Normal University; University of Tampa; Molecular Cardiology and Neuromuscular Institute; St. Anthony Hospital; Dongguk University; University of Illinois Urbana-Champaign; Gatorade Sports Science Institute; The University of Tokyo; Instituto Federal de Educação, Ciência e Tecnologia de Minas Gerais; Chonnam National University; Nagasaki International University; Oklahoma City University; A.T. Still University; Tokyo Metropolitan University; The University of Texas Rio Grande Valley; University of Mississippi",0000-0002-6542-3528,,
https://openalex.org/A5058003426,I. M. Jawahar,https://openalex.org/I115475287,Oklahoma State University,2011,2017,https://openalex.org/I115475287,2011,2017,University of New Mexico,University of Oklahoma; Southwestern Oklahoma State University; Chicago State University; Illinois State University; University of Tulsa; State Farm (United States); Oklahoma State University,0000-0002-9650-0098,,
https://openalex.org/A5100437036,Kai Wang,https://openalex.org/I115475287,Oklahoma State University,2003,2003,https://openalex.org/I115475287,2003,2003,"Albany State University; Renji Hospital; Westlake University; Shanxi Medical University; University of Chinese Academy of Sciences; Huazhong University of Science and Technology; State Key Laboratory of Information Engineering in Surveying Mapping and Remote Sensing; Fourth Affiliated Hospital of Harbin Medical University; Ocean University of China; University of Iceland; Xi’an Jiaotong-Liverpool University; Shaanxi Provincial Hospital of Traditional Chinese Medicine; Tianjin Medical University; Jining Medical University; West China Medical Center of Sichuan University; Nanjing Medical University; Chinese Institute for Brain Research; Integrated Chinese Medicine (China); Liaocheng University; Chambroad Chemical Industry Research Institute (China); Central South University; Wuhan Ship Development & Design Institute; Inner Mongolia Normal University; Bengbu Medical College; GlaxoSmithKline (United States); Shanghai Huali Microelectronics (China); Ningxia Medical University; Qingdao University; ZTE (China); National University of Singapore; Sun Yat-sen University; Jilin Agricultural University; Soochow University; Shanxi University; Nanjing Agricultural University; Ruihua Affiliated Hospital of Soochow University; Tri-Service General Hospital; Affiliated Hospital of Qingdao University; Shanghai University of Traditional Chinese Medicine; Nanjing University; Nantong University; Guangzhou First People's Hospital; Dongyang People's Hospital; Chinese People's Liberation Army; University of International Business and Economics; Wuhan University; China Resources (China); Qilu Hospital of Shandong University; Huaian First People’s Hospital; Chinese Academy of Sciences; First Affiliated Hospital of Anhui Medical University; Hubei University; Zunyi Medical University; Xiaochang People's Hospital; Chinese Academy of Medical Sciences & Peking Union Medical College; Beijing University of Chemical Technology; Dongguan University of Technology; University of Electronic Science and Technology of China; Beihang University; Second Affiliated Hospital of Nanjing Medical University; Shanghai University of Medicine and Health Sciences; Anhui Mental Health Center; Dalian Institute of Chemical Physics; Tianjin First Center Hospital; Sir Run Run Shaw Hospital; University of Liverpool; Xian Yang Central Hospital; South College; Henan University; Institute of Grassland Research; First Affiliated Hospital of Xi'an Jiaotong University; Xuzhou Medical College; Qingdao Agricultural University; First Affiliated Hospital of Bengbu Medical College; University of Science and Technology Beijing; Shandong First Medical University; Ministry of Agriculture and Rural Affairs; Jining University; Beijing University of Technology; Shanghai Changzheng Hospital; Southeast University; University of Iowa; China University of Petroleum, East China; Harbin Medical University; Second Affiliated Hospital of Zhejiang University; Nanjing Traditional Chinese Medicine Hospital; Tongren University; Xi'an Honghui Hospital; North China Electric Power University; Beijing Institute of Petrochemical Technology; Hubei Normal University; Affiliated Eye Hospital of Wenzhou Medical College; Lanzhou University; West China Hospital of Sichuan University; Peking University First Hospital; Chaohu Hospital of Anhui Medical University; Affiliated Hospital of Nantong University; Capital Medical University; Northeast Electric Power University; Qingdao National Laboratory for Marine Science and Technology; State Key Laboratory of Powder Metallurgy; Nanyang Technological University; Zhejiang Provincial People's Hospital; Aviation General Hospital; Shenzhen Bao'an District People's Hospital; Northwestern Polytechnical University; Fuzhou University; Nanjing Tech University; State Key Laboratory of Hydrology-Water Resources and Hydraulic Engineering; Quanzhou Normal University; Jiangsu Province Hospital; Providence College; Tianjin Chest Hospital; Henan Provincial People's Hospital; Southern Medical University; Yangzhou University; University at Albany, State University of New York; Taiyuan University of Technology; Anhui Medical University; Huawei Technologies (China); First Institute of Oceanography; University of Chicago; Shandong University of Traditional Chinese Medicine; Hangzhou First People's Hospital; Zhejiang Police College; Zhengzhou Central Hospital; Chengdu University of Traditional Chinese Medicine; Zhengzhou Institute of Machinery; Shandong Provincial Hospital; Central Hospital of Zibo; Xi'an Technological University; Shandong University; Southern University of Science and Technology; Nanjing University of Science and Technology; Chinese Academy of Tropical Agricultural Sciences; Beijing Children’s Hospital; University of Twente; Wenzhou Medical University; Chuzhou University; Shanghai Jiao Tong University; Center for Excellence in Brain Science and Intelligence Technology; Shenyang Agricultural University; Xuzhou Construction Machinery Group (China); Anhui Agricultural University; Sichuan Agricultural University; People’s Hospital of Rizhao; Beijing Luhe Hospital Affiliated to Capital Medical University; University of Pennsylvania; Henan Agricultural University; China-Japan Friendship Hospital; National Center of Biomedical Analysis; China University of Mining and Technology; Jiading District Central Hospital; Second Affiliated Hospital of Nanchang University; Chinese Academy of Agricultural Sciences; Ningbo No. 2 Hospital; Shaanxi University of Chinese Medicine; Jiangnan University; Changzhi Medical College; National Synchrotron Radiation Laboratory; Zhuhai People's Hospital; Center for Life Sciences; Zhongyuan University of Technology; Institute of Geochemistry; Nanchang University; Peking University; Peking University People's Hospital; Xinjiang University; Northeastern University; Guangzhou Medical University; Shanghai Institute of Materia Medica; Tropical Crops Genetic Resources Institute; Donghua University; South China University of Technology; Catalytic Materials (United States); Nanjing University of Aeronautics and Astronautics; Tianjin University; Guangdong Medical College; Virtual High School; Nanyang Institute of Technology; University of Science and Technology of China; Shanghai First Maternity and Infant Hospital; Northwest University; Liuzhou General Hospital; Children's Hospital of Philadelphia; Changzhou No.2 People's Hospital; China University of Geosciences; Wuhan National Laboratory for Optoelectronics; National Defense Medical Center; Beijing Obstetrics and Gynecology Hospital; People's Hospital of Xinjiang Uygur Autonomous Region; California University of Pennsylvania; Zhejiang Cancer Hospital; Shanghai Chest Hospital; Sichuan University; Hangzhou Medical College; Jilin University; People's Liberation Army 401 Hospital; Zhengzhou University; The First People's Hospital of Xiaoshan District, Hangzhou; Nanfang Hospital; Nanjing Hydraulic Research Institute; Lanzhou University Second Hospital; Ningbo University; Hefei University of Technology; Changchun Institute of Optics, Fine Mechanics and Physics; Zhejiang University; Henan Provincial Eye Hospital; Shenzhen University Health Science Center; First Affiliated Hospital of Xinxiang Medical University","Guilin University of Technology; Central University of Finance and Economics; Peking Union Medical College Hospital; China National Petroleum Corporation (China); Kunming Medical University; Ministry of Industry and Information Technology; Albany Medical Center Hospital; China Railway Group (China); Research to Prevent Blindness; Beijing Tongren Hospital; Beijing Technology and Business University; Grandomics (China); Yichang Central People's Hospital; High Magnetic Field Laboratory; Sanming Agricultural Science Research Institute; Shaanxi University of Technology; Inoue Hospital; Seagate (United States); Linzi District People's Hospital; Northwest A&F University; Cardiovascular Research Center; Xi'an Shiyou University; China National Offshore Oil Corporation (China); Nankai University; Hitachi (United Kingdom); Chinese Medical Association; University of Tsukuba; Wuhan University of Science and Technology; Shanxi Dayi Hospital; Nanchang Institute of Technology; X-Fab (Germany); IIT@MIT; Affiliated Hospital of Guizhou Medical University; University of Geneva; Henan Polytechnic University; North Carolina State University; Neurology, Inc; China Tobacco; ALK-Abelló (Germany); Twin Cities Orthopedics; First Affiliated Hospital of Soochow University; Integrated Oncology (United States); University of Nottingham; Ningxia Center for Diseases Prevention and Control; Temple University; Queen's University Belfast; Office of Naval Research; Unimed Medical Institute; Hong Kong University of Science and Technology; Qinghai Provincial Peoples Hospital; Toronto Centre for Phenogenomics; University of Hong Kong; Southwest Petroleum University; Jilin Medical University; Emory University; Institute for Systems Biology; Beijing Institute of Genomics; Oregon State University; Pharmaceutical Biotechnology (Czechia); Inner Mongolia University of Technology; Foshan University; Hunan University; West Virginia University; Weihai Municipal Hospital; PLA 306 Hospital; Northeast Forestry University; Institut National des Sciences Appliquées de Lyon; Shanghai Institute of Technical Physics; China Electric Equipment Group (China); Peking University Third Hospital; Columbia University Irving Medical Center; China Energy Engineering Corporation (China); Georgia Institute of Technology; Aalborg University; East China Jiaotong University; Imperial College London; Baylor College of Medicine; Xi'an University of Architecture and Technology; Intel (United Kingdom); Pfizer (United States); Xuchang University; Cheongju University; Changchun Institute of Technology; First Hospital of Lanzhou University; Institute for Infocomm Research; Children's Hospital of Los Angeles; University of South China; State Key Laboratory of Surface Physics; Shenyang Ligong University; Hefei First People's Hospital; Nanjing General Hospital of Nanjing Military Command; University of Wisconsin–Madison; China Huadian Corporation (China); University of Saskatchewan; Shandong Academy of Sciences; Henan Normal University; Southwest University of Science and Technology; Jiangxi Pingxiang People's Hospital; ARC Centre of Excellence for Plant Success in Nature and Agriculture; Wan Fang Hospital; South Central Minzu University; Institute of Catalysis and Petrochemistry; Karamay Central Hospital of Xinjiang; Janssen (United States); State Key Laboratory of Coal Resources and Safe Mining; Chongqing University of Science and Technology; Harbin University; Oak Ridge National Laboratory; Ningbo Institute of Industrial Technology; China Academy of Urban Planning and Design; Tencent (China); University at Buffalo, State University of New York; Qi2; WinnMed; Shanghai Institute of Hematology; Kean University; China Electronics Technology Group Corporation; Université de Bordeaux; Cleveland Clinic; First Affiliated Hospital Zhejiang University; Technical University of Denmark; Tsinghua University; State Key Laboratory of Nuclear Physics and Technology; State Grid Corporation of China (China); PLA Army Service Academy; Carnegie Mellon University; China Three Gorges University; EsSALUD; Binzhou University; Hangzhou Academy of Agricultural Sciences; University of Bath; Northwest Normal University; Qufu Normal University; University of Victoria; Shanxi Agricultural University; Wuhan Textile University; State Key Laboratory of Networking and Switching Technology; Beike Biotechnology (China); Dalian Maritime University; Fujian Normal University; Capital University of Economics and Business; China National Chemical Engineering (China); Taiyuan Institute of Technology; Shanghai Institutes for Biological Sciences; King Abdullah University of Science and Technology; Xinqiao Hospital; Shenzhen Academy of Robotics; Hangzhou Red Cross Hospital; C-Com Satellite Systems (Canada); Liaocheng People's Hospital; Institute of Advanced Manufacturing Technology; Harbin Institute of Technology; Hokkaido University; Louisiana State University; Shenyang University of Chemical Technology; Shenzhen Children's Hospital; University of Southampton; Affiliated Hospital of Jining Medical University; Shenzhen Academy of Metrology and Quality Inspection; Harbin Engineering University; Indian Institute of Technology Delhi; Japan Fisheries Research and Education Agency; State Key Laboratory of Clean Energy Utilization; Shandong Normal University; Northwestern Polytechnic University; Shanghai University; Qilu University of Technology; Beijing Tian Tan Hospital; Institut Bouisson Bertrand; East China University of Science and Technology; First Affiliated Hospital of GuangXi Medical University; Cancer Hospital of Shantou University Medical College; Institute of Crop Science; Shanghai Institute of Applied Physics; State Key Laboratory of Polymer Physics and Chemistry; Tianjin Medical University Eye Hospital; Centre National de la Recherche Scientifique; Bentham Science Publishers (China); Beihua University; 117th Hospital of People's Liberation Army; Fujian Institute of Research on the Structure of Matter; Institut Interdisciplinaire de Neuroscience; Universitat Autònoma de Barcelona; New Hope Liuhe (China); Institute of Psychology, Chinese Academy of Sciences; E Ink (South Korea); China Southern Power Grid (China); Shenyang Fifth People Hospital; Korea Advanced Institute of Science and Technology; Jiangxi Provincial People's Hospital; Miami University; Second Hospital of Hebei Medical University; American Thoracic Society; Oklahoma State University; First Hospital of Jilin University; University of Toronto; Key Laboratory of Nuclear Radiation and Nuclear Energy Technology; Southern Company (United States); Zhongkai University of Agriculture and Engineering; Beijing General Research Institute of Mining and Metallurgy; Shanghai Sunshine Rehabilitation Center; Wuhan Institute of Physics and Mathematics; Suzhou University of Science and Technology; Jilin Province Science and Technology Department; National Laboratory for Superconductivity; Hunan Agricultural University; Pennsylvania State University; Yiwu Science and Technology Research Institute; Beijing Academy of Quantum Information Sciences; Institute of Arctic and Alpine Research; First Affiliated Hospital of Zhengzhou University; University Town of Shenzhen; Versus Arthritis; First Hospital of Qinhuangdao; Chongqing University of Technology; Southwest University; Shanghai International Studies University; Central China Normal University; Research Institute of Highway; University of Manchester; Taiyuan University of Science and Technology; China National Heavy Duty Truck Group (China); Guangxi Medical University; Zhejiang University of Technology; University of Yamanashi; The Seventh Affiliated Hospital of Sun Yat-sen University; Xiaomi (China); State Council of the People's Republic of China; Macquarie University; Chinese People's Armed Police Force; Hangzhou Normal University; Baotou Teachers College; Heze University; Collaborative Innovation Center of Advanced Microstructures; Anhui University of Traditional Chinese Medicine; CCCC Highway Consultants (China); Shaoxing People's Hospital; Linyi People's Hospital; Vanderbilt University; Research Institute of Petroleum Exploration and Development; Central Hospital of Putuo District; Universitair Ziekenhuis Leuven; SUNY Upstate Medical University; Inner Mongolia Electric Power (China); Tiangong University; State Key Laboratory for Modification of Chemical Fibers and Polymer Materials; Geological Exploration Technology Institute of Jiangsu Province; Hong Kong Baptist University; Shenyang Aerospace University; Florida College; University of Florida; Wenzhou University; Third Affiliated Hospital of Sun Yat-sen University; Jiangsu University; State Key Laboratory of New Ceramics and Fine Processing; Hainan Medical University; Xi'an University of Science and Technology; First People's Hospital of Yunnan Province; University of California, Davis; Changzhou University; Institute of Solid State Physics; Golder Associates (Canada); Army Medical University; South China Normal University; Jiaozuo University; Cardiff University; Jining Traditional Chinese Medicine Hospital; Pudong Medical Center; Maastricht University; Key Laboratory of Guangdong Province; Zhejiang Lab; University of Illinois Chicago; China University of Petroleum, Beijing; State Key Laboratory of Plant Genomics; Apache (Canada); North Seattle College; East China Normal University; Cancer Hospital of Chinese Academy of Medical Sciences; Taiyuan Maternity and Child Care Hospital; Wayne State University; First People's Hospital of Jingzhou; PLA Information Engineering University; Wenzhou Central Hospital; Institute of Computing Technology; Maastricht University Medical Centre; Polytechnique Montréal; The Synergetic Innovation Center for Advanced Materials; The University of Texas Southwestern Medical Center; The Military General Hospital of Beijing PLA; Xinjiang Astronomical Observatory; Guangzhou University; Sun Yat-sen University Cancer Center; Affiliated Hospital of Zunyi Medical College; Shandong Academy of Chinese Medicine; MS Technology (United States); BOE Technology Group (China); Bridge University; Aarhus University; National Science Centre; University of Arizona; Institute of Geodesy and Geophysics; Tianjin Hospital; University of Luxembourg; Tianjin haihe hospital; Oil and Gas Center; Institute of New Materials; Fujian University of Traditional Chinese Medicine; Fourth Hospital of Hebei Medical University; Anhui Academy of Medical Sciences; Space Engineering University; Xi'an Jiaotong University; Omsk State Technical University; Xidian University; Tianjin University of Traditional Chinese Medicine; Mayo Clinic; China Medical University; Kunming University of Science and Technology; Cathay General Hospital; Hebei University; Yanan University Affiliated Hospital; Second Affiliated Hospital of Xuzhou Medical College; Union Hospital; University of Georgia; Lanzhou Nonferrous Metals Design and Research Institute (China); Heilongjiang University of Science and Technology; Henan Energy & Chemical Industry Group (China); Second Hospital of Tianjin Medical University; National Medical Products Administration; Instituto Nacional de Enfermedades Neoplásicas; Yanshan University; Lilly (China); Japanese Foundation For Cancer Research; Hebei University of Technology; Hunan University of Technology; National Institute of Measurement and Testing Technology; BGI Group (China); TEDA International Cardiovascular Hospital; Guizhou Normal University; Universidade Federal de Mato Grosso do Sul; Third Hospital of Hebei Medical University; UCLA Health; National Natural Science Foundation of China; Shanghai Tenth People's Hospital; Thomas Jefferson University; Sichuan University of Science and Engineering; Guangdong Polytechnic Normal University; Hangzhou Dianzi University; Alibaba Group (United States); Hunan Provincial People's Hospital; Chinese Academy of Engineering; Anhui Institute of Information Technology; Institute of Geographic Sciences and Natural Resources Research; Shantou University Medical College; Henan University of Science and Technology; Alberta Hospital Edmonton; Second People’s Hospital of Huai’an; John Wiley & Sons (United States); China State Construction Engineering (China); China XD Group (China); Shandong Jianzhu University; University of California System; Genomics (United Kingdom); Foundation Medicine (United States); Queen's University; Second Xiangya Hospital of Central South University; UNSW Sydney; Hubei University of Technology; University of Idaho; Shenyang University of Technology; Cornell University; Bioengineering Center; Mitchell Institute; The Affiliated Yongchuan Hospital of Chongqing Medical University; Janelia Research Campus; J. Craig Venter Institute; Seattle University; Northwest Institute of Nuclear Technology; Bristol-Myers Squibb (United States); First Affiliated Hospital of Guangzhou Medical University; Beijing Institute of Aeronautical Materials; Stanford University; Qingdao University of Science and Technology; Institute of Coal Chemistry; Northeast Normal University; Mayo Clinic in Arizona; Jiangsu Provincial Water Survey & Design Institute (China); Changzhou Institute of Technology; Eunice Kennedy Shriver National Institute of Child Health and Human Development; Guizhou University; Kootenay Association for Science & Technology; Liaoning Shihua University; KU Leuven; Lanzhou Institute of Chemical Physics; Second Military Medical University; First Affiliated Hospital of Guangzhou University of Chinese Medicine; Universidad del Noreste; The First People's Hospital of Changde; Lincoln Medical Center; First Affiliated Hospital of Wannan Medical College; Chung Shan Medical University; China Academy of Safety Sciences and Technology; Universidade Católica de Brasília; The University of Texas MD Anderson Cancer Center; Third Xiangya Hospital; Hunan Normal University; PLA Rocket Force University of Engineering; Fu Jen Catholic University; Queens College, CUNY; Kavli Institute for Theoretical Sciences; Tokyo City University; Wuhan Puai Hospital; Wuxi People's Hospital; Michigan United; Institute of Zoology; Luoyang Institute of Science and Technology; Guangdong Polytechnic of Science and Technology; State Key Laboratory of Supramolecular Structure and Materials; Foundation for Biomedical Research; Wuhan Polytechnic University; Beijing Institute of Big Data Research; Zhejiang Normal University; Zhoukou Normal University; Guilin University of Electronic Technology; University of Michigan; Creative Commons; Institute of Electrical Engineering; North China University of Water Resources and Electric Power; Xijing Hospital; Guangdong Hydropower Planning & Design Institute; Shandong University of Science and Technology; Xiamen University; Dongfeng Motor (China); Shenyang Pharmaceutical University; The University of Queensland; Fuzhou General Hospital of Nanjing Military Command; Affiliated Hospital of Hangzhou Normal University; Ministry of Natural Resources; InSysBio (Russia); Massachusetts Institute of Technology; Tongji University; Renmin Hospital of Wuhan University; Dalian National Laboratory for Clean Energy; Institute of Apiculture Research; Rutgers, The State University of New Jersey; Howard Hughes Medical Institute; Harvard University Press; Zhongda Hospital Southeast University; Medical Research Council; V. Bakul Institute for Superhard Materials; ShanghaiTech University; Wuhan Union Hospital; First Hospital of China Medical University; Michigan State University; Beijing Founder Electronics (China); Solar Energy Research Institute of Sun Yat-sen University; First Affiliated Hospital of Henan University of Science and Technology; Kwansei Gakuin University; University of Waterloo; Center for Children; Xi'an Medical University; State Key Laboratory of Brain and Cognitive Science; National Institute of Metrology; New Jersey Institute of Technology; Peking University Cancer Hospital; John Brown University; Rowan Williams Davies & Irwin (Canada); Qingdao Center of Resource Chemistry and New Materials; University of Washington Bothell; Dalian Medical University; Institute of Urban Environment; The First Hospital of Kunming; Boston Children's Hospital; Fudan University; Yonsei University; PLA Army Engineering University; Michigan Medicine; Center for Excellence in Molecular Cell Science; University of Akron; University of Nottingham Ningbo China; Green Chemistry; Fourth Affiliated Hospital of Anhui Medical University; Semiconductor Manufacturing International (China); The University of Melbourne; Jiangsu Ocean University; University of Jinan; Institute of Japanese Studies; National Health and Family Planning Commission; Changchun University of Chinese Medicine; Jinhua Academy of Agricultural Sciences; China Jiliang University; Jinzhou Medical University; Air Force Medical University; Xintai People's Hospital; Academy of Military Medical Sciences; Centre for Cancer Biology; Universidade Federal de São Carlos; Taizhou Fourth People's Hospital; National Tsing Hua University; PLA Electronic Engineering Institute; NorthShore University HealthSystem; Wuhan Institute of Technology; System Equipment (China); Mayo Clinic in Florida; Zhejiang Chinese Medical University; Yantai University; First People's Hospital of Foshan; Beijing Institute of Neurosurgery; City University of Hong Kong, Shenzhen Research Institute; Second Affiliated Hospital of Chongqing Medical University; Aalborg University Hospital; State Key Laboratory of Electrical Insulation and Power Equipment; Jiangxi Normal University; Nextomics Biosciences (China); National Center for Nanoscience and Technology; Institute of Theoretical Physics; China Iron and Steel Research Institute Group; Shandong University of Technology; Chengdu University of Technology; Bristol-Myers Squibb (Germany); State Ethnic Affairs Commission; Universidade Católica Dom Bosco; Ningbo University of Technology; Liaoning Cancer Hospital & Institute; Beijing Hospital; Institute of Software; Institute of Plant Protection; Zero to Three; Shaoxing University; Pacific Northwest Diabetes Research Institute; Ningxia Medical University General Hospital; Kent State University; China International Science and Technology Cooperation; Seagate (United Kingdom); Nanjing University of Information Science and Technology; North University of China; Danish Breast Cancer Cooperative Group; University of New Orleans; Nanjing Institute of Railway Technology; Kyushu University; Hong Kong Polytechnic University; Chongqing Jiaotong University; Texas A&M University; Harbin University of Science and Technology; Weifang Medical University; Zhejiang Hospital; Xichang University; Tianjin Central Hospital of Gynecology Obstetrics; University of California, Santa Barbara; Jiangxi Provincial Cancer Hospital; Shanxi University of Finance and Economics; High Throughput Biology (United States); Academy of Medical Sciences; Guiyang Medical University; Changchun Institute of Applied Chemistry; Guangdong Provincial People's Hospital; State Key Laboratory of Information Photonics and Optical Communications; Shanxi Academy of Medical Sciences; Jiaxing University; Annoroad Gene Technology (China); Baosteel (China); University of Tennessee at Knoxville; City University of Hong Kong; Shenzhen Second People's Hospital; Johns Hopkins University; Sichuan Academy of Medical Sciences & Sichuan Provincial People's Hospital; Thunder Bay Regional Research Institute; Kavli Institute for the Physics and Mathematics of the Universe; Affiliated Zhongshan Hospital of Dalian University; Laboratoire d'Informatique en Images et Systèmes d'Information; The Fourth People's Hospital; Kyoto University; Southern California University for Professional Studies; Hangzhou Xixi hospital; Zhejiang Gongshang University; Southwest Jiaotong University; National Clinical Research; Hainan 301 Hospital; Facing Our Risk of Cancer Empowered; Zoucheng People's Hospital; Lanzhou University of Technology; Peng Cheng Laboratory; University of Bristol; Morgantown High School; Binzhou Medical University; Air Force Engineering University; Hangzhou Children's Hospital; Second Affiliated Hospital of Jilin University; State Key Laboratory of Functional Materials for Informatics; Xi'an Institute of Optics and Precision Mechanics; Xi'an City Planning&Design Institute (China); The University of Texas at Austin; Yangtze University; Guangzhou University of Chinese Medicine; Kyungpook National University; Harbin Finance University; Anhui University of Finance and Economics; Zhejiang Sci-Tech University; Beijing Forestry University; Dalian University of Technology; Tianjin Normal University; Southwest Medical University; Inner Mongolia Medical University; NetEase (China); Institute of Porous Flow and Fluid Mechanics; Chang Gung University; Second Affiliated Hospital of Kunming Medical College; Inner Mongolia Medical College Hospital; Chongqing University; Jiuquan Iron & Steel (China); Communication University of China; Hebei University of Science and Technology; Newcastle University; Gansu Provincial Hospital; National Institute of Standards and Technology; George Washington University; Changhai Hospital; Georgia Southern University; Institute of Engineering Thermophysics; The Sixth People's Hospital of Shenyang; Tongji Hospital; Dallas County; Weifang Chinese Medicine Hospital; Shanghai Clinical Research Center; Minhang District Central Hospital; Blood Center of Zhejiang Province; Shanghai Institute of Nutrition and Health; Missouri University of Science and Technology; Yuhuangding Hospital; Chinese University of Hong Kong; Central Research Institute; Shanghai Institute of Microsystem and Information Technology; Henan University of Urban Construction; Zhengzhou Jinshui District General Hospital; First Affiliated Hospital of Shihezi University Medical College; University of Virginia; Hebei University of Engineering; Chongqing Construction Engineering Investment Holding (China); Beijing Institute of Technology; Catholic University of Korea; Taishan Medical University; Xi'an Railway Survey and Design Institute; NARI Group (China); China United Network Communications Group (China); Tianjin University of Science and Technology; Aerospace Information Research Institute; Jinan Central Hospital; Xuzhou Central Hospital; Weichai Power (China); China Communications Construction Company (China); Agro-Environmental Protection Institute; Shanghai Children's Medical Center; Iowa City Public Library; Editas Medicine (United States); Auburn University; Shandong Center for Disease Control and Prevention; University of California, Los Angeles; University of California, San Diego; Institute of Remote Sensing and Digital Earth; Indiana University Bloomington; Chongqing University of Posts and Telecommunications; South China Agricultural University; Institute of Oceanology; Indiana University – Purdue University Indianapolis; National Institutes of Health; University of Oklahoma; Heilongjiang University of Chinese Medicine; Jilin Jianzhu University; University College London; Second Hospital of Anhui Medical University; University of Southern California; American National Standards Institute; Stony Brook University; State Key Laboratory on Integrated Optoelectronics; Beijing Haidian Hospital; Beijing Information Science & Technology University; Philadelphia University; Iowa State University; Guangzhou Research Institute of Non-ferrous Metals; State Key Laboratory of Chemical Engineering; Chinese PLA General Hospital; Shenyang Institute of Automation; Ningxia University; State Key Laboratory of Drug Research; Université Bourgogne Franche-Comté; Kao Yuan University; Affiliated Hospital of Guilin Medical College; Shandong Institute of Automation; Anyang Institute of Technology; V.I.Shumakov Federal Research Center of Transplantology and Artificial Organs; Beijing Jiaotong University; Affiliated Hospital of Xuzhou Medical College; University of Colorado Boulder; Jiangsu University of Science and Technology; Xi’an University; Collaborative Innovation Center of Chemistry for Energy Materials; Zhejiang A & F University; State Key Laboratory of Superhard Materials; Institute of Chemistry; Cultural Relics Institute Hebei Province; South China Municipal Engineering Design and Research Institute (China); Yunnan University; National Central University; Vanderbilt University Medical Center; Shandong Jiaotong University; Apple (United States); Nanjing Forestry University; Shandong Agricultural University; PLA Navy General Hospital; North Minzu University; Xinjiang Medical University; Jinan University; SLAC National Accelerator Laboratory; E.O. Paton Electric Welding Institute; First Automotive Works (China); Shanxi Coal Transportation and Sales Group (China); Shantou University; Institute of Agricultural Resources and Regional Planning; Tianjin Meteorological Bureau; Korea Maritime and Ocean University; Zhengzhou People's Hospital; National University of Defense Technology; State Key Laboratory of Modern Optical Instruments; Fred Hutch Cancer Center; State Key Laboratory of Oncogene and Related Genes; University of Kentucky; Lanzhou Jiaotong University; China University of Geosciences (Beijing); Shenyang University; Institute of Physics; Hebei Medical University; October 6 University; Shandong Transportation Research Institute; Agriculture and Forestry University; Chinese Academy of Geological Sciences; Shaanxi Normal University; Aalto University; Amsterdam UMC Location University of Amsterdam; Guangxi University of Chinese Medicine; Chinese Academy of Forestry; Shanghai Cancer Institute; Institute of Modern Physics; Minzu University of China; Tufts University; Material (Belgium); Beijing Research Institute of Automation for Machinery Industry (China); Nagoya University; Ministry of Agriculture; Zhoukou City Academy of Agricultural Sciences; Guangdong Academy of Medical Sciences; University of North Carolina at Chapel Hill; Hohai University; Qatar University; The University of Osaka; Case Western Reserve University; Royal Veterinary College; GIPSA-Lab; Institute of Semiconductors; Daping Hospital; Vancouver General Hospital; Guangxi Normal University; Sichuan Normal University; Huazhong Agricultural University; Xiangtan University; Institute of High Energy Physics; Fujian Agriculture and Forestry University; Fujian Medical University; Shanghai University of Sport; Henan University of Technology; Xianyang Normal University; China Academy of Engineering Physics; Shaanxi University of Science and Technology; City Of Hope National Medical Center; Stevens Institute of Technology; North China Municipal Engineering Design & Research Institute; Zhejiang Taizhou Hospital; Chinese Academy of Fishery Sciences; XinHua Hospital; Institute of Metal Research; First Hospital of Shanxi Medical University; Institute of Genetics and Developmental Biology; Shenzhen Institutes of Advanced Technology; China Agricultural University; Sensors (United States); National Engineering Research Center of Electromagnetic Radiation Control Materials; Chongqing Medical University; Dongzhimen Hospital Affiliated to Beijing University of Chinese Medicine; University of Washington; Anhui University; Huainan Normal University; Queensland Centre for Mental Health Research; Shenyang Medical College; Austin Health; Waseda University; MRC Lifecourse Epidemiology Unit; Bentham Science Publishers (United Arab Emirates); Insight (China); Zhengzhou University of Light Industry; Zhujiang Hospital; Dalian Neusoft University of Information; University of Alabama at Birmingham; Columbia University; Institute of Dermatology; University of Illinois Urbana-Champaign; Weifang People's Hospital; Tang Du Hospital; Tohoku University; Utrecht University; Hangzhou Cancer Hospital; CRRC (China); Hefei University; Dalian University; Materials Science & Engineering; Affiliated Hospital of North Sichuan Medical College; California Institute of Technology; Shanghai Veterinary Research Institute; Guangdong University of Technology; Southampton General Hospital; New Technology (Israel); Charles Darwin University; Taizhou University; Anhui University of Technology; Zhongshan Hospital of Xiamen University; Wuhan No.1 Hospital; Beijing University of Posts and Telecommunications; Intel (United States); Institute of Applied Physics and Computational Mathematics; Nanjing Normal University; Beijing Microelectronics Technology Institute; SYSU-CMU International Joint Research Institute; Second Affiliated Hospital & Yuying Children's Hospital of Wenzhou Medical University; Huashan Hospital; Global Unichip (Taiwan); Łukasiewicz Research Network - Institute of Non-Ferrous Metals; Australian National University; Anhui Normal University; Wannan Medical College; Guodian Institute of Science and Technology; University of Iowa Hospitals and Clinics; Shanghai Ocean University; Ural Federal University; Chengdu University; Wuhan University of Technology; Beijing Great Wall Hospital; Institute of Process Engineering; American Ceramic Society; National Taiwan University; Bristol Royal Hospital for Children; McGill University; Imaging Center; Argonne National Laboratory; University of Pittsburgh; Jiangsu Normal University; Zhengzhou Children's Hospital; Inner Mongolia University of Science and Technology; Northeast Institute of Geography and Agroecology; Suzhou Institute of Nano-tech and Nano-bionics; Shanghai University of Engineering Science; First Affiliated Hospital of Nanchang University; University of California, San Francisco; Université Claude Bernard Lyon 1; Fuzhou Second Hospital; Shandong Freshwater Fisheries Research Institute; Xihua University; Chifeng University; Institute of Art; Xinxiang Central Hospital; Agriculture and Food; The University of Tokyo; Wuhan Center for Disease Control and Prevention; Shanghai Institute of Technology; China Pharmaceutical University; Fujian Electric Power Survey & Design Institute; Yonker Environmental Protection (China); Sixth Affiliated Hospital of Sun Yat-sen University; Karlsruhe Institute of Technology; Curtin University; Xi'an University of Technology; Commercial Aircraft Corporation of China (China); Queen Mary University of London; National Yang Ming Chiao Tung University; Capital Normal University; Education Department of Heilongjiang Province; Shandong University of Finance and Economics; Hangzhou Hospital of Traditional Chinese Medicine; University of California, Irvine; Cancer Research And Biostatistics; Research Institute of Wood Industry; Weatherford College; Mengchao Hepatobiliary Hospital; Hebei Yiling Hospital; Beijing National Laboratory for Molecular Sciences; Binghamton University; Nagasaki University; Providence University; Cancer Research Center; Chinese People's Liberation Army Navy Hospital of Guangzhou; Weifang University; Guangxi University; Icahn School of Medicine at Mount Sinai; Emergency Medicine Foundation; Huaibei Normal University; Guangdong Academy of Forestry; University of Delaware; Ministry of Education of the People's Republic of China; State Key Laboratory of Medical Neurobiology; Heilongjiang Institute of Technology; Harvard University; Second Affiliated Hospital of Dalian Medical University; Weill Cornell Medical College in Qatar; University of Minnesota; Shanghai Zhabei District Shibei Hospital; Dana-Farber Cancer Institute; Shanghai University of Electric Power; Sichuan Provincial Hospital of Traditional Chinese Medicine; Korea Institute of Science and Technology; Electric Power Research Institute; Zhangjiagang First People's Hospital; First Affiliated Hospital of Dalian Medical University; EduInnovation; Tianjin Research Institute of Electric Science (China); Health First; State Key Laboratory of Urban and Regional Ecology; Beijing Normal University",0000-0002-6170-4744,,
https://openalex.org/A5065271701,Youlboong Sung,https://openalex.org/I115475287,Oklahoma State University,2002,2002,https://openalex.org/I115475287,2002,2002,,University of Oklahoma; Oak Ridge National Laboratory; Institute of Science and Technology; Korea Research Institute of Bioscience and Biotechnology; Gyeongsang National University; Michigan State University; Georgia Institute of Technology; Chung-Ang University; Research Institute of Industrial Science and Technology; Oklahoma State University,,,
https://openalex.org/A5023869800,Michael J. Hartman,https://openalex.org/I115475287,Oklahoma State University,2010,2010,https://openalex.org/I115475287,2010,2010,"University of Maryland, Baltimore",Onderstepoort Veterinary Academic Hospital; Villanova University; Wright State University; Midwestern State University; Temple University; University of Pretoria; Trinity College; Wayne State University; Henry Ford Hospital; Oklahoma State University; Memorial Foundation; The Royal Free Hospital; Plymouth Hospital; Texas Wesleyan University; University of Oklahoma; Louisiana State University; UW Health University Hospital; University of Maryland Medical Center; Mechanics' Institute; Florida Atlantic University; St. Stephen’s Hospital; University of Wisconsin–Madison; Infor (United States); Atlantic University; University College London,0000-0002-6843-111X,,
https://openalex.org/A5103475693,Steven P. White,https://openalex.org/I115475287,Oklahoma State University,1996,2001,https://openalex.org/I115475287,1996,2001,University of Oxford,"Rutgers, The State University of New Jersey; University of Oklahoma; Albert Einstein College of Medicine; University of Pennsylvania; University of Illinois Urbana-Champaign; Noble Research Institute; Oklahoma Medical Research Foundation; College of Staten Island; Oklahoma State University; Integrated BioTherapeutics (United States); Yale University",,,
https://openalex.org/A5085671233,Omer San,https://openalex.org/I115475287,Oklahoma State University,2016,2023,https://openalex.org/I115475287,2016,2023,Knoxville College; University of Tennessee at Knoxville,University of Tennessee System; Oklahoma State University; Western Kentucky University; Old Dominion University; Norwegian University of Science and Technology; Oklahoma State University Oklahoma City; Oklahoma State University System; Virginia Tech; University of Oklahoma; The University of Tokyo,0000-0002-2241-4648,,
https://openalex.org/A5055377531,A. W. Monlux,https://openalex.org/I115475287,Oklahoma State University,1964,1985,https://openalex.org/I115475287,1964,1985,Oklahoma State University,University of Oklahoma,,,
https://openalex.org/A5024222019,Ashlee N. Ford Versypt,https://openalex.org/I115475287,Oklahoma State University,2015,2022,https://openalex.org/I115475287,2015,2022,"Oklahoma State University Oklahoma City; University at Buffalo, State University of New York; State University of New York",University of Oklahoma Health Sciences Center; Oklahoma State University; Translational Research in Oncology; University of Connecticut; Massachusetts Institute of Technology; Applied Science Private University; Rowan University; University of Illinois Urbana-Champaign; European Thermodynamics (United Kingdom); University of Oklahoma,0000-0001-9059-5703,,
https://openalex.org/A5025790251,Zhidong Su,https://openalex.org/I115475287,Oklahoma State University,2021,2025,https://openalex.org/I115475287,2021,2025,Colorado State University Pueblo; Oklahoma State University; Inner Mongolia Electric Power (China); Xuzhou Medical College,China University of Geosciences; China General Nuclear Power Corporation (China); Oklahoma State University Oklahoma City; Xi'an Aeronautical University; University of Oklahoma; Guizhou University; Valve (United States); Robotics Research (United States),0000-0001-6592-0666,,
https://openalex.org/A5028149900,Suraj Pawar,https://openalex.org/I115475287,Oklahoma State University,2019,2023,https://openalex.org/I115475287,2019,2023,Shell (Netherlands); Shell (United States),National Renewable Energy Laboratory; Institute of Science and Technology; National Institute of Technology Nagaland; Oklahoma State University; Norwegian University of Science and Technology; Oklahoma State University Oklahoma City; University of Oklahoma; Virginia Tech,0000-0001-7562-799X,,
https://openalex.org/A5071260803,Sk. Mashfiqur Rahman,https://openalex.org/I115475287,Oklahoma State University,2018,2019,https://openalex.org/I115475287,2018,2019,,University of Oklahoma; Oklahoma State University; North Carolina State University; Norwegian University of Science and Technology,0000-0003-0996-6883,,
https://openalex.org/A5084693460,Harsha Vaddireddy,https://openalex.org/I115475287,Oklahoma State University,2019,2020,https://openalex.org/I115475287,2019,2020,Norwegian University of Science and Technology; Oklahoma State University; Virginia Tech,University of Oklahoma,0000-0003-2268-1890,,
https://openalex.org/A5032407979,Adil Rasheed,https://openalex.org/I115475287,Oklahoma State University,2019,2020,https://openalex.org/I115475287,2019,2020,Norwegian University of Science and Technology; SINTEF; Augusta University; SINTEF Digital,Ottawa Heart Institute; NTNU Samfunnsforskning; Oklahoma State University; University of Gujrat; Applied Mathematics (United States); Virginia Tech; University of Oklahoma; Amazon (United States),0000-0003-2690-983X,,
https://openalex.org/A5113445268,Prakash Vedula,https://openalex.org/I115475287,Oklahoma State University,2019,2019,https://openalex.org/I115475287,2019,2019,University of Oklahoma; University Health Care System,Georgia Institute of Technology; U.S. Air Force Institute of Technology; Ohio Aerospace Institute; Tel Aviv University; Oklahoma State University; University of Illinois Urbana-Champaign; United States Air Force Research Laboratory; Iowa State University; Norwegian University of Science and Technology; Indian Institute of Technology Bombay; Delft University of Technology,,,
https://openalex.org/A5071125193,Michael T. Zavy,https://openalex.org/I115475287,Oklahoma State University,1987,1991,https://openalex.org/I115475287,1987,1991,University of Oklahoma Health Sciences Center,Oklahoma City University; Arkansas Agricultural Experiment Station; New Frontier; University of Illinois Chicago; Agricultural Research Service; Oklahoma State University; University of Oklahoma; Oklahoma State University Oklahoma City; OU Health; University of Florida; United States Department of Agriculture,,,
https://openalex.org/A5079728012,Sheldon Katz,https://openalex.org/I115475287,Oklahoma State University,1988,2006,https://openalex.org/I115475287,1988,2006,University of Illinois Urbana-Champaign,Oklahoma State University Oklahoma City; Thomas Jefferson National Accelerator Facility; Brigham Young University; LAC+USC Medical Center; University of Oklahoma; University of Utah; University of Illinois System; Oklahoma State University; University of Turin; Institute for Advanced Study; Harvard University,0000-0002-3123-6126,,
https://openalex.org/A5050233770,Hjalti H. Sigmarsson,https://openalex.org/I115475287,Oklahoma State University,2013,2013,https://openalex.org/I115475287,2013,2013,Radar (United States); University of Oklahoma,Gene Therapy Research Institution; University of Central Florida; Purdue University West Lafayette,0000-0001-8636-091X,,
https://openalex.org/A5100699858,Zidong Wang,https://openalex.org/I115475287,Oklahoma State University,2015,2018,https://openalex.org/I115475287,2015,2018,"Jiangsu University of Science and Technology; Shanghai Artificial Intelligence Laboratory; China University of Petroleum, East China; Brunel University of London; Chinese University of Hong Kong, Shenzhen; Beijing Academy of Artificial Intelligence; Beijing University of Chinese Medicine; Donghua University; University of London; Shandong University of Science and Technology; Chengdu University of Technology; University of Macau; Central South University","Institute of Microelectronics; Ruhr University Bochum; Zhejiang Ocean University; Beijing Institute for General Artificial Intelligence; Coventry University; Huawei Technologies (China); Xi'an University of Architecture and Technology; University of Oklahoma; Energy Research Institute; Canadian Standards Association; Ocean University of China; Delft University of Technology; Anhui Polytechnic University; Nanjing University of Science and Technology; Tsinghua University; Universiti Brunei Darussalam; Bournemouth University; Zhejiang University of Technology; Qingdao Agricultural University; Jinan University; Harbin University of Science and Technology; University of Science and Technology Beijing; Huawei Technologies (United Kingdom); Peking University; Huawei Technologies (France); King Abdulaziz University; University of Portsmouth; Institute of Computing Technology; Nanjing Institute of Technology; Zhejiang University; Qinghai Normal University; Shanghai Jiao Tong University; Central University of Finance and Economics; Beijing Chaoyang Emergency Medical Center; State Key Laboratory of Industrial Control Technology; John Wiley & Sons (United States); Qingdao University; State Administration of Foreign Experts Affairs; China University of Petroleum, Beijing; University of Electronic Science and Technology of China; MIT Sea Grant; Alibaba Group (United States); Beijing University of Technology; Toronto Metropolitan University; Universidad de Granada; Guodian Institute of Science and Technology; North China Electric Power University; China Three Gorges University; Oklahoma State University; Pontificia Universidad Católica de Chile; China Jiliang University; State Key Laboratory on Integrated Optoelectronics; University of Kaiserslautern; Universitatea Națională de Știință și Tehnologie Politehnica București; Swinburne University of Technology; Shandong University; Middlesex University; Northeast Petroleum University; Hunan University; Beijing Institute of Petrochemical Technology; Institute of Semiconductors; University of Chinese Academy of Sciences; Shandong First Medical University; Inner Mongolia University of Technology; Liaocheng People's Hospital; University of Illinois Urbana-Champaign; City University of Macau; Urbana University; Chinese Academy of Sciences; University of Calgary; Ministry of Health and Welfare; Institute of Electrical and Electronics Engineers",0000-0002-9576-7401,,
https://openalex.org/A5090966684,Runar Nygaard,https://openalex.org/I115475287,Oklahoma State University,2016,2018,https://openalex.org/I115475287,2016,2018,University of Oklahoma,Oklahoma State University; Oklahoma State University Oklahoma City; University of Oslo; Missouri University of Science and Technology; University of Calgary,0000-0002-9334-3429,,
https://openalex.org/A5030911572,Jordan P. Metcalf,https://openalex.org/I115475287,Oklahoma State University,2022,2024,https://openalex.org/I115475287,2022,2024,Oklahoma State University; OU Health; University of Oklahoma; Oklahoma City University; Veterans Health Administration; University of Oklahoma Health Sciences Center,Indiana University – Purdue University Indianapolis; Northwestern University; New York Blood Center; Cornell University; Texas Center for Infectious Disease; Pulmonary and Critical Care Associates; Indiana University School of Medicine; University of Iowa; University of Michigan; Case Western Reserve University; University of Nebraska Medical Center; Baylor College of Medicine; Oklahoma City VA Health Care System; University of Chicago; Oklahoma City VA Medical Center; Translational Research Institute; University of Illinois Chicago; Central Society for Clinical and Translational Research; Deleted Institution; Oklahoma Medical Research Foundation; Palmetto Hematology Oncology,0000-0003-4359-5270,,
https://openalex.org/A5010257529,Amy B. Wisniewski,https://openalex.org/I115475287,Oklahoma State University,2019,2025,https://openalex.org/I115475287,2019,2025,Communities In Schools of Orange County,University of Oklahoma; Cook Children's Medical Center; Johns Hopkins Medicine; Medical University of Warsaw; OU Health; Columbia University; Drake University; University of Miami; Johns Hopkins University; Lehigh Valley Hospital Muhlenberg; Johns Hopkins Hospital; Pediatrics and Genetics; Palo Alto University; Smiths Detection (United States); Lehigh Valley Hospital-Pocono; New York State Psychiatric Institute; Oklahoma State University; University of Oklahoma Health Sciences Center; Oklahoma State University Oklahoma City; University of Baltimore; Weatherford College,0000-0001-7286-1895,,
https://openalex.org/A5032717534,Bradley P. Kropp,https://openalex.org/I115475287,Oklahoma State University,2021,2021,https://openalex.org/I115475287,2021,2021,Oklahoma State University Oklahoma City,University Hospital Frankfurt; Goethe University Frankfurt; University College London; Louisiana State University Health Sciences Center New Orleans; Methodist Hospital; Tongji Hospital; Purdue University West Lafayette; York University; Cook Children's Health Care System; Cook Children's Medical Center; Riley Hospital for Children; Hillenbrand (United States); University of Oklahoma; Fort Worth Library; Mayo Clinic; Memorial Hospital; Children's Medical Center; University of Memphis; Monroe Carell Jr. Children's Hospital; Women & Children's Hospital of Buffalo; Indiana University – Purdue University Indianapolis; London School of Hygiene & Tropical Medicine; East Tennessee Children's Hospital; University of Oklahoma Medical Center; Indiana University; Huazhong University of Science and Technology; INTEGRIS Baptist Medical Center; John Wiley & Sons (United States); Eli Lilly (United States); Children's Hospital of Oklahoma; Lurie Children's Hospital; OU Health; Great Ormond Street Hospital; Northwestern University; Texas A&M University; Vanderbilt University Medical Center; State University of New York; University Medical Center; Houston Methodist; Oklahoma City University; University of Oklahoma Health Sciences Center; Smith College; University Hospital and Clinics; St. Louis Children's Hospital; Indiana University School of Medicine; Syracuse University; Netherlands Organisation for Applied Scientific Research; Baylor College of Medicine,,,
https://openalex.org/A5049802815,William A. Herndon,https://openalex.org/I115475287,Oklahoma State University,1987,1987,https://openalex.org/I115475287,1987,1987,,Harvard University; Naval Medical Center Portsmouth; University of Oklahoma Health Sciences Center; The University of Texas Southwestern Medical Center; State Street (United States); University of Oklahoma; Medical University of South Carolina; Children's Hospital & Medical Center; Regional Medical Center; Marymount University; Children's Hospital of Oklahoma,,,
https://openalex.org/A5049628784,Anirudh Paranjothi,https://openalex.org/I115475287,Oklahoma State University,2023,2025,https://openalex.org/I115475287,2023,2025,Oklahoma Department of Transportation; Oklahoma State University Oklahoma City; Oklahoma State University,University of Oklahoma; Texas A&M University – Kingsville,0000-0003-4222-7273,,
https://openalex.org/A5024854824,J. A. Sullivan,https://openalex.org/I115475287,Oklahoma State University,1987,1987,https://openalex.org/I115475287,1987,1987,Michigan Medicine,University of Oklahoma Health Sciences Center; Hofstra University; Macquarie University; Blue Cross Blue Shield of Michigan Foundation; Colorado State University; Centers for Medicare and Medicaid Services; Los Alamos National Laboratory; Oklahoma State University Oklahoma City; Royal Prince Alfred Hospital; Sullivan Veterinary Clinic; University of Oklahoma; A. Alfred Taubman Health Care Center; Oklahoma State University; University of Michigan; Sullivan University; Morpho (United States); Analysis Group (United States),0000-0003-3051-9834,,
https://openalex.org/A5015085792,Fares Z. Najar,https://openalex.org/I115475287,Oklahoma State University,2022,2025,https://openalex.org/I115475287,2022,2025,Oklahoma State University,Kansas State University; University of Oklahoma Health Sciences Center; Arkansas Agricultural Experiment Station; University of Oklahoma; Oklahoma State University Oklahoma City,0000-0003-1174-6206,,
https://openalex.org/A5080112215,Breanne S. Baker,https://openalex.org/I115475287,Oklahoma State University,2021,2025,https://openalex.org/I115475287,2021,2025,Oklahoma State University,Dystrophic Epidermolysis Bullosa Research Association of America; Columbia Orthopaedic Group; Oklahoma State University Oklahoma City; Baker Engineering (United States); University of Missouri; Clinical Orthopaedics and Related Research; University of Oklahoma; Johns Hopkins University; Orthopedic Institute; Colorado State University,0000-0002-0098-149X,,
https://openalex.org/A5012792302,Jeffrey S. McQuillen,https://openalex.org/I115475287,Oklahoma State University,1993,1993,https://openalex.org/I115475287,1993,1993,The University of Texas Rio Grande Valley,Oklahoma State University; Texas A&M University; University of Oklahoma,,,
https://openalex.org/A5043297081,John E. Steinbrink,https://openalex.org/I115475287,Oklahoma State University,1991,2004,https://openalex.org/I115475287,1991,2004,Oklahoma State University,University of Oklahoma; University of Houston - Clear Lake,,,
https://openalex.org/A5003523901,Johnny L. Johnson,https://openalex.org/I115475287,Oklahoma State University,1985,1985,https://openalex.org/I115475287,1985,1985,,University of Oklahoma; Oklahoma State University,,,
https://openalex.org/A5030492395,John H. Johnson,https://openalex.org/I115475287,Oklahoma State University,1978,1980,https://openalex.org/I115475287,1978,1980,,"University of Texas Health Science Center at Dallas; Louisiana State University Health Sciences Center Shreveport; Black & Veatch (United Kingdom); Kraft Heinz (United States); University of Oklahoma; University of Wisconsin–Madison; Louisiana State University; Stafford College; University of California, San Diego; National Institute of Economic and Social Research; Cornell University; Illinois Environmental Protection Agency; Michigan Technological University; United States Department of the Army; Oklahoma State University; United States Department of Veterans Affairs; University of Wisconsin–Eau Claire; Monsanto (United States); Navistar International (United States); Criterion Health (United States); Agricultural Research Service; DuPont (United States); The University of Texas Health Science Center at Houston; Veterans Health Administration; University of Houston; University of Michigan; Pfizer (United States); The University of Texas Southwestern Medical Center; The Ohio State University; Southwestern Medical Center; Bridge Pharma (United States); Tohoku University; Environmental Protection Agency; Medical University of South Carolina; University of Geneva",0000-0003-3363-1522,,
https://openalex.org/A5111784769,B. M. Fung,https://openalex.org/I115475287,Oklahoma State University,1980,1980,https://openalex.org/I115475287,1980,1980,,"Université Paris-Sud; University of Oklahoma; Baylor College of Medicine; University of Southampton; Gwangju Institute of Science and Technology; Chinese University of Hong Kong; Sunchon National University; University of Toronto; Tufts University; University of California, Los Angeles; Myongji University; California Institute of Technology; Oklahoma State University; Yonsei University",,,
https://openalex.org/A5060654403,B. L. Mangum,https://openalex.org/I115475287,Oklahoma State University,1980,1980,https://openalex.org/I115475287,1980,1980,Oklahoma State University; University of Oklahoma,,,,
https://openalex.org/A5089374133,John Unterschutez,https://openalex.org/I115475287,Oklahoma State University,2021,2021,https://openalex.org/I115475287,2021,2021,University of Central Oklahoma; University of Oklahoma; Oklahoma State University; Oklahoma Biological Survey,,,,
https://openalex.org/A5058440545,Abigail Mary Moore,https://openalex.org/I115475287,Oklahoma State University,2021,2021,https://openalex.org/I115475287,2021,2021,Hasanuddin University; Newcastle University,Oklahoma Biological Survey; University of Oklahoma; Naturalis Biodiversity Center; University of Central Oklahoma; Oklahoma State University; Ministry of Marine Affairs and Fisheries; Tadulako University; University of Wisconsin–Milwaukee,0000-0002-4122-3740,,
https://openalex.org/A5019701781,Jennifer Messick,https://openalex.org/I115475287,Oklahoma State University,2021,2021,https://openalex.org/I115475287,2021,2021,,University of Oklahoma; University of Central Oklahoma; Oklahoma State University; Oklahoma Biological Survey; Johannes Gutenberg University Mainz,,,
https://openalex.org/A5046602781,Richard Staerkel,https://openalex.org/I115475287,Oklahoma State University,1980,1980,https://openalex.org/I115475287,1980,1980,Oklahoma State University; University of Oklahoma,,,,
https://openalex.org/A5080678610,Lacy S. Brame,https://openalex.org/I115475287,Oklahoma State University,2023,2023,https://openalex.org/I115475287,2023,2023,Oklahoma State University Center for Health Sciences,Oklahoma State University Medical Center; University of Oklahoma; Oklahoma State University; University of Oklahoma Health Sciences Center,,,
https://openalex.org/A5060740734,Patrick J. McCann,https://openalex.org/I115475287,Oklahoma State University,2009,2009,https://openalex.org/I115475287,2009,2009,Prisma Health; Columbia University Irving Medical Center; Proteogenomics Research Institute for Systems Medicine; Kettering University; University of Oklahoma; Palmetto Health Richland; Memorial Sloan Kettering Cancer Center,Winona State University; Oklahoma State University; Massachusetts Institute of Technology; The University of Adelaide; Zhejiang University; University of South Carolina; Saint Louis University; Oklahoma State University Oklahoma City,0000-0002-9854-2005,,
https://openalex.org/A5009001580,Khosrow Namjou,https://openalex.org/I115475287,Oklahoma State University,2009,2009,https://openalex.org/I115475287,2009,2009,University of Oklahoma,Oklahoma State University; University of Michigan; Stevens Institute of Technology,,,
https://openalex.org/A5012439733,Jeremy L. Johnson,https://openalex.org/I115475287,Oklahoma State University,2021,2023,https://openalex.org/I115475287,2021,2023,Johns Hopkins Medicine; Oklahoma State University Center for Health Sciences; Oklahoma State University Medical Center; Johns Hopkins University; Southwestern Oklahoma State University; Weatherford (United States),University of Tulsa; Kennedy Krieger Institute; Oklahoma State University; University of Oklahoma,0000-0003-4001-5883,,
https://openalex.org/A5032608636,Suwen Liu,https://openalex.org/I115475287,Oklahoma State University,2003,2003,https://openalex.org/I115475287,2003,2003,Hebei Normal University of Science and Technology; Union Hospital; Huazhong University of Science and Technology; Shandong First Medical University; Shandong Provincial Hospital; Shandong University; Duke Medical Center,Second Affiliated Hospital of Nanjing Medical University; Jožef Stefan Institute; Zhejiang University; Hebei University of Technology; Central Hospital of Zibo; Polytechnic University; Qilu University of Technology; Fujian Research Institute of Light Industry; Chifeng University; China Jiliang University; Temple University; Oklahoma State University; Analysis and Testing Centre; Central Police University; Peng Huanwu Center for Fundamental Theory; Bar-Ilan University; Shenyang Agricultural University; Jožef Stefan International Postgraduate School; Hokkaido University; Tianjin University of Science and Technology; University of Oklahoma; State Key Laboratory of Crystal Materials; Entegris (United States); University of Science and Technology of China; Shaanxi Research Association for Women and Family; Hebei University; Tianjin Normal University; Soochow University; Nanjing Medical University,0000-0001-9273-1801,,
https://openalex.org/A5080608275,James D. Jeffers,https://openalex.org/I115475287,Oklahoma State University,2009,2009,https://openalex.org/I115475287,2009,2009,,Whitney Museum of American Art; Pratt & Whitney (United States); University of Georgia; University of Oklahoma; Oklahoma State University; University of Pennsylvania; United Aircraft (Russia),0000-0001-7278-7939,,
https://openalex.org/A5021719350,Lindsay E. Sims,https://openalex.org/I115475287,Oklahoma State University,2009,2009,https://openalex.org/I115475287,2009,2009,Eli Lilly (Canada),University of Oklahoma; Oklahoma State University,,,
https://openalex.org/A5075690815,Joseph Ripberger,https://openalex.org/I115475287,Oklahoma State University,2024,2024,https://openalex.org/I115475287,2024,2024,University of Oklahoma,National Oceanic and Atmospheric Administration; NOAA National Severe Storms Laboratory; Colorado State University; Cooperative Institute for Mesoscale Meteorological Studies; Cooperative Programs for the Advancement of Earth system science; East Tennessee State University; NOAA National Centers for Environmental Prediction; Pennsylvania State University; Oklahoma State University; NOAA Storm Prediction Center,0000-0003-0343-8262,,
https://openalex.org/A5017694653,Hank Jenkins‐Smith,https://openalex.org/I115475287,Oklahoma State University,2024,2024,https://openalex.org/I115475287,2024,2024,University of Oklahoma,"NOAA Storm Prediction Center; NOAA National Severe Storms Laboratory; University of Illinois Chicago; Indiana University; Uppsala University; University of New Mexico; University of Aberdeen; Mitchell Institute; Cooperative Programs for the Advancement of Earth system science; NOAA National Centers for Environmental Prediction; Pennsylvania State University; West Virginia University; Cooperative Institute for Mesoscale Meteorological Studies; New York University; George Washington University; East Tennessee State University; Oklahoma State University; National Oceanic and Atmospheric Administration; Colorado State University; University of California, Davis; Texas A&M University; University of Colorado Denver",0000-0002-5204-2726,,
https://openalex.org/A5078230061,Carol Silva,https://openalex.org/I115475287,Oklahoma State University,2024,2024,https://openalex.org/I115475287,2024,2024,University of Oklahoma,NOAA National Centers for Environmental Prediction; Universidade Estadual Paulista (Unesp); Texas A&M University; University of New Mexico; NOAA National Severe Storms Laboratory; Behavioral Health of the Palm Beaches; East Tennessee State University; NOAA Storm Prediction Center; Cooperative Programs for the Advancement of Earth system science; Cooperative Institute for Mesoscale Meteorological Studies; Oklahoma State University; Florida Atlantic University; Mitchell Institute; Pennsylvania State University; Colorado State University; National Oceanic and Atmospheric Administration,0000-0001-7171-6944,,
https://openalex.org/A5011296982,Kuhika Gupta,https://openalex.org/I115475287,Oklahoma State University,2024,2024,https://openalex.org/I115475287,2024,2024,University of Oklahoma,Oklahoma State University,0000-0002-6264-1423,,
https://openalex.org/A5102508676,Yan Zhai,https://openalex.org/I115475287,Oklahoma State University,2008,2008,https://openalex.org/I115475287,2008,2008,,Xidian University; Capital Medical University; University of Oklahoma; Hefei University of Technology; PLA Air Force Aviation University; Beijing Chao-Yang Hospital; Beijing Forestry University; Oklahoma State University; China State Shipbuilding (China); Anyang Institute of Technology; Nanjing Agricultural University; Institute of Aviation Medicine; Communication University of China; Micron (United States); Schlumberger (United States); Qingdao Agricultural University; North Carolina State University,,,
https://openalex.org/A5026773840,Andrew Fox,https://openalex.org/I115475287,Oklahoma State University,2024,2024,https://openalex.org/I115475287,2024,2024,"University of California, Davis; Yonsei University; University of Oklahoma",University of Huddersfield; Oklahoma State University; National Oceanic and Atmospheric Administration; University of Florence,0000-0001-6719-8902,,
https://openalex.org/A5113481091,L. E. DeBault,https://openalex.org/I115475287,Oklahoma State University,1999,1999,https://openalex.org/I115475287,1999,1999,University of Oklahoma Health Sciences Center,Cancer Research Foundation; Karolinska University Hospital; Oklahoma State University; Harvard University; National Foundation for Cancer Research; Texas A&M University; Michigan State University; University of Iowa; Karolinska Institutet; Oklahoma Medical Research Foundation; University of Iowa Hospitals and Clinics; Children's Hospital of Oklahoma; OU Health; University of Oklahoma,,,
https://openalex.org/A5016438373,Ulrike Fooken,https://openalex.org/I115475287,Oklahoma State University,2003,2003,https://openalex.org/I115475287,2003,2003,Oklahoma State University; University of Oklahoma,Carl von Ossietzky Universität Oldenburg,,,
https://openalex.org/A5037178737,Salvador M. Guinjoan,https://openalex.org/I115475287,Oklahoma State University,2024,2024,https://openalex.org/I115475287,2024,2024,University of Tulsa; OU Health; National Institute of Mental Health and Neurosciences; Finis Terrae University; Laureate Institute for Brain Research; University of Oklahoma Health Sciences Center; Laureate Psychiatric Clinic and Hospital,"Institute of Astronomy and Space Physics; Centro Científico Tecnológico - Tucumán; Universidad Independiente; Universidad de Buenos Aires; Instituto de Neurología Cognitiva; University of Oklahoma; Oklahoma State University at Tulsa; Hospital de Clínicas ""José de San Martín""; Oklahoma State University; Centro Científico Tecnológico - San Juan; Spine Institute of Louisiana; Departamento de Salud; Fundación para la Lucha contra las Enfermedades Neurológicas de la Infancia; Sheppard Pratt Health System; Pontificia Universidad Católica Argentina; Consejo Nacional de Investigaciones Científicas y Técnicas; Sheppard and Enoch Pratt Hospital",0000-0002-1958-4259,,
https://openalex.org/A5022883899,Wesley A. Stroud,https://openalex.org/I115475287,Oklahoma State University,2020,2024,https://openalex.org/I115475287,2020,2024,Oklahoma State University,Oklahoma State University Oklahoma City; University of Oklahoma,0000-0003-0419-102X,,
https://openalex.org/A5073989828,Christopher M. Burba,https://openalex.org/I115475287,Oklahoma State University,2003,2003,https://openalex.org/I115475287,2003,2003,Northeastern State University,University of Oklahoma; Monash University; University of Toronto; Oklahoma State University,0000-0001-9503-0664,,
https://openalex.org/A5063784245,Gina McMillen,https://openalex.org/I115475287,Oklahoma State University,2009,2009,https://openalex.org/I115475287,2009,2009,University of Oklahoma; Oklahoma State University,,,,
https://openalex.org/A5025632777,Rudolf J. Wehmschulte,https://openalex.org/I115475287,Oklahoma State University,2003,2003,https://openalex.org/I115475287,2003,2003,Florida Institute of Technology,"University of Science and Technology of China; University of Idaho; University of Oklahoma; University of California, Davis; University of Münster; Oklahoma State University",0000-0003-0719-0620,,
https://openalex.org/A5026404391,Yoshitha A. Wanniarachchi,https://openalex.org/I115475287,Oklahoma State University,2007,2008,https://openalex.org/I115475287,2007,2008,Massachusetts Institute of Technology,University of Oklahoma; Oklahoma State University,,,
https://openalex.org/A5029585816,J. W. Oltjen,https://openalex.org/I115475287,Oklahoma State University,1987,1994,https://openalex.org/I115475287,1987,1994,"University of California System; University of California, Davis",California Department of Food and Agriculture; University of Oklahoma; IFC Research (United Kingdom); Arkansas Agricultural Experiment Station; Advanced Research Projects Agency - Energy; SHIELDS for Families; Oklahoma State University; Kansas State University,0000-0003-1790-843X,,
https://openalex.org/A5063862733,Brett F. Carver,https://openalex.org/I115475287,Oklahoma State University,1988,2025,https://openalex.org/I115475287,1988,2025,Oklahoma State University,University of Oklahoma; Center for Grain and Animal Health Research; Memorial Sloan Kettering Cancer Center; New York Proton Center; Agricultural Research Service; United States Department of Agriculture; Kansas State University; Louisiana State University; Nippon Steel (Japan); Oklahoma State University Oklahoma City; Henan Academy of Agricultural Sciences; Northwest A&F University,0000-0001-6800-5754,,
https://openalex.org/A5018071404,Syed S. Jehangir,https://openalex.org/I115475287,Oklahoma State University,2025,2025,https://openalex.org/I115475287,2025,2025,Oklahoma State University; Sensors (United States),Radar (United States); University of Oklahoma; United Arab Emirates University; King Fahd University of Petroleum and Minerals,0000-0002-0222-0248,,
https://openalex.org/A5056555342,Myongjin Kim,https://openalex.org/I115475287,Oklahoma State University,2025,2025,https://openalex.org/I115475287,2025,2025,Hangang Sacred Heart Hospital; Hallym University; University of Oklahoma,Hallym University Medical Center; Korea International Cooperation Agency; Oklahoma City University; Seoul National University Hospital; Pohang University of Science and Technology,0000-0001-8247-1065,,
https://openalex.org/A5048045228,Katherine Curry,https://openalex.org/I115475287,Oklahoma State University,2014,2025,https://openalex.org/I115475287,2014,2025,Oklahoma State University,University of Belize; Oklahoma State University Oklahoma City; University of Oklahoma; University of South Florida,0000-0002-4977-538X,,
https://openalex.org/A5059580482,Jackson T. Wright,https://openalex.org/I115475287,Oklahoma State University,2025,2025,https://openalex.org/I115475287,2025,2025,University School; University Hospitals of Cleveland; Case Western Reserve University,"Cleveland University; Memphis VA Medical Center; University of New Haven; National Institutes of Health; Virginia Commonwealth University Medical Center; Columbia University Irving Medical Center; Skellefteå Hospital; Tulane University; St. Luke's Hospital; Harlem Hospital Center; University of Massachusetts Chan Medical School; University of Pittsburgh; Loyola University Medical Center; Albert Einstein College of Medicine; University of Houston; Charles R. Drew University of Medicine and Science; University of California, San Francisco; Augusta University; GlaxoSmithKline (Sri Lanka); Sprint (United States); Western University of Health Sciences; St. John's Hospital; New York University; Illinois College; University of Chicago; Oklahoma Heart Hospital; VA Salt Lake City Healthcare System; St. John Hospital & Medical Center; Umeå University; Rutgers, The State University of New Jersey; Washington University in St. Louis; University of Washington; Wake Forest University; Rush University; Boston University; Stanford University; The Ohio State University; Sahlgrenska University Hospital; American College of Preventive Medicine; Jefferson College; The University of Texas Southwestern Medical Center; University of Utah; University Hospitals Cleveland Medical Center; Georgetown University; Glostrup Hospital; Rush University Medical Center; VA Maryland Health Care System; University of Maryland, Baltimore; University of North Carolina at Chapel Hill; University at Buffalo, State University of New York; Shaker Heights Public Library; GlaxoSmithKline (United States); Yale University; Virginia Commonwealth University; Kaiser Permanente; Thomas Jefferson University; University of Tennessee Health Science Center; Agricultural Research Service; University of Chicago Medical Center; Haukeland University Hospital; The University of Texas Health Science Center at Houston; National Heart Lung and Blood Institute; Helsinki University Hospital; National Institute of Neurological Disorders and Stroke; Jefferson College of Health Sciences; United States Department of Veterans Affairs; Johns Hopkins University; Vanderbilt University Medical Center; University of Mississippi Medical Center; University of Oklahoma; National Institute of Diabetes and Digestive and Kidney Diseases; HealthPartners; Southern Illinois University School of Medicine; University of Southern California; SPRINT; NYU Langone Health; Johns Hopkins Medicine; Louis Stokes Cleveland VA Medical Center; University of Pennsylvania; University of Illinois Chicago; Hennepin County Medical Center; University of Arizona; Columbia University; Michael E. DeBakey VA Medical Center; Veterans Health Administration; University of Minnesota; University of Michigan; St. Luke's-Roosevelt Hospital Center; University of Alabama at Birmingham; Cleveland Clinic; Jackson Memorial Hospital; Emory University; Montefiore Medical Center; Howard University; Ochsner Medical Center; University of Georgia; University of Washington Medical Center; University of Alabama; Loyola University Chicago; Georgetown University Medical Center; United States Military Academy; Morehouse College; Renal Research Institute; Baylor College of Medicine; Indiana University – Purdue University Indianapolis; University Medical Center; Lenox Hill Hospital; University of Ottawa; Hypertension Institute",0000-0003-2557-7239,,
https://openalex.org/A5027643482,R. G. Buckner,https://openalex.org/I115475287,Oklahoma State University,1967,1986,https://openalex.org/I115475287,1967,1986,Oklahoma State University,University of Oklahoma,,,
https://openalex.org/A5111720263,W. A. Sibley,https://openalex.org/I115475287,Oklahoma State University,1971,1991,https://openalex.org/I115475287,1971,1991,,United States Naval Research Laboratory; The Neurological Institute; U.S. National Science Foundation; Banner - University Medical Center Tucson; University of Bristol; University Hospital; Oklahoma State University Oklahoma City; University of Vermont; University of Michigan; University Hospitals of Cleveland; Fondazione IRCCS Istituto Neurologico Carlo Besta; Western University; University of Alabama at Birmingham; Universidad Nacional Autónoma de México; Yale University; Imperial Metals (Canada); American Academy of Neurology; University of Birmingham; National Fire Protection Association; Oklahoma State University; University of Oklahoma; Multiple Sclerosis Foundation; Oak Ridge National Laboratory; University of Arizona; Columbia University; University School; American Association For The Advancement of Science; NewYork–Presbyterian Hospital; Atomic Energy (Canada); Pusan National University; Trinity College Dublin; American Society For Testing and Materials; Sibley Memorial Hospital; Case Western Reserve University,,,
https://openalex.org/A5003941498,J. C. Wolfe,https://openalex.org/I115475287,Oklahoma State University,1985,1985,https://openalex.org/I115475287,1985,1985,University of Houston,University of Oklahoma; University of Rochester; University of British Columbia; Oklahoma State University; Oregon Medical Research Center; KU Leuven; Iron Mountain (United States); Newman University,,,
https://openalex.org/A5103060743,David W. Reynolds,https://openalex.org/I115475287,Oklahoma State University,1970,1970,https://openalex.org/I115475287,1970,1970,University of Colorado Denver,Yale University; Stanford University; Nottingham University Hospitals NHS Trust; University of Alabama at Birmingham; Emory University; Children's Hospital of Oklahoma; Google (United States); Hershey (United States); Yale New Haven Hospital; University College Dublin; University of Alabama at Birmingham Hospital; Royal Victoria Infirmary; United States Public Health Service; Vanderbilt University; Oklahoma State Department of Health; University of Alabama; University of Oklahoma Health Sciences Center; United States Department of Health and Human Services; Children's of Alabama; Food Safety Authority of Ireland; Central Middlesex Hospital; University of Oklahoma; Addenbrooke's Hospital; Oklahoma State University; University of Oxford; Dayton VA Medical Center; Birmingham VA Medical Center; National Institute of Neurological Disorders and Stroke,0000-0002-6135-5011,,
https://openalex.org/A5046667929,Terrence K. Kominsky,https://openalex.org/I115475287,Oklahoma State University,2016,2016,https://openalex.org/I115475287,2016,2016,Emory University; Cherokee Nation,University of Florida; University of North Texas; University of North Texas Health Science Center; Oklahoma State University; Tribal Group; University of Oklahoma,0000-0003-4869-4235,,
https://openalex.org/A5019474922,David B. Demko,https://openalex.org/I115475287,Oklahoma State University,2007,2007,https://openalex.org/I115475287,2007,2007,,Oklahoma State University; University of Oklahoma,,,
https://openalex.org/A5021217224,J. Michael Wolfinbarger,https://openalex.org/I115475287,Oklahoma State University,2007,2007,https://openalex.org/I115475287,2007,2007,University of Oklahoma; Oklahoma State University,Oklahoma Biological Survey,,,
https://openalex.org/A5069637844,Janet E. Martinez,https://openalex.org/I115475287,Oklahoma State University,2007,2007,https://openalex.org/I115475287,2007,2007,University of Oklahoma; Oklahoma State University,Oklahoma Biological Survey,,,
https://openalex.org/A5047828945,Jared P. Bostic,https://openalex.org/I115475287,Oklahoma State University,2007,2007,https://openalex.org/I115475287,2007,2007,Oklahoma Biological Survey; University of Oklahoma,Oklahoma State University,,,
https://openalex.org/A5066360302,Jeffrey B. Basara,https://openalex.org/I115475287,Oklahoma State University,2007,2018,https://openalex.org/I115475287,2007,2018,University of Oklahoma; University of Massachusetts Lowell,Oklahoma Biological Survey; Oklahoma State University; South Central Climate Adaptation Science Center; Cooperative Institute for Mesoscale Meteorological Studies,0000-0002-2096-6844,,
https://openalex.org/A5103432895,Robert C. Brown,https://openalex.org/I115475287,Oklahoma State University,1973,1973,https://openalex.org/I115475287,1973,1973,,"University of Southern California; LAC+USC Medical Center; Aflac (United States); University of North Carolina at Pembroke; Emory University; Louisiana State University Agricultural Center; St Christopher's Hospice; Oak Ridge National Laboratory; Georgia State University; Albany State University; Buffalo State University; University of Oklahoma; Oklahoma State University; University of Massachusetts Chan Medical School; Oklahoma Department of Human Services; Australian National University; University at Buffalo, State University of New York; University of Iowa Hospitals and Clinics; University of Arkansas for Medical Sciences; Children's Healthcare of Atlanta; New School; Northwestern University; University of Exeter; Albany Medical Center Hospital; University of North Carolina at Chapel Hill; Nestlé (Switzerland); University of Auckland; Fordham University; Armed Forces Institute of Pathology; University of Iowa; University of Florida; Western Infirmary; McCormick (United States); University at Albany, State University of New York; Indiana University",,,
https://openalex.org/A5048522433,David Grimsley,https://openalex.org/I115475287,Oklahoma State University,2007,2007,https://openalex.org/I115475287,2007,2007,,University of Virginia; University of Oklahoma; Oklahoma Biological Survey; Oklahoma State University,,,
https://openalex.org/A5029081503,Christopher A. Fiebrich,https://openalex.org/I115475287,Oklahoma State University,2007,2007,https://openalex.org/I115475287,2007,2007,University of Oklahoma,Cooperative Institute for Mesoscale Meteorological Studies; Oklahoma State University; Oklahoma Biological Survey; American Meteorological Society; NOAA National Weather Service,0000-0001-5673-372X,,
https://openalex.org/A5112741330,Kenneth Crawford,https://openalex.org/I115475287,Oklahoma State University,2007,2007,https://openalex.org/I115475287,2007,2007,Bord na Móna (Ireland),"Teikyo University; Shell (United States); University of Edinburgh; University of Louisville; American Concrete Institute; Oklahoma Biological Survey; National Institute of Technology Warangal; Universiti Sains Malaysia; University of Hyderabad; Edwards Air Force Base; University of Oklahoma; International Institute for Sustainable Development; Cooperative Institute for Mesoscale Meteorological Studies; North Carolina State University; American Institute for Economic Research; NOAA National Severe Storms Laboratory; National Oceanic and Atmospheric Administration; NOAA National Weather Service; University of Craiova; Modern Technology Solutions (United States); Oklahoma State University; Bryce Hospital; Czech Academy of Sciences, Institute of Theoretical and Applied Mechanics; Université Moulay Ismail de Meknes; Charles University",,,
https://openalex.org/A5038435865,Kevin A. Kloesel,https://openalex.org/I115475287,Oklahoma State University,2007,2007,https://openalex.org/I115475287,2007,2007,,University of Massachusetts Amherst; American Meteorological Society; McGill University; Oklahoma Biological Survey; Oklahoma State University; NOAA National Weather Service; Space (Italy); Colorado State University; Pennsylvania State University; University of Puerto Rico-Mayaguez; Millersville University; Hampton University; National Emergency Management Agency; NOAA National Severe Storms Laboratory; Florida State University; University of Oklahoma,0000-0002-1664-0200,,
https://openalex.org/A5021980067,Andrea D. Melvin,https://openalex.org/I115475287,Oklahoma State University,2007,2007,https://openalex.org/I115475287,2007,2007,University of Oklahoma; NOAA National Weather Service; American Meteorological Society,Oklahoma Biological Survey; Oklahoma State University,,,
https://openalex.org/A5060932074,Himanshu Shrivastava,https://openalex.org/I115475287,Oklahoma State University,2007,2007,https://openalex.org/I115475287,2007,2007,,Rajiv Gandhi Technical University; IITB-Monash Research Academy; Rajiv Gandhi Cancer Institute and Research Centre; University of Oklahoma; University of Glasgow; Indian Institute of Technology Bombay; Oklahoma State University; Karnavati University,,,
https://openalex.org/A5101843185,Xuebin Yang,https://openalex.org/I115475287,Oklahoma State University,2019,2019,https://openalex.org/I115475287,2019,2019,Syracuse University,Peking University; Kansas State University; The University of Texas at Austin; Institute of Geographic Sciences and Natural Resources Research; China West Normal University; Oklahoma State University; Chinese Academy of Sciences; Xi'an International Studies University; University of Oklahoma,0000-0002-4022-5576,,
https://openalex.org/A5070100731,James R. Kilby,https://openalex.org/I115475287,Oklahoma State University,2007,2007,https://openalex.org/I115475287,2007,2007,University of Oklahoma; Oklahoma State University,,,,
https://openalex.org/A5109075155,Adolfo D. Garnica,https://openalex.org/I115475287,Oklahoma State University,2008,2008,https://openalex.org/I115475287,2008,2008,University of Arkansas for Medical Sciences,Oklahoma City University; St. Francis Hospital; Arkansas Children's Hospital; University of Florida; University of Oklahoma Health Sciences Center; Oklahoma State University; Pediatrics and Genetics; Children's Medical Center; Florida College; Children's Hospital of Oklahoma; University of Oklahoma; University of Iowa; Georgetown University Medical Center; Georgetown University,,,
https://openalex.org/A5029926029,Noha H. Youssef,https://openalex.org/I115475287,Oklahoma State University,2007,2025,https://openalex.org/I115475287,2007,2025,Oklahoma State University Oklahoma City; Oklahoma State University,University of Toronto; Weatherford College; Jackson State University; Oak Ridge National Laboratory; Laboratory of Molecular Genetics; University of Oklahoma,0000-0001-9159-3785,,
https://openalex.org/A5088406716,Bradley G. Illston,https://openalex.org/I115475287,Oklahoma State University,2007,2007,https://openalex.org/I115475287,2007,2007,University of Oklahoma,Oklahoma Biological Survey; Oklahoma State University,0000-0003-0970-7734,,
https://openalex.org/A5075996734,Dale A. Morris,https://openalex.org/I115475287,Oklahoma State University,2007,2007,https://openalex.org/I115475287,2007,2007,University of Oklahoma; Cooperative Institute for Mesoscale Meteorological Studies,Oklahoma State University; NSF National Center for Atmospheric Research; NOAA National Severe Storms Laboratory; Oklahoma Biological Survey,,,
https://openalex.org/A5061312763,J. D. Olson,https://openalex.org/I115475287,Oklahoma State University,2016,2016,https://openalex.org/I115475287,2016,2016,University of Oklahoma,Plant (United States); Institute of Entomology; Oklahoma State University,,,
https://openalex.org/A5043689062,Renee A. McPherson,https://openalex.org/I115475287,Oklahoma State University,2007,2007,https://openalex.org/I115475287,2007,2007,Climate Central; South Central Climate Adaptation Science Center; University of Oklahoma,Oklahoma State University; United States Department of the Interior; Oklahoma Biological Survey; University Corporation for Atmospheric Research; NOAA National Weather Service; Memorial; North Central Climate Adaptation Science Center; University of Illinois Urbana-Champaign; Adam Mickiewicz University in Poznań; Nassau Community College; United States Naval Academy; United States Geological Survey; Long Island University,0000-0002-1497-9681,,
https://openalex.org/A5062172432,Penny Thompson,https://openalex.org/I115475287,Oklahoma State University,2013,2024,https://openalex.org/I115475287,2013,2024,Oklahoma State University Oklahoma City,Oklahoma State University; Liverpool Hospital; University of Central Oklahoma; Liverpool Hope University; Office of Inspector General; Maudsley Hospital; University of Bradford; California Wellness Foundation; University of Oklahoma; Institute of Religious Studies; University of Illinois Urbana-Champaign; Bethlem Royal Hospital; Michigan State University,0000-0002-2877-9947,,
https://openalex.org/A5046986734,Andrew N. Doust,https://openalex.org/I115475287,Oklahoma State University,2006,2024,https://openalex.org/I115475287,2006,2024,,Oklahoma State University Oklahoma City; Physical Sciences (United States); University of Georgia; The University of Melbourne; University of Missouri–St. Louis; University of Oklahoma; John Innes Centre; Oklahoma State University; University of Missouri; Norwich Research Park; University of Florida; Royal Botanic Garden Sydney,0000-0002-2324-5495,,
https://openalex.org/A5107879122,A. Khanov,https://openalex.org/I115475287,Oklahoma State University,2017,2017,https://openalex.org/I115475287,2017,2017,,"Oklahoma State University Oklahoma City; Institut National de Physique Nucléaire et de Physique des Particules; Centre National de la Recherche Scientifique; European Organization for Nuclear Research; Universidad San Francisco de Quito; Charles University; University of Science and Technology of China; University of Rochester; University of Oklahoma; Kansas State University; Universidade Federal do ABC; The University of Melbourne; Oklahoma State University; Centro Brasileiro de Pesquisas Físicas; The University of Adelaide; Czech Academy of Sciences, Institute of Physics",,,
https://openalex.org/A5084482165,Oleg V. Petrenko,https://openalex.org/I115475287,Oklahoma State University,2014,2022,https://openalex.org/I115475287,2014,2022,University of Oklahoma,Inspira; Oklahoma State University; Walker (United States); Louisiana State University; University of Arkansas at Fayetteville; Oklahoma State University Oklahoma City; Clemson University; Emerald Group Publishing (United Kingdom); Centre for Process Innovation; Texas Tech University,0000-0002-7037-7765,,
https://openalex.org/A5071732038,Riley E. Dunlap,https://openalex.org/I115475287,Oklahoma State University,2007,2025,https://openalex.org/I115475287,2007,2025,Oklahoma State University,Oxford University Press (United Kingdom); American Sociological Association; University of Alberta; Institut de l'Information Scientifique et Technique; Åbo Akademi University; University of Tennessee at Knoxville; Paradigm (France); University of Oregon; Washington State University; Oklahoma State University Oklahoma City; University of Oklahoma; York University,0000-0002-7047-3757,,
https://openalex.org/A5008204860,Emma Kuster,https://openalex.org/I115475287,Oklahoma State University,2017,2017,https://openalex.org/I115475287,2017,2017,University of Oklahoma,U.S. National Science Foundation; South Central Climate Adaptation Science Center; Climate Central; Oklahoma State University,0009-0002-1070-4290,,
https://openalex.org/A5021715485,Margarita Mauro‐Herrera,https://openalex.org/I115475287,Oklahoma State University,2009,2023,https://openalex.org/I115475287,2009,2023,Oklahoma State University,Physical Sciences (United States); University of Oklahoma; Agricultural Research Service; Animal and Plant Health Inspection Service; National Clonal Germplasm Repository; Oklahoma State University Oklahoma City; University of Oklahoma Health Sciences Center,,,
https://openalex.org/A5038529807,Mostafa S. Elshahed,https://openalex.org/I115475287,Oklahoma State University,2007,2025,https://openalex.org/I115475287,2007,2025,Oklahoma State University Oklahoma City; Oklahoma State University,New York University Press; University of Toronto; Cambridge University Press; University of Oklahoma; Weatherford College; Jackson State University; Oak Ridge National Laboratory; Laboratory of Molecular Genetics,0000-0002-1067-1647,,
https://openalex.org/A5000205628,Bernard F. Fuemmeler,https://openalex.org/I115475287,Oklahoma State University,2002,2004,https://openalex.org/I115475287,2002,2004,Virginia Commonwealth University; Virginia Cancer Institute; VCU Massey Comprehensive Cancer Center,"University of Oklahoma; Duke University Hospital; Commonwealth Cancer Center; Indiana University School of Medicine; Virginia Commonwealth University Medical Center; Bridge University; Medical University of South Carolina; Brigham Young University; Duke University; Duke Medical Center; University of California, San Diego; Oklahoma State University; University of South Carolina; National Institutes of Health; National Cancer Institute; National Cancer Institute; Children's Hospital of Richmond at VCU",0000-0002-3550-0107,,
https://openalex.org/A5013531724,T. Kent Teague,https://openalex.org/I115475287,Oklahoma State University,2003,2024,https://openalex.org/I115475287,2003,2024,Oklahoma State University Center for Health Sciences; Tulsa Community College; University of Oklahoma; University of Oklahoma Health Sciences Center,American Association of Colleges of Pharmacy; Howard Hughes Medical Institute; St. Jude Children's Research Hospital; National Jewish Health; St. John Medical Center; University of Colorado Health; The University of Texas MD Anderson Cancer Center; University of Colorado Denver; Laureate Institute for Brain Research; Marquette University; University of Tulsa; Oklahoma State University,0000-0002-4680-5440,,
https://openalex.org/A5005235011,John S. Shackford,https://openalex.org/I115475287,Oklahoma State University,2002,2002,https://openalex.org/I115475287,2002,2002,,General Electric (United Kingdom); University of Oklahoma; Oklahoma Library Association; Oklahoma State University; United States Geological Survey,,,
https://openalex.org/A5049497141,Dale Teeters,https://openalex.org/I115475287,Oklahoma State University,2000,2001,https://openalex.org/I115475287,2000,2001,University of Tulsa,University of Oklahoma; Oklahoma State University,,,
https://openalex.org/A5063198138,Narayanasamy Gurusamy,https://openalex.org/I115475287,Oklahoma State University,1981,1981,https://openalex.org/I115475287,1981,1981,,University of Oklahoma; Oklahoma State University; Oklahoma State University Oklahoma City,,,
https://openalex.org/A5029418130,Tamás Fazekas,https://openalex.org/I115475287,Oklahoma State University,1996,1996,https://openalex.org/I115475287,1996,1996,Semmelweis University; Comprehensive Cancer Center Vienna; Medical University of Vienna,"St Anna Children's Hospital; OU Health; Maastricht University; Szent Imre Egyetemi Oktatókórház; University of Debrecen; Boston Children's Hospital; University of Oklahoma; BM Központi Kórház; Oklahoma State University; Queen Margaret University; Vienna General Hospital; University of Oklahoma Health Sciences Center; University of Szeged; Univesity of Life Science ""King Mihai I"" from Timisoara; Békés Megyei Központi Kórház",0000-0003-0068-4089,,
https://openalex.org/A5072301941,S. Sangiah,https://openalex.org/I115475287,Oklahoma State University,1984,2011,https://openalex.org/I115475287,1984,2011,Oklahoma State University,Oklahoma State University Oklahoma City; Mercy University; University of Oklahoma; Arkansas Agricultural Experiment Station; Purdue University West Lafayette; Baton Rouge Clinic; University of Szeged; Department of Physiological Sciences; Sparks,,,
https://openalex.org/A5109194166,Benjamin J. Scherlag,https://openalex.org/I115475287,Oklahoma State University,1996,2010,https://openalex.org/I115475287,1996,2010,University of Oklahoma Health Sciences Center,United States Public Health Service; University of Oklahoma Medical Center; Fudan University; Cardiovascular Research Center; Wuhan University; University of Pennsylvania; Texas Health Dallas; College of Staten Island; Mount Sinai Medical Center; Oklahoma City University; Columbia University; Palm Beach Research Center; Penn Presbyterian Medical Center; Heart Rhythm Society; OU Health; Chinese Academy of Medical Sciences & Peking Union Medical College; The University of Texas at Arlington; Oklahoma City VA Medical Center; University Medical Center; Sinai Hospital; Second Affiliated Hospital of Jilin University; Renmin Hospital of Wuhan University; Mount Sinai Hospital; St. Jude Medical Center; Peking University; Atria; Jilin University; American Heart Association; Fu Wai Hospital; Université de Montréal; University of Oklahoma; University of Miami; Texas Cardiac Arrhythmia; Zhongshan Hospital; Peking University Third Hospital; Oklahoma State University; University of Miami Hospital; United States Department of Veterans Affairs,,,
https://openalex.org/A5111546579,Dick Van der Helm,https://openalex.org/I115475287,Oklahoma State University,1996,1996,https://openalex.org/I115475287,1996,1996,,University of Oklahoma; Oklahoma State University; Sharif University of Technology; The University of Texas Southwestern Medical Center; University of Houston; University of Portsmouth; East Tennessee State University; University of Pennsylvania; Vrije Universiteit Brussel; Natural History Museum; University of Victoria; Oklahoma State University Oklahoma City; Max Planck Institute for Developmental Biology; Howard Hughes Medical Institute; King's College London,,,
https://openalex.org/A5050713327,Kevin E. Washburn,https://openalex.org/I115475287,Oklahoma State University,2000,2007,https://openalex.org/I115475287,2000,2007,Texas A&M University,Black Hills Special Services Cooperative; Texas College; University of Rhode Island; University of Oklahoma; Mitchell Institute; Oklahoma State University; Conway School of Landscape Design; University of Tennessee at Knoxville,0000-0001-5291-3328,,
https://openalex.org/A5013581976,Qi-e Zhang,https://openalex.org/I115475287,Oklahoma State University,2005,2005,https://openalex.org/I115475287,2005,2005,Jiangxi Agricultural University,Oklahoma State University; Roswell Park Comprehensive Cancer Center; University of Oklahoma; University of Colorado Denver; Oklahoma City University; University of Florida,,,
https://openalex.org/A5066917659,Mary Lawler,https://openalex.org/I115475287,Oklahoma State University,2003,2003,https://openalex.org/I115475287,2003,2003,Sheffield Hallam University,University of Lancashire; Oklahoma State University; University of Oklahoma; Northwestern University; Technical University of Denmark; Oklahoma City University; University of Leeds; The University of Texas Health Science Center at Houston; Greenfield Community College,0000-0002-0106-5418,,
https://openalex.org/A5093784020,Janet D. Gaskins,https://openalex.org/I115475287,Oklahoma State University,1998,1998,https://openalex.org/I115475287,1998,1998,University of Oklahoma; Oklahoma State University; Abbott Fund,,,,
https://openalex.org/A5100410366,Hong Liu,https://openalex.org/I115475287,Oklahoma State University,2016,2016,https://openalex.org/I115475287,2016,2016,Tsinghua University; State Key Laboratory of New Ceramics and Fine Processing; Materials Science & Engineering,Naval University of Engineering; First Affiliated Hospital of Zhengzhou University; Shanghai University of Finance and Economics; University of Science and Technology Beijing; Central South University; RELX Group (United States); Zhejiang Gongshang University; North China Electric Power University; Washington University in St. Louis; Chinese Academy of Sciences; China People's Police University; China Mobile (China); Guangxi Medical University; Shanghai Key Laboratory of Trustworthy Computing; Wan Fang Hospital; Wuhan Donghu University; Central Institute for Art History; Ministry of Transport; University of Massachusetts Dartmouth; Nanchang Hangkong University; Fujian Normal University; Second Xiangya Hospital of Central South University; Tongde Hospital of Zhejiang Province; Tân Tạo University; Shandong Normal University; Northeast Normal University; Fuzhou University; Zhejiang University; Peking University; University of Oklahoma; Indiana University Kokomo; Jishou University; Institute of Computing Technology; East China Normal University; Fudan University; Sichuan Cancer Hospital; Harbin Institute of Technology; Jiaozuo University; Changchun University of Chinese Medicine; Shanghai Institute of Microsystem and Information Technology; Google (United States); Shenzhen University; Institute of Economics; Oklahoma State University; Nanchang Institute of Science & Technology,0000-0003-3389-2765,,
https://openalex.org/A5055980655,Soumitra Nandi,https://openalex.org/I115475287,Oklahoma State University,1987,2019,https://openalex.org/I115475287,1987,2019,Indian Institute of Technology Guwahati,"University of Siegen; The Ohio State University; University of Calcutta; Istituto Nazionale di Fisica Nucleare, Sezione di Torino; Technion – Israel Institute of Technology; Oklahoma State University Oklahoma City; University of Oklahoma; Fermi National Accelerator Laboratory; Harish-Chandra Research Institute; Karlsruhe Institute of Technology; Université de Montréal; Oklahoma State University; Folkwang University of the Arts",0000-0001-6567-0302,,
https://openalex.org/A5109858692,David W. A. Bourne,https://openalex.org/I115475287,Oklahoma State University,1994,1994,https://openalex.org/I115475287,1994,1994,University of Colorado Anschutz Medical Campus; University of Montana,"Oklahoma State University; University of Oklahoma Health Sciences Center; The University of Queensland; University of Kansas; The Ohio State University; Texas Tech University Health Sciences Center; Rutgers, The State University of New Jersey; University of Illinois Urbana-Champaign; Oklahoma City University; Canadian University of Dubai; University of Oklahoma; University of Kentucky; American Association of Colleges of Pharmacy; Oklahoma Medical Research Foundation; Durham University; Lexington VA Health Care System; Texas Tech University; The Medical Center of Aurora; Louisiana State University; University of Utah; University of Colorado Denver; Novartis (Switzerland); OU Health; Carnegie Mellon University; Ohio State University Hospital; Huntsman Cancer Institute; Boca Raton Regional Hospital",,,
https://openalex.org/A5081635691,Peter E. Clark,https://openalex.org/I115475287,Oklahoma State University,1970,2018,https://openalex.org/I115475287,1970,2018,Levine Cancer Institute,"University of Virginia; Monroe Carell Jr. Children's Hospital; Imperial Valley College; Boeing (United States); National Research Council Canada; Clatterbridge Cancer Centre NHS Foundation Trust; Neurological Surgery; Guy's Hospital; University Hospitals Seidman Cancer Center; Royal South Hants Hospital; Nashville Oncology Associates; University of Alabama; Brigham and Women's Hospital; University Hospital and Clinics; University of Florida; In-Q-Tel; University Medical Center; Beatson West of Scotland Cancer Centre; Harvard University; Meharry Medical College; Schlumberger (Canada); USC Norris Comprehensive Cancer Center; University of Colorado Cancer Center; Vanderbilt-Ingram Cancer Center; Carolinas Medical Center; Boeing (Australia); University of North Carolina at Charlotte; Tripler Army Medical Center; Oklahoma State University; Boeing (Spain); Atrium Health Wake Forest Baptist; Northwestern University; Cleveland Clinic; Vulcan (United States); University of St Andrews; Universitat Pompeu Fabra; Sidney Kimmel Comprehensive Cancer Center; Augusta University; Roswell Park Comprehensive Cancer Center; University of Washington Applied Physics Laboratory; Integrity Systems (United States); Systems Technology (United States); University of Tennessee at Knoxville; Eli Lilly (United States); Stanford University; Vanderbilt University Medical Center; Institut de Recherche en Santé, Environnement et Travail; Commonwealth Scientific and Industrial Research Organisation; Seattle University; Monash University; Dow Chemical (United States); École des Hautes Études en Santé Publique; Vanderbilt University; Behavioral Tech Research, Inc.; North Tyneside General Hospital; University of Southern Denmark; University of Arizona; Wake Forest University; Wake Forest Baptist Comprehensive Cancer Center; Geoscience Australia; Centre Hospitalier Universitaire Pointe-à-Pitre; University of Southern California; University of North Carolina at Chapel Hill; Carolinas Healthcare System; Emory University; Historic Deerfield; Clark Art Institute; Inserm; Florida College; University of Colorado Denver; University College London; Atrium Medical Cente; University of Tulsa; Southern California University for Professional Studies; Allen Institute; Vanderbilt Health; National Academies of Sciences, Engineering, and Medicine; Cleveland Clinic Lerner College of Medicine; The University of Texas MD Anderson Cancer Center; City of Hope; The Ohio State University Comprehensive Cancer Center – Arthur G. James Cancer Hospital and Richard J. Solove Research Institute; University of Oklahoma; Allen Institute for Artificial Intelligence; Neurology, Inc; Huntsman Cancer Institute; University of Washington; American Urological Association; University of Tennessee Medical Center",0000-0002-8006-7015,,
https://openalex.org/A5111609624,P. J. Birckbichler,https://openalex.org/I115475287,Oklahoma State University,1998,1998,https://openalex.org/I115475287,1998,1998,Slippery Rock University; Biomedical Research Models (United States),The University of Texas at Austin; Haverford College; Baylor University Medical Center; University of Bergen; Brown University; OU Health; Noble Research Institute; University of Oklahoma Health Sciences Center; University of Oklahoma; Oklahoma State University,,,
https://openalex.org/A5031728364,Jentre Olsen,https://openalex.org/I115475287,Oklahoma State University,2019,2025,https://openalex.org/I115475287,2019,2025,Oklahoma State University Oklahoma City; Oklahoma State University,University of South Florida; University of Oklahoma; Oklahoma State University System; University of Belize; University of Tulsa,0000-0002-4678-5478,,
https://openalex.org/A5066847146,Yuting Zhou,https://openalex.org/I115475287,Oklahoma State University,2017,2023,https://openalex.org/I115475287,2017,2023,Shenyang Institute of Automation; Chinese Academy of Sciences; Aerospace Information Research Institute; Beijing Institute of Big Data Research; Nanjing University of Finance and Economics,Oklahoma State University; Oklahoma State University Oklahoma City; Sichuan University; Nanjing University of Science and Technology; Institute of Geographic Sciences and Natural Resources Research; University of Chinese Academy of Sciences; University of Oklahoma,0000-0002-6794-4861,,
https://openalex.org/A5112516828,Yuting Zhou,https://openalex.org/I115475287,Oklahoma State University,2018,2018,https://openalex.org/I115475287,2018,2018,,Nanjing University of Chinese Medicine; University of Oklahoma; Aerospace Information Research Institute; Oklahoma State University; Suzhou Traditional Chinese Medicine Hospital; Chinese Academy of Sciences,,,
https://openalex.org/A5072102916,Brenda J. Smith,https://openalex.org/I115475287,Oklahoma State University,2002,2024,https://openalex.org/I115475287,2002,2024,Indiana University – Purdue University Indianapolis; University School; Indiana University School of Medicine; Indianapolis Zoo; Indiana University,The Ohio State University; Oklahoma State University Oklahoma City; North Carolina State University; University of Oklahoma; University of Oklahoma Health Sciences Center; Queensland University of Technology; University of Sussex; University of Missouri–Kansas City; Allergan (United States); In-Q-Tel; DePaul University; Veterans Health Administration; Kyiv City Clinical Oncology Center; Oklahoma State University; Institute of Psychiatry and Neurology; St Bartholomew's Hospital; Bethlem Royal Hospital,0000-0002-7296-8534,,
https://openalex.org/A5062057476,Vishal Yeddu,https://openalex.org/I115475287,Oklahoma State University,2019,2022,https://openalex.org/I115475287,2019,2022,University of Victoria,Oklahoma State University; Banaras Hindu University; University of Oklahoma; Oklahoma State University Oklahoma City,0000-0003-2016-8620,,
https://openalex.org/A5065326793,Kazim Topuz,https://openalex.org/I115475287,Oklahoma State University,2017,2017,https://openalex.org/I115475287,2017,2017,University of Tulsa; Collins College,University of Oklahoma; Badalona Serveis Assistencials; Deutsche Gesellschaft für Hämatologie und Medizinische Onkologie; Dillinger Hütte (Germany); Oklahoma State University; Wichita State University,0000-0001-7990-5475,,
https://openalex.org/A5032149717,Pratyaydipta Rudra,https://openalex.org/I115475287,Oklahoma State University,2019,2025,https://openalex.org/I115475287,2019,2025,Oklahoma State University; University of Oklahoma,Colorado School of Public Health; Florida State University; University of Colorado Denver; University of Colorado Anschutz Medical Campus; Oklahoma State University Oklahoma City; University of North Carolina at Chapel Hill,0000-0002-1089-7283,,
https://openalex.org/A5102096129,Stephen J. Miller,https://openalex.org/I115475287,Oklahoma State University,2000,2014,https://openalex.org/I115475287,2000,2014,VA Boston Healthcare System,Oklahoma State University Oklahoma City; Marymount University; Uppsala University; Breast Cancer Research Foundation; Hospital of the University of Pennsylvania; West Virginia University; Miami Hand Center; INTEGRIS Baptist Medical Center; Huntington Ingalls Industries (United States); University of Miami; Oklahoma State University; Ernst & Young (Israel); Ernst & Young (United States); Fred Hutch Cancer Center; University of Oklahoma; University College London; University of Missouri; Brandeis University; Psychoanalytic Institute of Northern California; Christiana Care Health System; Harvard University; Memorial Sloan Kettering Cancer Center; National Hospital for Neurology and Neurosurgery; The University of Texas MD Anderson Cancer Center; Illinois Arts Council Agency; Moorfields Eye Hospital; Louisiana State University,,,
https://openalex.org/A5043575692,Shelia M. Kennison,https://openalex.org/I115475287,Oklahoma State University,2001,2025,https://openalex.org/I115475287,2001,2025,Oklahoma State University,Oklahoma State University Oklahoma City; Harvard University Press; University of Massachusetts Amherst; University of Oklahoma; University of Science and Arts of Oklahoma,0000-0001-9298-3152,,
https://openalex.org/A5016710263,Susan B. Sisson,https://openalex.org/I115475287,Oklahoma State University,2016,2016,https://openalex.org/I115475287,2016,2016,University of Oklahoma Health Sciences Center,American Academy of Pediatrics; San Diego State University; East Carolina University; University of Pittsburgh; Campo Arqueologico de Mertola; OU Health; Tudor Place; Eastern Oregon University; Pennington Biomedical Research Center; University of Washington; University of Pennsylvania; University of Kansas Medical Center; University of Tulsa; Oklahoma City University; University of the Pacific; Oklahoma State University; Arizona State University; University of Massachusetts Boston; University of Tennessee at Knoxville; Susan G. Komen Breast Cancer Foundation; Pittsburg State University; Oregon State University; Society of Health and Physical Educators; Canadian Fitness and Lifestyle Research Institute; Lee University; Nutrition Sciences (Belgium); University of Oklahoma; University of South Carolina,0000-0003-2652-2416,,
https://openalex.org/A5011897989,Thomas H. Clapper,https://openalex.org/I115475287,Oklahoma State University,1984,1984,https://openalex.org/I115475287,1984,1984,,University of Oklahoma; Oklahoma State University,,,
https://openalex.org/A5112058260,Stephen C. Barr,https://openalex.org/I115475287,Oklahoma State University,2005,2005,https://openalex.org/I115475287,2005,2005,Ulster Hospital,University of Iowa; North Carolina State University; New York State College of Veterinary Medicine; National Animal Disease Center; Walter Reed Army Institute of Research; Oklahoma State University; Champlain Valley Physicians Hospital; Frankston Hospital; Agricultural Research Service; University Clinical Centre; Louisiana State University; Animal and Plant Health Inspection Service; Victoria University; Cornell University; Virginia–Maryland College of Veterinary Medicine; Marshall Medical Center; Veterinary Medical Teaching Hospital; University of Oklahoma; Columbia University; Johnson C. Smith University; The University of Melbourne; Sterling Research Group (United States); National Center for Infectious Diseases; California Animal Hospital; The Schwarzman Animal Medical Center; Town and Country Veterinary Clinic,,,
https://openalex.org/A5024300291,Chelsea O Church,https://openalex.org/I115475287,Oklahoma State University,2005,2005,https://openalex.org/I115475287,2005,2005,Southwestern Oklahoma State University,St. Anthony Hospital; Oklahoma State University; Papworth Hospital; University of Oklahoma; Doctors of the World; Weatherford (United States); Oklahoma State University Oklahoma City,,,
https://openalex.org/A5111626372,Jorge A. Gúzman,https://openalex.org/I115475287,Oklahoma State University,2008,2011,https://openalex.org/I115475287,2008,2011,University of Illinois Urbana-Champaign,Urbana University; University of Michigan; The Ohio State University; Grazinglands Research Laboratory; Agricultural Research Service; Waterborne Environmental (United States); Industrial University of Santander; Oklahoma State University; Universidad Nacional Intercultural de la Amazonía; University of Oklahoma; Universidad Nacional de Cuyo; San Antonio College; National University of San Luis,0000-0002-7734-5723,,
https://openalex.org/A5103927874,Timothy S. Murphy,https://openalex.org/I115475287,Oklahoma State University,2018,2018,https://openalex.org/I115475287,2018,2018,,"University of the Sacred Heart; Georgia Institute of Technology; Oklahoma State University; University of Oklahoma; Università Cattolica del Sacro Cuore; University of California, Los Angeles; Korea Society of Translators",,,
https://openalex.org/A5100387207,Ning Wang,https://openalex.org/I115475287,Oklahoma State University,2008,2009,https://openalex.org/I115475287,2008,2009,Sinopec (China); Shandong University; Peking University International Hospital; Tianjin Central Hospital of Gynecology Obstetrics; Xinjiang Medical University; Guangdong Provincial People's Hospital; National Marine Environmental Forecasting Center; Yunnan University of Traditional Chinese Medicine; Guangzhou University; Nankai University; Chinese University of Hong Kong; Jilin University; Capital Medical University; Second Affiliated Hospital of Dalian Medical University; Beijing Hospital of Traditional Chinese Medicine; Xi’an Children’s Hospital; State Key Laboratory of Biotherapy; Sinopec Research Institute of Petroleum Processing; Shanghai Institute of Hematology; Shandong First Medical University; Dalian Medical University; Institute of Forensic Science; Tianjin University; Anhui University of Traditional Chinese Medicine; Jinan Central Hospital; Huzhou Central Hospital; First Affiliated Hospital of Xinjiang Medical University; Shanghai Innovative Research Center of Traditional Chinese Medicine; University of Hong Kong; First Affiliated Hospital of Zhengzhou University; Northeast Agricultural University; Wuhan No.1 Hospital; Tianjin Fire Research Institute; Changchun University of Chinese Medicine; South China University of Technology; Beijing University of Posts and Telecommunications; Zhuhai People's Hospital; Fujian Medical University; Shanghai Normal University; Northwest University; Center for Systems Biology; National Medical Products Administration; Harbin University of Commerce; Harbin Medical University; Beijing Chao-Yang Hospital; Ministry of Agriculture and Rural Affairs; Ningxia Medical University; Sun Yat-sen University; Academy of Military Medical Sciences; First Affiliated Hospital of Fujian Medical University; West China Hospital of Sichuan University; First Affiliated Hospital of Xi'an Jiaotong University; Peking University; Shanghai Jiao Tong University; Ruijin Hospital; Education Department of Heilongjiang Province; China Agricultural University; First Affiliated Hospital of Harbin Medical University; Ocean University of China; Shihezi University; Ministry of Education of the People's Republic of China; Ministry of Natural Resources; Shanghai CASB Biotechnology (China); Chinese People's Liberation Army; Guilin Medical University; Center for Interdisciplinary Studies; Zhejiang Chinese Medical University; Xiamen University; Sixth Affiliated Hospital of Sun Yat-sen University; University of Chicago; Qilu Hospital of Shandong University; Tasly Holding Group (China); Shandong University of Traditional Chinese Medicine; Hunan University; State Key Laboratory of Inorganic Synthesis and Preparative Chemistry; Institute of Immunology; First Affiliated Hospital of Shihezi University Medical College; Tianjin Third Central Hospital; Huzhou University; City University of Macau; Jiangnan University; Second Affiliated Hospital of Zhejiang University; Nanjing Medical University; Sichuan University; Cell Technology (China),"Center for Excellence in Molecular Plant Sciences; University of Newcastle Australia; Karolinska Institutet; Jiangxi Agricultural University; Guangzhou Institutes of Biomedicine and Health; New York Blood Center; Qingdao Municipal Hospital; Suizhou Central Hospital; Hebei University of Engineering; Tianjin Infectious Diseases Hospital; Shanghai Institute of Materia Medica; Shandong Academy of Pharmaceutical Sciences; Minzu University of China; Délégation Paris 7; Johns Hopkins Medicine; Qingdao Eighth People's Hospital; Jimei University; Ningbo University; Peking University Third Hospital; Heilongjiang Academy of Sciences; Renmin University of China; Nanchang University; Shanghai First People's Hospital; Fudan University; Jiangsu Provincial Center for Disease Control and Prevention; Johns Hopkins University; Kunming Medical University; Huazhong Agricultural University; University of Oklahoma; Sichuan Academy of Medical Sciences & Sichuan Provincial People's Hospital; Jiujiang University; Hunan Provincial People's Hospital; Hubei University of Medicine; Nanjing Tech University; Xiangya Hospital Central South University; GlaxoSmithKline (United Kingdom); Henan University of Urban Construction; Qingdao Agricultural University; Gansu Agricultural University; University of Massachusetts Amherst; Guangdong University of Foreign Studies; Dali University; Sun Yat-sen University Cancer Center; Shandong Tumor Hospital; Nanjing Brain Hospital; Assistance Publique – Hôpitaux de Paris; Liaoning University of Traditional Chinese Medicine; Beijing Children’s Hospital; Oklahoma State University; University of Science and Technology of China; Second Military Medical University; Suzhou Institute of Biomedical Engineering and Technology; Mudanjiang Normal University; First Affiliated Hospital of Henan University of Science and Technology; Wuxi People's Hospital; Union Hospital; Shaoxing People's Hospital; Dalian Minzu University; Beth Israel Deaconess Medical Center; State Key Laboratory of Oncogene and Related Genes; State Ethnic Affairs Commission; Université de Technologie de Compiègne; Thermal Technologies (United States); Chinese Academy of Agricultural Sciences; First Hospital of China Medical University; Hangzhou First People's Hospital; Hershey (United States); University of Illinois Urbana-Champaign; Chinese PLA General Hospital; Second Affiliated Hospital of Harbin Medical University; Jichi Medical University; National Center for AIDS/STD Control and Prevention,China CDC; First Hospital of Jiaxing; Peking University Sixth Hospital; University of Alabama at Birmingham; Helmholtz Association of German Research Centres; Authorised Association Consortium; Third Xiangya Hospital; Sichuan University of Science and Engineering; Jilin Province Science and Technology Department; Second Hospital of Anhui Medical University; Joint Research Center; Corteva (United States); Molecular Oncology (United States); Shanghai Medical Information Center; Qingdao Women and Children's Hospital; Tianjin University of Science and Technology; Guangzhou Quality Supervision, Inspection and Research Institute; Henan University of Economic and Law; Karolinska University Hospital; FX Palo Alto Laboratory; Ministry of Industry and Information Technology; Hefei University of Technology; The First Affiliated Hospital, Sun Yat-sen University; Beijing University of Chinese Medicine; Guangzhou First People's Hospital; Liaoning University; Chinese Academy of Sciences; Charles University; Guangzhou University of Chinese Medicine; Simcere Pharmaceutical (China); DuPont (United States); Lilly (China); Christie's; University of Miami; Shandong Normal University; Hebei University; Third People's Hospital of Huzhou; Loma Linda University Medical Center; Guiyang Medical University; Third Affiliated Hospital of Sun Yat-sen University; Guang’anmen Hospital; Dongguan University of Technology; Institute of Botany; Health First; Shanghai Sixth People's Hospital; Columbia University Irving Medical Center; Beijing Institute of Technology; Changchun University of Technology; American Museum of Natural History; Cincinnati Children's Hospital Medical Center; Wuhu Institute of Technology; 302 Military Hospital of China; Dongzhimen Hospital Affiliated to Beijing University of Chinese Medicine; Shenyang Normal University; Xinqiao Hospital; Shenyang Pharmaceutical University; Soochow University; The First Hospital of Changsha; Czech Academy of Sciences, Institute of Biophysics; Dalian Polytechnic University; Shanghai University of Traditional Chinese Medicine; McGill University; Nanjing University of Chinese Medicine; University of the West of England; Jinan Maternity And Care Hospital; Wuhan University; Zhebei Mingzhou Hospital; Yantai University; Tongren Hospital; University of Pittsburgh; First Affiliated Hospital of Anhui Medical University; Xian Yang Central Hospital; Beijing Tongren Hospital; Changhai Hospital; Qilu University of Technology; Nantong University; Harbin Veterinary Research Institute; Anhui Normal University; Harrison International Peace Hospital; Xi'an Shiyou University; Sun Yat-sen Memorial Hospital; University of California, San Francisco; Second Affiliated Hospital of Soochow University; Technology Applications (United States); Langfang Normal University; Central Hospital of Zibo; Nanyang Institute of Technology; Université Paris Cité; Fuzhou Second Hospital; Tianjin Municipal Research Institute for Family Planning; Nanjing Product Quality Supervision and Inspection Institute; Tianjin University of Technology and Education; Huazhong University of Science and Technology; South China Normal University; The George Institute for Global Health; First Affiliated Hospital of Xinxiang Medical University; Heilongjiang University of Chinese Medicine; Binzhou Medical University; Tianjin Medical University; Cangzhou Central Hospital; University of California, Irvine; EcoHealth Alliance; Northwest Women's and Children's Hospital; Chinese Center For Disease Control and Prevention; Yuhuangding Hospital; Harvard University; New York Stem Cell Foundation; Kansas State University; Central South University; China Pharmaceutical University; Beijing HuiLongGuan Hospital; University of Jinan; China International Science and Technology Cooperation; The Fourth People's Hospital of Zibo City; The London College; Guizhou Cancer Hospital; Peking University People's Hospital; GlaxoSmithKline (United States); National University of Defense Technology; North China University of Science and Technology; Children's Hospital of Zhejiang University; Hangzhou Medical College; Stevens Institute of Technology; Tianjin Medical University General Hospital; Chinese Academy of Medical Sciences & Peking Union Medical College; Jining Medical University; Emory University; Creative Technologies (United States); Institute of Crop Sciences; Henan Institute of Science and Technology; Centre for Chronic Disease Control; Affiliated Hospital of Hebei University; Zhejiang University; Children's Hospital of Chongqing Medical University; Hengshui University; Beijing Jiaotong University; Sorbonne Paris Cité; Wayne State University; Weatherford College; Kaifeng City Children's Hospital; Canada Grain Commission; Zhejiang University of Technology; Southwest Hospital; Czech Academy of Sciences, Institute of Psychology; Air Force General Hospital PLA; Harvard University Press; University of Leicester; Royal Prince Alfred Hospital; Tianjin Medical University Cancer Institute and Hospital; Kuaishou (China); Xiang Yang No.1 People's Hospital; University of Southern California; Institute of Geochemistry; Xinjiang Academy of Agricultural and Reclamation Science; First Affiliated Hospital Zhejiang University; Army Medical University; Fundación Juan March; Shenzhen Nanshan Center for Chronic Disease Control; Center for Disease Control; University of Hong Kong - Shenzhen Hospital; China Medical University; Women's Hospital, School of Medicine, Zhejiang University; First Affiliated Hospital of Henan University of Traditional Chinese Medicine; Hainan 301 Hospital; NIHR Leicester Cardiovascular Biomedical Research Unit; Binzhou University; Clínica Alemana; Weinan Central Hospital; Linyi People's Hospital; China-Japan Friendship Hospital; Max Delbrück Center; Aviation General Hospital; Pennsylvania State University; East China Normal University; Hebei General Hospital; PLA Academy of Military Science; Shuozhou Central Hospital; Second Xiangya Hospital of Central South University; Guangzhou Medical University; University of Electronic Science and Technology of China; Xi'an Jiaotong University; South China Agricultural University; Chongqing Medical University; Northeast Normal University; Western Sydney University; Renji Hospital; Dalian University of Technology; John Hunter Hospital; Henan University; University of Toronto; Midea Group (China); Centre National de la Recherche Scientifique; Peking University Cancer Hospital; Qujing Normal University; Xijing Hospital; Shanghai Institute of Nutrition and Health; Canadian Forest Service; Czech Academy of Sciences, Institute of Physiology; Peking University First Hospital; Second Affiliated Hospital of Xi'an Jiaotong University; New York University; Southeast University; Guangxi University; Ministry of Agriculture; Wuhan University of Technology; Aerospace Information Research Institute; Henan Provincial People's Hospital; Hubei Cancer Hospital; Laboratoire National de Santé; Duke-NUS Medical School; Yangzhou Vocational University; National Health and Family Planning Commission; Xuzhou Medical College; Hebei Medical University; Marina Del Rey Hospital; Southern Medical University; Xi'an Medical University; Loma Linda University; Dalian University; Anhui Medical University; University of Regensburg; Center for Assessment; Huashan Hospital; University of Chicago Medical Center; Vanderbilt University Medical Center; University of Michigan; Logistics University of People's Armed Police Force; State Key Laboratory of Cotton Biology; National Institute of Allergy and Infectious Diseases; Haier Group (China); Shaanxi Normal University; People's Liberation Army No. 150 Hospital; Heilongjiang Provincial Academy of Agricultural Sciences; Tianjin University of Finance and Economics; First Hospital of Shanxi Medical University; Affiliated Hospital of Guilin Medical College; Second Affiliated Hospital of Chongqing Medical University; Shanxi Medical University; Widener University; Vanderbilt University; Academy of Medical Sciences; Institute of Microbiology; Shandong Agricultural University; Shandong Jiaotong University; First Affiliated Hospital of Dalian Medical University; University of Chinese Academy of Sciences; State Key Laboratory of Medical Neurobiology; Bladder Cancer Advocacy Network; Institute of Psychology, Chinese Academy of Sciences; First Hospital of Jilin University; Binzhou People's Hospital; People's Liberation Army Air Force; Henan University Huaihe Hospital and Huaihe Clinical Institute; In-Q-Tel; Northwest A&F University; Aaron Diamond AIDS Research Center; United States Geological Survey; Tang Hospital; Tang Du Hospital; Baoji City Central Hospital; XinHua Hospital; Nanjing Agricultural University; Taishan Medical University; The University of Sydney; Case Western Reserve University; Zhongshan Hospital; Creative Commons; Insigneo; Universidad del Desarrollo; Xi'an Aeronautical University; Kunming Third People's Hospital; Healthcare Improvement Scotland; Gansu Provincial Hospital; Henan University of Technology; Beijing Normal University; Jilin Agricultural University; Hunan Normal University; Liaoning Cancer Hospital & Institute; Chinese General Hospital College of Nursing and Liberal Arts; Beijing Institue Of Electronics Technology And Application; Xinxiang Medical University; Åbo Akademi University; Louisiana State University Health Sciences Center Shreveport; State Key Laboratory of Ophthalmology; Shenzhen Institutes of Advanced Technology; University of Cincinnati; State Key Laboratory of Medicinal Chemical Biology; Beijing Information Science & Technology University; Affiliated Hospital of Qingdao University; Bristol Robotics Laboratory; Henan Normal University; Beijing University of Chemical Technology; Qinghai University; Columbia University; National Natural Science Foundation of China; City University of Hong Kong, Shenzhen Research Institute; Yangzhou University; The University of Texas at Austin; University of Chile; Nanjing Normal University; Shanghai Institute of Hypertension; Zhengzhou University; University of California, San Diego; State Key Laboratory of Remote Sensing Science; Capital University; Jilin Agricultural Science and Technology University; China Earthquake Administration; Hôpital Lariboisière; Nanjing Municipal Center for Disease Control And Prevention; Liaoning Normal University; Pain and Rehabilitation Medicine; Shanxi Cardiovascular Hospital; The Seventh Affiliated Hospital of Sun Yat-sen University; Second Hospital of Hebei Medical University; Air Force Medical University; Jiangsu Province Hospital; National Center for Chronic and Noncommunicable Disease Control and Prevention; Czech Academy of Sciences; Shanghai Ninth People's Hospital; Landscape Research Group; Natural Resources Canada; Institute of Electronics; Shanghai Ocean University; Yunnan Institute of Endemic Diseases Control and Prevention; Qingdao University; University of Sheffield; University of California, Los Angeles; Chongqing Normal University; Beijing Friendship Hospital; Hammersmith Hospital; Utrecht University; Nanjing University; Shanghai Cancer Institute; The University of Texas Health Science Center at Houston; Imperial College London; Sichuan Agricultural University; Wuxi No.2 People's Hospital; Shanghai Institutes for Biological Sciences; Tsinghua University; Guizhou Provincial People's Hospital",0000-0003-1410-329X,,
https://openalex.org/A5059955453,Bryan G. Brockbank,https://openalex.org/I115475287,Oklahoma State University,2020,2020,https://openalex.org/I115475287,2020,2020,Oklahoma State University Oklahoma City,Oklahoma State University; University of Oklahoma,0000-0003-2035-6314,,
https://openalex.org/A5023839627,Dick Gregory,https://openalex.org/I115475287,Oklahoma State University,1981,1981,https://openalex.org/I115475287,1981,1981,,University of Oklahoma; Oklahoma Medical Research Foundation; Oklahoma State University; University of Oklahoma Health Sciences Center; Oklahoma Department of Mental Health and Substance Abuse Services; Advanced Research Systems; United States Department of State,,,
https://openalex.org/A5067831441,Drew Wright,https://openalex.org/I115475287,Oklahoma State University,2021,2021,https://openalex.org/I115475287,2021,2021,Cornell University; Weill Cornell Medicine,Massanutten Regional Library; Rose–Hulman Institute of Technology; NewYork–Presbyterian Hospital; Southern Illinois University Carbondale; Agency for Healthcare Research and Quality; Presbyterian Hospital; Swansea Bay University Health Board; New York Hospital Queens; Western University; Public Health Department; Oklahoma State University Center for Health Sciences; University of Oklahoma; MIND Research Institute; Oklahoma State University Medical Center; Oklahoma State University; Atrium Health Wake Forest Baptist; Society of General Internal Medicine; Mercy Hospital,0000-0002-1776-5427,,
https://openalex.org/A5111928527,K. Darrell Berlin,https://openalex.org/I115475287,Oklahoma State University,1964,2023,https://openalex.org/I115475287,1964,2023,,Zhongnan Hospital of Wuhan University; Ligand Pharmaceuticals (United States); Saarland University; University of Szeged; University of Oklahoma; Wuhan University; Continental (United States); Oklahoma State University Oklahoma City; Colorado State University; National Cancer Institute; Center for Cancer Research; University of Illinois Urbana-Champaign; Sri Venkateswara University; Oklahoma State University; Southern Research Institute; University of Oklahoma Health Sciences Center; Truman State University; Wichita State University; University of Florida; Medical College of Wisconsin; University of British Columbia; Stimson Center; Translational Research in Oncology; Noble Research Institute; Gulf of Mexico Research Initiative,,,
https://openalex.org/A5033053837,Ripusudan L. Paliwal,https://openalex.org/I115475287,Oklahoma State University,1957,1957,https://openalex.org/I115475287,1957,1957,,University of Oklahoma; Oklahoma State University; Dr. Bhim Rao Ambedkar University,,,
https://openalex.org/A5113704089,Stanley A. Rice,https://openalex.org/I115475287,Oklahoma State University,2002,2002,https://openalex.org/I115475287,2002,2002,Southeastern Oklahoma State University,University of Illinois Urbana-Champaign; Oklahoma State University; University of Oklahoma; Maricopa County Community College District; Harbor Branch Oceanographic Institute; Oklahoma Biological Survey; Iowa State University; Agnes Scott College; University of Tampa; Salk Institute for Biological Studies,,,
https://openalex.org/A5061607386,Max N. Huffman,https://openalex.org/I115475287,Oklahoma State University,1957,1960,https://openalex.org/I115475287,1957,1960,,University of Oklahoma; Sharp Rees-Stealy Medical Group; The University of Texas Southwestern Medical Center; Royal College of Physicians; Columbia College; University of Oklahoma Medical Center; Columbia University; Creighton University; Oklahoma Medical Research Foundation; Saint Louis University; Oklahoma State University; American Standard (United States); Chemotherapy Foundation,,,
https://openalex.org/A5018864049,Allan A. Katzberg,https://openalex.org/I115475287,Oklahoma State University,1957,1957,https://openalex.org/I115475287,1957,1957,,Fayetteville Public Library; Oklahoma Medical Research Foundation; Indiana University – Purdue University Indianapolis; Oklahoma State University; Texas Biomedical Research Institute; University Medical Center; Indiana University School of Medicine; University of Oklahoma Medical Center; University of Oklahoma,,,
https://openalex.org/A5007423221,David L. Weeks,https://openalex.org/I115475287,Oklahoma State University,1963,1994,https://openalex.org/I115475287,1963,1994,Utah State University,"VA West Los Angeles Medical Center; Rutgers, The State University of New Jersey; McMaster University Medical Centre; Directorate of Weed Research; London Borough of Camden; University of Oklahoma; University of California, Los Angeles; University of California, San Francisco; Azusa Pacific University; The University of Texas at Dallas; United States Department of Veterans Affairs; McGill University; Westchester Medical Center; Texas A&M University System; University of Arkansas Medical Center; University of Kentucky; University of Wisconsin–Madison; Oklahoma State University Oklahoma City; A.P. Giannini Foundation; Agricultural Research Service; Kobe Tokiwa University; Elmhurst Hospital Center; Amsterdam UMC Location University of Amsterdam; West Los Angeles College; VA Greater Los Angeles Healthcare System; Wadsworth Center; Oklahoma State University; Osaka Medical and Pharmaceutical University; Osaka University of Tourism; University of Florida",,,
https://openalex.org/A5012412835,Robert J. Mulholland,https://openalex.org/I115475287,Oklahoma State University,1969,2005,https://openalex.org/I115475287,1969,2005,,"Florida Department of Environmental Protection; University of California, Los Angeles; Oklahoma State University System; Oklahoma State University Oklahoma City; Oklahoma State University; Louisiana Department of Natural Resources; Washington University in St. Louis; National Postdoctoral Association; University of Oklahoma",,,
https://openalex.org/A5103482389,R. W. Payne,https://openalex.org/I115475287,Oklahoma State University,1959,1959,https://openalex.org/I115475287,1959,1959,,Queen Elizabeth II Hospital; St Thomas' Hospital; United States Department of Veterans Affairs; Oklahoma Medical Research Foundation; University of Oklahoma; St Albans City Hospital; Glasgow Victoria Infirmary; Oklahoma State University; Tufts Medical Center; Worcestershire Royal Hospital; Glasgow Royal Infirmary,,,
https://openalex.org/A5056077162,R. H. RUNSER,https://openalex.org/I115475287,Oklahoma State University,1959,1959,https://openalex.org/I115475287,1959,1959,Oklahoma State University; University of Oklahoma,,,,
https://openalex.org/A5079291493,James A. Hagans,https://openalex.org/I115475287,Oklahoma State University,1959,1959,https://openalex.org/I115475287,1959,1959,,W.E. Upjohn Institute for Employment Research; United States Department of Veterans Affairs; Harvard University; University of Oklahoma; Dayton Clinical Oncology Program; University of Oklahoma Medical Center; Oklahoma State University,,,
https://openalex.org/A5048726962,Heather D. Hickman,https://openalex.org/I115475287,Oklahoma State University,1997,1997,https://openalex.org/I115475287,1997,1997,National Institutes of Health; National Institute of Allergy and Infectious Diseases; Langley Research Center,"Institut de Génomique Fonctionnelle; University of Oklahoma; OU Health; University of South Florida; Centre National de la Recherche Scientifique; University of Maryland, College Park; Inserm; Pure Protein (United States); University of Oklahoma Health Sciences Center; Eckerd College; Stanford University; Global Viral; Bipar; Duke Medical Center; Mercy Health; Geriatric Research Education and Clinical Center; Duke University Hospital; Oklahoma State University; Health Net; Palo Alto Veterans Institute for Research; University of South Alabama",0000-0003-4168-4894,,
https://openalex.org/A5043825459,Michelle C. Kegler,https://openalex.org/I115475287,Oklahoma State University,1999,1999,https://openalex.org/I115475287,1999,1999,Emory University,"University of Oklahoma Health Sciences Center; Faculdades Integradas Aparício Carvalho; Centers for Disease Control and Prevention; Emory Healthcare; University of North Carolina Health Care; Neighborhood House; University of Oklahoma; Georgia College & State University; University of California, Los Angeles; Emory and Henry College; Simon Fraser University; Oklahoma State University; University of North Carolina at Chapel Hill; Horizons Community Solutions; Children's Hospital of Oklahoma; Washington University in St. Louis; The Centers; University of Washington; Georgia Department of Public Health; University of New Mexico; Danieli (Italy); Boston Public Schools; Stanford University; George Washington University; Milken Institute; National Institute of Environmental Health Sciences; National Heart Lung and Blood Institute; National Center for Chronic Disease Prevention and Health Promotion; Research Network (United States); Phoenix Houses of New England; Cherokee Nation; Orszagos Kornyezetegeszsegugyi Intezet; Boston University; Harvard University; Fernandez Hospital; Morehouse School of Medicine; Texas A&M University System",0000-0003-4898-5454,,
https://openalex.org/A5009177727,Paul M. Shawler,https://openalex.org/I115475287,Oklahoma State University,2015,2017,https://openalex.org/I115475287,2015,2017,University of Oklahoma Health Sciences Center,Oklahoma State University; University of Oklahoma,0000-0001-5033-8075,,
https://openalex.org/A5004208101,H. Michael Crowson,https://openalex.org/I115475287,Oklahoma State University,2018,2018,https://openalex.org/I115475287,2018,2018,University of Oklahoma,Oklahoma State University; University of Alabama; Oklahoma State University Oklahoma City,,,
https://openalex.org/A5018741155,Tram Ngoc Pham,https://openalex.org/I115475287,Oklahoma State University,2019,2019,https://openalex.org/I115475287,2019,2019,Cho Ray Hospital; University Medical Center HCMC; Ho Chi Minh City Medicine and Pharmacy University,Yeungnam University; Children's Hospital 2; University of Oklahoma; Oklahoma State University; Ho Chi Minh City University of Social Sciences and Humanities,,,
https://openalex.org/A5048107094,Vy T. Nguyen,https://openalex.org/I115475287,Oklahoma State University,2019,2019,https://openalex.org/I115475287,2019,2019,Can Tho University; Harvard University; University of Oklahoma; Eunice Kennedy Shriver National Institute of Child Health and Human Development; United States Army; Research Network (United States); U.S. Army Research Institute of Environmental Medicine; The University of Texas at San Antonio,Gordon Center for Medical Imaging; Cho Ray Hospital; Massachusetts General Hospital; Oklahoma State University; Ho Chi Minh City University of Technology and Education; Ho Chi Minh City University of Science; Ho Chi Minh City University of Technology; University of Minnesota Medical Center; Vietnam National University Ho Chi Minh City,0000-0002-7130-6379,,
https://openalex.org/A5072131577,Michael Zeets,https://openalex.org/I115475287,Oklahoma State University,2019,2019,https://openalex.org/I115475287,2019,2019,Oklahoma State University,University of Oklahoma; University of Kansas,,,
https://openalex.org/A5100782624,Bin Wang,https://openalex.org/I115475287,Oklahoma State University,2019,2019,https://openalex.org/I115475287,2019,2019,Hunan Institute of Technology; National Center for Nanoscience and Technology; Shandong University; Chengdu Medical College; Xi'an Jiaotong University; Soochow University; Dalian University; Nanjing Tech University; West China Second University Hospital of Sichuan University; University of Oklahoma,"University of Göttingen; Southeast University; Anhui University; University of North Carolina at Chapel Hill; Taiyuan University of Technology; Shanxi Normal University; Shenzhen Children's Hospital; Lanzhou University; Changchun Institute of Optics, Fine Mechanics and Physics; Heze University; Minzu University of China; State Key Laboratory of Structural Chemistry; Peking University; Jilin University; Laboratoire de Chimie; Beijing Academy of Artificial Intelligence; State Key Laboratory of Supramolecular Structure and Materials; Guizhou University; Zhejiang Shuren University; Shanxi Datong University; Shandong Academy of Sciences; Vanderbilt University; China Minmetals (China); North China Electric Power University; Jingdong (China); University of Electronic Science and Technology of China; Theranostics (New Zealand); Akita Prefectural University; École Normale Supérieure de Lyon; Institute of Coal Chemistry; Peng Cheng Laboratory; The Synergetic Innovation Center for Advanced Materials; Norman Regional Hospital; Changsha University; China XD Group (China); Zhejiang University of Technology; Washington State University; Xinxiang University; Tianjin Medical University; Heilongjiang University; Hunan University; Jiangnan University; Oklahoma State University; Mianyang Normal University; Wuxi Institute of Technology; Tianjin Normal University; Northwestern Polytechnical University; Tsinghua University; East China University of Technology; Changchun University of Science and Technology; Nanjing University of Posts and Telecommunications; Xi'an City Planning&Design Institute (China); Henan University; Anhui Institute of Optics and Fine Mechanics; Zhengzhou University; Central South University; Institute of Process Engineering; Liaocheng University; Chinese Academy of Sciences; Kunming University of Science and Technology; Central South University of Forestry and Technology; Beijing Chemical Industry Research Institute (China); University of Chinese Academy of Sciences; Stockholm University; Qilu University of Technology; Tianjin Chengjian University; Pacific Northwest National Laboratory; Shenzhen University; Anhui University of Traditional Chinese Medicine; China Coal Research Institute (China); China West Normal University; Qufu Normal University; University of Jinan; Hebei University of Engineering; Sinopec (China); Wuhan University of Technology; Xiamen University; Lanzhou City University; Chengdu Center for Disease Control and Prevention; Beijing Institute of Fashion Technology; Dalian Institute of Chemical Physics; Wagga Wagga Base Hospital; Beijing University of Chemical Technology; Centre National de la Recherche Scientifique; Fuzhou University; National Engineering Research Center of Electromagnetic Radiation Control Materials; Shanghai Normal University; Guangzhou University; Dalian University of Technology; State Key Laboratory of Organic-Inorganic Composite Materials; Applied Science and Technology Research Institute; China Three Gorges University; Collaborative Innovation Center of Chemistry for Energy Materials; Lamar University; State Key Laboratory of Crystal Materials; Université Claude Bernard Lyon 1; Inner Mongolia Agricultural University",0000-0001-8246-1422,,
https://openalex.org/A5053624049,Steven Crossley,https://openalex.org/I115475287,Oklahoma State University,2019,2019,https://openalex.org/I115475287,2019,2019,University of Oklahoma,Oklahoma State University; ConocoPhillips (United States); Phillips 66 (United States); Norman Regional Hospital,0000-0002-1017-9839,,
https://openalex.org/A5110703234,Amy Williamson,https://openalex.org/I115475287,Oklahoma State University,2016,2019,https://openalex.org/I115475287,2016,2019,,University of Birmingham; University of Oklahoma; Icahn School of Medicine at Mount Sinai; North Shore Diabetes and Endocrine Associates; Oklahoma State University Oklahoma City; Institute of Technology Assessment; Oklahoma State University; Phoenix Children's Hospital,,,
https://openalex.org/A5050590426,Eleanor L.S. Leavens,https://openalex.org/I115475287,Oklahoma State University,2014,2020,https://openalex.org/I115475287,2014,2020,University of Kansas Medical Center; The University of Kansas Cancer Center; University of Kansas,Oklahoma State University; Saint Louis University; MUSC Hollings Cancer Center; University of Oklahoma; Island Institute; OU Health Stephenson Cancer Center; Medical University of South Carolina; Oklahoma Foundation for Digestive Research; University of Oklahoma Health Sciences Center; Oklahoma State University Oklahoma City,0000-0003-2948-2384,,
https://openalex.org/A5073865143,Emily Roberts,https://openalex.org/I115475287,Oklahoma State University,2017,2025,https://openalex.org/I115475287,2017,2025,Bond University; Oklahoma State University,University of Bristol; Institut de Biologie Moléculaire et Cellulaire; Texas Woman's University; University of Missouri; University of Oklahoma; University of Massachusetts Amherst; Bowling Green State University; University of Pennsylvania; Takeda (United States); Arkansas Tech University; University of Colorado Denver; University of Colorado Anschutz Medical Campus,0000-0001-6252-6559,,
https://openalex.org/A5059027782,Lori Melton McKinnon,https://openalex.org/I115475287,Oklahoma State University,2013,2022,https://openalex.org/I115475287,2013,2022,Oklahoma State University,University of Guelph; University of Oklahoma; Oklahoma State University Oklahoma City; University of Alabama,,,
https://openalex.org/A5012626268,J. F. Roszel,https://openalex.org/I115475287,Oklahoma State University,1972,1993,https://openalex.org/I115475287,1972,1993,,Veterinary Medical Teaching Hospital; The Schwarzman Animal Medical Center; University of Oklahoma; Oklahoma Medical Research Foundation; Oklahoma State University; University of Pennsylvania,,,
https://openalex.org/A5014357711,Christopher Crick,https://openalex.org/I115475287,Oklahoma State University,2014,2025,https://openalex.org/I115475287,2014,2025,Oklahoma State University,University of Oklahoma; Oklahoma State University Oklahoma City; John Brown University; Harvard University Press; Butler Hospital; Brown University; Yale University,0000-0002-1635-823X,,
https://openalex.org/A5023854883,Christopher G. Goodchild,https://openalex.org/I115475287,Oklahoma State University,2015,2022,https://openalex.org/I115475287,2015,2022,Virginia Tech; University of Central Oklahoma,University of Oklahoma; United States Geological Survey; John Wiley & Sons (United States); University of New England; Oklahoma State University; Eastern Ecological Science Center,0000-0003-3896-289X,,
https://openalex.org/A5105919462,Gordon D. Davis,https://openalex.org/I115475287,Oklahoma State University,1992,1995,https://openalex.org/I115475287,1992,1995,,Agricultural Research Service; University of Oklahoma; Arizona Research Center; North Shore University Hospital; First Nations Health and Social Secretariat of Manitoba; Christie's; St. Joseph's Hospital and Medical Center; Phoenix (United States); University of Arizona; Southern Plains Agricultural Research Center; Maricopa Medical Center; Oklahoma State University; New York University,,,
https://openalex.org/A5003778401,Balasubramaniam Natarajan,https://openalex.org/I115475287,Oklahoma State University,1994,1994,https://openalex.org/I115475287,1994,1994,Kansas State University,"Bryn Mawr College; Colorado State University; Banasthali University; Argonne National Laboratory; Tech Pro (China); Veterans Health Administration; Temple University; Amrita Vishwa Vidyapeetham; Case Western Reserve University; Manhattan High School; Creighton University; The University of Texas Health Science Center at San Antonio; Michelin (United States); University of Oklahoma; Oklahoma City University; University of Strathclyde; Qualcomm (United States); University of California, Santa Cruz; Monklands Hospital; Bridge University; University of South Carolina Union; Oklahoma State University; Temple College; Boise State University; CHI Health Creighton University Medical Center - Bergan Mercy; Stanford University; Meenakshi Medical College Hospital and Research Institute; University of Dhaka; Glasgow Life; University of Florence; Istanbul University; Pennsylvania State University; Paññāsāstra University of Cambodia; Ruhr University Bochum; Vanderbilt University; National Institute of Technology Nagaland",0000-0001-6429-9003,,
https://openalex.org/A5029709474,R. Adarme,https://openalex.org/I115475287,Oklahoma State University,1989,1989,https://openalex.org/I115475287,1989,1989,Phillips 66 (United States),University of Oklahoma; Oklahoma State University,,,
https://openalex.org/A5018158483,H. Qabazard,https://openalex.org/I115475287,Oklahoma State University,1988,1994,https://openalex.org/I115475287,1988,1994,,University of Oklahoma; Kuwait Institute for Scientific Research; Oklahoma State University,,,
https://openalex.org/A5112506356,Philip M. Jardine,https://openalex.org/I115475287,Oklahoma State University,2002,2002,https://openalex.org/I115475287,2002,2002,,University of Missouri; Savannah River National Laboratory; Georgia Institute of Technology; Michigan State University; University of Oklahoma; Swiss Federal Institute of Aquatic Science and Technology; Miami University; Argonne National Laboratory; Parker University; Oklahoma State University; Martin Marietta Materials (United States); Woods Hole Oceanographic Institution; Lawrence Berkeley National Laboratory; University of Tennessee at Knoxville; University of Waterloo; Stanford University; Florida State University; Auburn University; Oak Ridge National Laboratory; United States Department of Energy,,,
https://openalex.org/A5054663402,Wayne Johnson,https://openalex.org/I115475287,Oklahoma State University,2023,2023,https://openalex.org/I115475287,2023,2023,Oklahoma State University; University of Oklahoma,Defence Science and Technology Group; KPMG (United States),,,
https://openalex.org/A5078357637,Aaron Burt,https://openalex.org/I115475287,Oklahoma State University,2023,2025,https://openalex.org/I115475287,2023,2025,,University of Oklahoma,,,
https://openalex.org/A5075770283,Sergei M. Bachilo,https://openalex.org/I115475287,Oklahoma State University,2004,2004,https://openalex.org/I115475287,2004,2004,Rice University,"Johnson Space Center; Center for Nanoscale Science and Technology; University of Amsterdam; B.I. Stepanov Institute of Physics; Ohio University; Umeå University; University of Oklahoma; Texas Christian University; Institute of Solid State Physics and Semiconductors; Institute of Physics; University of California, Berkeley; Lawrence Berkeley National Laboratory; National Institute of Environmental Health Sciences; National Academy of Sciences of Belarus; Vilnius University; Centre National de la Recherche Scientifique; Queen Mary University of London; Duke University; Nanosc (Sweden); Oklahoma State University",0000-0001-5236-1383,,
https://openalex.org/A5032401812,Joy Standridge,https://openalex.org/I115475287,Oklahoma State University,2024,2024,https://openalex.org/I115475287,2024,2024,Cherokee Nation,University of Oklahoma; Oklahoma State University; MedStar Health; Oklahoma State University Oklahoma City; Washington State University,,,
https://openalex.org/A5070124847,Jeretta Horn Nord,https://openalex.org/I115475287,Oklahoma State University,1995,2023,https://openalex.org/I115475287,1995,2023,,Oklahoma State University; Luleå University of Technology; College of Charleston; Lviv Polytechnic National University; Oklahoma State University Oklahoma City; University of Oklahoma; Bournemouth University; University of Southern Queensland,0000-0001-7590-9022,,
https://openalex.org/A5002268130,James H. Elder,https://openalex.org/I115475287,Oklahoma State University,2003,2003,https://openalex.org/I115475287,2003,2003,York University,University of Oklahoma; Intelligent Machines (Sweden); Oklahoma State University; Yale University; Louisiana State University; University of York; Polytechnique Montréal; École Polytechnique Fédérale de Lausanne; Johns Hopkins University; Dartmouth–Hitchcock Medical Center; Washington State University; Johns Hopkins Medicine; New York University; Carleton University; General Electric (Israel); McGill University; University College London; Princeton University; Keele University; Oklahoma Biological Survey,0000-0003-3880-4808,,
https://openalex.org/A5111490236,Sivaroopan Aravindan,https://openalex.org/I115475287,Oklahoma State University,2024,2025,https://openalex.org/I115475287,2024,2025,Molecular Oncology (United States); Oklahoma State University; Edmonds Community College; University of Oklahoma,Oklahoma State University Oklahoma City; OU Health Stephenson Cancer Center; University of Oklahoma Health Sciences Center,0009-0005-2433-4456,,
https://openalex.org/A5049758476,Bruce Hoagland,https://openalex.org/I115475287,Oklahoma State University,2003,2003,https://openalex.org/I115475287,2003,2003,National University of Comahue; University of Oklahoma,Physical Sciences (United States); Rocky Mountain Research (United States); Oklahoma Biological Survey; Native Health; Maricopa County Community College District; North Carolina Natural Heritage Program; Animal and Plant Health Inspection Service; Midland College; Oklahoma State University; Natural Resources Conservation Service; University of Tulsa; Tulsa Community College; University of Central Oklahoma; United States Department of Agriculture; Oklahoma City University; Southeastern Oklahoma State University; Rocky Mountain Research Station; Oklahoma State University Oklahoma City,0000-0002-9505-9069,,
https://openalex.org/A5062292634,Mette Flynt,https://openalex.org/I115475287,Oklahoma State University,2024,2024,https://openalex.org/I115475287,2024,2024,Oklahoma State University,Applied Research Associates; University of Oklahoma; Oklahoma State University Oklahoma City,,,
https://openalex.org/A5005224703,Melissa Scott Brown,https://openalex.org/I115475287,Oklahoma State University,2003,2003,https://openalex.org/I115475287,2003,2003,University of Oklahoma,Oklahoma State University; Oklahoma Biological Survey,,,
https://openalex.org/A5014260673,Amy Buthod,https://openalex.org/I115475287,Oklahoma State University,2003,2003,https://openalex.org/I115475287,2003,2003,University of Oklahoma; Oklahoma Biological Survey,University of Central Oklahoma; Native Health; Southeastern Oklahoma State University; Botanical Research Institute of Texas; Tulsa Community College; Oklahoma State University; Austin College; Oklahoma City University,,,
https://openalex.org/A5055858299,Todd Fagin,https://openalex.org/I115475287,Oklahoma State University,2003,2010,https://openalex.org/I115475287,2003,2010,Oklahoma Biological Survey; University of Oklahoma,Oklahoma State University; Oklahoma State University Oklahoma City,0000-0002-7859-6743,,
https://openalex.org/A5003438880,James I. McPherson,https://openalex.org/I115475287,Oklahoma State University,2003,2003,https://openalex.org/I115475287,2003,2003,Oklahoma State University; University of Oklahoma; Oklahoma Biological Survey,University of Toledo; Sigma-Tau (Switzerland); United States Army Reserve; Radar (United States),,,
https://openalex.org/A5045716690,R. Bruce Weisman,https://openalex.org/I115475287,Oklahoma State University,2004,2004,https://openalex.org/I115475287,2004,2004,Rice University,Yale University; Queen Mary University of London; University School; University of Oklahoma; Johnson Space Center; Case Western Reserve University; University of Pennsylvania; University of Amsterdam; Johns Hopkins University; University of Chicago; Université de Bordeaux; Halocarbon (United States); Wittenberg University; College of Westchester; Ohio University; University Hospitals of Cleveland; University of Houston; Centre National de la Recherche Scientifique; Oklahoma State University; School of the Art Institute of Chicago; Duke University; The University of Texas MD Anderson Cancer Center; Northwestern University; Nanosc (Sweden); Center for Nanoscale Science and Technology,0000-0001-8546-9980,,
https://openalex.org/A5002860205,Rene McNall‐Knapp,https://openalex.org/I115475287,Oklahoma State University,2012,2013,https://openalex.org/I115475287,2012,2013,University of Oklahoma Health Sciences Center,University of Oklahoma; Oklahoma State University; OU Health; Oklahoma City University; Children's Hospital of Oklahoma; Northeastern University; St. Jude Children's Research Hospital; University of Oklahoma Medical Center; Center for Cancer and Blood Disorders; Baylor College of Medicine,0000-0002-0416-7364,,
https://openalex.org/A5111713915,John A. Bantle,https://openalex.org/I115475287,Oklahoma State University,1980,2002,https://openalex.org/I115475287,1980,2002,,"Scripps Research Institute; University of Colorado Denver; University of Oklahoma; Environmental Protection Agency; Agricultural Research Service; The Ohio State University; National Center for Environmental Assessment (EPA); University at Buffalo, State University of New York; Oklahoma State University",,,
https://openalex.org/A5053241163,Mark Chaffin,https://openalex.org/I115475287,Oklahoma State University,2012,2013,https://openalex.org/I115475287,2012,2013,University of Oklahoma Health Sciences Center; Georgia State University,Pepperdine University; Oklahoma State University; Arkansas Children's Hospital; Counseling Center; University of Tulsa; University of Oklahoma Medical Center; OU Health; Northeastern University; Wayne State University; Tulane University; University of Oklahoma; Medical University of South Carolina; St. Jude Children's Research Hospital; Harvard University Press; Oklahoma Department of Mental Health and Substance Abuse Services; Mayo Clinic; Children's Hospital of Oklahoma; University of Minnesota; University of Arkansas for Medical Sciences; National Center for Victims of Crime; Center for Effective Philanthropy,0000-0002-3620-6583,,
https://openalex.org/A5086350964,Carole Kenner,https://openalex.org/I115475287,Oklahoma State University,2012,2013,https://openalex.org/I115475287,2012,2013,College of New Jersey,"University of Northern Colorado; Cincinnati Children's Hospital Medical Center; Graduate Women in Science; Memorial Foundation; AbbVie (United States); Baylor University; Infant; Louisiana Tech University; University of Virginia; Good Samaritan Regional Medical Center; Excelsior College; Aga Khan University; Women & Infants Hospital of Rhode Island; Critical Path Institute; The Ohio State University; Mercy Medical Center; Loyola University Chicago; University of Illinois Urbana-Champaign; Mercy Hospital; University of Cincinnati Medical Center; Elmira College; National Association of School Nurses; Universidad del Noreste; Mercy Hospital; University of Toledo Medical Center; University of California, Los Angeles; Good Samaritan Hospital Medical Center; Massachusetts General Hospital; Regional Medical Center; University of Johannesburg; University of Iowa Stead Family Children’s Hospital; Cincinnati Health Department; University of Cincinnati; University of Illinois Chicago; Gwynedd Mercy University; Health Sciences North; Oklahoma State University; Hillrom (United States); Good Samaritan Hospital; University of Oklahoma Health Sciences Center; Sciences Po Grenoble; Indiana University; East Carolina University; Center for Innovation; Association of Maternal and Child Health Programs; Legacy Good Samaritan Medical Center; University of Michigan; University of Central Oklahoma; Barnes-Jewish College; Academy of Neonatal Nursing; American International Health Alliance; University of Chicago; St. Louis Children's Hospital; Littleton Adventist Hospital; University of Oklahoma; INTEGRIS Baptist Medical Center; University of Nebraska–Lincoln; Flinders Medical Centre; International Council of Nurses; Drexel University; Brigham Young University; Good Samaritan Medical Center; Marymount University; Mercy St. Vincent Medical Center; Oklahoma City Community College; Northeastern University; St. Jude Children's Research Hospital; Virginia Commonwealth University; Association of Women's Health Obstetric and Neonatal Nurses; Dean College; Oklahoma City University; University of Pennsylvania; University of Tennessee at Martin",0000-0002-1573-5240,,
https://openalex.org/A5067293174,Clifford W. Houston,https://openalex.org/I115475287,Oklahoma State University,1976,1976,https://openalex.org/I115475287,1976,1976,The University of Texas Health Science Center at Houston,The University of Texas Medical Branch at Galveston; Langston University; Bipar; Rice University; Oklahoma State University; University of Oklahoma,,,
https://openalex.org/A5101338911,Chang‐An Yu,https://openalex.org/I115475287,Oklahoma State University,1982,2024,https://openalex.org/I115475287,1982,2024,China-Japan Friendship Hospital,"Oklahoma State University Oklahoma City; University at Albany, State University of New York; University of Pennsylvania; National Institutes of Health; National Cancer Institute; Center for Cancer Research; The University of Texas Southwestern Medical Center; Oklahoma State University; Icahn School of Medicine at Mount Sinai; Experimental Station; University of Illinois Urbana-Champaign; University of Oklahoma; University of Arkansas at Fayetteville; Howard Hughes Medical Institute",,,
https://openalex.org/A5025149934,John C. McCullers,https://openalex.org/I115475287,Oklahoma State University,1982,1987,https://openalex.org/I115475287,1982,1987,,Colorado Women's College; San Jose State University; Oklahoma State University Oklahoma City; Oklahoma State University; University of Oklahoma; Georgia State University,,,
https://openalex.org/A5055343267,Jan W. Bats,https://openalex.org/I115475287,Oklahoma State University,1977,1977,https://openalex.org/I115475287,1977,1977,,"Medizinisches Versorgungszentrum Prof. Mathey, Prof. Schofer; National Taiwan University; Shell (Netherlands); University of Oklahoma; Chechen State University; Freie Universität Berlin; Max Planck Institute of Colloids and Interfaces; Corning (United States); University of Vienna; Bayer (Germany); University of Bremen; Ruhr University Bochum; Heidelberg University; TU Bergakademie Freiberg; Friedrich-Alexander-Universität Erlangen-Nürnberg; Cambridge Crystallographic Data Centre; Westfälische Hochschule; Senckenberg Research Institute and Natural History Museum Frankfurt/M; Rutgers, The State University of New Jersey; Goethe University Frankfurt; Folkwang University of the Arts; Technische Universität Berlin; University at Buffalo, State University of New York; University of Twente; University of Stuttgart; Oklahoma State University; Dow Chemical (Japan); RWTH Aachen University; Goethe-Institute United Kingdom; Marie Curie; University of Siegen",,,
https://openalex.org/A5065956332,Lei Qiao,https://openalex.org/I115475287,Oklahoma State University,2013,2024,https://openalex.org/I115475287,2013,2024,Dalian Maritime University,Oklahoma State University; Northwestern Polytechnical University; National Science and Technology Center for Disaster Reduction; Saint Louis University; Conference Board; Oklahoma State University Oklahoma City; Radar (United States); Fujian Institute of Oceanography; University of Oklahoma; NOAA National Weather Service; Anhui Provincial Meteorological Bureau; Utah Valley University,0000-0002-1205-5610,,
https://openalex.org/A5116691922,Yongchao Li,https://openalex.org/I115475287,Oklahoma State University,2008,2008,https://openalex.org/I115475287,2008,2008,Union Hospital; Xinjiang Production and Construction Corps; Tarim University; Xinjiang Agricultural University; Jilin University,Sun Yat-sen University; Shandong University; Harbin Medical University; American Association of Colleges of Pharmacy; Hunan Rice Research Institute; Noble; Central South University; University of Oklahoma; Henan Institute of Science and Technology; Chinese Academy of Sciences; Wichita State University; Hunan Academy of Agricultural Sciences; Second Affiliated Hospital of Harbin Medical University; Xiamen University; Cornell University; Medicina; Xiangya Hospital Central South University; University of Chinese Academy of Sciences; Beijing University of Chemical Technology; State Intellectual Property Office; Guangdong Laboratory Animals Monitoring Institute; University of Illinois Chicago; Huazhong University of Science and Technology; Wuhan University; Fifth Affiliated Hospital of Sun Yat-sen University; Oklahoma State University; Beijing Tsinghua Chang Gung Hospital; Ministry of Agriculture and Rural Affairs; Tsinghua University,0000-0003-2016-1824,,
https://openalex.org/A5067758728,Bojja Ramachandra Reddy,https://openalex.org/I115475287,Oklahoma State University,1979,1980,https://openalex.org/I115475287,1979,1980,GITAM University,University of Oklahoma; Dr. Reddy's Laboratories (India); Oklahoma State University; IMGENEX India (India),,,
https://openalex.org/A5063285749,O. H. Rundell,https://openalex.org/I115475287,Oklahoma State University,1981,1981,https://openalex.org/I115475287,1981,1981,,Baptist Medical Center Jacksonville; Oklahoma State University; INTEGRIS Baptist Medical Center; United States Department of State; Oklahoma Department of Mental Health and Substance Abuse Services; University of Oklahoma; University of Oklahoma Health Sciences Center; Presbyterian Hospital,,,
https://openalex.org/A5091598235,Eric D. Ryan,https://openalex.org/I115475287,Oklahoma State University,2009,2015,https://openalex.org/I115475287,2009,2015,University of North Carolina at Chapel Hill,"University of Alabama; University of Nebraska–Lincoln; Barro Colorado Island; Minnesota Orthopedic Sports Medicine Institute; Oklahoma State University; American College of Surgeons; National Institute for Occupational Safety and Health; Children's National; American College of Sports Medicine; Center for Health, Exercise and Sport Sciences; University of Kansas; University of Oklahoma; IQVIA (United States); Atlantic University; Des Moines University; Giuliani (Italy); Florida Atlantic University; Dublin City University; University of Oklahoma Health Sciences Center; University of Central Florida; Blanchette Rockefeller Neurosciences Institute; Texas Tech University; St. Anthony Hospital; The University of Tokyo; West Virginia University; Florida State University; University of Wisconsin–La Crosse; Des Moines University Osteopathic Medical Center; Oklahoma State University Oklahoma City; University of Kentucky",0000-0001-9589-4534,,
https://openalex.org/A5003180501,Shuanghe Cao,https://openalex.org/I115475287,Oklahoma State University,2010,2015,https://openalex.org/I115475287,2010,2015,Northwest A&F University; Chinese Academy of Agricultural Sciences; Institute of Crop Sciences; Nanjing Agricultural University; Bahauddin Zakariya University,University of Oklahoma; PowerChina (China); Institute of Genetics and Developmental Biology; Ministère de l'Agriculture et de la Souveraineté alimentaire; Oklahoma State University Oklahoma City; Guizhou Electric Power Design and Research Institute; Quaid-i-Azam University; Anhui Agricultural University; Chinese Academy of Sciences; Oklahoma State University,0000-0002-2905-0728,,
https://openalex.org/A5029163286,Alexander R. Simms,https://openalex.org/I115475287,Oklahoma State University,2007,2012,https://openalex.org/I115475287,2007,2012,"University of California, Santa Barbara; Equinor (United Kingdom)",United States Army Corps of Engineers; University of North Carolina at Chapel Hill; Stennis Space Center; University of California System; San Diego State University; Oklahoma State University; University of Oklahoma; Rice University; University of Southern Mississippi; Oklahoma State University Oklahoma City,0000-0001-5034-2189,,
https://openalex.org/A5111551902,Chris Candler,https://openalex.org/I115475287,Oklahoma State University,1997,1997,https://openalex.org/I115475287,1997,1997,University of Oklahoma Health Sciences Center,"Association of American Medical Colleges; Miami VA Healthcare System; Beth Israel Deaconess Medical Center; Oklahoma State University; Mayo Clinic in Arizona; University of Oklahoma; Oklahoma City University; University of Utah; U.S. National Science Foundation; Southern Illinois University School of Medicine; Dean College; Geriatric Research Education and Clinical Center; United States National Library of Medicine; University of California, Los Angeles; UCLA Medical Center; Office of Education; Harvard University",,,
https://openalex.org/A5002683523,Philip C. Bourne,https://openalex.org/I115475287,Oklahoma State University,2004,2014,https://openalex.org/I115475287,2004,2014,University of Oklahoma,Oklahoma Medical Research Foundation; Columbia University; Oklahoma State University; University of Exeter,,,
https://openalex.org/A5103055498,Guangping Chen,https://openalex.org/I115475287,Oklahoma State University,2002,2022,https://openalex.org/I115475287,2002,2022,Emory University; Yunnan Academy of Agricultural Sciences,Shougang (China); University of Oklahoma; University of Arkansas for Medical Sciences; National Institute of Dental and Craniofacial Research; Tiangong University; Metabolism and Renal Physiology; In-Q-Tel; Lishui University; Oklahoma State University; Columbia University; Oklahoma State University Oklahoma City; Southern Medical University; Shanghai Medical College of Fudan University; The University of Texas at Austin; Guangdong Provincial People's Hospital; American Physiological Society; Hainan University,0000-0003-4178-4529,,
https://openalex.org/A5050863674,Sara Mata,https://openalex.org/I115475287,Oklahoma State University,2015,2015,https://openalex.org/I115475287,2015,2015,Universidad de Granada; Wichita State University,Oklahoma State University; University of Oklahoma; University of Nebraska–Lincoln; Oklahoma Biological Survey,0000-0002-4648-013X,,
https://openalex.org/A5101932271,Choon Yik Tang,https://openalex.org/I115475287,Oklahoma State University,1998,1998,https://openalex.org/I115475287,1998,1998,,City University of Macau; University of Oklahoma; University of Michigan; University of Macau; University of Colorado Denver; Oklahoma State University Oklahoma City; Oklahoma State University; National University of Singapore; Honeywell (United States),0000-0001-6145-301X,,
https://openalex.org/A5082245908,David R. Edds,https://openalex.org/I115475287,Oklahoma State University,1989,1989,https://openalex.org/I115475287,1989,1989,Emporia State University,University of Oklahoma; Oklahoma State University,0000-0001-9475-7378,,
https://openalex.org/A5004444054,Christina Minger,https://openalex.org/I115475287,Oklahoma State University,1990,1990,https://openalex.org/I115475287,1990,1990,Western Michigan University,University of Oklahoma; Oklahoma State University,,,
https://openalex.org/A5102494647,Jody L. Newman,https://openalex.org/I115475287,Oklahoma State University,1990,1990,https://openalex.org/I115475287,1990,1990,Craig Hospital,Iowa State University; Western Michigan University; University of North Dakota; Counseling Center; University of Oklahoma; Johnson & Johnson (United States); Texas Woman's University; Oklahoma State University,,,
https://openalex.org/A5057403802,Earl E. Lafon,https://openalex.org/I115475287,Oklahoma State University,1970,1992,https://openalex.org/I115475287,1970,1992,Oklahoma State University,University of Oklahoma; University of Wisconsin–Madison; IBM (United States),,,
https://openalex.org/A5061020688,Arlan Richardson,https://openalex.org/I115475287,Oklahoma State University,1969,1969,https://openalex.org/I115475287,1969,1969,University of Oklahoma Health Sciences Center; Oklahoma City VA Medical Center; Oklahoma City VA Health Care System,"University of Illinois Chicago; OU Health Stephenson Cancer Center; Wayne State University; Molecular Biology Consortium; Washington University in St. Louis; The University of Texas Health Science Center at Houston; University of Toronto; University of California, San Diego; University of Minnesota; Oklahoma State University Oklahoma City; Columbia University; Audie L. Murphy Memorial VA Hospital; OU Health; Purdue University West Lafayette; The University of Texas System; Illinois College; Saint Louis University; Rutgers, The State University of New Jersey; Institute of Aging; Czech Academy of Sciences, Institute of Physiology; Webster University; University of California, San Francisco; UCLouvain Saint-Louis Brussels; Emory University; Illinois State University; Richardson Electronics (United Kingdom); Allergan (United Kingdom); South Texas Veterans Health Care System; Arizona State University; University of Illinois Urbana-Champaign; The University of Melbourne; Yale University; The University of Texas Health Science Center at San Antonio; Meharry Medical College; Veterans Health Administration; The University of Texas at San Antonio; University of Puerto Rico System; Murphy Oil Corporation (United States); Medical Research Council; Geriatric Research Education and Clinical Center; University of Oklahoma; St. Luke's-Roosevelt Hospital Center; University of Michigan; University of Washington; Oklahoma City University; St. Luke's Hospital; University of Liverpool; University of Virginia Medical Center; Vanderbilt University; Pennington Biomedical Research Center; Star Center",0000-0001-9622-7311,,
https://openalex.org/A5031118394,Gary D. Sandefur,https://openalex.org/I115475287,Oklahoma State University,2018,2018,https://openalex.org/I115475287,2018,2018,,University of Oklahoma; Oklahoma State University; Innovations for Poverty Action; University of Wisconsin–Madison,,,
https://openalex.org/A5100389708,Bing Zhang,https://openalex.org/I115475287,Oklahoma State University,2018,2018,https://openalex.org/I115475287,2018,2018,Beijing University of Chemical Technology; Henan Cancer Hospital; Beijing Institute of Big Data Research; Fujian Medical University; Central South University of Forestry and Technology; Jiangsu University of Science and Technology; Minzu University of China; Henan University; Chinese Academy of Sciences; China University of Mining and Technology; Yanshan University; University of Chinese Academy of Sciences; Shanxi University; Hohai University; Aerospace Information Research Institute; Nanjing Agricultural University; Jiangxi Normal University; Zhengzhou University,"Guangxi University of Science and Technology; Technical Institute of Physics and Chemistry; Chinese Center For Disease Control and Prevention; State Key Laboratory of Modern Optical Instruments; Nanjing Drum Tower Hospital; Changzhou Institute of Technology; Beihang University; Yellow River Institute of Hydraulic Research; Anhui Institute of Optics and Fine Mechanics; Institute of Deep-Sea Science and Engineering; Bureau of Geology and Mineral Exploration and Development of Guizhou Province; Micro & Nano Research Institute; Wuhan Institute of Physics and Mathematics; Tsinghua University; China Jiliang University; Jilin Meteorological Bureau; Research Center for Eco-Environmental Sciences; Northwestern Polytechnical University; Tianjin University; China General Nuclear Power Corporation (China); Satellite Application Center for Ecology and Environment; China Meteorological Administration; Jinan University; State Key Laboratory of Remote Sensing Science; Southwest Jiaotong University; University of Science and Technology of China; Xi'an Jiaotong University; Chengdu University of Technology; University of Jinan; Ministry of Ecology and Environment; University of Oklahoma; Delft University of Technology; Guizhou University; Suzhou Research Institute; Zhejiang University; Yamanashi Prefectural University; RTX (United States); State Key Joint Laboratory of Environment Simulation and Pollution Control; Northwestern University; Nanjing Forestry University; China Electronics Technology Group Corporation; East China Normal University; State Grid Corporation of China (China); Kunming University of Science and Technology; Dalian Minzu University; Xijing University; Institute of Oceanology; Central South University; Metallurgical Corporation of China (China); Shenyang Aerospace University; Nanjing University of Finance and Economics; Northwest A&F University; Suqian University; Zhejiang University of Water Resource and Electric Power; Beijing University of Posts and Telecommunications; Beijing Institute of Technology; Jiangsu Institute of Meteorological Sciences; Institute of Hydroecology; University of California, Santa Cruz; Institute of Optics and Electronics, Chinese Academy of Sciences; Xinjiang Technical Institute of Physics & Chemistry; Chongqing Normal University; Sichuan University; Princeton University; Beijing Normal University; Institute of Remote Sensing and Digital Earth; Liaoning Technical University; National Institute of Information and Communications Technology; Beijing University of Chinese Medicine; Yangzhou University; Oklahoma State University; Universidad del Noreste; China Geological Survey; Georgia Institute of Technology; Dongguan University of Technology; Dalian Maritime University; Third Affiliated Hospital of Southern Medical University; Capital Normal University; Louisiana State University Agricultural Center",0000-0003-0319-7753,,
https://openalex.org/A5109868260,N Kiger,https://openalex.org/I115475287,Oklahoma State University,2025,2025,https://openalex.org/I115475287,2025,2025,University of Oklahoma,Inserm; Hôpital Broussais; Hôpital Paul-Brousse; New York University; University of Arizona; Université Paris Cité; University of Arizona Cancer Center; Defense Threat Reduction Agency; Columbia University Irving Medical Center,0009-0006-0489-3223,,
https://openalex.org/A5018664474,Mohammad Mukhtaruzzaman,https://openalex.org/I115475287,Oklahoma State University,2025,2025,https://openalex.org/I115475287,2025,2025,Ramapo College,Bangladesh University of Engineering and Technology; University of Oklahoma,0000-0001-6300-6790,,
https://openalex.org/A5036419254,Russell G. Postier,https://openalex.org/I115475287,Oklahoma State University,2004,2004,https://openalex.org/I115475287,2004,2004,University of Oklahoma Health Sciences Center,Oklahoma Medical Research Foundation; University of Baltimore; United States Department of Veterans Affairs; Oklahoma City University; Williams (United States); Johns Hopkins University; University of Oklahoma; Howard University; McCormick (United States); Oklahoma State University; Veterans Health Administration; OU Health; University of Oklahoma Medical Center,,,
https://openalex.org/A5109417028,Stanley Lightfoot,https://openalex.org/I115475287,Oklahoma State University,2004,2004,https://openalex.org/I115475287,2004,2004,Providence College; Roger Williams Medical Center,"Oklahoma City VA Medical Center; University of Oklahoma Health Sciences Center; Stowers Institute for Medical Research; Florida State University; University Hospitals Birmingham NHS Foundation Trust; OU Health Stephenson Cancer Center; Veterans Health Administration; University of Oklahoma; Oklahoma State University; Rutgers, The State University of New Jersey; Oklahoma Medical Research Foundation; Kyiv City Clinical Oncology Center; Oklahoma City University; Oklahoma State University Oklahoma City; OU Health",,,
https://openalex.org/A5060206799,Jay S. Hanas,https://openalex.org/I115475287,Oklahoma State University,2004,2004,https://openalex.org/I115475287,2004,2004,University of Oklahoma Health Sciences Center,Veterans Health Administration; United States Department of Veterans Affairs; Oklahoma State University; Oklahoma City University; State University of New York; Oklahoma Medical Research Foundation; Williams (United States); University of South Florida; University of Oklahoma; Stony Brook University,0000-0003-1922-5333,,
https://openalex.org/A5043870806,Megan R. Lerner,https://openalex.org/I115475287,Oklahoma State University,2004,2004,https://openalex.org/I115475287,2004,2004,,"National Institutes of Health; Boston Children's Hospital; Universidade Federal do Paraná; Howard University; Oklahoma City University; Family Research Institute; University of Louisville; United States Department of Veterans Affairs; Millard Fillmore Suburban Hospital; GTx (United States); Cerner (United States); Children's Hospital of Oklahoma; Harvard University; University of Oklahoma; Florida State University; OU Health; University of Oklahoma Health Sciences Center; University of Gothenburg; Oklahoma State University; Tulane University; Veterans Health Administration; University of Maryland, Baltimore; Williams (United States); Oklahoma Medical Research Foundation; Oklahoma City VA Medical Center; University of Oklahoma Medical Center; Rutgers, The State University of New Jersey; Oklahoma State University Oklahoma City; OU Health Stephenson Cancer Center; Medical College of Wisconsin",0000-0003-2645-8311,,
https://openalex.org/A5027214597,Rachel Mosier,https://openalex.org/I115475287,Oklahoma State University,2015,2024,https://openalex.org/I115475287,2015,2024,Oklahoma State University; Oklahoma State University Oklahoma City,Kansas State University; Bucknell University; The University of Texas at San Antonio; Narsee Monjee Institute of Management Studies; Kennesaw State University; Northern Arizona University; University of Arizona; Morehead State University; University of Oklahoma; ORCID; 21c Consultancy (United Kingdom),0000-0001-8937-978X,,
https://openalex.org/A5005924475,Sandeep Langar,https://openalex.org/I115475287,Oklahoma State University,2021,2022,https://openalex.org/I115475287,2021,2022,The University of Texas at San Antonio,Morehead State University; Narsee Monjee Institute of Management Studies; ORCID; Virginia Tech; Oklahoma State University Oklahoma City; Oklahoma State University; Kennesaw State University; University Health Care System; University of Southern Mississippi; University of Oklahoma; InView Technology Corporation (United States),0000-0001-7955-1646,,
https://openalex.org/A5029611060,Olajumoke Beulah Adigun,https://openalex.org/I115475287,Oklahoma State University,2022,2024,https://openalex.org/I115475287,2022,2024,,Oklahoma State University Oklahoma City; University of Oklahoma; Oklahoma State University System; Oklahoma State University,0000-0002-8682-5016,,
https://openalex.org/A5042629612,D. J. Brackett,https://openalex.org/I115475287,Oklahoma State University,2004,2004,https://openalex.org/I115475287,2004,2004,Oklahoma State University; University of Oklahoma,Oklahoma Medical Research Foundation,,,
https://openalex.org/A5102884707,Michael S. Bronze,https://openalex.org/I115475287,Oklahoma State University,2004,2004,https://openalex.org/I115475287,2004,2004,University of Oklahoma Health Sciences Center,Williams (United States); University of Oklahoma; Memphis VA Medical Center; Baptist Memorial Hospital; Oklahoma City University; Brigham and Women's Hospital; Texas Tech University Health Sciences Center; University of Tennessee Health Science Center; United States Department of Veterans Affairs; Oklahoma State University; University of Tennessee at Knoxville; Texas Tech University; Oklahoma State University Oklahoma City; OU Health; Veterans Health Administration,0000-0002-8770-0872,,
https://openalex.org/A5042667292,Derek A. Houston,https://openalex.org/I115475287,Oklahoma State University,2017,2017,https://openalex.org/I115475287,2017,2017,Southern Illinois University Edwardsville,Stanford University; Spencer Foundation; University of Oklahoma; Oklahoma State University; University of Illinois Urbana-Champaign; University of Wisconsin–Whitewater; Pathways Behavioral Services,0000-0003-1995-8406,,
https://openalex.org/A5054079261,E. A. Grula,https://openalex.org/I115475287,Oklahoma State University,1960,1984,https://openalex.org/I115475287,1960,1984,,University of Kentucky; University of Oklahoma; Oklahoma State University Oklahoma City; Keeneland Association; Oklahoma State University; Purdue University West Lafayette,,,
https://openalex.org/A5009458917,T. C. Keisling,https://openalex.org/I115475287,Oklahoma State University,1977,1977,https://openalex.org/I115475287,1977,1977,,University of Arkansas System; University of Arkansas at Monticello; Harry K. Dupree Stuttgart National Aquaculture Research Center; University of Florida; Highlands Oncology Group; University of Oklahoma; Oklahoma State University; University of Arkansas at Fayetteville,,,
https://openalex.org/A5009350777,Stanley L. Robertson,https://openalex.org/I115475287,Oklahoma State University,1979,1979,https://openalex.org/I115475287,1979,1979,Southwestern Oklahoma State University,Weatherford (United States); University of Oklahoma; Fort Hays State University; Northeastern State University; Oklahoma State University,,,
https://openalex.org/A5085841904,Anthony A. Echelle,https://openalex.org/I115475287,Oklahoma State University,1983,2023,https://openalex.org/I115475287,1983,2023,Oklahoma State University,University of Oklahoma; University of Maine; United States Geological Survey; Oklahoma State University Oklahoma City; Baylor University; East Harlem Tutorial Program,0000-0002-2667-2476,,
https://openalex.org/A5037696727,Alice F. Echelle,https://openalex.org/I115475287,Oklahoma State University,1983,2019,https://openalex.org/I115475287,1983,2019,,United States Geological Survey; East Harlem Tutorial Program; Oklahoma State University Oklahoma City; Oklahoma State University; University of Oklahoma,,,
https://openalex.org/A5043769375,Bill Chown,https://openalex.org/I115475287,Oklahoma State University,1981,1981,https://openalex.org/I115475287,1981,1981,Mentor Technologies,Portland State University; University of Oklahoma; United States Department of State; Mentor; Oklahoma State University; Siemens (Hungary),,,
https://openalex.org/A5108904665,J. Leroy Folks,https://openalex.org/I115475287,Oklahoma State University,1968,2014,https://openalex.org/I115475287,1968,2014,,"Mitchell Institute; The Ohio State University; Oklahoma State University; University of Oklahoma; Texas A&M University; University of California, Irvine; Georgia State University; Oklahoma State University Oklahoma City; University at Buffalo, State University of New York",,,
https://openalex.org/A5033454879,Michelle Kelly‐Borges,https://openalex.org/I115475287,Oklahoma State University,1998,1998,https://openalex.org/I115475287,1998,1998,University of Alberta; University of Hawaii System,"Aoyama Gakuin University; University of Auckland; University of Oklahoma; University of Hawaiʻi at Mānoa; Unitec Institute of Technology; Florida Atlantic University; American Museum of Natural History; Rhodes University; Harbor Branch Oceanographic Institute; Oklahoma State University; University of California, San Diego; University of Mississippi; Natural History Museum",,,
https://openalex.org/A5090070353,Dietmar Wolf,https://openalex.org/I115475287,Oklahoma State University,1998,1998,https://openalex.org/I115475287,1998,1998,,Unitec Institute of Technology; Technische Universität Berlin; Munich University of Applied Sciences; Oklahoma State University; University of Oklahoma,,,
https://openalex.org/A5087958031,Francis J. Schmitz,https://openalex.org/I115475287,Oklahoma State University,1998,1998,https://openalex.org/I115475287,1998,1998,,"Golden Gate University; Oklahoma State University; Massachusetts Institute of Technology; Louisiana State University in Shreveport; California University of Pennsylvania; Indiana University; Natural History Museum; Unitec Institute of Technology; University of California, Santa Cruz; W.E. Upjohn Institute for Employment Research; California Academy of Sciences; Columbia University; University of Alberta; Andhra University; Stanford University; University of Puerto Rico-Mayaguez; University of Oklahoma; Princeton University; National Institute of Water and Atmospheric Research; Novartis (Switzerland); Rockefeller Foundation; Konyang University; Yale University; Harvard University Press; RWTH Aachen University",,,
https://openalex.org/A5112541359,Robert E. Nordquist,https://openalex.org/I115475287,Oklahoma State University,1996,1996,https://openalex.org/I115475287,1996,1996,NeoPhotonics (United States),Oklahoma Medical Research Foundation; Wound Healing Society; University of Oklahoma Medical Center; Marymount University; Advanced Cancer Therapeutics; EM Photonics (United States); Dean McGee Eye Institute; Oklahoma State University; United States Department of Veterans Affairs; University of Oklahoma; Anna Needs Neuroblastoma Answers; Providence College; University of Central Oklahoma; Oklahoma State University Center for Health Sciences; University of Oklahoma Health Sciences Center,,,
https://openalex.org/A5056833871,Folarin Kolawole,https://openalex.org/I115475287,Oklahoma State University,2017,2021,https://openalex.org/I115475287,2017,2021,Environmental Earth Sciences; Lamont-Doherty Earth Observatory; Columbia University,Federal University of Technology; BP (United Kingdom); Planned Parenthood Southeast; Appalachian State University; GFZ Helmholtz Centre for Geosciences; Centre National de la Recherche Scientifique; University of Oklahoma; Virginia Tech; BP (United States); Oklahoma State University; Earth Island Institute; University of Malawi; RWTH Aachen University; ConocoPhillips (United States),0000-0002-5695-2778,,
https://openalex.org/A5112898872,Stephen R. Gillaspy,https://openalex.org/I115475287,Oklahoma State University,1999,1999,https://openalex.org/I115475287,1999,1999,National Institute of Nutrition; Dr. Hari Singh Gour University; Indian Council of Medical Research,American Psychological Association; Oklahoma City University; Arkansas Children's Hospital; Cincinnati Children's Hospital Medical Center; University of Arkansas for Medical Sciences; Texas Children's Hospital; University of Oklahoma Health Sciences Center; University of Central Arkansas; Oklahoma State University; Jackson College; University of Oklahoma; Oklahoma State University Oklahoma City,,,
https://openalex.org/A5058769370,Kara L. Kerr,https://openalex.org/I115475287,Oklahoma State University,2018,2025,https://openalex.org/I115475287,2018,2025,Oklahoma State University Center for Health Sciences; Center for Clinical Research (United States); Oklahoma State University; Oklahoma State University Oklahoma City,Johnson & Johnson (United States); University of Tulsa; Simmons University; Kerr Wood Leidal Associates (Canada); Christie's; Oklahoma State University Medical Center; KU Leuven; University of Oklahoma; University of Washington; Seattle Indian Health Board; Imaging Center; Oklahoma State University at Tulsa; Laureate Institute for Brain Research,0000-0002-6671-4546,,
https://openalex.org/A5002186948,Brady S. Redus,https://openalex.org/I115475287,Oklahoma State University,2003,2004,https://openalex.org/I115475287,2003,2004,University of Central Oklahoma,University of Oklahoma; Oklahoma State University; Oklahoma State University Oklahoma City,,,
https://openalex.org/A5052345113,Valarie Blue Bird Jernigan,https://openalex.org/I115475287,Oklahoma State University,2019,2024,https://openalex.org/I115475287,2019,2024,Oklahoma State University Center for Health Sciences,"National Academies of Sciences, Engineering, and Medicine; Oklahoma State University at Tulsa; Johns Hopkins University; University of Oklahoma Health Sciences Center; Cherokee Nation; University of Tulsa; Stanford University; Oklahoma State University Oklahoma City; Stanford Health Care; Oklahoma State University; Institute for Urban Indigenous Health; University of Oklahoma; University of Oklahoma - Tulsa",0000-0002-3965-8518,,
https://openalex.org/A5062624916,Lothar Esser,https://openalex.org/I115475287,Oklahoma State University,2002,2003,https://openalex.org/I115475287,2002,2003,State Key Laboratory of Cell Biology,Sri Venkateswara University; National Institutes of Health; Massey University; Paderborn University; The University of Texas Southwestern Medical Center; Eindhoven University of Technology; University of Oklahoma; Institute of Cell Biology; Uppsala University; Technische Universität Berlin; Cancer Institute (WIA); Oklahoma State University; Center for Cancer Research; Howard Hughes Medical Institute; Changwon National University; National Cancer Institute; Commonwealth Scientific and Industrial Research Organisation,0000-0002-8680-6851,,
https://openalex.org/A5110610120,Jack D. Welsh,https://openalex.org/I115475287,Oklahoma State University,1981,1981,https://openalex.org/I115475287,1981,1981,,"United States Department of Veterans Affairs; Oklahoma Medical Research Foundation; Uniformed Services University of the Health Sciences; Rutgers, The State University of New Jersey; Oklahoma City University; Presbyterian Hospital; INTEGRIS Baptist Medical Center; University of Oklahoma Health Sciences Center; University of Nebraska Medical Center; University of Oklahoma; Oklahoma State University; Clemson University; University of Oklahoma Medical Center; Oklahoma Foundation for Digestive Research; The University of Texas Health Science Center at Houston; Eastern Virginia Medical School",,,
https://openalex.org/A5063151067,Freda A. Jones,https://openalex.org/I115475287,Oklahoma State University,1980,1980,https://openalex.org/I115475287,1980,1980,University of Oklahoma Health Sciences Center,Health Services Center; University of Oklahoma; Oklahoma State University,,,
https://openalex.org/A5090684122,Christina R. Bourne,https://openalex.org/I115475287,Oklahoma State University,2010,2014,https://openalex.org/I115475287,2010,2014,University of Oklahoma; North Carolina State University,Indiana University Bloomington; Physical Sciences (United States); Oklahoma State University; Washington University in St. Louis; Oklahoma Medical Research Foundation; Scripps Research Institute; University of Oklahoma Health Sciences Center,0000-0001-6192-3392,,
https://openalex.org/A5014738380,Renee T. Threlfall,https://openalex.org/I115475287,Oklahoma State University,2019,2019,https://openalex.org/I115475287,2019,2019,University of Arkansas System; University of Arkansas at Fayetteville,"Florida Agricultural and Mechanical University; Institute of Food Science & Technology; Southern Regional Research Center; University of Oklahoma; Oklahoma State University; Mississippi State University; California State University, Fresno",0000-0002-6715-7323,,
https://openalex.org/A5111779332,John Clark,https://openalex.org/I115475287,Oklahoma State University,2019,2019,https://openalex.org/I115475287,2019,2019,Natividad Medical Center,University of Arkansas at Fayetteville; University of Hong Kong; Bibliothèque et Archives nationales du Québec; Troy University; Mississippi State University; University of Oklahoma; Oklahoma State University,,,
https://openalex.org/A5081365299,Hugh C. Crethar,https://openalex.org/I115475287,Oklahoma State University,2012,2019,https://openalex.org/I115475287,2012,2019,,Chicago State University; University of Arizona; Governors State University; University of Oklahoma; Oklahoma State University,,,
https://openalex.org/A5007910787,B. Abbott,https://openalex.org/I115475287,Oklahoma State University,2011,2011,https://openalex.org/I115475287,2011,2011,University of Oklahoma; University of Arizona,"Universidad de Los Andes; University of Massachusetts Amherst; Universidade Estadual Paulista (Unesp); McGill University; New York University; University of California, Irvine; Centre de physique des particules de Marseille; University of Science and Technology of China; Czech Academy of Sciences, Institute of Physics; Uppsala University; Oklahoma State University; Czech Academy of Sciences; Langston University; Fermi National Accelerator Laboratory; Universidad de Buenos Aires; California Institute of Technology; Centre National de la Recherche Scientifique; University of Kansas; Istituto Nazionale di Fisica Nucleare, Sezione di Lecce; Institut National de Physique Nucléaire et de Physique des Particules; University of California, Berkeley; Institute of High Energy Physics; Lawrence Berkeley National Laboratory; European Organization for Nuclear Research; Universidad San Francisco de Quito; The University of Western Australia; The University of Texas at Arlington; Centro de Investigación y de Estudios Avanzados del Instituto Politécnico Nacional; Universidade Federal do ABC; Aix-Marseille Université; Laboratoire d’Annecy de Physique des Particules; Centro Brasileiro de Pesquisas Físicas; Max Planck Institute for Gravitational Physics; Charles University; Purdue University West Lafayette",0000-0002-5888-2734,,
https://openalex.org/A5062220715,Timothy A. Hart,https://openalex.org/I115475287,Oklahoma State University,2009,2015,https://openalex.org/I115475287,2009,2015,Northeastern State University,University of Oklahoma; Collins College; Cornell University; The University of Texas at Austin; Oklahoma State University; Carnegie Mellon University; University of Tulsa; The Ohio State University; Yonsei University; Oklahoma State University Oklahoma City; University of Cincinnati,0000-0002-0254-4787,,
https://openalex.org/A5046428599,Meelyn Pandit,https://openalex.org/I115475287,Oklahoma State University,2022,2022,https://openalex.org/I115475287,2022,2022,University of Oklahoma; Oklahoma State University; Oklahoma Biological Survey,University of Otago; Harvard University; Indiana University Bloomington; Indiana University,0000-0002-4901-4855,,
https://openalex.org/A5070292752,Brennan J. Thompson,https://openalex.org/I115475287,Oklahoma State University,2010,2015,https://openalex.org/I115475287,2010,2015,Foundation Center; Utah State University,"Health and Human Development (2HD) Research Network; Utah Tech University; Development Fund; University of California, Los Angeles; Des Moines University; Texas Tech University; Furman University; Kent State University; Oklahoma State University; Commonwealth Scientific and Industrial Research Organisation; Lenox Hill Hospital; University of North Carolina at Chapel Hill; IQVIA (United States); Oklahoma State University Oklahoma City; Texas Tech University Health Sciences Center; University of Oklahoma",0000-0003-3534-8755,,
https://openalex.org/A5089150558,Jeff L. Payne,https://openalex.org/I115475287,Oklahoma State University,2011,2011,https://openalex.org/I115475287,2011,2011,University of Kentucky,University of Oklahoma; Rockford University; Coventry (United Kingdom); Oklahoma State University; Southern Methodist University; University of Mississippi,0000-0003-4377-6493,,
https://openalex.org/A5045735101,Wayne B. Thomas,https://openalex.org/I115475287,Oklahoma State University,2011,2011,https://openalex.org/I115475287,2011,2011,University of Portsmouth,University of Kentucky; University of Toronto; New York University Press; American Accounting Association; University of Utah; Louisiana State University; University of Oklahoma; Royal College of Psychiatrists; Universitas Gadjah Mada; Oklahoma State University; University of Hawaiʻi at Mānoa; Oklahoma State University Oklahoma City; The University of Texas at Arlington; Cambridge University Press; University of Houston - Downtown; University of Houston; Southern Methodist University; American Institute of Certified Public Accountants,0000-0001-9517-7316,,
https://openalex.org/A5110898002,Eric D. Ryan,https://openalex.org/I115475287,Oklahoma State University,2010,2011,https://openalex.org/I115475287,2010,2011,,"University of North Carolina Health Care; Development Fund; West Virginia University; Furman University; Old Dominion University; University of Central Florida; Dublin City University; University of North Carolina at Chapel Hill; Trinity College Dublin; Texas Tech University; University of Oklahoma; Center for Health, Exercise and Sport Sciences; Oklahoma State University Oklahoma City; California State University, Fullerton; Oklahoma State University; Jacobs (United States); Florida Atlantic University; Utah State University; Texas Wesleyan University; Children's National",,,
https://openalex.org/A5051176535,Cristina Mendes Peter,https://openalex.org/I115475287,Oklahoma State University,2022,2022,https://openalex.org/I115475287,2022,2022,Universidade Federal de São Paulo,University of Oklahoma; Universidade Federal de Pelotas; Oklahoma State University; Rigel (United States),0000-0001-7879-3299,,
https://openalex.org/A5062844148,Jennifer L Graef,https://openalex.org/I115475287,Oklahoma State University,2013,2018,https://openalex.org/I115475287,2013,2018,University of Oklahoma Health Sciences Center,Campo Arqueologico de Mertola; Australian National University; OU Health; Nutrition 21 (United States); University of Oklahoma; Oklahoma State University,,,
https://openalex.org/A5079859681,Ole‐Kristian Hope,https://openalex.org/I115475287,Oklahoma State University,2011,2011,https://openalex.org/I115475287,2011,2011,University of Toronto; BI Norwegian Business School,Norwegian School of Economics; Oklahoma State University; Southern Methodist University; Northwestern University; University of Oklahoma,0000-0002-9086-056X,,
https://openalex.org/A5110321083,Jason R. Vogel,https://openalex.org/I115475287,Oklahoma State University,2012,2021,https://openalex.org/I115475287,2012,2021,University of Oklahoma,Hudson Institute; Soil Science Society of America; John Wiley & Sons (United States); United States Geological Survey; Kansas State University; Oklahoma State University Oklahoma City; Oklahoma State University; Oklahoma Biological Survey,,,
https://openalex.org/A5008772277,Kelvin C. P. Wang,https://openalex.org/I115475287,Oklahoma State University,2012,2024,https://openalex.org/I115475287,2012,2024,Oklahoma State University Oklahoma City,ORCID; West Virginia University; University of Delaware; American Society of Civil Engineers; Western Transportation Institute; DuPont (United States); Williams (United States); Texas Department of Transportation; Stevens Institute of Technology; Virginia Tech; Peking University; Arkansas State Highway and Transportation Department; University of Auckland; Urbana University; University of Arkansas at Fayetteville; Oklahoma State University; Southwest Jiaotong University; Montana State University; Virginia Department of Transportation; Southern Plains Transportation Center; Oklahoma Department of Transportation; University of Oklahoma; Virginia Tech Transportation Institute,0000-0002-4832-2848,,
https://openalex.org/A5021105630,Michael A. Gold,https://openalex.org/I115475287,Oklahoma State University,1999,1999,https://openalex.org/I115475287,1999,1999,University of Oklahoma; University of Tulsa; Oklahoma Cancer Specialists and Research Institute,"Association Clinique et Thérapeutique Infantile du Val de Marne; University of South Carolina; Division of Cancer Epidemiology and Genetics; University of Minnesota; OU Health; Oklahoma State University; Brown University; University at Albany, State University of New York; University Health Network; Gold Skin Care Center; Maine Farmland Trust; Robert Bosch (India); University of Oklahoma Health Sciences Center; Roswell Park Comprehensive Cancer Center; MedStar Washington Hospital Center; University of Alabama at Birmingham; Oklahoma City University; University of Chicago; Albany State University; University of Pennsylvania; Jiangsu Changjiang Electronics Technology (China); The Ohio State University; Memorial Sloan Kettering Cancer Center; Laureate Institute for Brain Research; University of Copenhagen; Sharp Rees-Stealy Medical Group; Vanderbilt University Medical Center; Pennsylvania Department of Conservation and Natural Resources; Michigan State University; Washington University in St. Louis; McGill University; Gynecologic Oncology Group; Jefferson College; Cleveland Clinic; University of Missouri; Emory University; Markey Cancer Center; The University of Texas MD Anderson Cancer Center; Toronto General Hospital; Cedars-Sinai Medical Center; National Cancer Institute; Dana-Farber Cancer Institute; Weatherford College; Brigham and Women's Hospital; Thomas Jefferson University Hospital; Tennessee Clinical Research Center; Mallinckrodt (United States); Purdue University West Lafayette; Missouri Department of Natural Resources; Truman State University; Hasbro Children's Hospital; Vanderbilt University; University of North Carolina at Chapel Hill; University of Toronto; University of Colorado Denver; The Nature Conservancy",0000-0002-6804-9850,,
https://openalex.org/A5067342714,Deborah Norris,https://openalex.org/I115475287,Oklahoma State University,2001,2001,https://openalex.org/I115475287,2001,2001,Unity Health Toronto,"University of Calgary; University of Oklahoma; Oklahoma State University; University of Tulsa; Oklahoma State University at Tulsa; Kansas State University; University of California, Los Angeles; UCLA Health",0000-0002-5113-0791,,
https://openalex.org/A5065392222,Russell C. Dutnell,https://openalex.org/I115475287,Oklahoma State University,1999,1999,https://openalex.org/I115475287,1999,1999,,Oklahoma State University; University of Oklahoma,,,
https://openalex.org/A5081240915,Ying Xiu,https://openalex.org/I115475287,Oklahoma State University,2018,2021,https://openalex.org/I115475287,2018,2021,Inner Mongolia Comprehensive Disease Prevention and Control Center,Urbana University; University of Oklahoma; Illinois College; Jilin University; Jilin Province Science and Technology Department; University of Illinois Urbana-Champaign; University of Central Oklahoma; Oklahoma State University; Southeast University,0000-0002-6893-6775,,
https://openalex.org/A5103540331,John R. Houck,https://openalex.org/I115475287,Oklahoma State University,1999,1999,https://openalex.org/I115475287,1999,1999,,Penn State Milton S. Hershey Medical Center; Pennsylvania State University; Cape Town HVTN Immunology Laboratory / Hutchinson Centre Research Institute of South Africa; VA Puget Sound Health Care System; Denver School of Nursing; Fred Hutch Cancer Center; University of Minnesota; University of Washington; Hershey (United States); University of Oklahoma; University of Oklahoma Health Sciences Center; Truman State University; Cancer Research Center; Oklahoma State University; Oncology Hematology Care,,,
https://openalex.org/A5020780806,H.W. Colvin,https://openalex.org/I115475287,Oklahoma State University,1957,1957,https://openalex.org/I115475287,1957,1957,"University of California, Davis",Agricultural Research Service; University of Missouri; University of Alabama at Birmingham; Ridgewater College; University of Arkansas at Fayetteville; Stillwater (Canada); École Nationale Vétérinaire d'Alfort; University of Oklahoma; Oklahoma State University,,,
https://openalex.org/A5089054469,Will Focht,https://openalex.org/I115475287,Oklahoma State University,1995,2016,https://openalex.org/I115475287,1995,2016,,University of Oklahoma Health Sciences Center; Novartis Foundation; Oklahoma State University; Science Applications International Corporation (United States); Oklahoma State University Oklahoma City; University of Oklahoma; Development Fund,,,
https://openalex.org/A5111778481,Norman N. Durham,https://openalex.org/I115475287,Oklahoma State University,1956,1984,https://openalex.org/I115475287,1956,1984,The University of Texas at Arlington,Duke Medical Center; Oklahoma State University Oklahoma City; The University of Texas at Austin; University of Oklahoma; Oklahoma State University; University of Rochester Medical Center; Canisius-Wilhelmina Ziekenhuis; Rice University,,,
https://openalex.org/A5036949094,J.M. Boda,https://openalex.org/I115475287,Oklahoma State University,1957,1957,https://openalex.org/I115475287,1957,1957,"University of California, Davis","Oklahoma State University; University of Oklahoma; Ridgewater College; University of California, Berkeley; University of Arkansas at Fayetteville; Stillwater (Canada); Agricultural Research Service; University of Alberta",,,
https://openalex.org/A5062804836,Jack R. Harlan,https://openalex.org/I115475287,Oklahoma State University,1956,1973,https://openalex.org/I115475287,1956,1973,,Goodwin College; University of Oklahoma; Agricultural Research Service; Illinois Department of Agriculture; University of New Orleans; Bureau of Plant Industry; Oklahoma State University Oklahoma City; Woodward (United States); Illinois College; Google (United States); Oklahoma State University; University of Illinois Urbana-Champaign; University of Illinois System,,,
https://openalex.org/A5004943766,Mitchell O. Locks,https://openalex.org/I115475287,Oklahoma State University,1971,1986,https://openalex.org/I115475287,1971,1986,,"Loyola Marymount University; Department of Administration; California State University System; University of California, Los Angeles; Mitchell Institute; Georgia State University; Texas A&M University; Oklahoma State University; Management Sciences (United States); College of Business Administration; University at Buffalo, State University of New York; Oklahoma State University Oklahoma City; University of California, Irvine; University of Oklahoma",,,
https://openalex.org/A5029891072,Arthur R. Zeiner,https://openalex.org/I115475287,Oklahoma State University,1983,1985,https://openalex.org/I115475287,1983,1985,,University of Iowa; University of Washington; Oklahoma City University; University of Southern California; Oklahoma State University; University of Oklahoma; Memorial Hospital; University of Oklahoma Health Sciences Center; University of Oklahoma Medical Center; Memorial Hospital; Southern California University for Professional Studies,,,
https://openalex.org/A5080102948,Curtis Hart,https://openalex.org/I115475287,Oklahoma State University,2001,2001,https://openalex.org/I115475287,2001,2001,AstraZeneca (United Kingdom); Genomics (United Kingdom),The University of Texas at Arlington; University of Lübeck; University Hospital Schleswig-Holstein; University of Wisconsin–La Crosse; The University of Texas at San Antonio; East Texas A&M University; University of Oklahoma; Oklahoma State University; Truman State University,,,
https://openalex.org/A5066860592,Sara Metcalf,https://openalex.org/I115475287,Oklahoma State University,2012,2012,https://openalex.org/I115475287,2012,2012,,University of Oklahoma,,,
https://openalex.org/A5108518519,Joseph Havlicek,https://openalex.org/I115475287,Oklahoma State University,2009,2009,https://openalex.org/I115475287,2009,2009,University of Oklahoma,"United States Naval Research Laboratory; Caterpillar (United States); Oklahoma State University Oklahoma City; University of Arkansas at Fayetteville; Cornell University; Michigan State University; Purdue University West Lafayette; Virginia Tech; The University of Texas at Austin; University of Maryland, College Park; The Ohio State University; Agricultural & Applied Economics Association; University of New England",,,
https://openalex.org/A5061420006,Salahuddin Ahmad,https://openalex.org/I115475287,Oklahoma State University,2011,2015,https://openalex.org/I115475287,2011,2015,Royal Victoria Infirmary,"East Carolina University; RMIT University; Massachusetts General Hospital; Ohio Northern University; Roche (United States); University of Oklahoma; Oklahoma State University Oklahoma City; OU Health; University of California, San Francisco; Heidelberg University; Dar Al-Shifa Hospital; Jewish Hospital; University of Toronto; National Defence University; Baylor College of Medicine; Oklahoma City University; Physikalisch-Technische Bundesanstalt; University of Iowa Hospitals and Clinics; OU Health Stephenson Cancer Center; Cancer Research Center; Cooley Dickinson Health Care; UMass Memorial Medical Center; Landauer (United States); University of Oklahoma Health Sciences Center; Oklahoma State University",0000-0002-6376-6295,,
https://openalex.org/A5005379148,Cheng‐Chao Ruan,https://openalex.org/I115475287,Oklahoma State University,2011,2012,https://openalex.org/I115475287,2011,2012,Fudan University; Jinshan Hospital of Fudan University; Shanghai Jiao Tong University,OU Health; Zhongshan Hospital; Oklahoma State University; Renji Hospital; Shanghai Institute of Hypertension; General Electric (France); State Key Laboratory of Medical Genomics; State Key Laboratory of Medical Neurobiology; Ruijin Hospital; Shanghai Institutes for Biological Sciences; University of Rochester; The University of Texas Health Science Center at San Antonio; University of Southern Denmark; Brigham and Women's Hospital; University of Oklahoma; Chinese Academy of Sciences; Shanghai Institute of Hematology; University of Oklahoma Health Sciences Center; University of Macau; Western Sydney University,0000-0001-5229-9428,,
https://openalex.org/A5013370657,Sarah E. Connelly,https://openalex.org/I115475287,Oklahoma State University,2024,2024,https://openalex.org/I115475287,2024,2024,,Oklahoma State University; London Health Sciences Centre; University of Oklahoma; University of Cambridge; Western University,0000-0003-2446-9893,,
https://openalex.org/A5030165801,A. C. Ferraro,https://openalex.org/I115475287,Oklahoma State University,2024,2024,https://openalex.org/I115475287,2024,2024,University of Oklahoma,Oklahoma State University,0000-0002-2674-8610,,
https://openalex.org/A5056492297,Heather Lepper-Pappan,https://openalex.org/I115475287,Oklahoma State University,2024,2024,https://openalex.org/I115475287,2024,2024,,University of Oklahoma; Oklahoma State University,,,
https://openalex.org/A5056457407,Robert L. Rennaker,https://openalex.org/I115475287,Oklahoma State University,2008,2008,https://openalex.org/I115475287,2008,2008,The University of Texas at Dallas; Texas Biomedical Research Institute,"Western Infirmary; Vulintus (United States); MicroTransponder (United States); University of Oklahoma; University of North Texas at Dallas; Glasgow Royal Infirmary; University of California, Irvine; Newcastle upon Tyne Hospitals NHS Foundation Trust; Oklahoma State University Oklahoma City; Oklahoma State University; University of Minnesota; Royal Victoria Infirmary; Arizona State University",0000-0003-1260-1973,,
https://openalex.org/A5100386012,Ying Zhang,https://openalex.org/I115475287,Oklahoma State University,2024,2024,https://openalex.org/I115475287,2024,2024,China University of Political Science and Law; Zhengzhou Fruit Research Institute; Xi'an Technological University; Fuzhou University; Peking University People's Hospital; Ministry of Industry and Information Technology; Tianjin People's Hospital; Lanzhou Veterinary Research Institute; Shaanxi Provincial People's Hospital; Chinese Academy of Agricultural Sciences; Henan University of Science and Technology; The University of Sydney; Peking University; Shanxi University; Hebei Normal University; Xinqiao Hospital; Heidelberg University; Shanxi Medical University; Army Medical University; Lanzhou University; Dalian Medical University; Shenyang Agricultural University; Ministry of Agriculture and Rural Affairs; Southern Nevada Health District; Nanjing University of Chinese Medicine; Xuzhou Medical College; Shandong University,"Purdue University West Lafayette; University of Chile; NIHR Leicester Cardiovascular Biomedical Research Unit; Oklahoma City University; University of Science and Technology Beijing; Tianjin University of Science and Technology; Guizhou Academy of Agricultural Sciences; Oklahoma State University; Henan University of Economic and Law; Zhejiang Provincial Hospital of TCM; Second Affiliated Hospital of Dalian Medical University; Peking University First Hospital; Tianjin Third Central Hospital; Pfizer (United States); Ningxia University; Christie's; Hôpital Lariboisière; Indiana University – Purdue University Indianapolis; Renmin Hospital of Wuhan University; Xuzhou Central Hospital; Guangdong General Hospital; The George Institute for Global Health; Yunnan University of Finance And Economics; State Key Laboratory of Remote Sensing Science; First Affiliated Hospital of Wenzhou Medical University; Xinyang Normal University; Chengdu Second People's Hospital; Xi'an Medical University; Southeast University; Nanjing Medical University; Ascension Providence Hospital; University of Nebraska Medical Center; Shaanxi University of Chinese Medicine; Shandong Provincial Hospital; Columbia University Irving Medical Center; Southern Medical University; Yan'an University; Jinan Central Hospital; Délégation Paris 7; Chinese Academy of Sciences; Johns Hopkins University; Heilongjiang Bayi Agricultural University; Tianjin Centers for Disease Control and Prevention; China Tobacco; Lanzhou Jiaotong University; Chinese PLA General Hospital; Zibo Vocational Institute; Jilin University; Peking University Sixth Hospital; Wenzhou Medical University; Syracuse University; Chinese Academy of Medical Sciences Dermatology Hospital; Third Xiangya Hospital; Guizhou Institute of Plant Protection; Chinese Center For Disease Control and Prevention; Tianjin Medical University Eye Hospital; China Agricultural University; Jiangsu University; Air Force Institute of Aviation Medicine Affiliated Hospital; Second Hospital of Hebei Medical University; Xidian University; Chengdu University of Information Technology; Wuhan University; Seqirus (United States); Xi'an University of Architecture and Technology; World Wide Web Consortium; University of Milan; University of California, Davis; VA Connecticut Healthcare System; Northwest University; Kunming Medical University; Shandong Normal University; Tang Du Hospital; Bridge University; Beijing Shijitan Hospital; University of Leicester; Southeast University; State Street (United States); Zhongshan Hospital; Jiangsu Normal University; Shanghai East Hospital; NationsUniversity; Beijing University of Chinese Medicine; Guangzhou University of Chinese Medicine; Xiamen University Malaysia; Georgetown University; Zhongda Hospital Southeast University; Beijing Center for Disease Prevention and Control; Universidad del Desarrollo; Chongqing University; University of Newcastle Australia; The Francis Crick Institute; Clínica Alemana; Qilu Hospital of Shandong University; Royal Prince Alfred Hospital; Shanghai Institute of Hypertension; Capital Medical University; Sichuan Normal University; University of Oklahoma; Central South University; Institute of Special Animal and Plant Sciences; Northwestern Polytechnical University; Assistance Publique – Hôpitaux de Paris; Shandong First Medical University; Wenshan University; University of South Australia; Fu Wai Hospital; Henan Provincial Center for Disease Control and Prevention; University of Washington; IRCCS Istituto Auxologico Italiano; Northeast Agricultural University; Planetary Science Institute; Sorbonne Paris Cité; Guangdong Academy of Medical Sciences; Shanghai University of Traditional Chinese Medicine; Quality Enhancement Research Initiative; Shenyang Pharmaceutical University; Institute of Atmospheric Physics; Guangdong Medical College; Université Paris Cité; Harbin Veterinary Research Institute; Nebraska Department of Health and Human Services; Tianjin Medical University; Fudan University; Affiliated Hospital of Shaanxi University of Chinese Medicine; Chinese General Hospital College of Nursing and Liberal Arts; Jinan Infectious Disease Hospital; Bohai University; Institute of Pomology; Beijing Jiaotong University; Longhua Hospital Shanghai University of Traditional Chinese Medicine; National Natural Science Foundation of China; Ningbo University; Shandong Provincial QianFoShan Hospital; Chinese Academy of Medical Sciences & Peking Union Medical College; Creative Commons; Peking Union Medical College Hospital; Chongqing University of Science and Technology; University Hospital Heidelberg; Air Force Medical University; Chinese Academy of Social Sciences; Chinese People's Liberation Army; University of Oklahoma Health Sciences Center; Second People's Hospital of Yunnan Province; University of Shanghai for Science and Technology; Hangzhou Normal University; Beijing Normal University; Aerospace Information Research Institute; Tongde Hospital of Zhejiang Province; Hyattsville Community Development Corporation; Minhang District Central Hospital; Shaoxing University; Hebei Medical University; Jilin Agricultural University; Yangtze University; Jinan University; Changzhi Medical College; University of Iowa; Shanghai Jiao Tong University; Zhejiang University; Ningxia Center for Diseases Prevention and Control; Health Services Research & Development; United Nations; Institute of Economics; Chinese Academy of Surveying and Mapping; UNSW Sydney; Children's Hospital of Fudan University; Beijing Children’s Hospital; OriginWater (China); Beijing Technology and Business University; Zhoushan Hospital; Zhongnan Hospital of Wuhan University; Institute of Tibetan Plateau Research; The University of Adelaide; Florida State University; Chengde Medical University; National Institute for Communicable Disease Control and Prevention; John Hunter Hospital; Chongqing Emergency Medical Center; Xi'an University of Technology; University Medical Center Freiburg",0000-0001-6214-2440,,
https://openalex.org/A5073331119,Rheal A. Towner,https://openalex.org/I115475287,Oklahoma State University,2015,2015,https://openalex.org/I115475287,2015,2015,Oklahoma Medical Research Foundation; University of Prince Edward Island,OU Health; The University of Queensland; Center for Neurosciences; John Wiley & Sons (United States); Texas A&M University; Nova Scotia Department of Agriculture; Boston Children's Hospital; University of Utah; Smith College; Dalhousie University; Louisiana State University Health Sciences Center New Orleans; University of Oklahoma; Family Research Institute; University of Memphis; Agriculture and Agri-Food Canada; Children's Hospital of Oklahoma; Queensland Health; Imaging Center; Resonance Research (United States); OU Health Stephenson Cancer Center; Harvard University; Beatrice Hunter Cancer Research Institute; Huntsman Cancer Institute; Central Texas Spine Institute; University of Guelph; Syracuse University; Oklahoma State University; Oklahoma State University Oklahoma City; Translational Research in Oncology; University of Oklahoma Health Sciences Center; James Cook University; Oklahoma City University,0000-0001-7368-8983,,
https://openalex.org/A5086783620,Charlotte Love,https://openalex.org/I115475287,Oklahoma State University,2019,2019,https://openalex.org/I115475287,2019,2019,Newcastle University,Oklahoma State University Oklahoma City; University of Tennessee System; University of Oklahoma Health Sciences Center; Japan Cancer Society; University of Tulsa; University College London; Argonne National Laboratory; University of Tennessee Health Science Center; Sorbonne Université; Instituto de Física del Sur; Oklahoma State University; Cherokee Nation; Oklahoma State University at Tulsa; University of Oklahoma; Oklahoma State University Center for Health Sciences; Office of Public Affairs; University of Tennessee at Knoxville; Australian National University; University of Pittsburgh,,,
https://openalex.org/A5083251419,Michel Toulouse,https://openalex.org/I115475287,Oklahoma State University,2012,2014,https://openalex.org/I115475287,2012,2014,Hanoi University of Science and Technology,Royal Military College Saint-Jean; University of Manitoba; Oklahoma State University Oklahoma City; Vietnamese-German University; Université de Montréal; Transport Canada; Polytechnique Montréal; Oklahoma State University; University of Oklahoma; Research Manitoba,0000-0003-0789-7829,,
https://openalex.org/A5005616148,Jeffery L. White,https://openalex.org/I115475287,Oklahoma State University,2006,2025,https://openalex.org/I115475287,2006,2025,Oklahoma State University,University of Oklahoma; Oklahoma State University Oklahoma City; ExxonMobil (United States); Wilmington University; Campbell University; University of Bydgoszcz; Purdue University West Lafayette; Texas A&M University; The University of Texas Southwestern Medical Center; DuPont (United States); The Aerospace Corporation; Nokia (United States); Pacific Northwest National Laboratory; The University of Texas at Austin; Colorado State University; Institute of Physics; Instituto de Ciencia y Tecnología de Polímeros; Experimental Station; East Carolina University; Washington University in St. Louis; Adam Mickiewicz University in Poznań; University of Akron; North Carolina State University,0000-0003-4065-321X,,
https://openalex.org/A5043342128,Allissa A. Lee,https://openalex.org/I115475287,Oklahoma State University,2010,2012,https://openalex.org/I115475287,2010,2012,Georgia Southern University,Oklahoma State University; Texas State University; University of Oklahoma,0000-0002-4573-592X,,
https://openalex.org/A5110774801,Jarrod B. King,https://openalex.org/I115475287,Oklahoma State University,2002,2002,https://openalex.org/I115475287,2002,2002,University of Oklahoma,Kettering General Hospital; The University of Texas Health Science Center at San Antonio; University of California Davis Medical Center; University of Oklahoma Health Sciences Center; University of Arkansas for Medical Sciences; Oklahoma State University; Princess Alexandra Hospital; Griffith University,,,
https://openalex.org/A5083388274,Mwarumba Mwavita,https://openalex.org/I115475287,Oklahoma State University,2013,2024,https://openalex.org/I115475287,2013,2024,,"Auburn University; Minnesota State University, Mankato; University of Central Oklahoma; Oklahoma State University; University of Oklahoma; Stillwater (Canada); Kenyatta University; Clarkson University; Oklahoma State University Oklahoma City",0000-0002-6149-2657,,
https://openalex.org/A5113701077,John Janovy,https://openalex.org/I115475287,Oklahoma State University,2010,2010,https://openalex.org/I115475287,2010,2010,University of Nebraska–Lincoln,"University of Wisconsin–Madison; Oklahoma State University; Plains Art Museum; Florida Southern College; Center Point; University of Oklahoma; Rutgers, The State University of New Jersey; Purdue University West Lafayette",,,
https://openalex.org/A5103509993,Karamjeet Pandher,https://openalex.org/I115475287,Oklahoma State University,1998,1999,https://openalex.org/I115475287,1998,1999,Torrey Pines Institute For Molecular Studies,University of Oklahoma; Karolinska Institutet; Oklahoma State University; Abbott Fund; Colorado State University; Pfizer (United States),,,
https://openalex.org/A5100389663,Bing Zhang,https://openalex.org/I115475287,Oklahoma State University,2013,2013,https://openalex.org/I115475287,2013,2013,Harbin Medical University; Beijing University of Chinese Medicine; Hefei Institutes of Physical Science; Tianjin Medical University; University of Science and Technology of China; Fourth Affiliated Hospital of Harbin Medical University; Hefei Infectious Disease Hospital; Qingdao University; Chinese Academy of Sciences; Affiliated Hospital of Qingdao University; ShanghaiTech University,"Boston Children's Hospital; Second Affiliated Hospital of Nanchang University; Chinese Nutrition Society; Wenzhou Medical University; Ministry of Water Resources of the People's Republic of China; National University of Singapore; Qilu Hospital of Shandong University; Hunan University of Science and Technology; Yueqing People's Hospital; Beijing Forestry University; China Agricultural University; Shanghai Clinical Research Center; Nanchang University; National Institute for Communicable Disease Control and Prevention; Oklahoma State University; University of Chinese Academy of Sciences; Zhejiang University; Northeastern University; Second Affiliated Hospital of Harbin Medical University; Nanjing Institute of Environmental Sciences; Northwest A&F University; Beijing Center for Disease Prevention and Control; Henan University of Engineering; Harbin Institute of Technology; Institute of Atomic and Molecular Sciences, Academia Sinica; Beijing Institute of Technology; Mudanjiang Normal University; Sichuan Agricultural University; South China Normal University; Harvard University; Nanchong Central Hospital; Huanggang Central Hospital; Lanzhou University; Northeast Agricultural University; University of Jinan; Central South University; Shanghai First Maternity and Infant Hospital; Shenzhen Academy of Metrology and Quality Inspection; Queens University; Nanjing University; Shanghai Institute of Materia Medica; Zhejiang Chinese Medical University; Wuhan Institute of Physics and Mathematics; Center for Excellence in Molecular Cell Science; Longdong University; Yantai University; Ministry of Ecology and Environment; Shandong University of Science and Technology; University of Oklahoma; Guangzhou Institute of Geochemistry; Xihua University; Guangzhou University of Chinese Medicine; Shandong University; University of Basel; Lanzhou Institute of Chemical Physics; State Key Laboratory of Food Science and Technology; Baylor College of Medicine; Fudan University; The University of Queensland; Beijing Institute of Genomics; Pearl River Hydraulic Research Institute; Anhui Institute of Optics and Fine Mechanics; Wuhan Ship Development & Design Institute; Changchun Institute of Applied Chemistry; City University of Hong Kong, Shenzhen Research Institute; Nanjing Drum Tower Hospital; Technical Institute of Physics and Chemistry; State Key Laboratory of Applied Organic Chemistry; Tianjin University of Traditional Chinese Medicine; Shanghai Center For Bioinformation Technology; Nanjing Brain Hospital; Shanghai University of Electric Power",0000-0001-8556-8049,,
https://openalex.org/A5053715984,Zhuqi Miao,https://openalex.org/I115475287,Oklahoma State University,2012,2025,https://openalex.org/I115475287,2012,2025,SUNY New Paltz; Oklahoma State University,University of Oklahoma; Western University; Oklahoma State University Center for Health Sciences; Jilin University; Mercy Hospital; Check Point (Israel); Union Hospital; Cornell University; Xiamen University; Oklahoma State University Medical Center,0000-0002-5251-9862,,
https://openalex.org/A5016618329,Chengcheng Tan,https://openalex.org/I115475287,Oklahoma State University,2010,2010,https://openalex.org/I115475287,2010,2010,First Affiliated Hospital of Dalian Medical University; Universiti Tunku Abdul Rahman; Dalian Medical University,Institute of Animal Sciences; Agricultural Research Service; Jilin Academy of Agricultural Sciences; University of Oklahoma; Oklahoma State University; Oklahoma State University Oklahoma City; Huazhong University of Science and Technology; Ministry of Education of the People's Republic of China; University of Oklahoma Health Sciences Center; South Australia Pathology,0000-0002-4944-2219,,
https://openalex.org/A5073420860,Eduard Tyapochkin,https://openalex.org/I115475287,Oklahoma State University,2007,2010,https://openalex.org/I115475287,2007,2010,Oklahoma State University,University of Oklahoma,,,
https://openalex.org/A5029448444,A.M. Breipohl,https://openalex.org/I115475287,Oklahoma State University,1964,1971,https://openalex.org/I115475287,1964,1971,University of Oklahoma,University of Kansas; Oklahoma State University; University of Chinese Academy of Sciences,,,
https://openalex.org/A5007935185,Paul Cook,https://openalex.org/I115475287,Oklahoma State University,2008,2008,https://openalex.org/I115475287,2008,2008,European Synchrotron Radiation Facility; Danish Technological Institute; Northumbria University; University of Colorado Anschutz Medical Campus; Lawrence Berkeley National Laboratory,"Ames National Laboratory; Texas State University; Institute of Public Finance; Louisiana State University; Texas College; University of Oklahoma; University of Wisconsin–Madison; Milbank Memorial Fund; Tottori University; Tokyo Institute of Technology; University of Alabama at Birmingham; Oklahoma State University; University of Würzburg; University of California, San Francisco; University of Manchester; Western University of Health Sciences; Marconi University; Energy Biosciences Institute; Instituto di Biofisica; Central Michigan University; Michigan United; University of North Texas; NASA Earth Science; Bowling Green State University; The University of Melbourne; University of North Texas Health Science Center; University of New Brunswick",0000-0002-8586-4865,,
https://openalex.org/A5038008711,Ajay Sukhdial,https://openalex.org/I115475287,Oklahoma State University,1994,2014,https://openalex.org/I115475287,1994,2014,"Oklahoma State University Oklahoma City; California State University, Chico; Sonoma State University",University of Oklahoma; Oklahoma State University,0000-0001-8050-9680,,
https://openalex.org/A5083636823,U T Waterfall,https://openalex.org/I115475287,Oklahoma State University,1960,1960,https://openalex.org/I115475287,1960,1960,,Oklahoma State University; University of Oklahoma,,,
https://openalex.org/A5038134825,J. Tinsley Oden,https://openalex.org/I115475287,Oklahoma State University,1961,1963,https://openalex.org/I115475287,1961,1963,Polytechnique Montréal,"Sandia National Laboratories California; Livestrong Foundation; Massachusetts Institute of Technology; Oklahoma State University; The University of Texas at Austin; Sandia National Laboratories; University of Louisville; University of Oklahoma; University of Arizona; Carleton University; Mechanics' Institute; Applied Mathematics (United States); Temple University; Texas Health and Science University; Swansea University; University of Waterloo; Stanford University; University of Alabama in Huntsville; University of California, San Francisco; Virginia Tech; University of Maryland, College Park; University of Alabama",0000-0001-9973-9566,,
https://openalex.org/A5109322565,Thea Pratt,https://openalex.org/I115475287,Oklahoma State University,1995,1995,https://openalex.org/I115475287,1995,1995,Oklahoma State University Oklahoma City,University of Oklahoma; Oklahoma State University,,,
https://openalex.org/A5014378883,Robert J. Baker,https://openalex.org/I115475287,Oklahoma State University,1965,1965,https://openalex.org/I115475287,1965,1965,Stryker (United States); Western Michigan University,"Cal Poly Humboldt; Quantitative BioSciences; GlaxoSmithKline (India); University of Saskatchewan; Royal Society; University of Oxford; Universities Federation for Animal Welfare; Allegheny County; The Royal Free Hospital; University of Illinois Urbana-Champaign; Union College; University of Leicester; Government of Western Australia Department of Health; Texas A&M University; Western Health; Hudson Institute; Illinois College; Nottingham Trent University; Cleveland State University; Arkansas State University; Universiti Malaysia Sarawak; Chornobyl Center; University of Arizona; New York University; 22q11 Ireland; BP (United Kingdom); Carnegie Museum of Natural History; Australian Physiotherapy Association; International Committee of the Red Cross; Agriculture Food and Rural Development; Massey University; Cornell University; University of Mississippi; Université Paris Cité; University of New England; Fort Hays State University; Parkview Health; Pacific Island Ecosystems Research Center; University of California, San Francisco; Purdue University West Lafayette; International Center for Agricultural Research in the Dry Areas; American Meteorological Society; Lanchester Road Hospital; MSD (UK) Limited (United Kingdom); Eli Lilly (United States); The Aerospace Corporation; American Museum of Natural History; Mount Vernon Hospital; Institute of Crop Science; ExxonMobil (United States); Victoria Hospital; Stanford University; University of Rochester; University of South Australia; Husson University; Oklahoma State University; Burlington College; Auburn University; Middlesex County College; Government of South Africa; Kalamazoo Valley Community College; Anglo-Boer War Museum; Centers for Disease Control and Prevention; University of Manitoba; Colorado State University; University of Antwerp; Medical University of South Carolina; Portland State University; University of Warwick; Northwestern University; Ball State University; University College London; Michigan State University; Illinois Institute of Technology; University of Illinois Chicago; University of Cincinnati; Union Graduate College; United States Fish and Wildlife Service; Wallace Laboratories; IIT Research Institute; Cardiff University; University of California, Berkeley; Anderson Hospital; Vrije Universiteit Brussel; John H. Stroger, Jr. Hospital of Cook County; University of Dental Medicine; Nottingham City Hospital; Museum of Vertebrate Zoology; University of Wales; Creighton University; Savannah River National Laboratory; Texas Tech University; University of California, Los Angeles; University College Dublin; U.S. National Science Foundation; Carnegie Museum of Art; University of Tasmania; University of Iowa; Temple University; Union University; Baker Engineering (United States); LifeArc; Loyola University Chicago; Technische Universität Braunschweig; Memorial Hospital; Goddard Space Flight Center; Experimental Station; Uppsala University; Louisiana State University Agricultural Center; University of New Orleans; Merck & Co., Inc., Rahway, NJ, USA (United States); University of Washington; Roland Hill (United Kingdom); Trinity College Dublin; United States Geological Survey; Centro Médico Sanitas Córdoba; National Health Service; University of Virginia Medical Center; Wayland Baptist University; Genome Prairie; University of Oklahoma; Richmond Hospital; Université de Montréal; Royal Free London NHS Foundation Trust; Brookings Institution; University of Cambridge; University of Chicago; Thornbury Hospital; The University of Texas System; Drexel University; Pennsylvania State University; University of Georgia; Louisiana Tech University; Adelphi Laboratory Center; Louisiana State University; University of Central Oklahoma; Hollister (United States); United States Army Medical Research Institute of Infectious Diseases; Hektoen Institute; Ethiopian Institute of Agricultural Research; Agriculture and Agri-Food Canada; Curtin University; Trinity College; Ealing Hospital; Rothamsted Research; The Ohio State University; Kalamazoo College",0000-0003-1416-8659,,
https://openalex.org/A5058460668,Rachel Hartnett,https://openalex.org/I115475287,Oklahoma State University,2020,2020,https://openalex.org/I115475287,2020,2020,Oklahoma State University; University of Oklahoma,,0000-0003-1743-4430,,
https://openalex.org/A5043295521,Thomas Wesley Allen,https://openalex.org/I115475287,Oklahoma State University,2016,2019,https://openalex.org/I115475287,2016,2019,Mississippi Delta Community College; Mississippi State University,Auburn University; Weiss Memorial Hospital; Texas A&M University; Penn State Milton S. Hershey Medical Center; Louisiana State University Agricultural Center; Oklahoma State University Medical Center; Chinese Academy of Agricultural Sciences; Pennsylvania State University; Wilfrid Laurier University; Washington University in St. Louis; Tobacco Research Institute; American College of Financial Services; Texas Tech University; University of Oklahoma Health Sciences Center; Hershey (United States); University of Arkansas System; Manchester Metropolitan University; Walter Reed Army Institute of Research; Oklahoma State University; Oklahoma State University Center for Health Sciences; University of Georgia; University of Tennessee at Knoxville; University of Saskatchewan; Jewish Hospital; University of Nebraska–Lincoln; Delta (Denmark); Victoria University; British School at Rome; Shandong Agricultural University; China Tobacco; University of Tulsa; NFL Foundation; Health Affairs; Delta Air Lines (United States); University of Oklahoma; Met Office; North Carolina State University,0000-0003-2828-3420,,
https://openalex.org/A5033036990,Glen Krutz,https://openalex.org/I115475287,Oklahoma State University,2021,2021,https://openalex.org/I115475287,2021,2021,Oklahoma State University,Oklahoma State University Oklahoma City; Arizona State University; Texas A&M University; Mitchell Institute; University of Oklahoma; American Political Science Association; Bowling Green State University; The University of Texas at Tyler,0000-0001-7739-4157,,
https://openalex.org/A5101959952,Lin Guo,https://openalex.org/I115475287,Oklahoma State University,2017,2021,https://openalex.org/I115475287,2017,2021,Xinjiang Production and Construction Corps; Yibin University; Tarim University,South China University of Technology; Hubei University; Ministry of Agriculture and Rural Affairs; University of Oklahoma; Harbin Engineering University; Nanjing University of Aeronautics and Astronautics; Northwest A&F University; Nanjing Agricultural University; Oklahoma State University; Southwest University of Science and Technology; Chinese Academy of Agricultural Engineering,0000-0001-9750-4616,,
https://openalex.org/A5053979472,Sesh Commuri,https://openalex.org/I115475287,Oklahoma State University,2014,2014,https://openalex.org/I115475287,2014,2014,"University of Nevada, Reno",Peoria campus of the University of Illinois System; Oklahoma State University; Devon Energy (United States); Engineering Associates (United States); South Dakota State University; University of Oklahoma Health Sciences Center; Automated Precision (United States); University of Oklahoma; Robotics Research (United States); The University of Texas at Arlington,0000-0002-2655-7996,,
https://openalex.org/A5073221716,William J. Ertl,https://openalex.org/I115475287,Oklahoma State University,2014,2014,https://openalex.org/I115475287,2014,2014,University of Oklahoma Health Sciences Center,University of Washington; Memorial Medical Center; Northwestern University; University of Oklahoma; Hospital for Special Surgery; Oklahoma State University; Oklahoma City University; Office of the Secretary of Defense; University of Miami; Jackson Memorial Hospital; Health Affairs; Clinical Orthopaedics and Related Research; Pittsburg State University,,,
https://openalex.org/A5108554445,James L. Regens,https://openalex.org/I115475287,Oklahoma State University,2014,2014,https://openalex.org/I115475287,2014,2014,University of Oklahoma; University of Oklahoma Health Sciences Center,Redlands Community College; University of Tennessee at Knoxville; University Medical Center; Environmental Protection Agency; University of Georgia; Oklahoma State University; Tulane University; Mississippi State University; Bedford Institute of Oceanography; University Hospital and Clinics; The University of Texas at Dallas; International Centre of Insect Physiology and Ecology; Xavier University; Northern Arizona University; Freeport-McMoRan (United States); University Medical Center New Orleans; Tulane Medical Center,,,
https://openalex.org/A5058307425,Anh Mai,https://openalex.org/I115475287,Oklahoma State University,2014,2014,https://openalex.org/I115475287,2014,2014,Santa Clara University,Digital China Health (China); Devon Energy (United States); New York University; Oklahoma State University; Radiation Oncology Associates; Pennsylvania State University; Vinmec International Hospital; University of Oklahoma; Digital Health Cooperative Research Centre; University of Oklahoma Health Sciences Center; The University of Sydney,,,
https://openalex.org/A5057895150,Jonathan D. Day,https://openalex.org/I115475287,Oklahoma State University,2014,2014,https://openalex.org/I115475287,2014,2014,University of Oklahoma Health Sciences Center,OU Health; Oklahoma State University; Pittsburg State University; University of Oklahoma; Bastyr University,0000-0001-7126-823X,,
https://openalex.org/A5047064144,Carol P. Dionne,https://openalex.org/I115475287,Oklahoma State University,2014,2014,https://openalex.org/I115475287,2014,2014,University of Oklahoma Health Sciences Center,University of Kansas Medical Center; OU Health; The University of Texas at El Paso; Pittsburg State University; University of Oklahoma; Daemen College; Oklahoma State University,0000-0003-0313-0428,,
https://openalex.org/A5001610922,Ranjith Ramanathan,https://openalex.org/I115475287,Oklahoma State University,2013,2025,https://openalex.org/I115475287,2013,2025,Goa Dental College and Hospital; Northern University of Malaysia; Oklahoma State University; Oklahoma State University Oklahoma City,ICAR - National Meat Research Institute; University of Connecticut; Animal Science Research Institute; Kansas State University; University of Kentucky; Kerala Veterinary and Animal Sciences University; West Bengal University of Animal and Fishery Sciences; University of Oklahoma; Karnataka Veterinary Animal and Fisheries Sciences University,0000-0001-7849-4432,,
https://openalex.org/A5090812627,Janette A. Steets,https://openalex.org/I115475287,Oklahoma State University,2009,2021,https://openalex.org/I115475287,2009,2021,Illumina (United States); Oklahoma State University,"University of Alaska Fairbanks; University of California, Santa Barbara; University of Pittsburgh; University of Oklahoma; University of Calgary; Animal and Plant Health Inspection Service; Monash University; National Center for Ecological Analysis and Synthesis; Oklahoma State University Oklahoma City; Physical Sciences (United States); Consejo Superior de Investigaciones Científicas; AT&T (United States)",,,
https://openalex.org/A5056935646,Lara K. Maxwell,https://openalex.org/I115475287,Oklahoma State University,2006,2025,https://openalex.org/I115475287,2006,2025,Oklahoma State University,"University of Florida; American College of Veterinary Surgeons; University of California, Davis; IDEXX Laboratories (United States); Department of Physiological Sciences; Iowa State University; University of Oklahoma; Colorado State University; The Ohio State University; Purdue University West Lafayette; Oklahoma State University Oklahoma City",0000-0002-0428-0391,,
https://openalex.org/A5073374259,Jason M. DeFreitas,https://openalex.org/I115475287,Oklahoma State University,2013,2024,https://openalex.org/I115475287,2013,2024,Syracuse University,Oklahoma State University; Des Moines University; University of Central Oklahoma; University of Connecticut; University of Oklahoma; Oklahoma State University Oklahoma City; Texas Tech University; Jacobs (United States),0000-0002-5108-8079,,
https://openalex.org/A5052878933,Dongqi Qin,https://openalex.org/I115475287,Oklahoma State University,2003,2009,https://openalex.org/I115475287,2003,2009,Oklahoma State University,University of Oklahoma; Rice University; University of Michigan; Peking University,,,
https://openalex.org/A5040049436,M. K. Patterson,https://openalex.org/I115475287,Oklahoma State University,1997,1997,https://openalex.org/I115475287,1997,1997,,Oklahoma City University; University of Oklahoma Health Sciences Center; Southern Research Institute; James Cook University; Vanderbilt University; Oklahoma State University; University of North Carolina at Chapel Hill; Noble Research Institute; University of Oklahoma,,,
https://openalex.org/A5100614762,Lin Wang,https://openalex.org/I115475287,Oklahoma State University,2007,2007,https://openalex.org/I115475287,2007,2007,Ministry of Agriculture and Rural Affairs; Agro-Environmental Protection Institute; University of Oklahoma; East China University of Technology,"Huazhong Agricultural University; Carnegie Institution for Science; Ningbo University of Technology; Northeastern University; Huazhong University of Science and Technology; Shenzhen University; SGIDI Engineering Consulting (China); Fujian Institute of Oceanography; Northwest A&F University; Shandong University; Harbin Institute of Technology; Peking University; Jilin University; Sensors (United States); North China Electric Power University; King Abdullah University of Science and Technology; China National Environmental Monitoring Center; Hudson Institute of Medical Research; Millennium Engineering and Integration (United States); Norman Regional Hospital; Shanghai Normal University; Ocean University of China; Stomatology Hospital; University of Zagreb; Zhaoqing University; Anhui Medical University; Henan Agricultural University; Beijing Advanced Sciences and Innovation Center; Anhui Provincial Hospital; Hainan Normal University; State Key Laboratory of Crystal Materials; China Academy of Engineering Physics; Nanyang Technological University; University of Hong Kong; Hubei University; Oklahoma State University; Zen-Noh (Japan); Nanjing Normal University; Chinese Academy of Medical Sciences & Peking Union Medical College; Material (Belgium); China Pharmaceutical University; South China University of Technology; State Key Laboratory of Superhard Materials; University of Maryland, Baltimore; Geophysical Laboratory; Ascent Bio-Nano Technologies (United States); Nanjing Medical University; Yanshan University; Union Hospital; China Tobacco; Yanbian University; Jiangsu University; Xi'an University of Technology; University of Iowa; Yale University; University of Pittsburgh; Tsinghua University; Scripps Research Institute; National Marine Environmental Monitoring Center; Czech Academy of Sciences, Institute of Microbiology; Zhejiang Normal University",0000-0003-4636-8225,,
https://openalex.org/A5053860054,Alan Roche,https://openalex.org/I115475287,Oklahoma State University,2000,2000,https://openalex.org/I115475287,2000,2000,University of Oklahoma,Oklahoma State University; University College Dublin; University of Chicago; Purdue University West Lafayette,,,
https://openalex.org/A5056312898,Shylet Chengedza,https://openalex.org/I115475287,Oklahoma State University,2009,2009,https://openalex.org/I115475287,2009,2009,University of Southern California,Zhongnan Hospital of Wuhan University; University of Zimbabwe; Oklahoma Medical Research Foundation; University of Oklahoma; Wuhan University; Oklahoma State University; University of Oklahoma Health Sciences Center,,,
https://openalex.org/A5062736911,Qurana F. Lewis,https://openalex.org/I115475287,Oklahoma State University,2006,2006,https://openalex.org/I115475287,2006,2006,University Hospital of Bern; University of Bern; University of Oklahoma Health Sciences Center,University of Oklahoma; Oklahoma City University; Health Outcomes Solutions (United States); Oklahoma State University Medical Center,,,
https://openalex.org/A5100368783,Jiahong Wu,https://openalex.org/I115475287,Oklahoma State University,2001,2025,https://openalex.org/I115475287,2001,2025,The Seventh Affiliated Hospital of Sun Yat-sen University; Guiyang Medical University; University of Notre Dame; Sun Yat-sen University; Oklahoma State University,"China University of Petroleum, Beijing; Toronto Metropolitan University; University of Oklahoma; Purdue University West Lafayette; Institute for Advanced Study; North Minzu University; University of Chicago; Shaoxing University; The University of Texas at Austin; Zhejiang Sci-Tech University; University of Toyama; Oklahoma State University Oklahoma City; Chung-Ang University; Michigan State University; Guangxi Normal University; Southeast University; University of Illinois Chicago; York University; Baker Hughes (United States); Tianjin University of Science and Technology",0000-0001-9496-9709,,
https://openalex.org/A5100389664,Bing Zhang,https://openalex.org/I115475287,Oklahoma State University,2012,2013,https://openalex.org/I115475287,2012,2013,North Sichuan Medical University; Chongqing Three Gorges University; Wangjing Hospital of China Academy of Chinese Medical Sciences; Capital Medical University; Jiangnan University; Fourth Affiliated Hospital of Harbin Medical University; Baylor College of Medicine; Nanchong Central Hospital; Nanjing University of Chinese Medicine; Chongqing University; Qilu Hospital of Shandong University; China Academy of Chinese Medical Sciences; Changzhou Institute of Technology; Sichuan Agricultural University; Kunming University of Science and Technology; Hong Kong Polytechnic University; Harbin Medical University; Minzu University of China; Breast Center; Longdong University; Affiliated Zhongshan Hospital of Dalian University; University of Macau; Jinggangshan University; Second Affiliated Hospital of Harbin Medical University; Xinjiang Medical University; Vanderbilt University; Shandong University,"North China Electric Power University; Northeastern University; Sichuan Cancer Hospital; Shenzhen Luohu People's Hospital; Qingdao University; State Key Laboratory of Modern Optical Instruments; Zhengzhou People's Hospital; Xiamen Medical College; Case Western Reserve University; Huanggang Normal University; Beijing Tongren Hospital; The University of Texas Southwestern Medical Center; Stomatology Hospital; Beijing Ditan Hospital; Affiliated Hospital of Xuzhou Medical College; Dongguan People’s Hospital; Anhui Medical University; Jilin Agricultural University; Wuhan University; People 's Hospital of Jilin Province; Zhejiang University; Centre international de recherche sur le cancer; National Research Institute of Brewing; Johns Hopkins University; Harbin Normal University; The Third Affiliated Hospital of Zhejiang Chinese Medical University; Guangzhou University of Chinese Medicine; Prince of Wales Hospital; Affiliated Hospital of Jiangxi University of Traditional Chinese Medicine; Shanghai Children's Medical Center; Shanghai Chest Hospital; Yunnan University of Traditional Chinese Medicine; Binzhou Medical University; University of Bergen; Xiangtan University; Beijing University of Chinese Medicine; Yichang Central People's Hospital; Taizhou People's Hospital; University of Oklahoma; National Cancer Institute; Henan University of Engineering; Institute of Bioinformatics; Bielefeld University; National University of Singapore; Zhengzhou University; Johns Hopkins Medicine; Oak Ridge National Laboratory; Northeast Agricultural University; Southern Medical University; Hubei University of Medicine; Dazhou Central Hospital; Xijing Hospital; Central South University; The People's Hospital of Guangxi Zhuang Autonomous Region; Beijing University of Chemical Technology; Binzhou University; Third Hospital of Hebei Medical University; Nanjing Drum Tower Hospital; Air Force Medical University; Swedish University of Agricultural Sciences; Fudan University; Hunan University; Shinshu University; Tongde Hospital of Zhejiang Province; Ningxia Medical University; McMaster University; Oklahoma State University; Shenzhen Academy of Metrology and Quality Inspection; Yale University; Icahn School of Medicine at Mount Sinai; Sun Yat-sen University; Chinese PLA General Hospital; China Medical University; University of Chinese Academy of Sciences; Buck Institute for Research on Aging; Shanghai Jiao Tong University; Harvard Stem Cell Institute; Renmin Hospital of Wuhan University; Chinese Academy of Sciences; Beijing Institute of Genomics; Nanchang University; Shaanxi Normal University; Massachusetts Institute of Technology; China Pharmaceutical University; First Affiliated Hospital of Soochow University; Alibaba Group (China); Henan Provincial People's Hospital; Affiliated Hospital of Jiangsu University; Jilin University; The First Affiliated Hospital, Sun Yat-sen University; Key Laboratory of Guangdong Province; Ningxia Medical University General Hospital; Jiangsu University; Harvard University; Hulunbuir University; UNSW Sydney; XinHua Hospital; Tsinghua University; Boston Children's Hospital; China Agricultural University; Beijing Hospital; Tianjin Medical University General Hospital; University of Wisconsin–Madison; McGill University; Southwestern Medical Center; Tianjin University of Traditional Chinese Medicine; Chinese University of Hong Kong; Taihe Hospital; Hubei University of Technology; Daqing City People's Hospital; The University of Texas at Austin; National Natural Science Foundation of China; Nanjing Brain Hospital; Mudanjiang Medical University; North Carolina State University; Tulane University; Nantong University; Queensland Government; Children's Cancer Center; Hunan Normal University; Dana-Farber Cancer Institute; Heilongjiang Center for Tuberculosis Control and Prevention; Chinese Academy of Medical Sciences & Peking Union Medical College; Nanjing University; University of Tennessee at Knoxville; Science Applications International Corporation (United States); University of Basel; Shanghai Normal University; Tianjin Medical University; Broad Institute; State Key Laboratory of Remote Sensing Science; Cleveland Clinic; Second Hospital of Tianjin Medical University; Vanderbilt University Medical Center; Soochow University; Affiliated Hospital of Qingdao University; Kunming Medical University; Xiamen University; Fujian Medical University; Zhejiang Lab; Howard Hughes Medical Institute; Xi'an Medical University; Shanghai Medical College of Fudan University; Xuzhou Medical College; Fujian Women and Children Hospital; State Key Laboratory of Food Science and Technology; University School; Guangdong Medical College; Oklahoma State University Oklahoma City; The Second Affiliated Hospital of Xiamen Medical College; Hebei Medical University; Union Hospital; University of Missouri; Hunan Provincial People's Hospital; Shenyang Agricultural University; Guilin Medical University; First Hospital of Shijiazhuang; Huazhong University of Science and Technology; Huzhou Central Hospital",0000-0001-8676-2425,,
https://openalex.org/A5049453996,Daniel E. Resasco,https://openalex.org/I115475287,Oklahoma State University,2003,2014,https://openalex.org/I115475287,2003,2014,University of Oklahoma,Instituto de Investigaciones en Ciencia y Tecnología de Materiales; Sunoco (United States); National University of Mar del Plata; Vanderbilt University; Comisión Nacional de Energía Atómica; Rice University; Johnson Space Center; Northwestern University; University of Vienna; Lawrence Berkeley National Laboratory; Bepress (United States); ConocoPhillips (United States); Instituto de Investigaciones Fisicoquímicas Teóricas y Aplicadas; Centro Científico Tecnológico Mar del Plata; Marcus (United States); Consejo Nacional de Investigaciones Científicas y Técnicas; Center for Nanoscale Science and Technology; Oklahoma State University; Karlsruhe Institute of Technology; Norman Regional Hospital; Universidad Nacional de La Plata; Yale University,0000-0001-5342-0621,,
https://openalex.org/A5059170204,Stan Lightfoot,https://openalex.org/I115475287,Oklahoma State University,2009,2009,https://openalex.org/I115475287,2009,2009,University of Oklahoma Health Sciences Center,Oklahoma City VA Medical Center; Stony Brook University; Oklahoma Medical Research Foundation; Pennsylvania State University; Howard University; McCormick (United States); Wuhan University; Oklahoma City University; University of Oklahoma; National Institutes of Health; United States Department of Veterans Affairs; Oklahoma Department of Rehabilitation Services; Oklahoma State University; National Cancer Institute; Veterans Health Administration; Zhongnan Hospital of Wuhan University; OU Health; Drexel University; University of Oklahoma Medical Center,,,
https://openalex.org/A5008714310,R. L. Elliott,https://openalex.org/I115475287,Oklahoma State University,1983,2007,https://openalex.org/I115475287,1983,2007,,The University of Sydney; Oklahoma State University; CSIRO Land and Water; Shepherd Center; Hunter Genetics; Colorado State University; Agricultural Research Service; University of Newcastle Australia; University of Illinois Urbana-Champaign; American Society of Civil Engineers; University of Oklahoma; University of Georgia; Oklahoma State University Oklahoma City,,,
https://openalex.org/A5090103442,José E. Herrera,https://openalex.org/I115475287,Oklahoma State University,2003,2004,https://openalex.org/I115475287,2003,2004,Western University,Pacific Northwest National Laboratory; Rice University; Oklahoma State University; University of Oklahoma; Center for Nanoscale Science and Technology,0000-0003-3027-0979,,
https://openalex.org/A5112004515,C. H. Ward,https://openalex.org/I115475287,Oklahoma State University,1984,1984,https://openalex.org/I115475287,1984,1984,,University of Oklahoma; Baylor College of Medicine; BT Research; Oklahoma State University; Rice University; American Academy of Environmental Engineers and Scientists; Health Affairs,,,
https://openalex.org/A5017782075,Larry W. Canter,https://openalex.org/I115475287,Oklahoma State University,1984,1984,https://openalex.org/I115475287,1984,1984,,Lynn University; Oklahoma State University; University of Oklahoma; National Aeronautics and Space Administration; Shell (United States); Community Impact; Illinois Institute of Technology; Oklahoma Medical Research Foundation; Institute of Soil and Water Conservation; Tulane University; Rice University; Johnson Space Center,,,
https://openalex.org/A5012970475,L Lowbeer,https://openalex.org/I115475287,Oklahoma State University,1983,1983,https://openalex.org/I115475287,1983,1983,,Vanderbilt University; Memorial Hospital; Klinik Hietzing; Oklahoma State University; University of Oklahoma; Hillcrest Hospital; Wayne State University; Idaho State Board of Education; University of Oklahoma Health Sciences Center; NewYork–Presbyterian Hospital,,,
https://openalex.org/A5016746501,Jeffrey S. Stroup,https://openalex.org/I115475287,Oklahoma State University,2007,2007,https://openalex.org/I115475287,2007,2007,Oklahoma State University Center for Health Sciences,Philadelphia College of Osteopathic Medicine; Oklahoma State University Medical Center; Oklahoma State University; University of Tulsa; Endocrine Society; Albany College of Pharmacy and Health Sciences; Oklahoma State University Oklahoma City; University of Oklahoma,,,
https://openalex.org/A5076381884,Michael N. Sawka,https://openalex.org/I115475287,Oklahoma State University,2006,2006,https://openalex.org/I115475287,2006,2006,Georgia Institute of Technology,"American College of Surgeons; University of Minnesota; Sheba Medical Center; East Carolina University; National Center for Chronic Disease Prevention and Health Promotion; National Aeronautics and Space Administration; National Center for Environmental Health; Oklahoma State University; United States Department of the Army; University of Guelph; Janssen (France); United States Air Force Academy; Southern Illinois University Carbondale; University of California, Berkeley; Cornell University; Ducks Unlimited; Wheaton Franciscan Healthcare; Frederick Community College; Ames Research Center; McMaster University; University of Minnesota Medical Center; University of Illinois System; United States Army Institute of Surgical Research; U.S. Army Research Institute of Environmental Medicine; NC Department of Health and Human Services; University of Connecticut; Rutgers, The State University of New Jersey; Wright State University; University of Oklahoma; Food and Drug Administration; Johnson Space Center; United States Army; Uniformed Services University of the Health Sciences; Center for Food Safety and Applied Nutrition; University of Maryland, Baltimore; University of South Dakota; The University of Sydney; Florida State University; Brigham Young University; Radboud University Nijmegen; Yale University; VA Palo Alto Health Care System; Tel Aviv University; Amherst College; Piedmont International University; University of Tennessee Health Science Center; Combat Capabilities Development Command Soldier Center; Boston University; United States Department of Veterans Affairs; Community Hospital",0000-0003-4878-4345,,
https://openalex.org/A5100869086,Shuhui Qin,https://openalex.org/I115475287,Oklahoma State University,2003,2009,https://openalex.org/I115475287,2003,2009,Hangzhou Normal University,Inner Mongolia Normal University; Wenzhou Medical University; University of North Carolina at Chapel Hill; University of Oklahoma; Peking University; Université Libre de Bruxelles; Rice University; University of Michigan; Carnegie Mellon University; Oklahoma State University; Dongyang People's Hospital,,,
https://openalex.org/A5089052344,J. Neil Henderson,https://openalex.org/I115475287,Oklahoma State University,1981,1981,https://openalex.org/I115475287,1981,1981,Moffitt Cancer Center,"Rice University; University of Central Florida; University of Minnesota; Colorado School of Public Health; Florida State University; East Central University; University of Florida; Oklahoma State University; University of Minnesota Medical Center; Oklahoma City University; Native Health; University of Minnesota, Duluth; University of South Florida; Fond du Lac Reservation; University of Oklahoma Health Sciences Center; University of Colorado Anschutz Medical Campus; Fairview Health Services; Neurobehavioral Systems; American Indian Center; University of Oklahoma",0000-0002-9974-4709,,
https://openalex.org/A5041807449,James M. Tiedje,https://openalex.org/I115475287,Oklahoma State University,2002,2003,https://openalex.org/I115475287,2002,2003,Ecologie Microbienne Lyon; Northwest A&F University; Michigan State University,"University of Wisconsin–Madison; University of California, Berkeley; Max Planck Institute for Terrestrial Microbiology; Stanford University; Nagaoka University of Technology; Argonne National Laboratory; Development Agency of Serbia; Aarhus University; Cawthron Institute; National Center for Biotechnology Information; Russian Academy of Sciences; Ames Research Center; Institute of Soil Science; United States Department of Agriculture; Society of Environmental Toxicology and Chemistry; West Virginia University; John Wiley & Sons (United States); Google (United States); University of Michigan; Institute for Biological Sciences; University of California, Davis; Georgia Institute of Technology; Environmental Molecular Sciences Laboratory; University of Rhode Island; Oklahoma State University; University of Minnesota; Czech Academy of Sciences, Institute of Microbiology; University of Puerto Rico System; Chinese Academy of Sciences; National Research Council Canada; Temper (United States); NASA Astrobiology Institute; Universities UK; Pacific Northwest National Laboratory; Oak Ridge National Laboratory; Michigan United; Desert Research Institute; The Nature Conservancy; Royal Netherlands Academy of Arts and Sciences; Lawrence Berkeley National Laboratory; Great Lakes Bioenergy Research Center; Physical Sciences (United States); Jet Propulsion Laboratory; Beltsville Agricultural Research Center; Monsanto (United States); University of Hawaii System; University of Kentucky; National Institutes of Health; Laboratory of Molecular Genetics; Ecological Society of America; University of Oklahoma; University of Ljubljana; Hunan Agricultural University; California Institute of Technology; Institute of Crop Science; Brazilian Agricultural Research Corporation; Los Alamos National Laboratory; Yonsei University; National Postdoctoral Association; Michigan Department of Agriculture and Rural Development",0000-0002-8992-6218,,
https://openalex.org/A5058579457,Binu Shrestha,https://openalex.org/I115475287,Oklahoma State University,2008,2011,https://openalex.org/I115475287,2008,2011,University of Oklahoma Health Sciences Center,University of Oklahoma; Arietis (United States); Oklahoma State University,,,
https://openalex.org/A5029563536,Erik Petrovskis,https://openalex.org/I115475287,Oklahoma State University,2003,2003,https://openalex.org/I115475287,2003,2003,,Michigan State University; Latham & Watkins (United States); University of Oklahoma; Tufts University; Geosyntec Consultants (United States); Tetra Tech (United States); W.E. Upjohn Institute for Employment Research; Microbial Insights (United States); University of Michigan; University of Tennessee at Knoxville; Oklahoma State University; Savannah River National Laboratory; Georgia Institute of Technology; University of San Francisco,,,
https://openalex.org/A5070232542,Matt Vassar,https://openalex.org/I115475287,Oklahoma State University,2020,2024,https://openalex.org/I115475287,2020,2024,Oklahoma State University Medical Center; University of Kansas Medical Center; Oklahoma State University Center for Health Sciences,Hispanics in Philanthropy; Philadelphia College of Osteopathic Medicine; Office of Education; Oklahoma State University; Southern Illinois University School of Medicine; Western University of Health Sciences; American Educational Research Association; Mercy Hospital; University of Oklahoma; University of Alabama at Birmingham; Western University; University of Tulsa; Institute of Behavioral Sciences; National Institute on Alcohol Abuse and Alcoholism; American Academy of Pediatrics; National Institute on Drug Abuse; Cornell University; Oklahoma State University Oklahoma City; Oklahoma State University at Tulsa,0000-0003-2859-6152,,
https://openalex.org/A5023101089,Asif Rahaman,https://openalex.org/I115475287,Oklahoma State University,1999,2000,https://openalex.org/I115475287,1999,2000,,University of Massachusetts Lowell; Oklahoma State University; Saxion; University of Bremen; Wayne State University; City College of New York; Virginia Tech; University of Oklahoma; University of Iowa; Texas Tech University; Universidade de Santiago de Compostela,,,
https://openalex.org/A5076337650,Tori Taniguchi,https://openalex.org/I115475287,Oklahoma State University,2023,2024,https://openalex.org/I115475287,2023,2024,Oklahoma State University Center for Health Sciences; Oklahoma State University at Tulsa,Cherokee Nation; University of Oklahoma; University of Tulsa; Oklahoma State University Oklahoma City; Oklahoma State University; Washington State University; MedStar Health; University of Oklahoma Health Sciences Center,0000-0002-6761-212X,,
https://openalex.org/A5110284592,Jonathan W. Palmer,https://openalex.org/I115475287,Oklahoma State University,1998,2002,https://openalex.org/I115475287,1998,2002,"Berkeley College; Frankfurt Zoological Society; The Nature Conservancy; World Resources Institute; Belize Zoo; Zoological Society of London; Wildlife Conservation Society United Kingdom; North Carolina Zoo Society; University of California, Berkeley","Claremont Colleges; University of Oklahoma; Principia College; University of Maryland, Baltimore; University of Maryland, College Park; College of Business Administration; Washington State University; Robert Gordon University; Oklahoma State University; Claremont Graduate University; Williams (United States); William & Mary; Smith College",,,
https://openalex.org/A5081378646,M. Reza Razeghifard,https://openalex.org/I115475287,Oklahoma State University,1997,1997,https://openalex.org/I115475287,1997,1997,Australian National University,BioEnergetics (United States); University of Oklahoma; University of Minnesota; Oklahoma State University,,,
https://openalex.org/A5105097908,Zhidong Su,https://openalex.org/I115475287,Oklahoma State University,2024,2024,https://openalex.org/I115475287,2024,2024,Oklahoma State University; University of Oklahoma,,,,
https://openalex.org/A5109379512,Bruce W. Russell,https://openalex.org/I115475287,Oklahoma State University,2002,2023,https://openalex.org/I115475287,2002,2023,Institute for Christian Studies,University of Huddersfield; University of Dayton; University of Oklahoma; Oklahoma State University Oklahoma City; UNSW Sydney; University of Toronto; The University of Queensland; Oklahoma State University; Bridge University,,,
https://openalex.org/A5010750292,Bradley S. Blaylock,https://openalex.org/I115475287,Oklahoma State University,2014,2014,https://openalex.org/I115475287,2014,2014,University of Oklahoma,Oklahoma State University Oklahoma City; Oklahoma State University,0000-0002-1965-6400,,
https://openalex.org/A5031343036,Bernd‐Arno Behrens,https://openalex.org/I115475287,Oklahoma State University,1993,1993,https://openalex.org/I115475287,1993,1993,Leibniz University Hannover; Institut für Umformtechnik (Germany),Oklahoma State University; Düsseldorf University Hospital; Freie Universität Berlin; Chinese Society for Electrical Engineering; John Wiley & Sons (Germany); University of Oklahoma; Max-Planck-Institut für Nachhaltige Materialien; Hanover College; SmartFactory (Germany); Institut fuer Integrierte Produktion Hannover (Germany); Federal Office for Migration and Refugees; Esbensen Consulting Engineers (Denmark); Industrial Union of Metalworkers; Jernkontoret (Sweden); Goethe University Frankfurt; Heinrich Heine University Düsseldorf; Technical University of Munich; Lithuanian Scientific Society; Max Planck Society; VDEh-Betriebsforschungsinstitut; Materials Science & Engineering; Christian-Albrechts-Universität zu Kiel; Daimler (Germany); TU Bergakademie Freiberg; Justus-Liebig-Universität Gießen; Leibniz University of Applied Sciences; Fraunhofer Institute for Machine Tools and Forming Technology; Argonne National Laboratory; Heidelberg University,0000-0001-6845-9975,,
https://openalex.org/A5048333448,B.L. Crynes,https://openalex.org/I115475287,Oklahoma State University,1976,1989,https://openalex.org/I115475287,1976,1989,University of Oklahoma,Westinghouse Electric (United States); Osservatorio astronomico di Bologna; Oklahoma State University Oklahoma City; Oklahoma State University; Dean College,,,
https://openalex.org/A5080343438,Matthew Bamidele,https://openalex.org/I115475287,Oklahoma State University,2021,2022,https://openalex.org/I115475287,2021,2022,Oklahoma State University Oklahoma City; Oklahoma State University,University of Oklahoma,0000-0002-9104-4142,,
https://openalex.org/A5100610350,Weili Zhang,https://openalex.org/I115475287,Oklahoma State University,2001,2025,https://openalex.org/I115475287,2001,2025,North University of China; Chinese Academy of Medical Sciences & Peking Union Medical College; Oklahoma State University Oklahoma City; Tsinghua University; Zhengzhou University of Light Industry; Shanghai Institute of Optics and Fine Mechanics; Università di Camerino; Oklahoma State University; Zhengzhou Central Hospital,Philipps University of Marburg; Hunan University of Technology; Minzu University of China; Collaborative Innovation Center of Advanced Microstructures; Institute of Agricultural Resources and Regional Planning; Shanghai Advanced Research Institute; Northeastern University; Xidian University; Tianjin University; Nanjing University; Chongqing University of Technology; Shanghai University; Nankai University; National University of Singapore; Beijing Academy of Agricultural and Forestry Sciences; ORCID; Shenzhen Terahertz Technology Innovation Research Institute; Zhengzhou University; Hunan Agricultural University; Shanghai Jiao Tong University; University of Electronic Science and Technology of China; Southern University of Science and Technology; Library and Archives Northern Territory; Hubei University; Nanjing University of Posts and Telecommunications; Fu Wai Hospital; Chengdu University of Information Technology; Shanghai Institute of Applied Physics; Knowledge Unlatched (Germany); Qingdao University of Science and Technology; Chinese Academy of Agricultural Sciences; Transelectrica (Romania); Sandia National Laboratories; Huaneng Clean Energy Research Institute; East China University of Science and Technology; Central South University; Guilin University of Electronic Technology; University of Hong Kong; Shaanxi Research Association for Women and Family; University Town of Shenzhen; Hebei Medical University; The University of Texas at Arlington; Fujian Agriculture and Forestry University; State Nuclear Power Technology Company (China); State Council of the People's Republic of China; Los Alamos National Laboratory; Hong Kong University of Science and Technology; King Abdullah University of Science and Technology; Ministry of Education of the People's Republic of China; Northeastern University; Sichuan University; Shandong University of Science and Technology; Zibo Vocational Institute; Université Stendhal – Grenoble 3; Center for Integrated Nanotechnologies; Fujian Academy of Agricultural Sciences; China University of Mining and Technology; China University of Geosciences; Chinese Academy of Sciences; University of Oklahoma; Shanghai Medical College of Fudan University; SAIC-GM (China); Southwest Jiaotong University; Tianjin University of Technology and Education; National Library of China; Hefei University; Tiangong University; Inner Mongolia University; University of Chinese Academy of Sciences,0000-0002-8591-0200,,
https://openalex.org/A5017604320,Petar Alaupovic,https://openalex.org/I115475287,Oklahoma State University,1978,1978,https://openalex.org/I115475287,1978,1978,Oklahoma Medical Research Foundation,OU Health; Lund University; The University of Texas Health Science Center at Houston; The University of Texas Medical Branch at Galveston; Sahlgrenska University Hospital; Urbana University; Montreal Clinical Research Institute; Ottawa Hospital; University of Oklahoma; University of Amsterdam; University of Gothenburg; Oklahoma State University; Johns Hopkins University; University of Southern California; The University of Texas Southwestern Medical Center; Université de Bordeaux; University of Washington; Jet Propulsion Laboratory; Oregon Health & Science University; Temple College; Henry Ford Health System; University Hospital Heidelberg; Washington University in St. Louis; Pennsylvania State University; Medizinische Hochschule Hannover; Chirurgische Universitätsklinik Heidelberg; Northern Illinois University; Heidelberg University; Medical Genetics Center; Fonds de Recherche du Québec - Santé; University of Illinois Urbana-Champaign; Tufts University; Institut des Corps Gras; Royal Victoria Hospital; National Institutes of Health; Brigham and Women's Hospital; Clinical Research Institute; Centre hospitalier de l'Université Laval; St. Michael's Hospital; University of Oklahoma Health Sciences Center; Memphis Health Center; Kaiser Permanente; Université Paris-Sud; Memorial University of Newfoundland; Oral Roberts University; University of Zagreb; Harvard University; Children's Hospital of Oklahoma; Institute for Atherosclerosis Research; National Heart Lung and Blood Institute; State University of New York; Texas Health Dallas; Oregon State University,0000-0002-6269-2845,,
https://openalex.org/A5088738987,Allison Campolo,https://openalex.org/I115475287,Oklahoma State University,2015,2025,https://openalex.org/I115475287,2015,2025,Oklahoma State University,University of Oklahoma; Oklahoma State University Oklahoma City; University of Oklahoma Health Sciences Center,,,
https://openalex.org/A5051649492,Franklin A. Hays,https://openalex.org/I115475287,Oklahoma State University,2003,2003,https://openalex.org/I115475287,2003,2003,University of Oklahoma Health Sciences Center,"Oregon State University; The University of Texas Health Science Center at San Antonio; Oklahoma City University; Oklahoma State University; University of California, San Francisco; Institut de Pharmacologie Moléculaire et Cellulaire; University of Oklahoma; Institut de Biologie Moléculaire des Plantes; Université Côte d'Azur; Centre National de la Recherche Scientifique; Institut de Biologie Moléculaire et Cellulaire",0000-0002-2191-558X,,
https://openalex.org/A5113452090,Robert E. England,https://openalex.org/I115475287,Oklahoma State University,1982,2012,https://openalex.org/I115475287,1982,2012,Transylvania University,University of Oklahoma; Rhodes College; Canadian Armed Forces; Oklahoma State University Oklahoma City; Oklahoma State University,,,
https://openalex.org/A5026318557,Clay Prater,https://openalex.org/I115475287,Oklahoma State University,2020,2024,https://openalex.org/I115475287,2020,2024,University of Arkansas at Fayetteville,Clay Technology (Sweden); Loughborough University; Oklahoma State University; Trent University; Oklahoma State University Medical Center; University of Oklahoma,0000-0002-9864-6242,,
https://openalex.org/A5100361804,Jun Li,https://openalex.org/I115475287,Oklahoma State University,1999,1999,https://openalex.org/I115475287,1999,1999,Zhongda Hospital Southeast University; University of South China; Peking University Third Hospital; The University of Texas MD Anderson Cancer Center; Peking University; Liaocheng University; Wenzhou Medical University,First Affiliated Hospital of University of South China; New Frontier; Guangxi Center for Disease Prevention and Control; Second Affiliated Hospital of Xi'an Jiaotong University; Chinese Academy of Sciences; Princeton University; Jiangsu University; Guilin Medical University; National Vaccine and Serum Institute; Zunyi Medical University; Harbor–UCLA Medical Center; Guangdong Provincial Hospital of Traditional Chinese Medicine; The Lundquist Institute; Chongqing Medical University; Shenzhen Institute for Drug Control; Wayne State University; China Agricultural University; Southern Medical University; Institut National de la Recherche Scientifique; Zhumadian Central Hospital; Xiangya Hospital Central South University; Anhui Medical University; Yangzhou University; Shandong Normal University; Walter Reed Army Institute of Research; Shanxi Cardiovascular Hospital; Beijing Children’s Hospital; National Center for Chronic Disease Prevention and Health Promotion; National University of Singapore; Zhongnan Hospital of Wuhan University; Alberta Glycomics Centre; John Wiley & Sons (United States); University of North Carolina at Chapel Hill; University of Minnesota; Zhejiang University; Chinese Academy of Medical Sciences & Peking Union Medical College; Guangdong Academy of Sciences; Zhejiang Taizhou Hospital; National Institutes of Health; United States Department of Veterans Affairs; Genomics Institute of the Novartis Research Foundation; Shandong Academy of Agricultural Sciences; St. Clare Hospital in Lakewood; Center for Disease Control; Incyte (United States); First Affiliated Hospital of Harbin Medical University; Sichuan Academy of Agricultural Sciences; Sun Yat-sen University; Shantou University; Florida International University; Novartis (United States); University of Oklahoma; University of Alabama at Birmingham; Key Laboratory of Guangdong Province; Qingdao Agricultural University; Ministry of Agriculture and Rural Affairs; Central China Normal University; Children's Hospital of Fudan University; Oklahoma State University; Wuhan University; Uniformed Services University of the Health Sciences; Institute of Zoology; Children's Hospital of Chongqing Medical University; Wuzhou Red Cross Hospital; Guangdong Institute of Biological Products and Drugs; First Affiliated Hospital of Hebei Medical University; Centers for Disease Control and Prevention; South Central Minzu University; Harbin Medical University; Huazhong Agricultural University; National Institute of Allergy and Infectious Diseases; Panzhihua Central Hospital; University of Illinois Urbana-Champaign; Hubei University of Science and Technology; Panzhihua University; University of Bamako; Epidemic Intelligence Service; Advanced Targeting Systems (United States); Kunming Medical University; Shanghai Institute of Materia Medica; Wuhan Business University; University of Birmingham; Shantou University Medical College; Emory University; UCLA Medical Center; Beijing Biocytogen (China); Guangxi Veterinary Research Institute; Fred Hutch Cancer Center; Jiangxi Agricultural University; Nanjing Agricultural University; Central South University; Hebei University; Jiangsu Academy of Agricultural Sciences; South China Agricultural University; University of Alberta; Hebei Medical University; Union Hospital; Rogers (United States); Ministry of Education of the People's Republic of China,0000-0002-2121-3393,,
https://openalex.org/A5020837390,Hassan Gill,https://openalex.org/I115475287,Oklahoma State University,2021,2021,https://openalex.org/I115475287,2021,2021,Oklahoma State University Oklahoma City; University of Oklahoma,,,,
https://openalex.org/A5004392666,E Schnell,https://openalex.org/I115475287,Oklahoma State University,2015,2015,https://openalex.org/I115475287,2015,2015,,Oklahoma State University; Walker (United States); Oklahoma City University; Cancer Research Center; Duke University Hospital; Roche (United States); OU Health Stephenson Cancer Center; Physikalisch-Technische Bundesanstalt; Duke Medical Center; University of Oklahoma; University of Oklahoma Health Sciences Center; OU Health; Heidelberg University; Landauer (United States),,,
https://openalex.org/A5109101366,Bruce Benjamin,https://openalex.org/I115475287,Oklahoma State University,2007,2015,https://openalex.org/I115475287,2007,2015,Rambam Health Care Campus,"University of Oklahoma Health Sciences Center; Oklahoma State University Oklahoma City; Posts and Telecommunications Institute of Technology; Oklahoma State University Center for Health Sciences; Duke University; Rutgers, The State University of New Jersey; Ames Research Center; Texas A&M University; Vietnam Posts and Telecommunications Group (Vietnam); Oklahoma State University Medical Center; University of Oklahoma; Duke University Hospital; Duke Medical Center; Oklahoma State University",0000-0003-3139-085X,,
https://openalex.org/A5100614129,Zhiyong Wang,https://openalex.org/I115475287,Oklahoma State University,2012,2012,https://openalex.org/I115475287,2012,2012,Hainan University; Zhejiang University; Stomatology Hospital; Carnegie Institution for Science; Minzu University of China; Xiamen University; Leibniz-Institute for Food Systems Biology at the Technical University of Munich; Shanghai University of Engineering Science; Beijing University of Technology; Carnegie Department of Plant Biology; Air Force General Hospital PLA; Technical University of Munich; Zunyi Medical University; The University of Sydney; Air Force Medical University,"Qilu Hospital of Shandong University; Fujian Medical University; China Medical University; Shandong University of Traditional Chinese Medicine; New York University; Fujian Agriculture and Forestry University; Beijing Institute of Aeronautical Materials; University of Warwick; Peking University; University of Kentucky; Hammersmith Hospital; Lanzhou University; University of California, Berkeley; Ghent University; Shanxi Medical University; Sichuan Academy of Forestry; State Key Laboratory of Plant Physiology and Biochemistry; University of California, Los Angeles; Peking University People's Hospital; The University of Texas Southwestern Medical Center; Jilin University; University of Science and Technology of China; Hebei Medical University; Institute of Genetics and Developmental Biology; Cedars-Sinai Medical Center; Ocean University of China; Tianjin Research Institute of Water Transport Engineering; Boston Medical Center; Heinrich Heine University Düsseldorf; Huazhong Agricultural University; Harbin Institute of Technology; Tianjin Medical University; Henan Academy of Agricultural Sciences; Fuzhou University; Jimei University; Oklahoma State University; University of Connecticut; First Hospital of China Medical University; Qingdao University of Science and Technology; Shanghai Institute of Pharmaceutical Industry; Carnegie Observatories; Douglas Mental Health University Institute; Central South University; University of Oklahoma; University of Georgia; University of California, San Diego; National Marine Environmental Forecasting Center; Third Hospital of Hebei Medical University; Mercer University; Changchun Institute of Applied Chemistry; Kunming Medical University; Tianjin University of Technology; Guiyang Medical University; Energy Biosciences Institute; Boston University; Northwestern University; Second Hospital of Shanxi Medical University; University of New Hampshire; Chinese University of Hong Kong; Salk Institute for Biological Studies; Howard Hughes Medical Institute; University of British Columbia; Hefei National Center for Physical Sciences at Nanoscale; Institute of Physics; Zhengzhou University; Central China Normal University; Shanghai Jiao Tong University; Institute of Botany; Tianjin Medical University Cancer Institute and Hospital; Shenzhen Stock Exchange; State Key Laboratory of Plant Genomics; Chinese Academy of Inspection and Quarantine; UNSW Sydney; Guangdong Medical College; Hebei Normal University; National Engineering Research Center for Wheat; Inner Mongolia Autonomous Region Meteorological Bureau; Hunan University of Technology; Fujian Provincial People's Hospital; Guilin University of Technology; Sanya University; Northwest A&F University; Department of Embryology; Stanford University; Institute of Population and Labor Economics; First Affiliated Hospital of Fujian Medical University; Ministry of Education of the People's Republic of China; Jingdezhen University; Chengdu University; China Agricultural University; Chinese Academy of Sciences; Troy University; Huazhong University of Science and Technology; Xinxiang Medical University; Putian University; Sichuan Agricultural University; Beijing Fengtai Hospital; State Key Laboratory on Integrated Optoelectronics; Ministry of Transport; Navicent Health; National University of Defense Technology; National Center for Gene Research; The Fifth People's Hospital of Anyang; Centers for Disease Control and Prevention; Nanjing Municipal Center for Disease Control And Prevention; State Key Laboratory of Robotics and Systems; Vrije Universiteit Amsterdam; Hubei University for Nationalities; Plant (United States); Xinyang College of Agriculture and Forestry; Pacific University; McGill University; Henan Agricultural University; Key Laboratory of Guangdong Province; Jilin Medical University; University of California, San Francisco; University of California, Santa Cruz; Ministry of Agriculture and Rural Affairs; Leshan Normal University; University of Maine; Nankai University; Hubei University; University of Michigan; Shandong Academy of Sciences",0000-0003-4602-3390,,
https://openalex.org/A5006931674,Dennis D. Fine,https://openalex.org/I115475287,Oklahoma State University,1985,1991,https://openalex.org/I115475287,1985,1991,Noble Research Institute,University of Oklahoma; Environmental Protection Agency; University of Arizona; Oklahoma State University,,,
https://openalex.org/A5052603656,Erica K. Crockett,https://openalex.org/I115475287,Oklahoma State University,2016,2020,https://openalex.org/I115475287,2016,2020,Oklahoma State University Center for Health Sciences,University of Oklahoma; Oklahoma State University Oklahoma City; Oklahoma State University,0000-0003-1745-145X,,
https://openalex.org/A5004653156,James Bothwell,https://openalex.org/I115475287,Oklahoma State University,2021,2021,https://openalex.org/I115475287,2021,2021,Oklahoma State University Oklahoma City; Oklahoma State University,University of Oklahoma,,,
https://openalex.org/A5107701187,Robert C. Thompson,https://openalex.org/I115475287,Oklahoma State University,2024,2024,https://openalex.org/I115475287,2024,2024,Oklahoma State University Oklahoma City,"West Texas A&M University; University of Colorado Boulder; Reproductive Science Center; University of Bath; Icahn School of Medicine at Mount Sinai; University of Michigan; University of North Carolina at Chapel Hill; Western Washington University; University of New Brunswick; Fairview Developmental Center; Kansas State Department of Education; Temple University; University of Copenhagen; United States Department of Commerce; Oregon Health & Science University; Johns Hopkins Medicine; MRC Cognition and Brain Sciences Unit; University of Kentucky; Discovery Institute; University of California, Davis; Addenbrooke's Hospital; St Joseph's Health Care; Royal Perth Hospital; Pacific Northwest National Laboratory; Hebrew University of Jerusalem; Battelle; Statistical Research (United States); Universidad del Noreste; University of California, Irvine Medical Center; Medical Research Council; University of California, Santa Barbara; Michigan United; University of Hawaii System; Steacie Institute for Molecular Sciences; Johns Hopkins University; Amgen (United States); The University of Texas at Austin; Mount Sinai Medical Center; Neuroscience Institute; University of the Arts London; University of Minnesota; Stanford University; University of Oklahoma; Albert Einstein College of Medicine; Florida State University; University of Auckland; University of Southern California; University of Geneva; Vollum Institute; Sir Charles Gairdner Hospital; Northeastern University; Vanderbilt University; National Institute of Dental and Craniofacial Research; Sanford Burnham Prebys Medical Discovery Institute; Ann Arbor Center for Independent Living; Ørsted (Denmark); University of Cambridge; University of Cincinnati; University of British Columbia; Université de Sherbrooke; University College London; National Heart Lung and Blood Institute; National Research Council Canada; Harvard University; Nagoya University; National Institutes of Health; Office of Scientific and Technical Information; University of Wales; University of California, Irvine; Mental Health Research Institute; National Technical Information Service; University of Wuppertal; University of Plymouth; Universidad Autónoma del Estado de México",0000-0001-6297-3340,,
https://openalex.org/A5110872453,Mason Mclemore,https://openalex.org/I115475287,Oklahoma State University,2025,2025,https://openalex.org/I115475287,2025,2025,Oklahoma State University,University of Arkansas at Fayetteville; University of Oklahoma; Mississippi State University,,,
https://openalex.org/A5095539056,John Unterschuetz,https://openalex.org/I115475287,Oklahoma State University,2025,2025,https://openalex.org/I115475287,2025,2025,Oklahoma State University,University of Oklahoma; Oklahoma Biological Survey; University of Central Oklahoma,,,
https://openalex.org/A5007362970,David Barney,https://openalex.org/I115475287,Oklahoma State University,2007,2009,https://openalex.org/I115475287,2007,2009,,Brigham Young University; North Dakota State University; University of Oklahoma; New Mexico State University; Florida State University; Oklahoma State University Oklahoma City; Burning Rock Biotech (China); University of Massachusetts Amherst; Oklahoma State University,,,
https://openalex.org/A5015706581,Donald H. Wolfe,https://openalex.org/I115475287,Oklahoma State University,2007,2007,https://openalex.org/I115475287,2007,2007,,University of Oklahoma; Northern Great Plains Research Laboratory; Oklahoma Biological Survey,,,
https://openalex.org/A5110590077,Steve K. Sherrod,https://openalex.org/I115475287,Oklahoma State University,2007,2007,https://openalex.org/I115475287,2007,2007,,University of Oklahoma; Central Avian Research Institute; Brigham Young University,,,
https://openalex.org/A5025216490,Michael A. Patten,https://openalex.org/I115475287,Oklahoma State University,2007,2007,https://openalex.org/I115475287,2007,2007,Nord University,"University of Oklahoma; Colby College; Louisiana State University; Dartmouth College; San Diego Natural History Museum; IBM (United States); Oklahoma Biological Survey; Dartmouth Hospital; Houston Museum of Natural Science; University of California, Riverside; University of Arizona; University of Connecticut",0000-0001-9689-2645,,
https://openalex.org/A5109887101,Robert E. Rhoades,https://openalex.org/I115475287,Oklahoma State University,1980,1980,https://openalex.org/I115475287,1980,1980,,University of Georgia; University of Arizona; University of Kansas; Phillips University; International Potato Center; University of the Philippines Los Baños; University of Oklahoma; Oklahoma State University,,,
https://openalex.org/A5064913031,Rifat Bulut,https://openalex.org/I115475287,Oklahoma State University,2008,2023,https://openalex.org/I115475287,2008,2023,Oklahoma State University,Dumlupinar University; Arkansas State University; Virginia Department of Transportation; Texas A&M University; Texas Department of Transportation; Oklahoma Department of Transportation; John Wiley & Sons (United States); University of Oklahoma; Stony Brook University; Texas A&M University System; Michigan Technological University; Mitchell Institute; Oklahoma State University Oklahoma City,0000-0001-6047-1873,,
https://openalex.org/A5012115913,Kristen N Savage-Ashlock,https://openalex.org/I115475287,Oklahoma State University,2013,2013,https://openalex.org/I115475287,2013,2013,Georgia State University; Oklahoma State University,"Rutgers, The State University of New Jersey; University of Oklahoma",,,
https://openalex.org/A5003628849,Anthony W. Confer,https://openalex.org/I115475287,Oklahoma State University,1983,2022,https://openalex.org/I115475287,1983,2022,,Indiana University Bloomington; University of Veterinary Science; Kansas State University; Clayton State University; The Ohio State University; New Mexico State University; National Animal Disease Center; Louisiana State University; Conservation and Production Research Laboratory; University of Nebraska–Lincoln; National Eye Institute; South Dakota State University; Agricultural Research Service; Louisiana State University Agricultural Center; ET International (United States); University of Missouri; Oklahoma State University; Texas A&M University; University of Oklahoma; Zoetis (United States); University of Arizona; Missouri College; United States Department of Agriculture; Arkansas Agricultural Experiment Station; University of Oklahoma Health Sciences Center; Kerr Foundation; Armed Forces Institute of Pathology; Abbott Fund,0000-0002-1896-4399,,
https://openalex.org/A5036396892,D. Y. Kim,https://openalex.org/I115475287,Oklahoma State University,2021,2021,https://openalex.org/I115475287,2021,2021,Oklahoma State University; University of Oklahoma,,,,
https://openalex.org/A5040464439,S. Nandi,https://openalex.org/I115475287,Oklahoma State University,1982,2018,https://openalex.org/I115475287,1982,2018,Bankura University,"Oklahoma State University; Rice University; University of Maryland, College Park; Oklahoma State University Oklahoma City; Syracuse University; University of Chicago; Ames National Laboratory; The Ohio State University; Vanderbilt University; University of Bonn; Harvard University Press; Iowa State University; University of Oregon; University of Minnesota; University at Albany, State University of New York; Purdue University West Lafayette; Brookhaven National Laboratory; Ithaca College; University of Oklahoma; University of Kansas; Fermi National Accelerator Laboratory; European Organization for Nuclear Research; Cornell University; University of Florida; Harvard University; The University of Texas at Austin",0000-0002-4291-2273,,
https://openalex.org/A5071304044,Younas Dadmohammadi,https://openalex.org/I115475287,Oklahoma State University,2015,2018,https://openalex.org/I115475287,2015,2018,Cornell University; New York State College of Agriculture & Life Sciences,Texas A&M University; Oklahoma State University; University of Oklahoma,0000-0001-8765-1727,,
https://openalex.org/A5102882190,Mathias Schulze,https://openalex.org/I115475287,Oklahoma State University,2006,2012,https://openalex.org/I115475287,2006,2012,,University of Warwick; Université d'Angers; Oklahoma State University Oklahoma City; Oklahoma State University; Laboratoire de Mathématiques d'Orsay; University of Kaiserslautern; University of Waterloo; University of Oklahoma,,,
https://openalex.org/A5063918000,Priyank Jaiswal,https://openalex.org/I115475287,Oklahoma State University,2012,2025,https://openalex.org/I115475287,2012,2025,Oklahoma State University,"University of California, Santa Barbara; Oklahoma State University Oklahoma City; International Ocean Discovery Program; University of Oklahoma; Rice University; Oil India (India)",0000-0002-3094-6812,,
https://openalex.org/A5049466231,James D. Moran,https://openalex.org/I115475287,Oklahoma State University,1986,1988,https://openalex.org/I115475287,1986,1988,University of Westminster; Lancaster University,Edinboro University; Tel Aviv University; Marquette University; Middlesex University; University of Oxford; North Middlesex Hospital; University of South Dakota; Dakota State University; Knoxville College; Oklahoma State University; University of Oklahoma; University of Tennessee at Knoxville; Virginia Tech; Oklahoma State University Oklahoma City; Oxford Research Group; Instituto Tecnologico de Veracruz; Pennsylvania State System of Higher Education,,,
https://openalex.org/A5075695322,Michael P. Anderson,https://openalex.org/I115475287,Oklahoma State University,1994,2024,https://openalex.org/I115475287,1994,2024,Children's Hospital of Oklahoma; University of Oklahoma Health Sciences Center; University of Alabama at Birmingham Hospital,"University of Erfurt; University of Oklahoma Medical Center; ExxonMobil (United States); Institute for Advanced Study; Oklahoma State University; Creighton University; Oklahoma State University Medical Center; United States Department of Agriculture; University of California, San Diego; Riverside Regional Medical Center; University of Missouri; American Ceramic Society; University of Washington; Agricultural Research Service; Community Health Partnership; University of Michigan; Harvard University; IS practice; Brown University; IBM Research - Thomas J. Watson Research Center; Linde (United States); Patrick Air Force Base; Retina Specialists; National Heart Lung and Blood Institute; OU Health; Mississippi State University; University of Minnesota; University of Oklahoma; ExxonMobil (Germany); Kansas State University; University of Mississippi; Springer Nature (Germany); University of North Carolina at Chapel Hill; National Institutes of Health; Health Services Center; Scripps Institution of Oceanography; Twin Cities Orthopedics; Tennessee Technological University; Copiah-Lincoln Community College; VA Center for Clinical Management Research; Oklahoma State Department of Health; Massachusetts General Hospital; Lipscomb University; Oklahoma State University Oklahoma City; Oklahoma Department of Rehabilitation Services",0000-0002-2319-2282,,
https://openalex.org/A5027494242,I. L. Anderson,https://openalex.org/I115475287,Oklahoma State University,1968,1978,https://openalex.org/I115475287,1968,1978,Harvard University Press; Rainbow Babies & Children's Hospital,University of Oklahoma; Oklahoma State University; Massey University; University of Lübeck; Marymount University,,,
https://openalex.org/A5063161579,K. Honscheid,https://openalex.org/I115475287,Oklahoma State University,2004,2004,https://openalex.org/I115475287,2004,2004,The Ohio State University at Lima; California Consortium of Addiction Programs and Professionals; State Library of Ohio; The Ohio State University,"Lawrence Livermore National Laboratory; University of Chicago; University of Cincinnati; University of Kansas; University of California, Santa Cruz; University of Florida; Argonne National Laboratory; Harvard University Press; Southern Methodist University; Massachusetts Institute of Technology; University of Illinois Urbana-Champaign; Institut National de Physique Nucléaire et de Physique des Particules; Campbell Collaboration; Deutsches Elektronen-Synchrotron DESY; Universitat de Barcelona; Yonsei University; Johns Hopkins University; University of Oklahoma; California Institute of Technology; Meiji Gakuin University; Macquarie University; National Center for Supercomputing Applications; University of the Basque Country; Wayne State University; Brookhaven National Laboratory; University at Albany, State University of New York; The University of Texas at Austin; Istituto Nazionale di Fisica Nucleare, Sezione di Bari; University of Hawaiʻi at Mānoa; Ferris University; Syracuse University; Cornell University; Forschungszentrum Jülich; University of Pennsylvania; University of Bonn; Australian Astronomical Observatory; Fermi National Accelerator Laboratory; Oklahoma State University; University of California, San Diego; Centre National de la Recherche Scientifique; Laboratoire d’Annecy de Physique des Particules; University of Pisa; Purdue University West Lafayette",0000-0002-6550-2023,,
https://openalex.org/A5103791647,Ashley A. Walter,https://openalex.org/I115475287,Oklahoma State University,2011,2011,https://openalex.org/I115475287,2011,2011,Duke University; NGM Biopharmaceuticals (United States); University of Minnesota Rochester,Children's National; Boston University; Oklahoma State University; Des Moines University Osteopathic Medical Center; Mayo Clinic in Arizona; Utah State University; Oklahoma State University Oklahoma City; Duke Medical Center; University of Oklahoma; Butler University; University of Kansas; Des Moines University,,,
https://openalex.org/A5053216088,Trent J. Herda,https://openalex.org/I115475287,Oklahoma State University,2011,2015,https://openalex.org/I115475287,2011,2015,University of Kansas,"University of Kentucky; Oklahoma State University; California State University, Fullerton; Eastern Kentucky University; University of Central Florida; Des Moines University; American College of Surgeons; Oklahoma State University Oklahoma City; Des Moines University Osteopathic Medical Center; Creighton University; University of Oklahoma; Springfield College; Kansas State University; University of Mississippi; University of Wisconsin–La Crosse; Minnesota Orthopedic Sports Medicine Institute; University of Nebraska–Lincoln; St. Anthony Hospital",0000-0002-5555-5156,,
https://openalex.org/A5004289542,Pablo B. Costa,https://openalex.org/I115475287,Oklahoma State University,2011,2011,https://openalex.org/I115475287,2011,2011,"University Center Augusto Motta; California State University, Fullerton; California State University System","Des Moines University Osteopathic Medical Center; University of Central Florida; California State University, Northridge; Estácio (Brazil); Des Moines University; Universidade Federal do Rio de Janeiro; Fullerton College; San Francisco State University; University of Kansas; University of Oklahoma; University of Nebraska–Lincoln; Oklahoma State University; Florida Atlantic University; Universidade Metropolitana de Santos; California State University, San Bernardino; Oklahoma State University Oklahoma City; George Mason University; Creighton University; Faculdade Guairacá",0000-0002-4504-5160,,
https://openalex.org/A5109216287,Paul S. Cohen,https://openalex.org/I115475287,Oklahoma State University,2006,2006,https://openalex.org/I115475287,2006,2006,,College of New Jersey; University of Dundee; Syracuse University; State University of New York; University of Bridgeport; Microfab Technologies (United States); Technical University of Denmark; Texas A&M University; University of Cape Town; Environmental Protection Agency; Simmons University; Novartis (Switzerland); Polytechnique Montréal; National Oceanic and Atmospheric Administration; University of Copenhagen; University of Tennessee Health Science Center; University of Gothenburg; IBM Research - Thomas J. Watson Research Center; University of Tennessee at Knoxville; St. Jude Children's Research Hospital; Conway School of Landscape Design; University of Oklahoma; Boston University; John Brown University; University of Rhode Island; Engineering Arts (United States); Statens Serum Institut; La Roche College; Harvard University; Massachusetts Institute of Technology; Alliance for Safe Kids; IBM (United States); Oklahoma State University; Université Paris Cité,,,
https://openalex.org/A5025384005,Jeffrey L. Blair,https://openalex.org/I115475287,Oklahoma State University,2006,2006,https://openalex.org/I115475287,2006,2006,,Oklahoma State University; Conway School of Landscape Design; University of Rhode Island; Texas A&M University; University of Oklahoma,,,
https://openalex.org/A5016099605,Philip K. Morton,https://openalex.org/I115475287,Oklahoma State University,2005,2006,https://openalex.org/I115475287,2005,2006,University of Oklahoma,Murray State College; State Street (United States); Purdue University West Lafayette; Oklahoma State University,,,
https://openalex.org/A5021156674,Mike J. Schoonover,https://openalex.org/I115475287,Oklahoma State University,2005,2025,https://openalex.org/I115475287,2005,2025,Oklahoma State University,Oklahoma State University Oklahoma City; University of Oklahoma,0000-0003-3723-0689,,
https://openalex.org/A5101938083,Robert Terry,https://openalex.org/I115475287,Oklahoma State University,2022,2022,https://openalex.org/I115475287,2022,2022,Oklahoma State University Oklahoma City,"Washington University in St. Louis; Pittsburg State University; University of California, Davis; University of California, San Diego; University of Oklahoma; Oklahoma State University; Texas A&M University; University of Kansas Medical Center",0000-0003-4485-0149,,
https://openalex.org/A5083242280,Nicholas A. Kotov,https://openalex.org/I115475287,Oklahoma State University,1998,2005,https://openalex.org/I115475287,1998,2005,University of Michigan; BioSurfaces (United States); Foundation Center; U.S. National Science Foundation,"Institute of Macromolecular Chemistry; Consejo Superior de Investigaciones Científicas; Materials Science & Engineering; Shanghai Normal University; Imperial College London; Michigan Medicine; Universitätsklinikum Erlangen; Ann Arbor Center for Independent Living; Rice University; Center of Advanced European Studies and Research; Crystal Research (United States); Grassroots Gardens WNY; The Ohio State University; Materials Processing (United States); Syracuse University; Pusan National University; Universität Hamburg; Becton Dickinson (United States); Mayo Clinic in Florida; University of Oklahoma; Jiangnan University; Universidad Autónoma de Madrid; Kent State University; Michigan United; Universidad Complutense de Madrid; The University of Texas Medical Branch at Galveston; State Key Laboratory of Food Science and Technology; Institute of Chemistry; Oklahoma State University; American Mathematical Society; Anhui Agricultural University; Universitat Rovira i Virgili; Beihang University; Inserm; Purdue University West Lafayette; National Institute of Standards and Technology; California University of Pennsylvania; Swedish University of Agricultural Sciences; Universidad Nacional Autónoma de México; Karpov Institute of Physical Chemistry; Harbin Institute of Technology; Shanghai Jiao Tong University; University of Trieste; Harvard University; Deakin University; Hunan University; National Center for Nanoscience and Technology; South Dakota School of Mines and Technology; Universidade de Vigo; Office of Naval Research; Belarusian State University; Argonne National Laboratory; Georgia Institute of Technology; University of California, San Diego; Lomonosov Moscow State University; Louisiana Tech University; University of Notre Dame; Oklahoma State University Oklahoma City; Universidad de Guanajuato; State Key Laboratory of Polymer Physics and Chemistry; Chinese Academy of Sciences; Texas A&M University; University of Utah; Ohio University; University at Albany, State University of New York; Friedrich-Alexander-Universität Erlangen-Nürnberg; Material Sciences (United States); Else Kröner-Fresenius-Stiftung; Cayman Chemical (United States); Woods Hole Oceanographic Institution",0000-0002-6864-5804,,
https://openalex.org/A5049563716,Dursun Delen,https://openalex.org/I115475287,Oklahoma State University,1996,2025,https://openalex.org/I115475287,1996,2025,Oklahoma State University; Istinye University; Oklahoma State University Oklahoma City,Knowledge Based Systems (United States); University of Oklahoma; University of Nebraska–Lincoln; Oklahoma State University at Tulsa; Haliç University; University of Arizona; Istanbul Şehir University; Oklahoma State University Center for Health Sciences; Ibn Haldun University,0000-0001-8857-5148,,
https://openalex.org/A5033642634,J. Deisenhofer,https://openalex.org/I115475287,Oklahoma State University,1996,1998,https://openalex.org/I115475287,1996,1998,,"Center for Systems Biology; University of Chicago; University of Oklahoma; Jožef Stefan International Postgraduate School; Pennsylvania State University; DuPont (United States); Oklahoma State University Oklahoma City; Max Planck Society; Jožef Stefan Institute; Wesleyan University; Max Planck Institute of Biochemistry; The University of Texas Southwestern Medical Center; Université Paris Cité; Oklahoma State University; University of Illinois Urbana-Champaign; Technical University of Munich; Max Planck Institute of Biophysics; Institut de Biochimie et Biophysique Moléculaire et Cellulaire; University of Pittsburgh; Centre National de la Recherche Scientifique; Howard Hughes Medical Institute; Southwestern Medical Center; University of Georgia; University of California, San Francisco; The University of Texas Health Science Center at San Antonio; St Vincents Institute of Medical Research; Texas Southern University; Ludwig-Maximilians-Universität München; Experimental Station; MRC Laboratory of Molecular Biology; High Energy Accelerator Research Organization",0000-0003-1006-1344,,
https://openalex.org/A5102011938,John R. Graham,https://openalex.org/I115475287,Oklahoma State University,2002,2002,https://openalex.org/I115475287,2002,2002,National Bureau of Economic Research; Duke University,"Southern Methodist University; University of Waterloo; Federal Reserve Bank of Richmond; Amgen (United States); Rutgers, The State University of New Jersey; Miami University; City University of Hong Kong; University of Toronto; University of Notre Dame; University of Rochester; Vanderbilt University; Pennsylvania State University; Conference Board; Wilfrid Laurier University; University of Illinois Urbana-Champaign; Binghamton University; Northeastern University; Oklahoma State University; University of Pennsylvania; University of Washington; Cisco Systems (Norway); University of Iowa; Financial Research (Hungary); North Carolina State University; University of Utah; Bank of Canada; Qualcomm (United Kingdom); Fordham University; Reichman University; University of Oklahoma; Washington University in St. Louis; Cornell University; University of North Carolina at Chapel Hill; Stanford University; University of California, San Diego; York University; University of Chicago; McMaster University; Chinese University of Hong Kong; Federal Reserve Bank of Chicago; Georgetown University; Bureau of Economic Analysis; Brock University; Financial Management Association International; California State University, Northridge; University of Amsterdam",,,
https://openalex.org/A5002229441,Di Xia,https://openalex.org/I115475287,Oklahoma State University,1997,2006,https://openalex.org/I115475287,1997,2006,"Ministry of Education of the People's Republic of China; State Key Laboratory of Cell Biology; Yunnan University; Institute of Psychology, Chinese Academy of Sciences; Sun Yat-sen University; National Institutes of Health; Center for Cancer Research; National Cancer Institute; Weifang Medical University",The University of Texas Southwestern Medical Center; Oklahoma State University; Changchun University of Science and Technology; University Research Co (United States); Augusta University; Purdue University West Lafayette; Southern Marine Science and Engineering Guangdong Laboratory (Zhuhai); Cancer Institute (WIA); University of Warwick; Soochow University; Shanghai Jiao Tong University; United States Department of Health and Human Services; Shantou University; Howard Hughes Medical Institute; Shanghai Institute of Hematology; Zhongda Hospital Southeast University; PowerChina (China); The University of Texas Medical Branch at Galveston; University of Oklahoma; Southwestern Medical Center; Shandong University of Science and Technology; Sichuan University; Commonwealth Scientific and Industrial Research Organisation; Hunan Agricultural University; Ruijin Hospital; UNSW Sydney; China Power Engineering Consulting Group (China); Ningxia Medical University; ORCID; Uppsala University; North China University of Technology; Chongqing University of Posts and Telecommunications; Southern Marine Science and Engineering Guangdong Laboratory (Guangzhou); Shantou University Medical College; New York University; Ministry of Ecology and Environment,0000-0002-2748-0679,,
https://openalex.org/A5024770032,Hoeon Kim,https://openalex.org/I115475287,Oklahoma State University,1997,1998,https://openalex.org/I115475287,1997,1998,,The University of Texas Southwestern Medical Center; Howard Hughes Medical Institute; Seoul National University; University of Oklahoma; Oklahoma State University; Southwestern Medical Center; University of California System,,,
https://openalex.org/A5082988617,James B. Nevels,https://openalex.org/I115475287,Oklahoma State University,2018,2018,https://openalex.org/I115475287,2018,2018,,Oklahoma State University; Geotechnical and Structures Laboratory; Virginia Department of Transportation; Oklahoma Department of Transportation; University of Oklahoma,,,
https://openalex.org/A5047818325,Andrew J. Fabich,https://openalex.org/I115475287,Oklahoma State University,2006,2006,https://openalex.org/I115475287,2006,2006,,University of Rhode Island; Conway School of Landscape Design; Liberty University; Texas A&M University; University of Oklahoma; Oklahoma State University,,,
https://openalex.org/A5067021699,Will P. Sims,https://openalex.org/I115475287,Oklahoma State University,2006,2006,https://openalex.org/I115475287,2006,2006,Texas A&M University,University of Oklahoma; Oklahoma State University; Conway School of Landscape Design; University of Rhode Island,,,
https://openalex.org/A5070017603,Emily Johnson,https://openalex.org/I115475287,Oklahoma State University,2020,2020,https://openalex.org/I115475287,2020,2020,"University of Maryland, College Park; Medical University of South Carolina; University of Alberta",West Midlands Deanery; University of Kansas Medical Center; Oklahoma State University Oklahoma City; University of Wisconsin–Madison; Ochsner Health System; Mayo Clinic in Florida; University of Kentucky; University of Vienna; eHealth Initiative; Oklahoma State University; WinnMed; Mayo Clinic; The University of Kansas Cancer Center; University of Oklahoma,0000-0002-3419-8372,,
https://openalex.org/A5072824454,Rahul Kashyap,https://openalex.org/I115475287,Oklahoma State University,2020,2020,https://openalex.org/I115475287,2020,2020,Mayo Clinic; WellSpan Health; WellSpan York Hospital; Mayo Clinic in Arizona; Drexel University; Chaudhary Charan Singh University; Research Network (United States),"K J Somaiya Medical College; Mansoura University; University of Minnesota Rochester; Pulmonary and Critical Care Associates; Franciscan Health; York College of Pennsylvania; University of Oklahoma; Prisma Health; Allegheny Health Network; University of Debrecen; Mayo Clinic in Florida; University of Maryland, Baltimore; Foundation for Medical Research; Indian Institute of Technology Kanpur; Mitchell Institute; Sichuan University; Shifa International Hospital; Society of Critical Care Medicine; University of California, San Diego; Ashwini Hospital; B.J. Medical College; Children's Hospital of San Antonio; University of Rochester; Trinity Health; Beaumont Health; Alfaisal University; Connecticut Children's Medical Center; Banner Wyoming Medical Center; Boston University; Shree Guru Gobind Singh Tricentenary University; University of North Texas at Dallas; Lovely Professional University; Jacobs (United States); Texas A&M Health Science Center; University of Maryland Baltimore Washington Medical Center; WinnMed; CMH Lahore Medical College and Institute of Dentistry; Baptist Hospital of Miami; University of Florida Health Science Center; Anhui Medical University; Atal Bihari Vajpayee Institute of Medical Sciences and Dr. Ram Manohar Lohia Hospital; University of Pennsylvania; University of Houston; Trinity Medical Center; University of California, San Francisco; Oklahoma State University; Medanta The Medicity; Maya Educational Foundation; Centennial Medical Center; West China Hospital of Sichuan University; Harvard University; Metropolitan Hospital; Texas A&M University – Corpus Christi; Dana-Farber/Harvard Cancer Center; Florida State University; LifeBridge Health; Banner Health; Tanta University; Hiroshima General Hospital; Saint Michael's Medical Center; David Tvildiani Medical University; St. George's University; Wayne State University; Colorado School of Public Health; Baylor College of Medicine; CancerCare; Mayo Clinic Health System; University of Colorado Anschutz Medical Campus; Australian National University; Children's Hospital of Pittsburgh; Texas A&M University; Manubhai Patel Dental College and Hospital; Institute of Medical Sciences; Informa Healthcare; HCA Healthcare; Louisiana State University Health Sciences Center Shreveport; Bolan University of Medical and Health Sciences; Baptist Health South Florida; Philips (India); University of Wisconsin–Madison; Southern Hills Medical Center; United States Coast Guard; Lincoln Medical Center; Florida Atlantic University; University of Veterinary Medicine; University of Pittsburgh; Hennepin Healthcare Research Institute; University of Florida Health",0000-0002-4383-3411,,
https://openalex.org/A5074552725,Rick Farmer,https://openalex.org/I115475287,Oklahoma State University,2009,2013,https://openalex.org/I115475287,2009,2013,,Bliss; Marymount University; University of Akron; Oklahoma State University; University of Oklahoma; United States House of Representatives,,,
https://openalex.org/A5100425554,Li Zhang,https://openalex.org/I115475287,Oklahoma State University,2014,2014,https://openalex.org/I115475287,2014,2014,"Integrated Chinese Medicine (China); Second Xiangya Hospital of Central South University; Jiangyin People's Hospital; First Affiliated Hospital of Anhui Medical University; Fudan University; Yuhuangding Hospital; First Affiliated Hospital of Zhengzhou University; Children's Hospital of Chongqing Medical University; Chengdu Medical College; Chinese Academy of Medical Sciences & Peking Union Medical College; Capital University; First People's Hospital of Kunshan; Inner Mongolia Agricultural University; Shanghai University of Medicine and Health Sciences; Southern University of Science and Technology; Chinese Institute for Brain Research; University of Chicago; Guangdong Ocean University; Shanxi Agricultural University; North Sichuan Medical University; Chongqing Cancer Hospital; Kunming Medical University; Southern Methodist University; Xinxiang Medical University; Binzhou Medical University; Nankai University; Union Hospital; Yinchuan First People's Hospital; Guangdong Province Women and Children Hospital; Nantong University; The People's Hospital of Guangxi Zhuang Autonomous Region; Beijing Obstetrics and Gynecology Hospital; Lanzhou University Second Hospital; Tan Tock Seng Hospital; Chongqing Medical University; Betta Pharmaceuticals (China); Pennsylvania State University; University of Science and Technology of China; Peking University; Chongqing Three Gorges Central Hospital; First Affiliated Hospital of Xi'an Jiaotong University; Jilin University; Huazhong Agricultural University; Citadel; Fox Chase Cancer Center; Hunan Academy of Agricultural Sciences; Chongqing University; University of California, San Francisco; Ningde Normal University; Shanghai East Hospital; First Hospital of China Medical University; Xuzhou Medical College; Zhejiang Provincial People's Hospital; Anhui Mental Health Center; East China University of Science and Technology; Qingdao University; The First Affiliated Hospital, Sun Yat-sen University; Tianjin Chest Hospital; Syosset Hospital; Beijing Tian Tan Hospital; Shenzhen University; Huazhong University of Science and Technology; First Hospital of Shanxi Medical University; Peking Union Medical College Hospital; Hunan Institute of Mental Health; First Affiliated Hospital Zhejiang University; Tianjin Central Hospital of Gynecology Obstetrics; Ministry of Education of the People's Republic of China; Sun Yat-sen University; Indiana University Melvin and Bren Simon Comprehensive Cancer Center; Xian Center for Disease Control and Prevention; Sichuan University; Central Hospital of Zibo; Capital Medical University; Yale University; Tsinghua University; Nanjing Drum Tower Hospital; UCSF Helen Diller Family Comprehensive Cancer Center; Lanzhou University; Stomatology Hospital; Shaanxi Provincial Meteorological Bureau; Fuzhou University; Yale Cancer Center; First People's Hospital of Yuhang District; Affiliated Hospital of Nantong University; Chengdu University of Traditional Chinese Medicine; Wenzhou Medical University; Guiyang Medical University; Nanjing Xiaozhuang University; Chinese University of Hong Kong; Cancer Research And Biostatistics; Shandong Center for Disease Control and Prevention; National Institute for Parasitic Diseases; Guangxi Academy of Agricultural Science; Guangdong Pharmaceutical University; Indiana University; First People's Hospital of Yunnan Province; Chongqing Academy of Animal Science; Wuhan University of Science and Technology; Guilin University of Electronic Technology; First Affiliated Hospital of Hebei Medical University; Chinese Academy of Agricultural Sciences; City College of San Francisco; Kunming University of Science and Technology; Zhongshan Hospital; Toronto General Hospital; China Medical University; Binzhou University; Tianjin University; Southern Medical University; Hubei Provincial Women and Children's Hospital; Second Affiliated Hospital of Xi'an Jiaotong University; Central South University; East China Normal University; West China Hospital of Sichuan University; The Fifth People’s Hospital of Suzhou; Tianjin Stomatological Hospital; University of Michigan; Zhejiang Chinese Medical University; Second Hospital of Shandong University; Affiliated Hospital of Guizhou Medical University; Harbin Veterinary Research Institute; Shandong University; First Affiliated Hospital of Xiamen University; Anhui Medical University; Nanfang Hospital; Hangzhou Medical College; University of Toronto; Tongren Hospital; Jiangsu University; First Hospital of Jilin University; Institute of Hematology & Blood Diseases Hospital; Fujian Medical University; Peking University Third Hospital; Fujian Provincial Hospital; Shanghai Jiao Tong University; University Health Network; Fudan University Shanghai Cancer Center; Chaohu Hospital of Anhui Medical University; Tongji University; Tianjin Medical University; Shanghai Municipal Center For Disease Control Prevention; Mianyang Third People's Hospital; Tianjin Medical University Cancer Institute and Hospital; Union Hospital; Shanxi Medical University; Ningbo College of Health Sciences; Fourth Affiliated Hospital of Anhui Medical University; Chinese PLA General Hospital","Thompson Rivers University; Manukau Institute of Technology; National Institutes of Health Clinical Center; Sutter Davis Hospital; Zhengzhou People's Hospital; Jiaxing University; Center for Drug Evaluation and Research; Jinan Stomatological Hospital; Indiana Biosciences Research Institute; John Brown University; Indiana University – Purdue University Indianapolis; Wake Forest University; Zhongda Hospital Southeast University; Lanzhou Army General Hospital; Weinan Central Hospital; Zhejiang Cancer Hospital; Air Force Medical University; Nanchang University; Yunnan Institute of Parasitic Diseases; Mount Sinai Hospital; Taizhou Second People's Hospital; China Electronics Technology Group Corporation; Wuxi Institute of Technology; University of California, Santa Cruz; NHS Blood and Transplant; Northwest Medical Specialties; Nanxi Mountain Hospital; Nanjing Normal University; Beijing Academy of Agricultural and Forestry Sciences; Hainan Provincial Hospital of Traditional Chinese Medicine; Peking University People's Hospital; McGill University; Hospital of Hebei Province; Philippine Christian University; Tianjin Centers for Disease Control and Prevention; Northwestern University; Second Affiliated Hospital of Soochow University; Shenzhen Polytechnic; Affiliated Hospital of Qingdao University; Hubei Water Resources Research Institute; Agriculture and Agri-Food Canada; Stony Brook University; Development Fund; Academy of Military Medical Sciences; Centers for Disease Control and Prevention; North University of China; Qingdao Municipal Hospital; Children's Hospital of Zhejiang University; China XD Group (China); Shanghai First Maternity and Infant Hospital; Guizhou Center for Disease Control and Prevention; Aviation General Hospital; Nanjing University of Aeronautics and Astronautics; Chengde Medical University; Shaanxi University of Chinese Medicine; Lanzhou Jiaotong University; Guangxi Academy of Fishery Sciences; Institute of Neurobiology; AiCure (United States); Shenzhen Nanshan Center for Chronic Disease Control; New York University; Second Affiliated Hospital of Dalian Medical University; Beijing Chaoyang Emergency Medical Center; First Affiliated Hospital of Jiangxi Medical College; Hubei University of Science and Technology; Tianjin Children's Hospital; Bengbu Medical College; Shanghai Cancer Institute; Ocean Road Cancer Institute; University of Hong Kong; Jiangsu University of Science and Technology; Henry Ford Hospital; Okayama University Hospital; Third People 's Hospital of Chongqing; Jinyintan Hospital; Affiliated Hospital of Southwest Medical University; Xian Mental Health Center; China West Normal University; Rutgers, The State University of New Jersey; Georgetown University Medical Center; Oregon Health & Science University; Queen Mary University of London; China University of Geosciences; Second Affiliated Hospital of Chongqing Medical University; Beijing Normal University; Zhangjiagang First People's Hospital; Millennium Engineering and Integration (United States); Seattle University; St. Agnes Hospital; Bethune International Peace Hospital; Pediatrics and Genetics; Dalian Ocean University; Nanjing Agricultural University; Mudanjiang Medical University; Hangzhou Children's Hospital; Lankenau Institute for Medical Research; Arcadia University; State Key Laboratory of Respiratory Disease; West China Medical Center of Sichuan University; Southwest Jiaotong University; Shandong Jianzhu University; Second People’s Hospital of Huai’an; Scripps Research Institute; Center for High Pressure Science and Technology Advanced Research; Jeroen Bosch Ziekenhuis; Uppsala University Hospital; Central Hospital of Wuhan; Nanyang Institute of Technology; Wellcome Sanger Institute; Fujian University of Traditional Chinese Medicine; Xiangya Hospital Central South University; Third Hospital of Hebei Medical University; Tung Wah Hospital; Heilongjiang Bayi Agricultural University; Huashan Hospital; Anyang Hospital of Traditional Chinese Medicine; Jinggangshan University; Tianjin Fourth Hospital; Shandong University of Science and Technology; ETH Zurich; CK Hutchison (China); Nanjing University of Science and Technology; National Center for Women and Children’s Health, China CDC; Hebei Medical University; Mississippi State University; Tokyo Medical and Dental University; Faculty of Public Health; Shenyang First People's Hospital; Universitätsklinikum Gießen und Marburg; National University Heart Centre Singapore; First Bethune Hospital of Jilin University; Oil Crops Research Institute; Huadong Hospital; General Hospital of Shenyang Military Region; Beijing Children’s Hospital; Beijing Chang'an Integrated Traditional Chinese and Western Medicine Hospital; Baylor College of Medicine; National Institute of Dental and Craniofacial Research; National Research Center for Rehabilitation Technical Aids; Ningbo No.6 Hospital; University of Calgary; Shaanxi Provincial People's Hospital; Yangtze University; Pfizer (United Kingdom); Nanjing University of Chinese Medicine; National Clinical Research Center for Digestive Diseases; Qingdao Mental Health Center; Chang'an University; Xi’an University; Shandong Provincial QianFoShan Hospital; IBM (United States); University of California San Francisco Medical Center; Zhejiang Taizhou Hospital; North China Electric Power University; China-Japan Friendship Hospital; Massachusetts Eye and Ear Infirmary; Eastern Michigan University; Guangdong Medical College; Shenzhen Blood Center; Carter Center; Barro Colorado Island; Radiation Oncology Institute; Jinzhou Kangning Hospital; American Gastroenterological Association; Devon Energy (United States); Shanghai Sixth People's Hospital; First Affiliated Hospital of Nanchang University; First Affiliated Hospital of Bengbu Medical College; Cleveland Clinic Lerner College of Medicine; Columbus Oncology and Hematology Associates; National Institutes for Food and Drug Control; Hospital for Tropical Diseases; University of Virginia; Guangxi University; Shanghai Changzheng Hospital; First Affiliated Hospital of Sichuan Medical University; Toronto General Hospital Research Institute; Weifang Medical University; Nantong Tumor Hospital; Second Hospital of Anhui Medical University; The University of Texas Southwestern Medical Center; Qufu Normal University; Cornell University; Community Cancer Center; Eastern Hepatobiliary Surgery Hospital; The Ohio State University; AstraZeneca (United States); Kaifeng University; Cancer Genetics (United States); National Institute on Alcohol Abuse and Alcoholism; University of International Business and Economics; First Hospital of Qinhuangdao; McMaster University; Roswell Park Comprehensive Cancer Center; Jilin International Studies University; Philipps University of Marburg; Tang Du Hospital; State Key Laboratory of Diagnosis and Treatment of Infectious Diseases; Singapore Science Park; Second Military Medical University; Kunming Institute of Botany; Ningxia University; Beijing Shijingshan Hospital; Fuzhou Maternity and Child Health Care Hospital; Beijing Emergency Medical Center; Second Affiliated Hospital of Shantou University Medical College; Prince of Wales Hospital; Hacettepe University; ShenZhen People’s Hospital; University of West Florida; Institute of Modern Physics; Institute of Pathology Celle; Zhongnan Hospital of Wuhan University; St. Boniface Hospital; The First People's Hospital of Changde; Army Medical University; Liaocheng People's Hospital; National Institute on Aging; Yunnan Academy of Agricultural Sciences; The First Hospital of Changsha; State Key Laboratory of Oncogene and Related Genes; Case Western Reserve University; Fifth Tianjin Central Hospital; The First People's Hospital of Changzhou; Zhejiang Medicine (China); Methodist Hospital; University of East Anglia; Yangzhou University; Suizhou Central Hospital; Beijing Shijitan Hospital; Center for Life Sciences; Xintai People's Hospital; Huzhou Central Hospital; Beijing University of Civil Engineering and Architecture; Guangzhou Medical University; University of Chinese Academy of Sciences; St. Elizabeth Healthcare; Affiliated Hospital of Shaanxi University of Chinese Medicine; Cleveland Clinic; Guangxi Academy of Sciences; Uppsala University; Xi’an International University; Inner Mongolia University; Hebei University; Cambridge Scientific (United States); University of Cincinnati; Vector (United States); Kunming General Hospital of Chengdu Military Command; Huangshan University; Yunnan Normal University; Xi'an Jiaotong University; Gansu University of Traditional Chinese Medicine; University of Rochester; Changhai Hospital; Hanzhong People's Hospital; University of Nebraska Medical Center; 307th Hospital of Chinese People’s Liberation Army; Johns Hopkins University; University of Oklahoma; Jinan City People's Hospital; Science and Technology Department of Sichuan Province; Jingzhou Central Hospital; W. M. Keck Foundation; Houston Methodist; Fourth Hospital of Changsha; Changsha Medical University; Second Affiliated Hospital of Nantong University; Shanghai Medical College of Fudan University; Ministry of Agriculture and Rural Affairs; Shionogi (Japan); Soochow University; General Hospital of Guangzhou Military Command; Ministry of Health and Sports; First People's Hospital of Foshan; State Key Laboratory of Oncology in South China; National Institute for Viral Disease Control and Prevention; Gansu Academy of Agricultural Sciences; Wuhan City Chinese Medicine Hospital; Dongyang People's Hospital; The Cancer Institute Hospital; Nationwide Children's Hospital; McGowan Institute for Regenerative Medicine; National Natural Science Foundation of China; Wuxi Fourth People's Hospital; Daiichi Sankyo (Germany); Boston College; University of Colorado Denver; University of Manitoba; The University of Texas at Dallas; MedStar Washington Hospital Center; Muhimbili University of Health and Allied Sciences; Beijing Information Science & Technology University; Beijing Xuanwu Traditional Chinese Medicine Hospital; Center for Human Genetics; National Center for Advancing Translational Sciences; First Hospital of Jiaxing; University of Maryland, Baltimore; Michigan Medicine; Community Health Center; University of South Carolina; Hebei Agricultural University; Henan Agricultural University; Nanjing Second Hospital; Jikei University School of Medicine; Beijing Chest Hospital; Hainan Medical University; Wuhan Institute of Virology; Shanghai University of Traditional Chinese Medicine; University of Hong Kong - Shenzhen Hospital; Pacific Medical (China); Minzu University of China; South Central Minzu University; China Academy of Transportation Sciences; Chongqing University of Education; First Affiliated Hospital of Kunming Medical University; Zhongshan Hospital of Xiamen University; Tianjin Hospital; World Health Organization - Pakistan; Amherst College; Lishui Central Hospital; Shanghai First People's Hospital; Jiangxi Provincial Cancer Hospital; Cincinnati Children's Hospital Medical Center; China Institute of Atomic Energy; LDS Hospital; First Affiliated Hospital of Xinjiang Medical University; Hunan Cancer Hospital; Shanghai Public Health Clinical Center; Shandong First Medical University; Shanghai Ocean University; Shionogi (United States); Qingdao Agricultural University; Dali University; Changchun University of Technology; The Fourth People's Hospital; Jinan Central Hospital; Northwest A&F University; Polytechnic University of Turin; Research Institute Hospital 12 de Octubre; Dezhou University; Henan Cancer Hospital; Daqing Oilfield General Hospital; Jiangsu Hengrui Medicine (China); Xinjiang Academy of Agricultural Sciences; Civil Aviation University of China; University of Washington; William Harvey Research Institute; Wuhan University; Fuda Cancer Hospital; Guangzhou University; Cancer Hospital and Research Institute; Chinese Academy of Sciences; Brigham and Women's Hospital; Women's Hospital, School of Medicine, Zhejiang University; Qingdao Eighth People's Hospital; University of Florida; San Francisco VA Medical Center; Guangzhou Development Zone Hospital; Second People’s Hospital of Yibin; Laboratoire d’immunologie intégrative du cancer; National Cancer Institute; Fifth Affiliated Hospital of Zhengzhou University; University of Cincinnati Medical Center; Shandong Xiehe University; Illinois Institute of Technology; State Key Laboratory of Kidney Diseases; Wayne State University; Oakland University; Nanjing General Hospital of Nanjing Military Command; Xijing Hospital; Chinese People's Armed Police Force; Tiangong University; University of California, Riverside; Hokkaido University; Sichuan University of Science and Engineering; Leibniz Institute of Virology (LIV); China Agricultural University; Jiangsu Changjiang Electronics Technology (China); National Health and Medical Research Council; Ningxia Medical University; Sangamo BioSciences (United States); Sichuan Center for Disease Control and Prevention; Geisinger Medical Center; Xinxiang Central Hospital; Hospital Universitario Virgen del Rocío; Xian Yang Central Hospital; Chengdu Organic Chemicals (China); Changshu Institute of Technology; First Affiliated Hospital of Fujian Medical University; Tianjin First Center Hospital; Institute of Developmental Physiology; Nanjing Children's Hospital; Jiangsu Institute of Parasitic Diseases; University of Notre Dame; Langfang Normal University; University of Iowa; Virginia Commonwealth University; American Red Cross; Tongji Hospital; Peking University Shenzhen Hospital; Roche (China); Henry Ford Health System; City University of Hong Kong; Key Laboratory of Guangdong Province; Dalian Municipal Central Hospital; Weatherford College; United States Food and Drug Administration; Taizhou First People's Hospital; The First People's Hospital of Guangyuan; Hubei Provincial Hospital of Traditional Chinese Medicine; Duke University Hospital; Oklahoma State University; Michael E. DeBakey VA Medical Center; Shaanxi Provincial People's Hospital; Changzhou No.2 People's Hospital; Zhejiang Ocean University; Shanghai Institute of Hematology; The University of Texas MD Anderson Cancer Center; Second Affiliated Hospital of Harbin Medical University; Inner Mongolia Autonomous Region Hospital of Traditional Chinese Medicine; The First People’s Hospital of Lianyungang; Wuhan Donghu University; The University of Kitakyushu; Peking University Cancer Hospital; Southwest Medical University; University of Connecticut; Dalian University; Zhangzhou Municipal Hospital of Fujian Province; Public Health Clinical Center of Chengdu; First Affiliated Hospital of Guangdong Pharmaceutical University; Qianjiang Central Hospital; Shanghai Skin Disease Hospital; Sichuan Cancer Hospital; Wuxi People's Hospital; Chinese Center For Disease Control and Prevention; Tianjin Nankai Hospital; Ministry of Health; Georgetown University; Northern Jiangsu People's Hospital; Gavi; University of Macau; Fourth People’s Hospital of Jinan; Shandong Agricultural University; Shanghai Clinical Research Center; Huanghe Science and Technology College; Linyi People's Hospital; Beijing Tongren Hospital; Institute for Clinical Pharmacodynamics (United States); Harvard University; The Military General Hospital of Beijing PLA; National University of Singapore; University of the Sunshine Coast; AstraZeneca (United Kingdom); Jiangsu Provincial Academy of Traditional Chinese Medicine; Imperial College London; Beijing University of Technology; First Hospital of Shijiazhuang; Wuhan No.1 Hospital; China Three Gorges University; Yunnan Agricultural University; Qujing Normal University; Second Affiliated Hospital of Jilin University; Google (United States); Henan Provincial Eye Hospital; Shaanxi Normal University; Wuhu Fourth People Hospital; Sichuan Academy of Traditional Chinese Medicine; Shantou University Medical College; Futaba (Japan); Johns Hopkins Medicine; Hunan Normal University; Tianjin Medical University General Hospital; Ford Motor Company (United States); Northeast Normal University; Georgia State University; Institute of High Energy Physics; University of South China; First Affiliated Hospital of Harbin Medical University; Dana-Farber Cancer Institute; National Cancer Center Hospital East; Shanghai Changning Mental Health Center; Songjiang District Central Hospital; Dazhou Central Hospital; Wuhan Children's Hospital; Princess Margaret Cancer Centre; Xi'an Medical University; Lishui City People's Hospital; Chengdu Military General Hospital; Hunan Agricultural University; Gansu Provincial Center for Disease Control and Prevention; Aichi Cancer Center; Hubei University of Medicine; Huaihua University; GTx (United States); Zhongnan University of Economics and Law; Nanjing University; Wannan Medical College; Bayi Children's Hospital; First Hospital of Lanzhou University; University of Virginia Health System; University of Utah Hospital; Foshan Maternity and Child Health Care Hospital; Agency for Science, Technology and Research; Beijing Hospital; Fundacion Centro De Investigacion De Enfermedades Neurologicas; Pfizer (United States); Ningxia Hui Autonomous Region Peoples Hospital; Shaanxi Provincial Hospital of Traditional Chinese Medicine; Changjiang Institute of Survey, Planning, Design and Research; CDC Foundation; Wellstat Biologics (United States); Guizhou Provincial People's Hospital; Second Affiliated Hospital of Zhejiang University; Daping Hospital; Zaozhuang Municipal Hospital; Hangzhou DAC Biotech (China); People’s Hospital of Rizhao; Centre international de recherche sur le cancer; University of Wisconsin–Madison; Ruijin Hospital; Jinzhou Medical University; University of Science and Technology Liaoning; Sichuan Academy of Medical Sciences & Sichuan Provincial People's Hospital; Cancer Council Victoria; Rockefeller University; Bioprocessing Technology Institute; St. Elizabeth's Medical Center; Ningbo First Hospital; Qilu Hospital of Shandong University; Henan University of Science and Technology; Jiangsu Cancer Hospital; Second Hospital of Shanxi Medical University; Kunming Children's Hospital; Renji Hospital; North China University of Science and Technology; University of Ottawa; Huaian First People’s Hospital; Xi'an International Studies University; Shanghai Institute of Organic Chemistry; Chinese People's Liberation Army; University of California, Berkeley; Dalian Medical University; Tianjin Academy of Agricultural Sciences; Leiden University; South China Normal University; State Key Laboratory of Information Engineering in Surveying Mapping and Remote Sensing; UCLouvain Saint-Louis Brussels; Nanjing Medical University; Jiangnan University; Reckitt Benckiser (United States); National Institute of Diabetes and Digestive and Kidney Diseases; Tianjin University of Traditional Chinese Medicine; XinHua Hospital; Vanderbilt University; Jilin Medical University; Shenzhen University Health Science Center; Tangshan College; Shanghai Pulmonary Hospital; Jilin Province Science and Technology Department; Shanxi Normal University; Xinjiang Uygur Autonomous Region Disease Prevention and Control Center; Rice University; Texas A&M University; 174th hospital of the People's Liberation Army; Memorial Sloan Kettering Cancer Center; Menzies School of Health Research; Guangdong Academy of Medical Sciences; Chongqing University of Posts and Telecommunications; Hewlett-Packard (United States); Institute of Dermatology; Jinan University; Hunan Provincial People's Hospital; Shenzhen Maternity and Child Healthcare Hospital; UNSW Sydney; The Affiliated Yongchuan Hospital of Chongqing Medical University; National Science and Technology Council; Arkana Laboratories; McGill University Health Centre; Tongliao Academy of Agricultural Sciences; Zhengzhou University; Emory University Hospital; London Business School; Longhua Hospital Shanghai University of Traditional Chinese Medicine; Northwest University; Inner Mongolia Medical University; The First People's Hospital of Xiaoshan District, Hangzhou; Longgang Central Hospital; National Health and Family Planning Commission; Henan Provincial People's Hospital; Applied Mathematics (United States); Shanghai Changning Maternity and Infant Health Hospital; Allergan (United States); Taihe Hospital; Boston University; Weill Cornell Medicine; Ningbo No. 2 Hospital; Second Affiliated Hospital of Zhengzhou University; University of Edinburgh; Institute of Apiculture Research; Chengdu Women's and Children's Central Hospital; University of British Columbia; Shanghai Tenth People's Hospital; Guangdong General Hospital; Taiyuan Iron and Steel Group (China); Shanghai Cell Therapy Research Institute; Qilu University of Technology; Cancer Research Foundation; Anhui Provincial Hospital; Microsoft (United States); Spanish Oncology Genitourinary Group; Renmin Hospital of Wuhan University; Sun Yat-sen University Cancer Center; Regeneron (United States); Nanjing Brain Hospital; Wuhan Union Hospital; PLA Navy General Hospital; Yancheng Institute of Technology; Hunan Provincial Maternal and Child Health Hospital; People's Hospital of Xinjiang Uygur Autonomous Region; Shenzhen Children's Hospital; Beijing Ditan Hospital; Duke Medical Center; Deaconess Hospital; Institute for Systems Biology; Guangdong Provincial People's Hospital; Shandong University of Political Science and Law; Xinjiang Medical University; University of Missouri–Kansas City; Shantou University; Genecast (China); Hangzhou Dianzi University; Klinikum Chemnitz; The University of Texas at Austin; St. Cloud State University; Zhejiang University; Beijing Geriatric Hospital; Beijing University of Chinese Medicine; Mount Sinai Medical Center; Academy of Medical Sciences; Tokai University; Qingdao Women and Children's Hospital; Ontario Institute for Cancer Research; Zhejiang Center for Disease Control and Prevention; Zhengzhou Central Hospital; Wuhan No. 7 Hospital; Northeast Agricultural University; University of Alabama at Birmingham; University of California, Los Angeles; Lankenau Medical Center; West China Second University Hospital of Sichuan University; Beibu Gulf University; Shandong Provincial Hospital; Versus Arthritis; University Hospital Bonn; State Council of the People's Republic of China; Liaoning University; TrueBinding (United States); First Affiliated Hospital of Jinan University; Chinese Academy of Fishery Sciences; Shenyang Agricultural University; Emerald Coast Science Center; Hainan Medical College Hospital; Yanan University Affiliated Hospital; Shanghai Medical Information Center; Nippon Medical School; Hospital Universitario Miguel Servet; Tianjin People's Hospital; University of Rochester Medical Center; Human Genome Sciences (United States); Harvard University Press; The First Hospital of Kunming; Xiamen University; Heidelberg University; King's College London; IBM Research (China); First Affiliated Hospital of Chengdu Medical College; The University of Tokyo; Sichuan Agricultural University; Peking University First Hospital; Griffith University; Taiyuan Central Hospital; Xi'an Peihua University; Yonsei University; San Francisco General Hospital; Cangzhou Central Hospital; Peking University International Hospital; National Clinical Research; North Carolina State University; Ministry of Health of the Russian Federation; National Institutes of Health; Yidu Central Hospital of Weifang; University at Buffalo, State University of New York; Beijing Friendship Hospital; First Affiliated Hospital of Soochow University; Inner Mongolia University for Nationalities; Zunyi Medical University; Harbin Medical University; China Pharmaceutical University; Luoyang Central Hospital Affiliated to Zhengzhou University; Bridge University; University of Electronic Science and Technology of China; Health Net; Children's Hospital of Fudan University; Clinical Trial Investigators; Jiangsu Province Hospital; Third Xiangya Hospital; Gansu Provincial Hospital; Indiana University School of Medicine; Zhejiang Hospital; Central China Normal University; Norwich Research Park; Kettering University; Binzhou People's Hospital",0000-0002-3617-2627,,
https://openalex.org/A5025312482,Mark A. Mitchell,https://openalex.org/I115475287,Oklahoma State University,2014,2014,https://openalex.org/I115475287,2014,2014,Louisiana State University; University of Tennessee Health Science Center,"General Electric (Israel); Francis Marion University; Conway School of Landscape Design; University of Guelph; Marshall Space Flight Center; University of South Carolina Upstate; Illinois Department of Natural Resources; University of Veterinary Medicine; Oklahoma State University; Wye College; University of London; Illinois College; Louisiana State University Agricultural Center; University of Strathclyde; Carolina Veterinary Specialists; University of California, Davis; Coastal Carolina University; University of Florida; University of Illinois Urbana-Champaign; Lincoln Park Zoo; Massey University; University of Illinois System; University of Oklahoma; University of Southern California; Urbana University; Veterinary Medical Teaching Hospital; Louisiana State University Hospital; University of Georgia; Mississippi State University; Public Policy Institute of California; Georgia College & State University; Duke University",0000-0002-1111-2724,,
https://openalex.org/A5014500698,Lynna J. Ausburn,https://openalex.org/I115475287,Oklahoma State University,2013,2017,https://openalex.org/I115475287,2013,2017,,Oklahoma State University Oklahoma City; Swinburne University of Technology; Defence Materials Technology Centre (Australia); Oklahoma State University; University of Tulsa; University of Oklahoma; Frankston Hospital; Georgia State University; Monash University,,,
https://openalex.org/A5032349562,Daniel E. Shoup,https://openalex.org/I115475287,Oklahoma State University,2010,2025,https://openalex.org/I115475287,2010,2025,Oklahoma State University,University of Oklahoma; Arkansas Agricultural Experiment Station; Kent State University; Kansas State University; United States Geological Survey; Eastern Illinois University; Oklahoma State University Oklahoma City; Louisiana Department of Natural Resources; Illinois Department of Natural Resources,0000-0002-9867-4497,,
https://openalex.org/A5057556612,Jacqueline M. Vadjunec,https://openalex.org/I115475287,Oklahoma State University,2009,2023,https://openalex.org/I115475287,2009,2023,University of Oklahoma,Oklahoma State University; Diversitech (United States); Institute for Global Environmental Strategies; University of Florida; Oklahoma State University Oklahoma City; Clark University; Amazon (United States); Res Publica (Norway),0000-0002-0588-1842,,
https://openalex.org/A5052667220,Ben P Holland,https://openalex.org/I115475287,Oklahoma State University,2006,2016,https://openalex.org/I115475287,2006,2016,,"University of Veterinary Science; Agricultural Research Service; Goodyear (United States); Texas Tech University; Pfizer (United States); South Dakota State University; Oklahoma State University Oklahoma City; Institut für Tier-, Natur- und Umweltethik; The University of Texas Medical Branch at Galveston; National Animal Disease Center; Amarillo College; University of Oklahoma; Texas Tech University Health Sciences Center; ET International (United States); Oklahoma State University",0000-0002-7923-0639,,
https://openalex.org/A5037361638,Keith Willett,https://openalex.org/I115475287,Oklahoma State University,1983,2022,https://openalex.org/I115475287,1983,2022,,University College London; Science Oxford; Charing Cross Hospital; John Radcliffe Hospital; Oxford University Hospitals NHS Trust; Nuffield Orthopaedic Centre; Transnational Press London; Oklahoma State University Oklahoma City; NHS England; University College Hospital; Maryland Department of Natural Resources; University of Oklahoma Health Sciences Center; Stevens Institute of Technology; Roswell Park Comprehensive Cancer Center; United States Department of Defense; NHS Digital; Reinier van Arkel; Oxford BioMedica (United Kingdom); NIHR Oxford Musculoskeletal Biomedical Research Centre; Oklahoma State University; University of Oxford; University of Oklahoma; Sunnybrook Health Science Centre,0000-0001-8615-725X,,
https://openalex.org/A5113489827,Roger Biles,https://openalex.org/I115475287,Oklahoma State University,1984,1987,https://openalex.org/I115475287,1984,1987,Illinois State University,Oklahoma State University Oklahoma City; Northern Illinois University; East Carolina University; University Press of Florida; College of Wooster; University of Oklahoma; Oklahoma State University,,,
https://openalex.org/A5053170248,Don Herrmann,https://openalex.org/I115475287,Oklahoma State University,1996,2015,https://openalex.org/I115475287,1996,2015,Oklahoma State University Oklahoma City,Oregon State University; Southern Methodist University; University of Oklahoma; Oklahoma State University; Baylor University; The University of Texas at El Paso; Burke Foundation; University of Tennessee at Knoxville; Southern Illinois University Edwardsville,,,
https://openalex.org/A5004208322,Sunny S. Po,https://openalex.org/I115475287,Oklahoma State University,2010,2010,https://openalex.org/I115475287,2010,2010,University of Oklahoma Health Sciences Center,Heart Rhythm Society; Second Affiliated Hospital of Jilin University; Framingham Heart Study; Chinese Academy of Medical Sciences & Peking Union Medical College; Zhongshan Hospital; Peking University; Jilin University; Université de Montréal; University of Oklahoma; University of Rochester; Washington University in St. Louis; Summit Medical Group (United States); Shanghai Sixth People's Hospital; OU Health; Indiana University – Purdue University Indianapolis; Heart and Stroke Foundation; American Heart Association; Tulsa Community College; Oklahoma City VA Medical Center; Peking University Third Hospital; University of Tulsa; United States Military Academy; Vanderbilt University; Xinjiang Medical University; Vanderbilt University Medical Center; The Arrhythmia Institute; Renmin Hospital of Wuhan University; Brigham and Women's Hospital; Fu Wai Hospital; Cardiovascular Research Center; Texas Cardiac Arrhythmia; The University of Texas at Arlington; Wuhan University; Fudan University; University of Oklahoma Medical Center; St. Jude Medical Center; Oklahoma State University; ETH Zurich; Valley Health System; First Affiliated Hospital of Xinjiang Medical University; Oklahoma City University; University Medical Center; Institute of Cardiology; Johns Hopkins University; Johns Hopkins Medicine; National Heart Lung and Blood Institute,0000-0002-5283-6737,,
https://openalex.org/A5077533143,Gwendlyn Kollmorgen,https://openalex.org/I115475287,Oklahoma State University,1981,1981,https://openalex.org/I115475287,1981,1981,Roche (Switzerland); Roche Pharma AG (Germany),Centre for Mental Health; University of Iowa; University Medical Center Hamburg-Eppendorf; Argonne National Laboratory; Institute of Science and Technology; King's College London; Oklahoma Medical Research Foundation; University of Oklahoma; Universität Hamburg; UK Dementia Research Institute; Landscape Research Group; InfectoGnostics Research Campus Jena; Universitat Pompeu Fabra; Centre for Genomic Regulation; Institut de Biologia Evolutiva; University of Gothenburg; National Hospital for Neurology and Neurosurgery; Erasmus MC; Neuroscience Institute; University of Oklahoma Health Sciences Center; Hudson Institute; Hospital Del Mar; University College London; Authorised Association Consortium; CS Diagnostics; John Wiley & Sons (United States); Lundbeck (Denmark); Oklahoma State University; Colorado State University,,,
https://openalex.org/A5043457170,Kar‐Ming Fung,https://openalex.org/I115475287,Oklahoma State University,2010,2010,https://openalex.org/I115475287,2010,2010,Pamela Youde Nethersole Eastern Hospital; University of Oklahoma Health Sciences Center,Translational Research in Oncology; Renmin Hospital of Wuhan University; Zhongshan Hospital; New York University; Oklahoma Medical Research Foundation; Harvard University; Emory University; OU Health Stephenson Cancer Center; University of Oklahoma; The University of Texas at Arlington; Fudan University; The University of Texas MD Anderson Cancer Center; Family Research Institute; OU Health; Children's Hospital of Oklahoma; University of Pennsylvania; Oklahoma State University; Wuhan University; WinnMed; Veterans Health Administration; Mayo Clinic; United States Department of Veterans Affairs; Oklahoma City VA Medical Center; American Association of Neurological Surgeons; Oklahoma State University Oklahoma City; Boston Children's Hospital; Oklahoma City University,0000-0002-4623-9469,,
https://openalex.org/A5014320479,Krystal Beamon,https://openalex.org/I115475287,Oklahoma State University,2002,2006,https://openalex.org/I115475287,2002,2006,The University of Texas at Arlington,University of Oklahoma; Oklahoma State University,,,
https://openalex.org/A5087652721,Rajendra Shrestha,https://openalex.org/I115475287,Oklahoma State University,2010,2013,https://openalex.org/I115475287,2010,2013,,University of Washington; University of Oklahoma; Bureau Veritas (France); Oklahoma State University,,,
https://openalex.org/A5073894164,William R. Lovallo,https://openalex.org/I115475287,Oklahoma State University,2002,2002,https://openalex.org/I115475287,2002,2002,University of Oklahoma Health Sciences Center; Oklahoma City VA Medical Center; Medical Center Hospital,"Norman Regional Hospital; LAM Foundation; Veterans Health Administration; Heidelberg University; Millard Fillmore Suburban Hospital; United States Department of Veterans Affairs; University of Minnesota, Duluth; University of Oklahoma Medical Center; Oklahoma State University; University of Miami; OU Health; University of Colorado Boulder; University of Iowa; The University of Texas Health Science Center at San Antonio; Baltimore VA Medical Center; John Brown University; University of Oklahoma; University of Pittsburgh; University of Maryland, Baltimore County; The Ohio State University; University of North Texas; White River Junction VA Medical Center; Providence College; Brighton and Sussex Medical School; Lynn University; University of Chicago; Henry Ford Health System; Kaleida Health; University at Buffalo, State University of New York",0000-0002-8489-3509,,
https://openalex.org/A5111865501,Kenneth J. Dormer,https://openalex.org/I115475287,Oklahoma State University,2010,2010,https://openalex.org/I115475287,2010,2010,Hunter Holmes McGuire VA Medical Center,"OU Health; Liberty University; Hough Ear Institute; Wuhan University; The University of Texas Medical Branch at Galveston; Hudson Institute; Oklahoma City University; John Wiley & Sons (United States); Campbell University; University of Maryland, College Park; The University of Texas at Arlington; Renmin Hospital of Wuhan University; University of Oklahoma Health Sciences Center; University of California, Santa Cruz; Oklahoma State University; University of Oklahoma",,,
https://openalex.org/A5067802230,Tony W. Buchanan,https://openalex.org/I115475287,Oklahoma State University,2002,2002,https://openalex.org/I115475287,2002,2002,Saint Louis University,"Forschungszentrum Jülich; University of Minnesota, Duluth; University of Oklahoma Health Sciences Center; University of Oklahoma; Tilburg University; Veterans Health Administration; UCLouvain Saint-Louis Brussels; Pfizer (United States); Google (United States); Oklahoma State University; Linde (United States); University of Iowa",0000-0002-9166-8457,,
https://openalex.org/A5111984073,Christopher C. Roth,https://openalex.org/I115475287,Oklahoma State University,2010,2010,https://openalex.org/I115475287,2010,2010,Flatiron Institute; Children's Hospital of New Orleans; Louisiana State University Health Sciences Center New Orleans; Louisiana State University; Flatiron Health (United States),University of Oklahoma Health Sciences Center; University of Vermont; Regional Urology; Oklahoma City University; Tulane University; Ochsner Medical Center; The University of Texas at Austin; University of Oklahoma; Children's Hospital of Oklahoma,0000-0002-2316-6623,,
https://openalex.org/A5110359548,Connie A. Cummings,https://openalex.org/I115475287,Oklahoma State University,1997,2003,https://openalex.org/I115475287,1997,2003,University of Oklahoma,Oklahoma State University; Research Triangle Park Foundation; National Institute of Environmental Health Sciences; GlaxoSmithKline (United States); Experimental Pathology Laboratories; Charles River Associates; Veterinary Medical Teaching Hospital; Triangle; Charles River Laboratories (United States),,,
https://openalex.org/A5086166020,Elise M. Stevens,https://openalex.org/I115475287,Oklahoma State University,2019,2019,https://openalex.org/I115475287,2019,2019,University of Massachusetts Chan Medical School,Oklahoma State University; OU Health Stephenson Cancer Center; University of Oklahoma Health Sciences Center; University of Oklahoma; Dana-Farber Cancer Institute; General Department of Preventive Medicine; University of North Carolina at Chapel Hill; Harvard University,0000-0002-0494-4362,,
https://openalex.org/A5100454607,Seung Hyun Kim,https://openalex.org/I115475287,Oklahoma State University,2019,2019,https://openalex.org/I115475287,2019,2019,"Korea National Institute of Health; Seoul National University Bundang Hospital; Korea University; The University of Melbourne; University of Arkansas at Little Rock; Korea Disease Control and Prevention Agency; University of California, San Diego",OU Health Stephenson Cancer Center; University of Oklahoma Health Sciences Center; Seoul National University Hospital; Kyungnam University; Indiana University – Purdue University Indianapolis; Indiana University School of Medicine; Chungkang College of Cultural Industries; University of Oklahoma; Ansan University; Yonsei University; Chonnam National University; Mokpo National Maritime University; Government of the Republic of Korea; Oklahoma State University; Korea University Medical Center; University of Oxford; Korea Center for Disease Control and Prevention; In-Q-Tel; Sejong University; Ministry of Food and Drug Safety,0000-0001-5527-6846,,
https://openalex.org/A5060269656,Glenn Leshner,https://openalex.org/I115475287,Oklahoma State University,2019,2019,https://openalex.org/I115475287,2019,2019,Dart Center for Journalism and Trauma; University of Oklahoma,University of Missouri; Oklahoma State University; OU Health Stephenson Cancer Center; University of Oklahoma Health Sciences Center; University of Missouri–Kansas City,0000-0001-8614-9380,,
https://openalex.org/A5022275625,Jennifer Irvin Vidrine,https://openalex.org/I115475287,Oklahoma State University,2019,2019,https://openalex.org/I115475287,2019,2019,University of South Florida; Moffitt Cancer Center,Oklahoma State University Oklahoma City; Johns Hopkins University; Uniformed Services University of the Health Sciences; Oklahoma State University; Harris Health System; University of Houston; Tulane University; The University of Texas MD Anderson Cancer Center; University of South Carolina; Mitchell Institute; The University of Texas at Austin; West Virginia University; Wake Forest University; American Cancer Society; OU Health Stephenson Cancer Center; Kaiser Permanente Washington Health Research Institute; The Centers; University of Georgia; University of Oklahoma Health Sciences Center; Texas A&M University; University of Oklahoma,0000-0002-9997-4459,,
https://openalex.org/A5019412146,Summer G Frank-Pearce,https://openalex.org/I115475287,Oklahoma State University,2019,2019,https://openalex.org/I115475287,2019,2019,University of Oklahoma Health Sciences Center; Oklahoma State University Oklahoma City,"University of Tübingen; Hudson Institute; Maternité Port Royal; OU Health Stephenson Cancer Center; Oklahoma Medical Research Foundation; UniCancer Group; Oklahoma State University; University of California, San Diego; University Hospital Ulm; University of Oklahoma; Institut Curie",0000-0003-0779-4926,,
https://openalex.org/A5007367341,Jessica Hale,https://openalex.org/I115475287,Oklahoma State University,2019,2019,https://openalex.org/I115475287,2019,2019,National Human Genome Research Institute,University of Liverpool; Oklahoma State University; Oklahoma Medical Research Foundation; University of Oklahoma Health Sciences Center; The Ohio State University; National Institutes of Health; National Institute of Neurological Disorders and Stroke; Washtenaw Community College; Congressional Budget Office; University of Oklahoma; OU Health Stephenson Cancer Center; Johns Hopkins University; Swansea University; RTI International; The Ohio State University Wexner Medical Center,,,
https://openalex.org/A5111905852,Theodore L. Wagener,https://openalex.org/I115475287,Oklahoma State University,2019,2019,https://openalex.org/I115475287,2019,2019,The Ohio State University; The Ohio State University Wexner Medical Center,University of Oklahoma Health Sciences Center; OU Health Stephenson Cancer Center; University of Oklahoma; Oklahoma Foundation for Digestive Research; Oklahoma State University; Island Institute,0000-0002-9072-228X,,
https://openalex.org/A5026107600,R. Eberle,https://openalex.org/I115475287,Oklahoma State University,1989,2021,https://openalex.org/I115475287,1989,2021,Oklahoma State University,National Institute of Allergy and Infectious Diseases; City Of Hope National Medical Center; University of Oklahoma; The University of Texas Medical Branch at Galveston; Baylor College of Medicine; Siemens (Germany); University of Tennessee at Knoxville; Oklahoma State University Oklahoma City,0000-0001-8249-1074,,
https://openalex.org/A5030131586,Heith A Crosby,https://openalex.org/I115475287,Oklahoma State University,2016,2016,https://openalex.org/I115475287,2016,2016,Oklahoma State University Center for Health Sciences; Oklahoma State University,University of Tulsa; University of Oklahoma,,,
https://openalex.org/A5069699366,George L. Murphy,https://openalex.org/I115475287,Oklahoma State University,1992,2024,https://openalex.org/I115475287,1992,2024,Oklahoma State University,Research Triangle Park Foundation; University of Auckland; Centers for Disease Control and Prevention; University of Oklahoma; University of Liverpool; Abbott Fund; Lutheran Hospital; University of North Carolina at Chapel Hill,,,
https://openalex.org/A5043184914,Kayla C. White,https://openalex.org/I115475287,Oklahoma State University,2020,2020,https://openalex.org/I115475287,2020,2020,University of Oklahoma,Oklahoma State University,,,
https://openalex.org/A5017965947,Jake Kline,https://openalex.org/I115475287,Oklahoma State University,2015,2017,https://openalex.org/I115475287,2015,2017,University of Oklahoma,Oklahoma State University,0000-0001-7264-7637,,
https://openalex.org/A5003890950,Micah Hartwell,https://openalex.org/I115475287,Oklahoma State University,2018,2025,https://openalex.org/I115475287,2018,2025,Oklahoma State University; Cherokee Nation; Oklahoma State University Center for Health Sciences,Twitter (United States); Oklahoma State University Oklahoma City; Cornell University; Alternative Opportunities; Research Center for Rural Economy; Western University; University of Oklahoma; Oklahoma State University Medical Center; Mercy Hospital,0000-0001-6810-6571,,
https://openalex.org/A5033305405,Farshid Mohammadparast,https://openalex.org/I115475287,Oklahoma State University,2018,2023,https://openalex.org/I115475287,2018,2023,Oklahoma State University,Oklahoma State University Oklahoma City; Amirkabir University of Technology; University of Oklahoma; Stillwater (Canada),0000-0001-7784-5536,,
https://openalex.org/A5051761062,Calvin G. Beames,https://openalex.org/I115475287,Oklahoma State University,1972,1983,https://openalex.org/I115475287,1972,1983,University College London,University of Oklahoma; Oklahoma State University; Rice University; Oklahoma State University Oklahoma City; The University of Queensland,0000-0003-0133-2835,,
https://openalex.org/A5043194737,J. M. Davidson,https://openalex.org/I115475287,Oklahoma State University,1968,1977,https://openalex.org/I115475287,1968,1977,University of Florida,"Rensselaer Polytechnic Institute; Kodak (France); Christ University; St. John's College of Nursing; University of Fort Lauderdale; University of Oklahoma; California Institute of Technology; American Chemistry Council; Portland State University; Atomic Energy (Canada); University of Arkansas at Little Rock; Löwenstein Medical (Germany); University of Maryland, College Park; The University of Texas at Austin; University of California, Riverside; University of Hawaii System; University of California, Davis; Sun Chemical (United States); National Research Council Canada; Environmental Protection Agency; Oklahoma State University; University of Nottingham; Materials Research Center; Institute of Soil Science; University of Alberta",0000-0003-4349-2140,,
https://openalex.org/A5065988679,Wendee Lentz,https://openalex.org/I115475287,Oklahoma State University,1998,1998,https://openalex.org/I115475287,1998,1998,University of Oklahoma,Oklahoma State University,,,
https://openalex.org/A5068616976,W. Kyle Simmons,https://openalex.org/I115475287,Oklahoma State University,2022,2023,https://openalex.org/I115475287,2022,2023,Imaging Center; Oklahoma State University Center for Health Sciences,Queen Elizabeth II Health Sciences Centre; Oklahoma State University; University of Illinois Urbana-Champaign; University of Tulsa; Banner Alzheimer’s Institute; Kerr Wood Leidal Associates (Canada); University of Illinois Chicago; National Institute of Mental Health; Emory University; University of the Commonwealth Caribbean; Alzheimer's Association; Duke University; Oklahoma State University Medical Center; Simmons University; University of Virginia; Alder Hey Children's NHS Foundation Trust; Janssen (United States); Walter Reed National Military Medical Center; University of Liverpool; Pan American Health Organization (Brasil); University of Chicago Medical Center; McGovern Institute for Brain Research; Laureate Institute for Brain Research; Naval Medical Research Command; Johnson & Johnson (United States); National Institutes of Health; Clinical Research Institute; University of Oklahoma; Alder Hey Children's Hospital,0000-0002-0399-9003,,
https://openalex.org/A5067702348,Pamela Fry,https://openalex.org/I115475287,Oklahoma State University,2002,2002,https://openalex.org/I115475287,2002,2002,Oklahoma State University Oklahoma City,University of Oklahoma,,,
https://openalex.org/A5064589138,Gregory D. Miller,https://openalex.org/I115475287,Oklahoma State University,2013,2013,https://openalex.org/I115475287,2013,2013,,"University of Tulsa; University of Massachusetts Amherst; University of Canterbury; Air University; Fred Hutch Cancer Center; Dairy Management; University of Oklahoma; Paulsson (United States); Medical University of South Carolina; Merck & Co., Inc., Rahway, NJ, USA (United States); Maxwell Air Force Base; Creative Commons; University of Illinois Chicago; Agriculture Victoria; Kraft Heinz (United States); Rosalind Franklin University of Medicine and Science; Pennsylvania State University; Oklahoma State University; National Defense University; American Society for Nutrition; The Ohio State University; Florida International University; Health and Human Development (2HD) Research Network",0000-0003-4403-5128,,
https://openalex.org/A5046951064,Awakash Mishra,https://openalex.org/I115475287,Oklahoma State University,2012,2012,https://openalex.org/I115475287,2012,2012,Maharishi University of Management and Technology,University of Oklahoma; Lawrence Livermore National Laboratory; IBM (United States); University Of Information Technology; Bell (Canada); Singhania University,0009-0002-5447-7499,,
https://openalex.org/A5032723940,Songlin Cheng,https://openalex.org/I115475287,Oklahoma State University,2012,2012,https://openalex.org/I115475287,2012,2012,Tianjin University; Chongqing University of Technology; Shanghai Dianji University,Institute of Porous Flow and Fluid Mechanics; Tongji University; Research Institute of Petroleum Exploration and Development; China National Petroleum Corporation (China); Wright State University; Chinese Academy of Sciences; Wuhan University of Technology; Chengdu Fine Optical Engineering Research Center; National Yang Ming Chiao Tung University; University of Arizona; University of Oklahoma,0000-0003-4278-589X,,
https://openalex.org/A5037285973,Tyler Johnson,https://openalex.org/I115475287,Oklahoma State University,2022,2022,https://openalex.org/I115475287,2022,2022,"University of Virginia; University of California, Irvine","University of Charleston; ORCID; Oklahoma State University; University of Oklahoma; Wentworth Institute of Technology; MARK Resources (United States); University of Arkansas at Fayetteville; Emory University; Minnesota State University, Mankato; University of Wyoming; University of North Carolina at Chapel Hill; Geriatric Research Education and Clinical Center; Western University; North Carolina State University; Boston Children's Hospital",0000-0002-3519-0364,,
https://openalex.org/A5055450170,Zahra Maria,https://openalex.org/I115475287,Oklahoma State University,2012,2025,https://openalex.org/I115475287,2012,2025,Oklahoma State University; University of Oklahoma Health Sciences Center,"University of California, San Francisco; University of Hong Kong; Alpine Immune Sciences (United States); Oklahoma Medical Research Foundation; Oklahoma State University Oklahoma City; University of Oklahoma",0000-0002-7279-3279,,
https://openalex.org/A5071161476,Nafise Barzigar,https://openalex.org/I115475287,Oklahoma State University,2012,2012,https://openalex.org/I115475287,2012,2012,University of Oklahoma,University of Tulsa; Laureate Institute for Brain Research,,,
https://openalex.org/A5018997536,Kenneth E. Miller,https://openalex.org/I115475287,Oklahoma State University,2010,2018,https://openalex.org/I115475287,2010,2018,Oklahoma State University Center for Health Sciences,Procter & Gamble (United States); Rady Children's Hospital-San Diego; University of Oklahoma; Mayo Clinic; Krankenhaus Nordwest; Freie Universität Berlin; München Klinik Bogenhausen; Philadelphia College of Osteopathic Medicine; University of Vermont; Norwich University; University of Wisconsin–Madison; University of Minnesota; University of Oklahoma Health Sciences Center; University of Miami; Neurological Surgery; Sharp Memorial Hospital; Oklahoma State University,0000-0002-1162-8624,,
https://openalex.org/A5105520992,Timothy J. Stein,https://openalex.org/I115475287,Oklahoma State University,2014,2014,https://openalex.org/I115475287,2014,2014,University of Wisconsin–Madison,University of Wisconsin Carbone Cancer Center; Digital Equipment (Germany); Oklahoma State University; University of Oklahoma; Digital Wave (United States),,,
https://openalex.org/A5063895747,Cynthia H. Ledford,https://openalex.org/I115475287,Oklahoma State University,2012,2012,https://openalex.org/I115475287,2012,2012,Oakland University,The Ohio State University Wexner Medical Center; The Ohio State University; University of Central Oklahoma; Oklahoma State University; University of Oklahoma; Texas Children's Hospital; Cimarron Software (United States); Baylor College of Medicine; Oklahoma City University; Nationwide Children's Hospital; Federal Reserve; Bridge University,0000-0002-5750-6163,,
https://openalex.org/A5043665697,Jorge M. Zuñiga,https://openalex.org/I115475287,Oklahoma State University,2015,2015,https://openalex.org/I115475287,2015,2015,University of Nebraska at Omaha,Creighton University; United States Pharmacopeial Convention; University of Kentucky; The University of Texas MD Anderson Cancer Center; Jupiter (United States); University of Central Florida; University of Kansas; George Mason University; Harvard University; University of Wisconsin–La Crosse; Western New Mexico University; CHI Health Creighton University Medical Center - Bergan Mercy; Oklahoma State University; Universidad Evangelica de El Salvador; University of Nebraska–Lincoln; The Ohio State University; Instituto Nacional de Enfermedades Respiratorias; Universidad Autónoma de Chile; United States Food and Drug Administration; Agriaquaculture Nutritional Genomic Center; Tecnológico de Monterrey; American College of Surgeons; Pontificia Universidad Católica de Chile; University of Oklahoma; University of the Pacific; University of Nebraska Medical Center; Biomechanics Institute of Valencia,0000-0001-8901-7631,,
https://openalex.org/A5078932297,Clayton L. Camic,https://openalex.org/I115475287,Oklahoma State University,2015,2015,https://openalex.org/I115475287,2015,2015,Northern Illinois University,"University of Nebraska–Lincoln; University of Wisconsin–La Crosse; University of the Pacific; University of Wisconsin–Platteville; University of New Mexico; University of Wisconsin–Madison; University of Oklahoma; Northeastern Illinois University; Oklahoma State University; American College of Surgeons; University of Nebraska Medical Center; University of Kansas; University of Kentucky; University of Alabama; Center for Health, Exercise and Sport Sciences",,,
https://openalex.org/A5109851553,Terry J. Housh,https://openalex.org/I115475287,Oklahoma State University,2015,2015,https://openalex.org/I115475287,2015,2015,University of Nebraska–Lincoln,"University of Nebraska Medical Center; The Ohio State University; George Mason University; University of Memphis; University of the Pacific; Des Moines University Osteopathic Medical Center; Claremont Graduate University; University of Southern Mississippi; American College of Surgeons; Creighton University; University of Kentucky; United States Sports Academy; Portland State University; University of Illinois Urbana-Champaign; Mike O'Callaghan Federal Medical Center; California State University, Fullerton; Lincoln College; FedEx (United States); University of Wisconsin–La Crosse; California State University, San Bernardino; University of Kansas; Des Moines University; Oklahoma State University; Urbana University; University of Wisconsin–Milwaukee; Columbia University; University of Oklahoma; University of Calgary; University of South Alabama",,,
https://openalex.org/A5071251043,Richard J. Schmidt,https://openalex.org/I115475287,Oklahoma State University,2015,2015,https://openalex.org/I115475287,2015,2015,University of Nebraska–Lincoln,"University of Wisconsin–La Crosse; Thomas Jefferson University; Michigan Technological University; Universität Ulm; Dean College; Wyoming Department of Education; University of Wyoming; Oklahoma State University; University of South Dakota; California State University, Fullerton; George Mason University; University of Kansas; University of Oklahoma; Saint Leo University; St. Thomas University; Foundation for Individual Rights in Education; Nemours Children's Health System; Alfred I. duPont Hospital for Children; DuPont (United States); University of Kentucky; Southeast Missouri State University; University of Nebraska Medical Center; American College of Surgeons; Thomas University; Thomas Jefferson University Hospital; Orthopädische Universitätsklinik; Chevron (Netherlands); California State University, San Bernardino; Dupont Hospital; Philadelphia University; University of the Pacific; Pennsylvania State University; Veterans Health Administration; Graduate Hospital; Providence College",0000-0001-9889-3764,,
https://openalex.org/A5113445587,Glen O. Johnson,https://openalex.org/I115475287,Oklahoma State University,2015,2015,https://openalex.org/I115475287,2015,2015,University of Nebraska–Lincoln,"University of Wisconsin–La Crosse; California State Polytechnic University; University of Kentucky; Columbia University; American College of Surgeons; Pennsylvania State University; Des Moines University; University of Nebraska Medical Center; University of Kansas; University of the Pacific; University of Oklahoma; Des Moines University Osteopathic Medical Center; United States Sports Academy; California State University, Fullerton; Lincoln College; University of Southern Mississippi; Oklahoma State University; Creighton University",,,
https://openalex.org/A5046931193,B.A. Doull,https://openalex.org/I115475287,Oklahoma State University,2013,2016,https://openalex.org/I115475287,2013,2016,Oklahoma State University; University of Oklahoma,,,,
https://openalex.org/A5046964989,Marquette Bugg,https://openalex.org/I115475287,Oklahoma State University,2016,2016,https://openalex.org/I115475287,2016,2016,Centro Internacional de Mejoramiento de Maíz Y Trigo; Oklahoma State University; University of Oklahoma,,,,
https://openalex.org/A5110216930,Charles Baukal,https://openalex.org/I115475287,Oklahoma State University,2016,2016,https://openalex.org/I115475287,2016,2016,Oklahoma Baptist University,Oral Roberts University; Air Products (United States); Oklahoma State University Oklahoma City; Lee College; Oklahoma State University; University of Utah; Texas A&M University; University of Pennsylvania; American Society For Engineering Education; John Brown University; University of Kansas; University of Oklahoma; Bridge University; Sigma Xi; University of Tulsa; KTH Royal Institute of Technology; Laureate Institute for Brain Research; Monash University; St. John Medical Center,,,
https://openalex.org/A5029151114,Ginger L. Welch,https://openalex.org/I115475287,Oklahoma State University,2013,2024,https://openalex.org/I115475287,2013,2024,Oklahoma State University,University of Oklahoma,,,
https://openalex.org/A5024683744,Theodore B. Trafali̇s,https://openalex.org/I115475287,Oklahoma State University,2016,2016,https://openalex.org/I115475287,2016,2016,University of Oklahoma,"Technical University of Crete; Université Paris-Saclay; University of Tennessee at Knoxville; San Jose State University; Sciences Po Grenoble; California State University, Stanislaus; Marymount University; Obuda University; Schreiner Group (Germany); Institut de Mathématiques de Toulouse; University of Siegen; Sorbonne Université; University of Mauritius; Oklahoma State University; University of Alabama at Birmingham",0000-0001-6740-6337,,
https://openalex.org/A5068678497,Chris Richards,https://openalex.org/I115475287,Oklahoma State University,2007,2025,https://openalex.org/I115475287,2007,2025,Oklahoma State University,The Open University; University of Arkansas for Medical Sciences; National Cancer Institute; Imperial College Healthcare NHS Trust; London Metropolitan University; University of Plymouth; Iowa City VA Health Care System; University of Oklahoma; Stillwater (Canada); South Dakota State University; Universidad de Londres; University of Kentucky; Ohio Department of Agriculture; National Institutes of Health; Oregon Health & Science University; Oklahoma State University Oklahoma City; University of London; University of Nebraska–Lincoln; University of Tennessee at Knoxville,0000-0002-9615-1289,,
https://openalex.org/A5027372185,Véronique A. Lacombe,https://openalex.org/I115475287,Oklahoma State University,2012,2025,https://openalex.org/I115475287,2012,2025,University of Oklahoma Health Sciences Center; Oklahoma State University,Louisiana State University; Center for Veterinary Medicine; Lung Institute; Philadelphia University; Oklahoma State University Oklahoma City; Wilmington University; University of Oklahoma; The Ohio State University,0000-0002-7698-6385,,
https://openalex.org/A5087897065,Krista Kezbers,https://openalex.org/I115475287,Oklahoma State University,2017,2017,https://openalex.org/I115475287,2017,2017,University of Oklahoma Health Sciences Center; Oklahoma State University Oklahoma City,Oklahoma State University; University of Oklahoma; OU Health Stephenson Cancer Center,0000-0002-8387-2781,,
https://openalex.org/A5022335551,Lichao Zhao,https://openalex.org/I115475287,Oklahoma State University,2010,2019,https://openalex.org/I115475287,2010,2019,,Peking University; OU Health Stephenson Cancer Center; Oklahoma State University Oklahoma City; General Hospital of Jinan Military Command; Central Texas Veterans Health Care System; Oklahoma State University; University of Iowa; Wuhan University; Zhongshan Hospital; Oklahoma City University; Guangxi University; University of Oklahoma Health Sciences Center; Fudan University; Peking University People's Hospital; The University of Texas MD Anderson Cancer Center; OU Health; University of Oklahoma; Renmin Hospital of Wuhan University,0000-0002-3483-9926,,
https://openalex.org/A5022483362,Thushari Jayasekera,https://openalex.org/I115475287,Oklahoma State University,2007,2009,https://openalex.org/I115475287,2007,2009,Southern Illinois University Carbondale,Jack Miller Center; North Carolina State University; HaitiChildren; University of Oklahoma; Oak Ridge National Laboratory; Oklahoma State University,0000-0002-9556-8883,,
https://openalex.org/A5056854667,Paul R. Weckler,https://openalex.org/I115475287,Oklahoma State University,2006,2023,https://openalex.org/I115475287,2006,2023,,Oklahoma State University; University of Oklahoma; Virginia Tech; South China Agricultural University; Oklahoma State University Oklahoma City; American Society of Agricultural and Biological Engineers; Centro Internacional de Mejoramiento de Maíz Y Trigo,0000-0002-0676-2925,,
https://openalex.org/A5007560194,J. Haley,https://openalex.org/I115475287,Oklahoma State University,2015,2015,https://openalex.org/I115475287,2015,2015,Oklahoma State University; Oklahoma State University Oklahoma City,"University of Würzburg; University of Wisconsin–Madison; Universitatea Națională de Știință și Tehnologie Politehnica București; Northeastern University; Institut National de Physique Nucléaire et de Physique des Particules; University of Science and Technology of China; Universidad San Francisco de Quito; Louisiana Tech University; Austrian Academy of Sciences; Brown University; Princeton University; University of Oklahoma; University of Washington; University of Toronto; Campbell Collaboration; Centre National de la Recherche Scientifique; Université de Haute-Alsace; The University of Adelaide; Centro Brasileiro de Pesquisas Físicas; Kobe University; Charles University; Fermi National Accelerator Laboratory; University of Göttingen; Institute of Physics; Institute of Particle Physics; The University of Melbourne; Université Joseph Fourier; Universidad de Buenos Aires; Boston University; European Organization for Nuclear Research; Northern Illinois University; Universidade Estadual Paulista (Unesp); Universidad de Granada; Jagiellonian University; Universidade Federal do ABC; LIP - Laboratory of Instrumentation and Experimental Particle Physics; Northwestern University; Institute of High Energy Physics; Czech Academy of Sciences, Institute of Physics; Czech Academy of Sciences; University of Belgrade",0000-0002-6938-7405,,
https://openalex.org/A5042737327,Kristen N. Savage,https://openalex.org/I115475287,Oklahoma State University,2010,2010,https://openalex.org/I115475287,2010,2010,Oklahoma State University; University of Oklahoma,,,,
https://openalex.org/A5013616302,Alayna P. Tackett,https://openalex.org/I115475287,Oklahoma State University,2013,2017,https://openalex.org/I115475287,2013,2017,The Ohio State University Wexner Medical Center; The Ohio State University,"Oklahoma State University; The Ohio State University Comprehensive Cancer Center – Arthur G. James Cancer Hospital and Richard J. Solove Research Institute; Cincinnati Children's Hospital Medical Center; USC Norris Comprehensive Cancer Center; Hasbro (United States); University of Southern California; Oklahoma State University Oklahoma City; Hasbro Children's Hospital; University of Oklahoma Health Sciences Center; Rhode Island Hospital; Brown University; University of Cincinnati; OU Health Stephenson Cancer Center; University of Oklahoma; Institute for Research, Education and Training in Addictions; Oklahoma Foundation for Digestive Research",0000-0003-3818-141X,,
https://openalex.org/A5087562058,Jonathan O’Brien,https://openalex.org/I115475287,Oklahoma State University,2018,2018,https://openalex.org/I115475287,2018,2018,,Wuhan University; Zhongnan Hospital of Wuhan University; Massachusetts Institute of Technology; Purdue University West Lafayette; University of Nebraska–Lincoln; Michigan State University; Rensselaer Polytechnic Institute; UNSW Sydney; Lincoln College; University of New Brunswick; University of Notre Dame; Oklahoma State University; National University of Singapore; University of Johannesburg; University of Tennessee at Knoxville; University of Alabama; The University of Sydney; University of Auckland; McMaster University; University of Oklahoma; University of Nebraska System; University College Dublin,0000-0002-8084-1074,,
https://openalex.org/A5036816642,John V. Winters,https://openalex.org/I115475287,Oklahoma State University,2013,2018,https://openalex.org/I115475287,2013,2018,IZA - Institute of Labor Economics; Center for Agricultural Research; Iowa State University,Oklahoma State University; University of San Diego; International Zinc Association; University of Oklahoma; New England Cancer Specialists; Oklahoma State University Oklahoma City; International Labour Organization; United States Department of Labor; W.E. Upjohn Institute for Employment Research; West Virginia University; Basic Commerce and Industries (United States); University of Cincinnati; Entrepreneurial Ecosystems; Auburn University at Montgomery,0000-0002-0542-1416,,
https://openalex.org/A5013471818,D. L. Step,https://openalex.org/I115475287,Oklahoma State University,2000,2020,https://openalex.org/I115475287,2000,2020,Boehringer Ingelheim (United States),Alberta Health Services; Oklahoma State University Oklahoma City; Goodyear (United States); National Animal Disease Center; Pfizer (United States); South Dakota State University; Oklahoma State University; New York State College of Veterinary Medicine; Veterinary Medical Teaching Hospital; Agricultural Research Service; University of Glasgow; The Ohio State University; Cornell University; University of Wisconsin–Madison; University of Saint Mary of the Lake; University of Oklahoma,,,
https://openalex.org/A5108229968,Jon Allen,https://openalex.org/I115475287,Oklahoma State University,2001,2001,https://openalex.org/I115475287,2001,2001,,University of Oklahoma; Environmental Protection Agency; Oklahoma State University,,,
https://openalex.org/A5055967310,X. C. Xie,https://openalex.org/I115475287,Oklahoma State University,1992,2012,https://openalex.org/I115475287,1992,2012,First Affiliated Hospital of Shantou University Medical College; Shantou University; Hefei University; Chinese Academy of Sciences; Shanghai Advanced Research Institute; Quantum Devices (United States); Guangzhou University; Hangzhou Xixi hospital; Fudan University; Center for Theoretical Physics; Peking University; State Key Laboratory of Surface Physics; Chongqing University of Science and Technology,"Instituto de Ciencias Agrarias; University of Chinese Academy of Sciences; University of Washington; Oklahoma State University; University of Oklahoma; AT&T (United States); Hohai University; University of Surrey; Hebei Normal University; Beijing Academy of Quantum Information Sciences; Sichuan University; University of Hong Kong; Oklahoma State University Oklahoma City; Hong Kong University of Science and Technology; Research Institute for Sustainability at GFZ; National Laboratory for Superconductivity; Institute of Physics; Guangzhou Academy of Special Equipment Inspection and Testing; University of Maryland, College Park; Collaborative Innovation Center of Quantum Matter; Guangdong University of Technology",0000-0002-6206-0637,,
https://openalex.org/A5090654963,Rikinkumar S. Patel,https://openalex.org/I115475287,Oklahoma State University,2020,2022,https://openalex.org/I115475287,2020,2022,Institut des Sciences Moléculaires; University of Birmingham; Wake Forest University; Hôpital Sainte-Marguerite; Aix-Marseille Université; Centre National de la Recherche Scientifique,"University of Missouri Health System; Khyber Medical College; Dhaka Medical College and Hospital; Children's Hospital of Philadelphia; Dr. NTR University of Health Sciences; Washington DC VA Medical Center; Western Kentucky University; Rogers Behavioral Health; Windsor Dermatology; Sri Devaraj Urs Medical College; University of Amsterdam; University at Albany, State University of New York; Rosalind Franklin University of Medicine and Science; Ladoke Akintola University of Technology; Texas Tech University; Nova Southeastern University; Mamata Medical College; Saint Joseph Hospital; California Institute of Behavioral Neurosciences and Psychology (United States); University of South Florida; Yale University; SUNY Upstate Medical University; Jawaharlal Nehru Medical College; University of Illinois Chicago; AtlantiCare; Infectious Disease Consultants; University of Arkansas for Medical Sciences; University of Oklahoma; Poznan University of Medical Sciences; Indiana University – Purdue University Indianapolis; University of Toronto; Atrium Medical Cente; Jinnah Sindh Medical University; Sunrise Hospital & Medical Center; Rawalpindi Medical University; Nassau University Medical Center; Zucker Hillside Hospital; Essentia Health; The University of Texas Health Science Center at Houston; Cohen Children's Medical Center; The University of Texas of the Permian Basin; Albert Einstein College of Medicine; Dow University of Health Sciences; American University; American University of Antigua; The Wright Center for Graduate Medical Education; Rajarshee Chhatrapati Shahu Maharaj Government Medical College and CPR Hospital Kolhapur; Maastricht University; UConn Health; Veterans Health Administration; B.J. Medical College; Griffin Hospital; Oklahoma State University Medical Center; Brookdale University Hospital and Medical Center; Texas Tech University Health Sciences Center; American University of the Caribbean School of Medicine; Lady Hardinge Medical College; Drake University; Albany State University; Tirunelveli Medical College; Duke Medical Center; Duke University Hospital; Koç University; Hanyang University; Adesh University; University of Oklahoma Health Sciences Center; S Nijalingappa Medical College and HSK Hospital & Research Centre; Beth Israel Deaconess Medical Center; American University of Integrative Sciences; Arcadia University; University College London; Krishna Institute of Medical Sciences Deemed University; Allegheny Health Network; Harvard University; Northwell Health; Beacon Health System; Lancaster General Hospital; Boston University; Shadan Hospital and Institute of Medical Sciences; West Virginia University; University of Health Science; Amsterdam UMC Location University of Amsterdam; Rajiv Gandhi University of Health Sciences; Ain Shams University Hospital; Medical University of the Americas; Oklahoma State University; Larkin Community Hospital; Terna Dental College and Hospital; Memorial Hospital; National Pirogov Memorial Medical University, Vinnytsya; University of Missouri; Institute of Medical Sciences; Duke University; University of Virginia; Indiana University School of Medicine; Providence Hospital; National University; Manipal College of Medical Sciences; University of Science and Technology of Benin; Windsor University School of Medicine; Aarupadai Veedu Medical College & Hospital; Sree Balaji Dental College and Hospital; Institute of Orthopedic Research and Education; University of Kentucky; Ross University School of Medicine; Oklahoma Department of Mental Health and Substance Abuse Services",0000-0002-2895-9155,,
https://openalex.org/A5041667158,Jacqueline M. Paritte,https://openalex.org/I115475287,Oklahoma State University,2015,2016,https://openalex.org/I115475287,2015,2016,Oklahoma State University,Oklahoma Biological Survey; University of Oklahoma,,,
https://openalex.org/A5016863894,Isaac J. Washburn,https://openalex.org/I115475287,Oklahoma State University,2014,2024,https://openalex.org/I115475287,2014,2024,University of Oklahoma Health Sciences Center,"Washburn University; California State University, Monterey Bay; Oklahoma State University; California State University, Sacramento; Oregon State University; California Department of Parks and Recreation; Oklahoma State University System; Oregon Social Learning Center; Oklahoma State University Oklahoma City; University of Oklahoma",0000-0002-6188-5194,,
https://openalex.org/A5085488188,Yongfen Chen,https://openalex.org/I115475287,Oklahoma State University,2008,2013,https://openalex.org/I115475287,2008,2013,,Thermo Fisher Scientific (United States); Shanghai First Maternity and Infant Hospital; Shanghai Children's Medical Center; Qiannan Normal College For Nationalities; University of Arkansas at Fayetteville; Oklahoma State University; University of Oklahoma; Eugene Research Institute; Center for Integrated Nanotechnologies; University of New Orleans; Los Alamos National Laboratory; Sichuan University,,,
https://openalex.org/A5073521285,G. M. Renfro,https://openalex.org/I115475287,Oklahoma State University,1980,1980,https://openalex.org/I115475287,1980,1980,Oklahoma State University; University of Oklahoma,,,,
https://openalex.org/A5031351270,Michael E. Douglas,https://openalex.org/I115475287,Oklahoma State University,1982,1985,https://openalex.org/I115475287,1982,1985,Russells Hall Hospital; University Hospitals Birmingham NHS Foundation Trust; University of Birmingham; Aston University; Dudley Group NHS Foundation Trust; The University of Western Australia,"Illinois Archaeological Survey; Vanderbilt University; Oklahoma State University; University of Arkansas at Fayetteville; University of California, Merced; Pennsylvania State University; Arizona State Museum; University of Manchester; Illinois Department of Natural Resources; Universidade Tiradentes; Oklahoma Biological Survey; Google (United States); Colorado State University; University of Illinois Urbana-Champaign; Hearing, Speech & Deaf Center; University of Illinois System; University of Georgia; Arizona State University; Institute of Biology of Inland Waters named Ivan Dmitrievich Papanin; Centre for Inflammation Research; University of Houston; University of Oklahoma",0000-0001-9670-7825,,
https://openalex.org/A5113858841,J. R. J. Groves,https://openalex.org/I115475287,Oklahoma State University,1984,1986,https://openalex.org/I115475287,1984,1986,The University of Melbourne,University of Manitoba; University of Northern Iowa; Oklahoma State University; BP (United States); University of Iowa; Australian National University; University of Oklahoma; University of Perugia,,,
https://openalex.org/A5008744466,M.B. Kirkham,https://openalex.org/I115475287,Oklahoma State University,1977,1982,https://openalex.org/I115475287,1977,1982,Kansas State University,British Geological Survey; University of Massachusetts Amherst; University of Oklahoma; Environmental Protection Agency; Mississippi State University; Plant & Food Research; Oklahoma State University Oklahoma City; University of Wisconsin–Madison; Michigan State University; University of Delaware; University of Southern Mississippi; Arkansas Agricultural Experiment Station; Oklahoma State University; Baylor University; Association of Public and Land-grant Universities; Marymount University; University of Georgia; Climate Outreach,0000-0001-9518-3548,,
https://openalex.org/A5028000024,Kenneth E. Bartels,https://openalex.org/I115475287,Oklahoma State University,1983,2024,https://openalex.org/I115475287,1983,2024,Oklahoma State University,Dean McGee Eye Institute; Colorado School of Mines; Virginia Tech; University of Central Oklahoma; Oklahoma State University Oklahoma City; Virginia–Maryland College of Veterinary Medicine; STR Europe (France); Veterinary Medical Teaching Hospital; Arsenal Medical (United States); University of Oklahoma; Colorado State University; United States Army,,,
https://openalex.org/A5044778784,Judith A. Powell,https://openalex.org/I115475287,Oklahoma State University,1981,1984,https://openalex.org/I115475287,1981,1984,University of Washington; Seattle University,University of Wyoming; University of Oklahoma; Chinook Regional Hospital; Oklahoma State University,,,
https://openalex.org/A5012871421,Frances Everett,https://openalex.org/I115475287,Oklahoma State University,1982,1982,https://openalex.org/I115475287,1982,1982,,Oklahoma State University; University of Oklahoma; Oklahoma State Department of Health,,,
https://openalex.org/A5004003124,Yolanda D. McCune,https://openalex.org/I115475287,Oklahoma State University,1984,1984,https://openalex.org/I115475287,1984,1984,,Oklahoma State University; University of Oklahoma,,,
https://openalex.org/A5012632607,Miriam M. Richardson,https://openalex.org/I115475287,Oklahoma State University,1984,1984,https://openalex.org/I115475287,1984,1984,,University of Oklahoma; Baylor College of Medicine; Texas Children's Hospital; Oklahoma State University,,,
https://openalex.org/A5088475075,James N. Jarvis,https://openalex.org/I115475287,Oklahoma State University,2007,2007,https://openalex.org/I115475287,2007,2007,"University at Buffalo, State University of New York; University of Washington; Fred Hutch Cancer Center; Seattle University; AngioDynamics (United States)","Boston Children's Hospital; Children's Hospital of Oklahoma; University of Edinburgh; University of Chicago; Jacobs (United States); Children's Hospital of Michigan; Oklahoma State University; Institut thématique Génétique, génomique et bioinformatique; Jacobs Institute; Christiana Care Health System; University of Cape Town; OU Health; Oklahoma City University; Pediatrics and Genetics; Columbia University; University of Oklahoma Health Sciences Center; Wayne State University; University of Oklahoma; Institute of Genetics and Cancer; Jacobs (United Kingdom); Children's Hospital of Philadelphia; Birmingham Women’s and Children’s NHS Foundation Trust; Center for Rheumatology; Hutzel Women's Hospital; Medical University of South Carolina; Columbia University Irving Medical Center",0000-0002-1878-0717,,
https://openalex.org/A5042476507,Tom Steele,https://openalex.org/I115475287,Oklahoma State University,2020,2020,https://openalex.org/I115475287,2020,2020,,University of Liverpool; University of Cambridge; University of Nottingham; University of Algarve; University of Toronto; Puigvert Foundation; University of Illinois Urbana-Champaign; University of St. Thomas - Minnesota; University of Victoria; Oklahoma State University; University of Oklahoma; University of Malta; University of KwaZulu-Natal; Wake Forest University; Oklahoma Department of Libraries; Liverpool Heart and Chest Hospital; Marie Curie; Marie Curie Hospice; Universitat de Barcelona; Royal Liverpool University Hospital; American University in Cairo,0000-0003-0882-7451,,
https://openalex.org/A5076769617,Doris M. Benbrook,https://openalex.org/I115475287,Oklahoma State University,1997,2009,https://openalex.org/I115475287,1997,2009,OU Health; University of Oklahoma Health Sciences Center; University of Oklahoma; Oklahoma City University,Loyola University Chicago; Oklahoma State University; National Cancer Institute; Beijing Obstetrics and Gynecology Hospital; Center for Cancer Research; Southern Research Institute; OU Health Stephenson Cancer Center; Noble Research Institute; Sanford Burnham Prebys Medical Discovery Institute; Truman State University; Kansas State University; Oklahoma Medical Research Foundation; Wuhan University; Zhongnan Hospital of Wuhan University; University of Chicago; University of Illinois Chicago; Cancer Research Foundation; Cancer Research Center; National Foundation for Cancer Research; Ligand Pharmaceuticals (United States); Colorado State University; Iowa State University; The Honourable Society of Lincoln's Inn; Oklahoma State University Oklahoma City; University of Palermo; University of Bologna,0000-0001-7606-8245,,
https://openalex.org/A5103475576,James M. Price,https://openalex.org/I115475287,Oklahoma State University,1979,1999,https://openalex.org/I115475287,1979,1999,The Christie NHS Foundation Trust,Engineering and Physical Sciences Research Council; Universidade Federal da Paraíba; University of Hawaii System; Oklahoma State University; Oklahoma State University Oklahoma City; United States Department of the Interior; James Madison University; Christian-Albrechts-Universität zu Kiel; Information Management Services; University of Manchester; Cancer Research UK; University of Oklahoma; Institute of Cancer Research,,,
https://openalex.org/A5079287931,Suresh Guruswamy,https://openalex.org/I115475287,Oklahoma State University,2004,2004,https://openalex.org/I115475287,2004,2004,,University of Oklahoma; University of Oklahoma Health Sciences Center; Center for Cancer Research; National Cancer Institute; Kaiser Permanente; Oklahoma City University; Oklahoma State University,,,
https://openalex.org/A5026544861,C. Robinson,https://openalex.org/I115475287,Oklahoma State University,2020,2020,https://openalex.org/I115475287,2020,2020,"Queen Mary University of London; St George's, University of London; City St George's, University of London",Oklahoma State University; Hertfordshire Community NHS Trust; St Mary's Hospital; King's College Hospital; Hammersmith Hospital; Ludwig Cancer Research; ALK-Abelló (Denmark); Microbiology Institute of Shaanxi; Queen Alexandra Hospital; St George's Hospital; TechnipFMC (Germany); Bridgeport Hospital; St. Mary's Hospital; Royal College of Surgeons of England; Salisbury District Hospital; The University of Western Australia; The Honourable Society of Lincoln's Inn; London Postgraduate Medical and Dental Education; University of Oklahoma Health Sciences Center; University Hospital of North Tees; Institute of Microbiology; North Tees and Hartlepool NHS Foundation Trust; Stroke Association; Harry Perkins Institute of Medical Research; West Texas A&M University; National Heart Lung and Blood Institute; International Atomic Energy Agency; Chinese Academy of Sciences; Johns Hopkins University; University of Southampton; Oklahoma City University; University of Oklahoma; Sir Charles Gairdner Hospital; Southampton Hospital; Medical Research Council; Fiona Stanley Hospital; St. Vincent's Medical Center; RELX Group (Netherlands); Norfolk and Norwich University Hospital; Domainex (United Kingdom); The King's College; Council for Jewish Elderly; National Institutes of Health; Pathwest Laboratory Medicine; Southampton General Hospital; Queen Elizabeth II Medical Centre,0000-0001-6253-7864,,
https://openalex.org/A5011632171,Jessica Tsotsoros,https://openalex.org/I115475287,Oklahoma State University,2021,2021,https://openalex.org/I115475287,2021,2021,,University of Central Oklahoma; University of Illinois Urbana-Champaign; University of Oklahoma; University of Oklahoma Health Sciences Center; University of Tulsa; Northeastern State University; Oklahoma State University,0000-0002-8842-4005,,
https://openalex.org/A5000546979,Michelle A. Robertson,https://openalex.org/I115475287,Oklahoma State University,2021,2021,https://openalex.org/I115475287,2021,2021,University of Oklahoma; University of Illinois Urbana-Champaign; Oklahoma State University; University of Central Oklahoma,,,,
https://openalex.org/A5016908680,M Lapolla,https://openalex.org/I115475287,Oklahoma State University,2004,2004,https://openalex.org/I115475287,2004,2004,University of Guelph,Oklahoma Medical Research Foundation; Oklahoma State University; University of Tulsa; Oklahoma State University at Tulsa; University of Oklahoma,0000-0001-9838-5903,,
https://openalex.org/A5054590096,Guy W. Sewell,https://openalex.org/I115475287,Oklahoma State University,2001,2001,https://openalex.org/I115475287,2001,2001,,"Oklahoma State University; National Academies of Sciences, Engineering, and Medicine; East Central University; University of Oklahoma; Environmental Protection Agency",,,
https://openalex.org/A5020934923,Elizabeth Droke,https://openalex.org/I115475287,Oklahoma State University,2003,2004,https://openalex.org/I115475287,2003,2004,South Dakota State University,Grand Forks Human Nutrition Research Center; The Ohio State University; University of Nebraska–Lincoln; United States Department of Agriculture; Oklahoma State University; University of Oklahoma; North Carolina State University; Agricultural Research Service; Beltsville Agricultural Research Center,,,
https://openalex.org/A5073172770,Edward J. Primka,https://openalex.org/I115475287,Oklahoma State University,2022,2024,https://openalex.org/I115475287,2022,2024,Oklahoma State University,Pennsylvania State University; Cleveland Research (United States); Cleveland Clinic; University of Oklahoma,,,
https://openalex.org/A5064644394,E. J. Eisenbraun,https://openalex.org/I115475287,Oklahoma State University,1966,2003,https://openalex.org/I115475287,1966,2003,Oklahoma State University; Stanford University,"Oklahoma State University Oklahoma City; Wayne State University; Eli Lilly (United States); University at Buffalo, State University of New York; University of Oklahoma",,,
https://openalex.org/A5020299642,Madeleine Morrissette,https://openalex.org/I115475287,Oklahoma State University,1966,1970,https://openalex.org/I115475287,1966,1970,Northeastern University; Universidad del Noreste,Louisiana State University; The University of Texas Health Science Center at Houston; University Medical Center of El Paso; Tufts Medical Center; University of Illinois Chicago; University of Oklahoma; Arkansas Agricultural Experiment Station; Oklahoma State University; Washington College,,,
https://openalex.org/A5111700371,Kurt M. Dubowski,https://openalex.org/I115475287,Oklahoma State University,1973,1973,https://openalex.org/I115475287,1973,1973,University of Oklahoma Health Sciences Center; OU Health,University of Oklahoma Medical Center; University of Florida; Centers for Disease Control and Prevention; Oklahoma State University; Oklahoma City University; Norwalk Hospital; University of Oklahoma; Civil Aerospace Medical Institute; Bess Kaiser Hospital; Federal Aviation Administration; University of Tennessee Health Science Center,,,
https://openalex.org/A5068460756,Soumyabrata Munshi,https://openalex.org/I115475287,Oklahoma State University,2024,2024,https://openalex.org/I115475287,2024,2024,,James Cook University Hospital; Institute of Post Graduate Medical Education and Research; Westmead Hospital; Oklahoma State University; Technische Universität Dresden; University of Edinburgh; Danderyds sjukhus; The George Institute for Global Health; University of Oklahoma; Salford Royal NHS Foundation Trust; Bose Institute; The University of Western Australia; Cliniques Universitaires Saint-Luc; Rosalind Franklin University of Medicine and Science; The University of Sydney; Ospedale Sacro Cuore Don Calabria; Tulane University; Laureate Institute for Brain Research; University of Tulsa,0000-0001-9918-5954,,
https://openalex.org/A5032547860,Ahlam M. Alarbi,https://openalex.org/I115475287,Oklahoma State University,2024,2024,https://openalex.org/I115475287,2024,2024,University of Oklahoma,University of Tulsa; Oklahoma State University; University of Oklahoma Health Sciences Center; Laureate Institute for Brain Research,,,
https://openalex.org/A5052736901,Haixia Zheng,https://openalex.org/I115475287,Oklahoma State University,2024,2024,https://openalex.org/I115475287,2024,2024,Anhui Medical University; Mercy Research; University of Tulsa; University of Oklahoma; Laureate Institute for Brain Research; Guangzhou University of Chinese Medicine; Oklahoma State University Center for Health Sciences; eBay (Ireland); First Affiliated Hospital of Anhui Medical University,University of British Columbia; Chinese Academy of Sciences; Yangzhou University; Oklahoma State University; Tulsa Community College; University of Shimane; Shanxi Agricultural University; Johns Hopkins Medicine; Johns Hopkins University; Stanley Medical Research Institute; Shenzhen Third People’s Hospital; Southern University of Science and Technology; Guangzhou University; Institute of Biophysics; Shimane University; Neuroscience Research Australia,0000-0002-5262-6676,,
https://openalex.org/A5074793736,Kaiping Burrows,https://openalex.org/I115475287,Oklahoma State University,2024,2024,https://openalex.org/I115475287,2024,2024,Laureate Institute for Brain Research; University of Oklahoma; Mercy Research; University of Tulsa; Oklahoma State University Center for Health Sciences,University of Oklahoma Health Sciences Center; Johnson & Johnson (United States); KU Leuven; University of Colorado Boulder; Oklahoma State University,0000-0003-2324-9012,,
https://openalex.org/A5030842994,Leandra K. Figueroa‐Hall,https://openalex.org/I115475287,Oklahoma State University,2024,2024,https://openalex.org/I115475287,2024,2024,University of Oklahoma; Oklahoma State University Center for Health Sciences; Laureate Institute for Brain Research; Mercy Research; University of Tulsa,Yale University; Oklahoma State University; Tulsa Community College,0000-0003-1898-9868,,
https://openalex.org/A5004441517,Teresa A. Victor,https://openalex.org/I115475287,Oklahoma State University,2024,2024,https://openalex.org/I115475287,2024,2024,Laureate Institute for Brain Research,University of Tulsa; National Institute of Mental Health; McGovern Institute for Brain Research; KU Leuven; Karolinska Institutet; University of Oklahoma; University of Pittsburgh; National Institutes of Health; Janssen (United States); Johnson & Johnson (United States); Oklahoma State University,0000-0002-0112-2902,,
https://openalex.org/A5037374741,Robin L. Aupperle,https://openalex.org/I115475287,Oklahoma State University,2024,2024,https://openalex.org/I115475287,2024,2024,Laureate Institute for Brain Research; University of Tulsa; Tulsa Community College,"Mental Illness Research, Education and Clinical Centers; University of South Florida; University of California, Los Angeles; Oklahoma State University; Neurobehavioral Systems; University of Michigan; University of California, San Diego; University of Oklahoma Health Sciences Center; University of Minnesota; Twin Cities Orthopedics; McGovern Institute for Brain Research; University of Kansas; VA San Diego Healthcare System; University of Oklahoma; University of Missouri–Kansas City; KU Leuven",0000-0003-2173-6140,,
https://openalex.org/A5081736253,Martin P. Paulus,https://openalex.org/I115475287,Oklahoma State University,2024,2024,https://openalex.org/I115475287,2024,2024,"McGovern Institute for Brain Research; Universität Trier; Laureate Institute for Brain Research; University of California, San Diego; University of Tulsa; Mercy Research; Oklahoma State University Center for Health Sciences; University of Oklahoma; Tulsa Community College","Saarland University; Massachusetts General Hospital; Consorci Institut D'Investigacions Biomediques August Pi I Sunyer; Neurobehavioral Systems; Mental Illness Research, Education and Clinical Centers; Victoria University of Wellington; National University of Singapore; University of California, San Francisco; VA San Diego Healthcare System; Veterans Medical Research Foundation of San Diego; University of California, Los Angeles; Oxley (United Kingdom); University of Colorado Health; Technical University of Munich; Twin Cities Orthopedics; Weatherford College; University of Washington; University of Manitoba; The University of Texas Southwestern Medical Center; VA Connecticut Healthcare System; Centre for Mental Health; San Diego State University; Museo Galileo; University School of Nashville; Icahn School of Medicine at Mount Sinai; Wabash College; Ludwig-Maximilians-Universität München; IFC Research (United Kingdom); University of Chicago; Naval Health Research Center; Spine Institute of Louisiana; Stanford University; Imperial College London; Orygen; Johns Hopkins Medicine; Yale University; La Jolla Alcohol Research; University of Minnesota; Center for Theoretical Biological Physics; Singapore Institute for Clinical Sciences; Wheaton College - Illinois; University of Cape Town; Georgetown University; Radboud University Nijmegen; McGill University; Neuroscience Research Australia; CNRT Matériaux; UC San Diego Health System; Tufts University; Universidad Católica Santo Domingo; Stanley Medical Research Institute; Faculty of Media; Oregon Health & Science University; Centro de Investigación Biomédica en Red de Salud Mental; National Institute of Mental Health; Vanderbilt University; University of Calgary; McLean Hospital; Palo Alto University; Third Way; University of Rochester Medical Center; University of California System; Université Bourgogne Franche-Comté; Columbia University; Johns Hopkins University; University of Florida; Naval Information Warfare Systems Command; Palo Alto Institute; Veterans Health Administration; Massachusetts Institute of Technology; University of Michigan; Science Applications International Corporation (United States); VA Desert Pacific Healthcare Network; Online Technologies (United States); University of British Columbia; Montreal Neurological Institute and Hospital; Dalhousie University; Queen's Medical Centre; The University of Texas Health Science Center at Houston; Universitat de Barcelona; University of North Carolina at Chapel Hill; University of Pittsburgh; The University of Melbourne; Circuit Therapeutics (United States); University of Colorado Denver; University of Missouri–Kansas City; The University of Texas at Austin; Cognitive Neuroimaging Lab; University of Nottingham; Marymount University; International Rescue Committee; Lieber Institute for Brain Development; University of Oregon; Minnesota Project; San Francisco VA Medical Center; Oklahoma State University; Boston University; University of Virginia; Media Working Group; Agency for Science, Technology and Research; Harvard University; Southwestern Medical Center; University of Vermont; University of Turku; University at Buffalo, State University of New York; Turku University Hospital",0000-0002-0825-3606,,
https://openalex.org/A5033435451,Jonathan Savitz,https://openalex.org/I115475287,Oklahoma State University,2024,2024,https://openalex.org/I115475287,2024,2024,Laureate Institute for Brain Research; Oklahoma State University Center for Health Sciences; University of Oklahoma; University of Tulsa; Mercy Research,KU Leuven; Tulsa Community College; United States Department of Health and Human Services; Oxley (United Kingdom); Oklahoma State University; Stanley Medical Research Institute; University of the Witwatersrand; Office of Extramural Research; Marquette University; National Institute of Mental Health; University of British Columbia; University Hospital Bonn; National Institutes of Health; McGovern Institute for Brain Research; Johns Hopkins Medicine; Johns Hopkins University; Institute of Genetics and Cancer; Neuroscience Research Australia; University of Cape Town,0000-0001-8143-182X,,
https://openalex.org/A5053549225,Sandra K. Goetze,https://openalex.org/I115475287,Oklahoma State University,2005,2005,https://openalex.org/I115475287,2005,2005,,University of Oklahoma; Oklahoma State University Oklahoma City; Oklahoma State University,,,
https://openalex.org/A5078997550,Sohum Sohoni,https://openalex.org/I115475287,Oklahoma State University,2009,2020,https://openalex.org/I115475287,2009,2020,Savitribai Phule Pune University,Decision Systems (United States); Oklahoma State University Oklahoma City; KLE Technological University; Shivaji University; University of Cincinnati; University of Oklahoma; Milwaukee School of Engineering; Oklahoma State University; Arizona State University,,,
https://openalex.org/A5083400395,Christopher D. Black,https://openalex.org/I115475287,Oklahoma State University,2021,2021,https://openalex.org/I115475287,2021,2021,University of Oklahoma,"University of Mississippi; Christ University; National Institute of Diabetes and Digestive and Kidney Diseases; Mississippi State University; O’Connor Hospital; California State University, San Bernardino; American College of Surgeons; University of Oklahoma Health Sciences Center; Oklahoma State University; Dystrophic Epidermolysis Bullosa Research Association of America; National Institutes of Health; Iowa State University; Celsion (United States); University of Georgia; California State University, Fullerton; Kansas State University; Oklahoma City University; Georgia College & State University; American College of Sports Medicine",0000-0003-2662-8341,,
https://openalex.org/A5056674454,Debra A. Bemben,https://openalex.org/I115475287,Oklahoma State University,2021,2021,https://openalex.org/I115475287,2021,2021,University of Oklahoma,Oklahoma State University,0000-0003-4397-553X,,
https://openalex.org/A5078404042,Margaret Essenberg,https://openalex.org/I115475287,Oklahoma State University,1975,2014,https://openalex.org/I115475287,1975,2014,Oklahoma State University,Noble (United States); Oklahoma State University Oklahoma City; Southern Plains Agricultural Research Center; Brandeis University; Agricultural Research Service; University of Oklahoma,0000-0001-7114-4448,,
https://openalex.org/A5037615146,Barbara L. Bonner,https://openalex.org/I115475287,Oklahoma State University,1982,1982,https://openalex.org/I115475287,1982,1982,University of Oklahoma Health Sciences Center,University of Oklahoma; Oklahoma State University Oklahoma City; Children's Hospital of Oklahoma; Oklahoma State University; Children's Medical Center; Brown University; Harvard University Press,,,
https://openalex.org/A5109104842,Cortney Wolfe‐Christensen,https://openalex.org/I115475287,Oklahoma State University,2006,2011,https://openalex.org/I115475287,2006,2011,Cook Children's Medical Center,Indiana University – Purdue University Indianapolis; Oklahoma State University; Wayne State University; Oklahoma State University Oklahoma City; University of Oklahoma; Detroit Medical Center; University of Oklahoma Health Sciences Center; University of Mississippi Medical Center; Boston Children's Hospital; Cincinnati Children's Hospital Medical Center; Children's Hospital of Philadelphia; Children's Hospital of Michigan; Indiana University School of Medicine; Cook Children's Health Care System; University of Oklahoma Medical Center; Michigan State University; University of Minnesota Medical Center,,,
https://openalex.org/A5051346773,Elizabeth M. Holt,https://openalex.org/I115475287,Oklahoma State University,1981,2009,https://openalex.org/I115475287,1981,2009,,Indiana University Bloomington; ExxonMobil (United States); University of Oklahoma; Oklahoma State University Oklahoma City; Northwest University; Laboratoire de Chimie; Oklahoma State University; The University of Texas at Austin; Johnson Matthey (United Kingdom); Université Hassan II Mohammedia; University of Georgia; Laboratoire de Chimie Organique; Sterling Research Group; DuPont (United States); Yale University; Johnson Matthey (Germany); University of York; University of Huddersfield; Centre National de la Recherche Scientifique; Mohammed V University; Oklahoma City University; Institute of Organic Chemistry; Saint Anselm College; Universidad Autónoma de la Ciudad de México; University of Wyoming; Catalyst; Chouaib Doukkali University; École Nationale Supérieure de Chimie de Lille; Silesian University of Technology,,,
https://openalex.org/A5065124870,Kimball A. Milton,https://openalex.org/I115475287,Oklahoma State University,1982,1986,https://openalex.org/I115475287,1982,1986,University of Oklahoma,"Universidad de Zaragoza; Washington University in St. Louis; The Ohio State University; Los Alamos National Laboratory; Fermi National Accelerator Laboratory; Imperial College London; Université Paris Sciences et Lettres; Centre National de la Recherche Scientifique; University of California, Los Angeles; École Normale Supérieure - PSL; Sorbonne Université; Laboratoire Kastler Brossel; Harvard University; Norwegian University of Science and Technology; Ohio University; Oklahoma State University",0000-0002-7148-0609,,
https://openalex.org/A5076506466,Michael Tobler,https://openalex.org/I115475287,Oklahoma State University,2010,2014,https://openalex.org/I115475287,2010,2014,Whitney Museum of American Art; Saint Louis Zoo; University of Missouri–St. Louis,Kansas State University; Japan External Trade Organization; Zürich Zoological Garden; Consejo Superior de Investigaciones Científicas; Oklahoma State University Oklahoma City; University of Kansas; University of Oklahoma; Zero to Three; University of Zurich; Unidades Centrales Científico-Técnicas; Centro de Investigaciones Cientifícas de las Huastecas 'Aguazarca'; Mitchell Institute; Whitney R. Harris World Ecology Center; Oklahoma State University; Texas A&M University,0000-0002-0326-0890,,
https://openalex.org/A5006551276,Randy D. Allen,https://openalex.org/I115475287,Oklahoma State University,2009,2023,https://openalex.org/I115475287,2009,2023,Oklahoma State University; Oklahoma State University Institute of Technology,Scripps Research Institute; Texas A&M University; University of Oklahoma; Monsanto (United States); Washington University in St. Louis; Oklahoma State University Oklahoma City; Oral Roberts University; Texas Tech University; University of Waterloo; The University of Texas at Arlington,0000-0003-2111-2629,,
https://openalex.org/A5110486279,Robert Morrison,https://openalex.org/I115475287,Oklahoma State University,1959,1989,https://openalex.org/I115475287,1959,1989,National Institute of Allergy and Infectious Diseases; National Institutes of Health,"Queen's University; Auburn University; University of Washington; Stillwater (Canada); The University of Texas at Dallas; Experimental Station; University of Arizona; Seattle Children's Hospital; Morrison Tech; University of Florida; UPMC Hillman Cancer Center; Agricultural Research Service; Propagation Research Associates (United States); Whitman College; University of Oklahoma; Acadia University; Transnational Press London; University of Wisconsin–Madison; Oklahoma State University; University of California, Riverside; Infectious Disease Research Institute; Institute of Entomology; Arkansas Agricultural Experiment Station; University of Pittsburgh Medical Center; University Hospitals Cleveland Medical Center; Seattle University; Bioscience Research; University of Missouri; The University of Texas of the Permian Basin; Center for Infectious Disease Research; United States Department of Agriculture; University of Nevada, Reno; The University of Queensland",,,
https://openalex.org/A5108597867,Richard T. Glass,https://openalex.org/I115475287,Oklahoma State University,2009,2009,https://openalex.org/I115475287,2009,2009,,Oklahoma City University; University of Oklahoma; Oklahoma State University Medical Center; American College of Surgeons; Oklahoma State University at Tulsa; Oklahoma State University Center for Health Sciences; Edwards (United Kingdom); Office of Chief Medical Examiner; University of Oklahoma Health Sciences Center; Oklahoma State University,,,
https://openalex.org/A5043203546,Robert W. Allen,https://openalex.org/I115475287,Oklahoma State University,2009,2009,https://openalex.org/I115475287,2009,2009,LAC+USC Medical Center; Intermountain Healthcare; Los Angeles Medical Center,"Keck Hospital of USC; Materials Technology (United Kingdom); SUNY Downstate Health Sciences University; University of London; John Innes Centre; University of Arizona; Dartmouth College; Edwards (United Kingdom); Roanoke College; College of American Pathologists; University of California, Irvine; Prisma Health; Jacobi Medical Center; California State University, Fullerton; University of Virginia; Oklahoma State University Center for Health Sciences; British Society for Haematology; Kings County Hospital Center; University of Washington; Carilion Roanoke Memorial Hospital; University of Tulsa; University of California, San Francisco; Universidad de Londres; Greenville Memorial Hospital; University of Utah; State Street (United States); KentuckyOne Health; Pacific Northwest National Laboratory; RCA (United States); Johns Hopkins University; Clemson University; Owens Corning (United States); University of Southern California; University of Southampton; Oklahoma State University; Nova Southeastern University; University of Alabama at Birmingham; Western University of Health Sciences; Boeing (United States); University of Oklahoma; University of Copenhagen; Jefferson Hospital; Pennsylvania State University; Johns Hopkins Hospital; University of Nebraska–Lincoln; Northwestern University",0000-0001-5491-683X,,
https://openalex.org/A5017481104,J. D. Carlson,https://openalex.org/I115475287,Oklahoma State University,2002,2022,https://openalex.org/I115475287,2002,2022,,"University of California, Davis; Echo Ridge (United States); University of Notre Dame; Washington University in St. Louis; Missile Defense Agency; Oklahoma State University; Lord Corporation (United States); North Carolina Exploring Cultural Heritage Online; Center for Usability Research and Engineering; Colorado School of Mines; Ohio University; RELX Group (United States); University of Colorado Denver; Macalester College; Asia Pacific Center for Theoretical Physics; The Ohio State University; Oklahoma State University Oklahoma City; University of Oklahoma; Norwich University; University of Colorado Boulder; Michigan State University; Point Loma Nazarene University; Arizona State University",0009-0002-0088-6035,,
https://openalex.org/A5014616551,Masood A. Khan,https://openalex.org/I115475287,Oklahoma State University,2005,2005,https://openalex.org/I115475287,2005,2005,Rajshahi University of Engineering and Technology; Bahria University; Bangladesh University of Engineering and Technology,University College London; Southern Illinois University Edwardsville; University of Minnesota; Deccan College of Medical Sciences; University of Guelph; Kuwait University; University of Louisiana at Lafayette; University of Oklahoma; Abdul Wali Khan University Mardan; University of Houston; National Research Council Canada; University of Idaho; The Royal Free Hospital; University of St Andrews; Knox College; University of Bonn; University of Notre Dame; Oklahoma State University; University of Windsor; Florida Institute of Technology; Texas A&M University,,,
https://openalex.org/A5071815422,C.-C. Kao,https://openalex.org/I115475287,Oklahoma State University,2012,2012,https://openalex.org/I115475287,2012,2012,,"Helsinki Institute of Physics; RIKEN BNL Research Center; University of Chicago; Indiana University Bloomington; University of South Carolina; SLAC National Accelerator Laboratory; Yonsei University; Lawrence Berkeley National Laboratory; Pohang University of Science and Technology; Geophysical Laboratory; Western Kentucky University; Linac Coherent Light Source; Stanford Synchrotron Radiation Lightsource; City University of New York; Korea Institute of Science and Technology; University of Oklahoma; State University of New York; A. N. Nesmeyanov Institute of Organoelement Compounds; National Synchrotron Light Source II; University of California, Berkeley; Carnegie Institution for Science; Argonne National Laboratory; Brookhaven National Laboratory; University of Helsinki; Tohoku University; Stanford University; Menlo School",0000-0002-3684-8957,,
https://openalex.org/A5000450364,Kyrus Kuplicki,https://openalex.org/I115475287,Oklahoma State University,2007,2007,https://openalex.org/I115475287,2007,2007,University of Oklahoma; University of Tulsa,Oklahoma State University,,,
https://openalex.org/A5009632399,Andrea M. Valdez,https://openalex.org/I115475287,Oklahoma State University,2011,2011,https://openalex.org/I115475287,2011,2011,University of Oklahoma,Oklahoma State University,,,
https://openalex.org/A5073089800,Andera M. Valdez,https://openalex.org/I115475287,Oklahoma State University,2011,2011,https://openalex.org/I115475287,2011,2011,University of Oklahoma; Oklahoma State University,,,,
https://openalex.org/A5050388027,Jeffrey R. Stout,https://openalex.org/I115475287,Oklahoma State University,2011,2011,https://openalex.org/I115475287,2011,2011,University of Central Florida,"Williams (United States); Acciona (Spain); National Association of Home Builders; Kennesaw State University; Aspen Institute; Florida Atlantic University; Atlantic University; Oklahoma State University; Loyola Marymount University; Ben-Gurion University of the Negev; Federal Reserve; United States Sports Academy; University of Washington; Central Queensland University; May Institute; University of Nebraska–Lincoln; National Institutes of Health; National Association for Latino Community Asset Builders; University of Georgia; Beijing Sport University; University of Tsukuba; Center for Health, Exercise and Sport Sciences; National Institute of Mental Health; University of Oklahoma; Norman Regional Hospital; Boston Children's Hospital; Harvard University; Johnson & Johnson (United States); Eastern Michigan University; University of Kansas; Minnesota Orthopedic Sports Medicine Institute; Creighton University; Fukuda Denshi (Japan); American College of Surgeons; Des Moines University Osteopathic Medical Center; University of Oklahoma Health Sciences Center; United States Chamber of Commerce; Federal Reserve Bank of Boston; University Medical Center Utrecht; Federal Reserve Bank of Atlanta; Georgia Southern University; Smith Family; Federal Reserve Bank of New York; College of New Jersey; Accion International; California State University, Fullerton; Committee on Publication Ethics; Meredith College; Kendall College; University of Kentucky; Soroka Medical Center; Columbia University; Applied Sciences (United States); University of Nebraska Medical Center; Hofstra University; University of Wisconsin–Stout; Federal Reserve Bank of San Francisco; Ariel University; Florida College; University of Bologna",0000-0001-6114-1649,,
https://openalex.org/A5055921665,Joseph P. Weir,https://openalex.org/I115475287,Oklahoma State University,2011,2015,https://openalex.org/I115475287,2011,2015,University of Kansas; Aleda E. Lutz VA Medical Center; Hong Kong Jockey Club; James J. Peters VA Medical Center,"University of Memphis; California State University, Fullerton; University of Oklahoma; Institute of Ophthalmology; Western Infirmary; University of Salford; University of Oxford; Aberdeen Royal Infirmary; University of Wisconsin–Madison; University of Nebraska Medical Center; Medical Research Council; Des Moines University; University of Nebraska–Lincoln; FedEx (United States); Johnson & Johnson (United States); University of Southern Mississippi; University of Aberdeen; Rutgers New Jersey Medical School; Lenox Hill Hospital; International House; American College of Surgeons; Kessler Foundation; Oklahoma State University; University of Tennessee at Knoxville; Eastern Kentucky University; Rutgers, The State University of New Jersey; University of Glasgow; Woodend Hospital; University of Wisconsin Health; University of Wisconsin–La Crosse; Columbia University; Oklahoma State University Oklahoma City; University of Calgary; Des Moines University Osteopathic Medical Center; University of Victoria; Mercy Medical Center; Arkansas State University; American Physical Therapy Association; University of Kentucky",0000-0003-0684-2930,,
https://openalex.org/A5024716887,Ruben Schechter,https://openalex.org/I115475287,Oklahoma State University,2010,2010,https://openalex.org/I115475287,2010,2010,Oklahoma State University Center for Health Sciences,University of Oklahoma Health Sciences Center; St. Francis Hospital; Albert Einstein College of Medicine; Saint Francis University; Oklahoma State University; The Bronx Defenders; Cornell University; Saint Francis Hospital; Saint Louis University; University of Oklahoma; Cardinal Glennon Children’s Medical Center,,,
https://openalex.org/A5021614929,S. M. Dabo,https://openalex.org/I115475287,Oklahoma State University,1987,2010,https://openalex.org/I115475287,1987,2010,Centre National de la Recherche Scientifique; Centre Hospitalier Universitaire de Lille; Inserm; Université de Lille,University of Oklahoma; Abbott Fund; Agricultural Research Service; Oklahoma State University; Oklahoma State University Oklahoma City,,,
https://openalex.org/A5101885125,Hong Lin,https://openalex.org/I115475287,Oklahoma State University,2006,2009,https://openalex.org/I115475287,2006,2009,Sultan Idris Education University; Fujian Agriculture and Forestry University; Minjiang University,Xiamen Medical College; Central China Normal University; Fujian Provincial People's Hospital; Yancheng Institute of Technology; Changchun University; Sanming University; Kaifeng University; Shanxi Normal University; University of Oklahoma; Anhui University of Technology; Huaqiao University; Chinese Academy of Social Sciences; Guangdong Police College; North University of China; Zhongkai University of Agriculture and Engineering; Hainan Normal University; Institute of Sociology; Bates College; Oklahoma State University Oklahoma City; De La Salle University – Dasmariñas; Sichuan Agricultural University; Oklahoma State University; Hunan Entry-Exit Inspection and Quarantine Bureau; Neijiang Normal University; Nanjing Polytechnic Institute; Pennsylvania State University,0000-0002-6007-4250,,
https://openalex.org/A5078398656,Malachy P. McHugh,https://openalex.org/I115475287,Oklahoma State University,2013,2013,https://openalex.org/I115475287,2013,2013,"Minnesota Orthopedic Sports Medicine Institute; University of California, Riverside; Northwell Health","Cooper Union; Drexel University; St Mary's University Twickenham London; Cardiff Metropolitan University; Milford Hospital; Institute of Sports Medicine and Science; University of Maryland, Baltimore; Brunel University of London; American College of Surgeons; St George's, University of London; English Institute of Sport; St Mary's University College; Committee on Publication Ethics; Manhattan Eye, Ear and Throat Hospital; New York Proton Center; University of Nebraska–Lincoln; Germantown Academy; New York University; Columbia University; Northumbria University; Lenox Hill Hospital; University of Oklahoma; Netaji Subhas National Institute of Sports; Bangor University; University of Maryland, College Park; American Physical Therapy Association; King's College Hospital; St Nicholas Hospital; University of Vermont; University of Wales; Cornell University; Oklahoma State University",0000-0002-8371-8151,,
https://openalex.org/A5057581835,Christiane Brems,https://openalex.org/I115475287,Oklahoma State University,1988,1988,https://openalex.org/I115475287,1988,1988,,University of Oklahoma; University of Toronto; Oklahoma State University Oklahoma City; University of Alaska Anchorage; Creative Commons; Pacific University; Providence College; Alaska Department of Health and Social Services; Anchorage School District; Southcentral Foundation; Stanford University; Oregon Health & Science University; University of Oklahoma Health Sciences Center; Pacific University Oregon,,,
https://openalex.org/A5066802106,Derek A. Irwin,https://openalex.org/I115475287,Oklahoma State University,1990,1991,https://openalex.org/I115475287,1990,1991,University of Oklahoma,Oklahoma State University,,,
https://openalex.org/A5089007558,Tyrrell Conway,https://openalex.org/I115475287,Oklahoma State University,1991,2025,https://openalex.org/I115475287,1991,2025,Oklahoma State University,Texas A&M University; University of Nebraska–Lincoln; Conway School of Landscape Design; University of Florida; University College Dublin; IBM (Ireland); University of Rhode Island; Technical University of Denmark; University of Chicago; The Ohio State University; University of Oklahoma; La Trobe University,0000-0002-0938-4149,,
https://openalex.org/A5068833829,Owen M. Edwards,https://openalex.org/I115475287,Oklahoma State University,2023,2024,https://openalex.org/I115475287,2023,2024,Oklahoma State University; University of Leicester; Oklahoma Biological Survey; University of Oklahoma,Clatterbridge Hospital; Eckerd College; Addenbrooke's Hospital; Rosie Hospital; University of Cambridge; Chelsea and Westminster Hospital,0000-0002-6956-1426,,
https://openalex.org/A5051318482,Kay Bjornen,https://openalex.org/I115475287,Oklahoma State University,2021,2021,https://openalex.org/I115475287,2021,2021,Oklahoma State University Oklahoma City,ConocoPhillips (Canada); Oklahoma Department of Libraries; University of Oklahoma; ConocoPhillips (United States); Oklahoma State University,0000-0001-9851-6715,,
https://openalex.org/A5005228383,H. K. Dai,https://openalex.org/I115475287,Oklahoma State University,2002,2025,https://openalex.org/I115475287,2002,2025,,University of North Dakota; Devon Energy (United States); Oklahoma State University; Oklahoma State University System; Oklahoma State University Oklahoma City; University of Washington; Seattle University; University of Oklahoma,0000-0003-4589-8400,,
https://openalex.org/A5064349764,Dibyendu Chakraborty,https://openalex.org/I115475287,Oklahoma State University,2003,2003,https://openalex.org/I115475287,2003,2003,,North Bengal University; Sher-e-Kashmir University of Agricultural Sciences and Technology of Kashmir; University of Alabama at Birmingham; University of Kalyani; Chaudhary Charan Singh Haryana Agricultural University; National Institute of Ayurveda; University of Oklahoma Health Sciences Center; University of Calgary; Jadavpur University; Saint Louis University; University of Kashmir; University of Delhi; Oklahoma State University; Sher-e-Kashmir University of Agricultural Sciences and Technology of Jammu; University of Calcutta; University of Oklahoma; National Dairy Research Institute; Cleveland Clinic; Animal Husbandry and Veterinary Department; Burdwan Medical College & Hospital; West Bengal University of Animal and Fishery Sciences,0000-0001-7411-0913,,
https://openalex.org/A5023408664,Rahmona A. Thompson,https://openalex.org/I115475287,Oklahoma State University,1990,1990,https://openalex.org/I115475287,1990,1990,,Oklahoma State University; University of Oklahoma,,,
https://openalex.org/A5103511806,Samir Ahmed,https://openalex.org/I115475287,Oklahoma State University,1989,1989,https://openalex.org/I115475287,1989,1989,City College of New York,Oklahoma State University; American Society of Civil Engineers; University of Oklahoma; Princeton University; Oklahoma State University Oklahoma City; Cairo University; City University of New York,,,
https://openalex.org/A5059812008,Ashlea Braun,https://openalex.org/I115475287,Oklahoma State University,2022,2025,https://openalex.org/I115475287,2022,2025,The Ohio State University; University of Oklahoma; Oklahoma State University Oklahoma City; Oklahoma State University; OU Health Stephenson Cancer Center; University of Oklahoma Health Sciences Center,Pontifícia Universidade Católica do Rio Grande do Sul; Nationwide Children's Hospital,0000-0002-3538-6631,,
https://openalex.org/A5042518406,Mashiur Rahaman,https://openalex.org/I115475287,Oklahoma State University,2023,2023,https://openalex.org/I115475287,2023,2023,University of Oklahoma; Oklahoma State University,University of South Australia; Bangladesh University of Engineering and Technology,,,
https://openalex.org/A5111744754,Stephen J. Stadler,https://openalex.org/I115475287,Oklahoma State University,1984,2015,https://openalex.org/I115475287,1984,2015,Oklahoma State University,University of Oklahoma; Oklahoma State University Oklahoma City,,,
https://openalex.org/A5003057077,Azeem Khan,https://openalex.org/I115475287,Oklahoma State University,1993,1993,https://openalex.org/I115475287,1993,1993,University of Cape Town,University of New England; Banaras Hindu University; Indian Institute of Petroleum; University of Toledo; University of Birmingham; Academy of Scientific and Innovative Research; Oklahoma State University; University of Central Florida; Universiti Tunku Abdul Rahman; Regional Health; Orlando Health; Indian Institute of Technology Kanpur; Nanyang Technological University; Kakatiya University; University of Edinburgh; University of Oklahoma,0000-0002-1438-5162,,
https://openalex.org/A5111795182,J A Ontko,https://openalex.org/I115475287,Oklahoma State University,1983,1983,https://openalex.org/I115475287,1983,1983,University of Missouri–Kansas City; St. Luke's Hospital,Kyushu University; Oklahoma State University; University of the Ryukyus; Oklahoma Medical Research Foundation; University of Bristol; University of Oklahoma; University of Tennessee at Knoxville; Kurume University; La Roche College,,,
https://openalex.org/A5100740683,W. T. Ford,https://openalex.org/I115475287,Oklahoma State University,1998,1998,https://openalex.org/I115475287,1998,1998,University of Colorado Boulder; Vanderbilt University; University of Colorado System; Carnegie Mellon University,"Johns Hopkins University; University of Rochester; University of Hawaiʻi at Mānoa; University of California, Irvine; Office of Science; National Security Technologies (United States); The Ohio State University; Brookhaven National Laboratory; Syracuse University; California Institute of Technology; University of California, San Diego; Oklahoma State University; Wayne State University; A. Alikhanyan National Laboratory; Vanderbilt University Medical Center; Halliburton (United Kingdom); Union University; U.S. National Science Foundation; Princeton University; Institute of High Energy Physics; Yale University; Louisiana State University Agricultural Center; California University of Pennsylvania; University of Nebraska–Lincoln; Universitat de Barcelona; The University of Texas at Austin; Kirkwood Community College; Istituto Nazionale di Fisica Nucleare; Temple University; Istituto Nazionale di Fisica Nucleare, Sezione di Bari; Fermi National Accelerator Laboratory; University of Scranton; University of Iowa; Lawrence Livermore National Laboratory; St. John's College of Nursing; Harvard University; Hospital of the University of Pennsylvania; Campbell Collaboration; Indiana University Bloomington; University of the Basque Country; University of Antwerp; Los Alamos National Laboratory; Philadelphia University; SLAC National Accelerator Laboratory; Centre National de la Recherche Scientifique; Colorado State University; Wake Forest University; Budker Institute of Nuclear Physics; University of Michigan; University of Wisconsin–Madison; Novosibirsk State Technical University; Heidelberg University; University at Albany, State University of New York; University of Houston; University of Florida; University of Wisconsin System; Institut National de Physique Nucléaire et de Physique des Particules; Binghamton University; Temple University Hospital; Pennsylvania State University; Harvard University Press; University of California, Berkeley; Carleton College; Yonsei University; University of Hawaii System; University of Utah; Northeastern University; Center For Remote Sensing (United States); Cornell University; Purdue University West Lafayette; Massachusetts Institute of Technology; University of Oklahoma; University of Pennsylvania; University of Cincinnati; Jazan University; Abington Memorial Hospital; K Lab (United States); University of California, Santa Cruz; University of Minnesota; European Organization for Nuclear Research; Lawrence Berkeley National Laboratory; Laboratoire d’Annecy de Physique des Particules; Istituto Nazionale di Fisica Nucleare, Laboratori Nazionali di Frascati; Stanford University; Stanford Synchrotron Radiation Lightsource",0000-0001-8703-6943,,
https://openalex.org/A5062629731,Jacob E. Friedman,https://openalex.org/I115475287,Oklahoma State University,1983,1983,https://openalex.org/I115475287,1983,1983,University of Oklahoma Health Sciences Center,"National Institute on Drug Abuse; Emerson (Sweden); Children's Hospital Colorado; Sabin Vaccine Institute; The University of Western Australia; University of Oklahoma; University of Colorado Health; Binghamton University; University of Dundee; MetroHealth Medical Center; RELX Group (Netherlands); Pediatrics and Genetics; University of Colorado Boulder; Diabetes Australia; Newcastle University; Conservatorio di Musica ""G.B. Martini""; Case Western Reserve University; Foundation University; Howard Hughes Medical Institute; Tulane University; Tel Aviv University; Harvard University; American College of Surgeons; National Institutes of Health; Toronto Metropolitan University; University of Colorado Denver; Rockefeller University; Johns Hopkins University; East Carolina University; University of Colorado Anschutz Medical Campus; University of Florida; University of Bologna; Laboratory of Molecular Genetics; Columbia University Irving Medical Center; New York University; National Cerebral and Cardiovascular Center; Center for Life Sciences; Oklahoma State University; Target (United States); Ospedale L. Bonomo; University School; Duke University; Universidad Nacional Autónoma de México; Meharry Medical College; Ohio University; OU Health; Northeast Ohio Medical University; Southern Illinois University School of Medicine; Universidad de las Américas Puebla; Golden Gate University; Kent State University; Utrecht University; The Medical Center of Aurora; Universidad Veracruzana; University of San Carlos",0000-0002-9283-9254,,
https://openalex.org/A5105972243,Kimberly Shannon,https://openalex.org/I115475287,Oklahoma State University,2003,2003,https://openalex.org/I115475287,2003,2003,University of Oklahoma; Oklahoma Biological Survey; Oklahoma State University,,,,
https://openalex.org/A5064279421,Jim Kelley,https://openalex.org/I115475287,Oklahoma State University,1978,1983,https://openalex.org/I115475287,1978,1983,East Tennessee State University,The University of Texas at Austin; Medizinische Hochschule Hannover; Nanjing Medical University; Northern Illinois University; University of Miami; Model Animal Research Center; Medtronic (United States); The University of Texas Health Science Center at Houston; The University of Texas Health Science Center at San Antonio; University of Oklahoma; Nanjing University; Oklahoma Medical Research Foundation; University of Oklahoma Health Sciences Center; Jiangsu Province Hospital; Tennessee State University; The University of Texas at San Antonio; Texas Biomedical Research Institute; The University of Texas Medical Branch at Galveston; Oklahoma State University; Endocrinology Research Center; James H. Quillen VA Medical Center,,,
https://openalex.org/A5035622234,Uvirkaa Akumaga,https://openalex.org/I115475287,Oklahoma State University,2018,2019,https://openalex.org/I115475287,2018,2019,,Oklahoma State University; Agricultural Research Service; University of Oklahoma,0000-0003-3270-7222,,
https://openalex.org/A5010567856,J. Narayan,https://openalex.org/I115475287,Oklahoma State University,2020,2020,https://openalex.org/I115475287,2020,2020,North Carolina State University,"DEVCOM Army Research Laboratory; North Central State College; Norfolk State University; U.S. National Science Foundation; National Institute of Standards and Technology; Qatar University; Chinese Academy of Sciences; Centennial Medical Center; University of South Alabama; Korea Institute of Science and Technology; Pennsylvania State University; MCNC Research and Development Institute; Bridgewater State University; American National Standards Institute; University of California, Berkeley; University of Florida; Princeton University; Institute of Mechanics; Kyushu University; Indian Institute of Technology Roorkee; The University of Sydney; King George's Medical University; Solid State Physics Laboratory; Materials Processing (United States); Oak Ridge National Laboratory; Kumamoto University; Uttaranchal University; University of North Carolina at Chapel Hill; North Carolina Agricultural and Technical State University; Lawrence Berkeley National Laboratory; Triangle; Oklahoma State University; University of Allahabad; Smiths Detection (Canada); Amity University; Lawrence Livermore National Laboratory; Masonry Society; Research Triangle Park Foundation; Los Alamos National Laboratory; University of Reading; Centennial College; National Institute of Technology Kurukshetra; American Ceramic Society; Knoxville College; University of Oklahoma",,,
https://openalex.org/A5022820382,C. R. Krehbiel,https://openalex.org/I115475287,Oklahoma State University,2002,2019,https://openalex.org/I115475287,2002,2019,,University of Kentucky; New Mexico State University; Kansas State University; South Dakota State University; Oklahoma State University; University of Nebraska–Lincoln; University of Veterinary Science; ET International (United States); University of Oklahoma; Arkansas Agricultural Experiment Station,0000-0003-4470-7908,,
https://openalex.org/A5022180613,Taryn Price,https://openalex.org/I115475287,Oklahoma State University,2019,2019,https://openalex.org/I115475287,2019,2019,Oklahoma State University Oklahoma City,University of Oklahoma; Berkshire Community College; Oklahoma State University; Health Volunteers Overseas,0000-0003-1649-4896,,
https://openalex.org/A5066403386,John P. Wisniewski,https://openalex.org/I115475287,Oklahoma State University,2019,2019,https://openalex.org/I115475287,2019,2019,,George Mason University; U.S. National Science Foundation; National Pension Service; Universities Space Research Association; University of Cincinnati; Herzberg Institute of Astrophysics; University of Wisconsin–Madison; Goddard Space Flight Center; Oklahoma State University; Association of Universities for Research in Astronomy; Seattle University; California Institute of Technology; University of Oklahoma; Kobe University; Johns Hopkins University; Mimasaka University; Princeton University; University of Washington; NASA Research Park; Centro de Astrobiología; University of Colorado Boulder; Deleted Institution; Max Planck Society; University of Toledo; Cerro Tololo Inter-American Observatory; Columbia University; University of Hawaii at Hilo; University of Toronto; Space Science Institute; National Astronomical Observatory of Japan; Eureka Scientific; Max Planck Institute for Astronomy,,,
https://openalex.org/A5000857886,Clint M. Porter,https://openalex.org/I115475287,Oklahoma State University,2003,2003,https://openalex.org/I115475287,2003,2003,,Oklahoma State University; University of Oklahoma,,,
https://openalex.org/A5079625821,Emily Cooper,https://openalex.org/I115475287,Oklahoma State University,2021,2021,https://openalex.org/I115475287,2021,2021,NIHR Imperial Biomedical Research Centre; National Institute for Health Research; Imperial College London,"NHS Lothian; National Institute on Drug Abuse; St Bartholomew's Hospital; Newham University Hospital; Universidad de Londres; West Virginia University; Monash Medical Centre; MRC Centre for Reproductive Health; University of the West Indies System; Oklahoma State University; Pennine Care NHS Foundation Trust; University of Oklahoma; University of the West Indies; UK Dementia Research Institute; St George's, University of London; Griffith University; WellSpan Health; Health Data Research UK; University of London; Imperial College Healthcare NHS Trust; University of Maryland, Baltimore; Edinburgh Royal Infirmary",0000-0002-1834-1036,,
https://openalex.org/A5078821764,Hussan Gill,https://openalex.org/I115475287,Oklahoma State University,2021,2021,https://openalex.org/I115475287,2021,2021,Oklahoma State University Oklahoma City; University of Oklahoma,Oklahoma Biological Survey,,,
https://openalex.org/A5063948391,Charles I. Abramson,https://openalex.org/I115475287,Oklahoma State University,1995,2025,https://openalex.org/I115475287,1995,2025,Oklahoma State University,"State University of New York; University of Arizona; Center for Interdisciplinary Studies; Wolfram Research (United States); University of Hawaii System; Federal Aviation Administration; California State University, Long Beach; Oklahoma State University Oklahoma City; University of California, Irvine; SUNY Downstate Health Sciences University; Institute of Experimental Medicine; Instituto de Saúde; Tekirdağ Namık Kemal University; University of Hawaiʻi at Mānoa; Boston University; Honolulu University; Universidade Federal da Paraíba; Universidade Federal do Paraná; University of Oklahoma; Northwestern Oklahoma State University; University of the Andes",0000-0001-8961-3089,,
https://openalex.org/A5035217499,Kaustuv Sahoo,https://openalex.org/I115475287,Oklahoma State University,2015,2021,https://openalex.org/I115475287,2015,2021,National Institute of Technology Rourkela; Indian Institute of Technology Bombay,OU Health; Nanaji Deshmukh Veterinary Science University; University of Oklahoma; Oklahoma State University; University of Oklahoma Health Sciences Center; Thermo Fisher Scientific (United States); Society of Nuclear Medicine and Molecular Imaging,0000-0001-9417-6274,,
https://openalex.org/A5064249455,Aminata Traore,https://openalex.org/I115475287,Oklahoma State University,2022,2022,https://openalex.org/I115475287,2022,2022,Oklahoma State University,University of Bamako; USC Norris Comprehensive Cancer Center; Cheikh Anta Diop University; Cotton (United States); Amina; University of Oklahoma; University of Oklahoma Health Sciences Center,,,
https://openalex.org/A5090272781,Leva K. Swim,https://openalex.org/I115475287,Oklahoma State University,2010,2010,https://openalex.org/I115475287,2010,2010,Oklahoma State University,University of Oklahoma,,,
https://openalex.org/A5017550339,Xiayan Wang,https://openalex.org/I115475287,Oklahoma State University,2009,2009,https://openalex.org/I115475287,2009,2009,Green Chemistry; First Bethune Hospital of Jilin University; Chinese Academy of Sciences; State Key Laboratory of Genetic Resources and Evolution; Kunming Institute of Zoology; Jilin University; Beijing University of Technology; University of Science and Technology Beijing; University of Chinese Academy of Sciences,Central South University; The University of Texas at Arlington; University of Science and Technology of China; Oklahoma State University; University of Shanghai for Science and Technology; Nanchang University; Texas Tech University; University of Oklahoma; University of Hong Kong; IONICS Mass Spectrometry (Canada); Peking University; University of Illinois Urbana-Champaign; Nanjing University,0000-0003-1735-0077,,
https://openalex.org/A5110327777,Duncan S. Wilson,https://openalex.org/I115475287,Oklahoma State University,2013,2017,https://openalex.org/I115475287,2013,2017,,University of Florida; US Forest Service; Oklahoma State University Oklahoma City; Oregon State University; University of Oklahoma; University of KwaZulu-Natal; Oklahoma State University; University of Maine,,,
https://openalex.org/A5084467442,Shaorong Liu,https://openalex.org/I115475287,Oklahoma State University,2009,2009,https://openalex.org/I115475287,2009,2009,University of Auckland; Chengdu University of Technology,"University of California, Los Angeles; Northeastern University; Ningbo City College of Vocational Technology; Xi'an Shiyou University; Sandia National Laboratories; Siemens (United States); Peking University; Oklahoma State University; East China University of Science and Technology; University of Oklahoma; Zhejiang University; University of Oklahoma Health Sciences Center; Dalian University of Technology; Dalian University; IBM (United States); Yuhuangding Hospital; University of California, Berkeley; The University of Texas at Arlington; Advanced Neural Dynamics (United States); China Academy of Space Technology; Changzhou Institute of Technology; Wuhan Textile University; Translational Research in Oncology; Texas Tech University; Norman Regional Hospital; South China University of Technology",0000-0002-4602-0483,,
https://openalex.org/A5049619354,Vijaykumar Veerappan,https://openalex.org/I115475287,Oklahoma State University,2009,2014,https://openalex.org/I115475287,2009,2014,Eastern Connecticut State University,University of North Texas; University of Oklahoma; University of Hong Kong; Hong Kong University of Science and Technology; Oklahoma State University Institute of Technology; The University of Texas at Arlington; Oklahoma State University Oklahoma City; Texas Tech University; Oklahoma State University,0000-0002-1689-8332,,
https://openalex.org/A5042987965,Xin Jiang,https://openalex.org/I115475287,Oklahoma State University,2009,2009,https://openalex.org/I115475287,2009,2009,Jiangmen Polytechnic; First People's Hospital of Chongqing; Shanghai Changzheng Hospital; Hunan Agricultural University; Jilin Medical University; Hebei General Hospital; Chongqing University; Qingdao University; Institute of Soil Science; Yuhuangding Hospital; University of Chinese Academy of Sciences; Poultry Research Institute,Nanjing Medical University; Zhongshan Hospital; Wuxi People's Hospital; Wenzhou Medical University; Oklahoma State University; Chongqing Medical University; The Affiliated Yongchuan Hospital of Chongqing Medical University; The University of Texas at Arlington; Zhengzhou People's Hospital; Weifang People's Hospital; Second Military Medical University; Qilu Hospital of Shandong University; Ningbo Medical Center Lihuili Hospital; First Affiliated Hospital of Henan University; Peking University Shenzhen Hospital; Shandong University; Shanghai Medical College of Fudan University; University of Oklahoma; First Affiliated Hospital of Wenzhou Medical University; Chinese Academy of Sciences; Ningbo University,0000-0002-1345-6635,,
https://openalex.org/A5058356398,Purnendu Κ. Dasgupta,https://openalex.org/I115475287,Oklahoma State University,2009,2009,https://openalex.org/I115475287,2009,2009,The University of Texas at Arlington,"Umeå University; Chiang Mai University; University of Kansas; Peking University; Czech Academy of Sciences; Center for Environmental Health; Iowa State University; Lubbock Christian University; Kumamoto University; Oklahoma State University; The University of Texas at Austin; Australian Centre for Research on Separation Science; Hiroshima University; University of Houston; Kindai University; Louisiana State University; University of Hawaiʻi at Mānoa; University of Washington; Tokyo University of Agriculture and Technology; United States Department of Energy; Central Institute of Mining and Fuel Research; Environmental Protection Agency; Louisiana State University Agricultural Center; NSF National Center for Atmospheric Research; National Metallurgical Laboratory; University of California, Davis; University of Tennessee at Knoxville; East China University of Science and Technology; Texas Tech University; Northeastern University; University of Oklahoma; University of Hawaii System; Atomic Energy (Canada); Seibersdorf Laboratories (Austria); Northrop Grumman (United States); NOAA Air Resources Laboratory; Pennsylvania State University; University of Burdwan",0000-0002-8831-7920,,
https://openalex.org/A5109404067,Chang Cheng,https://openalex.org/I115475287,Oklahoma State University,2009,2009,https://openalex.org/I115475287,2009,2009,Huazhong University of Science and Technology; Tongji Hospital,Johnson University; The University of Texas at Arlington; Chinese Academy of Sciences; Albany Molecular Research (United States); University of Oklahoma; National Central University; Oklahoma State University; Peking University; Hunan Normal University; Changsha University,,,
https://openalex.org/A5080435654,Quinci D. Layman,https://openalex.org/I115475287,Oklahoma State University,2014,2014,https://openalex.org/I115475287,2014,2014,Oklahoma State University,University of Oklahoma,,,
https://openalex.org/A5100375014,Jing Liu,https://openalex.org/I115475287,Oklahoma State University,2009,2009,https://openalex.org/I115475287,2009,2009,Tangshan College; Liaoning Shihua University; Capital Institute of Pediatrics; Jiuquan Iron & Steel (China); Liaoning Meteorological Bureau; Nanjing Institute of Environmental Sciences; Capital Medical University; University of South China; Nanjing Drum Tower Hospital; Qingdao National Laboratory for Marine Science and Technology; Shandong University of Technology; Xinjiang Agricultural University; Ministry of Ecology and Environment; Xinjiang Institute of Water Resources and Hydropower Research; Guilin University of Technology; Ocean University of China; China-Japan Friendship Hospital; Zhejiang University of Finance and Economics,"China Academy of Railway Sciences; Yunnan Normal University; Fujian University of Traditional Chinese Medicine; University of New Hampshire at Manchester; Hong Kong Baptist University; Washington University in St. Louis; Institute of Genetics and Developmental Biology; State Key Laboratory of Plant Genomics; Central South University; State Key Joint Laboratory of Environment Simulation and Pollution Control; University of Oklahoma; Huzhou Vocational and Technical College; Guizhou University of Finance and Economics; University of Electronic Science and Technology of China; Beijing Normal University; Hebei Agricultural University; Chinese Academy of Agricultural Sciences; Tsinghua–Berkeley Shenzhen Institute; Oklahoma State University Oklahoma City; Copiah-Lincoln Community College; Chongqing Normal University; Oklahoma State University; Jianghan University; Inner Mongolia Agricultural University; Technical Institute of Physics and Chemistry; Zhongnan University of Economics and Law; Research Institute of Highway; South China Normal University; State Key Laboratory of Hydrology-Water Resources and Hydraulic Engineering; Tongji University; Chinese Academy of Medical Sciences & Peking Union Medical College; Pukyong National University; Wuhan University; Hebei University of Science and Technology; Yunnan University; Shandong University; University of Birmingham; Yulin University; Tianjin University; State Grid Corporation of China (China); Chinese Academy of Surveying and Mapping; Qingdao Agricultural University; Technology Centre for Offshore and Marine, Singapore; Purdue University West Lafayette; Changzhou Institute of Technology; AAC Technologies (China); Chongqing University; Hainan Normal University; Chinese Research Academy of Environmental Sciences; Xi'an University of Architecture and Technology; Ministry of Transport; Tokyo University of Marine Science and Technology; Ningxia University; Sheng Jing Hospital; China University of Geosciences (Beijing); Aba Teachers University; Yunnan Machinery Research and Design Institute; South China Agricultural University; China University of Petroleum, East China; Hohai University; Henan University of Economic and Law; Nanjing University of Information Science and Technology; Ministry of Natural Resources; Zhejiang University; University Town of Shenzhen; China Power Engineering Consulting Group (China); Robert Bosch (Germany); China Mobile (China); Nanjing University of Science and Technology; University of Science and Technology Beijing; Dalian Ocean University; East China Normal University; University of Groningen; Harbin Institute of Technology; China University of Mining and Technology; Institute of Zoology; Nanjing University of Chinese Medicine; China University of Geosciences; Oil Crops Research Institute; University of Tsukuba; North China Electric Power University; Soochow University; North China University of Water Resources and Electric Power; Dalian University of Technology; PowerChina (China); Ministry of Industry and Information Technology; Shenzhen University; Guangxi University; Hengyang Normal University; Guizhou Minzu University; China National Commission for Disaster Reduction; Universiti Putra Malaysia; Central China Normal University; Northeast Forestry University; China Institute of Water Resources and Hydropower Research; Nanjing Institute of Technology; Northeastern University; Guizhou University; Shaanxi Normal University; Zunyi Normal College; Shenyang Agricultural University; Shanghai University; Shanghai Ocean University; Chengdu University of Technology; State Key Laboratory For Conservation and Utilization of Subtropical Agro-Bioresources; Southwest University; Rice University; University of Kansas; Chinese Academy of Sciences; Tsinghua University; Ministry of Water Resources of the People's Republic of China; Lingnan Normal University; Xiamen University of Technology; Beijing Anding Hospital; Zhejiang Environmental Monitoring Center; University of Wisconsin–Madison; China Resources (China); Northwest Institute of Eco-Environment and Resources; Wuhan Institute of Technology; Institute of Software; Nankai University; China National Institute of Standardization",0000-0002-4778-766X,,
https://openalex.org/A5071703899,Rohan Varshney,https://openalex.org/I115475287,Oklahoma State University,2012,2014,https://openalex.org/I115475287,2012,2014,University of Oklahoma Health Sciences Center,Nanyang Technological University; Vellore Institute of Technology University; 657 Oslo; Oklahoma State University; Oklahoma Medical Research Foundation; University of Oklahoma; Oklahoma City University,0000-0002-8580-3675,,
https://openalex.org/A5003635205,Eric J. Sobolewski,https://openalex.org/I115475287,Oklahoma State University,2011,2013,https://openalex.org/I115475287,2011,2013,Liberty University; Furman University,"Texas Tech University; Development Fund; University of North Carolina at Chapel Hill; IQVIA (United States); Des Moines University; Oklahoma State University; Utah State University; Center for Health, Exercise and Sport Sciences; Government of Western Australia Department of Health; University of Oklahoma; Lenox Hill Hospital",,,
https://openalex.org/A5046687179,Ed Sankowski,https://openalex.org/I115475287,Oklahoma State University,2002,2002,https://openalex.org/I115475287,2002,2002,University of Oklahoma; Oklahoma State University; University of Oklahoma Health Sciences Center,,,,
https://openalex.org/A5038517296,Robert A. Lynch,https://openalex.org/I115475287,Oklahoma State University,1999,2002,https://openalex.org/I115475287,1999,2002,,National Institute of Environmental Health Sciences; General Dynamics (United States); RCA (United States); University of New Mexico; Oklahoma State University; Marquardt (Germany); Princeton University; University of Oklahoma; Xi’an Jiaotong-Liverpool University; University of Virginia; University of Oklahoma Health Sciences Center,,,
https://openalex.org/A5044715424,Baxter E. Vieux,https://openalex.org/I115475287,Oklahoma State University,2002,2002,https://openalex.org/I115475287,2002,2002,University of Oklahoma,Michigan State University; Oklahoma State University; University of Illinois Urbana-Champaign; Dankook University; Centre of Natural Hazards and Disaster Science; NOAA National Weather Service; Oklahoma Otolaryngology Associates; Rice University; University of Oklahoma Health Sciences Center; American Society of Civil Engineers; Korea Fisheries Resources Agency,0000-0001-8814-4380,,
https://openalex.org/A5056703019,Blake Pettus,https://openalex.org/I115475287,Oklahoma State University,2002,2002,https://openalex.org/I115475287,2002,2002,University of Oklahoma Health Sciences Center; University of Oklahoma; Oklahoma State University,,,,
https://openalex.org/A5113470392,Vickie L. Cooper,https://openalex.org/I115475287,Oklahoma State University,2000,2000,https://openalex.org/I115475287,2000,2000,,University of Nebraska–Lincoln; Oklahoma State University; Covance (United States); University of Oklahoma; Animal and Plant Health Inspection Service; University of Tartu; Iowa State University,,,
https://openalex.org/A5053933139,Fekadu Moreda,https://openalex.org/I115475287,Oklahoma State University,2002,2002,https://openalex.org/I115475287,2002,2002,,Oklahoma State University; North Carolina State University; RTI International; NOAA National Weather Service; Riverside Technology (United States); Center for Environmental Health; University of Oklahoma Health Sciences Center; University of Oklahoma; Vrije Universiteit Brussel,0000-0002-0033-6503,,
https://openalex.org/A5048562192,Mark Meo,https://openalex.org/I115475287,Oklahoma State University,2002,2002,https://openalex.org/I115475287,2002,2002,,University of Oklahoma; Woods Hole Oceanographic Institution; Louisiana State University; Louisiana State University Agricultural Center; University of Oklahoma Health Sciences Center; Oklahoma State University,,,
https://openalex.org/A5018199077,Zev Trachtenberg,https://openalex.org/I115475287,Oklahoma State University,2002,2002,https://openalex.org/I115475287,2002,2002,,University of Oklahoma Health Sciences Center; University of Oklahoma; Oklahoma State University,0000-0002-2084-9103,,
https://openalex.org/A5075947338,Lowell Caneday,https://openalex.org/I115475287,Oklahoma State University,2002,2015,https://openalex.org/I115475287,2002,2015,Oklahoma State University Oklahoma City,University of Oklahoma Health Sciences Center; Oklahoma State University; University of Oklahoma,,,
https://openalex.org/A5053990407,Joan L. Walker,https://openalex.org/I115475287,Oklahoma State University,1994,1994,https://openalex.org/I115475287,1994,1994,Walker (United States); University of Oklahoma Health Sciences Center; Cornell University; University of Oklahoma; Oklahoma State University Oklahoma City,"Weill Cornell Medicine; Edinburgh Cancer Research; Ulsan College; Clemson University; NorthShore University HealthSystem; Cleveland Clinic; Women & Infants Hospital of Rhode Island; University of Arizona; Sunnybrook Health Science Centre; Obstetrics and Gynecology Hospital of Fudan University; University at Albany, State University of New York; National Cancer Institute; University of Cincinnati; New Generation University College; Georgetown University; OU Health; Case Western Reserve University; Union University; Moffitt Cancer Center; Billings Clinic; University of Ulsan; The US Oncology Network; University of Nevada, Reno; Health and Human Development (2HD) Research Network; University of Nevada, Las Vegas; University of Miami; St. Luke's Hospital; Providence College; University of Colorado Denver; Florida College; Oklahoma State University; Vanderbilt University; National Institutes of Health; Albany Medical Center Hospital; Hospital of the University of Pennsylvania; St Thomas' Hospital; Institut Gustave Roussy; Wake Forest University; NRG Oncology; Southern Research Station; University of Rochester Medical Center; The University of Western Australia; Johns Hopkins University; Women's Cancer Center of Nevada; University of Rochester; Asan Medical Center; Norton Healthcare; Indiana University – Purdue University Indianapolis; Arizona Oncology; Riverside Methodist Hospital; Regional Medical Center; Washington University in St. Louis; St. Joseph's Hospital and Medical Center; Fox Chase Cancer Center; City Of Hope National Medical Center; Oklahoma City University; Agricultural Research Service; The Ohio State University Comprehensive Cancer Center – Arthur G. James Cancer Hospital and Richard J. Solove Research Institute; The Ohio State University; Sidney Kimmel Comprehensive Cancer Center; University of Pennsylvania; Stanford University; Orlando Health; University of Iowa Hospitals and Clinics; Stony Brook University; University of Maryland, Baltimore; University of Pittsburgh Medical Center; Beijing Obstetrics and Gynecology Hospital; State University of New York; National University College; University of Virginia; Duke Medical Center; Uniformed Services University of the Health Sciences; Dana-Farber Cancer Institute; University of Pittsburgh; Adventist Hinsdale Hospital; Johns Hopkins Hospital; Medical University of South Carolina; Maine Medical Center; Biotherapy of Genetic Diseases, Inflammatory Disorders and Cancers; Northwestern University; University of Colorado Anschutz Medical Campus; University at Buffalo, State University of New York; Samsung Medical Center; University of Minnesota; Columbia University; The Ohio State University Wexner Medical Center; University of Maryland Medical Center; Dignity Health; Williams (United States); University of Idaho; Denver Health Medical Center; US Forest Service; University of California, Irvine; Kaiser Permanente; University of California, Irvine Medical Center; University of California, San Francisco; Massachusetts General Hospital; Metro-Minnesota Community Oncology Research Consortium; Creighton University; The Hospital of Central Connecticut; Presbyterian Hospital; University of Oklahoma Medical Center; University of Dundee; Seattle Cancer Care Alliance; OU Health Stephenson Cancer Center; Duke University; University of Mississippi Medical Center; Weatherford College; University of North Carolina at Chapel Hill; The University of Texas Medical Branch at Galveston; University of South Florida; Gynecologic Oncology Group; Statistical Research (United States); Brown University; University of British Columbia; Sidney Kimmel Cancer Center; National Institute of Mental Health and Neurosciences; University Medical Center; MemorialCare Long Beach Medical Center; Oklahoma State Department of Health; Walter Reed National Military Medical Center; Seoul National University; St. Joseph's Hospital; National Cancer Center; American Academy of Pediatrics; Stony Brook University Hospital; Pennsylvania State University; Sungkyunkwan University; Roswell Park Comprehensive Cancer Center; The University of Texas MD Anderson Cancer Center; Penn State Milton S. Hershey Medical Center; University of California, Berkeley; Institute of Genetics; University of Iowa; University of New Mexico; North Carolina State University; Christiana Care Health System; Duke University Hospital; Medical Research Council; Memorial Sloan Kettering Cancer Center; Saitama Medical University",0000-0002-5034-4309,,
https://openalex.org/A5040655599,S.M.S. Jalaleddine,https://openalex.org/I115475287,Oklahoma State University,1990,1991,https://openalex.org/I115475287,1990,1991,,Oklahoma State University; University of Oklahoma; Oklahoma State University Oklahoma City; Western Michigan University,,,
https://openalex.org/A5084090106,Warren T. Ford,https://openalex.org/I115475287,Oklahoma State University,1981,2017,https://openalex.org/I115475287,1981,2017,Oklahoma State University; Portland State University,"Division of Chemistry; Anadolu University; Central Michigan University; University of California, Los Angeles; Johnson Space Center; Ingredion (United States); Eskişehir City Hospital; Florida Atlantic University; University of Madras; National University; Rice University; Tanta University; Institute of Physical Chemistry; University of Pisa; University of Portsmouth; Springhouse; University of Tulsa; University of Illinois Urbana-Champaign; Wichita State University; Oklahoma State University Oklahoma City; University of Wisconsin–Stevens Point; University of Oklahoma; Polish Academy of Sciences; University of Michigan",,,
https://openalex.org/A5048838551,Leland C. Bement,https://openalex.org/I115475287,Oklahoma State University,2012,2012,https://openalex.org/I115475287,2012,2012,,"University of Oklahoma; Center for Environmental Health; The University of Texas at Austin; Oklahoma Biological Survey; University of California, Los Angeles; Oklahoma State University; National Institute for Materials Science; University of California, Santa Barbara",0000-0002-6032-6331,,
https://openalex.org/A5013764984,Hanna M. Alexander,https://openalex.org/I115475287,Oklahoma State University,2012,2012,https://openalex.org/I115475287,2012,2012,"University of California, Santa Barbara",University of Oklahoma; Oklahoma State University,,,
https://openalex.org/A5064624828,G. L. Garrison,https://openalex.org/I115475287,Oklahoma State University,1991,2007,https://openalex.org/I115475287,1991,2007,Oklahoma State University,Oklahoma State University Oklahoma City; University of Oklahoma; University of British Columbia,,,
https://openalex.org/A5061350335,Meenakumari Muthuramalingam,https://openalex.org/I115475287,Oklahoma State University,2013,2016,https://openalex.org/I115475287,2013,2016,University of Kansas,University of Oklahoma; Oklahoma State University; Bielefeld University,0000-0001-5635-325X,,
https://openalex.org/A5075201689,Jennifer Hays,https://openalex.org/I115475287,Oklahoma State University,2013,2025,https://openalex.org/I115475287,2013,2025,Oklahoma State University; Oklahoma State University Center for Health Sciences,"University of California, Davis; UCLA Medical Center; ING Direct; University of California, Irvine; Howard University; The Ohio State University; University of California, San Diego; Kaiser Permanente; Brigham and Women's Hospital; Wayne State University; The University of Texas Health Science Center at San Antonio; University of Pittsburgh; Baylor College of Medicine; Northwestern University; Hutzel Women's Hospital; Texas A&M University; Scott & White Memorial Hospital; University of Miami; New York University; The Ohio State University Comprehensive Cancer Center – Arthur G. James Cancer Hospital and Richard J. Solove Research Institute; Pacific Health Research and Education Institute; Stony Brook University; Weatherford College; Senju Pharmaceutical (United States); Wake Forest University; Rush University Medical Center; Fred Hutch Cancer Center; University of Hawaiʻi at Mānoa; Oklahoma State University Oklahoma City; University Hospital, Newark; Emory University; University of Tulsa; Stanford Health Care; University at Buffalo, State University of New York; MedStar Health; National Cancer Institute; Oklahoma State University at Tulsa; National Heart Lung and Blood Institute; State University of New York; University of Cincinnati; University of Massachusetts Chan Medical School; Providence College; Brown University; Harvard University; University of Wisconsin–Madison; University of Tennessee Health Science Center; University of Iowa; University of California, Los Angeles; University of Florida; UiT The Arctic University of Norway; Albert Einstein College of Medicine; University of Minnesota System; University of Washington; George Washington University; Temple College; University of Alabama at Birmingham; Medical College of Wisconsin; United States University; University of Hawaii System; University of Nevada, Reno; University of Houston; Kaiser Permanente Center for Health Research; University of Oklahoma; University of Arizona; University of North Carolina at Chapel Hill; Laboratoire d'Anthropologie Sociale; Texas A&M Health Science Center",0000-0002-8107-1243,,
https://openalex.org/A5003444057,Ammanuel Fesseha Woldearegay,https://openalex.org/I115475287,Oklahoma State University,2012,2012,https://openalex.org/I115475287,2012,2012,"University of California, Santa Barbara; Oklahoma State University; University of Oklahoma",Oklahoma State University Oklahoma City,,,
https://openalex.org/A5014744054,Edralin A. Lucas,https://openalex.org/I115475287,Oklahoma State University,1994,2025,https://openalex.org/I115475287,1994,2025,Oklahoma State University,Kyiv City Clinical Oncology Center; University of Oklahoma; Institut de Biologie et de Chimie des Protéines; Florida State University; Oklahoma State University Oklahoma City,0000-0002-4983-1193,,
https://openalex.org/A5036087613,Li Ma,https://openalex.org/I115475287,Oklahoma State University,2010,2024,https://openalex.org/I115475287,2010,2024,Nanjing University of Aeronautics and Astronautics; Oklahoma State University; West China Second University Hospital of Sichuan University; Pingdingshan University; Mianyang Normal University; Southeast University; Sichuan University,"Yale University; Kunming Institute of Zoology; Hainan University; Suzhou University of Science and Technology; Institute of Soil Science; Michigan State University; Bristol-Myers Squibb (United States); University of Georgia; Institute of Geographic Sciences and Natural Resources Research; Jilin Agricultural University; Yangtze University; Naval University of Engineering; Northwestern State University; Xinjiang Production and Construction Corps; Feed Research Institute; Henan Agricultural University; Chinese Academy of Medical Sciences & Peking Union Medical College; Nanjing Agricultural University; Hubei University of Technology; Northwest A&F University; Virginia Tech; U.S. Salinity Laboratory; The University of Texas at Austin; Northwestern Polytechnical University; University of California, Riverside; Baylor College of Medicine; Pediatrics and Genetics; University of Oklahoma; Southwest Minzu University; J. Craig Venter Institute; Southwest University of Science and Technology; Economic Research Institute; Hong Kong Polytechnic University; Lishui University; Columbia University Irving Medical Center; Emory University; China University of Petroleum, Beijing; Bristol-Myers Squibb (Germany); Oklahoma State University Oklahoma City; Guangxi University; Agricultural Research Service; Institute of Hematology & Blood Diseases Hospital; University of Chinese Academy of Sciences; Centers for Disease Control and Prevention; China State Shipbuilding (China); Chinese Academy of Sciences; Inner Mongolia Agricultural University; State Key Laboratory of Oral Diseases; Yunnan Academy of Agricultural Sciences; Bioanalytical Systems (United States); University of Washington; United States Department of Agriculture; Nanning Normal University; Shenyang Pharmaceutical University; University of Missouri; Chengdu University",0000-0002-9778-6032,,
https://openalex.org/A5101667396,Xiaofeng Chen,https://openalex.org/I115475287,Oklahoma State University,2025,2025,https://openalex.org/I115475287,2025,2025,Oklahoma State University; Beijing University of Civil Engineering and Architecture; Oklahoma State University Oklahoma City; Beijing Jiaotong University; Konka (China); King Abdullah University of Science and Technology,Institute of Semiconductors; ConocoPhillips (United States); Beijing University of Chemical Technology; Beijing National Laboratory for Molecular Sciences; Texas A&M University; Université Bourgogne Franche-Comté; University of Oklahoma; Nanyang Technological University; Bureau of Economic Geology; Guangzhou Design Institute; Institute of Zoology; Baoding University; Chinese Academy of Sciences; Bureau of Economic Analysis; Tianjin University; The University of Texas at Austin; Nanjing University of Aeronautics and Astronautics; Collaborative Innovation Center of Chemical Science and Engineering Tianjin; Shanghai Institute of Ceramics; Nanjing University; Lanzhou University; Shanghai Institute of Applied Physics; Institute of Chemistry; National University of Singapore; Central South University,0000-0002-9681-9111,,
https://openalex.org/A5007812507,Ashlyn Fiegener,https://openalex.org/I115475287,Oklahoma State University,2022,2025,https://openalex.org/I115475287,2022,2025,Oklahoma State University,Oklahoma State University System; University of Oklahoma; Oklahoma State University Oklahoma City,0000-0003-3756-8460,,
https://openalex.org/A5014775694,Stephen M. Sutherland,https://openalex.org/I115475287,Oklahoma State University,1979,1979,https://openalex.org/I115475287,1979,1979,,University of Oklahoma; Oklahoma State University,,,
https://openalex.org/A5050263955,D. M. Greene,https://openalex.org/I115475287,Oklahoma State University,1979,1980,https://openalex.org/I115475287,1979,1980,Baylor University,Oklahoma State University; University of Oklahoma,,,
https://openalex.org/A5074974770,Krzysztof Fidelis,https://openalex.org/I115475287,Oklahoma State University,1987,1987,https://openalex.org/I115475287,1987,1987,"University of California, Davis","Biotechnology Institute; University of California System; Brentwood Hospital; Umeå University; Temple University; Umeå Plant Science Centre; University of Warsaw; University of Oklahoma; Lawrence Livermore National Laboratory; University of Maryland, Baltimore; Uppsala University; Stockholm University; Oklahoma State University; National Institute of Standards and Technology",0000-0002-8061-412X,,
https://openalex.org/A5091697786,Dorsa Hosseininasab,https://openalex.org/I115475287,Oklahoma State University,2025,2025,https://openalex.org/I115475287,2025,2025,University of Oklahoma; Oklahoma State University,"Islamic Azad University, Science and Research Branch",0000-0003-1614-137X,,
https://openalex.org/A5061850319,Steven W. Muchmore,https://openalex.org/I115475287,Oklahoma State University,1987,1987,https://openalex.org/I115475287,1987,1987,AbbVie (United States),Michigan State University; Australian National University; University of Oklahoma; Howard Hughes Medical Institute; Abbott (United States); National Cancer Institute; Purdue University West Lafayette; Oklahoma State University; Abbott Fund; University of Oregon; W.E. Upjohn Institute for Employment Research; National Institutes of Health; Abbott (United Kingdom); In-Q-Tel; Discovery Laboratories (United States); National Institute of Diabetes and Digestive and Kidney Diseases,,,
https://openalex.org/A5034732395,Abinash Borah,https://openalex.org/I115475287,Oklahoma State University,2023,2025,https://openalex.org/I115475287,2023,2025,Oklahoma State University,University of Petroleum and Energy Studies; University of Oklahoma,0000-0001-7808-648X,,
https://openalex.org/A5103204126,Patti Hamilton,https://openalex.org/I115475287,Oklahoma State University,2002,2002,https://openalex.org/I115475287,2002,2002,Texas Woman's University,"University College London; Texas Health Dallas; St George's, University of London; St George's Hospital; Universitat de València; Veterinary Medical Teaching Hospital; University of Oklahoma; University of California, Davis; University of North Texas; Midwestern State University; University of Victoria; Texas Southern University; Instituto de Investigación Sanitaria La Fe; Robert Wood Johnson Foundation; Oklahoma State University; Universidad Dr. José Gregorio Hernández; Harris Health System; Wockhardt (United States); Flinders University; Jones College",0000-0003-3327-5660,,
https://openalex.org/A5006148678,Margaret A. Eastman,https://openalex.org/I115475287,Oklahoma State University,1999,2024,https://openalex.org/I115475287,1999,2024,Oklahoma State University,"FC Barcelona; Lawrence Berkeley National Laboratory; Material Sciences (United States); University of Maryland, Baltimore; University of Oklahoma; University of Kansas; University of North Carolina at Chapel Hill; University of California, Berkeley; McMaster University; Capital District Health Authority; Oklahoma State University Oklahoma City",0009-0006-9709-5123,,
https://openalex.org/A5028806356,Edward Richmond,https://openalex.org/I115475287,Oklahoma State University,2014,2024,https://openalex.org/I115475287,2014,2024,,University of Oklahoma; University of Illinois Urbana-Champaign; University of Oregon; University of North Carolina Health Care; University of British Columbia; University of North Carolina at Chapel Hill; Institut de Mathématiques de Jussieu-Paris Rive Gauche; University of Amsterdam; Oklahoma State University; Instituto Nacional de Matemática Pura e Aplicada; Oklahoma State University Oklahoma City,0009-0001-1548-4533,,
https://openalex.org/A5113557979,Jerry D. Williams,https://openalex.org/I115475287,Oklahoma State University,1985,1985,https://openalex.org/I115475287,1985,1985,US Forest Service,St. Louis Children's Hospital; Oklahoma State University; University of Oklahoma; Mississippi State University; Texas A&M University; Sulzer (United Kingdom),,,
https://openalex.org/A5034319370,Sara Coffey,https://openalex.org/I115475287,Oklahoma State University,2016,2021,https://openalex.org/I115475287,2016,2021,Oklahoma State University Center for Health Sciences,Brandeis University; Oklahoma State University; University of Oklahoma; Institute of Behavioral Sciences; Cambridge Health Alliance; Harvard University; Oklahoma State University Oklahoma City,0000-0003-3227-1350,,
https://openalex.org/A5017552930,Erik R. Vanderlip,https://openalex.org/I115475287,Oklahoma State University,2016,2016,https://openalex.org/I115475287,2016,2016,Harvard University; Oregon Health & Science University; Jazz Pharmaceuticals (United States); University of Pennsylvania; Kaiser Permanente,"Illinois College; Harborview Medical Center; University of California, Davis; University of Iowa; University of Illinois Urbana-Champaign; University of Oklahoma; University of Arkansas for Medical Sciences; University of Iowa Hospitals and Clinics; Emory University; University of Southern California; Oklahoma State University; Iowa City VA Health Care System; Case Western Reserve University; Aarhus University; University of Washington",0000-0002-9374-7511,,
https://openalex.org/A5078754488,Douglas B. Smith,https://openalex.org/I115475287,Oklahoma State University,2002,2025,https://openalex.org/I115475287,2002,2025,Johns Hopkins University; Oklahoma State University,Sidney Kimmel Cancer Center; University of the Pacific; Naval Postgraduate School; Health and Human Development (2HD) Research Network; Johnson & Johnson (United States); Texas Tech University; Virginia Tech; Thoughtventions Unlimited (United States); Creighton University; University of Nebraska–Lincoln; Jacobs (United States); University of Vienna; Ohio University; Ohio Department of Health; Johns Hopkins Medicine; Orbital ATK (United States); Georgia Southern University; United States Air Force Academy; Edwards (United Kingdom); Joint Base San Antonio; University of Missouri–Kansas City; Bureau international des poids et mesures; National Physical Laboratory; Northrop Grumman (United States); Wayne State College; American College of Surgeons; Baylor University; Kansas State University; University of Oklahoma; University of Kansas; NOAA National Weather Service; Des Moines University; Texas A&M University – Kingsville; University of Wisconsin–La Crosse; Oklahoma State University Oklahoma City; University of Nebraska Medical Center; College Track; Texas A&M University; Modus Operandi (United States); Oklahoma Baptist University; Sidney Kimmel Comprehensive Cancer Center; University of Kentucky; University of Wisconsin–Milwaukee; University of Southern Mississippi; Central Michigan University,0000-0003-3833-8149,,
https://openalex.org/A5112234380,Robert W. Hill,https://openalex.org/I115475287,Oklahoma State University,2018,2018,https://openalex.org/I115475287,2018,2018,,Utah State University; Lawn Tennis Association; University of Oxford; Nova Southeastern University; Clarke University; The University of Sydney; University of Toronto; University of Jordan; Universities UK; NOAA National Weather Service; Appalachian State University; Missile Defense Agency; Clarendon College; The University of Texas at Austin; United States Bureau of Reclamation; American Meteorological Society; Duke University; Virginia Commonwealth University; IBM (United States); Salisbury University; Case Western Reserve University; Hill Engineering (United States); University of Oklahoma,,,
https://openalex.org/A5052130166,Sharon R. Bird,https://openalex.org/I115475287,Oklahoma State University,2019,2019,https://openalex.org/I115475287,2019,2019,West Virginia University,Oklahoma State University; Improvement Service; University of Oklahoma; Care Resource; Iowa State University; University of Liverpool; Nurse-Family Partnership; IDELIX Software (Canada); Aintree University Hospitals NHS Foundation Trust; Loyola University Medical Center; Christ University; Washington State University; Devereux,0000-0001-9348-0880,,
https://openalex.org/A5021109352,Zahid Hossain,https://openalex.org/I115475287,Oklahoma State University,2016,2016,https://openalex.org/I115475287,2016,2016,Arkansas State University,Oklahoma State University; University of Manitoba; Louisiana State University; University of Wollongong; University of Oklahoma; University of New Mexico; American Concrete Institute; China State Construction Engineering (China); ORCID; Arkansas Biosciences Institute; Islamic University of Technology; Bangladesh University of Engineering and Technology,0000-0003-3395-564X,,
https://openalex.org/A5079251410,Biswajit K. Bairgi,https://openalex.org/I115475287,Oklahoma State University,2016,2016,https://openalex.org/I115475287,2016,2016,Auburn University,University of New Mexico; Arkansas State University; Oklahoma State University; Asphalt Institute; University of Oklahoma,,,
https://openalex.org/A5114247710,Musharraf Zaman,https://openalex.org/I115475287,Oklahoma State University,2016,2016,https://openalex.org/I115475287,2016,2016,Southern Plains Transportation Center; Virginia Department of Transportation; Oklahoma Department of Transportation; University of Oklahoma; American Standard (United States),"Manchester Airport; Oklahoma State University; The University of Texas at Austin; South Dakota State University; Arkansas State University; University of Pittsburgh; University of Nevada, Reno",,,
https://openalex.org/A5077076417,Jintana Siripitayananon,https://openalex.org/I115475287,Oklahoma State University,1994,1994,https://openalex.org/I115475287,1994,1994,Chiang Mai University,Mahidol University; University of Reading; National Science and Technology Development Agency; Oklahoma State University; King's College Hospital; University of Oklahoma; Ministry of Science and Technology Thailand,,,
https://openalex.org/A5008809646,Eugene Patterson,https://openalex.org/I115475287,Oklahoma State University,1994,2007,https://openalex.org/I115475287,1994,2007,,OU Health; Renmin Hospital of Wuhan University; The University of Melbourne; Oklahoma State University Oklahoma City; Fu Wai Hospital; Oklahoma City University; University of Michigan; Peking University Third Hospital; Chinese Academy of Medical Sciences & Peking Union Medical College; Cleveland Clinic; Liberty University; Royal Children's Hospital; Oklahoma Humanities Council; University of Szeged; University Medical Center; University of Oklahoma Health Sciences Center; University of Utah; United States Department of Veterans Affairs; Peking University; Howard Hughes Medical Institute; Michigan Medicine; University of Oklahoma; Thomas Jefferson University; Texas Cardiac Arrhythmia; American Heart Association; Wuhan University; University of Oklahoma Medical Center; Oklahoma City VA Medical Center; Oklahoma State University,0000-0001-9666-2348,,
https://openalex.org/A5101678246,Robert J. Gordon,https://openalex.org/I115475287,Oklahoma State University,1971,1971,https://openalex.org/I115475287,1971,1971,University of Windsor; University of Illinois Chicago; University of Glasgow,"University of Ottawa; United States Naval Research Laboratory; University of Chicago; Stanford University; University of Guelph; Los Angeles County Department of Public Health; University of Toronto; Western University; Procter & Gamble (United States); Texas A&M University; University of London; Hitachi Global Storage Technologies (United States); Utah State University; Harvard University; Nova Scotia Department of Agriculture; Jilin University; University of South Wales; Centre for Economic Policy Research; Queen's University Belfast; Southern Methodist University; University of the Free State; University of Ulster; Oklahoma State University; Wilfrid Laurier University; California Institute of Technology; Mitchell Institute; Cobham (United States); Université Laval; Indo-American Center; NOAA Chemical Sciences Laboratory; University at Buffalo, State University of New York; McGill University; University of Michigan; Wallace Laboratories; Haskins Laboratories; University of Sheffield; University of Alberta; University of California, Irvine; National Postdoctoral Association; State of California; University of Oklahoma; Sartorius (United States); University of Vermont; Northwestern University; Georgia State University; University of California, Berkeley; National Bureau of Economic Research; Sterling Research Group; Weizmann Institute of Science",0000-0001-7649-2847,,
https://openalex.org/A5082771876,D. W. MacVean,https://openalex.org/I115475287,Oklahoma State University,1977,1978,https://openalex.org/I115475287,1977,1978,Colorado State University,University of Oklahoma; Bennett College; Oklahoma State University,,,
https://openalex.org/A5044839934,R.N. Maddox,https://openalex.org/I115475287,Oklahoma State University,1972,2017,https://openalex.org/I115475287,1972,2017,,Oklahoma State University; Oklahoma State University Oklahoma City; University of Oklahoma; Lamar University,,,
https://openalex.org/A5057705844,Ralph Lazzara,https://openalex.org/I115475287,Oklahoma State University,1994,1996,https://openalex.org/I115475287,1994,1996,University of Oklahoma Medical Center; University of Oklahoma Health Sciences Center,Simón Bolívar University; Oklahoma City University; Mount Sinai Medical Center; Mayo Clinic; Peking University Third Hospital; University of Utah; Université de Montréal; Institute of Cardiology; Ochsner Medical Center; Heart Rhythm Society; Fitzsimons Army Medical Center; United States Department of Veterans Affairs; University of Szeged; American Heart Association; University of Amsterdam; University of Michigan; American College of Cardiology; Fu Wai Hospital; Oklahoma Heart Hospital; Lung Institute; Oklahoma City VA Medical Center; Duke Medical Center; Fudan University; Amsterdam UMC Location University of Amsterdam; INTEGRIS Baptist Medical Center; Peking University; Penn Presbyterian Medical Center; Oklahoma State University; Texas Cardiac Arrhythmia; University of Pennsylvania; Wuhan University; University Medical Center; St. Mary's Hospital; Georgetown University; St. Jude Medical Center; Columbia University; Universität Hamburg; Duke University Hospital; Zhongshan Hospital; Oklahoma State University Oklahoma City; University of Washington; University of Miami Hospital; Chinese Academy of Medical Sciences & Peking Union Medical College; Netherlands Heart Institute; University of Geneva; Memorial Hospital; University Medical Center Hamburg-Eppendorf; Rome Foundation; University of British Columbia; Centro Clinico Nemo; Renmin Hospital of Wuhan University; OU Health; Oklahoma Humanities Council; Texas Health Dallas; European Society of Cardiology; University of Colorado Health; University of Miami; Chirurgische Universitätsklinik Heidelberg; University of New Orleans; University of Milan; University Hospital Heidelberg; Heidelberg University; University of Oklahoma; Miami Heart Research Institute; Indiana University – Purdue University Indianapolis,0000-0002-7361-6119,,
https://openalex.org/A5112572691,D. VAN DER HELM,https://openalex.org/I115475287,Oklahoma State University,1987,1997,https://openalex.org/I115475287,1987,1997,,Indiana University Bloomington; Indiana University; University of Crete; University of Victoria; Sri Venkateswara University; University of Idaho; University of Houston; Université Clermont Auvergne; Northern Kentucky University; Pennsylvania State University; King's College Hospital; University of Göttingen; University of Glasgow; Oklahoma State University; Saint-Gobain (France); University of Tübingen; University of Oklahoma; University of Cincinnati,0000-0001-7152-1434,,
https://openalex.org/A5094431873,Dennis Grawoig,https://openalex.org/I115475287,Oklahoma State University,1971,1971,https://openalex.org/I115475287,1971,1971,"University of California, Irvine; Mitchell Institute; University of Oklahoma; Texas A&M University; University at Buffalo, State University of New York; Oklahoma State University; Georgia State University",,,,
https://openalex.org/A5009970291,Florian D. Schubot,https://openalex.org/I115475287,Oklahoma State University,1994,1996,https://openalex.org/I115475287,1994,1996,Virginia Tech,Center for Cancer Research; University of Georgia; University of Oklahoma; Frederick National Laboratory for Cancer Research; Oklahoma State University; National Cancer Institute; Joint Center for Structural Genomics; National Institutes of Health,0000-0002-7403-4735,,
https://openalex.org/A5109886008,Mark H. Mellow,https://openalex.org/I115475287,Oklahoma State University,1992,1992,https://openalex.org/I115475287,1992,1992,Integris Health,Georgetown University Medical Center; Oklahoma City University; Synod Hospital; Georgetown University; Oklahoma Heart Hospital; Beltsville Human Nutrition Research Center; United States Department of Veterans Affairs; INTEGRIS Baptist Medical Center; Boston University; Presbyterian Hospital; American Society for Gastrointestinal Endoscopy; Oklahoma State University; University of Oklahoma,,,
https://openalex.org/A5108465232,Patrick Anderson,https://openalex.org/I115475287,Oklahoma State University,1978,1978,https://openalex.org/I115475287,1978,1978,Niagara Health System,"University of Oklahoma; Johnson University; Ethics and Public Policy Center; Rutgers New Jersey Medical School; Bronx-Lebanon Hospital Center; California Department of Public Health; United States Military Academy; University of Ottawa; Rutgers, The State University of New Jersey; MSD K.K. (Japan); Yeshiva University; Oklahoma State University; UConn Health; Rutgers Sexual and Reproductive Health and Rights; Ottawa Hospital; Newark Beth Israel Medical Center; Montefiore Medical Center; The Bronx Defenders; Albert Einstein College of Medicine",,,
https://openalex.org/A5064164810,Stanley L. Silberg,https://openalex.org/I115475287,Oklahoma State University,1978,1978,https://openalex.org/I115475287,1978,1978,Leiden University,University of Oklahoma; University of Missouri Health System; University of Central Oklahoma; University of Oklahoma Health Sciences Center; University of Kansas; Central State University; University of Missouri; Oklahoma State University,,,
https://openalex.org/A5003187125,Don H. Wolfe,https://openalex.org/I115475287,Oklahoma State University,2011,2011,https://openalex.org/I115475287,2011,2011,,University of Oklahoma; Agricultural Research Service,,,
https://openalex.org/A5087331395,Emanuel Parzen,https://openalex.org/I115475287,Oklahoma State University,1971,1971,https://openalex.org/I115475287,1971,1971,,"Texas A&M University; Szent János Kórház; Purdue University West Lafayette; Columbia University; University of Sheffield; University at Buffalo, State University of New York; Hudson Institute; University of Oklahoma; Wright-Patterson Air Force Base; Georgia State University; University of Utah; INSEAD; Mitchell Institute; Oklahoma State University; Stanford University; The Institute of Statistical Mathematics; Harvard University; University of California, Irvine",,,
https://openalex.org/A5062609114,Anuradha Singh,https://openalex.org/I115475287,Oklahoma State University,2013,2023,https://openalex.org/I115475287,2013,2023,Yale University; University of Allahabad,Oklahoma State University Oklahoma City; Council of Scientific and Industrial Research; Stillwater (Canada); University of Southern Mississippi; Galgotias University; University of Oklahoma; Harcourt Butler Technical University; Indian Institute of Toxicology Research; University of Rajasthan; Icahn School of Medicine at Mount Sinai; University of Akron; Ahmedabad Civil Hospital; Bhagat Phool Singh Mahila Vishwavidyalaya; Oklahoma State University,0000-0002-8145-1369,,
https://openalex.org/A5100610349,Weili Zhang,https://openalex.org/I115475287,Oklahoma State University,2005,2025,https://openalex.org/I115475287,2005,2025,San’an Optoelectronics (China); Henan Tianguan Group (China); Southeast University; Sichuan University; China University of Mining and Technology; University of Electronic Science and Technology of China; Oklahoma State University,"Tianjin University; First Affiliated Hospital Zhejiang University; State Key Laboratory of Electronic Thin Films and Integrated Devices; Ningxia Academy of Agriculture and Forestry Sciences; Shanxi Agricultural University; Chengdu University; Hong Kong University of Science and Technology; University Town of Shenzhen; State Key Laboratory of Optoelectronic Materials and Technology; Integrated Optoelectronics (Norway); Shenyang University; Xi'an Jiaotong University; Chinese Academy of Agricultural Sciences; Zhengzhou University of Light Industry; Nanyang Technological University; Shaanxi Research Association for Women and Family; University of Göttingen; Dezhou University; Dorn Research Institute; Chinese Academy of Sciences; University of Chinese Academy of Sciences; Nanjing University of Aeronautics and Astronautics; Rutgers, The State University of New Jersey; University of Hong Kong; King Abdullah University of Science and Technology; Shanghai Tunnel Engineering (China); National Engineering Research Center of Electromagnetic Radiation Control Materials; Shanghai Institute of Optics and Fine Mechanics; Central South University; Inner Mongolia University; University of Oklahoma; Jiangsu University; Institute of Software; Institute of Electronics; Hubei University; Carnegie Mellon University; Tsinghua University; Sichuan Cancer Hospital; West China Hospital of Sichuan University; Xidian University; Chinese Academy of Medical Sciences & Peking Union Medical College; Henan University of Economic and Law; Sun Yat-sen University; Lishui City People's Hospital; Shanghai University; University of Science and Technology of China; Harbin University of Science and Technology; Dalian University of Technology; Hong Kong Polytechnic University; Hefei University of Technology; Oklahoma State University Oklahoma City; Anhui Agricultural University; Shangqiu Institute of Technology; Shanghai Clinical Research Center; Tongji University; China University of Geosciences; Institute of Agricultural Resources and Regional Planning; Southwest Jiaotong University; Henan Normal University; PLA Information Engineering University; Central South University of Forestry and Technology; Luoyang Institute of Science and Technology; Shantou University; Hunan University of Technology; Shandong University of Science and Technology; Dalian Maritime University; Zhengzhou University; Yantaishan Hospital; Hebei University; State Key Laboratory of Biotherapy; Shanghai Advanced Research Institute",0000-0002-7956-7688,,
https://openalex.org/A5063138169,Amanda Sheffield Morris,https://openalex.org/I115475287,Oklahoma State University,2007,2025,https://openalex.org/I115475287,2007,2025,Oklahoma State University; Eli Lilly (United States),"Johns Hopkins Medicine; Sistemas Genómicos; Western Carolina University; University of Oklahoma - Tulsa; University of Manitoba; Oklahoma State University at Tulsa; Northwestern University; LASALLE College of the Arts; Christiana Care Health System; Oklahoma Department of Human Services; Oklahoma State University Oklahoma City; University of Oklahoma; Johns Hopkins University; Oncology Nursing Society; Arizona State University; Health Sciences Centre; Toronto Metropolitan University; Imaging Center; Maudsley Hospital; South London and Maudsley NHS Foundation Trust; Hospital for Sick Children; Syracuse University; University of Toronto; University of New Orleans; Glasgow Royal Infirmary; University of Utah; University of California, San Diego; SickKids Foundation; Oklahoma State University Medical Center; Winnipeg Regional Health Authority; University of Guelph; Laureate Institute for Brain Research; Sidney Kimmel Cancer Center; Villanova University",0000-0003-3587-822X,,
https://openalex.org/A5032021259,Jamie L. Van Dycke,https://openalex.org/I115475287,Oklahoma State University,2006,2010,https://openalex.org/I115475287,2006,2010,Fontbonne University,University of Oklahoma; Oklahoma State University; Northeastern State University,,,
https://openalex.org/A5084763514,Punidan D. Jeyasingh,https://openalex.org/I115475287,Oklahoma State University,2009,2025,https://openalex.org/I115475287,2009,2025,Oklahoma State University Oklahoma City,University of Oklahoma; University of Minnesota; University of Minnesota System; Murray State University; Sarojini Naidu Medical College; Oklahoma State University; University of Jyväskylä,0000-0002-5323-3217,,
