author_id,name,inst_1_id,inst_1_name,year_start_1,year_end_1,CORNELL_ID,CORNELL_year_start,CORNELL_year_end,current_institutions,past_institutions,orcid,status,message
https://openalex.org/A5089573921,Y. Kera,https://openalex.org/I205783295,Cornell University,1980,1980,https://openalex.org/I205783295,1980,1980,Cornell University,,,,
https://openalex.org/A5111889153,Robert Fifer,https://openalex.org/I205783295,Cornell University,1971,1971,https://openalex.org/I205783295,1971,1971,,Cornell University,,,
https://openalex.org/A5113756248,Carl Broock Weiss,https://openalex.org/I205783295,Cornell University,1962,1962,https://openalex.org/I205783295,1962,1962,Cornell University,,,,
https://openalex.org/A5087235686,Gregory Ahmann,https://openalex.org/I205783295,Cornell University,2018,2018,https://openalex.org/I205783295,2018,2018,Phoenix (United States); Mayo Clinic in Arizona,Mayo Clinic in Florida; Tisch Hospital; Mayo Clinic; Translational Genomics Research Institute; Cornell University; University of Minnesota; WinnMed; Icahn School of Medicine at Mount Sinai; NYU Langone Health; Vanderbilt University Medical Center; Johns Hopkins University; Mayo Clinic Comprehensive Cancer Center (Arizona); National Cancer Institute,,,
https://openalex.org/A5058776012,John Parry,https://openalex.org/I205783295,Cornell University,1971,1971,https://openalex.org/I205783295,1971,1971,WPP (United Kingdom),Health Data Research UK; Public Health England; University of Iowa; Memorial; Wellcome Trust; John Lewis Partnership (United Kingdom); The Royal Melbourne Hospital; Public Health Laboratory; Digital Health Cooperative Research Centre; London School of Hygiene & Tropical Medicine; Harvard University; Cornell University; International Geographical Union; National Public Health Laboratory; Digital China Health (China); University of Oxford; Central Middlesex Hospital; Canterbury Christ Church University; UK Research and Innovation; Medical Research Council; SUNY Delhi; Harvard University Press,0000-0002-0190-1121,,
https://openalex.org/A5082251174,Brian Critelli,https://openalex.org/I205783295,Cornell University,2023,2025,https://openalex.org/I205783295,2023,2025,Weill Cornell Medicine; Cornell University,,,,
https://openalex.org/A5042596874,Edward C. Halperin,https://openalex.org/I205783295,Cornell University,1990,1992,https://openalex.org/I205783295,1990,1992,Atom Computing (United States),Duke University; Boston University; Johns Hopkins Medicine; Duke University Hospital; Stanford University; Tirat Carmel Mental Health Center; Johns Hopkins University; Harvard University; University of Birmingham; Medical College of Wisconsin; Triangle; New York Blood Center; Weatherford College; Moscow University Touro; Duke Medical Center; Massachusetts General Hospital; Active Medicine (United Kingdom); Radiological Society of North America; Pediatrics and Genetics; New York Medical College; Kentucky Science Center; Radiation Oncology Associates; University of Louisville; Kumamoto University; Ford Foundation; Dean College; Cornell University; Parker Hannifin (United States); Rabin Medical Center; Technion – Israel Institute of Technology; Universitätsklinik für Stereotaktische Neurochirurgie; University of North Carolina at Chapel Hill; Touro College; University Medical Center,0000-0002-0849-5576,,
https://openalex.org/A5109895474,D.O. Mak,https://openalex.org/I205783295,Cornell University,1995,1997,https://openalex.org/I205783295,1995,1997,,Cornell University; Sophien-und Hufeland Klinikum; Arcos (United States),,,
https://openalex.org/A5022617269,Thomas P. Sculco,https://openalex.org/I205783295,Cornell University,1986,2021,https://openalex.org/I205783295,1986,2021,Stavros; Hospital for Special Surgery,Hospital of the University of Pennsylvania; University Medical Center; University of Pennsylvania; Public Health Dayton & Montgomery County; Joint Replacement Institute; Memorial Sloan Kettering Cancer Center; Lenox Hill Hospital; New York University Langone Orthopedic Hospital; New York University; May Institute; Northwestern University; Minneapolis Institute of Arts; University of America; NewYork–Presbyterian Hospital; Hospital Italiano de Buenos Aires; Royal North Shore Hospital; Zimmer Biomet (Switzerland); Catholic University of America; James N. Kirby Foundation; Illinois Bone and Joint Institute; Weatherford College; WinnMed; Georgetown University; The University of Sydney; Cornell University; Fundación Juan March; Exactech (United States); Mayo Clinic; University of Minnesota; Greenwich Hospital; Musgrove Park Hospital; Albert Einstein College of Medicine; Columbia University; Windsor Dermatology; Individual Differences; New York Academy of Medicine; Orthopaedic Center; Orthopedic One,0000-0001-6662-5570,,
https://openalex.org/A5036388273,Nancy J. Cox,https://openalex.org/I205783295,Cornell University,2005,2005,https://openalex.org/I205783295,2005,2005,Vanderbilt University Medical Center; Vanderbilt Health; Vanderbilt University,"Cancer Research Center; Amsterdam UMC Location Vrije Universiteit Amsterdam; Genomics (United Kingdom); Justus-Liebig-Universität Gießen; Universidade de São Paulo; Stanley Foundation; Stony Brook University; Stanford University; Howard Hughes Medical Institute; Pediatrics and Genetics; Cancer Council Victoria; Helsinki University Hospital; Immunovaccine (Canada); Texas A&M Health Science Center; University of North Carolina at Chapel Hill; Verve Therapeutics (United States); Oxford Centre for Diabetes, Endocrinology and Metabolism; University of the West Indies; Russian Academy of Sciences; Mount Sinai Hospital; Hammersmith Hospital; Texas Research Institute; Northwestern University; German Cancer Research Center; Centre National de Recherche en Génomique Humaine; University of Helsinki; University Medical Center New Orleans; The Centers; IP Australia; The University of Texas MD Anderson Cancer Center; National Center for Infectious Diseases; Dr. Margarete Fischer-Bosch-Institute of Clinical Pharmacology; Cancer Prevention Institute of California; Auburn University; Zhejiang University; Mayo Clinic; Icahn School of Medicine at Mount Sinai; Dana-Farber Cancer Institute; Eastman Dental Hospital; Johannes Gutenberg University Mainz; University of Illinois Chicago; University Medical Center Hamburg-Eppendorf; National Cancer Institute; University of Colorado Boulder; Google (United States); Jewish Hospital; QIMR Berghofer Medical Research Institute; Institute of Cancer Research; Cancer Institute (WIA); Reproductive Genetics Institute; The Ohio State University; Kelly Services (United States); Hunan Provincial Center for Disease Control and Prevention; Thermo Fisher Scientific (Sweden); University of Hong Kong; Wake Forest University; Alzheimer's Association; United States Department of Health and Human Services; National Influenza Center; Massachusetts General Hospital; University of South Florida; Washington University in St. Louis; St Bartholomew's Hospital; Brigham and Women's Hospital; RIKEN Center for Integrative Medical Sciences; Harvard University; Johns Hopkins University; Universität Hamburg; Wayne State University; University of Pennsylvania; Erasmus MC; University College London; Ningbo University; University of Michigan; London School of Hygiene & Tropical Medicine; Palo Alto Institute; Center for Human Genetics; Research Network (United States); State University of New York; Armed Forces Institute of Pathology; AID Atlanta; University of Florida; Centers for Disease Control and Prevention; Westmead Hospital; University of Pretoria; Danish Cancer Society; Queen Mary Hospital; St. Jude Children's Research Hospital; Center for Disease Control; Louisiana State University; University of California, Irvine; University of California, San Diego; Universitat Pompeu Fabra; University of Wisconsin–Madison; Institute for Quality and Efficiency in Health Care; Animal and Plant Health Inspection Service; Breakthrough; Heidelberg University; United States Department of Agriculture; Jewish Hospital; University of Washington; Atrium Health Wake Forest Baptist; University of California, San Francisco; Center for Personalized Cancer Treatment; Office of Infectious Diseases; Case Western Reserve University; Breast Cancer Research Foundation; Indiana University – Purdue University Indianapolis; PharmacoGenetics (China); The Royal Free Hospital; Health and Human Development (2HD) Research Network; Emory University; Westmead Institute; Victorian Infectious Diseases Reference Laboratory; University of Cologne; National Center for Immunization and Respiratory Diseases; Erasmus University Rotterdam; Texas A&M University; Mayo Clinic in Arizona; Center for Surveillance, Epidemiology, and Laboratory Services; University Hospital and Clinics; Karolinska Institutet; University of Maryland, Baltimore; Imperial College London; The Barbara Ann Karmanos Cancer Institute; University of Chicago; University of Cambridge; Centers for Disease Control and Prevention; New York Medical College; Academy of Medical Sciences; InDevR (United States); Cancer Registry of Norway; University of Ibadan; University of Oxford; Translational Genomics Research Institute; Ministry of Health; Sovah Health Martinsville; Cornell University; Genome Institute of Singapore; CDC Foundation; University of Rochester Medical Center; Addenbrooke's Hospital; United States Food and Drug Administration; Max Planck Institute of Psychiatry; Medical Research Council; The University of Melbourne; University of Southern California; U.S. National Poultry Research Center; Lunenfeld-Tanenbaum Research Institute; Memorial Sloan Kettering Cancer Center; The University of Sydney; Charing Cross Hospital; University Medical Center; Oslo University Hospital; Duke University; Baylor College of Medicine; Peter MacCallum Cancer Centre; World Health Organization - Pakistan; University of Iowa; Broad Institute",0000-0001-9315-0830,,
https://openalex.org/A5050357992,Jun Mistsuhashi,https://openalex.org/I205783295,Cornell University,1964,1964,https://openalex.org/I205783295,1964,1964,Cornell University,,,,
https://openalex.org/A5106034524,J. Wolinski,https://openalex.org/I205783295,Cornell University,1987,1989,https://openalex.org/I205783295,1987,1989,,"Argonne National Laboratory; Academia Sinica; Harvard University Press; University of Bologna; Yale University; The Ohio State University; University of Wisconsin–Madison; University of Maryland, College Park; Ithaca College; University of Kansas; Fermi National Accelerator Laboratory; Texas A&M University; Michigan State University; University at Albany, State University of New York; University of Rochester; University of Florida; University of Nebraska–Lincoln; Duke University; University of Minnesota; Children's Defense Fund; Universidad de Cantabria; Instituto de Física de Cantabria; Harvard University; Syracuse University; Purdue University West Lafayette; Cornell University; Vanderbilt University; Istituto Nazionale di Fisica Nucleare; High Energy Accelerator Research Organization; Fermi Research Alliance",,,
https://openalex.org/A5016514829,Caleb K. Charny,https://openalex.org/I205783295,Cornell University,2000,2001,https://openalex.org/I205783295,2000,2001,Johns Hopkins Medicine; Johns Hopkins University,Memorial Sloan Kettering Cancer Center; Cooper Union; United States Department of Health and Human Services; Presbyterian Hospital; New York University; National Institutes of Health; New York Hospital Queens; Office of Research Services; Cornell University; NewYork–Presbyterian Hospital,,,
https://openalex.org/A5024657765,Paul Vincelli,https://openalex.org/I205783295,Cornell University,1990,1990,https://openalex.org/I205783295,1990,1990,University of Kentucky,Cornell University; Plant (United States),0000-0001-9715-7415,,
https://openalex.org/A5080142967,J. W. Serene,https://openalex.org/I205783295,Cornell University,1974,1980,https://openalex.org/I205783295,1974,1980,,State University of New York; U.S. National Science Foundation; Stony Brook University; American Physical Society; Georgetown University; Stanford University; United States Naval Research Laboratory; Cornell University; Princeton University; Yale University,0000-0002-3233-2531,,
https://openalex.org/A5112262858,Tatiana Delgado,https://openalex.org/I205783295,Cornell University,2017,2017,https://openalex.org/I205783295,2017,2017,Weill Cornell Medicine; Presbyterian Hospital; New York Hospital Queens; Cornell University; NewYork–Presbyterian Hospital,,,,
https://openalex.org/A5110146423,Marian B. Meyers,https://openalex.org/I205783295,Cornell University,1976,1991,https://openalex.org/I205783295,1976,1991,New York University,"The Bronx Defenders; Walker (United States); University of Illinois Chicago, Rockford campus; Memorial Sloan Kettering Cancer Center; Kettering University; University of Glasgow; National Institutes of Health; Icahn School of Medicine at Mount Sinai; Cornell University; Illinois College; Albert Einstein College of Medicine",,,
https://openalex.org/A5110235364,Melanie Marshall,https://openalex.org/I205783295,Cornell University,2025,2025,https://openalex.org/I205783295,2025,2025,Cornell University,Tufts Medical Center; UNSW Sydney; Versus Arthritis; Queen's Medical Centre; University College London; University of London; Primary Health Care; University of Nottingham; University of Massachusetts Chan Medical School; Draper Laboratory; British Heart Foundation; Lincoln College; Primary HealthCare; King's College London,,,
https://openalex.org/A5045799998,Victor E. Marshall,https://openalex.org/I205783295,Cornell University,1960,1960,https://openalex.org/I205783295,1960,1960,Cornell University; NewYork–Presbyterian Hospital,,,,
https://openalex.org/A5050285894,Mark T. Huyler,https://openalex.org/I205783295,Cornell University,1992,1992,https://openalex.org/I205783295,1992,1992,Washington State University,Cornell University; Monsanto (United States); University of Vermont; Ithaca College,,,
https://openalex.org/A5080713924,Kety Huberman,https://openalex.org/I205783295,Cornell University,2012,2012,https://openalex.org/I205783295,2012,2012,Memorial Sloan Kettering Cancer Center,Hospital Universitari Arnau de Vilanova; Hospital Universitario Ramón y Cajal; Emory University; Igenbio (United States); Universitat de Lleida; Washington University in St. Louis; NYU Langone Health; Cornell University; Molecular Oncology (United States); Ludwig Cancer Research,0000-0001-8394-7010,,
https://openalex.org/A5100366131,Zhao Dong,https://openalex.org/I205783295,Cornell University,2013,2015,https://openalex.org/I205783295,2013,2015,Seattle University; Shanghai Electric (China); Hefei University of Technology; META Health,Cornell University; Max Planck Institute for Informatics; Max Planck Society; Meta (Israel); Xinxiang Medical University; Henan Psychiatric Hospital; Zhumadian Central Hospital,0000-0002-9026-6886,,
https://openalex.org/A5076978694,D. Ethan Kahn,https://openalex.org/I205783295,Cornell University,1970,1970,https://openalex.org/I205783295,1970,1970,NYU Langone Health; New York University,Cliniques Universitaires Saint-Luc; The Ohio State University; University of Miami; Drexel University; Johns Hopkins University; Freie Universität Berlin; New York State College of Veterinary Medicine; Cornell University,,,
https://openalex.org/A5026043009,Jens H. Bardarson,https://openalex.org/I205783295,Cornell University,2010,2010,https://openalex.org/I205783295,2010,2010,KTH Royal Institute of Technology,"Cornell University; Max Planck Institute for the Physics of Complex Systems; Lawrence Berkeley National Laboratory; Leiden University; University of California, Berkeley; Max Planck Society; University of Iceland",0000-0003-3328-8525,,
https://openalex.org/A5020150254,David N. Bunck,https://openalex.org/I205783295,Cornell University,2012,2014,https://openalex.org/I205783295,2012,2014,California Institute of Technology,University of Wisconsin–Madison; Cornell University,0000-0002-6246-9846,,
https://openalex.org/A5103278465,Gurpreet Singh,https://openalex.org/I205783295,Cornell University,2019,2020,https://openalex.org/I205783295,2019,2020,,Banaras Hindu University; Presbyterian Hospital; Punjab Engineering College; Institute of Medical Sciences; Toi Ohomai Institute of Technology; Cornell University; National University of Singapore; NewYork–Presbyterian Hospital; New York Hospital Queens; Indian Institute of Management Mumbai; Gian Sagar Medical College and Hospital; Punjabi University; Taiping Hospital; Manukau Institute of Technology; Guru Gobind Singh Medical College and Hospital; Guru Teg Bahadur Hospital; Amrita Institute of Medical Sciences and Research Centre; Dayanand Medical College & Hospital; GlaxoSmithKline (United States); Weill Cornell Medicine,0000-0002-4354-269X,,
https://openalex.org/A5098176357,Joseph E. VanDerwerken,https://openalex.org/I205783295,Cornell University,1988,1988,https://openalex.org/I205783295,1988,1988,Cornell University,,,,
https://openalex.org/A5071739749,Judith A. Flanagan,https://openalex.org/I205783295,Cornell University,2006,2006,https://openalex.org/I205783295,2006,2006,Hershey (United States); Cornell University,Agricultural Research Service; Brunswick (United States); Arkansas Children's Nutrition Center,,,
https://openalex.org/A5037852998,Nathaniel A. Lynd,https://openalex.org/I205783295,Cornell University,2008,2008,https://openalex.org/I205783295,2008,2008,The University of Texas at Austin,"University of California System; Joint Center for Artificial Photosynthesis; University of Minnesota; Cornell University; Division of Materials Research; Sogang University; Institute of Chemical Engineering; Lawrence Berkeley National Laboratory; University of California, Santa Barbara; Santa Barbara City College; Berkeley College",0000-0003-3010-5068,,
https://openalex.org/A5114163117,Lian‐Pin Hwang,https://openalex.org/I205783295,Cornell University,1975,1975,https://openalex.org/I205783295,1975,1975,National Taiwan University,"Institute of Atomic and Molecular Sciences, Academia Sinica; Academia Sinica; Harvard University; University of California, Los Angeles; National Chung Hsing University; Institute of Biological Chemistry, Academia Sinica; Industrial Technology Research Institute; University of Rochester; National Taipei University; New Jersey Institute of Technology; Cornell University",,,
https://openalex.org/A5103472574,Anthony C. Santucci,https://openalex.org/I205783295,Cornell University,1982,1982,https://openalex.org/I205783295,1982,1982,Manhattanville College,Bronx Psychiatric Center; Icahn School of Medicine at Mount Sinai; University of Pennsylvania; Cornell University; Kent State University; The Bronx Defenders; NewYork–Presbyterian Hospital; The King's College,,,
https://openalex.org/A5027512600,Jean‐Michel Chardigny,https://openalex.org/I205783295,Cornell University,2008,2008,https://openalex.org/I205783295,2008,2008,,"In-Q-Tel; Instituts Universitaires de Technologie; Université Clermont Auvergne; Unité de recherche sur les maladies cardiovasculaires et métaboliques; Institut National de Recherche pour l'Agriculture, l'Alimentation et l'Environnement; Unité de Nutrition Humaine; Institut National de la Recherche Agronomique du Niger; Institut Agro Dijon; Institut National de la Recherche Agronomique; CEA Paris-Saclay; University of California, Davis; Institut Polytechnique de Bordeaux; Intel (United States); Hôpital Jeanne d'Arc; Maastricht University; Unité Mixte de Recherche sur les Herbivores; Nestlé (Switzerland); Centre National de la Recherche Scientifique; Maison des Sciences sociales et des Humanités de Dijon; Centre de recherche Translationnelle en Médecine moléculaire; Université Bourgogne Franche-Comté; Centre des Sciences du Goût et de l'Alimentation; Cornell University; Centre de Recherche en Nutrition Humaine Rhône-Alpes; ParisTech; Université de Bourgogne; Centre Hospitalier Universitaire de Clermont-Ferrand; Vanderbilt University; Département Génétique Animale; Universität Hamburg; Institut des Corps Gras; Département Alimentation Humaine; Centre de Recherche en Nutrition Humaine d'Auvergne; Physiologie Environnement et Génétique pour l'Animal et les Systèmes d'Elevage; Laval Mayenne Technopole",0000-0001-5446-6517,,
https://openalex.org/A5088104477,A. Mareno,https://openalex.org/I205783295,Cornell University,1996,1996,https://openalex.org/I205783295,1996,1996,Pennsylvania State University,Cornell University; Harrisburg University of Science and Technology,0000-0002-8249-6753,,
https://openalex.org/A5062569186,Maryam M. Shanechi,https://openalex.org/I205783295,Cornell University,2012,2014,https://openalex.org/I205783295,2012,2014,Southern California University for Professional Studies; Viterbo University; University of Southern California,"Massachusetts General Hospital; Harvard University; University of California, Berkeley; University of Toronto; Cornell University; Massachusetts Institute of Technology; IIT@MIT",0000-0002-0544-7720,,
https://openalex.org/A5052587267,Clyde E. Bay,https://openalex.org/I205783295,Cornell University,1965,1965,https://openalex.org/I205783295,1965,1965,Agricultural & Applied Economics Association; Ithaca College,United States Department of Agriculture; Natural Resources Conservation Service; Cornell University,,,
https://openalex.org/A5020050163,Chen Hui Zhang,https://openalex.org/I205783295,Cornell University,2002,2002,https://openalex.org/I205783295,2002,2002,Tsinghua University,Northeast Forestry University; Cornell University; Luleå University of Technology,,,
https://openalex.org/A5018246309,M. A. G. Maia,https://openalex.org/I205783295,Cornell University,1993,1993,https://openalex.org/I205783295,1993,1993,,"National Observatory; National Council for Scientific and Technological Development; Museu de Astronomia e Ciências Afins; Valongo Observatory; Universidade Estadual do Ceará; Centro de Investigaciones Energéticas, Medioambientales y Tecnológicas; Centro Universitário Católica de Quixadá; Cornell University; University of Illinois Urbana-Champaign; Fermi National Accelerator Laboratory; Campbell Collaboration; Oak Ridge National Laboratory; Universidade de São Paulo; University of Southampton; Laboratório Interinstitucional de e-Astronomia; Trieste Astronomical Observatory; Universidade Federal do Rio de Janeiro",0000-0001-9856-9307,,
https://openalex.org/A5033468483,Joan Y Moriarty,https://openalex.org/I205783295,Cornell University,2000,2003,https://openalex.org/I205783295,2000,2003,New York State School of Industrial and Labor Relations; Cornell University,Consortium for Policy Research in Education,,,
https://openalex.org/A5080295885,Electra C. Veson,https://openalex.org/I205783295,Cornell University,1999,1999,https://openalex.org/I205783295,1999,1999,Tufts University,Cornell University,,,
https://openalex.org/A5110138732,DouglasW. Darnowski,https://openalex.org/I205783295,Cornell University,1996,1996,https://openalex.org/I205783295,1996,1996,Cornell University,,,,
https://openalex.org/A5016836431,Muhammad I. Qureshi,https://openalex.org/I205783295,Cornell University,2002,2002,https://openalex.org/I205783295,2002,2002,Tufts University,University of Salford; Riyadh Elm University; Jamia Millia Islamia; Cornell University; King Saud University; Ghulam Ishaq Khan Institute of Engineering Sciences and Technology; Bahria University,0000-0002-0661-4156,,
https://openalex.org/A5042643881,Emily Harris,https://openalex.org/I205783295,Cornell University,1988,1988,https://openalex.org/I205783295,1988,1988,Dana-Farber/Boston Children's Cancer and Blood Disorders Center; Harvard University,Villanova University; University of Michigan; United States Agency for International Development; Centennial Medical Center; Boston Children's Hospital; Columbia University Irving Medical Center; AstraZeneca (United Kingdom); NewYork–Presbyterian Hospital; Duke University; Center for Cancer Research; Boston Children's Museum; University of Virginia; Virginia Commonwealth University; Duke Medical Center; St. Elizabeth's Medical Center; National Cancer Institute; National Institutes of Health; Cornell University,0000-0001-8583-6939,,
https://openalex.org/A5006909925,Colleen Poje,https://openalex.org/I205783295,Cornell University,2025,2025,https://openalex.org/I205783295,2025,2025,Cornell Lab of Ornithology; Cornell University,,0009-0003-6238-4193,,
https://openalex.org/A5079171948,Ulrich Schörken,https://openalex.org/I205783295,Cornell University,1997,1997,https://openalex.org/I205783295,1997,1997,Klinikum Leverkusen; TH Köln - University of Applied Sciences,Forschungszentrum Jülich; Cornell University; Henkel (Germany); University of Stuttgart,0000-0003-3471-7651,,
https://openalex.org/A5063580634,Qingzhong Ma,https://openalex.org/I205783295,Cornell University,2010,2010,https://openalex.org/I205783295,2010,2010,"California State University, Chico",Cornell University; Ithaca College; University of Southern California; California State University System,0000-0002-4925-9596,,
https://openalex.org/A5056661208,E. B. Freeman,https://openalex.org/I205783295,Cornell University,1962,1962,https://openalex.org/I205783295,1962,1962,Great Ormond Street Hospital; University College London,Cornell University; University of Baltimore; NewYork–Presbyterian Hospital; Columbia University,,,
https://openalex.org/A5111467230,Howard Kaufman,https://openalex.org/I205783295,Cornell University,1967,1969,https://openalex.org/I205783295,1967,1969,Massachusetts General Hospital; Harvard University,"Langley Research Center; Yeshiva University; Rutgers Cancer Institute; Rutgers, The State University of New Jersey; Vector Test Systems (United States); ManTech International (United States); Rensselaer Polytechnic Institute; Cornell University; University of Nevada, Las Vegas; Lockheed Martin (United States); Tektronix (United States)",,,
https://openalex.org/A5003221932,Yaron Kanza,https://openalex.org/I205783295,Cornell University,2014,2015,https://openalex.org/I205783295,2014,2015,AT&T (United States),Hebrew University of Jerusalem; Cornell University; Hebrew College; Technion – Israel Institute of Technology; Jacobs Institute; University of Toronto,0000-0001-6056-595X,,
https://openalex.org/A5014069871,Hermann Burr,https://openalex.org/I205783295,Cornell University,2006,2012,https://openalex.org/I205783295,2006,2012,Federal Institute for Occupational Safety and Health; Federal Employment Agency,"National Institute of Occupational Health; University of Copenhagen; Stockholm University; Institute for Social and Economic Research; Bristol-Myers Squibb (Germany); Vestergaard (Switzerland); University of Southern Denmark; Universität Hamburg; University of Helsinki; Asklepios Neurologische Klinik Falkenstein; Jönköping University; Cornell University; Memorial Sloan Kettering Cancer Center; Karolinska Institutet; College Medical Center; Aarhus University Hospital; Rockefeller University; Fertility Center of Las Vegas; University of Groningen; Technical University of Denmark; Danish National Centre for Social Research; Tufts University; University Medical Center Groningen; Martel; Specifica (United States); University Medical Center Hamburg-Eppendorf; Potters Bar Community Hospital; Johnson & Johnson (United States); The Bristol-Myers Squibb Children's Hospital; Bispebjerg Hospital; Heinrich Heine University Düsseldorf; Stockholm County Council; Tri-Institutional PhD Program in Chemical Biology; National Research Centre for the Working Environment; Danish National Institute of Public Health; Bristol-Myers Squibb (United States); Finnish Institute of Occupational Health; University of California, San Francisco; University of California, Berkeley; Conway School of Landscape Design; McGill University Health Centre; BorgWarner (Brazil)",0000-0002-3864-6347,,
https://openalex.org/A5088008875,Jerry Bill,https://openalex.org/I205783295,Cornell University,2009,2009,https://openalex.org/I205783295,2009,2009,Terumo (United States),Johns Hopkins Medicine; VA Connecticut Healthcare System; Johns Hopkins University; Yale University; Cornell University; United States Department of the Army,,,
https://openalex.org/A5049770684,W. H. Hough,https://openalex.org/I205783295,Cornell University,1955,1955,https://openalex.org/I205783295,1955,1955,Stellenbosch University,Cornell University,0000-0002-2022-6344,,
https://openalex.org/A5057471875,Robert J. Cummings,https://openalex.org/I205783295,Cornell University,1984,1991,https://openalex.org/I205783295,1984,1991,,Cornell University,,,
https://openalex.org/A5076149524,Chandrashekhar D. Naik,https://openalex.org/I205783295,Cornell University,1985,1985,https://openalex.org/I205783295,1985,1985,Cornell University,,,,
https://openalex.org/A5022213200,Jian-Cheng Huang,https://openalex.org/I205783295,Cornell University,1985,1985,https://openalex.org/I205783295,1985,1985,Kodak (United States); Eastman Chemical Company (United States),Cornell University,,,
https://openalex.org/A5014541330,Guo Lin,https://openalex.org/I205783295,Cornell University,2003,2009,https://openalex.org/I205783295,2003,2009,Henan Normal University; Kunming University of Science and Technology; Central South University; Changchun University,Harbin Engineering University; University of Electronic Science and Technology of China; Yunnan Metallurgical Group (China); China Geological Survey; RELX Group (United States); China General Nuclear Power Corporation (China); Xinjiang Normal University; China University of Political Science and Law; University of Alberta; Education Department of Fujian Province; Xi'an University of Science and Technology; Institute of Process Engineering; Kazan Federal University; University of Leeds; Qingdao Center of Resource Chemistry and New Materials; China University of Geosciences (Beijing); Shenzhen Institute of Information Technology; Nanjing University of Aeronautics and Astronautics; Chinese Academy of Sciences; National Institute for Nanotechnology; TED University; Jiangxi University of Science and Technology; Nanjing University of Science and Technology; Guangdong University Of Finances and Economics; Wuhan University; United Microelectronics (Taiwan); Beihang University; Alibaba Group (China); Xuzhou University of Technology; Fujian Electric Power Survey & Design Institute; Yahoo (Spain); Cornell University; University of Chinese Academy of Sciences; Shandong University of Science and Technology; Guangdong University of Education; Tianjin University; Institute of Intelligent Machines; University of Michigan; Wuhan University of Science and Technology; University of Science and Technology of China; Hunan International Economics University; Lanzhou Jiaotong University; Wenzhou University; Harbin Institute of Technology; China Academy of Information and Communications Technology; Huzhou Vocational and Technical College; China Jiliang University; Harbin Science and Technology Bureau,0000-0003-3390-5570,,
https://openalex.org/A5013606274,Valerie N. Hanft,https://openalex.org/I205783295,Cornell University,2000,2000,https://openalex.org/I205783295,2000,2000,University of Michigan,Cornell University; Duke Medical Center; Moses H Cone Memorial Hospital; Duke University Hospital,,,
https://openalex.org/A5058797216,Jonathan Shearer,https://openalex.org/I205783295,Cornell University,2000,2000,https://openalex.org/I205783295,2000,2000,,University of Bristol; Cornell University; University of Southampton,0000-0002-0045-8690,,
https://openalex.org/A5018819061,Anandarup Goswami,https://openalex.org/I205783295,Cornell University,2007,2009,https://openalex.org/I205783295,2007,2009,,"Vignan's Foundation for Science, Technology & Research; Regional Centre of Advanced Technologies and Materials; Cornell University; Rutgers, The State University of New Jersey; Palacký University Olomouc; United Arab Emirates University",0000-0003-4696-8247,,
https://openalex.org/A5059580739,Walter Galenson,https://openalex.org/I205783295,Cornell University,1967,2000,https://openalex.org/I205783295,1967,2000,,"Délégation Paris 6; Cornell University; Harvard University Press; Université de Montréal; Universidad de Londres; University of California, Berkeley; Rutgers Sexual and Reproductive Health and Rights; University of London; University of California System; ADA University; SOAS University of London; University of Wisconsin System; New York State School of Industrial and Labor Relations; University of Saskatchewan; Queen's University; University of Sussex; Mount Holyoke College; Universitas Gadjah Mada",,,
https://openalex.org/A5008757930,Austen Te,https://openalex.org/I205783295,Cornell University,2025,2025,https://openalex.org/I205783295,2025,2025,Cornell University; Methodist Hospital,Weill Cornell Medicine; Rockefeller University; Jackson Laboratory,0000-0002-4207-8469,,
https://openalex.org/A5111957463,D. M. Whitehead,https://openalex.org/I205783295,Cornell University,1989,1991,https://openalex.org/I205783295,1989,1991,,Uniformed Services University of the Health Sciences; University of York; Cardiff University; BP (United Kingdom); University of Wales; Cornell University,,,
https://openalex.org/A5110033908,Jeffrey A. Hagen,https://openalex.org/I205783295,Cornell University,2008,2008,https://openalex.org/I205783295,2008,2008,,"Cornell University; Bucheon University; Office of the Chief Scientist; Netherlands Heart Institute; University of California, Los Angeles; Creative Commons; Wagga Wagga Base Hospital; American Association for Thoracic Surgery; University of Rochester; Southern California University for Professional Studies; Levine Cancer Institute; American Surgical Association; Boulder Community Hospital; Office of the Chief Medical Examiner; KU Leuven; Bon Secours Heart & Vascular Institute; LAC+USC Medical Center; Creighton University; University of Southern California",,,
https://openalex.org/A5018353777,Kakkudiyil I. Abraham,https://openalex.org/I205783295,Cornell University,1983,1983,https://openalex.org/I205783295,1983,1983,,Institute of Life Sciences; Cornell University; Rockefeller Foundation; College of New Jersey; Ramapo College; Savitribai Phule Pune University; Princeton University; Christian-Albrechts-Universität zu Kiel; Gesundheitsamt; Memorial Sloan Kettering Cancer Center; Kettering University,,,
https://openalex.org/A5010927128,Speranza Rubattu,https://openalex.org/I205783295,Cornell University,1989,1992,https://openalex.org/I205783295,1989,1992,Azienda Ospedaliera Sant'Andrea; Sapienza University of Rome; Istituto Neurologico Mediterraneo,"William Harvey Research Institute; University of Milan; Istituto di Ricovero e Cura a Carattere Scientifico San Raffaele; University of Naples Federico II; Rutgers, The State University of New Jersey; Biogem; Cornell University; CTO Andrea Alesini; Children's Hospital; Federico II University Hospital; University of Sassari; Ministero della Salute; Harvard University Press; Institute of Genetics and Biophysics; Rutgers New Jersey Medical School; Istituto Superiore di Sanità; Azienda Ospedaliera Universitaria Policlinico ""Paolo Giaccone"" di Palermo; Harvard University; Centro Cardiologico Monzino; Vita-Salute San Raffaele University; NewYork–Presbyterian Hospital; Université Libre de Bruxelles; Max Delbrück Center; Onze Lieve Vrouwziekenhuis Hospital; Brigham and Women's Hospital; University of Campania ""Luigi Vanvitelli""; Istituti di Ricovero e Cura a Carattere Scientifico; University of Palermo",0000-0001-5921-7368,,
https://openalex.org/A5105989839,P ' S R E C E I V E D,https://openalex.org/I205783295,Cornell University,1988,1988,https://openalex.org/I205783295,1988,1988,University of Michigan; Massachusetts Institute of Technology,"University of Washington; Columbia University; Cornell University; Harvard University Press; University of Utah; University of California, Los Angeles; Indiana University; Brandeis University; University of California, Berkeley",,,
https://openalex.org/A5112080210,W. Robeson,https://openalex.org/I205783295,Cornell University,1986,1996,https://openalex.org/I205783295,1986,1996,Northwell Health,State University of New York; Brookhaven National Laboratory; SUNY Downstate Health Sciences University; Memorial Hospital; Memorial Sloan Kettering Cancer Center; Cornell University; Center for Neurosciences; North Shore University Hospital; Active Medicine (United Kingdom); Feinstein Institute for Medical Research,,,
https://openalex.org/A5112817943,Jorge H. Capdevila,https://openalex.org/I205783295,Cornell University,1994,1994,https://openalex.org/I205783295,1994,1994,Vanderbilt University,"Institut Pasteur; Pediatric Nephrology of Alabama; Dana-Farber Cancer Institute; BioVentures (United States); University of North Carolina at Chapel Hill; Hospital Santa Caterina; University of California, Davis; Texas A&M Health Science Center; Bergen Kommune; Oregon National Primate Research Center; Centro Nacional de Sanidad Agropecuaria; New York Medical College; Temple College; The University of Texas System; Vanderbilt University Medical Center; National Heart Lung and Blood Institute; Inserm; University of Texas Health Science Center at Dallas; Harvard University; Wayne State University; Stockholm University; Southwestern Medical Center; University of Chile; Weatherford College; Boston University; The University of Texas Health Science Center at Houston; Scripps Research Institute; University of Tennessee Health Science Center; VA Tennessee Valley Healthcare System; National Institute of Environmental Health Sciences; University of Georgia; Indiana University – Purdue University Indianapolis; University School of Nashville; Cornell University; Welch Foundation; Jorge Amado University Center; Karolinska Institutet; Centre National de la Recherche Scientifique; The University of Texas Southwestern Medical Center; National Institutes of Health; Tulane University; Framingham Heart Study; Instituto de Ciencias de la Vid y del Vino",,,
https://openalex.org/A5007198397,Mario Sznol,https://openalex.org/I205783295,Cornell University,2017,2017,https://openalex.org/I205783295,2017,2017,Yale University; Yale Cancer Center,"Memorial Sloan Kettering Cancer Center; California Pacific Medical Center; Loyola University Medical Center; Dana-Farber Cancer Institute; City of Hope; Angeles Clinic and Research Institute; Albert Einstein College of Medicine; University of Virginia; Vion Pharmaceuticals (United States); Ludwig Cancer Research; Bristol-Myers Squibb (Germany); Immunovaccine (Canada); Cornell University; Vanderbilt University Medical Center; Abramson Cancer Center; National Cancer Institute; University of California, San Francisco; Yeshiva University; Case Comprehensive Cancer Center; National Cancer Institute; The Ohio State University Comprehensive Cancer Center – Arthur G. James Cancer Hospital and Richard J. Solove Research Institute; Cancer Research Center; University of New Haven; University of Pittsburgh Medical Center; Johns Hopkins University; Dana-Farber Brigham Cancer Center; VA Connecticut Healthcare System; Yale New Haven Hospital; Sidney Kimmel Comprehensive Cancer Center; The Ohio State University; University Medical Center; Apexigen (United States); Princess Margaret Cancer Centre; St. Michael's Hospital; Case Western Reserve University; Providence Portland Medical Center; Center for Cancer Research; New York University; Sarah Cannon; Smilow Cancer Hospital; Université Grenoble Alpes; Mount Sinai Hospital; Atkins (United States); University of Minnesota; Ludwig Cancer Research; Westmead Hospital; Roswell Park Comprehensive Cancer Center; American Society of Clinical Oncology; Mary Crowley Cancer Research Center; The University of Texas MD Anderson Cancer Center; Tufts Medical Center; Université Paris Cité; The University of Texas at San Antonio; Cape Town HVTN Immunology Laboratory / Hutchinson Centre Research Institute of South Africa; Science Applications International Corporation (United States); Bristol-Myers Squibb (United States); Istituto Scientifico Romagnolo per lo Studio e la Cura dei Tumori; Royal North Shore Hospital; Cancer Institute (WIA); Dana-Farber/Harvard Cancer Center; National Health Service; Sepragen Corporation (United States); New York University Press; Beth Israel Deaconess Medical Center; Royal Marsden NHS Foundation Trust; University of Toledo Medical Center; Melanoma Institute Australia; Fred Hutch Cancer Center; Novartis (Switzerland); Moffitt Cancer Center; Cancer Genetics (United States); Tennessee Oncology; Georgetown Lombardi Comprehensive Cancer Center; National Institutes of Health; Prevent Blindness; European Institute of Oncology; Celldex Therapeutics (United States)",0000-0002-4359-8749,,
https://openalex.org/A5088452202,Ruth Schwartz,https://openalex.org/I205783295,Cornell University,1974,1992,https://openalex.org/I205783295,1974,1992,"University of California, San Diego","Hadassah Academic College; Mulago Hospital; National Institutes of Health; Institute of Nutrition of Central America and Panama; University of Connecticut; University of Cambridge; SUNY Upstate Medical University; University of Chicago; United States Department of Veterans Affairs; The Rogosin Institute; National Institute of Dental and Craniofacial Research; UConn Health; Cornell University; University of California, Los Angeles; Virginia State University; New York State University College of Human Ecology; United States Department of Agriculture; University of Copenhagen; Washington University in St. Louis",0000-0001-8448-8522,,
https://openalex.org/A5010082725,Charlotte H. Jones,https://openalex.org/I205783295,Cornell University,2025,2025,https://openalex.org/I205783295,2025,2025,Cornell University,,,,
https://openalex.org/A5108187988,C.M. Smith,https://openalex.org/I205783295,Cornell University,1991,1991,https://openalex.org/I205783295,1991,1991,,"Mount Sinai Medical Center; Washington University in St. Louis; First Hospital of Jilin University; Pacific Biosciences (United States); Cornell University; Duke Medical Center; Washington State University; Murdoch University; Ludwig Cancer Research; Jilin University; University of Portsmouth; New York State College of Veterinary Medicine; Colorado State University; University of California, Davis; Royal Marsden NHS Foundation Trust; Royal Marsden Hospital",,,
https://openalex.org/A5120217228,Vera Pertsovskaya,https://openalex.org/I205783295,Cornell University,2025,2025,https://openalex.org/I205783295,2025,2025,Weill Cornell Medicine; MIND Research Institute; Cornell University,,,,
https://openalex.org/A5048113506,James E. Haber,https://openalex.org/I205783295,Cornell University,2004,2004,https://openalex.org/I205783295,2004,2004,Brandeis University,"Baylor College of Medicine; Stanford University; Purdue University West Lafayette; Institut Curie; John Radcliffe Hospital; University of California, Berkeley; Center for Neuro-Oncology; Rockefeller University; Rutgers, The State University of New Jersey; The Ohio State University; Cornell University; National Institutes of Health; Centre National de la Recherche Scientifique; University of Milan; University of Hawaii System; German Cancer Research Center; University of Vienna; University Hospital Heidelberg; Institut Pasteur; Imperial College London; Jet Propulsion Laboratory; International Center for Public Health; Medical Research Council; Hammersmith Hospital; In-Q-Tel; Rutgers New Jersey Medical School; University of Chicago; University of Washington; University of Copenhagen; Brigham and Women's Hospital; European Molecular Biology Laboratory; University of Wisconsin–Madison; Casma Therapeutics (United States); Institut de Génétique Humaine; Tufts University; Deutschen Konsortium für Translationale Krebsforschung; European Molecular Biology Laboratory; National Cancer Institute; Heidelberg University; Massachusetts Institute of Technology; Friedrich Schiller University Jena; IFOM; Institute of Molecular Medicine; Huntsman (United States); Yale University; Centre international de recherche sur le cancer; Fred Hutch Cancer Center; Howard Hughes Medical Institute; Harvard University; National Center for Tumor Diseases; University of British Columbia; Wellesley College; Université de Bordeaux; Boston Sports & Shoulder Center",0000-0002-1878-0610,,
https://openalex.org/A5038376885,Joe Ensor,https://openalex.org/I205783295,Cornell University,2016,2023,https://openalex.org/I205783295,2016,2023,Natera (United States),Emory University; Massachusetts General Hospital; Fudan University Shanghai Cancer Center; Society of Interventional Radiology; Applied Mathematics (United States); Texas A&M University; The University of Texas Health Science Center at Houston; University of Tulsa; American Society of Neuroradiology; American Association of Neurological Surgeons; Texas A&M Health Science Center; American College of Radiology; The University of Texas MD Anderson Cancer Center; Cornell University; Weatherford College; Methodist Hospital; Weill Cornell Medicine; Biostatistical Consulting (United States); Cancer Research And Biostatistics; Houston Methodist; William Carey University; University of Iowa; Beth Israel Deaconess Medical Center; Methodist Hospital; Clinical Orthopaedics and Related Research; Kaiser Permanente Santa Clara Medical Center; Indiana University – Purdue University Indianapolis; Methodist Hospital,0000-0003-3533-4388,,
https://openalex.org/A5010101804,E. Jensen,https://openalex.org/I205783295,Cornell University,1980,1983,https://openalex.org/I205783295,1980,1983,Işık University,Brandeis University; Cornell University; University of Pennsylvania,,,
https://openalex.org/A5086106829,G. R. Katz,https://openalex.org/I205783295,Cornell University,1985,1990,https://openalex.org/I205783295,1985,1990,United States Naval Research Laboratory,Cornell University,,,
https://openalex.org/A5022468718,Sabyasachi Dash,https://openalex.org/I205783295,Cornell University,2019,2025,https://openalex.org/I205783295,2019,2025,Urbana University; Cornell University,Allen Institute for Brain Science; Indian Institute of Technology Bhubaneswar; MIND Research Institute; Weill Cornell Medicine; National Institute of Technology Tiruchirappalli; Icahn School of Medicine at Mount Sinai; KIIT University; Meharry Medical College,0000-0003-3966-9396,,
https://openalex.org/A5008842861,Goudarz Molaei,https://openalex.org/I205783295,Cornell University,2006,2006,https://openalex.org/I205783295,2006,2006,Yale University; Connecticut Agricultural Experiment Station,Vector (United States); American Mosquito Control Association; Columbia University; New York City Department of Health and Mental Hygiene; New York State Department of Health; Orange County School; Center for Excellence in Education; Cornell University,0000-0002-1520-5573,,
https://openalex.org/A5026215612,Adam Seth Litwin,https://openalex.org/I205783295,Cornell University,2015,2024,https://openalex.org/I205783295,2015,2024,Cornell University; New York State School of Industrial and Labor Relations,"Rutgers, The State University of New Jersey; Massachusetts Institute of Technology; Research Network (United States); University of Illinois Urbana-Champaign; Johns Hopkins University; William Carey University",0000-0003-3130-814X,,
https://openalex.org/A5070280247,Amnon Koren,https://openalex.org/I205783295,Cornell University,2016,2024,https://openalex.org/I205783295,2016,2024,Agricultural Research Organization; Roswell Park Comprehensive Cancer Center,Harvard University; University of Minnesota; Pediatrics and Genetics; Weizmann Institute of Science; Cornell University; Ithaca College; Broad Institute; Memorial Sloan Kettering Cancer Center; Columbia University; Tel Aviv University,0000-0002-7144-2602,,
https://openalex.org/A5071828019,Noam Zuela-Sopilniak,https://openalex.org/I205783295,Cornell University,2022,2025,https://openalex.org/I205783295,2022,2025,Cornell University; Ithaca College,Hebrew University of Jerusalem,0000-0001-6324-1184,,
https://openalex.org/A5110013684,Kai Krohn,https://openalex.org/I205783295,Cornell University,1970,1973,https://openalex.org/I205783295,1970,1973,Helsinki University Hospital,New York Medical College; National Institutes of Health; University of Geneva; Repligen (United States); Tampere University of Applied Sciences; University of Tartu; Robert Koch Institute; FIT Biotech (Finland); Finnish National Agency for Education; Kennedy Center; Tampere University; University of Oulu; Karolinska University Hospital; Care Resource; University of Helsinki; Pirkanmaa Hospital District; University of Tübingen; Leipzig University; Tampere University Hospital; Wihuri Research Institute; Moisio Hospital; Oregon Health & Science University; Helsinki Children's Hospital; National Cancer Institute; Institute of Biomedical Science; New York Blood Center; Clinical Research Institute; Tartu University Hospital; University of Sheffield; Keio University; Cornell University,,,
https://openalex.org/A5032903376,Hillel W. Cohen,https://openalex.org/I205783295,Cornell University,1990,2002,https://openalex.org/I205783295,1990,2002,Albert Einstein College of Medicine; University of Rochester,"St. Elizabeth's Hospital; Montefiore Health System; City Of Hope National Medical Center; Merck (Japan); Meir Medical Center; Memorial Sloan Kettering Cancer Center; Children's Hospital at Montefiore; Friedrich-Alexander-Universität Erlangen-Nürnberg; UNC Lineberger Comprehensive Cancer Center; University of Washington; John F. Kennedy Center for the Performing Arts; Massachusetts General Hospital; Montefiore Medical Center; United States Military Academy; North Middlesex Hospital; Duke Medical Center; City of Hope; Harvard University; Tel Aviv University; Duke University; Lenox Hill Hospital; McMaster University; Cabrini Medical Center; University at Buffalo, State University of New York; Western Galilee Hospital; Physicians Committee for Responsible Medicine; Temple University Hospital; Women & Children's Hospital of Buffalo; Georgetown University; Centre de recherche en Epidémiologie et Santé des Populations; AdventHealth Orlando; Northwestern University; Seattle Children's Hospital; Yale University; Wake Forest University; Jacobi Medical Center; Stony Brook University Hospital; Cornell University; Johns Hopkins University; St Mary's Hospital; Roswell Park Comprehensive Cancer Center; Yeshiva University; Syosset Hospital; Community Hospital; New York City Fire Department; Regional Cancer Center; American Heart Association; Columbia University; American Journal Experts (United States); New York University; Dana-Farber Cancer Institute",0000-0002-4524-0898,,
https://openalex.org/A5104436170,Darrell J. R. Evans,https://openalex.org/I205783295,Cornell University,1996,1996,https://openalex.org/I205783295,1996,1996,University of Newcastle Australia,Cardiff University; Beijing University of Chemical Technology; University of Sussex; Royal Liverpool University Hospital; Poole Hospital NHS Foundation Trust; Délégation Provence et Corse; Emerald Group Publishing (United Kingdom); University of New England; Cornell University; Lancaster University; Poole Hospital; Brighton and Sussex Medical School; University of Idaho; University of Liverpool; Institute of Cancer Research; University of Nottingham; Royal Bournemouth Hospital; University of Leicester; Queen Elizabeth University Hospital; Monash University; King's College Hospital; University of Aberdeen; Northwick Park Hospital; De Montfort University; University of Sheffield; Oxford Brookes University; Royal Marsden Hospital,0000-0001-9425-6303,,
https://openalex.org/A5080702675,Florencia B. Schapiro,https://openalex.org/I205783295,Cornell University,2004,2004,https://openalex.org/I205783295,2004,2004,Cornell University,Hospital for Sick Children; Laboratoire de Biochimie; SickKids Foundation; University of Toronto,,,
https://openalex.org/A5073663465,Eun‐Sook Cho,https://openalex.org/I205783295,Cornell University,1979,1979,https://openalex.org/I205783295,1979,1979,"Rutgers, The State University of New Jersey; Rutgers New Jersey Medical School",Veterans Biomedical Research Institute; Memorial Sloan Kettering Cancer Center; Cornell University,,,
https://openalex.org/A5076910530,ALEXANDER MOVSHOVICH,https://openalex.org/I205783295,Cornell University,1992,1999,https://openalex.org/I205783295,1992,1999,Cornell University,NewYork–Presbyterian Hospital,,,
https://openalex.org/A5081572371,Robert S. Waldbaum,https://openalex.org/I205783295,Cornell University,1970,1995,https://openalex.org/I205783295,1970,1995,,"University Medical Center; Cornell University; NewYork–Presbyterian Hospital; University of California, Berkeley; Brookhaven National Laboratory; Lawrence Berkeley National Laboratory; North Shore University Hospital",,,
https://openalex.org/A5009586366,Janet M. MacLeod,https://openalex.org/I205783295,Cornell University,1984,1984,https://openalex.org/I205783295,1984,1984,Cornell University; Memorial Sloan Kettering Cancer Center,,,,
https://openalex.org/A5052839343,Jinendra K. Ranka,https://openalex.org/I205783295,Cornell University,1995,2002,https://openalex.org/I205783295,1995,2002,,Nokia (United States); Alcatel Lucent (Germany); Massachusetts Institute of Technology; Technicolor (France); Cornell University,,,
https://openalex.org/A5108750396,D. Schreiber,https://openalex.org/I205783295,Cornell University,1963,1964,https://openalex.org/I205783295,1963,1964,University of Duisburg-Essen,"University of Illinois Urbana-Champaign; DuPont (United States); University of California, Berkeley; Tel Aviv University; University of Illinois Chicago; Ruhr University Bochum; Institut für Mikroelektronik- und Mechatronik-Systeme; Cornell University; University of Maryland, College Park; Northwestern University; Princeton University; Herzliya Medical Center",,,
https://openalex.org/A5108517986,David H. Wahl,https://openalex.org/I205783295,Cornell University,1981,1981,https://openalex.org/I205783295,1981,1981,Division of Cancer Epidemiology and Genetics; National Cancer Institute,Virginia Tech; Southern Illinois University Carbondale; Ohio Department of Natural Resources; St. Clare Hospital in Lakewood; Washington University in St. Louis; Iowa State University; The Ohio State University; Planetary Science Institute; Mirus Bio (United States); University of Illinois Urbana-Champaign; Western Michigan University; Humboldt-Universität zu Berlin; Wheeling Jesuit University; Johns Hopkins University; United States Fish and Wildlife Service; Children's Medical Center; Sullivan University; Michigan Department of Natural Resources; Carleton University; Cornell University; Goodwin College; Leibniz Institute of Freshwater Ecology and Inland Fisheries; Illinois Archaeological Survey; Eastern Illinois University; Dakota State University; North Dakota State University; University of Colorado Health; Virginia Commonwealth University Medical Center; Océanopolis; Great Lakes Institute of Management; Missouri Department of Conservation; Knoxville College; University of Illinois System; Vanderbilt University; Illinois Department of Natural Resources,,,
https://openalex.org/A5021181658,Daniela Nguyen,https://openalex.org/I205783295,Cornell University,2005,2011,https://openalex.org/I205783295,2005,2011,Philadelphia College of Osteopathic Medicine,Cornell University,,,
https://openalex.org/A5037727622,Eric Rodriquez,https://openalex.org/I205783295,Cornell University,2000,2000,https://openalex.org/I205783295,2000,2000,Cornell University,,,,
https://openalex.org/A5046392422,P. C. Kim,https://openalex.org/I205783295,Cornell University,1997,1997,https://openalex.org/I205783295,1997,1997,Cornell University,University of Minnesota,,,
https://openalex.org/A5012036093,Wen-Lu Chao,https://openalex.org/I205783295,Cornell University,2000,2000,https://openalex.org/I205783295,2000,2000,,Cornell University,,,
https://openalex.org/A5026169690,Lu Bai,https://openalex.org/I205783295,Cornell University,2004,2010,https://openalex.org/I205783295,2004,2010,Inner Mongolia University; Pennsylvania State University; Inner Mongolia Normal University; Chinese Academy of Agricultural Sciences; Tianjin Chengjian University; St. Jude Children's Research Hospital,Yale University; Sichuan Agricultural University; Institute of Animal Sciences; Chongqing Medical University; Pudong Medical Center; Cornell University; Hengshui University; Institute of Plant Protection; Ocean University of China; Fudan University; Shanghai Medical College of Fudan University; Northwestern University; Rockefeller University,0000-0003-3667-2944,,
https://openalex.org/A5040635912,Kevin Yeskey,https://openalex.org/I205783295,Cornell University,2010,2010,https://openalex.org/I205783295,2010,2010,,Office of Readiness and Response; Massachusetts Department of Public Health; National Center for Environmental Health; Uniformed Services University of the Health Sciences; Agency for Healthcare Research and Quality; Florida Department of Health; Cornell University; United States Department of Health and Human Services; IHS Markit (United States); Centers for Disease Control and Prevention; University of Cincinnati,,,
https://openalex.org/A5059033237,Kevin Karplus,https://openalex.org/I205783295,Cornell University,1984,1986,https://openalex.org/I205783295,1984,1986,"University of California, Santa Cruz","Johns Hopkins University; Cornell University; Stanford University; Radboud University Medical Center; Radboud University Nijmegen; Johns Hopkins Medicine; University of Bristol; University of Washington; University of California, San Diego; Korea Institute for Advanced Study",,,
https://openalex.org/A5085760477,Amie Redko,https://openalex.org/I205783295,Cornell University,2025,2025,https://openalex.org/I205783295,2025,2025,Cornell University,,,,
https://openalex.org/A5032087217,Jacquelyn M. Evans,https://openalex.org/I205783295,Cornell University,2025,2025,https://openalex.org/I205783295,2025,2025,Cancer Genetics (United States); National Institutes of Health; National Human Genome Research Institute; Cornell University; New York State College of Veterinary Medicine; Département Santé Animale,Clemson University,0000-0003-1272-0059,,
https://openalex.org/A5084816650,Timothy Kiemel,https://openalex.org/I205783295,Cornell University,1990,1990,https://openalex.org/I205783295,1990,1990,"University of Maryland, College Park",National Institutes of Health; National Institute of Diabetes and Digestive and Kidney Diseases; Cornell University; Florida Atlantic University,,,
https://openalex.org/A5066831235,Kévin Baudry,https://openalex.org/I205783295,Cornell University,2025,2025,https://openalex.org/I205783295,2025,2025,Cornell University,"Université Paris-Saclay; Institut National de Recherche pour l'Agriculture, l'Alimentation et l'Environnement; Sorbonne Paris Cité; Centre National de la Recherche Scientifique; Institut des Sciences des Plantes de Paris Saclay; Génétique Quantitative et Évolution Le Moulon; AgroParisTech; Université Paris Cité; Université Paris-Sud",0000-0001-5680-9931,,
https://openalex.org/A5067696184,Allison N. Miller,https://openalex.org/I205783295,Cornell University,2012,2012,https://openalex.org/I205783295,2012,2012,Carolinas Medical Center; Swarthmore College,Roswell Park Comprehensive Cancer Center; Pomona College; Rice University; Georgetown University; The University of Texas at Austin; Heinrich Heine University Düsseldorf; Klinik und Poliklinik für Urologie; National Institute for Mathematical Sciences; Ligand Pharmaceuticals (United States); Duke University; Korea Advanced Institute of Science and Technology; Cornell University; National Cancer Institute; University of Miami; St Petersburg University,0000-0002-4056-5474,,
https://openalex.org/A5024767584,Moshe Braner,https://openalex.org/I205783295,Cornell University,1987,1989,https://openalex.org/I205783295,1987,1989,Cornell University,,,,
https://openalex.org/A5009602317,Hiroyuki Suzuki,https://openalex.org/I205783295,Cornell University,1994,1995,https://openalex.org/I205783295,1994,1995,Kitano Hospital; Kanazawa Hospital,"Saitama Red Cross Hospital; Cornell University; Kureha (Japan); Hamamatsu Photonics (Japan); Tohoku University Hospital; Hirosaki University; Tohoku Medical and Pharmaceutical University Hospital; Tokyo Metropolitan Police Department; University of Miyazaki; Kanazawa Medical University; Institut de Neurophysiopathologie; Kanazawa University; University of Connecticut; Nihon University; Fukushima Medical University; Tokai University; Jichi Medical University Saitama Medical Center; Nova Scotia Department of Agriculture; Ajinomoto (United States); Institute of Dermatology; Hamamatsu University School of Medicine; Gunma University; The University of Tokyo; University of California, San Francisco; Social Insurance Saitama Chuo Hospital; National Center of Neurology and Psychiatry; Yamato Municipal Hospital; Pola Chemical Industries (Japan); National Institute of Mental Health; Toyota Kosei Hospital; Komatsu (Japan); Jichi Medical University; University of Illinois Urbana-Champaign; Tohoku Medical and Pharmaceutical University; University of Fredericton; Saitama University; Agriculture and Agri-Food Canada; Chubu University; Police Department; Ajinomoto (Japan); Surugadai Nihon University Hospital; Kitasato University; Hokkaido University; Nissan Chemical Corporation (Japan); Hitachi (Japan); Saitama Prefecture; University of Pennsylvania",0000-0003-4600-2506,,
https://openalex.org/A5112044233,Jerry M. Rivers,https://openalex.org/I205783295,Cornell University,1965,1991,https://openalex.org/I205783295,1965,1991,Cornell University,Pennsylvania State University; New York State University College of Human Ecology; Agricultural Research Service; The University of Texas at Austin,,,
https://openalex.org/A5052440884,A. H. Schatz,https://openalex.org/I205783295,Cornell University,1969,2011,https://openalex.org/I205783295,1969,2011,,Heidelberg University; Département d'Informatique; Cornell University; Brookhaven National Laboratory; Historical Studies in Education; Brown University; University of Freiburg; University of Kentucky; University of Stuttgart,,,
https://openalex.org/A5083141915,Korry Hintze,https://openalex.org/I205783295,Cornell University,2001,2001,https://openalex.org/I205783295,2001,2001,Utah State University,"Academy of Nutrition and Dietetics; Universitäts Frauenklinik; Institut für Hygiene und Umwelt; Leipzig University; University of California, Berkeley; Roswell Park Comprehensive Cancer Center; Logan Regional Hospital; North Dakota State University; Agricultural Research Service; Grand Forks Human Nutrition Research Center; Cornell University; United States Department of Agriculture",0000-0003-0135-0478,,
https://openalex.org/A5025704489,Edward F. Di Carlo,https://openalex.org/I205783295,Cornell University,1988,2003,https://openalex.org/I205783295,1988,2003,,Hospital for Special Surgery; Cornell University,,,
https://openalex.org/A5018071484,Eric Avera,https://openalex.org/I205783295,Cornell University,1997,1997,https://openalex.org/I205783295,1997,1997,Cornell University,,,,
https://openalex.org/A5089473455,Pamela Williams‐Russo,https://openalex.org/I205783295,Cornell University,1992,2002,https://openalex.org/I205783295,1992,2002,Williams (United States); Association for Language Learning; Oclaro (Japan),Princeton University; University of Pennsylvania; Musgrove Park Hospital; Committee on Publication Ethics; Marymount University; Columbia University; NewYork–Presbyterian Hospital; Tinker Air Force Base; Gheskio Centers; Robert Wood Johnson Foundation; Université Paris-Panthéon-Assas; Memorial Sloan Kettering Cancer Center; Hospital for Special Surgery; Centre d'Analyse et de Recherche Interdisciplinaires sur les Médias; Cornell University,,,
https://openalex.org/A5111868641,Daniel Marshall,https://openalex.org/I205783295,Cornell University,2014,2014,https://openalex.org/I205783295,2014,2014,University of Hertfordshire,Emory University; The University of Osaka; Boehringer Ingelheim (Germany); Cornell University,,,
https://openalex.org/A5016083141,Michaël Ménard,https://openalex.org/I205783295,Cornell University,2011,2011,https://openalex.org/I205783295,2011,2011,École de Technologie Supérieure,"Texas A&M University; La Rochelle Université; Université Côte d'Azur; Mitchell Institute; Roche (France); Laboratoire Informatique, Image et Interaction (L3i); Université du Québec à Montréal; Laboratoire d'Informatique de Paris-Nord; McGill University; Active Ethernet Passive Optical Networks Over λ MultipleXing (Canada); Centre National de la Recherche Scientifique; Cornell University",0000-0002-0947-0258,,
https://openalex.org/A5052048970,Peter R Bernstein,https://openalex.org/I205783295,Cornell University,1991,1991,https://openalex.org/I205783295,1991,1991,,"American Bar Association; University at Buffalo, State University of New York; Agricultural Biotechnology Institute; Samsung Medical Center; Pfizer (United States); AstraZeneca (United Kingdom); Biocat; International Craniofacial Institute; Columbia University; University of Copenhagen; Merck & Co., Inc., Rahway, NJ, USA (United States); Princeton University; Cincinnati Eye Institute; University of California, Los Angeles; Baylor College of Medicine; Wilmington University; Universidade Federal do Rio de Janeiro; Cornell University; University of Minnesota; AbbVie (United States); Third Way; Accreditation Council for Graduate Medical Education; University of Cincinnati; Minnesota Epilepsy Group; Vifor Pharma (United States); Northwestern University; Sungkyunkwan University; Yale University; AstraZeneca (Singapore); Brown University; Lupin Pharmaceuticals (India); Stuart Oncology Associates; Virginia Commonwealth University Medical Center; AstraZeneca (Brazil); American Institute of Certified Public Accountants; United States Department of Veterans Affairs; Bioinova (Czechia); University of Regensburg; New York University Press; Allergan (United States); Cedars-Sinai Medical Center; Discovery Institute; University of Florence; University of Alabama; Friedrich-Alexander-Universität Erlangen-Nürnberg; AstraZeneca (United States)",0000-0003-0407-9150,,
https://openalex.org/A5110615626,Louis O. Williams,https://openalex.org/I205783295,Cornell University,1960,1960,https://openalex.org/I205783295,1960,1960,Cleveland Clinic; University School; Case Western Reserve University; Cleveland Clinic Lerner College of Medicine,Agricultural Research Service; Parenteral Drug Association; Battelle; Rogers (United States); University of Illinois Chicago; Vance Thompson Vision; Natural History Museum; Cornell University; Harvard University; American Museum of Natural History; Chicago History Museum; United States Department of Agriculture; Field Museum of Natural History; Zamorano Pan-American Agricultural School; Massachusetts Institute of Technology; Plant Industry,,,
https://openalex.org/A5064478793,Mark S. Johnson,https://openalex.org/I205783295,Cornell University,2003,2012,https://openalex.org/I205783295,2003,2012,University of British Columbia,"Environment Agency; University of Florida; Fisheries and Oceans Canada; Cornell University; Center for International Forestry Research; University of Liverpool; United States Naval Research Laboratory; Environmental Protection Agency; Whatcom Community College; Stanford University; University of California, Davis; Jefferson County Department of Health; Clean Energy (United States); Royal Society for the Protection of Birds; Dale Bumpers Small Farms Research Center; Simon Fraser University; K Lab (United States); New York State College of Agriculture & Life Sciences; Sandia National Laboratories California; California Polytechnic State University",0000-0001-5070-7539,,
https://openalex.org/A5061047722,Shao‐Pei Chou,https://openalex.org/I205783295,Cornell University,2014,2025,https://openalex.org/I205783295,2014,2025,,"Cornell University; Département Santé Animale; University of California, Irvine",,,
https://openalex.org/A5085780750,Madeleine D Hunter,https://openalex.org/I205783295,Cornell University,2015,2015,https://openalex.org/I205783295,2015,2015,New York Hospital Queens; Columbia University; University of Colorado Denver; NewYork–Presbyterian Hospital,MIND Research Institute; Temple University; Queen Alexandra Hospital; Cornell University; University of Miami; Wake Forest University,0000-0002-2042-7947,,
https://openalex.org/A5070509847,Jeffrey T. Mabeck,https://openalex.org/I205783295,Cornell University,2004,2006,https://openalex.org/I205783295,2004,2006,,Cornell University,,,
https://openalex.org/A5041936322,Gerard Ryan,https://openalex.org/I205783295,Cornell University,2017,2017,https://openalex.org/I205783295,2017,2017,,Cornell University; University of Winnipeg; Universitat Rovira i Virgili; Universitat Oberta de Catalunya,0000-0002-5008-9862,,
https://openalex.org/A5032450959,Kelsey Dent,https://openalex.org/I205783295,Cornell University,2013,2013,https://openalex.org/I205783295,2013,2013,Cornell University,,,,
https://openalex.org/A5113811534,P. D. Swanson,https://openalex.org/I205783295,Cornell University,1991,1994,https://openalex.org/I205783295,1991,1994,,"Naval Information Warfare Center Pacific; Rutgers, The State University of New Jersey; Urbana University; University of Illinois Urbana-Champaign; Cornell University; University of Massachusetts Amherst; Princeton University; K Lab (United States); Hanscom Air Force Base; Nanogen (United States)",,,
https://openalex.org/A5075776291,Ali Attaran,https://openalex.org/I205783295,Cornell University,2016,2016,https://openalex.org/I205783295,2016,2016,Ford Motor Company (United States); University of Windsor,Cornell University; Oakland University; Western University,0000-0002-1696-8150,,
https://openalex.org/A5077369190,Milenko J. Tanasijevic,https://openalex.org/I205783295,Cornell University,2006,2006,https://openalex.org/I205783295,2006,2006,,Columbia University Irving Medical Center; Morrison Tech; Cornell University; Eastern Research Group (United States); Weatherford College; Experimental Pathology Laboratories; Mass General Brigham; Harvard University Press; Harvard University; Brigham and Women's Hospital; Dana-Farber Cancer Institute,,,
https://openalex.org/A5119516864,Hong Ray Teo,https://openalex.org/I205783295,Cornell University,2025,2025,https://openalex.org/I205783295,2025,2025,Cornell University,,,,
https://openalex.org/A5053177280,Nicholas D. E. Greene,https://openalex.org/I205783295,Cornell University,2015,2015,https://openalex.org/I205783295,2015,2015,Johns Hopkins University; Hospital for Sick Children; Mary Lyon Centre at MRC Harwell; University College London,"Montreal Children's Hospital; Guy's Hospital; Indianapolis Zoo; University of London; King's College London; Psychiatry Research Trust; Institute of Child Health; Stony Brook University; Erasmus MC; Great Ormond Street Hospital; St. Mary's Hospital; Harefield Hospital; University of Manchester; McGill University; Kentucky Science Center; National Institute for Basic Biology; The Graduate University for Advanced Studies, SOKENDAI; University College Hospital; University of Reading; Cornell University; Lancaster City Council; Triangle; European Gravitational Observatory; The Royal Free Hospital; McGill University Health Centre; Manchester Academic Health Science Centre; St Mary's Hospital; Wake Forest University; University of California, Irvine; In-Q-Tel; Augusta University; Institute of Child Health; University of Oxford",0000-0002-4170-5248,,
https://openalex.org/A5010903591,Xiaokui Xiao,https://openalex.org/I205783295,Cornell University,2009,2009,https://openalex.org/I205783295,2009,2009,National University of Singapore,Advanced Digital Sciences Center; Guangdong University of Technology; Nanyang Technological University; City University of Hong Kong; Chinese University of Hong Kong; University of Illinois Urbana-Champaign; Fudan University; Shenzhen Polytechnic; Digital Science (United States); Zhejiang University; Cornell University,0000-0003-0914-4580,,
https://openalex.org/A5015024212,R. Cecil Jack,https://openalex.org/I205783295,Cornell University,1968,1968,https://openalex.org/I205783295,1968,1968,St. John's University,Cornell University; Ackerman Institute for the Family,,,
https://openalex.org/A5075831554,Jay J. Farmer,https://openalex.org/I205783295,Cornell University,1997,2000,https://openalex.org/I205783295,1997,2000,,Trinity College; Melinta Therapeutics (United States); RTX (United States); Columbia University; Cornell University; Hartford Financial Services (United States),,,
https://openalex.org/A5100452198,Taeho Kim,https://openalex.org/I205783295,Cornell University,2004,2009,https://openalex.org/I205783295,2004,2009,Michigan State University; Washington University in St. Louis; Yonsei University; Korea Research Institute of Bioscience and Biotechnology,"Hanyang University; Kyung Hee University Medical Center; University of Virginia; University of California, Davis; Konkuk University Medical Center; Samsung (South Korea); Rural Development Administration; Inha University; Sungkyunkwan University; Clark University; Chung-Ang University; University of Utah; Cornell University; National Institute of Food and Drug Safety Evaluation; Samsung (United States); University of Tsukuba; Tohoku University; Sejong University; Pusan National University; University of Colorado Boulder; Seoul National University; Kyungpook National University Hospital; University of Toronto; Kangwon National University; Howard Hughes Medical Institute; Kumoh National Institute of Technology; Korea Institute of Ceramic Engineering and Technology; University of Wisconsin–Madison; Chungnam National University; Total (United States); Creative Research; University of Illinois Urbana-Champaign; Korea Institute of Science and Technology; Seoul National University Hospital; Kyung Hee University; Advanced Imaging Research (United States); Stanford University; Anyang University; Kyungpook National University; National Academy of Agricultural Science; Cheongju St. Mary's Hospital; Ulsan National Institute of Science and Technology; Gyeongsang National University; Johns Hopkins University; Ajou University; University of Kentucky; Nongwoo Bio (South Korea); Institute for Basic Science; Daegu University; Johns Hopkins Medicine; Chung-Ang University Hospital; RELX Group (United States); University of California, San Diego; Gyeongsang National University Hospital; Konkuk University",0000-0002-7500-8918,,
https://openalex.org/A5111963616,A. Tomaradze,https://openalex.org/I205783295,Cornell University,2003,2003,https://openalex.org/I205783295,2003,2003,,"Federal Ministry of Education, Science and Research; Northwestern University; Syracuse University; Iowa State University; RWTH Aachen University; University of Mons; University of Kansas; Ames National Laboratory; University of Illinois Urbana-Champaign; Commissariat à l'Énergie Atomique et aux Énergies Alternatives; Tbilisi State University; University of Puerto Rico-Mayaguez; University of Minnesota; Brookhaven National Laboratory; Cornell University; Carnegie Mellon University; University of Ferrara; Fermi National Accelerator Laboratory; University of Bonn; Purdue University West Lafayette; University of Florida; European Organization for Nuclear Research; University of Pittsburgh; Pacific Northwest National Laboratory; Interuniversity Institute for High Energies; Lomonosov Moscow State University; Institute for High Energy Physics; Vanderbilt University; Victoria University of Bangladesh; University of Antwerp",,,
https://openalex.org/A5012087403,Darrel E. Goll,https://openalex.org/I205783295,Cornell University,1983,1983,https://openalex.org/I205783295,1983,1983,,"University of California, Los Angeles; Gladstone Institutes; Virginia Tech; University of Oxford; Yale University; University of Wisconsin–Madison; Los Angeles Medical Center; Tsinghua University; Cornell University; University of Alberta; University of Niigata Prefecture; University of Arizona; University of California, San Francisco; Iowa State University",,,
https://openalex.org/A5017473171,Thomas D. Scavelli,https://openalex.org/I205783295,Cornell University,1986,1986,https://openalex.org/I205783295,1986,1986,Carolina Veterinary Specialists,New York State College of Veterinary Medicine; University of Pennsylvania; The Schwarzman Animal Medical Center; The Ohio State University; Cancer Clinic; Donaldson (United States); Cornell University,,,
https://openalex.org/A5073137089,Tracey Van Kempen,https://openalex.org/I205783295,Cornell University,2010,2014,https://openalex.org/I205783295,2010,2014,MIND Research Institute; Cornell University,,,,
https://openalex.org/A5108493622,Jake Halliday,https://openalex.org/I205783295,Cornell University,1984,1984,https://openalex.org/I205783295,1984,1984,University of Saskatchewan,University of Hawaiʻi at Mānoa; University of Hawaii System; Cornell University; The University of Sydney; International Center for Tropical Agriculture; Battelle; The University of Western Australia,,,
https://openalex.org/A5024020403,Sandhya Ganesan,https://openalex.org/I205783295,Cornell University,2021,2021,https://openalex.org/I205783295,2021,2021,Cornell University,,,,
https://openalex.org/A5110809290,Xuerong Jin,https://openalex.org/I205783295,Cornell University,2025,2025,https://openalex.org/I205783295,2025,2025,Cornell University,,0009-0000-2862-4075,,
https://openalex.org/A5076236701,Ira Wasserman,https://openalex.org/I205783295,Cornell University,1979,2016,https://openalex.org/I205783295,1979,2016,,University of Toronto; Astronomy and Space; University of Chicago; University of Milan; University of Illinois Urbana-Champaign; Stanford University; Eastern Michigan University; Palo Alto University; Baker Hughes (United States); Cornell University; Harvard University; Wayne State University,0000-0001-6618-6096,,
https://openalex.org/A5039361319,Yan Zhang,https://openalex.org/I205783295,Cornell University,2004,2008,https://openalex.org/I205783295,2004,2008,Peking University; National Institutes for Food and Drug Control; Nanjing Drum Tower Hospital,"National Institutes of Health; Hong Kong University of Science and Technology; Union Hospital; Second Affiliated Hospital of Nanchang University; Mayo Clinic in Florida; Cornell University; Guizhou Normal University; University of Hong Kong; Chinese Academy of Medical Sciences & Peking Union Medical College; Weatherford College; University of Pennsylvania; Stomatology Hospital; Chinese Institute for Brain Research; National Institute on Drug Abuse; Jilin University; Hebei Normal University; California Institute of Technology; University of Waterloo; Chongqing Medical University; Howard Hughes Medical Institute; Nanchang University; Peking Union Medical College Hospital; Scripps Research Institute; University of Maryland, Baltimore; Chinese Academy of Fishery Sciences; Hospital of Hebei Province; Stem Cell Institute; Ministry of Agriculture and Rural Affairs; Janelia Research Campus; Dongfeng General Hospital; The Ohio State University; University of Oregon; Anhui Provincial Hospital",0000-0001-8376-3190,,
https://openalex.org/A5104221604,Jean Feldman,https://openalex.org/I205783295,Cornell University,1993,1993,https://openalex.org/I205783295,1993,1993,Cornell University,,,,
https://openalex.org/A5028328854,Ana Díaz,https://openalex.org/I205783295,Cornell University,2013,2014,https://openalex.org/I205783295,2013,2014,Universitat de València,Universidad de la República de Uruguay; Universidade de Santiago de Compostela; Centro Uruguayo de Imagenología Molecular; University of Nicosia; Hospital Research Foundation; INCLIVA Health Research Institute; Instituto de Salud Carlos III; Cornell University; Centro de Investigación Biomédica en Red de Fragilidad y Envejecimiento Saludable; Instituto de Agroquímica y Tecnología de Alimentos,0000-0002-5396-4466,,
https://openalex.org/A5109212216,Hadeel Almana,https://openalex.org/I205783295,Cornell University,2005,2005,https://openalex.org/I205783295,2005,2005,King Faisal Specialist Hospital & Research Centre,Alfaisal University; Cornell University; National Guard Health Affairs; Riyadh Elm University,,,
https://openalex.org/A5024990798,Brett L. Lucht,https://openalex.org/I205783295,Cornell University,1996,1999,https://openalex.org/I205783295,1996,1999,University of Pittsburgh; University of Rhode Island,"University of Utah; Brown University; South China University of Technology; Georgia Institute of Technology; Cornell University; Pfizer (United States); University of California, Berkeley",0000-0002-4660-0840,,
https://openalex.org/A5113573671,Z. Christine Bian,https://openalex.org/I205783295,Cornell University,1995,2003,https://openalex.org/I205783295,1995,2003,Bengbu Medical College,University of Michigan; Nanjing University of Chinese Medicine; Cornell University; University of Cincinnati; Jiangsu Province Hospital,,,
https://openalex.org/A5019441058,Thomas J. Ketas,https://openalex.org/I205783295,Cornell University,2003,2024,https://openalex.org/I205783295,2003,2024,Cornell University,"Progenics Pharmaceuticals (United States); New York Hospital Queens; Scripps Research Institute; Icahn School of Medicine at Mount Sinai; John Wiley & Sons (United States); Municipal Institute for Medical Research; Barcelona Biomedical Research Park; University of Alabama at Birmingham; Presbyterian Hospital; Howard Hughes Medical Institute; Hudson Institute; Rockefeller University; NewYork–Presbyterian Hospital; University of Pennsylvania; Aaron Diamond AIDS Research Center; University of Maryland, Baltimore; Weill Cornell Medicine",0000-0001-9380-7716,,
https://openalex.org/A5111786362,Dangsheng Liang,https://openalex.org/I205783295,Cornell University,1993,1995,https://openalex.org/I205783295,1993,1995,,"Rütgers (Germany); Cornell University; North Carolina State University; Rutgers Sexual and Reproductive Health and Rights; The Clorox (United States); Rutgers, The State University of New Jersey; New York State Department of Agriculture and Markets",,,
https://openalex.org/A5007416721,Stephen M. Durbin,https://openalex.org/I205783295,Cornell University,1985,1988,https://openalex.org/I205783295,1985,1988,Purdue University West Lafayette,"Knox College; Florida State University; Northeastern University; Cornell High Energy Synchrotron Source; U.S. National Science Foundation; Florida A&M University - Florida State University College of Engineering; National Academies of Sciences, Engineering, and Medicine; Steacie Institute for Molecular Sciences; National Institute of Standards; Cornell University; John Brown University; Argonne National Laboratory; University of Notre Dame; National Institute of Standards and Technology; Purdue University System; Florida Agricultural and Mechanical University",0000-0002-3600-9854,,
https://openalex.org/A5082085280,Ling Y. Munsell,https://openalex.org/I205783295,Cornell University,1982,1982,https://openalex.org/I205783295,1982,1982,Washington University in St. Louis,National Audubon Society; Washington State University; University of British Columbia; Colorado State University; Cornell University,,,
https://openalex.org/A5086525008,John DiGiovanni,https://openalex.org/I205783295,Cornell University,2012,2012,https://openalex.org/I205783295,2012,2012,The University of Texas at Austin; Dell Children's Medical Center of Central Texas; Austin College; Livestrong Foundation; Texas College,"University of Chicago; Tripler Army Medical Center; Pediatrics and Genetics; Columbia University Irving Medical Center; Louisiana State University Health Sciences Center Shreveport; The University of Texas System; Georgetown University; Cornell University; University of Tsukuba; University of Alabama at Birmingham; Case Western Reserve University; Tokyo Medical and Dental University; The University of Texas MD Anderson Cancer Center; University of Wisconsin–Madison; Pennsylvania State University; Oak Ridge National Laboratory; University of North Texas Health Science Center; New York University; Society of Environmental Toxicology and Chemistry; University of Michigan; Kyorin University; McGill University; University of Victoria; Clinical Research Management; National Cancer Institute; University of Cincinnati Medical Center; The Wistar Institute; University of Washington; American Association of Colleges of Pharmacy; The University of Tokyo; Cirrus Logic (United States); National Institutes of Health; University of Maryland, Baltimore; Baylor College of Medicine; Purdue University West Lafayette; Boston University; Texas Research Institute; University of North Texas; University of Colorado Anschutz Medical Campus; May Institute",0000-0003-4233-6728,,
https://openalex.org/A5020348364,Ronald Perez,https://openalex.org/I205783295,Cornell University,2013,2013,https://openalex.org/I205783295,2013,2013,Hospital Italiano La Plata,Universidad Nacional de La Plata; Cornell University,0000-0003-3704-486X,,
https://openalex.org/A5083683183,Olaf Schneewind,https://openalex.org/I205783295,Cornell University,1999,2000,https://openalex.org/I205783295,1999,2000,University of Chicago,"Princeton University; UConn Health; United States Department of Agriculture; Helmholtz Centre for Infection Research; Western Regional Research Center; Cornell University; Rockefeller University; San Diego Supercomputer Center; Oregon State University; University of Nevada, Las Vegas; Argonne National Laboratory; Committee on Climate Change; Stanford Synchrotron Radiation Lightsource; Medizinische Hochschule Hannover; University of California, Los Angeles; University of Cologne; Czech Academy of Sciences, Institute of Microbiology; Karolinska Institutet",0000-0001-9652-3823,,
https://openalex.org/A5041787314,Stephen Ashwal,https://openalex.org/I205783295,Cornell University,2012,2018,https://openalex.org/I205783295,2012,2018,,"Cerebral Palsy Research Foundation; United Cerebral Palsy; Mattel Children's Hospital; Harvard University; Geisinger Health System; University of Vermont Medical Center; Boston University; University of California, Irvine; Hudson Institute; NYU Langone Health; Hospital for Sick Children; University of Rochester Medical Center; Massachusetts General Hospital; Regional Medical Center; New York University; Loma Linda University Health Care; Barrow Neurological Institute; Montreal Children's Hospital; University of Pennsylvania; Dartmouth–Hitchcock Medical Center; Washington University in St. Louis; McGill University Health Centre; Child Neurology Associates; Beth Israel Deaconess Medical Center; Hennepin County Medical Center; National Disability Institute; The University of Texas Southwestern Medical Center; Foundation for Physical Medicine and Rehabilitation; University of Chicago; Cincinnati Children's Hospital Medical Center; University of Michigan; University of Washington; Brain Trauma Foundation; Seattle Children's Hospital; Child Neurology Society; Children's Hospital of Philadelphia; University of California, San Diego; Eastern Virginia Medical School; Kennedy Krieger Institute; American Association of Neurological Surgeons; Northwestern University; Boston Children's Hospital; American Academy of Pediatrics; Spaulding Rehabilitation Hospital; Johns Hopkins University; Baylor College of Medicine; Moss Rehabilitation Hospital; Hershey (United States); Royal Children's Hospital; Yale University; University of Wisconsin–Madison; Florida College; National Institutes of Health; Neurological Surgery; University of British Columbia; Center for Independent Living; BC Children's Hospital; George Washington University; American Academy of Neurology; Cardiff and Vale University Health Board; Perinatal Institute; Loma Linda University Medical Center; University of Florida; Loma Linda University; John Wiley & Sons (United States); Loma Linda University Children's Hospital; Cornell University; Phoenix Children's Hospital; Children's National; University of Kansas Medical Center; McGill University; Duke University; National Institute of Neurological Disorders and Stroke; Doernbecher Children's Hospital; University of Pittsburgh; University of Utah; University of Minnesota; St. Louis Children's Hospital; University of Oxford; University of California, Riverside; Oregon Health & Science University; Children's Hospital of The King's Daughters; Allegheny General Hospital; National Institute on Disability, Independent Living, and Rehabilitation Research; Holland Bloorview Kids Rehabilitation Hospital; University of California, San Francisco; Boston Medical Center; Pediatrics and Genetics; Great Lakes Environmental Center; Children's Hospital; Centre for Human Genetics; Dupont Hospital; University of New Mexico",0000-0003-1947-0574,,
https://openalex.org/A5032522966,Shuqing Chen,https://openalex.org/I205783295,Cornell University,2001,2002,https://openalex.org/I205783295,2001,2002,"Peking University Cancer Hospital; Binzhou Medical University; Huazhong University of Science and Technology; Shanghai Jiao Tong University; Second Affiliated Hospital of Chongqing Medical University; Sun Yat-sen University; Wuhan University; Xinxiang Medical University; Zhejiang University; Chongqing Medical University; Binzhou University; Hunan University of Traditional Chinese Medicine; Shanghai Changzheng Hospital; Dalian Medical University; Peking University; Fuzhou University; Guilin University of Electronic Technology; Second Affiliated Hospital of Jilin University; Nanjing University of Aeronautics and Astronautics; The First Affiliated Hospital, Sun Yat-sen University","University of Science and Technology Beijing; Tsinghua University; Yangzhou University; Shenyang Medical College; Guangzhou Design Institute; Peking University First Hospital; University Medical Center; Lanzhou Institute of Chemical Physics; University of Iowa; Huashan Hospital; Government College University, Faisalabad; Leiden University Medical Center; Universidad del Noreste; Guangzhou Medical University; Pharmaceutical Biotechnology (Czechia); Second Affiliated Hospital of Shantou University Medical College; Fudan University; PLA Air Force Aviation University; Shanghai Sixth People's Hospital; University of Michigan; Yangtze Normal University; Union Hospital; Guangdong-Hongkong-Macau Joint Laboratory of Collaborative Innovation for Environmental Quality; Cardiff University; Air Force Medical University; China University of Mining and Technology; Cornell University; Zhejiang University of Science and Technology; First Affiliated Hospital of Fujian Medical University; Sidney Kimmel Comprehensive Cancer Center; Yong-in Songdam College; Fujian Provincial Cancer Hospital; Zhejiang Lab; University of Wales; Tobacco Research Institute; Shantou University Medical College; Jinan University; Zoucheng People's Hospital; Nantong University; Tea Research Institute; The University of Texas Southwestern Medical Center; Shanghai Clinical Research Center; CAE (Canada); Hangzhou Cancer Hospital; Tsinghua–Berkeley Shenzhen Institute; Hangzhou Xixi hospital; University of Chinese Academy of Sciences; Fujian Medical University; Shantou University; Northeastern University; University of Guelph; Western University; South China Normal University; Harbin Institute of Technology; Xiangtan University; Southwest University; University of Kentucky; BioNumerik (United States); Second Artillery General Hospital of Chinese People's Liberation Army; Zhejiang Hisun Pharmaceutical (China); Institute on Aging; Friedrich-Alexander-Universität Erlangen-Nürnberg; First People's Hospital of Foshan; Nippon Medical School; Jiangsu Province Hospital; Shenzhen Institutes of Advanced Technology; Chinese Academy of Sciences; Nanjing Medical University; Kao Yuan University; Shaanxi Research Association for Women and Family; Center for Excellence in Molecular Plant Sciences; China Earthquake Administration; Yanshan University; Second Affiliated Hospital of Guangzhou Medical University; Institute of Pharmacology; Hangzhou Medical College; Feng Chia University",0000-0002-0792-3735,,
https://openalex.org/A5075060359,J. Paul Speir,https://openalex.org/I205783295,Cornell University,1994,1996,https://openalex.org/I205783295,1994,1996,Scripps Research Institute,Center for Cancer Research; Bruker (United States); GlaxoSmithKline (United States); College of Wooster; University of Massachusetts Amherst; University of Georgia; Cornell University; National Cancer Institute,,,
https://openalex.org/A5082696014,Moniek van de Loo,https://openalex.org/I205783295,Cornell University,1984,1984,https://openalex.org/I205783295,1984,1984,Emma Kinderziekenhuis; Amsterdam University Medical Centers,University of Amsterdam; Memorial Sloan Kettering Cancer Center; Baylor University; Amsterdam UMC Location University of Amsterdam; Cornell University; Amsterdam University of the Arts,0000-0002-9218-7903,,
https://openalex.org/A5111631253,Albert H. Burstein,https://openalex.org/I205783295,Cornell University,1979,1995,https://openalex.org/I205783295,1979,1995,,Virginia Commonwealth University Medical Center; Case Western Reserve University; Cooper Union; Memorial Sloan Kettering Cancer Center; University of Tulsa; Cornell University; New York Community Trust; University of Pennsylvania; National Institutes of Health; Andover Eye Associates; New York University Langone Orthopedic Hospital; York University; Louisiana State University; Hospital for Special Surgery; Cleveland Clinic; University School; University Hospitals of Cleveland,,,
https://openalex.org/A5074069491,Roberta M. Stinson,https://openalex.org/I205783295,Cornell University,1992,1996,https://openalex.org/I205783295,1992,1996,Cornell University,,,,
https://openalex.org/A5046343271,C.L. Meyer,https://openalex.org/I205783295,Cornell University,2001,2001,https://openalex.org/I205783295,2001,2001,Iowa State University,Cornell University,,,
https://openalex.org/A5027323321,Vasant Shanbhougue,https://openalex.org/I205783295,Cornell University,1990,1990,https://openalex.org/I205783295,1990,1990,Cornell University,,,,
https://openalex.org/A5074512055,Shafquat Rahman,https://openalex.org/I205783295,Cornell University,2006,2006,https://openalex.org/I205783295,2006,2006,MathWorks (United States),Cornell University,,,
https://openalex.org/A5110713792,Mahmood Khan,https://openalex.org/I205783295,Cornell University,2025,2025,https://openalex.org/I205783295,2025,2025,Cornell University,Texas Children's Hospital; National Council Of Educational Research And Training; Baylor College of Medicine; University of South Florida; Trinity University; Florida College,,,
https://openalex.org/A5102725124,David H. Dunlap,https://openalex.org/I205783295,Cornell University,2001,2001,https://openalex.org/I205783295,2001,2001,University of New Mexico; University of Natural Medicine,IIT@MIT; Cornell University; University of Oregon; University of Rochester; Idaho National Laboratory; Massachusetts Institute of Technology; Los Alamos National Laboratory; New Mexico Consortium; West Virginia University Institute of Technology,0000-0001-6796-5956,,
https://openalex.org/A5100393999,Sheng Zhang,https://openalex.org/I205783295,Cornell University,2004,2004,https://openalex.org/I205783295,2004,2004,Hunan Agricultural University; University of Chinese Academy of Sciences; Institute of Physics; China Academy of Space Technology; Ministry of Agriculture and Rural Affairs; Hainan University; Fujian University of Traditional Chinese Medicine,"Jilin University; Air Force Engineering University; The Graduate Center, CUNY; Ministry of Water Resources of the People's Republic of China; Institute of Microelectronics; Wayne State University; Cornell University; Nanjing University of the Arts; Huaqiao University; University of Fukui; Changzhou University; Northwest University; Kunming University of Science and Technology; Commercial Aircraft Corporation of China (China); National University of Singapore; China XD Group (China); Jiangnan University; South China Normal University; University of Benin; Chengdu Organic Chemicals (China); Shandong University of Science and Technology; Tianjin Medical University; Chengdu Institute of Biology; Jiangsu University of Science and Technology; Baoji University of Arts and Sciences; Jilin Province Science and Technology Department; Texas Tech University; Anhui University of Science and Technology; Peking University; Tianjin Medical University Cancer Institute and Hospital; Anhui and Huaihe River Institute of Hydraulic Research; Shanghai Institute of Microsystem and Information Technology; Centre National de la Recherche Scientifique; PLA Army Engineering University; Chinese Academy of Sciences; Henan Institute of Science and Technology; CUNY Advanced Science Research Center; Ministry of Education of the People's Republic of China; Clemson University; Sichuan University; Analytical Services; State Council of the People's Republic of China; Qufu Normal University; Henan Polytechnic University; Yueqing People's Hospital; Argonne National Laboratory; Ithaca College; City University of New York; National Clinical Research",0000-0001-9370-0548,,
https://openalex.org/A5051001903,F. Selleri,https://openalex.org/I205783295,Cornell University,1963,1965,https://openalex.org/I205783295,1963,1965,,"Istituto Nazionale di Fisica Nucleare, Sezione di Bologna; European Organization for Nuclear Research; Istituto Nazionale per la Fisica della Materia; Istituto Nazionale di Fisica Nucleare, Sezione di Torino; University of Bologna; Fondation de France; Laboratoire de Physique de Clermont Auvergne; Cornell University; Istituto Nazionale di Fisica Nucleare; University of Notre Dame; Istituto Nazionale di Fisica Nucleare, Sezione di Bari; CEA Paris-Saclay - Etablissement de Saclay; University of Bari Aldo Moro",,,
https://openalex.org/A5018500587,Mary Ellen Palko,https://openalex.org/I205783295,Cornell University,1997,1997,https://openalex.org/I205783295,1997,1997,National Institutes of Health; National Cancer Institute; Cancer Genetics (United States); Center for Cancer Research,Cancer Research Center; Cornell University; Advanced Bioscience Laboratories (United States); Frederick National Laboratory for Cancer Research; BioScience Laboratories (United States),,,
https://openalex.org/A5102804505,Ryan Ross,https://openalex.org/I205783295,Cornell University,1970,1970,https://openalex.org/I205783295,1970,1970,Mississippi State University,Cornell University,0009-0003-6511-9352,,
https://openalex.org/A5006596347,R. P. VITO,https://openalex.org/I205783295,Cornell University,1969,1972,https://openalex.org/I205783295,1969,1972,,Cornell University,,,
https://openalex.org/A5047390843,Jelena Lujić,https://openalex.org/I205783295,Cornell University,2021,2025,https://openalex.org/I205783295,2021,2025,,Magyar Agrár- és Élettudományi Egyetem; Cornell University; University of Novi Sad,0000-0003-2488-7403,,
https://openalex.org/A5106184097,RJ Stoltzfus,https://openalex.org/I205783295,Cornell University,1993,1993,https://openalex.org/I205783295,1993,1993,,Cornell University; Universitas Gadjah Mada,,,
https://openalex.org/A5003269978,Kurt A. Johnson,https://openalex.org/I205783295,Cornell University,1996,2000,https://openalex.org/I205783295,1996,2000,University of York,University of Wisconsin–Madison; Cornell University; University of Vermont; Semiconductor Research Corporation,,,
https://openalex.org/A5071869922,Dong Hsiao Chiang,https://openalex.org/I205783295,Cornell University,2025,2025,https://openalex.org/I205783295,2025,2025,,Cornell University,,,
https://openalex.org/A5051563093,Takashi Okagaki,https://openalex.org/I205783295,Cornell University,1984,1984,https://openalex.org/I205783295,1984,1984,University of Minnesota Medical Center,Beijing Obstetrics and Gynecology Hospital; Royal College of Physicians; Massachusetts General Hospital; University Medical Center; University Hospital and Clinics; Fairview Health Services; Charité - Universitätsmedizin Berlin; Maruyama Memorial General Hospital; Columbia University; Institute for Human Reproduction; Twin Cities Orthopedics; The University of Tokyo; Indiana University – Purdue University Indianapolis; Columbia College; University of Minnesota System; University of Zurich; U.S. National Science Foundation; Women's Cancer Center of Nevada; Minneapolis Institute of Arts; Mayo Clinic; University Hospital of Zurich; Presbyterian Hospital; Wayne State University; North Shore University Hospital; University of Edinburgh; NewYork–Presbyterian Hospital; University of Minnesota; Gunma University; Cornell University; Harvard University; Gunma University Hospital,,,
https://openalex.org/A5110860526,Peter Dear,https://openalex.org/I205783295,Cornell University,1986,2016,https://openalex.org/I205783295,1986,2016,National Trust,Royal Society; The University of Sydney; Canisius College; Museum of the History of Science; Cornell University,,,
https://openalex.org/A5018855751,Alexandra N McKillop,https://openalex.org/I205783295,Cornell University,2018,2025,https://openalex.org/I205783295,2018,2025,Cornell University,,,,
https://openalex.org/A5049980067,G. Dugan,https://openalex.org/I205783295,Cornell University,1999,2004,https://openalex.org/I205783295,1999,2004,Brandeis University; Aselsan (Turkey),Naval Medical Center Portsmouth; Supercon (United States); Fermi National Accelerator Laboratory; Universities Research Association; Cornell University,,,
https://openalex.org/A5113887827,Casper Es,https://openalex.org/I205783295,Cornell University,1983,2007,https://openalex.org/I205783295,1983,2007,Cornell University,Memorial Sloan Kettering Cancer Center; National Institutes of Health,,,
https://openalex.org/A5000764874,Lance E. Peters,https://openalex.org/I205783295,Cornell University,2001,2001,https://openalex.org/I205783295,2001,2001,,Cornell University; Total (United States); Hospital for Special Surgery; Lenox Hill Hospital,,,
https://openalex.org/A5113769326,Latham Mc,https://openalex.org/I205783295,Cornell University,1991,1992,https://openalex.org/I205783295,1991,1992,,Cornell University,,,
https://openalex.org/A5009069891,Janet Andres,https://openalex.org/I205783295,Cornell University,1990,1990,https://openalex.org/I205783295,1990,1990,,Howard Hughes Medical Institute; Cornell University; Tokyo Medical and Dental University; University of Colorado Denver; University of Massachusetts Chan Medical School; Albert Einstein College of Medicine; Long Island Jewish Medical Center; Memorial Sloan Kettering Cancer Center,,,
https://openalex.org/A5014863618,Joanna Triscott,https://openalex.org/I205783295,Cornell University,2017,2017,https://openalex.org/I205783295,2017,2017,,McMaster University; University of British Columbia; Child and Family Research Institute; NewYork–Presbyterian Hospital; University Hospital of Bern; German Cancer Research Center; St Mary's Hospital; BC Children's Hospital; University of Bern; Heidelberg University; New York Hospital Queens; Cornell University; Weill Cornell Medicine; Presbyterian Hospital,0000-0002-0625-0524,,
https://openalex.org/A5102880155,C. L. Tang,https://openalex.org/I205783295,Cornell University,1965,2002,https://openalex.org/I205783295,1965,2002,Changsha University of Science and Technology; University of Georgia,U.S. National Science Foundation; RTX (United States); Cornell University; National Renewable Energy Laboratory; United States Naval Research Laboratory; École Polytechnique; Harvard University,0009-0002-2769-0796,,
https://openalex.org/A5112806010,Frederick D U N N,https://openalex.org/I205783295,Cornell University,1959,1959,https://openalex.org/I205783295,1959,1959,Princeton University,Woodrow Wilson International Center for Scholars; Brookings Institution; Urbana University; University of New Haven; University of Illinois System; Yale University; Park University; Cornell University,,,
https://openalex.org/A5032064360,Jorge G. Kosturakis,https://openalex.org/I205783295,Cornell University,1979,1979,https://openalex.org/I205783295,1979,1979,Cornell University; College of Business Administration,,,,
https://openalex.org/A5112086693,S. E. Ealick,https://openalex.org/I205783295,Cornell University,1997,2007,https://openalex.org/I205783295,1997,2007,Cornell University,Argonne National Laboratory; A.V. Shubnikov Institute of Crystallography; University of Alabama at Birmingham; Vanderbilt University; University of Utah; Area Detector Systems Corporation (United States); Southern Research Institute,,,
https://openalex.org/A5001197988,Marvin Cohn,https://openalex.org/I205783295,Cornell University,1979,1979,https://openalex.org/I205783295,1979,1979,City College of New York; Cornell University; Adelphi University,,,,
https://openalex.org/A5105949408,Marc J. Spirn,https://openalex.org/I205783295,Cornell University,2000,2000,https://openalex.org/I205783295,2000,2000,Cornell University,,,,
https://openalex.org/A5043733941,Stephen M. Stack,https://openalex.org/I205783295,Cornell University,2005,2005,https://openalex.org/I205783295,2005,2005,Colorado State University,"Cornell University; The University of Texas at Austin; Centre de Génétique Moléculaire; University of California, Irvine; National Taiwan University; Indianapolis Zoo; University of Wisconsin–Madison",,,
https://openalex.org/A5010278214,J. Bullot,https://openalex.org/I205783295,Cornell University,1969,1969,https://openalex.org/I205783295,1969,1969,Nantes Université; Institut des Matériaux Jean Rouxel; Centre National de la Recherche Scientifique,Laboratoire de Chimie Physique; Université Paris-Saclay; Centre Hospitalier d'Orsay; Laboratoire de Chimie Physique - Matière et Rayonnement; Université Paris-Sud; Cornell University; Université Paris Cité,,,
https://openalex.org/A5013204900,Wen‐Yi Wu,https://openalex.org/I205783295,Cornell University,2022,2022,https://openalex.org/I205783295,2022,2022,Fu Jen Catholic University,Cornell University,0000-0003-0606-8586,,
https://openalex.org/A5103529818,C. C. Chao,https://openalex.org/I205783295,Cornell University,1970,1970,https://openalex.org/I205783295,1970,1970,,Clarkson College; Cornell University,,,
https://openalex.org/A5052043290,Richard Wilson,https://openalex.org/I205783295,Cornell University,1963,1963,https://openalex.org/I205783295,1963,1963,University of Tasmania; Case Western Reserve University,"St Mary's Hospital; The University of Melbourne; Centers for Disease Control and Prevention; University of Rochester; Paddington Cat Hospital; Environmental Protection Agency; University of Chicago; Cyclotron (Netherlands); University of Illinois Chicago; Cornell University; Harvard University; IP Australia; Boston University; University of Manchester; Hobart Private Hospital; Royal Children's Hospital; Hospital Clínico San Carlos; ReShape Lifesciences (United States); Université Paris Cité; Harvard University Press; Quadram Institute; Michigan State University; École Normale Supérieure - PSL; Ministry of Natural Resources and Forestry; Wellcome Centre for Cell-Matrix Research; Theravance Biopharma (United States); Queen's University; Virginia Tech; University of Maryland, College Park; University of Illinois Urbana-Champaign; Norwich Research Park; Fermi National Accelerator Laboratory; Columbia University; Mallinckrodt (United States); United States Geological Survey; Murdoch Children's Research Institute",0000-0003-0152-4394,,
https://openalex.org/A5076571607,J.P. Watson,https://openalex.org/I205783295,Cornell University,1990,1990,https://openalex.org/I205783295,1990,1990,,Michigan State University; Cornell University; New York State Department of Agriculture and Markets; University of Arkansas at Fayetteville,,,
https://openalex.org/A5111834855,H. E. SMITH,https://openalex.org/I205783295,Cornell University,1986,1987,https://openalex.org/I205783295,1986,1987,,Purdue University West Lafayette; Digital Wave (United States); Nakanishi (Japan); Wright-Patterson Air Force Base; University of South Florida; Trinity College Dublin; Sensors (United States); Cornell University; Vanderbilt University; University of Dayton; United States Air Force Research Laboratory; Ørsted (Denmark); Analytisches Laboratorium; University of Michigan,,,
https://openalex.org/A5042339914,Emily Stern,https://openalex.org/I205783295,Cornell University,1993,2011,https://openalex.org/I205783295,1993,2011,Nathan Kline Institute for Psychiatric Research; NYU Langone Health; New York University; Paracelsus Medical University; Child Mind Institute; Icahn School of Medicine at Mount Sinai,New York Proton Center; Oregon Health & Science University; New Balance (United States); Rockefeller University; Columbia University; John F. Kennedy Medical Center; Harvard University; University of Indianapolis; Boston Children's Hospital; Center for Discovery; Klinik für Psychosomatik; Geisinger Health System; The Aerospace Corporation; Emirates College for Advanced Education; National League of Cities; University School; University of Massachusetts Amherst; Brigham and Women's Hospital; NewYork–Presbyterian Hospital; Prince of Wales Hospital; University College London; University Radiology; Universität Ulm; Lemuel Shattuck Hospital; Cyclotron (Netherlands); Princeton University; Medical Research Council; University of Michigan; Chestnut Hill College; Allen Institute for Brain Science; Hammersmith Hospital; Trimble (United States); Sunovion (United States); Beth Israel Deaconess Medical Center; Amsterdam UMC Location Vrije Universiteit Amsterdam; Cornell University; National Hospital for Neurology and Neurosurgery,0000-0001-7805-594X,,
https://openalex.org/A5112197216,GERALD S. WERRE,https://openalex.org/I205783295,Cornell University,1978,1978,https://openalex.org/I205783295,1978,1978,"University of California, Davis; Cornell University; Menlo School; SRI International; Universities Research Association",,,,
https://openalex.org/A5017751960,Grant Farred,https://openalex.org/I205783295,Cornell University,1970,2025,https://openalex.org/I205783295,1970,2025,Cornell University,Duke University; Williams College,,,
https://openalex.org/A5049005268,Jeffrey Mullen,https://openalex.org/I205783295,Cornell University,1997,1998,https://openalex.org/I205783295,1997,1998,"University of California, Irvine",Purdue University West Lafayette; Cornell University,,,
https://openalex.org/A5071939353,Surya V. Seshan,https://openalex.org/I205783295,Cornell University,2001,2025,https://openalex.org/I205783295,2001,2025,Cornell College; Weill Cornell Medicine; Cornell University; University Medical Center; Presbyterian Hospital; University of Sheffield; Insigneo,Harvard University; International Society of Nephrology; Saudi Heart Association; New York Hospital Queens; University of North Carolina at Chapel Hill; Metabolism and Renal Physiology; Icahn School of Medicine at Mount Sinai; SDN Istituto di Ricerca Diagnostica e Nucleare; Penn Presbyterian Medical Center; Hospital for Special Surgery; Methodist Hospital; New York Proton Center; The Rogosin Institute; Columbia University; Mayo Clinic; NewYork–Presbyterian Hospital; RELX Group (United States); Memorial Sloan Kettering Cancer Center; University of Pennsylvania; Istituti di Ricovero e Cura a Carattere Scientifico,0000-0003-4384-0694,,
https://openalex.org/A5010266887,Kavitha M. Chinnaiyan,https://openalex.org/I205783295,Cornell University,2011,2017,https://openalex.org/I205783295,2011,2017,"Beaumont Hospital, Royal Oak; Oakland University","University of Leicester; Weill Cornell Medicine; Michigan State University; Beaumont Hospital, Troy; Institute of Cardiology; Gangnam Severance Hospital; Yonsei University; NewYork–Presbyterian Hospital; Concord Repatriation General Hospital; Mount Sinai Hospital; Presbyterian Hospital; Aarhus University Hospital; University of Ottawa; Emory University; The University of Sydney; University of Arizona; Harbor–UCLA Medical Center; Henry Ford Hospital; Cornell University; Michigan Medicine; Botsford Hospital; Ascension; Hurley Medical Center; Beaumont Health; UCLA Medical Center; University of Michigan; University of Lausanne; Walter Reed National Military Medical Center; St. Paul's Hospital; RELX Group (United States); Erasmus MC; New York Hospital Queens; London Borough of Camden; Liverpool Heart and Chest Hospital; Deutsches Herzzentrum München; Beaumont Hospital, Dearborn; Spectrum Health; Cedars-Sinai Medical Center; Genesys Regional Medical Center; Glenfield Hospital; Wayne State University; Severance Hospital; University of Liverpool; Concord Hospital; Michigan United; Boston University; University of British Columbia; Wakayama Medical University",0000-0002-1337-826X,,
https://openalex.org/A5055417664,Zhan Zhan,https://openalex.org/I205783295,Cornell University,2003,2003,https://openalex.org/I205783295,2003,2003,National Institute of Informatics; The University of Tokyo,Chinese Academy of Sciences; AAC Technologies (China); South China University of Technology; China Medical University; Lanzhou University; First Affiliated Hospital of Henan University; Hebei University of Technology; Zhejiang University; First Hospital of China Medical University; Stryker (United States); Cornell University; National Council for Scientific and Technological Development; Guangxi University; Shenyang Academy of Environmental Sciences (China); Shanghai University; Wuhan Institute of Physics and Mathematics,,,
https://openalex.org/A5044804678,Jennifer R. Diamond,https://openalex.org/I205783295,Cornell University,2019,2019,https://openalex.org/I205783295,2019,2019,University of Colorado Hospital; University of Colorado Anschutz Medical Campus; University of Colorado Health; University of Colorado Cancer Center; University of Colorado Denver; Breast Center,Cancer Research Institute; Immunomedics (United States); Massachusetts General Hospital; Florida Cancer Care; Psyadon Pharmaceuticals (United States); Columbia University Irving Medical Center; Indiana University Health; University of Florida Health; Beth Israel Deaconess Medical Center; Cornell University; The University of Texas MD Anderson Cancer Center; Orlando Health; West Virginia University; Onconova Therapeutics (United States); University of Denver; Herbert Irving Comprehensive Cancer Center; St. Mary's Medical Center; Indiana University – Purdue University Indianapolis; Mayo Clinic in Arizona; University of Minnesota; Colorado State University; University of Colorado System; Livestrong Foundation; Consejo Nacional de Investigaciones Científicas y Técnicas; Vanderbilt University; Institut Jules Bordet; Université Libre de Bruxelles; Houston Methodist; Weill Cornell Medicine; Stony Brook University; Dana-Farber Cancer Institute; NYU Langone Health; CASI Pharmaceuticals (United States); Georgetown University; Baylor University Medical Center; Carolina BioOncology Institute; Clinique Victor Hugo; Centre Jean Bernard; The University of Texas at Austin; St. Mary's Hospital; Texas Oncology; UF Health Cancer Center; Harvard University; Yale University; University of Colorado Boulder; Sarah Cannon; Grand Charleroi Hospital; Vanderbilt-Ingram Cancer Center; University Hospitals of Cleveland,0000-0002-0703-2772,,
https://openalex.org/A5062539556,SUZANNE DRAGHI,https://openalex.org/I205783295,Cornell University,1980,1980,https://openalex.org/I205783295,1980,1980,NewYork–Presbyterian Hospital; Cornell University,,,,
https://openalex.org/A5078606404,Sheng Siyuan,https://openalex.org/I205783295,Cornell University,2018,2018,https://openalex.org/I205783295,2018,2018,Ningxia Water Conservancy,Cornell University,,,
https://openalex.org/A5057836850,Marcus Konner,https://openalex.org/I205783295,Cornell University,2025,2025,https://openalex.org/I205783295,2025,2025,Cornell University; Oregon Health & Science University; Columbia University; New York Hospital Queens; Presbyterian Hospital; Weill Cornell Medicine; NewYork–Presbyterian Hospital,Icahn School of Medicine at Mount Sinai; St. Luke's-Roosevelt Hospital Center; Touro College,,,
https://openalex.org/A5070290381,Sang S. Lee,https://openalex.org/I205783295,Cornell University,2002,2002,https://openalex.org/I205783295,2002,2002,Sunchon National University,Cornell University; Seoul National University,,,
https://openalex.org/A5083043200,Paola Cavaliere,https://openalex.org/I205783295,Cornell University,2017,2025,https://openalex.org/I205783295,2017,2025,Cornell University; Weill Cornell Medicine,University of Naples Federico II; Ceinge Biotecnologie Avanzate (Italy); Laboratoire des Systèmes Macromoléculaires et Signalisation; Centre National de la Recherche Scientifique; University of Massachusetts Chan Medical School; Institut Pasteur,,,
https://openalex.org/A5040027304,James Chukwuma Okoye,https://openalex.org/I205783295,Cornell University,2007,2007,https://openalex.org/I205783295,2007,2007,Duquesne University,Cornell University; Catholic Theological Union,,,
https://openalex.org/A5000684990,N. Unno,https://openalex.org/I205783295,Cornell University,1997,1997,https://openalex.org/I205783295,1997,1997,New York State College of Veterinary Medicine; Cornell University,,,,
https://openalex.org/A5030198230,Sarah Walcott‐Sapp,https://openalex.org/I205783295,Cornell University,2007,2007,https://openalex.org/I205783295,2007,2007,Einstein Medical Center Philadelphia; Emory Healthcare; Einstein Healthcare Network,Cornell University; Oregon Clinic; Cedars-Sinai Medical Center; Hospital for Special Surgery; Tulane University; Oregon Health & Science University; Legacy Emanuel Medical Center,0000-0002-3004-6478,,
https://openalex.org/A5017275394,Yilu Sun,https://openalex.org/I205783295,Cornell University,2019,2019,https://openalex.org/I205783295,2019,2019,Cornell University,,0000-0002-3307-8811,,
https://openalex.org/A5060863301,Stephanie B. Wheeler,https://openalex.org/I205783295,Cornell University,2018,2018,https://openalex.org/I205783295,2018,2018,Watauga Medical Center; University of North Carolina at Chapel Hill; University of North Carolina Health Care; UNC Lineberger Comprehensive Cancer Center; Australian National University,Pfizer (United States); University College London; Kohler (United States); University of Antwerp; SleepMed; American Society of Clinical Oncology; Cornell University; Public Health Department; Clinical Research Institute; Cecil College; Massachusetts General Hospital; Duke University; Walter Sisulu University; Segeberger Kliniken; University of Malawi; University of Reading; Pfizer (United Kingdom); Community Link; University of Cape Town; Indiana University School of Medicine; North Carolina State University; Duke University Hospital; Indiana University – Purdue University Indianapolis; Malawi-Liverpool-Wellcome Trust Clinical Research Programme; Communities In Schools of Orange County; Pulmonary and Critical Care Associates; Duke Medical Center; University of Nairobi; Cedars-Sinai Medical Center; Queen Elizabeth Central Hospital; University of Liverpool; University of Kansas; American Medical Association; Astex Pharmaceuticals; National Institutes of Health; Bristol-Myers Squibb (Germany); American College of Rheumatology,0000-0002-3399-9047,,
https://openalex.org/A5010410773,Julius M. Gardin,https://openalex.org/I205783295,Cornell University,2003,2003,https://openalex.org/I205783295,2003,2003,"Rutgers, The State University of New Jersey; Rutgers New Jersey Medical School","University of Vermont; Northwestern University; Glostrup Hospital; Roxbury Community College; St. Joseph’s University Medical Center; NYU Langone Health; Johns Hopkins Medicine; Harborview Medical Center; Helsinki University Hospital; California State University, Long Beach; University of California, Irvine Medical Center; Newark Beth Israel Medical Center; Geisinger Medical Center; Association of Chartered Certified Accountants; Allegheny College; Creighton University; Framingham Heart Study; Laboratoire Dynamiques Sociales et Recomposition des Espaces; University of Maryland, Baltimore; Centre National de la Recherche Scientifique; Brigham and Women's Hospital; Indiana University – Purdue University Indianapolis; Yale University; Albany Medical Center Hospital; Johns Hopkins University; Saint Barnabas Medical Center; Charlottesville Medical Research; University of Washington; Winston-Salem State University; Saint Louis University; University of Bergen; Massachusetts General Hospital; Orange (France); Seattle University; Minneapolis Heart Institute Foundation; DuPont (United States); St. John's Hospital; University Medical Center; Irvine University; Yamaguchi University; St. John Hospital & Medical Center; Harvard University; University of Colorado Denver; University of California, Los Angeles; Kaiser Permanente Washington Health Research Institute; Indianapolis Zoo; Brigham Young University; Beth Israel Deaconess Medical Center; National Heart Lung and Blood Institute; Albert Einstein College of Medicine; National Institutes of Health; Duke University; University of Alabama at Birmingham; Johns Hopkins Hospital; Wayne State University; Thomas Jefferson University Hospital; University of Minnesota; Gilead Sciences (United States); American Society of Echocardiography; United States Department of Veterans Affairs; St. John Medical Center; University of Pittsburgh; Veterans Health Administration; Kaiser Permanente; Children's Hospital of Pittsburgh; Ruxmaniben Deepchand Gardi Medical College; Atrium Health Wake Forest Baptist; Wake Forest University; Imperial College London; Hackensack University Medical Center; Kagoshima City Hospital; Virginia Commonwealth University Medical Center; Tufts Medical Center; Georgetown University; Research Applications (United States); Harbor–UCLA Medical Center; California State University, Sacramento; Cornell University; Boston University; University of California, Irvine; Geriatric Research Education and Clinical Center; University of California, Davis; Chonnam National University Hospital; Memphis VA Medical Center; St. John's Hospital; Columbia University; Haukeland University Hospital; Long Beach Medical Center",0000-0002-9942-1539,,
https://openalex.org/A5064438130,Shannon Watkins,https://openalex.org/I205783295,Cornell University,2008,2014,https://openalex.org/I205783295,2008,2014,,University of Michigan; Brown University; Columbia University; Mount Sinai Hospital; Women & Infants Hospital of Rhode Island; NewYork–Presbyterian Hospital; Cornell University,,,
https://openalex.org/A5048119048,Nicholas J. Marra,https://openalex.org/I205783295,Cornell University,2015,2019,https://openalex.org/I205783295,2015,2019,Governors State University,Nova Southeastern University; New York State College of Veterinary Medicine; Purdue University West Lafayette; Cornell University; Drury University,0000-0002-1953-0787,,
https://openalex.org/A5061748902,Tyler J. Uppstrom,https://openalex.org/I205783295,Cornell University,2016,2018,https://openalex.org/I205783295,2016,2018,Steadman Clinic; Steadman Philippon Research Institute; Hospital for Special Surgery,Neurological Surgery; GTx (United States); Walter Reed National Military Medical Center; Cornell University,0000-0001-6387-8257,,
https://openalex.org/A5011051552,S. K. Nagdas,https://openalex.org/I205783295,Cornell University,1999,1999,https://openalex.org/I205783295,1999,1999,Vanderbilt University,A.T. Still University; Cornell University,,,
https://openalex.org/A5112197584,John V. Pepper,https://openalex.org/I205783295,Cornell University,2007,2007,https://openalex.org/I205783295,2007,2007,University of Virginia,"Stony Brook University; University of Maryland, Baltimore; IS Instruments (United Kingdom); University of Wisconsin–Madison; University of California, Davis; University of Sheffield; Shimadzu (Slovakia); RAND Corporation; Cornell University; Northwestern University; Alliant Energy (United States); Denver School of Nursing; University Vascular Associates; Mathematica Policy Research; University of Richmond; National Bureau of Economic Research",,,
https://openalex.org/A5104043263,Yuji Fujita,https://openalex.org/I205783295,Cornell University,1998,1998,https://openalex.org/I205783295,1998,1998,,Astellas Pharma (Japan); Ohta Nishinouchi Hospital; Japan Fisheries Research and Education Agency; Yamaguchi University; Saiseikai Shigaken Hospital; Kettering University; Cornell University; Tokuyama (Japan); Dokkyo Medical University; Hope Heart Institute; Kyushu University; Yokohama Rosai Hospital; University of Washington; Toneyama National Hospital; Fred Hutch Cancer Center; Oklahoma State University; Tokai University; Cancer Research Center; Nippon Institute of Technology; Nagasaki University; Shizuoka University,,,
https://openalex.org/A5111930263,Brian P. Young,https://openalex.org/I205783295,Cornell University,2002,2003,https://openalex.org/I205783295,2002,2003,Visual Sciences (United States); University of Iowa,Louisiana Department of Natural Resources; Cornell University,,,
https://openalex.org/A5083240887,F Arthur,https://openalex.org/I205783295,Cornell University,1977,1977,https://openalex.org/I205783295,1977,1977,,Cambridge University Press; Cornell University; Bridge University; Universidad de Londres; Bentley (Germany); University of London; Molteno Institute for Language and Literacy; Åbo Akademi University; University of Cambridge; University of Bristol; London School of Hygiene & Tropical Medicine; New York University Press,,,
https://openalex.org/A5111393251,Fung‐Win Shen,https://openalex.org/I205783295,Cornell University,1984,1984,https://openalex.org/I205783295,1984,1984,National Taiwan University,Memorial Sloan Kettering Cancer Center; Baylor College of Medicine; Cornell University; Howard Hughes Medical Institute; Harvard University; Tampa Bay Research Institute; Kettering University; University of New Mexico; New York University; Hospital Research Foundation,,,
https://openalex.org/A5037528447,Marc E. Meyer,https://openalex.org/I205783295,Cornell University,2006,2006,https://openalex.org/I205783295,2006,2006,Cornell University,,,,
https://openalex.org/A5024604222,Kevin L. Rugg,https://openalex.org/I205783295,Cornell University,1990,1990,https://openalex.org/I205783295,1990,1990,Pratt & Whitney (United States); Whitney Museum of American Art,Cornell University; Rockwell Automation (United States); Teledyne Technologies (United States); Pennsylvania State University; Hartford Financial Services (United States),,,
https://openalex.org/A5038671410,John R. Kirn,https://openalex.org/I205783295,Cornell University,1986,1986,https://openalex.org/I205783295,1986,1986,Wesleyan University,Cornell University; Rockefeller University; Yale University,0000-0002-4792-4118,,
https://openalex.org/A5004733800,Lucjan Piela,https://openalex.org/I205783295,Cornell University,1987,1987,https://openalex.org/I205783295,1987,1987,University of Warsaw,University of Namur; University of Utah; University of Siedlce; Utrecht University; Cornell University,,,
https://openalex.org/A5025240110,A.Carl Leopolo,https://openalex.org/I205783295,Cornell University,1992,1992,https://openalex.org/I205783295,1992,1992,Cornell University,,,,
https://openalex.org/A5085096427,Victor Pollock,https://openalex.org/I205783295,Cornell University,1984,1988,https://openalex.org/I205783295,1984,1988,Cornell University,Montreal Children's Hospital,,,
https://openalex.org/A5111711568,L. Chávez,https://openalex.org/I205783295,Cornell University,1978,1978,https://openalex.org/I205783295,1978,1978,Universidad del Rosario,American School Health Association; Anatolia College; Cornell University; American College; Northern Arizona University; ImmunoChemistry Technologies (United States); University of Virginia,,,
https://openalex.org/A5051773020,Kazunori Hirayoshi,https://openalex.org/I205783295,Cornell University,1995,1995,https://openalex.org/I205783295,1995,1995,,National Cancer Institute; Kyoto Institute of Technology; Cornell University; Conestoga Meat Packers (Canada); Konan University; Kyoto University; Nagoya University,,,
https://openalex.org/A5060114341,Adam D. Talenfeld,https://openalex.org/I205783295,Cornell University,2012,2025,https://openalex.org/I205783295,2012,2025,NewYork–Presbyterian Hospital; Cornell University; Presbyterian Hospital; New York Hospital Queens,Icahn School of Medicine at Mount Sinai; Mount Sinai Medical Center; Society of Interventional Radiology; University of Arizona; Anna Needs Neuroblastoma Answers; Weill Cornell Medicine; Mount Sinai Hospital,0000-0002-3029-720X,,
https://openalex.org/A5042581297,Stéphane Evoy,https://openalex.org/I205783295,Cornell University,1995,2000,https://openalex.org/I205783295,1995,2000,University of Alberta,Hewlett-Packard (United States); Polytechnique Montréal; National Research Council Canada; National Institute for Nanotechnology; Pennsylvania State University; Philadelphia University; Virginia Tech; Alberta Hospital Edmonton; California University of Pennsylvania; University of Alberta Hospital; University of Pennsylvania; Cornell University,0000-0003-4587-3502,,
https://openalex.org/A5020886062,Thomas Weyhermüller,https://openalex.org/I205783295,Cornell University,2010,2010,https://openalex.org/I205783295,2010,2010,Max Planck Institute for Chemical Energy Conversion,Brown University; Johannes Gutenberg University Mainz; Universidad de Buenos Aires; Max Planck Institute for Chemistry; Freie Universität Berlin; University of Bristol; University of Vermont; European Molecular Biology Laboratory; Grinnell College; Delft University of Technology; Cornell University; Universitat de Girona; University of Konstanz; Bielefeld University; Ruhr West University of Applied Sciences; Technische Universität Berlin; University College London; Stanford Synchrotron Radiation Lightsource; Clinical Research Organization; University of Stuttgart; University of Lübeck; Max Planck Society; Daresbury Laboratory; Heidelberg University; Max-Planck-Institut für Kohlenforschung; University of Sheffield; Stanford University; Ruhr University Bochum,0000-0002-0399-7999,,
https://openalex.org/A5072910464,Kevin S. Cash,https://openalex.org/I205783295,Cornell University,1990,1992,https://openalex.org/I205783295,1990,1992,NewYork–Presbyterian Hospital; Cornell University,New York Hospital Queens,,,
https://openalex.org/A5112888030,Seul Hye Ryu,https://openalex.org/I205783295,Cornell University,2012,2012,https://openalex.org/I205783295,2012,2012,,Ewha Womans University; Yonsei University; Cornell University,,,
https://openalex.org/A5002190189,Hayato Sasaki,https://openalex.org/I205783295,Cornell University,2004,2007,https://openalex.org/I205783295,2004,2007,Kitasato University,RIKEN BioResource Research Center; Baylor College of Medicine; Sapporo Minami Hospital; University of Tsukuba; Juntendo University; Hokuyukai Neurology Hospital; Hokkaido University; Hiroshima University; Cornell University; Keio University; Yamagata University; Burke Medical Research Institute; Nakadōri General Hospital; Shinshu University; National Cancer Center Hospital East; Integrated Oncology (United States),0000-0003-0162-4774,,
https://openalex.org/A5063786130,B. A. Jones,https://openalex.org/I205783295,Cornell University,1987,1987,https://openalex.org/I205783295,1987,1987,,Cornell University; IBM Research - Almaden; AT&T (United States); Harvard University,,,
https://openalex.org/A5068520992,Steven J. Plimpton,https://openalex.org/I205783295,Cornell University,1985,1990,https://openalex.org/I205783295,1985,1990,Temple University,Computational Physics (United States); Sandia National Laboratories California; The University of Texas at Austin; Worcester Polytechnic Institute; Materials Processing (United States); University of Oxford; Wabash College; Cornell University; Radiology Associates of Albuquerque; University of Southern California; Southern California University for Professional Studies; University of Chicago; National Technical Information Service; Office of Scientific and Technical Information; Yale University; United States Department of Energy; Parallel Consulting (United States); And Technology Research (United Kingdom); Semiconductor Research Corporation; United States Department of Commerce; Sandia National Laboratories; University of Illinois Urbana-Champaign; Illinois Institute of Technology; Oak Ridge National Laboratory,0000-0003-2446-8209,,
https://openalex.org/A5108394710,WilliamC. Ghiorse,https://openalex.org/I205783295,Cornell University,1992,1992,https://openalex.org/I205783295,1992,1992,Cornell University,,,,
https://openalex.org/A5086122167,Ralph E. Purdy,https://openalex.org/I205783295,Cornell University,1982,1982,https://openalex.org/I205783295,1982,1982,,"University of California System; Irvine University; Withington Community Hospital; Cedars-Sinai Medical Center; Newcastle University; Public Health Laboratory; University of California, Irvine Medical Center; Oklahoma State University Center for Health Sciences; Nottingham University Hospitals NHS Trust; Cornell University; California State University, Long Beach; University of California, Los Angeles; Loma Linda University; University of California, Irvine; The Royal Free Hospital; NewYork–Presbyterian Hospital; University of Groningen; University College London; Long Beach Medical Center; University of Alberta; The University of Law; Gülhane Askerî Tıp Akademisi",,,
https://openalex.org/A5087678931,Shari L. Wade,https://openalex.org/I205783295,Cornell University,1982,1982,https://openalex.org/I205783295,1982,1982,University of Cincinnati; Cincinnati Children's Hospital Medical Center; Nationwide Children's Hospital; The Ohio State University; University of Cincinnati Medical Center,"Western Oregon University; National Center for Advancing Translational Sciences; University of Toronto; Seniornett; Moberg Research (United States); Nielsen (United States); Bell (Canada); University Hospitals Cleveland Medical Center; Case Western Reserve University; Patient-Centered Outcomes Research Institute; University of Pittsburgh; MetroHealth Medical Center; Administration for Community Living; MetroHealth; Rainbow Babies & Children's Hospital; Health and Human Development (2HD) Research Network; University of Colorado Denver; Kirkwood Public Library; Lundin (Norway); Committee on Publication Ethics; Alberta Children's Hospital; Wade College; National Institute on Disability, Independent Living, and Rehabilitation Research; Herrenknecht (Germany); Children's Hospital & Medical Center; Williams (United States); Eunice Kennedy Shriver National Institute of Child Health and Human Development; De Beers (Canada); Gorsky State Agrarian University; United States Congress; Cornell University; National Archives and Records Administration; National Institutes of Health; Health Resources and Services Administration; Art Academy of Cincinnati; University of Calgary; Mayo Clinic in Arizona; Peterson (Norway); Mayo Clinic; University of San Diego; Brown Computer Company (United States); Foundation for the National Institutes of Health; University of Rochester Medical Center; Foundation for Physical Medicine and Rehabilitation; Azienda Ospedaliera S.Giuseppe Moscati; Children's Hospital Colorado; Pain and Rehabilitation Medicine; Datalys Center for Sports Injury Research and Prevention",0000-0003-3764-7126,,
https://openalex.org/A5101464090,Jiayin Fu,https://openalex.org/I205783295,Cornell University,1997,2021,https://openalex.org/I205783295,1997,2021,,Zhejiang University; Sir Run Run Shaw Hospital; Heilongjiang University of Science and Technology; Ithaca College; Cornell University; Harbin Institute of Technology; Nanyang Technological University,0000-0001-8442-6460,,
https://openalex.org/A5109252322,N. Amos,https://openalex.org/I205783295,Cornell University,1986,1992,https://openalex.org/I205783295,1986,1992,,"Czech Academy of Sciences, Institute of Physics; Universidad San Francisco de Quito; Media Working Group; Institute of High Energy Physics; Universidad de Los Andes; Centro de Investigación y de Estudios Avanzados del Instituto Politécnico Nacional; Northwestern University; UCLouvain; University of Kansas; Cornell University; University of Maryland, College Park; University of Michigan; Universidad de Buenos Aires; Charles University; Rockefeller University; Istituto Nazionale di Fisica Nucleare; University of Bologna; Ann Arbor Center for Independent Living; Fermi National Accelerator Laboratory; George Mason University",,,
https://openalex.org/A5023418418,Youzhi Tong,https://openalex.org/I205783295,Cornell University,1996,2000,https://openalex.org/I205783295,1996,2000,Ludwig-Maximilians-Universität München,Albert Einstein College of Medicine; General Research Institute for Nonferrous Metals (China); Long Island Jewish Medical Center; Cornell University; Memorial Sloan Kettering Cancer Center,,,
https://openalex.org/A5113713547,Seung Wook Chang,https://openalex.org/I205783295,Cornell University,2006,2006,https://openalex.org/I205783295,2006,2006,,Samsung (South Korea); Materials Science & Engineering; Cornell University; Catholic University of Korea,,,
https://openalex.org/A5110680857,M. Hayashi,https://openalex.org/I205783295,Cornell University,1988,1989,https://openalex.org/I205783295,1988,1989,Nihon University,Jichi Medical University Hospital; National Astronomical Observatory of Japan; Chiba University; Cornell University; Arc of the United States; National Institute of Health Sciences; Jichi Medical University,,,
https://openalex.org/A5044191947,Roland Eils,https://openalex.org/I205783295,Cornell University,2021,2021,https://openalex.org/I205783295,2021,2021,Berlin Institute of Health at Charité - Universitätsmedizin Berlin; Charité - Universitätsmedizin Berlin; Freie Universität Berlin; German Center for Lung Research; Heidelberg University; Fudan University; University Hospital Heidelberg; Zhongshan Hospital; University of Freiburg,"Centre National de la Recherche Scientifique; Essen University Hospital; Complejo Hospitalario de Pontevedra; Yale University; Medizinische Zentrum für Gesundheit; National Institute of Mental Health and Neurosciences; Massachusetts General Hospital; Boston University; Cornell University; Schneider Children's Medical Center; Covenant University; Université Joseph Fourier; Columbia University; Steinbeis Foundation; Brigham and Women's Hospital; Washington University in St. Louis; Max Planck Institute for Molecular Genetics; Sorbonne Université; University of Cologne; University Hospital Augsburg; Duke Medical Center; University of Portsmouth; National Human Genome Research Institute; Chinese University of Hong Kong; Leibniz-Institut für Naturstoff-Forschung und Infektionsbiologie e. V. - Hans-Knöll-Institut (HKI); Forschungsstätte der Evangelischen Studiengemeinschaft; New York Genome Center; Institut du Cerveau; German Cancer Research Center; University of Chieti-Pescara; Jilin University; Digital Health Cooperative Research Centre; The University of Texas MD Anderson Cancer Center; Institut Gustave Roussy; University of California, San Francisco; University of Kaiserslautern; Fujita Health University Hospital; Deutschen Konsortium für Translationale Krebsforschung; Ludwig-Maximilians-Universität München; Orlando Health; University School; DKFZ-ZMBH Alliance; Epigenomics (Germany); Humboldt-Universität zu Berlin; Jena University Hospital; Heidelberg Institute for Theoretical Studies; Hopp Children's Cancer Center Heidelberg; Harvard University; First Hospital of Jilin University; Inserm; Johns Hopkins Hospital; Cold Spring Harbor Laboratory; Weill Cornell Medicine; Genomics (United Kingdom)",0000-0002-0034-4036,,
https://openalex.org/A5012256441,Meghan Woods,https://openalex.org/I205783295,Cornell University,2018,2018,https://openalex.org/I205783295,2018,2018,Memorial Sloan Kettering Cancer Center,"Queen Alexandra Hospital; Cornell University; The University of Texas MD Anderson Cancer Center; Translational Genomics Research Institute; University of Toronto; Cancer Prevention Institute of California; University of Florida; Lunenfeld-Tanenbaum Research Institute; Fred Hutch Cancer Center; University of California, San Francisco; AstraZeneca (Brazil); University of Iowa; US Forest Service; New York University; City Of Hope National Medical Center; Myriad (Germany); Sinai Health System; University of Southern California; Stanford Medicine; Danish Cancer Society",0000-0002-0514-3938,,
https://openalex.org/A5032008116,Oliver S. Flint,https://openalex.org/I205783295,Cornell University,1961,1961,https://openalex.org/I205783295,1961,1961,,Florida State Collection of Arthropods; Carnegie Museum of Natural History; American Museum of Natural History; Smithsonian Institution; Amsterdam Museum; Cornell University; Society for Invertebrate Pathology; National Museum of Natural History,,,
https://openalex.org/A5109101400,K. Markey,https://openalex.org/I205783295,Cornell University,1984,1985,https://openalex.org/I205783295,1984,1985,Cornell University,Columbia University Irving Medical Center; University of Minnesota; Aarhus University; University of Connecticut; New York University; Istituto di Farmacologia Traslazionale; Karolinska University Hospital; Uppsala University; University of Kansas; Karolinska Institutet; University of Milan; University of Kansas Medical Center,,,
https://openalex.org/A5028125546,Jeffrey A. Goliger,https://openalex.org/I205783295,Cornell University,1987,1989,https://openalex.org/I205783295,1987,1989,"West Los Angeles College; University of California, Los Angeles",Dana-Farber Cancer Institute; Cornell University; Sahlgrenska University Hospital; Harvard University,,,
https://openalex.org/A5058744022,Himadri Chakraborti,https://openalex.org/I205783295,Cornell University,2025,2025,https://openalex.org/I205783295,2025,2025,Commissariat à l'Énergie Atomique et aux Énergies Alternatives; Université Paris-Saclay; Cornell University; Indian Institute of Technology Bombay; Centre National de la Recherche Scientifique; CEA Paris-Saclay,Indian Institute of Technology Mandi; Service de Physique de l'État Condensé; Bose Institute,0000-0001-8621-4007,,
https://openalex.org/A5068817727,D. L. Wray,https://openalex.org/I205783295,Cornell University,1991,1991,https://openalex.org/I205783295,1991,1991,NewYork–Presbyterian Hospital; Cornell University,Burroughs Wellcome Fund,,,
https://openalex.org/A5012401301,Christine M. Forke,https://openalex.org/I205783295,Cornell University,1995,1998,https://openalex.org/I205783295,1995,1998,University of Pennsylvania; Hospital of the University of Pennsylvania; Children's Hospital of Philadelphia,Center for Clinical Research (United States); Brown University; Institute for Advanced Study; Weatherford College; NewYork–Presbyterian Hospital; Society for Classical Studies; Cincinnati Children's Hospital Medical Center; Children's Hospital at Montefiore; Queen's University; Cornell University; Columbia University Irving Medical Center; Kaiser Family Foundation; Philadelphia University; General Department of Preventive Medicine; Community Initiatives; National Center for Injury Prevention and Control; Carnegie Corporation of New York,0000-0002-2262-8363,,
https://openalex.org/A5084644534,C D Miralles,https://openalex.org/I205783295,Cornell University,1992,1992,https://openalex.org/I205783295,1992,1992,Cornell University,,,,
https://openalex.org/A5080494605,William R. Donaldson,https://openalex.org/I205783295,Cornell University,1979,1979,https://openalex.org/I205783295,1979,1979,University of Manchester,Tufts Medical Center; Applied Energetics (United States); Harvard University; Renton Technical College; Lemuel Shattuck Hospital; SKA Observatory; Philips (Finland); Donaldson (United States); Tufts University; Cornell University; Energetics (United States); University of Rochester,0000-0002-8418-5721,,
https://openalex.org/A5022864866,David Reed,https://openalex.org/I205783295,Cornell University,1978,1987,https://openalex.org/I205783295,1978,1987,Creighton University,Pennsylvania State University; Mitchell Institute; Johnson Space Center; Cornell University; Mississippi State University; Agrobioinstitute; Dickinson College; Boeing (Canada); Texas A&M University; ASM International; Duke University; University of Washington; Institute for Adriatic Crops and Karst Reclamation; Clemson University; Washington State University; Boeing (United States); University of Kentucky; Institute of Plant Physiology and Genetics,0000-0002-0625-7806,,
https://openalex.org/A5065932375,J. S. Bernstein,https://openalex.org/I205783295,Cornell University,1968,1971,https://openalex.org/I205783295,1968,1971,,Cornell University,,,
https://openalex.org/A5002895666,Eleni Nackos,https://openalex.org/I205783295,Cornell University,2014,2016,https://openalex.org/I205783295,2014,2016,,Center for Clinical Research (United States); Weill Cornell Medicine; Philadelphia VA Medical Center; University of Pennsylvania; NewYork–Presbyterian Hospital; Cornell University; Diabetes Australia; Center for Rheumatology; Presbyterian Hospital; Philadelphia University,,,
https://openalex.org/A5083754719,Elizabeth T. MacIntyre,https://openalex.org/I205783295,Cornell University,2012,2012,https://openalex.org/I205783295,2012,2012,,Cornell University,,,
https://openalex.org/A5100730678,Yi Liu,https://openalex.org/I205783295,Cornell University,2010,2010,https://openalex.org/I205783295,2010,2010,"Dalian University of Technology; University of California, San Francisco; Beijing Institute of Technology; Shanghai Ship and Shipping Research Institute; State Key Laboratory of Fine Chemicals; Ocean University of China; Dalian University; Smart Material (Germany)",Yangzhou University; China University of Mining and Technology; Ningbo University; Shandong University of Science and Technology; Ling Tung University; Beijing Tongren Hospital; 82th Hospital of Pla; Qingdao Center of Resource Chemistry and New Materials; Nanjing University; People's Hospital of Xinjiang Uygur Autonomous Region; China Agricultural University; Ohio University; Northeastern University; University of Chinese Academy of Sciences; Central South University; Janssen (United States); Sinopec (China); Hebei Medical University; Zhengzhou Railway Vocational & Technical College; Shenyang Pharmaceutical University; Tianjin Medical University; Cornell University; Tianjin University of Technology; Fujian University of Technology; National Institute of Biomedical Imaging and Bioengineering; Dalian Medical University; New Mexico Institute of Mining and Technology; Ludong University; Shandong University of Technology; Anhui University of Science and Technology; Marine Design & Research Institute of China; 21st Century Technologies (United States); Dalian Institute of Chemical Physics; Shanxi Medical University; Beijing Forestry University; Ministry of Education of the People's Republic of China; Beijing University of Chinese Medicine; Biogas Institute of Ministry of Agriculture; Zhejiang University; Woosuk University; King University; Leibniz University Hannover; Xian Yang Central Hospital; Peking University; Shaanxi Provincial People's Hospital; Southern Medical University; Tianjin Third Central Hospital; Shanghai Electric (China); Xi'an University of Technology; Dalian Municipal Central Hospital; Second Hospital of Shanxi Medical University; China Medical University; Johnson & Johnson (United States); Huazhong University of Science and Technology; Chinese Academy of Medical Sciences & Peking Union Medical College; Peking Union Medical College Hospital; University of Science and Technology of China; Huangshi Central Hospital; Nanjing Drum Tower Hospital; Changzhou University; Chinese Academy of Sciences; Xidian University; Chinese Academy of Medical Sciences Dermatology Hospital; Wuhan University; China West Normal University; Dalhousie University; China Pharmaceutical University; National Institutes of Health; Kyoto University; Zen-Noh (Japan); Southeast University; Ministry of Agriculture and Rural Affairs,0000-0002-2073-4832,,
https://openalex.org/A5032854353,Elizabeth S. Gloster,https://openalex.org/I205783295,Cornell University,2003,2003,https://openalex.org/I205783295,2003,2003,,Schneider Children's Hospital; University of Arkansas for Medical Sciences; Kings County Hospital Center; Stony Brook University; Albert Einstein College of Medicine; Island Hospital; Long Island Jewish Medical Center; SUNY Downstate Health Sciences University; New York Medical College; Boston Children's Hospital; Yeshiva University; State University of New York; Arkansas Department of Agriculture; New York Blood Center; Center for Biologics Evaluation and Research; Arkansas Children's Hospital; Cornell University; American Red Cross,,,
https://openalex.org/A5080282379,Cheryl F. Dreyfus,https://openalex.org/I205783295,Cornell University,1977,1994,https://openalex.org/I205783295,1977,1994,"Rutgers, The State University of New Jersey; Johnson University",John F. Kennedy Center for the Performing Arts; Cornell University; Yeshiva University; The University of Texas MD Anderson Cancer Center; Rockefeller University; The University of Texas Health Science Center at Houston; Columbia University Irving Medical Center; NewYork–Presbyterian Hospital; Albert Einstein College of Medicine; Karolinska Institutet; New York University; Columbia University; University Medical Center,0000-0002-1368-6203,,
https://openalex.org/A5109893725,J. Gagnon,https://openalex.org/I205783295,Cornell University,1976,1976,https://openalex.org/I205783295,1976,1976,University of Minnesota; Washington University in St. Louis; Université Laval; Indiana University Bloomington; Texas A&M University,Cornell University; Université du Québec à Trois-Rivières; Wilfrid Laurier University; Memorial Foundation; Harvard University; The Memorial Foundation,,,
https://openalex.org/A5040778663,Elliot Merberg,https://openalex.org/I205783295,Cornell University,1994,1994,https://openalex.org/I205783295,1994,1994,Cornell University,,,,
https://openalex.org/A5093608747,Sue Utter Honig,https://openalex.org/I205783295,Cornell University,1996,1996,https://openalex.org/I205783295,1996,1996,Cornell University,,,,
https://openalex.org/A5062372444,Peter B. Rosenquist,https://openalex.org/I205783295,Cornell University,2016,2016,https://openalex.org/I205783295,2016,2016,Augusta University,"University of South Carolina; Center for Health and Learning; Cornell University; Zucker Hillside Hospital; Northwell Health; Wolters Kluwer (Netherlands); New York State Psychiatric Institute; Yale University; Duke University; University of Michigan; Presbyterian Hospital; University of California, Irvine; Janssen (Belgium); Michigan State University; Phelps Hospital; Lutheran Medical Center; University of Wisconsin–Madison; Anthem (United States); Icahn School of Medicine at Mount Sinai; Grady Health System; Atrium Health Wake Forest Baptist; Edward Via College of Osteopathic Medicine; Columbia University; University Medical Center; Stony Brook University; Augusta University Health; Wake Forest University; Medical University of South Carolina",0000-0001-9919-3380,,
https://openalex.org/A5014872605,Bradley R. Jones,https://openalex.org/I205783295,Cornell University,2025,2025,https://openalex.org/I205783295,2025,2025,Weill Cornell Medicine; Cornell University,Stanford University; Centre National de la Recherche Scientifique; Alberta Health Services; Cancer Research UK; Pacific University; University of Manchester; Laboratoire de Biométrie et Biologie Evolutive; University of Hawaiʻi at Mānoa; Princeton University; Royal United Hospital Bath NHS Trust; University of Hawaii System; University of Toronto; George Washington University; University of British Columbia; Foothills Medical Centre; Bangor University; Pacific Biosciences (United States); Université Claude Bernard Lyon 1; Mater Misericordiae Hospital; AIDS Vancouver; Simon Fraser University,0000-0003-4498-1069,,
https://openalex.org/A5000964885,Ruth Gerson,https://openalex.org/I205783295,Cornell University,2019,2019,https://openalex.org/I205783295,2019,2019,New York University,American Academy of Child and Adolescent Psychiatry; Bellevue Hospital Center; Children's Hospital of Philadelphia; Cornell University; Northwell Health; Statistical Research (United States); Harvard University; Cambridge Health Alliance; New York City Health and Hospitals Corporation; University of Michigan; Oregon Health & Science University; NYU Langone Health; Columbia University; Hinge Health; Indiana University School of Medicine; Dana-Farber Cancer Institute; Columbia University Irving Medical Center,0000-0002-7987-0206,,
https://openalex.org/A5039100454,Xi Sun,https://openalex.org/I205783295,Cornell University,2014,2014,https://openalex.org/I205783295,2014,2014,Chinese Academy of Sciences; Nankai University; Nanyang Institute of Technology; Changchun Institute of Applied Chemistry; State Key Laboratory of Medicinal Chemical Biology; University of Science and Technology of China,Ningbo Institute of Industrial Technology; Zhengzhou University of Science and Technology; Fudan University; Dalian Institute of Chemical Physics; Columbia University Irving Medical Center; NewYork–Presbyterian Hospital; Cardiff University; Academia Sinica; Columbia University; Dalian National Laboratory for Clean Energy; Dalian Jiaotong University; University of Chinese Academy of Sciences; Zhengzhou University; Inner Mongolia Medical University; Institute of High Energy Physics; Cornell University; Nanchang University,0000-0002-8425-693X,,
https://openalex.org/A5023165822,A. L. Westman,https://openalex.org/I205783295,Cornell University,1994,1994,https://openalex.org/I205783295,1994,1994,,Cornell University; University of Georgia; Clemson University,,,
https://openalex.org/A5020303566,Joshua K. Lee,https://openalex.org/I205783295,Cornell University,2013,2013,https://openalex.org/I205783295,2013,2013,"University of California, Davis",Institute of Behavioral Sciences; University of Alberta; University of British Columbia; University of Connecticut; Georgia Institute of Technology; Emory University; University of the West of England; Cornell University; Nevro (United States); Western University of Health Sciences; Massachusetts Institute of Technology; McMaster University; University of California Davis Medical Center; Toronto Metropolitan University,0000-0002-0479-0156,,
https://openalex.org/A5016493856,Alexander Ruyack,https://openalex.org/I205783295,Cornell University,2015,2015,https://openalex.org/I205783295,2015,2015,,Sorbonne Université; Sandia National Laboratories California; Sandia National Laboratories; UPMC Health System; Cornell University; Institut Parisien de Chimie Moléculaire; 3M (United States),,,
https://openalex.org/A5087677610,Deirdre Shoemaker,https://openalex.org/I205783295,Cornell University,2003,2004,https://openalex.org/I205783295,2003,2004,The University of Texas at Austin,State Street (United States); Georgia Institute of Technology; Pennsylvania State University; Cornell University,0000-0002-9899-6357,,
https://openalex.org/A5049556008,D Brailovsky,https://openalex.org/I205783295,Cornell University,1958,1958,https://openalex.org/I205783295,1958,1958,,Bellevue Hospital Center; Cornell University,,,
https://openalex.org/A5021769541,Urban Deutsch,https://openalex.org/I205783295,Cornell University,2008,2008,https://openalex.org/I205783295,2008,2008,University of Bern,Université Toulouse III - Paul Sabatier; Inserm; University of Lübeck; Max Planck Institute for Biophysical Chemistry; Harvard University; Max Planck Institute for Molecular Biomedicine; Hospital for Special Surgery; Institut de Biologie du Développement Marseille; University Medical Center Utrecht; University of Münster; Keio University; Robert Koch Institute; Heidelberg University; Université de Bordeaux; University of Bonn; Centre National de la Recherche Scientifique; University of Geneva; Max Planck Institute for Heart and Lung Research; Max Planck Society; Beth Israel Deaconess Medical Center; University of Tübingen; Incyte (United States); University of Fribourg; Cornell University; University Hospital Bonn,0000-0003-4265-6262,,
https://openalex.org/A5058957254,Lawrence Schwartz,https://openalex.org/I205783295,Cornell University,2004,2004,https://openalex.org/I205783295,2004,2004,Cohen Children's Medical Center,Tufts Medical Center; Tulane University; Nationwide Children's Hospital; The University of Texas MD Anderson Cancer Center; Bayer (Germany); Leukemia Research Foundation; Mayo Clinic; University of Colorado Denver; Texas Children's Hospital; Baylor College of Medicine; City College of New York; Wayne State University; Cornell University; Columbia University Irving Medical Center; MUSC Hollings Cancer Center; Children's Hospital Colorado; UPMC Hillman Cancer Center; University of Pittsburgh; The Ohio State University; Memorial Sloan Kettering Cancer Center; Regeneron (United States); University of Colorado Anschutz Medical Campus; National Cancer Institute; Columbia University; Mount Sinai Hospital; Arizona Oncology; Mount Sinai Hospital; London Postgraduate Medical and Dental Education,0000-0003-2960-9365,,
https://openalex.org/A5111966812,R.L. Keusseyan,https://openalex.org/I205783295,Cornell University,1979,1984,https://openalex.org/I205783295,1979,1984,,American Society For Testing and Materials; Materials Science & Engineering; Cornell University; DuPont (United States); Research Triangle Park Foundation,,,
https://openalex.org/A5110012714,R.W. Gardner,https://openalex.org/I205783295,Cornell University,1963,1967,https://openalex.org/I205783295,1963,1967,,Cornell University; Michigan State University; Agricultural Research Service; New York State College of Agriculture & Life Sciences; United States Department of Agriculture; DuPont (United States); Brigham Young University; University of Arizona; Intermountain Healthcare,,,
https://openalex.org/A5084517379,Griffin Collins,https://openalex.org/I205783295,Cornell University,2025,2025,https://openalex.org/I205783295,2025,2025,St. Jude Children's Research Hospital; Weill Cornell Medicine; Cornell University,"University of California, San Francisco; St. Louis Children's Hospital; Presbyterian Hospital",0000-0003-4408-2936,,
https://openalex.org/A5049232970,Sebastian Kalinowski,https://openalex.org/I205783295,Cornell University,2006,2009,https://openalex.org/I205783295,2006,2009,,Cornell University; University School of Physical Education in Kraków; Nicolaus Copernicus University; Johannes Gutenberg University Mainz; Instytut Archeologii i Etnologii; University of Gdańsk,,,
https://openalex.org/A5060725283,Renate Dische,https://openalex.org/I205783295,Cornell University,1972,1972,https://openalex.org/I205783295,1972,1972,Mount Sinai Medical Center; San Diego Cardiac Center,Florida College; Kettering University; Columbia University; Cornell University; City University of New York; University of Florida; NewYork–Presbyterian Hospital; New York University; University of Göttingen; Icahn School of Medicine at Mount Sinai; SickKids Foundation; Bellevue Hospital Center; Hospital for Sick Children; Mount Sinai Hospital; University of Toronto,,,
https://openalex.org/A5049966730,Huajun Zhou,https://openalex.org/I205783295,Cornell University,2005,2010,https://openalex.org/I205783295,2005,2010,Yunnan University; University of Science and Technology Liaoning; Chuzhou University; North University of China,University of Florida; California Baptist University; Wake Forest University; Cornell University; Universidad Autónoma del Estado de Morelos; Grace College & Seminary; Wuhan Institute of Technology; Wuhan University; University of Arkansas at Fayetteville,0000-0002-1679-7005,,
https://openalex.org/A5039791453,L.R. Jones,https://openalex.org/I205783295,Cornell University,1994,1994,https://openalex.org/I205783295,1994,1994,,University of Illinois Urbana-Champaign; Urbana University; Cornell University,,,
https://openalex.org/A5003826098,Knashawn H. Morales,https://openalex.org/I205783295,Cornell University,2007,2007,https://openalex.org/I205783295,2007,2007,"University of Cartagena; California University of Pennsylvania; University of Pennsylvania; University of California, Davis; Translational Therapeutics (United States)",Johns Hopkins University; Penn Center for AIDS Research; National Institutes of Health; Center for Clinical Research (United States); International Center of Neurologic Restoration; United States Department of Veterans Affairs; Institute for Medical Informatics and Biostatistics; Office of Infectious Diseases; University of Waterloo; Yale University; University of Pittsburgh; Rady Children's Hospital-San Diego; Philadelphia Department of Public Health; Philadelphia University; Philadelphia VA Medical Center; Hospital of the University of Pennsylvania; Children's Hospital of Philadelphia; Cornell University; Autism Research Institute; Instituto Nacional de Ciencias Médicas y Nutrición Salvador Zubirán; VA Connecticut Healthcare System; Universidad Nacional Autónoma de México; St. Jude Children's Research Hospital; New York Proton Center; Cancer Research And Biostatistics; Temple University; Engineering Associates (United States),0000-0001-5008-1353,,
https://openalex.org/A5021257671,Matthew Isaacson,https://openalex.org/I205783295,Cornell University,1989,2025,https://openalex.org/I205783295,1989,2025,Cornell University,Howard Hughes Medical Institute; National Institute of Dental and Craniofacial Research; Helix (United States); George Washington University Virginia Campus; Janelia Research Campus; University of Florida; Ithaca College,0000-0001-8797-0090,,
https://openalex.org/A5027171023,Gustavo Fermín,https://openalex.org/I205783295,Cornell University,1999,2001,https://openalex.org/I205783295,1999,2001,University of the Andes,United States Department of Agriculture; Cornell University; Universidad de Los Andes; Daniel K. Inouye U.S. Pacific Basin Agricultural Research Center; Agricultural Research Service; Universidad de Los Andes,0000-0003-0222-0333,,
https://openalex.org/A5112664250,S. Unger,https://openalex.org/I205783295,Cornell University,2002,2002,https://openalex.org/I205783295,2002,2002,,"Southlake Regional Health Center; Isaac Newton Group; Cornell University; University of California, Davis; Veterans Health Administration; Georgia State University",,,
https://openalex.org/A5047042643,Li‐Song Chen,https://openalex.org/I205783295,Cornell University,2003,2009,https://openalex.org/I205783295,2003,2009,Wuhan No.1 Hospital; Fujian Agriculture and Forestry University; Fujian Medical University; Geological Exploration Institute of Shandong Zhengyuan; Cixian People's Hospital; Second Affiliated Hospital of Fujian Medical University; Shimadzu (China),"Guangxi Normal University; Chung Hwa University of Medical Technology; University of California, Davis; University of Manchester; Shanghai Institute of Ceramics; National Tsing Hua University; East China Normal University; Shenyang 242 Hospital; University of Pittsburgh; Rutgers, The State University of New Jersey; Saga University; Tianjin University; SAIC-GM (China); Cornell University; Karlsruhe Institute of Technology; Fuzhou University; Beijing Academy of Food Sciences; Chinese Academy of Sciences; Northwest University; Putian University",0000-0001-8425-1306,,
https://openalex.org/A5014671803,Ahmed Abdulhamid,https://openalex.org/I205783295,Cornell University,2017,2017,https://openalex.org/I205783295,2017,2017,King Abdullah International Medical Research Center; King Saud bin Abdulaziz University for Health Sciences,Cornell University; National Guard Health Affairs; NewYork–Presbyterian Hospital; Henry Ford Health System; Weill Cornell Medicine; King Abdulaziz Medical City; Henry Ford Hospital; Penn State Milton S. Hershey Medical Center; Weill Cornell Medical College in Qatar,0000-0002-1666-4907,,
https://openalex.org/A5010692432,Donald Harman Akenson,https://openalex.org/I205783295,Cornell University,1994,1994,https://openalex.org/I205783295,1994,1994,Queen's University,Agriculture and Agri-Food Canada; Queens University; Operation Wallacea; Yale University; State Street (United States); Divine Word Missionaries; University of Prince Edward Island; University of Liverpool; Yale-NUS College; Century College; Bibliothèque Nationale de France; University of Fredericton; University of New Brunswick; London Metropolitan University; Bibliothèque et Archives nationales du Québec; London Borough of Islington; Pilgrim Hospital; Royal Ontario Museum; Aberystwyth University; Grace (Canada); New College; Parents' Place of Maryland; McGill-Queen's University Press; Ecological Consulting (Czechia); Ithaca College; Church of England; Cornell University,,,
https://openalex.org/A5020284532,Andrea Maurizio,https://openalex.org/I205783295,Cornell University,2010,2010,https://openalex.org/I205783295,2010,2010,University of Bologna,Cornell University; SUNY Orange; New York University; Nathan Kline Institute for Psychiatric Research,,,
https://openalex.org/A5110026894,Jeffrey P Gold,https://openalex.org/I205783295,Cornell University,1998,1998,https://openalex.org/I205783295,1998,1998,NewYork–Presbyterian Hospital; Albert Einstein College of Medicine; Cornell University,,,,
https://openalex.org/A5109862987,Eric O'n. Fisher,https://openalex.org/I205783295,Cornell University,1989,1992,https://openalex.org/I205783295,1989,1992,California Polytechnic State University,"European University Institute; Federal Reserve; Federal Reserve Board of Governors; The Ohio State University; Federal Reserve Bank of Cleveland; Cornell University; University of California, Santa Barbara; California State Polytechnic University; Johns Hopkins University",,,
https://openalex.org/A5033346677,Amy Schustack,https://openalex.org/I205783295,Cornell University,1997,1999,https://openalex.org/I205783295,1997,1999,Positive Resource Center,"Cornell University; Columbia University; University of California, San Francisco",,,
https://openalex.org/A5036222697,Francisca Azocar,https://openalex.org/I205783295,Cornell University,2021,2025,https://openalex.org/I205783295,2021,2025,Alliant International University; Cornell University; Northwestern University; Optum (United States),"UnitedHealth Group (United States); Pfizer (United States); San Francisco General Hospital; University of Lausanne; Cedars-Sinai Medical Center; American Psychological Association; Bloomberg (United States); University of California, San Francisco; Telesage (United States); Tufts Medical Center; Hospital Barros Luco-Trudeau; Oral Health Solutions (United States); University of Nevada, Reno; American Psychiatric Association; University of California, Los Angeles; Johns Hopkins University; Mental Health America; RAND Corporation; Neuropsychiatric Research Institute",0000-0001-8808-1770,,
https://openalex.org/A5033250069,Harry R. Kissileff,https://openalex.org/I205783295,Cornell University,1982,1982,https://openalex.org/I205783295,1982,1982,,Columbia University; Rockefeller University; New York Proton Center; Icahn School of Medicine at Mount Sinai; St. Luke's-Roosevelt Hospital Center; California University of Pennsylvania; Cornell University; Brooklyn College; Mount Sinai Hospital; Roosevelt Hospital; University of Pennsylvania; St. Luke's Hospital; Columbia University Irving Medical Center,0000-0002-8071-5641,,
https://openalex.org/A5067090865,James Ranger‐Moore,https://openalex.org/I205783295,Cornell University,1990,1990,https://openalex.org/I205783295,1990,1990,,University of Arizona; Medical University of South Carolina; Faculty of Public Health; Arizona Oncology; Cornell University; Cancer Research And Biostatistics; Roche (United States); University of Arizona Cancer Center; Carondelet Health; Ventana Research Corporation (United States),,,
https://openalex.org/A5002187986,Junwen Bai,https://openalex.org/I205783295,Cornell University,2022,2022,https://openalex.org/I205783295,2022,2022,Inner Mongolia Medical University,PowerChina (China); Shanghai Jiao Tong University; Google (United States); Tianjin Medical University Cancer Institute and Hospital; Jiangsu University; Cornell University,0000-0001-7939-4927,,
https://openalex.org/A5024759396,Sohyun Park,https://openalex.org/I205783295,Cornell University,2004,2004,https://openalex.org/I205783295,2004,2004,Chung-Ang University; Chungbuk National University; University of Hawaiʻi at Mānoa,"Kangwon National University; National Cancer Center; Sungkyunkwan University; Seoul National University Hospital; Rutgers, The State University of New Jersey; Epidemic Intelligence Service; Center for Surveillance, Epidemiology, and Laboratory Services; Government of the Republic of Korea; Hyattsville Community Development Corporation; Office of Science; University of Georgia; Chosun University; CDC Foundation; New York University; Government of the United States of America; Chungnam National University; Max Planck Society; National Development Institute of Korean Medicine; Grady Memorial Hospital; Chonnam National University Hospital; Seoul National University; Gwangju University; Hodges University; National Cancer Center; Busan Institute of Science and Technology; National Center for Chronic Disease Prevention and Health Promotion; National Center for Injury Prevention and Control; Chonnam National University; National Cancer Institute; Cornell University; Max Planck Institute for the Study of Crime, Security and Law; Korea National Open University; National Center for Health Statistics; National Center for HIV/AIDS Viral Hepatitis STD and TB Prevention; Yonsei University; Centers for Disease Control and Prevention; Seoul National University Bundang Hospital",0000-0002-8192-7048,,
https://openalex.org/A5113040133,Mark M. Anderson,https://openalex.org/I205783295,Cornell University,1972,1976,https://openalex.org/I205783295,1972,1976,,"Procter & Gamble (United States); Cornell University; University of Rochester Medical Center; Columbia University; College of Optometrists; United States Olympic & Paralympic Committee; University of California, San Diego; Edge Hill University; American Society For Engineering Education",,,
https://openalex.org/A5003914133,Howie Joress,https://openalex.org/I205783295,Cornell University,2019,2019,https://openalex.org/I205783295,2019,2019,,"Material Measurement Laboratory; Government of the United States of America; Cornell High Energy Synchrotron Source; University of Washington; National Institute of Standards and Technology; Ithaca College; University of California, Santa Barbara; Boston University; SUNY Brockport; United States Naval Research Laboratory; Cornell University; American Society For Engineering Education; University of Maryland, College Park; Johns Hopkins University; National Institute of Standards",0000-0002-6552-2972,,
https://openalex.org/A5089805097,Kurt A. McKean,https://openalex.org/I205783295,Cornell University,2005,2005,https://openalex.org/I205783295,2005,2005,University of Hull,"Cornell University; Albany State University; University at Albany, State University of New York; University of California, Riverside",,,
https://openalex.org/A5046172442,Wallace C. H. Hui,https://openalex.org/I205783295,Cornell University,2008,2008,https://openalex.org/I205783295,2008,2008,University of Hong Kong,Cornell University,0009-0009-8013-049X,,
https://openalex.org/A5016496386,Zhen Chen,https://openalex.org/I205783295,Cornell University,2017,2022,https://openalex.org/I205783295,2017,2022,Xinjiang Production and Construction Corps; Lehigh University; South China University of Technology; First Affiliated Hospital of Gannan Medical University; University of Chinese Academy of Sciences; Guangzhou Medical University; Institute of Physics; Shihezi University; Chinese Academy of Sciences; Guangzhou First People's Hospital; Southern University of Science and Technology; Taizhou University; First Affiliated Hospital of Guangzhou University of Chinese Medicine; China Pharmaceutical University; Northwestern Polytechnical University; University Town of Shenzhen; National Laboratory for Superconductivity; Ministry of Agriculture and Rural Affairs,"State Key Laboratory of Polymer Physics and Chemistry; Monash University; Shandong University; Zhengzhou University; Sichuan University of Science and Engineering; Guangzhou University; Beijing University of Chemical Technology; Beijing Academy of Quantum Information Sciences; Soochow University; Gannan Medical University; Guangdong University of Technology; Southern Medical University; Czech Academy of Sciences, Institute of Physics; Wuhan Institute of Virology; The First People's Hospital of Shunde; Peking University; Institute of Chemistry; Guangzhou Medical University Cancer Hospital; Institute of Metallurgy; State Key Laboratory of Crystal Materials; Beijing Computational Science Research Center; Xinjiang Technical Institute of Physics & Chemistry; Hefei Institutes of Physical Science; North China University of Water Resources and Electric Power; Shenzhen Bay Laboratory; National Center for Nanoscience and Technology; Go Sheng; University of Wisconsin–Madison; Institute of High Energy Physics; Zhejiang University; Tsinghua University; State Key Laboratory of Modern Optical Instruments; Interface (United States); Chinese Academy of Agricultural Sciences; China University of Geosciences; Fujian Normal University; King University; State Key Laboratory of Resources and Environmental Information System; Tongji University; Lingnan Normal University; Beijing Institute of Genomics; Construction Development (Qatar); Farmland Irrigation Research Institute; Leuphana University of Lüneburg; China Spallation Neutron Source; Huazhong University of Science and Technology; Center for High Pressure Science and Technology Advanced Research; Anhui University; State Key Laboratory of New Ceramics and Fine Processing; Center for NanoScience; Kunming University of Science and Technology; Cornell University; Fudan University; Shanghai Jiao Tong University; Beihua University; Southeast University; Tsinghua–Berkeley Shenzhen Institute; Nanchang Hangkong University; Lattice Semiconductor (United States); State Key Joint Laboratory of Environment Simulation and Pollution Control; Central South University; Xiamen University; Hubei Normal University; State Grid Corporation of China (China); Nanchang University; United States Department of Transportation; Institute of Geographic Sciences and Natural Resources Research; University of North Carolina at Charlotte; Institute of Plasma Physics; China University of Mining and Technology; Parsons (United States); Donghua University; Soochow University; United States Government Accountability Office; University of Science and Technology of China; Materials Science & Engineering; Technical Institute of Physics and Chemistry; Rutgers, The State University of New Jersey; Liaoning Shihua University; Northeastern University; Xi'an Institute of Optics and Precision Mechanics; Dalian Medical University; Beijing Tian Tan Hospital; Northwestern University",0000-0003-3355-3464,,
https://openalex.org/A5075312012,Verdi J. DiSesa,https://openalex.org/I205783295,Cornell University,1994,1994,https://openalex.org/I205783295,1994,1994,Temple University Health System,Penn Presbyterian Medical Center; Association of Chartered Certified Accountants; Temple University; WinnMed; Oregon Health & Science University; Texas Health Dallas; Chester County Hospital; University of Pennsylvania; Harvard University Press; Brigham and Women's Hospital; NewYork–Presbyterian Hospital; University of Washington; Cornell University; Temple University Hospital; Presbyterian St. Luke's Medical Center; Drexel University; Philadelphia University; National Institutes of Health; American College of Financial Services; Harvard University; German United Services Trade Union; American College of Cardiology; University of Massachusetts Chan Medical School; Allegheny General Hospital; Society of Thoracic Surgeons; University of Florida; Clinical Research Institute; Rush University Medical Center; University of New Orleans; Johns Hopkins Hospital; National Heart Lung and Blood Institute; University of Iowa; Allegheny College; Pennsylvania Hospital; Rush University; Hospital of the University of Pennsylvania; American Heart Association; American Association for Thoracic Surgery; West Chester University,,,
https://openalex.org/A5071031693,Ryan Lilien,https://openalex.org/I205783295,Cornell University,1996,1996,https://openalex.org/I205783295,1996,1996,Cadre Research,Structural Genomics Consortium; Hanover College; Urbana University; Cornell University; University of Toronto; Occupational Cancer Research Centre; Dartmouth College; University of Connecticut; Dartmouth Hospital,,,
https://openalex.org/A5040761076,Nicholas J. Morrissey,https://openalex.org/I205783295,Cornell University,2004,2008,https://openalex.org/I205783295,2004,2008,Columbia University Irving Medical Center; Columbia University,Penn Presbyterian Medical Center; University of Wisconsin–Oshkosh; Morgan Stanley Children's Hospital; Cedars-Sinai Medical Center; Royal Alexandra Children's Hospital; Mount Sinai Medical Center; University of Bologna; Icahn School of Medicine at Mount Sinai; St. Luke's-Roosevelt Hospital Center; The Mount; NewYork–Presbyterian Hospital; New York Hospital Queens; Johns Hopkins University; University of Rochester; Cornell University; Neurological Surgery; Houston Methodist; Presbyterian Hospital; Texas Health Dallas,,,
https://openalex.org/A5006071957,Joshua S. Schiffman,https://openalex.org/I205783295,Cornell University,2021,2025,https://openalex.org/I205783295,2021,2025,St. John's University; New York Genome Center; Cornell University; Weill Cornell Medicine,University of Southern California,0000-0002-1028-1438,,
https://openalex.org/A5110030471,Ernest B. Campbell,https://openalex.org/I205783295,Cornell University,1986,1994,https://openalex.org/I205783295,1986,1994,,The University of Texas at Austin; Rockefeller University; Regeneron (United States); Cornell University; Howard Hughes Medical Institute,,,
https://openalex.org/A5053985607,Gabriela Cesarman‐Maus,https://openalex.org/I205783295,Cornell University,2005,2005,https://openalex.org/I205783295,2005,2005,,Instituto Nacional de Cancerología; Mayo Clinic in Florida; Instituto Nacional de Ciencias Médicas y Nutrición Salvador Zubirán; Cornell University,0000-0002-8397-0330,,
https://openalex.org/A5115804275,Lexi Tempera,https://openalex.org/I205783295,Cornell University,2025,2025,https://openalex.org/I205783295,2025,2025,Cornell University,,,,
https://openalex.org/A5108932052,Dong Ren,https://openalex.org/I205783295,Cornell University,2017,2019,https://openalex.org/I205783295,2017,2019,Gansu University of Traditional Chinese Medicine; Zhoukou Normal University,Anhui Normal University; China Three Gorges University; Cornell University; Beijing Research Center for Agricultural and Standards and Testing; Thermal Technologies (United States); Chinese People's Armed Police Force; Fudan University,,,
https://openalex.org/A5113705918,S. Risch,https://openalex.org/I205783295,Cornell University,1980,1987,https://openalex.org/I205783295,1980,1987,,"Cornell University; University of California, Berkeley",,,
https://openalex.org/A5029748395,Haining Wang,https://openalex.org/I205783295,Cornell University,2011,2016,https://openalex.org/I205783295,2011,2016,Cornell University,,0000-0002-9567-8249,,
https://openalex.org/A5030570722,Tony Durst,https://openalex.org/I205783295,Cornell University,1993,1993,https://openalex.org/I205783295,1993,1993,University of Ottawa,Cornell University; Carleton University; Carleton College; München Klinik Schwabing; Western University; Marie Curie; University of Leicester; Australian National University; Binghamton University; National Research Council Canada; Université de Montréal; Ottawa University; Ludwig-Maximilians-Universität München; Universidad Nacional; München Klinik,0000-0001-5297-8674,,
https://openalex.org/A5070602579,Steven I. Woodrow,https://openalex.org/I205783295,Cornell University,1968,1971,https://openalex.org/I205783295,1968,1971,NewYork–Presbyterian Hospital; Cornell University,Harvard University,,,
https://openalex.org/A5003522988,Melissa Reichman,https://openalex.org/I205783295,Cornell University,2010,2025,https://openalex.org/I205783295,2010,2025,Presbyterian Hospital; New York Hospital Queens; Cornell University; NewYork–Presbyterian Hospital,Wellcome Centre for Integrative Neuroimaging; Mitsui Memorial Hospital; John Radcliffe Hospital; Weill Cornell Medicine; Eastchester Center for Cancer Care; York University,,,
https://openalex.org/A5036016055,Donna A. Robertson,https://openalex.org/I205783295,Cornell University,1984,1988,https://openalex.org/I205783295,1984,1988,Cornell University,,,,
https://openalex.org/A5060872749,R. K. Amiet,https://openalex.org/I205783295,Cornell University,1970,1970,https://openalex.org/I205783295,1970,1970,Dover (United States),Hartford Financial Services (United States); Apple (Israel); United Aircraft (Russia); Antimicrobial Materials (United States); Cornell University; Apple (United States); United Technologies Research Center,,,
https://openalex.org/A5024621145,Rossella Marullo,https://openalex.org/I205783295,Cornell University,2016,2023,https://openalex.org/I205783295,2016,2023,Regeneron (United States),Piedmont Cancer Institute; Weill Cornell Medicine; University of Messina; Winship Cancer Institute; Presbyterian Hospital; NewYork–Presbyterian Hospital; Cornell University; Palmetto Hematology Oncology; Fondazione IRCCS Istituto Nazionale dei Tumori; Emory University; New York Hospital Queens,0000-0002-1803-2700,,
https://openalex.org/A5091308694,R. M. Gagosz,https://openalex.org/I205783295,Cornell University,1963,1963,https://openalex.org/I205783295,1963,1963,,Laser Operations (United States); University of Florence; Cornell University; Hitachi (Japan); Biological E (India); Hartford Financial Services (United States); Stanford University; United Aircraft (Russia); Siemens (Germany),,,
https://openalex.org/A5100523913,Qianfan Xu,https://openalex.org/I205783295,Cornell University,2003,2012,https://openalex.org/I205783295,2003,2012,,Hewlett-Packard (United States); Hubei University of Chinese Medicine; Tsinghua University; Rice University; Cornell University,,,
https://openalex.org/A5106617607,V. Anantharam,https://openalex.org/I205783295,Cornell University,1987,1989,https://openalex.org/I205783295,1987,1989,,Cornell University,,,
https://openalex.org/A5109453383,T. C. Huang,https://openalex.org/I205783295,Cornell University,1956,1981,https://openalex.org/I205783295,1956,1981,,Cornell University; Saint Vincent's Catholic Medical Center; University of Cologne; Lankenau Medical Center; Queen's University; University Medical Center; Washington State University,,,
https://openalex.org/A5013655811,Philip J. Barter,https://openalex.org/I205783295,Cornell University,2006,2006,https://openalex.org/I205783295,2006,2006,,"Montreal Clinical Research Institute; British Heart Foundation; Medical University of Graz; Merck & Co., Inc., Rahway, NJ, USA (United States); AstraZeneca (United Kingdom); Royal Perth Hospital; The University of Western Australia; Medical Research Council; Finnish Institute for Health and Welfare; The University of Texas Southwestern Medical Center; UNSW Sydney; Sorbonne Université; Florey Institute of Neuroscience and Mental Health; Ottawa Hospital; Ghent University; William Harvey Research Institute; National Institute for Health Research; South Australian Health and Medical Research Institute; Health Data Research UK; Imperial College London; MRC Epidemiology Unit; Cleveland Clinic; University of North Carolina at Chapel Hill; National Heart Lung and Blood Institute; Great Ormond Street Hospital; University of Iowa; Amsterdam UMC Location University of Amsterdam; Southwest University of Visual Arts; McGill University Health Centre; University of Leicester; The University of Melbourne; Monash University; Addenbrooke's Hospital; University of Oulu; Flinders University; University of Oxford; Ottawa Hospital Research Institute; GTx (United States); Inserm; National Institute on Aging; St George's, University of London; University of Amsterdam; University of California, San Francisco; Queen Mary University of London; Université Paris-Sud; Medical Research Institute; Erasmus MC; Institute of Genetic and Biomedical Research; University Hospital of Lausanne; University of South Australia; Scripps Research Institute; Institut Pasteur de Lille; Helsinki University Hospital; GlaxoSmithKline (United Kingdom); University of Cambridge; Ibero American University; Pfizer (United States); MRC Population Health Research Unit; Centenary Institute; Icahn School of Medicine at Mount Sinai; National Heart Foundation of Australia; McGill University; University of Iowa Hospitals and Clinics; European Atherosclerosis Society; GlaxoSmithKline (United States); Steinhauser (Czechia); University of California, Los Angeles; Columbia University; University of Bristol; University of Ottawa; University of Colorado Denver; Harvard–MIT Division of Health Sciences and Technology; State University of New York; Royal Adelaide Hospital; Australian Pain Society; Denver VA Medical Center; University of Leeds; The Heart Research Institute; Flinders Medical Centre; Université de Montréal; Nantes Université; The University of Sydney; Center for Clinical Research (United States); The University of Adelaide; Prince of Wales Hospital; Baker Heart and Diabetes Institute; Houston Methodist; Pitié-Salpêtrière Hospital; RELX Group (United States); Hanson Institute; University College London; Wellcome Sanger Institute; Nuffield Health; Baylor College of Medicine; National Health and Medical Research Council; Seattle University; National Institutes of Health; Gladstone Institutes; Sir Charles Gairdner Hospital; South Australia Pathology; University of Technology Sydney; Fondation Jean Dausset-CEPH; Harry Perkins Institute of Medical Research; University of New Orleans; Thrombolysis in Myocardial Infarction Study Group; Massachusetts Institute of Technology; University of Helsinki; Harvard University; University of Michigan; O'Brien Institute; Tampere University; Translational Therapeutics (United States); Institute for Molecular Medicine Finland; Royal Prince Alfred Hospital; Cornell University; Brigham and Women's Hospital; Broad Institute; University of Kentucky; Baker Engineering (United States); University of Wollongong; Harbin Medical University; AstraZeneca (United States); MedStar Washington Hospital Center; Curtin University; Cardiovascular Institute of the South; IP Australia; St. John's University; College Station Medical Center; Australian National University; West German Heart and Vascular Center Essen; University of Pennsylvania; Children's Hospital of Philadelphia; San Francisco General Hospital; Montreal Heart Institute; University of Alabama",,,
https://openalex.org/A5090046144,Jason Gregorio,https://openalex.org/I205783295,Cornell University,2003,2006,https://openalex.org/I205783295,2003,2006,College Medical Center; Cornell University,Presbyterian Hospital; NewYork–Presbyterian Hospital; New York Hospital Queens,,,
https://openalex.org/A5059181904,Niall Monaghan,https://openalex.org/I205783295,Cornell University,2007,2007,https://openalex.org/I205783295,2007,2007,NewYork–Presbyterian Hospital,Cornell University,0000-0002-8542-1802,,
https://openalex.org/A5011808870,S Barandun,https://openalex.org/I205783295,Cornell University,1983,1983,https://openalex.org/I205783295,1983,1983,Cornell University; Hospital for Special Surgery; Memorial Hospital,,,,
https://openalex.org/A5087378715,K. Hirotsu,https://openalex.org/I205783295,Cornell University,1978,1979,https://openalex.org/I205783295,1978,1979,The University of Tokyo,Tottori University; Ryukoku University; Ames National Laboratory; Cornell University; Kyoto University; Tohoku University; Ehime University; Iowa State University; Osaka City University,0009-0009-6419-0644,,
https://openalex.org/A5067817165,Françis-André Wollman,https://openalex.org/I205783295,Cornell University,1994,2007,https://openalex.org/I205783295,1994,2007,Institut de Biologie Physico-Chimique; Sorbonne Université; Biologie du Chloroplaste et Perception de la Lumière chez les Microalgues; Centre National de la Recherche Scientifique,RELX Group (United Kingdom); Délégation Paris 6; Commissariat à l'Énergie Atomique et aux Énergies Alternatives; UNSW Sydney; Cornell University; Seiko Holdings (Japan); Institut Jacques Monod; ESPCI Paris; CEA Paris-Saclay; Centre National pour la Recherche Scientifique et Technique (CNRST); Biologie du chloroplaste et perception de la lumière chez les micro-algues,0000-0003-2638-7840,,
https://openalex.org/A5095599028,L,https://openalex.org/I205783295,Cornell University,1955,1955,https://openalex.org/I205783295,1955,1955,National Museum of American History; Cornell University; University of Minnesota; Carnegie Institution for Science; Iowa State University; John Brown University,,,,
https://openalex.org/A5111711704,Jeonghyun Hwang,https://openalex.org/I205783295,Cornell University,2000,2017,https://openalex.org/I205783295,2000,2017,Sangmyung University,Cornell University,,,
https://openalex.org/A5008450550,Jean‐Baptiste Micol,https://openalex.org/I205783295,Cornell University,2014,2016,https://openalex.org/I205783295,2014,2016,Université Paris-Saclay; Institut Gustave Roussy; Inserm,Hôpital Claude Huriez; Assistance Publique – Hôpitaux de Paris; La Ligue Contre le Cancer; Établissement Français du Sang; Centre Hospitalier Universitaire de Lille; Memorial Sloan Kettering Cancer Center; Contrôle transcriptionnel et épigénétique de l’hématopoïèse maligne; Laboratoire d'études sur les monothéismes; Université Paris Cité; Kettering University; Délégation Paris 7; Hôpital Saint-Louis; Cornell University; Université Paris-Sud,0000-0003-0934-294X,,
https://openalex.org/A5103063652,Philip S. Crooke,https://openalex.org/I205783295,Cornell University,1984,1984,https://openalex.org/I205783295,1984,1984,Vanderbilt University,American Heart Association; Fisk University; University of Pittsburgh; Cornell University; Vanderbilt Health; University of Minnesota; Regions Hospital,0000-0002-7086-1522,,
https://openalex.org/A5030127840,Ala’aeddeen Swidan,https://openalex.org/I205783295,Cornell University,2015,2015,https://openalex.org/I205783295,2015,2015,University of Windsor,Ithaca College; Cornell University; Windsor Dermatology,0000-0003-1919-6712,,
https://openalex.org/A5055365677,Katla Kristjánsdóttir,https://openalex.org/I205783295,Cornell University,2015,2020,https://openalex.org/I205783295,2015,2020,deCODE Genetics (Iceland); University of Iceland; Cornell University,New York State College of Agriculture & Life Sciences,0000-0002-5837-895X,,
https://openalex.org/A5035099420,Renato H. Orsi,https://openalex.org/I205783295,Cornell University,2007,2025,https://openalex.org/I205783295,2007,2025,New York State College of Agriculture & Life Sciences; Cornell University,Universidade Estadual de Campinas (UNICAMP),0000-0003-4933-9817,,
https://openalex.org/A5072773423,Brenda C. Crews,https://openalex.org/I205783295,Cornell University,2010,2010,https://openalex.org/I205783295,2010,2010,Vanderbilt University,Monsanto (United States); Weatherford College; Bernard (Czechia); Vanderbilt-Ingram Cancer Center; University of Kentucky; Cornell University; Breast Cancer Research Foundation; Vanderbilt University Medical Center; University of Tennessee at Knoxville; Cancer Research Center; Laboratoire de Biochimie; William Harvey Research Institute; Behavioral Health Services; University of Minnesota,,,
https://openalex.org/A5110258096,K. S. Banerjee,https://openalex.org/I205783295,Cornell University,1963,1967,https://openalex.org/I205783295,1963,1967,,"Indian Statistical Institute; Kansas State University; Cornell University; Lincoln University - Pennsylvania; University of Delaware; University of Maryland, Baltimore County",,,
https://openalex.org/A5112067303,John S. Eaton,https://openalex.org/I205783295,Cornell University,1976,1981,https://openalex.org/I205783295,1976,1981,,New York Botanical Garden; US Forest Service; United States Department of Agriculture; Cornell University; Cary Institute of Ecosystem Studies,,,
https://openalex.org/A5093417932,Burha Rasool,https://openalex.org/I205783295,Cornell University,2025,2025,https://openalex.org/I205783295,2025,2025,Cornell University,,0009-0004-0796-431X,,
https://openalex.org/A5065433535,Qin Fu,https://openalex.org/I205783295,Cornell University,2025,2025,https://openalex.org/I205783295,2025,2025,Cornell University; Wuhan University of Technology,Lanzhou Jiaotong University; Ithaca College,,,
https://openalex.org/A5063272468,Brian R. Lindman,https://openalex.org/I205783295,Cornell University,2024,2024,https://openalex.org/I205783295,2024,2024,Vanderbilt University; Valve (United States); Vanderbilt University Medical Center,NewYork–Presbyterian Hospital; Cleveland Clinic; Medtronic (United States); Dartmouth–Hitchcock Medical Center; Stanford University; University of Pennsylvania; Sahlgrenska University Hospital; Intermountain Medical Center; Christ Hospital; Leiden University Medical Center; Columbia University Irving Medical Center; McGill University; Northwestern University; American College of Cardiology; Christ Hospital; Duke Medical Center; Clinical Research Institute; Duke University; MedStar Health; Morristown Medical Center; University of Washington; Virginia Commonwealth University; University of Miami; Cardiovascular Research Foundation; UCLA Health; Université Laval; Vanderbilt Health; Jewish General Hospital; St Luke's Hospital; Duke University Hospital; Brigham and Women's Hospital; St. Francis Hospital; New York University; Barnes-Jewish Hospital; Cornell University; Mayo Clinic in Arizona; Massachusetts General Hospital; Jewish Hospital; St. Paul's Hospital; American Heart Association; Harvard University; Emory University; Aurora St. Luke's Medical Center; Baylor Scott & White Health; Abbott Northwestern Hospital; Mayo Clinic; New York Hospital Queens; Washington University in St. Louis; Roche (Switzerland),0000-0002-6879-5343,,
https://openalex.org/A5104728993,Christine G. Janney,https://openalex.org/I205783295,Cornell University,1985,1985,https://openalex.org/I205783295,1985,1985,Mercy Hospital; Mercy Medical Center; Cooper Green Mercy Hospital,Deaconess Hospital; Saint Louis University; St. John's University; Washington University in St. Louis; Memorial Sloan Kettering Cancer Center; University Hospital and Clinics; Cornell University; Jewish Hospital; The University of Texas Health Science Center at San Antonio; University Medical Center,,,
https://openalex.org/A5074811628,D Kracker,https://openalex.org/I205783295,Cornell University,2001,2001,https://openalex.org/I205783295,2001,2001,,New York Hospital Queens; NewYork–Presbyterian Hospital; Presbyterian Hospital; Cornell University,,,
https://openalex.org/A5014931151,D. A. Sweigart,https://openalex.org/I205783295,Cornell University,2015,2015,https://openalex.org/I205783295,2015,2015,Cornell University,"Office of Science; Center for Devices and Radiological Health; Istituto Nazionale di Fisica Nucleare, Laboratori Nazionali di Frascati",0000-0001-8245-2569,,
https://openalex.org/A5101573767,Lin Mu,https://openalex.org/I205783295,Cornell University,2013,2013,https://openalex.org/I205783295,2013,2013,Zunyi Medical University; Macau University of Science and Technology; First Hospital of Jilin University; Guizhou Aerospace Power Science & Tech (China); Shandong University of Science and Technology; Dalian University of Technology; Dalian Ocean University; Jilin University,Sichuan Normal University; InferVision (China); Yale University; Chinese Academy of Sciences; University of Georgia; Dalian Medical University; Nanjing Institute of Geology and Paleontology; Cornell University; NARI Group (China); Microsoft Research Asia (China); Qingdao University; Beijing Electronic Science and Technology Institute; Beijing Luhe Hospital Affiliated to Capital Medical University; Siemens (China); Tianjin Vocational Institute; Baylor College of Medicine; Fudan University; Xihua University; China Tourism Academy; Hulunbuir University; Minzu University of China; Southwest Medical University; Alberta Health Services; Shanghai Jiao Tong University; University of Science and Technology of China; Oak Ridge National Laboratory; Xi'an University of Architecture and Technology; Chinese Academy of Medical Sciences & Peking Union Medical College; Central University of Finance and Economics; United States Geological Survey; Xi'an University of Technology; Technical University of Denmark; Ji Hua Laboratory; Institute of Modern Physics; Shenzhen University; Qingdao Municipal Hospital; China Railway Group (China); Chifeng University; University of Saskatchewan; Xi'an Aeronautical University; Eye & ENT Hospital of Fudan University; Second Affiliated Hospital of Dalian Medical University; Sichuan Academy of Medical Sciences & Sichuan Provincial People's Hospital,0000-0002-1020-8716,,
https://openalex.org/A5017212788,A Romanella,https://openalex.org/I205783295,Cornell University,1991,1991,https://openalex.org/I205783295,1991,1991,NewYork–Presbyterian Hospital; Cornell University,,,,
https://openalex.org/A5100679058,Piyush Sharma,https://openalex.org/I205783295,Cornell University,2019,2019,https://openalex.org/I205783295,2019,2019,Sharda University,Cornell University; United States Army Combat Capabilities Development Command; Delaware State University; DEVCOM Army Research Laboratory; KU Leuven; Google (United States),0009-0003-0372-4303,,
https://openalex.org/A5100528350,Zhong Sun,https://openalex.org/I205783295,Cornell University,2002,2002,https://openalex.org/I205783295,2002,2002,Nanyang Institute of Technology; Northeast Electric Power University,First Affiliated Hospital of Anhui Medical University; Anhui Medical University; Donghua University; Shaanxi Research Association for Women and Family; CAE (Canada); Electric Power University; Chinese Academy of Sciences; Northwest Institute of Eco-Environment and Resources; He Eye Hospital; Zhejiang Marine Fisheries Research Institute; Cornell University; Peking University; Capital Normal University,,,
https://openalex.org/A5076968811,C.A. Engle-Ahlers,https://openalex.org/I205783295,Cornell University,2003,2003,https://openalex.org/I205783295,2003,2003,Cornell University,,,,
https://openalex.org/A5109353649,Gregory C. Nicolaidis,https://openalex.org/I205783295,Cornell University,1977,1977,https://openalex.org/I205783295,1977,1977,,Cornell University; General Motors (United States),,,
https://openalex.org/A5068414101,S. J. Richichi,https://openalex.org/I205783295,Cornell University,2003,2005,https://openalex.org/I205783295,2003,2005,Cornell University,"Syracuse University; Carleton University; University of California, Santa Barbara; University of Florida; Fermi National Accelerator Laboratory; Purdue University West Lafayette; University of Illinois Urbana-Champaign; University of Oklahoma; University of Kansas; Lawrence Livermore National Laboratory; University of California, San Diego; University of Pittsburgh; University at Albany, State University of New York; The Ohio State University; University of Minnesota; The University of Texas at Austin",,,
https://openalex.org/A5041347084,Stephanie J Sirna,https://openalex.org/I205783295,Cornell University,2021,2021,https://openalex.org/I205783295,2021,2021,Weill Cornell Medicine; Cornell University,,0009-0002-7675-2236,,
https://openalex.org/A5079901409,Richard D. Squire,https://openalex.org/I205783295,Cornell University,1978,1978,https://openalex.org/I205783295,1978,1978,University of Puerto Rico-Mayaguez,North Carolina State University; Long Island University; Cornell University,0000-0002-3916-0672,,
https://openalex.org/A5069148969,Jin‐Xue He,https://openalex.org/I205783295,Cornell University,2014,2016,https://openalex.org/I205783295,2014,2016,Chinese Academy of Sciences; Shanghai Institute of Materia Medica; Tiangong University; University of Chinese Academy of Sciences,Cornell University; Nanjing University of Chinese Medicine,,,
https://openalex.org/A5000029301,Stuart N. Jacobson,https://openalex.org/I205783295,Cornell University,1980,1981,https://openalex.org/I205783295,1980,1981,Cornell University,,,,
https://openalex.org/A5112694871,Zhihao Lei,https://openalex.org/I205783295,Cornell University,2025,2025,https://openalex.org/I205783295,2025,2025,Cornell University; Chongqing Medical University; University of Edinburgh,The Fourth People's Hospital of Ningxia Hui Autonomous Region,0009-0005-3432-7970,,
https://openalex.org/A5033536312,E.J.P. Zegers,https://openalex.org/I205783295,Cornell University,1998,1998,https://openalex.org/I205783295,1998,1998,United States Naval Research Laboratory,Cornell University,,,
https://openalex.org/A5079500403,O. S. Rothaus,https://openalex.org/I205783295,Cornell University,1974,1998,https://openalex.org/I205783295,1974,1998,,Mitre (United States); Philadelphia University; Institute For Defense Analyses; The King's College; Institute for Advanced Study; King's College Hospital; Hebrew University of Jerusalem; Cornell University,,,
https://openalex.org/A5002855934,S. Seifert,https://openalex.org/I205783295,Cornell University,1972,1974,https://openalex.org/I205783295,1972,1974,University of Cologne; Saarland University; Johannes Gutenberg University Mainz; University of Oslo,Philipps University of Marburg; University of Freiburg; Cornell University,,,
https://openalex.org/A5003661501,Britta Leiner,https://openalex.org/I205783295,Cornell University,2004,2004,https://openalex.org/I205783295,2004,2004,Cornell University; New York University,Saarland University,,,
https://openalex.org/A5020245115,Steven Chiu,https://openalex.org/I205783295,Cornell University,2020,2020,https://openalex.org/I205783295,2020,2020,Hospital Authority,The Ohio State University; Oregon Health & Science University; Columbia University Irving Medical Center; Syracuse University; Cornell University; Weill Cornell Medicine; University Health System; Papworth Hospital NHS Foundation Trust; Virginia Commonwealth University; Papworth Hospital,,,
https://openalex.org/A5101640582,Duc-Huy T. Nguyen,https://openalex.org/I205783295,Cornell University,2020,2021,https://openalex.org/I205783295,2020,2021,Can Tho University of Medicine and Pharmacy; Taipei Medical University; Can Tho University,Harvard University; University of Pennsylvania; Wyss Institute for Biologically Inspired Engineering; Stanford University; Boston University; California Institute of Technology; Loyola Marymount University; Cornell University; Weill Cornell Medicine,0000-0003-0805-8103,,
https://openalex.org/A5048984741,John H. Peverly,https://openalex.org/I205783295,Cornell University,1976,2000,https://openalex.org/I205783295,1976,2000,,University of Illinois Urbana-Champaign; Purdue University West Lafayette; Cornell University; New York State College of Agriculture & Life Sciences,,,
https://openalex.org/A5015087094,Roger D. Magarey,https://openalex.org/I205783295,Cornell University,2000,2000,https://openalex.org/I205783295,2000,2000,North Carolina State University,National Research Centre for Integrated Pest Management; Plant Health Care (United States); Sunraysia Institute of TAFE; United States Department of Agriculture; Cornell University; Animal and Plant Health Inspection Service; New York State Department of Agriculture and Markets; University of North Carolina at Asheville,0000-0002-5651-5965,,
https://openalex.org/A5047657582,Juan J. García,https://openalex.org/I205783295,Cornell University,2001,2002,https://openalex.org/I205783295,2001,2002,Dignity Health; Barrow Neurological Institute,Hôpital Armand-Trousseau; Fundação Oswaldo Cruz; Sorbonne Université; Cornell University; Universidad Complutense de Madrid; Consejo Nacional de Investigaciones Científicas y Técnicas; Junta de Castilla y León; Hospital Doctor José Molina Orosa; Instituto de Instrumentación para Imagen Molecular; Universidade de Santiago de Compostela; Hospital de León; University of Córdoba; Hospital Regional Universitario de Málaga; National Agricultural Technology Institute; Universidad de León; Universidad de León; Weatherford College,0000-0001-7821-9502,,
https://openalex.org/A5048458525,Kjell Fuxé,https://openalex.org/I205783295,Cornell University,1968,1969,https://openalex.org/I205783295,1968,1969,Karolinska Institutet,"Boston Medical Center; University of Helsinki; Max Delbrück Center; Harvard University; Hadassah Academic College; St Thomas' Hospital; Deutsche Forschungsgemeinschaft; University of California, Irvine; Columbia University Irving Medical Center; University of Iowa; Skolkovo Institute of Science and Technology; Stanford University; NYU Langone Health; Istituto Superiore di Sanità; Swedish Research Council; University of Ferrara; Instituto de Investigación Biomédica de Málaga; Universidad Nacional Autónoma de México; Malmö University; Tampere University; Akershus University Hospital; Mario Negri Institute for Pharmacological Research; High Blood Pressure Research Council of Australia; University of Rochester; University of Southern California; University Medical Center; University College Dublin; University of Amsterdam; National Institute of Neurological Disorders and Stroke; Merck (Germany); California State University, San Bernardino; University of Tübingen; The University of Texas Health Science Center at Houston; University of Michigan; National Institutes of Health; Lund University; Uppsala University; Geriatric Research Education and Clinical Center; Boston University; University of Szeged; NewYork–Presbyterian Hospital; Cornell University; New York Medical College; Polish Academy of Sciences; Maj Institute of Pharmacology; University of Bergen; Alzheimer’s Disease Neuroimaging Initiative; Office of Extramural Research; University of Texas Health Science Center at Dallas; University of Freiburg; New York University; Integrated Cardio Metabolic Centre; Biocom; Novem (Netherlands); AstraZeneca (Sweden); The University of Texas at Austin; The Ohio State University; University of Cambridge; St Göran's Children's Hospital; Medical University of South Carolina; Universidad de Málaga; Karolinska University Hospital; Finnish Foundation for Alcohol Studies; Aarhus University; Universitat de Barcelona; Biocommunication en Cardio-Métabolique; Stockholm University; Ospedale San Giuseppe; Institute of Neurobiology; Howard Hughes Medical Institute; University of Bologna; University of Gothenburg; St Petersburg University; National Institute on Drug Abuse; Minneapolis VA Medical Center; University of Milan; In-Q-Tel; Radboud University Nijmegen; Bridge University; Heidelberg University; Janssen (Belgium); East Tennessee State University; Centre National de la Recherche Scientifique; Saint Göran Hospital; University of Alabama at Birmingham; Universidad de La Laguna; University of California, Los Angeles; Fidia Farmaceutici (Italy); Ghent University; University of Modena and Reggio Emilia",0000-0001-8491-4288,,
https://openalex.org/A5103245321,Dale L. Bixby,https://openalex.org/I205783295,Cornell University,2018,2018,https://openalex.org/I205783295,2018,2018,U-M Rogel Cancer Center; Michigan Medicine; University of Michigan,Michigan Center for Translational Pathology; Ann Arbor VA Medical Center; University of Kansas Medical Center; The University of Texas MD Anderson Cancer Center; C. S. Mott Children's Hospital; Michigan United; Moffitt Cancer Center; Oregon Health & Science University; Cornell University; Palmetto Hematology Oncology; University of Kentucky,0000-0001-6885-8239,,
https://openalex.org/A5060585192,Z.-P. Li,https://openalex.org/I205783295,Cornell University,2011,2011,https://openalex.org/I205783295,2011,2011,Cornell University,,,,
https://openalex.org/A5110898879,David G. Marr,https://openalex.org/I205783295,Cornell University,1971,1971,https://openalex.org/I205783295,1971,1971,UPMC Health System,"Australian National University; University of California, Berkeley; Cornell University; Washington Center; Environmental Protection Agency; University of Michigan; Australian Broadcasting Corporation (Australia); The Evergreen State College; East Asia Research",,,
https://openalex.org/A5018231918,Henry H. Le,https://openalex.org/I205783295,Cornell University,2016,2025,https://openalex.org/I205783295,2016,2025,Hexagon (United States); Hexagon (United Kingdom); Menlo School; Smilow Cancer Hospital; Fred Hutch Cancer Center; University of Washington Medical Center; Cornell University,University of the Pacific; Sonoma State University; CDG Therapeutics (United States); The University of Texas at Austin; Ithaca College; Yale New Haven Hospital; Pacific University; University of Central Oklahoma; Baylor College of Medicine,0000-0003-2942-2357,,
https://openalex.org/A5037224448,Jeremy Berman,https://openalex.org/I205783295,Cornell University,2025,2025,https://openalex.org/I205783295,2025,2025,Cornell University; NewYork–Presbyterian Brooklyn Methodist Hospital; Weill Cornell Medicine,NewYork–Presbyterian Hospital; University of Pennsylvania; Mount Sinai Health System; Inova Fairfax Hospital; Columbia University; James J. Peters VA Medical Center; George Washington University; Columbia University Irving Medical Center; Geriatric Research Education and Clinical Center; Icahn School of Medicine at Mount Sinai; University of Colorado Denver; Oregon Health & Science University; Texas Health Dallas; University of Minnesota Medical Center,,,
https://openalex.org/A5070851067,D. F. Hora,https://openalex.org/I205783295,Cornell University,1999,1999,https://openalex.org/I205783295,1999,1999,,"Baylor College of Medicine; Merck & Co., Inc., Rahway, NJ, USA (United States); Cornell University; New York State College of Veterinary Medicine",,,
https://openalex.org/A5094731341,Vries Berkeley,https://openalex.org/I205783295,Cornell University,1981,1981,https://openalex.org/I205783295,1981,1981,North Carolina State University; Princeton Public Schools; Moscow Institute of Thermal Technology; University of Iowa; Cornell University; Berkeley College,Emory University; Delaware Historical Society; University of Michigan–Dearborn,,,
https://openalex.org/A5064911964,Gerald P. Donovan,https://openalex.org/I205783295,Cornell University,1995,1995,https://openalex.org/I205783295,1995,1995,Progenics Pharmaceuticals (United States),AlphaVax (United States); Albert Einstein College of Medicine; Memorial Sloan Kettering Cancer Center; Cleveland Clinic; DMA Health Strategies; Cornell University,,,
https://openalex.org/A5103122238,Catherine A. Walsh,https://openalex.org/I205783295,Cornell University,1994,1994,https://openalex.org/I205783295,1994,1994,Lancaster University,Psychiatry Research Trust; University of Liverpool; University of Chicago; Institute of Psychiatry and Neurology; Kaiser Permanente; Gloucestershire Hospitals NHS Foundation Trust; St Bartholomew's Hospital; NIHR Bristol Cardiovascular Biomedical Research Unit; University of Guelph; Loma Linda University; Northwick Park Hospital; Cornell University; University of Bristol; NewYork–Presbyterian Hospital,0000-0002-1163-6907,,
https://openalex.org/A5024419531,Xuejun Jiang,https://openalex.org/I205783295,Cornell University,2005,2016,https://openalex.org/I205783295,2005,2016,Memorial Sloan Kettering Cancer Center; Southern University of Science and Technology; Fujian Medical University; University of Electronic Science and Technology of China; Chengdu Women's and Children's Central Hospital; Chongqing Public Health Medical Center; Guangzhou University of Chinese Medicine; Zhejiang University; Johns Hopkins University; Chongqing Medical University; Central Hospital of Wuhan,"University of Leeds; Qingdao Institute of Marine Geology; Laser Research Institute; University of Colorado Anschutz Medical Campus; Qingdao National Laboratory for Marine Science and Technology; Renmin Hospital of Wuhan University; Howard Hughes Medical Institute; Southwestern Medical Center; Changsha Normal University; China Medical University; Case Western Reserve University; Hunan Normal University; Karolinska Institutet; Dazhou Central Hospital; Southern Medical University; Wuhan University; Shantou University Medical College; Capital Medical University; Beijing Anzhen Hospital; Singer (United States); First Hospital of China Medical University; Shenyang Ligong University; Indiana University School of Medicine; Nanfang Hospital; Chinese Academy of Sciences; Ministry of Natural Resources; Institute of Microbiology; Ludwig-Maximilians-Universität München; Genetic Resources Center; Laser Fusion Research Center; Shantou University; Houston Methodist; Indiana University – Purdue University Indianapolis; New York Proton Center; The University of Texas at Austin; Czech Academy of Sciences, Institute of Microbiology; Hamamatsu University School of Medicine; Cornell University; The University of Texas Southwestern Medical Center; Hainan Medical College Hospital; Kettering University; Barnsley Hospital; University of Colorado Health",0000-0002-8670-3828,,
https://openalex.org/A5002608685,John E. McCarthy,https://openalex.org/I205783295,Cornell University,2016,2016,https://openalex.org/I205783295,2016,2016,,"Rutgers Sexual and Reproductive Health and Rights; Rutgers, The State University of New Jersey; Cornell University; William P. Wharton Trust",0000-0002-8119-7030,,
https://openalex.org/A5101813616,Cindy Wang,https://openalex.org/I205783295,Cornell University,2009,2009,https://openalex.org/I205783295,2009,2009,AstraZeneca (France); AstraZeneca (United States); Centre for Addiction and Mental Health,Retina Foundation of the Southwest; University of Chicago; Bristol-Myers Squibb (United States); Eli Lilly (United States); University of Florida; BC Children's Hospital; Bay Institute; Royal North Shore Hospital; Hospital for Special Surgery; American Association of Colleges of Pharmacy; Stanford University; University of British Columbia; University of Illinois Chicago; Medical University of South Carolina; National University Hospital; Cornell University; The University of Texas Southwestern Medical Center; MUSC Hollings Cancer Center; University of Toronto; Seattle Children's Hospital; University of Sassari,0000-0001-5372-2371,,
https://openalex.org/A5072971061,Donna Russo,https://openalex.org/I205783295,Cornell University,1994,1994,https://openalex.org/I205783295,1994,1994,Columbia University Irving Medical Center,NewYork–Presbyterian Hospital; Seattle University; Presbyterian Hospital; Hahnemann University Hospital; Meharry Medical College; Columbia University; University of Khartoum; Universidade Federal da Bahia; Center for Infectious Disease Research; Cornell University; Infectious Disease Research Institute; Catholic Medical Center; Universidade Federal do Rio de Janeiro; Cancer Genetics (United States),,,
https://openalex.org/A5066316139,Tri Nguyen,https://openalex.org/I205783295,Cornell University,2020,2020,https://openalex.org/I205783295,2020,2020,Cornell University; Duke University,New York State College of Veterinary Medicine; Rochester Institute of Technology,0000-0002-0307-2996,,
https://openalex.org/A5003553739,Valerie M. McKinney,https://openalex.org/I205783295,Cornell University,2007,2007,https://openalex.org/I205783295,2007,2007,Cornell University,,,,
https://openalex.org/A5044615669,Christopher M. Bruns,https://openalex.org/I205783295,Cornell University,1993,1995,https://openalex.org/I205783295,1993,1995,Leibniz University Hannover,Scripps Research Institute; Hungarian Academy of Sciences; Environmental Systems Research Institute (United States); Cornell University; University of Wisconsin–Madison; Uppsala University; Stanford University; Incyte (United States); Howard Hughes Medical Institute; Esri (Canada); Helix (United States); University of Pittsburgh; Janelia Research Campus; Eötvös Loránd University,,,
https://openalex.org/A5103291982,Judith Hansen,https://openalex.org/I205783295,Cornell University,2004,2004,https://openalex.org/I205783295,2004,2004,Prairie View A&M University,Cornell University; NewYork–Presbyterian Hospital; Columbia University; Iowa State University; New York Hospital Queens; Virginia Mason Medical Center; Presbyterian Hospital,,,
https://openalex.org/A5020725876,R.J. Lachicotte,https://openalex.org/I205783295,Cornell University,1998,1998,https://openalex.org/I205783295,1998,1998,,"University of North Texas; Universitat de Barcelona; Cornell University; College of Charleston; University at Buffalo, State University of New York; Bergen Community College; University of Rochester; Carestream (United States); Florida State University; North Dakota State University; University of Memphis; Los Alamos National Laboratory; Emory University; SUNY Geneseo; University of Central Florida; Mount Holyoke College; University of California, Santa Barbara; Kodak (United States)",,,
https://openalex.org/A5032489346,Ellen Rymshaw,https://openalex.org/I205783295,Cornell University,1997,1997,https://openalex.org/I205783295,1997,1997,Cornell University,,,,
https://openalex.org/A5032062163,Po Ting Wong,https://openalex.org/I205783295,Cornell University,2013,2013,https://openalex.org/I205783295,2013,2013,Cornell University,New York State College of Veterinary Medicine,,,
https://openalex.org/A5111964545,M.Sylvanus Anika,https://openalex.org/I205783295,Cornell University,1982,1982,https://openalex.org/I205783295,1982,1982,University of Florida,New York State College of Veterinary Medicine; Cornell University,,,
https://openalex.org/A5046952068,A. R. Stottlemyer,https://openalex.org/I205783295,Cornell University,1978,1978,https://openalex.org/I205783295,1978,1978,Seabrook,"Tufts University; Goddard Space Flight Center; Brandeis University; Cornell University; University of Massachusetts Amherst; Massachusetts Institute of Technology; University of Maryland, College Park",,,
https://openalex.org/A5079889339,Arvind Venkataraman,https://openalex.org/I205783295,Cornell University,2010,2014,https://openalex.org/I205783295,2010,2014,University of Washington,"Gimbel Eye Centre; Yale University; Michigan State University; University of Michigan; Aravind Eye Hospital; Rowan University; Vasan Eye Care Hospital; Dana-Farber/Harvard Cancer Center; Cornell University; Procter & Gamble (United States); Harvard University; Mayo Clinic in Florida; Christian Medical College, Vellore",0000-0003-1148-4402,,
https://openalex.org/A5031183649,Chrispin Kambili,https://openalex.org/I205783295,Cornell University,2004,2004,https://openalex.org/I205783295,2004,2004,Johnson & Johnson (United States),Janssen (United States); Cornell University; NewYork–Presbyterian Hospital; New York City Department of Health and Mental Hygiene; New York Hospital Queens; Presbyterian Hospital; International AIDS Vaccine Initiative,,,
https://openalex.org/A5045755997,Alexander Böker,https://openalex.org/I205783295,Cornell University,2000,2000,https://openalex.org/I205783295,2000,2000,University of Potsdam; Fraunhofer Institute for Applied Polymer Research,"Humboldt-Universität zu Berlin; Freie Universität Berlin; RWTH Aachen University; Columbia University; Charité - Universitätsmedizin Berlin; Klinik und Poliklinik für Augenheilkunde Universitätsklinikum Regensburg; Cornell University; Bayer (Germany); European Synchrotron Radiation Facility; FH Aachen; Johannes Gutenberg University Mainz; Marine Polymer Technologies (United States); University of Bayreuth; University of Massachusetts Amherst; Jülich Aachen Research Alliance; Leiden University; Ophthalmology Clinic; University of Bonn; University of California, Santa Barbara; University of Liverpool; Imperial College London; Universidade Federal de Itajubá; Osnabrück University; DWI – Leibniz Institute for Interactive Materials; Royal Liverpool University Hospital; Forschungszentrum Jülich; Leibniz Institute for Neurobiology",0000-0002-5760-6631,,
https://openalex.org/A5022554119,Sean Clark-Garvey,https://openalex.org/I205783295,Cornell University,2008,2008,https://openalex.org/I205783295,2008,2008,Thomas Jefferson University,NewYork–Presbyterian Hospital; National Cancer Institute; Columbia University Irving Medical Center; Princess Margaret Cancer Centre; NYU Langone Health; New York Hospital Queens; Columbia University; Cornell University,,,
https://openalex.org/A5063892002,Tobias Schnabel,https://openalex.org/I205783295,Cornell University,2014,2018,https://openalex.org/I205783295,2014,2018,Hof University of Applied Sciences,"Gesellschaft für Materialforschung und Prüfungsanstalt für das Bauwesen (Germany); Cornell University; University of Stuttgart; Berkeley College; University of California, Berkeley; Technische Universität Braunschweig; Microsoft (United States); Bauhaus-Universität Weimar; LMU Klinikum; Ludwig-Maximilians-Universität München",0000-0002-9301-7631,,
https://openalex.org/A5080695008,Jun Kameoka,https://openalex.org/I205783295,Cornell University,2001,2004,https://openalex.org/I205783295,2001,2004,Waseda University,Chiba University; Mitchell Institute; Cornell University; Texas A&M Engineering Experiment Station; Texas A&M University; Texas College; The University of Texas MD Anderson Cancer Center; Jikei University School of Medicine,0000-0003-3479-354X,,
https://openalex.org/A5053138183,Matthias Walther,https://openalex.org/I205783295,Cornell University,2004,2004,https://openalex.org/I205783295,2004,2004,,"Reutlingen University; Memorial Sloan Kettering Cancer Center; Cornell University; Cal Poly Humboldt; Charité - Universitätsmedizin Berlin; Bayer (Germany); Humboldt-Universität zu Berlin; Max Planck Institute of Immunobiology and Epigenetics; Korn Ferry (United States); Luther University; Martin Luther University Halle-Wittenberg; University of California, Berkeley; Oregon Health & Science University",0009-0007-1159-566X,,
https://openalex.org/A5052952451,E. Blum,https://openalex.org/I205783295,Cornell University,1981,1991,https://openalex.org/I205783295,1981,1991,RIKEN BNL Research Center; Brookhaven National Laboratory,Brookhaven College; National Synchrotron Light Source II; Cornell University; Institute of Genetics and Biophysics; Massachusetts Institute of Technology,,,
https://openalex.org/A5030885436,Julyun Oh,https://openalex.org/I205783295,Cornell University,2013,2025,https://openalex.org/I205783295,2013,2025,Cornell University; Integrated BioTherapeutics (United States); Weill Cornell Medicine; Memorial Sloan Kettering Cancer Center,Oncotherapeutics (United States); Columbia University; Agouron Institute; Columbia University Irving Medical Center,,,
https://openalex.org/A5110262302,M. Van Amburgh,https://openalex.org/I205783295,Cornell University,1993,2007,https://openalex.org/I205783295,1993,2007,Cornell University,New York State College of Agriculture & Life Sciences,,,
https://openalex.org/A5086031462,George C. McBane,https://openalex.org/I205783295,Cornell University,1988,1991,https://openalex.org/I205783295,1988,1991,Grand Valley State University,Wesleyan University; Max Planck Institute for Biophysical Chemistry; HaitiChildren; Twin Cities Orthopedics; Eastern Illinois University; The Ohio State University; University of Minnesota; Institute for Chemical and Physical Processes; Cornell University; Wayne State University; Chemical Dynamics (United States); Texas A&M University,0000-0002-2790-3467,,
https://openalex.org/A5015166564,Kiera Goodman,https://openalex.org/I205783295,Cornell University,2004,2004,https://openalex.org/I205783295,2004,2004,Cornell University; Memorial Sloan Kettering Cancer Center; Rockefeller University,,,,
https://openalex.org/A5068994292,Natalie Fuchs,https://openalex.org/I205783295,Cornell University,2024,2025,https://openalex.org/I205783295,2024,2025,Molecular Innovations (United States); Weill Cornell Medicine; Cornell University,Johannes Gutenberg University Mainz,0000-0001-6404-676X,,
https://openalex.org/A5100675929,Qiu Wang,https://openalex.org/I205783295,Cornell University,2013,2013,https://openalex.org/I205783295,2013,2013,Guizhou Provincial People's Hospital; Tianjin Medical University General Hospital; Suan Sunandha Rajabhat University; Sichuan University; The People's Hospital of Guangxi Zhuang Autonomous Region; Zunyi Medical University; First Affiliated Hospital of Wenzhou Medical University; Syracuse University; Wenzhou Medical University,Nanjing Normal University; Huazhong University of Science and Technology; University of Finance and Economics; Sichuan Cancer Hospital; Cornell University; RTI International; Fudan University; Google (United States); West China Second University Hospital of Sichuan University; Kunming University of Science and Technology; Harbin Engineering University; Beijing Chao-Yang Hospital; Dalian University; Shanghai First People's Hospital; Bond University; Liaoning Normal University; Michigan State University; University of North Carolina at Chapel Hill; Jiangnan University; Southwest University; Second People’s Hospital of Yibin; Yunnan University of Finance And Economics; Peking University; West Virginia University; Chengdu Women's and Children's Central Hospital; Siemens Healthcare (United States); Shanghai Jiao Tong University; Public Health Clinical Center of Chengdu; Siemens (United States); Linyi People's Hospital; Shenyang Pharmaceutical University; Zhejiang University; Tongji Hospital; Yunnan University of Traditional Chinese Medicine; Anhui Agricultural University; Capital Medical University; Yang Hospital,0000-0003-1635-8050,,
https://openalex.org/A5016481057,Michael J. Gerver,https://openalex.org/I205783295,Cornell University,1978,1980,https://openalex.org/I205783295,1978,1980,,"Plasma Technology (United States); Fusion (United States); Lawrence Livermore National Laboratory; Intel (Israel); University of California, Berkeley; Fusion Academy; New England Institute of Art; Cornell University; Independent Colleges and Universities of Florida; Texas A&M University; Massachusetts Institute of Technology; SatCon Technology Corporation (United States)",,,
https://openalex.org/A5074325217,Albert Chin,https://openalex.org/I205783295,Cornell University,1981,1981,https://openalex.org/I205783295,1981,1981,National Yang Ming Chiao Tung University; Zhejiang University; MediaTek (Taiwan); Massachusetts Institute of Technology,Cornell University; AT&T (United States); Bell (Canada); Yokohama National University; Institute of Electrical and Electronics Engineers; Polytechnic University of Turin; Syracuse University; Axcelis Technologies (United States); Clemson University; National Taiwan Normal University; Institute of Semiconductor Physics; Hong Kong Polytechnic University; Polaroid (United States); General Electric (Israel); National Tsing Hua University; Canadian Standards Association; Industrial Technology Research Institute; The University of Texas at Austin; University of Central Florida; Hong Kong University of Science and Technology; Somerville Hospital; Novosibirsk State Technical University; Russian Academy of Sciences; Motorola (United States); University System of Taiwan; University of Michigan; ORCID; Nokia (United States); Gorgias Press (United States); University of Hong Kong; Institute of Microelectronics; National University of Singapore; Texas Instruments (United States); General Electric (United States); Novosibirsk State University; Oregon State University,0000-0001-6790-2437,,
https://openalex.org/A5053465857,John P. Hughes,https://openalex.org/I205783295,Cornell University,1991,1991,https://openalex.org/I205783295,1991,1991,"Lehigh University; Rutgers Sexual and Reproductive Health and Rights; Rutgers, The State University of New Jersey","International Centre for Radio Astronomy Research; University of California, Davis; Duke University Hospital; University of Illinois Chicago; Universidade Católica de Santos; BT Group (United Kingdom); New York Medical College; Australian National University; Rütgers (Germany); Institut d'Estudis Espacials de Catalunya; University of the West; University of Colorado Anschutz Medical Campus; Embry–Riddle Aeronautical University; Lancaster University Ghana; Baylor College of Medicine; Netherlands Institute for Radio Astronomy; Japan Aerospace Exploration Agency; Royal United Hospital; Space Telescope Science Institute; Anderson Hospital; Tokyo Metropolitan University; The University of Texas System; Lady of Mercy Medical Center; Imperial College Healthcare NHS Trust; Duke Medical Center; Columbia University; Space Science Institute; Princeton University; University of Southampton; Southern Illinois University Carbondale; CEA Paris-Saclay; Cancer Institute of Florida; Nuffield Orthopaedic Centre; Met Office; Swedish University of Agricultural Sciences; Astronomy and Space; University of Cambridge; University of California System; Chalmers University of Technology; Centre National de la Recherche Scientifique; Karolinska Institutet; University of Groningen; Commissariat à l'Énergie Atomique et aux Énergies Alternatives; Cerro Tololo Inter-American Observatory; Rutgers Cancer Institute; University of Glasgow; Pennsylvania State University; International Glaucoma Association; The University of Sydney; Goddard Space Flight Center; Cornell University; Service de Physique de l'État Condensé; Saint Peter's University; Flatiron Health (United States); National Jewish Health; University of Louisville; Max Planck Institute for Astronomy; New York State College of Veterinary Medicine; Imperial Metals (Canada); Flatiron Institute; United States Naval Observatory; Wayne State University; Science Oxford; Astrophysique, Instrumentation et Modélisation; York University; Brigham and Women's Hospital; Ochsner Medical Center; United States Fish and Wildlife Service; University of Washington; Association of Universities for Research in Astronomy; Tunbridge Wells Hospital; Richmont Graduate University; Smithsonian Astrophysical Observatory; Harvard University Press; University of Arizona; University of Alaska Fairbanks; University of Dundee; University of Oxford; Harvard University; Lockheed Martin (United States); University of Vermont; British Antarctic Survey; Lancaster University; Quviq (Sweden); Ricardo (United Kingdom); St. Lawrence University; University of Manchester; Khalifa University of Science and Technology; Max Planck Society; University of Colorado Denver; Commonwealth Scientific and Industrial Research Organisation; Albany Stratton VA Medical Center Albany; Leiden University; Center for Astrophysics Harvard & Smithsonian; Tulane University; Sutherland Hospital; Max Planck Institute for Radio Astronomy; University of Bath; Johns Hopkins University; The Open University; Northside Hospital; Texas Tech University; Hill College; University of Leeds; Air Products (Germany); Institut de Biologie et Technologies; Universitat Politècnica de Catalunya; Brown University; University of New Mexico; Emory University; U.S. National Science Foundation; University of St Andrews; Westinghouse Electric (United States); The University of Western Australia; IBM (United Kingdom); Institute for the Psychological Sciences; Osservatorio Astronomico di Palermo; Kansas State University; National Aeronautics and Space Administration; John Brown University; Massachusetts General Hospital; General Dynamics (United States)",0000-0002-8816-6800,,
https://openalex.org/A5111711603,Ian C. Richards,https://openalex.org/I205783295,Cornell University,1983,1983,https://openalex.org/I205783295,1983,1983,Leeds Beckett University,University of Reading; Loughborough University; Cornell University; Case Western Reserve University,,,
https://openalex.org/A5054557864,Wyville Thomson,https://openalex.org/I205783295,Cornell University,1991,1991,https://openalex.org/I205783295,1991,1991,Cornell University,,,,
https://openalex.org/A5030725795,Aaron Ganz,https://openalex.org/I205783295,Cornell University,1956,1957,https://openalex.org/I205783295,1956,1957,,Cornell University; Oak Ridge Associated Universities; University of Tennessee Health Science Center; National Institute of Dental and Craniofacial Research,,,
https://openalex.org/A5024045749,Bryan Green,https://openalex.org/I205783295,Cornell University,2002,2002,https://openalex.org/I205783295,2002,2002,Cornell University,,,,
https://openalex.org/A5089189867,Kevin J. McGowan,https://openalex.org/I205783295,Cornell University,1994,2016,https://openalex.org/I205783295,1994,2016,Cornell University,Helix (United States); Howard Hughes Medical Institute; University of South Florida; Janelia Research Campus; Binghamton University; Cornell Lab of Ornithology; U.S. Army Center for Health Promotion and Preventive Medicine; Defense Center for Public Health - Aberdeen; University of Wisconsin–Madison; University of Saskatchewan; The Ohio State University,,,
https://openalex.org/A5016014334,P. L. Bonanno,https://openalex.org/I205783295,Cornell University,2008,2008,https://openalex.org/I205783295,2008,2008,United States Naval Research Laboratory,"Centre National de la Recherche Scientifique; Cornell University; Cornell High Energy Synchrotron Source; Georgia Tech Lorraine; Rutgers, The State University of New Jersey; Georgia Institute of Technology; Istituto Nazionale per la Fisica della Materia; New Jersey Institute of Technology",,,
https://openalex.org/A5091128797,Jennifer A. Zambriski,https://openalex.org/I205783295,Cornell University,2009,2013,https://openalex.org/I205783295,2009,2013,,Tufts University; Cornell University; Washington State University; New York State College of Veterinary Medicine; New York State College of Agriculture & Life Sciences,0000-0003-0948-1181,,
https://openalex.org/A5051484612,William Wallace,https://openalex.org/I205783295,Cornell University,1993,1993,https://openalex.org/I205783295,1993,1993,Imperial College London; Lewisham and Greenwich NHS Trust; St Mary's Hospital; St. Mary's Hospital,"Merck & Co., Inc., Rahway, NJ, USA (United States); Cornell University; Colorado State University; Trent University; University of California, Davis; Muskingum University; Florida State University",0000-0003-1726-2923,,
https://openalex.org/A5111680005,Leroy Johnson,https://openalex.org/I205783295,Cornell University,1985,1985,https://openalex.org/I205783295,1985,1985,Cornell University,Long Island University; Brooklyn College,,,
https://openalex.org/A5001455892,John Spencer Evans,https://openalex.org/I205783295,Cornell University,2010,2010,https://openalex.org/I205783295,2010,2010,,"University of Southern California; University of Southampton; California Institute of Technology; Japanese Foundation For Cancer Research; W.E. Upjohn Institute for Employment Research; University of California, Berkeley; Istanbul Technical University; University of California, Santa Barbara; Langley Research Center; University of Washington; Cornell University; University of Oxford; Yale University; University of Kansas; Florida Craniofacial Institute; Lawrence Livermore National Laboratory; Meijo University; Yale Cancer Center; New York University; University of Wisconsin–Madison; Princeton University; Brookhaven National Laboratory; John Radcliffe Hospital; New York Proton Center",0000-0002-9565-7296,,
https://openalex.org/A5012168575,Dean Jorstad,https://openalex.org/I205783295,Cornell University,2009,2009,https://openalex.org/I205783295,2009,2009,Children's Hospital of Wisconsin,Cornell University; The University of Texas Southwestern Medical Center; Children's Cancer Center; Medical College of Wisconsin; Children's Oncology Group; Arcadia; Center for Children; Cook Children's Medical Center,,,
https://openalex.org/A5108705430,M. Gowda,https://openalex.org/I205783295,Cornell University,2025,2025,https://openalex.org/I205783295,2025,2025,Kempegowda Institute of Medical Sciences; New York State College of Agriculture & Life Sciences; Cornell University,All India Institute of Medical Sciences; Bradford Royal Infirmary; All India Institute of Medical Sciences Bhopal; All India Institute of Medical Sciences Raipur; Association for Cancer Surgery; Merck (Germany); Institut de Virologie; Pfizer (United Kingdom); AstraZeneca (Brazil); Stryker (United Kingdom); Urology Foundation; New York University; Baptist Hospital of Miami; Yorkshire Cancer Research; University of Birmingham; Baptist Health South Florida; NIHR Birmingham Biomedical Research Centre,,,
https://openalex.org/A5026367973,Jihad S. Obeid,https://openalex.org/I205783295,Cornell University,1992,2007,https://openalex.org/I205783295,1992,2007,Central Michigan University; MUSC Hollings Cancer Center; Medical University of South Carolina,Institute of Behavioral Sciences; Harvard University; Cohort (United Kingdom); University of South Carolina; Seattle Children's Hospital; College Station Medical Center; Presbyterian Hospital; Coloplast (United States); Cornell University; New York Hospital Queens; NewYork–Presbyterian Hospital; Collaborative Research Group; Instituto Federal Farroupilha; Harvard University Press; Icahn School of Medicine at Mount Sinai,0000-0002-7193-7779,,
https://openalex.org/A5101492631,Takahiro Nakano,https://openalex.org/I205783295,Cornell University,2004,2005,https://openalex.org/I205783295,2004,2005,Japanese Red Cross Society Kyoto Daini Hospital; Edogawa Hospital; Chukyo University,The University of Osaka; Ube Frontier University; Aichi University; Kyoto first Red Cross hospital; Kobe University; Mie University; Kyushu University Hospital; Kyushu University; Gifu Shotoku Gakuen University; Hiroshima University; Kumamoto University; Kyoto Prefectural University of Medicine; Chonbuk National University Hospital; University of the Ryukyus; Shizuoka Sangyo University; Osaka International Cancer Institute; Yodogawa Christian Hospital; Osaka Women's and Children's Hospital; Hirosaki University; American College of Surgeons; The University of Tokyo; Cornell University; Gifu University; University Medical Center; Saiseikai Yokohama Eastern Hospital; Shiga University; Tokushima University; Nagoya Gakuin University; University of Tsukuba,0000-0002-8512-9254,,
https://openalex.org/A5066708427,S. F. Dermott,https://openalex.org/I205783295,Cornell University,1977,1994,https://openalex.org/I205783295,1977,1994,University of Florida,Carnegie Institution for Science; Cornell University; Newcastle University; Carnegie Observatories; University of Arizona; Astronomy and Space; Royal Military College of Canada,0000-0002-0027-6248,,
https://openalex.org/A5043435343,Navneet Narula,https://openalex.org/I205783295,Cornell University,2012,2020,https://openalex.org/I205783295,2012,2020,The University of Texas Health Science Center at Houston; New York University; NYU Langone Health; Miami Transplant Institute,"Hahnemann University Hospital; University of Minnesota; Smithsonian Institution; University of Pennsylvania; Roche (Switzerland); Suburban Hospital; American Society of Clinical Oncology; University School; Cornell University; University of California, Los Angeles; Borough of Manhattan Community College; Mount Sinai Hospital; Saint Luke's Health System; Armed Forces Institute of Pathology; Weill Cornell Medicine; Winterthur Museum Garden and Library; Presbyterian Hospital; Dana-Farber Cancer Institute; University of California, Irvine; Maastricht University; Hospital of the University of Pennsylvania; Yale University; Harvard University; Bellevue Hospital Center; University of Michigan; New York Hospital Queens; Angion (United States); University of Manitoba; NewYork–Presbyterian Hospital; Cardiovascular Institute of the South; Drexel University; University of California, Irvine Medical Center; University of California System; Brown University; Irvine Valley College; Icahn School of Medicine at Mount Sinai; National Taiwan University Hospital; University of Colorado System; University Hospital Foundation; Henry Ford Hospital; University of Pennsylvania Health System; Massachusetts General Hospital; CVPath Institute; Washington University in St. Louis",0000-0002-6832-3645,,
https://openalex.org/A5058553367,J. C. Tracy,https://openalex.org/I205783295,Cornell University,1968,1969,https://openalex.org/I205783295,1968,1969,PRIST University,General Motors (United States); Cornell University; Rockwell Automation (United States),,,
https://openalex.org/A5029315204,Robert F. Bode,https://openalex.org/I205783295,Cornell University,2012,2013,https://openalex.org/I205783295,2012,2013,Saint Martin's University,William Beaumont Army Medical Center; The University of Texas Health Science Center at San Antonio; The University of Texas System; The University of Texas Health Science Center at Houston; Cornell University; Canisius College,0000-0002-8759-3026,,
https://openalex.org/A5090164352,Kelsey McCarthy,https://openalex.org/I205783295,Cornell University,2025,2025,https://openalex.org/I205783295,2025,2025,Cornell University; New York State College of Veterinary Medicine,"Musgrave Park Hospital; University College Dublin; Cappagh National Orthopaedic Hospital; California State University, San Marcos",0009-0005-8309-8799,,
https://openalex.org/A5075230689,R. Kowalewski,https://openalex.org/I205783295,Cornell University,1984,1991,https://openalex.org/I205783295,1984,1991,University of Victoria; Max Planck Institute for Physics,"University of British Columbia; National Technical University of Athens; Palacký University Olomouc; Ithaca College; University of Oregon; Novosibirsk State Technical University; Université Grenoble Alpes; University of Rochester; Centre National de la Recherche Scientifique; University of California, Irvine; FH Aachen; The University of Texas at Dallas; Istituto Nazionale di Fisica Nucleare, Sezione di Trieste; Bridge University; European Organization for Nuclear Research; University of Geneva; Université Savoie Mont Blanc; University of California, Santa Cruz; Heidelberg University; Vanderbilt University; Université Paris-Saclay; Sapienza University of Rome; Cornell University; The Abdus Salam International Centre for Theoretical Physics (ICTP); Institute for High Energy Physics; Budker Institute of Nuclear Physics; University of Udine; Istanbul Technical University; University of Sussex; Queen Mary University of London; Institut National de Physique Nucléaire et de Physique des Particules; Istituto Nazionale di Fisica Nucleare, Sezione di Bari; University of Göttingen; Carleton University; Universitat de Barcelona; Yale University; The Ohio State University; Istituto Nazionale di Fisica Nucleare, Sezione di Bologna; Universidad de Granada; Ludwig-Maximilians-Universität München; HUN-REN Institute for Nuclear Research; The University of Adelaide; University of Debrecen; RWTH Aachen University; Purdue University West Lafayette; Kobe University; Institute for Particle and Nuclear Physics; University of Freiburg; Rutherford Appleton Laboratory; Carnegie Mellon University; Istituto Nazionale di Fisica Nucleare, Gruppo Collegato di Udine; University of Bologna; Campbell Collaboration; Syracuse University; Uppsala University; Tel Aviv University; Institute of Science and Technology; Universitat de València; Harvard University Press; New York University; Natural Sciences and Engineering Research Council of Canada; University of Warwick; University of Florida; Stanford University; Johns Hopkins University; Institute of Nuclear Physics, Polish Academy of Sciences; Waseda University; Indiana University Bloomington; Jazan University; Cavendish Hospital; University of Maryland, College Park; University of Kansas; University of Minnesota; University of Pisa; LIP - Laboratory of Instrumentation and Experimental Particle Physics; University of Liverpool; Rutgers, The State University of New Jersey; University College London; Universitatea Națională de Știință și Tehnologie Politehnica București; Universidade Federal do Rio de Janeiro; University at Albany, State University of New York; The University of Tokyo; Université Paris-Sud; University of California, Riverside; University of Trieste; Laboratoire d’Annecy de Physique des Particules; National Academies of Sciences, Engineering, and Medicine; Johannes Gutenberg University Mainz; University of the Basque Country; University of Sassari",0000-0002-7314-0990,,
https://openalex.org/A5007212948,E. Farrell Helbling,https://openalex.org/I205783295,Cornell University,2023,2025,https://openalex.org/I205783295,2023,2025,Cornell University,Inspire; Smith College; Harvard University; Harvard University Press,0000-0003-3321-7161,,
https://openalex.org/A5055864100,Robert N. Hotchkiss,https://openalex.org/I205783295,Cornell University,1994,2006,https://openalex.org/I205783295,1994,2006,Hospital for Special Surgery,"Mayo Clinic; National Institute on Aging; Fertility Center of San Antonio; Good Samaritan Regional Medical Center; National Institutes of Health; Good Samaritan Hospital Medical Center; Penn Center for AIDS Research; University of California, Los Angeles; New York Proton Center; Lahey Hospital and Medical Center; Good Samaritan Hospital; Johns Hopkins University; Smith & Nephew (United Kingdom); Rutgers, The State University of New Jersey; Johns Hopkins Medicine; American Society for Surgery of the Hand; National Institute of Standards and Technology; Lenox Hill Hospital; City University of Seattle; National Institute of Dental and Craniofacial Research; Center for Information Technology; Cornell University; Good Samaritan Medical Center; National Human Genome Research Institute; Legacy Good Samaritan Medical Center",,,
https://openalex.org/A5074524669,Judith P. Andersen,https://openalex.org/I205783295,Cornell University,2011,2011,https://openalex.org/I205783295,2011,2011,University of Toronto,"Wayne State University; Cornell University; Creative Commons; Yale University; University of California, Irvine; Government of Ontario; Syracuse VA Medical Center; The Barbara Ann Karmanos Cancer Institute; University of Oregon; SUNY Upstate Medical University; Harper University Hospital; Police University College; Ontario Ministry of Labour; Michigan State University",0000-0001-8477-1432,,
https://openalex.org/A5007697794,L. Q. Liu,https://openalex.org/I205783295,Cornell University,2014,2014,https://openalex.org/I205783295,2014,2014,Concord Repatriation General Hospital,Royal North Shore Hospital; Cornell University; Google (United States),0009-0007-7034-1635,,
https://openalex.org/A5039348101,Adlai Nelson,https://openalex.org/I205783295,Cornell University,2020,2020,https://openalex.org/I205783295,2020,2020,Weill Cornell Medicine; Cornell University; CMH Lahore Medical College and Institute of Dentistry; City Hospital,,,,
https://openalex.org/A5104683917,Sungwoong Kim,https://openalex.org/I205783295,Cornell University,2024,2024,https://openalex.org/I205783295,2024,2024,Georgia Institute of Technology; The Wallace H. Coulter Department of Biomedical Engineering; Cornell University,,,,
https://openalex.org/A5101654769,Ye Tan,https://openalex.org/I205783295,Cornell University,2019,2019,https://openalex.org/I205783295,2019,2019,Affiliated Hospital of Qingdao University; Qingdao University,"Army Medical University; AZ Delta; University Medical Center; Regina General Hospital; Duke University; Hospital Universitario de San Vicente Fundación; Albany Medical Center Hospital; Hôpital Saint-Vincent-de-Paul; University of Rochester; University Physicians; Chongqing Medical University; AZ Sint-Lucas; Pfizer (United States); National Marrow Donor Program; West Virginia University; WellSpan Health; State Key Laboratory of Rice Biology; Nanjing Agricultural University; Hubei University of Medicine; Zhejiang University; University of Oxford; West Suburban Medical Center; Taihe Hospital; Southwest Hospital; Medtronic (United States); Kennedy Krieger Institute; Weill Cornell Medicine; GZA Ziekenhuizen Campus Sint-Augustinus; Xinqiao Hospital; Neurological Surgery; Tokai University Hospital; Masonic Cancer Center; Ocean Medical Center; Moss Rehabilitation Hospital; WuXi AppTec (China); Cliniques Universitaires Saint-Luc; Inserm; Elisabeth-TweeSteden Ziekenhuis; Cornell University; University of Minnesota; International Spine, Pain & Performance; Universidad de Valladolid",0000-0001-7484-8977,,
https://openalex.org/A5082741754,Jacqueline Vuky,https://openalex.org/I205783295,Cornell University,2000,2002,https://openalex.org/I205783295,2000,2002,Oregon Health & Science University,"AnMed Health; OHSU Knight Cancer Institute; Cornell University; Cedars-Sinai Medical Center; Astellas Pharma (China); Merck & Co., Inc., Rahway, NJ, USA (United States); Janssen (Belgium); MSD K.K. (Japan); Memorial Sloan Kettering Cancer Center; AstraZeneca (United States); Kaiser Permanente; Sanford Medical Center; University of Washington Medical Center; Roche (Switzerland); Providence Portland Medical Center; Ipsen (France); Cancer Research for the Ozarks; Virginia Mason Medical Center; Boehringer Ingelheim (Germany); AstraZeneca (Spain); Pierre Fabre (Germany); Pfizer (United Kingdom); University of Washington; Palmetto Hematology Oncology; Bristol-Myers Squibb (Germany); Roche (United Kingdom); Novant Health; Bayer (United States)",0000-0001-5795-3361,,
https://openalex.org/A5100437902,Xiaowen Liu,https://openalex.org/I205783295,Cornell University,2000,2008,https://openalex.org/I205783295,2000,2008,"Fudan University; Peking University; Qinghai University; Hainan Normal University; Tulane University; Academy of Mathematics and Systems Science; Qingdao Women and Children's Hospital; China People's Public Security University; Shandong Provincial Hospital; Yangzhou University; Shandong Normal University; Hunan Provincial Center for Disease Control and Prevention; Beihua University; Tsinghua University; Henan University; Qingdao University; Ministry of Agriculture and Rural Affairs; South China University of Technology; Second Military Medical University; Changsha University of Science and Technology; Chinese Academy of Sciences; Northeastern University; National Institute of Biological Sciences, Beijing; Jilin Agricultural University; Shanghai University; Hunan Normal University; State Forestry and Grassland Administration; Collaborative Innovation Center of Chemistry for Energy Materials; Changsha Hospital for Maternal and Child Health Care; Shandong First Medical University; Beth Israel Deaconess Medical Center; State Key Laboratory of Synthetical Automation for Process Industries; Fuyang City People's Hospital","Hadassah Medical Center; Shenyang Pharmaceutical University; Urumqi General Hospital of PLA; Xi'an University of Technology; Hunan University; Zhongnan University of Economics and Law; Southern Medical University; Weihai Municipal Hospital; Zhejiang University of Finance and Economics; Shaoyang University; South China Institute Of Environmental Sciences; The University of Texas MD Anderson Cancer Center; Tangshan College; Universidade Federal do ABC; Fudan University Shanghai Cancer Center; Lanzhou University; Central South University; State Key Laboratory of Oral Diseases; University of Bern; Gansu Provincial Maternal and Child Health Hospital; Lanzhou University Second Hospital; Indiana University School of Medicine; Beijing Normal University; Ludwig-Maximilians-Universität München; University of Connecticut; Harbin Institute of Technology; Air Force Engineering University; Chongqing University of Arts and Sciences; National University of Mongolia; China Agricultural University; Liaocheng University; City University of Hong Kong; Tongji Hospital; State Key Laboratory of Food Science and Technology; University of Indianapolis; Hunan University of Science and Engineering; Zhongshan Hospital; Tianjin Normal University; Cornell University; Bioinformatics Solutions (Canada); Ministry of Natural Resources; Inner Mongolia University; Western University; Shandong Agricultural University; King University; People's Hospital of Xinjiang Uygur Autonomous Region; Shandong University; Chengdu University of Information Technology; Dali University; Jinan University; Northeast Petroleum University; Zhongshan Ophthalmic Center, Sun Yat-sen University; Gansu Provincial Hospital; Jiangsu Provincial Center for Disease Control and Prevention; Tianjin University; Dalian Medical University; University of Wisconsin–Madison; Yueyang Hospital; National Health and Family Planning Commission; Boston Children's Hospital; China University of Mining and Technology; Bank of China; Zhengzhou University; Xiangya Hospital Central South University; University of Waterloo; Sun Yat-sen University; Radiation Oncology Associates; Jiangnan University; South China Institute of Collaborative Innovation; Indiana University – Purdue University Indianapolis; Ministry of Ecology and Environment; Chongqing University; Wenshan University; Sinopec (China); Indiana University; Shanghai University of Traditional Chinese Medicine; Harvard University; University of Padua; Kunming Children's Hospital; Zhejiang University; Nanchang University; China Electronics Technology Group Corporation; The First Affiliated Hospital, Sun Yat-sen University; People’s Hospital of Wenshan Prefecture; University of California, San Diego; Shanghai Medical College of Fudan University; Sichuan University; Institute of Process Engineering; Wuhan Children's Hospital; Huazhong University of Science and Technology; Zhengzhou Children's Hospital; China Three Gorges University; Tongji University; Center for NanoScience; Yichang Central People's Hospital; Sichuan Normal University; University of Tennessee at Knoxville; Michigan State University; Howard Hughes Medical Institute; China Aerodynamics Research and Development Center; University of Chinese Academy of Sciences; Dana-Farber Cancer Institute; Kyushu University; Nantong University",0000-0003-4139-1127,,
https://openalex.org/A5112767848,HERBERT CONWAY,https://openalex.org/I205783295,Cornell University,1955,1970,https://openalex.org/I205783295,1955,1970,University of Glasgow,University Medical Center; University of Utah; American Society of Plastic Surgeons; Columbia University; University Hospital and Clinics; Kings County Hospital Center; National Institutes of Health; Jackson Laboratory; Oregon Medical Research Center; Bellevue Hospital Center; NewYork–Presbyterian Hospital; SUNY Downstate Health Sciences University; Cornell University; Royal College of Physicians; Winston-Salem/Forsyth County Schools; United States Department of Veterans Affairs; Indiana University; Columbia College; Western Infirmary; Temple Street Children's University Hospital; McGill University; Rotunda Hospital; United States Public Health Service; The King's College,,,
https://openalex.org/A5072470056,Emanuel Moss,https://openalex.org/I205783295,Cornell University,2022,2022,https://openalex.org/I205783295,2022,2022,,"Digital Science (United States); City University of New York; Data & Society Research Institute; Cornell University; The Graduate Center, CUNY; Intel (United States)",0000-0002-3850-2677,,
https://openalex.org/A5032374450,David Knaack,https://openalex.org/I205783295,Cornell University,1987,1987,https://openalex.org/I205783295,1987,1987,Providence College,Boston University; Harvard University; Howard Hughes Medical Institute; Cornell University,,,
https://openalex.org/A5108386611,W.H. Loh,https://openalex.org/I205783295,Cornell University,1990,1991,https://openalex.org/I205783295,1990,1991,Hong Kong Polytechnic University,University of Southampton; Cornell University; Intel (United States); JDSU (United States); Technology Dynamics (United States),,,
https://openalex.org/A5111954190,Nael Martini,https://openalex.org/I205783295,Cornell University,1995,1995,https://openalex.org/I205783295,1995,1995,Memorial Sloan Kettering Cancer Center,Cornell University,,,
https://openalex.org/A5017906990,Baria Hafeez,https://openalex.org/I205783295,Cornell University,2015,2018,https://openalex.org/I205783295,2015,2018,,Cornell University; Weill Cornell Medicine; Presbyterian Hospital; Case Western Reserve University; NewYork–Presbyterian Hospital; New York Hospital Queens,0000-0001-6594-9733,,
https://openalex.org/A5037649701,David P. LaLonde,https://openalex.org/I205783295,Cornell University,2009,2012,https://openalex.org/I205783295,2009,2012,Cornell University,SUNY Upstate Medical University,,,
https://openalex.org/A5001314462,Steven Weitman,https://openalex.org/I205783295,Cornell University,1995,1995,https://openalex.org/I205783295,1995,1995,,"Children's Cancer Center; Memorial Sloan Kettering Cancer Center; Medical College of Wisconsin; Medical University of Lodz; Diabetes & Glandular Disease Clinic; The University of Texas Southwestern Medical Center; Universität Ulm; Audie L. Murphy Memorial VA Hospital; AstraZeneca (Portugal); AST Products (United States); Children's Hospital of Los Angeles; The University of Texas Health Science Center at Houston; St. Jude Children's Research Hospital; University of California, San Diego; Johns Hopkins University; Southwestern Medical Center; Tolero Pharmaceuticals (United States); The University of Texas at San Antonio; Texas Oncology; Nerviano Medical Sciences; The University of Texas at Austin; American Society of Clinical Oncology; Seattle Cancer Care Alliance; Children's Hospital of Philadelphia; Children's Medical Center; Hesco (United States); Children's Hospital of Orange County; Cornell University; McGill University; The University of Texas Health Science Center at San Antonio; Translational Genomics Research Institute; Tel Aviv University; University Hospital Brno; Cancer Research Center",,,
https://openalex.org/A5076233566,Antonella Esposito Del Puente,https://openalex.org/I205783295,Cornell University,1997,1997,https://openalex.org/I205783295,1997,1997,,Federico II University Hospital; NewYork–Presbyterian Hospital; Cornell University,,,
https://openalex.org/A5062774997,Niranjan Nagarajan,https://openalex.org/I205783295,Cornell University,1982,2005,https://openalex.org/I205783295,1982,2005,"Agency for Science, Technology and Research; Anna University Regional Campus, Coimbatore; Genome Institute of Singapore; Velammal Medical College Hospital and Research Institute; National University of Singapore; Shiv Nadar University; University of North Texas","Cornell University; Singapore General Hospital; A*STAR Graduate Academy; Henry M. Jackson Foundation; Columbia University; Tan Tock Seng Hospital; University of Chile; National University Health System; University of Maryland, College Park; Mahidol Oxford Tropical Medicine Research Unit; University of California, San Diego; Naval Medical Research Command; University of British Columbia; University of Madras; Sciences Po Grenoble; La Jolla Institute for Immunology; Singapore College of Traditional Chinese Medicine; National Centre for Infectious Diseases; National University Hospital; Indian Institute of Science Bangalore; Nanyang Technological University; University of Oxford",0000-0003-0850-5604,,
https://openalex.org/A5104044112,Thomas Gilovich,https://openalex.org/I205783295,Cornell University,1983,2025,https://openalex.org/I205783295,1983,2025,Cornell University; Children's Hospital of Philadelphia; University of Pennsylvania,"Washington University in St. Louis; University of Colorado Denver; University of Colorado Anschutz Medical Campus; Tulane University; American Academy of Child and Adolescent Psychiatry; Stanford University; UConn Health; Ithaca College; Brigham and Women's Hospital; University of Tennessee at Knoxville; George Washington University; University of Tennessee Health Science Center; Eli Lilly (United States); Child, Adolescent and Family Mental Health",0000-0002-4452-3626,,
https://openalex.org/A5029778165,C. A. Hieber,https://openalex.org/I205783295,Cornell University,1968,2002,https://openalex.org/I205783295,1968,2002,Sibley Memorial Hospital; Cornell University,Clarkson College,,,
https://openalex.org/A5082940842,Vivian Turner,https://openalex.org/I205783295,Cornell University,2010,2010,https://openalex.org/I205783295,2010,2010,Garvan Institute of Medical Research,Griffith University; Kent State University; Memorial Sloan Kettering Cancer Center; Roslin Institute; Cornell University; University of Iowa; University of Edinburgh,0000-0002-2013-2559,,
https://openalex.org/A5011387108,W. J. Wilson,https://openalex.org/I205783295,Cornell University,1994,1999,https://openalex.org/I205783295,1994,1999,Las Positas College,"Duke Medical Center; Cornell University; Hearst (United States); National Technical Information Service; United States Department of Energy; Experimental Station; Duke University Hospital; Office of Scientific and Technical Information; New York State Department of Agriculture and Markets; University of California, Davis; Lawrence Livermore National Laboratory",,,
https://openalex.org/A5040590772,J. D. Lyons,https://openalex.org/I205783295,Cornell University,1966,1966,https://openalex.org/I205783295,1966,1966,,"IBM (United States); University of California, Riverside; University at Buffalo, State University of New York; Cornell University",,,
https://openalex.org/A5063140842,P. M. Champion,https://openalex.org/I205783295,Cornell University,1976,1984,https://openalex.org/I205783295,1976,1984,,"Northwestern University; Albert Einstein College of Medicine; Boston Biomedical Research Institute; Universidad Autónoma de Zacatecas ""Francisco García Salinas""; Montclair State University; Universidad del Noreste; New York University; Northeastern University; Institute of Spectroscopy; Commissariat à l'Énergie Atomique et aux Énergies Alternatives; Czech Academy of Sciences, Institute of Organic Chemistry and Biochemistry; Imperial College London; University of Bradford; Swinburne University of Technology; University of Michigan; CEA Paris-Saclay; Virginia Commonwealth University; Lafayette College; University of Arizona; Dana (United States); John Wiley & Sons (United Kingdom); Periyar University; Centro de Investigaciones en Optica; Harvard University; University of Sheffield; Worcester Polytechnic Institute; Cornell University; Rice University; Charles University; University of Illinois Urbana-Champaign; University of South Carolina; Johns Hopkins University; University of California, Irvine; Conservatoire National des Arts et Métiers; University of Pennsylvania; Czech Academy of Sciences, Institute of Physics; The London College; Centro de Investigación y Desarrollo en Criotecnología de Alimentos; Institut de Biologie Physico-Chimique",0000-0001-6958-2836,,
https://openalex.org/A5026098853,Jamie S. Ostroff,https://openalex.org/I205783295,Cornell University,2009,2020,https://openalex.org/I205783295,2009,2020,Icahn School of Medicine at Mount Sinai; Memorial Sloan Kettering Cancer Center,"Harvard University; University of Arizona; New York Hospital Queens; Fox Chase Cancer Center; Stanford Medicine; Children's Healthcare of Atlanta; American Lung Association; New York Proton Center; Indiana University Health; Kettering University; Cornell University; Juravinski Cancer Centre; University of Kansas Medical Center; National Cancer Institute; Parsons (United States); American University of Beirut; Emory University; John Wiley & Sons (United States); University of North Carolina at Chapel Hill; Moffitt Cancer Center; University of California, Los Angeles; The Ohio State University; American Cancer Society; City University of New York; Presbyterian Hospital; Indiana University – Purdue University Indianapolis; New York University; Go2 for Lung Cancer; McMaster University; Massachusetts General Hospital; Roswell Park Comprehensive Cancer Center; NewYork–Presbyterian Hospital; University of Pennsylvania; Medical University of South Carolina; University of California, San Diego; Institute of Behavioral Sciences; The Graduate Center, CUNY; University of Chicago; University of Florida; MUSC Hollings Cancer Center; Dana-Farber Cancer Institute; American Association For Cancer Research; Lucile Packard Children's Hospital",0000-0003-2671-5680,,
https://openalex.org/A5030389875,Savvas Savvides,https://openalex.org/I205783295,Cornell University,1996,1996,https://openalex.org/I205783295,1996,1996,,"Ministry of Agriculture, Natural Resources and Environment; Purdue University West Lafayette; Cornell University; Agrárközgazdasági Intézet; VIB-UGent Center for Inflammation Research; Agruicultural Research Institute; Ghent University",0000-0002-2971-0933,,
https://openalex.org/A5019815755,C. L. Ried,https://openalex.org/I205783295,Cornell University,2001,2001,https://openalex.org/I205783295,2001,2001,Hobart and William Smith Colleges; Cornell University; Nanjing Agricultural University,,,,
https://openalex.org/A5089453443,R. J. HASIAK,https://openalex.org/I205783295,Cornell University,1968,1972,https://openalex.org/I205783295,1968,1972,Iowa State University,Cornell University,,,
https://openalex.org/A5070474805,William S. Towne,https://openalex.org/I205783295,Cornell University,2020,2022,https://openalex.org/I205783295,2020,2022,St. Luke's University Health Network; Columbia University Irving Medical Center,Presbyterian Hospital; Cornell University; Weill Cornell Medicine; University of Chicago; Northwestern University; New York Hospital Queens; Columbia University; NewYork–Presbyterian Hospital,0000-0002-4079-682X,,
https://openalex.org/A5045160337,Christopher Wrenn,https://openalex.org/I205783295,Cornell University,1986,1986,https://openalex.org/I205783295,1986,1986,,Cornell University,,,
https://openalex.org/A5052996216,David Balser,https://openalex.org/I205783295,Cornell University,2001,2002,https://openalex.org/I205783295,2001,2002,MetroHealth; Case Western Reserve University,Minneapolis VA Health Care System; Hennepin County Medical Center; University of Minnesota Medical Center; International Collaboration On Repair Discoveries; Twin Cities Orthopedics; NYU Langone Health; University of Minnesota; MetroHealth Medical Center; Minneapolis VA Medical Center; Neurological Surgery; VA NY Harbor Healthcare System; New York University; University of British Columbia; Cornell University,0000-0002-4356-9307,,
https://openalex.org/A5015942237,Xieyue Xiao,https://openalex.org/I205783295,Cornell University,2022,2022,https://openalex.org/I205783295,2022,2022,Cornell University,,,,
https://openalex.org/A5051220005,Jin Okazaki,https://openalex.org/I205783295,Cornell University,2000,2003,https://openalex.org/I205783295,2000,2003,Kokura Memorial Hospital,Kyushu University; Hiroshima Red Cross Hospital & Atomic-bomb Survivors Hospital; Otsuka (Japan); Memorial Hospital of South Bend; Cornell University; Showa University; Saiseikai Fukuoka General Hospital,0000-0003-4009-0197,,
https://openalex.org/A5105771268,Michael P. Osborne,https://openalex.org/I205783295,Cornell University,1983,2008,https://openalex.org/I205783295,1983,2008,,Mayo Clinic in Florida; Imperial College London; Los Alamos National Laboratory; University of East Anglia; Charing Cross Hospital; University of Glasgow; World Resources Institute; Jacksonville College; Royal Marsden Hospital; Rockefeller University; Presbyterian Hospital; St. James's Hospital; Mount Sinai Beth Israel; Strang Cancer Prevention Institute; Memorial Sloan Kettering Cancer Center; University of Birmingham; University of London; New York Hospital Queens; Lenox Hill Hospital; Cornell University; Royal Brompton Hospital; NewYork–Presbyterian Hospital; Royal Marsden NHS Foundation Trust; University of Sussex,0000-0002-8298-3252,,
https://openalex.org/A5111406879,David C. Ward,https://openalex.org/I205783295,Cornell University,1993,1993,https://openalex.org/I205783295,1993,1993,,University of Cincinnati Medical Center; University of Toronto; Universidade de São Paulo; Yale University; Cornell University,,,
https://openalex.org/A5007404408,Glenn Withiam,https://openalex.org/I205783295,Cornell University,1996,2009,https://openalex.org/I205783295,1996,2009,,Cecil College; Cornell University; Georgia State University,,,
https://openalex.org/A5076810702,Evelyn Taiwo,https://openalex.org/I205783295,Cornell University,2021,2025,https://openalex.org/I205783295,2021,2025,NewYork–Presbyterian Brooklyn Methodist Hospital; Weill Cornell Medicine; Cornell University,Kings County Hospital Center; SUNY Downstate Health Sciences University; Boston University; The University of Texas MD Anderson Cancer Center; New York City Health and Hospitals Corporation; Summit Medical Group (United States); State University of New York; NewYork–Presbyterian Hospital; The University of Texas Southwestern Medical Center; The King's College; New York Hospital Queens; St. George's University,0000-0003-4829-4231,,
https://openalex.org/A5042314072,Anuj Kumar Sharma,https://openalex.org/I205783295,Cornell University,2010,2010,https://openalex.org/I205783295,2010,2010,Princeton University,"University of Maryland, College Park; Dr. A.P.J. Abdul Kalam Technical University; Public Works Department Buildings and Roads; Bastar University; University of Louisiana at Lafayette; Quantum Group (United States); Centre of Advanced Studies; Cornell University; Virginia Commonwealth University; Indian Institute of Technology Roorkee; Jawaharlal Nehru University",0000-0001-5061-9731,,
https://openalex.org/A5101621720,A Yen,https://openalex.org/I205783295,Cornell University,1990,1997,https://openalex.org/I205783295,1990,1997,"Institute of Biomedical Sciences, Academia Sinica",Academia Sinica; Beth Israel Deaconess Medical Center; National Taiwan University Hospital; Roger Williams Medical Center; Cornell University; National Tsing Hua University; Memorial Sloan Kettering Cancer Center,0000-0001-9469-360X,,
https://openalex.org/A5003985174,Zachery K. Menn,https://openalex.org/I205783295,Cornell University,2018,2018,https://openalex.org/I205783295,2018,2018,Cornell University; Weill Cornell Medicine; Methodist Hospital,,,,
https://openalex.org/A5075327410,Jane S. Miller,https://openalex.org/I205783295,Cornell University,1977,1977,https://openalex.org/I205783295,1977,1977,,Cornell University; Texas A&M University,,,
https://openalex.org/A5056281825,Harold G. Halcrow,https://openalex.org/I205783295,Cornell University,1976,1976,https://openalex.org/I205783295,1976,1976,,University of Illinois System; Oklahoma State University Oklahoma City; Cornell University; University of Connecticut; Pennsylvania State University; Montana State University; National Bureau of Economic Research,,,
https://openalex.org/A5036634401,M. A. Mischna,https://openalex.org/I205783295,Cornell University,1998,1998,https://openalex.org/I205783295,1998,1998,,"Pennsylvania State University; California Institute of Technology; University of California, Los Angeles; Université Bourgogne Franche-Comté; Jet Propulsion Laboratory; Goddard Space Flight Center; Cornell University",0000-0002-8022-5319,,
https://openalex.org/A5080118718,Linda M. Gerber,https://openalex.org/I205783295,Cornell University,1980,2025,https://openalex.org/I205783295,1980,2025,Cornell University; Weill Cornell Medicine,"NewYork–Presbyterian Hospital; ORCID; Birds Canada; University of Guelph; Hospital for Special Surgery; University of Colorado Denver; Columbia University; Cancer Research And Biostatistics; Freedom House; Icahn School of Medicine at Mount Sinai; University of Maryland, Baltimore; Columbia University Irving Medical Center; TCL (China); Children's Hospital of Philadelphia; Blythedale Children's Hospital; Klein Buendel (United States); Neurological Surgery; Medical College of Wisconsin; Jamaica Hospital; Hypertension Institute; Brain Trauma Foundation; Weill Cornell Medical College in Qatar; Visiting Nurse Service of New York; International Peace Institute; Barron Associates (United States); Tel Aviv University; Nationwide Children's Hospital; Koninklijke Nederlandse Maatschappij voor Diergeneeskunde; 22q11 Ireland; Presbyterian Hospital; Boston Children's Hospital; Academic Pediatric Association; New York Hospital Queens; College Medical Center; National Institute on Aging; Children's Hospital Colorado; Gerber Technology (United States); Stony Brook University; Albert Einstein College of Medicine; Fundación Juan March; Harvard University Press; Johns Hopkins University; Stanford University; Minneapolis VA Medical Center; GTx (United States); Cardiovascular Institute of the South; Faculty of Public Health; State University of New York",0000-0003-0081-3338,,
https://openalex.org/A5014591063,P. T. Landre,https://openalex.org/I205783295,Cornell University,1992,1992,https://openalex.org/I205783295,1992,1992,,Cornell University,,,
https://openalex.org/A5082396075,Allison D. Binley,https://openalex.org/I205783295,Cornell University,2025,2025,https://openalex.org/I205783295,2025,2025,Carleton University; Cornell University,Université Bourgogne Franche-Comté; Cornell Lab of Ornithology,0000-0001-8790-9935,,
https://openalex.org/A5081502221,Nuria Ferrándiz,https://openalex.org/I205783295,Cornell University,2016,2016,https://openalex.org/I205783295,2016,2016,Centro de Investigación del Cáncer; Consejo Superior de Investigaciones Científicas; University of Warwick; Universidad de Salamanca,Instituto de Biomedicina y Biotecnología de Cantabria; MRC London Institute of Medical Sciences; Imperial College London; Cornell University; Universidad de Cantabria; Hammersmith Hospital,0000-0002-7410-3470,,
https://openalex.org/A5050731864,William S. Blau,https://openalex.org/I205783295,Cornell University,1981,1994,https://openalex.org/I205783295,1981,1994,University of North Carolina at Chapel Hill,"North Carolina State University; University of Michigan; Pain Management Institute; Pain and Rehabilitation Medicine; University of Maryland, Baltimore; Sana Klinikum Offenbach; United States Department of Veterans Affairs; Psychological Health Associates; North Shore University Hospital; Communities In Schools of Orange County; Cornell University",,,
https://openalex.org/A5090961472,Anantharaman Nagarajan,https://openalex.org/I205783295,Cornell University,1993,1994,https://openalex.org/I205783295,1993,1994,,IBM Research - Almaden; Cornell University,,,
https://openalex.org/A5078384124,G.S. Hobson,https://openalex.org/I205783295,Cornell University,1972,1972,https://openalex.org/I205783295,1972,1972,Meta Vision Systems (United Kingdom),University of Sheffield; Cornell University; Electronics and Radar Development Establishment,,,
https://openalex.org/A5039811745,Michael R. Page,https://openalex.org/I205783295,Cornell University,2017,2017,https://openalex.org/I205783295,2017,2017,United States Air Force Research Laboratory; Wright-Patterson Air Force Base,Cornell University; The Ohio State University; Indian Institute of Technology Madras; Western Digital (United States); Hitachi Global Storage Technologies (United States); Duke University; Iowa Digestive Disease Center,0000-0001-6257-2109,,
https://openalex.org/A5110184967,Sang-Oh Yoon,https://openalex.org/I205783295,Cornell University,2025,2025,https://openalex.org/I205783295,2025,2025,Weill Cornell Medicine; Cornell University,Harvard University; University of Cincinnati Medical Center,,,
https://openalex.org/A5077399374,Sailesh Palikhe,https://openalex.org/I205783295,Cornell University,2025,2025,https://openalex.org/I205783295,2025,2025,University of Kansas Medical Center; University of Toyama; Weill Cornell Medicine; MIND Research Institute; Cornell University,Cardiovascular Institute Hospital; Ajou University,0000-0003-2511-9043,,
https://openalex.org/A5022343711,Olivia Vergnolle,https://openalex.org/I205783295,Cornell University,2025,2025,https://openalex.org/I205783295,2025,2025,Albert Einstein College of Medicine; Cornell University; Tri-Institutional Therapeutics Discovery Institute,City University of New York; University of Cambridge; Brooklyn College; Karolinska Institutet,,,
https://openalex.org/A5051325070,Bonnie Shubart Wood,https://openalex.org/I205783295,Cornell University,1973,1975,https://openalex.org/I205783295,1973,1975,Cornell University,,,,
https://openalex.org/A5009368756,Kerlly J. Bernabé,https://openalex.org/I205783295,Cornell University,2015,2017,https://openalex.org/I205783295,2015,2017,Tulane University,Center for Children; Presbyterian Hospital; New York Proton Center; NewYork–Presbyterian Hospital; New York Hospital Queens; Weill Cornell Medicine; Médecins Sans Frontières; Cornell University,0009-0009-6028-5400,,
https://openalex.org/A5103055135,Ayako Hashimoto,https://openalex.org/I205783295,Cornell University,2015,2020,https://openalex.org/I205783295,2015,2020,University of Tsukuba; National Institute for Materials Science; The University of Tokyo,Aichi Cancer Center; National Sagamihara Hospital; Tokyo Institute of Technology; Institute of Metallurgy; Chiba University; Cornell University; Meijo University; Kanagawa Academy of Science and Technology; National Institute of Advanced Industrial Science and Technology; Kootenay Association for Science & Technology; Nagoya University; The University of Osaka; Children's Cancer and Blood Foundation; Tokyo University of Agriculture; NEC (Japan); Weill Cornell Medicine; Japan Science and Technology Agency; Nagasaki University; Université Paris-Sud; Japan Society for the Promotion of Science,0000-0003-0084-0432,,
https://openalex.org/A5035488258,Michael T. Ropacki,https://openalex.org/I205783295,Cornell University,2025,2025,https://openalex.org/I205783295,2025,2025,Cornell University; Oryzon Genomics (Spain),Loma Linda University Medical Center; DePaul University; Loma Linda University; Janssen (United States),,,
https://openalex.org/A5037200808,Micheline Beaudry-Darismé,https://openalex.org/I205783295,Cornell University,1972,1972,https://openalex.org/I205783295,1972,1972,,Cornell University; Université Laval; World Health Organization Regional Office for the Americas,,,
https://openalex.org/A5008495792,Yoselin A. Paucar Iza,https://openalex.org/I205783295,Cornell University,2024,2025,https://openalex.org/I205783295,2024,2025,Weill Cornell Medicine; Cornell University; Memorial Sloan Kettering Cancer Center,New York Proton Center,,,
https://openalex.org/A5078167230,J Zach,https://openalex.org/I205783295,Cornell University,1988,1988,https://openalex.org/I205783295,1988,1988,Cornell University,,,,
https://openalex.org/A5032635330,Monica Rosèn,https://openalex.org/I205783295,Cornell University,2013,2016,https://openalex.org/I205783295,2013,2016,University of Michigan,Linköping University; Michigan United; Michigan Medicine; University of Wales; Cornell University; University of Wisconsin–Madison,0000-0002-0567-2821,,
https://openalex.org/A5027510488,Hao Zhou,https://openalex.org/I205783295,Cornell University,2019,2022,https://openalex.org/I205783295,2019,2022,Moderna Therapeutics (United States); Khalifa University of Science and Technology; Army Medical University; Jinan Central Hospital; Soochow University; Shanghai Jiao Tong University; National Institute for Communicable Disease Control and Prevention; Shandong First Medical University; University of Southern California; First Affiliated Hospital of Soochow University,University of Washington; Fujian Agriculture and Forestry University; Huazhong University of Science and Technology; Dalian University of Technology; Regeneron (United States); Jiangsu Province Hospital; Tsinghua University; Nantong University; Anhui University of Traditional Chinese Medicine; Shandong Jianzhu University; Nankai University; Nanjing University of Information Science and Technology; Rogers (United States); Qingdao Agricultural University; Tianjin University of Science and Technology; Shandong Tumor Hospital; Tianjin Medical University Cancer Institute and Hospital; Sichuan University; Sichuan Academy of Medical Sciences & Sichuan Provincial People's Hospital; National Cancer Institute; Nanfang Hospital; University of the Incarnate Word; Lanzhou Institute of Husbandry and Pharmaceutical Sciences; Jinshan Hospital of Fudan University; Southern Medical University; Fudan University; Ministry of Agriculture and Rural Affairs; Wuhan Academy of Agricultural Sciences; Chengdu University of Traditional Chinese Medicine; Tianjin Economic-Technological Development Area; New York State College of Agriculture & Life Sciences; Fujian University of Traditional Chinese Medicine; Guangxi University; Nanjing University; Cornell University; Central Hospital of Putuo District; State Key Laboratory of Oral Diseases; BioScience Laboratories (United States),0000-0001-7131-3758,,
https://openalex.org/A5081029863,Vandana Plassmann,https://openalex.org/I205783295,Cornell University,2004,2007,https://openalex.org/I205783295,2004,2007,Virginia Tech,Cornell University; Policy Analysis (United States),,,
https://openalex.org/A5079574564,John Moore,https://openalex.org/I205783295,Cornell University,1958,1959,https://openalex.org/I205783295,1958,1959,Google (United States),Cornell University; MIT Lincoln Laboratory; Massachusetts Institute of Technology; Amherst College; The University of Queensland; Human Media; Lakehead University,,,
https://openalex.org/A5009378425,Frank Jordan,https://openalex.org/I205783295,Cornell University,2010,2010,https://openalex.org/I205783295,2010,2010,"Rutgers, The State University of New Jersey","Rütgers (Germany); Russian Academy of Sciences; Newark Hospital; Harvard University Press; University of Sheffield; Northwest University; Université Paris Cité; Miami University; Cornell University; University Hospital, Newark; University of Pittsburgh; Rutgers Sexual and Reproductive Health and Rights; Milbank Memorial Fund; Friedrich-Alexander-Universität Erlangen-Nürnberg; DuPont (United States); Laboratoire de Biochimie Théorique; Technische Universität Braunschweig; AntiCancer (United States); Karolinska Institutet; University at Buffalo, State University of New York; University of Pittsburgh Medical Center; Centre National de la Recherche Scientifique; University of Michigan; Society of Thoracic Surgeons; Martin Luther University Halle-Wittenberg; Purdue University West Lafayette; Bristol-Myers Squibb (United States); Brandeis University; Laboratoire de Chimie; Langley Research Center; University of Puerto Rico at Río Piedras; Ann Arbor VA Medical Center; Institut de Biologie Physico-Chimique; University of Delaware; New York State Department of Health",0000-0003-1354-718X,,
https://openalex.org/A5035376769,Masao Chin,https://openalex.org/I205783295,Cornell University,2025,2025,https://openalex.org/I205783295,2025,2025,Cornell University,Shiga Medical Center; Tsumura Research Institute (Japan),,,
https://openalex.org/A5067182924,Thomas P. Almy,https://openalex.org/I205783295,Cornell University,1955,1968,https://openalex.org/I205783295,1955,1968,,Institute for Advanced Study; University Gastroenterology; Pratt & Whitney (United States); Memorial Sloan Kettering Cancer Center; Maine Medical Center; Century Health; Dartmouth Hospital; Memorial Hospital; American Jewish Committee; Cornell University; University of Colorado Denver; Memorial Hospital of South Bend; White River Junction VA Medical Center; Memorial; Dartmouth College; American Gastroenterological Association; Dartmouth–Hitchcock Medical Center; United States Public Health Service; NewYork–Presbyterian Hospital; Brookhaven National Laboratory; York Hospital; Kettering University; Bellevue Hospital Center; Whitney Museum of American Art,,,
https://openalex.org/A5101872110,S. Subramanian,https://openalex.org/I205783295,Cornell University,2012,2012,https://openalex.org/I205783295,2012,2012,,National Remote Sensing Centre; University of British Columbia; Indian Institute of Remote Sensing; University of Madras; Cornell University; Central Ground Water Board; Bhabha Atomic Research Centre; India Meteorological Department; Central Coastal Agricultural Research Institute; Indian Space Research Organisation; Indian Institute of Science Bangalore,0000-0001-5155-073X,,
https://openalex.org/A5035888480,Holbrook H. Stoecklein,https://openalex.org/I205783295,Cornell University,2011,2011,https://openalex.org/I205783295,2011,2011,Hospital for Special Surgery; Brown University,Cornell University; University of Tennessee Health Science Center,,,
https://openalex.org/A5091746173,Ethan A. Halm,https://openalex.org/I205783295,Cornell University,2002,2005,https://openalex.org/I205783295,2002,2005,"Rutgers Health; University of Cape Coast; Southwestern Medical Center; The University of Texas Southwestern Medical Center; Rutgers, The State University of New Jersey; Johnson University","University of California San Diego Medical Center; Cooper Institute; Massachusetts General Hospital; Icahn School of Medicine at Mount Sinai; Southwestern University; Institut Gustave Roussy; University of Washington Medical Center; Boston University; Indiana University; Indiana University School of Medicine; New York Hospital Queens; Harvard University; Saint Peter's University Hospital; Albany Medical Center Hospital; Indiana University – Purdue University Indianapolis; VA San Diego Healthcare System; Cancer Research Center; Geriatric Research Education and Clinical Center; Fred Hutch Cancer Center; Parkland Health & Hospital System; Jewish Hospital; Northwestern University; Harold C. Simmons Comprehensive Cancer Center; Baylor Medical Center at Garland; NewYork–Presbyterian Hospital; The University of Texas at Austin; Richard L. Roudebush VA Medical Center; RELX Group (Netherlands); University of California, San Diego; Englewood Hospital and Medical Center; New York University; Centre Médico Chirurgical de Tronquières; University of Michigan; New York University Langone Orthopedic Hospital; University at Albany, State University of New York; Mount Sinai Hospital; Joint Commission; Maimonides Medical Center; John Wiley & Sons (United States); Long Island Jewish Medical Center; VA North Texas Health Care System; Drexel University; University of Maryland, Baltimore; Dallas VA Medical Center; Cornell University; General Department of Preventive Medicine; Mount Sinai Medical Center",0000-0003-3042-2741,,
https://openalex.org/A5070221807,Jeffrey S. Ross,https://openalex.org/I205783295,Cornell University,1985,2007,https://openalex.org/I205783295,1985,2007,"Foundation Medicine (United States); University of California, Davis; SUNY Upstate Medical University","Harvard University; Mayo Clinic in Florida; Methodist Hospital; Berkshire Health Systems; Technical University of Munich; Cleveland Foundation; Albany Stratton VA Medical Center Albany; CEA DAM Île-de-France; Fusion Academy; University of Oxford; Durham University; University of Regensburg; Jacksonville College; Berkshire Medical Center; Rhode Island Hospital; Texas Oncology; Georgetown University; Dartmouth College; Southern California University for Professional Studies; Sylvester Comprehensive Cancer Center; Charité - Universitätsmedizin Berlin; University Hospital Heidelberg; Morristown Medical Center; Rainbow Babies & Children's Hospital; University Hospital of Lausanne; St. Joseph's Hospital and Medical Center; State University of New York; AdventHealth Orlando; Mayo Clinic; May Institute; General Atomics (United States); Bealey Community Hospital; Mayo Clinic Hospital; Case Western Reserve University; College Medical Center; Beth Israel Deaconess Medical Center; Stanford University; The University of Texas MD Anderson Cancer Center; Armed Forces Institute of Pathology; Brigham and Women's Hospital; Mayo Clinic in Arizona; Editas Medicine (United States); Mallinckrodt (United States); Rutgers Cancer Institute; Kidney Research UK; Cornell University; Epigenomics (Germany); Lawrence Livermore National Laboratory; Shriners Hospitals for Children; University of Illinois Chicago; American Cancer Society; Avera Health; McKesson (United States); Radiology Associates of Albuquerque; Neurological Surgery; Health Research and Educational Trust; Houston Methodist; Response Technologies (United States); Barrow Neurological Institute; Massachusetts General Hospital; New York University; University of Tennessee Health Science Center; University Hospitals of Cleveland; Massachusetts Institute of Technology; Hamburg Institut (Germany); Dartmouth–Hitchcock Medical Center; Spectra Research (United States); University School; Weill Cornell Medicine; Boston Foundation; Georgetown Lombardi Comprehensive Cancer Center; Plasma Technology (United States); SLAC National Accelerator Laboratory; WinnMed; Cancer Treatment Centers of America; Erasmus MC; Brown University; Klinikum rechts der Isar; The University of Osaka; Open Book Publishers; University of Southern California; Shriners Hospitals for Children - Erie; Yale University; Energetics (United States); Presbyterian Healthcare Services; University of Pennsylvania; Millennium Engineering and Integration (United States); Washington University in St. Louis; Translational Genomics Research Institute; Alexian Brothers Medical Center; Heidelberg University; Cleveland Clinic; Lawrence Livermore National Security; University of Toronto; Institute for Advanced Journalism Studies; Albany Medical Center Hospital; Ventana Research Corporation (United States); University of Massachusetts Chan Medical School; University of Miami; University of California, San Diego; Manchester Royal Infirmary; University of Rochester; Vince Lombardi Cancer Clinic; Fusion (United States); University of Edinburgh; Rush University Medical Center; Rutgers, The State University of New Jersey; St. Joseph's Hospital; NYU Langone Health; Los Alamos National Laboratory; University of Utah; Sandia National Laboratories; Universität Hamburg; University of Calgary; Columbia University; Active Medicine (United Kingdom); University Hospital Carl Gustav Carus; Harvard University Press",0000-0001-5865-6828,,
https://openalex.org/A5058128370,Jonathan M. Meinhardt,https://openalex.org/I205783295,Cornell University,2021,2023,https://openalex.org/I205783295,2021,2023,Princeton University,Cornell University; Ithaca College,0000-0001-6880-5938,,
https://openalex.org/A5100665672,Tao Xu,https://openalex.org/I205783295,Cornell University,2016,2016,https://openalex.org/I205783295,2016,2016,First People’s Hospital of Zunyi; Sichuan Cancer Hospital; Chinese Academy of Medical Sciences & Peking Union Medical College; Shanghai Changzheng Hospital; Zunyi Medical University; Anhui Medical University; Beijing Hospital,"Xinjiang Medical University; Southwest Medical University; First Affiliated Hospital of Xinjiang Medical University; Guangzhou Women and Children Medical Center; First Affiliated Hospital of Jiamusi University; Rutgers, The State University of New Jersey; New York Hospital Queens; Southeast University; Nankai University; Ministry of Education of the People's Republic of China; Xuzhou Medical College; Ningbo Dahongying University; Changhai Hospital; Baylor College of Medicine; Rutgers New Jersey Medical School; University of Oxford; Leshan Normal University; Jinzhou Kangning Hospital; Jiangsu Province Hospital; Tsinghua University; Cornell University; Educational Department of Liaoning Province; Tsinghua–Berkeley Shenzhen Institute; Xi'an Honghui Hospital; Xinjiang Institute of Engineering; Fudan University; State Key Laboratory of Genetic Engineering; Huazhong University of Science and Technology; Bohai University; Guangzhou Medical University; Fujian Medical University; Herat University; Heilongjiang International University; State Planning Organization; First Affiliated Hospital of Anhui Medical University; University of Pisa; Peking University; Zero to Three; Azienda Ospedaliera Universitaria Pisana; The University of Texas MD Anderson Cancer Center; Nanjing Chest Hospital; Neurological Surgery; Union Hospital; Australian Cancer Research Foundation; Sichuan Provincial Hospital of Traditional Chinese Medicine; Chengdu Military General Hospital; Australian National University; Nanjing Medical University; Kunming General Hospital of Chengdu Military Command; NewYork–Presbyterian Hospital; Chengdu University of Traditional Chinese Medicine; Harbin University of Commerce; Jiamusi University; Second Military Medical University",0000-0003-1984-1689,,
https://openalex.org/A5052721323,Danuta Kruk,https://openalex.org/I205783295,Cornell University,2011,2011,https://openalex.org/I205783295,2011,2011,University of Warmia and Mazury in Olsztyn,"University of Computer Sciences and Economics in Olsztyn; University of Aberdeen; Swedish e-Science Research Centre; Institute of Nuclear Physics, Polish Academy of Sciences; University of New Brunswick; University of Bayreuth; AECOM (China); Tokyo Metropolitan University; Stockholm University; Cornell University; Laboratoire d’Électronique, Informatique et Image; Institute of Physics; University of Manitoba; Medical University of Silesia; Guerbet (France); Technical University of Darmstadt; Western Sydney University; Adam Mickiewicz University in Poznań; Chinese Academy of Sciences; New Mexico Institute of Mining and Technology; Jagiellonian University",0000-0003-3083-9395,,
https://openalex.org/A5041939190,Julius Ancheta,https://openalex.org/I205783295,Cornell University,2000,2000,https://openalex.org/I205783295,2000,2000,Cornell University; Burke Rehabilitation Hospital,,,,
https://openalex.org/A5070922998,Katherine L. Curtis,https://openalex.org/I205783295,Cornell University,2008,2008,https://openalex.org/I205783295,2008,2008,Cornell University,,,,
https://openalex.org/A5092687189,Fana Dealla,https://openalex.org/I205783295,Cornell University,2025,2025,https://openalex.org/I205783295,2025,2025,Cornell University; Weill Cornell Medicine,,,,
https://openalex.org/A5087197099,Zora Singh,https://openalex.org/I205783295,Cornell University,2008,2008,https://openalex.org/I205783295,2008,2008,Edith Cowan University; Université Bourgogne Franche-Comté,Louisiana State University Agricultural Center; Colorado State University; Texas A&M University; National Agri-Food Biotechnology Institute; Curtin University; Public Works Department Buildings and Roads; ChemCentre; Bridge University; Punjab Agricultural University; Murdoch University; Agricultural Research Organization; National Center for Agricultural Utilization Research; East Malling Research (United Kingdom); North Carolina State University; University of Georgia; Science Club; Fort Valley State University; Guru Gobind Singh Medical College and Hospital; Cornell University; Botanical Society of Britain and Ireland; Massey University,0000-0002-2946-172X,,
https://openalex.org/A5037117680,Donald C. Lewis,https://openalex.org/I205783295,Cornell University,1975,1975,https://openalex.org/I205783295,1975,1975,Stirling Technology (United States),Cornell University; New York State College of Veterinary Medicine,,,
https://openalex.org/A5019198912,Ricky Chachra,https://openalex.org/I205783295,Cornell University,2013,2013,https://openalex.org/I205783295,2013,2013,Cornell University,Stony Brook University,,,
https://openalex.org/A5050434941,DELBERT G. RIRIE,https://openalex.org/I205783295,Cornell University,1968,1968,https://openalex.org/I205783295,1968,1968,Cornell University; NewYork–Presbyterian Hospital,,,,
https://openalex.org/A5076637598,Kieran Koch‐Laskowski,https://openalex.org/I205783295,Cornell University,2022,2022,https://openalex.org/I205783295,2022,2022,Cornell University,University of Pennsylvania,0000-0002-3509-9843,,
https://openalex.org/A5111681812,WilliamR. Shapiro,https://openalex.org/I205783295,Cornell University,1984,1990,https://openalex.org/I205783295,1984,1990,Memorial Sloan Kettering Cancer Center; Cornell University,Letterman Army Medical Center,,,
https://openalex.org/A5009520056,M.-C. Song,https://openalex.org/I205783295,Cornell University,2003,2003,https://openalex.org/I205783295,2003,2003,,Cornell University; Kyushu University,,,
https://openalex.org/A5028365221,G.F. Hetjser,https://openalex.org/I205783295,Cornell University,1961,1961,https://openalex.org/I205783295,1961,1961,Cornell University,,,,
https://openalex.org/A5014979904,Kim M. Keery,https://openalex.org/I205783295,Cornell University,2004,2004,https://openalex.org/I205783295,2004,2004,"Cornell University; University of California, Los Angeles",University of Chicago; Northwestern University,,,
https://openalex.org/A5037634363,Stephen D. Rodgers,https://openalex.org/I205783295,Cornell University,2001,2001,https://openalex.org/I205783295,2001,2001,Washington University in St. Louis,"University of Pennsylvania; Merck & Co., Inc., Rahway, NJ, USA (United States); Harvard University; Cornell University; Massachusetts Institute of Technology; Lehigh University",,,
https://openalex.org/A5017103839,E. K. Mantus,https://openalex.org/I205783295,Cornell University,1989,1993,https://openalex.org/I205783295,1989,1993,,Cornell University,,,
https://openalex.org/A5089149619,Andrea E. Fronsman,https://openalex.org/I205783295,Cornell University,2016,2016,https://openalex.org/I205783295,2016,2016,Cornell University,New York State University College of Human Ecology,,,
https://openalex.org/A5113904052,Richard T. Smith,https://openalex.org/I205783295,Cornell University,1964,1964,https://openalex.org/I205783295,1964,1964,,Cornell University,,,
https://openalex.org/A5084377392,G. W. Wang,https://openalex.org/I205783295,Cornell University,1989,1989,https://openalex.org/I205783295,1989,1989,Cornell University; Microelectronics Research Development (United States),,,,
https://openalex.org/A5113860695,Lei Li,https://openalex.org/I205783295,Cornell University,2009,2009,https://openalex.org/I205783295,2009,2009,Institute of Coal Chemistry; Hong Kong Polytechnic University; Suzhou University of Science and Technology; University of Science and Technology of China; University of Chinese Academy of Sciences; Technical Institute of Physics and Chemistry; Institute of Zoology; Tsinghua University; Suzhou Institute of Biomedical Engineering and Technology; North China Institute of Science and Technology; Chinese Academy of Sciences; Institute of Process Engineering; China Medical University; Wuhan University; Hebei University of Technology; Institute of Tibetan Plateau Research,"Institute for Materials Research, Tohoku University; Guangzhou Institutes of Biomedicine and Health; Dalian Medical University; Shanghai Institute of Microsystem and Information Technology; Karlsruhe Institute of Technology; National Space Science Center; Huazhong University of Science and Technology; Indiana University School of Medicine; Guangzhou Medical University; Institute of Semiconductors; University of California, Davis; Xi'an Jiaotong University; University of Shanghai for Science and Technology; Qilu Hospital of Shandong University; Optica; Tiangong University; Donghua University; Chemical Synthesis Lab; Institute of High Energy Physics; State Key Laboratory of Metastable Materials Science and Technology; The Ohio State University; Western University; Shanghai Institute of Ceramics; Harbin Medical University; Institute of Plasma Physics; Tianjin Medical University; Tohoku University; State Key Laboratory of Oral Diseases; Xiamen University; China University of Petroleum, East China; Southeast University; Jiaxing University; Beijing University of Chemical Technology; Washington State University; University of California, San Francisco; First Affiliated Hospital of Bengbu Medical College; Shanghai Jiao Tong University; University of California, Berkeley; Washington University in St. Louis; Xinjiang Production and Construction Corps; Fourth Hospital of Hebei Medical University; Kunming Institute of Botany; Affiliated Hospital of Southwest Medical University; Beijing Tongren Hospital; Harvard University; Chinese Academy of Medical Sciences & Peking Union Medical College; Cornell University; Capital Medical University; Sichuan University; Yanshan University; Qihe People's Hospital; Second Affiliated Hospital of Harbin Medical University; Institute of Microelectronics; First People's Hospital of Yunnan Province; Hebei Medical University; Harbin Normal University; Shriners Hospitals for Children - Boston; Beijing Radiation Center; University Gastroenterology; State Key Laboratory on Integrated Optoelectronics; Union Hospital; Soochow University; Jiangnan University; Fudan University; Massachusetts General Hospital; Shihezi University; State Key Laboratory of Transducer Technology; University Town of Shenzhen; Shandong University; Peking University; University of California, Irvine; Advanced Institute of Materials Science; Shanghai Ninth People's Hospital",0000-0002-6055-9119,,
https://openalex.org/A5068718131,Anders M. Lindroth,https://openalex.org/I205783295,Cornell University,2005,2008,https://openalex.org/I205783295,2005,2008,Cheongju University; National Cancer Center,"Swedish University of Agricultural Sciences; Heidelberg University; University of California, Los Angeles; New York State College of Agriculture & Life Sciences; Epigenomics (Germany); German Cancer Research Center; Cornell University",0000-0002-8291-2745,,
https://openalex.org/A5034999767,Mark Schroeder,https://openalex.org/I205783295,Cornell University,1982,1982,https://openalex.org/I205783295,1982,1982,University of Southern California,"Rockefeller University; Genomics (United Kingdom); Helmholtz-Zentrum Hereon; Stanford University; University of Iowa; Southern California University for Professional Studies; University of Pittsburgh; Rice University; Cornell University; Northwestern University; John Wiley & Sons (United States); Lumir Research Institute (United States); Kaiser Permanente; University of Maryland, College Park; Technische Universität Dresden; Howard Hughes Medical Institute; Princeton University; North Dakota State University; New York University",0000-0002-1360-9021,,
https://openalex.org/A5026449286,Ed Stover,https://openalex.org/I205783295,Cornell University,1999,2003,https://openalex.org/I205783295,1999,2003,U.S. Horticultural Research Laboratory,"United States Army Medical Research Institute of Infectious Diseases; Florida Department of Citrus; New York State Department of Agriculture and Markets; Lake County; Horticultural Research Institute; University of California, Davis; Plant (United States); Tuskegee University; Western Sydney University; Florida Department of Agriculture and Consumer Services; Indian River State College; Michigan State University; Cornell Cooperative Extension Association of Jefferson County; Arkansas Agricultural Experiment Station; Nutrition Sciences (Belgium); Agricultural Research Service; National Clonal Germplasm Repository; National Clonal Germplasm Repository for Citrus; Texas A&M University; University of Florida; Novozymes (United States); University of California, Riverside; University of Wisconsin–Madison; Dana-Farber Cancer Institute; United States Department of Agriculture; Highland Community College - Illinois; University of Puerto Rico-Mayaguez; Appalachian Fruit Research Laboratory; Cornell University",0000-0002-8979-0955,,
https://openalex.org/A5007459239,Poetter Karl,https://openalex.org/I205783295,Cornell University,1999,1999,https://openalex.org/I205783295,1999,1999,Agriculture Victoria Services (Australia),Kyushu University; Cornell University; Massachusetts General Hospital,,,
https://openalex.org/A5066375463,Jae W. Song,https://openalex.org/I205783295,Cornell University,2023,2023,https://openalex.org/I205783295,2023,2023,Asan Medical Center; University of Pennsylvania; Ulsan College; University of Ulsan; Hospital of the University of Pennsylvania,Medical University of Vienna; Yale University; Harvard University; California University of Pennsylvania; University Health System; Drexel University; Seoul National University; Boston Children's Museum; Boston Children's Hospital; New York University; Ann Arbor Center for Independent Living; Philadelphia University; Yale New Haven Hospital; University of Michigan; Cornell University; University of Pennsylvania Health System; Massachusetts General Hospital; Michigan Medicine,0000-0002-3127-6427,,
https://openalex.org/A5040072751,Anastasia K. Yocum,https://openalex.org/I205783295,Cornell University,2011,2011,https://openalex.org/I205783295,2011,2011,University of Michigan,University of Pennsylvania; Michigan Cancer Research Consortium; Beth Israel Deaconess Medical Center; Shanghai Mental Health Center; Harvard University; Michigan Medicine; Capital Medical University; Cornell University; Oslo University Hospital; Milken Institute; McMaster University; University of Oslo; Michigan Center for Translational Pathology; Janssen (United States); Memorial Sloan Kettering Cancer Center; Children's Hospital of Philadelphia; Institute for Systems Biology; Shanghai Jiao Tong University; Michigan United; Beijing Anding Hospital; Howard Hughes Medical Institute; Brigham and Women's Hospital; University of Zurich,0000-0002-1592-0825,,
https://openalex.org/A5007699357,Sanjib Moulick,https://openalex.org/I205783295,Cornell University,1972,1972,https://openalex.org/I205783295,1972,1972,,Vidyasagar University; Cornell University; National Dairy Research Institute; Indian Institute of Technology Indore; Indian Institute of Technology Kharagpur; Hannah Research Foundation; KIIT University,0000-0001-7192-3433,,
https://openalex.org/A5056352168,Julia K. Goodrich,https://openalex.org/I205783295,Cornell University,2012,2017,https://openalex.org/I205783295,2012,2017,The University of Queensland; Broad Institute; Massachusetts General Hospital,Boston Children's Hospital; Brigham and Women's Hospital; Max Planck Institute for Developmental Biology; Massachusetts Institute of Technology; Broad Center; Harvard University; Cornell University; University of Colorado Boulder,0000-0003-0480-1924,,
https://openalex.org/A5093024132,Nadia Bayou,https://openalex.org/I205783295,Cornell University,2023,2025,https://openalex.org/I205783295,2023,2025,Cornell University; Tunis El Manar University; Tunis University; Faculté de médecine de Tunis,Weill Cornell Medicine,,,
https://openalex.org/A5027139401,Hannah Cooley,https://openalex.org/I205783295,Cornell University,1987,1987,https://openalex.org/I205783295,1987,1987,,Cornell University,,,
https://openalex.org/A5117231985,Marissa Micheal,https://openalex.org/I205783295,Cornell University,2025,2025,https://openalex.org/I205783295,2025,2025,Cornell University; Weill Cornell Medicine,,,,
https://openalex.org/A5017114236,NEIL K. ALLEN,https://openalex.org/I205783295,Cornell University,1980,1980,https://openalex.org/I205783295,1980,1980,,Ollscoil na Gaillimhe – University of Galway; Columbus Zoo and Aquarium; University of Minnesota; University of Illinois Urbana-Champaign; Urbana University; Ipswich Hospital; Cornell University,,,
https://openalex.org/A5010574700,Joseph P. Cusumano,https://openalex.org/I205783295,Cornell University,1987,1987,https://openalex.org/I205783295,1987,1987,Pennsylvania State University,Cornell University; University of Rhode Island,0000-0001-5451-6721,,
https://openalex.org/A5112151291,Shirley Samuels,https://openalex.org/I205783295,Cornell University,2000,2000,https://openalex.org/I205783295,2000,2000,Sheffield Health and Social Care NHS Foundation Trust,"University of Utah; Rutgers, The State University of New Jersey; Queen's University; University of Guelph; White Plains Hospital; Social Sciences and Humanities Research Council; University of Rochester; Mount Sinai Medical Center; Cornell University; University of Chicago; University of Illinois Chicago; Yale University; Hamilton College",,,
https://openalex.org/A5003151750,O. Belina,https://openalex.org/I205783295,Cornell University,2002,2002,https://openalex.org/I205783295,2002,2002,Cornell University,,,,
https://openalex.org/A5108732731,C. Mansfield,https://openalex.org/I205783295,Cornell University,2001,2001,https://openalex.org/I205783295,2001,2001,Westminster University,Cornell University,,,
https://openalex.org/A5052048627,Noopur Raje,https://openalex.org/I205783295,Cornell University,2018,2018,https://openalex.org/I205783295,2018,2018,Harvard University; Massachusetts General Hospital; Mass General Brigham; Boston University,"University of Hawaii Cancer Center; Royal Marsden NHS Foundation Trust; Dana-Farber/Harvard Cancer Center; Multiple Myeloma Research Foundation; St. Jude Children's Research Hospital; Jewish Hospital; Icahn School of Medicine at Mount Sinai; Fukuoka University; University of Alabama at Birmingham; Royal Marsden Hospital; Centre Hospitalier Universitaire de Nantes; Harvard University Press; Centre Hospitalier Départemental Vendée; Vrije Universiteit Amsterdam; University of California, San Francisco; Memorial Sloan Kettering Cancer Center; Institute of Cancer Research; Millennium Engineering and Integration (United States); Dulbecco Telethon Institute; Cancer Institute (WIA); Emory University; Shanghai Institutes for Biological Sciences; National and Kapodistrian University of Athens; The University of Texas MD Anderson Cancer Center; Centre Léon Bérard; Martin University; Duke Cancer Institute; Minnesota Oncology; Chinese Academy of Sciences; Dana-Farber Cancer Institute; Beth Israel Deaconess Medical Center; University of Virginia Health System; Amgen (United States); Bristol-Myers Squibb (Germany); VA Boston Healthcare System; Framingham State University; Brigham and Women's Hospital; Bayer (United States); University of Alberta; Pharmacyclics (United States); Tata Memorial Hospital; Sapporo Medical University; Universität Hamburg; Mayo Clinic in Florida; Alta Bates Summit Medical Center; Cornell University; Roche (France); University of Leeds; Bristol-Myers Squibb (Switzerland); Mount Sinai Medical Center; Pfizer (United States); Inserm; Duke Medical Center; Moffitt Cancer Center; University of Utah; ABB (Switzerland); Mater Misericordiae University Hospital; Heidelberg University; University Medical Center Hamburg-Eppendorf; Centro de Investigación del Cáncer; Cancer Research Center; John Wiley & Sons (United States); VA Pittsburgh Healthcare System; University of Pittsburgh; Universidad de Navarra; AstraZeneca (Canada); Cyclacel Pharmaceuticals (United Kingdom); Aristotle University of Thessaloniki; Fred Hutch Cancer Center; Huntsman Cancer Institute; Carolinas Healthcare System; Seattle Cancer Care Alliance; Roswell Park Comprehensive Cancer Center; Universidad de Salamanca; Takeda (Japan); Rambam Health Care Campus; Sorbonne Université; European School of Oncology; City of Hope; University of Wisconsin Carbone Cancer Center; Singapore General Hospital; Jikei University School of Medicine; Cape Town HVTN Immunology Laboratory / Hutchinson Centre Research Institute of South Africa; Barnes-Jewish Hospital; Demos; Dublin City University; Instituto de Investigación Biomédica de Salamanca; University Hospital Heidelberg; Novartis (Switzerland); American Society of Clinical Oncology; Indiana University Bloomington; Mayo Clinic in Arizona",0000-0003-3066-1275,,
https://openalex.org/A5055615806,Xiuzhong Shen,https://openalex.org/I205783295,Cornell University,2000,2002,https://openalex.org/I205783295,2000,2002,Wuhan Institute of Technology; Wuhan Engineering Science & Technology Institute; Kyoto University,Shanghai Jiao Tong University; Yazaki (United States); Heriot-Watt University; Kyoto University Research Reactor Institute; Cornell University,0000-0003-2257-0269,,
https://openalex.org/A5091652788,Divija Chopra,https://openalex.org/I205783295,Cornell University,2021,2021,https://openalex.org/I205783295,2021,2021,Cornell University,NYU Langone Health; Nathan Kline Institute for Psychiatric Research; New York University,,,
https://openalex.org/A5111626214,C. L. Guard,https://openalex.org/I205783295,Cornell University,1984,2016,https://openalex.org/I205783295,1984,2016,Cornell University,New York State College of Veterinary Medicine,,,
https://openalex.org/A5045568063,THOMAS A. SMILARI,https://openalex.org/I205783295,Cornell University,1995,1995,https://openalex.org/I205783295,1995,1995,Cornell University; North Shore University Hospital,,,,
https://openalex.org/A5101455606,Jonathan Kim,https://openalex.org/I205783295,Cornell University,2017,2017,https://openalex.org/I205783295,2017,2017,University of Ulsan; Asan Medical Center; Boston University; Harvard University; Massachusetts General Hospital; Ulsan College; Columbia University,Australian Centre for HIV and Hepatitis Virology Research; Cornell University; Columbia University Irving Medical Center; Georgia Institute of Technology; Houston Fertility Institute; University of Michigan; Children's Hospital of Los Angeles; University of Illinois Urbana-Champaign; University of Washington; Duke University; University of Southern California; Hanyang University; Emory University; The University of Texas Southwestern Medical Center; Baylor College of Medicine; University of Minnesota; Broad Institute; Illinois College; Methodist Hospital; Southern California Eye Institute,0000-0003-2594-3251,,
https://openalex.org/A5032181161,Gail E. Hafley,https://openalex.org/I205783295,Cornell University,2002,2002,https://openalex.org/I205783295,2002,2002,,"Hadassah Medical Center; SUNY Upstate Medical University; New York University; Yale University; Brown University; University of Pennsylvania Health System; Littelfuse (United States); Medical City Dallas Hospital; Missouri Baptist Medical Center; University of Virginia; Icahn School of Medicine at Mount Sinai; Beth Israel Deaconess Medical Center; University of Michigan; Duke Medical Center; Northside Hospital; Washington University in St. Louis; Cornell University; Albert Einstein College of Medicine; Cardiopulmonary Research Science and Technology Institute; NewYork–Presbyterian Hospital; Mayo Clinic in Arizona; University of Calgary; Montefiore Medical Center; Rhode Island Hospital; Clinical Research Institute; Durham University; St. Luke's Hospital; Providence College; Hôpital du Sacré-Cœur de Montréal; East Carolina University; Weatherford College; St. John Hospital & Medical Center; Duke University; Northwestern Memorial Hospital; Montreal Heart Institute; University of Maryland, Baltimore; Columbia University Irving Medical Center; University of Washington; Saint Luke's Hospital; The University of Texas Southwestern Medical Center; VIR Biotechnology (United States); Duke University Hospital",,,
https://openalex.org/A5111643172,Nancy L. Underwood,https://openalex.org/I205783295,Cornell University,1991,1991,https://openalex.org/I205783295,1991,1991,Cornell University,,,,
https://openalex.org/A5108410764,Jack W. C. Hagstrom,https://openalex.org/I205783295,Cornell University,1962,1982,https://openalex.org/I205783295,1962,1982,,University Hospitals of Cleveland; Albert Einstein College of Medicine; Rockefeller University Hospital; NewYork–Presbyterian Hospital; Harlem Hospital Center; Brookdale University Hospital and Medical Center; Columbia University; Cornell University; Case Western Reserve University; London School of Hygiene & Tropical Medicine; Yeshiva University; University of Vermont Medical Center; University of Toronto,,,
https://openalex.org/A5060639458,Ann Li,https://openalex.org/I205783295,Cornell University,2025,2025,https://openalex.org/I205783295,2025,2025,Cornell University,Loma Linda University; Shanghai Medical College of Fudan University,,,
https://openalex.org/A5108458147,J.S. Jacobson,https://openalex.org/I205783295,Cornell University,1975,1992,https://openalex.org/I205783295,1975,1992,,Ackerman Institute for the Family; Cornell University; Columbia University; Ithaca College,,,
https://openalex.org/A5113475916,Edward W. Schettino,https://openalex.org/I205783295,Cornell University,1995,2000,https://openalex.org/I205783295,1995,2000,Cornell University,New York University,,,
https://openalex.org/A5070051249,Mauro Ferrari,https://openalex.org/I205783295,Cornell University,2013,2018,https://openalex.org/I205783295,2013,2018,Azienda Ospedaliera Universitaria Pisana; University of Pisa; RUAG (Switzerland),"University of Washington; University of Illinois Chicago; Hearst (United States); Southampton General Hospital; University of California, San Francisco; Istituto Nazionale di Ricerca per gli Alimenti e la Nutrizione; Centre Hospitalier Universitaire de Poitiers; University of Brescia; Lung Institute; Columbus Center; University of Verona; The University of Texas at Austin; Medical Technologies (Czechia); Brown Foundation; University of Tennessee Health Science Center; Bristol Royal Infirmary; Cornell University; Istituto Superiore di Sanità; IRCCS Ospedale San Raffaele; University of Udine; Toronto General Hospital; The University of Texas Medical Branch at Galveston; University of Ferrara; Ospedale Cisanello; Istituto di Fisiologia Clinica; Argonne National Laboratory; National Heart Lung and Blood Institute; Brescia University; The University of Texas MD Anderson Cancer Center; Metropolitan University; Magna Graecia University; Ospedale Santa Chiara; Istituto Ortopedico Rizzoli; George Mason University; University of Chicago; University of Bergamo; IRCCS Humanitas Research Hospital; Rice University; Houston Methodist; University of Genoa; University of Houston; Humanitas University; Polytechnic University of Turin; Methodist Hospital; National Cancer Institute; California Adaptive Rowing Program; Ospedale Policlinico San Martino; University of California System; University Health Network; Sutter Davis Hospital; University of Milan; Methodist Hospital; Universidad de Montevideo; National University of Río Cuarto; National Institutes of Health; Center for Biologics Evaluation and Research; Bambino Gesù Children's Hospital; The University of Texas Health Science Center at Houston; The Ohio State University; Frederick National Laboratory for Cancer Research; National University of Mar del Plata; Azienda Socio Sanitaria Territoriale degli Spedali Civili di Brescia; University of California, Berkeley; Ferrari (Italy); University of Pittsburgh; Graduate Theological Union; Ospedale San Giacomo Apostolo; Wayne State University; Institut National de la Recherche Agronomique du Niger; Baylor College of Medicine; Weill Cornell Medicine; Vita-Salute San Raffaele University; EcoHealth Alliance; Unité de Nutrition Humaine; Centro di Riferimento Oncologico; Washington University in St. Louis; University of Padua; University of Rome Tor Vergata",0000-0001-7042-0236,,
https://openalex.org/A5109809555,D. K. Kido,https://openalex.org/I205783295,Cornell University,1976,1978,https://openalex.org/I205783295,1976,1978,Loma Linda University Medical Center; Loma Linda University,Washington University in St. Louis; University of Rochester; Cornell University,,,
https://openalex.org/A5000858530,B. M. Rayson,https://openalex.org/I205783295,Cornell University,1985,1993,https://openalex.org/I205783295,1985,1993,Cornell University,Calvary Mater Newcastle Hospital; Albert Einstein College of Medicine; Heidelberg Repatriation Hospital; NewYork–Presbyterian Hospital; The University of Melbourne,,,
https://openalex.org/A5090827566,Anne M. Covey,https://openalex.org/I205783295,Cornell University,2001,2025,https://openalex.org/I205783295,2001,2025,Cornell University; Memorial Sloan Kettering Cancer Center,Memorial Hospital; Columbia University; Eli Lilly (United States); Taiho Pharmaceutical (Japan); Merck (Japan); Infinity Pharmaceuticals (United States); Veterans Health Administration; Lexicon Pharmaceuticals (United States); Bristol-Myers Squibb (Germany); Purdue Pharma (Canada); Eisai (Japan); Presbyterian Hospital; Exelixis (United States); Yale University; Stony Brook University Hospital; Kettering University; Novartis (Switzerland); Yale New Haven Hospital; New York University; Merck (Germany); University of Colorado Cancer Center; Indiana University – Purdue University Indianapolis; Astellas Pharma (China); University of Colorado Denver; Bayer (United States),0000-0002-1477-8468,,
https://openalex.org/A5041884518,Michelle R. Duncan,https://openalex.org/I205783295,Cornell University,1998,1998,https://openalex.org/I205783295,1998,1998,,Cornell University,,,
https://openalex.org/A5002375672,Sarah M. Weinstein,https://openalex.org/I205783295,Cornell University,2018,2020,https://openalex.org/I205783295,2018,2020,Temple University; Temple College,Cornell University; Paracelsus Medical University; Icahn School of Medicine at Mount Sinai; Hospital for Special Surgery; Center for Discrete Mathematics and Theoretical Computer Science; Penn Center for AIDS Research; Pain and Rehabilitation Medicine; University of Pennsylvania; University of Colorado Anschutz Medical Campus; Crozer-Keystone Health System; University of Colorado Denver; Georgetown University,0000-0003-3152-6286,,
https://openalex.org/A5038316847,Michelle Yu,https://openalex.org/I205783295,Cornell University,2023,2025,https://openalex.org/I205783295,2023,2025,Texas Health Dallas; University of Saskatchewan; Prince of Wales Hospital; Columbia University Irving Medical Center; Saskatchewan Cancer Agency; Chinese University of Hong Kong,University of Pittsburgh Medical Center; Stanford University; University of Washington; Nepean Hospital; Humanities Tennessee; New York Hospital Queens; Gender Studies; Royal College of Physicians; Reading Hospital; University of Hong Kong; Qilu Hospital of Shandong University; Stanford Medicine; NewYork–Presbyterian Hospital; Columbia College; Columbia University; University of Pittsburgh; Cornell University; Seattle University; University of Tennessee at Knoxville; Presbyterian Hospital,0000-0002-3131-5510,,
https://openalex.org/A5052979882,Thomas French,https://openalex.org/I205783295,Cornell University,1983,1983,https://openalex.org/I205783295,1983,1983,Louisiana Department of Wildlife and Fisheries,Ritsumeikan University; King's College London; Indiana State University; University of York; Cornell University; Massachusetts Department of Fish & Game; Shippensburg University; University of Birmingham; Library of Birmingham; Harvard University,,,
https://openalex.org/A5036783883,Xiao Jing,https://openalex.org/I205783295,Cornell University,2006,2006,https://openalex.org/I205783295,2006,2006,,Cornell University; Tangshan People's Hospital,,,
https://openalex.org/A5066888785,B. Jeppsson,https://openalex.org/I205783295,Cornell University,1967,1969,https://openalex.org/I205783295,1967,1969,,Cornell University; KTH Royal Institute of Technology; Chalmers University of Technology; Cayuga Community College,,,
https://openalex.org/A5040570752,Mai N. Nguyen‐Huynh,https://openalex.org/I205783295,Cornell University,2011,2011,https://openalex.org/I205783295,2011,2011,Kaiser Permanente Walnut Creek Medical Center; Kaiser Permanente; Université Bourgogne Franche-Comté; Colorado Permanente Medical Group,"Illinois College; CollegeAmerica; University of Toronto; Center for Translational Molecular Medicine; National Cancer Institute; University of California San Francisco Medical Center; Council of Science Editors; University of San Francisco; Fred Hutch Cancer Center; University of Minnesota Rochester; Cornell University; Kaiser Permanente Redwood City Medical Center; Academy of Emergency Medicine and Care; OSF HealthCare; Vancouver Biotech (Canada); University of Washington; Sunnybrook Health Science Centre; University of California, San Francisco; Unicorn University; Massachusetts General Hospital; Capital Medical University; Kaiser Permanente Oakland Medical Center",0000-0002-8228-0282,,
https://openalex.org/A5066049576,Brooke Pian,https://openalex.org/I205783295,Cornell University,2021,2025,https://openalex.org/I205783295,2021,2025,Ithaca College; Cornell University; Praxis (United States),,0000-0002-6457-7031,,
https://openalex.org/A5052081708,David G. Hankin,https://openalex.org/I205783295,Cornell University,1978,1978,https://openalex.org/I205783295,1978,1978,Cal Poly Humboldt,Pacific Northwest Research Station; Imperial College London; Cornell University; BMT Group (United Kingdom),,,
https://openalex.org/A5056604183,Margaret Connors,https://openalex.org/I205783295,Cornell University,1996,2002,https://openalex.org/I205783295,1996,2002,Mount Sinai Queens,Harvard University; Cornell University; Boston University,,,
https://openalex.org/A5077722336,Michael P. Marshak,https://openalex.org/I205783295,Cornell University,2005,2005,https://openalex.org/I205783295,2005,2005,University of Wyoming,University of Colorado Boulder; University of Applied Science and Technology; Energy Institute; Cornell University; Massachusetts Institute of Technology; Harvard University; University of Colorado System; University of North Texas; Harvard University Press; Physical Sciences (United States),0000-0002-8027-2705,,
https://openalex.org/A5108944237,Jaymee A. Palma,https://openalex.org/I205783295,Cornell University,2024,2024,https://openalex.org/I205783295,2024,2024,Cornell University,,,,
https://openalex.org/A5043781310,Gabrielle O Malcolm,https://openalex.org/I205783295,Cornell University,1990,1990,https://openalex.org/I205783295,1990,1990,,Michigan State University; Cornell University; Trout Unlimited,,,
https://openalex.org/A5045759301,W. R. Sears,https://openalex.org/I205783295,Cornell University,1955,1974,https://openalex.org/I205783295,1955,1974,,Applied Mathematics (United States); California Institute of Technology; Cornell University; University of Arizona; Langley Research Center; Mitre (United States),,,
https://openalex.org/A5075980565,Justine E. Vanden Heuvel,https://openalex.org/I205783295,Cornell University,2009,2025,https://openalex.org/I205783295,2009,2025,Cornell University,The Ohio State University; Agricultural Research Service; New York State College of Agriculture & Life Sciences; University of Guelph; Horticultural Research Institute; Washington State University; University of Massachusetts Amherst; New York State Department of Agriculture and Markets; University of Maine; Ithaca College; University of Massachusetts Dartmouth,0000-0003-1288-1880,,
https://openalex.org/A5111514654,Jay S. Zimmerman,https://openalex.org/I205783295,Cornell University,2001,2001,https://openalex.org/I205783295,2001,2001,Cornell University,,,,
https://openalex.org/A5034497259,Valerie Le Rouzic,https://openalex.org/I205783295,Cornell University,2014,2014,https://openalex.org/I205783295,2014,2014,Regeneron (United States); Memorial Sloan Kettering Cancer Center,Cornell University; Mental Health Association of Westchester County; Johnson University; Seton Hall University; Kettering University,,,
https://openalex.org/A5089501173,Dan Baechle,https://openalex.org/I205783295,Cornell University,2009,2009,https://openalex.org/I205783295,2009,2009,,Case Western Reserve University; Cornell University,,,
https://openalex.org/A5012363368,Andrew T. Lupo,https://openalex.org/I205783295,Cornell University,1984,1984,https://openalex.org/I205783295,1984,1984,,Cornell University,,,
https://openalex.org/A5012533253,Jayendra Sharma,https://openalex.org/I205783295,Cornell University,1997,2009,https://openalex.org/I205783295,1997,2009,,NewYork–Presbyterian Hospital; Boston Children's Hospital; Graduate School USA; Lincoln Medical Center; Ministry of Health; Maastricht University; Kings County Hospital Center; State University of New York; SUNY Downstate Health Sciences University; Children's Hospital at Montefiore; Jamaica Hospital; Cornell University; Cambridge University Press; Columbia University; Morgan Stanley Children's Hospital; University of Washington; Advocate Children's Hospital,0000-0001-6500-8546,,
https://openalex.org/A5041378159,Jules M. Goldspiel,https://openalex.org/I205783295,Cornell University,1988,2000,https://openalex.org/I205783295,1988,2000,Planetary Science Institute,Cornell University; Jet Propulsion Laboratory; Naval Research Laboratory Space Science Division; University of Hawaiʻi at Mānoa; University of Hawaii System; United States Naval Research Laboratory,,,
https://openalex.org/A5061852175,Cheyenne R. Peltier,https://openalex.org/I205783295,Cornell University,2020,2025,https://openalex.org/I205783295,2020,2025,Cornell University,Ithaca College,0000-0003-4654-2051,,
https://openalex.org/A5108194692,Ercan Akgün,https://openalex.org/I205783295,Cornell University,1997,2001,https://openalex.org/I205783295,1997,2001,Universität Hamburg; University Medical Center Hamburg-Eppendorf,Kettering University; Leibniz Institute of Virology (LIV); Cornell University,,,
https://openalex.org/A5011689017,Glenn J. Gormley,https://openalex.org/I205783295,Cornell University,1991,1991,https://openalex.org/I205783295,1991,1991,Mercy Hospital for Women,"Beth Israel Deaconess Medical Center; Rush University Medical Center; Jefferson College; Mercy Hospital and Medical Center; Mayo Clinic in Florida; Medical Research Associates; Louisville Metabolic and Atherosclerosis Research Center; Colorado Center for Bone Research; University of Oklahoma Health Sciences Center; WinnMed; Washington University in St. Louis; Daiichi Sankyo (United States); Karolinska University Hospital; University of Virginia; University of California, Los Angeles; Clinical Research Associates; University of Chicago; Clinical Research of South Florida; Intermountain Healthcare; Mayo Clinic; Temple University; National Heart Lung and Blood Institute; Dalhousie University; Christ Hospital; Johns Hopkins University; University of Utah; University of Cincinnati; University of Cincinnati Medical Center; Presbyterian St. Luke's Medical Center; Telemark Hospital; Allergy and Asthma Medical Group and Research Center; University Medical Center; Virginia Commonwealth University Medical Center; AbbVie (Ireland); Merck (Japan); Brigham and Women's Hospital; University of Michigan; Memorial Sloan Kettering Cancer Center; Medical University of South Carolina; Regionshospitalet Viborg; University of California, San Diego; Cornell University; Merck & Co., Inc., Rahway, NJ, USA (United States); United States Military Academy; Johns Hopkins Medicine",,,
https://openalex.org/A5085925993,Alana deRoche,https://openalex.org/I205783295,Cornell University,2008,2008,https://openalex.org/I205783295,2008,2008,Northwestern University,Cornell University,,,
https://openalex.org/A5007608014,Jaume Lordan,https://openalex.org/I205783295,Cornell University,2017,2018,https://openalex.org/I205783295,2017,2018,Institute of Agrifood Research and Technology,Cornell Cooperative Extension Association of Jefferson County; Cornell University Agricultural Experiment Station; New York State Department of Agriculture and Markets; Cornell University; Plant (United States),0000-0002-1599-0348,,
https://openalex.org/A5040560654,Manuela O. Ramalho,https://openalex.org/I205783295,Cornell University,2019,2022,https://openalex.org/I205783295,2019,2022,West Chester University,Cornell University; Universidade Federal do Piauí; Field Museum of Natural History; New York State College of Agriculture & Life Sciences; Universidade Estadual Paulista (Unesp),0000-0002-8144-6172,,
https://openalex.org/A5082121413,Francesco De Bernardis,https://openalex.org/I205783295,Cornell University,2015,2019,https://openalex.org/I205783295,2015,2019,"Istituto Nazionale di Fisica Nucleare, Sezione di Bari","Istituto Nazionale di Fisica Nucleare, Sezione di Roma I; UC Irvine Health; Istituto Superiore di Sanità; University of L'Aquila; Sapienza University of Rome; Cornell University; University of California, Irvine",,,
https://openalex.org/A5049029574,Michelle Naidoo,https://openalex.org/I205783295,Cornell University,2025,2025,https://openalex.org/I205783295,2025,2025,Weill Cornell Medicine; Cornell University,"University of Cape Town; Lancet Laboratories; National Health Laboratory Service; College of Staten Island; Tshwane University of Technology; National Public Health Laboratory; City University of New York; Stellenbosch University; Hunter College; Waikato Hospital; Borough of Manhattan Community College; Groote Schuur Hospital; The Graduate Center, CUNY",0000-0001-7880-8868,,
https://openalex.org/A5087861719,Alyssa P. Thompson,https://openalex.org/I205783295,Cornell University,2012,2012,https://openalex.org/I205783295,2012,2012,University of Oklahoma,Cornell University,,,
https://openalex.org/A5069165408,L.A. Stark,https://openalex.org/I205783295,Cornell University,1968,1970,https://openalex.org/I205783295,1968,1970,HRL Laboratories (United States),Massachusetts Institute of Technology; Cornell University,,,
https://openalex.org/A5088742250,Tatsiana Kosciuk,https://openalex.org/I205783295,Cornell University,2019,2020,https://openalex.org/I205783295,2019,2020,,Allen Institute; Cornell University; Koch Institute for Integrative Cancer Research At MIT; Massachusetts Institute of Technology,0000-0001-8509-973X,,
https://openalex.org/A5112772349,K. K. Wu,https://openalex.org/I205783295,Cornell University,1992,1992,https://openalex.org/I205783295,1992,1992,,Cornell University; Hawaii Agriculture Research Center,,,
https://openalex.org/A5066348272,J.P. Roozen,https://openalex.org/I205783295,Cornell University,1979,1979,https://openalex.org/I205783295,1979,1979,Wageningen University & Research,"Graduate School Experimental Plant Sciences; Agricultural Research Service; Norwich Research Park; University of California, Davis; Quadram Institute; Kaunas University of Technology; Unilever (Netherlands); University College Cork; Cornell University",,,
https://openalex.org/A5071674783,Davis X. Yao,https://openalex.org/I205783295,Cornell University,2001,2003,https://openalex.org/I205783295,2001,2003,Memorial Sloan Kettering Cancer Center,Rhode Island Hospital; Presbyterian Hospital; Cornell University; New York Hospital Queens; NewYork–Presbyterian Hospital,,,
https://openalex.org/A5015468934,Bože Sušac,https://openalex.org/I205783295,Cornell University,2013,2013,https://openalex.org/I205783295,2013,2013,Memorial Sloan Kettering Cancer Center,Cornell University; University of Warwick,0000-0003-4330-949X,,
https://openalex.org/A5055890962,Daniel Metzger,https://openalex.org/I205783295,Cornell University,2025,2025,https://openalex.org/I205783295,2025,2025,LabCorp (United States); Presbyterian Hospital; Cornell University,University of North Texas; Sanskriti Samvardhan Mandal; University of North Texas Health Science Center; Heidelberg University; DKFZ-ZMBH Alliance,,,
https://openalex.org/A5046396891,P. P. Peressini,https://openalex.org/I205783295,Cornell University,1968,1969,https://openalex.org/I205783295,1968,1969,IBM (United States),Laboratoire de physique des Solides; Cornell University,,,
https://openalex.org/A5020354560,Alan H. Matsumoto,https://openalex.org/I205783295,Cornell University,2010,2010,https://openalex.org/I205783295,2010,2010,University of Virginia Health System,"Mayo Clinic in Arizona; University of New Haven; Southern California University for Professional Studies; Northwestern University; Medical Research Foundation; University of North Carolina Health Care; Seattle University; Uniformed Services University of the Health Sciences; Society of Thoracic Surgeons; American Association of Neurological Surgeons; Society of Interventional Radiology; Georgetown University; Stanford University; University of Southern California; Mount Sinai Medical Center; Radiology Associates; University of North Carolina at Chapel Hill; Rhode Island Hospital; Palo Alto Institute; Icahn School of Medicine at Mount Sinai; University of California, Los Angeles; Georgetown University Medical Center; Society for Vascular Surgery; Duke Medical Center; University of Virginia; American Society of Neuroradiology; American College of Radiology; Cornell University; Matsumoto University; North Central College; LAC+USC Medical Center; Brown University; University of Michigan; Communities In Schools of Orange County; Memorial Hospital of South Bend; Charlottesville Medical Research; St. Rose Dominican Hospital; University of Maryland, Baltimore; Yale University; Cleveland Clinic; Beaumont Hospital, Royal Oak; Asia Society; Kaiser Permanente; Health Research Alliance; Massachusetts General Hospital; University of Virginia Medical Center; Ochsner Medical Center",0000-0001-7162-1590,,
https://openalex.org/A5060661202,Whitney E. Parker,https://openalex.org/I205783295,Cornell University,2016,2020,https://openalex.org/I205783295,2016,2020,"University of Maryland, Baltimore; Johns Hopkins University; Johns Hopkins Medicine",Memorial Sloan Kettering Cancer Center; University of Pennsylvania; NewYork–Presbyterian Hospital; Cornell University; Presbyterian Hospital; New York Hospital Queens; Neurological Surgery; Weill Cornell Medicine,,,
https://openalex.org/A5038982389,F. D. McLeod,https://openalex.org/I205783295,Cornell University,1999,1999,https://openalex.org/I205783295,1999,1999,Cornell University,,,,
https://openalex.org/A5046188913,Danwei Huangfu,https://openalex.org/I205783295,Cornell University,2002,2005,https://openalex.org/I205783295,2002,2005,Kettering University; Memorial Sloan Kettering Cancer Center,Cornell University; Harvard University; Developmental Studies Center; University of Wisconsin–Madison; New York Proton Center; Howard Hughes Medical Institute; Harvard Stem Cell Institute; Massachusetts General Hospital; Rockefeller University,0000-0002-1145-6199,,
https://openalex.org/A5109182504,ThomasD. Seeley,https://openalex.org/I205783295,Cornell University,1991,1992,https://openalex.org/I205783295,1991,1992,Cornell University,,,,
https://openalex.org/A5105670161,Daniel J. Lee,https://openalex.org/I205783295,Cornell University,2011,2014,https://openalex.org/I205783295,2011,2014,University of Pennsylvania,University of Rochester Medical Center; University of Iowa Hospitals and Clinics; Presbyterian Hospital; Cornell University; Vanderbilt University Medical Center; NewYork–Presbyterian Hospital; New York Hospital Queens; Washington University in St. Louis,0000-0002-6837-3474,,
https://openalex.org/A5017794813,Larry D. Geohring,https://openalex.org/I205783295,Cornell University,1986,2017,https://openalex.org/I205783295,1986,2017,Cornell University,Ithaca College; Cukurova University,0000-0002-7987-3538,,
https://openalex.org/A5109102482,Naziba Islam,https://openalex.org/I205783295,Cornell University,1988,2007,https://openalex.org/I205783295,1988,2007,VA NY Harbor Healthcare System; Cornell University,Veterans Health Administration; Columbia University; NewYork–Presbyterian Hospital; United States Department of Veterans Affairs; IDEX Corporation (United States); Palmetto Hematology Oncology,,,
https://openalex.org/A5027987167,Kathleen E. Halpin,https://openalex.org/I205783295,Cornell University,2011,2011,https://openalex.org/I205783295,2011,2011,Cornell University,,,,
https://openalex.org/A5055298189,Alan P. Hudson,https://openalex.org/I205783295,Cornell University,1991,1991,https://openalex.org/I205783295,1991,1991,Wayne State University; The Priory Hospital; University of Oxford,"Institut Teknologi PLN; National Institutes of Health; Hunter College; Veterans Health Administration; Johns Hopkins University; Philadelphia University; University of California, Los Angeles; Cornell University; Hahnemann University Hospital; United States Department of Veterans Affairs; Albany College of Pharmacy and Health Sciences; Johns Hopkins Hospital; Allegheny College; Los Angeles Medical Center; University of Pennsylvania; GTx (United States); City University of New York; Philadelphia VA Medical Center; Hôpital Xavier Arnozan; RMIT University; Philadelphia College of Osteopathic Medicine; University of Cambridge; Ministry of Health and Long Term Care; Johns Hopkins Medicine; Bipar; Drexel University; National Institute of Arthritis and Musculoskeletal and Skin Diseases",,,
https://openalex.org/A5050971842,Kiran K. Andra,https://openalex.org/I205783295,Cornell University,2018,2018,https://openalex.org/I205783295,2018,2018,Wichita State University,"Wichita Clinic; University at Buffalo, State University of New York; Cornell University; Buffalo State University",0000-0003-2204-0911,,
https://openalex.org/A5111866807,Robert Ellsworth,https://openalex.org/I205783295,Cornell University,1987,1988,https://openalex.org/I205783295,1987,1988,,University Medical Center; Columbia University; NewYork–Presbyterian Hospital; Cornell University; University Hospital and Clinics,,,
https://openalex.org/A5010378261,Scott T. McClure,https://openalex.org/I205783295,Cornell University,2008,2008,https://openalex.org/I205783295,2008,2008,,Johns Hopkins University; Shenandoah University; Welch Foundation; Cornell University,0000-0002-9752-3152,,
https://openalex.org/A5104068035,M. L. Febbraio,https://openalex.org/I205783295,Cornell University,2002,2002,https://openalex.org/I205783295,2002,2002,Cornell University,,,,
https://openalex.org/A5019661834,Charles Henderson,https://openalex.org/I205783295,Cornell University,1955,2025,https://openalex.org/I205783295,1955,2025,New York State University College of Human Ecology; Cornell University; North Carolina State University; Western Michigan University,"London Ambulance Service NHS Trust; UNSW Sydney; Faculty of 1000 (United States); Département Génétique Animale; Northwestern University; Kyoto University; University of Jyväskylä; The Ark; South Dakota State University; Tokyo Gakugei University; University of Colorado Boulder; Johnson C. Smith University; Kalamazoo College; Agency for Healthcare Research and Quality; Royal College of Physicians; Macalester College; Lehman College; University of Detroit Mercy; New York State College of Agriculture & Life Sciences; Twin Cities Orthopedics; Dawson College; United States Department of the Army; Ithaca College; Michigan United; Bucknell University; University of Illinois System; University of Montana; University of Maryland, College Park; SUNY Upstate Medical University; Istituto Nazionale di Fisica Nucleare, Sezione di Milano; University of Wisconsin–Madison; Abbott Fund; University of Waterloo; Weizmann Institute of Science; University of Minnesota; University of Toronto; Michigan State University; University of Rochester; University of Illinois Urbana-Champaign; Columbia University; Experimental Station; Massachusetts Institute of Technology; Technische Universität Dresden; The Ohio State University; California State University, San Marcos; University of Washington; Drexel University; Utrecht University; Johns Hopkins University; New York Proton Center; Illinois Department of Agriculture; North Dakota State University; All-Russian Scientific Research Institute of the Dairy Industry; Queen Mary University of London; University of Utah; University of Worcester; Iowa State University; Kansas State University; University of New England; Texas Tech University; University of Auckland; Harvard University; Arizona Department of Health Services; Urbana University; John Abbott College; Canadian Sleep & Circadian Network; University of Minnesota System; Kaiser Permanente; United States Department of State; University of California, Santa Barbara; University of Colorado Denver",0000-0003-0334-6739,,
https://openalex.org/A5019670033,Ming‐Guang Feng,https://openalex.org/I205783295,Cornell University,1992,1992,https://openalex.org/I205783295,1992,1992,Zhejiang University,"University of Saskatchewan; China National Rice Research Institute; University of Idaho; Institute of Microbiology; Czech Academy of Sciences, Institute of Microbiology; Cornell University; Institute of Entomology; Montana State University",0000-0002-2657-0293,,
https://openalex.org/A5060743720,Samuel Dahan,https://openalex.org/I205783295,Cornell University,2021,2025,https://openalex.org/I205783295,2021,2025,,Queen's University; Cornell University,0000-0002-1079-8998,,
https://openalex.org/A5054681600,Ruth H. Marchwicki,https://openalex.org/I205783295,Cornell University,1980,1980,https://openalex.org/I205783295,1980,1980,Walter Reed Army Institute of Research,National Zoological Park; New York State College of Veterinary Medicine; Argonne National Laboratory; Cornell University; United States Army Medical Research Institute of Infectious Diseases; Chulalongkorn University; Smithsonian Institution; Armed Forces Institute of Pathology; Armed Forces Research Institute of Medical Science; United States Army; University of North Carolina at Chapel Hill,,,
https://openalex.org/A5017902342,H. Tashiro,https://openalex.org/I205783295,Cornell University,1973,1973,https://openalex.org/I205783295,1973,1973,New York State Department of Agriculture and Markets; Cornell University,,,,
https://openalex.org/A5077594710,Ashley Grajczyk,https://openalex.org/I205783295,Cornell University,2006,2006,https://openalex.org/I205783295,2006,2006,,Cornell University,,,
https://openalex.org/A5003625876,Mace Vaughan,https://openalex.org/I205783295,Cornell University,2006,2006,https://openalex.org/I205783295,2006,2006,Xerces Society,Natural Resources Conservation Service; Cornell University,,,
https://openalex.org/A5041718797,Jamieson H. Greenwald,https://openalex.org/I205783295,Cornell University,2025,2025,https://openalex.org/I205783295,2025,2025,Cornell University; Cornell College,National Institutes of Health; National Institute of Allergy and Infectious Diseases; New York University; Laboratory of Molecular Genetics; Weill Cornell Medicine; Harvard University,,,
https://openalex.org/A5077397553,Georgios Ponirakis,https://openalex.org/I205783295,Cornell University,2020,2020,https://openalex.org/I205783295,2020,2020,Weill Cornell Medical College in Qatar,University of Alberta; Cornell University; Manchester Royal Infirmary; Juvenile Diabetes Research Foundation; National Health Service; Manchester University NHS Foundation Trust; National Institute for Health Research; Wellcome Trust; Manchester Metropolitan University; NIHR Wellcome Trust Southampton Clinical Research Facility; Hamad Medical Corporation; University of Manchester; Manchester Academic Health Science Centre,0000-0002-6936-1248,,
https://openalex.org/A5005426652,Edward M. Postlethwait,https://openalex.org/I205783295,Cornell University,1987,1987,https://openalex.org/I205783295,1987,1987,University of Alabama at Birmingham,"The University of Texas at Austin; Rogers (United States); University of California, Davis; University of Alabama; Louisiana State University; The University of Texas Medical Branch at Galveston; Environmental Protection Agency; Faculty of Public Health; University of California, Los Angeles; University of Southern California; Cornell University; The Centers; Pulmonary Associates; Research Triangle Park Foundation; Center for Environmental Health; Walter Reed Army Institute of Research; Letterman Army Medical Center",,,
https://openalex.org/A5000995761,Stéphane Badaire,https://openalex.org/I205783295,Cornell University,2008,2008,https://openalex.org/I205783295,2008,2008,Michelin (United States),Centre National de la Recherche Scientifique; Utrecht University; Paul Pascal Research Center; Université Paris-Sud; Cornell University; Université de Bordeaux,,,
https://openalex.org/A5009854050,Kris K. Saririan,https://openalex.org/I205783295,Cornell University,1993,1994,https://openalex.org/I205783295,1993,1994,Cornell University,,,,
https://openalex.org/A5088440251,F. D. Grant,https://openalex.org/I205783295,Cornell University,2004,2004,https://openalex.org/I205783295,2004,2004,Arizona State University,United States Geological Survey; Search for Extraterrestrial Intelligence; Cornell University; University of Mississippi; Draper Laboratory; Smithsonian Institution; National Air and Space Museum; Ames Research Center,,,
https://openalex.org/A5008134383,Paula A. Pino,https://openalex.org/I205783295,Cornell University,2019,2025,https://openalex.org/I205783295,2019,2025,Pontificia Universidad Católica de Chile; Cornell University; Texas Biomedical Research Institute; Mayo Clinic,Institut Català d'Oncologia; New York Medical College; Ospedale Misericordia - Grosseto; Corporación para Investigaciones Biológicas; Texas Center for Infectious Disease; The University of Texas at San Antonio; Mayo Clinic in Arizona; The University of Texas Health Science Center at Houston; Universidad de Antioquia; Instituto Profesional Carlos Casanueva,0000-0001-8626-926X,,
https://openalex.org/A5032870005,Ian H. de Boer,https://openalex.org/I205783295,Cornell University,2011,2011,https://openalex.org/I205783295,2011,2011,VA Puget Sound Health Care System; Seattle University; University of Washington,"Weatherford College; MRC Biostatistics Unit; Durham Technical Community College; London School of Hygiene & Tropical Medicine; University of California, San Francisco; Kaiser Permanente Washington Health Research Institute; Loyola University Chicago; GTx (United States); Universidad de Navarra; American Heart Association; Center for Innovation; University of Pennsylvania; Medical Research Council; University of Pittsburgh; Cardiovascular Institute Hospital; University of Minnesota; Johns Hopkins Hospital; National Kidney Foundation; University of Missouri–Kansas City; Massachusetts General Hospital; University of South Carolina; Harvard University; VA Office of Research and Development; Amgen (United States); Lancet Laboratories; University of Alabama at Birmingham; University of Colorado Denver; University of Cambridge; Kidney Research UK; Columbia University; Johns Hopkins University; St. Jude Children's Research Hospital; Health Data Research UK; National Institute for Health Research; Johns Hopkins Medicine; Beth Israel Deaconess Medical Center; Harvard University Press; Northwestern University; Seattle Public Schools; San Francisco VA Medical Center; World Economic Forum; Landscape Research Group; VA San Diego Healthcare System; The Ohio State University; Brigham and Women's Hospital; Georgia Highlands College; Palo Alto Institute; The University of Texas Health Science Center at Houston; University Hospital of Geneva; University of Wisconsin–Madison; Pediatric Nephrology of Alabama; Vanderbilt University; RELX Group (Netherlands); Group Health Cooperative; Denver Health Medical Center; Behavioral Tech Research, Inc.; Dialyse Centrum Groningen; Martini Ziekenhuis; Columbia University Irving Medical Center; University of Puget Sound; RELX Group (United States); University of North Carolina at Chapel Hill; Orthopedic Specialty Hospital; University of Geneva; VA Pittsburgh Healthcare System; University of Vermont; Northwest Kidney Centers; British Heart Foundation; Cancer Research UK; American Diabetes Association; Pontificia Universidad Católica de Chile; Washington State University; Harborview Medical Center; University of Maryland, Baltimore; Tufts Medical Center; Oregon National Primate Research Center; University of California, San Diego; University of Minnesota Medical Center; Morehouse School of Medicine; Cornell University",0000-0003-1571-7592,,
https://openalex.org/A5113625559,James B. Pollack,https://openalex.org/I205783295,Cornell University,1969,1975,https://openalex.org/I205783295,1969,1975,Ames Research Center,National Aeronautics and Space Administration; NASA Research Park; University of Michigan; Harvard College Observatory; Planetary Science Institute; Cornell University; Smithsonian Astrophysical Observatory; University of Colorado Boulder; University of Alabama; Harvard University; Sterling Research Group; Astronomy and Space; Goddard Space Flight Center; Australian Astronomical Observatory; Visidyne (United States); Goddard Institute for Space Studies; Observatoire de Paris; University of Hawaii at Hilo; Harvard University Press; Jet Propulsion Laboratory; University of Arizona,,,
https://openalex.org/A5110575652,Ki-Wook Kim,https://openalex.org/I205783295,Cornell University,1995,1995,https://openalex.org/I205783295,1995,1995,Ulsan National Institute of Science and Technology; Illinois College; University of Illinois Chicago; University of Illinois Urbana-Champaign,National Institute of Diabetes and Digestive and Kidney Diseases; Russian Engineering Academy; Pusan National University; ProQuest (United States); Hanyang University; Yale University; Northeastern University; Petersburg State Transport University; Cornell University; New York State Office for People With Developmental Disabilities; Medical College of Wisconsin; Memorial Sloan Kettering Cancer Center; Komsomolsk-on-Amur State Technical University; Missouri Baptist University; Cambridge University Press; The University of Texas MD Anderson Cancer Center; New York University Press; Washington University in St. Louis; Weizmann Institute of Science,,,
https://openalex.org/A5019301005,C A Sholl,https://openalex.org/I205783295,Cornell University,1981,1981,https://openalex.org/I205783295,1981,1981,University of New England,University of Warwick; University of Bristol; Ames National Laboratory; Cornell University; Bristol Robotics Laboratory; Northern Illinois University; University of Oxford; University of Birmingham; Monash University; Iowa State University,,,
https://openalex.org/A5050603691,J.K. Drackley,https://openalex.org/I205783295,Cornell University,1994,1994,https://openalex.org/I205783295,1994,1994,Urbana University; University of Illinois Urbana-Champaign,"University of California, Berkeley; Rutgers, The State University of New Jersey; Royal Agricultural University; Rutgers Sexual and Reproductive Health and Rights; University of Wisconsin–Madison; North Carolina State University; Louisiana State University; Arkansas Agricultural Experiment Station; Wilmington University; Institute of Animal Sciences; Illinois State University; Cornell Cooperative Extension Association of Jefferson County; Iowa State University; Roman L. Hruska U.S. Meat Animal Research Center; Church & Dwight (United States); Diamond V (United States); Animal Science Research Institute; University of Missouri–St. Louis; California Polytechnic State University; First Candle; Cornell University; University of Reading; University of New Hampshire; University of Illinois System; South Dakota State University; University of Veterinary Medicine",0000-0002-4560-5594,,
https://openalex.org/A5066632072,Clinton Rossiter,https://openalex.org/I205783295,Cornell University,1955,1959,https://openalex.org/I205783295,1955,1959,Cornell University; New York University Press,"University of Cincinnati; Connecticut College; University of Notre Dame; Yale University; The Graduate Center, CUNY; Louisiana State University; University of Colorado System; Princeton University",,,
https://openalex.org/A5090395619,Hey‐Joo Kang,https://openalex.org/I205783295,Cornell University,2004,2018,https://openalex.org/I205783295,2004,2018,Cornell University,"New York Medical College; Weill Cornell Medicine; Foundation for Reproductive Medicine; Rutgers Cancer Institute; Community Link; Rutgers, The State University of New Jersey",,,
https://openalex.org/A5010580875,Peter K. Gregersen,https://openalex.org/I205783295,Cornell University,1990,1995,https://openalex.org/I205783295,1990,1995,Feinstein Institute for Medical Research; Northwell Health,New York University Langone Orthopedic Hospital; North Shore University Hospital; Cornell University,,,
https://openalex.org/A5026426691,Sofya Norman,https://openalex.org/I205783295,Cornell University,2025,2025,https://openalex.org/I205783295,2025,2025,Barrow Neurological Institute,Intermountain Healthcare; Varian Medical Systems (United Kingdom); Natera (United States); University of Utah; Cornell University; New York Proton Center; Myriad (Germany); Stanford University; Neurological Surgery; University of Denver; Duke University; Weill Cornell Medicine,0000-0002-1665-6501,,
https://openalex.org/A5064179616,John G. McHutchison,https://openalex.org/I205783295,Cornell University,2010,2015,https://openalex.org/I205783295,2010,2015,Gilead Sciences (United States),"Radboud University Nijmegen; University of Manitoba; Medizinische Hochschule Hannover; Gilead Sciences (Australia); Monash University; University of Dundee; Cedars-Sinai Medical Center; Io Therapeutics (United States); Duke University Hospital; St Vincent's Hospital Sydney; Cornell University; Remedis (Czechia); University of Maryland, Baltimore; Harvard University; University of Otago; University Hospital Leipzig; Vertex Pharmaceuticals (United States); Hospital Universitario Ramón y Cajal; Agence Nationale de la Recherche; Mercy Medical Center; Roche (Switzerland); Durham University; Baylor College of Medicine; Virginia Commonwealth University; Duke University; Würth (Germany); State Key Laboratory of Diagnosis and Treatment of Infectious Diseases; Université de Strasbourg; Clinical Research Institute; Orlando Clinical Research Center; University of Bern; Assistance Publique – Hôpitaux de Paris; Fondazione IRCCS Ca' Granda Ospedale Maggiore Policlinico; Christchurch Clinical Studies Trust; Hospital Del Mar; Medical University of Białystok; Radboud University Medical Center; University of Pittsburgh; Borland Groover Clinic; University of British Columbia; Clinical Emergency Hospital Bucharest; Casa Sollievo della Sofferenza; Virginia Commonwealth University Medical Center; Pitié-Salpêtrière Hospital; GlaxoSmithKline (United States); Research Triangle Park Foundation; Sapienza University of Rome; UNSW Sydney; Zhejiang University; Hôpital Saint-Antoine; University Hospital of Bern; Ospedale Maggiore; Duke Medical Center; University of Lübeck; Ninewells Hospital; Hôpital Cochin; Scripps Clinic; Hospital Clínic de Barcelona; Psychiatric Hospital Sveti Ivan; Toronto General Hospital; Sorbonne Université; University of California, San Diego; VA Long Beach Healthcare System; Massachusetts General Hospital; Kaiser Permanente; University of Chieti-Pescara; Center for Digestive and Liver Diseases; GlaxoSmithKline (United Kingdom); American Gastroenterological Association; Erasmus MC; National Institute for Public Health and the Environment; Cleveland Clinic; University Health System; Chinese University of Hong Kong; Rancho Los Amigos National Rehabilitation Center; Gilead Sciences (France); National Centre for Clinical Research on Emerging Drugs; Hôpital Saint Joseph; National Institutes of Health Clinical Center; University of California, San Francisco; Merck (Germany); Henry Ford Health System; Gilead Sciences (Germany); University of Calgary; Foundation for the National Institutes of Health; Scripps Health; Huntington Hospital; Bar-Ilan University; National Institutes of Health; University of Southern California; Scripps Research Institute; Beth Israel Deaconess Medical Center; Azienda USL di Pescara; National Institute of Allergy and Infectious Diseases; Royal Prince Alfred Hospital; Digestive CARE; Istituti di Ricovero e Cura a Carattere Scientifico; National Heart Lung and Blood Institute; University of California, Los Angeles; Medical University of Vienna; University of Pennsylvania; University of Bonn; Human Genome Sciences (United States)",,,
https://openalex.org/A5029736763,Raquel Izumi,https://openalex.org/I205783295,Cornell University,2012,2012,https://openalex.org/I205783295,2012,2012,International University of Health and Welfare,"The University of Texas MD Anderson Cancer Center; Nebraska Cancer Specialists; University of Vermont; Stanford University; AstraZeneca (Singapore); AstraZeneca (United States); Sunnyvale Public Library; Pharmacyclics (United States); AstraZeneca (Poland); Stanford Medicine; Virginia Mason Memorial; University of California, Los Angeles; Willamette University; University of Chicago; Perlegen (United States); Cornell University",0000-0002-0895-2597,,
https://openalex.org/A5082890386,Thomas R. Wentworth,https://openalex.org/I205783295,Cornell University,1976,1976,https://openalex.org/I205783295,1976,1976,North Carolina State University,University of Vermont; Lindsey Wilson College; Cornell University; University of North Carolina at Charlotte; North Central State College,0000-0002-6363-9827,,
https://openalex.org/A5109181513,James F. Cremer,https://openalex.org/I205783295,Cornell University,1986,2003,https://openalex.org/I205783295,1986,2003,University of Iowa,Digital Artefacts (United States); Cornell University,,,
https://openalex.org/A5038113079,K. Panageas,https://openalex.org/I205783295,Cornell University,1999,2004,https://openalex.org/I205783295,1999,2004,Memorial Sloan Kettering Cancer Center,"National Institutes of Health; North Shore University Hospital; University of California, San Francisco; National Cancer Institute; Kettering University; University Hospital of Geneva; National Institute of Neurological Disorders and Stroke; Cornell University; Northwestern University; University of Virginia; Southwestern Medical Center; The University of Texas Southwestern Medical Center; University of Vermont; Cleveland Clinic; Cancer Research And Biostatistics",,,
https://openalex.org/A5103004619,Murray A. Straus,https://openalex.org/I205783295,Cornell University,1961,1961,https://openalex.org/I205783295,1961,1961,University of New Hampshire,University of Minnesota System; Cornell University; University of New Hampshire at Manchester; Government of Western Australia Department of Health; Durham Technical Community College; Providence College; University of Minnesota; Washington State Community College; Rhode Island College; National Center for Health Statistics; Durham University,0000-0003-4200-589X,,
https://openalex.org/A5084113894,Weici Hu,https://openalex.org/I205783295,Cornell University,2018,2018,https://openalex.org/I205783295,2018,2018,Cornell University,,,,
https://openalex.org/A5044561340,K. Greisen,https://openalex.org/I205783295,Cornell University,1958,1977,https://openalex.org/I205783295,1958,1977,University of Copenhagen,Cornell University,,,
https://openalex.org/A5055986838,Mary M. Bartley,https://openalex.org/I205783295,Cornell University,1992,1992,https://openalex.org/I205783295,1992,1992,Vanderbilt University,Cornell University,,,
https://openalex.org/A5014759982,Scott L. Parker,https://openalex.org/I205783295,Cornell University,2001,2003,https://openalex.org/I205783295,2001,2003,Conway School of Landscape Design; Coastal Carolina University,"Cornell University; Louisiana Department of Natural Resources; The University of Sydney; Virginia Tech; California State University, San Bernardino",0000-0003-3798-2004,,
https://openalex.org/A5085476501,P.H. Damgaard,https://openalex.org/I205783295,Cornell University,1983,1983,https://openalex.org/I205783295,1983,1983,,"Isotopen Technologien München (Germany); SLAC National Accelerator Laboratory; Cornell University; Brunel University of London; KU Leuven; University of West London; Novo Nordisk (Denmark); Niels Brock; American Physical Society; European Organization for Nuclear Research; University of Copenhagen; Uppsala University; Commissariat à l'Énergie Atomique et aux Énergies Alternatives; Stanford Synchrotron Radiation Lightsource; Stony Brook University; Technical University of Denmark; State University of New York; CEA Paris-Saclay; University of California, Santa Barbara",0000-0003-3712-769X,,
https://openalex.org/A5022148774,Christopher Foglia,https://openalex.org/I205783295,Cornell University,2004,2025,https://openalex.org/I205783295,2004,2025,Cornell University; New York Hospital Queens; Weill Cornell Medicine,NewYork–Presbyterian Hospital; Presbyterian Hospital; Mount Sinai Hospital,,,
https://openalex.org/A5109743512,Lucas R. Pineiro,https://openalex.org/I205783295,Cornell University,2025,2025,https://openalex.org/I205783295,2025,2025,Cornell University,,,,
https://openalex.org/A5113535372,Sharon K. Obendorf,https://openalex.org/I205783295,Cornell University,1999,1999,https://openalex.org/I205783295,1999,1999,Cornell University,,,,
https://openalex.org/A5113598373,S. Pontremoli,https://openalex.org/I205783295,Cornell University,1986,1990,https://openalex.org/I205783295,1986,1990,University of Pavia; Aziende Socio Sanitarie Territoriale Lodi; Azienda Socio Sanitaria Territoriale degli Spedali Civili di Brescia; Policlinico San Matteo Fondazione; Istituti di Ricovero e Cura a Carattere Scientifico; Advanced Research Projects Agency - Energy; Azienda Regionale Emergenza Urgenza; PHARM (Italy),"University of Turin; Kettering University; University of Ferrara; Cornell University; Commissariat à l'Énergie Atomique et aux Énergies Alternatives; University of Milan; Center for Translational Neurophysiology of Speech and Communication; University Hospital Münster; Albert Einstein College of Medicine; Inserm; Weizmann Institute of Science; The Graduate Center, CUNY; Memorial Sloan Kettering Cancer Center; University of Cagliari; Rashtrasant Tukadoji Maharaj Nagpur University; New York University; University of Genoa; La Roche College; CEA Cadarache",,,
https://openalex.org/A5019932297,Aaron Wilhelm,https://openalex.org/I205783295,Cornell University,2025,2025,https://openalex.org/I205783295,2025,2025,Cornell University,"University of California, Los Angeles; BioElectronics (United States); Chevron (United States)",,,
https://openalex.org/A5023787741,Carrie Ernhout,https://openalex.org/I205783295,Cornell University,2014,2014,https://openalex.org/I205783295,2014,2014,Roswell Park Comprehensive Cancer Center,Cornell University,,,
https://openalex.org/A5007837022,Pauline Harper,https://openalex.org/I205783295,Cornell University,2001,2001,https://openalex.org/I205783295,2001,2001,Karolinska University Hospital; Karolinska Institutet,University of Cambridge; Saint Göran Hospital; Center for Inherited Blood Disorders; Charles University; John Radcliffe Hospital; Czech Academy of Sciences; Cardiff University; Auckland City Hospital; Phillips University; Harper College; Cleveland Clinic; Addenbrooke's Hospital; Rockefeller University; European Clinical Research Infrastructure Network; Swedish e-Science Research Centre; Danderyds sjukhus; Children's Health Ireland at Crumlin; Stockholm University College of Music Education; UCLouvain; St Göran's Children's Hospital; Okayama Prefectural University; Royal Victoria Infirmary; Cornell University; University of Auckland; Weatherford College; Okayama University Hospital; Palmerston North Hospital,0000-0001-7336-2801,,
https://openalex.org/A5111375318,Josef M. Broder,https://openalex.org/I205783295,Cornell University,1993,2012,https://openalex.org/I205783295,1993,2012,,University of Arkansas at Fayetteville; Mississippi State University; Texas Tech University; University of Kentucky; Texas A&M University; Virginia Tech; Tennessee Valley Authority; Agricultural & Applied Economics Association; Auburn University; Clemson University; Cornell University; University of Georgia; Louisiana State University; University of Florida; Oregon State University,,,
https://openalex.org/A5082857915,Jaro⋅aw Meller,https://openalex.org/I205783295,Cornell University,2001,2001,https://openalex.org/I205783295,2001,2001,Nicolaus Copernicus University; Cornell University,,,,
https://openalex.org/A5072470570,C. Nick Pace,https://openalex.org/I205783295,Cornell University,1991,1991,https://openalex.org/I205783295,1991,1991,,"University of York; Istituto Nazionale di Fisica Nucleare, Sezione di Lecce; Freie Universität Berlin; Pediatrics and Genetics; University of Virginia; Institute for Microelectronics and Microsystems; Texas A&M University System; Arkansas Agricultural Experiment Station; Engelhardt Institute of Molecular Biology; Mitchell Institute; University of Pisa; Tecnologie Avanzate (Italy); University of Utah; Instituto de Química Física Blas Cabrera; Texas A&M University; Vlaams Instituut voor Biotechnologie; Cornell University; Texas A&M Health Science Center; Istituto Nazionale per la Fisica della Materia; University of Calabria; MRC Laboratory of Molecular Biology; IMEC; Vrije Universiteit Brussel; KU Leuven; Gestione Sistemi per l’Informatica (Italy); GTx (United States); University of Messina; University of Palermo; Istituto Nazionale di Fisica Nucleare, Laboratori Nazionali di Frascati; STMicroelectronics (Czechia); Istituto Nazionale di Fisica Nucleare",0000-0002-9998-7129,,
https://openalex.org/A5036012325,Junru Wu,https://openalex.org/I205783295,Cornell University,2012,2012,https://openalex.org/I205783295,2012,2012,,"Guangdong Provincial People's Hospital; Chinese Academy of Sciences; East China Normal University; Second Affiliated Hospital of Fujian Medical University; Chongqing Medical University; University of Pittsburgh Medical Center; University of Vermont; Chinese University of Hong Kong; Sun Yat-sen University; Fujian Medical University; University of California, Los Angeles; Shanghai International Studies University; Institute of Acoustics; Cornell University; Huizhou Central People's Hospital; Biogen (United States); Leiden University; The First Affiliated Hospital, Sun Yat-sen University; Shenzhen Institutes of Advanced Technology; Nanjing University; Burlington College; Texas A&M University",0000-0002-2256-0637,,
https://openalex.org/A5078679696,Mirja Auranen,https://openalex.org/I205783295,Cornell University,1995,1995,https://openalex.org/I205783295,1995,1995,Cornell University,,,,
https://openalex.org/A5009249852,S. Ahmed,https://openalex.org/I205783295,Cornell University,2010,2017,https://openalex.org/I205783295,2010,2017,,Cornell University,,,
https://openalex.org/A5019112394,Miles R. Temple,https://openalex.org/I205783295,Cornell University,1986,1986,https://openalex.org/I205783295,1986,1986,Cornell University; New York State College of Veterinary Medicine,,,,
https://openalex.org/A5013972640,Emily R. A. Cramer,https://openalex.org/I205783295,Cornell University,2006,2016,https://openalex.org/I205783295,2006,2016,University of Oslo; University of Gothenburg; Weill Cornell Medical College in Qatar,Smithsonian Conservation Biology Institute; Natural History Museum; H.B. Fuller (United States); National Zoological Park; Cornell University; Ithaca College; Natural History Museum Aarhus; St. Mary's College of Maryland; Cornell Lab of Ornithology,0000-0002-1443-9255,,
https://openalex.org/A5050069659,Karolina Sienkiewicz,https://openalex.org/I205783295,Cornell University,2024,2024,https://openalex.org/I205783295,2024,2024,,Weill Cornell Medicine; Office of Public Health Genomics; Cornell University; University of Warsaw; University of Virginia; Akademia Bialska im. Jana Pawła II; Wroclaw University of Economics and Business,0009-0004-7424-8989,,
https://openalex.org/A5007883302,Barbara A. Centeno,https://openalex.org/I205783295,Cornell University,2001,2002,https://openalex.org/I205783295,2001,2002,Moffitt Cancer Center,"University of Florida; Harvard University; NewYork–Presbyterian Hospital; Bristol-Myers Squibb (Germany); Temple University Hospital; Fred Hutch Cancer Center; Florida College; Johnson & Johnson (Israel); Presbyterian Hospital; University of South Florida; BioNumerik (United States); Cornell University; Harvard University Press; Bayer (Italy); MSD K.K. (Japan); New York Hospital Queens; Cancer Research Center; University of Tampa; Université Bourgogne Franche-Comté; Merck & Co., Inc., Rahway, NJ, USA (United States); Cleveland Clinic; Massachusetts General Hospital; Pfizer (United States)",,,
https://openalex.org/A5007779528,Karim Fizazi,https://openalex.org/I205783295,Cornell University,2015,2020,https://openalex.org/I205783295,2015,2020,Institut Gustave Roussy; Centre Oscar Lambret; Université Paris-Saclay,Exelixis (United States); UCLouvain; Mayo Clinic in Arizona; International Drug Development Institute (Belgium); Cancer Research UK; University of Chicago; Janssen (United States); Hôpital Clinique Claude-Bernard; Centre Léon Bérard; Kantonsspital St. Gallen; Prédicteurs moléculaires et nouvelles cibles en oncologie; Université Claude Bernard Lyon 1; Laboratoire d'études sur les monothéismes; Institut Bergonié; University of Pittsburgh; Icahn School of Medicine at Mount Sinai; Janssen (Belgium); St John of God Hospital; Tisch Hospital; Indiana University Health; Emory University; Herlev Hospital; Martin Luther University Halle-Wittenberg; Erasmus MC; National Cancer Center Hospital East; Institute of Oncology Research; AstraZeneca (United States); SWOG Cancer Research Network; Carlo Forlanini Hospital; Université Paris Cité; Institute of Cancer Research; Novartis (Switzerland); Hershey (United States); Sidney Kimmel Comprehensive Cancer Center; Cornell University; Hospital Israelita Albert Einstein; Cliniques Universitaires Saint-Luc; Sidney Kimmel Cancer Center; Fox Chase Cancer Center; Sanofi (France); Instituto de Oncología de Rosario; Fondation ARC pour la Recherche sur le Cancer; Eli Lilly (United States); Institut Claudius Regaud; Copenhagen University Hospital; Radboud University Medical Center; St Olav's University Hospital; Duke Medical Center; Greater Poland Cancer Center; Duke University; AstraZeneca (United Kingdom); Oregon Health & Science University; Predict (France); Toronto East General Hospital; University of Washington; Indiana University – Purdue University Indianapolis; Institute for Social Security and Services for State Workers; Centre Hospitalier Universitaire Brugmann; AstraZeneca (France); AstraZeneca (Canada); Johns Hopkins University; Centro de Investigación del Cáncer; Hôpital Beaujon; Bicêtre Hospital; Institute Mutualiste Montsouris; Tisch Cancer Institute; Columbia University Irving Medical Center; The University of Texas MD Anderson Cancer Center; Radboud University Nijmegen; Laboratoire d'Excellence en Recherche sur le Médicament et l'Innovation Thérapeutique; Hospital Universitário Pedro Ernesto; Centre Eugène Marquis; Sapienza University of Rome; Université Paris-Sud; Cancer Research Center; Thomas Jefferson University; The Royal Melbourne Hospital; University Hospital Münster; Inserm; Velindre Cancer Centre; University of British Columbia; European Organisation for Research and Treatment of Cancer; Comprehensive Cancer Centers of Nevada; Monash University; Charité - Universitätsmedizin Berlin; Seattle Cancer Care Alliance; Istituto Scientifico Romagnolo per lo Studio e la Cura dei Tumori; Amgen (United States); Memorial Sloan Kettering Cancer Center; Bristol-Myers Squibb (Germany); Dana-Farber Cancer Institute; Sorbonne Université; Centre Georges François Leclerc; Aristotle University of Thessaloniki; Hôpital Tenon; New York University; Hôpital Européen Georges-Pompidou; Bayer (Germany); Institut Curie; Institut Català d'Oncologia,0000-0002-6068-9474,,
https://openalex.org/A5112185090,M. Kaplan,https://openalex.org/I205783295,Cornell University,1996,1996,https://openalex.org/I205783295,1996,1996,North Shore University Hospital,Institute of Medical Microbiology and Hygiene; Cornell University,,,
https://openalex.org/A5100317652,Xueying Liu,https://openalex.org/I205783295,Cornell University,2009,2009,https://openalex.org/I205783295,2009,2009,Zhejiang Cancer Hospital; Henan University of Technology; Zero to Three; Qingdao University; Chinese Academy of Sciences; Integrated Optoelectronics (Norway); Virginia Tech; Hunan University,"Central South University; Inner Mongolia University of Technology; University of Michigan; Shandong University; Beihai People's Hospital; Hunan University of Technology; Beijing University of Chemical Technology; Sichuan University; Shandong University of Science and Technology; East China Normal University; State Key Laboratory of Chemobiosensing and Chemometrics; University of Georgia; Northeast Forestry University; Zhengzhou University; Yangzhou University; National Institute of Advanced Industrial Science and Technology; Hospital of Hebei Province; Shanghai Maritime University; State Key Laboratory of Microbial Technology; China University of Petroleum, East China; Collaborative Innovation Center of Chemistry for Energy Materials; Brigham Young University; Xingtai University; State Ethnic Affairs Commission; Xiamen University of Technology; Minjiang University; Taishan University; Henan Normal University; Guangxi University of Science and Technology; Zhejiang University of Water Resource and Electric Power; Hebei University of Technology; Institute of High Energy Physics; Changchun University of Science and Technology; Nanjing Forestry University; Changchun Institute of Optics, Fine Mechanics and Physics; Xiamen University; Western University; Weifang University; First Hospital of Jiaxing; Cornell University",0000-0002-6458-2543,,
https://openalex.org/A5032735309,A. M. Toxen,https://openalex.org/I205783295,Cornell University,1958,1961,https://openalex.org/I205783295,1958,1961,Stanford University,Cornell University; Northwestern University; IBM (United States); IBM Research - Thomas J. Watson Research Center,,,
https://openalex.org/A5072214709,Clemencia M. Rojas,https://openalex.org/I205783295,Cornell University,2002,2004,https://openalex.org/I205783295,2002,2004,University of Arkansas at Fayetteville,Noble Research Institute; Washington University in St. Louis; Plant (United States); Cornell University; University of Nebraska–Lincoln,0000-0001-9798-2060,,
https://openalex.org/A5036995154,Ioannis Karagiannidis,https://openalex.org/I205783295,Cornell University,2024,2025,https://openalex.org/I205783295,2024,2025,Weill Cornell Medicine; Cornell University; Cornell College,Fluorescence Innovations (United States); Medizinische Hochschule Brandenburg Theodor Fontane; Sorbonne Université; University of Utah; Städtisches Klinikum Dessau; Centre d'Immunologie et des Maladies Infectieuses; National and Kapodistrian University of Athens; Hippocration General Hospital; Inserm,0000-0001-5850-957X,,
https://openalex.org/A5071013542,Erika R. Bartholomew,https://openalex.org/I205783295,Cornell University,2011,2011,https://openalex.org/I205783295,2011,2011,Cornell University,University of North Carolina at Charlotte,,,
https://openalex.org/A5062901246,Mar Cortes,https://openalex.org/I205783295,Cornell University,2013,2021,https://openalex.org/I205783295,2013,2021,"Universidade Federal do Recôncavo da Bahia; California State University, San Bernardino","Newcastle University; Pain and Rehabilitation Medicine; Complejo Hospitalario de Salamanca; Burke Foundation; The Mount; Institut Català d'Oncologia; Berenson Allen Center for Noninvasive Brain Stimulation; University of Maryland, Baltimore; Fujita Health University; Spaulding Rehabilitation Hospital; Cornell University; Universitat de Barcelona; Weill Cornell Medicine; Harvard University; Massachusetts Institute of Technology; Burke Medical Research Institute; Burke Rehabilitation Hospital; Feinstein Institute for Medical Research; Instituto de Investigación Biomédica de Salamanca; Beth Israel Deaconess Medical Center; Hospital Universitario Ramón y Cajal; Icahn School of Medicine at Mount Sinai",0000-0003-2828-8504,,
https://openalex.org/A5073278616,Hyein Shin,https://openalex.org/I205783295,Cornell University,1987,1987,https://openalex.org/I205783295,1987,1987,Korea Advanced Institute of Science and Technology,Memorial Sloan Kettering Cancer Center; Cornell University; Center for Global Health; Seoul National University of Science and Technology; Yonsei University; Whitehead Institute for Biomedical Research,0000-0003-0382-4032,,
https://openalex.org/A5112089685,Bruce A. Barnes,https://openalex.org/I205783295,Cornell University,1966,1966,https://openalex.org/I205783295,1966,1966,,"Swansea University; Eugene Research Institute; Augustana College; Cornell University; University of Oregon; Science Council; University of California, Berkeley",,,
https://openalex.org/A5109923227,Laura E. Petes,https://openalex.org/I205783295,Cornell University,2013,2013,https://openalex.org/I205783295,2013,2013,Office of Science and Technology Policy,Corvallis Environmental Center; Cornell University; FSU Coastal and Marine Laboratory; NOAA Oceanic and Atmospheric Research; NOAA Office for Coastal Management; Florida State University; Oregon State University; National Oceanic and Atmospheric Administration,,,
https://openalex.org/A5072455889,P. W. Zimmerman,https://openalex.org/I205783295,Cornell University,1957,1957,https://openalex.org/I205783295,1957,1957,Clemson University,Cornell University,,,
https://openalex.org/A5006283253,Aimee N. Moore,https://openalex.org/I205783295,Cornell University,1961,1961,https://openalex.org/I205783295,1961,1961,,University of Missouri Hospital; University of Missouri; Cornell University; New York State School of Industrial and Labor Relations,,,
https://openalex.org/A5103027753,Yiran Zhu,https://openalex.org/I205783295,Cornell University,2025,2025,https://openalex.org/I205783295,2025,2025,Methodist Hospital; Houston Methodist; Weill Cornell Medicine; Cornell University,Zhejiang Cancer Hospital; Jilin Agricultural University; Hubei Normal University; Sichuan Agricultural University; Sir Run Run Shaw Hospital; Zhejiang A & F University; Qingdao University; Sun Yat-sen University; Zhejiang University; Nanjing Medical University; University Research Co (United States),0000-0002-5761-8915,,
https://openalex.org/A5113803913,J. D. Reppy,https://openalex.org/I205783295,Cornell University,1964,2010,https://openalex.org/I205783295,1964,2010,Cornell University,"University of Sussex; Yale University; AT&T (United States); University of Connecticut; University of Manchester; Laboratoire de physique des Solides; University at Buffalo, State University of New York; Material Sciences (United States)",,,
https://openalex.org/A5111970396,Ningxiong Xu,https://openalex.org/I205783295,Cornell University,2004,2016,https://openalex.org/I205783295,2004,2016,,Ithaca College; University of Delaware; Cornell University; Hollister (United States),,,
https://openalex.org/A5111405472,Arthur W. Fleming,https://openalex.org/I205783295,Cornell University,1992,1992,https://openalex.org/I205783295,1992,1992,,"University of Michigan; Prince of Wales Hospital; The Ohio State University; Uniformed Services University of the Health Sciences; Cedars-Sinai Medical Center; United States Naval Academy; Huntington Hospital; Johns Hopkins University; University of Southern California; Rush University Medical Center; Los Angeles Medical Center; New York State Office for People With Developmental Disabilities; National League of Cities; Ronald Reagan UCLA Medical Center; Los Angeles County Department of Health Services; St. Luke's Hospital; University of California, Los Angeles; UCLA Medical Center; Keller Army Community Hospital; Harbor–UCLA Medical Center; Cornell University; Presbyterian Hospital; University of New Orleans; Charles R. Drew University of Medicine and Science; Martin Luther King, Jr. Multi-Service Ambulatory Care Center; Syracuse University; Walter Reed Army Institute of Research; Columbia University",,,
https://openalex.org/A5085983731,Timothy J. Kowalski,https://openalex.org/I205783295,Cornell University,1997,2003,https://openalex.org/I205783295,1997,2003,"Merck & Co., Inc., Rahway, NJ, USA (United States)","Rutgers, The State University of New Jersey; Novartis (Switzerland); Columbia University; NewYork–Presbyterian Hospital; New York Hospital Queens; Institut des Maladies Métaboliques et Cardiovasculaires; William S. Hall Psychiatric Institute; Cornell University; East Stroudsburg University; University of South Carolina",,,
https://openalex.org/A5039837049,Adele D'amico‐Martel,https://openalex.org/I205783295,Cornell University,1983,1987,https://openalex.org/I205783295,1983,1987,Cornell University,University of Massachusetts Amherst; University of Massachusetts Boston; New York State College of Veterinary Medicine,,,
https://openalex.org/A5109366874,P.N.R. Usherwood,https://openalex.org/I205783295,Cornell University,1999,1999,https://openalex.org/I205783295,1999,1999,,"St George's, University of London; St George's Hospital; Lundbeck (Denmark); Bruker (United Kingdom); Suntory Foundation for Life Sciences; University of Glasgow; Rothamsted Research; Columbia University; Cornell University; Nottingham University Hospitals NHS Trust; National Institutes of Health; University of Nottingham; University of Iowa; Freie Universität Berlin; University of Bologna; University of Maryland, Baltimore",,,
https://openalex.org/A5101865890,Amit Roy,https://openalex.org/I205783295,Cornell University,2004,2004,https://openalex.org/I205783295,2004,2004,Saveetha University; BRAC University; KIIT University; Savitribai Phule Pune University,"Bristol-Myers Squibb (United States); Northeastern University; National Dairy Research Institute; University of Massachusetts Chan Medical School; Sickle Cell Institute Chhattisgarh, Raipur; Wenzhou Medical University; Vivekananda Global University; Wenzhou University; Cornell University; Manipal Academy of Higher Education; University of Pittsburgh; Chemnitz University of Technology; Indian Institute of Chemical Biology; Panjab University; Bristol-Myers Squibb (Germany); National Institute of Pharmaceutical Education and Research",0000-0002-6500-5588,,
https://openalex.org/A5029805261,Iain D. Boyd,https://openalex.org/I205783295,Cornell University,1993,2000,https://openalex.org/I205783295,1993,2000,University of Colorado System; University of Colorado Boulder,Wright-Patterson Air Force Base; Palo Alto Institute; University of Arizona; Sciences Po Grenoble; American Institute of Aeronautics and Astronautics; University of Southampton; Ames Research Center; Cornell University; BT Research; University of Kentucky; Minnesota Wire (United States); Ann Arbor Center for Independent Living; Stanford University; Sibley Memorial Hospital; University of Michigan; Vaughn College of Aeronautics and Technology; Space Engineering University; Michigan United; Eloret (United States); BT Group (United Kingdom); United States Air Force Research Laboratory,0000-0002-3725-9206,,
https://openalex.org/A5056704644,Ken S. Chow,https://openalex.org/I205783295,Cornell University,1989,1989,https://openalex.org/I205783295,1989,1989,Cornell University,,,,
https://openalex.org/A5004483696,Vladimir Despic,https://openalex.org/I205783295,Cornell University,2019,2023,https://openalex.org/I205783295,2019,2023,Cornell University,Kettering University; Yale University; Weill Cornell Medicine,,,
https://openalex.org/A5111964184,David Quig,https://openalex.org/I205783295,Cornell University,1986,1991,https://openalex.org/I205783295,1986,1991,Endeavour College of Natural Health,Theodore Roosevelt High School; University of Illinois Urbana-Champaign; Food and Nutrition Service; Illinois College; Cornell University,,,
https://openalex.org/A5031911793,Robert A. Hart,https://openalex.org/I205783295,Cornell University,2015,2015,https://openalex.org/I205783295,2015,2015,Swedish Medical Center,"University Medical Center; University of Baltimore; Northwestern University; WinnMed; Icahn School of Medicine at Mount Sinai; Film Independent; Istituto Ortopedico Rizzoli; University of Virginia Medical Center; University of Iowa Hospitals and Clinics; University of Nottingham; National Institute for Subatomic Physics; University College Dublin; Miriam Hospital; University of Dallas; Lenox Hill Hospital; OHSU Knight Cancer Institute; Weatherford College; Texas A&M University; Phoenix (United States); San Diego Spine Institute; University of Bath; Johns Hopkins University; Southwest Research Institute; University of Illinois Urbana-Champaign; Southwest Scoliosis Institute; Rocky Mountain Hospital for Children; University of California San Francisco Medical Center; Hoag Memorial Hospital Presbyterian; George Washington University; Houston Methodist; Orthopaedic Hospital; Royal North Shore Hospital; Ospedale Santa Corona; Barnes-Jewish Hospital; The University of Kansas Health System; Neurosciences Institute; Malcolm Grow Medical Clinic; Cancer Institute (WIA); Washington University in St. Louis; John Brown University; Oregon Health & Science University; University of Kansas; University of Strathclyde; Orthopedic Center; Columbia University; Providence College; Nemocnice Znojmo; Toronto Western Hospital; Mayo Clinic; University of Nevada, Las Vegas; OrthoCarolina; Otto-von-Guericke University Magdeburg; Norton Healthcare; University of Pittsburgh; University Surgical Associates; Neuroscience Institute; University of Miami; Spine Institute of Louisiana; WZB Berlin Social Science Center; Orthopedic Institute; La Jolla Bioengineering Institute; Oxford University Press (United Kingdom); New York University Langone Orthopedic Hospital; University of Alberta; Committee on Publication Ethics; Neurological Surgery; Hôpital Pellegrin; Jacobson Holman (United States); Oregon Medical Research Center; Portland VA Medical Center; State University of New York; The University of Sydney; International Management Institute; Cornell University; University of Kansas Medical Center; Folkestone College; University of Aberdeen; Rhode Island Hospital; University of British Columbia; Maritime Research Institute Netherlands; Waikato Hospital; Farm Foundation; Johns Hopkins Medicine; Brown University; University of California, San Diego; Financial Research (Hungary); Twin Cities Spine Center; Regent's University London; University of North Texas; Cedars-Sinai Medical Center; Baylor University; Instituto de Patologia da Coluna; Hospital for Special Surgery; Barrow Neurological Institute; SUNY Downstate Health Sciences University; University of Oregon; University of Virginia; Creative Commons; Dalhousie University; St. Luke's Hospital; The University of Texas at Austin; University of Pittsburgh Medical Center; Versar (United States); University of Illinois Chicago; University of Iowa; Masaryk University; University of Leeds; IZA - Institute of Labor Economics; Precise (India); ConocoPhillips (United States); Amarillo College; Beijing Satellite Navigation Center; Jackson Memorial Hospital; The University of Texas at Dallas; University of Stirling; University of California, San Francisco; Columbia University Irving Medical Center; Dynamic Systems & Research (United States); Swedish Species Information Centre; Florida State University; University of Calgary; Kyung Hee University; University of California, Davis; Scripps Memorial Hospital; Institute of Navigation; NYU Langone Health; Beaumont Hospital, Troy; San Diego Center for Spinal Disorders; Royal Geographical Society; Web Science Trust; Albemarle (United States)",0000-0001-8242-1367,,
https://openalex.org/A5101591340,Parth Patel,https://openalex.org/I205783295,Cornell University,2015,2015,https://openalex.org/I205783295,2015,2015,New York University; Florida State University,Cardiovascular Institute of the South; University of Pennsylvania; Cornell University; MIND Research Institute; Patel Hospital,0000-0003-4947-2976,,
https://openalex.org/A5080347599,T N Lavin,https://openalex.org/I205783295,Cornell University,1993,1994,https://openalex.org/I205783295,1993,1994,,"Duke Medical Center; Cornell University; Howard Hughes Medical Institute; Indiana University School of Medicine; Indiana University; Duke University Hospital; University of California, San Francisco",,,
https://openalex.org/A5113713412,Shah,https://openalex.org/I205783295,Cornell University,1992,1992,https://openalex.org/I205783295,1992,1992,,NewYork–Presbyterian Hospital; Smt. N.H.L. Municipal Medical College; University Hospital of Wales; Memorial Sloan Kettering Cancer Center; Children's Medical Center; Illinois Wesleyan University; Pilgrim Hospital; Texas Instruments (United States); King Edward Memorial Hospital and Seth G.S. Medical College; Cardiff University; Lancaster University; Maharaja Sayajirao University of Baroda; Mehran University of Engineering and Technology; Dr. Balabhai Nanavati Hospital; Cornell University; Society for Healthcare Epidemiology of America; Sinai Hospital,,,
https://openalex.org/A5116824338,Nicholas I Cemalovic,https://openalex.org/I205783295,Cornell University,2025,2025,https://openalex.org/I205783295,2025,2025,Cornell University,,,,
https://openalex.org/A5111479397,Peter David,https://openalex.org/I205783295,Cornell University,1992,1992,https://openalex.org/I205783295,1992,1992,Cornell University,,,,
https://openalex.org/A5113597103,Joe Warren,https://openalex.org/I205783295,Cornell University,1984,1984,https://openalex.org/I205783295,1984,1984,,Horizon Discovery Group (United States); Cornell University; Purdue University West Lafayette; Texas A&M University; Seattle University; Renewable Energy Systems (United Kingdom); University of Houston; Rice University; Guangdong University of Technology; Sogang University; Loughborough University; HRL Laboratories (United States); Fraunhofer USA; University of Washington; Sage (United Kingdom),,,
https://openalex.org/A5000506368,Arash Mohebati,https://openalex.org/I205783295,Cornell University,2012,2013,https://openalex.org/I205783295,2012,2013,,"Memorial Sloan Kettering Cancer Center; Johnson University; Vanderbilt University; New York University; National Cancer Institute; Rutgers Cancer Institute; Rockefeller University; Cornell University; Johns Hopkins University; University Hospital, Newark; The University of Texas MD Anderson Cancer Center; Rutgers, The State University of New Jersey",,,
https://openalex.org/A5065621786,Jason Gotlib,https://openalex.org/I205783295,Cornell University,2024,2024,https://openalex.org/I205783295,2024,2024,"Stanford University; Palo Alto University; Cancer Institute (WIA); Cancer Prevention Institute of California; University of California, San Francisco; Stanford Cancer Institute",Frankston Hospital; Misgav Ladach; Stanford Blood Center; OHSU Knight Cancer Institute; Cogent Biosciences (United States); Nebraska Medical Center; Palo Alto Institute; Oregon Health & Science University; Fred Hutch Cancer Center; Bristol-Myers Squibb (Germany); Stanford Medicine; Princess Margaret Cancer Centre; Merck Institute for Science Education; National Institute of Mental Health; Sidney Kimmel Comprehensive Cancer Center; University of Basel; University of Colorado Denver; St. Elizabeths Hospital; Leukemia Research Foundation; Moffitt Cancer Center; Icahn School of Medicine at Mount Sinai; Brigham and Women's Hospital; Palmetto Hematology Oncology; University of Colorado Cancer Center; Huntsman Cancer Institute; Cleveland Clinic; KU Leuven; St. Jude Children's Research Hospital; Dana-Farber Cancer Institute; Fox Chase Cancer Center; Incyte (United States); Universidad de Salamanca; Harvard University; Merck (Singapore); Stanford Health Care; Bladder Cancer Advocacy Network; Tongji Hospital; Mayo Clinic in Arizona; Washington University in St. Louis; Analysis Group (United States); The University of Texas MD Anderson Cancer Center; Integra (United States); Vanderbilt-Ingram Cancer Center; Erasmus MC - Sophia Children’s Hospital; Gdańsk Medical University; Protagonist Therapeutics (United States); University of Alabama at Birmingham; University Hospital of Basel; Memorial Sloan Kettering Cancer Center; University of Utah; Stratford University; Mayo Clinic in Florida; Stichting Kinderoncologie Nederland; The University of Kansas Cancer Center; AbbVie (United States); Huazhong University of Science and Technology; Howard Hughes Medical Institute; Lucile Packard Children's Hospital; Cornell University; Blueprint Medicines (United States); Université Paris Cité; Cogent (United Kingdom),0000-0001-8253-6156,,
https://openalex.org/A5108193097,Richard F. Jacobs,https://openalex.org/I205783295,Cornell University,1999,1999,https://openalex.org/I205783295,1999,1999,,"University of California, Berkeley; Duke University; Duke University Hospital; Stanford University; University of Arkansas for Medical Sciences; Bristol-Myers Squibb (United States); Mercy Hospital; Elkhart Clinic; Kosair Children's Hospital; University Medical Center; Wake Forest University; Cornell University; University of Louisville; National Center for Toxicological Research; American Red Cross; University of Arkansas at Fayetteville; Abbott (Sweden); Texas Children's Hospital; Mount Sinai Hospital; Rady Children's Hospital-San Diego; Centers for Disease Control and Prevention; Jacobs (United States); University of California, San Diego; Seattle University; East Tennessee Children's Hospital; Vanderbilt University Medical Center; Louisiana State University; Arkansas Children's Hospital; Arkansas Department of Agriculture; Duke Medical Center; American Lung Association; Cook Children's Medical Center; AtlantiCare; Johns Hopkins University; InterScience (United States); University of Tennessee Health Science Center; Children's Mercy Hospital; The University of Texas Southwestern Medical Center; University of Washington; University of California, San Francisco; Arkansas Cardiology; Icahn School of Medicine at Mount Sinai; Arkansas Department of Health; American Thoracic Society; Samford University; Navicent Health; University of Alabama at Birmingham; University Hospital and Clinics; University of Missouri–Kansas City; Augusta University; Merck & Co., Inc., Rahway, NJ, USA (United States); Pediatrics and Genetics; Creighton University; Children's Hospital of Orange County; Seattle Children's Hospital; Baylor College of Medicine; University of Arkansas at Little Rock; Le Bonheur Children's Hospital; University of Alberta; Children's Medical Center",,,
https://openalex.org/A5079905298,Elizabeth Kogut,https://openalex.org/I205783295,Cornell University,1985,1988,https://openalex.org/I205783295,1985,1988,,Stanford University; Cornell University; Lucile Packard Children's Hospital; NewYork–Presbyterian Hospital,,,
https://openalex.org/A5068021409,John E. Schowalter,https://openalex.org/I205783295,Cornell University,1997,1997,https://openalex.org/I205783295,1997,1997,,"Cornell University; American Academy of Child and Adolescent Psychiatry; George Washington University; Washington University in St. Louis; National Institute of Mental Health; Marymount University; Yale New Haven Hospital; New Haven Public Schools; National Institute of Mental Health; University of New Haven; United States Public Health Service; Yale University; Massachusetts General Hospital; Temple University; University of California, Berkeley; Lurie Children's Hospital",,,
https://openalex.org/A5051496550,Philip W. Carter,https://openalex.org/I205783295,Cornell University,1990,1990,https://openalex.org/I205783295,1990,1990,Cornell University,,,,
https://openalex.org/A5075886051,Brenda Shank,https://openalex.org/I205783295,Cornell University,1985,1985,https://openalex.org/I205783295,1985,1985,NOAA National Marine Fisheries Service Northeast Fisheries Science Center,Doctors Medical Center; Mount Sinai Hospital; Icahn School of Medicine at Mount Sinai; Regional Cancer Center; Washington University in St. Louis; Guthrie Foundation; University of Minnesota; Mount Sinai Medical Center; Ellis Hospital; Memorial; Memorial Hospital; Memorial Sloan Kettering Cancer Center; Netherlands Organisation for Applied Scientific Research; American College of Radiology; Radiation Oncology Associates; Cornell University; Anderson Hospital,,,
https://openalex.org/A5045611883,Andrea Brendolan,https://openalex.org/I205783295,Cornell University,2004,2012,https://openalex.org/I205783295,2004,2012,Istituto di Ricovero e Cura a Carattere Scientifico San Raffaele; IRCCS Ospedale San Raffaele; Istituti di Ricovero e Cura a Carattere Scientifico; Vita-Salute San Raffaele University,University of Verona; San Raffaele University of Rome; Stanford Medicine; Stanford University; Cornell University; Kettering University,0000-0003-0109-6879,,
https://openalex.org/A5065796336,Lynette B. Corbeil,https://openalex.org/I205783295,Cornell University,1973,1976,https://openalex.org/I205783295,1973,1976,"University of San Diego; University of California, San Diego","Montana State University; Zoological Society of San Diego; Arkansas Agricultural Experiment Station; Virginia–Maryland College of Veterinary Medicine; University of California San Diego Medical Center; Kurume University; University of Guelph; University of Washington; University of Oklahoma Health Sciences Center; University of California, Davis; University of Pennsylvania; Cornell University; New York State College of Veterinary Medicine; Kansas State University; Washington State University; SUNY Upstate Medical University; McGill University",,,
https://openalex.org/A5079682496,Harold Widom,https://openalex.org/I205783295,Cornell University,1958,1964,https://openalex.org/I205783295,1958,1964,"University of California, Santa Cruz","University of Minnesota; Argonne National Laboratory; Princeton University; Tel Aviv University; University of California, San Diego; University of California, Berkeley; University of Arkansas at Fayetteville; Chemnitz University of Technology; University of Minnesota System; University of California, Santa Barbara; Duke University; Exact Sciences (United States); University of California System; University of California, Davis; Massachusetts Institute of Technology; Cornell University; California Polytechnic State University; KTH Royal Institute of Technology; Johannes Gutenberg University Mainz",,,
https://openalex.org/A5048076528,V. K. Wong,https://openalex.org/I205783295,Cornell University,2004,2009,https://openalex.org/I205783295,2004,2009,Hong Kong Baptist University,Menlo School; University of Michigan; Brookhaven National Laboratory; Forschungszentrum Jülich; University of Groningen; Office of Scientific and Technical Information; Thomas Jefferson National Accelerator Facility; Office of Fossil Energy; University of Bonn; Cornell University; RTI International; Japan Proton Accelerator Research Complex; The Ohio State University; United States Naval Research Laboratory; SRI International; Optical Sciences (United States); Fossil Energy Research (United States); Indiana University Bloomington,0000-0001-6517-6419,,
https://openalex.org/A5068225719,Michael R. Deyhle,https://openalex.org/I205783295,Cornell University,2025,2025,https://openalex.org/I205783295,2025,2025,Cornell University; University of New Mexico; University of Florida Health; UF Health Cancer Center; Hess (United States); University of Florida,"University of Tübingen; University of Florida Health Science Center; Indiana University – Purdue University Indianapolis; University of Indianapolis; New Mexico Department of Health; Radiology Associates of Albuquerque; Center for Health, Exercise and Sport Sciences; Brigham Young University",0000-0001-8526-4758,,
https://openalex.org/A5012914413,Adrian Aycan Corum,https://openalex.org/I205783295,Cornell University,2019,2019,https://openalex.org/I205783295,2019,2019,,Cornell University; Johnson University,,,
https://openalex.org/A5007198433,Mark J. Pavek,https://openalex.org/I205783295,Cornell University,2016,2016,https://openalex.org/I205783295,2016,2016,,Oregon State University; Agricultural Research Service; Cornell University; University of Idaho; United States Department of Agriculture; Washington State University,0000-0002-4022-4362,,
https://openalex.org/A5066959981,Kitipong Assatarakul,https://openalex.org/I205783295,Cornell University,2012,2012,https://openalex.org/I205783295,2012,2012,Chulalongkorn University,New York State College of Agriculture & Life Sciences; Cornell University,0000-0003-3827-3883,,
https://openalex.org/A5022460170,P. Mishra,https://openalex.org/I205783295,Cornell University,2021,2021,https://openalex.org/I205783295,2021,2021,,"Cornell University; Indian Institute of Technology Bhubaneswar; Institute of Physics, Bhubaneshwar; UGC DAE Consortium for Scientific Research; Maharaja Engineering College; Tata Institute of Fundamental Research; Chaudhary Charan Singh University; Indian Institute of Science Bangalore",0000-0002-2475-6289,,
https://openalex.org/A5069966943,P. Lavopa,https://openalex.org/I205783295,Cornell University,1976,1977,https://openalex.org/I205783295,1976,1977,,"Brown University; Stanford Synchrotron Radiation Lightsource; European Organization for Nuclear Research; Argonne National Laboratory; SLAC National Accelerator Laboratory; Birkbeck, University of London; University of Bari Aldo Moro; Fermi National Accelerator Laboratory; Cornell University; Northeastern University; Massachusetts Institute of Technology; Istituto Nazionale di Fisica Nucleare, Sezione di Bari",,,
https://openalex.org/A5112596138,James R. Hurley,https://openalex.org/I205783295,Cornell University,1983,2014,https://openalex.org/I205783295,1983,2014,Presbyterian Hospital; Cornell University; Diabetes Australia; NewYork–Presbyterian Hospital; New York Hospital Queens,Roche (Switzerland); Oak Ridge National Laboratory; Mater Misericordiae University Hospital; Seton Hall University,,,
https://openalex.org/A5109121859,Masanobu Kumada,https://openalex.org/I205783295,Cornell University,1975,1979,https://openalex.org/I205783295,1975,1979,,National Rehabilitation Center; National Rehabilitation Center for Persons with Disabilities; Haskins Laboratories; Howard Hughes Medical Institute; St. Luke's International University; University of Indonesia; The University of Texas Southwestern Medical Center; National Defense Medical College; Heartspring; The University of Tokyo; University of Tsukuba; National Defense Medical College Hospital; Cornell University; Tokyo Medical University; Yale University; Johns Hopkins Medicine; Niigata University; Chiba University; Johns Hopkins University,,,
https://openalex.org/A5084876732,Donna Esposito,https://openalex.org/I205783295,Cornell University,2000,2003,https://openalex.org/I205783295,2000,2003,Charles River Laboratories (United States),"Institut de Biologie Physico-Chimique; Cornell University; Sorbonne Université; University of California, Santa Barbara; New York State Department of Health; Centre National de la Recherche Scientifique",,,
https://openalex.org/A5112318153,Wenting Ma,https://openalex.org/I205783295,Cornell University,2025,2025,https://openalex.org/I205783295,2025,2025,Xian Yang Central Hospital; New York Hospital Queens; NewYork–Presbyterian Hospital; Presbyterian Hospital; Cornell University,Nantong University; University of Massachusetts Amherst; Shanghai University of Traditional Chinese Medicine; Yancheng First People's Hospital; Hefei University; China Jiliang University; Second Hospital of Tianjin Medical University; Chinese Academy of Medical Sciences & Peking Union Medical College; Nanjing Medical University; Jiangsu Province Hospital; Tianjin Medical University; Civil Aviation University of China,,,
https://openalex.org/A5004994618,J. Miron,https://openalex.org/I205783295,Cornell University,2002,2002,https://openalex.org/I205783295,2002,2002,Agricultural Research Organization,Cornell University; Ministry of Agriculture and Rural Development,0000-0002-5780-3942,,
https://openalex.org/A5024163786,Lawrence D. Dorr,https://openalex.org/I205783295,Cornell University,1989,1989,https://openalex.org/I205783295,1989,1989,,"People's Liberation Army No. 150 Hospital; University of Florida; Children's Specialty Group; University of California, Irvine; Arthritis Foundation; Good Samaritan Regional Medical Center; University of Iowa Health Care; University of Iowa; Zimmer Biomet (United States); Yahoo (United Kingdom); Weatherford College; Orthopaedic Center; United Medical Research Institute; Creative Research Enterprises (United States); Joint Replacement Institute; University College London; Pasadena City College; Regional Medical Center; LAC+USC Medical Center; Zimmer Biomet (Switzerland); Lutheran Hospital; Charles R. Drew University of Medicine and Science; Centinela Hospital Medical Center; University of Kentucky; Martin Luther King, Jr. Multi-Service Ambulatory Care Center; Fundación Juan March; Mayo Clinic; Good Samaritan Medical Center; Legacy Good Samaritan Medical Center; American Academy of Orthopaedic Surgeons; Good Samaritan Hospital; Institute for Rehabilitation and Research Foundation; University of Southern California; Rancho Los Amigos National Rehabilitation Center; Zoological Society of London; Presbyterian St. Luke's Medical Center; Cornell University; Keck Hospital of USC; In-Q-Tel; Good Samaritan Hospital; Orthopaedic Research Laboratories; May Institute; October 6 University; University of California Davis Medical Center; Royal National Orthopaedic Hospital; Orthopaedic Hospital; University of California, Los Angeles; Rancho Research Institute; Hospital for Special Surgery; Thomas Jefferson University Hospital; Cedars-Sinai Kerlan-Jobe Institute; Good Samaritan Hospital Medical Center; Rush University Medical Center; West Virginia University; DJO Global (United States); Los Angeles Medical Center; Orthopaedic Research and Education Foundation",0000-0002-9664-2416,,
https://openalex.org/A5028092802,Hao Sheng,https://openalex.org/I205783295,Cornell University,2017,2017,https://openalex.org/I205783295,2017,2017,Tianjin University,McGill University; SAIC-GM (China); South China University of Technology; Cornell University,0000-0002-7925-7428,,
https://openalex.org/A5087294413,Sungwoong Kim,https://openalex.org/I205783295,Cornell University,2019,2019,https://openalex.org/I205783295,2019,2019,Yonsei University; Georgia Institute of Technology; The Wallace H. Coulter Department of Biomedical Engineering,Qurient (South Korea); Pohang Iron and Steel (South Korea); Korea University; Brain (Germany); Korea Institute of Science and Technology; Cornell University; Ulsan National Institute of Science and Technology; Qualcomm (United Kingdom); Qualcomm (United States); Korea Kacoh (South Korea); Kao Corporation (Japan); Korea Advanced Institute of Science and Technology; Hanyang University; Hansol Chemical (South Korea),0000-0002-2676-9454,,
https://openalex.org/A5018551512,Virginia C. Canale,https://openalex.org/I205783295,Cornell University,1967,1976,https://openalex.org/I205783295,1967,1976,,Cornell University; University Medical Center; NewYork–Presbyterian Hospital; New York Blood Center,,,
https://openalex.org/A5100451667,Yuqi Wang,https://openalex.org/I205783295,Cornell University,2020,2020,https://openalex.org/I205783295,2020,2020,Shanxi Medical University; Jilin Medical University; Yangtze River Pharmaceutical Group (China); Nanjing Normal University; Jilin University; Henan University of Technology; First Hospital of Shanxi Medical University,Key Laboratory of Guangdong Province; Peking University; Agricultural Research Service; Lanzhou University; Shandong Agricultural University; Huazhong Agricultural University; Southwest University of Science and Technology; Washington University in St. Louis; Chinese Academy of Fishery Sciences; Sichuan Agricultural University; Ministry of Agriculture and Rural Affairs; Harbin University of Science and Technology; China Agricultural University; University of Groningen; Tianjin Agricultural University; South China Agricultural University; Chongqing University; Huazhong University of Science and Technology; Hainan University; South China University of Technology; Massachusetts Institute of Technology; National University of Singapore; Beijing Normal University; Qufu Normal University; Kyungpook National University; Cornell University; Crown Bioscience (China); Robert W. Holley Center for Agriculture & Health; Inner Mongolia University; Temasek Life Sciences Laboratory; Guangzhou University; State Key Laboratory of Oil and Gas Reservoir Geology and Exploitation,0000-0001-9075-1307,,
https://openalex.org/A5119098359,Julia Milczanowski,https://openalex.org/I205783295,Cornell University,2025,2025,https://openalex.org/I205783295,2025,2025,Cornell University,,,,
https://openalex.org/A5079802389,Christine Sedrak,https://openalex.org/I205783295,Cornell University,2012,2012,https://openalex.org/I205783295,2012,2012,,Memorial Sloan Kettering Cancer Center; Cornell University; Ain Shams University; Ludwig Cancer Research,,,
https://openalex.org/A5057467365,Mary A. Couch,https://openalex.org/I205783295,Cornell University,1960,1962,https://openalex.org/I205783295,1960,1962,Cornell University,York University,,,
https://openalex.org/A5022327399,Alexandra Satty,https://openalex.org/I205783295,Cornell University,2025,2025,https://openalex.org/I205783295,2025,2025,Memorial Sloan Kettering Cancer Center; Northwell Health; Cornell University; Weill Cornell Medicine,Cohen Children's Medical Center; Hofstra University,0000-0002-7840-860X,,
https://openalex.org/A5075979073,Christiann Dean,https://openalex.org/I205783295,Cornell University,1987,1987,https://openalex.org/I205783295,1987,1987,Cornell University,,,,
https://openalex.org/A5110265958,Robert E. Hunt,https://openalex.org/I205783295,Cornell University,1980,1980,https://openalex.org/I205783295,1980,1980,,Cornell University; Vanderbilt University; Battelle; Regional Medical Center; Walter Reed Army Institute of Research; University of Houston; Naval Medical Center Portsmouth; United States Department of Veterans Affairs; United States Army Medical Research Institute of Infectious Diseases; Waters (United States); Pharmacology Research Institute; Macquarie University,,,
https://openalex.org/A5043658281,John F. Heitner,https://openalex.org/I205783295,Cornell University,2017,2021,https://openalex.org/I205783295,2017,2021,,University of Minnesota Medical Center; Weill Cornell Medicine; New England Research (United States); Siemens (Germany); Northwestern University; Minneapolis VA Medical Center; Texas Health Dallas; New England Research Institutes; British Heart Foundation; University of Minnesota; NewYork–Presbyterian Brooklyn Methodist Hospital; University of Illinois Chicago; University of Utah; New York University; Albert Einstein College of Medicine; Tufts University; Clinical Research Institute; Methodist Hospital; University of Glasgow; GTx (United States); UW Health University Hospital; New York Hospital Queens; Hospital de Clínicas de Porto Alegre; University of Verona; Royal Perth Hospital; John F. Kennedy Center for the Performing Arts; University of Wisconsin–Madison; Duke University Hospital; Durham University; NewYork–Presbyterian Hospital; Harvard University; Oregon Health & Science University; Boston University; Houston Methodist; Montreal Heart Institute; Cornell University; Cedars-Sinai Medical Center; National Heart Lung and Blood Institute; Brigham and Women's Hospital; Duke University; Duke Medical Center; Stony Brook University Hospital; Society for Cardiovascular Magnetic Resonance; University of Calgary; Methodist Hospital; Massachusetts General Hospital; University of Michigan; NYU Langone Health; Tufts Medical Center,,,
https://openalex.org/A5109684350,J. Best,https://openalex.org/I205783295,Cornell University,2024,2024,https://openalex.org/I205783295,2024,2024,Cornell University; New York State Department of Environmental Conservation,,,,
https://openalex.org/A5111733198,R. C. FAY,https://openalex.org/I205783295,Cornell University,1973,1989,https://openalex.org/I205783295,1973,1989,,Cornell University,,,
https://openalex.org/A5038754555,Martin Schiffer,https://openalex.org/I205783295,Cornell University,1967,1969,https://openalex.org/I205783295,1967,1969,Cornell University; United States Department of Veterans Affairs,Maimonides Medical Center; Coney Island Hospital,,,
https://openalex.org/A5112861082,J. E. Duboscq,https://openalex.org/I205783295,Cornell University,1998,2009,https://openalex.org/I205783295,1998,2009,Cornell University,"University of Puerto Rico-Mayaguez; University of Oklahoma; The University of Texas at Austin; University at Albany, State University of New York; University of Cincinnati; Massachusetts Institute of Technology; Kobe University; Yonsei University; University of Kansas; Brookhaven National Laboratory; Ithaca College; University of Pittsburgh; Lawrence Livermore National Laboratory; The Ohio State University; Stanford University; Carleton University; Purdue University West Lafayette; University of Oregon; Indiana University Bloomington; Wayne State University; University of California, Santa Barbara; University of Minnesota; European Organization for Nuclear Research; Vanderbilt University; University of Florida; Campbell Collaboration; University of Victoria; California Institute of Technology; The University of Tokyo",,,
https://openalex.org/A5101362163,Jiacheng Yin,https://openalex.org/I205783295,Cornell University,2025,2025,https://openalex.org/I205783295,2025,2025,"Beijing University of Chinese Medicine; Anhui University of Science and Technology; China University of Petroleum, Beijing; Cornell University","The Synergetic Innovation Center for Advanced Materials; Hubei University; Xuzhou Medical College; Zhongshan Hospital; Hangzhou Dianzi University; Shenyang University of Technology; Huawei Technologies (China); Shaanxi University of Science and Technology; Sichuan Normal University; Fudan University; Chengdu University of Traditional Chinese Medicine; China XD Group (China); Lanzhou University; Nankai University; The First Affiliated Hospital, Sun Yat-sen University; Sun Yat-sen University",,,
https://openalex.org/A5085763290,Robert H. Kargon,https://openalex.org/I205783295,Cornell University,1963,1963,https://openalex.org/I205783295,1963,1963,,Royal Society; Johns Hopkins University; University of Baltimore; University of Illinois Urbana-Champaign; Museum of the History of Science; Cornell University,,,
https://openalex.org/A5087454198,Chu‐Lin Tsai,https://openalex.org/I205783295,Cornell University,2010,2010,https://openalex.org/I205783295,2010,2010,National Taiwan University; National Taiwan University Hospital,Min Sheng General Hospital; Cornell University; The University of Texas at Austin; Danbury Hospital; Baylor Scott & White All Saints Medical Center; Presbyterian Hospital; University of Colorado Hospital; Tri-Service General Hospital; University of Colorado Health; New York Hospital Queens; Kaiser Permanente; National Defense Medical Center; Chang Gung Memorial Hospital; GTx (United States); NewYork–Presbyterian Hospital; Texas A&M Health Science Center; Johns Hopkins Medicine; Baylor University Medical Center; Harvard University; Massachusetts General Hospital; Baylor Medical Center at Garland; The University of Texas Health Science Center at Houston; The University of Texas MD Anderson Cancer Center; National Yang Ming Chiao Tung University; John Peter Smith Hospital; National Sun Yat-sen University; Taipei Veterans General Hospital; Denver Health Medical Center; Mass General Brigham; Denver VA Medical Center; Johns Hopkins University; University of Colorado Denver,0000-0003-4639-1513,,
https://openalex.org/A5011236651,John W. Sipple,https://openalex.org/I205783295,Cornell University,1999,2019,https://openalex.org/I205783295,1999,2019,Cornell University; Center for Global Development,Health Affairs; University of Michigan; Ithaca College; Dartmouth College; Dartmouth Hospital,0000-0003-4057-8344,,
https://openalex.org/A5009996418,Jacques R. Fresco,https://openalex.org/I205783295,Cornell University,1960,1960,https://openalex.org/I205783295,1960,1960,,"Massachusetts General Hospital; New York University; Medical Research Council; Kettering University; John Wiley & Sons (United States); University of California, Berkeley; Harvard University; Saint Peter's University; Princeton University; MRC Laboratory of Molecular Biology; Weizmann Institute of Science; Cornell University; United States Public Health Service; American Heart Association; City Of Hope National Medical Center",0000-0002-5067-6733,,
https://openalex.org/A5049664584,Wolfgang Rindler,https://openalex.org/I205783295,Cornell University,1960,1961,https://openalex.org/I205783295,1960,1961,,Max Planck Institute for Physics; Max Planck Society; Max Planck Institute for Gravitational Physics; Southwest Center for Educational Excellence; University of Dallas; Seminary of the Southwest; Cornell University; The University of Texas at Dallas; Max Planck Institute for Astrophysics,,,
https://openalex.org/A5062070492,Wendy S. Weichert,https://openalex.org/I205783295,Cornell University,1995,2025,https://openalex.org/I205783295,1995,2025,Département Santé Animale; Cornell University,New York State College of Veterinary Medicine; University of Wisconsin–Madison,0000-0003-1726-8049,,
https://openalex.org/A5000058959,Stephen Nowicki,https://openalex.org/I205783295,Cornell University,1980,1986,https://openalex.org/I205783295,1980,1986,Emory University,"University of California, Davis; University of Maine; Rockefeller University; University of Nis; Purdue University West Lafayette; Princeton University; University of Kansas; Duke Medical Center; University of Bristol; Field Museum of Natural History; University of Alberta; Cornell University; University of Miami; Duke University; Institut für Urheber- und Medienrecht; Ludwig-Maximilians-Universität München; Emory and Henry College; Duke University Hospital; University of Kentucky; Tufts University; Theodore Roosevelt High School; University of South Carolina Beaufort",0000-0002-6564-905X,,
https://openalex.org/A5047321659,Ashley F. Melnick,https://openalex.org/I205783295,Cornell University,2013,2013,https://openalex.org/I205783295,2013,2013,University of Michigan,Michigan State University; Cornell University,0000-0001-5880-3074,,
https://openalex.org/A5067735064,A. Muray,https://openalex.org/I205783295,Cornell University,1981,1985,https://openalex.org/I205783295,1981,1985,Intel (United States),Cornell University; Schlumberger (United States),,,
https://openalex.org/A5076024832,Chris Skurka,https://openalex.org/I205783295,Cornell University,2017,2018,https://openalex.org/I205783295,2017,2018,Pennsylvania State University,Cornell University,0000-0002-0613-3475,,
https://openalex.org/A5100376759,David A. Schwartz,https://openalex.org/I205783295,Cornell University,2002,2017,https://openalex.org/I205783295,2002,2017,University of Colorado Denver; Vanderbilt University Medical Center; Thomas Jefferson University; University of Colorado Anschutz Medical Campus,"Emory University; St. Louis Children's Hospital; Dana-Farber Cancer Institute; University of Washington; Johns Hopkins University; United States Department of Veterans Affairs; University of Southern California; Framingham Heart Study; Merck & Co., Inc., Rahway, NJ, USA (United States); Vanderbilt University; Mayo Clinic in Arizona; Grady Memorial Hospital; University of Vermont; Cornell University; Brigham and Women's Hospital; The University of Texas at San Antonio; University of Colorado Hospital; Taipei Veterans General Hospital; Morgan Stanley (United States); Durham VA Medical Center; Public Health Department; Pediatrics and Genetics; University of Pennsylvania; Howard Hughes Medical Institute; The Netherlands Cancer Institute; University of Iowa; University of Colorado Health; National Institutes of Health; Pulmonary and Critical Care Associates; University of Arkansas at Little Rock; The Medical Center of Aurora; University of Rochester; University of Colorado System; University of California, San Francisco; National Jewish Health; University of Michigan; National Heart Lung and Blood Institute; Triangle; Oncode Institute; Medical University of South Carolina; Center for Human Genetics; Duke University; University of Washington Medical Center; Research Triangle Park Foundation; Stanford University; University of Colorado Boulder; Sir Charles Gairdner Hospital; Boston University; Pulmonary and Allergy Associates; National Institute of Environmental Health Sciences; Policy Analysis (United States); Duke University Hospital; Broad Institute; Harvard University; Florida College; Mallinckrodt (United States); University of British Columbia; Johns Hopkins Medicine; Yale University; Tulane University; University of South Florida; The University of Texas Southwestern Medical Center; Texas Biomedical Research Institute; Duke Medical Center; University of Iowa Hospitals and Clinics; Environmental Protection Agency; University of Minnesota; University of Arkansas for Medical Sciences; Institute of Occupational Medicine",0000-0001-6743-8443,,
https://openalex.org/A5027685919,Murray R. Berkowitz,https://openalex.org/I205783295,Cornell University,2020,2020,https://openalex.org/I205783295,2020,2020,,Southern Methodist University; Weill Cornell Medicine; University of Dallas; University of Minnesota System; Binghamton University; Texas State University; Towson University; Philadelphia College of Osteopathic Medicine; Cornell University; New York College of Podiatric Medicine; The University of Texas at Arlington; Presbyterian Hospital; Texas Instruments (United States); Institute For Defense Analyses,,,
https://openalex.org/A5089981814,Stefan Pohl,https://openalex.org/I205783295,Cornell University,2007,2007,https://openalex.org/I205783295,2007,2007,,Cornell University; The University of Melbourne; Data61,,,
https://openalex.org/A5056794714,Scott M. Grundy,https://openalex.org/I205783295,Cornell University,2001,2006,https://openalex.org/I205783295,2001,2006,Northern Health and Social Care Trust,"National Institute of Diabetes and Digestive and Kidney Diseases; Wellcome Sanger Institute; Institute of Art; Maricopa County Department of Public Health; University of Leicester; Washington University in St. Louis; Addenbrooke's Hospital; World Heart Federation; University of Pennsylvania Health System; Presbyterian Hospital; Gladstone Institutes; House of Representatives; University of Florida; Arizona Research Center; University of Oulu; Louisville Metabolic and Atherosclerosis Research Center; University of Ottawa; Greenville College; Broad Institute; Institut Pasteur de Lille; GlaxoSmithKline (United States); Karolinska Institutet; National Cancer Institute; University of Rochester; University of Leeds; University of California, San Francisco; University of Amsterdam; University of North Carolina at Chapel Hill; The University of Texas Health Science Center at San Antonio; Cornell University; Texas Medical Center; Harvard University; American Heart Association; St George's, University of London; Albert Einstein College of Medicine; University of California, Berkeley; University of Texas Health Science Center at Dallas; Cardiovascular Research Center; MRC Epidemiology Unit; Amsterdam UMC Location University of Amsterdam; VA North Texas Health Care System; Baylor University Medical Center; Cooper Institute; Medical Research Council; Wake Forest University; Tufts University; The Heart Research Institute; The University of Texas Southwestern Medical Center; Veterans Health Administration; National Institute of Arthritis and Musculoskeletal and Skin Diseases; Northwestern University; Columbia University Irving Medical Center; Massachusetts General Hospital; Harborview Medical Center; Southwestern Medical Center; University of Rochester Medical Center; University of California System; The University of Texas at Austin; Lung Institute; Translational Therapeutics (United States); Scripps Research Institute; State University of New York; Queen Mary University of London; William Harvey Research Institute; American College of Cardiology; Center for Human Genetics; United States Department of Veterans Affairs; Southern Methodist University; The University of Texas at Dallas; Institute for Molecular Medicine Finland; Southwestern University; University of California San Diego Medical Center; Harvard University Press; University Hospital of Lausanne; University of Bristol; American Historical Association; University of Bonn; Phoenix Indian Medical Center; University of California, San Diego; University of Cambridge; GTx (United States); Iowa State University; Oregon Health & Science University; National Institutes of Health; Unité de Nutrition Humaine; Baylor University; Boston University; Framingham Heart Study; Imperial College London; University of Alabama at Birmingham; University of Pennsylvania; Erasmus MC; Children's Hospital of Philadelphia; Merck & Co., Inc., Rahway, NJ, USA (United States); Washington School of Psychiatry; National Institute on Aging; Cedars-Sinai Medical Center; Karolinska University Hospital; Southwestern Medical Foundation; American Diabetes Association; Rockefeller University; George Washington University; Boehringer Ingelheim (United States); University of Washington; University of Helsinki; Brigham and Women's Hospital; Pfizer (United States); Northwest Clinical Research Center; Business Roundtable; Nutrition 21 (United States); Memorial Hermann; MedStar Washington Hospital Center; Clinical Research of South Florida; Howard Hughes Medical Institute; Institute of Genetic and Biomedical Research; HumanN (United States); Large Marine Vertebrates Research Institute Philippines; Massachusetts Institute of Technology; GlaxoSmithKline (United Kingdom); University of Michigan; Cleveland Clinic; National Heart Lung and Blood Institute; Finnish Institute for Health and Welfare; Medical University of South Carolina",0000-0003-2956-7900,,
https://openalex.org/A5078869065,Hua Yang,https://openalex.org/I205783295,Cornell University,2004,2022,https://openalex.org/I205783295,2004,2022,Chongqing University; Hunan University; Tongji University; Jishou University; China Pharmaceutical University; Xinjiang Academy of Agricultural and Reclamation Science; Shanghai Pulmonary Hospital; Shihezi University; First People's Hospital of Chongqing; Deyang Stomatological Hospital; Hunan City University,Hubei University for Nationalities; Chongqing Medical University; Simon Fraser University; Northwest University; Peking Union Medical College Hospital; Children’s Hospital of Fudan University Xiamen Branch; NewYork–Presbyterian Hospital; Ministry of Education of the People's Republic of China; Second Affiliated Hospital of Chongqing Medical University; Guiyang Medical University; Children's Hospital of Philadelphia; Naval University of Engineering; Army Medical University; China Power Engineering Consulting Group (China); Hubei University of Medicine; Capital University of Economics and Business; Guangxi University; Hypertension Institute; Moffitt Cancer Center; Hunan Agricultural University; Xiamen University; New York Hospital Queens; Nanchong Central Hospital; Shanxi University; Xinqiao Hospital; Dalian Medical University; USF Health Byrd Alzheimer's Institute; University of South Florida; Eastern Liaoning University; Children's Hospital of Chongqing Medical University; Xiamen Maternal and Child Health Hospital; China-Japan Friendship Hospital; AOL (United States); Shanghai Research Institute of Sports Science; Nanjing Brain Hospital; Union Hospital; Northwest University; Chinese Academy of Medical Sciences & Peking Union Medical College; Novem (Netherlands); Weill Cornell Medicine; Hefei University of Technology; Beijing Hospital; Animal Science Research Institute; ZheJiang Academy of Agricultural Sciences; Shandong Agricultural University; Sichuan Normal University; Second Military Medical University; Xuan Wu Hospital of the Capital Medical University; Yichang Central People's Hospital; Nanfang Hospital; Xinjiang Production and Construction Corps; Hubei University; Shanghai Clinical Research Center; Jilin University; Cornell University,0000-0003-4993-7796,,
https://openalex.org/A5036951995,Óscar Rodrı́guez,https://openalex.org/I205783295,Cornell University,2022,2023,https://openalex.org/I205783295,2022,2023,Universidad de La Sabana,University of Louisville; Universidad de La Laguna; University of Washington; Universidade Federal do Ceará; Universidad Metropolitana; The University of Texas Rio Grande Valley; Universitat de les Illes Balears; Metropolitan University of Technology; IRIS Technology Solutions (Spain); Universidade de Santiago de Compostela; Iris Technology (United States); Cornell University; Tecnológico de Monterrey,0000-0002-4317-193X,,
https://openalex.org/A5045828051,Yi Zheng,https://openalex.org/I205783295,Cornell University,1999,1999,https://openalex.org/I205783295,1999,1999,Second Affiliated Hospital of Soochow University; Chinese Academy of Sciences; Yunnan Agricultural University; Soochow University; Central University of Finance and Economics; Zunyi Medical University; Second Affiliated Hospital of Chongqing Medical University; Zhejiang Normal University; Beijing University of Posts and Telecommunications; First Affiliated Hospital of Henan University; Sichuan Agricultural University; Dalian Medical University; Ministry of Education of the People's Republic of China; Chongqing Medical University; First Affiliated Hospital Zhejiang University; First People’s Hospital of Zunyi; Dalian Institute of Chemical Physics; Yunnan Open University; Army Medical University,"Inner Mongolia Agricultural University; Harvard University; University of Arizona; University of California, San Francisco; University of Utah; West China Hospital of Sichuan University; Simon Fraser University; Stony Brook University; Institute of Biophysics; Aviation General Hospital; Hainan 301 Hospital; University of Oxford; Hubei Provincial Center for Disease Control and Prevention; China Agricultural University; China Medical University; Fujian Normal University; Yangtze University; Huazhong University of Science and Technology; Florida College; First Affiliated Hospital of Wenzhou Medical University; Cornell University; Massachusetts Institute of Technology; Hunan Agricultural University; University of Florida; Rockefeller University; Fujian Women and Children Hospital; Tung Fang Design Institute; Institut National de la Recherche Scientifique; Infinitus (China); Xinqiao Hospital; Jiangsu University; University of Pennsylvania; Hubei Provincial Hospital of Traditional Chinese Medicine; Brigham and Women's Hospital; Beijing Institute of Fashion Technology; Sichuan University; Massachusetts General Hospital; Hubei University of Chinese Medicine; Wenzhou Medical University",0000-0002-5945-4432,,
https://openalex.org/A5067891615,Miroslav Polášek,https://openalex.org/I205783295,Cornell University,1996,1996,https://openalex.org/I205783295,1996,1996,"Czech Academy of Sciences, J. Heyrovský Institute of Physical Chemistry; Trencianska Univerzita Alexandra Dubceka V Trencine","Merck & Co., Inc., Rahway, NJ, USA (United States); NTT (Japan); University of Washington; University of Trento; Czech Academy of Sciences, Institute of Analytical Chemistry; Russian Academy of Sciences; Charles University; University of Leicester; Chalmers University of Technology; Ricardo Prague (Czechia); University of Defence; University of Toronto; Novartis (Switzerland); Czech Academy of Sciences, Institute of Organic Chemistry and Biochemistry; Cornell University; Universität Ulm; University of Hradec Králové; Czech Academy of Sciences; Freie Universität Berlin; University of Rostock",0000-0003-3753-4738,,
https://openalex.org/A5016808498,Chun‐Li Su,https://openalex.org/I205783295,Cornell University,1994,1994,https://openalex.org/I205783295,1994,1994,National Taiwan Normal University,National Yang Ming Chiao Tung University; Kaohsiung Medical University; Chang Jung Christian University; Cornell University; National Institutes of Health; New York State College of Veterinary Medicine; National Institute of Diabetes and Digestive and Kidney Diseases; National Cheng Kung University,0000-0001-7617-2077,,
https://openalex.org/A5055012140,Andrew R. Trenka,https://openalex.org/I205783295,Cornell University,1962,1966,https://openalex.org/I205783295,1962,1966,University of Hawaii System,United States Department of the Army; University of Hawaiʻi at Mānoa; Curtiss-Wright (United States); Cornell University; Beijing Solar Energy Research Institute; Pacific International Center for High Technology Research,,,
https://openalex.org/A5102109729,C. V. Rao,https://openalex.org/I205783295,Cornell University,1972,1972,https://openalex.org/I205783295,1972,1972,University of Wisconsin–Madison,Vikram University; Cornell University; Andhra University,,,
https://openalex.org/A5101608323,Yuling Han,https://openalex.org/I205783295,Cornell University,2020,2025,https://openalex.org/I205783295,2020,2025,Shenyang Pharmaceutical University; Shandong University; Institute of Zoology; Qilu Hospital of Shandong University; Chinese Academy of Tropical Agricultural Sciences; Beijing Center for Disease Prevention and Control; Chinese Academy of Sciences; Genomic Health (United States); Capital Medical University; University of Chinese Academy of Sciences; Tropical Crops Genetic Resources Institute; Weill Cornell Medicine; State Key Laboratory of Stem Cell and Reproductive Biology; Cornell College; Cornell University,Lanzhou University; Huazhong University of Science and Technology; Dalian Medical University; Chongqing Medical University; Huazhong Agricultural University; Xi'an University of Technology; Children's Hospital; Shanxi Normal University; China Jiliang University; University of Regensburg; Second Affiliated Hospital of Chongqing Medical University; Tianjin Children's Hospital; Guangdong University of Technology; Tianjin University; Southwest Forestry University; Inner Mongolia Medical University; Institute of Biophysics,0000-0002-6805-4094,,
https://openalex.org/A5110101723,Mark H. Perrone,https://openalex.org/I205783295,Cornell University,1980,1981,https://openalex.org/I205783295,1980,1981,Novartis (United States),Genomics Institute of the Novartis Research Foundation; Deborah Heart and Lung Center; Harvard University; Istituti di Ricovero e Cura a Carattere Scientifico; La Roche College; University of Rochester; Abbott Fund; Centro di Riferimento Oncologico della Basilicata; Eli Lilly (United States); Cornell University; Bristol-Myers Squibb (Germany); Absorption Systems (United States); Hodges University; Sterling Research Group (United States); New York State Department of Health; Bristol-Myers Squibb (United States); Magna Graecia University; Rensselaer Polytechnic Institute; Institut des Sciences Biologiques; Wadsworth Center; Scripps Health,,,
https://openalex.org/A5063019096,Anže Švara,https://openalex.org/I205783295,Cornell University,2024,2025,https://openalex.org/I205783295,2024,2025,Plant (United States); University of Saskatchewan; KU Leuven; Cornell University,Vlaams Instituut voor Biotechnologie,0000-0001-9025-7253,,
https://openalex.org/A5035188071,Y. Liu,https://openalex.org/I205783295,Cornell University,1996,1996,https://openalex.org/I205783295,1996,1996,"University of California, Santa Barbara",Cornell University; University of Colorado Boulder,,,
https://openalex.org/A5071805357,Robert D. Gray,https://openalex.org/I205783295,Cornell University,1970,1971,https://openalex.org/I205783295,1970,1971,University of Louisville; NHS Tayside; West Hertfordshire Hospitals NHS Trust; University of Glasgow; University of East Anglia; Watford General Hospital; Ninewells Hospital,Pennsylvania State University; University of Bergen; The Queen's Medical Research Institute; California Institute of Technology; Cystic Fibrosis Trust; University of Louisville Hospital; Prostate Cancer Research; University of Dundee; University College London; James Graham Brown Foundation; Cornell University; University of Bristol; Target (United States); University of Pennsylvania; Medical Research Institute; Centre for Inflammation Research; United States Air Force; Vall d'Hebron Hospital Universitari; Western General Hospital; Whale Center of New England; University of Edinburgh; U.S. Air Force Institute of Technology; University of Pennsylvania Press; University of Naples Federico II; University of Iowa; City College of New York; University of Pittsburgh; National Hospital for Neurology and Neurosurgery; University of Lisbon; Philadelphia University; MRC Laboratory for Molecular Cell Biology; Queen's Medical Centre,0000-0002-2203-2703,,
https://openalex.org/A5110085328,Giuseppe Del Priore,https://openalex.org/I205783295,Cornell University,2008,2008,https://openalex.org/I205783295,2008,2008,Grady Health System; Morehouse School of Medicine,Indiana University School of Medicine; Montefiore Medical Center; Cornell University; New Hope Fertility Center; Chelsea and Westminster Hospital; Indiana University – Purdue University Indianapolis; University of Rochester Medical Center; Royal Free London NHS Foundation Trust; Icahn School of Medicine at Mount Sinai; International University for Graduate Studies; Polytechnic University of San Luis Potosí; Northwestern University; University of Indianapolis; St Peter's Hospital; University of Pittsburgh; American Congress of Obstetricians and Gynecologists; New York University; William Harvey Hospital; St Mary's Hospital; Yale University; Texas Health Dallas; NYU Langone Health; Southeastern Health; Leighton Hospital; Indiana University; University of London; Albert Einstein College of Medicine; Royal Veterinary College; Indiana University Health; Assiut University; Charing Cross Hospital; Cancer Treatment Centers of America; Grady Memorial Hospital; American College of Financial Services; Bellevue Hospital Center; Yeshiva University; Lower Manhattan Hospital; Imperial College London; Hammersmith Hospital; Beijing Obstetrics and Gynecology Hospital; University of Rochester; Columbia University Irving Medical Center; Ark Therapeutic (United States); University Dermatology,,,
https://openalex.org/A5032838535,Moneeza Walji,https://openalex.org/I205783295,Cornell University,2025,2025,https://openalex.org/I205783295,2025,2025,Kettering University; Memorial Sloan Kettering Cancer Center,Cornell University,,,
https://openalex.org/A5012955086,Riccardo Dalla‐Favera,https://openalex.org/I205783295,Cornell University,1998,2009,https://openalex.org/I205783295,1998,2009,Columbia University; Cancer Genetics (United States),"Johns Hopkins University; Indiana University – Purdue University Indianapolis; University of California, San Francisco; University of Perugia; Università degli Studi del Piemonte Orientale “Amedeo Avogadro”; University Hospital Cologne; University of Milan; IBM Research - Thomas J. Watson Research Center; Columbia University Irving Medical Center; National Cancer Institute; Vita-Salute San Raffaele University; Institut thématique Génétique, génomique et bioinformatique; NewYork–Presbyterian Hospital; University of Turin; Inserm; Roosevelt Institute; Texas Oncology; New York Proton Center; Johns Hopkins Medicine; New York University; University of Bologna; Freie Universität Berlin; Cornell University; Scripps Research Institute; Franklin University; Herbert Irving Comprehensive Cancer Center; Centro di Riferimento Oncologico; Centre international de recherche sur le cancer; National Institutes of Health; New York Genome Center; Azienda Socio Sanitaria Territoriale Grande Ospedale Metropolitano Niguarda; Florida College; Istituti di Ricovero e Cura a Carattere Scientifico; Ospedale Maggiore; Memorial Sloan Kettering Cancer Center; University of Cologne; Fondazione IRCCS Istituto Nazionale dei Tumori; Università Cattolica del Sacro Cuore; National Institute of Allergy and Infectious Diseases; Northwestern University; Medical City Children's Hospital; Penn Presbyterian Medical Center; University of Padua; Howard Hughes Medical Institute; University of Colorado Health; Kaplan (United States); Molecular Oncology (United States); Institute for Molecular Medicine; Goethe University Frankfurt; Mayo Clinic in Arizona; University Medical Center; The Wistar Institute; National Center on Addiction and Substance Abuse at Columbia University; University of Florida; Stanford University; University of Cincinnati",0000-0002-3502-8826,,
https://openalex.org/A5110197333,Margaret Sewell,https://openalex.org/I205783295,Cornell University,1998,2000,https://openalex.org/I205783295,1998,2000,Icahn School of Medicine at Mount Sinai,Centers for Disease Control and Prevention; New York State Psychiatric Institute; Australia Bioinformatics Resource; University of Missouri–Kansas City; University of Washington; Ithaca College; New York Psychoanalytic Society and Institute; Cornell University; Aaron Diamond AIDS Research Center; Mount Sinai Hospital,,,
https://openalex.org/A5057571524,Serge Przedborski,https://openalex.org/I205783295,Cornell University,1994,1995,https://openalex.org/I205783295,1994,1995,New York Hospital Queens; Columbia University Irving Medical Center; Columbia University; NewYork–Presbyterian Hospital,"Yale University; University of Bologna; The Neurological Institute; North Shore University Hospital; New York University; New York Psychoanalytic Society and Institute; Children's Hospital of Philadelphia; Uppsala University Hospital; Inserm; Harvard University; Royal College of Physicians; Johnson University; University of South Alabama; New York College of Health Professions; Nutrition Sciences (Belgium); Erasmus Hospital; New York State Psychiatric Institute; Albert B. Chandler Hospital; National Institute of Mental Health; Johns Hopkins University; Amyotrophic Lateral Sclerosis Association; Faculty of 1000 (United States); University of Nebraska Medical Center; Allegheny College; Université Libre de Bruxelles; Georgetown University; Cornell University; Massachusetts General Hospital; Medical University of Vienna; Center for Clinical Research (United States); BioScience Laboratories (United States); University of Massachusetts Chan Medical School; Columbia College; New York Proton Center; University of Vienna; National Institutes of Health; Dana-Farber Cancer Institute; Creighton University; Centre for Movement Disorders; National Institute on Drug Abuse; Howard Hughes Medical Institute; Brigham and Women's Hospital; Boston University; University of Rochester; University of Pennsylvania; Carleton University; Centre international de recherche sur le cancer; Gènes, synapses et cognition; University of Pittsburgh; National Cancer Institute; Neurology, Inc",0000-0002-7283-3883,,
https://openalex.org/A5048116481,W. D. Hagamen,https://openalex.org/I205783295,Cornell University,1963,2003,https://openalex.org/I205783295,1963,2003,Cornell University,Dartmouth College,,,
https://openalex.org/A5061589054,Roger Wrubel,https://openalex.org/I205783295,Cornell University,1982,1982,https://openalex.org/I205783295,1982,1982,University of Massachusetts Boston,"Cornell University; Tufts University; University of California, Berkeley; Marymount University",,,
https://openalex.org/A5032124671,Thomas F. Randolph,https://openalex.org/I205783295,Cornell University,1986,1986,https://openalex.org/I205783295,1986,1986,,Agricultural & Applied Economics Association; Vrije Universiteit Amsterdam; Cornell University; International Livestock Research Institute,0000-0003-1849-9877,,
https://openalex.org/A5048544465,Hüseyin Topaloğlu,https://openalex.org/I205783295,Cornell University,2004,2025,https://openalex.org/I205783295,2004,2025,Cornell University,Ithaca College; Princeton University,0000-0002-3049-6719,,
https://openalex.org/A5008681007,James M. Weinberger,https://openalex.org/I205783295,Cornell University,2013,2013,https://openalex.org/I205783295,2013,2013,"University of California, Los Angeles; University of California, San Diego","University of California, San Francisco; Rigshospitalet; Cedars-Sinai Medical Center; University of Southern California; Yale University; Neurological Surgery; Tel Aviv University; Ronald Reagan UCLA Medical Center; University of Alberta; Institute of Cancer Research; The University of Texas MD Anderson Cancer Center; Children's Cancer Center; Lund University; Case Western Reserve University; Cornell University; WinnMed; New York Proton Center; Sheba Medical Center; Duke Medical Center; Baylor Genetics; Colorado Center for Reproductive Medicine; University of Copenhagen; Wayne State University; Memorial Sloan Kettering Cancer Center; Baylor College of Medicine; Danish Cancer Society; Umeå University; Brigham and Women's Hospital; Mayo Clinic; NorthShore University HealthSystem",0000-0001-7396-1492,,
https://openalex.org/A5111650659,Clifford Y. Ko,https://openalex.org/I205783295,Cornell University,2025,2025,https://openalex.org/I205783295,2025,2025,"Yale University; John A. Hartford Foundation; West Los Angeles College; University of California, Los Angeles; VA Greater Los Angeles Healthcare System; Presbyterian Hospital; American College of Surgeons; Loyola University Medical Center; Angelo State University; University of Cambridge; University at Buffalo, State University of New York; University of Delaware; Cornell University; Baylor University Medical Center","Dana-Farber Cancer Institute; University of Arizona; Inova Fairfax Hospital; Woman's Hospital; Johns Hopkins University; Los Angeles Medical Center; American Society of Anesthesiologists; Pasadena City College; University of Chicago; University of Indianapolis; National Patient Safety Foundation; Norwegian Womens Public Health Association; American Medical Association; NorthShore University HealthSystem; John Cochran VA Medical Center; New York University; Southern Arizona VA Health Care System; Indiana University School of Medicine; Health Net; RealNetworks (United States); Indiana University – Purdue University Indianapolis; University of Pittsburgh; Optimal Solutions (United States); Olive View-UCLA Medical Center; Northwestern Medicine; John Peter Smith Hospital; University of California, Irvine; University of Toronto; Vanderbilt University; University of Southern California; University of Florida; University of Chicago Medical Center; University Medical Center; University of California System; Angeles University Foundation; Sunnybrook Health Science Centre; The Ohio State University; American Cancer Society; American Society of Clinical Oncology; American Association for the Surgery of Trauma; Washington University in St. Louis; Indiana University Health; Southern Illinois University School of Medicine; Center For Reconstructive Urethral Surgery; Scott & White Memorial Hospital; Massachusetts General Hospital; UCLA Medical Center; Allegheny General Hospital; University of Maryland, Baltimore; RAND Corporation; University of British Columbia; Memorial Sloan Kettering Cancer Center; City Of Hope National Medical Center; University of Vermont; Saint Francis Medical Center; American Society of Colon and Rectal Surgeons; The Medical Center of Aurora; Harvard University; Beth Israel Deaconess Medical Center; BJC HealthCare; Lahey Hospital and Medical Center; Oklahoma State University Center for Health Sciences; University of California Davis Medical Center; Burlington College; Emory University; Stanford University; Brigham and Women's Hospital; Florida College; University of Minnesota; Northwestern University; University of Colorado Health; UCLA Health; Fielding Graduate University; The Ohio State University Wexner Medical Center; VA West Los Angeles Medical Center; American College of Financial Services; Quality and Reliability (Greece); Roswell Park Comprehensive Cancer Center; Cedars-Sinai Medical Center; American Surgical Association; Arizona State University; University of Pittsburgh Medical Center; Health Services Research & Development; Mayo Clinic in Arizona; Duke University; VA North Texas Health Care System; Uniformed Services University of the Health Sciences; Richard L. Roudebush VA Medical Center; Methodist Hospital; Agency for Healthcare Research and Quality; University of Alabama at Birmingham; May Institute; James Cook University; Ronald Reagan UCLA Medical Center; University of California, San Francisco; University of Pennsylvania; American Society for Metabolic and Bariatric Surgery; Health Sciences Centre; NSABP Foundation; University of Rochester Medical Center; Robert Wood Johnson Foundation; Society of Thoracic Surgeons; Cancer Research Institute; Merck (Germany); UCLA Jonsson Comprehensive Cancer Center; St. Francis Medical Center",0000-0003-3186-8673,,
https://openalex.org/A5112150920,David G. Folks,https://openalex.org/I205783295,Cornell University,1995,1995,https://openalex.org/I205783295,1995,1995,,Birmingham VA Medical Center; Philadelphia University; Behavioral Health Services; MaineGeneral Medical Center; Indiana University – Purdue University Indianapolis; University of Nebraska Medical Center; New Hampshire Hospital; University of Nebraska at Omaha; Creighton University; CHI Health Creighton University Medical Center - Bergan Mercy; Cornell University; Vanderbilt University; University of Alabama at Birmingham; Vanderbilt University Medical Center; Washington University Medical Center; Richard L. Roudebush VA Medical Center; University of Mississippi Medical Center; University of Alabama; Emory University,,,
https://openalex.org/A5100604982,Sang-Hyuk Lee,https://openalex.org/I205783295,Cornell University,1996,1996,https://openalex.org/I205783295,1996,1996,Ulsan National Institute of Science and Technology,Korea Research Institute of Standards and Science; Princeton University; Chungbuk National University; Cornell University; Ajou University; Korea Institute of Machinery and Materials; Korea Aerospace University; Korea National University of Education; University of Minnesota,0000-0003-1594-4584,,
https://openalex.org/A5051383994,Mamadou A. Bah,https://openalex.org/I205783295,Cornell University,2025,2025,https://openalex.org/I205783295,2025,2025,Université Kofi Annan de Guinée; Ignace Deen Hospital; Weill Cornell Medicine; Cornell University,Epidemic Intelligence Service; Mali-Folkecenter; The Wistar Institute; Memorial Sloan Kettering Cancer Center; Tulane University; Ministère de la Santé et de l'Hygiène Publique; University of Bamako; Gamal Abdel Nasser University of Conakry; Swim Across America; Microbial ID (United States); Donka Hospital; Centers for Disease Control and Prevention,0000-0002-3238-1085,,
https://openalex.org/A5037443570,A. Matulionis,https://openalex.org/I205783295,Cornell University,2004,2004,https://openalex.org/I205783295,2004,2004,,"Virginia Commonwealth University; Lithuanian Academy of Sciences; Kyma Technologies (United States); Latvian Environment, Geology and Meteorology Centre (Latvia); Center for Physical Sciences and Technology; Kazimieras Simonavičius University; Cornell University; Institute of Semiconductor Physics; Lithuanian Social Research Centre; Vilnius University",,,
https://openalex.org/A5053619303,Lawrence B. Schwartz,https://openalex.org/I205783295,Cornell University,2002,2006,https://openalex.org/I205783295,2002,2006,Kettering University,"Harvard University; Nichia Corporation (Japan); St. Joseph Hospital; Memorial Sloan Kettering Cancer Center; MetroHealth Medical Center; Medical University of Vienna; Washington University in St. Louis; Virginia Commonwealth University Medical Center; ENT and Allergy; Good Samaritan Medical Center; National Jewish Health; McMaster University; Scripps Health; University of South Florida; Good Samaritan Hospital Medical Center; Garden City Community College; Stony Brook University; University of Pennsylvania; MetroHealth; University of Virginia; Charlottesville Medical Research; Laboratoire Analyse, Géométrie et Applications; Philadelphia University; American Academy of Allergy, Asthma and Immunology; University of Basel; Cleveland Clinic; National Institute of Allergy and Infectious Diseases; Good Samaritan Regional Medical Center; Uppsala University; Nassau University Medical Center; University Health System; University of Richmond; Vanderbilt University Medical Center; St. Joseph's Hospital; Brigham and Women's Hospital; University of Rochester; Cornell University; Legacy Good Samaritan Medical Center; University of Wisconsin–Madison; University of Lübeck; University Hospital of Basel; Virginia Commonwealth University; National Clinical Research; Columbia University Irving Medical Center; Centre de Radiothérapie Bayard; University of Washington; University of Colorado Health; Scripps Clinic; National Institutes of Health; Good Samaritan Hospital; Mayo Clinic; State University of New York; University of Vienna; Johns Hopkins University; University of Colorado Denver; General Department of Preventive Medicine; Fondazione Audiologica Varese",0000-0002-4379-6729,,
https://openalex.org/A5044255034,Luis A. Bracero,https://openalex.org/I205783295,Cornell University,1993,1993,https://openalex.org/I205783295,1993,1993,South Shore Hospital; Hofstra University; Northwell Health; North Shore Diabetes and Endocrine Associates,Jacobi Medical Center; Cornell University; Charleston Area Medical Center; Donald & Barbara Zucker School of Medicine at Hofstra/Northwell; State University of New York; Maimonides Medical Center; Harvard University; Winthrop-University Hospital; University of Charleston; NewYork–Presbyterian Hospital; Albert Einstein College of Medicine; North Shore University Hospital; Jamaica Hospital; New York Medical College; Stony Brook University; Yeshiva University; Bethesda North Hospital; Westchester Medical Center; West Virginia University; Columbia University,0000-0003-0625-9331,,
https://openalex.org/A5013212578,Hendryck A. Gellineau,https://openalex.org/I205783295,Cornell University,2017,2017,https://openalex.org/I205783295,2017,2017,,Cornell University; Ithaca College,0000-0002-1270-9741,,
https://openalex.org/A5010186349,Robert Hood,https://openalex.org/I205783295,Cornell University,1981,1981,https://openalex.org/I205783295,1981,1981,,Ames Research Center; SRA International (United States); Langley Research Center; Florida Department of Health; Rice University; Cornell University,,,
https://openalex.org/A5051036717,Valerie P. Hans,https://openalex.org/I205783295,Cornell University,1986,2025,https://openalex.org/I205783295,1986,2025,University of Delaware; Cornell University,DePaul University; Adelphi University; University of Notre Dame; Allegheny College; American University; Florida State University; Villanova University; College of Law; AdventHealth Tampa; National Center for State Courts; U.S. National Science Foundation; Illinois Institute of Technology; University of Exeter; Simon Fraser University; University of Massachusetts Chan Medical School; Indiana University,0000-0003-4470-5478,,
https://openalex.org/A5036684173,David Dugue,https://openalex.org/I205783295,Cornell University,2025,2025,https://openalex.org/I205783295,2025,2025,Presbyterian Hospital; New York Hospital Queens; Columbia University; Columbia University Irving Medical Center; NewYork–Presbyterian Hospital; Cornell University,Temple University; Temple University Hospital,,,
https://openalex.org/A5110240169,Kent A. Gossett,https://openalex.org/I205783295,Cornell University,1991,1991,https://openalex.org/I205783295,1991,1991,New Frontier; Thomas Jefferson University,Rensselaer Polytechnic Institute; Drug Safety Research Unit; Texas A&M University; Veterinary Medical Teaching Hospital; New York State College of Veterinary Medicine; Oklahoma State University; St George's Park; American Society for Clinical Pathology; Louisiana State University Agricultural Center; Louisiana State University; Purdue University West Lafayette; Sterling Research Group (United States); Cornell University,,,
https://openalex.org/A5002593314,J. Mecham,https://openalex.org/I205783295,Cornell University,2020,2020,https://openalex.org/I205783295,2020,2020,Cornell University; Center for Global Development,,,,
https://openalex.org/A5005602079,S.S. Hemami,https://openalex.org/I205783295,Cornell University,1995,2013,https://openalex.org/I205783295,1995,2013,Film Independent,School of Visual Arts; Idiap Research Institute; Draper Laboratory; Small Business Administration; Canadian Standards Association; National Chung Hsing University; Northampton Community College; Conference Board; University of Illinois Urbana-Champaign; Institute of Electrical and Electronics Engineers; Northeastern University; Cornell University; Curtiss-Wright (United Kingdom); Gorgias Press (United States); City University of Macau; Auburn University; City University of New York; Manitoba Hydro; University of Potsdam; University of Macau; University of Southampton; Stanford University; Florida Atlantic University; Ithaca College,,,
https://openalex.org/A5041912334,Joyce O’Shaughnessy,https://openalex.org/I205783295,Cornell University,2019,2024,https://openalex.org/I205783295,2019,2024,Texas Oncology; Baylor University; Baylor University Medical Center; Sarah Cannon; The US Oncology Network,"The University of Texas MD Anderson Cancer Center; Université de Versailles Saint-Quentin-en-Yvelines; National University College; Saitama Cancer Center; Mayo Clinic in Florida; Seoul National University; Medical University of Vienna; Institut Curie; Harbin Medical University; National Hospital Organization Kyushu Cancer Center; Massachusetts General Hospital; Hospital São Lucas da PUCRS; University of Colorado Cancer Center; Eli Lilly (Spain); Canon (United States); Pontifícia Universidade Católica do Rio Grande do Sul; Tennessee Oncology; Nektar Therapeutics (United States); The Royal Melbourne Hospital; National Cancer Center; Magee-Womens Hospital; CEA Valduc; Broomfield Hospital; Research Network (United States); Evangelisches Krankenhaus Bethesda Mönchengladbach; Incyte (United States); McKesson (United States); University Hospital Coventry; Campbell Clinic; Northwestern Memorial Hospital; National Institutes of Health; SUNY Upstate Medical University; NYU Langone Health; Indiana University Health; UCLA Jonsson Comprehensive Cancer Center; Eisai (United Kingdom); UF Health Cancer Center; Stony Brook School; University of Southern California; University of Leeds; Centre Jean Perrin; Orlando Health; Ludwig-Maximilians-Universität München; Okayama University; Royal Marsden Hospital; University of Colorado Denver; Roche (United States); Third Affiliated Hospital of Harbin Medical University; Cornell University; Harvard University; National Cancer Institute; Roche (Switzerland); Eli Lilly (United States); Hospital Clínico San Carlos; University of Padua; Université Paris-Saclay; Virginia Cancer Specialists; Fox Chase Cancer Center; Virginia Oncology Associates; Institute of Cancer Research; Masaryk Memorial Cancer Institute; Public.Resource.Org; Universidad Europea; Stanford University; Universitair Ziekenhuis Leuven; Jehangir Hospital; University of Miami; National Eye Institute; Memorial Sloan Kettering Cancer Center; Royal Marsden NHS Foundation Trust; University of California, Los Angeles; Fudan University Shanghai Cancer Center; Roche (France); Institut Gustave Roussy; Centre Eugène Marquis; Arizona Oncology; New York Oncology Hematology; Vanderbilt-Ingram Cancer Center; Sylvester Comprehensive Cancer Center; Novartis (Switzerland); Mount Vernon Cancer Centre; Harrington Cancer Center; Western Hospital; Universidad Complutense de Madrid; Université Libre de Bruxelles; Jacksonville College; Hospital of Prato; Eisai (United States); Cancer Institute (WIA); Highlands Oncology Group; Institut Jules Bordet; Loyola University Chicago; Instituto Nacional de Cancerología; The University of Texas Southwestern Medical Center; University of California, San Francisco; SWOG Cancer Research Network; Rocky Mountain Cancer Centers; Dana-Farber Cancer Institute; Cooper Clinic; University of Pittsburgh Medical Center; BC Cancer Agency; University of Utah; St. Jude Children's Research Hospital; University of Warwick; Northwestern University; Institut Claudius Regaud; Sarah Cannon Research Institute; Mayo Clinic in Arizona; Cancer Research Center; St James's University Hospital; Loyola University Medical Center; University of Florida Health; Texas Health Dallas; Stony Brook University Hospital; Vall d'Hebron Hospital Universitari",0000-0002-2955-5523,,
https://openalex.org/A5008478119,Gilbert S. Omenn,https://openalex.org/I205783295,Cornell University,1981,2011,https://openalex.org/I205783295,1981,2011,University of Michigan,"Michigan Cancer Research Consortium; National University Health System; Woods Hole Oceanographic Institution; Huntington Hospital; University Health System; Office of Management; United States Public Health Service; National Institute of Arthritis and Musculoskeletal and Skin Diseases; Cancer Research Center; Brookhaven National Laboratory; Fred Hutch Cancer Center; Michigan United; Health Alliance International; University of Iowa; Centre for Cellular and Molecular Biology; Swedish Medical Center; Robert Wood Johnson Foundation; Harborview Medical Center; Beth Israel Deaconess Medical Center; Princeton University; University of Verona; Harvard University Press; Regional West Medical Center; Pacific Northwest National Laboratory; Seattle University; Van Andel Institute; InSysBio (Russia); Executive Office of the President; Center for Environmental Health; VA Ann Arbor Healthcare System; Michigan Center for Translational Pathology; The White House; Cornell University; Andrews University; National Cancer Institute; Ann Arbor Center for Independent Living; Computational Physics (United States); Massachusetts General Hospital; Harvard University; Universidad del Noreste; Boys Town National Research Hospital; National Academies of Sciences, Engineering, and Medicine; Office of Science and Technology Policy; Amgen (Germany); Case Western Reserve University; University of Washington Medical Center; Mayo Clinic; Universidade de Santiago de Compostela; National Academy of Sciences; Carnegie Mellon University; Washtenaw Community College; American Conference of Governmental Industrial Hygienists; Institute for Systems Biology; ROHM; A. Alfred Taubman Health Care Center; University of Oklahoma; American Association For Cancer Research; Michigan Medicine; Memorial Sloan Kettering Cancer Center; University of Nebraska Medical Center; National Institutes of Health; University of California, San Diego; Dana (United States); California Pacific Medical Center; Indiana University – Purdue University Indianapolis; Cape Town HVTN Immunology Laboratory / Hutchinson Centre Research Institute of South Africa; University of Washington; Institute of Human Genetics; Howard Hughes Medical Institute; Woodrow Wilson International Center for Scholars; Brookings Institution; North Seattle College; United States Department of Energy",0000-0002-8976-6074,,
https://openalex.org/A5100731270,Chen Ji,https://openalex.org/I205783295,Cornell University,1997,1997,https://openalex.org/I205783295,1997,1997,"Zhejiang University; Chinese Academy of Sciences; Institute of Optics and Electronics, Chinese Academy of Sciences","University of Chinese Academy of Sciences; Guilin University of Technology; Ningxia University; National University of Defense Technology; China Aerodynamics Research and Development Center; State Key Laboratory on Integrated Optoelectronics; Huazhong University of Science and Technology; Institute of Semiconductors; University of California, Davis; University of Houston; Ithaca College; Northwestern Polytechnical University; University of Nottingham; Northwest Institute of Eco-Environment and Resources; Cornell University",0000-0002-1169-3637,,
https://openalex.org/A5058670846,Dennis J. Chew,https://openalex.org/I205783295,Cornell University,1980,1998,https://openalex.org/I205783295,1980,1998,Singapore University of Technology and Design; The Ohio State University,Oklahoma State University; Mississippi State University; Town and Country Veterinary Clinic; American College; Liverpool Hospital; Grant Medical Center; Brunswick (United States); Royal Liverpool University Hospital; University of Cincinnati; Rocky Mountain MS Center; École Nationale Vétérinaire de Toulouse; Ohio State University Hospital; Anatolia College; Eaton (United States); Columbus Oncology and Hematology Associates; University of Liverpool; Riverside Methodist Hospital; Colorado State University; National Cancer Institute; North Carolina State University; Republic of Korea Army; Kendall College; Cornell University; New York State College of Veterinary Medicine,0000-0001-7063-6803,,
https://openalex.org/A5040561460,Dongyu Zhao,https://openalex.org/I205783295,Cornell University,2015,2025,https://openalex.org/I205783295,2015,2025,Peking University International Hospital; King University; Peking University; Cornell University; Houston Methodist; Methodist Hospital,"Tsinghua University; Boston Children's Hospital; University of Nebraska–Lincoln; China University of Petroleum, East China; Weill Cornell Medicine; University of Michigan; Institute of Biophysics; Beihang University; Dana-Farber/Harvard Cancer Center; Daqing Oilfield General Hospital; Institute of Bioinformatics; Nanyang Medical College; Texas A&M University; Harvard University; Center for Life Sciences; Chinese Academy of Sciences; Beijing Institute of Genomics; Albert Einstein College of Medicine; Jilin University; Dalian University of Technology; Houston Institute for Clinical Research; China Energy Engineering Corporation (China)",0000-0003-3882-0218,,
https://openalex.org/A5109233964,Karel Mertens,https://openalex.org/I205783295,Cornell University,2008,2014,https://openalex.org/I205783295,2008,2014,,Federal Reserve Bank of St. Louis; University College London; Harvard University; Arizona State University; Pennsylvania State University; Federal Reserve Bank of New York; Federal Reserve Bank of Kansas City; Virginia Commonwealth University; Federal Reserve; University of North Carolina at Chapel Hill; Cornell University; European University Institute; Federal Reserve Bank of Dallas; National Bureau of Economic Research; Center for Economic and Policy Research; Centre for Economic Policy Research,,,
https://openalex.org/A5044308230,Leah E Elliott,https://openalex.org/I205783295,Cornell University,2007,2007,https://openalex.org/I205783295,2007,2007,Wells College,Cornell University,,,
https://openalex.org/A5090012100,Erin L. Rechisky,https://openalex.org/I205783295,Cornell University,2009,2009,https://openalex.org/I205783295,2009,2009,Kintama (Canada),University of Victoria; University of Rhode Island; Pacific University; University of British Columbia; University of Tasmania; Stanford University; Cornell University; Woods Hole Oceanographic Institution,0000-0002-2811-8399,,
https://openalex.org/A5027908607,Xiang Fan,https://openalex.org/I205783295,Cornell University,2010,2010,https://openalex.org/I205783295,2010,2010,University of Electronic Science and Technology of China; Southeast University; Xidian University; Soochow University; Zhejiang Chinese Medical University; Wenzhou City People's Hospital; Shanghai Ship and Shipping Research Institute,West China Hospital of Sichuan University; Huanggang Normal University; Australian National University; Massachusetts General Hospital; Union Hospital; The Affiliated Yongchuan Hospital of Chongqing Medical University; Union Hospital; Fudan University Shanghai Cancer Center; Brigham and Women's Hospital; Harvard University Press; Harvard University; Sichuan University; Knowledge Unlatched (Germany); Cornell University; Tianjin University of Traditional Chinese Medicine; Huazhong University of Science and Technology; Chongqing Medical University; Central South University; Tianjin Medical University Cancer Institute and Hospital; University of Washington,0000-0001-7697-0378,,
https://openalex.org/A5014869983,Matthew C. Saleh,https://openalex.org/I205783295,Cornell University,2018,2025,https://openalex.org/I205783295,2018,2025,,Cornell University; Universitas Merdeka Malang; Employment Agency,,,
https://openalex.org/A5028895418,K. Akai,https://openalex.org/I205783295,Cornell University,2002,2002,https://openalex.org/I205783295,2002,2002,Lagos State University,"High Energy Accelerator Research Organization; The Graduate University for Advanced Studies, SOKENDAI; Cornell University; Mitsubishi Chemical (Japan); Institute of Space and Astronautical Science",0000-0001-7276-6986,,
https://openalex.org/A5101379788,Liangji Kong,https://openalex.org/I205783295,Cornell University,2023,2024,https://openalex.org/I205783295,2023,2024,Cornell University,SC Johnson (United States),,,
https://openalex.org/A5009153415,Leah Alabanza,https://openalex.org/I205783295,Cornell University,2011,2013,https://openalex.org/I205783295,2011,2013,United States Military Academy,University of Toledo Medical Center; University of Toledo; National Cancer Institute; Lentigen Technology (United States); Cornell University; Centre for Cancer Biology; Icahn School of Medicine at Mount Sinai,,,
https://openalex.org/A5101706081,Peter McIntyre,https://openalex.org/I205783295,Cornell University,2025,2025,https://openalex.org/I205783295,2025,2025,University of Otago,Cornell University; Florey Institute of Neuroscience and Mental Health; Louisiana Department of Natural Resources; Dunedin Public Hospital; Queen Elizabeth II Hospital; Leicester General Hospital; Walter and Eliza Hall Institute of Medical Research; Charing Cross Hospital; Novartis Institutes for BioMedical Research; St Mark's Hospital; The Honourable Society of Lincoln's Inn; La Trobe University; Hôpital Charles-Nicolle; University College London; Health Innovations (United States); St. Mark's Hospital; MIT University; Monash University; University of Wisconsin–Madison; RMIT University; The University of Melbourne; Novartis (United Kingdom); The Royal Melbourne Hospital; Novartis (Switzerland),0000-0001-9506-5998,,
https://openalex.org/A5105466261,Donald Yamashiro,https://openalex.org/I205783295,Cornell University,1964,1968,https://openalex.org/I205783295,1964,1968,,"University of California, San Francisco; Cornell University",,,
https://openalex.org/A5066176640,Don Holcomb,https://openalex.org/I205783295,Cornell University,1989,1989,https://openalex.org/I205783295,1989,1989,,Cornell University,,,
https://openalex.org/A5015063669,J. F. DiTusa,https://openalex.org/I205783295,Cornell University,1987,1993,https://openalex.org/I205783295,1987,1993,Louisiana State University; Indiana University Indianapolis; Indiana University – Purdue University Indianapolis,"Brookhaven National Laboratory; Washington University in St. Louis; London Centre for Nanotechnology; National Institute of Standards and Technology; University of Maryland, Baltimore; AT&T (United States); NIST Center for Neutron Research; Université Bourgogne Franche-Comté; University College London; University of Delaware; Cornell University; Jet Propulsion Laboratory; Dartmouth College; Sidney Kimmel Cancer Center; Thomas Jefferson University",0000-0002-3216-4697,,
https://openalex.org/A5086721718,Rachel E. Speer,https://openalex.org/I205783295,Cornell University,2009,2013,https://openalex.org/I205783295,2009,2013,Bryn Mawr College,Cornell University; Burke Medical Research Institute,,,
https://openalex.org/A5112525497,Subhash C. Gulati,https://openalex.org/I205783295,Cornell University,1992,1993,https://openalex.org/I205783295,1992,1993,Cornell University,Palmetto Hematology Oncology; Spanish Oncology Genitourinary Group; Memorial Sloan Kettering Cancer Center; Urology Team,,,
https://openalex.org/A5048472156,Brett Troyan,https://openalex.org/I205783295,Cornell University,2002,2002,https://openalex.org/I205783295,2002,2002,SUNY Cortland,State University of New York; Cornell University,,,
https://openalex.org/A5024036774,Emily Yang,https://openalex.org/I205783295,Cornell University,1996,2024,https://openalex.org/I205783295,1996,2024,Cornell University,Eli Lilly (United States); Huazhong Agricultural University; Deaconess Hospital; Chinese Academy of Agricultural Sciences; Strang Cancer Prevention Institute; Pediatrics and Genetics,0000-0002-7667-359X,,
https://openalex.org/A5109252622,Frank Schröder,https://openalex.org/I205783295,Cornell University,1998,1998,https://openalex.org/I205783295,1998,1998,Hochschule Düsseldorf University of Applied Sciences,Universität Hamburg; Medizinische Hochschule Hannover; Cornell University; Trinity College; Martin Luther University Halle-Wittenberg; Cincinnati Zoo and Botanical Garden,,,
https://openalex.org/A5013990534,H. Alvizo,https://openalex.org/I205783295,Cornell University,1997,1997,https://openalex.org/I205783295,1997,1997,New York State Department of Agriculture and Markets; Cornell University,,,,
https://openalex.org/A5000612457,Kelly S. Gibson,https://openalex.org/I205783295,Cornell University,2024,2024,https://openalex.org/I205783295,2024,2024,St. Luke's University Health Network; University of Saskatchewan; MetroHealth; MetroHealth Medical Center; University of Oklahoma Health Sciences Center; Drexel University; University of Alabama at Birmingham; National Heart Lung and Blood Institute; Duke University; Case Western Reserve University; University of Pennsylvania,"Winthrop-University Hospital; Medical College of Wisconsin; Texas Children's Hospital; University of Pittsburgh; Defense Health Agency; Cleveland Clinic; University of Missouri–Kansas City; St. James's Hospital; Washington University in St. Louis; Cornell University; University of Colorado Anschutz Medical Campus; Saint Peter's University Hospital; New York Hospital Queens; The University of Texas at Austin; The Ohio State University; Columbia University; Intermountain Healthcare; Rutgers, The State University of New Jersey; The University of Texas Southwestern Medical Center; University of Colorado Boulder; University of South Alabama; MedStar Washington Hospital Center; Arrowhead Regional Medical Center; Yale University; American Congress of Obstetricians and Gynecologists; Metro Health Hospital; Stanford University; San Francisco General Hospital; Loyola University Medical Center; Christiana Care Health System; University of Alabama; Ochsner Baptist Medical Center; Meriter Hospital; The University of Texas Medical Branch at Galveston; Eunice Kennedy Shriver National Institute of Child Health and Human Development; Baylor College of Medicine; Emory University; University of Utah; Beaumont Hospital, Royal Oak; University of California, San Francisco; University of Colorado Denver; Denver Health Medical Center; Regional Medical Center; Indiana University – Purdue University Indianapolis; Magee-Womens Hospital; Society for Maternal-Fetal Medicine; University of North Carolina at Chapel Hill; University of Mississippi Medical Center; UnityPoint Health Meriter; University School",0000-0001-8605-7064,,
https://openalex.org/A5040178272,Jeffrey C. Glaubitz,https://openalex.org/I205783295,Cornell University,2025,2025,https://openalex.org/I205783295,2025,2025,Cornell University,,0009-0009-4086-1853,,
https://openalex.org/A5089863276,Heather Martin,https://openalex.org/I205783295,Cornell University,2025,2025,https://openalex.org/I205783295,2025,2025,"Michigan State University; Golisano Children's Hospital; Cornell University; University of California, Los Angeles; University of Rochester Medical Center","University of California, Davis; Electronic Arts (Canada); Swedish Family Medicine Residency - Cherry Hill; University of Rochester; Centre Hospitalier Régional de Metz-Thionville; Children's Hospital Research Institute of Manitoba; IEEE Computer Society; Seven Oaks General Hospital; American Pharmacists Association; Yahoo (United Kingdom); University of Manitoba; Harvard University; Institute of Child Health; Northern Michigan University; Strong Memorial Hospital; Black AIDS Institute; Brigham and Women's Hospital; Quinnipiac University; Broad Center; Virginia Commonwealth University Medical Center; Martin University; University of Nevada, Reno; First Nations Health and Social Secretariat of Manitoba",0000-0003-2791-0293,,
https://openalex.org/A5035208892,Lina M. DiGregorio,https://openalex.org/I205783295,Cornell University,2001,2001,https://openalex.org/I205783295,2001,2001,Oregon State University,Cornell University,,,
https://openalex.org/A5031683228,Melissa P. Murray,https://openalex.org/I205783295,Cornell University,2005,2005,https://openalex.org/I205783295,2005,2005,Memorial Sloan Kettering Cancer Center,"New York Law School; Mayo Clinic in Florida; Beaumont Hospital, Royal Oak; Cornell University; Mayo Clinic; New York University; Kettering University; University of Houston; Beatson West of Scotland Cancer Centre; Cancer Trials Ireland; John Wiley & Sons (United States); Botsford Hospital; Doctors Hospital at Renaissance; Ontario Institute for Cancer Research; New York Hospital Queens; NewYork–Presbyterian Hospital; TD Bank; European Organisation for Research and Treatment of Cancer; Breast International Group",0000-0002-2935-6014,,
https://openalex.org/A5056674230,Paul P. Calle,https://openalex.org/I205783295,Cornell University,2021,2021,https://openalex.org/I205783295,2021,2021,Wildlife Conservation Society; University of Oklahoma,University of Miami; New York State College of Veterinary Medicine; University of Colorado Colorado Springs; Chicago Zoological Society; Providence College; South African Medical Research Council; Regional Municipality of Niagara; Animal Welfare Institute; Charles Darwin Foundation; Smithsonian Institution; Saint Louis Zoo; EcoHealth Alliance; University of Illinois Urbana-Champaign; Oregon Zoo; Roger Williams Medical Center; United States Department of Agriculture; Zoological Society of San Diego; Stellenbosch University; National Zoological Park; Cornell University; Association of Zoos and Aquariums; Wildlife Conservation Society United Kingdom,0009-0000-1849-4481,,
https://openalex.org/A5049635014,Laurence S. Baskin,https://openalex.org/I205783295,Cornell University,2010,2010,https://openalex.org/I205783295,2010,2010,"UCSF Benioff Children's Hospital; University of California, San Francisco; The University of Texas Health Science Center at Houston",Johns Hopkins University; University of San Francisco; Tripler Army Medical Center; American Urological Association; In-Q-Tel; Neurological Surgery; Mayo Clinic; Rambam Health Care Campus; Pediatrics and Genetics; Gladstone Institutes; Baylor University; University City Science Center; Universitetshospitalernes Center for Sundhedsfaglig Forskning; National Kidney Foundation; San Francisco General Hospital; Monash University; Icahn School of Medicine at Mount Sinai; Albany Medical Center Hospital; Children's Hospital of Philadelphia; Children's Medical Center; University of Pennsylvania; University of New Mexico; Ontario Brain Institute; Kaiser Permanente; St. Louis Children's Hospital; San Francisco VA Medical Center; Cornell University; University of California System; Yale University; Boston Children's Hospital; Baylor College of Medicine; Shanghai Ninth People's Hospital; University of California San Francisco Medical Center,0009-0004-8263-3975,,
https://openalex.org/A5078628563,Monica Morrow,https://openalex.org/I205783295,Cornell University,2011,2019,https://openalex.org/I205783295,2011,2019,Memorial Sloan Kettering Cancer Center,"University of California, Los Angeles; University of Chicago; Stanford University; Plastic Surgery Hospital; Center for Clinical & Basic Research; A. Alfred Taubman Health Care Center; American College of Radiology; Edward Hines, Jr. VA Hospital; Eli Lilly (United States); Morton Plant Hospital; Cedars-Sinai Medical Center; New York Proton Center; Fox Chase Cancer Center; Regional Cancer Center; Memorial; National Health Service Scotland; University of Arkansas for Medical Sciences; Temple University; GlaxoSmithKline (Netherlands); Mayo Clinic; The Lynn Sage Foundation; Weill Cornell Medicine; United States Department of Veterans Affairs; Southern California University for Professional Studies; The Barbara Ann Karmanos Cancer Institute; Sonnenhalde (Switzerland); Dana-Farber Cancer Institute; Stryker (United States); Mater Misericordiae University Hospital; The University of Sydney; Emory University; American Society of Clinical Oncology; Georgetown University; Northwestern Memorial Hospital; Michigan Medicine; American College of Surgeons; State University of New York; Georgetown University Medical Center; Northwestern University; University of Michigan; Duke Medical Center; Northwestern University; Toronto Public Health; European Institute of Oncology; Cornell University; Breast Center; American Society of Plastic Surgeons; Einstein Healthcare Network; The University of Texas MD Anderson Cancer Center; Health Services Research & Development; Ann Arbor VA Medical Center; VA Center for Clinical Management Research; Massachusetts General Hospital; Robert H. Lurie Comprehensive Cancer Center of Northwestern University; Duke University; University of California, San Francisco; Robert Wood Johnson Foundation; Weatherford College; Wayne State University; Creative Commons; Harvard University; Yale University; Ann Arbor Center for Independent Living; Invitae (United States); National Cancer Institute; Royal Marsden NHS Foundation Trust; John Wiley & Sons (United States); University of Southern California; Kettering University; Sidney Kimmel Comprehensive Cancer Center; Johns Hopkins Medicine; Beth Israel Deaconess Medical Center; Deaconess Hospital; University of Pittsburgh; Maine Medical Center; Johns Hopkins University; Myriad (Germany)",0000-0003-4636-8313,,
https://openalex.org/A5061329145,N.ELL I. MONDY,https://openalex.org/I205783295,Cornell University,1988,1989,https://openalex.org/I205783295,1988,1989,Cornell University,,,,
https://openalex.org/A5089450812,Lina Zhu,https://openalex.org/I205783295,Cornell University,2023,2023,https://openalex.org/I205783295,2023,2023,Xiangya Hospital Central South University; Tianjin Metallurgical Vocational Technical College; Central South University; Zhejiang University; Fujian Medical University; Fujian Provincial Hospital; Qingdao University of Science and Technology; Fuzhou University,"Tianjin Normal University; Shihezi University; Affiliated Hospital of Jining Medical University; Shandong University; Second Affiliated Hospital of Nanjing Medical University; Sun Yat-sen University; Département Santé Animale; Chinese University of Hong Kong; Cornell University; Weihai Municipal Hospital; Hebei Medical University; City University of Hong Kong; China Industrial Control Systems Cyber Emergency Response Team; Changzhou No.2 People's Hospital; National Earthquake Response Support Service; Sun Yat-sen University Cancer Center; Sichuan University; City University of Hong Kong, Shenzhen Research Institute; Zhejiang Academy of Medical Sciences; Fudan University; West China Hospital of Sichuan University; Nanjing Medical University; Army Medical University; Fourth Hospital of Hebei Medical University; Tianjin Medical University",0000-0002-8558-2120,,
https://openalex.org/A5065588818,T.C. Mele,https://openalex.org/I205783295,Cornell University,1984,1989,https://openalex.org/I205783295,1984,1989,Motorola (United States),Cornell University,,,
https://openalex.org/A5089252410,Tracy L. Wacker,https://openalex.org/I205783295,Cornell University,1990,1990,https://openalex.org/I205783295,1990,1990,,University of Michigan–Flint; Michigan State University; Oakland University; Cornell University,,,
https://openalex.org/A5081495209,Renato Martínez,https://openalex.org/I205783295,Cornell University,1994,1994,https://openalex.org/I205783295,1994,1994,,Cornell University,,,
https://openalex.org/A5099314768,Mary Xichols,https://openalex.org/I205783295,Cornell University,1992,1992,https://openalex.org/I205783295,1992,1992,University of Michigan; University of Notre Dame; Carleton College; Boston University; Cornell University; University of Massachusetts Boston; University of Wisconsin–Madison; University of Virginia; Boston College; Fordham University; Princeton University; Indiana University; Hebrew University of Jerusalem; Harvard University,,,,
https://openalex.org/A5048494252,Amye Leong,https://openalex.org/I205783295,Cornell University,2017,2017,https://openalex.org/I205783295,2017,2017,Healthy Start,"Motiva (Finland); University of Illinois Chicago; National Institute for Health Research; Hospital for Special Surgery; GlaxoSmithKline (India); Maastricht University Medical Centre; American College of Rheumatology; Arthritis Society; NIHR Manchester Biomedical Research Centre; University of Ottawa; University of North Carolina at Chapel Hill; Institute for Musculoskeletal Health; University of California, Los Angeles; Sorbonne Université; Harvard University; Vanderbilt University; Granite State College; Cochrane; Digital Research Alliance of Canada; Johns Hopkins University; National Health Service; Manchester University; Manchester Academic Health Science Centre; United States Bone and Joint Initiative; Hebrew SeniorLife; Tanglewood Research; University of Manchester; Research Canada; Cornell University; Canadian Arthritis Network; Arthritis Research Centre of Canada; The University of Queensland; Stanford University; Assistance Publique – Hôpitaux de Paris",0000-0002-9948-7407,,
https://openalex.org/A5090769961,Jordan H. Driskill,https://openalex.org/I205783295,Cornell University,2025,2025,https://openalex.org/I205783295,2025,2025,Weill Cornell Medicine; Cornell University,University of Pennsylvania; The University of Texas Southwestern Medical Center; Howard Hughes Medical Institute,0000-0003-4319-3845,,
https://openalex.org/A5101969350,Lan Ni,https://openalex.org/I205783295,Cornell University,2012,2012,https://openalex.org/I205783295,2012,2012,University of Bristol; Inner Mongolia University of Technology,Zhongnan Hospital of Wuhan University; Huazhong University of Science and Technology; University of Houston; Saint John's Health Center; Renal Association; Henan Institute of Science and Technology; University College London; Ministry of Education of the People's Republic of China; Amgen (United States); Wuhan University; Southmead Hospital; Great Ormond Street Hospital; Bristol Royal Hospital for Children; Hôpital Paul-Brousse; Hôpital Laennec; Cornell University; Hôpital René Huguenin; Eli Lilly (United States); SUNY Upstate Medical University; Institut Gustave Roussy,0000-0002-4733-5081,,
https://openalex.org/A5115594109,H. Wu,https://openalex.org/I205783295,Cornell University,1981,1981,https://openalex.org/I205783295,1981,1981,Southeast University; Dongguan People’s Hospital; Lite-On Technology Corporation (Taiwan); Guilin University of Technology; I-Shou University; National Cheng Kung University; Jilin University; Beijing Forestry University; Syracuse University; First Affiliated Hospital of Xi'an Jiaotong University; Southern Medical University,Institute of Mechanics; Enshi Tujia and Miao Autonomous Prefecture Academy of Agricultural Sciences; Central South University; Sun Yat-sen University Cancer Center; Johnson University; State Key Laboratory of Digital Medical Engineering; University of Chinese Academy of Sciences; Children's Hospital of Zhejiang University; Shanghai Medical College of Fudan University; Tongji University; Xiangya Hospital Central South University; Third Affiliated Hospital of Sun Yat-sen University; Northeast Petroleum University; Peking Union Medical College Hospital; Northwest Institute of Nuclear Technology; University of Electronic Science and Technology of China; Cornell University; Chinese Academy of Sciences; Qingdao Center of Resource Chemistry and New Materials; Institute of Chinese Materia Medica; Nanjing Tech University; National Institutes of Health; Sun Yat-sen University; Chinese Academy of Medical Sciences & Peking Union Medical College; Chongqing Academy of Chinese Materia Medica; National Tsing Hua University; Northwestern Polytechnical University; University of Pittsburgh,,,
https://openalex.org/A5017689170,Saurabh Saluja,https://openalex.org/I205783295,Cornell University,2014,2024,https://openalex.org/I205783295,2014,2024,SickKids Foundation; University of Toronto,"Presbyterian Hospital; Memorial Sloan Kettering Cancer Center; Care India; Social Change and Development; University of Miami; Yale University; University of Wisconsin–Madison; Canadian Anesthesiologists' Society; University of California, San Diego; Weill Cornell Medicine; Institute of Post Graduate Medical Education and Research; Harvard Global Health Institute; Yale New Haven Hospital; NewYork–Presbyterian Hospital; Shriners Hospitals for Children - Northern California; Bhabha Atomic Research Center Hospital; Universidade do Estado do Amazonas; University College London; Cornell University; Boston Children's Hospital; Icahn School of Medicine at Mount Sinai; Royal College of Surgeons of England; Universidade de São Paulo; Harvard University; Rady Children's Hospital-San Diego; Hospital for Sick Children; Great Ormond Street Hospital; New York Hospital Queens; Center for Global Health; American College of Surgeons; King's College London",0000-0002-0930-4815,,
https://openalex.org/A5030829598,David J. Farrar,https://openalex.org/I205783295,Cornell University,1999,1999,https://openalex.org/I205783295,1999,1999,Southwestern Medical Center; The University of Texas Southwestern Medical Center,Houston Methodist; Duke Medical Center; University of Washington; University of Louisville; Saint Louis University; Tufts Medical Center; Advocate Christ Medical Center; Henry Ford Hospital; Harold C. Simmons Comprehensive Cancer Center; Cleveland Clinic; The Alfred Hospital; Abbott (Sweden); Methodist Hospital; Minneapolis Heart Institute Foundation; Norfolk and Norwich University Hospital; California Pacific Medical Center; Harvard University; Thoratec Corporation (United States); Jewish Hospital; Abbott Fund; University of Chicago; Middlesex Hospital; Massachusetts General Hospital; Howard Hughes Medical Institute; Institute of Neuroimmunology of the Slovak Academy of Sciences; Miriam Hospital; Atrium Health Wake Forest Baptist; Cranfield University; Duke University Hospital; Stepping Hill Hospital; Park Terrace Care Center; Manchester Royal Infirmary; Sharp Memorial Hospital; Texas Health Dallas; Cornell University; Institute of Immunology; Selly Oak Hospital; Abbott (United States); Clinical Research Management; Wake Forest University; Birmingham Women's Hospital; Thomas Jefferson University Hospital; University of Louisiana at Monroe; Mayo Clinic; Washington University in St. Louis; Allegheny General Hospital; Brown University; Baylor University Medical Center; University of Utah; Duke University; Queen Elizabeth Hospital Birmingham; The Ohio State University; St. Jude Medical Center; JTEC Corporation (Japan); Virginia Commonwealth University; The University of Texas MD Anderson Cancer Center; Jewish Hospital; St. Jude Medical Foundation; Columbia University,0000-0001-8584-7080,,
https://openalex.org/A5019387043,Nathan P. Laun,https://openalex.org/I205783295,Cornell University,2006,2006,https://openalex.org/I205783295,2006,2006,,Cornell University,,,
https://openalex.org/A5070759061,FAKHRY GIRGIS,https://openalex.org/I205783295,Cornell University,1974,1974,https://openalex.org/I205783295,1974,1974,Cornell University,,,,
https://openalex.org/A5039668685,RuiHai Liu,https://openalex.org/I205783295,Cornell University,2018,2018,https://openalex.org/I205783295,2018,2018,Cornell University,,,,
https://openalex.org/A5030044825,Karl Anker Jørgensen,https://openalex.org/I205783295,Cornell University,1987,1987,https://openalex.org/I205783295,1987,1987,Aarhus University,University of Pavia; National Research Foundation; Technical University of Denmark; Danish National Research Foundation; Institute of Organic Chemistry; New York University Press; Shanghai Advanced Research Institute; Universitat de València; Central China Normal University; Universidad de Huelva; Cornell University; John Wiley & Sons (Germany); Universidad Autónoma de Madrid; Aarhus University Hospital,0000-0002-3482-6236,,
https://openalex.org/A5011543539,Stephanie Legros,https://openalex.org/I205783295,Cornell University,2010,2010,https://openalex.org/I205783295,2010,2010,Cornell University,,,,
https://openalex.org/A5010394685,Chao Shi,https://openalex.org/I205783295,Cornell University,2010,2012,https://openalex.org/I205783295,2010,2012,Wannan Medical College; First Affiliated Hospital of Wannan Medical College; Shanghai Pudong New Area Gongli Hospital; Second Military Medical University; Nanjing Medical University,"Tongji University; Kettering University; Shanghai Stomatological Hospital; Shandong University; Shanghai Skin Disease Hospital; Rockefeller University; East China University of Science and Technology; Zhejiang A & F University; Cornell University; Nanjing Municipal Center for Disease Control And Prevention; Memorial Sloan Kettering Cancer Center; University of California, San Diego; Yunnan Center for Disease Control And Prevention; Tel Aviv University; Hypertension Institute; People's Hospital of Xinjiang Uygur Autonomous Region",0000-0002-4810-7603,,
https://openalex.org/A5042011371,PN Mbugua,https://openalex.org/I205783295,Cornell University,1983,1985,https://openalex.org/I205783295,1983,1985,,University of Nairobi; Cornell University,,,
https://openalex.org/A5058837136,Juli R. Gould,https://openalex.org/I205783295,Cornell University,1966,1966,https://openalex.org/I205783295,1966,1966,Animal and Plant Health Inspection Service,"Agricultural Research Service; Otis (United States); Massachusetts Maritime Academy; University of Cambridge; Cornell University; Plant Health Care (United States); University of California, Riverside; University of Massachusetts Amherst; United States Department of Agriculture; General Electric (United States)",0000-0003-4352-1028,,
https://openalex.org/A5108347528,V V Kakkar,https://openalex.org/I205783295,Cornell University,1986,1986,https://openalex.org/I205783295,1986,1986,Chitkara University,University of Cambridge; Pfizer (United Kingdom); Royal College of Surgeons of England; Weatherford College; Kent Hospital; Cornell University; Cleveland Clinic; St. Jude Children's Research Hospital; Max Planck Institute for Heart and Lung Research; May Institute; Mangalam Research Center for Buddhist Languages; King's College School; Tel Aviv University; Luton and Dunstable Hospital; Harris Birthright Research Centre for Fetal Medicine; St Bartholomew's Hospital; Thrombosis Research Institute; Kent Hastanesi; National Institute for Biological Standards and Control; King's College Hospital; Cooper and Company (United States); Rebecca Sieff Hospital; Gravesham Community Hospital; University of London,,,
https://openalex.org/A5048793969,Jean-Baptiste Bezelgues,https://openalex.org/I205783295,Cornell University,2008,2008,https://openalex.org/I205783295,2008,2008,"Université Clermont Auvergne; Nestlé (Switzerland); Cornell University; Institut des Corps Gras; Maastricht University; University of California, Davis",Nestlé (Brazil),,,
https://openalex.org/A5042891970,Y.‐T. Li,https://openalex.org/I205783295,Cornell University,1993,1993,https://openalex.org/I205783295,1993,1993,Institute of Oceanology; Chinese Academy of Sciences,Cornell University; Gifu University,,,
https://openalex.org/A5040721530,Saba Khan,https://openalex.org/I205783295,Cornell University,2013,2016,https://openalex.org/I205783295,2013,2016,Northwest General Hospital and Research Center; Islamia University of Bahawalpur; Aneurin Bevan University Health Board; Institute of Medical Sciences; Integral University,"Cornell University; Dr. Hari Singh Gour University; Quaid-i-Azam University; Mount Sinai Hospital; Darshan Dental College and Hospital; Sankalchand Patel University; King George's Medical University; Ziauddin University; Yenepoya University; Autonomous State Medical College, Fatehpur; Bhopal Memorial Hospital & Research Centre; King Abdulaziz University; Bahauddin Zakariya University; Jamia Hamdard; Ziauddin Hospital; Marymount University; Manubhai Patel Dental College and Hospital; Aligarh Muslim University; Texas A&M University at Qatar; Hayatabad Medical Complex; Jinnah Postgraduate Medical Center; Loyola University Chicago; Sarojini Naidu Medical College; Jinnah Sindh Medical University; Rajasthan Dental College and Hospital; NIMS University; University of Mumbai",0000-0002-6140-8152,,
https://openalex.org/A5013694549,R. Jones,https://openalex.org/I205783295,Cornell University,1968,1991,https://openalex.org/I205783295,1968,1991,Forschungszentrum Jülich,Faculdade de Agudos; Dalhousie University; University of Messina; Madigan Army Medical Center; Swansea University; Norwegian University of Science and Technology; The University of Western Australia; Aarhus University; Cavendish Hospital; German Research School for Simulation Sciences; University of Exeter; Max Planck Institute for Solid State Research; United States Department of Veterans Affairs; RWTH Aachen University; Stadtwerke Jülich (Germany); Cornell University; Luleå University of Technology; University of Dundee; University of Nottingham; University of Bristol; Umeå University; University of Strathclyde; Newcastle University; Université Laval; Jülicher Entsorgungsgesellschaft für Nuklearanlagen (Germany); University of Aveiro; Queen Mary University of London; Jülich Aachen Research Alliance; University of Wales; Centre of Plasma Physics - Institute for Plasma Research; Aalto University; Phillips Exeter Academy; Grunberger Diabetes Institute; Max Planck Society; Tampere University; Lister Institute of Preventive Medicine,0000-0003-1167-4812,,
https://openalex.org/A5009577898,Linda J. Addonizio,https://openalex.org/I205783295,Cornell University,1998,1998,https://openalex.org/I205783295,1998,1998,Clinical Trial Investigators,Children's Hospital at Montefiore; Boston Children's Hospital; University of Pittsburgh; Presbyterian Hospital; NewYork–Presbyterian Hospital; Indiana University School of Medicine; University of Arkansas at Little Rock; St. Louis Children's Hospital; Children's Hospital; University of Alabama; Lurie Children's Hospital; Children's Hospital of Philadelphia; Columbia University; Primary Children's Hospital; Washington University in St. Louis; Ohio University; National Institutes of Health; Children's Hospital of Pittsburgh; San Diego Cardiac Center; Pediatrics and Genetics; Northwestern University; Texas Health Dallas; Cincinnati Children's Hospital Medical Center; New England Research (United States); Genentech Foundation; Auerbach Associates (United States); Le Bonheur Children's Hospital; Loma Linda University; New York Hospital Queens; Stanford University; Wayne State University; Cleveland Foundation; University of Alabama at Birmingham; Cleveland Clinic; Harvard University; University of Utah; Armed Forces Institute of Pathology; Albert Einstein College of Medicine; Royal College of Physicians; Stollery Children's Hospital; Vanderbilt University; Morgan Stanley (United States); The University of Texas Southwestern Medical Center; Children's Hospital of Michigan; Presbyterian Medical Center; Northwestern Memorial Hospital; Cornell University; Morgan Stanley Children's Hospital; Indiana University – Purdue University Indianapolis; University of Southern California; New York Medical College; Columbia University Irving Medical Center; Penn Presbyterian Medical Center,,,
https://openalex.org/A5114819598,Olga Morzhanaeva,https://openalex.org/I205783295,Cornell University,2024,2024,https://openalex.org/I205783295,2024,2024,Cornell University,,,,
https://openalex.org/A5006591034,JANET R. SPARROW,https://openalex.org/I205783295,Cornell University,1992,1992,https://openalex.org/I205783295,1992,1992,Cornell University,,,,
https://openalex.org/A5112090004,LE Eierman,https://openalex.org/I205783295,Cornell University,2014,2014,https://openalex.org/I205783295,2014,2014,Fort Mason Center; Cornell University,,,,
https://openalex.org/A5111194857,G. Vidali,https://openalex.org/I205783295,Cornell University,1979,1979,https://openalex.org/I205783295,1979,1979,Monash University; Australian Regenerative Medicine Institute,National Research Council; ANT Foundation Italy Onlus; National Cancer Institute; Institute of Molecular Biology; Rockefeller University; Cornell University; Alleanza Contro il Cancro; Columbia University; Rockefeller Foundation; MRC Laboratory of Molecular Biology; National Research Council Canada; University of Padua; National Institutes of Health; Freie Universität Berlin; University of Milan; International Research & Exchanges Board; U.S. National Science Foundation,,,
https://openalex.org/A5110118244,Stephen J. Ettinger,https://openalex.org/I205783295,Cornell University,1972,1972,https://openalex.org/I205783295,1972,1972,California Animal Hospital,"The Schwarzman Animal Medical Center; Cornell University; National Institutes of Health; The University of Sydney; New York Medical College; University of California, Davis",,,
https://openalex.org/A5102659554,Licurgo Benemann De Almeida,https://openalex.org/I205783295,Cornell University,2014,2014,https://openalex.org/I205783295,2014,2014,,Cornell University,0000-0001-7041-6587,,
https://openalex.org/A5110410414,MarcE. Weksler,https://openalex.org/I205783295,Cornell University,1974,1974,https://openalex.org/I205783295,1974,1974,Cornell University,,,,
https://openalex.org/A5032257865,Beryl McCormick,https://openalex.org/I205783295,Cornell University,1986,2000,https://openalex.org/I205783295,1986,2000,Memorial Sloan Kettering Cancer Center; Massachusetts General Hospital,"McCormick (United States); Harvard University; RTOG Foundation; Stanford University; Anderson Hospital; Roswell Park Comprehensive Cancer Center; Florida College; Huntsman Cancer Institute; WinnMed; Duke University; Center For Reconstructive Urethral Surgery; Fox Chase Cancer Center; Loyola University Medical Center; University of Cincinnati; Beaumont Hospital, Royal Oak; Washington University in St. Louis; The Ohio State University Comprehensive Cancer Center – Arthur G. James Cancer Hospital and Richard J. Solove Research Institute; Greenwich Hospital; Breast Center; Lawrence General Hospital; NewYork–Presbyterian Hospital; University of Colorado Cancer Center; Pennsylvania Hospital; The University of Texas MD Anderson Cancer Center; Mayo Clinic; Reading Hospital; Cornell University; Medical College of Wisconsin; UCSF Helen Diller Family Comprehensive Cancer Center; Johns Hopkins University; Sidney Kimmel Comprehensive Cancer Center; University of Pennsylvania; University Hospital and Clinics; Albert Einstein College of Medicine; Cedars-Sinai Medical Center; University Medical Center; Dana-Farber Cancer Institute; Kettering University; University of Colorado Denver; Virginia Commonwealth University; St. Jude Children's Research Hospital; NRG Oncology; Memorial Hospital; University of Florida; Greater Baltimore Medical Center; Jewish Hospital",0000-0002-4550-0565,,
https://openalex.org/A5108667918,Norbert A. Jaworski,https://openalex.org/I205783295,Cornell University,1997,1997,https://openalex.org/I205783295,1997,1997,Environmental Protection Agency,Massachusetts Library Association; Marine Biological Laboratory; Cornell University; Research Triangle Park Foundation,,,
https://openalex.org/A5097726463,Rabin D. Gleedm,https://openalex.org/I205783295,Cornell University,1991,1991,https://openalex.org/I205783295,1991,1991,Cornell University; New York State College of Veterinary Medicine,,,,
https://openalex.org/A5111522726,J.Michael Gould,https://openalex.org/I205783295,Cornell University,1975,1975,https://openalex.org/I205783295,1975,1975,,National Center for Agricultural Utilization Research; Michigan State University; Cornell University; Agricultural Research Service; University of Cincinnati; University of Notre Dame; Purdue University West Lafayette; University of Illinois Urbana-Champaign; Institute of Electrical Engineering; United States Department of Agriculture; Institute of Experimental Physics of the Slovak Academy of Sciences,,,
https://openalex.org/A5011658274,Timothy Ziman,https://openalex.org/I205783295,Cornell University,1982,1982,https://openalex.org/I205783295,1982,1982,University of Chinese Academy of Sciences; Kavli Institute for Theoretical Sciences; Institut Laue-Langevin; Chinese Academy of Sciences,"Tohoku University; University of Delaware; Landau Institute for Theoretical Physics; Laboratoire de physique des Solides; University of Illinois Urbana-Champaign; Cornell University; Rutgers, The State University of New Jersey; Université Joseph Fourier; Université Toulouse III - Paul Sabatier; University of British Columbia; Laboratoire de Physique et Modélisation des Milieux Condensés; University of Southampton; University of Oxford; Laboratoire de Chimie et Physique Quantiques; Centre for Technological Research of Crete; Institut Langevin; Université Grenoble Alpes; Centre National de la Recherche Scientifique; University of California, Santa Barbara",0000-0001-9580-2185,,
https://openalex.org/A5109994632,Jonathan Fleischmann,https://openalex.org/I205783295,Cornell University,1985,1985,https://openalex.org/I205783295,1985,1985,Marquette University,University of Rochester; MetroHealth Medical Center; Loyola University Medical Center; University of Wisconsin–Madison; Griffith University; University of Pennsylvania; Mayo Clinic in Florida; Heidelberg University; Memorial Sloan Kettering Cancer Center; Wayne State University; Roswell Park Comprehensive Cancer Center; Cornell University; Jewish Hospital; Washington University in St. Louis; Montefiore Medical Center; Albert Einstein College of Medicine; Washington University Medical Center; University Hospitals of Cleveland; Case Western Reserve University; UPMC Hillman Cancer Center; University Hospital Heidelberg; Yeshiva University; Dana-Farber Cancer Institute; University School; MetroHealth; Klinik für Frauenheilkunde; Asahikawa Medical College Hospital,,,
https://openalex.org/A5083570443,Yu Bai,https://openalex.org/I205783295,Cornell University,2016,2016,https://openalex.org/I205783295,2016,2016,Fuyang Maternity and Child Health Care Hospital; Sichuan University; The University of Texas Health Science Center at Houston,"Wuhan Polytechnic University; Texas Medical Center; Liaoning University; Rady Children's Hospital-San Diego; Changhai Hospital; Jinan University; Memorial Hermann; Beth Israel Deaconess Medical Center; Cornell University; Guangxi Medical University; Hospital for Special Surgery; Chinese Academy of Medical Sciences & Peking Union Medical College; Regeneron (United States); Cotton (United States); National Clinical Research Center for Digestive Diseases; Cedars-Sinai Medical Center; University of California, Los Angeles; Harvard University; Huaqiao University; Peking University; Fudan University; Xian Yang Central Hospital; University of California, San Diego; The University of Tokyo; Anhui Academy of Medical Sciences; Second Military Medical University; Southern University of Science and Technology; University of Essex; Bryan College",0009-0002-5830-7358,,
https://openalex.org/A5048812479,Stephen J. Campbell,https://openalex.org/I205783295,Cornell University,1995,2011,https://openalex.org/I205783295,1995,2011,Johns Hopkins University,"University of Bristol; National Cancer Institute; Science Applications International Corporation (United States); Cancer Research Center; University of Michigan; University of Alberta; University of Utah; University of Leeds; University of California, Riverside; Primary Health Care; Ithaca College; Biogen (United States); Pfizer (United Kingdom); Centre André-Chastel; Frederick National Laboratory for Cancer Research; Cornell University",,,
https://openalex.org/A5084345530,Nonglak Sarindu,https://openalex.org/I205783295,Cornell University,1999,1999,https://openalex.org/I205783295,1999,1999,,Cornell University; East Malling Research (United Kingdom),,,
https://openalex.org/A5111861742,F. Ë. Taylor,https://openalex.org/I205783295,Cornell University,1972,1972,https://openalex.org/I205783295,1972,1972,Massachusetts Institute of Technology,Durham College; Royal Victoria Hospital; British Red Cross; Charlottesville Medical Research; SLAC National Accelerator Laboratory; King's College Hospital; Monash University; Humboldt-Universität zu Berlin; Laboratoire d’Annecy de Physique des Particules; Cornell University; Royal London Hospital; Stanford University; Fermi National Accelerator Laboratory; Queen Charlotte's and Chelsea Hospital; University of London; Systems Technology (United States); Adelphi University; Imperial College London; Michigan State University; Royal Edinburgh Hospital; Skidaway Institute of Oceanography; Chelsea and Westminster Hospital; University of Ulster; Campbell Collaboration; United States Department of Agriculture; Kyoto University of Education; Wye College; Aomori University; Royal Prince Alfred Hospital; Military Hospital; Northern Illinois University; Columbia University; King's College London; The King's College; Universidad de Londres; Université de Montréal; The University of Adelaide,0000-0002-7586-7253,,
https://openalex.org/A5101838284,Jae H. Park,https://openalex.org/I205783295,Cornell University,2011,2025,https://openalex.org/I205783295,2011,2025,Cornell University; Cornell College; Leukemia Research Foundation; Kettering University; Weill Cornell Medicine; Memorial Sloan Kettering Cancer Center,"Cellular Therapeutics (United Kingdom); Kyungpook National University; University of Michigan; William & Mary; University Hospitals Birmingham NHS Foundation Trust; Fiona Wood Foundation; University of Colorado Cancer Center; Gachon University; University of Southern California; Manpower Demonstration Research Corporation; Hampton University; RELX Group (United States); Children's Hospital of Los Angeles; Mayo Clinic in Arizona; University of Chicago; King's College Hospital NHS Foundation Trust; British Academy; Allogene Therapeutics (United States); Memorial Hospital; University of California, Irvine; Penn State Milton S. Hershey Medical Center; Max Planck Institute for Chemistry; Takeda (United States); Hudson Institute; University of Baltimore; Williams (United States); Gachon University Gil Medical Center; Newcastle upon Tyne Hospitals NHS Foundation Trust; John Wiley & Sons (United States); Kyung Hee University Medical Center; Pusan National University; Kyung Hee University; A.T. Still University; Moss Landing Marine Laboratories; Cambridge University Hospitals NHS Foundation Trust; AstraZeneca (Brazil); University of Colorado Denver; Georgetown University Medical Center; University of Colorado Boulder; G & A Technical Software (United States); Juno Therapeutics (Germany); Brigham and Women's Hospital; Seoul National University; University College London Hospitals NHS Foundation Trust; New York University Press; Amgen (United States); University Hospitals Bristol NHS Foundation Trust; Research Corporation Technologies (United States); Novartis (Switzerland); SUNY New Paltz; Harvard University; Kyungnam University; Korea University; Agricultural Research Service; Yahoo (United Kingdom); Beltsville Human Nutrition Research Center; American Academy of Arts and Sciences; Moffitt Cancer Center; DigitalSpace (United States); Incyte (United States); Massachusetts General Hospital; Weatherford College; Georgetown University; Langley Research Center; University College London; Dr Youth Clinic; Virginia Tech; United States Department of Agriculture; Royal Perth Hospital; O'Neal Comprehensive Cancer Center; Memorial",0000-0002-2903-5130,,
https://openalex.org/A5015150415,David I. Sandberg,https://openalex.org/I205783295,Cornell University,1999,2003,https://openalex.org/I205783295,1999,2003,The University of Texas Health Science Center at Houston,"Novartis (Germany); National Institutes of Health; University of Miami Hospital; University of Pennsylvania; New York Hospital Queens; Plastic Surgery Hospital; University of Toronto; National Institute of Allergy and Infectious Diseases; Office of Multidisciplinary Activities; NewYork–Presbyterian Hospital; Pediatric Oncology Group; University of Southern California; Presbyterian Hospital; The University of Texas MD Anderson Cancer Center; American Society of Plastic Surgeons; Boston Children's Hospital; Neurology, Inc; Pediatrics and Genetics; Cornell University; Neurological Surgery; Miami Children's Hospital; Hospital for Sick Children; Orthopädische Universitätsklinik; Memorial Hermann; University of Miami; SickKids Foundation; Children's Hospital of Los Angeles; Children's Hospital of Philadelphia; Memorial Sloan Kettering Cancer Center",0000-0002-0245-6461,,
https://openalex.org/A5100405955,Jin Zhang,https://openalex.org/I205783295,Cornell University,1998,1998,https://openalex.org/I205783295,1998,1998,Xi'an Jiaotong University; Baoji City Central Hospital; Shandong First Medical University; Jiaxing University; Shandong Provincial Hospital,"Cornell University; University of California, San Diego; Anhui Medical University; Shanxi Medical University; National Yang Ming Chiao Tung University; National Institutes of Health; University of Maryland, Baltimore; Emory University; Sapienza University of Rome; New York University; American Society of Anesthesiologists; Wright State University; University School; Hospital for Special Surgery; University of California, Riverside; University of Oklahoma; Sun Yat-sen University; Northwestern University; Society for Neuroscience; National Institute for Viral Disease Control and Prevention; First Hospital of Shanxi Medical University; Dalian Naval Academy; Guangzhou University of Chinese Medicine; Sun Yat-sen Memorial Hospital; First Affiliated Hospital of Anhui Medical University; Case Western Reserve University; University of Yamanashi; Columbia University",0000-0002-3584-5527,,
https://openalex.org/A5006572626,H. P. Semmelhack,https://openalex.org/I205783295,Cornell University,1967,1967,https://openalex.org/I205783295,1967,1967,Cornell University,,,,
https://openalex.org/A5002108035,Robert L. McFeeters,https://openalex.org/I205783295,Cornell University,2002,2004,https://openalex.org/I205783295,2002,2004,University of Alabama in Huntsville,Center for Cancer Research; National Cancer Institute; Cornell University; University of Colorado Boulder,,,
https://openalex.org/A5109138509,Peeyush Bhargava,https://openalex.org/I205783295,Cornell University,2003,2006,https://openalex.org/I205783295,2003,2006,Cornell University,Indian Institute of Technology Indore; ExxonMobil (United States),,,
https://openalex.org/A5023380605,Catherine Arnold,https://openalex.org/I205783295,Cornell University,2000,2001,https://openalex.org/I205783295,2000,2001,Brigham and Women's Hospital,Cornell University; RCA (United States); Sheffield Hallam University; Methodist Hospital,,,
https://openalex.org/A5074920933,Miao Lu,https://openalex.org/I205783295,Cornell University,2004,2009,https://openalex.org/I205783295,2004,2009,Stomatological Hospital of Chongqing Medical University; Peking University Third Hospital; Nantong University; Nankai University; Animal Science Research Institute; Peking University; Chinese Academy of Sciences; Dalian Institute of Chemical Physics; Jianghan University; Nanchang University; Anhui Academy of Agricultural Sciences; Huzhou University; Chongqing Medical University; University of Manitoba,"Essen University Hospital; St Joseph's Health Care; University of Illinois Urbana-Champaign; Southwestern Medical Center; University of Kentucky; State Key Laboratory of Oral Diseases; Jilin University; Central South University; Cicatelli Associates; Sichuan University; State Key Laboratory of Supramolecular Structure and Materials; Cornell University; Ningxia Medical University; Shanxi Academy of Medical Sciences; Jiangsu Province Hospital; Tianjin haihe hospital; Dalian University; Nanjing Institute of Geology and Paleontology; Shanxi Medical University; The Graduate Center, CUNY; Robert Bosch (Germany); The University of Texas Southwestern Medical Center; Beijing Forestry University; Medical University of South Carolina; Nanjing Medical University; South China University of Technology; General Research Institute for Nonferrous Metals (China); University of Washington; Guangxi Medical University; The Affiliated Yongchuan Hospital of Chongqing Medical University; National Institute for Communicable Disease Control and Prevention; Shaanxi Normal University; University of Illinois Chicago; St. Boniface Hospital",0000-0003-0276-5616,,
https://openalex.org/A5048591270,A. Segalin,https://openalex.org/I205783295,Cornell University,1990,1990,https://openalex.org/I205783295,1990,1990,Azienda Ospedaliero Universitaria Ospedali Riuniti; University of Bergamo,"University of Milan; Ospedale Maggiore; Gruppo Italiano per il Trapianto di Midollo Osseo; University of Chicago; Inoue Hospital; Faculty of 1000 (United States); Fondazione IRCCS Ca' Granda Ospedale Maggiore Policlinico; University of Nevada, Las Vegas; Policlinico Universitario di Catania; University of Chicago Medical Center; Cornell University; University of Padua",,,
https://openalex.org/A5078350764,Brandon S. Beamer,https://openalex.org/I205783295,Cornell University,2009,2011,https://openalex.org/I205783295,2009,2011,,Massachusetts General Hospital; Brigham and Women's Hospital; Boston Children's Hospital; Harvard University; Cornell University; Hospital for Special Surgery; Beth Israel Deaconess Medical Center; Stanford Medicine,,,
https://openalex.org/A5001124933,Martin S. Tallman,https://openalex.org/I205783295,Cornell University,2001,2025,https://openalex.org/I205783295,2001,2025,Memorial Sloan Kettering Cancer Center; Midwestern University; Northwestern University; Kettering University; Purdue University West Lafayette,University of Southern California; Novartis (United States); National Cancer Institute; Shaare Zedek Medical Center; University Health Network; Cleveland Clinic; Vanderbilt University Medical Center; University of Minnesota Medical Center; Northwestern Memorial Hospital; University Hospitals of Cleveland; Memorial; Loyola University Medical Center; Centre Hospitalier Universitaire Sainte-Justine; U-M Rogel Cancer Center; Medical College of Wisconsin; Children's Hospital of Wisconsin; Indiana University – Purdue University Indianapolis; Lurie Children's Hospital; Gilead Sciences (United States); Universidad de Salamanca; Dana-Farber Cancer Institute; Sanford Burnham Prebys Medical Discovery Institute; Robert H. Lurie Comprehensive Cancer Center of Northwestern University; Sidney Kimmel Comprehensive Cancer Center; Memorial Hospital; Emory University; Cornell University; Illinois CancerCare; St. Jude Children's Research Hospital; Children's Healthcare of Atlanta; Rockefeller University; USC Norris Comprehensive Cancer Center; Indo-American Center; The University of Kansas Cancer Center; In-Q-Tel; Wayne State University; Roswell Park Comprehensive Cancer Center; Royal London Hospital; Children's Cancer Center; University of Chicago; University Medical Center; Albert Einstein College of Medicine; Einstein Medical Center Philadelphia; AstraZeneca (United States); University of New Mexico; GlaxoSmithKline (United States); Centre Hospitalier Universitaire de Grenoble; University of Rochester; Stanford University; Sidney Kimmel Cancer Center; Mount Sinai Medical Center; Sigma-Tau (Switzerland); Georgetown University Medical Center; Columbia University Irving Medical Center; Jazz Pharmaceuticals (Italy); Jesse Brown VA Medical Center; IDEX Corporation (United States); European Institute of Oncology; Newcastle University; Centre Hospitalier Universitaire de Lille; University of Toronto; Rambam Health Care Campus; Virginia Oncology Associates; The Royal Free Hospital; Georgetown University; Oregon Health & Science University; The Ohio State University; University of Washington; Hôpital Saint-Louis; University of Rome Tor Vergata; Mercy Medical Center; Bikur Cholim Hospital; Ontario Institute for Cancer Research; University of Pennsylvania; Morgan Stanley Children's Hospital; University Hospital and Clinics; Novartis (Switzerland); Stanford Medicine; Heartlands Hospital; Hospital Universitari i Politècnic La Fe; The University of Texas MD Anderson Cancer Center; Mayo Clinic in Florida; Washington University in St. Louis; Cancer Genetics (United States); West Virginia University Hospitals; University College London; Children's Hospital of Los Angeles; Moffitt Cancer Center; Johns Hopkins University; Geisinger Medical Center; Massachusetts General Hospital; Princess Margaret Cancer Centre; Children's Oncology Group; National Marrow Donor Program; Bristol-Myers Squibb (Germany); Case Western Reserve University; Shriners Hospitals for Children - Northern California; Cancer Research Center; Blood Cancer UK; Hammersmith Hospital; Karolinska Institutet; SWOG Cancer Research Network; National Institutes of Health; Fred Hutch Cancer Center; University of Illinois Chicago; New York Medical College; UNM Comprehensive Cancer Center; Mayo Clinic in Arizona; Integra (United States); Science Oxford; University of Michigan; Bladder Cancer Advocacy Network; Mayo Clinic; VA Palo Alto Health Care System; Palmetto Hematology Oncology; Montefiore Medical Center; IRCCS Azienda Ospedliero-Universitaria di Bologna Policlinico di Sant'Orsola; The Barbara Ann Karmanos Cancer Institute; Icahn School of Medicine at Mount Sinai; Sigma Tau (Italy); Eastern Cooperative Oncology Group; Harvard University; Kyoto University; Guthrie Foundation; Lady of Mercy Medical Center; Aegera Therapeutics (Canada); Brigham and Women's Hospital; Northwestern Medicine; University of Rochester Medical Center; Howard Hughes Medical Institute; Baylor University Medical Center; Sylvester Comprehensive Cancer Center; Biogen (United States); Technion – Israel Institute of Technology,0000-0002-4367-6102,,
https://openalex.org/A5019269808,William Indick,https://openalex.org/I205783295,Cornell University,2002,2002,https://openalex.org/I205783295,2002,2002,,Cornell University,,,
https://openalex.org/A5032597780,Mark Scott,https://openalex.org/I205783295,Cornell University,1988,1988,https://openalex.org/I205783295,1988,1988,Salford Royal Hospital,"National Eye Institute; Catholic Medical Center; University of Michigan; University at Buffalo, State University of New York; Harborview Medical Center; Mayo Clinic; Mercy Catholic Medical Center; Banner - University Medical Center Tucson; University of Wisconsin Carbone Cancer Center; Wilmington University; North Shore University Hospital; Oakland University; WinnMed; Cornell University; University of Oklahoma; University of Chicago Medical Center; Smith-Kettlewell Eye Research Institute; Eastern Virginia Medical School; The Royal Victorian Eye & Ear Hospital; Dean McGee Eye Institute; University of Washington; University of Tennessee Health Science Center; Osmania University; University of Miami Health System; National Institutes of Health",,,
https://openalex.org/A5024084600,Geoffrey A. Tate,https://openalex.org/I205783295,Cornell University,2019,2019,https://openalex.org/I205783295,2019,2019,"National Bureau of Economic Research; University of Utah; Tulane University; Federal Reserve; University of Miami; University of Maryland, College Park; Chinese University of Hong Kong, Shenzhen; University of North Carolina at Chapel Hill","University of Pennsylvania; Anderson University - South Carolina; American Finance Association; Cornell University; Harvard University Press; Stanford Medicine; University of California, Los Angeles; University of California, Berkeley; Stanford University",0000-0003-3189-5049,,
https://openalex.org/A5102252778,Dennis Ward,https://openalex.org/I205783295,Cornell University,1974,1977,https://openalex.org/I205783295,1974,1977,,University of Edinburgh; Astronomy and Space; University of Alberta; Cornell University,,,
https://openalex.org/A5103026409,Sharifa Sultana,https://openalex.org/I205783295,Cornell University,2018,2021,https://openalex.org/I205783295,2018,2021,University of Illinois Urbana-Champaign,Cornell University,0000-0003-2906-7391,,
https://openalex.org/A5053794217,Wim Pyckhout‐Hintzen,https://openalex.org/I205783295,Cornell University,2004,2004,https://openalex.org/I205783295,2004,2004,Forschungszentrum Jülich,"University of Bayreuth; Institute for Complex Systems; University of North Carolina at Chapel Hill; Institut Charles Sadron; Rutherford Appleton Laboratory; University of Cologne; Université de Strasbourg; Kodak (United States); University of Crete; Stadtwerke Jülich (Germany); Uppsala University; Cornell University; Carestream (United States); Foundation for Research and Technology Hellas; University of Maryland, College Park; University of Leeds; Pohang University of Science and Technology; Centre National de la Recherche Scientifique; Technion – Israel Institute of Technology; NIST Center for Neutron Research; National Research Council Canada; National Institute of Standards and Technology; Martin Luther University Halle-Wittenberg",0000-0002-1142-359X,,
https://openalex.org/A5049570974,Mark Waltham,https://openalex.org/I205783295,Cornell University,1993,1997,https://openalex.org/I205783295,1993,1997,Monash Health; Monash University,Saint Vincent's Catholic Medical Center; St Vincent's Hospital Melbourne; Cornell University; St. Vincent's Birmingham; Monash Institute of Medical Research; British Heart Foundation; National Institutes of Health; Center for Information Technology; Memorial Sloan Kettering Cancer Center; Princess Alexandra Hospital; The University of Melbourne; Murdoch Children's Research Institute; Center for Biologics Evaluation and Research; The University of Queensland; University of Virginia; University of Michigan; Breast Cancer Research Foundation; St. Vincent's Hospital; St Vincents Institute of Medical Research; University of Toronto; Queensland University of Technology; Kettering University; King's College London; Royal Children's Hospital; National Cancer Institute,0000-0001-9623-8133,,
https://openalex.org/A5111717699,Ephraim S. Casper,https://openalex.org/I205783295,Cornell University,1981,1999,https://openalex.org/I205783295,1981,1999,Lebanon Valley College; Valley Hospital; Valley Health System,University of South Florida; Memorial Sloan Kettering Cancer Center; Presbyterian Hospital; Massachusetts General Hospital; Chemotherapy Foundation; Royal Victoria Hospital; St. Clare Hospital in Lakewood; McGill University; New York Oncology Hematology; Memorial Hospital; Cornell University,,,
https://openalex.org/A5010756522,Joseph P. Mathew,https://openalex.org/I205783295,Cornell University,2008,2008,https://openalex.org/I205783295,2008,2008,Malankara Orthodox Syrian Church Medical College Hospital; University of Kerala; Duke Medical Center; Duke University; Ollscoil na Gaillimhe – University of Galway; Duke University Hospital,"Cleveland Foundation; University of Florida; May Institute; Yale New Haven Hospital; Alzheimer’s Disease Neuroimaging Initiative; Barro Colorado Island; Johnson & Johnson (Brazil); North Carolina State University; Long Island Jewish Medical Center; Swami Rama Himalayan University; Masonic Cancer Center; Université Paris-Panthéon-Assas; University of Kentucky; Cornell University; Stanford Medicine; Weatherford College; Mount Sinai Hospital; San Francisco VA Medical Center; McMaster University; Massachusetts General Hospital; Yale University; St. Luke's Episcopal Hospital; Danbury Hospital; Alexion Pharmaceuticals (France); Newcastle University; Shaare Zedek Medical Center; Cleveland Clinic; Health Economics and Outcomes Research (United Kingdom); University of Hawaiʻi at Mānoa; Winthrop-University Hospital; Texas Southern University; Mount Sinai Medical Center; SIS Medical (Switzerland); Monash University; Collaborative Research Group; Mount Sinai Hospital; King's College London; Hartford Financial Services (United States); Centre d'Analyse et de Recherche Interdisciplinaires sur les Médias; Kaiser Foundation Hospital; St. Luke's-Roosevelt Hospital Center; Hartford Hospital; Royal Prince Alfred Hospital; Stanford University; Eisai (United States); Clinical Research Institute; Trafford General Hospital; University of California, San Francisco; The University of Sydney; Harvard University; University of Pennsylvania; In-Q-Tel; National Institutes of Health; Committee on Publication Ethics; Lourdes Hospital; Mount Sinai Hospital; American Society of Echocardiography; University of Minnesota; Yeshiva University; Hewlett-Packard (United States); Beth Israel Deaconess Hospital; University of Oklahoma Health Sciences Center; Kerala Veterinary and Animal Sciences University; Mount Sinai Beth Israel; University of Bristol; Marymount University; National Trauma Research Institute; Queensland University of Technology; Sciences Po Grenoble; Philips (Finland); Brigham and Women's Hospital; Royal Cornwall Hospital; University Hospital Ayr; The Alfred Hospital; Sentara Heart Hospital; Alfred Health; Alexion Pharmaceuticals (United States); Beth Israel Deaconess Medical Center; Norwegian Womens Public Health Association; Icahn School of Medicine at Mount Sinai; Royal Victoria Infirmary; Sri Balaji Vidyapeeth University; Florida College; Mednax (United States); Newark Beth Israel Medical Center; Cedars-Sinai Medical Center; Post Graduate Institute of Medical Education and Research",0000-0002-3815-4131,,
https://openalex.org/A5048336585,Ioannis A. Vetsikas,https://openalex.org/I205783295,Cornell University,2002,2002,https://openalex.org/I205783295,2002,2002,,"The American College of Greece; Institute of Communication and Computer Systems; Institute of Informatics & Telecommunications; University of Southampton; Ohio University; National Centre of Scientific Research ""Demokritos""; University of Maryland, Baltimore County; Cornell University; Institute of Informatics of the Slovak Academy of Sciences",0009-0007-9522-4443,,
https://openalex.org/A5068354829,Michael A. Kiselow,https://openalex.org/I205783295,Cornell University,2007,2010,https://openalex.org/I205783295,2007,2010,,Dartmouth–Hitchcock Medical Center; Orthopedic Specialty Hospital; The Schwarzman Animal Medical Center; Cornell University; New York State College of Veterinary Medicine; Sage (United Kingdom); University of Helsinki; Georgia Cancer Specialists; Development Agency of Serbia; Carbon Valley Animal Hospital; Virginia Oncology Associates; Louisiana State University,,,
https://openalex.org/A5079664706,Ryan P. McQuinn,https://openalex.org/I205783295,Cornell University,2005,2020,https://openalex.org/I205783295,2005,2020,Western Sydney University,ARC Centre of Excellence in Plant Energy Biology; University of Florida; Donald Danforth Plant Science Center; Australian Research Council; United States Department of Agriculture; University of York; University of Nottingham; University of Warwick; Ithaca College; Cornell University; Michigan State University; Australian National University; Robert W. Holley Center for Agriculture & Health; Agricultural Research Service; Research International (United States),0000-0002-5549-5181,,
https://openalex.org/A5016915460,Melanie Isau,https://openalex.org/I205783295,Cornell University,2012,2012,https://openalex.org/I205783295,2012,2012,,Heidelberg University; Freie Universität Berlin; Cornell University; Max Planck Institute for Molecular Genetics; Epigenomics (Germany); University of Trento; National Center for Tumor Diseases; German Cancer Research Center; Universität Hamburg; University Medical Center Hamburg-Eppendorf,,,
https://openalex.org/A5022108294,Chia‐Hsin Hsu,https://openalex.org/I205783295,Cornell University,2021,2025,https://openalex.org/I205783295,2021,2025,Ithaca College; Cornell University,"Institute of Molecular Biology, Academia Sinica; National Taiwan University; Institute of Biomedical Sciences, Academia Sinica; National Yang Ming Chiao Tung University; Academia Sinica",0000-0003-4869-7110,,
https://openalex.org/A5100765475,Pratibha Sharma,https://openalex.org/I205783295,Cornell University,2025,2025,https://openalex.org/I205783295,2025,2025,Cornell University; Plant (United States),Dr. Rajendra Prasad Central Agriculture University; Manipur University; Cornell University Agricultural Experiment Station; Veterinary & Animal Husbandry; Institute of Agricultural Engineering; Banaras Hindu University; Indian Institute of Wheat and Barley Research; Central Agricultural University,0000-0001-5507-8436,,
https://openalex.org/A5069171194,Robin Ji,https://openalex.org/I205783295,Cornell University,2023,2023,https://openalex.org/I205783295,2023,2023,Columbia University,"Commissariat à l'Énergie Atomique et aux Énergies Alternatives; University of Miami; Jackson Memorial Hospital; Saint Louis University; Louisiana State University; Rensselaer Polytechnic Institute; Cornell University; University of California, San Diego; National Institute of Neurological Disorders and Stroke; Jackson Laboratory",0000-0003-1361-141X,,
https://openalex.org/A5100770218,Ying Li,https://openalex.org/I205783295,Cornell University,2010,2010,https://openalex.org/I205783295,2010,2010,University of Science and Technology of China; Central South University; Shanghai Ninth People's Hospital; Xiangya Hospital Central South University; Heilongjiang University; First Affiliated Hospital of Zhengzhou University; Beijing Jishuitan Hospital; Zunyi Medical University; Peking University; First People’s Hospital of Zunyi; Ministry of Education of the People's Republic of China; Hunan Provincial People's Hospital; The People's Hospital of Guangxi Zhuang Autonomous Region; Capital Medical University; Sanya Central Hospital; National University of Singapore; First Hospital of Jilin University; Shenzhen Second People's Hospital; Shanghai East Hospital; Jilin University; Shaanxi Provincial People's Hospital; Xuzhou Medical College; Blood Center of Zhejiang Province; Shanghai Jiao Tong University; Zhengzhou University,"Qingdao Agricultural University; Mayo Clinic; Nanfang Hospital; China Medical University; Third Hospital of Hebei Medical University; Chinese PLA General Hospital; Daping Hospital; Jinan University; Xencor (United States); Shenzhen University Health Science Center; Zhoukou Normal University; Shandong Provincial Hospital; Quality Research; Jinzhou Medical University; University of Massachusetts Chan Medical School; Wuhan Children's Hospital; Nanyang Institute of Technology; Chengdu University of Traditional Chinese Medicine; Jilin Medical University; First Affiliated Hospital of Wenzhou Medical University; International Bamboo and Rattan Organization; Tongji Hospital; Wuhan University; Guang’anmen Hospital; Tsinghua University; Inner Mongolia Medical University; Purdue University West Lafayette; Foshan University; Henan University of Science and Technology; Xiamen University; Northeast Forestry University; Zhongnan Hospital of Wuhan University; Guangzhou University of Chinese Medicine; Shandong First Medical University; Guangzhou Medical University; UF Health Cancer Center; Army Medical College; University of Hong Kong; First Affiliated Hospital of Fujian Medical University; Northwest Normal University; First Hospital of Shanxi Medical University; University of Science and Technology Liaoning; Shenzhen University; Beijing Anzhen Hospital; Nanjing Medical University; Howard Hughes Medical Institute; Air Force Medical University; Methodist Hospital; Eugene Applebaum College of Pharmacy and Health Sciences; Capital University; University of Florida Health; George Washington University; University of Chicago; Northwest A&F University; Beijing Children’s Hospital; Qinghai University; British Geriatrics Society; The University of Texas MD Anderson Cancer Center; Affiliated Hospital of Jiangsu University; Tianjin Medical University General Hospital; Suzhou Municipal Hospital; Cancer Institute (WIA); Tarim University; St. Jude Children's Research Hospital; Oklahoma State University; First Affiliated Hospital of Harbin Medical University; Hebei Medical University; Second Affiliated Hospital of Zhejiang University; Southwest Hospital; Shanghai First People's Hospital; Cornell University; University of Chinese Academy of Sciences; Shanghai First Maternity and Infant Hospital; Third Xiangya Hospital; Shantou Central Hospital; Fudan University; Albany Medical Center Hospital; Affiliated Hospital of Southwest Medical University; Stomatological Hospital of Chongqing Medical University; Tianjin University of Traditional Chinese Medicine; Hangzhou Cancer Hospital; Harvard University; Seagen (United States); Tongji University; Army Medical University; Tianjin Medical University; Harbin Medical University; Affiliated Hospital of Hebei University; Ningxia Medical University; Jiangsu Province Hospital; Fujian Medical University; First Affiliated Hospital of Guangzhou University of Chinese Medicine; Second Affiliated Hospital of Harbin Medical University; Department of Medical Sciences; Jilin Agricultural University; Massachusetts General Hospital; Chinese Academy of Medical Sciences & Peking Union Medical College; Roswell Park Comprehensive Cancer Center; Wenzhou Medical University; Shandong University of Traditional Chinese Medicine; Southwest General Health Center; China Pharmaceutical University; Huazhong University of Science and Technology; Houston Methodist; Shanghai Chest Hospital; University of Minnesota; The First People's Hospital of Wenling; Weifang Chinese Medicine Hospital; University of Florida; Mayo Clinic in Florida; Shandong Agricultural University; National University Cancer Institute, Singapore; Washington University Medical Center; Jiangsu University; UC San Diego Health System; New York Institute of Technology; University of Tennessee Health Science Center; Shihezi University; Tobacco Research Institute; Washington State University; Shanghai Medical College of Fudan University; Peking University First Hospital; Children's Hospital of Chongqing Medical University; Florida College; Beijing University of Chinese Medicine; Lanzhou University; Seoul National University; Shanghai Pulmonary Hospital; China International Science and Technology Cooperation; Anhui Medical University; National Clinical Research Center for Digestive Diseases; Wayne State University; Shanxi Medical University; The Francis Crick Institute; University of Virginia; Zhejiang University; Sun Yat-sen University; Hangzhou Medical College; Chongqing Medical University; Weifang Medical University; Qilu Hospital of Shandong University; University of Hong Kong - Shenzhen Hospital; Technical Institute of Physics and Chemistry; State Forestry and Grassland Administration; University of Tennessee at Knoxville; Nanjing Agricultural University; Tianjin University of Commerce; Yanbian University; South China Agricultural University; Xijing Hospital; Xiamen Medical College; Shandong University; Hunan Provincial Center for Disease Control and Prevention; The Affiliated Yongchuan Hospital of Chongqing Medical University; Guangxi University of Chinese Medicine; Zhongnan University of Economics and Law; Chongqing Three Gorges Central Hospital; Peking Union Medical College Hospital; New York University; The First Affiliated Hospital, Sun Yat-sen University; Third Affiliated Hospital of Sun Yat-sen University; Jinshan Hospital of Fudan University; Shanghai Institute of Nutrition and Health; Pennsylvania State University; Southern Medical University; Macau University of Science and Technology",0000-0002-9316-2521,,
https://openalex.org/A5110608677,Marie‐Pier Roussel,https://openalex.org/I205783295,Cornell University,1993,1993,https://openalex.org/I205783295,1993,1993,Université du Québec à Chicoutimi; Centre Intégré Universitaire de Santé et de Services Sociaux du Saguenay–Lac-Saint-Jean,Université Laval; Wilfrid Laurier University; Cornell University; Université de Sherbrooke,,,
https://openalex.org/A5027699789,Arijh Elzein,https://openalex.org/I205783295,Cornell University,2023,2023,https://openalex.org/I205783295,2023,2023,,"Cornell University; University of California, Irvine; Memorial Sloan Kettering Cancer Center; Weill Cornell Medicine",0000-0001-6122-6220,,
https://openalex.org/A5079235490,Michael Milona,https://openalex.org/I205783295,Cornell University,2018,2018,https://openalex.org/I205783295,2018,2018,Toronto Metropolitan University,University of Duisburg-Essen; Metropolitan University; University of Southern California; Cornell University; Southern California University for Professional Studies; Auburn University; Sam Houston State University,0000-0003-1474-6367,,
https://openalex.org/A5016539288,Pamela Nielsen,https://openalex.org/I205783295,Cornell University,1986,1989,https://openalex.org/I205783295,1986,1989,Bispebjerg Hospital; Rigshospitalet,Burke Rehabilitation Hospital; Burke Medical Research Institute; Cornell University,,,
https://openalex.org/A5070822233,Newman Malcolm,https://openalex.org/I205783295,Cornell University,1959,1959,https://openalex.org/I205783295,1959,1959,Yale University; University of Bath,Cornell University,0000-0002-5907-4480,,
https://openalex.org/A5110191925,John J. Eppig,https://openalex.org/I205783295,Cornell University,1979,1979,https://openalex.org/I205783295,1979,1979,Jackson Laboratory,"University of Tennessee at Knoxville; Women and Infants Research Foundation; National Cancer Institute; Cornell University; University of California, Berkeley; Maxygen (United States); Massachusetts General Hospital; Catholic University of America; The University of Adelaide; Oak Ridge National Laboratory; Agriculture and Agri-Food Canada; Novo Nordisk (Denmark); University of Auckland; Monash University; Deltagen (United States); The University of Western Australia; Midwestern University; National Institutes of Health; Baylor College of Medicine; Oak Ridge Associated Universities; AgResearch; University of America; National Institute of Diabetes and Digestive and Kidney Diseases; The University of Tokyo; Brooklyn College; City University of New York; United States Department of Energy; UConn Health; Frederick National Laboratory for Cancer Research; California State University, Fullerton",,,
https://openalex.org/A5084419227,Anat Shahar,https://openalex.org/I205783295,Cornell University,2005,2005,https://openalex.org/I205783295,2005,2005,Carnegie Institution for Science,"University of Texas Institute for Geophysics; Jet Propulsion Laboratory; Earth and Space Research; Geophysical Laboratory; University of California, Los Angeles; Earth and Planets Laboratory; Cornell University; University of Reading",0000-0002-0794-2717,,
https://openalex.org/A5053305281,Brian P. Mason,https://openalex.org/I205783295,Cornell University,2006,2012,https://openalex.org/I205783295,2006,2012,Naval Postgraduate School,Purdue University West Lafayette; Naval Surface Warfare Center; Florida State University; NSWC Indian Head; Cornell University,,,
https://openalex.org/A5110315594,Jie Shan,https://openalex.org/I205783295,Cornell University,2001,2001,https://openalex.org/I205783295,2001,2001,First Affiliated Hospital of Anhui Medical University; Anhui Medical University; Zhengzhou University; First Affiliated Hospital of Bengbu Medical College; Qiqihar Medical University,NewYork–Presbyterian Hospital; University of Palermo; Cornell University; University of Alberta; University Medical Center; Stollery Children's Hospital; Wayne State University; University of Hong Kong,,,
https://openalex.org/A5064165519,John J. Sauk,https://openalex.org/I205783295,Cornell University,2009,2009,https://openalex.org/I205783295,2009,2009,,"Cornell University; Max Planck Institute for Medical Research; 3M (United States); Hippocration General Hospital; Max Planck Society; University of Maryland, Baltimore; University of Maryland, College Park; Tokyo Medical and Dental University; University of Minnesota System; Philadelphia University; Hennepin County Medical Center; Children's Hospital of Michigan; University of Dental Medicine; Universidade Estadual de Campinas (UNICAMP); Mayo Clinic in Arizona; National and Kapodistrian University of Athens; University of Pennsylvania; Hennepin County; University of Louisville; University of Minnesota; U-M Rogel Cancer Center; University of Michigan; University of Baltimore; University of Louisville Hospital; St Savas Hospital; University of Detroit Mercy; Samsung (South Korea)",0000-0002-9208-5739,,
https://openalex.org/A5031045790,Yuhai Cui,https://openalex.org/I205783295,Cornell University,1995,1996,https://openalex.org/I205783295,1995,1996,Agriculture and Agri-Food Canada; Zhejiang Sci-Tech University; Wuxi People's Hospital; Western University; Nanjing Medical University; London Research and Development Centre,"South China Botanical Garden; Sun Yat-sen University; University of California, Davis; Beijing Botanical Garden; Plant Biotechnology Institute; Chinese Academy of Sciences; National Taiwan University; Shenyang Pharmaceutical University; University of Guelph; Academia Sinica; Pioneer Hi-Bred; Centro Andaluz de Biología Molecular y Medicina Regenerativa; Bibliothèque et Archives nationales du Québec; Cornell University; University of Idaho",0000-0002-3675-3288,,
https://openalex.org/A5012678408,Devra Lee Davis,https://openalex.org/I205783295,Cornell University,1997,1998,https://openalex.org/I205783295,1997,1998,,"Saint Vincent's Catholic Medical Center; Office of the Assistant Secretary for Health; MUSC Hollings Cancer Center; Environmental Law Institute; Hebrew University of Jerusalem; Sichuan University; Rockefeller University; Universidade Federal do Rio Grande do Sul; Office of Disease Prevention and Health Promotion; National Academy of Sciences; Education Trust; Cornell University; Universidade de São Paulo; Environmental Protection Agency; University of California, Berkeley; Mount Sinai Hospital; Queens College, CUNY; Centre international de recherche sur le cancer; United States Food and Drug Administration; Boston University; National Academies of Sciences, Engineering, and Medicine; University of Pittsburgh Medical Center; Northwest Hospital; Johns Hopkins University; Environmental Health; Hebrew Home of Greater Washington; University of Chile; UPMC Hillman Cancer Center; Pontificia Universidad Católica de Chile; Hadassah Medical Center; National Institutes of Health; Mount Sinai Medical Center; Medical University of Vienna; World Resources Institute; Medical University of South Carolina; Mexican Social Security Institute; University of Maryland, Baltimore; University of Toronto; Strang Cancer Prevention Institute; Ondokuz Mayıs University; Catholic Medical Center; Carnegie Mellon University; Health Trust; University of Pittsburgh; National Institute of Environmental Health Sciences; Yale University; National Health Council; United States Department of Health and Human Services",0000-0003-1759-8275,,
https://openalex.org/A5116666788,Farshid Salimi Jazi,https://openalex.org/I205783295,Cornell University,2025,2025,https://openalex.org/I205783295,2025,2025,Cornell University,,,,
https://openalex.org/A5066295673,Shalini Latchman,https://openalex.org/I205783295,Cornell University,2013,2013,https://openalex.org/I205783295,2013,2013,Cornell University; New York State College of Veterinary Medicine,,,,
https://openalex.org/A5054995890,H. Mahr,https://openalex.org/I205783295,Cornell University,1961,1982,https://openalex.org/I205783295,1961,1982,,Cornell University,,,
https://openalex.org/A5030561954,Doris G. Holmquist,https://openalex.org/I205783295,Cornell University,1956,1958,https://openalex.org/I205783295,1956,1958,Cornell University; Memorial Hospital,,,,
https://openalex.org/A5024337937,Christopher E. O’Connor,https://openalex.org/I205783295,Cornell University,2020,2020,https://openalex.org/I205783295,2020,2020,,"University of California, Los Angeles; Planetary Science Institute; University of California, Santa Barbara; Cornell University",0000-0003-3987-3776,,
https://openalex.org/A5111548419,B. E. White,https://openalex.org/I205783295,Cornell University,1994,1999,https://openalex.org/I205783295,1994,1999,Trinity College Dublin; Binghamton University,ON Semiconductor (United States); Massachusetts Institute of Technology; Drexel University; Silicon Labs (United States); Motorola (United States); Tempe Union High School District; Yale University; Cornell University,,,
https://openalex.org/A5108209757,S. L. Jenkins,https://openalex.org/I205783295,Cornell University,1992,1997,https://openalex.org/I205783295,1992,1997,The University of Texas Health Science Center at San Antonio; The University of Texas at San Antonio,New York State College of Veterinary Medicine; Cornell University; New York University,,,
https://openalex.org/A5006537703,Ameenah Sukkur,https://openalex.org/I205783295,Cornell University,2022,2022,https://openalex.org/I205783295,2022,2022,Cornell University; New York Hospital Queens; NewYork–Presbyterian Hospital; Presbyterian Hospital,,,,
https://openalex.org/A5032418986,Vijay S. Pande,https://openalex.org/I205783295,Cornell University,2002,2002,https://openalex.org/I205783295,2002,2002,Stanford University; William & Mary,"Emory University Hospital Midtown; Stanford Synchrotron Radiation Lightsource; Cornell High Energy Synchrotron Source; University of Tennessee Health Science Center; Yale University; Temple University; Cornell University; Le Bonheur Children's Hospital; Massachusetts Institute of Technology; University of Alberta; San Francisco State University; National Institute for Nanotechnology; Weizmann Institute of Science; Vertex Pharmaceuticals (United States); University of Florida; ETH Zurich; Material Sciences (United States); Menlo School; Lawrence Berkeley National Laboratory; IIT@MIT; Dartmouth College; University of Chicago; University of Pennsylvania; University of California, San Francisco; Western University; Argonne National Laboratory; Stanford Medicine; Bioengineering Center; Michigan State University; Palo Alto University; University of California, Berkeley; National Academies of Sciences, Engineering, and Medicine",0000-0003-2774-1178,,
https://openalex.org/A5065316467,Kimberly Lopez,https://openalex.org/I205783295,Cornell University,1999,2001,https://openalex.org/I205783295,1999,2001,Cornell University; Ithaca College,,,,
https://openalex.org/A5018199873,Masaki Watanabe,https://openalex.org/I205783295,Cornell University,2009,2010,https://openalex.org/I205783295,2009,2010,Tokyo Women's Medical University Hospital; Kitasato University; Takatsuki General Hospital,"Imperial Household Agency; RIKEN BioResource Research Center; Shinshu University; Nissan (United Kingdom); Obihiro Kyokai Hospital; Ophthalmology Associates (United States); The University of Osaka; National Hospital Organization; Asahikawa Medical University; Institute for Materials Research, Tohoku University; Nippon Steel (Germany); Kumamoto University; Okazaki Institute for Integrative Bioscience; Taawon; UCLA Medical Center; Kagoshima University Hospital; Institute of Metallurgy; Toyota Motor Corporation (Japan); Shimane University; Panasonic (Japan); Waseda University; Osaka University of Pharmaceutical Sciences; Juntendo University; Tokyo Metropolitan University; National Institute for Physiological Sciences; Kindai University; Kanto Central Hospital; Sakurabashi Watanabe Hospital; Cornell University; Integrated Oncology (United States); National Cancer Institute; Tokai University; Kagoshima University; Japanese Red Cross Akita College of Nursing; Food & Nutrition; Keio University; Towa Pharmaceutical (Japan); Mito Saiseikai General Hospital; Sumitomo Dainippon Pharma (Japan); Tohoku University; Saiseikai Kumamoto Hospital; Osaka Rosai Hospital; Fujitsu (Japan); Shonan Institute of Technology; Saitama Medical University; Toyo University; Yamaguchi University; Information Processing Society of Japan; National Institutes of Natural Sciences; Kanazawa University; Toyota Motor Corporation (Switzerland); University of Tsukuba; Center for Cancer Research; Hiroshima University",0000-0001-5586-0743,,
https://openalex.org/A5068438813,George E. Moore,https://openalex.org/I205783295,Cornell University,2009,2009,https://openalex.org/I205783295,2009,2009,Purdue University West Lafayette; Texas A&M University,"Brigham and Women's Hospital; Binghamton University; University of Minnesota; Columbia University; University of Chicago; American College of Financial Services; King George V Memorial Hospital; The University of Texas Southwestern Medical Center; Lynn University; Southwestern Medical Center; General Electric (United States); Armed Forces Institute of Pathology; Oak Ridge National Laboratory; Experimental Station; San Jose State University; Hartpury University; DuPont (United States); Sydney Hernia Specialists Clinic; General Electric (Israel); The University of Melbourne; Vanderbilt University; Nagoya University; Nokia (United States); Oakville-Trafalgar Memorial Hospital; Newmarket Equine Hospital; Oklahoma State University; Harvard University; University of Pennsylvania; University of Minnesota System; Lincoln Memorial University; United States Department of the Interior; University of California, Davis; Stanford University; Mississippi State University; U.S. National Science Foundation; Icahn School of Medicine at Mount Sinai; University of Alberta; Midland College; University of North Carolina at Chapel Hill; University of Zurich; Novartis (United States); Indiana University – Purdue University Indianapolis; Duke University; United States Army; IS practice; University of Illinois System; Indiana University – Purdue University Fort Wayne; Denver Health Medical Center; York University; Denver School of Nursing; Commonwealth Foundation; Hartford Financial Services (United States); Minneapolis Institute of Arts; The Ohio State University; Novant Health; University of California, Irvine; Roswell Park Comprehensive Cancer Center; Hudson Institute; University of Colorado Health; University of Georgia; The Schwarzman Animal Medical Center; Purdue University Institute for Cancer Research; Colorado State University; United States Public Health Service; Cornell University; Center for Cancer Research; University of Southern California; Rockefeller University Hospital; Carolina Veterinary Specialists; Price Vision Group; Florida State University; École Nationale Vétérinaire d'Alfort; Flinders University; American Cancer Society; University of Colorado Denver; University of Illinois Urbana-Champaign; New York State Department of Health; North Carolina State University; University of Minnesota Medical Center; The University of Texas at San Antonio; John Wiley & Sons (United States); The University of Sydney; University of Florida; Joint Commission",0000-0001-7473-3387,,
https://openalex.org/A5054691993,So-Hyang Yoon,https://openalex.org/I205783295,Cornell University,2016,2016,https://openalex.org/I205783295,2016,2016,New York State University College of Human Ecology; Cornell University,,,,
https://openalex.org/A5113631614,J. D. Barchas,https://openalex.org/I205783295,Cornell University,2010,2010,https://openalex.org/I205783295,2010,2010,Cornell University,Louisiana State University Health Sciences Center New Orleans; Neurological Surgery; National Aeronautics and Space Administration; Louisiana State University; Ames Research Center; Stanford Medicine; Stanford University,,,
https://openalex.org/A5113468410,Abdul-Aziz Yakubu,https://openalex.org/I205783295,Cornell University,2001,2002,https://openalex.org/I205783295,2001,2002,Howard University,Cornell University,,,
https://openalex.org/A5085969046,Otávio Guilherme Morais da Silva,https://openalex.org/I205783295,Cornell University,2022,2022,https://openalex.org/I205783295,2022,2022,Universidade de São Paulo,Universidade de Mogi das Cruzes; Universidade Federal do Pará; Weatherford College; Museu Paraense Emílio Goeldi; Cornell University; São Paulo Museum of Art,0000-0002-5805-7937,,
https://openalex.org/A5035967768,S. L. Gillison,https://openalex.org/I205783295,Cornell University,1994,1997,https://openalex.org/I205783295,1994,1997,New York State College of Veterinary Medicine; Cornell University,"University of Washington; Department of Physiological Sciences; University of California, Davis",,,
https://openalex.org/A5039294769,Hongyi Cai,https://openalex.org/I205783295,Cornell University,2025,2025,https://openalex.org/I205783295,2025,2025,Cornell University,Zhejiang University,0000-0001-7956-2310,,
https://openalex.org/A5090679438,Deborah Busch,https://openalex.org/I205783295,Cornell University,1982,1982,https://openalex.org/I205783295,1982,1982,,"University of Maryland, Baltimore; Johns Hopkins Medicine; Cornell University; VA Sierra Nevada Health Care System; College of the Holy Cross; University of Nevada, Reno; University of Maryland, College Park; California University of Pennsylvania; Johns Hopkins University",0000-0002-1293-1430,,
https://openalex.org/A5113643147,W.T. Lynch,https://openalex.org/I205783295,Cornell University,1997,1997,https://openalex.org/I205783295,1997,1997,Altarum Institute; Drexel University,Nokia (United States); Triangle; AT&T (United States); Semiconductor Research Corporation; University of Colorado Denver; Thomas Jefferson University; Midwest Business Group on Health; Cornell University; Health Promotion Services; Hartford Financial Services (United States); Research Triangle Park Foundation; Klinik Preetz; North Warwickshire and Hinckley College; Alcatel Lucent (Germany),,,
https://openalex.org/A5068320260,Susan R. McCouch,https://openalex.org/I205783295,Cornell University,1988,2025,https://openalex.org/I205783295,1988,2025,Cornell University,"University of Washington; Nagoya University; Missouri Botanical Garden; Louisiana State University; University of Missouri–St. Louis; Cold Spring Harbor Laboratory; Zimmer Biomet (United States); International Rice Research Institute; Emerson (United States); Institute of Plant Genetics, Polish Academy of Sciences; Carnegie Institution for Science; GTx (United States); European Bioinformatics Institute; University of Illinois Urbana-Champaign; New York State College of Agriculture & Life Sciences; Norwich Research Park; Robert W. Holley Center for Agriculture & Health; Colombian Corporation for Agricultural Research - AGROSAVIA; Michigan State University; Agricultural Research Service; Purdue University West Lafayette; Louisiana State University Agricultural Center; Carnegie Department of Plant Biology; Ithaca College; Chungbuk National University; University of Missouri; United States Department of Agriculture; University of Toledo; Tamil Nadu Agricultural University",0000-0001-9246-3106,,
https://openalex.org/A5040658026,Donna Walton Angarano,https://openalex.org/I205783295,Cornell University,1987,1987,https://openalex.org/I205783295,1987,1987,,Thomas Jefferson University; New York State College of Veterinary Medicine; Auburn University; Cornell University; Johns Hopkins University,,,
https://openalex.org/A5029739175,Matthew C. Davidson,https://openalex.org/I205783295,Cornell University,2002,2007,https://openalex.org/I205783295,2002,2007,BioCryst Pharmaceuticals (United States),"University of Massachusetts Boston; University of Massachusetts Chan Medical School; University of Maryland, Baltimore; University of Aberdeen; Aberdeen Royal Infirmary; University of Oregon; Ghent University; University of Massachusetts Amherst; Cornell University; Arthur M. Sackler Gallery; University of Colorado Denver; University Medical Center Utrecht; National Institutes of Health",,,
https://openalex.org/A5009939164,Katherine Asher,https://openalex.org/I205783295,Cornell University,2003,2003,https://openalex.org/I205783295,2003,2003,Cornell University; Cornell Cooperative Extension Association of Jefferson County,,,,
https://openalex.org/A5109516910,Anthony Ong,https://openalex.org/I205783295,Cornell University,2025,2025,https://openalex.org/I205783295,2025,2025,Cornell University,,,,
https://openalex.org/A5059352478,Anastasia H. Dalziell,https://openalex.org/I205783295,Cornell University,2007,2025,https://openalex.org/I205783295,2007,2025,Western Sydney University; Cornell University; University of Wollongong,Australian National University; Center for Environmental Health; Cornell Lab of Ornithology; MacAulay-Brown (United States),0000-0003-3602-0495,,
https://openalex.org/A5037441964,J. Wang,https://openalex.org/I205783295,Cornell University,1993,1993,https://openalex.org/I205783295,1993,1993,Cornell University; University of Pittsburgh,,,,
https://openalex.org/A5003061540,Rachel Gold,https://openalex.org/I205783295,Cornell University,2010,2010,https://openalex.org/I205783295,2010,2010,Cornell University,New York Hospital Queens; NewYork–Presbyterian Hospital; York University; Presbyterian Hospital,,,
https://openalex.org/A5001968450,Jason Cho,https://openalex.org/I205783295,Cornell University,2021,2021,https://openalex.org/I205783295,2021,2021,Walmart (United States),"University of California, San Francisco; Cornell University",0000-0002-8106-2961,,
https://openalex.org/A5013524275,Jade Chao,https://openalex.org/I205783295,Cornell University,1997,1997,https://openalex.org/I205783295,1997,1997,Cornell University,,,,
https://openalex.org/A5069940096,Zachary Stansell,https://openalex.org/I205783295,Cornell University,2018,2025,https://openalex.org/I205783295,2018,2025,Cornell University,U.S. Vegetable Laboratory; Agricultural Research Service; United States Department of Agriculture,0000-0003-4997-3383,,
https://openalex.org/A5003197574,Christiane Perme,https://openalex.org/I205783295,Cornell University,2011,2011,https://openalex.org/I205783295,2011,2011,Methodist Hospital,Society of Critical Care Medicine; University of Tennessee Medical Center; University of Tennessee at Knoxville; American Academy of Hospice and Palliative Medicine; Houston Methodist; Cornell University; American Physical Therapy Association; Alcoa (United States); Texas Woman's University; Shirley Ryan AbilityLab; Committee on Publication Ethics,0000-0003-4212-5867,,
https://openalex.org/A5003850109,Herbert P. Ginsburg,https://openalex.org/I205783295,Cornell University,1966,1975,https://openalex.org/I205783295,1966,1975,,"Columbia University; New York College of Health Professions; Westinghouse Electric (Japan); Grace (United States); University of Rochester; Cornell University; Rutgers, The State University of New Jersey; University of Maryland, Baltimore County",,,
https://openalex.org/A5109537821,Gregory A. Harshfield,https://openalex.org/I205783295,Cornell University,1981,1985,https://openalex.org/I205783295,1981,1985,Prevention Institute; Augusta University,NewYork–Presbyterian Hospital; Tennessee Clinical Research Center; University of Groningen; Cornell University; Children's Medical Center; University of Tennessee Health Science Center; GTx (United States); University of Alabama at Birmingham; AT&T (United States); Augusta University Health; University Medical Center Groningen; Emory University; Charles R. Drew University of Medicine and Science; University of Tennessee at Knoxville; Technology Applications (United States); Miami University; Association for Language Learning; Whitney Museum of American Art; St. Gregory's University; Medical University of South Carolina; State University of New York; St Thomas' Hospital; University System of Georgia; Wittenberg University; Georgia Regents Medical Center; Stony Brook University Hospital; University Medical Center; King's College London,,,
https://openalex.org/A5028118440,Yinan Huang,https://openalex.org/I205783295,Cornell University,2025,2025,https://openalex.org/I205783295,2025,2025,Collaborative Innovation Center of Chemical Science and Engineering Tianjin; Cornell University; National University of Singapore; Tianjin University; Yancheng Institute of Technology,State Grid Corporation of China (China); Chinese Academy of Sciences; State Council of the People's Republic of China; Center for Excellence in Education; Northwest A&F University; Shanghai Electric (China); Shanghai University; Wuhan University; Shenzhen University; Air Force Medical University; Suzhou Institute of Nano-tech and Nano-bionics,0000-0002-9579-4119,,
https://openalex.org/A5028491391,Reyn Kenyon,https://openalex.org/I205783295,Cornell University,2017,2018,https://openalex.org/I205783295,2017,2018,Cornell University,AstraZeneca (United Kingdom),,,
https://openalex.org/A5084619380,Michael J. Coyne,https://openalex.org/I205783295,Cornell University,1974,1974,https://openalex.org/I205783295,1974,1974,University of Chicago; The Ohio State University,"IDEXX Laboratories (Germany); Heska (United States); University of Colorado Boulder; Broad Institute; Public Health Scotland; New Frontier; Harvard University; University of Pennsylvania; Stobhill Hospital; Brigham and Women's Hospital; NHS Greater Glasgow and Clyde; IDEXX Laboratories (United States); Glasgow Royal Infirmary; Pfizer (United States); Cedars-Sinai Medical Center; University of California, San Francisco; Cornell University; New York University; Upstate University Hospital; SUNY Upstate Medical University; Northwell Health; Health Protection Scotland; Staten Island University Hospital; Mayo Clinic; Foundation Medicine (United States); Texas Children's Hospital; University of Massachusetts Amherst",0000-0003-4107-2353,,
https://openalex.org/A5036237652,Ann Macpherson Sánchez,https://openalex.org/I205783295,Cornell University,1967,1976,https://openalex.org/I205783295,1967,1976,University of Puerto Rico-Mayaguez,New York State University College of Human Ecology; United States Department of Agriculture; Agricultural Research Service; Cornell University,,,
https://openalex.org/A5061726221,Ting-Chun Liu,https://openalex.org/I205783295,Cornell University,2013,2013,https://openalex.org/I205783295,2013,2013,Cornell University,National Tsing Hua University,,,
https://openalex.org/A5103040866,Jinn Lin,https://openalex.org/I205783295,Cornell University,2025,2025,https://openalex.org/I205783295,2025,2025,Cornell University; Chia-Yi Christian Hospital,South China Agricultural University; May Institute; Chinese Academy of Medical Sciences & Peking Union Medical College; National Yunlin University of Science and Technology; National Taiwan University Hospital; Changchun University of Technology; National Formosa University; Cathay General Hospital; Peking Union Medical College Hospital; Johns Hopkins University; National Yang Ming Chiao Tung University; Jilin University; Fu Wai Hospital; National Taiwan University; State Key Laboratory of Cardiovascular Disease,0000-0003-1706-7220,,
https://openalex.org/A5111640339,SL Winter,https://openalex.org/I205783295,Cornell University,1987,1987,https://openalex.org/I205783295,1987,1987,,Pennsylvania State University; Burke Rehabilitation Hospital; Cornell University,,,
https://openalex.org/A5106414736,M Bernard,https://openalex.org/I205783295,Cornell University,1995,1995,https://openalex.org/I205783295,1995,1995,"Université Clermont Auvergne; Génétique, Diversité, Écophysiologie des Céréales",Cornell University,,,
https://openalex.org/A5093103821,Kaitlyn Beiler,https://openalex.org/I205783295,Cornell University,2023,2025,https://openalex.org/I205783295,2023,2025,Cornell University,,0009-0001-8418-2491,,
https://openalex.org/A5108487850,W. Mitchell Masters,https://openalex.org/I205783295,Cornell University,1978,1980,https://openalex.org/I205783295,1978,1980,The Ohio State University,University of Konstanz; Cornell University; Pomona College,,,
https://openalex.org/A5003086832,Z. Ca ̧gˇnan,https://openalex.org/I205783295,Cornell University,2003,2003,https://openalex.org/I205783295,2003,2003,Cornell University,,,,
https://openalex.org/A5013038451,Rebecca Ellerbroek,https://openalex.org/I205783295,Cornell University,2013,2013,https://openalex.org/I205783295,2013,2013,Northern Arizona University,Cornell University,,,
https://openalex.org/A5043623525,Patricia Gallo,https://openalex.org/I205783295,Cornell University,1984,1984,https://openalex.org/I205783295,1984,1984,Universidad de Buenos Aires,Universidad Autónoma de Madrid; American Jewish Committee; University of British Columbia; Universidade Federal do Rio Grande do Norte; Universidade Potiguar; University of North Dakota; Cornell University; Columbia University,,,
https://openalex.org/A5112067075,Hoi-Lai Yu,https://openalex.org/I205783295,Cornell University,1996,1996,https://openalex.org/I205783295,1996,1996,,"Shanghai Normal University; University of Southampton; United States Naval Academy; Institute of Physics, Academia Sinica; National Chung Cheng University; Chung Yuan Christian University; Cornell University; Academia Sinica",,,
https://openalex.org/A5110083704,A. M. Falchi,https://openalex.org/I205783295,Cornell University,1990,1990,https://openalex.org/I205783295,1990,1990,Cornell University; National Radio Astronomy Observatory,,,,
https://openalex.org/A5003255104,Abdullah Rasheed,https://openalex.org/I205783295,Cornell University,2018,2019,https://openalex.org/I205783295,2018,2019,,Presbyterian Hospital; NewYork–Presbyterian Hospital; New York Hospital Queens; Cornell University; Weill Cornell Medicine,,,
https://openalex.org/A5090174042,Estuning Tyas Wulan Mei,https://openalex.org/I205783295,Cornell University,2025,2025,https://openalex.org/I205783295,2025,2025,Physicians for Human Rights; Cornell University,Université Paris Cité; Universitas Gadjah Mada; Centre National de la Recherche Scientifique; ADA University; Université Paris 1 Panthéon-Sorbonne; Laboratoire de Géographie Physique,0000-0003-3814-9014,,
https://openalex.org/A5032093404,William K. Cornwell,https://openalex.org/I205783295,Cornell University,2002,2002,https://openalex.org/I205783295,2002,2002,Environmental Earth Sciences; UNSW Sydney,"New York State College of Agriculture & Life Sciences; Xishuangbanna Tropical Botanical Garden; Ecosystem Sciences; Netherlands Institute of Ecology; University of Miami; Ecological Society of America; Lomonosov Moscow State University; University of California, Berkeley; Stanford University; University of Oregon; The University of Queensland; University of Amsterdam; The Ohio State University; Vrije Universiteit Amsterdam; University of Colorado Anschutz Medical Campus; Cornell University; University of British Columbia; Ecologie & Evolution; Centre d'Investigacions sobre Desertificació",0000-0003-4080-4073,,
https://openalex.org/A5022865068,Anum Aslam,https://openalex.org/I205783295,Cornell University,2024,2024,https://openalex.org/I205783295,2024,2024,Ann Arbor Center for Independent Living; University of Sheffield; University of Michigan; Michigan Medicine; Liaquat University of Medical & Health Sciences,Monash University; Duke Medical Center; Western Health; University of Toronto; Hamdard University; Cooper Medical School of Rowan University; Stony Brook University; Society of Interventional Radiology; Jinnah Sindh Medical University; Bolan University of Medical and Health Sciences; Stony Brook University Hospital; Indira Gandhi Government Medical College & Hospital; Liaquat National Hospital; Monash Health; Cornell University; Dow University of Health Sciences; Army Medical College,0000-0001-6243-5286,,
https://openalex.org/A5035054989,Bridget Twohig,https://openalex.org/I205783295,Cornell University,2025,2025,https://openalex.org/I205783295,2025,2025,Presbyterian Hospital; Cornell University,Mount Sinai Hospital; Mount Sinai Hospital; Icahn School of Medicine at Mount Sinai,,,
https://openalex.org/A5100443879,Yan Li,https://openalex.org/I205783295,Cornell University,2012,2012,https://openalex.org/I205783295,2012,2012,Hong Kong Polytechnic University; Macquarie University; South China Agricultural University; State Grid Corporation of China (China); Xidian University; Northwestern Polytechnical University; Nanjing University of Science and Technology; Northeastern University; Sun Yat-sen University; Shenzhen Polytechnic; Nanjing University of Chinese Medicine; Shenzhen Technology University; Xiamen University of Technology; Guangdong Academy of Medical Sciences; Guangdong Provincial People's Hospital; Northwest A&F University; First Affiliated Hospital of Heilongjiang University of Chinese Medicine; University of Electronic Science and Technology of China; Beijing Forestry University; University of Southern Queensland; Taizhou University; Yanshan University; Southern Medical University; Henan Institute of Science and Technology,"China Education and Research Network; Land Consolidation and Rehabilitation Center; Toowoomba Hospital; Guangzhou Institute of Geography; Robert H. Lurie Comprehensive Cancer Center of Northwestern University; Institute of Biophysics; Huizhou University; Shanghai Jiao Tong University; Shanghai Institute of Organic Chemistry; Chinese Academy of Medical Sciences & Peking Union Medical College; Chinese Academy of Sciences; Harbin Engineering University; Fujian Normal University; Guangzhou Women and Children Medical Center; Southeast University; South China University of Technology; Affiliated Hospital of Youjiang Medical University for Nationalities; Xiangtan University; Xi’an University; Naval Aeronautical and Astronautical University; Institute of Information Engineering; Nanchang University; National Institute of Ecology; Xiamen University; Flinders University; Lanzhou University; Case Western Reserve University; Nanjing Agricultural University; Nankai University; Institute of Scientific and Technical Information of China; Institute of Forensic Science; Chongqing University of Posts and Telecommunications; Guangdong General Hospital; Shenyang Normal University; Southeast University; Shanghai International Studies University; Institute of Computing Technology; Shenyang University of Technology; Shaanxi Science and Technology Department; Dezhou University; Harbin Institute of Technology; Tianjin Anding Hospital; Shijiazhuang University; University of Houston; Shenzhen Stock Exchange; Tianjin Normal University; Carnegie Mellon University; Beijing Automation Control Equipment Institute; Shanghai Key Laboratory of Trustworthy Computing; Beijing Anding Hospital; Guangxi Normal University; Zhengzhou University; CPC Heilongjiang Provincial Committee Party School; Oregon Health & Science University; Guangdong University Of Finances and Economics; Xinjiang Institute of Ecology and Geography; National Museum of China; Chengdu University of Technology; Agricultural Research Organization; Universidad del Noreste; Chongqing University; Shandong University of Technology; Anhui Medical University; Hebei University of Economics and Business; Saudi Aramco (United States); Yuncheng University; Beijing Normal University; Northwest Normal University; University of Wuppertal; Soochow University; Guangzhou University; Nanyang Institute of Technology; China Railway Group (China); Twin Cities Orthopedics; Kuaishou (China); Harbin University of Science and Technology; Changchun University of Technology; University of Manitoba; Jilin University; Bethune International Peace Hospital; United Imaging Healthcare (China); Beijing Anzhen Hospital; Peking University; Institute of Technology of Cambodia; Sichuan University; Chengdu University; Tianjin University; Binzhou University; Northeast Normal University; Bozhou People's Hospital; Chongqing University of Technology; Tongling University; University of Science and Technology of China; Shanghai Maritime University; Jilin Jianzhu University; Beijing Jiaotong University; Heilongjiang Bayi Agricultural University; NARI Group (China); China People's Public Security University; Shanghai Astronomical Observatory; Weifang University; IBM Research (China); DePaul University; Zen-Noh (Japan); Peking Union Medical College Hospital; Hebei University; MVJ College of Engineering; Shenyang Institute of Automation; Changchun Institute of Optics, Fine Mechanics and Physics; University of Science and Technology Beijing; State Key Laboratory of Software Engineering; Zhejiang University of Science and Technology; Delft University of Technology; China Meteorological Administration; Jilin University of Chemical Technology; Central China Normal University; Shanxi University; Zaozhuang University; Shanxi Transportation Research Institute; IBM (United States); The University of Adelaide; Ruijin Hospital; Hebei Provincial Center for Disease Control and Prevention; Xi'an Peihua University; NEC (China); Kunming University of Science and Technology; Chongqing University of Science and Technology; Tung Fang Design Institute; Northwest University of Politics and Law; North Sichuan Medical University; Apellis Pharmaceuticals (United States); Northwestern University; Education Department of Jiangxi Province; University of Hawaiʻi at Mānoa; Academy of Opto-Electronics; National University of Defense Technology; Huaqiao University; Pingliang People's Hospital; Western Digital (United States); Shenzhen Institute of Information Technology; University of International Business and Economics; Lundbeck (Denmark); Chongqing University of Arts and Sciences; China Land Surveying and Planning Institute; China Agricultural University; Chongqing Vocational Institute of Engineering; Shaanxi Provincial Land Engineering Construction Group; Institute of Acoustics; Beihang University; Sewanee: The University of the South; AviChina Industry & Technology (China); University of Tennessee at Knoxville; Northeast Forestry University; Lingnan Normal University; Washington University in St. Louis; Shanghai Electric (China); Hebei University of Technology; Inner Mongolia University; Deep Ocean Technology (Poland); Southwest University; National Clinical Research; First Affiliated Hospital of Anhui Medical University; Peking University Third Hospital; Anhui Institute of Optics and Fine Mechanics; Huawei Technologies (China); Yangzhou Vocational University; Huainan Normal University; Georgetown University; Changchun University; Shanxi Normal University; Nantong Science and Technology Bureau; Dalian Maritime University; Southwest Jiaotong University; Tianjin Medical University; Yunnan University of Finance And Economics; North China Institute of Science and Technology; Xi’an University of Posts and Telecommunications; China Aerospace Science and Industry Corporation (China); Shenyang Jianzhu University; Nanjing Drum Tower Hospital; Wuhan University of Technology; First Affiliated Hospital of Zhengzhou University; Wuhan Donghu University; East China University of Science and Technology; Genertec Shenyang Machine Tool Co., Ltd. (China); Central South University; Capital Medical University; Xi'an University of Finance and Economics; Lundbeck (United States); The University of Texas at Dallas; Shanghai Polytechnic University; University of Hawaii System; Macao Polytechnic University; North University of China; PLA Army Engineering University; Panzhihua University; Xihua University; Sinopec (China); Beijing University of Posts and Telecommunications; Minnan University of Science and Technology; North China University of Technology; Zhejiang Institute of Communications; Computer Network Information Center; Weatherford College; Shanghai Public Security Bureau; Wuhan Textile University; Wuhan University; Jiaxing University; Air Force Engineering University; Luoyang Institute of Science and Technology; Hunan University of Humanities, Science and Technology; Heilongjiang University; Sichuan Academy of Forestry; Inner Mongolia Electric Power (China); Zhongkai University of Agriculture and Engineering; Communication University of China; Zhejiang University; Anhui University; Fuling Center Hospital of Chongqing; China Railway Eryuan Engineering Group Co.; Heilongjiang Institute of Technology; Henan University; Dalian University of Foreign Languages; Jinan University; Shanghai Mental Health Center; University of Minnesota; Chongqing Technology and Business University; Nanchong Central Hospital; Pingdingshan University; Hubei University of Technology; Sichuan Agricultural University; Anhui University of Science and Technology; East China Normal University; Henan Agricultural University; The University of Queensland; Tencent (China); Heilongjiang University of Science and Technology; Tsinghua University; State Key Laboratory of Turbulence and Complex Systems; Inha University; South China Normal University; Methodist Hospital; Jilin Agricultural University; Jiangxi Science and Technology Normal University; Jining University; Institute of Electrical Engineering; PLA Information Engineering University; Liaoning Jianzhu Vocational University; Waseda University; Public Health Agency of Canada; Ministry of Natural Resources; China University of Political Science and Law; GTx (United States); Guilin University of Electronic Technology; Guilin University of Aerospace Technology; Guangzhou Medical University; Huazhong University of Science and Technology; Canadian Science Centre for Human and Animal Health; First Automotive Works (China); Shanghai University; University of Jinan; Nanjing University of Aeronautics and Astronautics; Shaanxi Normal University; Shenzhen University; Chinese Academy of Social Sciences; Liaoning Technical University; Chenguang Research Institute of Chemical Industry; Jilin Medical University; Shanghai University of Political Science and Law; Chongqing Medical University; Nanyang Medical College; Hunan Railway Professional Technology College; Zhengzhou People's Hospital; University of Technology Sydney; Institute of Software; Cornell University; Georgia Institute of Technology; Nanjing University; Nanjing Chest Hospital; Tianjin Hospital; China Southern Power Grid (China); Sichuan Provincial Library; Singapore Management University; Chengdu Medical College; Air Force Medical University; Florida Institute of Technology; Beijing Institute of Graphic Communication; Zhoukou Normal University; Luoyang Central Hospital Affiliated to Zhengzhou University; The Engineering & Technical College of Chengdu University of Technology; Huawei Technologies (United Kingdom); Children's Hospital of Chongqing Medical University; Chongqing Medical and Pharmaceutical College",0000-0002-4694-4926,,
https://openalex.org/A5051309985,Felix A. H. Sperling,https://openalex.org/I205783295,Cornell University,1991,1994,https://openalex.org/I205783295,1991,1994,University of Alberta,"Duke University; Bavarian State Collection of Zoology; University of California, Berkeley; University of Cambridge; Swedish Veterinary Agency; President University; Bridge University; University of California, Los Angeles; Southern Illinois University Carbondale; University of Ottawa; University of British Columbia; Alberta Hospital Edmonton; American Museum of Natural History; Qatar Airways (Qatar); University of Cincinnati; Natural History Museum; Iowa State University; University of Arizona; University of Copenhagen; University of Kentucky; Brigham Young University; National Museum of Natural History; University of Connecticut; University of Michigan; The Ohio State University; Cornell University; Yale University; Natural Resources Canada; Smithsonian Institution; Chungbuk National University; University of Northern British Columbia; Institut für Bauwerkserhaltung und Sanierung (Germany); Weill Cornell Medical College in Qatar; Entomological Society of Canada; Canadian Forest Service; University of Colorado Boulder; Universidad Nacional Autónoma de México; Burnaby Hospital; Royal Alberta Museum; Université Laval; Clemson University",0000-0001-5148-4226,,
https://openalex.org/A5085531355,Eileen F. DeMarco,https://openalex.org/I205783295,Cornell University,1993,1993,https://openalex.org/I205783295,1993,1993,Columbia University,Cornell University; NewYork–Presbyterian Hospital; Presbyterian Medical Center,,,
https://openalex.org/A5086288779,Frank J. Sparhawk,https://openalex.org/I205783295,Cornell University,1976,1976,https://openalex.org/I205783295,1976,1976,Cornell University,,,,
https://openalex.org/A5084557792,Sami Jorge Michereff,https://openalex.org/I205783295,Cornell University,2017,2017,https://openalex.org/I205783295,2017,2017,Universidade Federal do Cariri,United Food and Commercial Workers; United States Department of Agriculture; Universidade Federal Rural de Pernambuco; Louisiana State University; Universidade Federal de Viçosa; Institute of Rural Management Anand; University of Florence; Agricultural Research Service; Cornell University,0000-0002-2156-3502,,
https://openalex.org/A5050995488,Lewis J. Sherman,https://openalex.org/I205783295,Cornell University,1966,1966,https://openalex.org/I205783295,1966,1966,University of Missouri–St. Louis,Harvard University; McLean Hospital; Cornell University; Signature Healthcare Brockton Hospital; University of Illinois System,,,
https://openalex.org/A5110221229,Jeong Je Cho,https://openalex.org/I205783295,Cornell University,2005,2005,https://openalex.org/I205783295,2005,2005,Kyung Hee University,Cornell University; Kyung Hee University Medical Center,,,
https://openalex.org/A5108758821,J Monteiro,https://openalex.org/I205783295,Cornell University,1995,1996,https://openalex.org/I205783295,1995,1996,,New York University; North Shore University Hospital; Northwell Health; Institute of Child Health; Marqués de Valdecilla University Hospital; Cornell University,,,
https://openalex.org/A5049329237,RP Warner,https://openalex.org/I205783295,Cornell University,2000,2000,https://openalex.org/I205783295,2000,2000,Icahn School of Medicine at Mount Sinai,Presbyterian Hospital; Cornell University,,,
https://openalex.org/A5106919604,Vincent Navarro,https://openalex.org/I205783295,Cornell University,2011,2011,https://openalex.org/I205783295,2011,2011,Hôpital Saint-Antoine; Assistance Publique – Hôpitaux de Paris; Institut du Cerveau; Institut de Psychiatrie et Neurosciences de Paris; Centre National de la Recherche Scientifique; Hôpital Lariboisière; Saint Louis University Hospital; Inserm; Pitié-Salpêtrière Hospital; Sorbonne Université; Hôpital Rothschild,Cornell University,,,
https://openalex.org/A5042231087,Carolyn F. Weber,https://openalex.org/I205783295,Cornell University,2002,2002,https://openalex.org/I205783295,2002,2002,Idaho State University,Louisiana State University; Louisiana State University Agricultural Center; University of Maine; Marine Biological Laboratory; Woodwell Climate Research Center; Los Alamos National Laboratory; Bowdoin College; Des Moines University; Cornell University,,,
https://openalex.org/A5009038938,Elizabeth Comen,https://openalex.org/I205783295,Cornell University,2011,2021,https://openalex.org/I205783295,2011,2021,Memorial Sloan Kettering Cancer Center,Bon Secours Hospital Cork; Harvard University Press; Hematology Oncology Associates of Central New York; Kettering University; Roswell Park Comprehensive Cancer Center; American Society of Clinical Oncology; Beth Israel Deaconess Medical Center; Weill Cornell Medicine; Cornell University; National Cancer Institute; Regional Cancer Center,0000-0002-9179-0399,,
https://openalex.org/A5008006437,Adriana M. Lo Cicero,https://openalex.org/I205783295,Cornell University,1991,1991,https://openalex.org/I205783295,1991,1991,New York State Department of Agriculture and Markets; Cornell University,,,,
https://openalex.org/A5116163073,Naomi Tesfuzigta,https://openalex.org/I205783295,Cornell University,2025,2025,https://openalex.org/I205783295,2025,2025,Cornell University,,,,
https://openalex.org/A5080019310,Nancy J. Rosenbloom,https://openalex.org/I205783295,Cornell University,1981,1981,https://openalex.org/I205783295,1981,1981,,Cornell University; Canisius College,,,
https://openalex.org/A5027173787,Joshua D. Geleris,https://openalex.org/I205783295,Cornell University,2016,2017,https://openalex.org/I205783295,2016,2017,Columbia University,Columbia University Irving Medical Center; New York Hospital Queens; Drexel University; NewYork–Presbyterian Hospital; Weill Cornell Medicine; Cornell University; Presbyterian Hospital; Texas Health Dallas,0000-0003-0137-4111,,
https://openalex.org/A5046354030,Kazuyoshi Ueda,https://openalex.org/I205783295,Cornell University,1997,2001,https://openalex.org/I205783295,1997,2001,Yokohama National University; Aoyama Gakuin University,National Research Institute of Police Science; Hirosaki University; Graduate School USA; Cornell University; Fukui University of Technology; Hokkaido University; Daicel (Japan); Hiroshima University; NEC (Japan); Hoshi University,0000-0002-7279-1230,,
https://openalex.org/A5055519031,Clemens A. Hackethal,https://openalex.org/I205783295,Cornell University,1960,1960,https://openalex.org/I205783295,1960,1960,Cornell University,,,,
https://openalex.org/A5042926381,Natalia N. Starkova,https://openalex.org/I205783295,Cornell University,2010,2018,https://openalex.org/I205783295,2010,2018,SUNY Maritime College,Institute of Bioorganic Chemistry; Weill Cornell Medicine; Northwestern University; Intra Cellular Therapies (United States); Icahn School of Medicine at Mount Sinai; Cornell University; MIND Research Institute; Kurume University; Rockefeller University; Yale University; National Audubon Society,,,
https://openalex.org/A5052222671,M. J. Mandell,https://openalex.org/I205783295,Cornell University,1971,1974,https://openalex.org/I205783295,1971,1974,Leidos (United States),"Maxwell Technologies (United States); University of California, Los Angeles; U.S. Air Force Materiel Command; Science Applications International Corporation (United States); Advanced Applications (United States); Kirtland Air Force Base; Argonne National Laboratory; Engineering and Software System Solutions (United States); Thomas Jefferson National Accelerator Facility; United States Air Force Research Laboratory; Hanscom Air Force Base; Cornell University; H-Cubed (United States); Center Point; University of Rochester",,,
https://openalex.org/A5115861810,Shuo Chen,https://openalex.org/I205783295,Cornell University,2013,2016,https://openalex.org/I205783295,2013,2016,"China University of Geosciences; Chinese PLA General Hospital; Shandong Academy of Sciences; University of Maryland, Baltimore; The University of Queensland; Durham University; Tsinghua University; Hong Kong Polytechnic University; Binzhou University; Binzhou Medical University; Guilin University of Technology; Guangdong Provincial People's Hospital; Monash University; Jilian Technology Group (China); Beijing Chao-Yang Hospital; Southern Medical University; Beijing University of Technology; Shanghai Normal University; Capital Medical University; Second Affiliated Hospital of Zhejiang University; Nagoya University; Shanxi University; Beijing Institute for General Artificial Intelligence; Tongji University; Beijing Academy of Artificial Intelligence; China Telecom; Shandong University; Qilu University of Technology; New York State Office of Mental Health; Nankai University; Nanjing University of Science and Technology; Tianjin People's Hospital; Victoria University; China Telecom (China); Guangdong Academy of Medical Sciences","Fujian Provincial Hospital; Vanderbilt-Ingram Cancer Center; Chung Shan Medical University Hospital; Mianyang Central Hospital; Mitre (United States); Ministry of Civil Affairs; Taipei Medical University-Shuang Ho Hospital; East China University of Technology; Tianjin Medical University General Hospital; Radboud University Medical Center; University of Washington; China-Japan Friendship Hospital; University of Alberta; Union Hospital; Dalian University of Technology; Shanghai Jiao Tong University; Stanford University; Ontario Institute for Cancer Research; China Medical University; Guangzhou Medical University; Second Military Medical University; National Cancer Center; Weatherford College; Wuhan University; VA Palo Alto Health Care System; First Affiliated Hospital of Nanchang University; Union Hospital; Nanchang University; Beijing Tian Tan Hospital; University of Maryland, College Park; Microsoft Research (United Kingdom); University of Cambridge; Chia-Yi Christian Hospital; Shandong Agricultural University; Tianjin University of Traditional Chinese Medicine; National Taiwan University Hospital; Daping Hospital; National Pingtung University of Science and Technology; Nanjing University; University of Mary; Zhejiang Chinese Medical University; University of Miami; Australian National University; State Research Center of the Russian Federation; National Bureau of Economic Research; 175th Hospital of People's Liberation Army; Kaohsiung Municipal Hsiao-Kang Hospital; The First Affiliated Hospital, Sun Yat-sen University; Vanderbilt University Medical Center; China Pharmaceutical University; Metrum Research Group (United States); Shanghai University; Institute on Aging; Taoyuan Chang Gung Memorial Hospital; Chinese Center For Disease Control and Prevention; China Medical University Hospital; George Washington University Hospital; Hong Kong University of Science and Technology; Shantou University; Sichuan Agricultural University; Microsoft (United States); Kaohsiung Medical University; Institut de Cancérologie de l'Ouest; Shenyang Center for Disease Control and Prevention; Amsterdam University of the Arts; Boston University; Anhui University of Traditional Chinese Medicine; National Defense Medical Center; Centers for Disease Control and Prevention; Xiamen University; Atossa Therapeutics (United States); Taipei Veterans General Hospital; RIKEN; Beijing Normal University; Radboud University Nijmegen; Shanghai Ocean University; Second Affiliated Hospital of Xi'an Jiaotong University; Beijing Jishuitan Hospital; University of Hong Kong; National Center for Epidemiology; Munich Center for Machine Learning; East China Normal University; Syracuse VA Medical Center; Ludwig-Maximilians-Universität München; Vanderbilt University; Tri-Service General Hospital; University of Amsterdam; Shandong University of Technology; Third Affiliated Hospital of Harbin Medical University; The University of Texas Health Science Center at San Antonio; First Affiliated Hospital of Henan University of Science and Technology; Renmin Hospital of Wuhan University; Nanjing University of Chinese Medicine; First Hospital of China Medical University; The Ohio State University; Nathan Kline Institute for Psychiatric Research; First Affiliated Hospital Zhejiang University; Min Sheng General Hospital; Harbin Institute of Technology; Peking University; Pierre Fabre (France); Gdańsk Medical University; Baylor College of Medicine; Fujian Medical University; Southwest University of Visual Arts; Hohai University; Shenyang University of Technology; Zhujiang Hospital; Chang Gung Memorial Hospital; Tennessee Oncology; Universitat Autònoma de Barcelona; Second Affiliated Hospital of Shantou University Medical College; University of Southern California; Harbin Medical University; The University of Texas MD Anderson Cancer Center; Liaoning University of Traditional Chinese Medicine; UCLA Health; Wihuri Research Institute; Anhui Medical University; Creative Commons; Health Services Research & Development; China Medical University; Kaohsiung Medical University Chung-Ho Memorial Hospital; RMIT University; Shanghai Maritime University; Zero to Three; New Jersey Institute of Technology; HCG NCHRI Cancer Centre; Xi'an Jiaotong University; State Administration of Traditional Chinese Medicine of the People's Republic of China; University of Helsinki; Dongguan People’s Hospital; Roche (Switzerland); Army Medical University; SUNY Upstate Medical University; Kaohsiung Chang Gung Memorial Hospital; VA Puget Sound Health Care System; University of Electronic Science and Technology of China; Beijing Proteome Research Center; Bay State College; Zhejiang University; Chinese Academy of Medical Sciences & Peking Union Medical College; Royal Hospital for Children; National Pingtung University; Huazhong University of Science and Technology; Seoul National University Hospital; Jinzhou Medical University; Sun Yat-sen University; Princess Margaret Cancer Centre; Cornell University; Nanyang Institute of Technology; National Taiwan University; Anhui University; University of Arizona; Shandong Normal University; Sarah Cannon; University of Veterinary Medicine; National Cancer Institute; Capital Normal University; Severance Hospital; Fuzhou University; Emory University; China Electronics Technology Group Corporation; Mackay Memorial Hospital; Fudan University; Second Affiliated Hospital of Nanchang University; Asan Medical Center; Wenzhou Hospital of Traditional Chinese Medicine; 82th Hospital of Pla; Third Affiliated Hospital of Guangzhou Medical University; University of Auckland; East China Jiaotong University",0009-0007-7103-6077,,
https://openalex.org/A5028475219,Rene Hollingsworth,https://openalex.org/I205783295,Cornell University,1993,1993,https://openalex.org/I205783295,1993,1993,Cornell University; North Shore University Hospital,George Washington University; Martinsburg VA Medical Center,,,
https://openalex.org/A5027448302,Florencia P. Madorsky Rowdo,https://openalex.org/I205783295,Cornell University,2021,2025,https://openalex.org/I205783295,2021,2025,Weill Cornell Medicine; Cornell University,Lander Institute; NewYork–Presbyterian Hospital; Consejo Nacional de Investigaciones Científicas y Técnicas; New York Hospital Queens; Fundación Instituto Leloir; Presbyterian Hospital,0000-0002-8504-1690,,
https://openalex.org/A5063044283,Jorge A. Carrasquillo,https://openalex.org/I205783295,Cornell University,2009,2021,https://openalex.org/I205783295,2009,2021,Center for Cancer Research; National Cancer Institute; Memorial Sloan Kettering Cancer Center; National Institutes of Health,"Kettering University; Virginia Mason Medical Center; National Institute of Allergy and Infectious Diseases; National Institute of Dental and Craniofacial Research; Cancer Institute (WIA); University of Miami; Columbia University Irving Medical Center; Cornell University; Actinium Pharmaceuticals (United States); Columbia University; Spanish Oncology Genitourinary Group; Molecular Theranostics (United States); Levine Cancer Institute; Utrecht University; Duke University Hospital; Health and Human Development (2HD) Research Network; Technische Universität Dresden; Wilex (Germany); United States Nuclear Regulatory Commission; Radboud University Medical Center; National Institutes of Health Clinical Center; Duke Medical Center; University of Washington; University of Nebraska Medical Center; Cardinal Glennon Children’s Medical Center; Fred Hutch Cancer Center; Brown University; Target (United States); Eunice Kennedy Shriver National Institute of Child Health and Human Development; Fox Chase Cancer Center; Harvard University; United States Department of Veterans Affairs; Cancer Research Center; Predictive Biology (United States); University of California, Irvine Medical Center; National Human Genome Research Institute; Beth Israel Deaconess Medical Center; Sheffield Teaching Hospitals NHS Foundation Trust; Jackson Memorial Hospital; Office of Research Services; Seattle Cancer Care Alliance; Fundación Juan March; Radboud University Nijmegen; National Institute of Neurological Disorders and Stroke",0000-0002-8513-5734,,
https://openalex.org/A5112766560,Christine A. Strick,https://openalex.org/I205783295,Cornell University,1985,1988,https://openalex.org/I205783295,1985,1988,,Johns Hopkins Medicine; Pfizer (United States); University of Bern; Cornell University; Ithaca College; Johns Hopkins University,,,
https://openalex.org/A5001484580,Jan M. Chaiken,https://openalex.org/I205783295,Cornell University,1967,1968,https://openalex.org/I205783295,1967,1968,Cornell University,Massachusetts Institute of Technology; U.S. National Science Foundation,,,
https://openalex.org/A5072571038,Sa’ar Hersonsky,https://openalex.org/I205783295,Cornell University,1997,1998,https://openalex.org/I205783295,1997,1998,,California Institute of Technology; Toronto Metropolitan University; University of Georgia; University of Michigan; University of Illinois Chicago; Ben-Gurion University of the Negev; Cornell University,,,
https://openalex.org/A5020381513,Varuni Obeyesekere,https://openalex.org/I205783295,Cornell University,1995,1998,https://openalex.org/I205783295,1995,1998,St Vincent's Hospital Melbourne; The University of Melbourne,NewYork–Presbyterian Hospital; Austin Health; Baker Heart and Diabetes Institute; Cornell University; Wichita Clinic; St. Vincent's Birmingham; KK Women's and Children's Hospital; Institute for Medical Research; Monash University; Saint Vincent's Catholic Medical Center; The Heart Research Institute; Anzac Research Institute; The Alfred Hospital; University of Newcastle Australia,,,
https://openalex.org/A5066674795,Jean Tiffany,https://openalex.org/I205783295,Cornell University,1987,1990,https://openalex.org/I205783295,1987,1990,Cornell University,,,,
https://openalex.org/A5055567152,D. Olson,https://openalex.org/I205783295,Cornell University,1959,1961,https://openalex.org/I205783295,1959,1961,,St. Olaf College; Argonne National Laboratory; Cornell University; University of Oxford; Oak Ridge National Laboratory,,,
https://openalex.org/A5028032363,Rajeev K. Mehlotra,https://openalex.org/I205783295,Cornell University,2004,2008,https://openalex.org/I205783295,2004,2008,Center for Global Health; Case Western Reserve University,Cornell University; Georgetown University; In-Q-Tel; University Hospitals of Cleveland; Papua New Guinea Institute of Medical Research; Central Drug Research Institute; University School,0000-0003-4205-750X,,
https://openalex.org/A5111812587,Robert J. Korst,https://openalex.org/I205783295,Cornell University,1995,2007,https://openalex.org/I205783295,1995,2007,,"Hartford Hospital; University of California, Santa Cruz; National Heart Lung and Blood Institute; Cancer Hospital of Shantou University Medical College; Pulmonary and Critical Care Associates; Valley Health System; Medtronic (United States); University of Hong Kong - Shenzhen Hospital; Columbia University; Pfizer (United States); Wenzhou Medical University; University of Hong Kong; Valley Hospital Medical Center; Montreal Heart Institute; AstraZeneca (Canada); Cornell University; Memorial Sloan Kettering Cancer Center; Statistical Service; BC Cancer Agency; Sun Yat-sen University Cancer Center; UConn Health; Indiana University Health; Canada's Michael Smith Genome Sciences Centre; Valley Hospital; State Key Laboratory of Oncology in South China; Lebanon Valley College; Shantou University; Mount Sinai Health System; Astellas Pharma (China); Thoracic Surgery Foundation; Bristol-Myers Squibb (Germany); Indiana University – Purdue University Indianapolis; Presbyterian Hospital; MSD (UK) Limited (United Kingdom); American Thoracic Society; National Institutes of Health; Center for Cancer Research; NewYork–Presbyterian Hospital; Icahn School of Medicine at Mount Sinai; New York Hospital Queens; Virginia Department of Environmental Quality; Breast Center; Sun Yat-sen University; Merck (Netherlands); Cancer Research And Biostatistics",,,
https://openalex.org/A5101466548,Ahmed H. Ahmed,https://openalex.org/I205783295,Cornell University,1989,2011,https://openalex.org/I205783295,1989,2011,,Jazan University; University of Bristol; Al-Azhar University; Ithaca College; University of Gezira; University of Samarra; Cornell University; Minia University Hospital,0000-0002-9518-6535,,
https://openalex.org/A5034972236,Scott C. Maguffin,https://openalex.org/I205783295,Cornell University,2020,2020,https://openalex.org/I205783295,2020,2020,,Ashland (United States); University of Oregon; SUNY Oneonta; Southern Oregon University; Cornell University; Dale Bumpers National Rice Research Center,0000-0001-6498-7893,,
https://openalex.org/A5019524206,Yanggeng Wu,https://openalex.org/I205783295,Cornell University,1997,1997,https://openalex.org/I205783295,1997,1997,Kaohsiung Chang Gung Memorial Hospital,Cornell University,,,
https://openalex.org/A5036944955,Jonathan F. Khan,https://openalex.org/I205783295,Cornell University,2023,2025,https://openalex.org/I205783295,2023,2025,Cornell University; Weill Cornell Medicine; Swim Across America; Parker Institute for Cancer Immunotherapy,Memorial Sloan Kettering Cancer Center; Stony Brook University,0000-0002-3444-8108,,
https://openalex.org/A5082391932,Mark Ptashne,https://openalex.org/I205783295,Cornell University,2000,2000,https://openalex.org/I205783295,2000,2000,Memorial Sloan Kettering Cancer Center,Harvard University; Reed College; Harvard University Press; UNC Lineberger Comprehensive Cancer Center; University of North Carolina at Chapel Hill; Gesellschaft für Klinische Forschung; Cornell University; Kettering University; University of Manchester; California Institute of Technology; SUNY Upstate Medical University; University of British Columbia; Yale University; University of Wisconsin–Madison; Bristol-Myers Squibb (United States); Molecular Biology Consortium; Princeton University; Whitehead Institute for Biomedical Research; Life Sciences Research Foundation; Massachusetts Institute of Technology; Fairchild Semiconductor (United States); Howard Hughes Medical Institute,,,
https://openalex.org/A5103681055,G H Lee,https://openalex.org/I205783295,Cornell University,1998,1998,https://openalex.org/I205783295,1998,1998,Cornell University,,,,
https://openalex.org/A5111796835,Alexander Hampton,https://openalex.org/I205783295,Cornell University,1957,1970,https://openalex.org/I205783295,1957,1970,,Memorial Sloan Kettering Cancer Center; Kettering University; The University of Texas MD Anderson Cancer Center; University of Alberta; Fox Chase Cancer Center; Saskatchewan Research Council (Canada); Odense University Hospital; National Research Council; Cornell University,,,
https://openalex.org/A5013307599,Andrzej Mazur,https://openalex.org/I205783295,Cornell University,1958,1967,https://openalex.org/I205783295,1958,1967,,Cornell University; New York Blood Center; City University of New York; Instytut Biologii Doświadczalnej im. Marcelego Nenckiego; City College of New York; Polish Academy of Sciences; Institute of High Pressure Physics; NewYork–Presbyterian Hospital; Institute of Meteorology and Water Management; City College,0000-0002-8463-9703,,
https://openalex.org/A5007588773,Joachim Yahalom,https://openalex.org/I205783295,Cornell University,1994,2022,https://openalex.org/I205783295,1994,2022,Memorial Sloan Kettering Cancer Center,"University of Nebraska Medical Center; Oregon Health & Science University; Brigham and Women's Hospital; Seattle University; University of Münster; Memorial Hospital; Stanford University; Thomas Jefferson University; Harvard University; Dattoli Cancer Center and Brachytherapy Research Institute; Radiation Oncology Institute; Hadassah Medical Center; Mayo Clinic; Columbia University; Dana-Farber Cancer Institute; Lymphoma Research Foundation; Newcastle University; Massachusetts General Hospital; George Washington University Virginia Campus; St. Jude Children's Research Hospital; University of California, Los Angeles; Rockefeller University; University of Rochester Medical Center; Leukemia and Lymphoma Society; University of Rochester; Medical College of Wisconsin; St. Joseph Hospital; University of Virginia; Level (Czechia); Princess Margaret Cancer Centre; SUNY Downstate Health Sciences University; Duke University Hospital; University of Pennsylvania; Radiology Associates; Duke Medical Center; Kettering University; University of Tennessee Health Science Center; International Epidemiology Institute; RTOG Foundation; University of California, Davis; Hadassah Academic College; Cornell University; Vanderbilt University; University of Vermont; Northwestern University; University of Turin; National Cancer Institute; Emory University; Division of Cancer Epidemiology and Genetics; Ghent University Hospital; Radiation Oncology Associates; Rensselaer Polytechnic Institute; Fox Chase Cancer Center; Duke University; Soroka Medical Center; Guy's and St Thomas' NHS Foundation Trust; Hebrew University of Jerusalem; 3E (Belgium)",0000-0003-1658-8585,,
https://openalex.org/A5007974773,Melanie A. McDonald,https://openalex.org/I205783295,Cornell University,1994,1994,https://openalex.org/I205783295,1994,1994,Cornell University,,,,
https://openalex.org/A5084826030,J. van der Heide,https://openalex.org/I205783295,Cornell University,2004,2004,https://openalex.org/I205783295,2004,2004,Bielefeld University,Cornell Cooperative Extension of Suffolk County; Cornell University; National Institute for Subatomic Physics; Christian-Albrechts-Universität zu Kiel,,,
https://openalex.org/A5005039503,Roger Haydon,https://openalex.org/I205783295,Cornell University,1989,1989,https://openalex.org/I205783295,1989,1989,"University of Pennsylvania; The University of Tokyo; Cornell University; Shanghai Municipal People's Government; New York University Press; Institute of Taiwan History, Academia Sinica","University of Michigan; Office of International Affairs; Hobart and William Smith Colleges; Harvard University Press; University of California, San Diego; Yale University; The University of Sydney; University of California, Berkeley; Smith College; Northwestern University; Thomas Jefferson Foundation; New Haven Public Schools; University of Maryland, College Park; WilderShares (United States); Harvard University; Louisiana State University; University of Wisconsin System; National Maritime Museum; United States Institute of Peace; University of Notre Dame; Saint Mary's University; United States Department of Labor; Alfred P. Sloan Foundation; Columbia University; Kellogg's (Canada); California Institute of Technology; Rutgers, The State University of New Jersey",,,
https://openalex.org/A5005502581,W L Kriedemann,https://openalex.org/I205783295,Cornell University,1979,1979,https://openalex.org/I205783295,1979,1979,,Cornell University; New York State College of Veterinary Medicine,,,
https://openalex.org/A5013510074,C. Ákos Szabó,https://openalex.org/I205783295,Cornell University,1993,1993,https://openalex.org/I205783295,1993,1993,Cleveland Clinic Lerner College of Medicine; The University of Texas Health Science Center at San Antonio; Epilepsy Foundation,"Cincinnati Children's Hospital Medical Center; University of California, Berkeley; Texas Biomedical Research Institute; Stanford University; HUN-REN Institute of Experimental Medicine; Columbia University; Cornell University; Hungarian Academy of Sciences; The University of Texas Health Science Center at Houston; University of Miami; Spitalul Clinic Dr. Victor Babes; Lawrence Berkeley National Laboratory; Audie L. Murphy Memorial VA Hospital; The University of Texas at San Antonio; Cleveland Clinic; New York University; The University of Texas System; Szent János Kórház; University Health System",0000-0001-6731-3245,,
https://openalex.org/A5100402317,Yuwei Wang,https://openalex.org/I205783295,Cornell University,2011,2012,https://openalex.org/I205783295,2011,2012,"Women's Hospital, School of Medicine, Zhejiang University; Tangshan People's Hospital; Nanjing University of Aeronautics and Astronautics; National Taiwan University; Capital Medical University; Johns Hopkins University; Changzhi Medical College; Zhejiang University; Yidu Central Hospital of Weifang; University of Science and Technology of China; Nanjing Agricultural University; Hunan Children's Hospital; Ministry of Agriculture and Rural Affairs; Sichuan University; Johnson & Johnson (Netherlands); Peking University; Singapore General Hospital; Heilongjiang Provincial Hospital; Shaanxi University of Chinese Medicine; Xi'an Aeronautical University; Huazhong Agricultural University; Yale University; Peking University First Hospital; Beijing YouAn Hospital; Central South University","Chinese Academy of Sciences; Anyang Academy of Agricultural Sciences; Vancouver General Hospital; Northwest Institute of Mechanical and Electrical Engineering; The Affiliated Yongchuan Hospital of Chongqing Medical University; Weatherford College; Chinese Medical Association; Wannan Medical College; Shanghai Medical College of Fudan University; Nantong University; San Francisco VA Medical Center; Henan Provincial Chest Hospital; Macao Polytechnic University; Tongji University; Qilu Hospital of Shandong University; Chongqing Medical University; University College London; Harbin University; Chongqing Cancer Hospital; China University of Mining and Technology; Peking University Third Hospital; University of Chinese Academy of Sciences; Transnational Press London; Ministry of Industry and Information Technology; Guangxi University; Ministry of Education of the People's Republic of China; Institute of Automation; Ontario Tech University; Hubei University; Institute of Zoology; Dartmouth College; Beijing University of Chinese Medicine; East China University of Science and Technology; Southern Illinois University Carbondale; Qiqihar University; Nanjing University of Chinese Medicine; Hebei Provincial Department of Science and Technology; State Key Laboratory of Natural Medicine; Beijing Obstetrics and Gynecology Hospital; Computer Network Information Center; Shenzhen University Health Science Center; Chinese PLA General Hospital; Zhejiang Chinese Medical University; The First People’s Hospital of Lianyungang; Cornell University; Zhejiang University of Water Resource and Electric Power; National Clinical Research Center for Digestive Diseases; Beijing University of Technology; University of Pittsburgh; Institute of Psychology, Chinese Academy of Sciences; University of Utah; Affiliated Zhongshan Hospital of Dalian University; University of Shanghai for Science and Technology; Hunan University; Jinzhou Central Hospital; Liaocheng University; Inserm; University of British Columbia; Rutgers, The State University of New Jersey; Xi'an Medical University; Renmin University of China; Southwest University; MRC Laboratory of Molecular Biology; Quality Research; Eye & ENT Hospital of Fudan University; Macau University of Science and Technology; Xinjiang Institute of Ecology and Geography; Wuhan Institute of Technology; Beijing University of Chemical Technology; University of Macau; Tianjin University of Science and Technology; Materials Science & Engineering; Harbin Institute of Technology; Huazhong University of Science and Technology; University of Minnesota; Xidian University; Fujian Polytechnic of Information Technology; Beijing Jiaotong University; Hebei Normal University; Howard Hughes Medical Institute; University of Michigan; Xian Yang Central Hospital; BGI Group (China); Shandong University; Shenyang Pharmaceutical University; Jiangsu Normal University; Kaohsiung Chang Gung Memorial Hospital; Cancer Institute of Florida; Chang Gung University; Assistance Publique – Hôpitaux de Paris; Nanjing Tech University; China Pharmaceutical University; Affiliated Hospital of Qingdao University; Nitto (United States); The Netherlands Cancer Institute; Michigan Center for Translational Pathology; Chongqing University; Xijing Hospital; Beijing Academy of Artificial Intelligence; National Dong Hwa University; BC Cancer Agency; Shanghai First People's Hospital; First Affiliated Hospital of Henan University; First Affiliated Hospital of Wannan Medical College; University of Ottawa; Air Force Medical University; Gansu Provincial Hospital; State Key Laboratory For Conservation and Utilization of Subtropical Agro-Bioresources; Shandong Normal University; Institute for Information Industry; Fudan University Shanghai Cancer Center; National Chung Hsing University; Xiamen University; First People's Hospital of Chongqing; Soochow University; Oncode Institute; Beijing Institute of Technology; University of Warwick; Southern University of Science and Technology; University of California, San Francisco; Shanxi Datong University; Nanchang University; Imperial College London; Rutgers Cancer Institute; University of Wisconsin–Milwaukee; Northwestern Polytechnical University; Shanghai Sixth People's Hospital; Czech Academy of Sciences, Institute of Psychology; Mohammad Ali Jinnah University; University of Trento; Qingdao University; The University of Melbourne; Shanghai Jiao Tong University; Shanghai Eye Disease Prevention & Treatment Center; University Hospital Bonn; Tongji Hospital; Lanzhou University",0000-0001-5782-1107,,
https://openalex.org/A5069812957,Robert C. Pfahl,https://openalex.org/I205783295,Cornell University,1966,1966,https://openalex.org/I205783295,1966,1966,,Massachusetts Institute of Technology; Textron (United States); Motorola (United States); The University of Texas at El Paso; Cornell University; General Electric (United States),,,
https://openalex.org/A5056791304,Martin de Santos,https://openalex.org/I205783295,Cornell University,2009,2009,https://openalex.org/I205783295,2009,2009,Cornell University,Yale University,,,
https://openalex.org/A5050257302,David M. Soderlund,https://openalex.org/I205783295,Cornell University,1979,2019,https://openalex.org/I205783295,1979,2019,Cornell University,"Geneva College; Instituto de Tecnología Química; New York State Department of State; New York State Department of Agriculture and Markets; Experimental Station; Louisiana State University; University of California, Berkeley",,,
https://openalex.org/A5026544655,Joon‐Ho Sohn,https://openalex.org/I205783295,Cornell University,1966,1966,https://openalex.org/I205783295,1966,1966,Kyungpook National University,Cornell University,,,
https://openalex.org/A5075138230,Siddharth Avadhanam,https://openalex.org/I205783295,Cornell University,2025,2025,https://openalex.org/I205783295,2025,2025,Cornell University,,0000-0002-2764-9876,,
https://openalex.org/A5113670980,M-J.D. Thatcher,https://openalex.org/I205783295,Cornell University,1997,1997,https://openalex.org/I205783295,1997,1997,University of Florida; Cornell University,Florida College,,,
https://openalex.org/A5047658432,Eric P. Nelson,https://openalex.org/I205783295,Cornell University,2010,2010,https://openalex.org/I205783295,2010,2010,Cornell University; University of North Dakota,,,,
https://openalex.org/A5023748228,Sydney Wolfe,https://openalex.org/I205783295,Cornell University,2025,2025,https://openalex.org/I205783295,2025,2025,Weill Cornell Medicine; Cornell University,Presbyterian Hospital,,,
https://openalex.org/A5101823351,Richard A. Cohen,https://openalex.org/I205783295,Cornell University,2013,2013,https://openalex.org/I205783295,2013,2013,California Polytechnic State University; Achva Academic College,"Centre National de la Recherche Scientifique; Université Claude Bernard Lyon 1; Leamington Spa Hospital; Hôpital Edouard Herriot; University Hospital and Clinics; Jewish Museum; Stanford University; Hammersmith Hospital; Institut des Hautes Études Scientifiques; Toronto Western Hospital; Hofstra University; Nassau Community College; Brigham and Women's Hospital; Université de Tours; University of Yamanashi; Harvard University; Berkeley Public Health Division; American Heart Association; Centre de Médecine Préventive; University School; Mayo Clinic; Icahn School of Medicine at Mount Sinai; Hôpital Necker-Enfants Malades; University of Virginia; Texas A&M University; University College Hospital; Hôpital Louis Pradel; University of Kansas; Cornell University; Public Health Institute; Boston University; Institute for Advanced Journalism Studies; University of Vermont; Norwood Hospital; Oakland University; Laboratoire Physiologie Cellulaire & Végétale; University of Massachusetts Chan Medical School; University Hospital Carl Gustav Carus; Vilnius University; University at Buffalo, State University of New York; University of Dundee; University of Alabama; University of North Carolina at Chapel Hill; Centre Hospitalier Universitaire de Tours; Boston Medical Center; University College London; Klinikum Weiden; Center for Vascular Biology Research; WinnMed; Société Française de Cardiologie; Research Triangle Park Foundation; Hôpital Debrousse; University Medical Center; Heritage University; Columbia University; University of California, Los Angeles; Centre Hospitalier Universitaire de Grenoble; University of Toronto; Maine Medical Center Research Institute; Hospices Civils de Lyon; Hôpital de l'Antiquaille; University of North Carolina at Charlotte; University of Colorado Anschutz Medical Campus; Washington University in St. Louis; Bowdoin College; Montana State University; National Institute of Mental Health; Maine Medical Center; University of Antwerp; University of Cologne; Lille’s Cardiology Hospital; Keio University; University of Bristol; Servier (France); Hospital de Clínicas; Albany Medical Center Hospital; Inserm; Cardiovascular Institute of the South",0000-0003-2227-8460,,
https://openalex.org/A5025912032,Paul V. Marrone,https://openalex.org/I205783295,Cornell University,1959,2003,https://openalex.org/I205783295,1959,2003,Cornell University,"University at Buffalo, State University of New York; Curtiss-Wright (United States); University of Toronto",,,
https://openalex.org/A5006266842,A.G. Gray,https://openalex.org/I205783295,Cornell University,2020,2020,https://openalex.org/I205783295,2020,2020,Cornell University,,,,
https://openalex.org/A5100422249,Zhen Wang,https://openalex.org/I205783295,Cornell University,2019,2019,https://openalex.org/I205783295,2019,2019,Henan Normal University; University of Chinese Academy of Sciences; Henan University; Henan University of Technology; Shandong University; Nanyang Technological University; China Federation of Supply and Marketing Cooperatives; Zhejiang University; Shanghai Institute of Organic Chemistry; Fruit Research Institute,Chinese Academy of Sciences; Zhengzhou University of Light Industry; Tianjin Institute of Industrial Biotechnology; South China University of Technology; Yangzhou University; Hebei Normal University of Science and Technology; Capital Normal University; Chongqing University; Xi'an University of Architecture and Technology; Hubei University; State Key Laboratory of Food Science and Technology; South China Normal University; Yulin Normal University; Zhejiang Provincial People's Hospital; Jiangnan University; University of Minnesota; Jiangsu University; Sun Yat-sen University; Cornell University,0000-0001-5115-231X,,
https://openalex.org/A5064402606,Samuel Sultan,https://openalex.org/I205783295,Cornell University,2020,2020,https://openalex.org/I205783295,2020,2020,Center for Discovery; Hackensack University Medical Center,"Cincinnati Children's Hospital Medical Center; University of Minnesota; Bellevue Hospital Center; Weill Cornell Medicine; Cold Spring Harbor Laboratory; University of Cincinnati; Cornell University; University of Maryland Medical Center; University of Maryland, Baltimore; Columbia University Irving Medical Center; New York University; New York Hospital Queens; Presbyterian Hospital; NewYork–Presbyterian Hospital",0000-0002-5575-9693,,
https://openalex.org/A5100530002,Shiqiang Wu,https://openalex.org/I205783295,Cornell University,2025,2025,https://openalex.org/I205783295,2025,2025,Cornell University; Neurological Surgery; State Key Laboratory of Hydrology-Water Resources and Hydraulic Engineering; Tongji Hospital; Nanjing Hydraulic Research Institute,Institute of Geology and Geophysics; Wuhan University; Tianjin University; University of Alberta; Ocean University of China; Hefei University of Technology; NewYork–Presbyterian Hospital; CAE (Canada); IHI Corporation (United States); Huazhong University of Science and Technology; New York Hospital Queens,,,
https://openalex.org/A5110348858,Jon-Cecil Walkes,https://openalex.org/I205783295,Cornell University,2009,2009,https://openalex.org/I205783295,2009,2009,,The University of Texas MD Anderson Cancer Center; Houston Methodist; The University of Texas at Austin; Baylor College of Medicine; Memorial Hermann; Methodist Hospital; Cornell University,,,
https://openalex.org/A5069250487,Nimali Jayasinghe,https://openalex.org/I205783295,Cornell University,2008,2014,https://openalex.org/I205783295,2008,2014,Cornell University,College Medical Center; New School; New York University; Icahn School of Medicine at Mount Sinai; Weill Cornell Medicine,0000-0002-6744-7312,,
https://openalex.org/A5113724088,Spach Henry,https://openalex.org/I205783295,Cornell University,1962,1962,https://openalex.org/I205783295,1962,1962,,University of North Carolina at Asheville; Cornell University,,,
https://openalex.org/A5039913671,Rachel J. Rossman,https://openalex.org/I205783295,Cornell University,2009,2009,https://openalex.org/I205783295,2009,2009,Cornell University,,,,
https://openalex.org/A5035422083,Michi Hatashita-Wong,https://openalex.org/I205783295,Cornell University,2004,2006,https://openalex.org/I205783295,2004,2006,Cornell University,Presbyterian Hospital; New York Hospital Queens; NewYork–Presbyterian Hospital; Hawaii Department of Health,,,
https://openalex.org/A5060675167,Gloria J. Sharp,https://openalex.org/I205783295,Cornell University,1993,1994,https://openalex.org/I205783295,1993,1994,NewYork–Presbyterian Hospital; Cornell University,American Society of Anesthesiologists,,,
https://openalex.org/A5000846005,Barbara L. Peckarsky,https://openalex.org/I205783295,Cornell University,1981,2011,https://openalex.org/I205783295,1981,2011,,"Association for the Sciences of Limnology and Oceanography; University of Wisconsin–Madison; Cornell University; Ecologie Microbienne Lyon; Michigan State University; Sorbonne Université; University of Otago; University of California, Santa Barbara; Laboratoire de Biologie du Développement de Villefranche-sur-Mer; University of Virginia; Rocky Mountain Biological Laboratory; Laboratoire d’Océanographie de Villefranche; Dalhousie University",,,
https://openalex.org/A5082631852,Rebecca A. Drayer,https://openalex.org/I205783295,Cornell University,1999,2006,https://openalex.org/I205783295,1999,2006,Impact Technology Development (United States),University of Pittsburgh; University of Rochester; SUNY Upstate Medical University; Canandaigua VA Medical Center; Syracuse VA Medical Center; University of Rochester Medical Center; New York University; Cornell University; University of Pennsylvania; University of Michigan,0000-0002-8805-7612,,
https://openalex.org/A5077877010,Michael Biddiss,https://openalex.org/I205783295,Cornell University,1976,1976,https://openalex.org/I205783295,1976,1976,University of Reading,University of Leicester; Queens University of Charlotte; Cornell University; Reading Museum; London Metropolitan University; Lancaster University Ghana; Australian National University; University of Cambridge; Centre d'études et de recherches internationales de Sciences Po; King's College London; Lancaster University,,,
https://openalex.org/A5111824465,Robert A. Meyers,https://openalex.org/I205783295,Cornell University,2004,2004,https://openalex.org/I205783295,2004,2004,,New College; University of Connecticut; Redondo Optics (United States); Cornell University; RAM Laboratories (United States); Courant Institute of Mathematical Sciences; Scripps Institution of Oceanography; Advocate Lutheran General Hospital; Allegheny College; University of Michigan; Oaklands Hospital; United States Naval Research Laboratory; Iowa Department of Transportation; New York State Department of Transportation; Tarzana Treatment Centers,,,
https://openalex.org/A5000078358,Bruce Leuchter,https://openalex.org/I205783295,Cornell University,2014,2014,https://openalex.org/I205783295,2014,2014,Cornell University; MIND Research Institute,,,,
https://openalex.org/A5002985641,R. Protz,https://openalex.org/I205783295,Cornell University,1968,1968,https://openalex.org/I205783295,1968,1968,Fraunhofer Institute for Applied Polymer Research,Applied Research Associates; Appalachian Sustainable Agriculture Project; University of Guelph; Waters (United States); Cornell University; Agriculture and Agri-Food Canada; Forest Department Sarawak; Ministry of Agriculture,0000-0002-1744-6557,,
https://openalex.org/A5086880843,RUTH H. PINSKY,https://openalex.org/I205783295,Cornell University,1957,1957,https://openalex.org/I205783295,1957,1957,Cornell University; NewYork–Presbyterian Hospital,Illinois College; University of Illinois Chicago,,,
https://openalex.org/A5103388354,André -M. Tremblay,https://openalex.org/I205783295,Cornell University,1979,1979,https://openalex.org/I205783295,1979,1979,Cornell University,,,,
https://openalex.org/A5040920930,Brian S. Hamilton,https://openalex.org/I205783295,Cornell University,2012,2013,https://openalex.org/I205783295,2012,2013,,University of Rochester Medical Center; Indiana University Bloomington; University of Kansas; Glycobia (United States); Cornell University,,,
https://openalex.org/A5090042741,A.K. Wolverton,https://openalex.org/I205783295,Cornell University,2021,2021,https://openalex.org/I205783295,2021,2021,Cornell University; New York State College of Veterinary Medicine,,,,
https://openalex.org/A5061772876,Bethany R. Wasik,https://openalex.org/I205783295,Cornell University,2014,2017,https://openalex.org/I205783295,2014,2017,Yale University,Indiana University Bloomington; Indiana University; Cornell University; New York University Press,,,
https://openalex.org/A5078136198,Nicole A. Schreiber,https://openalex.org/I205783295,Cornell University,2015,2016,https://openalex.org/I205783295,2015,2016,Kettering University; Memorial Sloan Kettering Cancer Center; Hirslanden Klinik Beau-Site,"Lund University; Convergent Science (United States); Prostate Cancer Research; Prostate Cancer Foundation; Max Planck Institute of Colloids and Interfaces; Cornell University; University of Maryland, College Park; Max Planck Society",,,
https://openalex.org/A5068455271,Courtney E Scanapico,https://openalex.org/I205783295,Cornell University,2015,2015,https://openalex.org/I205783295,2015,2015,New York State College of Veterinary Medicine; Cornell University,,,,
https://openalex.org/A5025185750,James W. Begun,https://openalex.org/I205783295,Cornell University,1981,1982,https://openalex.org/I205783295,1981,1982,University of Minnesota,"University of Wisconsin–Milwaukee; Association of Schools and Programs of Public Health; Trinity University; Virginia Commonwealth University Medical Center; Minnesota Department of Health; Masonic Cancer Center; Mayo Clinic; Southern Connecticut State University; Johns Hopkins University; Cornell University; Agency for Healthcare Research and Quality; University of North Carolina at Chapel Hill; AcademyHealth; The University of Texas Health Science Center at San Antonio; Virginia Commonwealth University; University of South Florida; Mayo Clinic in Arizona; Rutgers, The State University of New Jersey; University of North Carolina Hospitals; Malcolm Grow Medical Clinic; Twin Cities Orthopedics; Creative Commons",0000-0003-1924-6126,,
https://openalex.org/A5103405032,Sherrill Adams,https://openalex.org/I205783295,Cornell University,1993,1993,https://openalex.org/I205783295,1993,1993,The Ohio State University,University of Pennsylvania; Higher Education Services (United States); Tokushima University; University of Pennsylvania Health System; Cancer Institute (WIA); Philadelphia University; Cornell University; SwissLitho (Switzerland); Lung Institute; University of Dental Medicine; Pennsylvania Hospital; National Heart Lung and Blood Institute; Herb Society of America; Hospital for Special Surgery; National Cancer Institute; MRC Laboratory of Molecular Biology; Hospital of the University of Pennsylvania; National Institutes of Health; University of Veterinary Medicine; Milbank Memorial Fund,,,
https://openalex.org/A5103107534,Philip M. Johnson,https://openalex.org/I205783295,Cornell University,1966,1968,https://openalex.org/I205783295,1966,1968,,"University of the Witwatersrand; College of Physicians of Philadelphia; UConn Health; NewYork–Presbyterian Hospital; National Institute of Standards and Technology; Yale University; University of Washington; Cornell University; Siena College; Stony Brook University; State University of New York; Brookhaven National Laboratory; University of Chicago; North-West University; Montclair State University; Presbyterian Hospital; Joint Institute for Laboratory Astrophysics; Science Oxford; Lahey Hospital and Medical Center; Faculty of 1000 (United States); Martin Luther King, Jr. Multi-Service Ambulatory Care Center; Columbia University; University of North Carolina at Chapel Hill",0000-0002-7938-3977,,
https://openalex.org/A5089969365,Sachiyo Okayama,https://openalex.org/I205783295,Cornell University,2014,2014,https://openalex.org/I205783295,2014,2014,Tokyo Women's Medical University Adachi Medical Center,Taiho Pharmaceutical (Japan); Shinmatsudo Central General Hospital; Cornell University,,,
https://openalex.org/A5053468333,R. L. Schult,https://openalex.org/I205783295,Cornell University,1960,1960,https://openalex.org/I205783295,1960,1960,Centre Hospitalier Universitaire de Lille,"University of Illinois Urbana-Champaign; Cornell University; Torrey Pines Institute For Molecular Studies; La Jolla Institute for Immunology; University of California, San Diego",,,
https://openalex.org/A5110309968,Hideo Masui,https://openalex.org/I205783295,Cornell University,1993,1995,https://openalex.org/I205783295,1993,1995,Virginia BioTechnology Research Park,"Tulane University; Columbia University; Cornell University; Salk Institute for Biological Studies; Hiroshima University; University of Colorado Boulder; The Wistar Institute; Kettering University; National Cancer Institute; Tokyo Women's Medical University; Pennsylvania State University; Memorial Sloan Kettering Cancer Center; Presbyterian Hospital; The University of Osaka; Rutgers New Jersey Medical School; National Institutes of Health; East Orange VA Medical Center; University of California, San Diego; Rutgers, The State University of New Jersey",,,
https://openalex.org/A5119174045,Tej Ramachandrula,https://openalex.org/I205783295,Cornell University,2025,2025,https://openalex.org/I205783295,2025,2025,Cornell University,,,,
https://openalex.org/A5008018378,G. Geraci,https://openalex.org/I205783295,Cornell University,1969,1969,https://openalex.org/I205783295,1969,1969,University of Naples Federico II,"Cornell University; University of Nebraska–Lincoln; Virginia Tech; University of California, Riverside; Institute of Cell Biology; Università di Camerino; University of Perugia",,,
https://openalex.org/A5072454424,Andy Reynolds,https://openalex.org/I205783295,Cornell University,2010,2013,https://openalex.org/I205783295,2010,2013,,University of Plymouth; John Innes Centre; Stanford Medicine; Norwich Research Park; Cornell University; Stanford University,,,
https://openalex.org/A5050706068,John P. Pierce,https://openalex.org/I205783295,Cornell University,1980,1980,https://openalex.org/I205783295,1980,1980,"Human Longevity (United States); University of California, San Diego; Tufts University","Providence College; Vanderbilt University; McGill-Queen's University Press; The University of Sydney; University College Dublin; Harvard University; University of Southern California; Queen's University; Washington University in St. Louis; National Center for Chronic Disease Prevention and Health Promotion; Massachusetts Institute of Technology; Royal Prince Alfred Hospital; Australian National University; Cancer Council Victoria; St. Vincent's University Hospital; Dartmouth College; San Diego State University; Government of Western Australia; The Ohio State University Wexner Medical Center; Kaiser Permanente Center for Health Research; General Department of Preventive Medicine; University of California, Los Angeles; University of Pittsburgh; Memorial Sloan Kettering Cancer Center; City of Hope; Stony Brook University; University of California, Berkeley; University of Minnesota; Kaiser Permanente; Southern Oregon University; BP (United States); University of Florida Health Science Center; Vanderbilt University Medical Center; Commonwealth Education Trust; Faculty of Public Health; University of California, Davis; University of Michigan; Ithaca College; Miriam Hospital; Pierce College; University of Wisconsin–Madison; Parsons (United States); University of California, Irvine; University of San Diego; Queensland University of Technology; University of Illinois Chicago; Tulane University; Office of Minority Health; Moores Cancer Center; University of California, San Francisco; Dublin City University; National Institute on Minority Health and Health Disparities; UC San Diego Health System; DuPont (United States); Native American Cancer Research; Washington State University; La Jolla Alcohol Research; American Cancer Society; Auburn University; University of California San Diego Medical Center; The University of Texas MD Anderson Cancer Center; National Institutes of Health; State University of New York; California Institute of Technology; Roswell Park Comprehensive Cancer Center; University of California System; American Society of Clinical Oncology; San Francisco VA Medical Center; Stichting Afasie Nederland; Australian Institute of Marine Science; University of Connecticut; Cornell University; Brigham and Women's Hospital; Columbia University; Shanghai Municipal Center For Disease Control Prevention; Central Research Institute; Stanford University; Fred Hutch Cancer Center; University of Kansas; National Cancer Institute; Dana-Farber Cancer Institute; University of Colorado Colorado Springs; California Department of Public Health; Society for Healthcare Epidemiology of America; Wilmington University; Claremont Graduate University; Brown University; University of Chicago; Michigan State University; Waikato Hospital; Swedish University of Agricultural Sciences; Experimental Station; Kaiser Foundation Hospital; University of Arizona; University of Rhode Island; Conway School of Landscape Design",0000-0002-0075-7471,,
https://openalex.org/A5055925517,Samith Sandadi,https://openalex.org/I205783295,Cornell University,2012,2012,https://openalex.org/I205783295,2012,2012,,Case Western Reserve University; Cleveland Foundation; University Hospitals of Cleveland; Memorial Sloan Kettering Cancer Center; 21st Century Oncology (United States); University Hospitals Seidman Cancer Center; Mayo Clinic; University Hospitals Cleveland Medical Center; University School; Cornell University; Cleveland Clinic; Lee Memorial Health System; Gynecologic Oncology Associates,,,
https://openalex.org/A5013538486,William Podgorski,https://openalex.org/I205783295,Cornell University,1972,1972,https://openalex.org/I205783295,1972,1972,,Marshall Space Flight Center; Center for Astrophysics Harvard & Smithsonian; Harvard University; Draper Laboratory; Smithsonian Astrophysical Observatory; Cornell University; Harvard University Press; Ford Motor Company (United States); Military Institute of Armament Technology,,,
https://openalex.org/A5067520245,J.A. Bloom,https://openalex.org/I205783295,Cornell University,1983,1983,https://openalex.org/I205783295,1983,1983,Cornell University,,,,
https://openalex.org/A5003980305,Guillermo Lerzo,https://openalex.org/I205783295,Cornell University,2007,2007,https://openalex.org/I205783295,2007,2007,,Hospital Ana Nery; Tennessee Oncology; Centro de Investigaciones Cardiovasculares; Université Paris-Sud; Centro de Pesquisas Oncológicas; Brighton Hospital; Instituto Alexander Fleming; Centro Científico Tecnológico - Tucumán; Translational Research in Oncology; Centre Antoine Lacassagne; Sarah Cannon; Gdańsk Medical University; Institut Paoli-Calmettes; Hospital Israelita Albert Einstein; International Drug Development; The University of Texas MD Anderson Cancer Center; Mayo Clinic in Florida; The Christie NHS Foundation Trust; Instituto Nacional de Enfermedades Neoplásicas; Chinese Academy of Medical Sciences & Peking Union Medical College; Argentine Naval Hydrographic Service; Faculdade de Medicina do ABC; Centre Hospitalier Universitaire de Besançon; Memorial Medical Center; Cornell University; Instituto do Câncer do Estado de São Paulo; Instituto de Oncología de Rosario; National Cancer Centre Singapore; Hospital Sírio-Libanês; Instituto Brasileiro de Controle do Câncer; Children's Oncology Group; Bristol-Myers Squibb (United States),,,
https://openalex.org/A5060768178,Meir Friedenberg,https://openalex.org/I205783295,Cornell University,2018,2018,https://openalex.org/I205783295,2018,2018,Cornell University,"University of Maryland, College Park",0009-0002-4289-4404,,
https://openalex.org/A5013080942,Samson B. Zacate,https://openalex.org/I205783295,Cornell University,2023,2025,https://openalex.org/I205783295,2023,2025,Cornell University,Kyoto University; The University of Tokyo; King's College London; Jinggangshan University; University of Bath; University of Huddersfield; University of Nottingham; University of Illinois Chicago; Miami University,0000-0003-3882-3785,,
https://openalex.org/A5004979515,Warren R. Cothran,https://openalex.org/I205783295,Cornell University,1966,1969,https://openalex.org/I205783295,1966,1969,"University of California, Davis",University of California System; Cornell University,,,
https://openalex.org/A5044848706,Prashant Dogra,https://openalex.org/I205783295,Cornell University,2025,2025,https://openalex.org/I205783295,2025,2025,Cornell University; Houston Methodist; University of Southern California,East Tennessee State University; Mercer University Health Sciences Center; High Point University; UNM Comprehensive Cancer Center; Northern Arizona University; Tennessee State University; Weill Cornell Medicine; New Mexico Cancer Center; University of New Mexico,0000-0001-6722-7371,,
https://openalex.org/A5055255067,Svetlozar T. Rachev,https://openalex.org/I205783295,Cornell University,2001,2001,https://openalex.org/I205783295,2001,2001,,"Stony Brook University; Cornell University; Alcoa (United States); Criterion Health (United States); Texas Tech University; Czech Academy of Sciences, Institute of Mathematics; Applied Mathematics (United States); Princeton University; Institute of Mathematics and Informatics; University of Tasmania; Campbell Soup (United States); Karlsruhe University of Education; Coca Cola (United States); Bulgarian Academy of Sciences; Santa Barbara City College; Ministry of Health of the Russian Federation; State University of New York; Pranalytica (United States); Central Economics and Mathematics Institute; Oracle (United States); Federal State Budgetary Institution Russian Scientific Center of Roentgenoradiology; Russian Scientific Center of Radiology and Surgical Technologies; Northrop Grumman (Germany); University of California, Santa Barbara; Unilever (Netherlands); Karlsruhe Institute of Technology; ExxonMobil (United States); École Polytechnique; Steklov Mathematical Institute; Boeing (Australia); Seattle University; University of California, Berkeley",0000-0002-1823-7140,,
https://openalex.org/A5082112340,W. T. Federer,https://openalex.org/I205783295,Cornell University,1973,1973,https://openalex.org/I205783295,1973,1973,Cornell University,,,,
https://openalex.org/A5073191242,Kristina Loukeris,https://openalex.org/I205783295,Cornell University,2010,2012,https://openalex.org/I205783295,2010,2012,SUNY Downstate Health Sciences University,Maimonides Medical Center; Cornell University; New York University; New York Hospital Queens; NewYork–Presbyterian Hospital; Presbyterian Hospital,,,
https://openalex.org/A5052163253,T. Wolpert,https://openalex.org/I205783295,Cornell University,1985,1992,https://openalex.org/I205783295,1985,1992,Oregon State University,Purdue University West Lafayette; Cornell University; GTx (United States); Agricultural Research Service; United States Department of Agriculture,,,
https://openalex.org/A5003817127,Carlos Bais,https://openalex.org/I205783295,Cornell University,1998,2003,https://openalex.org/I205783295,1998,2003,,"La Roche College; Washington Hospital; Assistance Publique Hôpitaux de Marseille; University of Edinburgh; Cornell University; Genentech; Columbia University; Palmetto Hematology Oncology; University of St Andrews; Center for Global Development; University of California, Los Angeles; University of Portsmouth; Cancer Services; University of Leeds; New York Hospital Queens; Texas Oncology; University of Zurich; Neurological Surgery; Roche (United States); University of Toronto; First Hospital of Jilin University; Howard Hughes Medical Institute; Duke Medical Center; Fundación Ciencias Exactas y Naturales; Presbyterian Hospital; National Cancer Institute; NHS Lothian; Mount Vernon Cancer Centre; Medical Research Council; Jilin University; NewYork–Presbyterian Hospital; Henry Ford Hospital; Novartis (United States); Universidad de Buenos Aires; Roche (Switzerland); Aix-Marseille Université; Washington University in St. Louis",0000-0002-3668-4227,,
https://openalex.org/A5111768245,R. A. Mathies,https://openalex.org/I205783295,Cornell University,1972,1974,https://openalex.org/I205783295,1972,1974,,"University of Minnesota; Stanford Medicine; Leiden University; University of California, Berkeley; Cornell University; Yale University; Lawrence Berkeley National Laboratory",,,
https://openalex.org/A5014774312,Yi Zheng,https://openalex.org/I205783295,Cornell University,1991,1992,https://openalex.org/I205783295,1991,1992,Wenzhou Medical University; Tiangong University; University of Michigan; Liuyang City Maternal and Child Health Hospital; Xiamen University,"Fujian Normal University; University of Nevada, Reno; Cornell University; Union Hospital; Guangzhou Institutes of Biomedicine and Health; Jiangsu University; First Affiliated Hospital of Wenzhou Medical University; Huazhong University of Science and Technology; Shanghai Jiao Tong University; University of Göttingen; Southern Medical University; Shanghai Institute of Applied Physics; Duke University; Toronto Public Health; Guangzhou Huali College; Ann Arbor Center for Independent Living; Sichuan University; Beijing Tian Tan Hospital; Xuzhou Medical College; Beijing Chaoyang Emergency Medical Center; Living Systems (United States); Daqing Oilfield General Hospital; Union Hospital; Qilu University of Technology; Capital Medical University; South China University of Technology; Fujian University of Traditional Chinese Medicine; University of Toronto; Liaocheng University; Guangzhou Medical University; Ruijin Hospital; Third Affiliated Hospital of Guangzhou Medical University; Shandong Academy of Sciences; Illinois Institute of Technology; Syracuse University; West China Hospital of Sichuan University; Simon Fraser University; University of Utah; Chinese Academy of Sciences",0000-0002-2685-3680,,
https://openalex.org/A5033064522,Ross A. Fredenburg,https://openalex.org/I205783295,Cornell University,2007,2007,https://openalex.org/I205783295,2007,2007,University of Notre Dame; Ara Parseghian Medical Research Foundation,Academy of Athens; Astellas Pharma (United States); IIT@MIT; New York Psychoanalytic Society and Institute; Harvard University Press; Harvard University; Brigham and Women's Hospital; École Polytechnique Fédérale de Lausanne; Stanford University; Human Immunome Project; Columbia University; Cornell University; New York State Psychiatric Institute; Albert Einstein College of Medicine,,,
https://openalex.org/A5028355754,Amy Dietze Yeager,https://openalex.org/I205783295,Cornell University,2012,2012,https://openalex.org/I205783295,2012,2012,Cornell University,,,,
https://openalex.org/A5055289594,W. E. Meserve,https://openalex.org/I205783295,Cornell University,1961,1962,https://openalex.org/I205783295,1961,1962,,Cornell University,,,
https://openalex.org/A5059354699,Matthew R. Perkins,https://openalex.org/I205783295,Cornell University,2012,2012,https://openalex.org/I205783295,2012,2012,Cornell University,,,,
https://openalex.org/A5072330647,Dan C. Hazen,https://openalex.org/I205783295,Cornell University,1982,1982,https://openalex.org/I205783295,1982,1982,,Cornell University; Harvard University; Harvard University Press,,,
https://openalex.org/A5100448951,Feng Li,https://openalex.org/I205783295,Cornell University,2002,2007,https://openalex.org/I205783295,2002,2007,Capital Medical University; Jining First People's Hospital; Longhua Hospital Shanghai University of Traditional Chinese Medicine; Shanghai University of Traditional Chinese Medicine; State Key Laboratory of Respiratory Disease; Yunnan University; Hangzhou Medical College; Guangzhou Medical University; First People's Hospital of Chongqing; Baylor College of Medicine; KU Leuven; Qufu Normal University; First Affiliated Hospital of Kunming Medical University; Kunming Medical University; Beijing Anzhen Hospital; Anhui University of Traditional Chinese Medicine; Sinovac Biotech; First Affiliated Hospital of Guangzhou Medical University; Institute of Information Engineering,"Shanghai Research Institute of Sports Science; Beijing University of Chinese Medicine; Hampton University; Huaibei Normal University; Dalian Medical University; Sun Yat-sen University Cancer Center; Second Affiliated Hospital & Yuying Children's Hospital of Wenzhou Medical University; Children's Hospital of Philadelphia; Nanjing University; Tianjin University; Shanghai First People's Hospital; University of California, Los Angeles; Harbin Medical University; Southern Medical University; Hunan University; Soochow University; Cornell University; Second Hospital of Hebei Medical University; University of Kansas; Virginia Tech; Huazhong University of Science and Technology; Guang’anmen Hospital; Yantai University; University of Cincinnati Medical Center; The London College; Jiangsu University; Choju Medical Institute; Jinan Central Hospital; First Affiliated Hospital of Xi'an Jiaotong University; Wuhan Institute of Virology; University of Oklahoma Health Sciences Center; Changsha University of Science and Technology; First Affiliated Hospital of Zhengzhou University; Luoyang Orthopedic-Traumatological Hospital of Henan Province; Second Affiliated Hospital of Xi'an Jiaotong University; Qilu Hospital of Shandong University; The First Affiliated Hospital of Guangxi University of Traditional Chinese Medicine; Second Affiliated Hospital of Chongqing Medical University; Academy of Military Medical Sciences; University of Bern; Shandong University; Second Affiliated Hospital of Soochow University; Wangjing Hospital of China Academy of Chinese Medical Sciences; Shihezi University; The Ohio State University Wexner Medical Center; OU Health; Hebei Medical University; Wuhan University; Takeda (United States); East China University of Science and Technology; National Institute on Drug Abuse; Air Force Medical University; Guangzhou University of Chinese Medicine; Second Xiangya Hospital of Central South University; Kitasato University; Peking Union Medical College Hospital; Methodist Hospital; Wenzhou Medical University; Zhaotong University; Hospital 463 People's Liberation Army; Institute of Process Engineering; Yangzhou University; Center for Excellence in Molecular Cell Science; Yokohama City University; United States Food and Drug Administration; Children's Hospital of Pittsburgh; Northern Jiangsu People's Hospital; Shanghai Institute of Materia Medica; Air Force General Hospital PLA; First Affiliated Hospital of Chinese PLA General Hospital; Shanghai Public Health Clinical Center; University of Oklahoma; Zhoukou Normal University; University Medical Center; Duke Medical Center; Institute of Basic Medical Sciences of the Chinese Academy of Medical Sciences; Shanghai Public Security Bureau; Shandong Agricultural University; Huaian First People’s Hospital; Sun Yat-sen University; University of Pennsylvania; Wuxi People's Hospital; Guangzhou Institutes of Biomedicine and Health; Old Dominion University; Jilin University; North China University of Science and Technology; National University of Singapore; Institute of Organic Chemistry; University of Utah; Central South University; University of Kansas Medical Center; Oklahoma Medical Research Foundation; Tobacco Research Institute; Tianjin University of Traditional Chinese Medicine; Zunyi Medical University; Central China Normal University; Zhongkai University of Agriculture and Engineering; University of Vienna; University of Toyama; Affiliated Hospital of Nantong University; Sanford Burnham Prebys Medical Discovery Institute; Chinese Academy of Sciences; Tongji Hospital; Xijing Hospital; Liaoning Provincial People's Hospital; Inner Mongolia People's Hospital; Fukushimura Hospital; National Tsing Hua University; Zhongshan Hospital; Ariadne Diagnostics (United States); Mayo Clinic in Arizona; Jilin Medical University; Duke University Hospital; Guangxi Normal University for Nationalities; China Tobacco; Oklahoma City University; University of Tennessee Health Science Center; Chongqing Medical University; China Pharmaceutical University; Xiangyang Central Hospital; Xuzhou Medical College; Nantong Science and Technology Bureau; Martin Luther University Halle-Wittenberg; University of North Carolina at Chapel Hill; Peking University; Beijing Chao-Yang Hospital; Guangzhou Eighth People's Hospital; Chinese Academy of Medical Sciences & Peking Union Medical College; Affiliated Hospital of Jiangsu University; China Academy of Chinese Medical Sciences; Hebei North University; Johns Hopkins University; Marine Biomedical Research Institute of Qingdao; Duke University; Shanxi Medical University; Okayama University; Sun Yat-sen Memorial Hospital; The University of Texas at Austin; National Center for Toxicological Research; Houston Methodist; Southwest Forestry University; Rockefeller University; Chinese Center For Disease Control and Prevention; Corning (United States); University Hospital and Clinics; Shanghai Institutes for Biological Sciences; Seoul National University; Texas Children's Hospital; Wuxi Taihu Hospital; Chengdu Medical College; National Institutes of Health; University of Maryland, Baltimore; Fudan University; Dean McGee Eye Institute; Mayo Clinic; Hunan University of Traditional Chinese Medicine; Rice University; University of Pittsburgh; Jiangnan University; Xinxiang University; Cleveland Clinic; University of Louisville; University of Chinese Academy of Sciences; Ocean University of China; Jinan University; Tongji University; University of Stuttgart; Nanjing General Hospital of Nanjing Military Command; Beijing Chaoyang Emergency Medical Center; Shanghai Jiao Tong University; Ionis Pharmaceuticals (United States); The University of Texas MD Anderson Cancer Center; Nanjing Agricultural University; Xi'an Jiaotong University; Sichuan University; Zigong First People's Hospital; Huashan Hospital; Capital University; Fosun Pharma (China); China-Japan Friendship Hospital; Zhejiang Academy of Medical Sciences; First Affiliated Hospital of Soochow University; General Department of Preventive Medicine; Wageningen University & Research; Ministry of Education of the People's Republic of China; Weifang People's Hospital; Auburn University; Northeast Forestry University; Nantong University; First Hospital of Jilin University",0000-0002-9680-4614,,
https://openalex.org/A5028392055,Sina Lashgari,https://openalex.org/I205783295,Cornell University,2013,2014,https://openalex.org/I205783295,2013,2014,Cornell University,Chinese Academy of Sciences,0000-0002-5134-380X,,
https://openalex.org/A5054177372,Geoff Abers,https://openalex.org/I205783295,Cornell University,2014,2014,https://openalex.org/I205783295,2014,2014,Cornell University,University of Kansas; Columbia University; Lamont-Doherty Earth Observatory,,,
https://openalex.org/A5009888632,Nicholas Zagorski,https://openalex.org/I205783295,Cornell University,2005,2005,https://openalex.org/I205783295,2005,2005,Cornell University,,,,
https://openalex.org/A5029818293,Stephen Daniels,https://openalex.org/I205783295,Cornell University,2000,2000,https://openalex.org/I205783295,2000,2000,,"DePaul University; Phillips Exeter Academy; University of Glasgow; University of Illinois at Springfield; Eastern Illinois University; Optica; University of Wisconsin–Milwaukee; Cornell University; University of Wisconsin–Madison; American Bar Foundation; California State University, San Bernardino; University of California, Los Angeles; University of Nottingham; Clemson University; Northwestern University; Birkbeck, University of London; Smith-Kettlewell Eye Research Institute",0000-0002-4605-9732,,
https://openalex.org/A5037071307,Katherine L. Dickin,https://openalex.org/I205783295,Cornell University,1999,2022,https://openalex.org/I205783295,1999,2022,,New York State College of Veterinary Medicine; Center for Advancing Health; Moss Landing Marine Laboratories; Nutrition Sciences (Belgium); Johns Hopkins University; New York Academy of Sciences; John Snow (United States); John Wiley & Sons (Germany); Hudson Institute; Hatch (Canada); Zvitambo Institute for Maternal and Child Health Research; Cornell University,0000-0001-6268-5242,,
https://openalex.org/A5004153741,Pauline Leung,https://openalex.org/I205783295,Cornell University,2018,2018,https://openalex.org/I205783295,2018,2018,Cornell University,"Research Triangle Park Foundation; University of Pennsylvania; Princeton University; Brandeis University; W.E. Upjohn Institute for Employment Research; University of California, Berkeley; National Bureau of Economic Research; Policy Analysis (United States)",0000-0001-9074-1213,,
https://openalex.org/A5038978033,Alice S. Carter,https://openalex.org/I205783295,Cornell University,2013,2014,https://openalex.org/I205783295,2013,2014,University of Massachusetts Boston; University of North Carolina Health Care,"Massachusetts General Hospital; University of Connecticut; Center for Autism and Related Disorders; University of Edinburgh; Universidade Federal de São Paulo; John Brown University; Johns Hopkins University; Barton Community Health & Care Centre; Eisenhower Foundation; Central Michigan University; Northern (Arctic) Federal University; Hershey (United States); UConn Health; University of Wisconsin–Madison; Medical Research Council; Hôpital Robert-Debré; University of Colorado Anschutz Medical Campus; University at Buffalo, State University of New York; University of Montana; University College Hospital; Hôpital Albert-Chenevier; National Institutes of Health; University of Massachusetts Amherst; University of California, Los Angeles; Case Western Reserve University; United States Department of Veterans Affairs; University of Illinois Chicago; Stanford University; Carter Center; Russian Academy of Education; University of Chicago; Harvard University; University of Liverpool; Cornell University; London School of Economics and Political Science; University College London; Children's Hospital of Wisconsin; University of Bristol; Yale University; Montana State University; Duke University; Duke Medical Center; University School; Boston University; National Institute of Mental Health",0000-0001-9861-1560,,
https://openalex.org/A5071715754,Stefan Rayer,https://openalex.org/I205783295,Cornell University,2001,2001,https://openalex.org/I205783295,2001,2001,University of Florida,Cornell University; National Bureau of Economic Research,,,
https://openalex.org/A5109324166,Jeffrey P. Kavolius,https://openalex.org/I205783295,Cornell University,1996,1996,https://openalex.org/I205783295,1996,1996,Tripler Army Medical Center,Cornell University; Womack Army Medical Center; Uniformed Services University of the Health Sciences; Memorial Sloan Kettering Cancer Center; University of Vermont,,,
https://openalex.org/A5108346040,Robert B. Klein,https://openalex.org/I205783295,Cornell University,2025,2025,https://openalex.org/I205783295,2025,2025,Cornell University; University of Illinois Urbana-Champaign; Yale University,"Stanford University; Heidelberg University; Center for Clinical Research (United States); University of Colorado Boulder; Universitätsklinikum Tübingen; Brown University; University of Tübingen; Dartmouth–Hitchcock Medical Center; Oklahoma State University Center for Health Sciences; The University of Texas Health Science Center at Tyler; Karlsruhe University of Education; Hasbro Children's Hospital; Rhode Island Hospital; Dartmouth College; University of California, Los Angeles; Rebecca Sieff Hospital; Augusta Krankenhaus; Maternal Child and Family Health; Providence College; Bradley Hospital; University of California, Irvine; Hasbro (United States); Sysmex (Japan); Ernst & Young (United States); Munich University of Applied Sciences; The University of Texas at Tyler",0009-0000-5457-9896,,
https://openalex.org/A5001483607,Alvin H. Bernstein,https://openalex.org/I205783295,Cornell University,1980,1980,https://openalex.org/I205783295,1980,1980,,"University of California, San Diego; Naval War College; Cornell University; University of California, Santa Barbara; National Defense University; Yale University",,,
https://openalex.org/A5097532546,lordanis I. Arzimanoglou,https://openalex.org/I205783295,Cornell University,1994,1994,https://openalex.org/I205783295,1994,1994,Cornell University,,,,
https://openalex.org/A5054839899,Ross Weber,https://openalex.org/I205783295,Cornell University,2020,2020,https://openalex.org/I205783295,2020,2020,Memorial Sloan Kettering Cancer Center,Cornell University; Rockefeller University; University of Pennsylvania; Tri-Institutional PhD Program in Chemical Biology,0000-0002-1337-7945,,
https://openalex.org/A5089414896,Ethels Cesarman,https://openalex.org/I205783295,Cornell University,2004,2004,https://openalex.org/I205783295,2004,2004,Cornell University,,,,
https://openalex.org/A5109039569,Bun‐ichiro Ono,https://openalex.org/I205783295,Cornell University,1974,1975,https://openalex.org/I205783295,1974,1975,Ritsumeikan University,University of Rochester; Cornell University; Senju Pharmaceutical (Japan); Okayama University,,,
https://openalex.org/A5085129811,Corrie C. Brown,https://openalex.org/I205783295,Cornell University,1991,1991,https://openalex.org/I205783295,1991,1991,Georgia College & State University; University of Georgia,"Animal and Plant Health Inspection Service; Louisiana State University; U.S. National Poultry Research Center; Brazilian Agricultural Research Corporation; Agricultural Research Service; North Carolina State University; Istituto Zooprofilattico Sperimentale delle Venezie; Veterinarians Without Borders; New York State College of Veterinary Medicine; The Ohio State University; University of Arizona; Cornell University; Colorado State University; Augusta University; Centers for Disease Control and Prevention; Tulane University; United States Department of Agriculture; University of California, Davis; Hôpital Xavier Arnozan; University of Michigan; International Food Policy Research Institute; Texas A&M University; Bayer (United States); Plum Island Animal Disease Center",0000-0002-0332-6159,,
https://openalex.org/A5021027921,Jack L. Sullivan,https://openalex.org/I205783295,Cornell University,1987,1987,https://openalex.org/I205783295,1987,1987,University Medical Center; University Hospital and Clinics; Indiana University – Purdue University Indianapolis,NewYork–Presbyterian Hospital; Cornell University,,,
https://openalex.org/A5021359402,Avery Vilbert,https://openalex.org/I205783295,Cornell University,2016,2019,https://openalex.org/I205783295,2016,2019,Great Lakes Bioenergy Research Center; University of Wisconsin–Madison; Battelle; Pacific Northwest National Laboratory,Cornell University; Ithaca College; Saint Joseph's University,0000-0001-7432-6300,,
https://openalex.org/A5108494576,Elizabeth Nguyen,https://openalex.org/I205783295,Cornell University,2013,2013,https://openalex.org/I205783295,2013,2013,"University of California, San Francisco; University of California, San Diego","Texas A&M University; University of California, Irvine; Baylor College of Medicine; Texas A&M Health Science Center; Presbyterian Hospital; NewYork–Presbyterian Hospital; Orlando Health; University of Central Florida; The University of Sydney; The University of Texas Medical Branch at Galveston; Columbia University; Winter Haven Hospital; New York Hospital Queens; Janssen (Belgium); Cornell University; Orthopedic Institute; AdventHealth Orlando",,,
https://openalex.org/A5073810197,Melanie de la Cruz,https://openalex.org/I205783295,Cornell University,2003,2003,https://openalex.org/I205783295,2003,2003,PharmacoGenetics (China),"Cornell University; Stanford University; University of California, San Francisco",,,
https://openalex.org/A5038793805,Gary Peng,https://openalex.org/I205783295,Cornell University,2009,2009,https://openalex.org/I205783295,2009,2009,"University of Chinese Academy of Sciences; Agriculture and Agri-Food Canada; Shanghai Polytechnic University; Institute of Psychology, Chinese Academy of Sciences; Brigham and Women's Hospital; Harvard University",New York Stem Cell Foundation; Columbia University Irving Medical Center; Hospital for Sick Children; Saskatoon Research and Development Centre; Cornell University; University of Pennsylvania; University of Guelph; Montfort Hospital; BC Research (Canada); Columbia University; University of Alberta; University of Saskatchewan; Hospital of the University of Pennsylvania,0000-0002-9072-7187,,
https://openalex.org/A5026026514,Hengky Chandrahalim,https://openalex.org/I205783295,Cornell University,2007,2010,https://openalex.org/I205783295,2007,2010,,U.S. Air Force Institute of Technology; ETH Zurich; Cornell University; École Polytechnique Fédérale de Lausanne; University of Michigan; Ann Arbor Center for Independent Living; Wright-Patterson Air Force Base,0000-0003-1930-1359,,
https://openalex.org/A5089806443,Maofan Yin,https://openalex.org/I205783295,Cornell University,2019,2020,https://openalex.org/I205783295,2019,2020,,Avaya (United States); Shanghai Municipal Education Commission; Cornell University; Shanghai Jiao Tong University,0009-0006-2717-8150,,
https://openalex.org/A5100992319,Jiazheng Huang,https://openalex.org/I205783295,Cornell University,1987,1987,https://openalex.org/I205783295,1987,1987,,Fuzhou University; Cornell University,,,
https://openalex.org/A5038404707,Linda B. Lennox,https://openalex.org/I205783295,Cornell University,1981,1981,https://openalex.org/I205783295,1981,1981,Cornell University,,,,
https://openalex.org/A5113479418,W. L. Marsh,https://openalex.org/I205783295,Cornell University,1980,1981,https://openalex.org/I205783295,1980,1981,,"Mount Sinai Hospital; St. Vincent's Medical Center; Metropolitan Hospital Center; Herzog Hospital; Wake County Human Services; Northern Westchester Hospital; St. Elizabeth Hospital in Enumclaw; University of Virginia; Coney Island Hospital; Cancer Research Institute; Queensland Health; Clinical Trials New Zealand; Sinai Hospital; Canadian Red Cross Society; New York Hospital Queens; Pfizer (United States); Saint Joseph's Hospital; University of Michigan; Boston University; Boston Medical Center; Yale University; Memorial Hospital of South Bend; Presbyterian Hospital; Australian Red Cross Lifeblood; Kingsbrook Jewish Medical Center; Essex County Hospital; Cornell University; Johns Hopkins Hospital; Memorial Blood Centers; NewYork–Presbyterian Hospital; Ortho Clinical Diagnostics (United States); New York University; Goethe University Frankfurt; Temple University Hospital; Island Hospital; Long Island Jewish Medical Center; Sisters of Charity Hospital; SUNY Downstate Health Sciences University; Medical Research Council; Ramathibodi Hospital; New York Blood Center; Mount Sinai Hospital; Lovelace Medical Center; Columbia University; University of California, San Francisco; University of Kansas Medical Center; Trinity Health Ann Arbor Hospital; Philadelphia Fire Department; Icahn School of Medicine at Mount Sinai; National Blood Transfusion Service; University of Oxford; University of New Mexico; New York Medical College; Hospital Universitario La Paz; Lister Institute of Preventive Medicine; Mayo Clinic; The Neurological Institute; Memorial Hospital; Rockefeller University; National Institutes of Health; University Medical Center",,,
https://openalex.org/A5086025703,Edith Aldridge,https://openalex.org/I205783295,Cornell University,2003,2003,https://openalex.org/I205783295,2003,2003,,"University of Washington; University of Pennsylvania; Institute of Linguistics, Academia Sinica; Cornell University; Academia Sinica; Center for Applied Linguistics; Northwestern University; Stony Brook University; Cal Poly Humboldt",,,
https://openalex.org/A5051981481,Roberta H. Baron,https://openalex.org/I205783295,Cornell University,2008,2008,https://openalex.org/I205783295,2008,2008,Memorial Sloan Kettering Cancer Center,University of South Carolina; Cornell University,,,
https://openalex.org/A5018185682,A. P. Young,https://openalex.org/I205783295,Cornell University,1979,1979,https://openalex.org/I205783295,1979,1979,École Normale Supérieure - PSL; Sorbonne Université; Laboratoire Kastler Brossel; Centre National de la Recherche Scientifique,"University of Southampton; Max Planck Institute for the Physics of Complex Systems; Ballard Power Systems (Canada); University of California System; Institut Langevin; University of California, Santa Barbara; Materials Science & Engineering; Institut de Physique Théorique; Laboratoire de Physique de l'ENS; Dantherm Power (Denmark); Monash University; Danish Power Systems (Denmark); University of British Columbia; CSIRO Manufacturing; University of Manchester; Thomas Jefferson University; University of Minnesota; Imperial College London; Cornell University; Centre for Human Genetics; University of California, San Francisco; Indiana University Bloomington; University of Oxford; University of Cologne; Burnaby Hospital; University of California, Santa Cruz; Commissariat à l'Énergie Atomique et aux Énergies Alternatives; Bar-Ilan University; Princeton University; KTH Royal Institute of Technology; Johannes Gutenberg University Mainz; Mathematical Institute of the Slovak Academy of Sciences; Laboratoire de Spectrométrie Ionique et Moléculaire; University of Michigan; The University of Tokyo; Ballard Power Systems (Germany); University of California, Davis; UK Biobank",0000-0001-5129-4924,,
https://openalex.org/A5008937932,Michael Boice,https://openalex.org/I205783295,Cornell University,2014,2016,https://openalex.org/I205783295,2014,2016,,Weatherford College; Computational Physics (United States); Molecular Oncology (United States); Genomics (United Kingdom); Memorial Sloan Kettering Cancer Center; Cancer Genetics (United States); Cancer Research And Biostatistics; Translational Genomics Research Institute; Cornell University,,,
https://openalex.org/A5111720856,Mary Ann Allison,https://openalex.org/I205783295,Cornell University,2010,2010,https://openalex.org/I205783295,2010,2010,,Comprehensive Cancer Centers of Nevada; Texas Oncology; Research International (United States); Baylor University Medical Center; Cornell University; Hofstra University; St James's University Hospital; McKesson (United States),,,
https://openalex.org/A5046587026,Brian J. Callahan,https://openalex.org/I205783295,Cornell University,1998,2000,https://openalex.org/I205783295,1998,2000,,Queen's University Belfast; Cornell University,,,
https://openalex.org/A5054427605,Linda Moy,https://openalex.org/I205783295,Cornell University,2021,2025,https://openalex.org/I205783295,2021,2025,"Uniformed Services University of the Health Sciences; Western University; University of Maryland, Baltimore; St. Jude Children's Research Hospital; Imaging Center; NYU Langone Health; Johns Hopkins University; Cornell University; New York University; Hinge Health; Advanced Imaging Research (United States)","University Health Network; Sage (United Kingdom); Emory University; Memorial Sloan Kettering Cancer Center; University of Geneva; York University; Mayo Clinic; Harvey L. Neiman Health Policy Institute; University of Toronto; United States Department of Health and Human Services; Hospital for Sick Children; Universidade Federal de São Paulo; Siemens Healthcare (Germany); University of Utah; Georgia Institute of Technology; Resonance Research (United States); Philadelphia University; Albert Einstein College of Medicine; Beth Israel Deaconess Medical Center; George Washington University; Health Affairs; Radiology Associates; Hospital Sírio-Libanês; University of California System; Keck Hospital of USC; Columbia University Irving Medical Center; University of Ulsan; University of Cologne; Oregon Health & Science University; University of California, San Francisco; Radboud University Nijmegen; Seoul National University Hospital; University of California, San Diego; The University of Texas Southwestern Medical Center; Laboratoire d’Imagerie Biomédicale; Stanford University; University of Southern California; University Hospital of Heraklion; University of Wisconsin–Madison; ETH Zurich; University of Chicago; Radiological Society of North America; Massachusetts General Hospital; KTH Royal Institute of Technology; Hospital of the University of Pennsylvania; National Cancer Registry; Radboud University Medical Center; Institute of Organic Chemistry; Ulsan College; Icahn School of Medicine at Mount Sinai; Agricultural Research Service; University of Florida; University of Pennsylvania; Capital Medical University; NYU Langone’s Laura and Isaac Perlmutter Cancer Center; National Institute of Biomedical Imaging and Bioengineering; University Medical Center; United States Department of Agriculture; University of Crete; University of Maryland, College Park",0000-0001-9564-9360,,
https://openalex.org/A5062371888,S Franková,https://openalex.org/I205783295,Cornell University,1968,1968,https://openalex.org/I205783295,1968,1968,,"Cornell University; Institute of Clinical and Experimental Medicine; Czech Academy of Sciences, Institute of Physiology; Institute of Pharmacology; Charles University; Institut de Biologia Evolutiva",,,
https://openalex.org/A5019266000,Parag A. Pathak,https://openalex.org/I205783295,Cornell University,2017,2017,https://openalex.org/I205783295,2017,2017,,"Moscow Institute of Thermal Technology; University of Hawaii System; Lehman College; University of Virginia; University of Chicago; Harvard University; Brown University; Harvard University Press; United States Military Academy; Cornell University; Federal Reserve Bank of Boston; Federal Reserve Board of Governors; University of Wisconsin–Madison; South University; Boston College; University of Rochester; Arizona State University; JEOL (Japan); Bhabha Hospital; The University of Texas at Austin; Pennsylvania State University; Barcelona School of Economics; International Paper (United States); Yale University; New York City Department of Education; London School of Economics and Political Science; Paris School of Economics; City College of New York; Stanford University; College of Staten Island; United States Department of Justice; National Bureau of Economic Research; University of California, Berkeley; IIT@MIT; Massachusetts Institute of Technology; BRIQ Institute on Behavior and Inequality; Princeton University; Duke University; Federal Reserve Bank of New York; Columbia University; University of Pennsylvania; Centre de Recherche en Économie et Statistique",0000-0001-8621-3864,,
https://openalex.org/A5088133373,B. C. Rosen,https://openalex.org/I205783295,Cornell University,1978,1978,https://openalex.org/I205783295,1978,1978,Cornell University,"University of Nebraska–Lincoln; University of California, Santa Cruz",,,
https://openalex.org/A5041865320,Adam Wawrzyński,https://openalex.org/I205783295,Cornell University,2008,2008,https://openalex.org/I205783295,2008,2008,,"Université Paris-Sud; United States Department of Agriculture; University of Minnesota; Commonwealth Scientific and Industrial Research Organisation; Agricultural Research Service; Cornell University; Plant Industry; ACT Government; Institute of Biochemistry and Biophysics, Polish Academy of Sciences; University of Missouri; Indiana University Bloomington; University of Oklahoma; Centre National de la Recherche Scientifique; Virginia Tech; Iowa State University",,,
https://openalex.org/A5055658847,Bonnie A. Diep,https://openalex.org/I205783295,Cornell University,2010,2010,https://openalex.org/I205783295,2010,2010,Cornell University; University of North Dakota,,,,
https://openalex.org/A5065657192,Nandish Khanra,https://openalex.org/I205783295,Cornell University,2021,2023,https://openalex.org/I205783295,2021,2023,Memorial Sloan Kettering Cancer Center,University of Minnesota; Cornell University; St. Jude Children's Research Hospital,0000-0003-4217-1273,,
https://openalex.org/A5032236724,Kari Fischer,https://openalex.org/I205783295,Cornell University,2015,2016,https://openalex.org/I205783295,2015,2016,,Cornell University; Weill Cornell Medicine,,,
https://openalex.org/A5020896202,Linda A. Bennett,https://openalex.org/I205783295,Cornell University,2005,2005,https://openalex.org/I205783295,2005,2005,Monash University,"Cornell University; Washington University Medical Center; Accident Compensation Corporation; Addiction Research Foundation; Royal Brisbane and Women's Hospital; University of Northern Colorado; University of Minnesota; Alcohol Research Group; George Washington University; University of Tennessee at Knoxville; University of Memphis; University of California, Los Angeles",,,
https://openalex.org/A5089292563,Dmitriy Lukoyanov,https://openalex.org/I205783295,Cornell University,2002,2002,https://openalex.org/I205783295,2002,2002,Northwestern University,"Cornell University; Kazan Federal University; Scripps Research Institute; Utah State University; Virginia Tech; University at Albany, State University of New York; University of Illinois Urbana-Champaign",0000-0002-4542-1648,,
https://openalex.org/A5001022290,F. Del Piero,https://openalex.org/I205783295,Cornell University,1997,1997,https://openalex.org/I205783295,1997,1997,,Cornell University,,,
https://openalex.org/A5026744281,John Barry Decker,https://openalex.org/I205783295,Cornell University,1959,1959,https://openalex.org/I205783295,1959,1959,Cornell University; Bellevue Hospital Center,,,,
https://openalex.org/A5027957608,Andreas Wali,https://openalex.org/I205783295,Cornell University,1993,1993,https://openalex.org/I205783295,1993,1993,Cornell University,,,,
https://openalex.org/A5112763739,E. B. Davies,https://openalex.org/I205783295,Cornell University,1989,1989,https://openalex.org/I205783295,1989,1989,,Science Oxford; University of Cambridge; Institute for Advanced Study; Princeton University; Royal Holloway University of London; Thales (United Kingdom); Massachusetts Institute of Technology; University of Geneva; Université Constantine 2; St. John's College; King's College Hospital; Cornell University; University of Oxford; Google (United States); The King's College; King's College - North Carolina; King's College School; Bansomdejchaopraya Rajabhat University; King's College London; Mathematical Institute of the Slovak Academy of Sciences; Daviess County Public Schools,0009-0002-7693-0530,,
https://openalex.org/A5044704274,Nicholas Erho,https://openalex.org/I205783295,Cornell University,2018,2018,https://openalex.org/I205783295,2018,2018,,University of British Columbia; Stanford University; New York Hospital Queens; Simon Fraser University; Agaplesion Markus Hospital; Fabio Perini (Italy); University of Southern California; Genome British Columbia; Cornell University; NewYork–Presbyterian Hospital; Decipher Biosciences (Canada); Mayo Clinic in Florida; University of Miami,0000-0002-5857-2701,,
https://openalex.org/A5112829091,Philip C. Hoffman,https://openalex.org/I205783295,Cornell University,2015,2015,https://openalex.org/I205783295,2015,2015,University of Chicago,"Center for Disease Control; Sidney Kimmel Comprehensive Cancer Center; Cornell University; Office of Ocean Exploration and Research; Western University; NewYork–Presbyterian Hospital; Eli Lilly (United States); Carolinas Medical Center; Sarah Cannon Research Institute; Lurie Children's Hospital; University of Illinois Chicago; New York Hospital Queens; GTx (United States); United States Army Corps of Engineers; Loyola University Chicago; Royal Marsden Hospital; Cancer Research Center; MacNeal Hospital; Memorial Hospital; California Institute of Technology; University of Chicago Medical Center; Ingalls Memorial Hospital; University of Maryland, Baltimore",,,
https://openalex.org/A5045184141,Göran Elmberger,https://openalex.org/I205783295,Cornell University,2009,2009,https://openalex.org/I205783295,2009,2009,,University of North Carolina at Chapel Hill; Methodist Hospital; UNC Lineberger Comprehensive Cancer Center; Norton Healthcare; Stockholm University; Karolinska Institutet; Svenska Örtmedicinska Institute; Örebro University; University of Helsinki; Cornell University; Houston Methodist; Karolinska University Hospital; University of Nebraska Medical Center; Örebro University Hospital,0000-0001-6032-796X,,
https://openalex.org/A5011524710,Josephine A. V. Allen,https://openalex.org/I205783295,Cornell University,2001,2005,https://openalex.org/I205783295,2001,2005,,Binghamton University; Onondaga Community College; Louisiana State University Agricultural Center; Policy Analysis (United States); University of Michigan; Cornell University,,,
https://openalex.org/A5110071400,DonaldB. Zilversmit,https://openalex.org/I205783295,Cornell University,1981,1981,https://openalex.org/I205783295,1981,1981,Cornell University,,,,
https://openalex.org/A5083115947,Sungyun Cho,https://openalex.org/I205783295,Cornell University,2016,2025,https://openalex.org/I205783295,2016,2025,Cornell University; Korea University; Weill Cornell Medicine,Kyung Hee University,0009-0009-2690-2268,,
https://openalex.org/A5111772701,Yasuhiko Konno,https://openalex.org/I205783295,Cornell University,1991,1991,https://openalex.org/I205783295,1991,1991,Cornell University,,,,
https://openalex.org/A5043547144,Brian Cooperman,https://openalex.org/I205783295,Cornell University,1996,1996,https://openalex.org/I205783295,1996,1996,Cornell University; North Shore University Hospital,,,,
https://openalex.org/A5004916033,Francis V. Chisari,https://openalex.org/I205783295,Cornell University,1968,1968,https://openalex.org/I205783295,1968,1968,Scripps Research Institute,"Ghent University; Yale University; Vaccine Research Institute of San Diego; Scripps Clinic; Cornell University; University of Otago; Harvard University; Howard Hughes Medical Institute; Scripps Health; Brookhaven National Laboratory; Naval Medical Center San Diego; University of Leeds; Karolinska University Hospital; Tokyo Medical University; Amway (United States); National Institutes of Health; Kirin (Japan); NewYork–Presbyterian Hospital; Memorial University of Newfoundland; Swedish Institute; National Academies of Sciences, Engineering, and Medicine; La Roche College; University of Toronto; United States Department of Veterans Affairs; Universität Ulm; Oak Ridge National Laboratory; Center for Biologics Evaluation and Research; The University of Texas MD Anderson Cancer Center; Cytel (United States); University of California, Berkeley; Texas Biomedical Research Institute; Karolinska Institutet; Centre international de recherche sur le cancer; Martin Luther King, Jr. Multi-Service Ambulatory Care Center; University Hospital of Bern; Genomics Institute of the Novartis Research Foundation; University of Parma; University of New Mexico; University of Oxford; Gifu University; Rancho Los Amigos National Rehabilitation Center; Steacie Institute for Molecular Sciences; The Retina Center; City University of New York; National Institute of Allergy and Infectious Diseases; UNSW Sydney",0000-0002-4832-1044,,
https://openalex.org/A5051649719,Xiaosong Huang,https://openalex.org/I205783295,Cornell University,2006,2007,https://openalex.org/I205783295,2006,2007,"General Motors (United States); Materials Systems (United States); General Motors (Poland); University of California, Davis",University of Cambridge; State Key Laboratory for Modification of Chemical Fibers and Polymer Materials; Cornell University; Donghua University; SUNY Cortland; Harley-Davidson (United States); Second People Hospital of Hunan; Zhejiang University,0000-0002-3300-6666,,
https://openalex.org/A5088563469,Marga C. Ocké,https://openalex.org/I205783295,Cornell University,2010,2010,https://openalex.org/I205783295,2010,2010,National Institute for Public Health and the Environment; Wageningen University & Research,Erasmus University Rotterdam; University of Milan; Aarhus University Hospital; Compagnia di San Paolo; Cambridge University Press; Institut Gustave Roussy; Université Claude Bernard Lyon 1; Amsterdam UMC Location University of Amsterdam; Instituto de Salud Pública de Navarra; Danish Cancer Society; Umeå University; Tumour Institute of Tuscany; University of Oxford; Universidade do Porto; National and Kapodistrian University of Athens; Medical Research Council; German Institute of Human Nutrition; University Medical Center Utrecht; Centre international de recherche sur le cancer; Andalusian School of Public Health; Karolinska Institutet; University of Amsterdam; Amsterdam UMC Location Vrije Universiteit Amsterdam; Fondazione IRCCS Istituto Nazionale dei Tumori; Institut Català d'Ornitologia; German Cancer Research Center; UiT The Arctic University of Norway; University of Ioannina; Medisch Centrum Alkmaar; Azienda Ospedale - Università Padova; Imperial College London; Aalborg University Hospital; Erasmus MC; DKFZ-ZMBH Alliance; Institut Català d'Oncologia; New York University Press; Ospedale San Paolo; University of Nottingham; Inserm; National Institute of Public Health; Nederlandse Internisten Vereniging; Newron Pharmaceuticals (Italy); University of Florence; Cornell University; Azienda Usl 8 Arezzo,0000-0003-1299-6135,,
https://openalex.org/A5084524445,Robert M. Sanford,https://openalex.org/I205783295,Cornell University,1996,1996,https://openalex.org/I205783295,1996,1996,,Cornell University; University of Southern Maine; New Dimensions Research (United States),,,
https://openalex.org/A5010570520,Douglas A. Triplett,https://openalex.org/I205783295,Cornell University,1998,1998,https://openalex.org/I205783295,1998,1998,,"Southern Ohio Medical Center; University at Buffalo, State University of New York; Abbott (United Kingdom); Indiana University; University of Iowa; University School; Scripps Clinic; The Ohio State University; Emory University; Indiana Hemophilia and Thrombosis Center; Ball Memorial Hospital; Indiana University School of Medicine; University of Alabama at Birmingham; Baylor College of Medicine; University Medical Center; Lehigh Valley Hospital; United States Department of the Army; Kanazawa University; Massachusetts General Hospital; Yamasa Corporation (Japan); Jewish Hospital; College of American Pathologists; Sheba Medical Center; Indiana University – Purdue University Indianapolis; University of Kansas Medical Center; Dartmouth–Hitchcock Medical Center; Ball State University; Cornell University",,,
https://openalex.org/A5095505412,Fbanx Ot auey,https://openalex.org/I205783295,Cornell University,1956,1956,https://openalex.org/I205783295,1956,1956,Cornell University; University of Notre Dame,,,,
https://openalex.org/A5063374954,Athos Gianella-Borradori,https://openalex.org/I205783295,Cornell University,2014,2014,https://openalex.org/I205783295,2014,2014,Institut des Hautes Études Scientifiques; Servier (France),"Chugai Pharma (United States); Columbia University Irving Medical Center; Guthy-Jackson Charitable Foundation; Stanford University; University of Utah; Cyclacel Pharmaceuticals (United Kingdom); New York Hospital Queens; California Institute of Technology; University College London; University of Michigan; University Hospital Cologne; University of Birmingham; Jain PharmaBiotech (Switzerland); University of Dundee; Cancer Research UK; NewYork–Presbyterian Hospital; University of California, Los Angeles; Harbor–UCLA Medical Center; The Lundquist Institute; Heartlands Hospital; Northwestern University; The Netherlands Cancer Institute; Children's Hospital of Los Angeles; Pinnacle Oncology Hematology; University Hospital of Bern; Merck Serono (Switzerland); University of Lausanne; Cornell University; Emory University; Presbyterian Hospital",,,
https://openalex.org/A5052562368,Mary Ascenzi,https://openalex.org/I205783295,Cornell University,1985,2011,https://openalex.org/I205783295,1985,2011,Cornell University; Hubei University of Medicine; Taihe Hospital,University of Georgia,,,
https://openalex.org/A5025175160,Nitesh Goyal,https://openalex.org/I205783295,Cornell University,2012,2017,https://openalex.org/I205783295,2012,2017,All India Institute of Medical Sciences Raipur; Google (United States),Sriram Chandra Bhanja Medical College Hospital; Cornell University; Tata Consultancy Services (India); Samsung (India),0000-0002-4666-1926,,
https://openalex.org/A5034694076,Camila Gómez,https://openalex.org/I205783295,Cornell University,2022,2022,https://openalex.org/I205783295,2022,2022,SELVA,Louisiana Department of Natural Resources; Hawk Mountain Sanctuary; Asociación Colombiana de Nefrología e Hipertensión Arterial; Universidad de Los Andes; Universitat de Barcelona; Cornell Lab of Ornithology; Alexander von Humboldt Biological Resources Research Institute; Centro Universitario en Periodismo y Publicidad; University of Chile; Cornell University,0000-0002-2770-5794,,
https://openalex.org/A5036212685,Tania Portillo,https://openalex.org/I205783295,Cornell University,2004,2004,https://openalex.org/I205783295,2004,2004,New York Medical College,Cornell University,,,
https://openalex.org/A5005419531,David B. Iaea,https://openalex.org/I205783295,Cornell University,2015,2017,https://openalex.org/I205783295,2015,2017,Cornell University,Tri-Institutional PhD Program in Chemical Biology; Memorial Sloan Kettering Cancer Center; Weill Cornell Medicine; Rockefeller University,0000-0003-0808-1899,,
https://openalex.org/A5037985715,Graeme M. Bydder,https://openalex.org/I205783295,Cornell University,1988,1988,https://openalex.org/I205783295,1988,1988,"Mātai Medical Research Institute; University of California, San Diego; Medical Research Institute of New Zealand","Hammersmith Hospital; Ohio University; University of California, Davis; Korea Institute for Advanced Study; University of California System; Heartlands Hospital; University College London; Queen's Medical Centre; Michigan State University; University of California, San Francisco; Kingsley House; University of Oxford; Southern General Hospital; University of California San Diego Medical Center; University College Hospital; National Hospital for Neurology and Neurosurgery; University of Southern California; Science Oxford; Royal College of Surgeons of England; Brain Physiology Lab; National Cerebral and Cardiovascular Center; Harman (United Kingdom); Picker Institute Europe; Cornell University; Imperial College London; Resonance Research (United States); Royal Victoria Hospital; London Postgraduate Medical and Dental Education; Siemens (United Kingdom); Youngdong University; University of Calgary; West End Hospital; University of British Columbia; University of Illinois Urbana-Champaign; Imperial Valley College; University of Alabama at Birmingham; The Christie NHS Foundation Trust; NewYork–Presbyterian Hospital; National Center for Supercomputing Applications; Northwick Park Hospital; Royal Brompton Hospital; University of Ulster; Columbia University; Max Planck Institute for Metabolism Research; University of London; University of Toronto; University Hospital of Wales; The Royal Free Hospital; San Francisco VA Medical Center; VA San Diego Healthcare System; St. Mark's Hospital; Robert Jones and Agnes Hunt Orthopaedic Hospital; Queen's Medical Center; International Society for the Study of the Lumbar Spine; Royal London Hospital; Middlesex University; Cardiff University; Institute of Neurological Sciences; St Mary's Hospital",0000-0002-8468-0087,,
https://openalex.org/A5106919305,Leora I. Horwitz,https://openalex.org/I205783295,Cornell University,1994,1996,https://openalex.org/I205783295,1994,1996,New York University; Hinge Health; NYU Langone Health,Columbia University Irving Medical Center; University of Wisconsin–Madison; National Patient Safety Foundation; University of Colorado Denver; Institute for Healthcare Improvement; Murphy Oil Corporation (United States); Transportation Research Board; John Muir Health; VA NY Harbor Healthcare System; VA Connecticut Healthcare System; North Shore University Hospital; Massachusetts General Hospital; The Ohio State University; St Vincent Hospital; UNSW Sydney; Indiana University School of Medicine; Weatherford College; University of New Haven; Center for Innovation; Western Michigan University; Boston Children's Hospital; National Bureau of Economic Research; University of Florida; Health Research and Educational Trust; Albert Einstein College of Medicine; General Department of Preventive Medicine; Yale University; Stanford Health Care; Brigham and Women's Hospital; Centers for Medicare and Medicaid Services; Harvard University; Sky Ridge Medical Center; University of Missouri–Kansas City; Johns Hopkins University; University of Chicago; Erie County Medical Center; Robert Wood Johnson Foundation; Agency for Healthcare Research and Quality; Stanford University; Cornell University; Northwestern University; Yale New Haven Health System; Yale New Haven Hospital; GTx (United States),0000-0003-1800-6040,,
https://openalex.org/A5110466510,Patricia M. McDonough,https://openalex.org/I205783295,Cornell University,1992,2009,https://openalex.org/I205783295,1992,2009,,"Mount Sinai Medical Center; New York State College of Veterinary Medicine; Cornell University; Indiana University Bloomington; University of California, Los Angeles; Albert Einstein College of Medicine; Montefiore Medical Center; Mount Sinai Hospital",,,
https://openalex.org/A5109104029,Xinpei Huang,https://openalex.org/I205783295,Cornell University,1988,1994,https://openalex.org/I205783295,1988,1994,,Shanghai Jiao Tong University; Cornell University; New York State Department of Agriculture and Markets; Auburn University,,,
https://openalex.org/A5085875361,Joseph A. Sparano,https://openalex.org/I205783295,Cornell University,2009,2022,https://openalex.org/I205783295,2009,2022,Mount Sinai Medical Center; Mount Sinai Health System; Montefiore Medical Center; Icahn School of Medicine at Mount Sinai; Mount Sinai Hospital; Tisch Cancer Institute,"SWOG Cancer Research Network; City Clinical Oncology Center; Indiana University – Purdue University Indianapolis; National Cancer Institute; Johnson & Johnson (United States); Angeles Clinic and Research Institute; Baystate Medical Center; AVEO Oncology (United States); Mayo Clinic; Jacobi Medical Center; University of California, Los Angeles; University of Oxford; Saint Vincent's Catholic Medical Center; Emmes (United States); Dana-Farber Cancer Institute; Children's Medical Center; New York Hospital Queens; Cedars-Sinai Medical Center; Chinese Academy of Medical Sciences & Peking Union Medical College; Alliance for Clinical Trials in Oncology; The University of Texas Southwestern Medical Center; Stanford University; University of Brescia; Florida College; Presbyterian Hospital; Indiana University Health; Vanderbilt University Medical Center; Sidney Kimmel Comprehensive Cancer Center; Bristol-Myers Squibb (United States); AdventHealth Gordon; In-Q-Tel; Hospital César Milstein; Kaiser Permanente Center for Health Research; Université de Montréal; Sylvester Comprehensive Cancer Center; Health Sciences Centre; NRG Oncology; Cancer Research And Biostatistics; Wake Forest University; Cancer Research Center; Institut Génétique Nantes Atlantique; Northwestern University; University of Modena and Reggio Emilia; Institut Claudius Regaud; UPMC Hillman Cancer Center; Emory University; Abbott Northwestern Hospital; Institut Bergonié; University of Miami; Queen's University; University of Toronto; Philadelphia VA Medical Center; Winship Cancer Institute; Memorial Sloan Kettering Cancer Center; ProMedica Toledo Hospital; CancerCare; NewYork–Presbyterian Hospital; Einstein Medical Center Philadelphia; Moffitt Cancer Center; The Ohio State University; Institut Jules Bordet; Montefiore Hospital; University of Florida; Tisch Hospital; University of Wisconsin–Green Bay; Catholic Medical Center; Cornell University; Montefiore Einstein Comprehensive Cancer Center; Beth Israel Deaconess Medical Center; University Medical Center; Vince Lombardi Cancer Clinic; Johns Hopkins University; Indiana University Indianapolis; Elmhurst Hospital Center; Mayo Clinic in Arizona; Wayne State University; Breast Center; University of California, San Francisco; Massachusetts Institute of Technology; University of Maryland, Baltimore; Queens Hospital Center; Genomic Health (United States); City of Hope; Bellevue Hospital Center; Sunnybrook Health Science Centre; National Cancer Center; Pennsylvania State University; Albert Einstein College of Medicine; New York Medical College; Sidney Kimmel Cancer Center; Mayo Clinic in Florida; Harlem Hospital Center; Centre Georges François Leclerc; Indiana University; American Jewish Committee; The University of Texas MD Anderson Cancer Center; Rutgers, The State University of New Jersey; Indiana University School of Medicine; Hospital Arnau de Vilanova; University of Pittsburgh; Hôpital Notre-Dame; University of Vienna; Yeshiva University; Lady of Mercy Medical Center; Albany Medical Center Hospital; Centre Jean Perrin; University of Arkansas for Medical Sciences; U-M Rogel Cancer Center; Harvard University; WinnMed; GTx (United States); Rabin Medical Center; North Central Cancer Treatment Group; Tufts Medical Center; Heartland Cancer Research; Metropolitan Hospital Center; Einstein Healthcare Network; Tel Aviv University; Jacksonville College; The Bronx Defenders; Ospedale Amedeo di Savoia; Sanofi (United States); University of Wisconsin Carbone Cancer Center; Fox Chase Cancer Center; Tel Aviv Sourasky Medical Center; Thomas Jefferson University; Columbia University Irving Medical Center; New York University; New York State Psychiatric Institute; Eastern Cooperative Oncology Group; Myriad Genetics; University of Pretoria",0000-0002-9031-2010,,
https://openalex.org/A5072822745,Wing T. Tang,https://openalex.org/I205783295,Cornell University,1990,1990,https://openalex.org/I205783295,1990,1990,IBM Research - Almaden; Western Digital (United States),Stanford University; Cornell University; IBM (United States),,,
https://openalex.org/A5111532379,Edward H. Oldfield,https://openalex.org/I205783295,Cornell University,1986,1986,https://openalex.org/I205783295,1986,1986,Museum of Heilongjiang Province,National Institutes of Health; Society of Thoracic Surgeons; Science Applications International Corporation (United States); Eunice Kennedy Shriver National Institute of Child Health and Human Development; Health and Human Development (2HD) Research Network; NewYork–Presbyterian Hospital; Children's National; National Cancer Institute; University of Louisville; Cleveland Clinic; National Institute of Mental Health; National Institute of Mental Health; University of Virginia Health System; Walter Reed National Military Medical Center; University of Michigan; University Hospital of Geneva; Frederick National Laboratory for Cancer Research; Louisiana State University; Harvard University; National Institute of Diabetes and Digestive and Kidney Diseases; University of Virginia Medical Center; National Heart Lung and Blood Institute; University of Tennessee Health Science Center; Novant Health; University of Virginia; Klinik und Poliklinik für Urologie; University of Freiburg; Yale University; The Ohio State University Wexner Medical Center; Santa Barbara Cottage Hospital; United States Navy; Office of Research Services; Neurological Surgery; United States Food and Drug Administration; New York University; Endokrinologikum; National Institute of Neurological Disorders and Stroke; University Medical Center Freiburg; Vanderbilt University Medical Center; Kantonsspital Aarau; Kaiser Permanente Washington Health Research Institute; Emory University; Charité - Universitätsmedizin Berlin; Center for Biologics Evaluation and Research; Brigham and Women's Hospital; National Institutes of Health Clinical Center; National Institute of Dental and Craniofacial Research; United States Department of the Navy; George Washington University; Naval Medical Research Command; Washington University Medical Center; University of Göttingen; Ann Arbor Center for Independent Living; Cornell University; Georgetown University,,,
https://openalex.org/A5109989481,WILLIAM B. WEBBER,https://openalex.org/I205783295,Cornell University,1967,1967,https://openalex.org/I205783295,1967,1967,Cornell University,,,,
https://openalex.org/A5072876748,Samuel Singer,https://openalex.org/I205783295,Cornell University,2011,2023,https://openalex.org/I205783295,2011,2023,Northwell Health; North Shore Diabetes and Endocrine Associates; Memorial Sloan Kettering Cancer Center,"NewYork–Presbyterian Hospital; The Ohio State University; Burroughs Wellcome Fund; University Hospital Regensburg; Brigham and Women's Hospital; Fox Chase Cancer Center; Dana-Farber Cancer Institute; Whitehead Institute for Biomedical Research; National Institute of Mental Health and Neurosciences; Miami Heart Research Institute; DNAnexus (United States); North Shore University Hospital; European Molecular Biology Laboratory; Massachusetts General Hospital; Cornell University; University of California, Irvine; MIND Research Institute; Louisiana State University System; Hackensack University Medical Center; University of Helsinki; Pacific Northwest National Laboratory; University of Divinity; Albany Medical Center Hospital; Oregon Health & Science University; Hospital Universitario Miguel Servet; National Institutes of Health; Seattle Cancer Care Alliance; Salk Institute for Biological Studies; Sheffield Teaching Hospitals NHS Foundation Trust; University of Miami; Heidelberg University; Howard Hughes Medical Institute; Western Illinois University; University of Pikeville; Wellcome Trust; Sarcoma Oncology Center; Universitätsmedizin Greifswald; Novartis (Switzerland); Orlando Health; Genesys (United States); Singer (United States); The University of Texas MD Anderson Cancer Center; Connective Tissue Oncology Society; Columbia University; Woman's Hospital; University of Washington; Hospital Universitario Virgen del Rocío; Kettering University; October 6 University; Fred Hutch Cancer Center; American Society of Safety Professionals; Research Triangle Park Foundation; University of Turku; Harvard University Press; Johns Hopkins Hospital; The University of Texas Southwestern Medical Center; University of California, Irvine Medical Center; Pennington Biomedical Research Center; Massachusetts Institute of Technology; UCSF Helen Diller Family Comprehensive Cancer Center; USA Mitchell Cancer Institute; Mount Sinai Medical Center; IIT@MIT; The Netherlands Cancer Institute; University of Nebraska Medical Center; New York Proton Center; University of South Alabama; Beth Israel Deaconess Medical Center; University Hospital Heidelberg; Duke Medical Center; Levine Cancer Institute; Dana-Farber Brigham Cancer Center; Lindenhofspital; New York University; Nationwide Children's Hospital; Harvard University; Rockefeller University; Heidelberg University; University of California, San Francisco; New York Hospital Queens",0000-0001-9713-8230,,
https://openalex.org/A5090895067,Bettina Wolf-Mueller,https://openalex.org/I205783295,Cornell University,1991,1993,https://openalex.org/I205783295,1991,1993,Cornell University,,,,
https://openalex.org/A5023243341,Charlotte Rosen,https://openalex.org/I205783295,Cornell University,1990,1990,https://openalex.org/I205783295,1990,1990,Cornell University,,,,
https://openalex.org/A5036120799,Molly Doruska,https://openalex.org/I205783295,Cornell University,2023,2023,https://openalex.org/I205783295,2023,2023,,Cornell University,,,
https://openalex.org/A5061349039,D. W. Roberts,https://openalex.org/I205783295,Cornell University,1983,1983,https://openalex.org/I205783295,1983,1983,,Cornell University,,,
https://openalex.org/A5056559916,Frank D. Miller,https://openalex.org/I205783295,Cornell University,1987,1987,https://openalex.org/I205783295,1987,1987,,Cornell University; National Institutes of Health; U.S. National Science Foundation; University of South Dakota; Sewanee: The University of the South,,,
https://openalex.org/A5106036522,Bruce R. Johnson,https://openalex.org/I205783295,Cornell University,1987,2024,https://openalex.org/I205783295,1987,2024,University of Tasmania,Marine Biological Laboratory; Emory University; University of Copenhagen; Cornell University; University of Massachusetts Amherst,0009-0001-7509-7711,,
https://openalex.org/A5067223060,Joel Colker,https://openalex.org/I205783295,Cornell University,1968,1968,https://openalex.org/I205783295,1968,1968,Berkshire Medical Center,Cornell University,,,
https://openalex.org/A5060518369,Charlotte Cunningham-Rundles,https://openalex.org/I205783295,Cornell University,1983,1983,https://openalex.org/I205783295,1983,1983,Icahn School of Medicine at Mount Sinai,Mount Sinai Hospital; Mount Sinai Hospital; Memorial Hospital; Cornell University; Mount Sinai Medical Center; Memorial Sloan Kettering Cancer Center; University Medical Center; New York University; Hospital for Special Surgery,,,
https://openalex.org/A5068278242,Deyue Yan,https://openalex.org/I205783295,Cornell University,2010,2010,https://openalex.org/I205783295,2010,2010,Shanghai Jiao Tong University,Ruijin Hospital; University of Sussex; Chongqing University; Shanghai Research Institute of Materials; In-Q-Tel; Tongji University; Hangzhou Normal University; Huzhou University; Lanzhou University; Soochow University; Nanjing Normal University; East China Normal University; East China University of Science and Technology; GTx (United States); State Key Laboratory of Chemical Engineering; Fudan University; KU Leuven; State Key Laboratory of Metal Matrix Composites; Wuhan University; Renji Hospital; Drexel University; Cornell University; Metal Matrix Cast Composites (United States); Jiangsu University; Johannes Gutenberg University Mainz; State Council of the People's Republic of China,,,
https://openalex.org/A5108536786,J. Gregory Mears,https://openalex.org/I205783295,Cornell University,1998,1998,https://openalex.org/I205783295,1998,1998,Columbia University Irving Medical Center,Yeshiva University; Indiana University – Purdue University Indianapolis; Indiana University School of Medicine; Columbia University; New York Hospital Queens; Cornell University; Albert Einstein College of Medicine; NewYork–Presbyterian Hospital; Cancer Research Center,,,
https://openalex.org/A5027921001,Matthew Dygert,https://openalex.org/I205783295,Cornell University,1969,1969,https://openalex.org/I205783295,1969,1969,Ames National Laboratory; University of Missouri; Iowa State University,Cornell University,,,
https://openalex.org/A5048545376,Bernd J. Schmitz‐Dräger,https://openalex.org/I205783295,Cornell University,1993,1993,https://openalex.org/I205783295,1993,1993,Klinikum Fürth; Friedrich-Alexander-Universität Erlangen-Nürnberg,"Bridgepoint (Germany); Krankenhaus Barmherzige Brüder; Medizinisches Versorgungszentrum Prof. Mathey, Prof. Schofer; Universitätsklinikum Erlangen; Deutsche Gesellschaft für Urologie; The University of Texas MD Anderson Cancer Center; University of Würzburg; Schön Klinik Nürnberg Fürth; Nuremberg Hospital; Ospedale di Bolzano; Deutsche Nationalbibliothek; Essen University Hospital; Euromedic; Université Laval; Comprehensive Cancer Center Erlangen; Cornell University; Memorial Sloan Kettering Cancer Center; Novartis (Germany); Georg Simon Ohm University of Applied Sciences Nuremberg; Malteser Waldkrankenhaus Erlangen; University of Michigan; Klinik und Poliklinik für Urologie; The Honourable Society of Lincoln's Inn; Düsseldorf University Hospital; Berlin Heart (Germany); University of Stuttgart; University of Ferrara; Freie Universität Berlin; Heinrich Heine University Düsseldorf",0000-0002-4004-1857,,
https://openalex.org/A5108466128,Shian Zhou,https://openalex.org/I205783295,Cornell University,2005,2007,https://openalex.org/I205783295,2005,2007,,Cornell University,,,
https://openalex.org/A5019381158,Debora D. Mayer,https://openalex.org/I205783295,Cornell University,1990,1990,https://openalex.org/I205783295,1990,1990,Harvard University Press,Cornell University,0000-0001-8241-0625,,
https://openalex.org/A5007672237,R C Johnson,https://openalex.org/I205783295,Cornell University,1988,1988,https://openalex.org/I205783295,1988,1988,,New York State College of Veterinary Medicine; Cornell University,0009-0000-9028-725X,,
https://openalex.org/A5044165501,P. Rowland,https://openalex.org/I205783295,Cornell University,1991,2000,https://openalex.org/I205783295,1991,2000,Children's of Alabama,University of Alabama at Birmingham; Salford Royal Hospital; Emory University; Cornell University; New York State College of Veterinary Medicine; University of Wisconsin–Madison,,,
