author_id,name,institution_id,institution_name,year_start,year_end,orcid,closest_hospital,hospital_lat,hospital_lon,distance_km,date_of_birth,date_of_death,ORCID,loc_id,affiliation,q_id,total_works,total_citations,inst_type,appoint_len,appt_dropped_by_inst_type,appoint_len_w,winsorized_appointment,perfect_overlap,partial_overlap_kept,partial_overlap_author,perfect_overlap_author,lifespan,earliest_start,latest_end,age_first_pub,latest_end_adj,time_from_last_pub,bad_age_first_pub,bad_lifespan
https://openalex.org/A5087235686,Gregory Ahmann,https://openalex.org/I4210125099,Mayo Clinic in Arizona,1994,2024,,SELECT SPECIALTY HOSPITAL ARIZONA INC.,33.488841296,-111.923228054,3.187864890097333,,,,,,Q114300396,112,5653,healthcare,30,1,30,False,0,0,0,0,,1994,2024,,2024.0,,0,0
https://openalex.org/A5058776012,John Parry,https://openalex.org/I4210089966,London School of Hygiene & Tropical Medicine,2009,2023,0000-0002-0190-1121,,,,,1776.0,1851.0,,n82225851,,Q3399352,191,11223,education,14,1,14,False,0,0,0,0,75.0,1966,2023,,1851.0,0.0,1,0
https://openalex.org/A5058776012,John Parry,https://openalex.org/I136199984,Harvard University,1966,1990,0000-0002-0190-1121,SPAULDING HOSPITAL FOR CONTINUING MED CARE CAMBRIDGE,42.3753221040001,-71.106943456,0.1122862784625716,1776.0,1851.0,,n82225851,,Q3399352,191,11223,education,24,1,24,False,0,0,0,0,75.0,1966,2023,,1851.0,0.0,1,0
https://openalex.org/A5042596874,Edward C. Halperin,https://openalex.org/I4210153043,Duke University Hospital,1985,2007,0000-0002-0849-5576,DUKE UNIVERSITY HOSPITAL,36.0070497990001,-78.937758112,3.8068183114717904,,,0000-0002-0849-5576,n88087662,New York Medical College,Q54010421,286,7692,healthcare,22,0,22,False,0,1,1,1,,1985,2022,,2022.0,,0,0
https://openalex.org/A5042596874,Edward C. Halperin,https://openalex.org/I181190671,New York Medical College,2012,2022,0000-0002-0849-5576,BLYTHEDALE CHILDREN'S HOSPITAL,41.0748475410001,-73.799972237,2.082287959887088,,,0000-0002-0849-5576,n88087662,New York Medical College,Q54010421,286,7692,education,10,0,10,False,0,0,1,1,,1985,2022,,2022.0,,0,0
https://openalex.org/A5022617269,Thomas P. Sculco,https://openalex.org/I1281539108,Hospital for Special Surgery,1982,2025,0000-0001-6662-5570,NEW YORK-PRESBYTERIAN/LOWER MANHATTAN HOSPITAL,40.7105167880001,-74.0052978259999,0.4212931995566836,,,,,Hospital for Special Surgery,Q100308020,456,16077,healthcare,43,0,43,False,0,0,1,0,,1982,2025,,2025.0,,0,0
https://openalex.org/A5036388273,Nancy J. Cox,https://openalex.org/I114027177,University of North Carolina at Chapel Hill,2014,2025,0000-0001-9315-0830,UNIVERSITY OF NORTH CAROLINA HOSPITALS,35.9045427030001,-79.049689229,1.110654999538604,,,0000-0001-9315-0830,,Vanderbilt University,Q67954217,1052,124161,education,11,1,11,False,0,1,1,1,,1959,2025,,2025.0,,0,0
https://openalex.org/A5036388273,Nancy J. Cox,https://openalex.org/I1327163397,State University of New York,1959,2012,0000-0001-9315-0830,VA MEDICAL CENTER - ALBANY STRATTON,42.6508081800001,-73.771944595,1.299934220282715,,,0000-0001-9315-0830,,Vanderbilt University,Q67954217,1052,124161,education,53,1,50,True,0,0,1,1,,1959,2025,,2025.0,,0,0
https://openalex.org/A5016514829,Caleb K. Charny,https://openalex.org/I145311948,Johns Hopkins University,1986,2005,,MERCY MEDICAL CENTER,39.2929215520001,-76.612884233,0.2888536563113657,,,,,,,18,902,education,19,0,19,False,0,1,0,1,,1986,2005,,2005.0,,0,0
https://openalex.org/A5024657765,Paul Vincelli,https://openalex.org/I143302722,University of Kentucky,1990,2023,0000-0001-9715-7415,THE RIDGE BEHAVIORAL HEALTH SYSTEM,38.004793652,-84.442405521,3.575428223306055,,,,,,,83,1740,education,33,1,33,False,0,0,0,0,,1990,2023,,2023.0,,0,0
https://openalex.org/A5080142967,J. W. Serene,https://openalex.org/I205783295,Cornell University,1974,1980,0000-0002-3233-2531,CAYUGA MEDICAL CENTER,42.4689850720001,-76.537484161,4.602820788088144,1947.0,2021.0,0000-0002-3233-2531,,Yale University,Q74538351,56,2779,education,6,1,6,False,0,0,0,0,74.0,1974,2002,27.0,2002.0,19.0,0,0
https://openalex.org/A5080142967,J. W. Serene,https://openalex.org/I184565670,Georgetown University,1994,2002,0000-0002-3233-2531,GEORGE WASHINGTON UNIVERSITY HOSPITAL,38.901319008,-77.050636676,1.4145520858451976,1947.0,2021.0,0000-0002-3233-2531,,Yale University,Q74538351,56,2779,education,8,1,8,False,0,0,0,0,74.0,1974,2002,27.0,2002.0,19.0,0,0
https://openalex.org/A5110146423,Marian B. Meyers,https://openalex.org/I129975664,Albert Einstein College of Medicine,1980,1999,,MONTEFIORE MED CENTER - JACK D WEILER HOSP OF A EINSTEIN COLLEGE DIV,40.8498892050001,-73.845890219,1.725880782221752,1954.0,,,n96068961,,Q93221450,44,3808,education,19,0,19,False,0,0,1,0,,1980,1999,26.0,1999.0,,0,0
https://openalex.org/A5110235364,Melanie Marshall,https://openalex.org/I183935753,King's College London,2001,2017,,,,,,1982.0,,,,,Q273725,36,416,education,16,0,16,False,0,0,1,0,,2001,2017,19.0,2017.0,,0,0
https://openalex.org/A5080713924,Kety Huberman,https://openalex.org/I1334819555,Memorial Sloan Kettering Cancer Center,2010,2025,0000-0001-8394-7010,NEW YORK-PRESBYTERIAN/LOWER MANHATTAN HOSPITAL,40.7105167880001,-74.0052978259999,0.4212931995566836,,,,,,,72,7984,healthcare,15,1,15,False,0,0,0,0,,2010,2025,,2025.0,,0,0
https://openalex.org/A5026043009,Jens H. Bardarson,https://openalex.org/I86987016,KTH Royal Institute of Technology,2017,2025,0000-0003-3328-8525,,,,,,,,,,,142,7470,education,8,1,8,False,0,0,0,0,,2017,2025,,2025.0,,0,0
https://openalex.org/A5020150254,David N. Bunck,https://openalex.org/I205783295,Cornell University,2012,2018,0000-0002-6246-9846,CAYUGA MEDICAL CENTER,42.4689850720001,-76.537484161,4.602820788088144,,,0000-0002-6246-9846,,,Q83256275,28,1338,education,6,0,6,False,0,0,0,0,,2012,2018,,2018.0,,0,0
https://openalex.org/A5103278465,Gurpreet Singh,https://openalex.org/I79161377,Punjabi University,2016,2023,0000-0002-4354-269X,,,,,,,0000-0002-4354-269X,,Weill Cornell Medicine,Q50568364,41,848,education,7,0,7,False,0,0,1,0,,2016,2023,,2023.0,,0,0
https://openalex.org/A5037852998,Nathaniel A. Lynd,https://openalex.org/I86519309,The University of Texas at Austin,2014,2025,0000-0003-3010-5068,HEALTHSOUTH REHABILITATION HOSPITAL OF AUSTIN,30.2731283970001,-97.734112941,1.0863629860892785,,,0000-0003-3010-5068,,University of Texas at Austin,Q88675939,171,7274,education,11,0,11,False,0,1,0,0,,2008,2025,,2025.0,,0,0
https://openalex.org/A5037852998,Nathaniel A. Lynd,https://openalex.org/I154570441,"University of California, Santa Barbara",2008,2017,0000-0003-3010-5068,SANTA BARBARA COTTAGE HOSPITAL,34.429466689,-119.723809039,2.5384727841850334,,,0000-0003-3010-5068,,University of Texas at Austin,Q88675939,171,7274,education,9,0,9,False,0,1,0,0,,2008,2025,,2025.0,,0,0
https://openalex.org/A5114163117,Lian‐Pin Hwang,https://openalex.org/I16733864,National Taiwan University,1982,2018,,,,,,,,,,,,91,2178,education,36,1,36,False,0,0,1,0,,1982,2018,,2018.0,,0,0
https://openalex.org/A5103472574,Anthony C. Santucci,https://openalex.org/I30002821,Manhattanville College,1995,2010,,NEW YORK PRESBYTERIAN HOSPITAL - WESTCHESTER DIVISION,41.0275795110001,-73.7539098829999,3.618239812945633,,,,,,,36,1067,education,15,0,15,False,0,0,1,0,,1995,2010,,2010.0,,0,0
https://openalex.org/A5027512600,Jean‐Michel Chardigny,https://openalex.org/I177064439,Université de Bourgogne,2003,2013,0000-0001-5446-6517,,,,,1961.0,,0000-0001-5446-6517,,National Institute for Agricultural Research,Q42774511,373,6036,education,10,1,10,False,0,0,1,0,,2003,2013,42.0,2013.0,,0,0
https://openalex.org/A5088104477,A. Mareno,https://openalex.org/I130769515,Pennsylvania State University,2008,2021,0000-0002-8249-6753,MOUNT NITTANY MEDICAL CENTER,40.8185483410001,-77.842589845,3.158028882678651,,,,,,,18,94,education,13,0,13,False,0,0,1,0,,2008,2021,,2021.0,,0,0
https://openalex.org/A5062569186,Maryam M. Shanechi,https://openalex.org/I1174212,University of Southern California,2014,2025,0000-0002-0544-7720,LOS ANGELES AMBULATORY CARE CENTER,34.052015037,-118.238420471,0.4851399769279164,,,0000-0002-0544-7720,,,Q88892132,113,3260,education,11,0,11,False,0,0,1,0,,1997,2025,,2025.0,,0,0
https://openalex.org/A5062569186,Maryam M. Shanechi,https://openalex.org/I63966007,Massachusetts Institute of Technology,1997,2013,0000-0002-0544-7720,SPAULDING HOSPITAL FOR CONTINUING MED CARE CAMBRIDGE,42.3753221040001,-71.106943456,0.1122862784625716,,,0000-0002-0544-7720,,,Q88892132,113,3260,education,16,0,16,False,0,0,1,0,,1997,2025,,2025.0,,0,0
https://openalex.org/A5020050163,Chen Hui Zhang,https://openalex.org/I99065089,Tsinghua University,2011,2022,,,,,,,,,,,Q16075750,5,100,education,11,0,11,False,0,0,0,0,,2011,2022,,2022.0,,0,0
https://openalex.org/A5018246309,M. A. G. Maia,https://openalex.org/I122140584,Universidade Federal do Rio de Janeiro,2003,2013,0000-0001-9856-9307,,,,,,,0000-0001-9856-9307,,,Q113543979,381,38529,education,10,1,10,False,0,0,0,0,,2003,2013,,2013.0,,0,0
https://openalex.org/A5016836431,Muhammad I. Qureshi,https://openalex.org/I28022161,King Saud University,1986,2012,0000-0002-0661-4156,,,,,,,0000-0001-5700-115X,,,Q59994661,37,119,education,26,0,26,False,0,0,0,0,,1986,2024,,2024.0,,0,0
https://openalex.org/A5016836431,Muhammad I. Qureshi,https://openalex.org/I59475050,Jamia Millia Islamia,2014,2024,0000-0002-0661-4156,,,,,,,0000-0001-5700-115X,,,Q59994661,37,119,education,10,0,10,False,0,0,0,0,,1986,2024,,2024.0,,0,0
https://openalex.org/A5079171948,Ulrich Schörken,https://openalex.org/I102520234,TH Köln - University of Applied Sciences,2014,2024,0000-0003-3471-7651,,,,,,,,,,,43,1507,education,10,1,10,False,0,0,1,0,,2014,2024,,2024.0,,0,0
https://openalex.org/A5063580634,Qingzhong Ma,https://openalex.org/I36053171,"California State University, Chico",2009,2024,0000-0002-4925-9596,ENLOE MEDICAL CENTER- ESPLANADE CAMPUS,39.741827593,-121.850394338,1.8492158284114253,,,0000-0001-7527-4266,,,Q59914542,45,391,education,15,0,15,False,0,0,0,0,,2009,2024,,2024.0,,0,0
https://openalex.org/A5111467230,Howard Kaufman,https://openalex.org/I165799507,Rensselaer Polytechnic Institute,1971,1998,,THE BURDETT CARE CENTER,42.733357751,-73.672666077,1.655930997815072,,,0000-0003-1131-004X,n2004012841,Columbia University,Q71050602,87,1726,education,27,0,27,False,0,0,0,0,,1971,1998,,1998.0,,0,0
https://openalex.org/A5003221932,Yaron Kanza,https://openalex.org/I174306211,Technion – Israel Institute of Technology,2008,2014,0000-0001-6056-595X,,,,,,,,,,Q102311696,117,2037,education,6,1,6,False,0,0,0,0,,2008,2014,,2014.0,,0,0
https://openalex.org/A5014069871,Hermann Burr,https://openalex.org/I96424156,Federal Institute for Occupational Safety and Health,2011,2025,0000-0002-3864-6347,,,,,,,0000-0002-3864-6347,,Federal Institute for Occupational Safety and Health,Q90046370,225,12622,healthcare,14,1,14,False,0,1,1,0,,2006,2025,,2025.0,,0,0
https://openalex.org/A5014069871,Hermann Burr,https://openalex.org/I205783295,Cornell University,2006,2012,0000-0002-3864-6347,CAYUGA MEDICAL CENTER,42.4689850720001,-76.537484161,4.602820788088144,,,0000-0002-3864-6347,,Federal Institute for Occupational Safety and Health,Q90046370,225,12622,education,6,1,6,False,0,1,1,0,,2006,2025,,2025.0,,0,0
https://openalex.org/A5014541330,Guo Lin,https://openalex.org/I205783295,Cornell University,2003,2009,0000-0003-3390-5570,CAYUGA MEDICAL CENTER,42.4689850720001,-76.537484161,4.602820788088144,1972.0,,,,,Q1027050,206,5849,education,6,1,6,False,0,1,1,1,,2003,2024,31.0,2024.0,,0,0
https://openalex.org/A5014541330,Guo Lin,https://openalex.org/I82880672,Beihang University,2007,2024,0000-0003-3390-5570,,,,,1972.0,,,,,Q1027050,206,5849,education,17,1,17,False,0,1,1,1,,2003,2024,31.0,2024.0,,0,0
https://openalex.org/A5018819061,Anandarup Goswami,https://openalex.org/I102322142,"Rutgers, The State University of New Jersey",2012,2024,0000-0003-4696-8247,CHILDREN'S SPECIALIZED HOSPITAL,40.494825098,-74.451690392,0.9569060123417374,,,0000-0003-4696-8247,,,Q62606461,70,9184,education,12,1,12,False,0,0,1,0,,2012,2024,,2024.0,,0,0
https://openalex.org/A5059580739,Walter Galenson,https://openalex.org/I95457486,"University of California, Berkeley",1954,1965,,ALTA BATES SUMMIT MED CTR-HERRICK CAMPUS,37.8644118560001,-122.268577616,0.8781923132251,1914.0,1999.0,,n50015491,Harvard University,Q7964914,206,2101,education,11,0,11,False,0,0,1,0,85.0,1954,2000,40.0,1999.0,0.0,0,0
https://openalex.org/A5059580739,Walter Galenson,https://openalex.org/I205783295,Cornell University,1967,2000,,CAYUGA MEDICAL CENTER,42.4689850720001,-76.537484161,4.602820788088144,1914.0,1999.0,,n50015491,Harvard University,Q7964914,206,2101,education,33,0,33,False,0,0,1,0,85.0,1954,2000,40.0,1999.0,0.0,0,0
https://openalex.org/A5008757930,Austen Te,https://openalex.org/I205783295,Cornell University,2016,2025,0000-0002-4207-8469,CAYUGA MEDICAL CENTER,42.4689850720001,-76.537484161,4.602820788088144,,,,,,,5,112,education,9,0,9,False,0,0,0,0,,2016,2025,,2025.0,,0,0
https://openalex.org/A5110033908,Jeffrey A. Hagen,https://openalex.org/I1174212,University of Southern California,1992,2019,,LOS ANGELES AMBULATORY CARE CENTER,34.052015037,-118.238420471,0.4851399769279164,,,,,,,234,12186,education,27,0,27,False,0,0,1,0,,1992,2019,,2019.0,,0,0
https://openalex.org/A5010927128,Speranza Rubattu,https://openalex.org/I3018288129,Istituto Neurologico Mediterraneo,1985,2025,0000-0001-5921-7368,,,,,,,0000-0001-5921-7368,,Sapienza University of Rome,Q42806790,176,4722,healthcare,40,0,40,False,0,0,1,0,,1985,2025,,2025.0,,0,0
https://openalex.org/A5112080210,W. Robeson,https://openalex.org/I2800496781,North Shore University Hospital,1986,2012,,NORTH SHORE UNIVERSITY HOSPITAL,40.7776359200001,-73.701610944,0.0102494352933781,,,,,,,37,1693,healthcare,26,1,26,False,0,0,1,0,,1986,2012,,2012.0,,0,0
https://openalex.org/A5112817943,Jorge H. Capdevila,https://openalex.org/I200719446,Vanderbilt University,1986,2025,,METROPOLITAN NASHVILLE GENERAL HOSPITAL,36.166906969,-86.80656112,1.9889945155026283,,,,,,Q124714558,279,13583,education,39,1,39,False,0,0,1,0,,1986,2025,,2025.0,,0,0
https://openalex.org/A5007198397,Mario Sznol,https://openalex.org/I32971472,Yale University,2005,2025,0000-0002-4359-8749,YALE-NEW HAVEN HOSPITAL,41.30469134,-72.9354136589999,0.7176389367718299,,,0000-0003-4137-9662,,Yale Cancer Center,Q66809426,538,68104,education,20,1,20,False,0,0,1,0,,2005,2025,,2025.0,,0,0
https://openalex.org/A5088452202,Ruth Schwartz,https://openalex.org/I36258959,"University of California, San Diego",2006,2023,0000-0001-8448-8522,NAVAL MEDICAL CENTER SAN DIEGO,32.7275202280001,-117.145937292,2.1936292796024657,,,0000-0001-8448-8522,,,Q95950992,64,1667,education,17,1,17,False,0,0,0,0,,1974,2023,,2023.0,,0,0
https://openalex.org/A5088452202,Ruth Schwartz,https://openalex.org/I205783295,Cornell University,1974,1992,0000-0001-8448-8522,CAYUGA MEDICAL CENTER,42.4689850720001,-76.537484161,4.602820788088144,,,0000-0001-8448-8522,,,Q95950992,64,1667,education,18,1,18,False,0,0,0,0,,1974,2023,,2023.0,,0,0
https://openalex.org/A5048113506,James E. Haber,https://openalex.org/I6902469,Brandeis University,1972,2025,0000-0002-1878-0610,"WALDEN BEHAVIORAL CARE, LLC",42.3693015160001,-71.2494454599999,1.3895211212059535,,,0000-0002-1878-0610,,Brandeis University,Q37373309,693,86479,education,53,1,50,True,0,0,1,0,,1972,2025,,2025.0,,0,0
https://openalex.org/A5038376885,Joe Ensor,https://openalex.org/I1295876152,Houston Methodist,2006,2023,0000-0003-3533-4388,ST. JOSEPH MEDICAL CENTER,29.7481161270001,-95.366148139,1.7089215558991018,,,0000-0003-3533-4388,,The University of Texas MD Anderson Cancer Center,Q40421901,274,8953,healthcare,17,1,17,False,0,0,1,0,,2006,2023,,2023.0,,0,0
https://openalex.org/A5010101804,E. Jensen,https://openalex.org/I6902469,Brandeis University,1989,2000,,"WALDEN BEHAVIORAL CARE, LLC",42.3693015160001,-71.2494454599999,1.3895211212059535,1920.0,2012.0,,n2012078704,University of Chicago,Q264842,26,2505,education,11,0,11,False,0,0,0,0,92.0,1989,2000,,2000.0,12.0,1,0
https://openalex.org/A5022468718,Sabyasachi Dash,https://openalex.org/I205783295,Cornell University,2019,2025,0000-0003-3966-9396,CAYUGA MEDICAL CENTER,42.4689850720001,-76.537484161,4.602820788088144,,,0000-0003-3966-9396,,Alexion Pharmaceuticals,Q96002375,36,2181,education,6,0,6,False,0,1,1,1,,2013,2025,,2025.0,,0,0
https://openalex.org/A5022468718,Sabyasachi Dash,https://openalex.org/I67357951,KIIT University,2013,2022,0000-0003-3966-9396,,,,,,,0000-0003-3966-9396,,Alexion Pharmaceuticals,Q96002375,36,2181,education,9,0,9,False,0,1,1,1,,2013,2025,,2025.0,,0,0
https://openalex.org/A5008842861,Goudarz Molaei,https://openalex.org/I32971472,Yale University,2016,2025,0000-0002-1520-5573,YALE-NEW HAVEN HOSPITAL,41.30469134,-72.9354136589999,0.7176389367718299,,,0000-0002-1520-5573,,,Q91003201,63,2621,education,9,1,9,False,0,0,0,0,,2016,2025,,2025.0,,0,0
https://openalex.org/A5026215612,Adam Seth Litwin,https://openalex.org/I205783295,Cornell University,2009,2024,0000-0003-3130-814X,CAYUGA MEDICAL CENTER,42.4689850720001,-76.537484161,4.602820788088144,,,0000-0003-3130-814X,,Cornell University,Q134586151,48,387,education,15,0,15,False,0,0,1,0,,2009,2024,,2024.0,,0,0
https://openalex.org/A5070280247,Amnon Koren,https://openalex.org/I136199984,Harvard University,2012,2021,0000-0002-7144-2602,SPAULDING HOSPITAL FOR CONTINUING MED CARE CAMBRIDGE,42.3753221040001,-71.106943456,0.1122862784625716,,,0000-0002-7144-2602,,,Q92062309,108,10211,education,9,0,9,False,0,0,1,0,,2012,2021,,2021.0,,0,0
https://openalex.org/A5071828019,Noam Zuela-Sopilniak,https://openalex.org/I205783295,Cornell University,2019,2025,0000-0001-6324-1184,CAYUGA MEDICAL CENTER,42.4689850720001,-76.537484161,4.602820788088144,,,,,,,22,396,education,6,0,6,False,0,1,0,0,,2012,2025,,2025.0,,0,0
https://openalex.org/A5071828019,Noam Zuela-Sopilniak,https://openalex.org/I197251160,Hebrew University of Jerusalem,2012,2020,0000-0001-6324-1184,,,,,,,,,,,22,396,education,8,0,8,False,0,1,0,0,,2012,2025,,2025.0,,0,0
https://openalex.org/A5110013684,Kai Krohn,https://openalex.org/I2800394112,Helsinki University Hospital,1971,2024,,,,,,1936.0,2023.0,,,,Q16300117,241,10683,healthcare,53,1,50,True,0,0,1,0,87.0,1971,2024,35.0,2023.0,0.0,0,0
https://openalex.org/A5032903376,Hillel W. Cohen,https://openalex.org/I129975664,Albert Einstein College of Medicine,1988,2025,0000-0002-4524-0898,MONTEFIORE MED CENTER - JACK D WEILER HOSP OF A EINSTEIN COLLEGE DIV,40.8498892050001,-73.845890219,1.725880782221752,2000.0,,0000-0002-4524-0898,,Albert Einstein College of Medicine,Q37379695,353,12914,education,37,1,37,False,0,0,1,0,,1988,2025,,2025.0,,1,0
https://openalex.org/A5104436170,Darrell J. R. Evans,https://openalex.org/I79510175,Cardiff University,1999,2016,0000-0001-9425-6303,,,,,,,0000-0001-9425-6303,,University of Newcastle,Q91833376,113,4922,education,17,0,17,False,0,1,1,0,,1999,2022,,2022.0,,0,0
https://openalex.org/A5104436170,Darrell J. R. Evans,https://openalex.org/I56590836,Monash University,2013,2022,0000-0001-9425-6303,,,,,,,0000-0001-9425-6303,,University of Newcastle,Q91833376,113,4922,education,9,0,9,False,0,1,1,0,,1999,2022,,2022.0,,0,0
https://openalex.org/A5073663465,Eun‐Sook Cho,https://openalex.org/I102322142,"Rutgers, The State University of New Jersey",1979,2009,,CHILDREN'S SPECIALIZED HOSPITAL,40.494825098,-74.451690392,0.9569060123417374,,,,,,,9,3158,education,30,0,30,False,0,1,1,1,,1979,2009,,2009.0,,0,0
https://openalex.org/A5076910530,ALEXANDER MOVSHOVICH,https://openalex.org/I205783295,Cornell University,1992,2002,,CAYUGA MEDICAL CENTER,42.4689850720001,-76.537484161,4.602820788088144,,,,,,,7,76,education,10,0,10,False,0,0,0,0,,1992,2002,,2002.0,,0,0
https://openalex.org/A5081572371,Robert S. Waldbaum,https://openalex.org/I2800496781,North Shore University Hospital,1973,2000,,NORTH SHORE UNIVERSITY HOSPITAL,40.7776359200001,-73.701610944,0.0102494352933781,,,,,,Q100308983,33,851,healthcare,27,0,27,False,0,0,1,0,,1973,2000,,2000.0,,0,0
https://openalex.org/A5052839343,Jinendra K. Ranka,https://openalex.org/I205783295,Cornell University,1995,2002,,CAYUGA MEDICAL CENTER,42.4689850720001,-76.537484161,4.602820788088144,,,,,,,42,8201,education,7,0,7,False,0,0,0,0,,1995,2002,,2002.0,,0,0
https://openalex.org/A5108750396,D. Schreiber,https://openalex.org/I20089843,Princeton University,1979,1986,,MERWICK REHABILITATION HOSPITAL AND NURSING CARE CENTER,40.3528112230001,-74.6663108129999,0.7652032342540844,,,,,,,67,2116,education,7,0,7,False,0,0,0,0,,1969,2015,,2015.0,,0,0
https://openalex.org/A5108750396,D. Schreiber,https://openalex.org/I16391192,Tel Aviv University,1987,2015,,,,,,,,,,,,67,2116,education,28,0,28,False,0,0,0,0,,1969,2015,,2015.0,,0,0
https://openalex.org/A5108750396,D. Schreiber,https://openalex.org/I39422238,University of Illinois Chicago,1969,1975,,MERCY HOSPITAL AND MEDICAL CENTER,41.8468895830001,-87.621491598,2.3911404464142096,,,,,,,67,2116,education,6,0,6,False,0,0,0,0,,1969,2015,,2015.0,,0,0
https://openalex.org/A5108517986,David H. Wahl,https://openalex.org/I205783295,Cornell University,1981,2024,,CAYUGA MEDICAL CENTER,42.4689850720001,-76.537484161,4.602820788088144,,,,,,Q121604826,351,8456,education,43,1,43,False,0,0,1,0,,1981,2024,,2024.0,,0,0
https://openalex.org/A5021181658,Daniela Nguyen,https://openalex.org/I205783295,Cornell University,2005,2011,,CAYUGA MEDICAL CENTER,42.4689850720001,-76.537484161,4.602820788088144,,,,,,,5,141,education,6,0,6,False,0,0,0,0,,2005,2011,,2011.0,,0,0
https://openalex.org/A5026169690,Lu Bai,https://openalex.org/I205783295,Cornell University,2004,2010,0000-0003-3667-2944,CAYUGA MEDICAL CENTER,42.4689850720001,-76.537484161,4.602820788088144,,,0000-0003-3667-2944,,,Q88169694,103,3385,education,6,0,6,False,0,0,1,0,,2004,2025,,2025.0,,0,0
https://openalex.org/A5026169690,Lu Bai,https://openalex.org/I130769515,Pennsylvania State University,2013,2025,0000-0003-3667-2944,MOUNT NITTANY MEDICAL CENTER,40.8185483410001,-77.842589845,3.158028882678651,,,0000-0003-3667-2944,,,Q88169694,103,3385,education,12,0,12,False,0,0,1,0,,2004,2025,,2025.0,,0,0
https://openalex.org/A5040635912,Kevin Yeskey,https://openalex.org/I148314036,Uniformed Services University of the Health Sciences,1992,2015,,SUBURBAN HOSPITAL,38.997402483,-77.110318402,2.053641188149969,,,,,,,29,1254,education,23,0,23,False,0,0,0,0,,1992,2015,,2015.0,,0,0
https://openalex.org/A5059033237,Kevin Karplus,https://openalex.org/I185103710,"University of California, Santa Cruz",1990,2023,,DOMINICAN HOSPITAL-SANTA CRUZ/FREDERICK,36.9797036090001,-122.00330953,2.519659799610235,1954.0,,,,"University of California, Santa Cruz",Q6396653,103,25496,education,33,0,33,False,0,0,0,0,,1990,2023,36.0,2023.0,,0,0
https://openalex.org/A5032087217,Jacquelyn M. Evans,https://openalex.org/I8078737,Clemson University,2015,2022,0000-0003-1272-0059,GHS OCONEE MEMORIAL HOSPITAL,34.6955306900001,-82.98721979,13.7663699357621,,,0000-0003-1272-0059,,,Q99347501,26,266,education,7,1,7,False,0,0,0,0,,2015,2022,,2022.0,,0,0
https://openalex.org/A5066831235,Kévin Baudry,https://openalex.org/I277688954,Université Paris-Saclay,2017,2024,0000-0001-5680-9931,,,,,,,,,,,14,185,education,7,1,7,False,0,1,0,1,,2017,2024,,2024.0,,0,0
https://openalex.org/A5009602317,Hiroyuki Suzuki,https://openalex.org/I104946051,Nihon University,1969,2024,0000-0003-4600-2506,,,,,,,0000-0003-4600-2506,,,Q55069578,273,4101,education,55,1,50,True,0,0,1,0,,1969,2024,,2024.0,,0,0
https://openalex.org/A5112044233,Jerry M. Rivers,https://openalex.org/I205783295,Cornell University,1965,1991,,CAYUGA MEDICAL CENTER,42.4689850720001,-76.537484161,4.602820788088144,1928.0,1996.0,,no98051862,,Q6184327,29,911,education,26,0,26,False,0,0,0,0,68.0,1965,1991,37.0,1991.0,5.0,0,0
https://openalex.org/A5052440884,A. H. Schatz,https://openalex.org/I205783295,Cornell University,1969,2012,,CAYUGA MEDICAL CENTER,42.4689850720001,-76.537484161,4.602820788088144,,1853.0,,,,Q12300594,74,5516,education,43,0,43,False,0,0,0,0,,1969,2012,,1853.0,0.0,0,0
https://openalex.org/A5083141915,Korry Hintze,https://openalex.org/I121980950,Utah State University,2007,2025,0000-0003-0135-0478,LOGAN REGIONAL HOSPITAL,41.7556806430001,-111.822183161,2.463007787401624,,,0000-0003-0135-0478,,,Q60777290,93,2475,education,18,0,18,False,0,0,0,0,,2007,2025,,2025.0,,0,0
https://openalex.org/A5025704489,Edward F. Di Carlo,https://openalex.org/I205783295,Cornell University,1988,2003,,CAYUGA MEDICAL CENTER,42.4689850720001,-76.537484161,4.602820788088144,1982.0,,,,,Q325497,3,28,education,15,0,15,False,0,1,0,1,,1988,2003,,2003.0,,1,0
https://openalex.org/A5089473455,Pamela Williams‐Russo,https://openalex.org/I1281539108,Hospital for Special Surgery,1993,2004,,NEW YORK-PRESBYTERIAN/LOWER MANHATTAN HOSPITAL,40.7105167880001,-74.0052978259999,0.4212931995566836,,,,,,,38,5112,healthcare,11,0,11,False,0,0,1,0,,1993,2004,,2004.0,,0,0
https://openalex.org/A5016083141,Michaël Ménard,https://openalex.org/I159129438,Université du Québec à Montréal,2013,2024,0000-0002-0947-0258,,,,,,,0000-0002-0947-0258,,Université du Québec à Montréal,Q123653388,140,751,education,11,1,11,False,0,1,0,0,,2004,2024,,2024.0,,0,0
https://openalex.org/A5016083141,Michaël Ménard,https://openalex.org/I5023651,McGill University,2004,2010,0000-0002-0947-0258,,,,,,,0000-0002-0947-0258,,Université du Québec à Montréal,Q123653388,140,751,education,6,1,6,False,0,1,0,0,,2004,2024,,2024.0,,0,0
https://openalex.org/A5016083141,Michaël Ménard,https://openalex.org/I78744979,La Rochelle Université,2008,2015,0000-0002-0947-0258,,,,,,,0000-0002-0947-0258,,Université du Québec à Montréal,Q123653388,140,751,education,7,1,7,False,0,1,0,0,,2004,2024,,2024.0,,0,0
https://openalex.org/A5052048970,Peter R Bernstein,https://openalex.org/I210824098,Wilmington University,1982,2004,0000-0003-0407-9150,DELAWARE PSYCHIATRIC CENTER,39.701335714,-75.577017497,2.282389478302881,,,0000-0003-0407-9150,,AstraZeneca,Q63015858,243,3129,education,22,1,22,False,0,0,1,0,,1982,2004,,2004.0,,0,0
https://openalex.org/A5110615626,Louis O. Williams,https://openalex.org/I136199984,Harvard University,1941,2019,,SPAULDING HOSPITAL FOR CONTINUING MED CARE CAMBRIDGE,42.3753221040001,-71.106943456,0.1122862784625716,1908.0,1991.0,,n50018952,Field Museum of Natural History,Q1871895,227,987,education,78,1,50,True,0,0,1,0,83.0,1941,2019,33.0,1991.0,0.0,0,0
https://openalex.org/A5064478793,Mark S. Johnson,https://openalex.org/I141945490,University of British Columbia,2007,2025,0000-0001-5070-7539,,,,,,,0000-0001-5070-7539,,University of British Columbia,Q41953499,211,5682,education,18,1,18,False,0,0,1,0,,2007,2025,,2025.0,,0,0
https://openalex.org/A5061047722,Shao‐Pei Chou,https://openalex.org/I205783295,Cornell University,2018,2025,,CAYUGA MEDICAL CENTER,42.4689850720001,-76.537484161,4.602820788088144,,,,,,,21,311,education,7,0,7,False,0,0,0,0,,2018,2025,,2025.0,,0,0
https://openalex.org/A5085780750,Madeleine D Hunter,https://openalex.org/I78577930,Columbia University,2015,2024,0000-0002-2042-7947,NEW YORK-PRESBYTERIAN/LOWER MANHATTAN HOSPITAL,40.7105167880001,-74.0052978259999,0.4211660176629024,,,0000-0002-2042-7947,,,Q92230667,21,320,education,9,0,9,False,0,0,0,0,,2015,2024,,2024.0,,0,0
https://openalex.org/A5041936322,Gerard Ryan,https://openalex.org/I55952717,Universidad Rovira i Virgili,2005,2025,0000-0002-5008-9862,,,,,1956.0,2010.0,,n92078299,,Q1514917,63,1175,education,20,0,20,False,0,0,0,0,54.0,2005,2025,49.0,2010.0,0.0,0,0
https://openalex.org/A5113811534,P. D. Swanson,https://openalex.org/I24603500,University of Massachusetts Amherst,1988,2021,,COOLEY DICKINSON HOSPITAL,42.3302,-72.6532,12.099031162779085,,,,,,,41,1419,education,33,1,33,False,0,0,0,0,,1988,2021,,2021.0,,0,0
https://openalex.org/A5075776291,Ali Attaran,https://openalex.org/I74413500,University of Windsor,2014,2024,0000-0002-1696-8150,,,,,,,,,,,43,304,education,10,0,10,False,0,0,0,0,,2014,2024,,2024.0,,0,0
https://openalex.org/A5077369190,Milenko J. Tanasijevic,https://openalex.org/I1283280774,Brigham and Women's Hospital,1993,2023,,SHRINERS' HOSPITAL FOR CHILDREN,42.3630925480001,-71.066301879,0.7463639796080036,,,,,,Q125194269,87,6338,healthcare,30,1,30,False,0,0,1,0,,1993,2023,,2023.0,,0,0
https://openalex.org/A5053177280,Nicholas D. E. Greene,https://openalex.org/I45129253,University College London,1998,2025,0000-0002-4170-5248,,,,,,,0000-0002-4170-5248,,University College London,Q57840116,231,12641,education,27,1,27,False,0,0,1,0,,1998,2025,,2025.0,,0,0
https://openalex.org/A5010903591,Xiaokui Xiao,https://openalex.org/I172675005,Nanyang Technological University,2009,2025,0000-0003-0914-4580,,,,,,,0000-0003-0914-4580,,,Q130854759,312,15424,education,16,0,16,False,0,0,1,0,,2009,2025,,2025.0,,0,0
https://openalex.org/A5100452198,Taeho Kim,https://openalex.org/I2801673063,Kyungpook National University Hospital,2004,2021,0000-0002-7500-8918,,,,,,,0000-0002-7500-8918,,Seoul National University,Q58004570,253,11625,healthcare,17,1,17,False,0,1,1,0,,2004,2025,,2025.0,,0,0
https://openalex.org/A5100452198,Taeho Kim,https://openalex.org/I87216513,Michigan State University,2019,2025,0000-0002-7500-8918,EDWARD W SPARROW HOSPITAL,42.7340987050001,-84.535341876,4.216001314222071,,,0000-0002-7500-8918,,Seoul National University,Q58004570,253,11625,education,6,1,6,False,0,1,1,0,,2004,2025,,2025.0,,0,0
https://openalex.org/A5111963616,A. Tomaradze,https://openalex.org/I111979921,Northwestern University,1999,2018,,PRESENCE ST FRANCIS HOSPITAL,42.0243893370001,-87.684568052,1.917023334551091,,,,,,Q125201618,477,11467,education,19,1,19,False,0,0,1,0,,1999,2018,,2018.0,,0,0
https://openalex.org/A5012087403,Darrel E. Goll,https://openalex.org/I138006243,University of Arizona,1978,2008,,"UNIVERSITY OF ARIZONA MEDICAL CENTER- UNIVERSITY CAMPUS, THE",32.241073209,-110.946120188,2.83445977107909,,,,,,,138,9034,education,30,0,30,False,0,0,1,0,,1978,2008,,2008.0,,0,0
https://openalex.org/A5017473171,Thomas D. Scavelli,https://openalex.org/I4210099919,Carolina Veterinary Specialists,2015,2022,,NOVANT HEALTH MATTHEWS MEDICAL CENTER,35.119984808,-80.714078413,3.796051318031612,,,,,,,18,932,healthcare,7,0,7,False,0,0,0,0,,2015,2022,,2022.0,,0,0
https://openalex.org/A5076236701,Ira Wasserman,https://openalex.org/I205783295,Cornell University,1979,2023,0000-0001-6618-6096,CAYUGA MEDICAL CENTER,42.4689850720001,-76.537484161,4.602820788088144,,,,,Cornell University,Q102341460,268,8670,education,44,1,44,False,0,0,1,0,,1979,2023,,2023.0,,0,0
https://openalex.org/A5039361319,Yan Zhang,https://openalex.org/I20231570,Peking University,2015,2025,0000-0001-8376-3190,,,,,,,0000-0001-8376-3190,,Howard Hughes Medical Institute,Q63126324,77,2759,education,10,1,10,False,0,0,0,0,,2003,2025,,2025.0,,0,0
https://openalex.org/A5039361319,Yan Zhang,https://openalex.org/I200296433,Chinese Academy of Medical Sciences & Peking Union Medical College,2003,2009,0000-0001-8376-3190,,,,,,,0000-0001-8376-3190,,Howard Hughes Medical Institute,Q63126324,77,2759,education,6,1,6,False,0,0,0,0,,2003,2025,,2025.0,,0,0
https://openalex.org/A5028328854,Ana Díaz,https://openalex.org/I16097986,Universitat de València,2010,2026,0000-0002-5396-4466,,,,,1957.0,,,no2010120548,,Q4750344,92,2222,education,16,0,16,False,0,0,1,0,,1997,2026,40.0,2026.0,,0,0
https://openalex.org/A5028328854,Ana Díaz,https://openalex.org/I200284239,Universidade de Santiago de Compostela,1997,2003,0000-0002-5396-4466,,,,,1957.0,,,no2010120548,,Q4750344,92,2222,education,6,0,6,False,0,0,1,0,,1997,2026,40.0,2026.0,,0,0
https://openalex.org/A5109212216,Hadeel Almana,https://openalex.org/I2800965796,King Faisal Specialist Hospital & Research Centre,2006,2020,,,,,,,,,,,,18,381,healthcare,14,0,14,False,0,0,0,0,,2006,2020,,2020.0,,0,0
https://openalex.org/A5024990798,Brett L. Lucht,https://openalex.org/I17626003,University of Rhode Island,1999,2025,0000-0002-4660-0840,SOUTH COUNTY HOSPITAL,41.431078649,-71.4964111,5.899302133338544,,,0000-0002-4660-0840,,,Q90922230,338,17789,education,26,0,26,False,0,1,0,0,,1996,2025,,2025.0,,0,0
https://openalex.org/A5024990798,Brett L. Lucht,https://openalex.org/I205783295,Cornell University,1996,2003,0000-0002-4660-0840,CAYUGA MEDICAL CENTER,42.4689850720001,-76.537484161,4.602820788088144,,,0000-0002-4660-0840,,,Q90922230,338,17789,education,7,0,7,False,0,1,0,0,,1996,2025,,2025.0,,0,0
https://openalex.org/A5113573671,Z. Christine Bian,https://openalex.org/I205783295,Cornell University,1995,2003,,CAYUGA MEDICAL CENTER,42.4689850720001,-76.537484161,4.602820788088144,,,,,,,9,541,education,8,0,8,False,0,0,0,0,,1995,2003,,2003.0,,0,0
https://openalex.org/A5019441058,Thomas J. Ketas,https://openalex.org/I205783295,Cornell University,2003,2024,0000-0001-9380-7716,CAYUGA MEDICAL CENTER,42.4689850720001,-76.537484161,4.602820788088144,,,,,,Q114434903,77,7245,education,21,0,21,False,0,0,0,0,,2003,2024,,2024.0,,0,0
https://openalex.org/A5007416721,Stephen M. Durbin,https://openalex.org/I219193219,Purdue University West Lafayette,1987,2025,0000-0002-3600-9854,FRANCISCAN ST ELIZABETH HEALTH - LAFAYETTE CENTRAL,40.427286859,-86.881446211,2.2590910740284578,,,0000-0002-3600-9854,,,Q95995777,115,2146,education,38,1,38,False,0,0,0,0,,1987,2025,,2025.0,,0,0
https://openalex.org/A5082085280,Ling Y. Munsell,https://openalex.org/I204465549,Washington University in St. Louis,1982,2014,,VA MEDICAL CENTER - JOHN COCHRAN DIVISION,38.6423845620001,-90.2312485419999,3.34963558672706,,,,,,Q114738221,10,3223,education,32,0,32,False,0,0,0,0,,1982,2014,,2014.0,,0,0
https://openalex.org/A5086525008,John DiGiovanni,https://openalex.org/I4210147155,Pediatrics and Genetics,1976,2015,0000-0003-4233-6728,WELLSTAR NORTH FULTON HOSPITAL,34.0633213180001,-84.3199724679999,2.8482254421628737,,,0000-0003-4233-6728,,University of Texas at Austin,Q91060184,594,15664,healthcare,39,1,39,False,0,1,1,0,,1976,2025,,2025.0,,0,0
https://openalex.org/A5086525008,John DiGiovanni,https://openalex.org/I12138139,Austin College,2011,2025,0000-0003-4233-6728,TMC BEHAVIORAL HEALTH CENTER,33.6635435540001,-96.613359282,2.5710762590684664,,,0000-0003-4233-6728,,University of Texas at Austin,Q91060184,594,15664,education,14,1,14,False,0,1,1,0,,1976,2025,,2025.0,,0,0
https://openalex.org/A5083683183,Olaf Schneewind,https://openalex.org/I40347166,University of Chicago,2002,2025,0000-0001-9652-3823,MERCY HOSPITAL AND MEDICAL CENTER,41.8468895830001,-87.621491598,2.3911404464142096,1961.0,2019.0,0000-0001-9652-3823,,University of Chicago,Q64624932,336,37734,education,23,1,23,False,0,0,1,0,58.0,2002,2025,41.0,2019.0,0.0,0,0
https://openalex.org/A5041787314,Stephen Ashwal,https://openalex.org/I26347476,Loma Linda University,1979,2025,0000-0003-1947-0574,LOMA LINDA UNIVERSITY MEDICAL CENTER,34.0496668370001,-117.264012364,0.3018469832028956,1945.0,,,n78060972,,Q112400431,382,24211,education,46,1,46,False,0,0,1,0,,1979,2025,34.0,2025.0,,0,0
https://openalex.org/A5032522966,Shuqing Chen,https://openalex.org/I76130692,Zhejiang University,2001,2025,0000-0002-0792-3735,,,,,,,0000-0002-0792-3735,,Zhejiang University,Q42968776,472,9715,education,24,1,24,False,0,0,1,0,,2001,2025,,2025.0,,0,0
https://openalex.org/A5075060359,J. Paul Speir,https://openalex.org/I193170854,Bruker (United States),1995,2009,,EDITH NOURSE ROGERS MEMORIAL VETERANS HOSPITAL,42.5047,-71.2744,2.5727194184398394,,,,,,,29,2311,company,14,0,14,False,0,0,0,0,,1995,2009,,2009.0,,0,0
https://openalex.org/A5082696014,Moniek van de Loo,https://openalex.org/I4210096594,Emma Kinderziekenhuis,2015,2025,0000-0002-9218-7903,,,,,,,0000-0002-9258-3340,,,Q88334484,25,308,healthcare,10,0,10,False,0,0,1,0,,2015,2025,,2025.0,,0,0
https://openalex.org/A5111631253,Albert H. Burstein,https://openalex.org/I58956616,Case Western Reserve University,1970,1982,,LUTHERAN HOSPITAL,41.4876333760001,-81.707262893,1.6479325770104616,1922.0,2018.0,,,,Q4709839,124,11823,education,12,0,12,False,0,1,1,0,96.0,1970,2018,48.0,2018.0,0.0,0,0
https://openalex.org/A5111631253,Albert H. Burstein,https://openalex.org/I1281539108,Hospital for Special Surgery,1979,2018,,NEW YORK-PRESBYTERIAN/LOWER MANHATTAN HOSPITAL,40.7105167880001,-74.0052978259999,0.4212931995566836,1922.0,2018.0,,,,Q4709839,124,11823,healthcare,39,0,39,False,0,1,1,0,96.0,1970,2018,48.0,2018.0,0.0,0,0
https://openalex.org/A5110713792,Mahmood Khan,https://openalex.org/I181547552,Baylor College of Medicine,2015,2021,,ST. JOSEPH MEDICAL CENTER,29.7481161270001,-95.366148139,1.7088830518941125,,,,,,Q6734279,21,130,education,6,0,6,False,0,0,0,0,,2015,2021,,2021.0,,0,0
https://openalex.org/A5102725124,David H. Dunlap,https://openalex.org/I169521973,University of New Mexico,1986,2024,0000-0001-6796-5956,LOVELACE MEDICAL CENTER,35.086120302,-106.639690414,1.057457987733295,1910.0,1994.0,,,,Q3441164,112,4129,education,38,0,38,False,0,0,1,0,84.0,1986,2024,,1994.0,0.0,1,0
https://openalex.org/A5100393999,Sheng Zhang,https://openalex.org/I2802573037,Tianjin Medical University Cancer Institute and Hospital,2011,2018,0000-0001-9370-0548,,,,,,,0000-0001-9370-0548,,Hainan University,Q89368370,233,2882,healthcare,7,1,7,False,0,1,1,0,,2011,2022,,2022.0,,0,0
https://openalex.org/A5100393999,Sheng Zhang,https://openalex.org/I2799293361,Baoji University of Arts and Sciences,2016,2022,0000-0001-9370-0548,,,,,,,0000-0001-9370-0548,,Hainan University,Q89368370,233,2882,education,6,1,6,False,0,1,1,0,,2011,2022,,2022.0,,0,0
https://openalex.org/A5051001903,F. Selleri,https://openalex.org/I5561750,University of Bari Aldo Moro,1967,2007,,,,,,,,,,,,190,3493,education,40,1,40,False,0,1,0,0,,1960,2007,,2007.0,,0,0
https://openalex.org/A5051001903,F. Selleri,https://openalex.org/I9360294,University of Bologna,1960,1968,,,,,,,,,,,,190,3493,education,8,1,8,False,0,1,0,0,,1960,2007,,2007.0,,0,0
https://openalex.org/A5102804505,Ryan Ross,https://openalex.org/I99041443,Mississippi State University,2015,2025,0009-0003-6511-9352,OCH REGIONAL MEDICAL CENTER,33.4761738610001,-88.8206054409999,2.8574074668269818,1986.0,,,,,Q841247,20,5,education,10,0,10,False,0,0,0,0,,2015,2025,29.0,2025.0,,0,0
https://openalex.org/A5051563093,Takashi Okagaki,https://openalex.org/I4210135252,University of Minnesota Medical Center,1973,2003,,UNIVERSITY OF MINNESOTA MEDICAL CENTER-FAIRVIEW-EAST BANK-ER,44.9723735160001,-93.231940521,0.0991975316754139,,,,,,,159,4197,healthcare,30,0,30,False,0,0,1,0,,1973,2003,,2003.0,,0,0
https://openalex.org/A5110860526,Peter Dear,https://openalex.org/I205783295,Cornell University,1986,2024,,CAYUGA MEDICAL CENTER,42.4689850720001,-76.537484161,4.602820788088144,1960.0,,,,,Q7173608,140,2387,education,38,0,38,False,0,0,0,0,,1986,2024,26.0,2024.0,,0,0
https://openalex.org/A5018855751,Alexandra N McKillop,https://openalex.org/I205783295,Cornell University,2018,2025,,CAYUGA MEDICAL CENTER,42.4689850720001,-76.537484161,4.602820788088144,,,,,,,5,19,education,7,0,7,False,0,0,0,0,,2018,2025,,2025.0,,0,0
https://openalex.org/A5049980067,G. Dugan,https://openalex.org/I205783295,Cornell University,1999,2017,,CAYUGA MEDICAL CENTER,42.4689850720001,-76.537484161,4.602820788088144,,,,,,,106,565,education,18,1,18,False,0,0,0,0,,1999,2017,,2017.0,,0,0
https://openalex.org/A5113887827,Casper Es,https://openalex.org/I205783295,Cornell University,1983,2007,,CAYUGA MEDICAL CENTER,42.4689850720001,-76.537484161,4.602820788088144,,,,,,Q43372988,19,515,education,24,0,24,False,0,0,0,0,,1983,2007,,2007.0,,0,0
https://openalex.org/A5014863618,Joanna Triscott,https://openalex.org/I141945490,University of British Columbia,2011,2021,0000-0002-0625-0524,,,,,,,,,,,135,2183,education,10,0,10,False,0,0,1,0,,2011,2021,,2021.0,,0,0
https://openalex.org/A5102880155,C. L. Tang,https://openalex.org/I205783295,Cornell University,1965,2005,0009-0002-2769-0796,CAYUGA MEDICAL CENTER,42.4689850720001,-76.537484161,4.602820788088144,1934.0,2022.0,,no2001067608,Cornell University,Q1089567,288,9225,education,40,0,40,False,0,0,1,0,88.0,1965,2005,31.0,2005.0,17.0,0,0
https://openalex.org/A5112806010,Frederick D U N N,https://openalex.org/I20089843,Princeton University,1951,1961,,MERWICK REHABILITATION HOSPITAL AND NURSING CARE CENTER,40.3528112230001,-74.6663108129999,0.7652032342540844,1732.0,1792.0,,n79056537,,Q312593,12,0,education,10,0,10,False,0,0,0,0,60.0,1951,1961,,1792.0,0.0,1,0
https://openalex.org/A5112086693,S. E. Ealick,https://openalex.org/I205783295,Cornell University,1996,2011,,CAYUGA MEDICAL CENTER,42.4689850720001,-76.537484161,4.602820788088144,,,,,,,43,1020,education,15,0,15,False,0,0,0,0,,1996,2011,,2011.0,,0,0
https://openalex.org/A5043733941,Stephen M. Stack,https://openalex.org/I92446798,Colorado State University,1973,2019,,POUDRE VALLEY HOSPITAL,40.5717845340001,-105.056917573,2.764078829100103,,,,,,Q7610586,90,7035,education,46,0,46,False,0,0,0,0,,1973,2019,,2019.0,,0,0
https://openalex.org/A5010278214,J. Bullot,https://openalex.org/I102197404,Université Paris-Sud,1971,1993,,,,,,,,,,,,63,1591,education,22,1,22,False,0,0,1,0,,1971,1993,,1993.0,,0,0
https://openalex.org/A5052043290,Richard Wilson,https://openalex.org/I129801699,University of Tasmania,2011,2025,0000-0003-0152-4394,,,,,,,0000-0003-0152-4394,,University of Melbourne,Q37837201,294,4260,education,14,1,14,False,0,0,1,0,,1965,2025,,2025.0,,0,0
https://openalex.org/A5052043290,Richard Wilson,https://openalex.org/I136199984,Harvard University,1965,2009,0000-0003-0152-4394,SPAULDING HOSPITAL FOR CONTINUING MED CARE CAMBRIDGE,42.3753221040001,-71.106943456,0.1122862784625716,,,0000-0003-0152-4394,,University of Melbourne,Q37837201,294,4260,education,44,1,44,False,0,0,1,0,,1965,2025,,2025.0,,0,0
https://openalex.org/A5111834855,H. E. SMITH,https://openalex.org/I127591826,University of Dayton,2006,2012,,RIVERVIEW HEALTH INSTITUTE,39.7482480800001,-84.19940099,1.3635410652763882,1823.0,1889.0,,n80098383,,Q106873143,103,1108,education,6,1,6,False,0,0,0,0,66.0,1980,2012,,1889.0,0.0,1,0
https://openalex.org/A5111834855,H. E. SMITH,https://openalex.org/I200719446,Vanderbilt University,1980,1998,,METROPOLITAN NASHVILLE GENERAL HOSPITAL,36.166906969,-86.80656112,1.9889945155026283,1823.0,1889.0,,n80098383,,Q106873143,103,1108,education,18,1,18,False,0,0,0,0,66.0,1980,2012,,1889.0,0.0,1,0
https://openalex.org/A5042339914,Emily Stern,https://openalex.org/I205783295,Cornell University,1995,2022,0000-0001-7805-594X,CAYUGA MEDICAL CENTER,42.4689850720001,-76.537484161,4.602820788088144,,,0000-0001-7805-594X,,,Q88971315,234,11661,education,27,1,27,False,0,0,1,0,,1995,2022,,2022.0,,0,0
https://openalex.org/A5017751960,Grant Farred,https://openalex.org/I205783295,Cornell University,1970,2025,,CAYUGA MEDICAL CENTER,42.4689850720001,-76.537484161,4.602820788088144,1962.0,,,n95083340,Cornell University,Q5596208,158,1163,education,55,0,50,True,0,0,1,0,,1970,2025,,2025.0,,1,0
https://openalex.org/A5049005268,Jeffrey Mullen,https://openalex.org/I204250578,"University of California, Irvine",2015,2025,,KAISER FND HOSP - IRVINE,33.6582356330001,-117.774927793,4.630539805676765,,,,,,Q52018820,19,291,education,10,0,10,False,0,0,0,0,,2015,2025,,2025.0,,0,0
https://openalex.org/A5071939353,Surya V. Seshan,https://openalex.org/I1340179700,NewYork–Presbyterian Hospital,1999,2024,0000-0003-4384-0694,NEW YORK-PRESBYTERIAN/LOWER MANHATTAN HOSPITAL,40.7105167880001,-74.0052978259999,0.4212931995566836,,,,,,Q125207139,280,18119,healthcare,25,1,25,False,0,0,1,0,,1999,2024,,2024.0,,0,0
https://openalex.org/A5010266887,Kavitha M. Chinnaiyan,https://openalex.org/I4210128757,"Beaumont Hospital, Royal Oak",2004,2025,0000-0002-1337-826X,DMC SURGERY HOSPITAL,42.517887537,-83.120107267,3.745326882957766,,,,,,Q98148422,780,13441,healthcare,21,1,21,False,0,0,1,0,,2004,2025,,2025.0,,0,0
https://openalex.org/A5044804678,Jennifer R. Diamond,https://openalex.org/I51713134,University of Colorado Anschutz Medical Campus,2009,2026,0000-0002-0703-2772,SPALDING REHABILITATION HOSPITAL,39.7310299640001,-104.827472751,0.4195640955196614,,,0000-0002-0703-2772,,Anschutz Medical Campus,Q90717897,370,6189,education,17,1,17,False,0,0,1,0,,2009,2026,,2026.0,,0,0
https://openalex.org/A5083043200,Paola Cavaliere,https://openalex.org/I205783295,Cornell University,2016,2025,,CAYUGA MEDICAL CENTER,42.4689850720001,-76.537484161,4.602820788088144,,,,,University of Salerno,Q111630188,27,971,education,9,0,9,False,0,1,0,1,,2016,2025,,2025.0,,0,0
https://openalex.org/A5040027304,James Chukwuma Okoye,https://openalex.org/I203442698,Catholic Theological Union,1997,2007,,THE UNIVERSITY OF CHICAGO MEDICAL CENTER,41.788746851,-87.604337126,1.8267806942875269,,,,,,Q113737674,15,33,education,10,0,10,False,0,0,0,0,,1997,2007,,2007.0,,0,0
https://openalex.org/A5060863301,Stephanie B. Wheeler,https://openalex.org/I114027177,University of North Carolina at Chapel Hill,2009,2025,0000-0002-3399-9047,UNIVERSITY OF NORTH CAROLINA HOSPITALS,35.9045427030001,-79.049689229,1.110654999538604,,,0000-0002-3399-9047,,,Q103811871,774,8422,education,16,1,16,False,0,0,1,0,,2009,2025,,2025.0,,0,0
https://openalex.org/A5010410773,Julius M. Gardin,https://openalex.org/I204250578,"University of California, Irvine",1982,2016,0000-0002-9942-1539,KAISER FND HOSP - IRVINE,33.6582356330001,-117.774927793,4.630539805676765,,,,,,Q114335853,369,45064,education,34,1,34,False,0,1,1,1,,1982,2025,,2025.0,,0,0
https://openalex.org/A5010410773,Julius M. Gardin,https://openalex.org/I102322142,"Rutgers, The State University of New Jersey",2012,2025,0000-0002-9942-1539,CHILDREN'S SPECIALIZED HOSPITAL,40.494825098,-74.451690392,0.9569060123417374,,,,,,Q114335853,369,45064,education,13,1,13,False,0,1,1,1,,1982,2025,,2025.0,,0,0
https://openalex.org/A5064438130,Shannon Watkins,https://openalex.org/I205783295,Cornell University,2008,2014,,CAYUGA MEDICAL CENTER,42.4689850720001,-76.537484161,4.602820788088144,,,,,,,14,265,education,6,0,6,False,0,0,0,0,,2008,2014,,2014.0,,0,0
https://openalex.org/A5061748902,Tyler J. Uppstrom,https://openalex.org/I1281539108,Hospital for Special Surgery,2014,2025,0000-0001-6387-8257,NEW YORK-PRESBYTERIAN/LOWER MANHATTAN HOSPITAL,40.7105167880001,-74.0052978259999,0.4212931995566836,,,,,,,74,562,healthcare,11,0,11,False,0,0,0,0,,2014,2025,,2025.0,,0,0
https://openalex.org/A5112197584,John V. Pepper,https://openalex.org/I51556381,University of Virginia,1999,2025,,UNIVERSITY OF VIRGINIA MEDICAL CENTER,38.0313397960001,-78.498687078,1.94069342766774,1964.0,,,n99013307,,Q41804997,137,2927,education,26,0,26,False,0,0,0,0,,1999,2025,35.0,2025.0,,0,0
https://openalex.org/A5104043263,Yuji Fujita,https://openalex.org/I43777268,Nagasaki University,1972,2009,,,,,,1965.0,,,,,Q11624712,101,3010,education,37,1,37,False,0,0,1,0,,1972,2009,,2009.0,,1,0
https://openalex.org/A5111930263,Brian P. Young,https://openalex.org/I205783295,Cornell University,1918,2024,,CAYUGA MEDICAL CENTER,42.4689850720001,-76.537484161,4.602820788088144,1940.0,,,n78046553,,Q2925037,8,176,education,106,1,50,True,0,0,0,0,,1918,2024,,2024.0,,1,0
https://openalex.org/A5083240887,F Arthur,https://openalex.org/I4210135132,Cambridge University Press,1972,1978,,,,,,,,,,,,33,12,company,6,0,6,False,0,0,0,0,,1972,1978,,1978.0,,0,0
https://openalex.org/A5111393251,Fung‐Win Shen,https://openalex.org/I1334819555,Memorial Sloan Kettering Cancer Center,1975,1988,,NEW YORK-PRESBYTERIAN/LOWER MANHATTAN HOSPITAL,40.7105167880001,-74.0052978259999,0.4212931995566836,,,,,,,40,1366,healthcare,13,0,13,False,0,0,0,0,,1975,1988,,1988.0,,0,0
https://openalex.org/A5037528447,Marc E. Meyer,https://openalex.org/I110847814,Thiel College,1976,1983,,UPMC HORIZON,41.4116550000001,-80.372017001,1.0007991357208683,,,,,,Q6755750,4,87,education,7,0,7,False,0,0,0,0,,1976,1983,,1983.0,,0,0
https://openalex.org/A5024604222,Kevin L. Rugg,https://openalex.org/I57053284,Rockwell Automation (United States),1998,2006,,AURORA SINAI MEDICAL CENTER,43.042490135,-87.927810903,1.779703101648907,,,,,,,16,415,company,8,0,8,False,0,0,0,0,,1998,2006,,2006.0,,0,0
https://openalex.org/A5038671410,John R. Kirn,https://openalex.org/I100538780,Wesleyan University,1994,2021,0000-0002-4792-4118,MIDDLESEX HOSPITAL,41.554337263,-72.647569381,0.9239843249958622,,,,,,,32,2025,education,27,0,27,False,0,0,0,0,,1994,2021,,2021.0,,0,0
https://openalex.org/A5004733800,Lucjan Piela,https://openalex.org/I4654613,University of Warsaw,1969,2020,,,,,,1943.0,,,no2007004829,University of Warsaw,Q11763319,151,2683,education,51,0,50,True,0,0,1,0,,1969,2020,26.0,2020.0,,0,0
https://openalex.org/A5051773020,Kazunori Hirayoshi,https://openalex.org/I22299242,Kyoto University,1986,2013,,,,,,,,,,,,52,2428,education,27,0,27,False,0,0,0,0,,1986,2013,,2013.0,,0,0
https://openalex.org/A5060114341,Adam D. Talenfeld,https://openalex.org/I205783295,Cornell University,2012,2026,0000-0002-3029-720X,CAYUGA MEDICAL CENTER,42.4689850720001,-76.537484161,4.602820788088144,,,,,,,48,550,education,14,0,14,False,0,0,1,0,,2012,2026,,2026.0,,0,0
https://openalex.org/A5042581297,Stéphane Evoy,https://openalex.org/I154425047,University of Alberta,2005,2022,0000-0003-4587-3502,,,,,,,0000-0003-4587-3502,,University of Alberta,Q50048410,127,5488,education,17,1,17,False,0,0,1,0,,1995,2022,,2022.0,,0,0
https://openalex.org/A5042581297,Stéphane Evoy,https://openalex.org/I205783295,Cornell University,1995,2005,0000-0003-4587-3502,CAYUGA MEDICAL CENTER,42.4689850720001,-76.537484161,4.602820788088144,,,0000-0003-4587-3502,,University of Alberta,Q50048410,127,5488,education,10,1,10,False,0,0,1,0,,1995,2022,,2022.0,,0,0
https://openalex.org/A5020886062,Thomas Weyhermüller,https://openalex.org/I4210123225,Ruhr West University of Applied Sciences,2014,2020,0000-0002-0399-7999,,,,,1962.0,,0000-0002-0399-7999,,Ruhr University Bochum,Q37370675,1437,22410,education,6,1,6,False,0,0,0,0,,1991,2020,29.0,2020.0,,0,0
https://openalex.org/A5020886062,Thomas Weyhermüller,https://openalex.org/I904495901,Ruhr University Bochum,1991,2009,0000-0002-0399-7999,,,,,1962.0,,0000-0002-0399-7999,,Ruhr University Bochum,Q37370675,1437,22410,education,18,1,18,False,0,0,0,0,,1991,2020,29.0,2020.0,,0,0
https://openalex.org/A5112888030,Seul Hye Ryu,https://openalex.org/I193775966,Yonsei University,2016,2023,,,,,,,,,,,,15,117,education,7,0,7,False,0,0,0,0,,2016,2023,,2023.0,,0,0
https://openalex.org/A5002190189,Hayato Sasaki,https://openalex.org/I64189623,Kitasato University,2015,2025,0000-0003-0162-4774,,,,,,,0000-0003-0162-4774,,,Q88320903,102,1049,education,10,0,10,False,0,0,1,0,,1995,2025,,2025.0,,0,0
https://openalex.org/A5002190189,Hayato Sasaki,https://openalex.org/I205349734,Hokkaido University,1995,2015,0000-0003-0162-4774,,,,,,,0000-0003-0162-4774,,,Q88320903,102,1049,education,20,0,20,False,0,0,1,0,,1995,2025,,2025.0,,0,0
https://openalex.org/A5063786130,B. A. Jones,https://openalex.org/I4210085935,IBM Research - Almaden,1991,2006,,KAISER FND HOSP - SAN JOSE,37.2398033420001,-121.800215669,3.2308424988272644,1938.0,1998.0,,no96015314,,Q15129881,17,142,facility,15,0,15,False,0,0,0,0,60.0,1991,2006,,1998.0,0.0,1,0
https://openalex.org/A5068520992,Steven J. Plimpton,https://openalex.org/I32971472,Yale University,1913,2006,0000-0003-2446-8209,YALE-NEW HAVEN HOSPITAL,41.30469134,-72.9354136589999,0.7176389367718299,1950.0,,0000-0003-2446-8209,,,Q59394010,296,69698,education,93,1,50,True,0,0,1,0,,1913,2006,,2006.0,,1,0
https://openalex.org/A5086122167,Ralph E. Purdy,https://openalex.org/I204250578,"University of California, Irvine",1980,2011,,KAISER FND HOSP - IRVINE,33.6582356330001,-117.774927793,4.630539805676765,,,,,,Q137694177,113,2290,education,31,0,31,False,0,0,1,0,,1980,2011,,2011.0,,0,0
https://openalex.org/A5087678931,Shari L. Wade,https://openalex.org/I1285204247,Cincinnati Children's Hospital Medical Center,1999,2026,0000-0003-3764-7126,CHILDREN'S HOSPITAL MEDICAL CENTER,39.140906365,-84.5023581849999,0.1193942455756311,,,,,Cincinnati Children's Hospital Medical Center,Q97953334,356,14301,healthcare,27,1,27,False,0,0,1,0,,1999,2026,,2026.0,,0,0
https://openalex.org/A5101464090,Jiayin Fu,https://openalex.org/I205783295,Cornell University,1997,2022,0000-0001-8442-6460,CAYUGA MEDICAL CENTER,42.4689850720001,-76.537484161,4.602820788088144,,,0000-0001-8442-6460,,,Q103733644,24,714,education,25,0,25,False,0,0,1,0,,1997,2022,,2022.0,,0,0
https://openalex.org/A5109252322,N. Amos,https://openalex.org/I66946132,"University of Maryland, College Park",1989,1995,,SAINT LUKE INSTITUTE,39.002567964,-76.980022199,4.45031974460681,,,,,,Q64604480,160,7832,education,6,1,6,False,0,1,1,0,,1983,2019,,2019.0,,0,0
https://openalex.org/A5109252322,N. Amos,https://openalex.org/I27837315,University of Michigan–Ann Arbor,1994,2019,,UNIVERSITY OF MICHIGAN HEALTH SYSTEM,42.283191747,-83.728707796,1.181076648372232,,,,,,Q64604480,160,7832,education,25,1,25,False,0,1,1,0,,1983,2019,,2019.0,,0,0
https://openalex.org/A5109252322,N. Amos,https://openalex.org/I111979921,Northwestern University,1983,1992,,PRESENCE ST FRANCIS HOSPITAL,42.0243893370001,-87.684568052,1.917023334551091,,,,,,Q64604480,160,7832,education,9,1,9,False,0,1,1,0,,1983,2019,,2019.0,,0,0
https://openalex.org/A5113713547,Seung Wook Chang,https://openalex.org/I2250650973,Samsung (South Korea),2009,2017,,,,,,,,,,,,18,934,company,8,0,8,False,0,0,0,0,,2009,2017,,2017.0,,0,0
https://openalex.org/A5110680857,M. Hayashi,https://openalex.org/I146500386,Jichi Medical University,1994,2005,,,,,,,,,,,Q26714697,58,677,education,11,0,11,False,0,0,0,0,,1994,2005,,2005.0,,0,0
https://openalex.org/A5044191947,Roland Eils,https://openalex.org/I223822909,Heidelberg University,1995,2025,0000-0002-0034-4036,,,,,1965.0,,0000-0002-0034-4036,n2005053310,Charité,Q30004000,1082,112953,education,30,1,30,False,0,0,1,0,,1995,2025,30.0,2025.0,,0,0
https://openalex.org/A5012256441,Meghan Woods,https://openalex.org/I1334819555,Memorial Sloan Kettering Cancer Center,2015,2025,0000-0002-0514-3938,NEW YORK-PRESBYTERIAN/LOWER MANHATTAN HOSPITAL,40.7105167880001,-74.0052978259999,0.4212931995566836,,,,,,,48,707,healthcare,10,0,10,False,0,0,0,0,,2015,2025,,2025.0,,0,0
https://openalex.org/A5058744022,Himadri Chakraborti,https://openalex.org/I162827531,Indian Institute of Technology Bombay,2015,2025,0000-0001-8621-4007,,,,,,,0000-0001-8621-4007,,,Q125905995,27,255,education,10,0,10,False,0,0,0,0,,2015,2025,,2025.0,,0,0
https://openalex.org/A5012401301,Christine M. Forke,https://openalex.org/I79576946,University of Pennsylvania,1991,2026,0000-0002-2262-8363,MAGEE REHABILITATION HOSPITAL,39.9568141240001,-75.16527023,0.5127238287837673,,,0000-0002-2262-8363,,,Q91748722,52,2295,education,35,1,35,False,0,0,1,0,,1991,2026,,2026.0,,0,0
https://openalex.org/A5080494605,William R. Donaldson,https://openalex.org/I28407311,University of Manchester,1965,2025,0000-0002-8418-5721,,,,,,,0000-0002-8418-5721,,University of Rochester,Q80398855,199,2632,education,60,1,50,True,0,0,1,0,,1965,2025,,2025.0,,0,0
https://openalex.org/A5022864866,David Reed,https://openalex.org/I91045830,Texas A&M University,1982,2014,0000-0002-0625-7806,ST. JOSEPH REGIONAL HEALTH CENTER,30.6561370050001,-96.345972906,3.320591642404376,,,0000-0002-0625-7806,n2005025950,Creighton University,Q102194779,144,1367,education,32,1,32,False,0,0,1,0,,1982,2014,,2014.0,,0,0
https://openalex.org/A5100730678,Yi Liu,https://openalex.org/I27357992,Dalian University of Technology,2000,2025,0000-0002-2073-4832,,,,,,,0000-0002-2073-4832,,,Q63374852,291,6627,education,25,1,25,False,0,0,1,0,,2000,2025,,2025.0,,0,0
https://openalex.org/A5032854353,Elizabeth S. Gloster,https://openalex.org/I181697535,SUNY Downstate Health Sciences University,2003,2012,,UNIVERSITY HOSPITAL OF BROOKLYN,40.6548418790001,-73.944227854,0.6939690057960565,1949.0,,,,,Q5362845,43,737,education,9,1,9,False,0,1,0,0,,1980,2012,31.0,2012.0,,0,0
https://openalex.org/A5032854353,Elizabeth S. Gloster,https://openalex.org/I1327163397,State University of New York,1989,2004,,VA MEDICAL CENTER - ALBANY STRATTON,42.6508081800001,-73.771944595,1.299934220282715,1949.0,,,,,Q5362845,43,737,education,15,1,15,False,0,1,0,0,,1980,2012,31.0,2012.0,,0,0
https://openalex.org/A5032854353,Elizabeth S. Gloster,https://openalex.org/I79620101,University of Arkansas for Medical Sciences,1980,1986,,ARKANSAS CHILDREN'S HOSPITAL,34.7432363510001,-92.293176688,0.4873218020855051,1949.0,,,,,Q5362845,43,737,education,6,1,6,False,0,0,0,0,,1980,2012,31.0,2012.0,,0,0
https://openalex.org/A5080282379,Cheryl F. Dreyfus,https://openalex.org/I2802203029,Johnson University,1991,2025,0000-0002-1368-6203,BAPTIST HOSPITAL OF EAST TENNESSEE,35.955245645,-83.914459568,14.904094724594808,,,0000-0002-1368-6203,,,Q92947280,106,7182,education,34,0,34,False,0,1,1,0,,1978,2025,,2025.0,,0,0
https://openalex.org/A5080282379,Cheryl F. Dreyfus,https://openalex.org/I28166907,Karolinska Institutet,1978,1993,0000-0002-1368-6203,,,,,,,0000-0002-1368-6203,,,Q92947280,106,7182,education,15,0,15,False,0,1,1,0,,1978,2025,,2025.0,,0,0
https://openalex.org/A5109893725,J. Gagnon,https://openalex.org/I43406934,Université Laval,1982,1999,,,,,,,,,,,,9,23,education,17,0,17,False,0,0,0,0,,1982,1999,,1999.0,,0,0
https://openalex.org/A5062372444,Peter B. Rosenquist,https://openalex.org/I47251452,Wake Forest University,1996,2018,0000-0001-9919-3380,NORTH CAROLINA BAPTIST HOSPITAL,36.0896496080001,-80.268174833,2.433437678385451,,,0000-0001-9919-3380,,Augusta University,Q91614266,136,4256,education,22,1,22,False,0,0,1,0,,1996,2018,,2018.0,,0,0
https://openalex.org/A5014872605,Bradley R. Jones,https://openalex.org/I117965899,University of Hawaiʻi at Mānoa,2001,2024,0000-0003-4498-1069,QUEENS MEDICAL CENTER,21.3080396020001,-157.853638515,0.501895912550603,,,0000-0003-4498-1069,,,Q63515456,63,1670,education,23,1,23,False,0,1,1,1,,2001,2024,,2024.0,,0,0
https://openalex.org/A5000964885,Ruth Gerson,https://openalex.org/I57206974,New York University,2010,2025,0000-0002-7987-0206,NEW YORK-PRESBYTERIAN/LOWER MANHATTAN HOSPITAL,40.7105167880001,-74.0052978259999,0.4212931995566836,,,0000-0002-7987-0206,,Grossman School of Medicine,Q37840633,72,1208,education,15,1,15,False,0,0,1,0,,2010,2025,,2025.0,,0,0
https://openalex.org/A5039100454,Xi Sun,https://openalex.org/I205237279,Nankai University,2012,2025,0000-0002-8425-693X,,,,,,,0000-0003-2213-3763,,,Q87668994,45,814,education,13,1,13,False,0,0,0,0,,2012,2025,,2025.0,,0,0
https://openalex.org/A5020303566,Joshua K. Lee,https://openalex.org/I84218800,"University of California, Davis",2009,2025,0000-0002-0479-0156,SUTTER DAVIS HOSPITAL,38.5625039120001,-121.770740018,3.2761097583948318,2000.0,,0000-0002-0479-0156,,"University of California, Davis, Center for Mind and Brain",Q47701958,65,2068,education,16,0,16,False,0,0,0,0,,2009,2025,,2025.0,,1,0
https://openalex.org/A5087677610,Deirdre Shoemaker,https://openalex.org/I86519309,The University of Texas at Austin,1997,2025,0000-0002-9899-6357,HEALTHSOUTH REHABILITATION HOSPITAL OF AUSTIN,30.2731283970001,-97.734112941,1.0863629860892785,,,0000-0002-9899-6357,,University of Texas at Austin,Q113632283,150,7068,education,28,0,28,False,0,0,1,0,,1997,2025,,2025.0,,0,0
https://openalex.org/A5021769541,Urban Deutsch,https://openalex.org/I118564535,University of Bern,2004,2025,0000-0003-4265-6262,,,,,2000.0,,0000-0003-4265-6262,,Harvard Medical School,Q32420081,135,17573,education,21,1,21,False,0,1,1,0,,1995,2025,,2025.0,,1,0
https://openalex.org/A5021769541,Urban Deutsch,https://openalex.org/I136199984,Harvard University,1995,2008,0000-0003-4265-6262,SPAULDING HOSPITAL FOR CONTINUING MED CARE CAMBRIDGE,42.3753221040001,-71.106943456,0.1122862784625716,2000.0,,0000-0003-4265-6262,,Harvard Medical School,Q32420081,135,17573,education,13,1,13,False,0,1,1,0,,1995,2025,,2025.0,,1,0
https://openalex.org/A5058957254,Lawrence Schwartz,https://openalex.org/I1334819555,Memorial Sloan Kettering Cancer Center,2001,2009,0000-0003-2960-9365,NEW YORK-PRESBYTERIAN/LOWER MANHATTAN HOSPITAL,40.7105167880001,-74.0052978259999,0.4212931995566836,,,0000-0003-2960-9365,,,Q94454955,51,2347,healthcare,8,0,8,False,0,0,0,1,,2001,2022,,2022.0,,0,0
https://openalex.org/A5058957254,Lawrence Schwartz,https://openalex.org/I51713134,University of Colorado Anschutz Medical Campus,2013,2022,0000-0003-2960-9365,SPALDING REHABILITATION HOSPITAL,39.7310299640001,-104.827472751,0.4195640955196614,,,0000-0003-2960-9365,,,Q94454955,51,2347,education,9,0,9,False,0,1,0,1,,2001,2022,,2022.0,,0,0
https://openalex.org/A5111966812,R.L. Keusseyan,https://openalex.org/I205783295,Cornell University,1978,1984,,CAYUGA MEDICAL CENTER,42.4689850720001,-76.537484161,4.602820788088144,,,,,,,27,95,education,6,1,6,False,0,0,0,0,,1978,1984,,1984.0,,0,0
https://openalex.org/A5110012714,R.W. Gardner,https://openalex.org/I100005738,Brigham Young University,1970,1990,,UTAH VALLEY REGIONAL MEDICAL CENTER,40.2479210160001,-111.665807884,1.683057770241987,,,,,,,25,643,education,20,0,20,False,0,0,1,0,,1970,1990,,1990.0,,0,0
https://openalex.org/A5060725283,Renate Dische,https://openalex.org/I4210095266,Mount Sinai Medical Center,1988,1994,,MOUNT SINAI MEDICAL CENTER,25.813219094,-80.139681562,2.6884629288720827,,,,,,,23,927,healthcare,6,0,6,False,0,0,0,0,,1954,1994,,1994.0,,0,0
https://openalex.org/A5060725283,Renate Dische,https://openalex.org/I78577930,Columbia University,1954,1965,,NEW YORK-PRESBYTERIAN/LOWER MANHATTAN HOSPITAL,40.7105167880001,-74.0052978259999,0.4211660176629024,,,,,,,23,927,education,11,0,11,False,0,0,0,0,,1954,1994,,1994.0,,0,0
https://openalex.org/A5049966730,Huajun Zhou,https://openalex.org/I47251452,Wake Forest University,2003,2025,0000-0002-1679-7005,NORTH CAROLINA BAPTIST HOSPITAL,36.0896496080001,-80.268174833,2.433437678385451,,,0000-0002-1679-7005,,,Q88584164,67,1518,education,22,0,22,False,0,0,1,0,,2003,2025,,2025.0,,0,0
https://openalex.org/A5003826098,Knashawn H. Morales,https://openalex.org/I79576946,University of Pennsylvania,2005,2025,0000-0001-5008-1353,MAGEE REHABILITATION HOSPITAL,39.9568141240001,-75.16527023,0.5127238287837673,,,,,Perelman School of Medicine at the University of Pennsylvania,Q112775170,205,6966,education,20,1,20,False,0,0,0,0,,2005,2025,,2025.0,,0,0
https://openalex.org/A5021257671,Matthew Isaacson,https://openalex.org/I205783295,Cornell University,1989,2025,0000-0001-8797-0090,CAYUGA MEDICAL CENTER,42.4689850720001,-76.537484161,4.602820788088144,,,0000-0001-8797-0090,,Cornell University,Q85961483,18,127,education,36,1,36,False,0,0,0,0,,1989,2025,,2025.0,,0,0
https://openalex.org/A5027171023,Gustavo Fermín,https://openalex.org/I203303854,University of the Andes,2004,2024,0000-0003-0222-0333,,,,,,,,,,Q29020852,62,820,education,20,1,20,False,0,0,1,0,,2004,2024,,2024.0,,0,0
https://openalex.org/A5047042643,Li‐Song Chen,https://openalex.org/I61057504,Fujian Agriculture and Forestry University,2004,2025,0000-0001-8425-1306,,,,,,,0000-0001-8425-1306,,,Q89976582,246,7861,education,21,0,21,False,0,0,1,0,,2004,2025,,2025.0,,0,0
https://openalex.org/A5010692432,Donald Harman Akenson,https://openalex.org/I204722609,Queen's University,1972,2024,,,,,,1941.0,,,n50040848,Queen's University,Q1239670,306,2733,education,52,1,50,True,0,0,1,0,,1972,2024,31.0,2024.0,,0,0
https://openalex.org/A5109862987,Eric O'n. Fisher,https://openalex.org/I149919469,California Polytechnic State University,2007,2017,,FRENCH HOSPITAL MEDICAL CENTER,35.2779315060001,-120.650641412,0.9753518264654504,1924.0,1996.0,,,,Q5386482,67,1060,education,10,0,10,False,0,1,0,0,72.0,1995,2017,,1996.0,0.0,1,0
https://openalex.org/A5109862987,Eric O'n. Fisher,https://openalex.org/I52357470,The Ohio State University,1995,2008,,GRANT MEDICAL CENTER,39.9609732750001,-82.991001983,0.6641611863192901,1924.0,1996.0,,,,Q5386482,67,1060,education,13,0,13,False,0,1,0,0,72.0,1995,2017,,1996.0,0.0,1,0
https://openalex.org/A5033346677,Amy Schustack,https://openalex.org/I4210144743,Positive Resource Center,2015,2023,,LAGUNA HONDA HOSPITAL AND REHABILITATION CENTER,37.7743640780001,-122.425873352,1.0503538055587174,,,,,,,9,224,nonprofit,8,0,8,False,0,0,0,0,,2015,2023,,2023.0,,0,0
https://openalex.org/A5036222697,Francisca Azocar,https://openalex.org/I1295908608,San Francisco General Hospital,1996,2003,0000-0001-8808-1770,SAN FRANCISCO GENERAL HOSPITAL,37.756575615,-122.405762115,0.1319203537745143,,,,,,,69,4241,healthcare,7,1,7,False,0,0,0,0,,1996,2003,,2003.0,,0,0
https://openalex.org/A5033250069,Harry R. Kissileff,https://openalex.org/I98704320,Icahn School of Medicine at Mount Sinai,1981,2024,0000-0002-8071-5641,NEW YORK-PRESBYTERIAN/LOWER MANHATTAN HOSPITAL,40.7105167880001,-74.0052978259999,0.4212931995566836,,,,,,,128,6063,education,43,0,43,False,0,0,1,0,,1969,2024,,2024.0,,0,0
https://openalex.org/A5033250069,Harry R. Kissileff,https://openalex.org/I83399316,Rockefeller University,1969,1980,0000-0002-8071-5641,NEW YORK-PRESBYTERIAN/LOWER MANHATTAN HOSPITAL,40.7105167880001,-74.0052978259999,0.4212931995566836,,,,,,,128,6063,education,11,0,11,False,0,0,1,0,,1969,2024,,2024.0,,0,0
https://openalex.org/A5067090865,James Ranger‐Moore,https://openalex.org/I138006243,University of Arizona,1991,2013,,"UNIVERSITY OF ARIZONA MEDICAL CENTER- UNIVERSITY CAMPUS, THE",32.241073209,-110.946120188,2.83445977107909,,,,,,,103,5942,education,22,1,22,False,0,0,1,0,,1991,2013,,2013.0,,0,0
https://openalex.org/A5024759396,Sohyun Park,https://openalex.org/I165733156,University of Georgia,2005,2024,0000-0002-8192-7048,ATHENS REGIONAL MED CENTER,33.961292466,-83.397945072,1.8456494249278688,,,0000-0002-8192-7048,,United States Centers for Disease Control and Prevention,Q53084946,297,7831,education,19,1,19,False,0,0,1,0,,2005,2024,,2024.0,,0,0
https://openalex.org/A5113040133,Mark M. Anderson,https://openalex.org/I78577930,Columbia University,1989,2011,,NEW YORK-PRESBYTERIAN/LOWER MANHATTAN HOSPITAL,40.7105167880001,-74.0052978259999,0.4211660176629024,1955.0,,,n98034699,,Q112352070,58,555,education,22,0,22,False,0,0,0,0,,1989,2011,34.0,2011.0,,0,0
https://openalex.org/A5003914133,Howie Joress,https://openalex.org/I145311948,Johns Hopkins University,2010,2018,0000-0002-6552-2972,MERCY MEDICAL CENTER,39.2929215520001,-76.612884233,0.2888536563113657,,,0000-0002-6552-2972,,National Institute of Standards and Technology,Q57079685,61,670,education,8,1,8,False,0,0,0,0,,2010,2018,,2018.0,,0,0
https://openalex.org/A5089805097,Kurt A. McKean,https://openalex.org/I103635307,"University of California, Riverside",1995,2001,,PACIFIC GROVE HOSPITAL,33.9623063870001,-117.3952935,0.999106203949626,,,,,,,18,2070,education,6,0,6,False,0,0,1,0,,1995,2016,,2016.0,,0,0
https://openalex.org/A5089805097,Kurt A. McKean,https://openalex.org/I392282,"University at Albany, State University of New York",2008,2016,,VA MEDICAL CENTER - ALBANY STRATTON,42.6508081800001,-73.771944595,1.299934220282715,,,,,,,18,2070,education,8,0,8,False,0,0,1,0,,1995,2016,,2016.0,,0,0
https://openalex.org/A5046172442,Wallace C. H. Hui,https://openalex.org/I889458895,University of Hong Kong,2020,2026,0009-0009-8013-049X,,,,,,,,,,Q102204201,4,123,education,6,0,6,False,0,0,0,0,,2020,2026,,2026.0,,0,0
https://openalex.org/A5016496386,Zhen Chen,https://openalex.org/I17145004,Northwestern Polytechnical University,2002,2025,0000-0003-3355-3464,,,,,,,0000-0003-3355-3464,,Tsinghua University,Q60035857,293,5311,education,23,1,23,False,0,0,1,0,,2002,2025,,2025.0,,0,0
https://openalex.org/A5075312012,Verdi J. DiSesa,https://openalex.org/I4210122924,Temple University Health System,2013,2020,,MAGEE REHABILITATION HOSPITAL,39.9568141240001,-75.16527023,0.5126026831433603,,,,,,,163,5561,education,7,0,7,False,0,0,0,1,,1981,2020,,2020.0,,0,0
https://openalex.org/A5075312012,Verdi J. DiSesa,https://openalex.org/I136199984,Harvard University,1981,1997,,SPAULDING HOSPITAL FOR CONTINUING MED CARE CAMBRIDGE,42.3753221040001,-71.106943456,0.1122862784625716,,,,,,,163,5561,education,16,0,16,False,0,1,0,1,,1981,2020,,2020.0,,0,0
https://openalex.org/A5071031693,Ryan Lilien,https://openalex.org/I185261750,University of Toronto,2008,2015,,,,,,,,,,,Q102343589,50,1645,education,7,1,7,False,0,0,0,0,,1999,2015,,2015.0,,0,0
https://openalex.org/A5071031693,Ryan Lilien,https://openalex.org/I107672454,Dartmouth College,1999,2007,,MARY HITCHCOCK MEMORIAL HOSPITAL,43.676191551,-72.273334642,3.181110935585393,,,,,,Q102343589,50,1645,education,8,1,8,False,0,0,0,0,,1999,2015,,2015.0,,0,0
https://openalex.org/A5040761076,Nicholas J. Morrissey,https://openalex.org/I78577930,Columbia University,2004,2024,,NEW YORK-PRESBYTERIAN/LOWER MANHATTAN HOSPITAL,40.7105167880001,-74.0052978259999,0.4211660176629024,,,,,,,159,4466,education,20,0,20,False,0,1,1,0,,2000,2024,,2024.0,,0,0
https://openalex.org/A5040761076,Nicholas J. Morrissey,https://openalex.org/I98704320,Icahn School of Medicine at Mount Sinai,2000,2006,,NEW YORK-PRESBYTERIAN/LOWER MANHATTAN HOSPITAL,40.7105167880001,-74.0052978259999,0.4212931995566836,,,,,,,159,4466,education,6,0,6,False,0,1,1,0,,2000,2024,,2024.0,,0,0
https://openalex.org/A5006071957,Joshua S. Schiffman,https://openalex.org/I205783295,Cornell University,2019,2025,0000-0002-1028-1438,CAYUGA MEDICAL CENTER,42.4689850720001,-76.537484161,4.602820788088144,,,0000-0002-6968-7694,,,Q90198980,15,401,education,6,1,6,False,0,1,0,1,,2019,2025,,2025.0,,0,0
https://openalex.org/A5110030471,Ernest B. Campbell,https://openalex.org/I83399316,Rockefeller University,2002,2019,,NEW YORK-PRESBYTERIAN/LOWER MANHATTAN HOSPITAL,40.7105167880001,-74.0052978259999,0.4212931995566836,1903.0,1993.0,,,,Q5392874,27,8966,education,17,1,17,False,0,0,0,0,90.0,2002,2019,,1993.0,0.0,1,0
https://openalex.org/A5053985607,Gabriela Cesarman‐Maus,https://openalex.org/I4210153971,Instituto Nacional de Cancerología,2012,2024,0000-0002-8397-0330,,,,,,,0000-0002-8397-0330,,Instituto Nacional de Cancerología,Q55762332,53,2560,government,12,0,12,False,0,0,0,0,,2012,2024,,2024.0,,0,0
https://openalex.org/A5108932052,Dong Ren,https://openalex.org/I205783295,Cornell University,2017,2024,,CAYUGA MEDICAL CENTER,42.4689850720001,-76.537484161,4.602820788088144,1963.0,,0000-0001-8660-0901,no2010200730,Capital Normal University,Q21339258,24,603,education,7,0,7,False,0,0,0,0,,2017,2024,,2024.0,,1,0
https://openalex.org/A5113705918,S. Risch,https://openalex.org/I205783295,Cornell University,1980,1987,,CAYUGA MEDICAL CENTER,42.4689850720001,-76.537484161,4.602820788088144,,,0000-0003-1628-0345,,,Q125274390,10,109,education,7,0,7,False,0,0,0,0,,1980,1987,,1987.0,,0,0
https://openalex.org/A5029748395,Haining Wang,https://openalex.org/I205783295,Cornell University,2010,2017,0000-0002-9567-8249,CAYUGA MEDICAL CENTER,42.4689850720001,-76.537484161,4.602820788088144,,,0000-0002-9567-8249,,,Q85044717,13,1636,education,7,0,7,False,0,0,0,0,,2010,2017,,2017.0,,0,0
https://openalex.org/A5030570722,Tony Durst,https://openalex.org/I153718931,University of Ottawa,1970,2025,0000-0001-5297-8674,,,,,1938.0,,0000-0001-5297-8674,n80132473,University of Ottawa,Q97299247,314,6056,education,55,0,50,True,0,0,1,0,,1970,2025,32.0,2025.0,,0,0
https://openalex.org/A5003522988,Melissa Reichman,https://openalex.org/I205783295,Cornell University,2009,2025,,CAYUGA MEDICAL CENTER,42.4689850720001,-76.537484161,4.602820788088144,,,,,,,29,474,education,16,0,16,False,0,1,0,1,,2009,2025,,2025.0,,0,0
https://openalex.org/A5060872749,R. K. Amiet,https://openalex.org/I4401726811,Hartford Financial Services (United States),1971,1990,,,,,,,,,,,,57,4062,company,19,0,19,False,0,0,0,0,,1971,1990,,1990.0,,0,0
https://openalex.org/A5024621145,Rossella Marullo,https://openalex.org/I205783295,Cornell University,2015,2024,0000-0002-1803-2700,CAYUGA MEDICAL CENTER,42.4689850720001,-76.537484161,4.602820788088144,,,0000-0002-1803-2700,,Weill Cornell Medicine,Q55302484,62,1585,education,9,0,9,False,0,0,1,0,,2015,2024,,2024.0,,0,0
https://openalex.org/A5100523913,Qianfan Xu,https://openalex.org/I205783295,Cornell University,2003,2012,,CAYUGA MEDICAL CENTER,42.4689850720001,-76.537484161,4.602820788088144,,,,,,,107,12341,education,9,0,9,False,0,1,0,0,,2003,2015,,2015.0,,0,0
https://openalex.org/A5100523913,Qianfan Xu,https://openalex.org/I74775410,Rice University,2009,2015,,ST. JOSEPH MEDICAL CENTER,29.7481161270001,-95.366148139,1.7088830518941125,,,,,,,107,12341,education,6,0,6,False,0,1,0,0,,2003,2015,,2015.0,,0,0
https://openalex.org/A5106617607,V. Anantharam,https://openalex.org/I205783295,Cornell University,1987,2002,,CAYUGA MEDICAL CENTER,42.4689850720001,-76.537484161,4.602820788088144,,,,,,Q67469088,8,116,education,15,0,15,False,0,0,0,0,,1987,2002,,2002.0,,0,0
https://openalex.org/A5109453383,T. C. Huang,https://openalex.org/I205783295,Cornell University,1954,1993,,CAYUGA MEDICAL CENTER,42.4689850720001,-76.537484161,4.602820788088144,,,,,,,16,810,education,39,0,39,False,0,0,0,0,,1954,1993,,1993.0,,0,0
https://openalex.org/A5013655811,Philip J. Barter,https://openalex.org/I180670191,"University of California, San Francisco",1977,2011,,LAGUNA HONDA HOSPITAL AND REHABILITATION CENTER,37.7743640780001,-122.425873352,0.5706740882305078,,,,no00035634,University of New South Wales,Q65946141,552,55388,education,34,1,34,False,0,0,1,0,,1977,2021,,2021.0,,0,0
https://openalex.org/A5013655811,Philip J. Barter,https://openalex.org/I129604602,The University of Sydney,2014,2021,,,,,,,,,no00035634,University of New South Wales,Q65946141,552,55388,education,7,1,7,False,0,0,1,0,,1977,2021,,2021.0,,0,0
https://openalex.org/A5087378715,K. Hirotsu,https://openalex.org/I317356780,Osaka City University,1982,2007,0009-0009-6419-0644,,,,,,,,,,,132,1591,education,25,0,25,False,0,0,1,0,,1982,2007,,2007.0,,0,0
https://openalex.org/A5067817165,Françis-André Wollman,https://openalex.org/I39804081,Sorbonne Université,1978,2025,0000-0003-2638-7840,,,,,1953.0,,0000-0003-2638-7840,,,Q60726157,182,10528,education,47,1,47,False,0,0,0,0,,1978,2025,25.0,2025.0,,0,0
https://openalex.org/A5111711704,Jeonghyun Hwang,https://openalex.org/I205783295,Cornell University,2000,2018,,CAYUGA MEDICAL CENTER,42.4689850720001,-76.537484161,4.602820788088144,,,,,,,34,1411,education,18,0,18,False,0,0,0,0,,2000,2018,,2018.0,,0,0
https://openalex.org/A5008450550,Jean‐Baptiste Micol,https://openalex.org/I277688954,Université Paris-Saclay,2016,2024,0000-0003-0934-294X,,,,,1975.0,,0000-0003-0934-294X,,,Q90406627,224,5291,education,8,1,8,False,0,1,0,0,,2004,2024,29.0,2024.0,,0,0
https://openalex.org/A5008450550,Jean‐Baptiste Micol,https://openalex.org/I204730241,Université Paris Cité,2011,2020,0000-0003-0934-294X,,,,,1975.0,,0000-0003-0934-294X,,,Q90406627,224,5291,education,9,1,9,False,0,1,0,0,,2004,2024,29.0,2024.0,,0,0
https://openalex.org/A5008450550,Jean‐Baptiste Micol,https://openalex.org/I4210155195,Hôpital Claude Huriez,2004,2011,0000-0003-0934-294X,,,,,1975.0,,0000-0003-0934-294X,,,Q90406627,224,5291,healthcare,7,1,7,False,0,0,0,0,,2004,2024,29.0,2024.0,,0,0
https://openalex.org/A5103063652,Philip S. Crooke,https://openalex.org/I200719446,Vanderbilt University,1972,2025,0000-0002-7086-1522,METROPOLITAN NASHVILLE GENERAL HOSPITAL,36.166906969,-86.80656112,1.9889945155026283,,,0000-0002-7086-1522,n91057419,Vanderbilt University,Q43190796,53,799,education,53,0,50,True,0,0,1,0,,1972,2025,,2025.0,,0,0
https://openalex.org/A5030127840,Ala’aeddeen Swidan,https://openalex.org/I74413500,University of Windsor,2012,2024,0000-0003-1919-6712,,,,,,,0000-0003-1919-6712,,,Q88290164,123,338,education,12,0,12,False,0,0,0,0,,2012,2024,,2024.0,,0,0
https://openalex.org/A5055365677,Katla Kristjánsdóttir,https://openalex.org/I205783295,Cornell University,2013,2024,0000-0002-5837-895X,CAYUGA MEDICAL CENTER,42.4689850720001,-76.537484161,4.602820788088144,,,0000-0002-5837-895X,,Cornell University,Q87358161,12,318,education,11,0,11,False,0,0,0,0,,2013,2024,,2024.0,,0,0
https://openalex.org/A5035099420,Renato H. Orsi,https://openalex.org/I205783295,Cornell University,2006,2026,0000-0003-4933-9817,CAYUGA MEDICAL CENTER,42.4689850720001,-76.537484161,4.602820788088144,,,0000-0003-4933-9817,,,Q58339483,99,4717,education,20,0,20,False,0,0,1,0,,2006,2026,,2026.0,,0,0
https://openalex.org/A5072773423,Brenda C. Crews,https://openalex.org/I200719446,Vanderbilt University,1987,2025,,METROPOLITAN NASHVILLE GENERAL HOSPITAL,36.166906969,-86.80656112,1.9889945155026283,,,,,,Q115620490,115,5388,education,38,0,38,False,0,0,1,0,,1987,2025,,2025.0,,0,0
https://openalex.org/A5110258096,K. S. Banerjee,https://openalex.org/I86501945,University of Delaware,1971,1988,,CHRISTIANA CARE-CHRISTIANA HOSPITAL,39.687486037,-75.669121433,6.904490256127075,1914.0,2002.0,,n80131198,University of Delaware,Q6352442,75,2699,education,17,0,17,False,0,0,1,0,88.0,1971,1988,,1988.0,14.0,1,0
https://openalex.org/A5112067303,John S. Eaton,https://openalex.org/I3131038610,Cary Institute of Ecosystem Studies,1986,2001,,SHARON HOSPITAL,41.88054263,-73.4817383289999,20.542291725675742,1934.0,,,n78054330,,Q279576,39,3619,nonprofit,15,0,15,False,0,0,0,0,,1986,2001,,2001.0,,1,0
https://openalex.org/A5065433535,Qin Fu,https://openalex.org/I196699116,Wuhan University of Technology,2018,2025,,,,,,,,,,,Q16922096,10,35,education,7,0,7,False,0,0,0,0,,2018,2025,,2025.0,,0,0
https://openalex.org/A5063272468,Brian R. Lindman,https://openalex.org/I200719446,Vanderbilt University,2000,2025,0000-0002-6879-5343,METROPOLITAN NASHVILLE GENERAL HOSPITAL,36.166906969,-86.80656112,1.9889945155026283,,,0000-0002-6879-5343,,Vanderbilt University,Q56027643,247,9423,education,25,1,25,False,0,0,1,0,,2000,2025,,2025.0,,0,0
https://openalex.org/A5104728993,Christine G. Janney,https://openalex.org/I47838141,Saint Louis University,1991,2009,,VA MEDICAL CENTER - JOHN COCHRAN DIVISION,38.6423845620001,-90.2312485419999,3.3495570087062334,,,,,,,40,6500,education,18,0,18,False,0,0,0,0,,1991,2009,,2009.0,,0,0
https://openalex.org/A5101573767,Lin Mu,https://openalex.org/I27357992,Dalian University of Technology,2010,2025,0000-0002-1020-8716,,,,,1954.0,,,n88153227,,Q9292659,181,1970,education,15,1,15,False,0,0,1,0,,2010,2025,,2025.0,,1,0
https://openalex.org/A5100528350,Zhong Sun,https://openalex.org/I19820366,Chinese Academy of Sciences,2004,2016,,,,,,,,,,,Q45636919,54,512,government,12,0,12,False,0,0,0,0,,2004,2016,,2016.0,,0,0
https://openalex.org/A5068414101,S. J. Richichi,https://openalex.org/I8692664,University of Oklahoma,1996,2002,,NORMAN REGIONAL HEALTH SYSTEM -NORMAN CAMPUS,35.230413878,-97.439293783,0.8725353439584254,,,,,,,135,4943,education,6,0,6,False,0,0,0,0,,1996,2002,,2002.0,,0,0
https://openalex.org/A5069148969,Jin‐Xue He,https://openalex.org/I4210165038,University of Chinese Academy of Sciences,2016,2025,,,,,,,,,,,,41,908,education,9,1,9,False,0,0,0,0,,2016,2025,,2025.0,,0,0
https://openalex.org/A5079500403,O. S. Rothaus,https://openalex.org/I205783295,Cornell University,1974,1998,,CAYUGA MEDICAL CENTER,42.4689850720001,-76.537484161,4.602820788088144,,,,,,,45,2275,education,24,0,24,False,0,0,0,0,,1974,1998,,1998.0,,0,0
https://openalex.org/A5101640582,Duc-Huy T. Nguyen,https://openalex.org/I111088046,Boston University,2014,2023,0000-0003-0805-8103,SHRINERS' HOSPITAL FOR CHILDREN,42.3630925480001,-71.066301879,0.746205054066919,,,0000-0003-0805-8103,,,Q93137242,37,5239,education,9,0,9,False,0,0,1,0,,2014,2023,,2023.0,,0,0
https://openalex.org/A5048984741,John H. Peverly,https://openalex.org/I205783295,Cornell University,1976,2000,,CAYUGA MEDICAL CENTER,42.4689850720001,-76.537484161,4.602820788088144,,,,,,,47,1815,education,24,0,24,False,0,0,0,0,,1976,2000,,2000.0,,0,0
https://openalex.org/A5015087094,Roger D. Magarey,https://openalex.org/I137902535,North Carolina State University,2005,2025,0000-0002-5651-5965,WAKEMED,35.784511348,-78.587901971,4.778060562524133,,,0000-0002-5651-5965,,North Carolina State University,Q57156103,87,3438,education,20,1,20,False,0,0,0,0,,2005,2025,,2025.0,,0,0
https://openalex.org/A5047657582,Juan J. García,https://openalex.org/I8833935,Universidad de León,1988,2024,0000-0001-7821-9502,,,,,2000.0,,0000-0001-7821-9502,,University of León,Q48722879,125,4090,education,36,0,36,False,0,0,1,0,,1988,2024,,2024.0,,1,0
https://openalex.org/A5048458525,Kjell Fuxé,https://openalex.org/I28166907,Karolinska Institutet,1962,2025,0000-0001-8491-4288,,,,,1938.0,,0000-0001-8491-4288,n82074162,Karolinska Institutet,Q5747854,1732,103142,education,63,1,50,True,0,0,1,0,,1962,2025,24.0,2025.0,,0,0
https://openalex.org/A5103245321,Dale L. Bixby,https://openalex.org/I27837315,University of Michigan–Ann Arbor,2008,2025,0000-0001-6885-8239,UNIVERSITY OF MICHIGAN HEALTH SYSTEM,42.283191747,-83.728707796,1.181076648372232,,,0000-0001-6885-8239,,,Q88576471,196,7561,education,17,1,17,False,0,0,1,0,,2008,2025,,2025.0,,0,0
https://openalex.org/A5110898879,David G. Marr,https://openalex.org/I118347636,Australian National University,1977,2014,,,,,,1937.0,,,n80051048,Cornell University,Q15485090,187,2598,education,37,0,37,False,0,0,1,0,,1977,2014,40.0,2014.0,,0,0
https://openalex.org/A5018231918,Henry H. Le,https://openalex.org/I205783295,Cornell University,2015,2026,0000-0003-2942-2357,CAYUGA MEDICAL CENTER,42.4689850720001,-76.537484161,4.602820788088144,,,0000-0003-2942-2357,,Cornell University,Q60169374,62,1269,education,11,0,11,False,0,0,0,0,,2015,2026,,2026.0,,0,0
https://openalex.org/A5064911964,Gerald P. Donovan,https://openalex.org/I4210116119,Progenics Pharmaceuticals (United States),2002,2012,,PHELPS MEMORIAL HOSPITAL CENTER,41.1090070550001,-73.8630877639999,3.664941111615434,,,,,,,29,1109,company,10,0,10,False,0,0,0,0,,2002,2012,,2012.0,,0,0
https://openalex.org/A5103122238,Catherine A. Walsh,https://openalex.org/I146655781,University of Liverpool,1997,2003,0000-0002-1163-6907,,,,,1964.0,,,n90666262,,Q338265,26,383,education,6,0,6,False,0,0,0,0,,1997,2003,33.0,2003.0,,0,0
https://openalex.org/A5024419531,Xuejun Jiang,https://openalex.org/I1334819555,Memorial Sloan Kettering Cancer Center,2004,2025,0000-0002-8670-3828,NEW YORK-PRESBYTERIAN/LOWER MANHATTAN HOSPITAL,40.7105167880001,-74.0052978259999,0.4212931995566836,,,0000-0001-7117-8939,,,Q92243416,278,54815,healthcare,21,1,21,False,0,0,1,0,,2004,2025,,2025.0,,0,0
https://openalex.org/A5101813616,Cindy Wang,https://openalex.org/I153297377,Medical University of South Carolina,1992,2023,0000-0001-5372-2371,ROPER HOSPITAL,32.782793918,-79.949276415,1.7044973660347278,,,0000-0001-8099-8023,,,Q101408958,75,1900,education,31,0,31,False,0,0,1,0,,1992,2023,,2023.0,,0,0
https://openalex.org/A5072971061,Donna Russo,https://openalex.org/I1340179700,NewYork–Presbyterian Hospital,1996,2017,,NEW YORK-PRESBYTERIAN/LOWER MANHATTAN HOSPITAL,40.7105167880001,-74.0052978259999,0.4212931995566836,,,,,,,41,2844,healthcare,21,0,21,False,0,0,1,0,,1996,2017,,2017.0,,0,0
https://openalex.org/A5020725876,R.J. Lachicotte,https://openalex.org/I5388228,University of Rochester,1997,2010,,THE UNITY HOSPITAL OF ROCHESTER-ST MARYS CAMPUS,43.148695284,-77.637099746,1.873628521482556,,,,,,,280,7024,education,13,0,13,False,0,1,0,0,,1990,2010,,2010.0,,0,0
https://openalex.org/A5020725876,R.J. Lachicotte,https://openalex.org/I150468666,Emory University,1993,1999,,GRADY MEMORIAL HOSPITAL,33.751988554,-84.3817915719999,0.6614313289417885,,,,,,,280,7024,education,6,0,6,False,0,1,0,0,,1990,2010,,2010.0,,0,0
https://openalex.org/A5020725876,R.J. Lachicotte,https://openalex.org/I204593131,College of Charleston,1990,1996,,ROPER HOSPITAL,32.782793918,-79.949276415,1.8501259071915648,,,,,,,280,7024,education,6,0,6,False,0,1,0,0,,1990,2010,,2010.0,,0,0
https://openalex.org/A5046952068,A. R. Stottlemyer,https://openalex.org/I6902469,Brandeis University,1969,1977,,"WALDEN BEHAVIORAL CARE, LLC",42.3693015160001,-71.2494454599999,1.3895211212059535,,,,,,,26,228,education,8,1,8,False,0,0,0,0,,1969,1977,,1977.0,,0,0
https://openalex.org/A5079889339,Arvind Venkataraman,https://openalex.org/I74680897,Procter & Gamble (United States),2018,2024,0000-0003-1148-4402,DRAKE CENTER INC,39.212639698,-84.481148656,2.564683534545278,,,,,,Q108531503,62,11261,company,6,0,6,False,0,0,0,0,,2018,2024,,2024.0,,0,0
https://openalex.org/A5031183649,Chrispin Kambili,https://openalex.org/I1330063522,Johnson & Johnson (United States),2016,2022,,CHILDREN'S SPECIALIZED HOSPITAL,40.494825098,-74.451690392,0.9567603323770798,,,,,,,30,299,company,6,0,6,False,0,0,0,0,,2016,2022,,2022.0,,0,0
https://openalex.org/A5045755997,Alexander Böker,https://openalex.org/I176453806,University of Potsdam,2015,2025,0000-0002-5760-6631,,,,,1973.0,,0000-0002-5760-6631,nb2015020105,University of Potsdam,Q28381889,260,11056,education,10,1,10,False,0,1,1,0,,2000,2025,27.0,2025.0,,0,0
https://openalex.org/A5045755997,Alexander Böker,https://openalex.org/I205783295,Cornell University,2000,2017,0000-0002-5760-6631,CAYUGA MEDICAL CENTER,42.4689850720001,-76.537484161,4.602820788088144,1973.0,,0000-0002-5760-6631,nb2015020105,University of Potsdam,Q28381889,260,11056,education,17,1,17,False,0,1,1,0,,2000,2025,27.0,2025.0,,0,0
https://openalex.org/A5063892002,Tobias Schnabel,https://openalex.org/I205783295,Cornell University,2013,2019,0000-0002-9301-7631,CAYUGA MEDICAL CENTER,42.4689850720001,-76.537484161,4.602820788088144,1959.0,,,,,Q112359284,77,2046,education,6,0,6,False,0,0,0,0,,2013,2019,,2019.0,,1,0
https://openalex.org/A5080695008,Jun Kameoka,https://openalex.org/I91045830,Texas A&M University,2005,2024,0000-0003-3479-354X,ST. JOSEPH REGIONAL HEALTH CENTER,30.6561370050001,-96.345972906,3.320591642404376,,,0000-0003-3479-354X,,Texas A&M University,Q88209219,129,3877,education,19,1,19,False,0,0,1,0,,2005,2024,,2024.0,,0,0
https://openalex.org/A5053138183,Matthias Walther,https://openalex.org/I68956291,Martin Luther University Halle-Wittenberg,1937,2025,0009-0007-1159-566X,,,,,,,0000-0001-8519-3128,,,Q95824013,58,2358,education,88,1,50,True,0,0,1,0,,1937,2025,,2025.0,,0,0
https://openalex.org/A5052952451,E. Blum,https://openalex.org/I205783295,Cornell University,1981,2003,,CAYUGA MEDICAL CENTER,42.4689850720001,-76.537484161,4.602820788088144,1827.0,1907.0,,,Oscar Fraas,Q56547587,56,462,education,22,1,22,False,0,0,0,0,80.0,1981,2003,,1907.0,0.0,1,0
https://openalex.org/A5030885436,Julyun Oh,https://openalex.org/I205783295,Cornell University,2013,2025,,CAYUGA MEDICAL CENTER,42.4689850720001,-76.537484161,4.602820788088144,,,,,,,22,618,education,12,0,12,False,0,0,0,0,,2013,2025,,2025.0,,0,0
https://openalex.org/A5110262302,M. Van Amburgh,https://openalex.org/I205783295,Cornell University,1993,2021,,CAYUGA MEDICAL CENTER,42.4689850720001,-76.537484161,4.602820788088144,,,,,,,14,840,education,28,0,28,False,0,0,0,0,,1993,2021,,2021.0,,0,0
https://openalex.org/A5086031462,George C. McBane,https://openalex.org/I8606887,Grand Valley State University,1993,2025,0000-0002-2790-3467,SPECTRUM HEALTH ZEELAND COMMUNITY HOSPITAL,42.8212965120001,-85.9877137999999,17.013259953591817,,,0000-0002-2790-3467,,,Q51993551,66,1478,education,32,0,32,False,0,0,0,0,,1993,2025,,2025.0,,0,0
https://openalex.org/A5100675929,Qiu Wang,https://openalex.org/I70983195,Syracuse University,2012,2025,0000-0003-1635-8050,ST JOSEPH'S HOSPITAL HEALTH CENTER,43.055933075,-76.1500616719999,0.894995360519316,1989.0,,,,,Q3546149,175,2519,education,13,0,13,False,0,1,1,1,,2012,2025,23.0,2025.0,,0,0
https://openalex.org/A5016481057,Michael J. Gerver,https://openalex.org/I63966007,Massachusetts Institute of Technology,1983,1990,,SPAULDING HOSPITAL FOR CONTINUING MED CARE CAMBRIDGE,42.3753221040001,-71.106943456,0.1122862784625716,1942.0,,,n83132893,,Q108875650,65,523,education,7,1,7,False,0,1,0,1,,1983,1999,41.0,1999.0,,0,0
https://openalex.org/A5016481057,Michael J. Gerver,https://openalex.org/I3137694307,New England Institute of Art,1992,1999,,VA BOSTON HEALTHCARE SYSTEM - JAMAICA PLAIN,42.327,-71.1102999999999,1.0380466135582231,1942.0,,,n83132893,,Q108875650,65,523,education,7,1,7,False,0,0,0,1,,1983,1999,41.0,1999.0,,0,0
https://openalex.org/A5074325217,Albert Chin,https://openalex.org/I148366613,National Yang Ming Chiao Tung University,1992,2025,0000-0001-6790-2437,,,,,,,0000-0001-6790-2437,,National Chiao Tung University,Q104748938,651,10527,education,33,1,33,False,0,0,1,0,,1992,2025,,2025.0,,0,0
https://openalex.org/A5053465857,John P. Hughes,https://openalex.org/I40120149,University of Oxford,2018,2024,0000-0002-8816-6800,,,,,,,0000-0002-8816-6800,,,Q53952401,1143,36909,education,6,1,6,False,0,0,1,0,,1959,2024,,2024.0,,0,0
https://openalex.org/A5053465857,John P. Hughes,https://openalex.org/I78577930,Columbia University,1983,2017,0000-0002-8816-6800,NEW YORK-PRESBYTERIAN/LOWER MANHATTAN HOSPITAL,40.7105167880001,-74.0052978259999,0.4211660176629024,,,0000-0002-8816-6800,,,Q53952401,1143,36909,education,34,1,34,False,0,0,1,0,,1959,2024,,2024.0,,0,0
https://openalex.org/A5053465857,John P. Hughes,https://openalex.org/I201646274,Saint Peter's University,1959,1970,0000-0002-8816-6800,CAREPOINT HEALTH-CHRIST HOSPITAL,40.734267624,-74.0499582689999,2.4290618335943184,,,0000-0002-8816-6800,,,Q53952401,1143,36909,education,11,1,11,False,0,0,1,0,,1959,2024,,2024.0,,0,0
https://openalex.org/A5089189867,Kevin J. McGowan,https://openalex.org/I205783295,Cornell University,1994,2024,,CAYUGA MEDICAL CENTER,42.4689850720001,-76.537484161,4.602820788088144,1991.0,,,,,Q16568882,42,1292,education,30,1,30,False,0,0,0,0,,1994,2024,,2024.0,,1,0
https://openalex.org/A5016014334,P. L. Bonanno,https://openalex.org/I130701444,Georgia Institute of Technology,2009,2016,,GRADY MEMORIAL HOSPITAL,33.751988554,-84.3817915719999,0.6616538728322765,,,,,,,24,209,education,7,1,7,False,0,1,0,1,,2009,2016,,2016.0,,0,0
https://openalex.org/A5091128797,Jennifer A. Zambriski,https://openalex.org/I205783295,Cornell University,2008,2014,0000-0003-0948-1181,CAYUGA MEDICAL CENTER,42.4689850720001,-76.537484161,4.602820788088144,,,0000-0003-0948-1181,,Virginia Tech,Q88471427,24,826,education,6,0,6,False,0,0,0,0,,2008,2014,,2014.0,,0,0
https://openalex.org/A5051484612,William Wallace,https://openalex.org/I118856550,Muskingum University,1990,2003,0000-0003-1726-2923,SOUTHEASTERN OHIO REGIONAL MEDICAL CENTER,40.0414731870001,-81.5773923359999,14.505672089236253,,,0000-0003-1726-2923,,,Q98383876,36,723,education,13,0,13,False,0,0,0,0,,1990,2003,,2003.0,,0,0
https://openalex.org/A5001455892,John Spencer Evans,https://openalex.org/I57206974,New York University,1996,2020,0000-0002-9565-7296,NEW YORK-PRESBYTERIAN/LOWER MANHATTAN HOSPITAL,40.7105167880001,-74.0052978259999,0.4212931995566836,,,0000-0002-9565-7296,,New York University,Q88278994,149,5137,education,24,1,24,False,0,0,1,0,,1996,2020,,2020.0,,0,0
https://openalex.org/A5012168575,Dean Jorstad,https://openalex.org/I126218986,Children's Hospital of Wisconsin,2011,2017,,FROEDTERT MEM LUTHERAN HSPTL,43.040861555,-88.024612556,0.1776118687392324,,,,,,,7,1243,healthcare,6,1,6,False,0,0,0,0,,2011,2017,,2017.0,,0,0
https://openalex.org/A5026367973,Jihad S. Obeid,https://openalex.org/I153297377,Medical University of South Carolina,2010,2025,0000-0002-7193-7779,ROPER HOSPITAL,32.782793918,-79.949276415,1.7044973660347278,,,0000-0002-7193-7779,,Brigham and Women's Hospital,Q56046777,151,3701,education,15,0,15,False,0,0,0,0,,1992,2025,,2025.0,,0,0
https://openalex.org/A5026367973,Jihad S. Obeid,https://openalex.org/I205783295,Cornell University,1992,2007,0000-0002-7193-7779,CAYUGA MEDICAL CENTER,42.4689850720001,-76.537484161,4.602820788088144,,,0000-0002-7193-7779,,Brigham and Women's Hospital,Q56046777,151,3701,education,15,0,15,False,0,0,0,0,,1992,2025,,2025.0,,0,0
https://openalex.org/A5101492631,Takahiro Nakano,https://openalex.org/I40677808,Kyoto Prefectural University of Medicine,2017,2023,0000-0002-8512-9254,,,,,,,0000-0002-8512-9254,,,Q92799082,198,2004,education,6,1,6,False,0,1,1,0,,1989,2023,,2023.0,,0,0
https://openalex.org/A5101492631,Takahiro Nakano,https://openalex.org/I98285908,Osaka University,1989,2020,0000-0002-8512-9254,,,,,,,0000-0002-8512-9254,,,Q92799082,198,2004,education,31,1,31,False,0,1,1,0,,1989,2023,,2023.0,,0,0
https://openalex.org/A5066708427,S. F. Dermott,https://openalex.org/I33213144,University of Florida,1991,2023,0000-0002-0027-6248,SHANDS HOSPITAL,29.639990133,-82.342864823,2.170901615578337,1942.0,,,n92113312,,Q17711697,270,5929,education,32,0,32,False,0,0,1,0,,1991,2023,49.0,2023.0,,0,0
https://openalex.org/A5043435343,Navneet Narula,https://openalex.org/I2799810409,Hospital of the University of Pennsylvania,1998,2025,0000-0002-6832-3645,HOSPITAL OF THE UNIVERSITY OF PENNSYLVANIA,39.9499691950001,-75.194202725,0.0912600684631427,,,,,,Q116774625,291,14471,healthcare,27,0,27,False,0,0,1,0,,1998,2025,,2025.0,,0,0
https://openalex.org/A5058553367,J. C. Tracy,https://openalex.org/I118136607,General Motors (United States),1973,1981,,VIBRA HOSPITAL OF SOUTHEASTERN MICHIGAN-DMC CAMPUS,42.349453146,-83.056102611,2.671293742365977,1869.0,1955.0,,n84805007,,Q105076564,37,2288,company,8,0,8,False,0,0,0,0,86.0,1973,1981,,1955.0,0.0,1,0
https://openalex.org/A5029315204,Robert F. Bode,https://openalex.org/I143115733,Saint Martin's University,2015,2024,0000-0002-8759-3026,PROVIDENCE ST. PETER HOSPITAL,47.052941913,-122.847386446,2.7769600787118804,,,0000-0002-8759-3026,,,Q118533739,21,283,education,9,0,9,False,0,0,0,0,,2015,2024,,2024.0,,0,0
https://openalex.org/A5075230689,R. Kowalewski,https://openalex.org/I212119943,University of Victoria,2002,2019,0000-0002-7314-0990,,,,,,,0000-0002-7314-0990,,CERN,Q76176687,3033,171471,education,17,1,17,False,0,0,0,0,,1984,2019,,2019.0,,0,0
https://openalex.org/A5075230689,R. Kowalewski,https://openalex.org/I205783295,Cornell University,1984,1991,0000-0002-7314-0990,CAYUGA MEDICAL CENTER,42.4689850720001,-76.537484161,4.602820788088144,,,0000-0002-7314-0990,,CERN,Q76176687,3033,171471,education,7,1,7,False,0,0,0,0,,1984,2019,,2019.0,,0,0
https://openalex.org/A5007212948,E. Farrell Helbling,https://openalex.org/I136199984,Harvard University,2014,2020,0000-0003-3321-7161,SPAULDING HOSPITAL FOR CONTINUING MED CARE CAMBRIDGE,42.3753221040001,-71.106943456,0.1122862784625716,,,0000-0003-3321-7161,,,Q101408169,30,2303,education,6,0,6,False,0,0,0,0,,2014,2020,,2020.0,,0,0
https://openalex.org/A5055864100,Robert N. Hotchkiss,https://openalex.org/I1281539108,Hospital for Special Surgery,1994,2023,,NEW YORK-PRESBYTERIAN/LOWER MANHATTAN HOSPITAL,40.7105167880001,-74.0052978259999,0.4212931995566836,,,,,,Q133282456,87,5851,healthcare,29,1,29,False,0,0,1,1,,1981,2023,,2023.0,,0,0
https://openalex.org/A5055864100,Robert N. Hotchkiss,https://openalex.org/I145311948,Johns Hopkins University,1981,1989,,MERCY MEDICAL CENTER,39.2929215520001,-76.612884233,0.2888536563113657,,,,,,Q133282456,87,5851,education,8,1,8,False,0,1,1,1,,1981,2023,,2023.0,,0,0
https://openalex.org/A5074524669,Judith P. Andersen,https://openalex.org/I185261750,University of Toronto,2013,2025,0000-0001-8477-1432,,,,,,,0000-0001-8477-1432,,University of Toronto,Q85516423,108,2790,education,12,0,12,False,0,0,0,0,,2013,2025,,2025.0,,0,0
https://openalex.org/A5101654769,Ye Tan,https://openalex.org/I151075929,Army Medical University,1997,2023,0000-0001-7484-8977,,,,,,,0000-0001-7484-8977,,,Q92308982,52,1182,education,26,1,26,False,0,0,1,0,,1997,2023,,2023.0,,0,0
https://openalex.org/A5082741754,Jacqueline Vuky,https://openalex.org/I165690674,Oregon Health & Science University,2007,2025,0000-0001-5795-3361,OREGON STATE HOSPITAL  PORTLAND,45.531706672,-122.664059055,1.3186585082881626,,,,,,Q114415718,90,4357,education,18,0,18,False,0,0,1,0,,2007,2025,,2025.0,,0,0
https://openalex.org/A5100437902,Xiaowen Liu,https://openalex.org/I205783295,Cornell University,2000,2008,0000-0003-4139-1127,CAYUGA MEDICAL CENTER,42.4689850720001,-76.537484161,4.602820788088144,,,0000-0003-4139-1127,,Indiana University – Purdue University Indianapolis,Q80621527,644,10204,education,8,1,8,False,0,1,1,0,,2000,2023,,2023.0,,0,0
https://openalex.org/A5100437902,Xiaowen Liu,https://openalex.org/I154099455,Shandong University,2005,2023,0000-0003-4139-1127,,,,,,,0000-0003-4139-1127,,Indiana University – Purdue University Indianapolis,Q80621527,644,10204,education,18,1,18,False,0,1,1,0,,2000,2023,,2023.0,,0,0
https://openalex.org/A5112767848,HERBERT CONWAY,https://openalex.org/I7882870,University of Glasgow,1949,2012,,,,,,1904.0,1969.0,,n84803255,,Q113805119,191,2217,education,63,1,50,True,0,0,1,0,65.0,1949,2012,45.0,1969.0,0.0,0,0
https://openalex.org/A5072470056,Emanuel Moss,https://openalex.org/I121847817,"The Graduate Center, CUNY",2015,2021,0000-0002-3850-2677,NEW YORK-PRESBYTERIAN/LOWER MANHATTAN HOSPITAL,40.7105167880001,-74.0052978259999,0.4211660176629024,,,,,,,46,1082,education,6,0,6,False,0,0,0,0,,2015,2021,,2021.0,,0,0
https://openalex.org/A5108386611,W.H. Loh,https://openalex.org/I43439940,University of Southampton,1993,2016,,,,,,,,,,,,175,3655,education,23,0,23,False,0,0,0,0,,1993,2016,,2016.0,,0,0
https://openalex.org/A5111954190,Nael Martini,https://openalex.org/I1334819555,Memorial Sloan Kettering Cancer Center,1988,1999,,NEW YORK-PRESBYTERIAN/LOWER MANHATTAN HOSPITAL,40.7105167880001,-74.0052978259999,0.4212931995566836,1931.0,,,,,Q112381245,8,767,healthcare,11,0,11,False,0,0,0,0,,1988,1999,,1999.0,,1,0
https://openalex.org/A5001314462,Steven Weitman,https://openalex.org/I165951966,The University of Texas Health Science Center at San Antonio,1997,2017,,NIX HEALTH CARE SYSTEM,29.4256719860001,-98.48942,0.4427583508152977,,,,,,,156,4271,education,20,0,20,False,0,0,1,0,,1982,2017,,2017.0,,0,0
https://openalex.org/A5001314462,Steven Weitman,https://openalex.org/I204308271,Medical College of Wisconsin,1982,1994,,AURORA SINAI MEDICAL CENTER,43.042490135,-87.927810903,1.7796421527415742,,,,,,,156,4271,education,12,0,12,False,0,0,1,0,,1982,2017,,2017.0,,0,0
https://openalex.org/A5062774997,Niranjan Nagarajan,https://openalex.org/I165932596,National University of Singapore,2016,2025,0000-0003-0850-5604,,,,,,,0000-0003-0850-5604,,Genome Institute of Singapore,Q92267517,313,26448,education,9,1,9,False,0,0,1,0,,1977,2025,,2025.0,,0,0
https://openalex.org/A5062774997,Niranjan Nagarajan,https://openalex.org/I59270414,Indian Institute of Science Bangalore,1977,2013,0000-0003-0850-5604,,,,,,,0000-0003-0850-5604,,Genome Institute of Singapore,Q92267517,313,26448,education,36,1,36,False,0,0,1,0,,1977,2025,,2025.0,,0,0
https://openalex.org/A5104044112,Thomas Gilovich,https://openalex.org/I205783295,Cornell University,1983,2025,0000-0002-4452-3626,CAYUGA MEDICAL CENTER,42.4689850720001,-76.537484161,4.602820788088144,1954.0,,,n90724279,Cornell University,Q2424257,283,38827,education,42,1,42,False,0,0,0,0,,1983,2025,29.0,2025.0,,0,0
https://openalex.org/A5029778165,C. A. Hieber,https://openalex.org/I205783295,Cornell University,1968,2024,,CAYUGA MEDICAL CENTER,42.4689850720001,-76.537484161,4.602820788088144,,,,,,,43,2064,education,56,0,50,True,0,0,1,0,,1968,2024,,2024.0,,0,0
https://openalex.org/A5082940842,Vivian Turner,https://openalex.org/I136750679,Garvan Institute of Medical Research,2010,2023,0000-0002-2013-2559,,,,,,,0000-0002-2013-2559,,,Q87732899,43,579,nonprofit,13,0,13,False,0,0,0,0,,2010,2023,,2023.0,,0,0
https://openalex.org/A5011387108,W. J. Wilson,https://openalex.org/I1282311441,Lawrence Livermore National Laboratory,2002,2008,,VALLEY MEMORIAL HOSPITAL - LIVERMORE,37.6773201350001,-121.781791647,1.3141333526625454,1833.0,1909.0,,,,Q106242386,23,1006,facility,6,0,6,False,0,0,0,0,76.0,2002,2008,,1909.0,0.0,1,0
https://openalex.org/A5063140842,P. M. Champion,https://openalex.org/I12912129,Northeastern University,1986,2024,0000-0001-6958-2836,SHRINERS' HOSPITAL FOR CHILDREN,42.3630925480001,-71.066301879,0.7463639796080036,,,0000-0001-6958-2836,,Northeastern University,Q41184148,873,7999,education,38,0,38,False,0,0,1,0,,1986,2024,,2024.0,,0,0
https://openalex.org/A5026098853,Jamie S. Ostroff,https://openalex.org/I1334819555,Memorial Sloan Kettering Cancer Center,1992,2025,0000-0003-2671-5680,NEW YORK-PRESBYTERIAN/LOWER MANHATTAN HOSPITAL,40.7105167880001,-74.0052978259999,0.4212931995566836,,,0000-0003-2671-5680,,Memorial Sloan Kettering Cancer Center,Q40634149,364,11169,healthcare,33,1,33,False,0,0,1,0,,1992,2025,,2025.0,,0,0
https://openalex.org/A5030389875,Savvas Savvides,https://openalex.org/I219193219,Purdue University West Lafayette,2014,2023,0000-0002-2971-0933,FRANCISCAN ST ELIZABETH HEALTH - LAFAYETTE CENTRAL,40.427286859,-86.881446211,2.2590910740284578,,,0000-0002-2971-0933,,,Q130877538,33,517,education,9,1,9,False,0,0,0,0,,2014,2023,,2023.0,,0,0
https://openalex.org/A5089453443,R. J. HASIAK,https://openalex.org/I173911158,Iowa State University,1972,2000,,MARY GREELEY MEDICAL CENTER,42.0325913280001,-93.611506033,0.7353236429791248,,,,,,,13,250,education,28,0,28,False,0,0,0,0,,1972,2000,,2000.0,,0,0
https://openalex.org/A5052996216,David Balser,https://openalex.org/I130238516,University of Minnesota,2018,2025,0000-0002-4356-9307,HENNEPIN COUNTY MEDICAL CTR,44.9721324940001,-93.2622359599999,0.8805771044914001,,,0000-0002-4356-9307,,Hennepin County Medical Center,Q39183537,26,1027,education,7,0,7,False,0,0,0,0,,2018,2025,,2025.0,,0,0
https://openalex.org/A5051220005,Jin Okazaki,https://openalex.org/I135598925,Kyushu University,1995,2015,0000-0003-4009-0197,,,,,,,,,,,80,1012,education,20,0,20,False,0,1,1,0,,1995,2025,,2025.0,,0,0
https://openalex.org/A5051220005,Jin Okazaki,https://openalex.org/I4210161538,Kokura Memorial Hospital,2012,2025,0000-0003-4009-0197,,,,,,,,,,,80,1012,healthcare,13,0,13,False,0,1,1,0,,1995,2025,,2025.0,,0,0
https://openalex.org/A5105771268,Michael P. Osborne,https://openalex.org/I4210101825,Strang Cancer Prevention Institute,1993,2018,0000-0002-8298-3252,NEW YORK-PRESBYTERIAN/LOWER MANHATTAN HOSPITAL,40.7105167880001,-74.0052978259999,0.4212931995566836,1982.0,,,,,Q6833259,151,4942,education,25,0,25,False,0,1,1,0,,1962,2018,,2018.0,,1,0
https://openalex.org/A5105771268,Michael P. Osborne,https://openalex.org/I79619799,University of Birmingham,1962,1996,0000-0002-8298-3252,,,,,1982.0,,,,,Q6833259,151,4942,education,34,0,34,False,0,1,1,0,,1962,2018,,2018.0,,1,0
https://openalex.org/A5007404408,Glenn Withiam,https://openalex.org/I205783295,Cornell University,1996,2013,,CAYUGA MEDICAL CENTER,42.4689850720001,-76.537484161,4.602820788088144,,,,,,,46,359,education,17,0,17,False,0,0,0,0,,1996,2013,,2013.0,,0,0
https://openalex.org/A5076810702,Evelyn Taiwo,https://openalex.org/I867280407,The University of Texas Southwestern Medical Center,2009,2016,0000-0003-4829-4231,TEXAS SCOTTISH RITE HOSPITAL FOR CHILDREN,32.8019769000001,-96.81431331,2.221486976455084,,,0000-0003-4829-4231,,,Q60324626,39,153,healthcare,7,0,7,False,0,1,1,0,,2009,2022,,2022.0,,0,0
https://openalex.org/A5076810702,Evelyn Taiwo,https://openalex.org/I4210117211,Kings County Hospital Center,2014,2022,0000-0003-4829-4231,KINGS COUNTY HOSPITAL CENTER,40.656616381,-73.94469079,0.0295308860604774,,,0000-0003-4829-4231,,,Q60324626,39,153,healthcare,8,0,8,False,0,1,1,0,,2009,2022,,2022.0,,0,0
https://openalex.org/A5042314072,Anuj Kumar Sharma,https://openalex.org/I205783295,Cornell University,2010,2023,0000-0001-5061-9731,CAYUGA MEDICAL CENTER,42.4689850720001,-76.537484161,4.602820788088144,,,0000-0001-5061-9731,,Princeton University,Q57334479,99,1364,education,13,0,13,False,0,0,1,0,,2010,2023,,2023.0,,0,0
https://openalex.org/A5101621720,A Yen,https://openalex.org/I205783295,Cornell University,1990,2006,0000-0001-9469-360X,CAYUGA MEDICAL CENTER,42.4689850720001,-76.537484161,4.602820788088144,,,0000-0003-2094-4845,,,Q89125740,26,578,education,16,0,16,False,0,0,0,0,,1990,2006,,2006.0,,0,0
https://openalex.org/A5056281825,Harold G. Halcrow,https://openalex.org/I2801919071,University of Illinois System,1957,1969,,THE CARLE FOUNDATION HOSPITAL,40.117041763,-88.2149486599999,0.9700495398343928,,,,,,,68,342,education,12,0,12,False,0,0,0,0,,1957,1969,,1969.0,,0,0
https://openalex.org/A5036634401,M. A. Mischna,https://openalex.org/I122411786,California Institute of Technology,2004,2021,0000-0002-8022-5319,HUNTINGTON MEMORIAL HOSPITAL,34.1343853610001,-118.152983944,1.6808094672688991,,,0000-0002-8022-5319,,,Q59671840,245,3876,education,17,1,17,False,0,0,0,0,,2004,2021,,2021.0,,0,0
https://openalex.org/A5080118718,Linda M. Gerber,https://openalex.org/I205783295,Cornell University,1980,2025,0000-0003-0081-3338,CAYUGA MEDICAL CENTER,42.4689850720001,-76.537484161,4.602820788088144,,,0000-0003-0081-3338,,,Q90832093,253,6329,education,45,1,45,False,0,0,1,0,,1980,2025,,2025.0,,0,0
https://openalex.org/A5082396075,Allison D. Binley,https://openalex.org/I67031392,Carleton University,2019,2025,0000-0001-8790-9935,,,,,,,,,,,42,490,education,6,0,6,False,0,0,0,0,,2019,2025,,2025.0,,0,0
https://openalex.org/A5081502221,Nuria Ferrándiz,https://openalex.org/I47508984,Imperial College London,2014,2022,0000-0002-7410-3470,,,,,,,0000-0002-7410-3470,,,Q59537978,32,707,education,8,1,8,False,0,0,0,0,,2014,2022,,2022.0,,0,0
https://openalex.org/A5050731864,William S. Blau,https://openalex.org/I114027177,University of North Carolina at Chapel Hill,1992,2013,,UNIVERSITY OF NORTH CAROLINA HOSPITALS,35.9045427030001,-79.049689229,1.110654999538604,,,,,,Q102147015,45,1047,education,21,0,21,False,0,1,0,0,,1981,2013,,2013.0,,0,0
https://openalex.org/A5050731864,William S. Blau,https://openalex.org/I205783295,Cornell University,1981,1994,,CAYUGA MEDICAL CENTER,42.4689850720001,-76.537484161,4.602820788088144,,,,,,Q102147015,45,1047,education,13,0,13,False,0,1,0,0,,1981,2013,,2013.0,,0,0
https://openalex.org/A5078384124,G.S. Hobson,https://openalex.org/I91136226,University of Sheffield,1968,1989,,,,,,,,,,,,94,480,education,21,0,21,False,0,0,0,0,,1968,1989,,1989.0,,0,0
https://openalex.org/A5039811745,Michael R. Page,https://openalex.org/I52357470,The Ohio State University,2014,2020,0000-0001-6257-2109,GRANT MEDICAL CENTER,39.9609732750001,-82.991001983,0.6641611863192901,,,0000-0001-6257-2109,,,Q59639250,95,819,education,6,1,6,False,0,0,0,0,,2014,2020,,2020.0,,0,0
https://openalex.org/A5022343711,Olivia Vergnolle,https://openalex.org/I129975664,Albert Einstein College of Medicine,2013,2025,,MONTEFIORE MED CENTER - JACK D WEILER HOSP OF A EINSTEIN COLLEGE DIV,40.8498892050001,-73.845890219,1.725880782221752,,,,,,,35,2234,education,12,0,12,False,0,0,0,0,,2013,2025,,2025.0,,0,0
https://openalex.org/A5103055135,Ayako Hashimoto,https://openalex.org/I74801974,The University of Tokyo,1984,2025,0000-0003-0084-0432,,,,,,,0000-0001-6623-8546,,,Q88967471,70,7755,education,41,1,41,False,0,0,1,0,,1984,2025,,2025.0,,0,0
https://openalex.org/A5035488258,Michael T. Ropacki,https://openalex.org/I205783295,Cornell University,2019,2025,,CAYUGA MEDICAL CENTER,42.4689850720001,-76.537484161,4.602820788088144,,,,,,,45,772,education,6,1,6,False,0,0,0,0,,2006,2025,,2025.0,,0,0
https://openalex.org/A5035488258,Michael T. Ropacki,https://openalex.org/I26347476,Loma Linda University,2006,2017,,LOMA LINDA UNIVERSITY MEDICAL CENTER,34.0496668370001,-117.264012364,0.3018469832028956,,,,,,,45,772,education,11,1,11,False,0,0,0,0,,2006,2025,,2025.0,,0,0
https://openalex.org/A5032635330,Monica Rosèn,https://openalex.org/I27837315,University of Michigan–Ann Arbor,2016,2025,0000-0002-0567-2821,UNIVERSITY OF MICHIGAN HEALTH SYSTEM,42.283191747,-83.728707796,1.181076648372232,,,0000-0001-6179-4025,,Yale University,Q55089358,94,1501,education,9,0,9,False,0,0,1,0,,2016,2025,,2025.0,,0,0
https://openalex.org/A5027510488,Hao Zhou,https://openalex.org/I183067930,Shanghai Jiao Tong University,2011,2025,0000-0001-7131-3758,,,,,,,0000-0001-7131-3758,,Moderna,Q89291217,177,5756,education,14,0,14,False,0,0,1,0,,2000,2025,,2025.0,,0,0
https://openalex.org/A5027510488,Hao Zhou,https://openalex.org/I24185976,Sichuan University,2000,2011,0000-0001-7131-3758,,,,,,,0000-0001-7131-3758,,Moderna,Q89291217,177,5756,education,11,0,11,False,0,0,1,0,,2000,2025,,2025.0,,0,0
https://openalex.org/A5079574564,John Moore,https://openalex.org/I205783295,Cornell University,1958,2016,,CAYUGA MEDICAL CENTER,42.4689850720001,-76.537484161,4.602820788088144,1937.0,2019.0,,,,Q93557,59,577,education,58,0,50,True,0,0,0,0,82.0,1958,2016,21.0,2016.0,3.0,0,0
https://openalex.org/A5009378425,Frank Jordan,https://openalex.org/I102322142,"Rutgers, The State University of New Jersey",1972,2023,0000-0003-1354-718X,CHILDREN'S SPECIALIZED HOSPITAL,40.494825098,-74.451690392,0.9569060123417374,,,0000-0003-1354-718X,,Rutgers University–Newark,Q87901587,377,10764,education,51,1,50,True,0,0,1,0,,1972,2023,,2023.0,,0,0
https://openalex.org/A5067182924,Thomas P. Almy,https://openalex.org/I205783295,Cornell University,1949,1968,,CAYUGA MEDICAL CENTER,42.4689850720001,-76.537484161,4.602820788088144,,,,,,,136,2617,education,19,0,19,False,0,0,1,0,,1949,1992,,1992.0,,0,0
https://openalex.org/A5067182924,Thomas P. Almy,https://openalex.org/I107672454,Dartmouth College,1970,1992,,MARY HITCHCOCK MEMORIAL HOSPITAL,43.676191551,-72.273334642,3.181110935585393,,,,,,,136,2617,education,22,0,22,False,0,0,1,0,,1949,1992,,1992.0,,0,0
https://openalex.org/A5101872110,S. Subramanian,https://openalex.org/I215927,University of Madras,1966,2020,0000-0001-5155-073X,,,,,,,0000-0003-2365-4165,n2014187057,Harvard University,Q67343781,81,2632,education,54,1,50,True,0,0,1,0,,1966,2020,,2020.0,,0,0
https://openalex.org/A5091746173,Ethan A. Halm,https://openalex.org/I98704320,Icahn School of Medicine at Mount Sinai,1998,2011,0000-0003-3042-2741,NEW YORK-PRESBYTERIAN/LOWER MANHATTAN HOSPITAL,40.7105167880001,-74.0052978259999,0.4212931995566836,,,,n89230293,,Q114454713,474,17646,education,13,1,13,False,0,1,1,1,,1998,2025,,2025.0,,0,0
https://openalex.org/A5091746173,Ethan A. Halm,https://openalex.org/I102322142,"Rutgers, The State University of New Jersey",2008,2025,0000-0003-3042-2741,CHILDREN'S SPECIALIZED HOSPITAL,40.494825098,-74.451690392,0.9569060123417374,,,,n89230293,,Q114454713,474,17646,education,17,1,17,False,0,1,1,1,,1998,2025,,2025.0,,0,0
https://openalex.org/A5070221807,Jeffrey S. Ross,https://openalex.org/I63966007,Massachusetts Institute of Technology,1983,2019,0000-0001-5865-6828,SPAULDING HOSPITAL FOR CONTINUING MED CARE CAMBRIDGE,42.3753221040001,-71.106943456,0.1122862784625716,,,0000-0001-5865-6828,n88052138,Los Alamos National Laboratory,Q37834177,965,35126,education,36,1,36,False,0,1,1,0,,1983,2024,,2024.0,,0,0
https://openalex.org/A5070221807,Jeffrey S. Ross,https://openalex.org/I4210146710,Mayo Clinic in Florida,2016,2024,0000-0001-5865-6828,UF HEALTH JACKSONVILLE,30.3485052390001,-81.664274824,1.9951802358513129,,,0000-0001-5865-6828,n88052138,Los Alamos National Laboratory,Q37834177,965,35126,healthcare,8,1,8,False,0,1,1,0,,1983,2024,,2024.0,,0,0
https://openalex.org/A5100665672,Tao Xu,https://openalex.org/I177933477,Second Military Medical University,2007,2025,0000-0003-1984-1689,,,,,,,0000-0003-1984-1689,,Shanghai Changzheng Hospital,Q93194718,131,1814,education,18,0,18,False,0,0,1,0,,2007,2025,,2025.0,,0,0
https://openalex.org/A5052721323,Danuta Kruk,https://openalex.org/I126596746,Jagiellonian University,1993,2011,0000-0003-3083-9395,,,,,,,0000-0003-3083-9395,,Adam Mickiewicz University in Poznań,Q58472165,212,3420,education,18,1,18,False,0,0,1,0,,1993,2025,,2025.0,,0,0
https://openalex.org/A5052721323,Danuta Kruk,https://openalex.org/I47996466,University of Warmia and Mazury in Olsztyn,2011,2025,0000-0003-3083-9395,,,,,,,0000-0003-3083-9395,,Adam Mickiewicz University in Poznań,Q58472165,212,3420,education,14,1,14,False,0,0,1,0,,1993,2025,,2025.0,,0,0
https://openalex.org/A5087197099,Zora Singh,https://openalex.org/I899646,Punjab Agricultural University,1987,2016,0000-0002-2946-172X,,,,,,,0000-0002-2946-172X,,Edith Cowan University,Q88715016,267,6683,education,29,0,29,False,0,0,1,0,,1987,2016,,2016.0,,0,0
https://openalex.org/A5019198912,Ricky Chachra,https://openalex.org/I205783295,Cornell University,2011,2018,,CAYUGA MEDICAL CENTER,42.4689850720001,-76.537484161,4.602820788088144,,,,,,,10,400,education,7,0,7,False,0,0,0,0,,2011,2018,,2018.0,,0,0
https://openalex.org/A5111681812,WilliamR. Shapiro,https://openalex.org/I205783295,Cornell University,1984,1990,,CAYUGA MEDICAL CENTER,42.4689850720001,-76.537484161,4.602820788088144,,,,,,,4,145,education,6,0,6,False,0,1,0,1,,1984,1990,,1990.0,,0,0
https://openalex.org/A5113860695,Lei Li,https://openalex.org/I99065089,Tsinghua University,2004,2025,0000-0002-6055-9119,,,,,,,,nr91042230,,Q15939621,154,3950,education,21,1,21,False,0,0,1,0,,2004,2025,,2025.0,,0,0
https://openalex.org/A5068718131,Anders M. Lindroth,https://openalex.org/I205783295,Cornell University,2005,2012,0000-0002-8291-2745,CAYUGA MEDICAL CENTER,42.4689850720001,-76.537484161,4.602820788088144,,,0000-0002-8291-2745,,Cornell University,Q55187849,59,10582,education,7,0,7,False,0,1,0,0,,1996,2025,,2025.0,,0,0
https://openalex.org/A5068718131,Anders M. Lindroth,https://openalex.org/I4210120052,National Cancer Center,2014,2025,0000-0002-8291-2745,,,,,,,0000-0002-8291-2745,,Cornell University,Q55187849,59,10582,healthcare,11,0,11,False,0,0,0,0,,1996,2025,,2025.0,,0,0
https://openalex.org/A5068718131,Anders M. Lindroth,https://openalex.org/I298625061,Swedish University of Agricultural Sciences,1996,2009,0000-0002-8291-2745,,,,,,,0000-0002-8291-2745,,Cornell University,Q55187849,59,10582,education,13,0,13,False,0,1,0,0,,1996,2025,,2025.0,,0,0
https://openalex.org/A5034999767,Mark Schroeder,https://openalex.org/I83399316,Rockefeller University,2001,2025,0000-0002-1360-9021,NEW YORK-PRESBYTERIAN/LOWER MANHATTAN HOSPITAL,40.7105167880001,-74.0052978259999,0.4212931995566836,,,0000-0003-4924-8990,,,Q61161399,199,9007,education,24,0,24,False,0,1,1,0,,1995,2025,,2025.0,,0,0
https://openalex.org/A5034999767,Mark Schroeder,https://openalex.org/I170201317,University of Pittsburgh,1995,2005,0000-0002-1360-9021,UPMC MERCY,40.436099,-79.985113999,1.041360910333493,,,0000-0003-4924-8990,,,Q61161399,199,9007,education,10,0,10,False,0,1,1,0,,1995,2025,,2025.0,,0,0
https://openalex.org/A5026449286,Ed Stover,https://openalex.org/I33213144,University of Florida,1997,2017,0000-0002-8979-0955,SHANDS HOSPITAL,29.639990133,-82.342864823,2.170901615578337,,,0000-0002-8979-0955,,Agricultural Research Service,Q90482468,167,3860,education,20,1,20,False,0,1,1,0,,1997,2021,,2021.0,,0,0
https://openalex.org/A5026449286,Ed Stover,https://openalex.org/I103635307,"University of California, Riverside",2014,2021,0000-0002-8979-0955,PACIFIC GROVE HOSPITAL,33.9623063870001,-117.3952935,0.999106203949626,,,0000-0002-8979-0955,,Agricultural Research Service,Q90482468,167,3860,education,7,1,7,False,0,1,1,0,,1997,2021,,2021.0,,0,0
https://openalex.org/A5066375463,Jae W. Song,https://openalex.org/I40542001,University of Ulsan,2006,2025,0000-0002-3127-6427,,,,,,,0000-0002-3127-6427,,Hospital of the University of Pennsylvania,Q90021997,126,2625,education,19,0,19,False,0,1,1,1,,2006,2025,,2025.0,,0,0
https://openalex.org/A5040072751,Anastasia K. Yocum,https://openalex.org/I27837315,University of Michigan–Ann Arbor,2008,2025,0000-0002-1592-0825,UNIVERSITY OF MICHIGAN HEALTH SYSTEM,42.283191747,-83.728707796,1.181076648372232,,,0000-0002-1592-0825,,,Q123250350,96,3362,education,17,1,17,False,0,0,1,0,,2008,2025,,2025.0,,0,0
https://openalex.org/A5007699357,Sanjib Moulick,https://openalex.org/I145894827,Indian Institute of Technology Kharagpur,2002,2017,0000-0001-7192-3433,,,,,,,0000-0001-7192-3433,,Kalinga Institute of Industrial Technology,Q96191704,65,874,education,15,0,15,False,0,0,1,0,,2002,2017,,2017.0,,0,0
https://openalex.org/A5056352168,Julia K. Goodrich,https://openalex.org/I205783295,Cornell University,2011,2019,0000-0003-0480-1924,CAYUGA MEDICAL CENTER,42.4689850720001,-76.537484161,4.602820788088144,,,,,,,101,58430,education,8,0,8,False,0,0,0,0,,2011,2019,,2019.0,,0,0
https://openalex.org/A5017114236,NEIL K. ALLEN,https://openalex.org/I157725225,University of Illinois Urbana-Champaign,1970,2020,,THE CARLE FOUNDATION HOSPITAL,40.117041763,-88.2149486599999,0.9700766454096008,1958.0,,,,,Q6988232,36,746,education,50,0,50,False,0,0,0,0,,1970,2020,,2020.0,,1,0
https://openalex.org/A5010574700,Joseph P. Cusumano,https://openalex.org/I130769515,Pennsylvania State University,1990,2026,0000-0001-5451-6721,MOUNT NITTANY MEDICAL CENTER,40.8185483410001,-77.842589845,3.158028882678651,,,,,,,130,4244,education,36,0,36,False,0,0,0,0,,1990,2026,,2026.0,,0,0
https://openalex.org/A5112151291,Shirley Samuels,https://openalex.org/I205783295,Cornell University,2000,2020,,CAYUGA MEDICAL CENTER,42.4689850720001,-76.537484161,4.602820788088144,,,,n93007310,,Q59610930,93,833,education,20,0,20,False,0,0,0,0,,2000,2020,,2020.0,,0,0
https://openalex.org/A5052048627,Noopur Raje,https://openalex.org/I136199984,Harvard University,1999,2025,0000-0003-3066-1275,SPAULDING HOSPITAL FOR CONTINUING MED CARE CAMBRIDGE,42.3753221040001,-71.106943456,0.1122862784625716,,,,,,Q114442101,1025,43411,education,26,1,26,False,0,1,1,1,,1995,2025,,2025.0,,0,0
https://openalex.org/A5052048627,Noopur Raje,https://openalex.org/I1325846038,Royal Marsden NHS Foundation Trust,1995,2001,0000-0003-3066-1275,,,,,,,,,,Q114442101,1025,43411,healthcare,6,1,6,False,0,1,1,1,,1995,2025,,2025.0,,0,0
https://openalex.org/A5055615806,Xiuzhong Shen,https://openalex.org/I22299242,Kyoto University,2004,2025,0000-0003-2257-0269,,,,,,,,,,,75,1503,education,21,0,21,False,0,0,1,0,,2004,2025,,2025.0,,0,0
https://openalex.org/A5111626214,C. L. Guard,https://openalex.org/I205783295,Cornell University,1984,2016,,CAYUGA MEDICAL CENTER,42.4689850720001,-76.537484161,4.602820788088144,,,0000-0002-3150-8566,,,Q61830438,23,761,education,32,0,32,False,0,0,1,0,,1984,2016,,2016.0,,0,0
https://openalex.org/A5101455606,Jonathan Kim,https://openalex.org/I78577930,Columbia University,2016,2025,0000-0003-2594-3251,NEW YORK-PRESBYTERIAN/LOWER MANHATTAN HOSPITAL,40.7105167880001,-74.0052978259999,0.4211660176629024,1955.0,,,no96035344,,Q150482,49,1721,education,9,0,9,False,0,0,0,0,,2016,2025,,2025.0,,1,0
https://openalex.org/A5032181161,Gail E. Hafley,https://openalex.org/I170897317,Duke University,2001,2016,,DUKE UNIVERSITY HOSPITAL,36.0070497990001,-78.937758112,3.8068183114717904,,,,,,Q114444305,47,6206,education,15,1,15,False,0,0,1,0,,2001,2016,,2016.0,,0,0
https://openalex.org/A5108410764,Jack W. C. Hagstrom,https://openalex.org/I205783295,Cornell University,1963,1969,,CAYUGA MEDICAL CENTER,42.4689850720001,-76.537484161,4.602820788088144,,,,,,,51,1565,education,6,0,6,False,0,1,1,1,,1963,1984,,1984.0,,0,0
https://openalex.org/A5108410764,Jack W. C. Hagstrom,https://openalex.org/I78577930,Columbia University,1972,1984,,NEW YORK-PRESBYTERIAN/LOWER MANHATTAN HOSPITAL,40.7105167880001,-74.0052978259999,0.4211660176629024,,,,,,,51,1565,education,12,0,12,False,0,0,1,1,,1963,1984,,1984.0,,0,0
https://openalex.org/A5108458147,J.S. Jacobson,https://openalex.org/I78577930,Columbia University,2001,2012,,NEW YORK-PRESBYTERIAN/LOWER MANHATTAN HOSPITAL,40.7105167880001,-74.0052978259999,0.4211660176629024,,,,,,,50,842,education,11,0,11,False,0,0,1,0,,1976,2012,,2012.0,,0,0
https://openalex.org/A5108458147,J.S. Jacobson,https://openalex.org/I205783295,Cornell University,1976,1995,,CAYUGA MEDICAL CENTER,42.4689850720001,-76.537484161,4.602820788088144,,,,,,,50,842,education,19,0,19,False,0,0,1,0,,1976,2012,,2012.0,,0,0
https://openalex.org/A5070051249,Mauro Ferrari,https://openalex.org/I108290504,University of Pisa,1986,2024,0000-0001-7042-0236,,,,,1952.0,,0000-0001-7042-0236,,,Q57944715,899,18698,education,38,1,38,False,0,0,1,0,,1986,2024,34.0,2024.0,,0,0
https://openalex.org/A5109809555,D. K. Kido,https://openalex.org/I204465549,Washington University in St. Louis,1995,2001,,VA MEDICAL CENTER - JOHN COCHRAN DIVISION,38.6423845620001,-90.2312485419999,3.34963558672706,,,,,,,11,639,education,6,1,6,False,0,0,0,0,,1995,2001,,2001.0,,0,0
https://openalex.org/A5000858530,B. M. Rayson,https://openalex.org/I205783295,Cornell University,1985,1993,,CAYUGA MEDICAL CENTER,42.4689850720001,-76.537484161,4.602820788088144,,,,,,,16,350,education,8,0,8,False,0,0,0,0,,1976,1993,,1993.0,,0,0
https://openalex.org/A5000858530,B. M. Rayson,https://openalex.org/I165779595,University of Melbourne,1976,1984,,,,,,,,,,,,16,350,education,8,0,8,False,0,0,0,0,,1976,1993,,1993.0,,0,0
https://openalex.org/A5090827566,Anne M. Covey,https://openalex.org/I205783295,Cornell University,2001,2025,0000-0002-1477-8468,CAYUGA MEDICAL CENTER,42.4689850720001,-76.537484161,4.602820788088144,,,0000-0002-1477-8468,,Memorial Sloan Kettering Cancer Center,Q98383001,314,12478,education,24,0,24,False,0,1,1,1,,2001,2025,,2025.0,,0,0
https://openalex.org/A5038316847,Michelle Yu,https://openalex.org/I177725633,Chinese University of Hong Kong,1988,2025,0000-0002-3131-5510,,,,,1901.0,,,,,Q6837303,51,679,education,37,0,37,False,0,0,1,0,,1988,2025,,2025.0,,1,0
https://openalex.org/A5052979882,Thomas French,https://openalex.org/I135768898,Ritsumeikan University,2014,2022,,,,,,1958.0,,,n90694275,Indiana University,Q7789827,67,427,education,8,0,8,False,0,0,0,0,,2014,2022,,2022.0,,1,0
https://openalex.org/A5040570752,Mai N. Nguyen‐Huynh,https://openalex.org/I180670191,"University of California, San Francisco",2005,2012,0000-0002-8228-0282,LAGUNA HONDA HOSPITAL AND REHABILITATION CENTER,37.7743640780001,-122.425873352,0.5706740882305078,,,,,,,118,5503,education,7,1,7,False,0,0,0,0,,2005,2025,,2025.0,,0,0
https://openalex.org/A5040570752,Mai N. Nguyen‐Huynh,https://openalex.org/I4210101532,Kaiser Permanente Walnut Creek Medical Center,2016,2025,0000-0002-8228-0282,KAISER FND HOSP - WALNUT CREEK,37.891346362,-122.058839307,0.0036562607692768,,,,,,,118,5503,healthcare,9,1,9,False,0,0,0,0,,2005,2025,,2025.0,,0,0
https://openalex.org/A5052081708,David G. Hankin,https://openalex.org/I192389796,Humboldt State University,1982,2019,,MAD RIVER COMMUNITY HOSPITAL,40.896056586,-124.091189222,3.3584889990550923,1949.0,,,,,Q112556542,73,1765,education,37,0,37,False,0,0,0,0,,1982,2019,33.0,2019.0,,0,0
https://openalex.org/A5056604183,Margaret Connors,https://openalex.org/I205783295,Cornell University,1996,2002,,CAYUGA MEDICAL CENTER,42.4689850720001,-76.537484161,4.602820788088144,2000.0,,,,,Q124220412,20,3061,education,6,0,6,False,0,0,0,0,,1996,2002,,2002.0,,1,0
https://openalex.org/A5077722336,Michael P. Marshak,https://openalex.org/I188538660,University of Colorado Boulder,2016,2024,0000-0002-8027-2705,BOULDER COMMUNITY HOSPITAL,40.0260605190001,-105.283258697,1.6387034302815886,,,0000-0002-8027-2705,,Harvard University,Q81587782,130,4185,education,8,0,8,False,0,0,1,0,,2005,2024,,2024.0,,0,0
https://openalex.org/A5077722336,Michael P. Marshak,https://openalex.org/I205783295,Cornell University,2005,2013,0000-0002-8027-2705,CAYUGA MEDICAL CENTER,42.4689850720001,-76.537484161,4.602820788088144,,,0000-0002-8027-2705,,Harvard University,Q81587782,130,4185,education,8,0,8,False,0,0,1,0,,2005,2024,,2024.0,,0,0
https://openalex.org/A5045759301,W. R. Sears,https://openalex.org/I205783295,Cornell University,1947,1974,,CAYUGA MEDICAL CENTER,42.4689850720001,-76.537484161,4.602820788088144,,,,,,,96,4098,education,27,0,27,False,0,0,0,0,,1947,1995,,1995.0,,0,0
https://openalex.org/A5045759301,W. R. Sears,https://openalex.org/I138006243,University of Arizona,1976,1995,,"UNIVERSITY OF ARIZONA MEDICAL CENTER- UNIVERSITY CAMPUS, THE",32.241073209,-110.946120188,2.83445977107909,,,,,,,96,4098,education,19,0,19,False,0,0,0,0,,1947,1995,,1995.0,,0,0
https://openalex.org/A5075980565,Justine E. Vanden Heuvel,https://openalex.org/I205783295,Cornell University,2009,2025,0000-0003-1288-1880,CAYUGA MEDICAL CENTER,42.4689850720001,-76.537484161,4.602820788088144,,,,,,,95,1464,education,16,0,16,False,0,1,1,0,,2004,2025,,2025.0,,0,0
https://openalex.org/A5075980565,Justine E. Vanden Heuvel,https://openalex.org/I24603500,University of Massachusetts Amherst,2004,2010,0000-0003-1288-1880,COOLEY DICKINSON HOSPITAL,42.3302,-72.6532,12.099031162779085,,,,,,,95,1464,education,6,0,6,False,0,1,1,0,,2004,2025,,2025.0,,0,0
https://openalex.org/A5034497259,Valerie Le Rouzic,https://openalex.org/I1334819555,Memorial Sloan Kettering Cancer Center,2011,2025,,NEW YORK-PRESBYTERIAN/LOWER MANHATTAN HOSPITAL,40.7105167880001,-74.0052978259999,0.4212931995566836,,,,,,,30,1314,healthcare,14,0,14,False,0,0,0,0,,2011,2025,,2025.0,,0,0
https://openalex.org/A5089501173,Dan Baechle,https://openalex.org/I58956616,Case Western Reserve University,2003,2009,,LUTHERAN HOSPITAL,41.4876333760001,-81.707262893,1.6479325770104616,,,,,,,6,84,education,6,0,6,False,0,0,0,0,,2003,2009,,2009.0,,0,0
https://openalex.org/A5012533253,Jayendra Sharma,https://openalex.org/I1340179700,NewYork–Presbyterian Hospital,1997,2010,0000-0001-6500-8546,NEW YORK-PRESBYTERIAN/LOWER MANHATTAN HOSPITAL,40.7105167880001,-74.0052978259999,0.4212931995566836,,,0000-0001-6500-8546,,,Q95965701,76,31146,healthcare,13,0,13,False,0,0,1,0,,1997,2010,,2010.0,,0,0
https://openalex.org/A5041378159,Jules M. Goldspiel,https://openalex.org/I205783295,Cornell University,1988,2000,,CAYUGA MEDICAL CENTER,42.4689850720001,-76.537484161,4.602820788088144,,,,,,,24,380,education,12,0,12,False,0,0,0,0,,1988,2000,,2000.0,,0,0
https://openalex.org/A5108194692,Ercan Akgün,https://openalex.org/I159176309,Universität Hamburg,1989,2017,,,,,,,,,,,,11,666,education,28,1,28,False,0,0,0,0,,1989,2017,,2017.0,,0,0
https://openalex.org/A5011689017,Glenn J. Gormley,https://openalex.org/I1285764155,"Merck & Co., Inc., Rahway, NJ, USA (United States)",1990,1999,,KINDRED HOSPITAL NEW JERSEY - RAHWAY,40.6128375580001,-74.290563839,1.2078322394441514,,,,,,,57,5536,company,9,0,9,False,0,0,0,0,,1990,1999,,1999.0,,0,0
https://openalex.org/A5007608014,Jaume Lordan,https://openalex.org/I205783295,Cornell University,2017,2023,0000-0002-1599-0348,CAYUGA MEDICAL CENTER,42.4689850720001,-76.537484161,4.602820788088144,,,,,,Q130804015,65,1005,education,6,1,6,False,0,0,0,0,,2017,2023,,2023.0,,0,0
https://openalex.org/A5040560654,Manuela O. Ramalho,https://openalex.org/I879563668,Universidade Estadual Paulista (Unesp),2008,2021,0000-0002-8144-6172,,,,,,,0000-0002-8144-6172,,Cornell University,Q89376114,48,551,education,13,0,13,False,0,0,0,0,,2008,2021,,2021.0,,0,0
https://openalex.org/A5082121413,Francesco De Bernardis,https://openalex.org/I204250578,"University of California, Irvine",2008,2015,,KAISER FND HOSP - IRVINE,33.6582356330001,-117.774927793,4.630539805676765,,,,,,,59,2959,education,7,0,7,False,0,1,0,0,,1992,2015,,2015.0,,0,0
https://openalex.org/A5082121413,Francesco De Bernardis,https://openalex.org/I861853513,Sapienza University of Rome,1992,2011,,,,,,,,,,,,59,2959,education,19,0,19,False,0,1,0,0,,1992,2015,,2015.0,,0,0
https://openalex.org/A5049029574,Michelle Naidoo,https://openalex.org/I174216632,City University of New York,2014,2021,0000-0001-7880-8868,NEW YORK-PRESBYTERIAN/LOWER MANHATTAN HOSPITAL,40.7105167880001,-74.0052978259999,0.4211660176629024,,,0000-0001-7880-8868,,,Q99552060,41,187,education,7,0,7,False,0,1,0,1,,2014,2021,,2021.0,,0,0
https://openalex.org/A5069165408,L.A. Stark,https://openalex.org/I200576644,HRL Laboratories (United States),1961,1975,,LOS ROBLES HOSPITAL & MEDICAL CENTER - EAST CAMPUS,34.1549388720001,-118.815736391,14.727041000707375,,,,,,,21,310,company,14,0,14,False,0,0,0,0,,1961,1975,,1975.0,,0,0
https://openalex.org/A5112772349,K. K. Wu,https://openalex.org/I4210088416,Hawaii Agriculture Research Center,1977,2003,,QUEEN'S MEDICAL CENTER WEST,21.372341052,-158.026815338,2.3983812803631137,1938.0,,0000-0001-8739-6965,n85342190,ETH Zurich,Q110957,16,778,nonprofit,26,0,26,False,0,0,0,0,,1977,2003,39.0,2003.0,,0,0
https://openalex.org/A5066348272,J.P. Roozen,https://openalex.org/I913481162,Wageningen University & Research,1972,2010,,,,,,,,,,,,132,2548,education,38,1,38,False,0,0,0,0,,1972,2010,,2010.0,,0,0
https://openalex.org/A5015468934,Bože Sušac,https://openalex.org/I1334819555,Memorial Sloan Kettering Cancer Center,2014,2021,0000-0003-4330-949X,NEW YORK-PRESBYTERIAN/LOWER MANHATTAN HOSPITAL,40.7105167880001,-74.0052978259999,0.4212931995566836,,,,,,,18,1144,healthcare,7,0,7,False,0,0,0,0,,2014,2021,,2021.0,,0,0
https://openalex.org/A5055890962,Daniel Metzger,https://openalex.org/I123534392,University of North Texas,2008,2023,,UNIVERSITY BEHAVIORAL HEALTH OF DENTON,33.231285402,-97.156446707,2.841186621024928,1961.0,,0000-0002-5555-046X,nb2007000559,,Q38318097,45,275,education,15,0,15,False,0,1,0,1,,2008,2023,47.0,2023.0,,0,0
https://openalex.org/A5046396891,P. P. Peressini,https://openalex.org/I1341412227,IBM (United States),1971,2003,,WESTCHESTER MEDICAL CENTER,41.0860907520001,-73.8049547749999,7.506926990578244,,,,,,,17,285,company,32,0,32,False,0,0,0,0,,1971,2003,,2003.0,,0,0
https://openalex.org/A5020354560,Alan H. Matsumoto,https://openalex.org/I51556381,University of Virginia,1991,2024,0000-0001-7162-1590,UNIVERSITY OF VIRGINIA MEDICAL CENTER,38.0313397960001,-78.498687078,1.94069342766774,,,,,,Q63001754,314,9151,education,33,0,33,False,0,0,1,0,,1991,2024,,2024.0,,0,0
https://openalex.org/A5060661202,Whitney E. Parker,https://openalex.org/I205783295,Cornell University,2015,2021,,CAYUGA MEDICAL CENTER,42.4689850720001,-76.537484161,4.602820788088144,,,,,,,26,1091,education,6,0,6,False,0,1,0,1,,2005,2021,,2021.0,,0,0
https://openalex.org/A5060661202,Whitney E. Parker,https://openalex.org/I79576946,University of Pennsylvania,2005,2012,,MAGEE REHABILITATION HOSPITAL,39.9568141240001,-75.16527023,0.5127238287837673,,,,,,,26,1091,education,7,0,7,False,0,0,0,1,,2005,2021,,2021.0,,0,0
https://openalex.org/A5046188913,Danwei Huangfu,https://openalex.org/I39965400,Kettering University,2002,2025,0000-0002-1145-6199,HURLEY MEDICAL CENTER,43.0211754010001,-83.7049563859999,1.7166391398536445,,,0000-0002-1145-6199,,Weill Cornell Graduate School of Medical Sciences,Q47159242,98,10525,education,23,0,23,False,0,0,1,0,,2002,2025,,2025.0,,0,0
https://openalex.org/A5017794813,Larry D. Geohring,https://openalex.org/I205783295,Cornell University,1986,2020,0000-0002-7987-3538,CAYUGA MEDICAL CENTER,42.4689850720001,-76.537484161,4.602820788088144,,,,,,,79,1469,education,34,0,34,False,0,0,0,0,,1986,2020,,2020.0,,0,0
https://openalex.org/A5109102482,Naziba Islam,https://openalex.org/I205783295,Cornell University,1988,2007,,CAYUGA MEDICAL CENTER,42.4689850720001,-76.537484161,4.602820788088144,,,,,,,20,1114,education,19,0,19,False,0,0,1,0,,1988,2007,,2007.0,,0,0
https://openalex.org/A5055298189,Alan P. Hudson,https://openalex.org/I185443292,Wayne State University,1998,2022,,VIBRA HOSPITAL OF SOUTHEASTERN MICHIGAN-DMC CAMPUS,42.349453146,-83.056102611,2.177234857543953,1951.0,,,nb2011010082,,Q1379894,191,7284,education,24,1,24,False,0,0,1,0,,1988,2022,37.0,2022.0,,0,0
https://openalex.org/A5055298189,Alan P. Hudson,https://openalex.org/I72816309,Drexel University,1988,1997,,MAGEE REHABILITATION HOSPITAL,39.9568141240001,-75.16527023,0.5126026831433603,1951.0,,,nb2011010082,,Q1379894,191,7284,education,9,1,9,False,0,0,1,0,,1988,2022,37.0,2022.0,,0,0
https://openalex.org/A5050971842,Kiran K. Andra,https://openalex.org/I39587148,Wichita State University,2010,2022,0000-0003-2204-0911,VIA CHRISTI HOSPITALS WICHITA INC,37.6998994530001,-97.332278145,0.9692118642717192,,,0000-0003-2204-0911,,Weill Cornell Medicine,Q61151313,15,169,education,12,0,12,False,0,0,0,0,,2010,2022,,2022.0,,0,0
https://openalex.org/A5111866807,Robert Ellsworth,https://openalex.org/I1340179700,NewYork–Presbyterian Hospital,1974,1988,,NEW YORK-PRESBYTERIAN/LOWER MANHATTAN HOSPITAL,40.7105167880001,-74.0052978259999,0.4212931995566836,1959.0,,,,,Q684105,9,178,healthcare,14,0,14,False,0,0,0,0,,1974,1988,,1988.0,,1,0
https://openalex.org/A5019661834,Charles Henderson,https://openalex.org/I4210144145,New York State University College of Human Ecology,2014,2025,0000-0003-0334-6739,CAYUGA MEDICAL CENTER,42.4689850720001,-76.537484161,4.602526242590402,,,0000-0003-0334-6739,,Western Michigan University,Q60061222,686,34360,education,11,0,11,False,0,0,1,0,,1945,2025,,2025.0,,0,0
https://openalex.org/A5019661834,Charles Henderson,https://openalex.org/I136199984,Harvard University,1945,2009,0000-0003-0334-6739,SPAULDING HOSPITAL FOR CONTINUING MED CARE CAMBRIDGE,42.3753221040001,-71.106943456,0.1122862784625716,,,0000-0003-0334-6739,,Western Michigan University,Q60061222,686,34360,education,64,0,50,True,0,1,1,0,,1945,2025,,2025.0,,0,0
https://openalex.org/A5019661834,Charles Henderson,https://openalex.org/I188538660,University of Colorado Boulder,2008,2014,0000-0003-0334-6739,BOULDER COMMUNITY HOSPITAL,40.0260605190001,-105.283258697,1.6387034302815886,,,0000-0003-0334-6739,,Western Michigan University,Q60061222,686,34360,education,6,0,6,False,0,1,1,0,,1945,2025,,2025.0,,0,0
https://openalex.org/A5019670033,Ming‐Guang Feng,https://openalex.org/I76130692,Zhejiang University,1999,2025,0000-0002-2657-0293,,,,,,,0000-0002-2657-0293,,Zhejiang University,Q87445693,304,10210,education,26,1,26,False,0,0,0,0,,1999,2025,,2025.0,,0,0
https://openalex.org/A5060743720,Samuel Dahan,https://openalex.org/I205783295,Cornell University,2012,2025,0000-0002-1079-8998,CAYUGA MEDICAL CENTER,42.4689850720001,-76.537484161,4.602820788088144,1984.0,,,,,Q135321652,46,161,education,13,0,13,False,0,1,0,1,,2012,2025,28.0,2025.0,,0,0
https://openalex.org/A5054681600,Ruth H. Marchwicki,https://openalex.org/I92664306,Walter Reed Army Institute of Research,1981,2018,,WALTER REED ARMY MEDICAL CENTER,38.9750271090001,-77.02963454,1.7660659914784356,,,,,,,26,1147,government,37,0,37,False,0,0,0,0,,1981,2018,,2018.0,,0,0
https://openalex.org/A5003625876,Mace Vaughan,https://openalex.org/I2802806801,Xerces Society,2009,2022,,OREGON STATE HOSPITAL  PORTLAND,45.531706672,-122.664059055,0.5375750179215187,,,,,,,28,2604,nonprofit,13,0,13,False,0,0,0,0,,2009,2022,,2022.0,,0,0
https://openalex.org/A5077397553,Georgios Ponirakis,https://openalex.org/I4210152471,Weill Cornell Medical College in Qatar,2014,2025,0000-0002-6936-1248,,,,,,,0000-0002-6936-1248,,Weill Cornell Medical College in Qatar,Q42320432,164,4756,education,11,0,11,False,0,0,0,0,,2014,2025,,2025.0,,0,0
https://openalex.org/A5005426652,Edward M. Postlethwait,https://openalex.org/I32389192,University of Alabama at Birmingham,2003,2016,,UNIVERSITY OF ALABAMA HOSPITAL,33.505603292,-86.8020353969999,1.6747599398826392,,,,,,,94,2790,education,13,0,13,False,0,0,1,0,,1980,2016,,2016.0,,0,0
https://openalex.org/A5005426652,Edward M. Postlethwait,https://openalex.org/I55302922,The University of Texas Medical Branch at Galveston,1989,2003,,SHRINERS HOSPITALS FOR CHILDREN,29.309494897,-94.7769909519999,2.2028339297682917,,,,,,,94,2790,education,14,0,14,False,0,0,1,0,,1980,2016,,2016.0,,0,0
https://openalex.org/A5005426652,Edward M. Postlethwait,https://openalex.org/I161318765,"University of California, Los Angeles",1980,1987,,LOS ANGELES AMBULATORY CARE CENTER,34.052015037,-118.238420471,0.4851399769279164,,,,,,,94,2790,education,7,0,7,False,0,0,1,0,,1980,2016,,2016.0,,0,0
https://openalex.org/A5008134383,Paula A. Pino,https://openalex.org/I45438204,The University of Texas at San Antonio,2011,2017,0000-0001-8626-926X,NIX HEALTH CARE SYSTEM,29.4256719860001,-98.48942,0.4427119885513327,,,0000-0001-8626-926X,,,Q92245147,66,2062,education,6,1,6,False,0,1,1,0,,2011,2025,,2025.0,,0,0
https://openalex.org/A5008134383,Paula A. Pino,https://openalex.org/I162148367,Pontificia Universidad Católica de Chile,2016,2025,0000-0001-8626-926X,,,,,,,0000-0001-8626-926X,,,Q92245147,66,2062,education,9,1,9,False,0,1,1,0,,2011,2025,,2025.0,,0,0
https://openalex.org/A5032870005,Ian H. de Boer,https://openalex.org/I201448701,University of Washington,2006,2025,0000-0003-1571-7592,VIRGINIA MASON MEDICAL CENTER,47.6097766840001,-122.327866797,0.5065369991246828,,,0000-0003-1571-7592,,University of Washington,Q88112320,592,39450,education,19,1,19,False,0,0,1,0,,2006,2025,,2025.0,,0,0
https://openalex.org/A5113625559,James B. Pollack,https://openalex.org/I205783295,Cornell University,1969,1975,,CAYUGA MEDICAL CENTER,42.4689850720001,-76.537484161,4.602820788088144,1938.0,1994.0,,n88032853,Ames Research Center,Q139753,464,31997,education,6,1,6,False,0,0,0,0,56.0,1969,1975,31.0,1975.0,19.0,0,0
https://openalex.org/A5110575652,Ki-Wook Kim,https://openalex.org/I53964585,Weizmann Institute of Science,2008,2021,,,,,,,,0000-0001-9579-6408,,University of New South Wales,Q57306930,92,11210,education,13,0,13,False,0,1,1,1,,2008,2025,,2025.0,,0,0
https://openalex.org/A5110575652,Ki-Wook Kim,https://openalex.org/I39422238,University of Illinois Chicago,2019,2025,,MERCY HOSPITAL AND MEDICAL CENTER,41.8468895830001,-87.621491598,2.3911404464142096,,,0000-0001-9579-6408,,University of New South Wales,Q57306930,92,11210,education,6,0,6,False,0,1,1,1,,2008,2025,,2025.0,,0,0
https://openalex.org/A5019301005,C A Sholl,https://openalex.org/I90745801,University of New England,1970,2008,,,,,,,,,,,,86,1466,education,38,0,38,False,0,0,1,0,,1970,2008,,2008.0,,0,0
https://openalex.org/A5050603691,J.K. Drackley,https://openalex.org/I157725225,University of Illinois Urbana-Champaign,1991,2025,0000-0002-4560-5594,THE CARLE FOUNDATION HOSPITAL,40.117041763,-88.2149486599999,0.9700766454096008,,,0000-0002-4560-5594,,,Q89830030,320,16495,education,34,1,34,False,0,1,1,1,,1991,2025,,2025.0,,0,0
https://openalex.org/A5066632072,Clinton Rossiter,https://openalex.org/I205783295,Cornell University,1948,2019,,CAYUGA MEDICAL CENTER,42.4689850720001,-76.537484161,4.602820788088144,1917.0,1970.0,,n50049724,University of Cambridge,Q3460114,144,1459,education,71,0,50,True,0,0,0,0,53.0,1948,2019,31.0,1970.0,0.0,0,0
https://openalex.org/A5090395619,Hey‐Joo Kang,https://openalex.org/I205783295,Cornell University,2003,2024,,CAYUGA MEDICAL CENTER,42.4689850720001,-76.537484161,4.602820788088144,,,,,,,35,619,education,21,1,21,False,0,0,0,0,,2003,2024,,2024.0,,0,0
https://openalex.org/A5064179616,John G. McHutchison,https://openalex.org/I4210146328,Scripps Clinic,1992,2010,,SCRIPPS MEMORIAL HOSPITAL - LA JOLLA,32.8851845070001,-117.225460206,2.4635314478578985,,,,,,Q114372198,697,77574,healthcare,18,1,18,False,0,0,1,0,,1992,2021,,2021.0,,0,0
https://openalex.org/A5064179616,John G. McHutchison,https://openalex.org/I31746571,UNSW Sydney,2010,2021,,,,,,,,,,,Q114372198,697,77574,education,11,1,11,False,0,0,1,0,,1992,2021,,2021.0,,0,0
https://openalex.org/A5029736763,Raquel Izumi,https://openalex.org/I4210167289,Vifor Pharma (United States),2014,2025,0000-0002-0895-2597,SAINT PETERS UNIVERSITY HOSPITAL,40.5011940100001,-74.459610239,2.474146260230168,,,,,,Q114341073,191,7123,company,11,0,11,False,0,0,0,0,,2014,2025,,2025.0,,0,0
https://openalex.org/A5082890386,Thomas R. Wentworth,https://openalex.org/I137902535,North Carolina State University,1983,2024,0000-0002-6363-9827,WAKEMED,35.784511348,-78.587901971,4.778060562524133,,,0000-0002-6363-9827,,,Q99240324,102,3172,education,41,0,41,False,0,0,0,0,,1983,2024,,2024.0,,0,0
https://openalex.org/A5109181513,James F. Cremer,https://openalex.org/I126307644,University of Iowa,1993,2021,,MERCY HOSPITAL,41.663871483,-91.5279013639999,0.3583894355645369,,,,,,Q102128533,80,2729,education,28,0,28,False,0,0,1,0,,1993,2021,,2021.0,,0,0
https://openalex.org/A5038113079,K. Panageas,https://openalex.org/I1334819555,Memorial Sloan Kettering Cancer Center,2003,2021,,NEW YORK-PRESBYTERIAN/LOWER MANHATTAN HOSPITAL,40.7105167880001,-74.0052978259999,0.4212931995566836,,,,,,,46,2514,healthcare,18,1,18,False,0,0,0,0,,2003,2021,,2021.0,,0,0
https://openalex.org/A5103004619,Murray A. Straus,https://openalex.org/I179093154,University of New Hampshire at Manchester,1973,2018,0000-0003-4200-589X,CATHOLIC MEDICAL CENTER,42.991565177,-71.4743109029999,0.6629884470272769,1926.0,2016.0,,n79132448,,Q20131287,385,49243,education,45,0,45,False,0,0,1,0,90.0,1973,2018,47.0,2016.0,0.0,0,0
https://openalex.org/A5044561340,K. Greisen,https://openalex.org/I205783295,Cornell University,1941,1977,,CAYUGA MEDICAL CENTER,42.4689850720001,-76.537484161,4.602820788088144,,,,,,,73,5731,education,36,0,36,False,0,0,0,0,,1941,1977,,1977.0,,0,0
https://openalex.org/A5014759982,Scott L. Parker,https://openalex.org/I129604602,University of Sydney,2006,2012,0000-0003-3798-2004,,,,,,,,,Vanderbilt University,Q91320297,29,466,education,6,0,6,False,0,1,0,1,,2006,2022,,2022.0,,0,0
https://openalex.org/A5014759982,Scott L. Parker,https://openalex.org/I208081647,Coastal Carolina University,2010,2022,0000-0003-3798-2004,CONWAY MEDICAL CENTER,33.785521837,-79.001827808,7.039427426013421,,,,,Vanderbilt University,Q91320297,29,466,education,12,0,12,False,0,1,0,1,,2006,2022,,2022.0,,0,0
https://openalex.org/A5085476501,P.H. Damgaard,https://openalex.org/I124055696,University of Copenhagen,1987,2023,0000-0003-3712-769X,,,,,,,0000-0003-3712-769X,,University of Copenhagen Niels Bohr Institute,Q63433417,199,6456,education,36,1,36,False,0,0,1,0,,1987,2023,,2023.0,,0,0
https://openalex.org/A5022148774,Christopher Foglia,https://openalex.org/I205783295,Cornell University,2004,2024,,CAYUGA MEDICAL CENTER,42.4689850720001,-76.537484161,4.602820788088144,,,,,,,17,288,education,20,0,20,False,0,1,0,1,,2004,2024,,2024.0,,0,0
https://openalex.org/A5113598373,S. Pontremoli,https://openalex.org/I83816512,University of Genoa,1952,2016,,,,,,,,,,,,385,10082,education,64,0,50,True,0,0,1,0,,1952,2016,,2016.0,,0,0
https://openalex.org/A5007837022,Pauline Harper,https://openalex.org/I28166907,Karolinska Institutet,1988,2025,0000-0001-7336-2801,,,,,,,0000-0002-0923-794X,,,Q91900134,141,4892,education,37,0,37,False,0,0,1,0,,1988,2025,,2025.0,,0,0
https://openalex.org/A5111375318,Josef M. Broder,https://openalex.org/I165733156,University of Georgia,1980,2017,,ATHENS REGIONAL MED CENTER,33.961292466,-83.397945072,1.8456494249278688,,,,,,Q130006130,69,1393,education,37,0,37,False,0,0,1,0,,1980,2017,,2017.0,,0,0
https://openalex.org/A5072470570,C. Nick Pace,https://openalex.org/I91045830,Texas A&M University,1970,2015,0000-0002-9998-7129,ST. JOSEPH REGIONAL HEALTH CENTER,30.6561370050001,-96.345972906,3.320591642404376,,,0000-0002-9998-7129,,,Q58448722,270,25410,education,45,1,45,False,0,0,1,0,,1970,2015,,2015.0,,0,0
https://openalex.org/A5036012325,Junru Wu,https://openalex.org/I111236770,University of Vermont,1988,2022,0000-0002-2256-0637,THE UNIVERSITY OF VERMONT MEDICAL CENTER,44.4797397230001,-73.194120576,1.4873731739513043,,,0000-0002-2256-0637,,East China Normal University,Q59783809,253,8006,education,34,0,34,False,0,0,1,0,,1988,2022,,2022.0,,0,0
https://openalex.org/A5009249852,S. Ahmed,https://openalex.org/I205783295,Cornell University,2010,2017,,CAYUGA MEDICAL CENTER,42.4689850720001,-76.537484161,4.602820788088144,1967.0,,0000-0002-1013-3339,,,Q112343879,25,443,education,7,0,7,False,0,0,0,0,,2010,2017,43.0,2017.0,,0,0
https://openalex.org/A5013972640,Emily R. A. Cramer,https://openalex.org/I205783295,Cornell University,2006,2020,0000-0002-1443-9255,CAYUGA MEDICAL CENTER,42.4689850720001,-76.537484161,4.602820788088144,,,0000-0002-1443-9255,,,Q89159713,48,875,education,14,1,14,False,0,0,1,0,,2006,2020,,2020.0,,0,0
https://openalex.org/A5007883302,Barbara A. Centeno,https://openalex.org/I3019308854,Moffitt Cancer Center,2002,2025,,TAMPA GENERAL HOSPITAL,27.9379627000001,-82.459155316,1.0650485083356591,,,,,,,303,8238,healthcare,23,0,23,False,0,0,1,0,,1993,2025,,2025.0,,0,0
https://openalex.org/A5007883302,Barbara A. Centeno,https://openalex.org/I4210087915,Massachusetts General Hospital,1993,2002,,SHRINERS' HOSPITAL FOR CHILDREN,42.3630925480001,-71.066301879,0.7463639796080036,,,,,,,303,8238,healthcare,9,0,9,False,0,0,1,0,,1993,2025,,2025.0,,0,0
https://openalex.org/A5007779528,Karim Fizazi,https://openalex.org/I277688954,Université Paris-Saclay,2008,2025,0000-0002-6068-9474,,,,,1966.0,,,n2005184992,Institut Gustave Roussy,Q73569107,1533,81346,education,17,1,17,False,0,1,1,1,,2002,2025,36.0,2025.0,,0,0
https://openalex.org/A5007779528,Karim Fizazi,https://openalex.org/I1343551460,The University of Texas MD Anderson Cancer Center,2002,2012,0000-0002-6068-9474,ST. JOSEPH MEDICAL CENTER,29.7481161270001,-95.366148139,1.7088830518941125,1966.0,,,n2005184992,Institut Gustave Roussy,Q73569107,1533,81346,healthcare,10,1,10,False,0,1,1,1,,2002,2025,36.0,2025.0,,0,0
https://openalex.org/A5100317652,Xueying Liu,https://openalex.org/I154099455,Shandong University,2003,2014,0000-0002-6458-2543,,,,,,,0000-0003-2497-7943,,,Q88841823,136,2651,education,11,1,11,False,0,0,1,0,,2003,2023,,2023.0,,0,0
https://openalex.org/A5100317652,Xueying Liu,https://openalex.org/I191208505,Xiamen University,2016,2023,0000-0002-6458-2543,,,,,,,0000-0003-2497-7943,,,Q88841823,136,2651,education,7,1,7,False,0,0,1,0,,2003,2023,,2023.0,,0,0
https://openalex.org/A5072214709,Clemencia M. Rojas,https://openalex.org/I78715868,University of Arkansas at Fayetteville,2017,2025,0000-0001-9798-2060,REGENCY HOSPITAL OF NORTHWEST ARKANSAS,36.077767684,-94.158409241,1.755122776999565,,,0000-0001-9798-2060,,University of Nebraska–Lincoln,Q89019095,33,2068,education,8,1,8,False,0,0,0,0,,2017,2025,,2025.0,,0,0
https://openalex.org/A5062901246,Mar Cortes,https://openalex.org/I205783295,Cornell University,2013,2021,0000-0003-2828-8504,CAYUGA MEDICAL CENTER,42.4689850720001,-76.537484161,4.602820788088144,,,,,,,69,2196,education,8,1,8,False,0,1,0,0,,2013,2024,,2024.0,,0,0
https://openalex.org/A5062901246,Mar Cortes,https://openalex.org/I98704320,Icahn School of Medicine at Mount Sinai,2018,2024,0000-0003-2828-8504,NEW YORK-PRESBYTERIAN/LOWER MANHATTAN HOSPITAL,40.7105167880001,-74.0052978259999,0.4212931995566836,,,,,,,69,2196,education,6,1,6,False,0,1,0,0,,2013,2024,,2024.0,,0,0
https://openalex.org/A5073278616,Hyein Shin,https://openalex.org/I157485424,Korea Advanced Institute of Science and Technology,1996,2024,0000-0003-0382-4032,,,,,,,,,,,27,407,education,28,0,28,False,0,0,1,0,,1996,2024,,2024.0,,0,0
https://openalex.org/A5112089685,Bruce A. Barnes,https://openalex.org/I181233156,University of Oregon,1968,2007,,SACRED HEART UNIVERSITY DISTRICT,44.046021291,-123.081707753,0.7840693565634196,,,,n82054134,,Q102123709,70,670,education,39,0,39,False,0,0,0,0,,1968,2007,,2007.0,,0,0
https://openalex.org/A5109923227,Laura E. Petes,https://openalex.org/I131249849,Oregon State University,2003,2016,,GOOD SAMARITAN REGIONAL MEDICAL CENTER,44.603222659,-123.252623623,4.3621955917276685,,,0000-0001-5314-2262,,National Oceanic and Atmospheric Administration,Q58150216,25,2104,education,13,1,13,False,0,0,0,0,,2003,2016,,2016.0,,0,0
https://openalex.org/A5072455889,P. W. Zimmerman,https://openalex.org/I205783295,Cornell University,1940,1957,,CAYUGA MEDICAL CENTER,42.4689850720001,-76.537484161,4.602820788088144,1964.0,,0000-0003-0718-4458,no2010204028,Inria Nancy - Grand-Est research centre,Q4505720,49,639,education,17,0,17,False,0,0,0,0,,1940,1957,,1957.0,,1,0
https://openalex.org/A5006283253,Aimee N. Moore,https://openalex.org/I76835614,University of Missouri,1964,1984,,UNIVERSITY OF MISSOURI HEALTH CARE,38.9383836580001,-92.328178114,1.566980228329968,1918.0,2009.0,,,,Q104813023,25,143,education,20,0,20,False,0,0,0,0,91.0,1964,1984,46.0,1984.0,25.0,0,0
https://openalex.org/A5113803913,J. D. Reppy,https://openalex.org/I205783295,Cornell University,1964,2022,,CAYUGA MEDICAL CENTER,42.4689850720001,-76.537484161,4.602820788088144,,,,,,,136,6004,education,58,1,50,True,0,0,1,0,,1964,2022,,2022.0,,0,0
https://openalex.org/A5111970396,Ningxiong Xu,https://openalex.org/I205783295,Cornell University,2004,2018,,CAYUGA MEDICAL CENTER,42.4689850720001,-76.537484161,4.602820788088144,,,,,,Q102269906,42,1162,education,14,1,14,False,0,0,0,0,,2004,2018,,2018.0,,0,0
https://openalex.org/A5111405472,Arthur W. Fleming,https://openalex.org/I52710748,Charles R. Drew University of Medicine and Science,1986,2004,,"MARTIN LUTHER KING, JR. COMMUNITY HOSPITAL",33.9226370650001,-118.243801279,0.4584798525477853,1876.0,1930.0,,,,Q26267,69,1604,education,18,1,18,False,0,0,1,0,54.0,1986,2004,,1930.0,0.0,1,0
https://openalex.org/A5085983731,Timothy J. Kowalski,https://openalex.org/I102322142,"Rutgers, The State University of New Jersey",1994,2015,,CHILDREN'S SPECIALIZED HOSPITAL,40.494825098,-74.451690392,0.9569060123417374,,,,,,,64,2596,education,21,1,21,False,0,0,1,0,,1994,2015,,2015.0,,0,0
https://openalex.org/A5109366874,P.N.R. Usherwood,https://openalex.org/I142263535,University of Nottingham,1974,2009,,,,,,,,,,,,253,10172,education,35,0,35,False,0,0,1,0,,1974,2009,,2009.0,,0,0
https://openalex.org/A5101865890,Amit Roy,https://openalex.org/I166722992,University of Massachusetts Chan Medical School,1992,2012,0000-0002-6500-5588,UMASS MEMORIAL MEDICAL CENTER - MEMORIAL CAMPUS,42.2729,-71.7923,1.410903111663104,,,0000-0003-3237-3525,,University of Kentucky,Q59683675,145,2875,education,20,1,20,False,0,0,0,0,,1992,2012,,2012.0,,0,0
https://openalex.org/A5029805261,Iain D. Boyd,https://openalex.org/I27837315,University of Michigan–Ann Arbor,1998,2021,0000-0002-3725-9206,UNIVERSITY OF MICHIGAN HEALTH SYSTEM,42.283191747,-83.728707796,1.181076648372232,,,0000-0002-3725-9206,no2016138516,University of Colorado Boulder,Q96071898,926,14709,education,23,1,23,False,0,1,1,0,,1998,2025,,2025.0,,0,0
https://openalex.org/A5029805261,Iain D. Boyd,https://openalex.org/I188538660,University of Colorado Boulder,2019,2025,0000-0002-3725-9206,BOULDER COMMUNITY HOSPITAL,40.0260605190001,-105.283258697,1.6387034302815886,,,0000-0002-3725-9206,no2016138516,University of Colorado Boulder,Q96071898,926,14709,education,6,1,6,False,0,1,1,0,,1998,2025,,2025.0,,0,0
https://openalex.org/A5031911793,Robert A. Hart,https://openalex.org/I12093191,University of Stirling,1988,2025,0000-0001-8242-1367,,,,,1946.0,,,n83232065,,Q30073642,1026,22492,education,37,1,37,False,0,0,1,0,,1988,2025,42.0,2025.0,,0,0
https://openalex.org/A5113597103,Joe Warren,https://openalex.org/I74775410,Rice University,1983,2023,,ST. JOSEPH MEDICAL CENTER,29.7481161270001,-95.366148139,1.7088830518941125,1976.0,,,,,Q362348,138,10483,education,40,0,40,False,0,0,0,0,,1983,2023,,2023.0,,1,0
https://openalex.org/A5000506368,Arash Mohebati,https://openalex.org/I2802203029,Johnson University,2004,2012,,BAPTIST HOSPITAL OF EAST TENNESSEE,35.955245645,-83.914459568,14.904094724594808,,,,,,,21,690,education,8,0,8,False,0,0,0,0,,2004,2012,,2012.0,,0,0
https://openalex.org/A5065621786,Jason Gotlib,https://openalex.org/I97018004,Stanford University,2002,2025,0000-0001-8253-6156,STANFORD HOSPITAL,37.4346524360001,-122.174883097,1.4065651567623634,,,0000-0001-8253-6156,,,Q89931645,693,30831,education,23,1,23,False,0,1,1,1,,2002,2025,,2025.0,,0,0
https://openalex.org/A5108193097,Richard F. Jacobs,https://openalex.org/I79620101,University of Arkansas for Medical Sciences,1981,2019,,ARKANSAS CHILDREN'S HOSPITAL,34.7432363510001,-92.293176688,0.4873218020855051,1925.0,2009.0,,,,Q3430908,211,8993,education,38,0,38,False,0,1,1,1,84.0,1981,2019,,2009.0,0.0,1,0
https://openalex.org/A5079905298,Elizabeth Kogut,https://openalex.org/I97018004,Stanford University,1992,2014,,STANFORD HOSPITAL,37.4346524360001,-122.174883097,1.4065651567623634,,,,,,,14,266,education,22,0,22,False,0,0,0,0,,1992,2014,,2014.0,,0,0
https://openalex.org/A5068021409,John E. Schowalter,https://openalex.org/I32971472,Yale University,1966,2008,,YALE-NEW HAVEN HOSPITAL,41.30469134,-72.9354136589999,0.7176389367718299,,,,,,,108,1467,education,42,0,42,False,0,0,1,0,,1966,2008,,2008.0,,0,0
https://openalex.org/A5075886051,Brenda Shank,https://openalex.org/I1334819555,Memorial Sloan Kettering Cancer Center,1981,1992,,NEW YORK-PRESBYTERIAN/LOWER MANHATTAN HOSPITAL,40.7105167880001,-74.0052978259999,0.4212931995566836,,,,,,,71,7326,healthcare,11,0,11,False,0,0,1,0,,1981,2004,,2004.0,,0,0
https://openalex.org/A5075886051,Brenda Shank,https://openalex.org/I98704320,Icahn School of Medicine at Mount Sinai,1992,2004,,NEW YORK-PRESBYTERIAN/LOWER MANHATTAN HOSPITAL,40.7105167880001,-74.0052978259999,0.4212931995566836,,,,,,,71,7326,education,12,0,12,False,0,0,1,0,,1981,2004,,2004.0,,0,0
https://openalex.org/A5045611883,Andrea Brendolan,https://openalex.org/I4210133214,IRCCS Ospedale San Raffaele,1998,2025,0000-0003-0109-6879,,,,,,,0000-0003-0109-6879,,,Q89220421,49,4446,healthcare,27,0,27,False,0,0,1,0,,1998,2025,,2025.0,,0,0
https://openalex.org/A5065796336,Lynette B. Corbeil,https://openalex.org/I36258959,"University of California, San Diego",1982,2017,,NAVAL MEDICAL CENTER SAN DIEGO,32.7275202280001,-117.145937292,2.1936292796024657,,,,,,,155,4570,education,35,0,35,False,0,0,1,0,,1982,2017,,2017.0,,0,0
https://openalex.org/A5079682496,Harold Widom,https://openalex.org/I185103710,"University of California, Santa Cruz",1969,2022,,DOMINICAN HOSPITAL-SANTA CRUZ/FREDERICK,36.9797036090001,-122.00330953,2.519659799610235,1932.0,2021.0,,n85126929,Cornell University,Q1585958,220,8603,education,53,0,50,True,0,0,1,0,89.0,1958,2022,26.0,2021.0,0.0,0,0
https://openalex.org/A5079682496,Harold Widom,https://openalex.org/I205783295,Cornell University,1958,1964,,CAYUGA MEDICAL CENTER,42.4689850720001,-76.537484161,4.602820788088144,1932.0,2021.0,,n85126929,Cornell University,Q1585958,220,8603,education,6,0,6,False,0,0,1,0,89.0,1958,2022,26.0,2021.0,0.0,0,0
https://openalex.org/A5048076528,V. K. Wong,https://openalex.org/I27837315,University of Michigan–Ann Arbor,1968,2012,0000-0001-6517-6419,UNIVERSITY OF MICHIGAN HEALTH SYSTEM,42.283191747,-83.728707796,1.181076648372232,,,0000-0003-1037-1334,no2016153011,University of Virginia,Q61372601,89,679,education,44,1,44,False,0,0,1,0,,1968,2012,,2012.0,,0,0
https://openalex.org/A5068225719,Michael R. Deyhle,https://openalex.org/I169521973,University of New Mexico,2015,2025,0000-0001-8526-4758,LOVELACE MEDICAL CENTER,35.086120302,-106.639690414,1.057457987733295,,,0000-0001-8526-4758,,University of New Mexico,Q90050936,62,645,education,10,0,10,False,0,0,1,0,,2015,2025,,2025.0,,0,0
https://openalex.org/A5012914413,Adrian Aycan Corum,https://openalex.org/I205783295,Cornell University,2015,2023,,CAYUGA MEDICAL CENTER,42.4689850720001,-76.537484161,4.602820788088144,,,,,,,9,97,education,8,0,8,False,0,0,0,0,,2015,2023,,2023.0,,0,0
https://openalex.org/A5007198433,Mark J. Pavek,https://openalex.org/I72951846,Washington State University,2005,2026,0000-0002-4022-4362,PULLMAN REGIONAL HOSPITAL,46.712388236,-117.169805969,2.228857661633763,,,,,,,75,1625,education,21,0,21,False,0,0,0,0,,2005,2026,,2026.0,,0,0
https://openalex.org/A5066959981,Kitipong Assatarakul,https://openalex.org/I158708052,Chulalongkorn University,2009,2026,0000-0003-3827-3883,,,,,,,,,,,62,712,education,17,0,17,False,0,0,0,0,,2009,2026,,2026.0,,0,0
https://openalex.org/A5022460170,P. Mishra,https://openalex.org/I59270414,Indian Institute of Science Bangalore,2016,2023,0000-0002-2475-6289,,,,,,,0000-0002-2475-6289,,Cornell University,Q62667273,41,390,education,7,1,7,False,0,1,0,0,,2016,2025,,2025.0,,0,0
https://openalex.org/A5022460170,P. Mishra,https://openalex.org/I11947397,Tata Institute of Fundamental Research,2019,2025,0000-0002-2475-6289,,,,,,,0000-0002-2475-6289,,Cornell University,Q62667273,41,390,education,6,1,6,False,0,1,0,0,,2016,2025,,2025.0,,0,0
https://openalex.org/A5069966943,P. Lavopa,https://openalex.org/I63966007,Massachusetts Institute of Technology,1976,1983,,SPAULDING HOSPITAL FOR CONTINUING MED CARE CAMBRIDGE,42.3753221040001,-71.106943456,0.1122862784625716,,,,,,,25,1022,education,7,1,7,False,0,0,0,0,,1976,1983,,1983.0,,0,0
https://openalex.org/A5112596138,James R. Hurley,https://openalex.org/I1340179700,NewYork–Presbyterian Hospital,1981,2017,,NEW YORK-PRESBYTERIAN/LOWER MANHATTAN HOSPITAL,40.7105167880001,-74.0052978259999,0.4212931995566836,1932.0,2023.0,,,,Q6141645,48,860,healthcare,36,0,36,False,0,0,1,0,91.0,1981,2017,49.0,2017.0,6.0,0,0
https://openalex.org/A5109121859,Masanobu Kumada,https://openalex.org/I74801974,The University of Tokyo,1973,2003,,,,,,,,,,,,115,2426,education,30,0,30,False,0,0,1,0,,1973,2003,,2003.0,,0,0
https://openalex.org/A5084876732,Donna Esposito,https://openalex.org/I4210126295,Charles River Laboratories (United States),2003,2014,,TEWKSBURY HOSPITAL,42.607074197,-71.218223198,4.920004459123358,,,,,,Q22277715,10,260,company,11,0,11,False,0,0,0,0,,2003,2014,,2014.0,,0,0
https://openalex.org/A5112318153,Wenting Ma,https://openalex.org/I5740404,Tianjin Medical University,2010,2021,,,,,,,,0000-0002-1189-2804,,,Q62609755,32,126,education,11,0,11,False,0,1,0,1,,2010,2021,,2021.0,,0,0
https://openalex.org/A5024163786,Lawrence D. Dorr,https://openalex.org/I1174212,University of Southern California,1974,2023,0000-0002-9664-2416,LOS ANGELES AMBULATORY CARE CENTER,34.052015037,-118.238420471,0.4851399769279164,1925.0,2014.0,,,,Q17508383,315,21651,education,49,1,49,False,0,0,1,0,89.0,1974,2023,49.0,2014.0,0.0,0,0
https://openalex.org/A5028092802,Hao Sheng,https://openalex.org/I162868743,Tianjin University,2014,2025,0000-0002-7925-7428,,,,,,,,n78017654,,Q376079,32,423,education,11,0,11,False,0,0,0,0,,2014,2025,,2025.0,,0,0
https://openalex.org/A5018551512,Virginia C. Canale,https://openalex.org/I205783295,Cornell University,1967,1976,,CAYUGA MEDICAL CENTER,42.4689850720001,-76.537484161,4.602820788088144,,,,,,,22,1106,education,9,0,9,False,0,1,0,1,,1967,1976,,1976.0,,0,0
https://openalex.org/A5100451667,Yuqi Wang,https://openalex.org/I101479585,South China Agricultural University,2009,2022,0000-0001-9075-1307,,,,,1958.0,,,n2004058095,,Q11903094,103,1339,education,13,0,13,False,0,0,0,0,,2009,2022,,2022.0,,1,0
https://openalex.org/A5043658281,John F. Heitner,https://openalex.org/I1341523491,NewYork–Presbyterian Brooklyn Methodist Hospital,2005,2025,,NEW YORK METHODIST HOSPITAL,40.6677617010001,-73.978990521,0.0404268491417047,,,,,,,176,11559,healthcare,20,1,20,False,0,0,1,0,,2005,2025,,2025.0,,0,0
https://openalex.org/A5111733198,R. C. FAY,https://openalex.org/I205783295,Cornell University,1973,1996,,CAYUGA MEDICAL CENTER,42.4689850720001,-76.537484161,4.602820788088144,1910.0,,,n88218881,,Q94618240,44,81,education,23,0,23,False,0,0,0,0,,1973,1996,,1996.0,,1,0
https://openalex.org/A5112861082,J. E. Duboscq,https://openalex.org/I154570441,"University of California, Santa Barbara",1990,2005,,SANTA BARBARA COTTAGE HOSPITAL,34.429466689,-119.723809039,2.5384727841850334,1817.0,1886.0,,no97038270,,Q165282,282,9576,education,15,0,15,False,0,0,1,0,69.0,1990,2005,,1886.0,0.0,1,0
https://openalex.org/A5101362163,Jiacheng Yin,https://openalex.org/I205237279,Nankai University,2019,2025,,,,,,,,,,,,63,1287,education,6,0,6,False,0,0,0,0,,2019,2025,,2025.0,,0,0
https://openalex.org/A5085763290,Robert H. Kargon,https://openalex.org/I205783295,Cornell University,1963,2015,,CAYUGA MEDICAL CENTER,42.4689850720001,-76.537484161,4.602820788088144,,,,,,,118,1345,education,52,0,50,True,0,0,1,0,,1963,2015,,2015.0,,0,0
https://openalex.org/A5087454198,Chu‐Lin Tsai,https://openalex.org/I16733864,National Taiwan University,1979,2025,0000-0003-4639-1513,,,,,,,0000-0003-4639-1513,,Massachusetts General Hospital,Q57319351,190,3283,education,46,0,46,False,0,0,1,0,,1979,2025,,2025.0,,0,0
https://openalex.org/A5011236651,John W. Sipple,https://openalex.org/I205783295,Cornell University,1999,2025,0000-0003-4057-8344,CAYUGA MEDICAL CENTER,42.4689850720001,-76.537484161,4.602820788088144,,,0000-0003-4057-8344,,Cornell University,Q134392611,70,778,education,26,0,26,False,0,0,0,0,,1999,2025,,2025.0,,0,0
https://openalex.org/A5009996418,Jacques R. Fresco,https://openalex.org/I20089843,Princeton University,1960,2017,0000-0002-5067-6733,MERWICK REHABILITATION HOSPITAL AND NURSING CARE CENTER,40.3528112230001,-74.6663108129999,0.7652032342540844,,,0000-0002-5067-6733,,,Q96105316,116,6204,education,57,1,50,True,0,0,1,0,,1960,2017,,2017.0,,0,0
https://openalex.org/A5049664584,Wolfgang Rindler,https://openalex.org/I162577319,The University of Texas at Dallas,1956,2010,,VIBRA HOSPITAL OF RICHARDSON,32.9741380680001,-96.727119837,2.896581623154024,1924.0,2019.0,,n81128257,Cornell University,Q954665,163,7420,education,54,1,50,True,0,0,1,0,95.0,1956,2010,32.0,2010.0,9.0,0,0
https://openalex.org/A5062070492,Wendy S. Weichert,https://openalex.org/I205783295,Cornell University,1995,2025,0000-0003-1726-8049,CAYUGA MEDICAL CENTER,42.4689850720001,-76.537484161,4.602820788088144,,,,,,,24,989,education,30,1,30,False,0,1,0,1,,1995,2025,,2025.0,,0,0
https://openalex.org/A5000058959,Stephen Nowicki,https://openalex.org/I150468666,Emory University,1972,2025,0000-0002-6564-905X,GRADY MEMORIAL HOSPITAL,33.751988554,-84.3817915719999,0.6614313289417885,1955.0,,0000-0002-6564-905X,n89621194,Duke University,Q96059456,340,16499,education,53,0,50,True,0,0,1,0,,1972,2025,17.0,2025.0,,0,0
https://openalex.org/A5067735064,A. Muray,https://openalex.org/I1343180700,Intel (United States),1986,2006,,O'CONNOR HOSPITAL,37.327924739,-121.938392012,3.270513382978825,1891.0,1956.0,,n97862751,,Q124791699,26,1205,company,20,0,20,False,0,0,0,0,65.0,1986,2006,,1956.0,0.0,1,0
https://openalex.org/A5076024832,Chris Skurka,https://openalex.org/I130769515,Pennsylvania State University,2019,2025,0000-0002-0613-3475,MOUNT NITTANY MEDICAL CENTER,40.8185483410001,-77.842589845,3.158028882678651,,,0000-0002-0613-3475,,Pennsylvania State University,Q87599388,46,703,education,6,0,6,False,0,0,0,0,,2019,2025,,2025.0,,0,0
https://openalex.org/A5100376759,David A. Schwartz,https://openalex.org/I126307644,University of Iowa,1990,2003,0000-0001-6743-8443,MERCY HOSPITAL,41.663871483,-91.5279013639999,0.3583894355645369,,,0000-0001-6743-8443,,,Q90465864,588,46387,education,13,1,13,False,0,1,1,0,,1990,2024,,2024.0,,0,0
https://openalex.org/A5100376759,David A. Schwartz,https://openalex.org/I4210165183,Pulmonary and Critical Care Associates,1999,2024,0000-0001-6743-8443,UF HEALTH JACKSONVILLE,30.3485052390001,-81.664274824,1.8572938715019869,,,0000-0001-6743-8443,,,Q90465864,588,46387,healthcare,25,1,25,False,0,1,1,0,,1990,2024,,2024.0,,0,0
https://openalex.org/A5027685919,Murray R. Berkowitz,https://openalex.org/I106460735,Philadelphia College of Osteopathic Medicine,2012,2019,,BELMONT CENTER FOR COMPREHENSIVE TREATMENT,40.0001250010001,-75.214646,0.6278964774696036,,,,,,,72,131,education,7,0,7,False,0,0,0,0,,2012,2019,,2019.0,,0,0
https://openalex.org/A5056794714,Scott M. Grundy,https://openalex.org/I867280407,The University of Texas Southwestern Medical Center,1984,2023,0000-0003-2956-7900,TEXAS SCOTTISH RITE HOSPITAL FOR CHILDREN,32.8019769000001,-96.81431331,2.221486976455084,1933.0,2025.0,0000-0003-2956-7900,n82042283,,Q56230139,863,250977,healthcare,39,1,39,False,0,1,1,0,92.0,1955,2023,22.0,2023.0,2.0,0,0
https://openalex.org/A5056794714,Scott M. Grundy,https://openalex.org/I36258959,"University of California, San Diego",1955,1985,0000-0003-2956-7900,NAVAL MEDICAL CENTER SAN DIEGO,32.7275202280001,-117.145937292,2.1936292796024657,1933.0,2025.0,0000-0003-2956-7900,n82042283,,Q56230139,863,250977,education,30,1,30,False,0,1,1,0,92.0,1955,2023,22.0,2023.0,2.0,0,0
https://openalex.org/A5078869065,Hua Yang,https://openalex.org/I116953780,Tongji University,2005,2025,0000-0003-4993-7796,,,,,,,,,,Q20063175,243,4992,education,20,1,20,False,0,0,1,0,,2005,2025,,2025.0,,0,0
https://openalex.org/A5036951995,Óscar Rodrı́guez,https://openalex.org/I50441567,Universitat de les Illes Balears,2011,2019,0000-0002-4317-193X,,,,,,,0000-0002-4317-193X,,University of the Balearic Islands,Q88982976,67,2187,education,8,0,8,False,0,0,0,0,,2011,2019,,2019.0,,0,0
https://openalex.org/A5045828051,Yi Zheng,https://openalex.org/I223532165,University of Utah,1997,2018,0000-0002-5945-4432,LDS HOSPITAL,40.778223788,-111.879821876,2.1578575344000472,,,0000-0002-2685-3680,,University of Michigan,Q104459352,207,7645,education,21,1,21,False,0,1,1,1,,1997,2025,,2025.0,,0,0
https://openalex.org/A5045828051,Yi Zheng,https://openalex.org/I47720641,Huazhong University of Science and Technology,2014,2025,0000-0002-5945-4432,,,,,,,0000-0002-2685-3680,,University of Michigan,Q104459352,207,7645,education,11,1,11,False,0,1,1,1,,1997,2025,,2025.0,,0,0
https://openalex.org/A5067891615,Miroslav Polášek,https://openalex.org/I21250087,Charles University,1981,2024,0000-0003-3753-4738,,,,,1944.0,,,,,Q49823549,271,3467,education,43,1,43,False,0,0,1,0,,1981,2024,37.0,2024.0,,0,0
https://openalex.org/A5016808498,Chun‐Li Su,https://openalex.org/I148366613,National Yang Ming Chiao Tung University,2002,2025,0000-0001-7617-2077,,,,,,,0000-0001-7617-2077,,,Q89859554,72,1609,education,23,0,23,False,0,0,1,0,,2002,2025,,2025.0,,0,0
https://openalex.org/A5101608323,Yuling Han,https://openalex.org/I4210161528,Qilu Hospital of Shandong University,2012,2024,0000-0002-6805-4094,,,,,,,0000-0002-6805-4094,,,Q101051350,77,3304,healthcare,12,1,12,False,0,0,1,0,,2012,2024,,2024.0,,0,0
https://openalex.org/A5110101723,Mark H. Perrone,https://openalex.org/I4210117619,Novartis (United States),2014,2022,,NEW YORK-PRESBYTERIAN/LOWER MANHATTAN HOSPITAL,40.7105167880001,-74.0052978259999,0.4212931995566836,,,,,,,96,3998,company,8,0,8,False,0,0,0,0,,2014,2022,,2022.0,,0,0
https://openalex.org/A5063019096,Anže Švara,https://openalex.org/I99464096,KU Leuven,2018,2025,0000-0001-9025-7253,,,,,,,0000-0001-9025-7253,,,Q98618108,23,135,education,7,0,7,False,0,0,0,0,,2018,2025,,2025.0,,0,0
https://openalex.org/A5035188071,Y. Liu,https://openalex.org/I154570441,"University of California, Santa Barbara",2002,2019,,SANTA BARBARA COTTAGE HOSPITAL,34.429466689,-119.723809039,2.5384727841850334,,,0000-0001-5293-5930,,Eindhoven University of Technology,Q45893125,4,23,education,17,0,17,False,0,0,0,0,,2002,2019,,2019.0,,0,0
https://openalex.org/A5071805357,Robert D. Gray,https://openalex.org/I142740786,University of Louisville,1973,2025,0000-0002-2203-2703,JEWISH HOSPITAL & ST. MARY'S HEALTHCARE,38.2491316470001,-85.751189499,0.9150490961257308,,,0000-0002-2203-2703,,University of Edinburgh,Q56419506,285,12409,education,52,1,50,True,0,0,1,0,,1973,2025,,2025.0,,0,0
https://openalex.org/A5110085328,Giuseppe Del Priore,https://openalex.org/I57206974,New York University,1996,2010,,NEW YORK-PRESBYTERIAN/LOWER MANHATTAN HOSPITAL,40.7105167880001,-74.0052978259999,0.4212931995566836,,,,,,,300,2997,education,14,0,14,False,0,1,1,0,,1996,2025,,2025.0,,0,0
https://openalex.org/A5110085328,Giuseppe Del Priore,https://openalex.org/I55769427,Indiana University – Purdue University Indianapolis,2009,2016,,IU HEALTH UNIVERSITY HOSPITAL,39.7752833260001,-86.176561615,1.7592374708104055,,,,,,,300,2997,education,7,0,7,False,0,1,1,0,,1996,2025,,2025.0,,0,0
https://openalex.org/A5110085328,Giuseppe Del Priore,https://openalex.org/I6332465,Morehouse School of Medicine,2014,2025,,GRADY MEMORIAL HOSPITAL,33.751988554,-84.3817915719999,0.6614313289417885,,,,,,,300,2997,education,11,0,11,False,0,1,1,0,,1996,2025,,2025.0,,0,0
https://openalex.org/A5012955086,Riccardo Dalla‐Favera,https://openalex.org/I2799503643,Columbia University Irving Medical Center,1987,2024,0000-0002-3502-8826,NEW YORK-PRESBYTERIAN/LOWER MANHATTAN HOSPITAL,40.7105167880001,-74.0052978259999,0.4212931995566836,,,,,,,430,55455,healthcare,37,1,37,False,0,0,1,0,,1987,2024,,2024.0,,0,0
https://openalex.org/A5110197333,Margaret Sewell,https://openalex.org/I98704320,Icahn School of Medicine at Mount Sinai,2000,2025,,NEW YORK-PRESBYTERIAN/LOWER MANHATTAN HOSPITAL,40.7105167880001,-74.0052978259999,0.4212931995566836,,,,,,Q76264354,71,1179,education,25,0,25,False,0,0,0,0,,2000,2025,,2025.0,,0,0
https://openalex.org/A5057571524,Serge Przedborski,https://openalex.org/I78577930,Columbia University,1989,2025,0000-0002-7283-3883,NEW YORK-PRESBYTERIAN/LOWER MANHATTAN HOSPITAL,40.7105167880001,-74.0052978259999,0.4211660176629024,,,0000-0002-7283-3883,n2005059588,,Q67180857,382,53840,education,36,1,36,False,0,0,1,0,,1989,2025,,2025.0,,0,0
https://openalex.org/A5048116481,W. D. Hagamen,https://openalex.org/I205783295,Cornell University,1967,2005,,CAYUGA MEDICAL CENTER,42.4689850720001,-76.537484161,4.602820788088144,,,,,,,37,706,education,38,0,38,False,0,0,0,0,,1967,2005,,2005.0,,0,0
https://openalex.org/A5032124671,Thomas F. Randolph,https://openalex.org/I58422712,International Livestock Research Institute,1999,2021,0000-0003-1849-9877,,,,,1943.0,2022.0,,n94035990,,Q371348,225,3172,facility,22,0,22,False,0,0,0,0,79.0,1999,2021,,2021.0,1.0,1,0
https://openalex.org/A5048544465,Hüseyin Topaloğlu,https://openalex.org/I205783295,Cornell University,2004,2025,0000-0002-3049-6719,CAYUGA MEDICAL CENTER,42.4689850720001,-76.537484161,4.602820788088144,,,,,,Q102310574,138,5389,education,21,0,21,False,0,0,0,0,,2004,2025,,2025.0,,0,0
https://openalex.org/A5008681007,James M. Weinberger,https://openalex.org/I161318765,"University of California, Los Angeles",2016,2025,0000-0001-7396-1492,LOS ANGELES AMBULATORY CARE CENTER,34.052015037,-118.238420471,0.4851399769279164,,,0000-0001-7396-1492,,,Q92610971,54,669,education,9,0,9,False,0,0,1,0,,2016,2025,,2025.0,,0,0
https://openalex.org/A5111650659,Clifford Y. Ko,https://openalex.org/I161318765,"University of California, Los Angeles",1995,2025,0000-0003-3186-8673,LOS ANGELES AMBULATORY CARE CENTER,34.052015037,-118.238420471,0.4851399769279164,,,,,,,730,48836,education,30,1,30,False,0,0,1,0,,1995,2025,,2025.0,,0,0
https://openalex.org/A5112150920,David G. Folks,https://openalex.org/I17301866,University of Alabama,1984,2009,,NORTHPORT MEDICAL CENTER,33.23398145,-87.570910898,2.6892869046105923,1912.0,1966.0,,,,Q19628893,70,1904,education,25,0,25,False,0,0,1,0,54.0,1984,2009,,1966.0,0.0,1,0
https://openalex.org/A5100604982,Sang-Hyuk Lee,https://openalex.org/I163753206,Chungbuk National University,2010,2022,0000-0003-1594-4584,,,,,,,0000-0001-5985-624X,,,Q89346809,38,1547,education,12,0,12,False,0,0,0,0,,2010,2022,,2022.0,,0,0
https://openalex.org/A5051383994,Mamadou A. Bah,https://openalex.org/I4210119482,Mali-Folkecenter,2014,2021,0000-0002-3238-1085,,,,,,,0000-0002-3238-1085,,Wistar Institute,Q90211353,83,1068,other,7,0,7,False,0,0,0,0,,2014,2021,,2021.0,,0,0
https://openalex.org/A5037443570,A. Matulionis,https://openalex.org/I184840846,Virginia Commonwealth University,2010,2018,,HENRICO DOCTORS' HOSPITAL - RETREAT,37.553912977,-77.473118539,1.133649284346811,,,,,,,202,2020,education,8,1,8,False,0,0,0,0,,2010,2018,,2018.0,,0,0
https://openalex.org/A5053619303,Lawrence B. Schwartz,https://openalex.org/I184840846,Virginia Commonwealth University,1991,2024,0000-0002-4379-6729,HENRICO DOCTORS' HOSPITAL - RETREAT,37.553912977,-77.473118539,1.133649284346811,,,0000-0002-4379-6729,,Virginia Commonwealth University,Q89399310,395,33487,education,33,1,33,False,0,0,1,0,,1979,2024,,2024.0,,0,0
https://openalex.org/A5053619303,Lawrence B. Schwartz,https://openalex.org/I136199984,Harvard University,1979,1986,0000-0002-4379-6729,SPAULDING HOSPITAL FOR CONTINUING MED CARE CAMBRIDGE,42.3753221040001,-71.106943456,0.1122862784625716,,,0000-0002-4379-6729,,Virginia Commonwealth University,Q89399310,395,33487,education,7,1,7,False,0,0,1,0,,1979,2024,,2024.0,,0,0
https://openalex.org/A5044255034,Luis A. Bracero,https://openalex.org/I78577930,Columbia University,1982,2009,0000-0003-0625-9331,NEW YORK-PRESBYTERIAN/LOWER MANHATTAN HOSPITAL,40.7105167880001,-74.0052978259999,0.4211660176629024,,,0000-0003-0625-9331,,,Q96036008,119,2562,education,27,0,27,False,0,1,1,1,,1982,2025,,2025.0,,0,0
https://openalex.org/A5044255034,Luis A. Bracero,https://openalex.org/I12097938,West Virginia University,2008,2019,0000-0003-0625-9331,WEST VIRGINIA UNIVERSITY HOSPITALS,39.6544225740001,-79.958022141,2.773885931019679,,,0000-0003-0625-9331,,,Q96036008,119,2562,education,11,0,11,False,0,1,1,1,,1982,2025,,2025.0,,0,0
https://openalex.org/A5044255034,Luis A. Bracero,https://openalex.org/I2800496781,North Shore University Hospital,2016,2025,0000-0003-0625-9331,NORTH SHORE UNIVERSITY HOSPITAL,40.7776359200001,-73.701610944,0.0102494352933781,,,0000-0003-0625-9331,,,Q96036008,119,2562,healthcare,9,0,9,False,0,1,1,1,,1982,2025,,2025.0,,0,0
https://openalex.org/A5051036717,Valerie P. Hans,https://openalex.org/I86501945,University of Delaware,1982,2025,0000-0003-4470-5478,CHRISTIANA CARE-CHRISTIANA HOSPITAL,39.687486037,-75.669121433,6.904490256127075,,,,n85375175,Cornell University,Q20090859,262,2973,education,43,1,43,False,0,0,1,0,,1982,2025,,2025.0,,0,0
https://openalex.org/A5110240169,Kent A. Gossett,https://openalex.org/I121820613,Louisiana State University,1982,1991,,BATON ROUGE GENERAL MEDICAL CENTER (MID-CITY),30.4495340920001,-91.153153918,3.361377799448269,,,,,,,54,1192,education,9,1,9,False,0,0,0,0,,1982,1991,,1991.0,,0,0
https://openalex.org/A5005602079,S.S. Hemami,https://openalex.org/I205783295,Cornell University,1995,2013,,CAYUGA MEDICAL CENTER,42.4689850720001,-76.537484161,4.602820788088144,,,,,,,186,8638,education,18,0,18,False,0,0,1,0,,1995,2019,,2019.0,,0,0
https://openalex.org/A5005602079,S.S. Hemami,https://openalex.org/I3132238960,Institute of Electrical and Electronics Engineers,2013,2019,,BRISTOL MYERS SQUIBB CHILDRENS HOSPITAL,40.495845063,-74.448886364,4.231992873534391,,,,,,,186,8638,education,6,0,6,False,0,0,1,0,,1995,2019,,2019.0,,0,0
https://openalex.org/A5041912334,Joyce O’Shaughnessy,https://openalex.org/I2802366037,Baylor University Medical Center,2001,2025,0000-0002-2955-5523,TEXAS SCOTTISH RITE HOSPITAL FOR CHILDREN,32.8019769000001,-96.81431331,2.2216456802507643,,,0000-0001-6764-2807,,,Q88307619,451,25034,healthcare,24,1,24,False,0,0,1,0,,2001,2025,,2025.0,,0,0
https://openalex.org/A5008478119,Gilbert S. Omenn,https://openalex.org/I27837315,University of Michigan,2008,2026,0000-0002-8976-6074,UNIVERSITY OF MICHIGAN HEALTH SYSTEM,42.283191747,-83.728707796,1.181076648372232,1941.0,,0000-0002-8976-6074,n82012233,University of Michigan,Q5560581,802,42274,education,18,1,18,False,0,1,1,0,,1965,2026,24.0,2026.0,,0,0
https://openalex.org/A5008478119,Gilbert S. Omenn,https://openalex.org/I136199984,Harvard University,1967,2011,0000-0002-8976-6074,SPAULDING HOSPITAL FOR CONTINUING MED CARE CAMBRIDGE,42.3753221040001,-71.106943456,0.1122862784625716,1941.0,,0000-0002-8976-6074,n82012233,University of Michigan,Q5560581,802,42274,education,44,1,44,False,0,1,1,0,,1965,2026,24.0,2026.0,,0,0
https://openalex.org/A5008478119,Gilbert S. Omenn,https://openalex.org/I4210087915,Massachusetts General Hospital,1965,1971,0000-0002-8976-6074,SHRINERS' HOSPITAL FOR CHILDREN,42.3630925480001,-71.066301879,0.7463639796080036,1941.0,,0000-0002-8976-6074,n82012233,University of Michigan,Q5560581,802,42274,healthcare,6,1,6,False,0,1,1,0,,1965,2026,24.0,2026.0,,0,0
https://openalex.org/A5100731270,Chen Ji,https://openalex.org/I205783295,Cornell University,1997,2005,0000-0002-1169-3637,CAYUGA MEDICAL CENTER,42.4689850720001,-76.537484161,4.602820788088144,,,,,,Q705729,104,1393,education,8,1,8,False,0,0,1,0,,1997,2025,,2025.0,,0,0
https://openalex.org/A5100731270,Chen Ji,https://openalex.org/I76130692,Zhejiang University,2011,2025,0000-0002-1169-3637,,,,,,,,,,Q705729,104,1393,education,14,1,14,False,0,0,1,0,,1997,2025,,2025.0,,0,0
https://openalex.org/A5058670846,Dennis J. Chew,https://openalex.org/I52357470,The Ohio State University,1979,2025,0000-0001-7063-6803,GRANT MEDICAL CENTER,39.9609732750001,-82.991001983,0.6641611863192901,,,,,,Q124637163,230,6439,education,46,0,46,False,0,0,1,0,,1979,2025,,2025.0,,0,0
https://openalex.org/A5040561460,Dongyu Zhao,https://openalex.org/I4210109259,Methodist Hospital,2019,2025,0000-0003-3882-0218,METHODIST HOSPITAL OF SACRAMENTO,38.4635474510001,-121.416526442,0.098419756579919,,,,,,,88,1801,healthcare,6,1,6,False,0,1,1,0,,2010,2025,,2025.0,,0,0
https://openalex.org/A5040561460,Dongyu Zhao,https://openalex.org/I194450716,Jilin University,2010,2023,0000-0003-3882-0218,,,,,,,,,,,88,1801,education,13,1,13,False,0,1,1,0,,2010,2025,,2025.0,,0,0
https://openalex.org/A5109233964,Karel Mertens,https://openalex.org/I45129253,University College London,2010,2023,,,,,,1865.0,1919.0,,nr93009676,,Q2242842,94,3309,education,13,1,13,False,0,0,1,0,54.0,2010,2023,,1919.0,0.0,1,0
https://openalex.org/A5090012100,Erin L. Rechisky,https://openalex.org/I4210086322,Kintama (Canada),2009,2023,0000-0002-2811-8399,,,,,,,,,,,34,961,company,14,0,14,False,0,0,0,0,,2009,2023,,2023.0,,0,0
https://openalex.org/A5027908607,Xiang Fan,https://openalex.org/I12411659,Tianjin University of Traditional Chinese Medicine,2015,2023,0000-0001-7697-0378,,,,,,,0000-0001-7697-0378,,Zhejiang Chinese Medical University,Q87416758,87,2188,education,8,0,8,False,0,1,1,0,,2005,2023,,2023.0,,0,0
https://openalex.org/A5027908607,Xiang Fan,https://openalex.org/I136199984,Harvard University,2005,2016,0000-0001-7697-0378,SPAULDING HOSPITAL FOR CONTINUING MED CARE CAMBRIDGE,42.3753221040001,-71.106943456,0.1122862784625716,,,0000-0001-7697-0378,,Zhejiang Chinese Medical University,Q87416758,87,2188,education,11,0,11,False,0,1,1,0,,2005,2023,,2023.0,,0,0
https://openalex.org/A5014869983,Matthew C. Saleh,https://openalex.org/I205783295,Cornell University,2018,2025,,CAYUGA MEDICAL CENTER,42.4689850720001,-76.537484161,4.602820788088144,,,,,,,28,128,education,7,0,7,False,0,0,0,0,,2018,2025,,2025.0,,0,0
https://openalex.org/A5028895418,K. Akai,https://openalex.org/I138728355,High Energy Accelerator Research Organization,1986,2023,0000-0001-7276-6986,,,,,,,,,,,173,5351,facility,37,0,37,False,0,0,0,0,,1986,2023,,2023.0,,0,0
https://openalex.org/A5101706081,Peter McIntyre,https://openalex.org/I82951845,RMIT University,2013,2021,0000-0001-9506-5998,,,,,,,0000-0001-9506-5998,,University of Melbourne,Q40001085,126,11452,education,8,1,8,False,0,1,1,1,,1982,2025,,2025.0,,0,0
https://openalex.org/A5101706081,Peter McIntyre,https://openalex.org/I165779595,University of Melbourne,2006,2014,0000-0001-9506-5998,,,,,,,0000-0001-9506-5998,,University of Melbourne,Q40001085,126,11452,education,8,1,8,False,0,1,1,1,,1982,2025,,2025.0,,0,0
https://openalex.org/A5101706081,Peter McIntyre,https://openalex.org/I4210161740,St Mark's Hospital,1982,1998,0000-0001-9506-5998,,,,,,,0000-0001-9506-5998,,University of Melbourne,Q40001085,126,11452,healthcare,16,1,16,False,0,0,1,1,,1982,2025,,2025.0,,0,0
https://openalex.org/A5101706081,Peter McIntyre,https://openalex.org/I205783295,Cornell University,2019,2025,0000-0001-9506-5998,CAYUGA MEDICAL CENTER,42.4689850720001,-76.537484161,4.602820788088144,,,0000-0001-9506-5998,,University of Melbourne,Q40001085,126,11452,education,6,1,6,False,0,1,1,1,,1982,2025,,2025.0,,0,0
https://openalex.org/A5105466261,Donald Yamashiro,https://openalex.org/I180670191,"University of California, San Francisco",1973,1990,,LAGUNA HONDA HOSPITAL AND REHABILITATION CENTER,37.7743640780001,-122.425873352,0.5706740882305078,,,,,,,98,2670,education,17,0,17,False,0,0,0,0,,1973,1990,,1990.0,,0,0
https://openalex.org/A5015063669,J. F. DiTusa,https://openalex.org/I121820613,Louisiana State University,1996,2025,0000-0002-3216-4697,BATON ROUGE GENERAL MEDICAL CENTER (MID-CITY),30.4495340920001,-91.153153918,3.361377799448269,,,,,,,141,2612,education,29,0,29,False,0,0,1,0,,1987,2025,,2025.0,,0,0
https://openalex.org/A5015063669,J. F. DiTusa,https://openalex.org/I205783295,Cornell University,1987,1993,0000-0002-3216-4697,CAYUGA MEDICAL CENTER,42.4689850720001,-76.537484161,4.602820788088144,,,,,,,141,2612,education,6,0,6,False,0,0,1,0,,1987,2025,,2025.0,,0,0
https://openalex.org/A5086721718,Rachel E. Speer,https://openalex.org/I205783295,Cornell University,2009,2016,,CAYUGA MEDICAL CENTER,42.4689850720001,-76.537484161,4.602820788088144,,,,,,,10,409,education,7,1,7,False,0,0,0,0,,2009,2016,,2016.0,,0,0
https://openalex.org/A5112525497,Subhash C. Gulati,https://openalex.org/I1334819555,Memorial Sloan Kettering Cancer Center,1986,1993,,NEW YORK-PRESBYTERIAN/LOWER MANHATTAN HOSPITAL,40.7105167880001,-74.0052978259999,0.4212931995566836,,,,,,,14,471,healthcare,7,0,7,False,0,1,0,0,,1986,2006,,2006.0,,0,0
https://openalex.org/A5112525497,Subhash C. Gulati,https://openalex.org/I205783295,Cornell University,1992,2006,,CAYUGA MEDICAL CENTER,42.4689850720001,-76.537484161,4.602820788088144,,,,,,,14,471,education,14,0,14,False,0,1,0,0,,1986,2006,,2006.0,,0,0
https://openalex.org/A5048472156,Brett Troyan,https://openalex.org/I880615350,SUNY Cortland,2007,2020,,CORTLAND REGIONAL MEDICAL CENTER,42.6088314680001,-76.1873216989999,1.0185342470918364,,,,,,,13,71,education,13,0,13,False,0,0,0,0,,2007,2020,,2020.0,,0,0
https://openalex.org/A5024036774,Emily Yang,https://openalex.org/I205783295,Cornell University,1996,2024,0000-0002-7667-359X,CAYUGA MEDICAL CENTER,42.4689850720001,-76.537484161,4.602820788088144,,,0000-0001-5195-9279,,,Q59821416,24,716,education,28,0,28,False,0,0,0,0,,1996,2024,,2024.0,,0,0
https://openalex.org/A5109252622,Frank Schröder,https://openalex.org/I159176309,Universität Hamburg,1966,1998,,,,,,1964.0,,,,,Q1444133,31,788,education,32,0,32,False,0,0,0,0,,1966,1998,,1998.0,,1,0
https://openalex.org/A5000612457,Kelly S. Gibson,https://openalex.org/I4210157264,MetroHealth Medical Center,2011,2025,0000-0001-8605-7064,METRO HEALTH MEDICAL CENTER,41.4609127630001,-81.697602076,0.1465302804749306,,,0000-0001-8605-7064,,Case Western Reserve University,Q40462097,122,2405,healthcare,14,0,14,False,0,0,1,0,,2011,2025,,2025.0,,0,0
https://openalex.org/A5040178272,Jeffrey C. Glaubitz,https://openalex.org/I205783295,Cornell University,2018,2025,0009-0009-4086-1853,CAYUGA MEDICAL CENTER,42.4689850720001,-76.537484161,4.602820788088144,,,,,,,3,8,education,7,0,7,False,0,0,0,0,,2018,2025,,2025.0,,0,0
https://openalex.org/A5089863276,Heather Martin,https://openalex.org/I28792581,University of Rochester Medical Center,2008,2023,0000-0003-2791-0293,THE UNITY HOSPITAL OF ROCHESTER-ST MARYS CAMPUS,43.148695284,-77.637099746,1.873759167113726,1963.0,,,,,Q5693971,73,1575,healthcare,15,0,15,False,0,0,1,0,,2008,2023,45.0,2023.0,,0,0
https://openalex.org/A5031683228,Melissa P. Murray,https://openalex.org/I1334819555,Memorial Sloan Kettering Cancer Center,1995,2025,0000-0002-2935-6014,NEW YORK-PRESBYTERIAN/LOWER MANHATTAN HOSPITAL,40.7105167880001,-74.0052978259999,0.4212931995566836,,,0000-0002-2935-6014,,Memorial Sloan Kettering Cancer Center,Q77351325,98,3082,healthcare,30,0,30,False,0,0,1,0,,1995,2025,,2025.0,,0,0
https://openalex.org/A5056674230,Paul P. Calle,https://openalex.org/I205783295,Cornell University,2010,2021,0009-0000-1849-4481,CAYUGA MEDICAL CENTER,42.4689850720001,-76.537484161,4.602820788088144,,,0009-0000-1849-4481,,,Q130858932,98,2375,education,11,1,11,False,0,0,0,0,,2010,2021,,2021.0,,0,0
https://openalex.org/A5049635014,Laurence S. Baskin,https://openalex.org/I180670191,"University of California, San Francisco",1989,2024,0009-0004-8263-3975,LAGUNA HONDA HOSPITAL AND REHABILITATION CENTER,37.7743640780001,-122.425873352,0.5706740882305078,,,,n97800551,"University of California, San Francisco",Q15432253,699,20297,education,35,0,35,False,0,0,1,0,,1989,2024,,2024.0,,0,0
https://openalex.org/A5078628563,Monica Morrow,https://openalex.org/I1334819555,Memorial Sloan Kettering Cancer Center,1984,2025,0000-0003-4636-8313,NEW YORK-PRESBYTERIAN/LOWER MANHATTAN HOSPITAL,40.7105167880001,-74.0052978259999,0.4212931995566836,,,0000-0003-4636-8313,,,Q89797150,675,36986,healthcare,41,1,41,False,0,0,1,0,,1984,2025,,2025.0,,0,0
https://openalex.org/A5089450812,Lina Zhu,https://openalex.org/I143413998,Qingdao University of Science and Technology,2013,2025,0000-0002-8558-2120,,,,,,,,,,,94,1398,education,12,0,12,False,0,0,1,0,,2013,2025,,2025.0,,0,0
https://openalex.org/A5065588818,T.C. Mele,https://openalex.org/I1333370159,Motorola (United States),1991,2003,,NORTHWEST COMMUNITY HOSPITAL,42.0682911060001,-87.992181634,5.18549306114981,,,,,,,25,443,company,12,0,12,False,0,0,0,0,,1991,2003,,2003.0,,0,0
https://openalex.org/A5089252410,Tracy L. Wacker,https://openalex.org/I177721651,Oakland University,1990,2013,,CRITTENTON HOSPITAL MEDICAL CENTER,42.6798150450001,-83.1495133719999,1.285788857549058,,,,,,,12,416,education,23,0,23,False,0,0,0,0,,1990,2013,,2013.0,,0,0
https://openalex.org/A5048494252,Amye Leong,https://openalex.org/I4210151115,Healthy Start,2004,2025,0000-0002-9948-7407,HEALTHSOUTH HARMARVILLE REHABILITATION HOSPITAL,40.5568960000001,-79.86606,2.039675322113176,,,0000-0002-9948-7407,,,Q92061038,55,6954,healthcare,21,1,21,False,0,0,0,0,,2004,2025,,2025.0,,0,0
https://openalex.org/A5090769961,Jordan H. Driskill,https://openalex.org/I867280407,The University of Texas Southwestern Medical Center,2018,2024,0000-0003-4319-3845,TEXAS SCOTTISH RITE HOSPITAL FOR CHILDREN,32.8019769000001,-96.81431331,2.221486976455084,,,,,,,13,532,healthcare,6,0,6,False,0,0,0,0,,2018,2024,,2024.0,,0,0
https://openalex.org/A5101969350,Lan Ni,https://openalex.org/I36234482,University of Bristol,2001,2025,0000-0002-4733-5081,,,,,1958.0,,,,,Q10893650,77,4863,education,24,1,24,False,0,0,1,0,,2001,2025,43.0,2025.0,,0,0
https://openalex.org/A5115594109,H. Wu,https://openalex.org/I76569877,Southeast University,2007,2025,,,,,,1818.0,1876.0,,n81052473,Leipzig University,Q76124,80,1546,education,18,0,18,False,0,0,1,0,58.0,2007,2025,,1876.0,0.0,1,0
https://openalex.org/A5017689170,Saurabh Saluja,https://openalex.org/I205783295,Cornell University,2013,2024,0000-0002-0930-4815,CAYUGA MEDICAL CENTER,42.4689850720001,-76.537484161,4.602820788088144,,,0000-0002-0930-4815,,Boston Children's Hospital,Q92447291,56,1354,education,11,0,11,False,0,1,0,1,,2013,2024,,2024.0,,0,0
https://openalex.org/A5030829598,David J. Farrar,https://openalex.org/I867280407,The University of Texas Southwestern Medical Center,1999,2025,0000-0001-8584-7080,TEXAS SCOTTISH RITE HOSPITAL FOR CHILDREN,32.8019769000001,-96.81431331,2.221486976455084,,,0000-0001-8584-7080,,University of Texas Southwestern Medical Center,Q90199513,271,10466,healthcare,26,1,26,False,0,1,1,0,,1975,2025,,2025.0,,0,0
https://openalex.org/A5030829598,David J. Farrar,https://openalex.org/I4210096452,Middlesex Hospital,1975,2000,0000-0001-8584-7080,MIDDLESEX HOSPITAL,41.554337263,-72.647569381,0.0398177404013933,,,0000-0001-8584-7080,,University of Texas Southwestern Medical Center,Q90199513,271,10466,healthcare,25,1,25,False,0,1,1,0,,1975,2025,,2025.0,,0,0
https://openalex.org/A5030044825,Karl Anker Jørgensen,https://openalex.org/I204337017,Aarhus University,1978,2025,0000-0002-3482-6236,,,,,1955.0,,0000-0002-3482-6236,,Aarhus University,Q12321364,704,48470,education,47,1,47,False,0,0,1,0,,1978,2025,23.0,2025.0,,0,0
https://openalex.org/A5011543539,Stephanie Legros,https://openalex.org/I205783295,Cornell University,2010,2017,,CAYUGA MEDICAL CENTER,42.4689850720001,-76.537484161,4.602820788088144,,,,,,,4,113,education,7,0,7,False,0,0,0,0,,2010,2017,,2017.0,,0,0
https://openalex.org/A5010394685,Chao Shi,https://openalex.org/I83519826,Nanjing Medical University,2010,2025,0000-0002-4810-7603,,,,,1935.0,2012.0,,,Institute of Vertebrate Paleontology and Paleoanthropology,Q650190,77,6093,education,15,0,15,False,0,0,1,0,77.0,2010,2025,,2012.0,0.0,1,0
https://openalex.org/A5042011371,PN Mbugua,https://openalex.org/I12859529,University of Nairobi,1999,2016,,,,,,,,,,,,55,198,education,17,0,17,False,0,0,0,0,,1999,2016,,2016.0,,0,0
https://openalex.org/A5058837136,Juli R. Gould,https://openalex.org/I21294169,Massachusetts Maritime Academy,2011,2021,0000-0003-4352-1028,CAPE COD & ISLANDS COMMUNITY MENTAL HEALTH CENTER,41.6883995360001,-70.602385101,6.014345586887536,,,,,,,123,3124,education,10,1,10,False,0,1,0,0,,1992,2021,,2021.0,,0,0
https://openalex.org/A5058837136,Juli R. Gould,https://openalex.org/I103635307,"University of California, Riverside",1992,2015,0000-0003-4352-1028,PACIFIC GROVE HOSPITAL,33.9623063870001,-117.3952935,0.999106203949626,,,,,,,123,3124,education,23,1,23,False,0,1,0,0,,1992,2021,,2021.0,,0,0
https://openalex.org/A5108347528,V V Kakkar,https://openalex.org/I4210153400,King's College Hospital,1968,2016,,,,,,,,,,,,288,8828,healthcare,48,1,48,False,0,0,1,0,,1968,2016,,2016.0,,0,0
https://openalex.org/A5040721530,Saba Khan,https://openalex.org/I19716509,Jamia Hamdard,2013,2025,0000-0002-6140-8152,,,,,,,,,,,109,2308,education,12,0,12,False,0,0,1,0,,2013,2025,,2025.0,,0,0
https://openalex.org/A5013694549,R. Jones,https://openalex.org/I23923803,University of Exeter,1977,2016,0000-0003-1167-4812,,,,,,,0000-0003-1167-4812,,Forschungszentrum Jülich,Q54152413,727,29291,education,39,1,39,False,0,1,1,0,,1964,2016,,2016.0,,0,0
https://openalex.org/A5013694549,R. Jones,https://openalex.org/I129902397,Dalhousie University,1964,1979,0000-0003-1167-4812,,,,,,,0000-0003-1167-4812,,Forschungszentrum Jülich,Q54152413,727,29291,education,15,1,15,False,0,1,1,0,,1964,2016,,2016.0,,0,0
https://openalex.org/A5009577898,Linda J. Addonizio,https://openalex.org/I78577930,Columbia University,1985,2021,,NEW YORK-PRESBYTERIAN/LOWER MANHATTAN HOSPITAL,40.7105167880001,-74.0052978259999,0.4211660176629024,,,,,,Q114359110,237,7008,education,36,0,36,False,0,0,1,0,,1985,2021,,2021.0,,0,0
https://openalex.org/A5111194857,G. Vidali,https://openalex.org/I83399316,Rockefeller University,1968,1981,,NEW YORK-PRESBYTERIAN/LOWER MANHATTAN HOSPITAL,40.7105167880001,-74.0052978259999,0.4212931995566836,,,,,,,82,3508,education,13,0,13,False,0,0,0,0,,1968,1981,,1981.0,,0,0
https://openalex.org/A5110118244,Stephen J. Ettinger,https://openalex.org/I4210092668,California Animal Hospital,2001,2012,,WEST LOS ANGELES MEDICAL CENTER,34.0527212710001,-118.452752239,1.1066378741729903,1989.0,,,,,Q14918313,43,5740,healthcare,11,0,11,False,0,0,0,0,,2001,2012,,2012.0,,1,0
https://openalex.org/A5032257865,Beryl McCormick,https://openalex.org/I1334819555,Memorial Sloan Kettering Cancer Center,1978,2025,0000-0002-4550-0565,NEW YORK-PRESBYTERIAN/LOWER MANHATTAN HOSPITAL,40.7105167880001,-74.0052978259999,0.4212931995566836,,,0000-0002-4550-0565,,Memorial Sloan Kettering Cancer Center,Q73042104,387,18924,healthcare,47,0,47,False,0,0,1,0,,1978,2025,,2025.0,,0,0
https://openalex.org/A5108667918,Norbert A. Jaworski,https://openalex.org/I1302368450,Environmental Protection Agency,1980,2018,,GEORGE WASHINGTON UNIVERSITY HOSPITAL,38.901319008,-77.050636676,1.4145520858451976,,,,,,,38,6714,government,38,0,38,False,0,0,0,0,,1980,2018,,2018.0,,0,0
https://openalex.org/A5011658274,Timothy Ziman,https://openalex.org/I899635006,Université Grenoble Alpes,2012,2022,0000-0001-9580-2185,,,,,,,0000-0001-9580-2185,,,Q93216303,137,3764,education,10,1,10,False,0,1,1,0,,1978,2025,,2025.0,,0,0
https://openalex.org/A5011658274,Timothy Ziman,https://openalex.org/I4210165038,University of Chinese Academy of Sciences,2019,2025,0000-0001-9580-2185,,,,,,,0000-0001-9580-2185,,,Q93216303,137,3764,education,6,1,6,False,0,1,1,0,,1978,2025,,2025.0,,0,0
https://openalex.org/A5011658274,Timothy Ziman,https://openalex.org/I40120149,University of Oxford,1978,2008,0000-0001-9580-2185,,,,,,,0000-0001-9580-2185,,,Q93216303,137,3764,education,30,1,30,False,0,0,1,0,,1978,2025,,2025.0,,0,0
https://openalex.org/A5109994632,Jonathan Fleischmann,https://openalex.org/I1335289525,Montefiore Medical Center,1993,1999,,MONTEFIORE MED CENTER - JACK D WEILER HOSP OF A EINSTEIN COLLEGE DIV,40.8498892050001,-73.845890219,1.725880782221752,,,,,,,52,1554,healthcare,6,0,6,False,0,1,0,1,,1987,1999,,1999.0,,0,0
https://openalex.org/A5109994632,Jonathan Fleischmann,https://openalex.org/I58956616,Case Western Reserve University,1987,1996,,LUTHERAN HOSPITAL,41.4876333760001,-81.707262893,1.6479325770104616,,,,,,,52,1554,education,9,0,9,False,0,1,0,1,,1987,1999,,1999.0,,0,0
https://openalex.org/A5083570443,Yu Bai,https://openalex.org/I118803816,Liaoning University,2008,2023,0009-0002-5830-7358,,,,,1988.0,,,,,Q8059891,95,2991,education,15,1,15,False,0,0,1,0,,2008,2023,20.0,2023.0,,0,0
https://openalex.org/A5048812479,Stephen J. Campbell,https://openalex.org/I145311948,Johns Hopkins University,1992,2025,,MERCY MEDICAL CENTER,39.2929215520001,-76.612884233,0.2888536563113657,1963.0,,,nr96032365,,Q103821548,87,2412,education,33,1,33,False,0,0,1,0,,1992,2025,29.0,2025.0,,0,0
https://openalex.org/A5111861742,F. Ë. Taylor,https://openalex.org/I124357947,University of London,1915,1993,0000-0002-7586-7253,,,,,,,,,,Q75994450,668,36230,education,78,1,50,True,0,0,1,0,,1915,1993,,1993.0,,0,0
https://openalex.org/A5101838284,Jae H. Park,https://openalex.org/I1334819555,Memorial Sloan Kettering Cancer Center,2009,2025,0000-0002-2903-5130,NEW YORK-PRESBYTERIAN/LOWER MANHATTAN HOSPITAL,40.7105167880001,-74.0052978259999,0.4212931995566836,1992.0,,,,,Q26220991,491,24549,healthcare,16,1,16,False,0,1,1,0,,1982,2025,,2025.0,,1,0
https://openalex.org/A5101838284,Jae H. Park,https://openalex.org/I139264467,Seoul National University,1982,2010,0000-0002-2903-5130,,,,,1992.0,,,,,Q26220991,491,24549,education,28,1,28,False,0,1,1,0,,1982,2025,,2025.0,,1,0
https://openalex.org/A5015150415,David I. Sandberg,https://openalex.org/I145608581,University of Miami,1985,2011,0000-0002-0245-6461,DOCTORS HOSPITAL,25.7241031020001,-80.274231081,0.6542055321959735,,,0000-0002-0245-6461,,,Q93260349,169,3067,education,26,0,26,False,0,0,1,0,,1985,2025,,2025.0,,0,0
https://openalex.org/A5015150415,David I. Sandberg,https://openalex.org/I919571938,The University of Texas Health Science Center at Houston,2012,2025,0000-0002-0245-6461,ST. JOSEPH MEDICAL CENTER,29.7481161270001,-95.366148139,1.7088830518941125,,,0000-0002-0245-6461,,,Q93260349,169,3067,education,13,0,13,False,0,0,1,0,,1985,2025,,2025.0,,0,0
https://openalex.org/A5100405955,Jin Zhang,https://openalex.org/I87445476,Xi'an Jiaotong University,2000,2025,0000-0002-3584-5527,,,,,,,0000-0002-3584-5527,,,Q89495181,78,1663,education,25,0,25,False,0,0,1,0,,2000,2025,,2025.0,,0,0
https://openalex.org/A5002108035,Robert L. McFeeters,https://openalex.org/I82495205,University of Alabama in Huntsville,2011,2022,,"HUNTSVILLE HOSPITAL, THE",34.721433099,-86.580805509,1.1018830578230654,,,,,,Q117250935,55,1489,education,11,0,11,False,0,0,0,0,,2011,2022,,2022.0,,0,0
https://openalex.org/A5109138509,Peeyush Bhargava,https://openalex.org/I205783295,Cornell University,2003,2020,,CAYUGA MEDICAL CENTER,42.4689850720001,-76.537484161,4.602820788088144,,,,,,Q102345634,11,254,education,17,1,17,False,0,0,0,0,,2003,2020,,2020.0,,0,0
https://openalex.org/A5074920933,Miao Lu,https://openalex.org/I20231570,Peking University,1991,2025,0000-0003-0276-5616,,,,,1984.0,,,no2017037681,,Q22279199,122,3434,education,34,1,34,False,0,0,0,0,,1991,2025,,2025.0,,1,0
https://openalex.org/A5048591270,A. Segalin,https://openalex.org/I189158943,University of Milan,1993,2001,,,,,,,,,,,,127,2205,education,8,0,8,False,0,1,0,0,,1986,2001,,2001.0,,0,0
https://openalex.org/A5048591270,A. Segalin,https://openalex.org/I138689650,University of Padua,1986,1994,,,,,,,,,,,,127,2205,education,8,0,8,False,0,1,0,0,,1986,2001,,2001.0,,0,0
https://openalex.org/A5078350764,Brandon S. Beamer,https://openalex.org/I136199984,Harvard University,2014,2022,,SPAULDING HOSPITAL FOR CONTINUING MED CARE CAMBRIDGE,42.3753221040001,-71.106943456,0.1122862784625716,,,,,,,17,964,education,8,0,8,False,0,1,0,1,,2014,2022,,2022.0,,0,0
https://openalex.org/A5001124933,Martin S. Tallman,https://openalex.org/I111979921,Northwestern University,1991,2024,0000-0002-4367-6102,PRESENCE ST FRANCIS HOSPITAL,42.0243893370001,-87.684568052,1.917023334551091,,,0000-0002-4367-6102,n94800491,,Q69035242,1300,87084,education,33,1,33,False,0,0,1,0,,1991,2024,,2024.0,,0,0
https://openalex.org/A5032597780,Mark Scott,https://openalex.org/I4210139686,National Eye Institute,1993,2000,,WALTER REED NATIONAL MILITARY MEDICAL CENTER,39.0030041160001,-77.0945684719999,0.4901793520526331,1961.0,,,,,Q374782,33,1228,facility,7,0,7,False,0,0,0,0,,1993,2000,32.0,2000.0,,0,0
https://openalex.org/A5024084600,Geoffrey A. Tate,https://openalex.org/I114027177,University of North Carolina at Chapel Hill,2012,2023,0000-0003-3189-5049,UNIVERSITY OF NORTH CAROLINA HOSPITALS,35.9045427030001,-79.049689229,1.110654999538604,1959.0,,,n2004070675,,Q551619,49,9954,education,11,1,11,False,0,0,0,0,,2012,2023,,2023.0,,1,0
https://openalex.org/A5102252778,Dennis Ward,https://openalex.org/I154425047,University of Alberta,2003,2013,,,,,,1967.0,,,,,Q1107046,41,207,education,10,0,10,False,0,0,0,0,,1965,2013,,2013.0,,1,0
https://openalex.org/A5102252778,Dennis Ward,https://openalex.org/I98677209,University of Edinburgh,1965,1975,,,,,,1967.0,,,,,Q1107046,41,207,education,10,0,10,False,0,0,0,0,,1965,2013,,2013.0,,1,0
https://openalex.org/A5053794217,Wim Pyckhout‐Hintzen,https://openalex.org/I68956291,Martin Luther University Halle-Wittenberg,1995,2002,0000-0002-1142-359X,,,,,,,0000-0002-1142-359X,,,Q57072692,173,5095,education,7,1,7,False,0,0,0,0,,1995,2002,,2002.0,,0,0
https://openalex.org/A5049570974,Mark Waltham,https://openalex.org/I4210087110,St Vincent's Hospital,2002,2020,0000-0001-9623-8133,,,,,,,,,,,105,7097,healthcare,18,1,18,False,0,1,1,0,,2002,2025,,2025.0,,0,0
https://openalex.org/A5049570974,Mark Waltham,https://openalex.org/I4210121067,Monash Health,2018,2025,0000-0001-9623-8133,,,,,,,,,,,105,7097,healthcare,7,1,7,False,0,1,1,0,,2002,2025,,2025.0,,0,0
https://openalex.org/A5111717699,Ephraim S. Casper,https://openalex.org/I1334819555,Memorial Sloan Kettering Cancer Center,1981,2014,,NEW YORK-PRESBYTERIAN/LOWER MANHATTAN HOSPITAL,40.7105167880001,-74.0052978259999,0.4212931995566836,,,,,,,82,6709,healthcare,33,0,33,False,0,0,1,0,,1981,2014,,2014.0,,0,0
https://openalex.org/A5010756522,Joseph P. Mathew,https://openalex.org/I170897317,Duke University,1999,2025,0000-0002-3815-4131,DUKE UNIVERSITY HOSPITAL,36.0070497990001,-78.937758112,3.8068183114717904,1992.0,,,,,Q431307,506,19603,education,26,1,26,False,0,1,1,1,,1990,2025,,2025.0,,1,0
https://openalex.org/A5010756522,Joseph P. Mathew,https://openalex.org/I32971472,Yale University,1990,2003,0000-0002-3815-4131,YALE-NEW HAVEN HOSPITAL,41.30469134,-72.9354136589999,0.7176389367718299,1992.0,,,,,Q431307,506,19603,education,13,1,13,False,0,1,1,1,,1990,2025,,2025.0,,1,0
https://openalex.org/A5048336585,Ioannis A. Vetsikas,https://openalex.org/I43439940,University of Southampton,2007,2017,0009-0007-9522-4443,,,,,,,,,,,43,269,education,10,1,10,False,0,1,0,0,,2002,2017,,2017.0,,0,0
https://openalex.org/A5048336585,Ioannis A. Vetsikas,https://openalex.org/I205783295,Cornell University,2002,2008,0009-0007-9522-4443,CAYUGA MEDICAL CENTER,42.4689850720001,-76.537484161,4.602820788088144,,,,,,,43,269,education,6,1,6,False,0,1,0,0,,2002,2017,,2017.0,,0,0
https://openalex.org/A5079664706,Ryan P. McQuinn,https://openalex.org/I205783295,Cornell University,2005,2020,0000-0002-5549-5181,CAYUGA MEDICAL CENTER,42.4689850720001,-76.537484161,4.602820788088144,,,0000-0002-5549-5181,,Australian National University,Q63953264,47,9212,education,15,1,15,False,0,0,1,0,,2005,2020,,2020.0,,0,0
https://openalex.org/A5022108294,Chia‐Hsin Hsu,https://openalex.org/I16733864,National Taiwan University,2016,2022,0000-0003-4869-7110,,,,,,,,,,,19,344,education,6,1,6,False,0,0,0,0,,2000,2022,,2022.0,,0,0
https://openalex.org/A5022108294,Chia‐Hsin Hsu,https://openalex.org/I148366613,National Yang Ming Chiao Tung University,2000,2016,0000-0003-4869-7110,,,,,,,,,,,19,344,education,16,1,16,False,0,0,0,0,,2000,2022,,2022.0,,0,0
https://openalex.org/A5100765475,Pratibha Sharma,https://openalex.org/I205665586,Dr. Rajendra Prasad Central Agriculture University,2014,2020,0000-0001-5507-8436,,,,,,,0000-0002-9424-8503,,Institute of Nuclear Medicine & Allied Sciences,Q87136248,24,58,education,6,0,6,False,0,0,0,0,,1973,2020,,2020.0,,0,0
https://openalex.org/A5100765475,Pratibha Sharma,https://openalex.org/I91357014,Banaras Hindu University,1973,2008,0000-0001-5507-8436,,,,,,,0000-0002-9424-8503,,Institute of Nuclear Medicine & Allied Sciences,Q87136248,24,58,education,35,0,35,False,0,0,0,0,,1973,2020,,2020.0,,0,0
https://openalex.org/A5069171194,Robin Ji,https://openalex.org/I78577930,Columbia University,2017,2025,0000-0003-1361-141X,NEW YORK-PRESBYTERIAN/LOWER MANHATTAN HOSPITAL,40.7105167880001,-74.0052978259999,0.4211660176629024,,,0000-0003-1361-141X,,Columbia University,Q92095813,47,746,education,8,0,8,False,0,0,0,0,,2017,2025,,2025.0,,0,0
https://openalex.org/A5100770218,Ying Li,https://openalex.org/I1313298211,St. Jude Children's Research Hospital,2012,2025,0000-0002-9316-2521,ST. JUDE CHILDREN'S RESEARCH HOSPITAL,35.1542158510001,-90.0429022289999,0.7596458321008707,1880.0,1942.0,,n81056919,,Q5895726,376,6186,healthcare,13,1,13,False,0,1,1,1,62.0,1994,2025,,1942.0,0.0,1,0
https://openalex.org/A5100770218,Ying Li,https://openalex.org/I57206974,New York University,1994,2016,0000-0002-9316-2521,NEW YORK-PRESBYTERIAN/LOWER MANHATTAN HOSPITAL,40.7105167880001,-74.0052978259999,0.4212931995566836,1880.0,1942.0,,n81056919,,Q5895726,376,6186,education,22,1,22,False,0,1,1,1,62.0,1994,2025,,1942.0,0.0,1,0
https://openalex.org/A5110608677,Marie‐Pier Roussel,https://openalex.org/I4210094787,Centre Intégré Universitaire de Santé et de Services Sociaux du Saguenay–Lac-Saint-Jean,2019,2025,,,,,,,,,,,,42,255,healthcare,6,0,6,False,0,1,0,1,,2019,2025,,2025.0,,0,0
https://openalex.org/A5079235490,Michael Milona,https://openalex.org/I530967,Toronto Metropolitan University,2019,2025,0000-0003-1474-6367,,,,,,,,,,,63,427,education,6,0,6,False,0,0,0,0,,2019,2025,,2025.0,,0,0
https://openalex.org/A5110191925,John J. Eppig,https://openalex.org/I205783295,Cornell University,1979,2012,,CAYUGA MEDICAL CENTER,42.4689850720001,-76.537484161,4.602820788088144,1943.0,,,,,Q102350264,254,27870,education,33,1,33,False,0,0,0,0,,1979,2012,36.0,2012.0,,0,0
https://openalex.org/A5053305281,Brian P. Mason,https://openalex.org/I205783295,Cornell University,2006,2012,,CAYUGA MEDICAL CENTER,42.4689850720001,-76.537484161,4.602820788088144,1917.0,2009.0,,n80025991,Smithsonian Institution,Q912298,37,1660,education,6,1,6,False,0,0,0,0,92.0,2006,2012,,2009.0,0.0,1,0
https://openalex.org/A5110315594,Jie Shan,https://openalex.org/I154425047,University of Alberta,1990,2005,,,,,,,,,,,Q45553767,54,1174,education,15,0,15,False,0,0,0,0,,1990,2005,,2005.0,,0,0
https://openalex.org/A5064165519,John J. Sauk,https://openalex.org/I126744593,"University of Maryland, Baltimore",1987,2008,0000-0002-9208-5739,MERCY MEDICAL CENTER,39.2929215520001,-76.612884233,0.2888536563113657,,,0000-0002-9208-5739,,,Q66945685,216,8156,education,21,1,21,False,0,0,1,0,,1970,2021,,2021.0,,0,0
https://openalex.org/A5064165519,John J. Sauk,https://openalex.org/I2802288015,Hennepin County Medical Center,1970,1985,0000-0002-9208-5739,HENNEPIN COUNTY MEDICAL CTR,44.9721324940001,-93.2622359599999,0.0615490145440773,,,0000-0002-9208-5739,,,Q66945685,216,8156,healthcare,15,1,15,False,0,0,1,0,,1970,2021,,2021.0,,0,0
https://openalex.org/A5064165519,John J. Sauk,https://openalex.org/I142740786,University of Louisville,2009,2021,0000-0002-9208-5739,JEWISH HOSPITAL & ST. MARY'S HEALTHCARE,38.2491316470001,-85.751189499,0.9150490961257308,,,0000-0002-9208-5739,,,Q66945685,216,8156,education,12,1,12,False,0,0,1,0,,1970,2021,,2021.0,,0,0
https://openalex.org/A5031045790,Yuhai Cui,https://openalex.org/I125749732,Western University,2012,2024,0000-0002-3675-3288,,,,,,,0000-0002-3675-3288,,,Q59543612,101,4883,education,12,1,12,False,0,0,0,0,,2012,2024,,2024.0,,0,0
https://openalex.org/A5012678408,Devra Lee Davis,https://openalex.org/I145311948,Johns Hopkins University,1985,2003,0000-0003-1759-8275,MERCY MEDICAL CENTER,39.2929215520001,-76.612884233,0.2888536563113657,1946.0,,0000-0003-1759-8275,n80029903,University of Pittsburgh,Q5267942,210,7465,education,18,1,18,False,0,0,1,0,,1985,2024,39.0,2024.0,,0,0
https://openalex.org/A5012678408,Devra Lee Davis,https://openalex.org/I227306068,Ondokuz Mayıs University,2018,2024,0000-0003-1759-8275,,,,,1946.0,,0000-0003-1759-8275,n80029903,University of Pittsburgh,Q5267942,210,7465,education,6,1,6,False,0,0,1,0,,1985,2024,39.0,2024.0,,0,0
https://openalex.org/A5054995890,H. Mahr,https://openalex.org/I205783295,Cornell University,1961,1984,,CAYUGA MEDICAL CENTER,42.4689850720001,-76.537484161,4.602820788088144,,,,,,,63,1900,education,23,0,23,False,0,0,0,0,,1961,1984,,1984.0,,0,0
https://openalex.org/A5111548419,B. E. White,https://openalex.org/I123946342,Binghamton University,1989,2016,,UHS BINGHAMTON GENERAL HOSPITAL,42.0863155530001,-75.914443798,1.4063843668350384,,,0000-0002-0337-8610,,Manaaki Whenua – Landcare Research,Q61041982,104,3239,education,27,1,27,False,0,0,1,0,,1989,2016,,2016.0,,0,0
https://openalex.org/A5032418986,Vijay S. Pande,https://openalex.org/I97018004,Stanford University,1999,2025,0000-0003-2774-1178,STANFORD HOSPITAL,37.4346524360001,-122.174883097,1.4065651567623634,1970.0,,0000-0003-2774-1178,no2010060546,Stanford University,Q3558243,493,57579,education,26,0,26,False,0,0,1,0,,1999,2025,29.0,2025.0,,0,0
https://openalex.org/A5018199873,Masaki Watanabe,https://openalex.org/I64189623,Kitasato University,2004,2025,0000-0001-5586-0743,,,,,1986.0,,,,,Q3247973,243,3967,education,21,1,21,False,0,0,1,0,,1961,2025,,2025.0,,1,0
https://openalex.org/A5018199873,Masaki Watanabe,https://openalex.org/I98285908,Osaka University,1961,2003,0000-0001-5586-0743,,,,,1986.0,,,,,Q3247973,243,3967,education,42,1,42,False,0,0,1,0,,1961,2025,,2025.0,,1,0
https://openalex.org/A5068438813,George E. Moore,https://openalex.org/I219193219,Purdue University West Lafayette,2005,2025,0000-0001-7473-3387,FRANCISCAN ST ELIZABETH HEALTH - LAFAYETTE CENTRAL,40.427286859,-86.881446211,2.2590910740284578,,,0000-0001-7473-3387,,Purdue University,Q89525189,624,14041,education,20,1,20,False,0,0,1,1,,1939,2025,,2025.0,,0,0
https://openalex.org/A5068438813,George E. Moore,https://openalex.org/I921990950,University of Colorado Denver,1974,1994,0000-0001-7473-3387,DENVER HEALTH MEDICAL CENTER,39.728201143,-104.990975106,1.3304606647663948,,,0000-0001-7473-3387,,Purdue University,Q89525189,624,14041,education,20,1,20,False,0,1,1,1,,1939,2025,,2025.0,,0,0
https://openalex.org/A5068438813,George E. Moore,https://openalex.org/I97018004,Stanford University,1939,1949,0000-0001-7473-3387,STANFORD HOSPITAL,37.4346524360001,-122.174883097,1.4065651567623634,,,0000-0001-7473-3387,,Purdue University,Q89525189,624,14041,education,10,1,10,False,0,0,1,1,,1939,2025,,2025.0,,0,0
https://openalex.org/A5113631614,J. D. Barchas,https://openalex.org/I97018004,Stanford University,1973,1980,,STANFORD HOSPITAL,37.4346524360001,-122.174883097,1.4065651567623634,,,,,,,19,692,education,7,0,7,False,0,0,0,0,,1973,1980,,1980.0,,0,0
https://openalex.org/A5113468410,Abdul-Aziz Yakubu,https://openalex.org/I137853757,Howard University,2001,2021,,GEORGE WASHINGTON UNIVERSITY HOSPITAL,38.901319008,-77.050636676,1.4145443337316066,1958.0,2022.0,0000-0002-5470-7293,,Howard University,Q12887000,6,167,education,20,0,20,False,0,0,0,0,64.0,2001,2021,43.0,2021.0,1.0,0,0
https://openalex.org/A5090679438,Deborah Busch,https://openalex.org/I145311948,Johns Hopkins University,2019,2025,0000-0002-1293-1430,MERCY MEDICAL CENTER,39.2929215520001,-76.612884233,0.2888536563113657,,,0000-0002-1293-1430,,Johns Hopkins School of Nursing,Q87791374,40,453,education,6,0,6,False,0,0,0,0,,2019,2025,,2025.0,,0,0
https://openalex.org/A5068320260,Susan R. McCouch,https://openalex.org/I205783295,Cornell University,1988,2025,0000-0001-9246-3106,CAYUGA MEDICAL CENTER,42.4689850720001,-76.537484161,4.602820788088144,1953.0,,0000-0001-9246-3106,no2003010177,Cornell University,Q56035682,342,46408,education,37,1,37,False,0,0,1,0,,1988,2025,35.0,2025.0,,0,0
https://openalex.org/A5040658026,Donna Walton Angarano,https://openalex.org/I82497590,Auburn University,1990,2012,,EAST ALABAMA MEDICAL CENTER,32.638524869,-85.4044747899999,7.824687869010448,,,,,,,17,319,education,22,0,22,False,0,0,0,0,,1990,2012,,2012.0,,0,0
https://openalex.org/A5029739175,Matthew C. Davidson,https://openalex.org/I24603500,University of Massachusetts Amherst,2006,2019,,COOLEY DICKINSON HOSPITAL,42.3302,-72.6532,12.099031162779085,1991.0,,,,,Q6788538,45,9130,education,13,0,13,False,0,0,0,0,,2006,2019,,2019.0,,1,0
https://openalex.org/A5059352478,Anastasia H. Dalziell,https://openalex.org/I205783295,Cornell University,2007,2025,0000-0003-3602-0495,CAYUGA MEDICAL CENTER,42.4689850720001,-76.537484161,4.602820788088144,,,0000-0003-3602-0495,,,Q96055154,39,875,education,18,0,18,False,0,0,1,0,,2007,2025,,2025.0,,0,0
https://openalex.org/A5069940096,Zachary Stansell,https://openalex.org/I205783295,Cornell University,2017,2025,0000-0003-4997-3383,CAYUGA MEDICAL CENTER,42.4689850720001,-76.537484161,4.602820788088144,,,0000-0003-4997-3383,,Cornell University,Q96097066,19,195,education,8,1,8,False,0,0,0,0,,2017,2025,,2025.0,,0,0
https://openalex.org/A5003197574,Christiane Perme,https://openalex.org/I4210109259,Methodist Hospital,1998,2026,0000-0003-4212-5867,METHODIST HOSPITAL OF SACRAMENTO,38.4635474510001,-121.416526442,0.098419756579919,,,,,,,39,4627,healthcare,28,0,28,False,0,0,1,0,,1998,2026,,2026.0,,0,0
https://openalex.org/A5003850109,Herbert P. Ginsburg,https://openalex.org/I78577930,Columbia University,1985,2020,,NEW YORK-PRESBYTERIAN/LOWER MANHATTAN HOSPITAL,40.7105167880001,-74.0052978259999,0.4211660176629024,1939.0,,,n82063698,,Q112482061,154,8870,education,35,1,35,False,0,0,0,0,,1966,2020,27.0,2020.0,,0,0
https://openalex.org/A5003850109,Herbert P. Ginsburg,https://openalex.org/I205783295,Cornell University,1966,1976,,CAYUGA MEDICAL CENTER,42.4689850720001,-76.537484161,4.602820788088144,1939.0,,,n82063698,,Q112482061,154,8870,education,10,1,10,False,0,0,0,0,,1966,2020,27.0,2020.0,,0,0
https://openalex.org/A5109537821,Gregory A. Harshfield,https://openalex.org/I25041050,Augusta University,1999,2021,,HEALTHSOUTH WALTON REHABILITATION HOSPITAL,33.474703924,-81.980305534,0.6553838483944237,,,,,,,148,5682,education,22,1,22,False,0,0,1,0,,1988,2021,,2021.0,,0,0
https://openalex.org/A5109537821,Gregory A. Harshfield,https://openalex.org/I160606119,University of Tennessee Health Science Center,1988,1997,,ST. JUDE CHILDREN'S RESEARCH HOSPITAL,35.1542158510001,-90.0429022289999,0.7594845023750564,,,,,,,148,5682,education,9,1,9,False,0,0,1,0,,1988,2021,,2021.0,,0,0
https://openalex.org/A5084619380,Michael J. Coyne,https://openalex.org/I40347166,University of Chicago,1974,2025,0000-0003-4107-2353,MERCY HOSPITAL AND MEDICAL CENTER,41.8468895830001,-87.621491598,2.3911404464142096,,,0000-0003-4107-2353,,,Q92289618,157,12645,education,51,1,50,True,0,0,1,0,,1974,2025,,2025.0,,0,0
https://openalex.org/A5036237652,Ann Macpherson Sánchez,https://openalex.org/I205783295,Cornell University,1967,1976,,CAYUGA MEDICAL CENTER,42.4689850720001,-76.537484161,4.602820788088144,,,,,,,4,97,education,9,0,9,False,0,0,0,0,,1967,1976,,1976.0,,0,0
https://openalex.org/A5103040866,Jinn Lin,https://openalex.org/I4210131804,National Taiwan University Hospital,1996,2020,0000-0003-1706-7220,,,,,,,0000-0003-1706-7220,,,Q100992408,94,2928,healthcare,24,0,24,False,0,1,1,0,,1996,2023,,2023.0,,0,0
https://openalex.org/A5103040866,Jinn Lin,https://openalex.org/I200296433,Chinese Academy of Medical Sciences & Peking Union Medical College,2017,2023,0000-0003-1706-7220,,,,,,,0000-0003-1706-7220,,,Q100992408,94,2928,education,6,0,6,False,0,1,1,0,,1996,2023,,2023.0,,0,0
https://openalex.org/A5108487850,W. Mitchell Masters,https://openalex.org/I52357470,The Ohio State University,1988,2004,,GRANT MEDICAL CENTER,39.9609732750001,-82.991001983,0.6641611863192901,,,,,,,23,753,education,16,0,16,False,0,0,0,0,,1988,2004,,2004.0,,0,0
https://openalex.org/A5043623525,Patricia Gallo,https://openalex.org/I35046152,Universidade Federal do Rio Grande do Norte,2009,2019,,,,,,1942.0,,,no2002025029,,Q55629224,54,7,education,10,0,10,False,0,0,1,0,,2009,2019,,2019.0,,1,0
https://openalex.org/A5112067075,Hoi-Lai Yu,https://openalex.org/I4210111779,"Institute of Physics, Academia Sinica",1988,2018,,,,,,,,,,,,48,1237,facility,30,0,30,False,0,0,0,0,,1988,2018,,2018.0,,0,0
https://openalex.org/A5090174042,Estuning Tyas Wulan Mei,https://openalex.org/I165230279,Universitas Gadjah Mada,2012,2023,0000-0003-3814-9014,,,,,,,,,,,72,648,education,11,0,11,False,0,0,0,0,,2012,2023,,2023.0,,0,0
https://openalex.org/A5032093404,William K. Cornwell,https://openalex.org/I97018004,Stanford University,2002,2009,0000-0003-4080-4073,STANFORD HOSPITAL,37.4346524360001,-122.174883097,1.4065651567623634,,,0000-0003-4080-4073,,University of New South Wales,Q56755341,293,38891,education,7,1,7,False,0,0,1,0,,2002,2025,,2025.0,,0,0
https://openalex.org/A5032093404,William K. Cornwell,https://openalex.org/I31746571,UNSW Sydney,2013,2025,0000-0003-4080-4073,,,,,,,0000-0003-4080-4073,,University of New South Wales,Q56755341,293,38891,education,12,1,12,False,0,0,1,0,,2002,2025,,2025.0,,0,0
https://openalex.org/A5022865068,Anum Aslam,https://openalex.org/I27837315,University of Michigan–Ann Arbor,2019,2025,0000-0001-6243-5286,UNIVERSITY OF MICHIGAN HEALTH SYSTEM,42.283191747,-83.728707796,1.181076648372232,,,0000-0001-6243-5286,,University of Michigan,Q92439161,56,593,education,6,0,6,False,0,1,0,1,,2019,2025,,2025.0,,0,0
https://openalex.org/A5100443879,Yan Li,https://openalex.org/I14243506,Hong Kong Polytechnic University,1997,2025,0000-0002-4694-4926,,,,,2000.0,,0000-0002-4694-4926,n2017187923,University of Southern Queensland,Q45763479,967,16659,education,28,1,28,False,0,1,1,0,,1995,2025,,2025.0,,1,0
https://openalex.org/A5100443879,Yan Li,https://openalex.org/I167360494,University of Wuppertal,1995,2001,0000-0002-4694-4926,,,,,2000.0,,0000-0002-4694-4926,n2017187923,University of Southern Queensland,Q45763479,967,16659,education,6,1,6,False,0,1,1,0,,1995,2025,,2025.0,,1,0
https://openalex.org/A5051309985,Felix A. H. Sperling,https://openalex.org/I154425047,University of Alberta,1990,2025,0000-0001-5148-4226,,,,,,,0000-0001-5148-4226,,"University of California, Berkeley",Q21391423,242,9364,education,35,0,35,False,0,0,0,0,,1990,2025,,2025.0,,0,0
https://openalex.org/A5084557792,Sami Jorge Michereff,https://openalex.org/I62921916,Universidade Federal Rural de Pernambuco,1994,2020,0000-0002-2156-3502,,,,,,,,,,Q88840055,229,3480,education,26,0,26,False,0,1,0,0,,1994,2025,,2025.0,,0,0
https://openalex.org/A5084557792,Sami Jorge Michereff,https://openalex.org/I4210090750,Universidade Federal do Cariri,2018,2025,0000-0002-2156-3502,,,,,,,,,,Q88840055,229,3480,education,7,0,7,False,0,1,0,0,,1994,2025,,2025.0,,0,0
https://openalex.org/A5050995488,Lewis J. Sherman,https://openalex.org/I208333798,University of Missouri–St. Louis,1971,1979,,VA MEDICAL CENTER - JOHN COCHRAN DIVISION,38.6423845620001,-90.2312485419999,3.3495570087062334,,,,,,Q22673913,28,326,education,8,0,8,False,0,0,0,0,,1957,1979,,1979.0,,0,0
https://openalex.org/A5050995488,Lewis J. Sherman,https://openalex.org/I2800440370,Signature Healthcare Brockton Hospital,1957,1968,,SIGNATURE HEALTHCARE BROCKTON HOSPITAL,42.0879,-70.9915,0.0566009576839765,,,,,,Q22673913,28,326,healthcare,11,0,11,False,0,0,0,0,,1957,1979,,1979.0,,0,0
https://openalex.org/A5110221229,Jeong Je Cho,https://openalex.org/I35928602,Kyung Hee University,2002,2019,,,,,,1987.0,,,,,Q625079,6,430,education,17,0,17,False,0,0,0,0,,2002,2019,,2019.0,,1,0
https://openalex.org/A5042231087,Carolyn F. Weber,https://openalex.org/I121820613,Louisiana State University,2007,2017,,BATON ROUGE GENERAL MEDICAL CENTER (MID-CITY),30.4495340920001,-91.153153918,3.361377799448269,,,0000-0002-8490-5549,,,Q88305489,43,22706,education,10,0,10,False,0,1,0,0,,2007,2021,,2021.0,,0,0
https://openalex.org/A5042231087,Carolyn F. Weber,https://openalex.org/I106969075,Idaho State University,2013,2021,,PORTNEUF MEDICAL CENTER,42.8738530050001,-112.420762032,2.038545997849111,,,0000-0002-8490-5549,,,Q88305489,43,22706,education,8,0,8,False,0,1,0,0,,2007,2021,,2021.0,,0,0
https://openalex.org/A5009038938,Elizabeth Comen,https://openalex.org/I1334819555,Memorial Sloan Kettering Cancer Center,2009,2025,0000-0002-9179-0399,NEW YORK-PRESBYTERIAN/LOWER MANHATTAN HOSPITAL,40.7105167880001,-74.0052978259999,0.4212931995566836,,,0000-0002-9179-0399,n2023070619,,Q114717600,105,4524,healthcare,16,0,16,False,0,0,1,0,,2009,2025,,2025.0,,0,0
https://openalex.org/A5080019310,Nancy J. Rosenbloom,https://openalex.org/I80134939,Canisius College,1996,2014,,SISTERS OF CHARITY HOSPITAL,42.928436892,-78.8484586449999,0.4707076065156883,,,,,,,17,97,education,18,0,18,False,0,0,0,0,,1996,2014,,2014.0,,0,0
https://openalex.org/A5046354030,Kazuyoshi Ueda,https://openalex.org/I180203408,Yokohama National University,1988,2022,0000-0002-7279-1230,,,,,2000.0,,0000-0002-7279-1230,,Yokohama National University,Q48881949,197,2078,education,34,0,34,False,0,0,1,0,,1988,2022,,2022.0,,1,0
https://openalex.org/A5042926381,Natalia N. Starkova,https://openalex.org/I205783295,Cornell University,2010,2018,,CAYUGA MEDICAL CENTER,42.4689850720001,-76.537484161,4.602820788088144,,,,,,,21,981,education,8,0,8,False,0,0,0,0,,2010,2018,,2018.0,,0,0
https://openalex.org/A5115861810,Shuo Chen,https://openalex.org/I889458895,University of Hong Kong,1982,2011,0009-0007-7103-6077,,,,,,,,,,Q21694377,484,11467,education,29,1,29,False,0,1,1,0,,1982,2024,,2024.0,,0,0
https://openalex.org/A5115861810,Shuo Chen,https://openalex.org/I24943067,Fudan University,2010,2024,0009-0007-7103-6077,,,,,,,,,,Q21694377,484,11467,education,14,1,14,False,0,1,1,0,,1982,2024,,2024.0,,0,0
https://openalex.org/A5063044283,Jorge A. Carrasquillo,https://openalex.org/I4210155647,National Institutes of Health Clinical Center,1984,2019,0000-0002-8513-5734,SUBURBAN HOSPITAL,38.997402483,-77.110318402,0.6945112405355156,,,0000-0002-8513-5734,,University of Washington,Q40015819,432,16293,healthcare,35,1,35,False,0,0,1,0,,1984,2019,,2019.0,,0,0
https://openalex.org/A5112766560,Christine A. Strick,https://openalex.org/I180857899,Pfizer (United States),1991,2018,,NEW YORK-PRESBYTERIAN/LOWER MANHATTAN HOSPITAL,40.7105167880001,-74.0052978259999,0.4211660176629024,1780.0,1840.0,,,,Q55900276,38,3134,company,27,0,27,False,0,0,0,0,60.0,1991,2018,,1840.0,0.0,1,0
https://openalex.org/A5072571038,Sa’ar Hersonsky,https://openalex.org/I165733156,University of Georgia,1997,2025,,ATHENS REGIONAL MED CENTER,33.961292466,-83.397945072,1.8456494249278688,,,,,,,49,475,education,28,0,28,False,0,0,0,0,,1997,2025,,2025.0,,0,0
https://openalex.org/A5020381513,Varuni Obeyesekere,https://openalex.org/I4210087110,St Vincent's Hospital,2006,2025,,,,,,,,,,,,59,2175,healthcare,19,1,19,False,0,0,1,0,,2006,2025,,2025.0,,0,0
https://openalex.org/A5055567152,D. Olson,https://openalex.org/I24861097,St. Olaf College,1984,1999,,NORTHFIELD CITY HOSPITAL & NSG,44.47357736,-93.191723442,2.9326260985410357,,,,,,Q117144700,27,388,education,15,0,15,False,0,0,0,0,,1984,1999,,1999.0,,0,0
https://openalex.org/A5028032363,Rajeev K. Mehlotra,https://openalex.org/I58956616,Case Western Reserve University,2000,2023,0000-0003-4205-750X,LUTHERAN HOSPITAL,41.4876333760001,-81.707262893,1.6479325770104616,,,,,,,62,1859,education,23,1,23,False,0,0,1,0,,2000,2023,,2023.0,,0,0
https://openalex.org/A5111812587,Robert J. Korst,https://openalex.org/I2800116915,Valley Hospital,2007,2024,,VALLEY HOSPITAL,40.9835946320001,-74.100649609,0.0060248269591434,,,,,,Q114338885,157,41522,healthcare,17,0,17,False,0,0,1,0,,1995,2024,,2024.0,,0,0
https://openalex.org/A5111812587,Robert J. Korst,https://openalex.org/I205783295,Cornell University,1995,2007,,CAYUGA MEDICAL CENTER,42.4689850720001,-76.537484161,4.602820788088144,,,,,,Q114338885,157,41522,education,12,0,12,False,0,0,1,0,,1995,2024,,2024.0,,0,0
https://openalex.org/A5101466548,Ahmed H. Ahmed,https://openalex.org/I205783295,Cornell University,1989,2019,0000-0002-9518-6535,CAYUGA MEDICAL CENTER,42.4689850720001,-76.537484161,4.602820788088144,1970.0,,,no99017536,,Q4695717,40,627,education,30,0,30,False,0,0,0,0,,1989,2019,19.0,2019.0,,0,0
https://openalex.org/A5036944955,Jonathan F. Khan,https://openalex.org/I205783295,Cornell University,2019,2025,0000-0002-3444-8108,CAYUGA MEDICAL CENTER,42.4689850720001,-76.537484161,4.602820788088144,,,,no2013045665,,Q136704896,38,238,education,6,0,6,False,0,1,0,1,,2019,2025,,2025.0,,0,0
https://openalex.org/A5082391932,Mark Ptashne,https://openalex.org/I136199984,Harvard University,1967,2001,,SPAULDING HOSPITAL FOR CONTINUING MED CARE CAMBRIDGE,42.3753221040001,-71.106943456,0.1122862784625716,1940.0,,,n80147057,Harvard University,Q1900363,255,36280,education,34,1,34,False,0,1,1,0,,1967,2017,27.0,2017.0,,0,0
https://openalex.org/A5082391932,Mark Ptashne,https://openalex.org/I1334819555,Memorial Sloan Kettering Cancer Center,1998,2017,,NEW YORK-PRESBYTERIAN/LOWER MANHATTAN HOSPITAL,40.7105167880001,-74.0052978259999,0.4212931995566836,1940.0,,,n80147057,Harvard University,Q1900363,255,36280,healthcare,19,1,19,False,0,1,1,0,,1967,2017,27.0,2017.0,,0,0
https://openalex.org/A5111796835,Alexander Hampton,https://openalex.org/I1289437631,Fox Chase Cancer Center,1975,1987,,MAGEE REHABILITATION HOSPITAL,39.9568141240001,-75.16527023,0.5126026831433603,1910.0,1964.0,,,,Q24045446,111,1651,healthcare,12,0,12,False,0,0,0,1,54.0,1957,1987,47.0,1964.0,0.0,0,0
https://openalex.org/A5111796835,Alexander Hampton,https://openalex.org/I39965400,Kettering University,1957,1970,,HURLEY MEDICAL CENTER,43.0211754010001,-83.7049563859999,1.7166391398536445,1910.0,1964.0,,,,Q24045446,111,1651,education,13,0,13,False,0,1,0,1,54.0,1957,1987,47.0,1964.0,0.0,0,0
https://openalex.org/A5007588773,Joachim Yahalom,https://openalex.org/I1334819555,Memorial Sloan Kettering Cancer Center,1987,2025,0000-0003-1658-8585,NEW YORK-PRESBYTERIAN/LOWER MANHATTAN HOSPITAL,40.7105167880001,-74.0052978259999,0.4212931995566836,,,0000-0003-1658-8585,nb2008010306,Memorial Sloan Kettering Cancer Center,Q50056528,516,26795,healthcare,38,0,38,False,0,0,1,0,,1987,2025,,2025.0,,0,0
https://openalex.org/A5005039503,Roger Haydon,https://openalex.org/I205783295,Cornell University,1989,2018,,CAYUGA MEDICAL CENTER,42.4689850720001,-76.537484161,4.602820788088144,,,,,University of Lancaster,Q113761953,2,0,education,29,0,29,False,0,0,0,0,,1989,2018,,2018.0,,0,0
https://openalex.org/A5013510074,C. Ákos Szabó,https://openalex.org/I165951966,The University of Texas Health Science Center at San Antonio,1999,2026,0000-0001-6731-3245,NIX HEALTH CARE SYSTEM,29.4256719860001,-98.48942,0.4427583508152977,,,0000-0001-6731-3245,,University of Texas Health Science Center at San Antonio,Q89774435,103,1674,education,27,0,27,False,0,0,1,0,,1966,2026,,2026.0,,0,0
https://openalex.org/A5013510074,C. Ákos Szabó,https://openalex.org/I78577930,Columbia University,1966,1972,0000-0001-6731-3245,NEW YORK-PRESBYTERIAN/LOWER MANHATTAN HOSPITAL,40.7105167880001,-74.0052978259999,0.4211660176629024,,,0000-0001-6731-3245,,University of Texas Health Science Center at San Antonio,Q89774435,103,1674,education,6,0,6,False,0,0,1,0,,1966,2026,,2026.0,,0,0
https://openalex.org/A5100402317,Yuwei Wang,https://openalex.org/I153718931,University of Ottawa,1996,2013,0000-0001-5782-1107,,,,,,,0000-0003-1799-5246,,,Q59862520,550,11637,education,17,1,17,False,0,1,1,0,,1996,2024,,2024.0,,0,0
https://openalex.org/A5100402317,Yuwei Wang,https://openalex.org/I4210165038,University of Chinese Academy of Sciences,2010,2024,0000-0001-5782-1107,,,,,,,0000-0003-1799-5246,,,Q59862520,550,11637,education,14,1,14,False,0,1,1,0,,1996,2024,,2024.0,,0,0
https://openalex.org/A5050257302,David M. Soderlund,https://openalex.org/I205783295,Cornell University,1979,2019,,CAYUGA MEDICAL CENTER,42.4689850720001,-76.537484161,4.602820788088144,,,,,,,127,6843,education,40,1,40,False,0,0,0,0,,1979,2019,,2019.0,,0,0
https://openalex.org/A5047658432,Eric P. Nelson,https://openalex.org/I24571045,University of North Dakota,1969,2010,,ALTRU HOSPITAL,47.910573,-97.0686861949999,3.13035928451781,1969.0,,0000-0002-4257-741X,,University of Texas at Arlington,Q3056358,2,36,education,41,0,41,False,0,0,0,0,,1969,2010,,2010.0,,1,0
https://openalex.org/A5101823351,Richard A. Cohen,https://openalex.org/I111088046,Boston University,1980,2022,0000-0003-2227-8460,SHRINERS' HOSPITAL FOR CHILDREN,42.3630925480001,-71.066301879,0.746205054066919,1952.0,,,n94052395,,Q713898,476,27968,education,42,1,42,False,0,0,1,0,,1980,2022,28.0,2022.0,,0,0
https://openalex.org/A5025912032,Paul V. Marrone,https://openalex.org/I205783295,Cornell University,1959,2003,,CAYUGA MEDICAL CENTER,42.4689850720001,-76.537484161,4.602820788088144,,,,,,,23,1338,education,44,0,44,False,0,0,1,0,,1959,2003,,2003.0,,0,0
https://openalex.org/A5100422249,Zhen Wang,https://openalex.org/I173899330,Henan University,2009,2025,0000-0001-5115-231X,,,,,2000.0,,0000-0002-3399-5281,,,Q47718936,94,1538,education,16,0,16,False,0,0,1,0,,2009,2025,,2025.0,,1,0
https://openalex.org/A5064402606,Samuel Sultan,https://openalex.org/I205783295,Cornell University,2011,2022,0000-0002-5575-9693,CAYUGA MEDICAL CENTER,42.4689850720001,-76.537484161,4.602820788088144,,,0000-0002-5575-9693,,,Q87704436,60,602,education,11,0,11,False,0,0,1,0,,2011,2022,,2022.0,,0,0
https://openalex.org/A5069250487,Nimali Jayasinghe,https://openalex.org/I205783295,Cornell University,2005,2022,0000-0002-6744-7312,CAYUGA MEDICAL CENTER,42.4689850720001,-76.537484161,4.602820788088144,,,0000-0002-6744-7312,,,Q88799816,30,735,education,17,0,17,False,0,0,1,0,,2005,2022,,2022.0,,0,0
https://openalex.org/A5000846005,Barbara L. Peckarsky,https://openalex.org/I135310074,University of Wisconsin–Madison,1979,2021,,SELECT SPECIALTY HOSPITAL MADISON,43.0659334370001,-89.399383385,0.8054172583771614,,,,,,Q110251404,117,7525,education,42,1,42,False,0,0,1,0,,1979,2021,,2021.0,,0,0
https://openalex.org/A5082631852,Rebecca A. Drayer,https://openalex.org/I170201317,University of Pittsburgh,2002,2008,0000-0002-8805-7612,UPMC MERCY,40.436099,-79.985113999,1.041360910333493,,,,,,,18,1604,education,6,0,6,False,0,0,0,0,,2002,2008,,2008.0,,0,0
https://openalex.org/A5077877010,Michael Biddiss,https://openalex.org/I71052956,University of Reading,1979,2017,,,,,,,,,,,,132,852,education,38,1,38,False,0,0,0,0,,1966,2017,,2017.0,,0,0
https://openalex.org/A5077877010,Michael Biddiss,https://openalex.org/I241749,University of Cambridge,1966,1972,,,,,,,,,,,,132,852,education,6,1,6,False,0,0,0,0,,1966,2017,,2017.0,,0,0
https://openalex.org/A5111824465,Robert A. Meyers,https://openalex.org/I27837315,University of Michigan–Ann Arbor,1967,1981,,UNIVERSITY OF MICHIGAN HEALTH SYSTEM,42.283191747,-83.728707796,1.181076648372232,1936.0,,,n79067504,,Q112357168,105,4334,education,14,1,14,False,0,0,0,0,,1967,1981,31.0,1981.0,,0,0
https://openalex.org/A5002985641,R. Protz,https://openalex.org/I79817857,University of Guelph,1968,2008,0000-0002-1744-6557,,,,,,,,,,,80,2407,education,40,0,40,False,0,0,0,0,,1968,2008,,2008.0,,0,0
https://openalex.org/A5061772876,Bethany R. Wasik,https://openalex.org/I32971472,Yale University,2014,2020,,YALE-NEW HAVEN HOSPITAL,41.30469134,-72.9354136589999,0.7176389367718299,,,,,,,12,863,education,6,0,6,False,0,1,0,1,,2014,2020,,2020.0,,0,0
https://openalex.org/A5078136198,Nicole A. Schreiber,https://openalex.org/I1334819555,Memorial Sloan Kettering Cancer Center,2013,2023,,NEW YORK-PRESBYTERIAN/LOWER MANHATTAN HOSPITAL,40.7105167880001,-74.0052978259999,0.4212931995566836,,,0000-0002-6771-1080,,,Q56950348,53,1912,healthcare,10,0,10,False,0,0,1,0,,2013,2023,,2023.0,,0,0
https://openalex.org/A5025185750,James W. Begun,https://openalex.org/I184840846,Virginia Commonwealth University,1980,2006,0000-0003-1924-6126,HENRICO DOCTORS' HOSPITAL - RETREAT,37.553912977,-77.473118539,1.133649284346811,,,0000-0003-1924-6126,n80115124,University of Minnesota,Q83222920,137,3095,education,26,0,26,False,0,0,1,0,,1980,2006,,2006.0,,0,0
https://openalex.org/A5103405032,Sherrill Adams,https://openalex.org/I79576946,University of Pennsylvania,1982,2022,,MAGEE REHABILITATION HOSPITAL,39.9568141240001,-75.16527023,0.5127238287837673,,,,,,,64,3673,education,40,1,40,False,0,0,1,0,,1982,2022,,2022.0,,0,0
https://openalex.org/A5103107534,Philip M. Johnson,https://openalex.org/I59553526,Stony Brook University,1970,2020,0000-0002-7938-3977,STONY BROOK UNIVERSITY MEDICAL CENTER,40.909194455,-73.115678223,2.802397004474364,,,0000-0002-7938-3977,,Stony Brook University,Q91735400,184,4579,education,50,1,50,False,0,0,1,0,,1970,2020,,2020.0,,0,0
https://openalex.org/A5089969365,Sachiyo Okayama,https://openalex.org/I4210134991,Tokyo Women's Medical University Adachi Medical Center,2009,2025,,,,,,,,,,,,78,175,healthcare,16,0,16,False,0,0,0,0,,2009,2025,,2025.0,,0,0
https://openalex.org/A5053468333,R. L. Schult,https://openalex.org/I157725225,University of Illinois Urbana-Champaign,1962,1993,,THE CARLE FOUNDATION HOSPITAL,40.117041763,-88.2149486599999,0.9700766454096008,1828.0,1910.0,,,,Q23000732,33,943,education,31,0,31,False,0,0,1,0,82.0,1962,1993,,1910.0,0.0,1,0
https://openalex.org/A5110309968,Hideo Masui,https://openalex.org/I36258959,"University of California, San Diego",1970,1985,,NAVAL MEDICAL CENTER SAN DIEGO,32.7275202280001,-117.145937292,2.1936292796024657,,,,,,,71,6022,education,15,0,15,False,0,0,0,0,,1970,1995,,1995.0,,0,0
https://openalex.org/A5110309968,Hideo Masui,https://openalex.org/I1334819555,Memorial Sloan Kettering Cancer Center,1986,1995,,NEW YORK-PRESBYTERIAN/LOWER MANHATTAN HOSPITAL,40.7105167880001,-74.0052978259999,0.4212931995566836,,,,,,,71,6022,healthcare,9,0,9,False,0,0,0,0,,1970,1995,,1995.0,,0,0
https://openalex.org/A5008018378,G. Geraci,https://openalex.org/I27483092,University of Perugia,1975,1983,,,,,,,,,,,,14,614,education,8,0,8,False,0,0,0,0,,1975,1997,,1997.0,,0,0
https://openalex.org/A5008018378,G. Geraci,https://openalex.org/I71267560,University of Naples Federico II,1990,1997,,,,,,,,,,,,14,614,education,7,0,7,False,0,0,0,0,,1975,1997,,1997.0,,0,0
https://openalex.org/A5050706068,John P. Pierce,https://openalex.org/I2800935791,UC San Diego Health System,2020,2026,0000-0002-0075-7471,NAVAL MEDICAL CENTER SAN DIEGO,32.7275202280001,-117.145937292,2.193547354802205,,,0000-0002-0075-7471,,"University of California, San Diego",Q51763273,651,35739,healthcare,6,1,6,False,0,0,1,0,,1970,2026,,2026.0,,0,0
https://openalex.org/A5050706068,John P. Pierce,https://openalex.org/I170201317,University of Pittsburgh,1970,2016,0000-0002-0075-7471,UPMC MERCY,40.436099,-79.985113999,1.041360910333493,,,0000-0002-0075-7471,,"University of California, San Diego",Q51763273,651,35739,education,46,1,46,False,0,0,1,0,,1970,2026,,2026.0,,0,0
https://openalex.org/A5055925517,Samith Sandadi,https://openalex.org/I1334819555,Memorial Sloan Kettering Cancer Center,2011,2018,,NEW YORK-PRESBYTERIAN/LOWER MANHATTAN HOSPITAL,40.7105167880001,-74.0052978259999,0.4212931995566836,,,,,,Q114720782,30,819,healthcare,7,0,7,False,0,0,0,0,,2011,2018,,2018.0,,0,0
https://openalex.org/A5013538486,William Podgorski,https://openalex.org/I4210124175,Center for Astrophysics Harvard & Smithsonian,1991,2024,,SPAULDING HOSPITAL FOR CONTINUING MED CARE CAMBRIDGE,42.3753221040001,-71.106943456,0.1120092156130309,,,,,,,121,7061,education,33,1,33,False,0,0,0,0,,1991,2024,,2024.0,,0,0
https://openalex.org/A5003980305,Guillermo Lerzo,https://openalex.org/I4210154562,Instituto de Oncología de Rosario,2007,2018,,,,,,,,,,,Q125317214,34,10882,healthcare,11,0,11,False,0,0,0,0,,2007,2018,,2018.0,,0,0
https://openalex.org/A5060768178,Meir Friedenberg,https://openalex.org/I205783295,Cornell University,2018,2025,0009-0002-4289-4404,CAYUGA MEDICAL CENTER,42.4689850720001,-76.537484161,4.602820788088144,,,0009-0002-4289-4404,,,Q130864960,13,239,education,7,0,7,False,0,0,0,0,,2018,2025,,2025.0,,0,0
https://openalex.org/A5004979515,Warren R. Cothran,https://openalex.org/I84218800,"University of California, Davis",1968,1984,,SUTTER DAVIS HOSPITAL,38.5625039120001,-121.770740018,3.2761097583948318,,,,,,,33,508,education,16,0,16,False,0,0,0,0,,1968,1984,,1984.0,,0,0
https://openalex.org/A5044848706,Prashant Dogra,https://openalex.org/I1295876152,Houston Methodist,2018,2025,0000-0001-6722-7371,ST. JOSEPH MEDICAL CENTER,29.7481161270001,-95.366148139,1.7089215558991018,,,0000-0001-6722-7371,,The University of Texas MD Anderson Cancer Center,Q87216492,90,1456,healthcare,7,0,7,False,0,0,0,0,,2018,2025,,2025.0,,0,0
https://openalex.org/A5055255067,Svetlozar T. Rachev,https://openalex.org/I59553526,Stony Brook University,1986,2016,0000-0002-1823-7140,STONY BROOK UNIVERSITY MEDICAL CENTER,40.909194455,-73.115678223,2.802397004474364,1951.0,,,n88170524,,Q21062234,232,3259,education,30,1,30,False,0,0,1,0,,1986,2016,35.0,2016.0,,0,0
https://openalex.org/A5073191242,Kristina Loukeris,https://openalex.org/I181697535,SUNY Downstate Health Sciences University,2018,2024,,UNIVERSITY HOSPITAL OF BROOKLYN,40.6548418790001,-73.944227854,0.6939690057960565,,,,,,,13,297,education,6,0,6,False,0,0,0,0,,2018,2024,,2024.0,,0,0
https://openalex.org/A5052163253,T. Wolpert,https://openalex.org/I131249849,Oregon State University,1994,2019,,GOOD SAMARITAN REGIONAL MEDICAL CENTER,44.603222659,-123.252623623,4.3621955917276685,,,,,,,77,3912,education,25,1,25,False,0,0,1,0,,1994,2019,,2019.0,,0,0
https://openalex.org/A5111768245,R. A. Mathies,https://openalex.org/I95457486,"University of California, Berkeley",1985,2008,,ALTA BATES SUMMIT MED CTR-HERRICK CAMPUS,37.8644118560001,-122.268577616,0.8781923132251,,,,,,,45,2044,education,23,0,23,False,0,0,0,0,,1985,2008,,2008.0,,0,0
https://openalex.org/A5014774312,Yi Zheng,https://openalex.org/I191208505,Xiamen University,2006,2025,0000-0002-2685-3680,,,,,,,0000-0002-2685-3680,,University of Michigan,Q104459352,135,4360,education,19,0,19,False,0,0,1,0,,2006,2025,,2025.0,,0,0
https://openalex.org/A5033064522,Ross A. Fredenburg,https://openalex.org/I136199984,Harvard University,2001,2017,,SPAULDING HOSPITAL FOR CONTINUING MED CARE CAMBRIDGE,42.3753221040001,-71.106943456,0.1122862784625716,,,,,,,20,3777,education,16,0,16,False,0,0,1,0,,2001,2017,,2017.0,,0,0
https://openalex.org/A5055289594,W. E. Meserve,https://openalex.org/I205783295,Cornell University,1934,1962,,CAYUGA MEDICAL CENTER,42.4689850720001,-76.537484161,4.602820788088144,,,,,,,12,37,education,28,0,28,False,0,0,0,0,,1934,1962,,1962.0,,0,0
https://openalex.org/A5072330647,Dan C. Hazen,https://openalex.org/I2801851002,Harvard University Press,1993,2014,,MOUNT AUBURN HOSPITAL,42.3741,-71.1342999999999,1.1559765372370625,,,,,,Q55318643,45,231,other,21,0,21,False,0,0,0,0,,1993,2014,,2014.0,,0,0
https://openalex.org/A5100448951,Feng Li,https://openalex.org/I181547552,Baylor College of Medicine,2006,2025,0000-0002-9680-4614,ST. JOSEPH MEDICAL CENTER,29.7481161270001,-95.366148139,1.7088830518941125,,,0000-0002-9680-4614,,Baylor College of Medicine,Q85652273,480,15040,education,19,1,19,False,0,0,1,0,,1992,2025,,2025.0,,0,0
https://openalex.org/A5100448951,Feng Li,https://openalex.org/I118564535,University of Bern,1992,1999,0000-0002-9680-4614,,,,,,,0000-0002-9680-4614,,Baylor College of Medicine,Q85652273,480,15040,education,7,1,7,False,0,0,1,0,,1992,2025,,2025.0,,0,0
https://openalex.org/A5054177372,Geoff Abers,https://openalex.org/I205783295,Cornell University,2014,2023,,CAYUGA MEDICAL CENTER,42.4689850720001,-76.537484161,4.602820788088144,,,,,,,25,1307,education,9,0,9,False,0,0,0,0,,2014,2023,,2023.0,,0,0
https://openalex.org/A5029818293,Stephen Daniels,https://openalex.org/I142263535,University of Nottingham,1988,2011,0000-0002-4605-9732,,,,,1990.0,,,,,Q7609011,99,819,education,23,1,23,False,0,0,0,0,,1988,2025,,2025.0,,1,0
https://openalex.org/A5029818293,Stephen Daniels,https://openalex.org/I7882870,University of Glasgow,2018,2025,0000-0002-4605-9732,,,,,1990.0,,,,,Q7609011,99,819,education,7,1,7,False,0,0,0,0,,1988,2025,,2025.0,,1,0
https://openalex.org/A5037071307,Katherine L. Dickin,https://openalex.org/I205783295,Cornell University,2005,2024,0000-0001-6268-5242,CAYUGA MEDICAL CENTER,42.4689850720001,-76.537484161,4.602820788088144,,,0000-0001-6268-5242,,Cornell University,Q42837097,117,2013,education,19,0,19,False,0,0,0,0,,2005,2024,,2024.0,,0,0
https://openalex.org/A5004153741,Pauline Leung,https://openalex.org/I205783295,Cornell University,2016,2023,0000-0001-9074-1213,CAYUGA MEDICAL CENTER,42.4689850720001,-76.537484161,4.602820788088144,,,0000-0002-6588-798X,,,Q87642117,18,340,education,7,0,7,False,0,0,0,0,,2016,2023,,2023.0,,0,0
https://openalex.org/A5038978033,Alice S. Carter,https://openalex.org/I33434090,University of Massachusetts Boston,1999,2025,0000-0001-9861-1560,SHRINERS' HOSPITAL FOR CHILDREN,42.3630925480001,-71.066301879,0.7463639796080036,,,0000-0001-9861-1560,,University of Massachusetts Boston,Q39025007,681,29898,education,26,1,26,False,0,0,1,0,,1999,2025,,2025.0,,0,0
https://openalex.org/A5071715754,Stefan Rayer,https://openalex.org/I33213144,University of Florida,2007,2015,,SHANDS HOSPITAL,29.639990133,-82.342864823,2.170901615578337,,,,,,,13,452,education,8,0,8,False,0,0,0,0,,2007,2015,,2015.0,,0,0
https://openalex.org/A5108346040,Robert B. Klein,https://openalex.org/I27804330,Brown University,1990,2018,0009-0000-5457-9896,RHODE ISLAND HOSPITAL,41.811881079,-71.409129255,1.3809352333283151,1918.0,1967.0,,n79133131,Université de Montréal,Q387680,98,2686,education,28,1,28,False,0,1,1,1,49.0,1975,2018,,1967.0,0.0,1,0
https://openalex.org/A5108346040,Robert B. Klein,https://openalex.org/I107672454,Dartmouth College,1975,1981,0009-0000-5457-9896,MARY HITCHCOCK MEMORIAL HOSPITAL,43.676191551,-72.273334642,3.181110935585393,1918.0,1967.0,,n79133131,Université de Montréal,Q387680,98,2686,education,6,1,6,False,0,0,1,1,49.0,1975,2018,,1967.0,0.0,1,0
https://openalex.org/A5089414896,Ethels Cesarman,https://openalex.org/I205783295,Cornell University,2004,2017,,CAYUGA MEDICAL CENTER,42.4689850720001,-76.537484161,4.602820788088144,,,,,,,2,83,education,13,0,13,False,0,0,0,0,,2004,2017,,2017.0,,0,0
https://openalex.org/A5109039569,Bun‐ichiro Ono,https://openalex.org/I163770644,Okayama University,1979,1999,,,,,,,,,,,,76,2337,education,20,0,20,False,0,1,0,0,,1979,2010,,2010.0,,0,0
https://openalex.org/A5109039569,Bun‐ichiro Ono,https://openalex.org/I135768898,Ritsumeikan University,1998,2010,,,,,,,,,,,,76,2337,education,12,0,12,False,0,1,0,0,,1979,2010,,2010.0,,0,0
https://openalex.org/A5085129811,Corrie C. Brown,https://openalex.org/I165733156,University of Georgia,1997,2025,0000-0002-0332-6159,ATHENS REGIONAL MED CENTER,33.961292466,-83.397945072,1.8456494249278688,1949.0,2007.0,,,,Q51954962,234,9627,education,28,1,28,False,0,0,1,0,58.0,1997,2025,48.0,2007.0,0.0,0,0
https://openalex.org/A5108494576,Elizabeth Nguyen,https://openalex.org/I129604602,University of Sydney,2011,2018,,,,,,,,0000-0002-6495-7827,,Monash University,Q41535003,25,420,education,7,0,7,False,0,0,0,0,,2011,2018,,2018.0,,0,0
https://openalex.org/A5038793805,Gary Peng,https://openalex.org/I4210165038,University of Chinese Academy of Sciences,2015,2025,0000-0002-9072-7187,,,,,,,0000-0002-9072-7187,,Agriculture and Agri-Food Canada,Q46964804,177,5180,education,10,1,10,False,0,0,1,0,,2015,2025,,2025.0,,0,0
https://openalex.org/A5026026514,Hengky Chandrahalim,https://openalex.org/I55061410,U.S. Air Force Institute of Technology,2018,2024,0000-0003-1930-1359,RIVERVIEW HEALTH INSTITUTE,39.7482480800001,-84.19940099,1.3635410652763882,,,0000-0003-1930-1359,,ETH Zurich,Q51417741,82,838,education,6,0,6,False,0,0,0,0,,2018,2024,,2024.0,,0,0
https://openalex.org/A5113479418,W. L. Marsh,https://openalex.org/I87208433,Lister Institute of Preventive Medicine,1960,1976,,,,,,,,,,BC Centre for Aquatic Health Sciences,Q107394719,170,4836,education,16,1,16,False,0,1,1,0,,1960,1982,,1982.0,,0,0
https://openalex.org/A5113479418,W. L. Marsh,https://openalex.org/I2802849423,University Medical Center,1973,1982,,UNIVERSITY MEDICAL CENTER,33.587967135,-101.891298508,0.0921431725860858,,,,,BC Centre for Aquatic Health Sciences,Q107394719,170,4836,healthcare,9,1,9,False,0,1,1,0,,1960,1982,,1982.0,,0,0
https://openalex.org/A5086025703,Edith Aldridge,https://openalex.org/I201448701,University of Washington,2008,2019,,VIRGINIA MASON MEDICAL CENTER,47.6097766840001,-122.327866797,0.5065369991246828,,,,no2018139839,University of Washington,Q107258899,50,1548,education,11,0,11,False,0,0,0,0,,2008,2019,,2019.0,,0,0
https://openalex.org/A5051981481,Roberta H. Baron,https://openalex.org/I1334819555,Memorial Sloan Kettering Cancer Center,1979,2021,,NEW YORK-PRESBYTERIAN/LOWER MANHATTAN HOSPITAL,40.7105167880001,-74.0052978259999,0.4212931995566836,,,,,,,23,779,healthcare,42,0,42,False,0,0,0,0,,1979,2021,,2021.0,,0,0
https://openalex.org/A5018185682,A. P. Young,https://openalex.org/I40120149,University of Oxford,1971,2023,0000-0001-5129-4924,,,,,1890.0,1931.0,,,,Q4648245,275,38602,education,52,1,50,True,0,0,1,0,41.0,1971,2023,,1931.0,0.0,1,0
https://openalex.org/A5111720856,Mary Ann Allison,https://openalex.org/I4210163348,Comprehensive Cancer Centers of Nevada,2009,2017,,NORTH VISTA HOSPITAL,36.1947284070001,-115.122563555,2.5609257622319057,1871.0,,,,,Q127572404,26,1280,healthcare,8,0,8,False,0,0,0,0,,2009,2017,,2017.0,,1,0
https://openalex.org/A5054427605,Linda Moy,https://openalex.org/I57206974,New York University,2002,2025,0000-0001-9564-9360,NEW YORK-PRESBYTERIAN/LOWER MANHATTAN HOSPITAL,40.7105167880001,-74.0052978259999,0.4212931995566836,,,0000-0001-9564-9360,,New York University,Q60683442,353,31436,education,23,1,23,False,0,0,1,0,,2002,2025,,2025.0,,0,0
https://openalex.org/A5019266000,Parag A. Pathak,https://openalex.org/I63966007,Massachusetts Institute of Technology,2004,2025,0000-0001-8621-3864,SPAULDING HOSPITAL FOR CONTINUING MED CARE CAMBRIDGE,42.3753221040001,-71.106943456,0.1122862784625716,1980.0,,,nr2004023539,Massachusetts Institute of Technology,Q7134556,228,9975,education,21,1,21,False,0,0,1,0,,2004,2025,24.0,2025.0,,0,0
https://openalex.org/A5055658847,Bonnie A. Diep,https://openalex.org/I205783295,Cornell University,2010,2018,,CAYUGA MEDICAL CENTER,42.4689850720001,-76.537484161,4.602820788088144,,,,,,,2,41,education,8,0,8,False,0,1,0,1,,2010,2018,,2018.0,,0,0
https://openalex.org/A5020896202,Linda A. Bennett,https://openalex.org/I94658018,University of Memphis,1986,2013,,ST. JUDE CHILDREN'S RESEARCH HOSPITAL,35.1542158510001,-90.0429022289999,0.7596458321008707,1962.0,,,,,Q6551404,107,2260,education,27,0,27,False,0,0,0,1,,1978,2013,16.0,2013.0,,0,0
https://openalex.org/A5020896202,Linda A. Bennett,https://openalex.org/I193531525,George Washington University,1978,1986,,GEORGE WASHINGTON UNIVERSITY HOSPITAL,38.901319008,-77.050636676,1.4145520858451976,1962.0,,,,,Q6551404,107,2260,education,8,0,8,False,0,1,0,1,,1978,2013,16.0,2013.0,,0,0
https://openalex.org/A5089292563,Dmitriy Lukoyanov,https://openalex.org/I111979921,Northwestern University,2006,2025,0000-0002-4542-1648,PRESENCE ST FRANCIS HOSPITAL,42.0243893370001,-87.684568052,1.917023334551091,,,0000-0002-4542-1648,,Northwestern University,Q90354968,46,4504,education,19,0,19,False,0,0,0,0,,2006,2025,,2025.0,,0,0
https://openalex.org/A5112763739,E. B. Davies,https://openalex.org/I183935753,King's College London,1982,2021,0009-0002-7693-0530,,,,,1944.0,2025.0,,n80098655,Princeton University,Q1273470,266,17685,education,39,1,39,False,0,0,1,0,81.0,1967,2021,23.0,2021.0,4.0,0,0
https://openalex.org/A5112763739,E. B. Davies,https://openalex.org/I40120149,University of Oxford,1967,1980,0009-0002-7693-0530,,,,,1944.0,2025.0,,n80098655,Princeton University,Q1273470,266,17685,education,13,1,13,False,0,0,1,0,81.0,1967,2021,23.0,2021.0,4.0,0,0
https://openalex.org/A5044704274,Nicholas Erho,https://openalex.org/I4210132220,Genome British Columbia,2012,2019,0000-0002-5857-2701,,,,,,,0000-0002-5857-2701,,,Q55381215,275,8067,nonprofit,7,0,7,False,0,0,0,0,,2012,2019,,2019.0,,0,0
https://openalex.org/A5112829091,Philip C. Hoffman,https://openalex.org/I40347166,University of Chicago,1980,2025,,MERCY HOSPITAL AND MEDICAL CENTER,41.8468895830001,-87.621491598,2.3911404464142096,1967.0,2014.0,,no00013388,,Q180560,112,4213,education,45,1,45,False,0,0,1,0,47.0,1980,2025,,2014.0,0.0,1,0
https://openalex.org/A5045184141,Göran Elmberger,https://openalex.org/I1335113835,Karolinska University Hospital,1998,2016,0000-0001-6032-796X,,,,,,,,,,,75,2875,healthcare,18,0,18,False,0,0,1,0,,1998,2025,,2025.0,,0,0
https://openalex.org/A5045184141,Göran Elmberger,https://openalex.org/I114027177,University of North Carolina at Chapel Hill,2018,2025,0000-0001-6032-796X,UNIVERSITY OF NORTH CAROLINA HOSPITALS,35.9045427030001,-79.049689229,1.110654999538604,,,,,,,75,2875,education,7,0,7,False,0,0,1,0,,1998,2025,,2025.0,,0,0
https://openalex.org/A5011524710,Josephine A. V. Allen,https://openalex.org/I205783295,Cornell University,2001,2010,,CAYUGA MEDICAL CENTER,42.4689850720001,-76.537484161,4.602820788088144,,,,,,Q76335862,23,52,education,9,0,9,False,0,0,0,0,,2001,2010,,2010.0,,0,0
https://openalex.org/A5083115947,Sungyun Cho,https://openalex.org/I205783295,Cornell University,2015,2025,0009-0009-2690-2268,CAYUGA MEDICAL CENTER,42.4689850720001,-76.537484161,4.602820788088144,,,,,,,40,1414,education,10,0,10,False,0,0,1,0,,2015,2025,,2025.0,,0,0
https://openalex.org/A5004916033,Francis V. Chisari,https://openalex.org/I1311914864,Scripps Health,1974,1997,0000-0002-4832-1044,SCRIPPS MEMORIAL HOSPITAL - LA JOLLA,32.8851845070001,-117.225460206,1.6475595141971209,1942.0,,0000-0002-4832-1044,n79060128,Scripps Research,Q1424562,339,58400,healthcare,23,1,23,False,0,1,0,1,,1974,1997,32.0,1997.0,,0,0
https://openalex.org/A5088563469,Marga C. Ocké,https://openalex.org/I913481162,Wageningen University & Research,2007,2025,0000-0003-1299-6135,,,,,,,0000-0003-1299-6135,,,Q91163413,254,18655,education,18,1,18,False,0,0,0,0,,2007,2025,,2025.0,,0,0
https://openalex.org/A5084524445,Robert M. Sanford,https://openalex.org/I73443619,University of Southern Maine,1997,2014,,MAINE MEDICAL CENTER,43.6526099370001,-70.275802158,1.0998300203539124,1956.0,,,,,Q112438063,68,234,education,17,0,17,False,0,0,0,0,,1997,2014,41.0,2014.0,,0,0
https://openalex.org/A5010570520,Douglas A. Triplett,https://openalex.org/I2799974947,Ball Memorial Hospital,1976,2003,,CENTRAL INDIANA AMG SPECIALTY HOSPITAL LLC,40.1967418420001,-85.413991448,2.376514346920668,,,,,,,142,10389,healthcare,27,0,27,False,0,0,1,0,,1976,2003,,2003.0,,0,0
https://openalex.org/A5052562368,Mary Ascenzi,https://openalex.org/I205783295,Cornell University,1985,2011,,CAYUGA MEDICAL CENTER,42.4689850720001,-76.537484161,4.602820788088144,,,,,,,12,557,education,26,0,26,False,0,0,0,0,,1985,2011,,2011.0,,0,0
https://openalex.org/A5025175160,Nitesh Goyal,https://openalex.org/I205783295,Cornell University,2012,2020,0000-0002-4666-1926,CAYUGA MEDICAL CENTER,42.4689850720001,-76.537484161,4.602820788088144,,,0000-0002-4666-1926,,,Q130808253,54,608,education,8,1,8,False,0,0,0,0,,2012,2020,,2020.0,,0,0
https://openalex.org/A5034694076,Camila Gómez,https://openalex.org/I162096671,Universidad de Los Andes,2008,2019,0000-0002-2770-5794,,,,,,,0000-0002-2770-5794,,Cornell Lab of Ornithology,Q88127988,64,1011,education,11,1,11,False,0,0,0,0,,2008,2019,,2019.0,,0,0
https://openalex.org/A5005419531,David B. Iaea,https://openalex.org/I205783295,Cornell University,2014,2022,0000-0003-0808-1899,CAYUGA MEDICAL CENTER,42.4689850720001,-76.537484161,4.602820788088144,,,,,,,17,598,education,8,0,8,False,0,0,1,0,,2014,2022,,2022.0,,0,0
https://openalex.org/A5037985715,Graeme M. Bydder,https://openalex.org/I36258959,"University of California, San Diego",1996,2025,0000-0002-8468-0087,NAVAL MEDICAL CENTER SAN DIEGO,32.7275202280001,-117.145937292,2.1936292796024657,1944.0,,0000-0002-8468-0087,n89123824,,Q29642431,369,17726,education,29,0,29,False,0,0,1,0,,1996,2025,,2025.0,,1,0
https://openalex.org/A5106919305,Leora I. Horwitz,https://openalex.org/I57206974,New York University,1999,2025,0000-0003-1800-6040,NEW YORK-PRESBYTERIAN/LOWER MANHATTAN HOSPITAL,40.7105167880001,-74.0052978259999,0.4212931995566836,,,0000-0003-1800-6040,,Yale School of Medicine,Q39849809,262,15751,education,26,1,26,False,0,0,1,0,,1999,2025,,2025.0,,0,0
https://openalex.org/A5110466510,Patricia M. McDonough,https://openalex.org/I4210119109,Indiana University Bloomington,1998,2016,,INDIANA UNIVERSITY HEALTH BLOOMINGTON HOSPITAL,39.15989295,-86.539893595,1.311838998192859,,,,,,Q116792758,60,4065,education,18,0,18,False,0,0,1,0,,1998,2016,,2016.0,,0,0
https://openalex.org/A5109104029,Xinpei Huang,https://openalex.org/I205783295,Cornell University,1988,1994,,CAYUGA MEDICAL CENTER,42.4689850720001,-76.537484161,4.602820788088144,,,,,,,17,468,education,6,0,6,False,0,0,0,0,,1988,1994,,1994.0,,0,0
https://openalex.org/A5085875361,Joseph A. Sparano,https://openalex.org/I1335289525,Montefiore Medical Center,1990,2025,0000-0002-9031-2010,MONTEFIORE MED CENTER - JACK D WEILER HOSP OF A EINSTEIN COLLEGE DIV,40.8498892050001,-73.845890219,1.725880782221752,,,0000-0002-9031-2010,,Icahn School of Medicine at Mount Sinai,Q56376696,788,37232,healthcare,35,1,35,False,0,0,1,0,,1990,2025,,2025.0,,0,0
https://openalex.org/A5072822745,Wing T. Tang,https://openalex.org/I4210085935,IBM Research - Almaden,1991,1998,,KAISER FND HOSP - SAN JOSE,37.2398033420001,-121.800215669,3.2308424988272644,,,,,,,17,732,facility,7,0,7,False,0,0,0,0,,1991,1998,,1998.0,,0,0
https://openalex.org/A5111532379,Edward H. Oldfield,https://openalex.org/I4210155647,National Institutes of Health Clinical Center,1983,2018,,SUBURBAN HOSPITAL,38.997402483,-77.110318402,0.6945112405355156,1947.0,2017.0,,,,Q90685730,502,42787,healthcare,35,1,35,False,0,0,1,0,70.0,1983,2018,36.0,2017.0,0.0,0,0
https://openalex.org/A5072876748,Samuel Singer,https://openalex.org/I39965400,Kettering University,1953,2024,0000-0001-9713-8230,HURLEY MEDICAL CENTER,43.0211754010001,-83.7049563859999,1.7166391398536445,,,0000-0001-9713-8230,,Memorial Sloan Kettering Cancer Center,Q41050083,889,99399,education,71,1,50,True,0,0,1,0,,1953,2024,,2024.0,,0,0
https://openalex.org/A5056559916,Frank D. Miller,https://openalex.org/I189957204,University of South Dakota,1968,1980,,SANFORD VERMILLION HOSPITAL,42.7786582480001,-96.91929851,0.8135800490712808,1957.0,,,n85347650,,Q207676,23,92,education,12,0,12,False,0,0,0,0,,1968,1980,,1980.0,,1,0
https://openalex.org/A5106036522,Bruce R. Johnson,https://openalex.org/I205783295,Cornell University,1989,2024,0009-0001-7509-7711,CAYUGA MEDICAL CENTER,42.4689850720001,-76.537484161,4.602820788088144,,,,,,Q40896504,75,1638,education,35,1,35,False,0,0,0,0,,1989,2024,,2024.0,,0,0
https://openalex.org/A5060518369,Charlotte Cunningham-Rundles,https://openalex.org/I4210095266,Mount Sinai Medical Center,1993,2001,,MOUNT SINAI MEDICAL CENTER,25.813219094,-80.139681562,2.6884629288720827,,,0000-0003-0725-0320,,,Q5085905,18,1485,healthcare,8,0,8,False,0,0,0,0,,1978,2025,,2025.0,,0,0
https://openalex.org/A5060518369,Charlotte Cunningham-Rundles,https://openalex.org/I1334819555,Memorial Sloan Kettering Cancer Center,1978,1988,,NEW YORK-PRESBYTERIAN/LOWER MANHATTAN HOSPITAL,40.7105167880001,-74.0052978259999,0.4212931995566836,,,0000-0003-0725-0320,,,Q5085905,18,1485,healthcare,10,0,10,False,0,0,0,0,,1978,2025,,2025.0,,0,0
https://openalex.org/A5060518369,Charlotte Cunningham-Rundles,https://openalex.org/I98704320,Icahn School of Medicine at Mount Sinai,2001,2025,,NEW YORK-PRESBYTERIAN/LOWER MANHATTAN HOSPITAL,40.7105167880001,-74.0052978259999,0.4212931995566836,,,0000-0003-0725-0320,,,Q5085905,18,1485,education,24,0,24,False,0,0,0,0,,1978,2025,,2025.0,,0,0
https://openalex.org/A5068278242,Deyue Yan,https://openalex.org/I183067930,Shanghai Jiao Tong University,1985,2025,,,,,,,,0000-0002-8681-0332,,,Q90701110,646,29622,education,40,1,40,False,0,0,1,0,,1985,2025,,2025.0,,0,0
https://openalex.org/A5108536786,J. Gregory Mears,https://openalex.org/I78577930,Columbia University,1978,2015,,NEW YORK-PRESBYTERIAN/LOWER MANHATTAN HOSPITAL,40.7105167880001,-74.0052978259999,0.4211660176629024,,,,,,,43,1500,education,37,0,37,False,0,1,1,0,,1978,2019,,2019.0,,0,0
https://openalex.org/A5108536786,J. Gregory Mears,https://openalex.org/I2799503643,Columbia University Irving Medical Center,2013,2019,,NEW YORK-PRESBYTERIAN/LOWER MANHATTAN HOSPITAL,40.7105167880001,-74.0052978259999,0.4212931995566836,,,,,,,43,1500,healthcare,6,0,6,False,0,1,1,0,,1978,2019,,2019.0,,0,0
https://openalex.org/A5048545376,Bernd J. Schmitz‐Dräger,https://openalex.org/I4210151522,Euromedic,1998,2025,0000-0002-4004-1857,,,,,,,,,,,209,4574,healthcare,27,1,27,False,0,0,1,0,,1998,2025,,2025.0,,0,0
https://openalex.org/A5044165501,P. Rowland,https://openalex.org/I205783295,Cornell University,1991,2000,,CAYUGA MEDICAL CENTER,42.4689850720001,-76.537484161,4.602820788088144,,,,,,Q64948732,21,509,education,9,1,9,False,0,1,0,1,,1991,2000,,2000.0,,0,0
https://openalex.org/A5006649339,Minxian Wang,https://openalex.org/I19820366,Chinese Academy of Sciences,2013,2025,0000-0002-3753-508X,,,,,,,0000-0002-3753-508X,,,Q58349804,116,4657,government,12,0,12,False,0,0,0,0,,2013,2025,,2025.0,,0,0
https://openalex.org/A5059716665,Knut Anton Mork,https://openalex.org/I204778367,Norwegian University of Science and Technology,2019,2025,0000-0002-4062-7356,,,,,1946.0,,0000-0002-4062-7356,n80118248,,Q11981268,64,2861,education,6,0,6,False,0,0,0,0,,2019,2025,,2025.0,,1,0
https://openalex.org/A5113462810,Jeremy Allen,https://openalex.org/I54459138,University of Salford,2005,2018,,,,,,1982.0,,,,,Q329867,29,1964,education,13,0,13,False,0,0,0,0,,2005,2018,23.0,2018.0,,0,0
https://openalex.org/A5080002631,Raymond L. Goldsworthy,https://openalex.org/I63966007,Massachusetts Institute of Technology,2004,2013,0000-0003-3781-5468,SPAULDING HOSPITAL FOR CONTINUING MED CARE CAMBRIDGE,42.3753221040001,-71.106943456,0.1122862784625716,,,,,,,47,589,education,9,0,9,False,0,0,0,0,,2004,2025,,2025.0,,0,0
https://openalex.org/A5080002631,Raymond L. Goldsworthy,https://openalex.org/I1174212,University of Southern California,2015,2025,0000-0003-3781-5468,LOS ANGELES AMBULATORY CARE CENTER,34.052015037,-118.238420471,0.4851399769279164,,,,,,,47,589,education,10,0,10,False,0,0,0,0,,2004,2025,,2025.0,,0,0
https://openalex.org/A5083264431,Zachary Chance,https://openalex.org/I4210122954,MIT Lincoln Laboratory,2013,2024,0000-0002-7561-7959,EDITH NOURSE ROGERS MEMORIAL VETERANS HOSPITAL,42.5047,-71.2744,5.115214964917183,,,,,,Q102399183,19,240,facility,11,0,11,False,0,0,0,0,,2013,2024,,2024.0,,0,0
https://openalex.org/A5002781267,K.V. Shenoy,https://openalex.org/I63966007,Massachusetts Institute of Technology,1993,2005,,SPAULDING HOSPITAL FOR CONTINUING MED CARE CAMBRIDGE,42.3753221040001,-71.106943456,0.1122862784625716,,,,,,,12,102,education,12,0,12,False,0,0,0,0,,1993,2005,,2005.0,,0,0
https://openalex.org/A5000368317,Sungkyu Kim,https://openalex.org/I111979921,Northwestern University,2017,2023,0000-0002-5371-6964,PRESENCE ST FRANCIS HOSPITAL,42.0243893370001,-87.684568052,1.917023334551091,,,0000-0002-5371-6964,,,Q88146024,57,964,education,6,1,6,False,0,0,0,0,,2017,2023,,2023.0,,0,0
https://openalex.org/A5039923637,William Butera,https://openalex.org/I63966007,Massachusetts Institute of Technology,1989,2000,,SPAULDING HOSPITAL FOR CONTINUING MED CARE CAMBRIDGE,42.3753221040001,-71.106943456,0.1122862784625716,,,,,,,11,345,education,11,1,11,False,0,0,0,0,,1989,2000,,2000.0,,0,0
https://openalex.org/A5063994783,Atılım Güneş Baydin,https://openalex.org/I40120149,University of Oxford,2015,2025,0000-0001-9854-8100,,,,,,,0000-0001-9854-8100,,University of Oxford,Q102414557,103,4208,education,10,1,10,False,0,0,0,0,,2015,2025,,2025.0,,0,0
https://openalex.org/A5008904200,Olof Sundin,https://openalex.org/I187531555,Lund University,2007,2025,0000-0001-6352-8580,,,,,1968.0,,0000-0001-6352-8580,,Lund University,Q56447505,162,1902,education,18,0,18,False,0,0,1,0,,2007,2025,39.0,2025.0,,0,0
https://openalex.org/A5025836447,Sydney M. Moyer,https://openalex.org/I1343551460,The University of Texas MD Anderson Cancer Center,2016,2024,0000-0002-2911-4058,ST. JOSEPH MEDICAL CENTER,29.7481161270001,-95.366148139,1.7088830518941125,,,0000-0002-2911-4058,,University of South Florida,Q57249681,26,455,healthcare,8,0,8,False,0,0,1,0,,2016,2024,,2024.0,,0,0
https://openalex.org/A5076985097,Jonathan Lam,https://openalex.org/I84218800,"University of California, Davis",2007,2025,0000-0002-2811-7177,SUTTER DAVIS HOSPITAL,38.5625039120001,-121.770740018,3.2761097583948318,,,0000-0002-2811-7177,,"University of California, Davis",Q90928537,15,503,education,18,0,18,False,0,0,0,0,,2007,2025,,2025.0,,0,0
https://openalex.org/A5042051448,Takeo Hoshi,https://openalex.org/I74801974,The University of Tokyo,1994,2025,0000-0002-2487-5245,,,,,,,0000-0002-2487-5245,,,Q84413142,293,9257,education,31,1,31,False,0,0,1,0,,1994,2025,,2025.0,,0,0
https://openalex.org/A5064446453,Floyd E. Dewhirst,https://openalex.org/I111088046,Boston University,1984,2019,0000-0003-4427-7928,SHRINERS' HOSPITAL FOR CHILDREN,42.3630925480001,-71.066301879,0.746205054066919,,,0000-0003-4427-7928,,The Forsyth Institute,Q99349374,330,49975,education,35,1,35,False,0,0,1,0,,1974,2019,,2019.0,,0,0
https://openalex.org/A5064446453,Floyd E. Dewhirst,https://openalex.org/I5388228,University of Rochester,1974,1980,0000-0003-4427-7928,THE UNITY HOSPITAL OF ROCHESTER-ST MARYS CAMPUS,43.148695284,-77.637099746,1.873628521482556,,,0000-0003-4427-7928,,The Forsyth Institute,Q99349374,330,49975,education,6,1,6,False,0,0,1,0,,1974,2019,,2019.0,,0,0
https://openalex.org/A5066267452,W. G. Klemperer,https://openalex.org/I157725225,University of Illinois Urbana-Champaign,1983,2016,,THE CARLE FOUNDATION HOSPITAL,40.117041763,-88.2149486599999,0.9700766454096008,,,,,,,203,9067,education,33,0,33,False,0,0,1,0,,1983,2016,,2016.0,,0,0
https://openalex.org/A5064128372,Ellen Cronan Rose,https://openalex.org/I106938459,University of New Brunswick,2002,2021,0000-0002-7985-4417,,,,,1938.0,,,n81028363,,Q106990586,92,747,education,19,0,19,False,0,0,0,0,,2002,2021,,2021.0,,1,0
https://openalex.org/A5101654778,Francesco Lin,https://openalex.org/I78577930,Columbia University,2018,2025,0000-0001-7491-8795,NEW YORK-PRESBYTERIAN/LOWER MANHATTAN HOSPITAL,40.7105167880001,-74.0052978259999,0.4211660176629024,,,,,,Q28123688,45,113,education,7,0,7,False,0,0,0,0,,2018,2025,,2025.0,,0,0
https://openalex.org/A5077484905,Horacio Lamela,https://openalex.org/I50357001,Universidad Carlos III de Madrid,1994,2025,0000-0002-9731-2267,,,,,,,,,,,238,1238,education,31,0,31,False,0,0,1,0,,1986,2025,,2025.0,,0,0
https://openalex.org/A5077484905,Horacio Lamela,https://openalex.org/I63966007,Massachusetts Institute of Technology,1986,1993,0000-0002-9731-2267,SPAULDING HOSPITAL FOR CONTINUING MED CARE CAMBRIDGE,42.3753221040001,-71.106943456,0.1122862784625716,,,,,,,238,1238,education,7,0,7,False,0,0,1,0,,1986,2025,,2025.0,,0,0
https://openalex.org/A5113648437,Thomas B. Sheridan,https://openalex.org/I63966007,Massachusetts Institute of Technology,1965,2023,,SPAULDING HOSPITAL FOR CONTINUING MED CARE CAMBRIDGE,42.3753221040001,-71.106943456,0.1122862784625716,1929.0,,0000-0001-9922-3711,n50023063,,Q7787269,266,11773,education,58,1,50,True,0,0,0,0,,1965,2023,36.0,2023.0,,0,0
https://openalex.org/A5026525836,Forest Rohwer,https://openalex.org/I32021983,Kiel University,1975,2018,0000-0003-1548-5429,,,,,1969.0,,0000-0003-1548-5429,,"University of California, San Diego",Q5469096,337,44037,education,43,1,43,False,0,0,1,0,,1975,2018,,2018.0,,1,0
https://openalex.org/A5063590702,Giuseppe Romano,https://openalex.org/I39063666,University of Catania,2008,2021,0000-0003-0026-8237,,,,,1918.0,1965.0,,,,Q3108134,125,2141,education,13,0,13,False,0,0,1,0,47.0,2008,2021,,1965.0,0.0,1,0
https://openalex.org/A5068826612,Liang Jiang,https://openalex.org/I136199984,Harvard University,1996,2011,0000-0002-0000-9342,SPAULDING HOSPITAL FOR CONTINUING MED CARE CAMBRIDGE,42.3753221040001,-71.106943456,0.1122862784625716,2000.0,,0000-0002-0000-9342,n97055744,Yale University,Q47375963,672,29827,education,15,0,15,False,0,1,0,0,,1996,2025,,2025.0,,1,0
https://openalex.org/A5068826612,Liang Jiang,https://openalex.org/I32971472,Yale University,2012,2021,0000-0002-0000-9342,YALE-NEW HAVEN HOSPITAL,41.30469134,-72.9354136589999,0.7176389367718299,2000.0,,0000-0002-0000-9342,n97055744,Yale University,Q47375963,672,29827,education,9,0,9,False,0,1,0,0,,1996,2025,,2025.0,,1,0
https://openalex.org/A5068826612,Liang Jiang,https://openalex.org/I122411786,California Institute of Technology,2007,2013,0000-0002-0000-9342,HUNTINGTON MEMORIAL HOSPITAL,34.1343853610001,-118.152983944,1.6808094672688991,2000.0,,0000-0002-0000-9342,n97055744,Yale University,Q47375963,672,29827,education,6,0,6,False,0,1,0,0,,1996,2025,,2025.0,,1,0
https://openalex.org/A5068826612,Liang Jiang,https://openalex.org/I40347166,University of Chicago,2019,2025,0000-0002-0000-9342,MERCY HOSPITAL AND MEDICAL CENTER,41.8468895830001,-87.621491598,2.3911404464142096,2000.0,,0000-0002-0000-9342,n97055744,Yale University,Q47375963,672,29827,education,6,0,6,False,0,1,0,0,,1996,2025,,2025.0,,1,0
https://openalex.org/A5067634960,Richard L. Smith,https://openalex.org/I114027177,University of North Carolina at Chapel Hill,1978,2025,0000-0002-9174-7681,UNIVERSITY OF NORTH CAROLINA HOSPITALS,35.9045427030001,-79.049689229,1.110654999538604,,,0000-0002-9174-7681,,Tohoku University,Q42956843,975,39720,education,47,1,47,False,0,0,1,0,,1978,2025,,2025.0,,0,0
https://openalex.org/A5071694286,Thomas D. Ketcham,https://openalex.org/I1338503839,Corning (United States),1986,2019,,GUTHRIE CORNING HOSPITAL,42.140600363,-77.047410395,0.8823009169126764,,,,,,,14,82,company,33,0,33,False,0,0,0,0,,1986,2019,,2019.0,,0,0
https://openalex.org/A5012870693,Bernard Khor,https://openalex.org/I136199984,Harvard University,1998,2020,0000-0003-4689-5092,SPAULDING HOSPITAL FOR CONTINUING MED CARE CAMBRIDGE,42.3753221040001,-71.106943456,0.1122862784625716,,,0000-0003-4689-5092,,Massachusetts General Hospital,Q37831227,50,4615,education,22,1,22,False,0,0,1,0,,1998,2020,,2020.0,,0,0
https://openalex.org/A5111817931,Michael K. Qin,https://openalex.org/I2802074453,Naval Submarine Medical Research Laboratory,2011,2018,,LAWRENCE & MEMORIAL HOSPITAL,41.336451777,-72.104976458,2.687340303598547,,,,,,,18,828,facility,7,0,7,False,0,0,0,0,,2011,2018,,2018.0,,0,0
https://openalex.org/A5054773003,Sara Matthews,https://openalex.org/I5023651,McGill University,1968,2025,0000-0003-2657-2253,,,,,,,,,,,19,895,education,57,0,50,True,0,0,0,0,,1968,2025,,2025.0,,0,0
https://openalex.org/A5108660856,Byeang Hyean Kim,https://openalex.org/I123900574,Pohang University of Science and Technology,1991,2020,,,,,,,,0000-0002-1602-8222,,,Q88743821,140,3653,education,29,0,29,False,0,0,0,0,,1991,2020,,2020.0,,0,0
https://openalex.org/A5053677029,Johanna C. Scheuermann,https://openalex.org/I8204097,Ludwig-Maximilians-Universität München,2006,2024,,,,,,1982.0,,,,,Q133019632,13,2123,education,18,0,18,False,0,0,0,0,,2006,2024,24.0,2024.0,,0,0
https://openalex.org/A5044471012,Dean S. Edmonds,https://openalex.org/I111088046,Boston University,1967,2003,,SHRINERS' HOSPITAL FOR CHILDREN,42.3630925480001,-71.066301879,0.746205054066919,,,,,,,20,97,education,36,0,36,False,0,0,0,0,,1967,2003,,2003.0,,0,0
https://openalex.org/A5103057722,Susumu Ogawa,https://openalex.org/I65837984,Kobe University,1998,2019,0000-0003-4169-0477,,,,,1964.0,,,,Kobe University,Q11460615,23,706,education,21,0,21,False,0,0,0,0,,1998,2019,34.0,2019.0,,0,0
https://openalex.org/A5001920850,Aaron Maschinot,https://openalex.org/I63966007,Massachusetts Institute of Technology,2005,2017,,SPAULDING HOSPITAL FOR CONTINUING MED CARE CAMBRIDGE,42.3753221040001,-71.106943456,0.1122862784625716,,,,,,,12,292,education,12,0,12,False,0,0,0,0,,2005,2017,,2017.0,,0,0
https://openalex.org/A5112201297,Amnon Hoffman,https://openalex.org/I201448701,University of Washington,1974,2015,,VIRGINIA MASON MEDICAL CENTER,47.6097766840001,-122.327866797,0.5065369991246828,,,0000-0002-3848-4093,,,Q88051551,122,3126,education,41,0,41,False,0,0,1,0,,1960,2015,,2015.0,,0,0
https://openalex.org/A5112201297,Amnon Hoffman,https://openalex.org/I63966007,Massachusetts Institute of Technology,1960,1970,,SPAULDING HOSPITAL FOR CONTINUING MED CARE CAMBRIDGE,42.3753221040001,-71.106943456,0.1122862784625716,,,0000-0002-3848-4093,,,Q88051551,122,3126,education,10,0,10,False,0,0,1,0,,1960,2015,,2015.0,,0,0
https://openalex.org/A5112027272,Robert S. Schwartz,https://openalex.org/I2802654978,The Medical Center of Aurora,2013,2023,,"MEDICAL CENTER OF AURORA, THE",39.690063276,-104.831920865,0.0305924323337627,,,,,,Q7349503,1015,59489,healthcare,10,1,10,False,0,1,1,0,,1962,2023,,2023.0,,0,0
https://openalex.org/A5112027272,Robert S. Schwartz,https://openalex.org/I121934306,Tufts University,1962,2017,,HALLMARK HEALTH SYSTEM - LAWRENCE MEMORIAL HOSPITAL CAMPUS,42.4259,-71.1114,0.93538265332939,,,,,,Q7349503,1015,59489,education,55,1,50,True,0,1,1,0,,1962,2023,,2023.0,,0,0
https://openalex.org/A5008274210,A. Cwikla,https://openalex.org/I40413290,University of Gdańsk,1998,2005,,,,,,,,,,,,10,184,education,7,0,7,False,0,0,0,0,,1998,2005,,2005.0,,0,0
https://openalex.org/A5103417233,David Bellido,https://openalex.org/I71999127,Universitat de Barcelona,1995,2022,,,,,,,,,,,,31,1615,education,27,0,27,False,0,0,0,0,,1995,2022,,2022.0,,0,0
https://openalex.org/A5062132898,Carlo C. Maley,https://openalex.org/I79576946,University of Pennsylvania,2007,2023,0000-0002-0745-7076,MAGEE REHABILITATION HOSPITAL,39.9568141240001,-75.16527023,0.5127238287837673,1969.0,,0000-0002-0745-7076,,Harvard University,Q23016700,406,16662,education,16,1,16,False,0,0,1,0,,2007,2023,38.0,2023.0,,0,0
https://openalex.org/A5069075055,R. Rox Anderson,https://openalex.org/I136199984,Harvard University,1978,2025,0000-0003-4966-3035,SPAULDING HOSPITAL FOR CONTINUING MED CARE CAMBRIDGE,42.3753221040001,-71.106943456,0.1122862784625716,1950.0,,,n90671015,Harvard University,Q4065286,284,18564,education,47,1,47,False,0,0,1,0,,1969,2025,19.0,2025.0,,0,0
https://openalex.org/A5069075055,R. Rox Anderson,https://openalex.org/I181401687,American University,1969,1978,0000-0003-4966-3035,GEORGE WASHINGTON UNIVERSITY HOSPITAL,38.901319008,-77.050636676,1.4145443337316066,1950.0,,,n90671015,Harvard University,Q4065286,284,18564,education,9,1,9,False,0,0,1,0,,1969,2025,19.0,2025.0,,0,0
https://openalex.org/A5036756145,L. J. Rosenberg,https://openalex.org/I63966007,Massachusetts Institute of Technology,1993,2016,0000-0003-0686-0485,SPAULDING HOSPITAL FOR CONTINUING MED CARE CAMBRIDGE,42.3753221040001,-71.106943456,0.1122862784625716,1969.0,,0000-0003-3457-1429,,,Q16751495,268,52977,education,23,1,23,False,0,1,1,1,,1982,2016,,2016.0,,1,0
https://openalex.org/A5036756145,L. J. Rosenberg,https://openalex.org/I188538660,University of Colorado Boulder,1982,1989,0000-0003-0686-0485,BOULDER COMMUNITY HOSPITAL,40.0260605190001,-105.283258697,1.6387034302815886,1969.0,,0000-0003-3457-1429,,,Q16751495,268,52977,education,7,1,7,False,0,1,1,1,,1982,2016,,2016.0,,1,0
https://openalex.org/A5036756145,L. J. Rosenberg,https://openalex.org/I40347166,University of Chicago,1991,1997,0000-0003-0686-0485,MERCY HOSPITAL AND MEDICAL CENTER,41.8468895830001,-87.621491598,2.3911404464142096,1969.0,,0000-0003-3457-1429,,,Q16751495,268,52977,education,6,1,6,False,0,1,1,1,,1982,2016,,2016.0,,1,0
https://openalex.org/A5030380494,Brian D. Follstad,https://openalex.org/I1320553840,Amgen (United States),2010,2017,,LOS ROBLES HOSPITAL & MEDICAL CENTER - EAST CAMPUS,34.1549388720001,-118.815736391,2.6572134171490376,,,,,,,16,795,company,7,0,7,False,0,0,0,0,,2010,2017,,2017.0,,0,0
https://openalex.org/A5082772760,Yulan Qing,https://openalex.org/I185261750,University of Toronto,2017,2024,0000-0003-2911-8603,,,,,,,0000-0002-0135-7330,,,Q85898576,35,83,education,7,0,7,False,0,0,0,0,,2017,2024,,2024.0,,0,0
https://openalex.org/A5111458376,Kenji Mase,https://openalex.org/I60134161,Nagoya University,1982,2024,,,,,,,,,,,,352,2627,education,42,1,42,False,0,0,0,0,,1982,2024,,2024.0,,0,0
https://openalex.org/A5060196069,Jacob Steinhardt,https://openalex.org/I95457486,"University of California, Berkeley",2018,2025,0000-0002-0257-3860,ALTA BATES SUMMIT MED CTR-HERRICK CAMPUS,37.8644118560001,-122.268577616,0.8781923132251,1887.0,1968.0,,n86107890,Bezalel Academy of Art and Design,Q214106,135,8820,education,7,0,7,False,0,0,0,0,81.0,2018,2025,,1968.0,0.0,1,0
https://openalex.org/A5108395501,J. P. Hill,https://openalex.org/I63966007,Massachusetts Institute of Technology,1989,1997,,SPAULDING HOSPITAL FOR CONTINUING MED CARE CAMBRIDGE,42.3753221040001,-71.106943456,0.1122862784625716,,,0000-0003-4196-6541,,Fonterra,Q120998502,151,8141,education,8,1,8,False,0,0,0,0,,1989,1997,,1997.0,,0,0
https://openalex.org/A5100392089,Wei Wang,https://openalex.org/I161318765,"University of California, Los Angeles",1997,2025,0000-0002-8180-2886,LOS ANGELES AMBULATORY CARE CENTER,34.052015037,-118.238420471,0.4851399769279164,1973.0,,0000-0002-8180-2886,n2003004022,"University of California, Los Angeles",Q91751427,1393,37731,education,28,1,28,False,0,0,1,0,,1997,2025,24.0,2025.0,,0,0
https://openalex.org/A5110415660,H Heimann,https://openalex.org/I8087733,University of Tübingen,1979,2025,,,,,,,,,,,,98,486,education,46,0,46,False,0,0,0,0,,1968,2025,,2025.0,,0,0
https://openalex.org/A5110415660,H Heimann,https://openalex.org/I4210097795,Hôpital de Cery,1968,1974,,,,,,,,,,,,98,486,healthcare,6,0,6,False,0,0,0,0,,1968,2025,,2025.0,,0,0
https://openalex.org/A5022955653,Kai‐Jher Tan,https://openalex.org/I63966007,Massachusetts Institute of Technology,2017,2025,0000-0001-7705-3774,SPAULDING HOSPITAL FOR CONTINUING MED CARE CAMBRIDGE,42.3753221040001,-71.106943456,0.1122862784625716,,,,,,,14,413,education,8,0,8,False,0,0,0,0,,2017,2025,,2025.0,,0,0
https://openalex.org/A5026898960,Barbara Valent,https://openalex.org/I189590672,Kansas State University,2003,2025,0000-0002-5088-3345,VIA CHRISTI HEALTH,39.20130921,-96.598930428,3.064700215175408,,,0000-0002-5088-3345,,Kansas State University,Q87901032,160,18688,education,22,1,22,False,0,0,1,0,,1974,2025,,2025.0,,0,0
https://openalex.org/A5026898960,Barbara Valent,https://openalex.org/I188538660,University of Colorado Boulder,1974,1986,0000-0002-5088-3345,BOULDER COMMUNITY HOSPITAL,40.0260605190001,-105.283258697,1.6387034302815886,,,0000-0002-5088-3345,,Kansas State University,Q87901032,160,18688,education,12,1,12,False,0,0,1,0,,1974,2025,,2025.0,,0,0
https://openalex.org/A5020571191,Robert B. Randall,https://openalex.org/I31746571,UNSW Sydney,1994,2026,0000-0003-4042-1566,,,,,,,,,,Q131266492,268,18794,education,32,1,32,False,0,0,1,0,,1994,2026,,2026.0,,0,0
https://openalex.org/A5072940644,Jørgen Kjems,https://openalex.org/I204337017,Aarhus University,1986,2026,0000-0003-4128-9317,,,,,,,0000-0003-4128-9317,,Aarhus University,Q55277197,790,51290,education,40,1,40,False,0,0,1,0,,1986,2026,,2026.0,,0,0
https://openalex.org/A5067469483,Nathan Witthoft,https://openalex.org/I97018004,Stanford University,2005,2023,,STANFORD HOSPITAL,37.4346524360001,-122.174883097,1.4065651567623634,,,,,,,54,2399,education,18,0,18,False,0,0,0,0,,2005,2023,,2023.0,,0,0
https://openalex.org/A5112779500,Briony Swire,https://openalex.org/I177877127,University of Western Australia,2011,2018,,,,,,,,0000-0001-7464-8940,,,Q87824104,7,1344,education,7,0,7,False,0,0,0,0,,2011,2018,,2018.0,,0,0
https://openalex.org/A5080463497,P. L. Kuhns,https://openalex.org/I103163165,Florida State University,1995,2021,,TALLAHASSEE MEMORIAL HOSPITAL,30.456880933,-84.261407288,2.778303788880917,,,,,,,185,3651,education,26,1,26,False,0,0,0,0,,1995,2021,,2021.0,,0,0
https://openalex.org/A5044898008,Xiaojie Duan,https://openalex.org/I20231570,Peking University,2004,2025,0000-0001-7799-3897,,,,,,,0000-0001-7799-3897,,Peking University,Q57412992,79,4247,education,21,0,21,False,0,0,1,0,,2004,2025,,2025.0,,0,0
https://openalex.org/A5065925140,Carlos López‐Jaramillo,https://openalex.org/I35961687,Universidad de Antioquia,2000,2025,0000-0002-1875-1369,,,,,,,0000-0002-1875-1369,,University of Antioquia,Q50973000,272,11968,education,25,0,25,False,0,0,1,0,,2000,2025,,2025.0,,0,0
https://openalex.org/A5046263590,Yi‐Chian Wang,https://openalex.org/I4210131804,National Taiwan University Hospital,2006,2019,0000-0002-2900-5126,,,,,,,0000-0002-2900-5126,,National Taiwan University Hospital,Q60331524,32,527,healthcare,13,0,13,False,0,0,1,0,,2006,2019,,2019.0,,0,0
https://openalex.org/A5025375830,C. Michael Greenlief,https://openalex.org/I76835614,University of Missouri,1989,2025,0000-0001-6420-7375,UNIVERSITY OF MISSOURI HEALTH CARE,38.9383836580001,-92.328178114,1.566980228329968,,,0000-0001-6420-7375,,,Q91838235,126,4187,education,36,0,36,False,0,0,1,0,,1989,2025,,2025.0,,0,0
https://openalex.org/A5080755427,Aditi Gupta,https://openalex.org/I63966007,Massachusetts Institute of Technology,2017,2023,0000-0001-6834-7973,SPAULDING HOSPITAL FOR CONTINUING MED CARE CAMBRIDGE,42.3753221040001,-71.106943456,0.1122862784625716,,,0000-0001-6834-7973,,,Q58789716,5,202,education,6,0,6,False,0,0,0,0,,2017,2023,,2023.0,,0,0
https://openalex.org/A5048808615,Max B. Mendel,https://openalex.org/I98358874,Delft University of Technology,1983,2024,,,,,,1872.0,1942.0,,,,Q1913025,51,434,education,41,0,41,False,0,0,1,0,70.0,1983,2024,,1942.0,0.0,1,0
https://openalex.org/A5060046582,Philip J. Vergragt,https://openalex.org/I98358874,Delft University of Technology,1993,2021,,,,,,1945.0,,,n93062870,Delft University of Technology,Q73625483,142,4691,education,28,1,28,False,0,0,1,0,,1993,2021,48.0,2021.0,,0,0
https://openalex.org/A5081308010,Alan V. Klotz,https://openalex.org/I66958751,Woods Hole Oceanographic Institution,1979,1986,,FALMOUTH HOSPITAL,41.5642,-70.6222999999999,1.5456350222053643,,,,,,,35,1687,funder,7,0,7,False,0,0,0,0,,1979,1986,,1986.0,,0,0
https://openalex.org/A5046885231,Nezam H. Afdhal,https://openalex.org/I136199984,Harvard University,1995,2024,0000-0002-7342-6593,SPAULDING HOSPITAL FOR CONTINUING MED CARE CAMBRIDGE,42.3753221040001,-71.106943456,0.1122862784625716,,,0000-0002-7342-6593,,,Q60650815,556,34480,education,29,1,29,False,0,0,1,1,,1985,2024,,2024.0,,0,0
https://openalex.org/A5046885231,Nezam H. Afdhal,https://openalex.org/I4210091615,Saint Vincent's Catholic Medical Center,1985,1993,0000-0002-7342-6593,LENOX HILL HEALTHPLEX,40.737739913,-74.000744566,0.176553962512392,,,0000-0002-7342-6593,,,Q60650815,556,34480,healthcare,8,1,8,False,0,1,1,1,,1985,2024,,2024.0,,0,0
https://openalex.org/A5007627428,N. Buzinsky,https://openalex.org/I63966007,Massachusetts Institute of Technology,2017,2024,0000-0002-5326-331X,SPAULDING HOSPITAL FOR CONTINUING MED CARE CAMBRIDGE,42.3753221040001,-71.106943456,0.1122862784625716,,,,,,,51,2700,education,7,0,7,False,0,0,0,0,,2017,2024,,2024.0,,0,0
https://openalex.org/A5043840964,Gary F. Mitchell,https://openalex.org/I1283280774,Brigham and Women's Hospital,1992,2024,0000-0001-5643-3145,SHRINERS' HOSPITAL FOR CHILDREN,42.3630925480001,-71.066301879,0.7463639796080036,,,,no2006029704,University of Portland,Q110717912,400,37367,healthcare,32,1,32,False,0,0,1,0,,1992,2024,,2024.0,,0,0
https://openalex.org/A5003896222,JoAnne Stubbe,https://openalex.org/I63966007,Massachusetts Institute of Technology,1988,2024,0000-0001-8076-4489,SPAULDING HOSPITAL FOR CONTINUING MED CARE CAMBRIDGE,42.3753221040001,-71.106943456,0.1122862784625716,1946.0,,0000-0001-8076-4489,,Massachusetts Institute of Technology,Q55280,90,4697,education,36,0,36,False,0,0,1,0,,1988,2024,42.0,2024.0,,0,0
https://openalex.org/A5005369193,Peter H.R. Green,https://openalex.org/I78577930,Columbia University,1979,2025,0000-0001-6839-9634,NEW YORK-PRESBYTERIAN/LOWER MANHATTAN HOSPITAL,40.7105167880001,-74.0052978259999,0.4211660176629024,,,0000-0001-6839-9634,,,Q91628147,85,10938,education,46,0,46,False,0,0,1,0,,1979,2025,,2025.0,,0,0
https://openalex.org/A5019835460,M. J. Graf,https://openalex.org/I103531236,Boston College,1989,2025,0000-0002-3977-3006,SHRINERS' HOSPITAL FOR CHILDREN,42.3630925480001,-71.066301879,0.746205054066919,,,0000-0002-3977-3006,,Massachusetts Institute of Technology,Q59516693,271,3938,education,36,1,36,False,0,0,1,0,,1989,2025,,2025.0,,0,0
https://openalex.org/A5011469296,Herre S. J. van der Zant,https://openalex.org/I98358874,Delft University of Technology,1987,2025,0000-0002-5385-0282,,,,,,,0000-0002-5385-0282,,,Q90068940,571,32537,education,38,1,38,False,0,0,1,0,,1987,2025,,2025.0,,0,0
https://openalex.org/A5016049788,Yuting Deng,https://openalex.org/I63966007,Massachusetts Institute of Technology,2007,2013,0000-0002-9512-756X,SPAULDING HOSPITAL FOR CONTINUING MED CARE CAMBRIDGE,42.3753221040001,-71.106943456,0.1122862784625716,,,,,,Q137160511,97,2772,education,6,0,6,False,0,0,0,0,,2007,2013,,2013.0,,0,0
https://openalex.org/A5069674349,Samuel Martín,https://openalex.org/I195460627,University of Aberdeen,2002,2025,0000-0003-0289-6317,,,,,,,0000-0003-0289-6317,,University of Aberdeen,Q89435486,394,10788,education,23,1,23,False,0,0,1,0,,2002,2025,,2025.0,,0,0
https://openalex.org/A5101786308,Lu Hu,https://openalex.org/I47720641,Huazhong University of Science and Technology,1996,2023,0000-0002-0389-7103,,,,,,,,,,Q632553,13,1646,education,27,0,27,False,0,0,1,0,,1996,2023,,2023.0,,0,0
https://openalex.org/A5102075740,Dong Ho Choi,https://openalex.org/I4575257,Hanyang University,2006,2021,0000-0001-9293-641X,,,,,,,,,,,101,289,education,15,1,15,False,0,0,1,0,,2006,2021,,2021.0,,0,0
https://openalex.org/A5010991546,S. Carl Falco,https://openalex.org/I40347166,University of Chicago,1977,1986,,MERCY HOSPITAL AND MEDICAL CENTER,41.8468895830001,-87.621491598,2.3911404464142096,,,,,,,42,5009,education,9,1,9,False,0,0,0,0,,1977,1986,,1986.0,,0,0
https://openalex.org/A5032659029,Arnaud Czaja,https://openalex.org/I63966007,Massachusetts Institute of Technology,2000,2006,0000-0003-3645-0284,SPAULDING HOSPITAL FOR CONTINUING MED CARE CAMBRIDGE,42.3753221040001,-71.106943456,0.1122862784625716,,,0000-0003-3645-0284,,Massachusetts Institute of Technology,Q51870915,111,5019,education,6,0,6,False,0,0,1,0,,2000,2025,,2025.0,,0,0
https://openalex.org/A5032659029,Arnaud Czaja,https://openalex.org/I47508984,Imperial College London,2006,2025,0000-0003-3645-0284,,,,,,,0000-0003-3645-0284,,Massachusetts Institute of Technology,Q51870915,111,5019,education,19,0,19,False,0,0,1,0,,2000,2025,,2025.0,,0,0
https://openalex.org/A5007376623,S. Kumano,https://openalex.org/I177136067,Saga University,1993,2013,0000-0003-4884-1880,,,,,,,,,,,203,5220,education,20,1,20,False,0,0,1,0,,1993,2013,,2013.0,,0,0
https://openalex.org/A5059542173,Manuel Villa‐Garcia,https://openalex.org/I205783295,Cornell University,2001,2010,,CAYUGA MEDICAL CENTER,42.4689850720001,-76.537484161,4.602820788088144,,,,,,,19,1156,education,9,0,9,False,0,0,0,0,,2001,2010,,2010.0,,0,0
https://openalex.org/A5109102600,Ruth T. McVey,https://openalex.org/I205783295,Cornell University,1960,1967,,CAYUGA MEDICAL CENTER,42.4689850720001,-76.537484161,4.602820788088144,1930.0,,,n50007908,Massachusetts Institute of Technology,Q21710868,66,974,education,7,0,7,False,0,0,0,1,,1960,1980,30.0,1980.0,,0,0
https://openalex.org/A5109102600,Ruth T. McVey,https://openalex.org/I124357947,University of London,1971,1980,,,,,,1930.0,,,n50007908,Massachusetts Institute of Technology,Q21710868,66,974,education,9,0,9,False,0,1,0,1,,1960,1980,30.0,1980.0,,0,0
https://openalex.org/A5011199257,Lan‐Chang Liang,https://openalex.org/I142974352,National Sun Yat-sen University,2003,2024,0000-0002-8185-2824,,,,,,,0000-0002-8185-2824,,,Q91922022,242,2484,education,21,0,21,False,0,0,1,0,,2003,2024,,2024.0,,0,0
https://openalex.org/A5052258825,Jeffrey T. Borenstein,https://openalex.org/I63966007,Massachusetts Institute of Technology,2003,2016,0000-0002-4482-3274,SPAULDING HOSPITAL FOR CONTINUING MED CARE CAMBRIDGE,42.3753221040001,-71.106943456,0.1122862784625716,,,0000-0002-4482-3274,,Draper,Q91773330,222,12687,education,13,1,13,False,0,0,1,0,,2003,2016,,2016.0,,0,0
https://openalex.org/A5016146759,Romualdo Pastor‐Satorras,https://openalex.org/I9617848,Universitat Politècnica de Catalunya,2001,2025,0000-0002-4051-6007,,,,,1967.0,,0000-0002-4051-6007,n2003010903,Polytechnic University of Catalonia,Q44885744,197,34572,education,24,1,24,False,0,0,1,0,,2001,2025,34.0,2025.0,,0,0
https://openalex.org/A5035964409,Wenchao Sheng,https://openalex.org/I63966007,Massachusetts Institute of Technology,2006,2012,0000-0001-9020-6202,SPAULDING HOSPITAL FOR CONTINUING MED CARE CAMBRIDGE,42.3753221040001,-71.106943456,0.1122862784625716,,,0000-0001-9020-6202,,,Q92740356,69,12207,education,6,1,6,False,0,0,0,0,,2006,2025,,2025.0,,0,0
https://openalex.org/A5035964409,Wenchao Sheng,https://openalex.org/I116953780,Tongji University,2017,2025,0000-0001-9020-6202,,,,,,,0000-0001-9020-6202,,,Q92740356,69,12207,education,8,1,8,False,0,0,0,0,,2006,2025,,2025.0,,0,0
https://openalex.org/A5000652195,Brandon Sorbom,https://openalex.org/I4210149442,Fusion Academy,2014,2023,0000-0002-2110-6766,SPECTRUM HEALTH - BUTTERWORTH CAMPUS,42.9696691940001,-85.665746666,0.6563917316076635,,,,,,,52,2453,education,9,1,9,False,0,0,1,0,,2014,2023,,2023.0,,0,0
https://openalex.org/A5085921452,Thomas W. Eagar,https://openalex.org/I63966007,Massachusetts Institute of Technology,1972,2020,,SPAULDING HOSPITAL FOR CONTINUING MED CARE CAMBRIDGE,42.3753221040001,-71.106943456,0.1122862784625716,1950.0,2022.0,,,Massachusetts Institute of Technology,Q1233596,151,5158,education,48,1,48,False,0,0,0,0,72.0,1972,2020,22.0,2020.0,2.0,0,0
https://openalex.org/A5033447085,B. Hughey,https://openalex.org/I63966007,Massachusetts Institute of Technology,1989,2012,,SPAULDING HOSPITAL FOR CONTINUING MED CARE CAMBRIDGE,42.3753221040001,-71.106943456,0.1122862784625716,,,,,,,39,1093,education,23,1,23,False,0,0,0,0,,1989,2012,,2012.0,,0,0
https://openalex.org/A5113630206,Evelyne Walker‐Nasir,https://openalex.org/I4210104753,Institute of Molecular Sciences and Bioinformatics,2003,2010,,,,,,,,,,,,29,260,education,7,0,7,False,0,0,0,1,,1976,2010,,2010.0,,0,0
https://openalex.org/A5113630206,Evelyne Walker‐Nasir,https://openalex.org/I136199984,Harvard University,1976,1982,,SPAULDING HOSPITAL FOR CONTINUING MED CARE CAMBRIDGE,42.3753221040001,-71.106943456,0.1122862784625716,,,,,,,29,260,education,6,0,6,False,0,1,0,1,,1976,2010,,2010.0,,0,0
https://openalex.org/A5049739048,Sumit Basu,https://openalex.org/I63966007,Massachusetts Institute of Technology,1996,2003,0000-0001-6413-3070,SPAULDING HOSPITAL FOR CONTINUING MED CARE CAMBRIDGE,42.3753221040001,-71.106943456,0.1122862784625716,,,0000-0002-7313-2114,,,Q89461271,93,2811,education,7,1,7,False,0,0,0,0,,1996,2023,,2023.0,,0,0
https://openalex.org/A5049739048,Sumit Basu,https://openalex.org/I68428275,"Medical College and Hospital, Kolkata",2012,2023,0000-0001-6413-3070,,,,,,,0000-0002-7313-2114,,,Q89461271,93,2811,education,11,1,11,False,0,0,0,0,,1996,2023,,2023.0,,0,0
https://openalex.org/A5037803685,L. X. Liu,https://openalex.org/I63966007,Massachusetts Institute of Technology,2003,2009,,SPAULDING HOSPITAL FOR CONTINUING MED CARE CAMBRIDGE,42.3753221040001,-71.106943456,0.1122862784625716,,,,,Henan University,Q136216144,9,143,education,6,0,6,False,0,0,0,0,,2003,2009,,2009.0,,0,0
https://openalex.org/A5039726955,Venkatesan Sundaresan,https://openalex.org/I84218800,"University of California, Davis",2002,2025,0000-0002-4670-0630,SUTTER DAVIS HOSPITAL,38.5625039120001,-121.770740018,3.2761097583948318,1974.0,,0000-0002-4670-0630,,"University of California, Davis",Q87860770,232,17989,education,23,1,23,False,0,0,1,0,,2002,2025,28.0,2025.0,,0,0
https://openalex.org/A5103378862,Muralidharan Shanmugam,https://openalex.org/I111979921,Northwestern University,2009,2016,,PRESENCE ST FRANCIS HOSPITAL,42.0243893370001,-87.684568052,1.917023334551091,,,0000-0003-3818-1401,,,Q89289414,14,374,education,7,0,7,False,0,0,0,0,,2009,2016,,2016.0,,0,0
https://openalex.org/A5076945748,M. B. Graf,https://openalex.org/I4210117272,Fraunhofer Institute for Solar Energy Systems,2012,2018,,,,,,1939.0,,,n87124384,,Q24546108,61,646,facility,6,0,6,False,0,0,0,0,,2012,2018,,2018.0,,1,0
https://openalex.org/A5050268586,Joseph R. Brady,https://openalex.org/I100930933,University College Dublin,2004,2023,0000-0002-2284-3872,,,,,,,0000-0002-2284-3872,,Massachusetts Institute of Technology,Q90952696,35,651,education,19,0,19,False,0,0,1,0,,2004,2023,,2023.0,,0,0
https://openalex.org/A5101733179,Ji‐Hoon Kang,https://openalex.org/I196345858,Chungnam National University,2012,2020,0000-0001-6805-9840,,,,,,,,,,,82,1830,education,8,1,8,False,0,0,0,0,,2012,2020,,2020.0,,0,0
https://openalex.org/A5021774850,Wilko Rohlfs,https://openalex.org/I887968799,RWTH Aachen University,2010,2023,0000-0002-8756-4778,,,,,1984.0,,0000-0002-8756-4778,,Massachusetts Institute of Technology,Q90713494,135,1575,education,13,0,13,False,0,0,1,0,,2010,2023,26.0,2023.0,,0,0
https://openalex.org/A5111759312,D. K. Mansfield,https://openalex.org/I20089843,Princeton University,1979,2018,,MERWICK REHABILITATION HOSPITAL AND NURSING CARE CENTER,40.3528112230001,-74.6663108129999,0.7652032342540844,,,,,,,260,6132,education,39,1,39,False,0,0,0,0,,1979,2018,,2018.0,,0,0
https://openalex.org/A5073902310,Nicanor Pier Giorgio Austriaco,https://openalex.org/I196272386,Providence College,2005,2024,0000-0003-1854-8181,RHODE ISLAND HOSPITAL,41.811881079,-71.409129255,1.380857254932062,,,0000-0003-1854-8181,,University of Santo Tomas,Q71539399,151,1765,education,19,0,19,False,0,0,0,0,,2005,2024,,2024.0,,0,0
https://openalex.org/A5057667738,Mark R. Luettgen,https://openalex.org/I63966007,Massachusetts Institute of Technology,1987,2005,,SPAULDING HOSPITAL FOR CONTINUING MED CARE CAMBRIDGE,42.3753221040001,-71.106943456,0.1122862784625716,,,,,,,25,783,education,18,1,18,False,0,0,0,0,,1987,2005,,2005.0,,0,0
https://openalex.org/A5089395013,Valeriya Lyssenko,https://openalex.org/I187531555,Lund University,2005,2025,0000-0002-0198-6524,,,,,,,,,University of Bergen,Q29839540,249,45898,education,20,1,20,False,0,0,1,0,,2005,2025,,2025.0,,0,0
https://openalex.org/A5063196461,Simon Butterworth,https://openalex.org/I2801081054,The Francis Crick Institute,2019,2025,0000-0002-4605-291X,,,,,,,0000-0002-4605-291X,,University of Cambridge,Q93086628,27,953,facility,6,0,6,False,0,0,0,0,,2019,2025,,2025.0,,0,0
https://openalex.org/A5069303170,Linda Stockdale,https://openalex.org/I63966007,Massachusetts Institute of Technology,2012,2021,,SPAULDING HOSPITAL FOR CONTINUING MED CARE CAMBRIDGE,42.3753221040001,-71.106943456,0.1122862784625716,,,,,,,18,1009,education,9,0,9,False,0,0,0,0,,2012,2021,,2021.0,,0,0
https://openalex.org/A5030851478,Kunio Torii,https://openalex.org/I111966504,University of Fukui,2005,2011,,,,,,1961.0,,,,,Q11674385,236,4088,education,6,1,6,False,0,1,1,0,,2005,2024,44.0,2024.0,,0,0
https://openalex.org/A5030851478,Kunio Torii,https://openalex.org/I4210107924,University of Fukui Hospital,2009,2024,,,,,,1961.0,,,,,Q11674385,236,4088,healthcare,15,1,15,False,0,1,1,0,,2005,2024,44.0,2024.0,,0,0
https://openalex.org/A5109051591,H. A. Mook,https://openalex.org/I98251732,McMaster University,1974,1999,,,,,,,,,,,Q102378098,127,5422,education,25,1,25,False,0,0,0,0,,1974,1999,,1999.0,,0,0
https://openalex.org/A5108450757,Terrence Nicholson,https://openalex.org/I392282,"University at Albany, State University of New York",1984,1993,,VA MEDICAL CENTER - ALBANY STRATTON,42.6508081800001,-73.771944595,1.299934220282715,,,,,,,88,1312,education,9,0,9,False,0,1,1,0,,1984,2025,,2025.0,,0,0
https://openalex.org/A5108450757,Terrence Nicholson,https://openalex.org/I136199984,Harvard University,1991,2025,,SPAULDING HOSPITAL FOR CONTINUING MED CARE CAMBRIDGE,42.3753221040001,-71.106943456,0.1122862784625716,,,,,,,88,1312,education,34,0,34,False,0,1,1,0,,1984,2025,,2025.0,,0,0
https://openalex.org/A5082752199,Qing Zhang,https://openalex.org/I30809798,ShanghaiTech University,2019,2025,0000-0001-8822-1753,,,,,,,,,,Q33701272,138,2411,education,6,1,6,False,0,1,0,0,,1983,2025,,2025.0,,0,0
https://openalex.org/A5082752199,Qing Zhang,https://openalex.org/I80947539,Fuzhou University,1983,2022,0000-0001-8822-1753,,,,,,,,,,Q33701272,138,2411,education,39,1,39,False,0,1,0,0,,1983,2025,,2025.0,,0,0
https://openalex.org/A5084635951,U. Garg,https://openalex.org/I107639228,University of Notre Dame,1984,2025,0000-0001-8751-4204,MEMORIAL HOSPITAL OF SOUTH BEND,41.684055286,-86.25157885,2.1220638405191994,,,,,,,454,8763,education,41,1,41,False,0,0,1,0,,1984,2025,,2025.0,,0,0
https://openalex.org/A5036243714,Leo Kei Iwai,https://openalex.org/I17974374,Universidade de São Paulo,2001,2007,0000-0002-1571-7763,,,,,,,0000-0002-1571-7763,,Harvard University,Q50419474,107,1736,education,6,1,6,False,0,0,0,0,,2001,2007,,2007.0,,0,0
https://openalex.org/A5068441007,H. Aoki,https://openalex.org/I201537933,Tohoku University,1998,2012,,,,,,,,,,,,78,2425,education,14,1,14,False,0,0,0,0,,1998,2012,,2012.0,,0,0
https://openalex.org/A5055590715,Jonathan Kane,https://openalex.org/I4210150951,Shell (United States),2008,2014,,ST. JOSEPH MEDICAL CENTER,29.7481161270001,-95.366148139,1.7089215558991018,1956.0,,,no2018169017,,Q16187136,21,79,company,6,0,6,False,0,0,0,0,,2008,2014,,2014.0,,1,0
https://openalex.org/A5086342374,Kevin Yehl,https://openalex.org/I150468666,Emory University,2012,2025,0000-0001-7841-7613,GRADY MEMORIAL HOSPITAL,33.751988554,-84.3817915719999,0.6614313289417885,,,,,,,32,2067,education,13,0,13,False,0,0,0,0,,2012,2025,,2025.0,,0,0
https://openalex.org/A5111669708,Alicia C. Gutiérrez,https://openalex.org/I4210093685,Instituto Nacional de Investigaciones Nucleares,1984,1991,,,,,,,,0000-0002-1257-8059,,,Q56844162,28,865,facility,7,0,7,False,0,0,0,0,,1984,1991,,1991.0,,0,0
https://openalex.org/A5079705502,Kripa K. Varanasi,https://openalex.org/I63966007,Massachusetts Institute of Technology,2002,2025,0000-0002-6846-152X,SPAULDING HOSPITAL FOR CONTINUING MED CARE CAMBRIDGE,42.3753221040001,-71.106943456,0.1122862784625716,,,0000-0002-6846-152X,,,Q89852085,241,13699,education,23,1,23,False,0,0,0,0,,2002,2025,,2025.0,,0,0
https://openalex.org/A5100406016,Jin Zhang,https://openalex.org/I20231570,Peking University,1998,2025,0000-0003-3731-8859,,,,,,,0000-0003-3731-8859,,,Q87755554,987,45118,education,27,1,27,False,0,0,1,0,,1998,2025,,2025.0,,0,0
https://openalex.org/A5049360992,R. M. Dudley,https://openalex.org/I63966007,Massachusetts Institute of Technology,1999,2010,,SPAULDING HOSPITAL FOR CONTINUING MED CARE CAMBRIDGE,42.3753221040001,-71.106943456,0.1122862784625716,1938.0,2020.0,,n87824870,Massachusetts Institute of Technology,Q10556141,11,813,education,11,0,11,False,0,0,0,0,82.0,1999,2010,,2010.0,10.0,1,0
https://openalex.org/A5070030311,M. Gordon,https://openalex.org/I1343871089,Los Alamos National Laboratory,2000,2007,,LOS ALAMOS MEDICAL CENTER,35.881699638,-106.319300155,1.318186987186723,1924.0,2010.0,,n82131895,United States Geological Survey,Q15995595,10,165,facility,7,0,7,False,0,0,0,0,86.0,2000,2007,,2007.0,3.0,1,0
https://openalex.org/A5025884332,Thomas H. Newton,https://openalex.org/I63966007,Massachusetts Institute of Technology,2001,2014,,SPAULDING HOSPITAL FOR CONTINUING MED CARE CAMBRIDGE,42.3753221040001,-71.106943456,0.1122862784625716,1821.0,1880.0,,no98124774,,Q94294284,33,556,education,13,0,13,False,0,0,0,0,59.0,2001,2014,,1880.0,0.0,1,0
https://openalex.org/A5042136097,Ulrich H. von Andrian,https://openalex.org/I136199984,Harvard University,1984,2025,0000-0003-4231-2283,SPAULDING HOSPITAL FOR CONTINUING MED CARE CAMBRIDGE,42.3753221040001,-71.106943456,0.1122862784625716,,,0000-0003-4231-2283,,Harvard University,Q7879876,404,56926,education,41,1,41,False,0,0,1,0,,1984,2025,,2025.0,,0,0
https://openalex.org/A5003305524,Sean P. McKenna,https://openalex.org/I66958751,Woods Hole Oceanographic Institution,1996,2011,,FALMOUTH HOSPITAL,41.5642,-70.6222999999999,1.5456350222053643,1962.0,,,,,Q6379299,17,753,funder,15,0,15,False,0,0,0,0,,1996,2011,34.0,2011.0,,0,0
https://openalex.org/A5017188317,Kazuhisa Kakurai,https://openalex.org/I201537933,Tohoku University,1988,2025,0000-0001-5899-7657,,,,,1950.0,,0000-0001-5899-7657,,,Q92148906,568,12727,education,37,1,37,False,0,0,1,0,,1988,2025,38.0,2025.0,,0,0
https://openalex.org/A5024974658,Leila Pirhaji,https://openalex.org/I63966007,Massachusetts Institute of Technology,2012,2020,,SPAULDING HOSPITAL FOR CONTINUING MED CARE CAMBRIDGE,42.3753221040001,-71.106943456,0.1122862784625716,1986.0,,,,,Q55854926,23,405,education,8,0,8,False,0,1,0,0,,2007,2020,21.0,2020.0,,0,0
https://openalex.org/A5024974658,Leila Pirhaji,https://openalex.org/I23946033,University of Tehran,2007,2015,,,,,,1986.0,,,,,Q55854926,23,405,education,8,0,8,False,0,1,0,0,,2007,2020,21.0,2020.0,,0,0
https://openalex.org/A5067813676,John W. M. Bush,https://openalex.org/I63966007,Massachusetts Institute of Technology,1976,2025,0000-0002-7936-7256,SPAULDING HOSPITAL FOR CONTINUING MED CARE CAMBRIDGE,42.3753221040001,-71.106943456,0.1122862784625716,,,0000-0002-7936-7256,,,Q91973800,359,11680,education,49,1,49,False,0,0,1,0,,1976,2025,,2025.0,,0,0
https://openalex.org/A5011931280,Anthony V. Grebe,https://openalex.org/I63966007,Massachusetts Institute of Technology,2017,2024,0000-0003-1032-0158,SPAULDING HOSPITAL FOR CONTINUING MED CARE CAMBRIDGE,42.3753221040001,-71.106943456,0.1122862784625716,,,,,,,38,120,education,7,0,7,False,0,0,0,0,,2017,2024,,2024.0,,0,0
https://openalex.org/A5029027451,Robert A. Cox,https://openalex.org/I102149020,University of North Carolina at Charlotte,2012,2025,0000-0002-4854-4379,NOVANT HEALTH PRESBYTERIAN MEDICAL CENTER,35.2118381920001,-80.8241644409999,2.417507683437331,,,,,,Q114433120,235,6285,education,13,1,13,False,0,0,1,0,,2001,2025,,2025.0,,0,0
https://openalex.org/A5029027451,Robert A. Cox,https://openalex.org/I2799759729,Royal Cornwall Hospital,2001,2010,0000-0002-4854-4379,,,,,,,,,,Q114433120,235,6285,healthcare,9,1,9,False,0,0,1,0,,2001,2025,,2025.0,,0,0
https://openalex.org/A5028708680,Dheeraj S. Roy,https://openalex.org/I63966007,Massachusetts Institute of Technology,2015,2022,0000-0002-5218-1216,SPAULDING HOSPITAL FOR CONTINUING MED CARE CAMBRIDGE,42.3753221040001,-71.106943456,0.1122862784625716,,,0000-0002-5218-1216,,,Q56898887,37,5491,education,7,0,7,False,0,0,0,0,,2015,2022,,2022.0,,0,0
https://openalex.org/A5091208710,Teemu P. Miettinen,https://openalex.org/I63966007,Massachusetts Institute of Technology,2016,2025,0000-0002-5975-200X,SPAULDING HOSPITAL FOR CONTINUING MED CARE CAMBRIDGE,42.3753221040001,-71.106943456,0.1122862784625716,,,0000-0002-5975-200X,,,Q63977285,59,2669,education,9,1,9,False,0,1,0,1,,2016,2025,,2025.0,,0,0
https://openalex.org/A5086959491,Alberto Suárez,https://openalex.org/I63634437,Universidad Autónoma de Madrid,1999,2024,0000-0003-4534-0909,,,,,,,0000-0003-4534-0909,,,Q53106604,113,2762,education,25,0,25,False,0,0,1,0,,1999,2024,,2024.0,,0,0
https://openalex.org/A5027781500,Trevor J. Hine,https://openalex.org/I118347636,Australian National University,1982,1997,0000-0001-7507-7166,,,,,,,0000-0001-7507-7166,,,Q102056176,93,1750,education,15,0,15,False,0,0,0,0,,1982,2024,,2024.0,,0,0
https://openalex.org/A5027781500,Trevor J. Hine,https://openalex.org/I11701301,Griffith University,1998,2024,0000-0001-7507-7166,,,,,,,0000-0001-7507-7166,,,Q102056176,93,1750,education,26,0,26,False,0,0,0,0,,1982,2024,,2024.0,,0,0
https://openalex.org/A5033713402,Wonho Choe,https://openalex.org/I157485424,Korea Advanced Institute of Science and Technology,1999,2025,0000-0002-8952-8252,,,,,,,0000-0002-8952-8252,,KAIST,Q88670884,253,5447,education,26,1,26,False,0,0,1,0,,1986,2025,,2025.0,,0,0
https://openalex.org/A5033713402,Wonho Choe,https://openalex.org/I157725225,University of Illinois Urbana-Champaign,1986,1992,0000-0002-8952-8252,THE CARLE FOUNDATION HOSPITAL,40.117041763,-88.2149486599999,0.9700766454096008,,,0000-0002-8952-8252,,KAIST,Q88670884,253,5447,education,6,1,6,False,0,0,1,0,,1986,2025,,2025.0,,0,0
https://openalex.org/A5026749690,Haifeng Gao,https://openalex.org/I74973139,Carnegie Mellon University,2005,2013,0000-0001-9029-5022,UPMC MERCY,40.436099,-79.985113999,1.041360910333493,,,0000-0001-9029-5022,,University of Notre Dame,Q67439199,269,10229,education,8,0,8,False,0,1,1,1,,2005,2025,,2025.0,,0,0
https://openalex.org/A5026749690,Haifeng Gao,https://openalex.org/I107639228,University of Notre Dame,2012,2025,0000-0001-9029-5022,MEMORIAL HOSPITAL OF SOUTH BEND,41.684055286,-86.25157885,2.1220638405191994,,,0000-0001-9029-5022,,University of Notre Dame,Q67439199,269,10229,education,13,0,13,False,0,1,1,1,,2005,2025,,2025.0,,0,0
https://openalex.org/A5065584617,R. D. Haun,https://openalex.org/I9217761,Westinghouse Electric (United States),1960,1968,,UPMC PASSAVANT-CRANBERRY-ER,40.6829064360001,-80.0980476249999,1.1123360270991831,,,,,,,15,103,company,8,0,8,False,0,0,0,0,,1960,1968,,1968.0,,0,0
https://openalex.org/A5061804197,W. W. Buechner,https://openalex.org/I63966007,Massachusetts Institute of Technology,1937,1966,,SPAULDING HOSPITAL FOR CONTINUING MED CARE CAMBRIDGE,42.3753221040001,-71.106943456,0.1122862784625716,,,,,,,93,2866,education,29,0,29,False,0,0,0,0,,1937,1966,,1966.0,,0,0
https://openalex.org/A5010351048,Ewa Beldzik,https://openalex.org/I126596746,Jagiellonian University,2010,2024,0000-0002-5511-4131,,,,,,,0000-0002-5511-4131,,Boston University,Q59694018,52,539,education,14,0,14,False,0,0,0,0,,2010,2024,,2024.0,,0,0
https://openalex.org/A5100318646,Guoqiang Wang,https://openalex.org/I4210165038,University of Chinese Academy of Sciences,2012,2025,0000-0002-8522-4630,,,,,,,0000-0002-8522-4630,,,Q98211699,89,937,education,13,1,13,False,0,0,1,0,,2012,2025,,2025.0,,0,0
https://openalex.org/A5021276997,Viren Jain,https://openalex.org/I63966007,Massachusetts Institute of Technology,2005,2013,0000-0003-1488-3505,SPAULDING HOSPITAL FOR CONTINUING MED CARE CAMBRIDGE,42.3753221040001,-71.106943456,0.1122862784625716,,,0000-0003-1488-3505,,,Q125872260,68,7036,education,8,1,8,False,0,0,0,0,,2005,2013,,2013.0,,0,0
https://openalex.org/A5043671103,Kelvin O. Lim,https://openalex.org/I97018004,Stanford University,1989,2016,0000-0002-2390-7268,STANFORD HOSPITAL,37.4346524360001,-122.174883097,1.4065651567623634,,,0000-0002-2390-7268,,,Q89395865,624,37896,education,27,1,27,False,0,1,1,0,,1989,2025,,2025.0,,0,0
https://openalex.org/A5043671103,Kelvin O. Lim,https://openalex.org/I4210117246,Minneapolis VA Health Care System,2012,2025,0000-0002-2390-7268,HENNEPIN COUNTY MEDICAL CTR,44.9721324940001,-93.2622359599999,0.8804666338120686,,,0000-0002-2390-7268,,,Q89395865,624,37896,healthcare,13,1,13,False,0,1,1,0,,1989,2025,,2025.0,,0,0
https://openalex.org/A5001535652,Yehuda Bock,https://openalex.org/I52357470,The Ohio State University,1980,2024,0000-0001-8296-6623,GRANT MEDICAL CENTER,39.9609732750001,-82.991001983,0.6641611863192901,,,0000-0001-8296-6623,,Scripps Institution of Oceanography,Q89559946,281,16121,education,44,1,44,False,0,0,1,0,,1980,2024,,2024.0,,0,0
https://openalex.org/A5009059863,Gábor Fürész,https://openalex.org/I4210124175,Center for Astrophysics Harvard & Smithsonian,2004,2014,,SPAULDING HOSPITAL FOR CONTINUING MED CARE CAMBRIDGE,42.3753221040001,-71.106943456,0.1120092156130309,1978.0,,,,,Q21208062,191,6162,education,10,1,10,False,0,1,0,0,,2000,2025,22.0,2025.0,,0,0
https://openalex.org/A5009059863,Gábor Fürész,https://openalex.org/I227486990,University of Szeged,2000,2008,,,,,,1978.0,,,,,Q21208062,191,6162,education,8,1,8,False,0,1,0,0,,2000,2025,22.0,2025.0,,0,0
https://openalex.org/A5009059863,Gábor Fürész,https://openalex.org/I63966007,Massachusetts Institute of Technology,2018,2025,,SPAULDING HOSPITAL FOR CONTINUING MED CARE CAMBRIDGE,42.3753221040001,-71.106943456,0.1122862784625716,1978.0,,,,,Q21208062,191,6162,education,7,1,7,False,0,0,0,0,,2000,2025,22.0,2025.0,,0,0
https://openalex.org/A5009631016,Joanna J. Bryson,https://openalex.org/I20089843,Princeton University,2016,2022,0000-0003-0021-0801,MERWICK REHABILITATION HOSPITAL AND NURSING CARE CENTER,40.3528112230001,-74.6663108129999,0.7652032342540844,1965.0,,0000-0003-0021-0801,no2007142469,Q317156,Q47493123,223,7775,education,6,1,6,False,0,1,1,0,,1997,2022,32.0,2022.0,,0,0
https://openalex.org/A5009631016,Joanna J. Bryson,https://openalex.org/I98677209,University of Edinburgh,1997,2019,0000-0003-0021-0801,,,,,1965.0,,0000-0003-0021-0801,no2007142469,Q317156,Q47493123,223,7775,education,22,1,22,False,0,1,1,0,,1997,2022,32.0,2022.0,,0,0
https://openalex.org/A5108013074,J. R. Wilson,https://openalex.org/I155781252,University of South Carolina,1994,2004,0000-0003-1412-092X,PALMETTO HEALTH BAPTIST HOSPITAL,34.006786871,-81.0331680419999,0.6924613075979149,,,,,,Q76180556,87,5579,education,10,1,10,False,0,0,0,0,,1985,2004,,2004.0,,0,0
https://openalex.org/A5108013074,J. R. Wilson,https://openalex.org/I20089843,Princeton University,1985,1994,0000-0003-1412-092X,MERWICK REHABILITATION HOSPITAL AND NURSING CARE CENTER,40.3528112230001,-74.6663108129999,0.7652032342540844,,,,,,Q76180556,87,5579,education,9,1,9,False,0,0,0,0,,1985,2004,,2004.0,,0,0
https://openalex.org/A5111466635,Michael A. Rappa,https://openalex.org/I63966007,Massachusetts Institute of Technology,1992,2002,,SPAULDING HOSPITAL FOR CONTINUING MED CARE CAMBRIDGE,42.3753221040001,-71.106943456,0.1122862784625716,1970.0,,,no95037076,,Q342252,56,1760,education,10,0,10,False,0,0,0,0,,1992,2017,22.0,2017.0,,0,0
https://openalex.org/A5111466635,Michael A. Rappa,https://openalex.org/I137902535,North Carolina State University,2004,2017,,WAKEMED,35.784511348,-78.587901971,4.778060562524133,1970.0,,,no95037076,,Q342252,56,1760,education,13,0,13,False,0,0,0,0,,1992,2017,22.0,2017.0,,0,0
https://openalex.org/A5103637663,Gene M. Brown,https://openalex.org/I63966007,Massachusetts Institute of Technology,1957,1986,,SPAULDING HOSPITAL FOR CONTINUING MED CARE CAMBRIDGE,42.3753221040001,-71.106943456,0.1122862784625716,1926.0,2017.0,,n78082431,Massachusetts Institute of Technology,Q26237589,97,4160,education,29,0,29,False,0,0,0,0,91.0,1957,1986,31.0,1986.0,31.0,0,0
https://openalex.org/A5110608389,S. Soled,https://openalex.org/I27804330,Brown University,1974,1995,,RHODE ISLAND HOSPITAL,41.811881079,-71.409129255,1.3809352333283151,,,,,,,111,6557,education,21,1,21,False,0,0,0,0,,1974,1995,,1995.0,,0,0
https://openalex.org/A5112147366,S Castells,https://openalex.org/I181697535,SUNY Downstate Health Sciences University,1977,2006,,UNIVERSITY HOSPITAL OF BROOKLYN,40.6548418790001,-73.944227854,0.6939690057960565,,,,,,,34,267,education,29,0,29,False,0,0,0,0,,1977,2006,,2006.0,,0,0
https://openalex.org/A5108570448,Alan C. Newell,https://openalex.org/I138006243,University of Arizona,1981,2025,,"UNIVERSITY OF ARIZONA MEDICAL CENTER- UNIVERSITY CAMPUS, THE",32.241073209,-110.946120188,2.83445977107909,1941.0,,,n85077533,University of Arizona,Q1522709,266,20825,education,44,1,44,False,0,0,1,0,,1981,2025,40.0,2025.0,,0,0
https://openalex.org/A5060426161,Yvonne R. Chan,https://openalex.org/I170201317,University of Pittsburgh,2007,2014,,UPMC MERCY,40.436099,-79.985113999,1.041360910333493,,,0000-0002-4733-8506,,Macquarie University,Q57049378,21,3332,education,7,0,7,False,0,0,0,0,,2007,2014,,2014.0,,0,0
https://openalex.org/A5030278948,Christine J. Walley,https://openalex.org/I63966007,Massachusetts Institute of Technology,2002,2025,0000-0001-6014-3167,SPAULDING HOSPITAL FOR CONTINUING MED CARE CAMBRIDGE,42.3753221040001,-71.106943456,0.1122862784625716,,,,,,,28,551,education,23,0,23,False,0,0,0,0,,2002,2025,,2025.0,,0,0
https://openalex.org/A5100782724,Melissa Wilson,https://openalex.org/I63966007,Massachusetts Institute of Technology,1998,2005,0000-0002-5391-7838,SPAULDING HOSPITAL FOR CONTINUING MED CARE CAMBRIDGE,42.3753221040001,-71.106943456,0.1122862784625716,,,0000-0002-5391-7838,,Thomas Jefferson University,Q58717821,264,7998,education,7,1,7,False,0,0,1,0,,1998,2025,,2025.0,,0,0
https://openalex.org/A5100782724,Melissa Wilson,https://openalex.org/I4210134769,University of Pittsburgh Medical Center,2015,2023,0000-0002-5391-7838,UPMC MERCY,40.436099,-79.985113999,1.0412172967401363,,,0000-0002-5391-7838,,Thomas Jefferson University,Q58717821,264,7998,healthcare,8,1,8,False,0,1,1,0,,1998,2025,,2025.0,,0,0
https://openalex.org/A5100782724,Melissa Wilson,https://openalex.org/I55732556,Arizona State University,2019,2025,0000-0002-5391-7838,"TEMPE ST LUKE'S HOSPITAL, A CAMPUS OF ST LUKE'S MEDICAL CENTER",33.412596857,-111.940612498,2.9154111832168663,,,0000-0002-5391-7838,,Thomas Jefferson University,Q58717821,264,7998,education,6,1,6,False,0,1,1,0,,1998,2025,,2025.0,,0,0
https://openalex.org/A5024487053,Giulia Germinario,https://openalex.org/I5561750,University of Bari Aldo Moro,1981,2018,0000-0002-1751-8696,,,,,,,0000-0002-1751-8696,,Consiglio Nazionale delle Ricerche,Q59151620,34,1046,education,37,0,37,False,0,0,0,0,,1981,2018,,2018.0,,0,0
https://openalex.org/A5086256661,D. Terry,https://openalex.org/I4210149442,Fusion Academy,2003,2018,,SPECTRUM HEALTH - BUTTERWORTH CAMPUS,42.9696691940001,-85.665746666,0.6563917316076635,,,,,,,25,111,education,15,1,15,False,0,0,1,0,,2003,2018,,2018.0,,0,0
https://openalex.org/A5002953341,James W. Walker,https://openalex.org/I11957088,Michigan Technological University,2012,2022,0000-0002-4289-6197,UP HEALTH SYSTEM PORTAGE,47.1398190020001,-88.587042926,2.417766829552908,,,0000-0002-4289-6197,,John Innes Centre,Q96254203,150,3837,education,10,1,10,False,0,0,1,0,,1971,2022,,2022.0,,0,0
https://openalex.org/A5002953341,James W. Walker,https://openalex.org/I24603500,University of Massachusetts Amherst,1971,1983,0000-0002-4289-6197,COOLEY DICKINSON HOSPITAL,42.3302,-72.6532,12.099031162779085,,,0000-0002-4289-6197,,John Innes Centre,Q96254203,150,3837,education,12,1,12,False,0,0,1,0,,1971,2022,,2022.0,,0,0
https://openalex.org/A5027161300,J. M. Retterer,https://openalex.org/I103531236,Boston College,1986,2024,0000-0002-3240-9308,SHRINERS' HOSPITAL FOR CHILDREN,42.3630925480001,-71.066301879,0.746205054066919,,,,,,,151,2562,education,38,1,38,False,0,0,0,0,,1986,2024,,2024.0,,0,0
https://openalex.org/A5028395899,Albin J. Gasiewski,https://openalex.org/I130701444,Georgia Institute of Technology,1989,2021,0000-0003-0815-4058,GRADY MEMORIAL HOSPITAL,33.751988554,-84.3817915719999,0.6616538728322765,,,0000-0003-0815-4058,,University of Colorado Boulder,Q116193939,253,2750,education,32,1,32,False,0,0,1,0,,1989,2021,,2021.0,,0,0
https://openalex.org/A5102739901,Guohua Liang,https://openalex.org/I78978612,Yangzhou University,2001,2025,0000-0003-4137-3156,,,,,,,0000-0003-4137-3156,,,Q91299959,159,3593,education,24,1,24,False,0,0,0,0,,2001,2025,,2025.0,,0,0
https://openalex.org/A5109983246,Werner M. Kaiser,https://openalex.org/I25974101,University of Würzburg,1972,2012,,,,,,1926.0,2013.0,,n85049619,Egyptian Museum of Berlin,Q101678,192,13787,education,40,1,40,False,0,0,1,0,87.0,1972,2012,46.0,2012.0,1.0,0,0
https://openalex.org/A5005485061,Giacomo Nannicini,https://openalex.org/I142476485,École Polytechnique,2009,2017,0000-0002-4936-1259,,,,,,,0000-0002-4936-1259,,,Q130862469,105,3674,education,8,1,8,False,0,1,1,0,,2003,2017,,2017.0,,0,0
https://openalex.org/A5005485061,Giacomo Nannicini,https://openalex.org/I74973139,Carnegie Mellon University,2003,2011,0000-0002-4936-1259,UPMC MERCY,40.436099,-79.985113999,1.041360910333493,,,0000-0002-4936-1259,,,Q130862469,105,3674,education,8,1,8,False,0,1,1,0,,2003,2017,,2017.0,,0,0
https://openalex.org/A5059413456,G. Shirane,https://openalex.org/I74801974,The University of Tokyo,1948,1999,,,,,,1924.0,2005.0,,n92090296,Brookhaven National Laboratory,Q1501270,806,56337,education,51,1,50,True,0,0,1,0,81.0,1948,1999,24.0,1999.0,6.0,0,0
https://openalex.org/A5050783142,Gustavo Aguilar,https://openalex.org/I1850255,University of Basel,2018,2025,0000-0002-0524-9388,,,,,,,0000-0002-0524-9388,,Biozentrum University of Basel,Q91550696,33,274,education,7,0,7,False,0,0,0,0,,2018,2025,,2025.0,,0,0
https://openalex.org/A5100418831,Li Liu,https://openalex.org/I154099455,Shandong University,1996,2025,0000-0002-5641-446X,,,,,,,,,,Q5372488,654,8616,education,29,1,29,False,0,0,1,0,,1996,2025,,2025.0,,0,0
https://openalex.org/A5058411727,K A Hill,https://openalex.org/I26347476,Loma Linda University,1993,1999,0009-0000-6812-2360,LOMA LINDA UNIVERSITY MEDICAL CENTER,34.0496668370001,-117.264012364,0.3018469832028956,,,,,,,23,349,education,6,0,6,False,0,0,0,0,,1993,1999,,1999.0,,0,0
https://openalex.org/A5049333121,Steven H. Zeisel,https://openalex.org/I114027177,University of North Carolina at Chapel Hill,1990,2025,0000-0002-9282-161X,UNIVERSITY OF NORTH CAROLINA HOSPITALS,35.9045427030001,-79.049689229,1.110654999538604,,,0000-0002-9282-161X,,,Q86416913,523,36580,education,35,1,35,False,0,1,1,0,,1982,2025,,2025.0,,0,0
https://openalex.org/A5049333121,Steven H. Zeisel,https://openalex.org/I111088046,Boston University,1982,1992,0000-0002-9282-161X,SHRINERS' HOSPITAL FOR CHILDREN,42.3630925480001,-71.066301879,0.746205054066919,,,0000-0002-9282-161X,,,Q86416913,523,36580,education,10,1,10,False,0,1,1,0,,1982,2025,,2025.0,,0,0
https://openalex.org/A5037673735,Khashayar Rohanimanesh,https://openalex.org/I87216513,Michigan State University,2002,2013,,EDWARD W SPARROW HOSPITAL,42.7340987050001,-84.535341876,4.216001314222071,,,,,,Q102245335,27,1463,education,11,0,11,False,0,0,1,0,,2002,2013,,2013.0,,0,0
https://openalex.org/A5003702843,Albert Y. Hung,https://openalex.org/I136199984,Harvard University,1992,2025,0000-0003-3658-571X,SPAULDING HOSPITAL FOR CONTINUING MED CARE CAMBRIDGE,42.3753221040001,-71.106943456,0.1122862784625716,,,0000-0003-3658-571X,,,Q102145247,62,9702,education,33,1,33,False,0,0,1,0,,1992,2025,,2025.0,,0,0
https://openalex.org/A5107828375,R. de Sangro,https://openalex.org/I63966007,Massachusetts Institute of Technology,1986,1996,,SPAULDING HOSPITAL FOR CONTINUING MED CARE CAMBRIDGE,42.3753221040001,-71.106943456,0.1122862784625716,,,0000-0002-3808-5455,,Laboratori Nazionali di Frascati,Q100993156,613,25358,education,10,1,10,False,0,0,0,0,,1986,1996,,1996.0,,0,0
https://openalex.org/A5026833343,R. J. Allen,https://openalex.org/I157725225,University of Illinois Urbana-Champaign,1986,2008,0000-0001-9906-8352,THE CARLE FOUNDATION HOSPITAL,40.117041763,-88.2149486599999,0.9700766454096008,1940.0,2020.0,0000-0001-9906-8352,n82110923,Space Telescope Science Institute,Q57414955,384,3150,education,22,1,22,False,0,1,1,0,80.0,1972,2024,32.0,2020.0,0.0,0,0
https://openalex.org/A5026833343,R. J. Allen,https://openalex.org/I169381384,University of Groningen,1972,1986,0000-0001-9906-8352,,,,,1940.0,2020.0,0000-0001-9906-8352,n82110923,Space Telescope Science Institute,Q57414955,384,3150,education,14,1,14,False,0,0,1,0,80.0,1972,2024,32.0,2020.0,0.0,0,0
https://openalex.org/A5026833343,R. J. Allen,https://openalex.org/I111979921,Northwestern University,2007,2024,0000-0001-9906-8352,PRESENCE ST FRANCIS HOSPITAL,42.0243893370001,-87.684568052,1.917023334551091,1940.0,2020.0,0000-0001-9906-8352,n82110923,Space Telescope Science Institute,Q57414955,384,3150,education,17,1,17,False,0,1,1,0,80.0,1972,2024,32.0,2020.0,0.0,0,0
https://openalex.org/A5100724796,Soohyun Park,https://openalex.org/I110273157,Kookmin University,2003,2025,0000-0002-6556-9746,,,,,,,0000-0002-6556-9746,,,Q130907675,407,1854,education,22,0,22,False,0,0,1,0,,2003,2025,,2025.0,,0,0
https://openalex.org/A5035221776,Michael A. Shogren‐Knaak,https://openalex.org/I173911158,Iowa State University,2006,2020,,MARY GREELEY MEDICAL CENTER,42.0325913280001,-93.611506033,0.7353236429791248,,,,,,,32,3021,education,14,0,14,False,0,0,0,0,,2006,2020,,2020.0,,0,0
https://openalex.org/A5100766761,Wei Zhou,https://openalex.org/I4210087915,Massachusetts General Hospital,2004,2025,0000-0001-7719-0859,SHRINERS' HOSPITAL FOR CHILDREN,42.3630925480001,-71.066301879,0.7463639796080036,1983.0,,0000-0001-7719-0859,,Massachusetts General Hospital,Q91290466,371,30697,healthcare,21,1,21,False,0,0,1,0,,2004,2025,21.0,2025.0,,0,0
https://openalex.org/A5021559669,Thomas Hellman Morton,https://openalex.org/I201448701,University of Washington,1979,2017,0000-0002-4122-4583,VIRGINIA MASON MEDICAL CENTER,47.6097766840001,-122.327866797,0.5065369991246828,,,0000-0002-4122-4583,,"University of California, Riverside",Q96102682,248,5892,education,38,1,38,False,0,1,1,0,,1973,2017,,2017.0,,0,0
https://openalex.org/A5021559669,Thomas Hellman Morton,https://openalex.org/I27804330,Brown University,1973,1981,0000-0002-4122-4583,RHODE ISLAND HOSPITAL,41.811881079,-71.409129255,1.3809352333283151,,,0000-0002-4122-4583,,"University of California, Riverside",Q96102682,248,5892,education,8,1,8,False,0,1,1,0,,1973,2017,,2017.0,,0,0
https://openalex.org/A5100382554,Bing Wang,https://openalex.org/I125839683,Beijing Institute of Technology,2004,2023,0000-0003-2858-176X,,,,,,,0000-0003-2858-176X,,University of Ottawa,Q61121870,253,5217,education,19,1,19,False,0,0,1,0,,2004,2023,,2023.0,,0,0
https://openalex.org/A5053504710,Lynn M. Eriksen,https://openalex.org/I63966007,Massachusetts Institute of Technology,1989,1996,,SPAULDING HOSPITAL FOR CONTINUING MED CARE CAMBRIDGE,42.3753221040001,-71.106943456,0.1122862784625716,,,,,,,6,93,education,7,0,7,False,0,0,0,0,,1989,1996,,1996.0,,0,0
https://openalex.org/A5061190718,Abira Pyne,https://openalex.org/I63966007,Massachusetts Institute of Technology,1957,1965,,SPAULDING HOSPITAL FOR CONTINUING MED CARE CAMBRIDGE,42.3753221040001,-71.106943456,0.1122862784625716,,,,,,,15,929,education,8,0,8,False,0,0,0,0,,1957,1965,,1965.0,,0,0
https://openalex.org/A5036684590,Ying Diao,https://openalex.org/I97018004,Stanford University,2012,2023,0000-0002-8984-0051,STANFORD HOSPITAL,37.4346524360001,-122.174883097,1.4065651567623634,,,0000-0002-8984-0051,,Stanford University,Q87999345,206,11712,education,11,0,11,False,0,0,1,0,,2012,2023,,2023.0,,0,0
https://openalex.org/A5102905294,Chandra Sekhar Pedamallu,https://openalex.org/I63966007,Massachusetts Institute of Technology,2011,2020,0000-0002-6704-058X,SPAULDING HOSPITAL FOR CONTINUING MED CARE CAMBRIDGE,42.3753221040001,-71.106943456,0.1122862784625716,,,0000-0002-6704-058X,,,Q96074780,155,33036,education,9,1,9,False,0,1,1,0,,2011,2023,,2023.0,,0,0
https://openalex.org/A5102905294,Chandra Sekhar Pedamallu,https://openalex.org/I28166907,Karolinska Institutet,2017,2023,0000-0002-6704-058X,,,,,,,0000-0002-6704-058X,,,Q96074780,155,33036,education,6,1,6,False,0,1,1,0,,2011,2023,,2023.0,,0,0
https://openalex.org/A5058133830,Arthur Richards,https://openalex.org/I36234482,University of Bristol,2005,2025,0000-0001-9500-5514,,,,,,,0000-0001-9500-5514,,University of Bristol,Q57414578,180,6021,education,20,1,20,False,0,0,1,0,,2005,2025,,2025.0,,0,0
https://openalex.org/A5110094890,J. Gottwald,https://openalex.org/I149899117,Max Planck Society,1994,2003,,,,,,,,,,,,32,1554,nonprofit,9,0,9,False,0,0,0,0,,1994,2003,,2003.0,,0,0
https://openalex.org/A5102776288,Barbara Barry,https://openalex.org/I4210146710,Mayo Clinic in Florida,2018,2025,0000-0002-0755-6939,UF HEALTH JACKSONVILLE,30.3485052390001,-81.664274824,1.9951802358513129,,,,,,Q75644982,82,2382,healthcare,7,1,7,False,0,1,0,1,,2018,2025,,2025.0,,0,0
https://openalex.org/A5113482724,N. Kwak,https://openalex.org/I146416000,University of Kansas,1966,2001,,LAWRENCE MEMORIAL HOSPITAL,38.97887459,-95.24868534,1.410911541806078,,,,,,,378,12287,education,35,0,35,False,0,0,0,0,,1966,2001,,2001.0,,0,0
https://openalex.org/A5019155974,Christopher P. Rhodes,https://openalex.org/I13511017,Texas State University,2014,2025,0000-0003-4886-9875,OCEANS BEHAVIORAL HOSPITAL OF SAN MARCOS,29.8840848,-97.918060677,2.2511055649819816,,,0000-0003-4886-9875,,Texas State University,Q88048241,143,4234,education,11,1,11,False,0,0,1,0,,2014,2025,,2025.0,,0,0
https://openalex.org/A5109990840,Shlomo Sternberg,https://openalex.org/I136199984,Harvard University,1963,2008,,SPAULDING HOSPITAL FOR CONTINUING MED CARE CAMBRIDGE,42.3753221040001,-71.106943456,0.1122862784625716,1936.0,2024.0,,n50022535,Harvard University,Q381310,137,7388,education,45,1,45,False,0,0,1,0,88.0,1963,2008,27.0,2008.0,16.0,0,0
https://openalex.org/A5066951263,Vincent J. M. Salters,https://openalex.org/I103163165,Florida State University,1995,2025,0000-0002-5669-7869,TALLAHASSEE MEMORIAL HOSPITAL,30.456880933,-84.261407288,2.778303788880917,,,0000-0002-5669-7869,,Lamont–Doherty Earth Observatory,Q61647414,193,9612,education,30,1,30,False,0,0,0,0,,1995,2025,,2025.0,,0,0
https://openalex.org/A5112195854,J. L. J. Rosenfeld,https://openalex.org/I7923278,Shell (Netherlands),1967,1981,,,,,,,,,,,,46,1086,company,14,0,14,False,0,0,0,0,,1967,1981,,1981.0,,0,0
https://openalex.org/A5045144929,Anne‐Ulrike Trendelenburg,https://openalex.org/I161046081,University of Freiburg,1992,2005,,,,,,,,,,,,45,2817,education,13,1,13,False,0,0,0,0,,1992,2005,,2005.0,,0,0
https://openalex.org/A5109284786,Marie Manthey,https://openalex.org/I4210146251,Creative Health Care Management,1986,2023,,PARK NICOLLET METHODIST HOSP,44.9289851880001,-93.3622300229999,6.949265952512395,1935.0,2024.0,,n80061546,,Q21063845,120,772,other,37,0,37,False,0,0,0,0,89.0,1986,2023,,2023.0,1.0,1,0
https://openalex.org/A5039967363,Hamsa Balakrishnan,https://openalex.org/I63966007,Massachusetts Institute of Technology,2005,2025,0000-0002-8624-7041,SPAULDING HOSPITAL FOR CONTINUING MED CARE CAMBRIDGE,42.3753221040001,-71.106943456,0.1122862784625716,,,,,Massachusetts Institute of Technology,Q102683070,172,3738,education,20,1,20,False,0,0,0,0,,2005,2025,,2025.0,,0,0
https://openalex.org/A5022326376,Artem Timoshenko,https://openalex.org/I111979921,Northwestern University,2019,2025,,PRESENCE ST FRANCIS HOSPITAL,42.0243893370001,-87.684568052,1.917023334551091,,,,,,,36,906,education,6,1,6,False,0,0,0,0,,2019,2025,,2025.0,,0,0
https://openalex.org/A5100325058,David Zhang,https://openalex.org/I4210116924,"Chinese University of Hong Kong, Shenzhen",2017,2025,0000-0002-5027-5286,,,,,1949.0,,0000-0002-5027-5286,n98076043,Hong Kong Polytechnic University,Q45954735,1804,93347,education,8,1,8,False,0,1,1,0,,1994,2025,45.0,2025.0,,0,0
https://openalex.org/A5100325058,David Zhang,https://openalex.org/I151746483,University of Waterloo,1994,2021,0000-0002-5027-5286,,,,,1949.0,,0000-0002-5027-5286,n98076043,Hong Kong Polytechnic University,Q45954735,1804,93347,education,27,1,27,False,0,1,1,0,,1994,2025,45.0,2025.0,,0,0
https://openalex.org/A5044903576,Allen J. Duplantier,https://openalex.org/I180857899,Pfizer (United States),1994,2016,0000-0001-6524-9278,NEW YORK-PRESBYTERIAN/LOWER MANHATTAN HOSPITAL,40.7105167880001,-74.0052978259999,0.4211660176629024,,,0000-0001-6524-9278,,United States Army Medical Research Institute of Infectious Diseases,Q74668024,49,1525,company,22,0,22,False,0,0,0,0,,1994,2016,,2016.0,,0,0
https://openalex.org/A5112008094,Tatsuo Kaiho,https://openalex.org/I4210100767,Kanto Chemical (Japan),2009,2018,,,,,,,,,,,,58,1398,company,9,0,9,False,0,0,0,0,,2009,2018,,2018.0,,0,0
https://openalex.org/A5109125356,Margaret L. Bates,https://openalex.org/I145608581,University of Miami,1994,2019,,DOCTORS HOSPITAL,25.7241031020001,-80.274231081,0.6542055321959735,1901.0,1978.0,,n78093416,Columbia University,Q180099,81,3597,education,25,0,25,False,0,0,0,0,77.0,1976,2019,,1978.0,0.0,1,0
https://openalex.org/A5109125356,Margaret L. Bates,https://openalex.org/I204465549,Washington University in St. Louis,1976,1989,,VA MEDICAL CENTER - JOHN COCHRAN DIVISION,38.6423845620001,-90.2312485419999,3.34963558672706,1901.0,1978.0,,n78093416,Columbia University,Q180099,81,3597,education,13,0,13,False,0,0,0,0,77.0,1976,2019,,1978.0,0.0,1,0
https://openalex.org/A5016469364,Daniel G. Panaccione,https://openalex.org/I12097938,West Virginia University,1996,2026,0000-0002-4159-164X,WEST VIRGINIA UNIVERSITY HOSPITALS,39.6544225740001,-79.958022141,2.773885931019679,,,0000-0002-4159-164X,,,Q87449777,117,6200,education,30,0,30,False,0,0,1,0,,1996,2026,,2026.0,,0,0
https://openalex.org/A5074164388,Sandy Grabiner,https://openalex.org/I177881444,Pomona College,1976,2010,,CASA COLINA HOSPITAL FOR REHAB MEDICINE,34.0980933070001,-117.747275628,2.536646381300248,,,,,,Q102132794,51,559,education,34,0,34,False,0,0,0,0,,1976,2010,,2010.0,,0,0
https://openalex.org/A5005386457,Subramanian Sundaram,https://openalex.org/I169877490,University of Mumbai,2006,2012,0000-0002-8456-916X,,,,,,,0000-0002-8456-916X,,,Q91910514,60,2162,education,6,0,6,False,0,0,0,0,,2006,2012,,2012.0,,0,0
https://openalex.org/A5067664341,Brian D. Fairchild,https://openalex.org/I165733156,University of Georgia,2004,2024,0000-0003-4664-7363,ATHENS REGIONAL MED CENTER,33.961292466,-83.397945072,1.8456494249278688,,,0000-0003-4664-7363,,University of Georgia,Q88877435,104,2068,education,20,0,20,False,0,0,0,0,,2004,2024,,2024.0,,0,0
https://openalex.org/A5103457894,Takaaki Koga,https://openalex.org/I74801974,The University of Tokyo,2002,2014,,,,,,1953.0,,,,,Q11411675,156,2196,education,12,0,12,False,0,0,1,0,,2002,2025,49.0,2025.0,,0,0
https://openalex.org/A5103457894,Takaaki Koga,https://openalex.org/I207399273,Utsunomiya University,2017,2025,,,,,,1953.0,,,,,Q11411675,156,2196,education,8,0,8,False,0,0,1,0,,2002,2025,49.0,2025.0,,0,0
https://openalex.org/A5050231719,Tianquan Lin,https://openalex.org/I20231570,Peking University,2010,2020,0000-0001-7664-2526,,,,,,,,,,,159,13714,education,10,1,10,False,0,0,0,0,,1979,2020,,2020.0,,0,0
https://openalex.org/A5050231719,Tianquan Lin,https://openalex.org/I148366613,National Yang Ming Chiao Tung University,1979,2010,0000-0001-7664-2526,,,,,,,,,,,159,13714,education,31,1,31,False,0,0,0,0,,1979,2020,,2020.0,,0,0
https://openalex.org/A5068835941,Andrew T. Chan,https://openalex.org/I136199984,Harvard University,1999,2025,0000-0001-7284-6767,SPAULDING HOSPITAL FOR CONTINUING MED CARE CAMBRIDGE,42.3753221040001,-71.106943456,0.1122862784625716,,,0000-0001-7284-6767,,,Q88778847,2156,74399,education,26,1,26,False,0,1,1,1,,1999,2025,,2025.0,,0,0
https://openalex.org/A5111884203,Sudhendu Rai,https://openalex.org/I63966007,Massachusetts Institute of Technology,1991,2002,,SPAULDING HOSPITAL FOR CONTINUING MED CARE CAMBRIDGE,42.3753221040001,-71.106943456,0.1122862784625716,,,,,,,25,148,education,11,1,11,False,0,0,0,0,,1991,2002,,2002.0,,0,0
https://openalex.org/A5100419974,An Wang,https://openalex.org/I92403157,University of Science and Technology Beijing,2018,2024,0000-0003-2886-5850,,,,,1920.0,1990.0,,n86141028,,Q92926,14,123,education,6,0,6,False,0,0,0,0,70.0,2018,2024,,1990.0,0.0,1,0
https://openalex.org/A5039651221,Gha Young Lee,https://openalex.org/I139264467,Seoul National University,2006,2016,0000-0003-1555-2249,,,,,,,0000-0003-1555-2249,,Brigham and Women's Hospital,Q90104784,57,2673,education,10,0,10,False,0,1,0,1,,1999,2025,,2025.0,,0,0
https://openalex.org/A5039651221,Gha Young Lee,https://openalex.org/I136199984,Harvard University,2018,2025,0000-0003-1555-2249,SPAULDING HOSPITAL FOR CONTINUING MED CARE CAMBRIDGE,42.3753221040001,-71.106943456,0.1122862784625716,,,0000-0003-1555-2249,,Brigham and Women's Hospital,Q90104784,57,2673,education,7,0,7,False,0,1,0,1,,1999,2025,,2025.0,,0,0
https://openalex.org/A5039651221,Gha Young Lee,https://openalex.org/I2803058125,Seoul National University Bundang Hospital,2015,2021,0000-0003-1555-2249,,,,,,,0000-0003-1555-2249,,Brigham and Women's Hospital,Q90104784,57,2673,healthcare,6,0,6,False,0,1,0,1,,1999,2025,,2025.0,,0,0
https://openalex.org/A5039651221,Gha Young Lee,https://openalex.org/I193775966,Yonsei University,1999,2006,0000-0003-1555-2249,,,,,,,0000-0003-1555-2249,,Brigham and Women's Hospital,Q90104784,57,2673,education,7,0,7,False,0,0,0,1,,1999,2025,,2025.0,,0,0
https://openalex.org/A5061285966,G. W. Peck,https://openalex.org/I63966007,Massachusetts Institute of Technology,1979,2002,,SPAULDING HOSPITAL FOR CONTINUING MED CARE CAMBRIDGE,42.3753221040001,-71.106943456,0.1122862784625716,1845.0,1914.0,,no2010079093,,Q13586538,15,250,education,23,0,23,False,0,0,0,0,69.0,1979,2002,,1914.0,0.0,1,0
https://openalex.org/A5109590120,Cuifang Kuang,https://openalex.org/I76130692,Zhejiang University,2010,2025,,,,,,,,0000-0002-7650-0349,,,Q88223236,45,566,education,15,1,15,False,0,0,1,0,,2010,2025,,2025.0,,0,0
https://openalex.org/A5059408671,J. Hartwell Harrison,https://openalex.org/I51556381,University of Virginia,1973,2023,0000-0002-6577-4168,UNIVERSITY OF VIRGINIA MEDICAL CENTER,38.0313397960001,-78.498687078,1.94069342766774,1909.0,1984.0,,n79097480,,Q1570442,120,5618,education,50,0,50,False,0,0,1,0,75.0,1973,2023,,1984.0,0.0,1,0
https://openalex.org/A5027960459,Yining Ji,https://openalex.org/I71999127,Universitat de Barcelona,2006,2012,0000-0002-9650-6844,,,,,,,0000-0002-9650-6844,,,Q87937325,85,2344,education,6,1,6,False,0,0,0,0,,2006,2012,,2012.0,,0,0
https://openalex.org/A5108484357,Patricia Lund,https://openalex.org/I40120149,University of Oxford,1958,2015,,,,,,1959.0,,,,,Q16731697,40,1431,education,57,1,50,True,0,0,1,0,,1958,2015,,2015.0,,1,0
https://openalex.org/A5070987305,Akshay Agarwal,https://openalex.org/I63966007,Massachusetts Institute of Technology,2016,2022,0000-0002-5944-3346,SPAULDING HOSPITAL FOR CONTINUING MED CARE CAMBRIDGE,42.3753221040001,-71.106943456,0.1122862784625716,,,0000-0002-5944-3346,,Massachusetts Institute of Technology,Q88351035,48,250,education,6,0,6,False,0,0,0,0,,1991,2022,,2022.0,,0,0
https://openalex.org/A5070987305,Akshay Agarwal,https://openalex.org/I162827531,Indian Institute of Technology Bombay,1991,2016,0000-0002-5944-3346,,,,,,,0000-0002-5944-3346,,Massachusetts Institute of Technology,Q88351035,48,250,education,25,0,25,False,0,0,0,0,,1991,2022,,2022.0,,0,0
https://openalex.org/A5011478714,Hilary Richardson,https://openalex.org/I63966007,Massachusetts Institute of Technology,1962,2025,0000-0003-3444-805X,SPAULDING HOSPITAL FOR CONTINUING MED CARE CAMBRIDGE,42.3753221040001,-71.106943456,0.1122862784625716,,,0000-0003-3444-805X,,Boston Children's Hospital,Q53435932,110,1955,education,63,0,50,True,0,0,1,0,,1962,2025,,2025.0,,0,0
https://openalex.org/A5075696701,Ioannis Ch. Paschalidis,https://openalex.org/I111088046,Boston University,1998,2025,0000-0002-3343-2913,SHRINERS' HOSPITAL FOR CHILDREN,42.3630925480001,-71.066301879,0.746205054066919,,,0000-0002-3343-2913,,,Q59785208,392,6456,education,27,1,27,False,0,1,1,0,,1995,2025,,2025.0,,0,0
https://openalex.org/A5075696701,Ioannis Ch. Paschalidis,https://openalex.org/I63966007,Massachusetts Institute of Technology,1995,2002,0000-0002-3343-2913,SPAULDING HOSPITAL FOR CONTINUING MED CARE CAMBRIDGE,42.3753221040001,-71.106943456,0.1122862784625716,,,0000-0002-3343-2913,,,Q59785208,392,6456,education,7,1,7,False,0,1,1,0,,1995,2025,,2025.0,,0,0
https://openalex.org/A5101789419,Stefanie Klein,https://openalex.org/I181369854,Friedrich-Alexander-Universität Erlangen-Nürnberg,2009,2024,0000-0003-1617-3451,,,,,,,0000-0003-1617-3451,,Friedrich-Alexander-Universität Erlangen-Nürnberg,Q100543023,98,1680,education,15,0,15,False,0,1,1,0,,1992,2024,,2024.0,,0,0
https://openalex.org/A5101789419,Stefanie Klein,https://openalex.org/I4210119109,Indiana University Bloomington,1992,2013,0000-0003-1617-3451,INDIANA UNIVERSITY HEALTH BLOOMINGTON HOSPITAL,39.15989295,-86.539893595,1.311838998192859,,,0000-0003-1617-3451,,Friedrich-Alexander-Universität Erlangen-Nürnberg,Q100543023,98,1680,education,21,0,21,False,0,1,1,0,,1992,2024,,2024.0,,0,0
https://openalex.org/A5052151859,Christoph T. Berger,https://openalex.org/I4210128593,University Children's Hospital Zurich,2001,2025,0000-0002-1730-8824,,,,,,,0000-0002-1730-8824,,Massachusetts General Hospital,Q50582995,120,3255,healthcare,24,1,24,False,0,0,1,0,,2001,2025,,2025.0,,0,0
https://openalex.org/A5067334549,Michinori Suginome,https://openalex.org/I22299242,Kyoto University,1988,2026,0000-0003-3023-2219,,,,,1966.0,,0000-0003-3023-2219,,Kyoto University,Q11522369,472,14573,education,38,1,38,False,0,0,1,0,,1988,2026,22.0,2026.0,,0,0
https://openalex.org/A5009042825,D. Sneden,https://openalex.org/I63966007,Massachusetts Institute of Technology,1972,2018,,SPAULDING HOSPITAL FOR CONTINUING MED CARE CAMBRIDGE,42.3753221040001,-71.106943456,0.1122862784625716,,,,,,,10,735,education,46,0,46,False,0,0,0,0,,1972,2018,,2018.0,,0,0
https://openalex.org/A5035358062,Robert A. Hegele,https://openalex.org/I131944076,Lawson Health Research Institute,2019,2025,0000-0003-2861-5325,,,,,,,0000-0003-2861-5325,,Western University,Q58046422,1202,71466,healthcare,6,1,6,False,0,1,1,0,,1991,2025,,2025.0,,0,0
https://openalex.org/A5035358062,Robert A. Hegele,https://openalex.org/I185261750,University of Toronto,1991,2023,0000-0003-2861-5325,,,,,,,0000-0003-2861-5325,,Western University,Q58046422,1202,71466,education,32,1,32,False,0,1,1,0,,1991,2025,,2025.0,,0,0
https://openalex.org/A5022627180,Harlee S. Strauss,https://openalex.org/I4210109623,Levi Strauss (United States),1990,2012,,LAGUNA HONDA HOSPITAL AND REHABILITATION CENTER,37.7743640780001,-122.425873352,0.5708078653503412,,,,,,,20,366,company,22,0,22,False,0,0,0,0,,1990,2012,,2012.0,,0,0
https://openalex.org/A5003394285,Chris Crawford,https://openalex.org/I17301866,University of Alabama,2012,2025,0000-0003-3127-308X,NORTHPORT MEDICAL CENTER,33.23398145,-87.570910898,2.6892869046105923,,,0000-0003-3127-308X,,University of Alabama,Q130827925,162,2486,education,13,1,13,False,0,0,1,0,,2012,2025,,2025.0,,0,0
https://openalex.org/A5108797152,Gordon R. Greenberg,https://openalex.org/I185261750,University of Toronto,1974,2019,0000-0001-9260-9363,,,,,1968.0,,,,,Q5585199,262,16979,education,45,1,45,False,0,0,1,0,,1949,2019,,2019.0,,1,0
https://openalex.org/A5108797152,Gordon R. Greenberg,https://openalex.org/I58956616,Case Western Reserve University,1949,1956,0000-0001-9260-9363,LUTHERAN HOSPITAL,41.4876333760001,-81.707262893,1.6479325770104616,1968.0,,,,,Q5585199,262,16979,education,7,1,7,False,0,0,1,0,,1949,2019,,2019.0,,1,0
https://openalex.org/A5069909687,Steven R. Little,https://openalex.org/I170201317,University of Pittsburgh,2006,2025,0000-0002-7000-3931,UPMC MERCY,40.436099,-79.985113999,1.041360910333493,,,0000-0002-7000-3931,,University of Pittsburgh,Q42862882,173,7173,education,19,1,19,False,0,0,1,0,,2006,2025,,2025.0,,0,0
https://openalex.org/A5110544133,M. Skorokhvatov,https://openalex.org/I887846188,Moscow Engineering Physics Institute,2015,2025,,,,,,,,,,,,158,8270,education,10,1,10,False,0,0,1,0,,2015,2025,,2025.0,,0,0
https://openalex.org/A5110827141,Charles H. Fisher,https://openalex.org/I41833579,Roanoke College,1981,2005,,VETERANS AFFAIRS MEDICAL CENTER SALEM,37.273960387,-80.018445275,3.876834995375565,1808.0,1880.0,,,,Q454012,92,497,education,24,1,24,False,0,1,0,0,72.0,1981,2008,,1880.0,0.0,1,0
https://openalex.org/A5110827141,Charles H. Fisher,https://openalex.org/I201448701,University of Washington,2001,2008,,VIRGINIA MASON MEDICAL CENTER,47.6097766840001,-122.327866797,0.5065369991246828,1808.0,1880.0,,,,Q454012,92,497,education,7,1,7,False,0,1,0,0,72.0,1981,2008,,1880.0,0.0,1,0
https://openalex.org/A5039789551,Leon Trilling,https://openalex.org/I63966007,Massachusetts Institute of Technology,1953,2009,,SPAULDING HOSPITAL FOR CONTINUING MED CARE CAMBRIDGE,42.3753221040001,-71.106943456,0.1122862784625716,1924.0,2018.0,,,Massachusetts Institute of Technology,Q102077735,71,876,education,56,1,50,True,0,0,0,0,94.0,1953,2009,29.0,2009.0,9.0,0,0
https://openalex.org/A5018787347,Tobias Kraus,https://openalex.org/I35440088,ETH Zurich,2007,2025,0000-0003-2951-1704,,,,,1979.0,,0000-0003-2951-1704,,Saarland University,Q57050794,254,7038,education,18,1,18,False,0,0,1,0,,2007,2025,28.0,2025.0,,0,0
https://openalex.org/A5021089891,Md. Golam Kader,https://openalex.org/I1307585291,Khulna University of Engineering and Technology,2013,2025,,,,,,,,,,,,9,10,education,12,0,12,False,0,0,0,0,,2013,2025,,2025.0,,0,0
https://openalex.org/A5072806779,Mike Jackson,https://openalex.org/I130238516,University of Minnesota,1988,2025,0000-0003-4778-7157,HENNEPIN COUNTY MEDICAL CTR,44.9721324940001,-93.2622359599999,0.8805771044914001,,,0000-0003-4778-7157,,University of Minnesota,Q57904823,276,9879,education,37,1,37,False,0,0,1,0,,1988,2025,,2025.0,,0,0
https://openalex.org/A5024272023,Peter Hull,https://openalex.org/I175594653,John Brown University,2018,2025,,SILOAM SPRINGS MEMORIAL HOSPITAL,36.181823078,-94.540784187,1.8399697166192748,1933.0,2014.0,,n50001756,Toronto Metropolitan University,Q7173646,154,3786,education,7,1,7,False,0,1,1,1,81.0,1967,2025,34.0,2014.0,0.0,0,0
https://openalex.org/A5024272023,Peter Hull,https://openalex.org/I40347166,University of Chicago,1967,2021,,MERCY HOSPITAL AND MEDICAL CENTER,41.8468895830001,-87.621491598,2.3911404464142096,1933.0,2014.0,,n50001756,Toronto Metropolitan University,Q7173646,154,3786,education,54,1,50,True,0,1,1,1,81.0,1967,2025,34.0,2014.0,0.0,0,0
https://openalex.org/A5071234646,Shuhei Ono,https://openalex.org/I63966007,Massachusetts Institute of Technology,2007,2025,0000-0002-1348-9584,SPAULDING HOSPITAL FOR CONTINUING MED CARE CAMBRIDGE,42.3753221040001,-71.106943456,0.1122862784625716,,,0000-0002-1348-9584,,,Q89178617,282,8242,education,18,1,18,False,0,0,0,0,,2007,2025,,2025.0,,0,0
https://openalex.org/A5057901169,Denis Bernsmeier,https://openalex.org/I4577782,Technische Universität Berlin,2012,2025,0000-0002-9805-7640,,,,,,,0000-0002-9805-7640,,,Q88892593,34,2899,education,13,0,13,False,0,0,0,0,,2012,2025,,2025.0,,0,0
https://openalex.org/A5079614690,Jonathan B. Ashcom,https://openalex.org/I63966007,Massachusetts Institute of Technology,2003,2025,,SPAULDING HOSPITAL FOR CONTINUING MED CARE CAMBRIDGE,42.3753221040001,-71.106943456,0.1122862784625716,,,,,,,25,1768,education,22,1,22,False,0,0,0,0,,2003,2025,,2025.0,,0,0
https://openalex.org/A5100635536,Jong Hyeok Park,https://openalex.org/I848706,Sungkyunkwan University,1996,2025,0000-0002-6629-3147,,,,,2000.0,,0000-0002-6629-3147,,Yonsei University,Q38639321,615,27371,education,29,1,29,False,0,0,1,0,,1996,2025,,2025.0,,1,0
https://openalex.org/A5080600256,Chanwoo Chung,https://openalex.org/I63966007,Massachusetts Institute of Technology,2015,2021,,SPAULDING HOSPITAL FOR CONTINUING MED CARE CAMBRIDGE,42.3753221040001,-71.106943456,0.1122862784625716,,,,,,,7,94,education,6,0,6,False,0,0,0,0,,2015,2021,,2021.0,,0,0
https://openalex.org/A5100456388,Yan Zhang,https://openalex.org/I180726961,Shenzhen University,2008,2025,0000-0003-2031-7286,,,,,,,0000-0003-2031-7286,,,Q91550844,100,2686,education,17,1,17,False,0,0,1,0,,2008,2025,,2025.0,,0,0
https://openalex.org/A5040175704,Jenny Chen,https://openalex.org/I161318765,"University of California, Los Angeles",2011,2024,0000-0002-2992-4771,LOS ANGELES AMBULATORY CARE CENTER,34.052015037,-118.238420471,0.4851399769279164,,,0000-0002-2992-4771,,Johns Hopkins University,Q88147794,443,7441,education,13,1,13,False,0,0,1,0,,2011,2024,,2024.0,,0,0
https://openalex.org/A5016872125,Christian Schlieker,https://openalex.org/I32971472,Yale University,2010,2025,0000-0002-1237-4267,YALE-NEW HAVEN HOSPITAL,41.30469134,-72.9354136589999,0.7176389367718299,,,0000-0002-1237-4267,,,Q87736375,66,4158,education,15,0,15,False,0,0,0,0,,2010,2025,,2025.0,,0,0
https://openalex.org/A5010408081,Shawn M. Davidson,https://openalex.org/I136199984,Harvard University,1975,2021,0000-0002-3475-0382,SPAULDING HOSPITAL FOR CONTINUING MED CARE CAMBRIDGE,42.3753221040001,-71.106943456,0.1122862784625716,,,,,,,156,10355,education,46,0,46,False,0,0,1,0,,1975,2021,,2021.0,,0,0
https://openalex.org/A5049549878,Margaret E. Torrence,https://openalex.org/I63966007,Massachusetts Institute of Technology,2014,2022,0000-0003-2133-8599,SPAULDING HOSPITAL FOR CONTINUING MED CARE CAMBRIDGE,42.3753221040001,-71.106943456,0.1122862784625716,,,,,,Q114578209,20,2093,education,8,0,8,False,0,0,0,0,,2014,2022,,2022.0,,0,0
https://openalex.org/A5020836803,Jyrki Ahveninen,https://openalex.org/I136199984,Harvard University,2003,2025,0000-0001-9058-8669,SPAULDING HOSPITAL FOR CONTINUING MED CARE CAMBRIDGE,42.3753221040001,-71.106943456,0.1122862784625716,,,,,,Q114756006,156,5168,education,22,1,22,False,0,1,1,1,,2003,2025,,2025.0,,0,0
https://openalex.org/A5063634399,Elaine C. Lee,https://openalex.org/I140172145,University of Connecticut,2007,2025,0000-0002-6556-1058,"NATCHAUG HOSPITAL, INC.",41.7411039190001,-72.198011482,8.619092181203907,,,,n85225911,,Q5353239,191,4192,education,18,1,18,False,0,0,1,0,,2007,2025,,2025.0,,0,0
https://openalex.org/A5014090175,Jie Lü,https://openalex.org/I111599522,Jiangnan University,2009,2024,0000-0002-4581-2032,,,,,,,0000-0002-4581-2032,,,Q91255377,302,13068,education,15,1,15,False,0,0,1,0,,2009,2024,,2024.0,,0,0
https://openalex.org/A5047700462,A. Eviatar,https://openalex.org/I16391192,Tel Aviv University,1970,2011,,,,,,,,,,,,168,3635,education,41,0,41,False,0,0,1,0,,1970,2011,,2011.0,,0,0
https://openalex.org/A5024277492,Christine M. Phillips‐Piro,https://openalex.org/I63966007,Massachusetts Institute of Technology,2003,2011,0000-0002-7335-7487,SPAULDING HOSPITAL FOR CONTINUING MED CARE CAMBRIDGE,42.3753221040001,-71.106943456,0.1122862784625716,,,0000-0002-7335-7487,,Franklin & Marshall College,Q64682519,81,979,education,8,0,8,False,0,0,0,0,,2003,2025,,2025.0,,0,0
https://openalex.org/A5024277492,Christine M. Phillips‐Piro,https://openalex.org/I173146385,Franklin & Marshall College,2013,2025,0000-0002-7335-7487,LANCASTER GENERAL HOSPITAL,40.047293376,-76.304079267,1.053802408176986,,,0000-0002-7335-7487,,Franklin & Marshall College,Q64682519,81,979,education,12,0,12,False,0,0,0,0,,2003,2025,,2025.0,,0,0
https://openalex.org/A5070161627,Daniel Z. Freedman,https://openalex.org/I63966007,Massachusetts Institute of Technology,1971,2022,0000-0001-7354-0129,SPAULDING HOSPITAL FOR CONTINUING MED CARE CAMBRIDGE,42.3753221040001,-71.106943456,0.1122862784625716,1939.0,,,n79151598,Massachusetts Institute of Technology,Q364993,330,24337,education,51,1,50,True,0,0,1,0,,1971,2022,32.0,2022.0,,0,0
https://openalex.org/A5068143623,Michelle Rengarajan,https://openalex.org/I97018004,Stanford University,2009,2017,0000-0003-3203-7986,STANFORD HOSPITAL,37.4346524360001,-122.174883097,1.4065651567623634,,,,,,Q125193989,27,608,education,8,0,8,False,0,0,0,0,,2009,2017,,2017.0,,0,0
https://openalex.org/A5113489250,A.C.T. North,https://openalex.org/I130828816,University of Leeds,1972,2019,,,,,,,,,,,,124,17775,education,47,1,47,False,0,0,0,0,,1972,2019,,2019.0,,0,0
https://openalex.org/A5039960438,R.E. Enstrom,https://openalex.org/I20089843,Princeton University,1988,2005,,MERWICK REHABILITATION HOSPITAL AND NURSING CARE CENTER,40.3528112230001,-74.6663108129999,0.7652032342540844,,,,,,,67,748,education,17,1,17,False,0,0,0,0,,1988,2005,,2005.0,,0,0
https://openalex.org/A5079423165,John F. Galantowicz,https://openalex.org/I27837315,University of Michigan–Ann Arbor,1992,2005,,UNIVERSITY OF MICHIGAN HEALTH SYSTEM,42.283191747,-83.728707796,1.181076648372232,,,,,,,66,941,education,13,1,13,False,0,0,0,0,,1992,2005,,2005.0,,0,0
https://openalex.org/A5080264255,Matheus Malta de Sá,https://openalex.org/I17974374,Universidade de São Paulo,2013,2020,,,,,,,,,,,Q6005938,18,164,education,7,0,7,False,0,0,0,0,,2013,2020,,2020.0,,0,0
https://openalex.org/A5100320858,Xiao Zhang,https://openalex.org/I111599522,Jiangnan University,2017,2025,0000-0002-0094-6221,,,,,,,0000-0002-0094-6221,,,Q88495159,207,8874,education,8,1,8,False,0,1,1,0,,2002,2025,,2025.0,,0,0
https://openalex.org/A5100320858,Xiao Zhang,https://openalex.org/I36399199,Nanjing University of Science and Technology,2002,2019,0000-0002-0094-6221,,,,,,,0000-0002-0094-6221,,,Q88495159,207,8874,education,17,1,17,False,0,1,1,0,,2002,2025,,2025.0,,0,0
https://openalex.org/A5049168967,Melanie Chin,https://openalex.org/I153718931,University of Ottawa,2014,2025,0000-0002-2771-0518,,,,,,,0000-0002-2771-0518,,,Q92666022,107,2695,education,11,1,11,False,0,0,1,0,,2014,2025,,2025.0,,0,0
https://openalex.org/A5024263670,Chang‐Lee Chen,https://openalex.org/I63966007,Massachusetts Institute of Technology,1987,2020,,SPAULDING HOSPITAL FOR CONTINUING MED CARE CAMBRIDGE,42.3753221040001,-71.106943456,0.1122862784625716,,,,,,,17,643,education,33,1,33,False,0,0,0,0,,1987,2020,,2020.0,,0,0
https://openalex.org/A5037896009,Stuart K. Kim,https://openalex.org/I97018004,Stanford University,1990,2024,0000-0001-8887-5095,STANFORD HOSPITAL,37.4346524360001,-122.174883097,1.4065651567623634,,,0000-0001-8887-5095,,,Q59558205,128,19185,education,34,1,34,False,0,1,0,1,,1990,2024,,2024.0,,0,0
https://openalex.org/A5100428500,Qian Chen,https://openalex.org/I9842412,Nanjing University of Aeronautics and Astronautics,2010,2025,0000-0003-1281-6376,,,,,,,,,,Q10564129,193,1985,education,15,1,15,False,0,0,1,0,,2010,2025,,2025.0,,0,0
https://openalex.org/A5111971274,N G Copeland,https://openalex.org/I1295876152,Houston Methodist,1983,2001,,ST. JOSEPH MEDICAL CENTER,29.7481161270001,-95.366148139,1.7089215558991018,,,,,,,45,2902,healthcare,18,1,18,False,0,0,1,0,,1983,2001,,2001.0,,0,0
https://openalex.org/A5056490043,L. G. Popov,https://openalex.org/I4210138365,Nizhny Novgorod State Technical University,2006,2017,,,,,,,,0000-0003-1710-2612,,Amgueddfa Cymru – Museum Wales,Q58228586,89,560,education,11,1,11,False,0,0,0,0,,2006,2017,,2017.0,,0,0
https://openalex.org/A5017423154,Jerzy Blusztajn,https://openalex.org/I66958751,Woods Hole Oceanographic Institution,1970,2026,0000-0002-5475-1948,FALMOUTH HOSPITAL,41.5642,-70.6222999999999,1.5456350222053643,,,,,,Q125260094,221,9552,funder,56,0,50,True,0,0,0,0,,1970,2026,,2026.0,,0,0
https://openalex.org/A5047582862,Timothy L. Tellinghuisen,https://openalex.org/I219193219,Purdue University West Lafayette,1999,2006,,FRANCISCAN ST ELIZABETH HEALTH - LAFAYETTE CENTRAL,40.427286859,-86.881446211,2.2590910740284578,,,,,,,34,5536,education,7,1,7,False,0,0,0,0,,1999,2006,,2006.0,,0,0
https://openalex.org/A5067631015,Alex H. Ramos,https://openalex.org/I63966007,Massachusetts Institute of Technology,2011,2025,,SPAULDING HOSPITAL FOR CONTINUING MED CARE CAMBRIDGE,42.3753221040001,-71.106943456,0.1122862784625716,1961.0,,,,,Q2833015,85,33320,education,14,1,14,False,0,0,0,0,,2011,2025,50.0,2025.0,,0,0
https://openalex.org/A5104061167,Mark L. Shannon,https://openalex.org/I63966007,Massachusetts Institute of Technology,1977,1984,,SPAULDING HOSPITAL FOR CONTINUING MED CARE CAMBRIDGE,42.3753221040001,-71.106943456,0.1122862784625716,1939.0,2018.0,,,,Q1900431,16,253,education,7,0,7,False,0,0,0,0,79.0,1977,1984,38.0,1984.0,34.0,0,0
https://openalex.org/A5026041727,Hannes Wagner,https://openalex.org/I74656192,University of Göttingen,1981,2016,,,,,,1986.0,,,,,Q102935,98,1752,education,35,0,35,False,0,0,0,0,,1981,2016,,2016.0,,1,0
https://openalex.org/A5011462271,Neil Strickland,https://openalex.org/I91136226,University of Sheffield,1999,2022,,,,,,1966.0,,0000-0003-4539-4085,n97026793,,Q1314574,63,1731,education,23,0,23,False,0,0,0,0,,1999,2022,33.0,2022.0,,0,0
https://openalex.org/A5111771836,Stephen M. Meyer,https://openalex.org/I63966007,Massachusetts Institute of Technology,1985,2007,,SPAULDING HOSPITAL FOR CONTINUING MED CARE CAMBRIDGE,42.3753221040001,-71.106943456,0.1122862784625716,1958.0,,,n2001097715,,Q926941,86,2028,education,22,0,22,False,0,0,0,0,,1985,2007,27.0,2007.0,,0,0
https://openalex.org/A5060686447,Justin Nowell,https://openalex.org/I1310053265,St George's Hospital,2007,2021,,,,,,,,,no2010150260,,Q117075996,30,318,healthcare,14,0,14,False,0,0,1,0,,2007,2021,,2021.0,,0,0
https://openalex.org/A5111635379,Hannu Tiitinen,https://openalex.org/I2800394112,Helsinki University Hospital,1999,2015,,,,,,,,,,,,84,4351,healthcare,16,1,16,False,0,0,1,0,,1999,2015,,2015.0,,0,0
https://openalex.org/A5108904428,Yosef Yarden,https://openalex.org/I53964585,Weizmann Institute of Science,1990,2025,,,,,,1952.0,,0000-0003-4168-7884,nb99166168,Weizmann Institute of Science,Q7003804,23,10069,education,35,0,35,False,0,0,0,0,,1990,2025,38.0,2025.0,,0,0
https://openalex.org/A5017656147,Eric A. Standley,https://openalex.org/I22465464,University of Münster,2016,2026,0000-0003-0680-6788,,,,,,,0000-0003-0680-6788,,,Q91350143,48,3176,education,10,0,10,False,0,0,0,0,,2016,2026,,2026.0,,0,0
https://openalex.org/A5003483321,Sarah J. Vigeland,https://openalex.org/I43579087,University of Wisconsin–Milwaukee,2016,2024,0000-0003-4700-9072,AURORA SINAI MEDICAL CENTER,43.042490135,-87.927810903,1.7796421527415742,,,0000-0003-4700-9072,,Jet Propulsion Laboratory,Q58468289,126,6054,education,8,0,8,False,0,0,0,0,,2016,2024,,2024.0,,0,0
https://openalex.org/A5014727522,Ellen F. Vieux,https://openalex.org/I63966007,Massachusetts Institute of Technology,2011,2018,0000-0003-3815-4366,SPAULDING HOSPITAL FOR CONTINUING MED CARE CAMBRIDGE,42.3753221040001,-71.106943456,0.1122862784625716,,,,,,,11,213,education,7,0,7,False,0,0,0,0,,2011,2018,,2018.0,,0,0
https://openalex.org/A5072485973,Anil Kashyap,https://openalex.org/I40347166,University of Chicago,1989,2025,0000-0002-9381-7663,MERCY HOSPITAL AND MEDICAL CENTER,41.8468895830001,-87.621491598,2.3911404464142096,1960.0,,,n88622383,University of Chicago,Q27653808,299,26231,education,36,1,36,False,0,0,1,0,,1989,2025,29.0,2025.0,,0,0
https://openalex.org/A5033532774,Yael Maguire,https://openalex.org/I63966007,Massachusetts Institute of Technology,1998,2007,,SPAULDING HOSPITAL FOR CONTINUING MED CARE CAMBRIDGE,42.3753221040001,-71.106943456,0.1122862784625716,,,,,,,10,267,education,9,0,9,False,0,0,0,0,,1998,2007,,2007.0,,0,0
https://openalex.org/A5084789056,Lee B. Spence,https://openalex.org/I63966007,Massachusetts Institute of Technology,2002,2015,,SPAULDING HOSPITAL FOR CONTINUING MED CARE CAMBRIDGE,42.3753221040001,-71.106943456,0.1122862784625716,1963.0,,,,,Q6515139,7,33,education,13,1,13,False,0,0,0,0,,2002,2015,39.0,2015.0,,0,0
https://openalex.org/A5009177807,Jim Williams,https://openalex.org/I177877127,University of Western Australia,1982,2025,0000-0002-1464-2317,,,,,,,0000-0002-1464-2317,,University of Western Australia,Q62577979,787,14310,education,43,1,43,False,0,0,1,0,,1964,2025,,2025.0,,0,0
https://openalex.org/A5009177807,Jim Williams,https://openalex.org/I31746571,UNSW Sydney,1964,1975,0000-0002-1464-2317,,,,,,,0000-0002-1464-2317,,University of Western Australia,Q62577979,787,14310,education,11,1,11,False,0,0,1,0,,1964,2025,,2025.0,,0,0
https://openalex.org/A5111205090,Lutz‐F. Tietze,https://openalex.org/I74656192,University of Göttingen,1979,2009,,,,,,,,,,,,148,2364,education,30,0,30,False,0,0,0,0,,1979,2009,,2009.0,,0,0
https://openalex.org/A5111646702,J. E. Wergedal,https://openalex.org/I26347476,Loma Linda University,1984,2012,,LOMA LINDA UNIVERSITY MEDICAL CENTER,34.0496668370001,-117.264012364,0.3018469832028956,,,,,,,63,3257,education,28,1,28,False,0,0,1,0,,1969,2012,,2012.0,,0,0
https://openalex.org/A5111646702,J. E. Wergedal,https://openalex.org/I201448701,University of Washington,1969,1979,,VIRGINIA MASON MEDICAL CENTER,47.6097766840001,-122.327866797,0.5065369991246828,,,,,,,63,3257,education,10,1,10,False,0,0,1,0,,1969,2012,,2012.0,,0,0
https://openalex.org/A5001300090,Chia-Hua Lee,https://openalex.org/I25846049,National Tsing Hua University,2005,2024,0000-0003-4229-3027,,,,,,,0000-0003-4229-3027,,Industrial Technology Research Institute,Q83573010,50,1430,education,19,1,19,False,0,0,1,0,,2005,2024,,2024.0,,0,0
https://openalex.org/A5112066860,John H. Carson,https://openalex.org/I75929689,UConn Health,1972,2017,,JOHN DEMPSEY HOSPITAL,41.7307648830001,-72.790584516,3.6492921318833553,1954.0,,,n91061506,,Q42574,104,7429,healthcare,45,0,45,False,0,0,1,0,,1972,2017,18.0,2017.0,,0,0
https://openalex.org/A5010894574,John D. W. Madden,https://openalex.org/I141945490,University of British Columbia,2003,2025,0000-0002-0014-4712,,,,,,,0000-0002-0014-4712,,University of British Columbia,Q87675449,236,9860,education,22,1,22,False,0,0,0,0,,1996,2025,,2025.0,,0,0
https://openalex.org/A5010894574,John D. W. Madden,https://openalex.org/I63966007,Massachusetts Institute of Technology,1996,2002,0000-0002-0014-4712,SPAULDING HOSPITAL FOR CONTINUING MED CARE CAMBRIDGE,42.3753221040001,-71.106943456,0.1122862784625716,,,0000-0002-0014-4712,,University of British Columbia,Q87675449,236,9860,education,6,1,6,False,0,0,0,0,,1996,2025,,2025.0,,0,0
https://openalex.org/A5103364602,R. D. Sharp,https://openalex.org/I96673099,Technical University of Denmark,1984,1996,,,,,,1793.0,1838.0,,nr94023659,,Q7360842,155,5927,education,12,1,12,False,0,0,0,0,45.0,1984,1996,,1838.0,0.0,1,0
https://openalex.org/A5058524061,F. Vilas,https://openalex.org/I138006243,University of Arizona,1983,2011,0000-0003-4723-5870,"UNIVERSITY OF ARIZONA MEDICAL CENTER- UNIVERSITY CAMPUS, THE",32.241073209,-110.946120188,2.83445977107909,1952.0,,0000-0003-4723-5870,n86025212,Planetary Science Institute,Q56570379,399,5541,education,28,1,28,False,0,0,0,0,,1983,2011,31.0,2011.0,,0,0
https://openalex.org/A5101559837,Malte Hoffmann,https://openalex.org/I100066346,University of Stuttgart,1985,2020,0000-0002-5511-0739,,,,,,,0000-0002-5511-0739,,,Q86206413,81,814,education,35,0,35,False,0,0,0,0,,1985,2020,,2020.0,,0,0
https://openalex.org/A5082665353,Bae‐Ian Wu,https://openalex.org/I63966007,Massachusetts Institute of Technology,2000,2011,0000-0002-8437-3239,SPAULDING HOSPITAL FOR CONTINUING MED CARE CAMBRIDGE,42.3753221040001,-71.106943456,0.1122862784625716,,,,,,,157,7537,education,11,1,11,False,0,0,0,0,,2000,2011,,2011.0,,0,0
https://openalex.org/A5069902722,Lee W. McKnight,https://openalex.org/I63966007,Massachusetts Institute of Technology,1985,2013,0000-0001-9110-8727,SPAULDING HOSPITAL FOR CONTINUING MED CARE CAMBRIDGE,42.3753221040001,-71.106943456,0.1122862784625716,,,,,Syracuse University,Q124365309,133,1527,education,28,0,28,False,0,0,1,0,,1985,2013,,2013.0,,0,0
https://openalex.org/A5100715543,Yichen Li,https://openalex.org/I4210148468,Industrial Technology Research Institute,2017,2024,0000-0003-4081-3885,,,,,,,0000-0002-7187-6232,,,Q59866181,19,538,nonprofit,7,0,7,False,0,0,0,0,,2017,2024,,2024.0,,0,0
https://openalex.org/A5058588006,P.W. Wang,https://openalex.org/I63966007,Massachusetts Institute of Technology,1994,2002,,SPAULDING HOSPITAL FOR CONTINUING MED CARE CAMBRIDGE,42.3753221040001,-71.106943456,0.1122862784625716,,,,,,,2,8,education,8,0,8,False,0,0,0,0,,1994,2002,,2002.0,,0,0
https://openalex.org/A5017701430,Alfred K. Susskind,https://openalex.org/I63966007,Massachusetts Institute of Technology,1899,1958,,SPAULDING HOSPITAL FOR CONTINUING MED CARE CAMBRIDGE,42.3753221040001,-71.106943456,0.1122862784625716,,,,,,Q102124086,14,60,education,59,0,50,True,0,0,0,0,,1899,1984,,1984.0,,0,0
https://openalex.org/A5017701430,Alfred K. Susskind,https://openalex.org/I186143895,Lehigh University,1973,1984,,ST LUKES UNIVERSITY HOSPITAL - BETHLEHEM,40.609357002,-75.393363,2.6707972234874875,,,,,,Q102124086,14,60,education,11,0,11,False,0,0,0,0,,1899,1984,,1984.0,,0,0
https://openalex.org/A5007494924,J. Golak,https://openalex.org/I126596746,Jagiellonian University,1999,2025,0000-0002-5210-6910,,,,,,,,,,,350,6456,education,26,1,26,False,0,0,1,0,,1999,2025,,2025.0,,0,0
https://openalex.org/A5056779885,Timothy Wilson,https://openalex.org/I84475105,Embry–Riddle Aeronautical University,2001,2024,0000-0002-9891-9319,HALIFAX HEALTH MEDICAL CENTER,29.202384954,-81.054827885,1.7796768376301135,1950.0,,0000-0003-3106-1212,n93112401,University of Virginia,Q7807613,92,323,education,23,1,23,False,0,1,0,0,,1994,2024,44.0,2024.0,,0,0
https://openalex.org/A5056779885,Timothy Wilson,https://openalex.org/I94658018,University of Memphis,1994,2002,0000-0002-9891-9319,ST. JUDE CHILDREN'S RESEARCH HOSPITAL,35.1542158510001,-90.0429022289999,0.7596458321008707,1950.0,,0000-0003-3106-1212,n93112401,University of Virginia,Q7807613,92,323,education,8,1,8,False,0,1,0,0,,1994,2024,44.0,2024.0,,0,0
https://openalex.org/A5006770666,Jia‐Hong Gao,https://openalex.org/I4210166946,Imaging Center,1995,2025,0000-0002-9311-0297,THE ORTHOPAEDIC HOSPITAL OF LUTHERAN HEALTH NETWOR,41.04028484,-85.239125428,0.0871858810226937,,,0000-0002-9311-0297,,,Q87664125,368,11996,healthcare,30,1,30,False,0,0,1,0,,1995,2025,,2025.0,,0,0
https://openalex.org/A5051394046,Zhengli Han,https://openalex.org/I4210165842,RIKEN Center for Advanced Photonics,2015,2023,0000-0002-8648-854X,,,,,,,,,,,82,824,facility,8,0,8,False,0,0,0,0,,2015,2023,,2023.0,,0,0
https://openalex.org/A5010795553,Ranjit Kumar Das,https://openalex.org/I112754052,Sambalpur University,1977,1998,0000-0003-2417-0939,,,,,1965.0,,,,,Q24565235,142,1001,education,21,1,21,False,0,0,1,0,,1977,2024,,2024.0,,1,0
https://openalex.org/A5010795553,Ranjit Kumar Das,https://openalex.org/I4210100047,Institute of Post Graduate Medical Education and Research,2004,2011,0000-0003-2417-0939,,,,,1965.0,,,,,Q24565235,142,1001,education,7,1,7,False,0,0,1,0,,1977,2024,,2024.0,,1,0
https://openalex.org/A5010795553,Ranjit Kumar Das,https://openalex.org/I68428275,"Medical College and Hospital, Kolkata",2011,2020,0000-0003-2417-0939,,,,,1965.0,,,,,Q24565235,142,1001,education,9,1,9,False,0,1,1,0,,1977,2024,,2024.0,,1,0
https://openalex.org/A5010795553,Ranjit Kumar Das,https://openalex.org/I67357951,KIIT University,2018,2024,0000-0003-2417-0939,,,,,1965.0,,,,,Q24565235,142,1001,education,6,1,6,False,0,1,1,0,,1977,2024,,2024.0,,1,0
https://openalex.org/A5016570475,Jennifer R. Brown,https://openalex.org/I136199984,Harvard University,1996,2025,0000-0003-2040-4961,SPAULDING HOSPITAL FOR CONTINUING MED CARE CAMBRIDGE,42.3753221040001,-71.106943456,0.1122862784625716,,,0000-0003-2040-4961,nb2013010028,,Q90174035,1156,43146,education,29,1,29,False,0,0,1,0,,1996,2025,,2025.0,,0,0
https://openalex.org/A5017132742,Michael J. Baum,https://openalex.org/I111088046,Boston University,1985,2022,0000-0003-3066-437X,SHRINERS' HOSPITAL FOR CHILDREN,42.3630925480001,-71.066301879,0.746205054066919,,,0000-0003-3066-437X,,Boston University,Q96170729,306,12598,education,37,1,37,False,0,0,1,0,,1985,2022,,2022.0,,0,0
https://openalex.org/A5065920319,Gabrielle T Drummond,https://openalex.org/I63966007,Massachusetts Institute of Technology,2018,2025,0000-0001-9903-6211,SPAULDING HOSPITAL FOR CONTINUING MED CARE CAMBRIDGE,42.3753221040001,-71.106943456,0.1122862784625716,,,,,,,19,1617,education,7,0,7,False,0,0,0,0,,2018,2025,,2025.0,,0,0
https://openalex.org/A5027389407,N. Lehtomaki,https://openalex.org/I159060422,Alliant Techsystems (United States),1991,2005,,VIRGINIA HOSPITAL CENTER,38.8888817930001,-77.127277656,2.174707327632274,,,,,,,16,736,company,14,0,14,False,0,0,0,0,,1991,2005,,2005.0,,0,0
https://openalex.org/A5109214110,Marija D. Ilie,https://openalex.org/I63966007,Massachusetts Institute of Technology,1991,2018,,SPAULDING HOSPITAL FOR CONTINUING MED CARE CAMBRIDGE,42.3753221040001,-71.106943456,0.1122862784625716,1977.0,,,,,Q3623132,6,137,education,27,0,27,False,0,0,1,0,,1991,2018,,2018.0,,1,0
https://openalex.org/A5101497042,Arvind Krishnamurthy,https://openalex.org/I95457486,"University of California, Berkeley",1993,2023,0000-0002-9505-9528,ALTA BATES SUMMIT MED CTR-HERRICK CAMPUS,37.8644118560001,-122.268577616,0.8781923132251,,,0000-0002-9505-9528,nb2010010248,Yale University,Q119497263,507,31875,education,30,1,30,False,0,0,1,0,,1993,2023,,2023.0,,0,0
https://openalex.org/A5109219208,Gary T. Leavens,https://openalex.org/I173911158,Iowa State University,1990,2007,,MARY GREELEY MEDICAL CENTER,42.0325913280001,-93.611506033,0.7353236429791248,1950.0,,,n99255836,University of Central Florida,Q5526028,23,493,education,17,0,17,False,0,0,0,0,,1990,2007,40.0,2007.0,,0,0
https://openalex.org/A5061341492,Aditya M. Kunjapur,https://openalex.org/I86501945,University of Delaware,2018,2025,0000-0001-6869-9530,CHRISTIANA CARE-CHRISTIANA HOSPITAL,39.687486037,-75.669121433,6.904490256127075,,,0000-0001-6869-9530,,Massachusetts Institute of Technology,Q87470780,65,2405,education,7,0,7,False,0,0,0,0,,2018,2025,,2025.0,,0,0
https://openalex.org/A5086540870,Sean T. Roberts,https://openalex.org/I63966007,Massachusetts Institute of Technology,2004,2014,0000-0002-3322-3687,SPAULDING HOSPITAL FOR CONTINUING MED CARE CAMBRIDGE,42.3753221040001,-71.106943456,0.1122862784625716,,,0000-0002-3322-3687,,University of Southern California,Q46101970,142,4628,education,10,0,10,False,0,0,1,0,,2004,2025,,2025.0,,0,0
https://openalex.org/A5086540870,Sean T. Roberts,https://openalex.org/I86519309,The University of Texas at Austin,2015,2025,0000-0002-3322-3687,HEALTHSOUTH REHABILITATION HOSPITAL OF AUSTIN,30.2731283970001,-97.734112941,1.0863629860892785,,,0000-0002-3322-3687,,University of Southern California,Q46101970,142,4628,education,10,0,10,False,0,0,1,0,,2004,2025,,2025.0,,0,0
https://openalex.org/A5111685579,André A. Pavia,https://openalex.org/I198415970,Université d'Avignon et des Pays de Vaucluse,1986,2009,,,,,,,,,,,,149,2237,education,23,1,23,False,0,0,1,0,,1967,2009,,2009.0,,0,0
https://openalex.org/A5111685579,André A. Pavia,https://openalex.org/I11935315,École Nationale Supérieure de Chimie de Montpellier,1967,1981,,,,,,,,,,,,149,2237,education,14,1,14,False,0,0,1,0,,1967,2009,,2009.0,,0,0
https://openalex.org/A5037450342,Jaephil Cho,https://openalex.org/I123900574,Pohang University of Science and Technology,2005,2022,0000-0002-3890-1432,,,,,1967.0,,0000-0002-3890-1432,,Ulsan National Institute of Science and Technology,Q69506193,548,70470,education,17,1,17,False,0,0,1,0,,1993,2022,26.0,2022.0,,0,0
https://openalex.org/A5037450342,Jaephil Cho,https://openalex.org/I173911158,Iowa State University,1993,2001,0000-0002-3890-1432,MARY GREELEY MEDICAL CENTER,42.0325913280001,-93.611506033,0.7353236429791248,1967.0,,0000-0002-3890-1432,,Ulsan National Institute of Science and Technology,Q69506193,548,70470,education,8,1,8,False,0,0,1,0,,1993,2022,26.0,2022.0,,0,0
https://openalex.org/A5031545966,Jean‐Marie Choffray,https://openalex.org/I157674565,University of Liège,1975,2021,,,,,,,,,,,,97,611,education,46,1,46,False,0,0,1,0,,1975,2021,,2021.0,,0,0
https://openalex.org/A5036193340,F. K. Baganoff,https://openalex.org/I63966007,Massachusetts Institute of Technology,1998,2021,,SPAULDING HOSPITAL FOR CONTINUING MED CARE CAMBRIDGE,42.3753221040001,-71.106943456,0.1122862784625716,,,,,,,95,1634,education,23,1,23,False,0,0,0,0,,1998,2021,,2021.0,,0,0
https://openalex.org/A5069771435,Simon J. Haward,https://openalex.org/I142637625,Okinawa Institute of Science and Technology Graduate University,2015,2025,0000-0002-1884-4100,,,,,,,0000-0002-1884-4100,,Okinawa Institute of Science and Technology,Q62089083,176,3524,education,10,0,10,False,0,0,0,0,,2003,2025,,2025.0,,0,0
https://openalex.org/A5069771435,Simon J. Haward,https://openalex.org/I36234482,University of Bristol,2003,2011,0000-0002-1884-4100,,,,,,,0000-0002-1884-4100,,Okinawa Institute of Science and Technology,Q62089083,176,3524,education,8,0,8,False,0,0,0,0,,2003,2025,,2025.0,,0,0
https://openalex.org/A5082049451,Kenji Taniguchi,https://openalex.org/I113306721,Hiroshima University,1975,2024,0000-0001-5980-1943,,,,,1947.0,,,,Shiga University,Q20041307,772,7102,education,49,1,49,False,0,0,1,0,,1975,2024,28.0,2024.0,,0,0
https://openalex.org/A5017763839,Daniel F. Kacher,https://openalex.org/I136199984,Harvard University,1996,2018,,SPAULDING HOSPITAL FOR CONTINUING MED CARE CAMBRIDGE,42.3753221040001,-71.106943456,0.1122862784625716,,,,,,,72,2966,education,22,0,22,False,0,1,0,1,,1996,2018,,2018.0,,0,0
https://openalex.org/A5109911292,John T. Norton,https://openalex.org/I111979921,Northwestern University,2008,2022,,PRESENCE ST FRANCIS HOSPITAL,42.0243893370001,-87.684568052,1.917023334551091,1898.0,1989.0,,,,Q67605573,98,1439,education,14,0,14,False,0,0,0,0,91.0,1925,2022,27.0,1989.0,0.0,0,0
https://openalex.org/A5109911292,John T. Norton,https://openalex.org/I63966007,Massachusetts Institute of Technology,1925,1967,,SPAULDING HOSPITAL FOR CONTINUING MED CARE CAMBRIDGE,42.3753221040001,-71.106943456,0.1122862784625716,1898.0,1989.0,,,,Q67605573,98,1439,education,42,0,42,False,0,0,0,0,91.0,1925,2022,27.0,1989.0,0.0,0,0
https://openalex.org/A5100733864,Weibin Chen,https://openalex.org/I76130692,Zhejiang University,2005,2023,0000-0003-1514-4149,,,,,,,0000-0002-9845-6676,,City University of Hong Kong,Q56804190,179,3820,education,18,1,18,False,0,0,1,0,,2005,2023,,2023.0,,0,0
https://openalex.org/A5113442418,Lily Huang,https://openalex.org/I867280407,The University of Texas Southwestern Medical Center,2009,2025,,TEXAS SCOTTISH RITE HOSPITAL FOR CHILDREN,32.8019769000001,-96.81431331,2.221486976455084,,,,,,,12,177,healthcare,16,0,16,False,0,0,0,0,,2009,2025,,2025.0,,0,0
https://openalex.org/A5114376714,E. Resconi,https://openalex.org/I130769515,Pennsylvania State University,2003,2019,0000-0003-0705-2770,MOUNT NITTANY MEDICAL CENTER,40.8185483410001,-77.842589845,3.158028882678651,1971.0,,0000-0003-0705-2770,no2016010339,Technical University of Munich,Q21258887,708,28144,education,16,0,16,False,0,0,1,0,,2003,2019,32.0,2019.0,,0,0
https://openalex.org/A5091848020,David L. Akey,https://openalex.org/I27837315,University of Michigan–Ann Arbor,2006,2024,0000-0002-5687-540X,UNIVERSITY OF MICHIGAN HEALTH SYSTEM,42.283191747,-83.728707796,1.181076648372232,,,0000-0002-5687-540X,,University of Michigan,Q104794735,56,2193,education,18,0,18,False,0,0,1,0,,2006,2024,,2024.0,,0,0
https://openalex.org/A5009315537,Cyrus F. Hirjibehedin,https://openalex.org/I45129253,University College London,2008,2023,0000-0003-1706-2147,,,,,2000.0,,0000-0003-1706-2147,,University College London,Q47576097,146,4320,education,15,1,15,False,0,0,0,0,,2000,2023,,2023.0,,1,0
https://openalex.org/A5009315537,Cyrus F. Hirjibehedin,https://openalex.org/I78577930,Columbia University,2000,2008,0000-0003-1706-2147,NEW YORK-PRESBYTERIAN/LOWER MANHATTAN HOSPITAL,40.7105167880001,-74.0052978259999,0.4211660176629024,2000.0,,0000-0003-1706-2147,,University College London,Q47576097,146,4320,education,8,1,8,False,0,0,0,0,,2000,2023,,2023.0,,1,0
https://openalex.org/A5088728758,Joseph R. Votano,https://openalex.org/I63966007,Massachusetts Institute of Technology,1977,1984,,SPAULDING HOSPITAL FOR CONTINUING MED CARE CAMBRIDGE,42.3753221040001,-71.106943456,0.1122862784625716,,,,,,,17,627,education,7,0,7,False,0,0,0,0,,1977,1984,,1984.0,,0,0
https://openalex.org/A5057583922,Marcello DiMare,https://openalex.org/I154570441,"University of California, Santa Barbara",1994,2014,,SANTA BARBARA COTTAGE HOSPITAL,34.429466689,-119.723809039,2.5384727841850334,,,,,,,27,2090,education,20,0,20,False,0,0,0,0,,1994,2014,,2014.0,,0,0
https://openalex.org/A5015907949,Kayvan Zainabadi,https://openalex.org/I4210156876,VA Greater Los Angeles Healthcare System,2002,2014,0000-0003-3134-1783,LOS ANGELES AMBULATORY CARE CENTER,34.052015037,-118.238420471,0.4854078442471335,,,0000-0003-3134-1783,,,Q89050408,35,946,healthcare,12,0,12,False,0,1,1,1,,2002,2014,,2014.0,,0,0
https://openalex.org/A5113560914,J. Chirife,https://openalex.org/I24354313,University of Buenos Aires,1978,2004,,,,,,,,,,,,97,3277,education,26,1,26,False,0,0,0,0,,1978,2018,,2018.0,,0,0
https://openalex.org/A5113560914,J. Chirife,https://openalex.org/I29406707,Pontificia Universidad Católica Argentina,2007,2018,,,,,,,,,,,,97,3277,education,11,1,11,False,0,0,0,0,,1978,2018,,2018.0,,0,0
https://openalex.org/A5049766003,John D. Altman,https://openalex.org/I150468666,Emory University,1998,2025,0000-0001-9733-2359,GRADY MEMORIAL HOSPITAL,33.751988554,-84.3817915719999,0.6614313289417885,1962.0,,0000-0001-9733-2359,no2020136369,Emory University School of Medicine,Q60974545,244,29319,education,27,1,27,False,0,0,1,0,,1998,2025,36.0,2025.0,,0,0
https://openalex.org/A5087391357,Nam‐Gyu Kang,https://openalex.org/I139264467,Seoul National University,2001,2013,0000-0003-4545-6899,,,,,,,,,,,29,279,education,12,1,12,False,0,0,0,0,,2001,2013,,2013.0,,0,0
https://openalex.org/A5012769290,Shulamit Levenberg,https://openalex.org/I53964585,Weizmann Institute of Science,1995,2024,0000-0001-5471-7339,,,,,1969.0,,0000-0001-5471-7339,,Technion – Israel Institute of Technology,Q6983543,201,13261,education,29,0,29,False,0,0,1,0,,1995,2024,26.0,2024.0,,0,0
https://openalex.org/A5017517054,Christ D. Richmond,https://openalex.org/I55732556,Arizona State University,2013,2021,0000-0001-6392-0267,"TEMPE ST LUKE'S HOSPITAL, A CAMPUS OF ST LUKE'S MEDICAL CENTER",33.412596857,-111.940612498,2.9154111832168663,,,,,,,109,1669,education,8,1,8,False,0,1,0,0,,1993,2021,,2021.0,,0,0
https://openalex.org/A5017517054,Christ D. Richmond,https://openalex.org/I63966007,Massachusetts Institute of Technology,1993,2015,0000-0001-6392-0267,SPAULDING HOSPITAL FOR CONTINUING MED CARE CAMBRIDGE,42.3753221040001,-71.106943456,0.1122862784625716,,,,,,,109,1669,education,22,1,22,False,0,1,0,0,,1993,2021,,2021.0,,0,0
https://openalex.org/A5104017961,Katsutoshi Ono,https://openalex.org/I22299242,Kyoto University,1971,2024,,,,,,1905.0,1988.0,,n83072499,Ryukoku University,Q11463935,123,2032,education,53,0,50,True,0,0,0,0,83.0,1971,2024,,1988.0,0.0,1,0
https://openalex.org/A5100401968,Yu Chen,https://openalex.org/I66946132,"University of Maryland, College Park",2008,2023,0000-0001-8765-3300,SAINT LUKE INSTITUTE,39.002567964,-76.980022199,4.45031974460681,,,,n80093368,,Q313605,149,2810,education,15,0,15,False,0,0,1,0,,2008,2023,,2023.0,,0,0
https://openalex.org/A5024345216,S. I. Krasheninnikov,https://openalex.org/I36258959,"University of California, San Diego",2000,2025,0000-0002-0786-5440,NAVAL MEDICAL CENTER SAN DIEGO,32.7275202280001,-117.145937292,2.1936292796024657,,,,,,,570,10253,education,25,1,25,False,0,1,1,0,,1994,2025,,2025.0,,0,0
https://openalex.org/A5024345216,S. I. Krasheninnikov,https://openalex.org/I4210149442,Fusion Academy,1994,2003,0000-0002-0786-5440,SPECTRUM HEALTH - BUTTERWORTH CAMPUS,42.9696691940001,-85.665746666,0.6563917316076635,,,,,,,570,10253,education,9,1,9,False,0,1,1,0,,1994,2025,,2025.0,,0,0
https://openalex.org/A5028094627,Gregory P. Fournier,https://openalex.org/I63966007,Massachusetts Institute of Technology,2010,2026,0000-0003-1605-5455,SPAULDING HOSPITAL FOR CONTINUING MED CARE CAMBRIDGE,42.3753221040001,-71.106943456,0.1122862784625716,,,0000-0003-1605-5455,,,Q95968465,102,2418,education,16,1,16,False,0,0,0,0,,2010,2026,,2026.0,,0,0
https://openalex.org/A5101552073,Diego Martinez,https://openalex.org/I107606265,Broad Institute,2011,2018,0000-0002-8518-8502,SPAULDING HOSPITAL FOR CONTINUING MED CARE CAMBRIDGE,42.3753221040001,-71.106943456,0.1122862784625716,,,0000-0002-8518-8502,,,Q87841115,19,3636,nonprofit,7,0,7,False,0,0,0,0,,2011,2018,,2018.0,,0,0
https://openalex.org/A5005862811,Keisuke Goda,https://openalex.org/I161318765,"University of California, Los Angeles",2008,2025,0000-0001-6302-6038,LOS ANGELES AMBULATORY CARE CENTER,34.052015037,-118.238420471,0.4851399769279164,1974.0,,0000-0001-6302-6038,,University of Tokyo,Q17218703,491,18545,education,17,1,17,False,0,0,1,0,,2008,2025,34.0,2025.0,,0,0
https://openalex.org/A5074084785,Joga Dharma Setiawan,https://openalex.org/I11855966,Diponegoro University,2009,2025,0000-0002-2948-9204,,,,,,,,,,,144,1131,education,16,0,16,False,0,0,1,0,,2009,2025,,2025.0,,0,0
https://openalex.org/A5101498220,Hong Jeong,https://openalex.org/I123900574,Pohang University of Science and Technology,1989,2025,0000-0001-8464-6033,,,,,1989.0,,,,,Q488923,151,640,education,36,1,36,False,0,0,1,0,,1989,2025,,2025.0,,1,0
https://openalex.org/A5053626160,Kwan Wee Tan,https://openalex.org/I172675005,Nanyang Technological University,2002,2025,0000-0002-8289-6503,,,,,,,0000-0002-8289-6503,,Nanyang Technological University,Q41520481,71,2945,education,23,0,23,False,0,0,1,0,,2002,2025,,2025.0,,0,0
https://openalex.org/A5036931156,Chandan Singh,https://openalex.org/I91357014,Banaras Hindu University,2011,2025,0000-0001-8006-1329,,,,,,,0000-0001-8006-1329,,Massachusetts Institute of Technology,Q67227320,53,1152,education,14,1,14,False,0,0,1,0,,2011,2025,,2025.0,,0,0
https://openalex.org/A5039293524,Caroline Boudoux,https://openalex.org/I45683168,Polytechnique Montréal,2008,2025,0000-0002-2145-9086,,,,,,,0000-0002-2145-9086,n2023066600,Polytechnic School of Montreal,Q131851916,140,1636,education,17,0,17,False,0,1,1,0,,2003,2025,,2025.0,,0,0
https://openalex.org/A5039293524,Caroline Boudoux,https://openalex.org/I4210087915,Massachusetts General Hospital,2003,2009,0000-0002-2145-9086,SHRINERS' HOSPITAL FOR CHILDREN,42.3630925480001,-71.066301879,0.7463639796080036,,,0000-0002-2145-9086,n2023066600,Polytechnic School of Montreal,Q131851916,140,1636,healthcare,6,0,6,False,0,1,1,0,,2003,2025,,2025.0,,0,0
https://openalex.org/A5063914557,Julie K. Monda,https://openalex.org/I1313298211,St. Jude Children's Research Hospital,2010,2017,,ST. JUDE CHILDREN'S RESEARCH HOSPITAL,35.1542158510001,-90.0429022289999,0.7596458321008707,,,0000-0003-3851-5539,,,Q91782714,46,1586,healthcare,7,0,7,False,0,0,0,0,,2010,2017,,2017.0,,0,0
https://openalex.org/A5102746922,Eric Van den Steen,https://openalex.org/I4210134579,Dana-Farber/Harvard Cancer Center,2001,2013,0000-0002-0114-460X,SHRINERS' HOSPITAL FOR CHILDREN,42.3630925480001,-71.066301879,0.7463639796080036,1943.0,,,,,Q21388169,32,1256,healthcare,12,0,12,False,0,0,0,0,,2001,2013,,2013.0,,1,0
https://openalex.org/A5109977249,John F. Houde,https://openalex.org/I180670191,"University of California, San Francisco",1999,2026,,LAGUNA HONDA HOSPITAL AND REHABILITATION CENTER,37.7743640780001,-122.425873352,0.5706740882305078,,,,,"University of California, San Francisco",Q102290407,112,5998,education,27,1,27,False,0,0,1,0,,1999,2026,,2026.0,,0,0
https://openalex.org/A5069883040,R. F. Heeter,https://openalex.org/I20089843,Princeton University,1995,2001,0000-0003-1097-1823,MERWICK REHABILITATION HOSPITAL AND NURSING CARE CENTER,40.3528112230001,-74.6663108129999,0.7652032342540844,,,0000-0003-1097-1823,,,Q89832456,232,3324,education,6,1,6,False,0,0,0,0,,1995,2001,,2001.0,,0,0
https://openalex.org/A5049956486,A. Ramírez-Monroy,https://openalex.org/I721619,Benemérita Universidad Autónoma de Puebla,2011,2025,0000-0002-7245-7822,,,,,,,,,,,51,110,education,14,0,14,False,0,0,0,0,,2011,2025,,2025.0,,0,0
https://openalex.org/A5046045016,Barbara R. Barry,https://openalex.org/I149530613,Lynn University,2007,2013,0000-0003-3097-671X,BOCA RATON REGIONAL HOSPITAL,26.35873272,-80.102834805,3.5123102008410685,,,,,,Q75644982,26,77,education,6,0,6,False,0,0,0,0,,2007,2013,,2013.0,,0,0
https://openalex.org/A5051695689,J.D. Burger,https://openalex.org/I63966007,Massachusetts Institute of Technology,1980,2004,,SPAULDING HOSPITAL FOR CONTINUING MED CARE CAMBRIDGE,42.3753221040001,-71.106943456,0.1122862784625716,,,,,,,42,709,education,24,1,24,False,0,0,1,0,,1980,2004,,2004.0,,0,0
https://openalex.org/A5089264411,Andrew D. Barton,https://openalex.org/I36258959,"University of California, San Diego",2018,2025,0000-0002-6480-4433,NAVAL MEDICAL CENTER SAN DIEGO,32.7275202280001,-117.145937292,2.1936292796024657,1864.0,1941.0,,n50050658,,Q436699,70,2256,education,7,1,7,False,0,0,0,0,77.0,2018,2025,,1941.0,0.0,1,0
https://openalex.org/A5021229422,J. Bosse,https://openalex.org/I75951250,Freie Universität Berlin,1971,2017,0000-0002-7600-509X,,,,,1922.0,2013.0,,n82218284,,Q2917630,124,1881,education,46,1,46,False,0,0,1,0,91.0,1971,2017,49.0,2013.0,0.0,0,0
https://openalex.org/A5046036125,Aaron R. Van Dyke,https://openalex.org/I126350171,Fairfield University,2014,2025,0000-0002-6989-4394,ST VINCENT'S MEDICAL CENTER,41.2010451800001,-73.201702241,8.439601085488405,,,0000-0002-6989-4394,,Fairfield University,Q89446990,24,229,education,11,0,11,False,0,0,0,0,,2014,2025,,2025.0,,0,0
https://openalex.org/A5113579138,Y. Endoh,https://openalex.org/I201537933,Tohoku University,1986,2002,,,,,,,,,,,,63,514,education,16,0,16,False,0,0,1,0,,1986,2002,,2002.0,,0,0
https://openalex.org/A5030203661,Mu‐Hyun Baik,https://openalex.org/I4210119109,Indiana University Bloomington,2003,2018,0000-0002-8832-8187,INDIANA UNIVERSITY HEALTH BLOOMINGTON HOSPITAL,39.15989295,-86.539893595,1.311838998192859,,,0000-0002-8832-8187,,KAIST,Q41318296,651,14297,education,15,1,15,False,0,1,1,0,,2003,2026,,2026.0,,0,0
https://openalex.org/A5030203661,Mu‐Hyun Baik,https://openalex.org/I157485424,Korea Advanced Institute of Science and Technology,2015,2026,0000-0002-8832-8187,,,,,,,0000-0002-8832-8187,,KAIST,Q41318296,651,14297,education,11,1,11,False,0,1,1,0,,2003,2026,,2026.0,,0,0
https://openalex.org/A5065583280,Raphael J. F. Berger,https://openalex.org/I182212641,University of Salzburg,2011,2025,0000-0002-2284-0540,,,,,,,0000-0002-2284-0540,,,Q64039637,300,2991,education,14,1,14,False,0,1,1,0,,2001,2025,,2025.0,,0,0
https://openalex.org/A5065583280,Raphael J. F. Berger,https://openalex.org/I133731052,University of Helsinki,2001,2015,0000-0002-2284-0540,,,,,,,0000-0002-2284-0540,,,Q64039637,300,2991,education,14,1,14,False,0,1,1,0,,2001,2025,,2025.0,,0,0
https://openalex.org/A5101875434,Yancheng Lai,https://openalex.org/I4210137180,Institute of High Energy Physics,1998,2020,0009-0004-8444-7535,,,,,,,,,,,58,1381,facility,22,0,22,False,0,0,0,0,,1998,2020,,2020.0,,0,0
https://openalex.org/A5080504434,Kerry D. Walton,https://openalex.org/I57206974,New York University,1981,2022,0000-0003-2272-3878,NEW YORK-PRESBYTERIAN/LOWER MANHATTAN HOSPITAL,40.7105167880001,-74.0052978259999,0.4212931995566836,,,0000-0003-2272-3878,,Grossman School of Medicine,Q55300019,48,3868,education,41,0,41,False,0,0,1,0,,1981,2022,,2022.0,,0,0
https://openalex.org/A5077703270,Stefan Neufeind,https://openalex.org/I180923762,University of Cologne,2004,2011,,,,,,,,,,,,19,230,education,7,1,7,False,0,0,0,0,,2004,2011,,2011.0,,0,0
https://openalex.org/A5059836532,N. E. Tolbert,https://openalex.org/I87216513,Michigan State University,1958,1997,,EDWARD W SPARROW HOSPITAL,42.7340987050001,-84.535341876,4.216001314222071,,,,,,,260,22128,education,39,1,39,False,0,0,0,0,,1958,1997,,1997.0,,0,0
https://openalex.org/A5061422584,Jacques Steininger,https://openalex.org/I52357470,The Ohio State University,1997,2003,,GRANT MEDICAL CENTER,39.9609732750001,-82.991001983,0.6641611863192901,,,,,,,14,457,education,6,0,6,False,0,0,0,0,,1997,2003,,2003.0,,0,0
https://openalex.org/A5006861896,Alfred L.M. Bothwell,https://openalex.org/I32971472,Yale University,1973,2025,0000-0003-2477-2104,YALE-NEW HAVEN HOSPITAL,41.30469134,-72.9354136589999,0.7176389367718299,,,0000-0003-2477-2104,,Yale School of Medicine,Q91759450,256,11379,education,52,1,50,True,0,0,1,0,,1973,2025,,2025.0,,0,0
https://openalex.org/A5002063608,Patricia Hersh,https://openalex.org/I137902535,North Carolina State University,2007,2017,0000-0001-6887-962X,WAKEMED,35.784511348,-78.587901971,4.778060562524133,1973.0,,,n2016004555,University of Oregon,Q21816299,65,377,education,10,0,10,False,0,0,1,0,,2007,2017,34.0,2017.0,,0,0
https://openalex.org/A5000731301,Tobin J. Marks,https://openalex.org/I111979921,Northwestern University,1971,2025,0000-0001-8771-0141,PRESENCE ST FRANCIS HOSPITAL,42.0243893370001,-87.684568052,1.917023334551091,1944.0,,0000-0001-8771-0141,n79028230,Northwestern University,Q899214,2025,128184,education,54,1,50,True,0,0,1,0,,1971,2025,27.0,2025.0,,0,0
https://openalex.org/A5112582668,Masaki Ihara,https://openalex.org/I114531698,Tokyo Institute of Technology,1979,2006,,,,,,1986.0,,,,,Q11379177,109,5381,education,27,1,27,False,0,0,0,0,,1979,2021,,2021.0,,1,0
https://openalex.org/A5112582668,Masaki Ihara,https://openalex.org/I74801974,The University of Tokyo,2008,2014,,,,,,1986.0,,,,,Q11379177,109,5381,education,6,1,6,False,0,1,0,0,,1979,2021,,2021.0,,1,0
https://openalex.org/A5112582668,Masaki Ihara,https://openalex.org/I137975476,Shinshu University,2010,2021,,,,,,1986.0,,,,,Q11379177,109,5381,education,11,1,11,False,0,1,0,0,,1979,2021,,2021.0,,1,0
https://openalex.org/A5079246484,Pierre Moënne‐Loccoz,https://openalex.org/I165690674,Oregon Health & Science University,1997,2025,0000-0002-7684-7617,OREGON STATE HOSPITAL  PORTLAND,45.531706672,-122.664059055,1.3186585082881626,,,0000-0002-7684-7617,,Oregon Health and Science University,Q64349469,224,6385,education,28,1,28,False,0,0,1,0,,1997,2025,,2025.0,,0,0
https://openalex.org/A5012216430,S. Sen,https://openalex.org/I27804330,Brown University,2010,2022,0000-0002-9006-9698,RHODE ISLAND HOSPITAL,41.811881079,-71.409129255,1.3809352333283151,,,0000-0002-9006-9698,,University of Wisconsin–La Crosse,Q57034039,91,2282,education,12,1,12,False,0,1,0,0,,2010,2025,,2025.0,,0,0
https://openalex.org/A5012216430,S. Sen,https://openalex.org/I4657992,University of Wisconsin–La Crosse,2019,2025,0000-0002-9006-9698,MAYO CLINIC HLTH SYSTEM- FRANCISCAN MED CTR,43.803947932,-91.240304033,1.402750472506302,,,0000-0002-9006-9698,,University of Wisconsin–La Crosse,Q57034039,91,2282,education,6,1,6,False,0,1,0,0,,2010,2025,,2025.0,,0,0
https://openalex.org/A5009128954,Jin‐Kuk Kim,https://openalex.org/I4575257,Hanyang University,2005,2025,0000-0003-0564-3294,,,,,,,,,,,171,5408,education,20,1,20,False,0,0,1,0,,2005,2025,,2025.0,,0,0
https://openalex.org/A5001839639,Kalyan Talluri,https://openalex.org/I170486558,Pompeu Fabra University,1996,2014,0000-0003-1608-6403,,,,,,,0000-0003-1608-6403,n2004094177,,Q102175292,90,5167,education,18,0,18,False,0,0,0,0,,1996,2025,,2025.0,,0,0
https://openalex.org/A5001839639,Kalyan Talluri,https://openalex.org/I47508984,Imperial College London,2015,2025,0000-0003-1608-6403,,,,,,,0000-0003-1608-6403,n2004094177,,Q102175292,90,5167,education,10,0,10,False,0,0,0,0,,1996,2025,,2025.0,,0,0
https://openalex.org/A5056095913,David P. DiVincenzo,https://openalex.org/I154570441,"University of California, Santa Barbara",1992,1998,0000-0003-4332-645X,SANTA BARBARA COTTAGE HOSPITAL,34.429466689,-119.723809039,2.5384727841850334,1959.0,,0000-0003-4332-645X,n91089363,RWTH Aachen University,Q22004074,346,46976,education,6,1,6,False,0,1,1,0,,1980,2024,21.0,2024.0,,0,0
https://openalex.org/A5056095913,David P. DiVincenzo,https://openalex.org/I63966007,Massachusetts Institute of Technology,1988,1995,0000-0003-4332-645X,SPAULDING HOSPITAL FOR CONTINUING MED CARE CAMBRIDGE,42.3753221040001,-71.106943456,0.1122862784625716,1959.0,,0000-0003-4332-645X,n91089363,RWTH Aachen University,Q22004074,346,46976,education,7,1,7,False,0,1,1,0,,1980,2024,21.0,2024.0,,0,0
https://openalex.org/A5056095913,David P. DiVincenzo,https://openalex.org/I79576946,University of Pennsylvania,1980,1989,0000-0003-4332-645X,MAGEE REHABILITATION HOSPITAL,39.9568141240001,-75.16527023,0.5127238287837673,1959.0,,0000-0003-4332-645X,n91089363,RWTH Aachen University,Q22004074,346,46976,education,9,1,9,False,0,1,1,0,,1980,2024,21.0,2024.0,,0,0
https://openalex.org/A5056095913,David P. DiVincenzo,https://openalex.org/I98358874,Delft University of Technology,2004,2024,0000-0003-4332-645X,,,,,1959.0,,0000-0003-4332-645X,n91089363,RWTH Aachen University,Q22004074,346,46976,education,20,1,20,False,0,0,1,0,,1980,2024,21.0,2024.0,,0,0
https://openalex.org/A5100456929,Xiaoli Wang,https://openalex.org/I87445476,Xi'an Jiaotong University,1985,2025,0000-0003-3608-7163,,,,,,,0000-0003-3608-7163,,Yantai University,Q89509422,676,11265,education,40,1,40,False,0,0,1,0,,1985,2025,,2025.0,,0,0
https://openalex.org/A5019257658,B.S. Johnston,https://openalex.org/I2799909505,Savannah River National Laboratory,1986,2008,,AIKEN REGIONAL MEDICAL CENTER,33.571197892,-81.761802981,4.094081083863155,,,,,,,15,78,facility,22,0,22,False,0,0,0,0,,1986,2008,,2008.0,,0,0
https://openalex.org/A5046289258,Arun Paidimarri,https://openalex.org/I4210114115,IBM Research - Thomas J. Watson Research Center,2017,2025,0000-0003-0493-337X,NORTHERN WESTCHESTER HOSPITAL,41.1970540820001,-73.725700752,9.292005581996843,,,,,,,54,1047,facility,8,0,8,False,0,0,0,0,,2017,2025,,2025.0,,0,0
https://openalex.org/A5007422726,David Romer,https://openalex.org/I95457486,"University of California, Berkeley",1987,2024,,ALTA BATES SUMMIT MED CTR-HERRICK CAMPUS,37.8644118560001,-122.268577616,0.8781923132251,1958.0,,,nr88012024,Princeton University,Q1176380,153,18547,education,37,1,37,False,0,0,0,0,,1987,2024,29.0,2024.0,,0,0
https://openalex.org/A5082968092,Randall J. Margolis,https://openalex.org/I136199984,Harvard University,1986,1998,,SPAULDING HOSPITAL FOR CONTINUING MED CARE CAMBRIDGE,42.3753221040001,-71.106943456,0.1122862784625716,,,,,,,39,2506,education,12,0,12,False,0,0,1,0,,1986,1998,,1998.0,,0,0
https://openalex.org/A5064778502,Douglas McCormick,https://openalex.org/I97018004,Stanford University,1985,2012,0000-0001-5693-9234,STANFORD HOSPITAL,37.4346524360001,-122.174883097,1.4065651567623634,,,,,,,262,1905,education,27,1,27,False,0,0,1,0,,1985,2012,,2012.0,,0,0
https://openalex.org/A5108265908,David Cain,https://openalex.org/I45129253,University College London,2010,2019,,,,,,1951.0,,,,,Q1173818,21,536,education,9,1,9,False,0,0,0,0,,2010,2019,,2019.0,,1,0
https://openalex.org/A5055333897,Daniel S. Sax,https://openalex.org/I111088046,Boston University,1972,2001,,SHRINERS' HOSPITAL FOR CHILDREN,42.3630925480001,-71.066301879,0.746205054066919,,,0000-0001-7152-7780,,,Q90713461,61,4047,education,29,1,29,False,0,0,1,0,,1972,2001,,2001.0,,0,0
https://openalex.org/A5008947058,Michael G. Giacomelli,https://openalex.org/I63966007,Massachusetts Institute of Technology,2013,2021,0000-0002-2570-0770,SPAULDING HOSPITAL FOR CONTINUING MED CARE CAMBRIDGE,42.3753221040001,-71.106943456,0.1122862784625716,,,0000-0002-2570-0770,,University of Rochester,Q88059559,112,1378,education,8,0,8,False,0,1,1,0,,2013,2025,,2025.0,,0,0
https://openalex.org/A5008947058,Michael G. Giacomelli,https://openalex.org/I5388228,University of Rochester,2018,2025,0000-0002-2570-0770,THE UNITY HOSPITAL OF ROCHESTER-ST MARYS CAMPUS,43.148695284,-77.637099746,1.873628521482556,,,0000-0002-2570-0770,,University of Rochester,Q88059559,112,1378,education,7,0,7,False,0,1,1,0,,2013,2025,,2025.0,,0,0
https://openalex.org/A5054311085,Hend Alrasheed,https://openalex.org/I28022161,King Saud University,2018,2025,0000-0002-8649-5926,,,,,,,0000-0002-8649-5926,,King Saud University,Q101047161,36,294,education,7,0,7,False,0,0,0,0,,2018,2025,,2025.0,,0,0
https://openalex.org/A5100336904,Jing Li,https://openalex.org/I139660479,Central South University,2004,2023,0000-0002-2414-8523,,,,,,,0000-0002-2414-8523,,Massachusetts Institute of Technology,Q81396727,92,1931,education,19,1,19,False,0,0,1,0,,2004,2023,,2023.0,,0,0
https://openalex.org/A5068134014,Nafees Ahemad,https://openalex.org/I11662577,Monash University Malaysia,2018,2025,0000-0002-5164-1970,,,,,,,0000-0002-5164-1970,,Monash University Malaysia,Q87904404,105,1464,education,7,0,7,False,0,0,0,0,,2018,2025,,2025.0,,0,0
https://openalex.org/A5020302211,David Ruben,https://openalex.org/I63966007,Massachusetts Institute of Technology,1971,2011,,SPAULDING HOSPITAL FOR CONTINUING MED CARE CAMBRIDGE,42.3753221040001,-71.106943456,0.1122862784625716,1949.0,,,no2009083600,Carlyle Group,Q3018737,44,6249,education,40,1,40,False,0,0,1,0,,1971,2011,22.0,2011.0,,0,0
https://openalex.org/A5101544145,Michael C. Johnson,https://openalex.org/I121980950,Utah State University,2004,2022,0000-0003-2910-4551,LOGAN REGIONAL HOSPITAL,41.7556806430001,-111.822183161,2.463007787401624,,,,,"University of Nevada, Reno School of Medicine",Q87590731,50,757,education,18,0,18,False,0,0,1,0,,2004,2022,,2022.0,,0,0
https://openalex.org/A5112836709,Joachım Herrmann,https://openalex.org/I76198965,Friedrich Schiller University Jena,1972,1992,,,,,,1928.0,1992.0,,n82256887,Berliner Zeitung,Q109175,557,7212,education,20,1,20,False,0,0,1,0,64.0,1972,1992,44.0,1992.0,0.0,0,0
https://openalex.org/A5070019674,Kewen Lei,https://openalex.org/I24943067,Fudan University,2015,2022,0000-0002-3586-682X,,,,,,,0000-0002-3586-682X,,Massachusetts Institute of Technology,Q91021120,23,928,education,7,0,7,False,0,0,0,0,,2015,2022,,2022.0,,0,0
https://openalex.org/A5069719269,Pehr B. Harbury,https://openalex.org/I136199984,Harvard University,1988,1994,0000-0002-3657-5485,SPAULDING HOSPITAL FOR CONTINUING MED CARE CAMBRIDGE,42.3753221040001,-71.106943456,0.1122862784625716,1965.0,,0000-0002-3657-5485,no2010078339,Stanford University,Q7160865,60,7919,education,6,1,6,False,0,0,0,0,,1988,2020,23.0,2020.0,,0,0
https://openalex.org/A5069719269,Pehr B. Harbury,https://openalex.org/I97018004,Stanford University,1998,2020,0000-0002-3657-5485,STANFORD HOSPITAL,37.4346524360001,-122.174883097,1.4065651567623634,1965.0,,0000-0002-3657-5485,no2010078339,Stanford University,Q7160865,60,7919,education,22,1,22,False,0,0,0,0,,1988,2020,23.0,2020.0,,0,0
https://openalex.org/A5002675749,Yaniv Almog,https://openalex.org/I121820613,Louisiana State University,2005,2021,0000-0002-5008-0200,BATON ROUGE GENERAL MEDICAL CENTER (MID-CITY),30.4495340920001,-91.153153918,3.361377799448269,,,0000-0002-5008-0200,,Louisiana State University,Q83020099,57,474,education,16,0,16,False,0,1,0,0,,1993,2025,,2025.0,,0,0
https://openalex.org/A5002675749,Yaniv Almog,https://openalex.org/I174306211,Technion – Israel Institute of Technology,1993,2005,0000-0002-5008-0200,,,,,,,0000-0002-5008-0200,,Louisiana State University,Q83020099,57,474,education,12,0,12,False,0,0,0,0,,1993,2025,,2025.0,,0,0
https://openalex.org/A5002675749,Yaniv Almog,https://openalex.org/I231622532,ORT Braude College,2019,2025,0000-0002-5008-0200,,,,,,,0000-0002-5008-0200,,Louisiana State University,Q83020099,57,474,education,6,0,6,False,0,1,0,0,,1993,2025,,2025.0,,0,0
https://openalex.org/A5091145044,Shou-Kong Fan,https://openalex.org/I74760111,Texas Instruments (United States),1987,2002,0000-0001-7992-4238,TEXAS SCOTTISH RITE HOSPITAL FOR CHILDREN,32.8019769000001,-96.81431331,2.221486976455084,,,,,,,22,396,company,15,0,15,False,0,0,0,0,,1987,2002,,2002.0,,0,0
https://openalex.org/A5060750457,Tatsuya Arai,https://openalex.org/I159385669,Chiba University,1978,2000,0000-0002-2328-9519,,,,,,,0000-0002-2328-9519,,Hokkaido University,Q90395204,158,1965,education,22,1,22,False,0,0,1,0,,1978,2025,,2025.0,,0,0
https://openalex.org/A5060750457,Tatsuya Arai,https://openalex.org/I74801974,The University of Tokyo,2003,2025,0000-0002-2328-9519,,,,,,,0000-0002-2328-9519,,Hokkaido University,Q90395204,158,1965,education,22,1,22,False,0,0,1,0,,1978,2025,,2025.0,,0,0
https://openalex.org/A5045801671,Thad﻿ Starner﻿﻿,https://openalex.org/I130701444,Georgia Institute of Technology,1999,2025,0000-0001-8442-7842,GRADY MEMORIAL HOSPITAL,33.751988554,-84.3817915719999,0.6616538728322765,,,0000-0001-8442-7842,,,Q131019536,356,20910,education,26,1,26,False,0,0,1,0,,1999,2025,,2025.0,,0,0
https://openalex.org/A5103269921,Benjamin Golub,https://openalex.org/I97018004,Stanford University,2009,2023,0009-0002-6743-8018,STANFORD HOSPITAL,37.4346524360001,-122.174883097,1.4065651567623634,,,0009-0002-6743-8018,,,Q130890316,85,3918,education,14,1,14,False,0,0,1,0,,2009,2023,,2023.0,,0,0
https://openalex.org/A5079636857,Bernd Rolauffs,https://openalex.org/I22465464,University of Münster,1997,2003,0000-0002-3275-8196,,,,,1969.0,,0000-0002-3275-8196,,,Q61150023,152,4744,education,6,0,6,False,0,0,1,0,,1997,2025,28.0,2025.0,,0,0
https://openalex.org/A5079636857,Bernd Rolauffs,https://openalex.org/I161046081,University of Freiburg,2016,2025,0000-0002-3275-8196,,,,,1969.0,,0000-0002-3275-8196,,,Q61150023,152,4744,education,9,0,9,False,0,1,1,0,,1997,2025,28.0,2025.0,,0,0
https://openalex.org/A5079636857,Bernd Rolauffs,https://openalex.org/I63966007,Massachusetts Institute of Technology,2004,2017,0000-0002-3275-8196,SPAULDING HOSPITAL FOR CONTINUING MED CARE CAMBRIDGE,42.3753221040001,-71.106943456,0.1122862784625716,1969.0,,0000-0002-3275-8196,,,Q61150023,152,4744,education,13,0,13,False,0,1,1,0,,1997,2025,28.0,2025.0,,0,0
https://openalex.org/A5072113162,Christopher J. Chang,https://openalex.org/I63966007,Massachusetts Institute of Technology,1999,2020,0000-0001-5732-9497,SPAULDING HOSPITAL FOR CONTINUING MED CARE CAMBRIDGE,42.3753221040001,-71.106943456,0.1122862784625716,1974.0,,0000-0001-5732-9497,,"University of California, Berkeley",Q5112083,558,55282,education,21,1,21,False,0,0,1,0,,1999,2020,25.0,2020.0,,0,0
https://openalex.org/A5087656467,Steven O. Smith,https://openalex.org/I59553526,Stony Brook University,1999,2025,0000-0003-1861-7159,STONY BROOK UNIVERSITY MEDICAL CENTER,40.909194455,-73.115678223,2.802397004474364,,,0000-0003-1861-7159,,Stony Brook University,Q87816933,225,15923,education,26,0,26,False,0,0,1,0,,1999,2025,,2025.0,,0,0
https://openalex.org/A5113308487,A. D. Johnson,https://openalex.org/I63966007,Massachusetts Institute of Technology,1987,1995,,SPAULDING HOSPITAL FOR CONTINUING MED CARE CAMBRIDGE,42.3753221040001,-71.106943456,0.1122862784625716,1956.0,2009.0,,,,Q124447305,78,2010,education,8,1,8,False,0,0,0,0,53.0,1987,1995,31.0,1995.0,14.0,0,0
https://openalex.org/A5043695651,Azza H. Idris,https://openalex.org/I98704320,Icahn School of Medicine at Mount Sinai,1995,2001,0000-0003-1847-5488,NEW YORK-PRESBYTERIAN/LOWER MANHATTAN HOSPITAL,40.7105167880001,-74.0052978259999,0.4212931995566836,,,,,,Q125313324,41,1806,education,6,1,6,False,0,0,0,0,,1995,2001,,2001.0,,0,0
https://openalex.org/A5014453742,Steven S. Shen,https://openalex.org/I205783295,Cornell University,1997,2025,0000-0001-7725-1260,CAYUGA MEDICAL CENTER,42.4689850720001,-76.537484161,4.602820788088144,,,0000-0001-7725-1260,,Grossman School of Medicine,Q43125095,377,16554,education,28,1,28,False,0,0,1,0,,1997,2025,,2025.0,,0,0
https://openalex.org/A5094304841,Franz Stückle,https://openalex.org/I63966007,Massachusetts Institute of Technology,1828,2022,,SPAULDING HOSPITAL FOR CONTINUING MED CARE CAMBRIDGE,42.3753221040001,-71.106943456,0.1122862784625716,,,,,,,505,45,education,194,1,50,True,0,1,1,1,,1828,2024,,2024.0,,0,0
https://openalex.org/A5094304841,Franz Stückle,https://openalex.org/I8087733,University of Tübingen,2018,2024,,,,,,,,,,,,505,45,education,6,1,6,False,0,1,1,1,,1828,2024,,2024.0,,0,0
https://openalex.org/A5056045578,J. Gustav Smith,https://openalex.org/I187531555,Lund University,2009,2025,,,,,,1957.0,,,no99085789,,Q452979,23,2198,education,16,1,16,False,0,0,1,0,,2009,2025,,2025.0,,1,0
https://openalex.org/A5074802129,Paul R. Harnett,https://openalex.org/I129604602,University of Sydney,1987,2022,0000-0001-7021-0642,,,,,,,0000-0001-7021-0642,,,Q42873365,323,8995,education,35,1,35,False,0,0,1,0,,1987,2022,,2022.0,,0,0
https://openalex.org/A5075844368,François‐Xavier Mahon,https://openalex.org/I15057530,Université de Bordeaux,1993,2024,0000-0003-1545-6775,,,,,,,,,,,366,12533,education,31,1,31,False,0,0,1,0,,1993,2024,,2024.0,,0,0
https://openalex.org/A5042327256,Mary Madden,https://openalex.org/I1299303238,National Institutes of Health,1982,1994,0000-0002-3898-125X,SUBURBAN HOSPITAL,38.997402483,-77.110318402,2.053641188149969,,,0000-0002-3898-125X,,,Q90135400,17,948,government,12,0,12,False,0,0,0,0,,1982,1994,,1994.0,,0,0
https://openalex.org/A5070297171,Kuno Wyler-Duda,https://openalex.org/I63966007,Massachusetts Institute of Technology,2001,2015,,SPAULDING HOSPITAL FOR CONTINUING MED CARE CAMBRIDGE,42.3753221040001,-71.106943456,0.1122862784625716,,,,,,,4,349,education,14,0,14,False,0,0,0,0,,2001,2015,,2015.0,,0,0
https://openalex.org/A5030238375,Y. Hara,https://openalex.org/I63966007,Massachusetts Institute of Technology,1994,2005,,SPAULDING HOSPITAL FOR CONTINUING MED CARE CAMBRIDGE,42.3753221040001,-71.106943456,0.1122862784625716,1905.0,1944.0,,no2010057111,Jagiellonian University,Q10969072,7,230,education,11,1,11,False,0,0,0,0,39.0,1994,2005,,1944.0,0.0,1,0
https://openalex.org/A5050822865,Shunji Nakano,https://openalex.org/I60134161,Nagoya University,2002,2025,0000-0002-6565-9450,,,,,,,0000-0002-6565-9450,,Nagoya University,Q77373092,72,2131,education,23,0,23,False,0,0,1,0,,2002,2025,,2025.0,,0,0
https://openalex.org/A5059740876,F. W. Hersman,https://openalex.org/I161057412,University of New Hampshire,1984,2024,,WENTWORTH-DOUGLASS HOSPITAL,43.2132269740001,-70.8741076379999,9.78212716777411,,,,,,,232,10364,education,40,1,40,False,0,0,1,0,,1984,2024,,2024.0,,0,0
https://openalex.org/A5101054627,Sung-Jin Ahn,https://openalex.org/I2250650973,Samsung (South Korea),2002,2022,,,,,,,,,,,Q68761767,26,1557,company,20,0,20,False,0,0,0,0,,2002,2022,,2022.0,,0,0
https://openalex.org/A5018631559,David B. Nieborg,https://openalex.org/I185261750,University of Toronto,2016,2025,0000-0002-3498-789X,,,,,1980.0,,0000-0002-3498-789X,,University of Toronto,Q92461786,84,4380,education,9,0,9,False,0,1,1,0,,2007,2025,27.0,2025.0,,0,0
https://openalex.org/A5018631559,David B. Nieborg,https://openalex.org/I887064364,University of Amsterdam,2007,2019,0000-0002-3498-789X,,,,,1980.0,,0000-0002-3498-789X,,University of Toronto,Q92461786,84,4380,education,12,0,12,False,0,1,1,0,,2007,2025,27.0,2025.0,,0,0
https://openalex.org/A5042183595,Peter B. Rahl,https://openalex.org/I4210157710,Whitehead Institute for Biomedical Research,2008,2018,0000-0001-8932-9483,SPAULDING HOSPITAL FOR CONTINUING MED CARE CAMBRIDGE,42.3753221040001,-71.106943456,0.1120092156130309,1940.0,,,,,Q71291902,63,17294,facility,10,0,10,False,0,0,0,0,,2008,2018,,2018.0,,1,0
https://openalex.org/A5079541460,Jong‐In Hong,https://openalex.org/I139264467,Seoul National University,1995,2024,0000-0001-7831-8834,,,,,,,0000-0001-7831-8834,,Seoul National University,Q88867367,273,9402,education,29,0,29,False,0,0,1,0,,1995,2024,,2024.0,,0,0
https://openalex.org/A5021249331,Gang Han,https://openalex.org/I165932596,National University of Singapore,1997,2021,0000-0001-8943-569X,,,,,,,0000-0001-8943-569X,,Massachusetts Institute of Technology,Q43325135,169,8353,education,24,1,24,False,0,0,0,0,,1997,2021,,2021.0,,0,0
https://openalex.org/A5035765529,Rosalie M. Uchanski,https://openalex.org/I63966007,Massachusetts Institute of Technology,1981,2002,0000-0002-7904-0202,SPAULDING HOSPITAL FOR CONTINUING MED CARE CAMBRIDGE,42.3753221040001,-71.106943456,0.1122862784625716,,,,,,,59,1657,education,21,1,21,False,0,0,1,0,,1981,2025,,2025.0,,0,0
https://openalex.org/A5035765529,Rosalie M. Uchanski,https://openalex.org/I204465549,Washington University in St. Louis,2004,2025,0000-0002-7904-0202,VA MEDICAL CENTER - JOHN COCHRAN DIVISION,38.6423845620001,-90.2312485419999,3.34963558672706,,,,,,,59,1657,education,21,1,21,False,0,0,1,0,,1981,2025,,2025.0,,0,0
https://openalex.org/A5060128223,Mehmet Z. Sengun,https://openalex.org/I63966007,Massachusetts Institute of Technology,1989,1997,,SPAULDING HOSPITAL FOR CONTINUING MED CARE CAMBRIDGE,42.3753221040001,-71.106943456,0.1122862784625716,,,,,,,10,352,education,8,0,8,False,0,0,0,0,,1989,1997,,1997.0,,0,0
https://openalex.org/A5108546661,Gyunghoon Kang,https://openalex.org/I63966007,Massachusetts Institute of Technology,2015,2024,,SPAULDING HOSPITAL FOR CONTINUING MED CARE CAMBRIDGE,42.3753221040001,-71.106943456,0.1122862784625716,,,0000-0003-2117-3528,,,Q90689949,14,712,education,9,0,9,False,0,0,0,0,,2015,2024,,2024.0,,0,0
https://openalex.org/A5049568908,Daniel M. Kim,https://openalex.org/I63966007,Massachusetts Institute of Technology,2016,2024,0000-0001-6033-4975,SPAULDING HOSPITAL FOR CONTINUING MED CARE CAMBRIDGE,42.3753221040001,-71.106943456,0.1122862784625716,,,0000-0001-6033-4975,,Harvard University,Q88538438,6,63,education,8,0,8,False,0,0,0,0,,2016,2024,,2024.0,,0,0
https://openalex.org/A5007929630,Thelma Estrin,https://openalex.org/I161318765,"University of California, Los Angeles",1964,2005,,LOS ANGELES AMBULATORY CARE CENTER,34.052015037,-118.238420471,0.4851399769279164,1924.0,2014.0,,,"University of California, Los Angeles",Q11588,33,275,education,41,0,41,False,0,0,0,0,90.0,1964,2005,40.0,2005.0,9.0,0,0
https://openalex.org/A5057187872,Ben Z. Stanger,https://openalex.org/I79576946,University of Pennsylvania,2007,2025,0000-0003-0410-4037,MAGEE REHABILITATION HOSPITAL,39.9568141240001,-75.16527023,0.5127238287837673,,,0000-0003-0410-4037,no2023094519,University of Pennsylvania,Q59692082,854,38174,education,18,1,18,False,0,0,1,0,,1990,2025,,2025.0,,0,0
https://openalex.org/A5057187872,Ben Z. Stanger,https://openalex.org/I136199984,Harvard University,1990,2007,0000-0003-0410-4037,SPAULDING HOSPITAL FOR CONTINUING MED CARE CAMBRIDGE,42.3753221040001,-71.106943456,0.1122862784625716,,,0000-0003-0410-4037,no2023094519,University of Pennsylvania,Q59692082,854,38174,education,17,1,17,False,0,0,1,0,,1990,2025,,2025.0,,0,0
https://openalex.org/A5032589723,Chu‐Yung Chen,https://openalex.org/I157725225,University of Illinois Urbana-Champaign,1983,2004,,THE CARLE FOUNDATION HOSPITAL,40.117041763,-88.2149486599999,0.9700766454096008,,,,,,,14,1204,education,21,0,21,False,0,0,0,0,,1983,2004,,2004.0,,0,0
https://openalex.org/A5009079390,A. L. Utz,https://openalex.org/I121934306,Tufts University,1998,2020,0000-0002-6525-594X,HALLMARK HEALTH SYSTEM - LAWRENCE MEMORIAL HOSPITAL CAMPUS,42.4259,-71.1114,0.93538265332939,,,0000-0002-6525-594X,,,Q88798351,48,2550,education,22,1,22,False,0,0,0,0,,1988,2020,,2020.0,,0,0
https://openalex.org/A5009079390,A. L. Utz,https://openalex.org/I63966007,Massachusetts Institute of Technology,1992,1998,0000-0002-6525-594X,SPAULDING HOSPITAL FOR CONTINUING MED CARE CAMBRIDGE,42.3753221040001,-71.106943456,0.1122862784625716,,,0000-0002-6525-594X,,,Q88798351,48,2550,education,6,1,6,False,0,1,0,0,,1988,2020,,2020.0,,0,0
https://openalex.org/A5009079390,A. L. Utz,https://openalex.org/I135310074,University of Wisconsin–Madison,1988,1995,0000-0002-6525-594X,SELECT SPECIALTY HOSPITAL MADISON,43.0659334370001,-89.399383385,0.8054172583771614,,,0000-0002-6525-594X,,,Q88798351,48,2550,education,7,1,7,False,0,1,0,0,,1988,2020,,2020.0,,0,0
https://openalex.org/A5009866562,Simone Deparis,https://openalex.org/I5124864,École Polytechnique Fédérale de Lausanne,2003,2025,0000-0002-2832-6630,,,,,,,0000-0002-2832-6630,,,Q57306080,97,2236,education,22,0,22,False,0,0,0,0,,2003,2025,,2025.0,,0,0
https://openalex.org/A5042721881,Eugene C. Freuder,https://openalex.org/I161057412,University of New Hampshire,1977,2009,0000-0002-1467-5012,WENTWORTH-DOUGLASS HOSPITAL,43.2132269740001,-70.8741076379999,9.78212716777411,1945.0,,0000-0002-1467-5012,n93053930,,Q102234890,196,6541,education,32,0,32,False,0,0,1,0,,1977,2009,32.0,2009.0,,0,0
https://openalex.org/A5041360701,Patrick Bell,https://openalex.org/I4210122954,MIT Lincoln Laboratory,2008,2020,,EDITH NOURSE ROGERS MEMORIAL VETERANS HOSPITAL,42.5047,-71.2744,5.115214964917183,,,,,,Q7143213,20,179,facility,12,0,12,False,0,0,0,0,,2008,2020,,2020.0,,0,0
https://openalex.org/A5027558823,Jae Soo Kim,https://openalex.org/I31419693,Kyungpook National University,2006,2020,0000-0003-4101-8058,,,,,,,0000-0003-4101-8058,,,Q93166254,203,742,education,14,0,14,False,0,0,1,0,,1997,2020,,2020.0,,0,0
https://openalex.org/A5027558823,Jae Soo Kim,https://openalex.org/I4210091148,Gyeongsang National University Hospital,1997,2005,0000-0003-4101-8058,,,,,,,0000-0003-4101-8058,,,Q93166254,203,742,healthcare,8,0,8,False,0,0,1,0,,1997,2020,,2020.0,,0,0
https://openalex.org/A5005228310,B. Dasgupta,https://openalex.org/I82495205,University of Alabama in Huntsville,2009,2018,,"HUNTSVILLE HOSPITAL, THE",34.721433099,-86.580805509,1.1018830578230654,,,,,,,189,2374,education,9,1,9,False,0,0,0,0,,2009,2018,,2018.0,,0,0
https://openalex.org/A5066858535,Lance G. Joneckis,https://openalex.org/I66946132,"University of Maryland, College Park",1988,2002,,SAINT LUKE INSTITUTE,39.002567964,-76.980022199,4.45031974460681,,,,,,,23,582,education,14,1,14,False,0,0,0,0,,1988,2002,,2002.0,,0,0
https://openalex.org/A5015485130,L. Parad,https://openalex.org/I4210122954,MIT Lincoln Laboratory,2002,2013,,EDITH NOURSE ROGERS MEMORIAL VETERANS HOSPITAL,42.5047,-71.2744,5.115214964917183,,,,,,,16,408,facility,11,0,11,False,0,0,0,0,,2002,2013,,2013.0,,0,0
https://openalex.org/A5068796575,J. C. Hosea,https://openalex.org/I20089843,Princeton University,1969,2015,,MERWICK REHABILITATION HOSPITAL AND NURSING CARE CENTER,40.3528112230001,-74.6663108129999,0.7652032342540844,,,,,,,185,2524,education,46,1,46,False,0,0,1,0,,1969,2015,,2015.0,,0,0
https://openalex.org/A5070083497,Manasi Deshpande,https://openalex.org/I40347166,University of Chicago,2016,2025,,MERCY HOSPITAL AND MEDICAL CENTER,41.8468895830001,-87.621491598,2.3911404464142096,,,,,,Q102616274,53,1136,education,9,1,9,False,0,0,0,0,,2016,2025,,2025.0,,0,0
https://openalex.org/A5022620260,Karen Zee,https://openalex.org/I63966007,Massachusetts Institute of Technology,2002,2010,,SPAULDING HOSPITAL FOR CONTINUING MED CARE CAMBRIDGE,42.3753221040001,-71.106943456,0.1122862784625716,,,,,,,21,574,education,8,0,8,False,0,0,0,0,,2002,2010,,2010.0,,0,0
https://openalex.org/A5017750412,Hyodong Lee,https://openalex.org/I63966007,Massachusetts Institute of Technology,2018,2024,,SPAULDING HOSPITAL FOR CONTINUING MED CARE CAMBRIDGE,42.3753221040001,-71.106943456,0.1122862784625716,,,,,,,7,103,education,6,0,6,False,0,0,0,0,,2018,2024,,2024.0,,0,0
https://openalex.org/A5057563096,Michael F. Murray,https://openalex.org/I32971472,Yale University,2008,2023,,YALE-NEW HAVEN HOSPITAL,41.30469134,-72.9354136589999,0.7176389367718299,1911.0,1995.0,,n91003094,,Q956867,138,10090,education,15,0,15,False,0,0,1,0,84.0,2008,2023,,1995.0,0.0,1,0
https://openalex.org/A5027575648,Jeremy D. Schnittman,https://openalex.org/I63966007,Massachusetts Institute of Technology,2001,2025,0000-0002-2942-8399,SPAULDING HOSPITAL FOR CONTINUING MED CARE CAMBRIDGE,42.3753221040001,-71.106943456,0.1122862784625716,,,0000-0002-2942-8399,,National Aeronautics and Space Administration,Q58329908,149,3058,education,24,1,24,False,0,0,1,0,,2001,2025,,2025.0,,0,0
https://openalex.org/A5103288723,Lee F. Peng,https://openalex.org/I136199984,Harvard University,1997,2016,,SPAULDING HOSPITAL FOR CONTINUING MED CARE CAMBRIDGE,42.3753221040001,-71.106943456,0.1122862784625716,1938.0,,,n87904206,,Q27978925,37,3349,education,19,1,19,False,0,0,1,0,,1997,2016,,2016.0,,1,0
https://openalex.org/A5110156970,H. Kanbe,https://openalex.org/I2800381926,Musashino Academia Musicae,1973,1984,,,,,,,,,,,,59,934,education,11,1,11,False,0,0,0,0,,1973,2008,,2008.0,,0,0
https://openalex.org/A5110156970,H. Kanbe,https://openalex.org/I35568498,Kochi University of Technology,1998,2008,,,,,,,,,,,,59,934,education,10,1,10,False,0,0,0,0,,1973,2008,,2008.0,,0,0
https://openalex.org/A5024650749,Dan Novy,https://openalex.org/I63966007,Massachusetts Institute of Technology,2012,2021,0000-0003-3440-3409,SPAULDING HOSPITAL FOR CONTINUING MED CARE CAMBRIDGE,42.3753221040001,-71.106943456,0.1122862784625716,,,,,,,9,343,education,9,1,9,False,0,0,0,0,,2012,2021,,2021.0,,0,0
https://openalex.org/A5086954515,Ithiel de Sola Pool,https://openalex.org/I63966007,Massachusetts Institute of Technology,1955,2023,,SPAULDING HOSPITAL FOR CONTINUING MED CARE CAMBRIDGE,42.3753221040001,-71.106943456,0.1122862784625716,1917.0,1984.0,,n50023977,Stanford University,Q6094597,237,8460,education,68,0,50,True,0,0,0,0,67.0,1955,2023,38.0,1984.0,0.0,0,0
https://openalex.org/A5035593642,Christine Jesser,https://openalex.org/I136199984,Harvard University,1999,2008,0000-0002-7986-9184,SPAULDING HOSPITAL FOR CONTINUING MED CARE CAMBRIDGE,42.3753221040001,-71.106943456,0.1122862784625716,,,,,,,29,1590,education,9,0,9,False,0,0,0,0,,1999,2008,,2008.0,,0,0
https://openalex.org/A5076165491,W. A. Kamitakahara,https://openalex.org/I79576946,University of Pennsylvania,1983,1998,,MAGEE REHABILITATION HOSPITAL,39.9568141240001,-75.16527023,0.5127238287837673,,,,,,,98,3065,education,15,1,15,False,0,0,1,0,,1983,1998,,1998.0,,0,0
https://openalex.org/A5003247919,Ronald G. Prinn,https://openalex.org/I63966007,Massachusetts Institute of Technology,1970,2026,0000-0001-5925-3801,SPAULDING HOSPITAL FOR CONTINUING MED CARE CAMBRIDGE,42.3753221040001,-71.106943456,0.1122862784625716,1945.0,,0000-0001-5925-3801,n83186096,,Q100416157,569,36905,education,56,1,50,True,0,0,0,0,,1970,2026,25.0,2026.0,,0,0
https://openalex.org/A5028181118,Peter Kner,https://openalex.org/I33213144,University of Florida,1996,2008,0000-0001-7555-5180,SHANDS HOSPITAL,29.639990133,-82.342864823,2.170901615578337,,,0000-0001-7555-5180,,University of Georgia,Q90611221,134,5194,education,12,0,12,False,0,0,1,0,,1996,2025,,2025.0,,0,0
https://openalex.org/A5028181118,Peter Kner,https://openalex.org/I165733156,University of Georgia,2010,2025,0000-0001-7555-5180,ATHENS REGIONAL MED CENTER,33.961292466,-83.397945072,1.8456494249278688,,,0000-0001-7555-5180,,University of Georgia,Q90611221,134,5194,education,15,0,15,False,0,0,1,0,,1996,2025,,2025.0,,0,0
https://openalex.org/A5112661625,Luke Sato,https://openalex.org/I136199984,Harvard University,1994,2024,,SPAULDING HOSPITAL FOR CONTINUING MED CARE CAMBRIDGE,42.3753221040001,-71.106943456,0.1122862784625716,,,,,,Q125348823,37,1107,education,30,1,30,False,0,0,1,0,,1994,2024,,2024.0,,0,0
https://openalex.org/A5032473664,Rohan Thakur,https://openalex.org/I189590672,Kansas State University,1994,2002,0000-0002-0113-0507,VIA CHRISTI HEALTH,39.20130921,-96.598930428,3.064700215175408,,,,,,,27,709,education,8,0,8,False,0,0,0,0,,1994,2002,,2002.0,,0,0
https://openalex.org/A5030218685,Guangshun Yi,https://openalex.org/I4210113188,Institute of Bioengineering and Nanotechnology,2010,2024,0000-0002-9918-4959,,,,,,,0000-0002-9918-4959,,Institute of Bioengineering and Nanotechnology,Q100950682,57,6490,facility,14,0,14,False,0,0,0,0,,2010,2024,,2024.0,,0,0
https://openalex.org/A5046656043,Thomas Lee Bailey,https://openalex.org/I859038795,Virginia Tech,1996,2003,,LEWISGALE HOSPITAL MONTGOMERY,37.187206368,-80.4110116959999,4.717753965678886,,,,,,Q67215316,36,2211,education,7,0,7,False,0,1,0,1,,1996,2003,,2003.0,,0,0
https://openalex.org/A5049856973,Jong‐Min Lim,https://openalex.org/I157485424,Korea Advanced Institute of Science and Technology,2005,2023,0000-0002-6025-9175,,,,,,,0000-0002-6025-9175,,Samsung Electronics,Q57150319,122,4601,education,18,1,18,False,0,1,1,0,,2001,2023,,2023.0,,0,0
https://openalex.org/A5049856973,Jong‐Min Lim,https://openalex.org/I191879574,Inha University,2001,2007,0000-0002-6025-9175,,,,,,,0000-0002-6025-9175,,Samsung Electronics,Q57150319,122,4601,education,6,1,6,False,0,1,1,0,,2001,2023,,2023.0,,0,0
https://openalex.org/A5108803403,C. Best,https://openalex.org/I1286704778,Rutherford Appleton Laboratory,1981,1989,,,,,,1763.0,1837.0,,,,Q55442938,86,4927,facility,8,0,8,False,0,0,0,0,74.0,1981,1989,,1837.0,0.0,1,0
https://openalex.org/A5032752353,E. T. Shawl,https://openalex.org/I63966007,Massachusetts Institute of Technology,1968,1990,,SPAULDING HOSPITAL FOR CONTINUING MED CARE CAMBRIDGE,42.3753221040001,-71.106943456,0.1122862784625716,,,,,,,11,432,education,22,0,22,False,0,0,0,0,,1968,1990,,1990.0,,0,0
https://openalex.org/A5061061480,David R. Leibrandt,https://openalex.org/I188538660,University of Colorado Boulder,2017,2025,0000-0003-1452-4879,BOULDER COMMUNITY HOSPITAL,40.0260605190001,-105.283258697,1.6387034302815886,,,0000-0003-1452-4879,,National Institute of Standards and Technology,Q90689683,123,3537,education,8,1,8,False,0,0,0,0,,2017,2025,,2025.0,,0,0
https://openalex.org/A5005932904,Roman Antoš,https://openalex.org/I21250087,Charles University,2004,2022,0000-0001-9977-9672,,,,,1975.0,,0000-0001-9977-9672,,"Faculty of Mathematics and Physics, Charles University",Q83087344,72,823,education,18,1,18,False,0,0,0,0,,2004,2022,29.0,2022.0,,0,0
https://openalex.org/A5101821963,Suvranu De,https://openalex.org/I165799507,Rensselaer Polytechnic Institute,2003,2025,0000-0001-8489-0001,THE BURDETT CARE CENTER,42.733357751,-73.672666077,1.655930997815072,,,0000-0001-8489-0001,no2010061555,Rensselaer Polytechnic Institute,Q92186442,450,8223,education,22,0,22,False,0,0,1,0,,2003,2025,,2025.0,,0,0
https://openalex.org/A5078007632,Michael A. Moskowitz,https://openalex.org/I136199984,Harvard University,1975,2025,0000-0002-9052-4937,SPAULDING HOSPITAL FOR CONTINUING MED CARE CAMBRIDGE,42.3753221040001,-71.106943456,0.1122862784625716,,,,n95801063,Massachusetts Institute of Technology,Q105757852,320,44918,education,50,1,50,False,0,0,1,0,,1975,2025,,2025.0,,0,0
https://openalex.org/A5030907430,Christopher M. Lemon,https://openalex.org/I136199984,Harvard University,2013,2022,0000-0001-9493-5488,SPAULDING HOSPITAL FOR CONTINUING MED CARE CAMBRIDGE,42.3753221040001,-71.106943456,0.1122862784625716,,,0000-0001-9493-5488,,"University of California, Berkeley",Q83558468,62,943,education,9,0,9,False,0,1,0,0,,1993,2022,,2022.0,,0,0
https://openalex.org/A5030907430,Christopher M. Lemon,https://openalex.org/I154130895,University of Auckland,1993,2017,0000-0001-9493-5488,,,,,,,0000-0001-9493-5488,,"University of California, Berkeley",Q83558468,62,943,education,24,0,24,False,0,1,0,0,,1993,2022,,2022.0,,0,0
https://openalex.org/A5066351389,Vivienne Sze,https://openalex.org/I63966007,Massachusetts Institute of Technology,2006,2025,,SPAULDING HOSPITAL FOR CONTINUING MED CARE CAMBRIDGE,42.3753221040001,-71.106943456,0.1122862784625716,,,0000-0003-4841-3990,no2021009738,,Q113133181,163,14955,education,19,1,19,False,0,0,0,0,,2006,2025,,2025.0,,0,0
https://openalex.org/A5030225388,Norihisa Miki,https://openalex.org/I203951103,Keio University,2006,2025,0000-0002-5632-2143,,,,,,,0000-0002-5632-2143,,Keio University,Q91085571,538,3086,education,19,1,19,False,0,0,1,0,,2006,2025,,2025.0,,0,0
https://openalex.org/A5017124148,Amauche Emenari,https://openalex.org/I63966007,Massachusetts Institute of Technology,2019,2025,,SPAULDING HOSPITAL FOR CONTINUING MED CARE CAMBRIDGE,42.3753221040001,-71.106943456,0.1122862784625716,,,,,,,6,676,education,6,0,6,False,0,0,0,0,,2019,2025,,2025.0,,0,0
https://openalex.org/A5085117895,Julio A. Pertuzé,https://openalex.org/I162148367,Pontificia Universidad Católica de Chile,2006,2025,0000-0002-3565-3672,,,,,1980.0,,,,,Q104535395,77,2550,education,19,0,19,False,0,0,1,0,,2006,2025,26.0,2025.0,,0,0
https://openalex.org/A5083229918,Kerwin Kwek Zeming,https://openalex.org/I165932596,National University of Singapore,2013,2023,0000-0002-3088-3604,,,,,,,0000-0002-3088-3604,,Singapore-MIT Alliance for Research and Technology,Q98467358,26,1196,education,10,0,10,False,0,0,1,0,,2013,2023,,2023.0,,0,0
https://openalex.org/A5102836343,Huiling Pang,https://openalex.org/I59130452,University of Nebraska Medical Center,2011,2022,0000-0001-5269-6511,LASTING HOPE RECOVERY CENTER,41.255864907,-95.948519226,0.6776284049604173,,,,,,,27,557,healthcare,11,0,11,False,0,0,1,0,,2011,2022,,2022.0,,0,0
https://openalex.org/A5031173686,Michel Lemay,https://openalex.org/I72816309,Drexel University,2002,2015,0000-0002-5636-0297,MAGEE REHABILITATION HOSPITAL,39.9568141240001,-75.16527023,0.5126026831433603,1931.0,2022.0,,n84014089,,Q3310169,185,2759,education,13,0,13,False,0,1,1,0,91.0,1993,2024,,2022.0,0.0,1,0
https://openalex.org/A5031173686,Michel Lemay,https://openalex.org/I58956616,Case Western Reserve University,1993,2005,0000-0002-5636-0297,LUTHERAN HOSPITAL,41.4876333760001,-81.707262893,1.6479325770104616,1931.0,2022.0,,n84014089,,Q3310169,185,2759,education,12,0,12,False,0,1,1,0,91.0,1993,2024,,2022.0,0.0,1,0
https://openalex.org/A5031173686,Michel Lemay,https://openalex.org/I84392919,Temple University,2014,2024,0000-0002-5636-0297,MAGEE REHABILITATION HOSPITAL,39.9568141240001,-75.16527023,0.5126026831433603,1931.0,2022.0,,n84014089,,Q3310169,185,2759,education,10,0,10,False,0,1,1,0,91.0,1993,2024,,2022.0,0.0,1,0
https://openalex.org/A5082868104,Julian Sonner,https://openalex.org/I114457229,University of Geneva,2015,2025,0000-0002-6179-1729,,,,,,,,,,,83,2569,education,10,0,10,False,0,0,0,0,,2006,2025,,2025.0,,0,0
https://openalex.org/A5082868104,Julian Sonner,https://openalex.org/I241749,University of Cambridge,2006,2013,0000-0002-6179-1729,,,,,,,,,,,83,2569,education,7,0,7,False,0,1,0,0,,2006,2025,,2025.0,,0,0
https://openalex.org/A5082868104,Julian Sonner,https://openalex.org/I63966007,Massachusetts Institute of Technology,2009,2015,0000-0002-6179-1729,SPAULDING HOSPITAL FOR CONTINUING MED CARE CAMBRIDGE,42.3753221040001,-71.106943456,0.1122862784625716,,,,,,,83,2569,education,6,0,6,False,0,1,0,0,,2006,2025,,2025.0,,0,0
https://openalex.org/A5101854604,Sejoong Kim,https://openalex.org/I88761825,Korea University of Science and Technology,2017,2024,0000-0002-9140-7353,,,,,,,0000-0002-9140-7353,,,Q97639216,33,1169,education,7,1,7,False,0,0,0,0,,2007,2024,,2024.0,,0,0
https://openalex.org/A5101854604,Sejoong Kim,https://openalex.org/I63966007,Massachusetts Institute of Technology,2007,2013,0000-0002-9140-7353,SPAULDING HOSPITAL FOR CONTINUING MED CARE CAMBRIDGE,42.3753221040001,-71.106943456,0.1122862784625716,,,0000-0002-9140-7353,,,Q97639216,33,1169,education,6,1,6,False,0,0,0,0,,2007,2024,,2024.0,,0,0
https://openalex.org/A5074722095,Hoo-Min D. Toong,https://openalex.org/I63966007,Massachusetts Institute of Technology,1975,1990,,SPAULDING HOSPITAL FOR CONTINUING MED CARE CAMBRIDGE,42.3753221040001,-71.106943456,0.1122862784625716,,,,,,,19,193,education,15,0,15,False,0,0,0,0,,1975,1990,,1990.0,,0,0
https://openalex.org/A5078219645,S.A. Akimenko,https://openalex.org/I3129407955,Institute for High Energy Physics,1985,2022,,,,,,,,,,,,62,5996,facility,37,0,37,False,0,0,0,0,,1985,2022,,2022.0,,0,0
https://openalex.org/A5065024297,C. Butuceanu,https://openalex.org/I16285277,William & Mary,2003,2010,,EASTERN STATE HOSPITAL,37.2898228030001,-76.7359916519999,3.300781790094188,,,,,,,115,5557,education,7,1,7,False,0,1,0,0,,2003,2020,,2020.0,,0,0
https://openalex.org/A5065024297,C. Butuceanu,https://openalex.org/I194028371,University of Regina,2007,2020,,,,,,,,,,,,115,5557,education,13,1,13,False,0,1,0,0,,2003,2020,,2020.0,,0,0
https://openalex.org/A5070128872,David J. Zahniser,https://openalex.org/I1290900354,Tufts Medical Center,1981,1994,,TUFTS MEDICAL CENTER,42.3499,-71.064,0.0714560174537851,,,,,,,58,1893,healthcare,13,0,13,False,0,0,1,0,,1981,1994,,1994.0,,0,0
https://openalex.org/A5034729983,Robert Ziegler,https://openalex.org/I917168660,Montana Technological University,1981,2014,0000-0001-9574-8780,ST JAMES HEALTHCARE,46.0085166600001,-112.545513543,0.9827036634931352,1921.0,1991.0,,,,Q18927130,74,457,education,33,0,33,False,0,0,1,0,70.0,1981,2014,,1991.0,0.0,1,0
https://openalex.org/A5102877440,Min Xiao,https://openalex.org/I24185976,Sichuan University,2005,2024,0000-0001-7641-3926,,,,,,,,n99017360,,Q3314693,84,929,education,19,0,19,False,0,0,1,0,,2005,2024,,2024.0,,0,0
https://openalex.org/A5039939747,Nikhil Lal,https://openalex.org/I47508984,Imperial College London,2018,2025,0000-0002-6889-3496,,,,,,,0000-0002-6889-3496,,,Q117742107,25,477,education,7,0,7,False,0,0,0,0,,2018,2025,,2025.0,,0,0
https://openalex.org/A5008017297,K. Shadman,https://openalex.org/I4210154626,Electron Optica (United States),2012,2023,0000-0002-1385-5548,VA MEDICAL CENTER - PALO ALTO DIVISION,37.4053530240001,-122.139784645,4.4143908230065225,,,,,,,22,100,company,11,0,11,False,0,0,0,0,,2012,2023,,2023.0,,0,0
https://openalex.org/A5101855286,M R James,https://openalex.org/I1299303238,National Institutes of Health,2014,2024,0000-0002-2472-4957,SUBURBAN HOSPITAL,38.997402483,-77.110318402,2.053641188149969,1862.0,1936.0,,n80109149,Eton College,Q963715,14,2233,government,10,0,10,False,0,0,0,0,74.0,2014,2024,,1936.0,0.0,1,0
https://openalex.org/A5110632923,Thomas Tancogne‐Dejean,https://openalex.org/I35440088,ETH Zurich,2019,2025,0000-0001-7160-7019,,,,,,,0000-0001-7160-7019,,,Q91538399,36,2874,education,6,0,6,False,0,0,0,0,,2019,2025,,2025.0,,0,0
https://openalex.org/A5061165395,Gen Nakamura,https://openalex.org/I205349734,Hokkaido University,1977,2025,0000-0002-7911-8612,,,,,1981.0,,,,,Q11365317,393,4257,education,48,0,48,False,0,0,1,0,,1977,2025,,2025.0,,1,0
https://openalex.org/A5016828766,Vlad Bolkhovsky,https://openalex.org/I63966007,Massachusetts Institute of Technology,2005,2018,,SPAULDING HOSPITAL FOR CONTINUING MED CARE CAMBRIDGE,42.3753221040001,-71.106943456,0.1122862784625716,,,,,,,12,196,education,13,1,13,False,0,0,0,0,,2005,2018,,2018.0,,0,0
https://openalex.org/A5058984969,Christopher Rose,https://openalex.org/I102322142,"Rutgers, The State University of New Jersey",1991,2014,0000-0002-6123-7154,CHILDREN'S SPECIALIZED HOSPITAL,40.494825098,-74.451690392,0.9569060123417374,,,0000-0002-6123-7154,,Brown University,Q60057770,178,3356,education,23,1,23,False,0,0,1,0,,1991,2021,,2021.0,,0,0
https://openalex.org/A5058984969,Christopher Rose,https://openalex.org/I142263535,University of Nottingham,2014,2021,0000-0002-6123-7154,,,,,,,0000-0002-6123-7154,,Brown University,Q60057770,178,3356,education,7,1,7,False,0,0,1,0,,1991,2021,,2021.0,,0,0
https://openalex.org/A5080553234,Charles R.G. Guttmann,https://openalex.org/I136199984,Harvard University,1992,2025,0000-0002-7006-9762,SPAULDING HOSPITAL FOR CONTINUING MED CARE CAMBRIDGE,42.3753221040001,-71.106943456,0.1122862784625716,,,0000-0002-7006-9762,,Brigham and Women's Hospital,Q59662623,316,15443,education,33,1,33,False,0,1,1,1,,1992,2025,,2025.0,,0,0
https://openalex.org/A5113974833,Thomas Conboy,https://openalex.org/I63966007,Massachusetts Institute of Technology,2006,2014,,SPAULDING HOSPITAL FOR CONTINUING MED CARE CAMBRIDGE,42.3753221040001,-71.106943456,0.1122862784625716,1867.0,1915.0,,,,Q119032529,45,1478,education,8,0,8,False,0,0,0,0,48.0,2006,2014,,1915.0,0.0,1,0
https://openalex.org/A5070904473,Sivan Harel,https://openalex.org/I2799503643,Columbia University Irving Medical Center,2006,2016,,NEW YORK-PRESBYTERIAN/LOWER MANHATTAN HOSPITAL,40.7105167880001,-74.0052978259999,0.4212931995566836,,,,,,,50,2908,healthcare,10,1,10,False,0,0,0,0,,2006,2016,,2016.0,,0,0
https://openalex.org/A5106316840,J. Panetta,https://openalex.org/I122411786,California Institute of Technology,1995,2020,,HUNTINGTON MEMORIAL HOSPITAL,34.1343853610001,-118.152983944,1.6808094672688991,,,,,,,405,39593,education,25,0,25,False,0,0,0,0,,1995,2020,,2020.0,,0,0
https://openalex.org/A5042958782,Leo Celi,https://openalex.org/I63966007,Massachusetts Institute of Technology,2012,2025,,SPAULDING HOSPITAL FOR CONTINUING MED CARE CAMBRIDGE,42.3753221040001,-71.106943456,0.1122862784625716,,,0000-0001-6712-6626,,Massachusetts Institute of Technology,Q57006426,12,235,education,13,0,13,False,0,0,0,0,,2012,2025,,2025.0,,0,0
https://openalex.org/A5082997975,Jimmy Lin,https://openalex.org/I66946132,"University of Maryland, College Park",2005,2018,0000-0002-0661-7189,SAINT LUKE INSTITUTE,39.002567964,-76.980022199,4.45031974460681,,,0000-0002-0661-7189,,University of Waterloo,Q93956311,755,22131,education,13,1,13,False,0,1,0,0,,2000,2025,,2025.0,,0,0
https://openalex.org/A5082997975,Jimmy Lin,https://openalex.org/I151746483,University of Waterloo,2015,2025,0000-0002-0661-7189,,,,,,,0000-0002-0661-7189,,University of Waterloo,Q93956311,755,22131,education,10,1,10,False,0,1,0,0,,2000,2025,,2025.0,,0,0
https://openalex.org/A5082997975,Jimmy Lin,https://openalex.org/I63966007,Massachusetts Institute of Technology,2000,2006,0000-0002-0661-7189,SPAULDING HOSPITAL FOR CONTINUING MED CARE CAMBRIDGE,42.3753221040001,-71.106943456,0.1122862784625716,,,0000-0002-0661-7189,,University of Waterloo,Q93956311,755,22131,education,6,1,6,False,0,1,0,0,,2000,2025,,2025.0,,0,0
https://openalex.org/A5003686226,Ian Goldin,https://openalex.org/I40120149,University of Oxford,2010,2024,,,,,,1955.0,,,n89116079,,Q5981666,144,2324,education,14,1,14,False,0,0,0,0,,2010,2024,,2024.0,,1,0
https://openalex.org/A5074257711,Rolf G. Beutel,https://openalex.org/I76198965,Friedrich Schiller University Jena,1994,2025,0000-0002-0433-7626,,,,,1954.0,,0000-0002-0433-7626,n98075341,Friedrich Schiller University Jena,Q21340612,457,15976,education,31,1,31,False,0,0,1,0,,1994,2025,40.0,2025.0,,0,0
https://openalex.org/A5111710437,Robert Langer,https://openalex.org/I63966007,Massachusetts Institute of Technology,1987,2002,,SPAULDING HOSPITAL FOR CONTINUING MED CARE CAMBRIDGE,42.3753221040001,-71.106943456,0.1122862784625716,1783.0,1846.0,,,"Academy of Fine Arts, Munich",Q602103,10,1602,education,15,0,15,False,0,0,1,0,63.0,1987,2002,,1846.0,0.0,1,0
https://openalex.org/A5010321303,Hakimeh Ebrahimi-Nik,https://openalex.org/I140172145,University of Connecticut,2017,2025,0000-0002-8814-2358,"NATCHAUG HOSPITAL, INC.",41.7411039190001,-72.198011482,8.619092181203907,,,0000-0002-8814-2358,,,Q88132598,24,650,education,8,0,8,False,0,0,0,0,,2017,2025,,2025.0,,0,0
https://openalex.org/A5088082179,T. Eldridge,https://openalex.org/I63966007,Massachusetts Institute of Technology,1982,1988,,SPAULDING HOSPITAL FOR CONTINUING MED CARE CAMBRIDGE,42.3753221040001,-71.106943456,0.1122862784625716,,,,,,,11,65,education,6,0,6,False,0,0,0,0,,1982,1988,,1988.0,,0,0
https://openalex.org/A5017834122,Matthias C. Hoffmann,https://openalex.org/I96673099,Technical University of Denmark,2005,2023,0000-0002-3596-9853,,,,,,,0000-0002-3596-9853,,,Q61805500,267,10913,education,18,1,18,False,0,0,1,0,,2005,2023,,2023.0,,0,0
https://openalex.org/A5005091829,Christine E. Seidman,https://openalex.org/I4210087915,Massachusetts General Hospital,1984,2025,0000-0001-6380-1209,SHRINERS' HOSPITAL FOR CHILDREN,42.3630925480001,-71.066301879,0.7463639796080036,,,0000-0001-6380-1209,,,Q30123970,706,89804,healthcare,41,1,41,False,0,0,1,0,,1984,2025,,2025.0,,0,0
https://openalex.org/A5108430203,M. Gutman,https://openalex.org/I16391192,Tel Aviv University,1968,2022,,,,,,1880.0,1924.0,,no2015077233,,Q105664308,120,2065,education,54,0,50,True,0,0,1,0,44.0,1968,2022,,1924.0,0.0,1,0
https://openalex.org/A5064062978,J. Orenstein,https://openalex.org/I95457486,"University of California, Berkeley",1994,2025,0000-0003-3741-6707,ALTA BATES SUMMIT MED CTR-HERRICK CAMPUS,37.8644118560001,-122.268577616,0.8781923132251,,,0000-0003-3741-6707,n88047232,"University of California, Berkeley",Q95329642,294,14596,education,31,1,31,False,0,0,0,0,,1979,2025,,2025.0,,0,0
https://openalex.org/A5064062978,J. Orenstein,https://openalex.org/I63966007,Massachusetts Institute of Technology,1979,1986,0000-0003-3741-6707,SPAULDING HOSPITAL FOR CONTINUING MED CARE CAMBRIDGE,42.3753221040001,-71.106943456,0.1122862784625716,,,0000-0003-3741-6707,n88047232,"University of California, Berkeley",Q95329642,294,14596,education,7,1,7,False,0,0,0,0,,1979,2025,,2025.0,,0,0
https://openalex.org/A5100395568,Bin Liu,https://openalex.org/I191208505,Xiamen University,2009,2025,0000-0003-1736-9392,,,,,,,0000-0003-1736-9392,,,Q89777013,43,1223,education,16,0,16,False,0,0,1,0,,2009,2025,,2025.0,,0,0
https://openalex.org/A5056457498,Henry Lieberman,https://openalex.org/I63966007,Massachusetts Institute of Technology,1984,2016,,SPAULDING HOSPITAL FOR CONTINUING MED CARE CAMBRIDGE,42.3753221040001,-71.106943456,0.1122862784625716,1952.0,,,nb2002018679,Massachusetts Institute of Technology,Q5724920,3,34,education,32,0,32,False,0,0,0,0,,1984,2016,32.0,2016.0,,0,0
https://openalex.org/A5062331066,Alexander Karl Opitz,https://openalex.org/I145847075,TU Wien,2009,2025,0000-0002-2567-1885,,,,,,,0000-0002-2567-1885,,TU Wien,Q46303610,138,3246,education,16,1,16,False,0,0,0,0,,2009,2025,,2025.0,,0,0
https://openalex.org/A5015555156,Maxime C. Cohen,https://openalex.org/I5023651,McGill University,2013,2026,0000-0002-2474-3875,,,,,,,0000-0002-2474-3875,no2023120614,New York University,Q102705347,153,2835,education,13,0,13,False,0,0,1,0,,2013,2026,,2026.0,,0,0
https://openalex.org/A5111897463,Louis Breger,https://openalex.org/I1343143571,Draper Laboratory,2011,2017,,SPAULDING HOSPITAL FOR CONTINUING MED CARE CAMBRIDGE,42.3753221040001,-71.106943456,0.1120092156130309,1935.0,2020.0,,n50042446,,Q13411546,49,1292,funder,6,0,6,False,0,0,0,0,85.0,2011,2017,,2017.0,3.0,1,0
https://openalex.org/A5025935625,Jaume Ventura,https://openalex.org/I63966007,Massachusetts Institute of Technology,1974,2005,0000-0001-5566-9615,SPAULDING HOSPITAL FOR CONTINUING MED CARE CAMBRIDGE,42.3753221040001,-71.106943456,0.1122862784625716,1963.0,,0000-0001-5566-9615,n91036993,Pompeu Fabra University,Q41799950,128,5419,education,31,1,31,False,0,0,1,0,,1974,2023,,2023.0,,1,0
https://openalex.org/A5025935625,Jaume Ventura,https://openalex.org/I42134832,Barcelona School of Economics,2012,2023,0000-0001-5566-9615,,,,,1963.0,,0000-0001-5566-9615,n91036993,Pompeu Fabra University,Q41799950,128,5419,education,11,1,11,False,0,0,1,0,,1974,2023,,2023.0,,1,0
https://openalex.org/A5043335996,Emily M. Levesque,https://openalex.org/I201448701,University of Washington,2015,2025,0000-0003-2184-1581,VIRGINIA MASON MEDICAL CENTER,47.6097766840001,-122.327866797,0.5065369991246828,1984.0,,,no2020019258,University of Washington,Q24851691,223,4247,education,10,1,10,False,0,0,0,0,,2015,2025,31.0,2025.0,,0,0
https://openalex.org/A5009618910,Polly L. Arnold,https://openalex.org/I2803209242,University of California System,1986,2025,0000-0001-6410-5838,MPI CHEMICAL DEPENDENCY RECOVERY HOSPITAL,37.819327104,-122.26408747,1.7645962397756003,1972.0,,0000-0001-6410-5838,,University of Edinburgh,Q15739609,607,12722,education,39,0,39,False,0,0,1,0,,1986,2025,,2025.0,,1,0
https://openalex.org/A5006499960,Carl E. Allen,https://openalex.org/I181547552,Baylor College of Medicine,2007,2025,0000-0002-6625-739X,ST. JOSEPH MEDICAL CENTER,29.7481161270001,-95.366148139,1.7088830518941125,,,0000-0002-6625-739X,,Baylor College of Medicine,Q88291755,343,14883,education,18,1,18,False,0,0,1,0,,2007,2025,,2025.0,,0,0
https://openalex.org/A5057080760,Connor Hart,https://openalex.org/I66946132,"University of Maryland, College Park",2014,2025,0000-0001-7751-7663,SAINT LUKE INSTITUTE,39.002567964,-76.980022199,4.45031974460681,,,,,,,82,2151,education,11,0,11,False,0,0,0,0,,2014,2025,,2025.0,,0,0
https://openalex.org/A5109432666,Jennifer Nash,https://openalex.org/I136199984,Harvard University,2001,2021,,SPAULDING HOSPITAL FOR CONTINUING MED CARE CAMBRIDGE,42.3753221040001,-71.106943456,0.1122862784625716,1966.0,,,n84092634,,Q29531832,48,1432,education,20,1,20,False,0,0,1,0,,2001,2021,35.0,2021.0,,0,0
https://openalex.org/A5013738849,Phillip B. Messersmith,https://openalex.org/I111979921,Northwestern University,1998,2017,0000-0002-1197-333X,PRESENCE ST FRANCIS HOSPITAL,42.0243893370001,-87.684568052,1.917023334551091,,,0000-0002-1197-333X,,"University of California, Berkeley",Q39795084,290,46040,education,19,1,19,False,0,1,1,0,,1985,2025,,2025.0,,0,0
https://openalex.org/A5013738849,Phillip B. Messersmith,https://openalex.org/I95457486,"University of California, Berkeley",2014,2025,0000-0002-1197-333X,ALTA BATES SUMMIT MED CTR-HERRICK CAMPUS,37.8644118560001,-122.268577616,0.8781923132251,,,0000-0002-1197-333X,,"University of California, Berkeley",Q39795084,290,46040,education,11,1,11,False,0,1,1,0,,1985,2025,,2025.0,,0,0
https://openalex.org/A5013738849,Phillip B. Messersmith,https://openalex.org/I157725225,University of Illinois Urbana-Champaign,1985,1998,0000-0002-1197-333X,THE CARLE FOUNDATION HOSPITAL,40.117041763,-88.2149486599999,0.9700766454096008,,,0000-0002-1197-333X,,"University of California, Berkeley",Q39795084,290,46040,education,13,1,13,False,0,0,1,0,,1985,2025,,2025.0,,0,0
https://openalex.org/A5006038880,Robert Nicol,https://openalex.org/I79817857,University of Guelph,2010,2017,0000-0003-1932-1392,,,,,1886.0,1921.0,,n85377268,,Q70542,57,15858,education,7,1,7,False,0,0,0,0,35.0,2010,2017,,1921.0,0.0,1,0
https://openalex.org/A5023800106,Hans-Dieter Junker,https://openalex.org/I4210136950,Hochschule Aalen,2013,2023,,,,,,,,,,,,18,325,education,10,0,10,False,0,0,0,0,,2013,2023,,2023.0,,0,0
https://openalex.org/A5100380419,Yan Li,https://openalex.org/I9916479,Air Force Medical University,2016,2025,0000-0003-1963-839X,,,,,2000.0,,0000-0003-1963-839X,,Nanyang Technological University,Q37367255,1124,27352,education,9,1,9,False,0,1,1,1,,1994,2025,,2025.0,,1,0
https://openalex.org/A5100380419,Yan Li,https://openalex.org/I114027177,University of North Carolina at Chapel Hill,1994,2020,0000-0003-1963-839X,UNIVERSITY OF NORTH CAROLINA HOSPITALS,35.9045427030001,-79.049689229,1.110654999538604,2000.0,,0000-0003-1963-839X,,Nanyang Technological University,Q37367255,1124,27352,education,26,1,26,False,0,1,1,1,,1994,2025,,2025.0,,1,0
https://openalex.org/A5005372787,Lilach Gilboa,https://openalex.org/I53964585,Weizmann Institute of Science,2008,2021,0000-0002-9699-8594,,,,,,,0000-0002-9699-8594,,,Q96065806,29,1708,education,13,0,13,False,0,0,0,0,,2008,2021,,2021.0,,0,0
https://openalex.org/A5084440619,Zoltán Tóth,https://openalex.org/I66946132,"University of Maryland, College Park",1991,2002,0000-0002-9635-9194,SAINT LUKE INSTITUTE,39.002567964,-76.980022199,4.45031974460681,1955.0,,,,,Q926750,273,8207,education,11,1,11,False,0,0,0,0,,1991,2015,36.0,2015.0,,0,0
https://openalex.org/A5084440619,Zoltán Tóth,https://openalex.org/I106118109,Eötvös Loránd University,2004,2015,0000-0002-9635-9194,,,,,1955.0,,,,,Q926750,273,8207,education,11,1,11,False,0,0,0,0,,1991,2015,36.0,2015.0,,0,0
https://openalex.org/A5051743081,Guillermo C. Bazan,https://openalex.org/I154570441,"University of California, Santa Barbara",1998,2025,0000-0002-2537-0310,SANTA BARBARA COTTAGE HOSPITAL,34.429466689,-119.723809039,2.5384727841850334,,,0000-0002-2537-0310,,University of Rochester,Q5616125,976,76511,education,27,1,27,False,0,0,1,0,,1998,2025,,2025.0,,0,0
https://openalex.org/A5061714805,G. O'Donoghue,https://openalex.org/I117023288,Analog Devices (United States),1993,2005,,NORWOOD HOSPITAL,42.1890000000001,-71.2021,2.9716763354300157,,,,,,,10,150,company,12,0,12,False,0,0,0,0,,1993,2005,,2005.0,,0,0
https://openalex.org/A5068952803,Gail Letzter,https://openalex.org/I859038795,Virginia Tech,1998,2008,0009-0007-7809-2776,LEWISGALE HOSPITAL MONTGOMERY,37.187206368,-80.4110116959999,4.717753965678886,1960.0,2024.0,,,,Q101316000,52,974,education,10,0,10,False,0,0,0,0,64.0,1998,2008,38.0,2008.0,16.0,0,0
https://openalex.org/A5048148553,Daniel Vaulot,https://openalex.org/I39804081,Sorbonne Université,1989,2025,0000-0002-0717-5685,,,,,,,0000-0002-0717-5685,,National Center for Scientific Research,Q37372925,364,26437,education,36,1,36,False,0,0,1,0,,1989,2025,,2025.0,,0,0
https://openalex.org/A5101936934,Benjamin D. Wright,https://openalex.org/I40347166,University of Chicago,1958,2022,0000-0003-0551-3473,MERCY HOSPITAL AND MEDICAL CENTER,41.8468895830001,-87.621491598,2.3911404464142096,1799.0,1874.0,,n99042766,,Q4888461,165,14210,education,64,0,50,True,0,0,1,0,75.0,1958,2022,,1874.0,0.0,1,0
https://openalex.org/A5103508949,Israel M. Gelfand,https://openalex.org/I19880235,Lomonosov Moscow State University,1968,2004,,,,,,1913.0,2009.0,,n50028279,Lomonosov Moscow State University,Q315414,316,12026,education,36,1,36,False,0,0,1,0,96.0,1968,2004,,2004.0,5.0,1,0
https://openalex.org/A5010317907,Tony Hyun Kim,https://openalex.org/I97018004,Stanford University,2016,2025,0000-0002-4311-8258,STANFORD HOSPITAL,37.4346524360001,-122.174883097,1.4065651567623634,1964.0,,,,,Q7822712,16,1893,education,9,1,9,False,0,0,0,0,,2016,2025,,2025.0,,1,0
https://openalex.org/A5020724152,B. S. Freer,https://openalex.org/I4210091818,Eaton (United States),1996,2003,,UNIVERSITY HOSPITALS REHABILITATION HOSPITAL,41.4519197230001,-81.5101741299999,0.7349501801772758,,,,,,,22,612,company,7,0,7,False,0,0,0,0,,1996,2003,,2003.0,,0,0
https://openalex.org/A5073553971,Hwajoo Joo,https://openalex.org/I4210092510,National University,2019,2025,0000-0002-9690-5589,,,,,,,,,,,22,507,education,6,0,6,False,0,1,0,1,,2019,2025,,2025.0,,0,0
https://openalex.org/A5004722743,Mingxu Xu,https://openalex.org/I194450716,Jilin University,2010,2025,,,,,,1947.0,,,n86089185,,Q9068114,83,2634,education,15,1,15,False,0,0,0,0,,2010,2025,,2025.0,,1,0
https://openalex.org/A5007019491,Marco Iglesias,https://openalex.org/I142263535,University of Nottingham,2014,2024,0000-0002-8952-717X,,,,,,,0000-0002-8952-717X,,University of Nottingham,Q59671176,70,1281,education,10,0,10,False,0,0,1,0,,2007,2024,,2024.0,,0,0
https://openalex.org/A5007019491,Marco Iglesias,https://openalex.org/I86519309,The University of Texas at Austin,2007,2013,0000-0002-8952-717X,HEALTHSOUTH REHABILITATION HOSPITAL OF AUSTIN,30.2731283970001,-97.734112941,1.0863629860892785,,,0000-0002-8952-717X,,University of Nottingham,Q59671176,70,1281,education,6,0,6,False,0,0,1,0,,2007,2024,,2024.0,,0,0
https://openalex.org/A5039438647,D. Hiramatsu,https://openalex.org/I154570441,"University of California, Santa Barbara",2017,2026,0000-0002-1125-9187,SANTA BARBARA COTTAGE HOSPITAL,34.429466689,-119.723809039,2.5384727841850334,,,0000-0002-1125-9187,,Harvard–Smithsonian Center for Astrophysics,Q60390681,269,2807,education,9,1,9,False,0,0,0,0,,2017,2026,,2026.0,,0,0
https://openalex.org/A5076251961,Francesmary Modugno,https://openalex.org/I170201317,University of Pittsburgh,1998,2025,0000-0003-0637-1534,UPMC MERCY,40.436099,-79.985113999,1.041360910333493,,,0000-0003-0637-1534,,,Q30831502,646,14720,education,27,1,27,False,0,0,1,0,,1998,2025,,2025.0,,0,0
https://openalex.org/A5077005676,Wenqian Xiao,https://openalex.org/I136199984,Harvard University,2011,2025,0000-0001-8445-6125,SPAULDING HOSPITAL FOR CONTINUING MED CARE CAMBRIDGE,42.3753221040001,-71.106943456,0.1122862784625716,,,,,,,54,1600,education,14,0,14,False,0,1,1,1,,2011,2025,,2025.0,,0,0
https://openalex.org/A5083113759,Zaira Martín‐Moldes,https://openalex.org/I121934306,Tufts University,2017,2024,0000-0002-2932-8064,HALLMARK HEALTH SYSTEM - LAWRENCE MEMORIAL HOSPITAL CAMPUS,42.4259,-71.1114,0.93538265332939,,,0000-0002-2932-8064,,,Q90162026,28,1092,education,7,0,7,False,0,0,0,0,,2017,2024,,2024.0,,0,0
https://openalex.org/A5076770402,Colin Josey,https://openalex.org/I63966007,Massachusetts Institute of Technology,2015,2021,0000-0002-3210-5806,SPAULDING HOSPITAL FOR CONTINUING MED CARE CAMBRIDGE,42.3753221040001,-71.106943456,0.1122862784625716,,,,,,,58,342,education,6,1,6,False,0,0,0,0,,2015,2021,,2021.0,,0,0
https://openalex.org/A5063696850,C. H. Cox,https://openalex.org/I63966007,Massachusetts Institute of Technology,1989,1998,,SPAULDING HOSPITAL FOR CONTINUING MED CARE CAMBRIDGE,42.3753221040001,-71.106943456,0.1122862784625716,1879.0,1968.0,,no2004048306,,Q440590,3,3,education,9,1,9,False,0,0,0,0,89.0,1989,1998,,1968.0,0.0,1,0
https://openalex.org/A5103846791,Michael D. Meyer,https://openalex.org/I130701444,Georgia Institute of Technology,1990,2013,,GRADY MEMORIAL HOSPITAL,33.751988554,-84.3817915719999,0.6616538728322765,1884.0,1959.0,,n95111577,,Q1630000,209,2475,education,23,1,23,False,0,0,0,0,75.0,1990,2013,,1959.0,0.0,1,0
https://openalex.org/A5075557541,S. A. Vay,https://openalex.org/I1319063186,Langley Research Center,1998,2012,,VETERANS AFFAIRS MEDICAL CENTER HAMPTON,37.0153581870001,-76.3322568569999,1.9820293072622,,,,,,,56,1708,facility,14,0,14,False,0,0,0,0,,1998,2012,,2012.0,,0,0
https://openalex.org/A5030858710,R. Duncan Luce,https://openalex.org/I204250578,"University of California, Irvine",1972,2016,,KAISER FND HOSP - IRVINE,33.6582356330001,-117.774927793,4.630539805676765,1925.0,2012.0,,n78081236,Harvard University,Q531192,348,33129,education,44,1,44,False,0,0,1,0,87.0,1972,2016,47.0,2012.0,0.0,0,0
https://openalex.org/A5108080151,T. Matsuda,https://openalex.org/I118574687,University of Miyazaki,2008,2020,,,,,,,,,,,,49,434,education,12,1,12,False,0,0,0,0,,2008,2020,,2020.0,,0,0
https://openalex.org/A5044929543,David A. Wink,https://openalex.org/I106165777,University of Central Florida,1989,2019,0000-0002-5652-7480,ORLANDO REGIONAL MEDICAL CENTER,28.5257232180001,-81.377203551,1.4169573825092547,,,0000-0002-5652-7480,,National Cancer Institute,Q91175265,592,44219,education,30,1,30,False,0,0,1,0,,1989,2019,,2019.0,,0,0
https://openalex.org/A5084680468,Mary Knapp,https://openalex.org/I63966007,Massachusetts Institute of Technology,2010,2025,0000-0002-5318-7660,SPAULDING HOSPITAL FOR CONTINUING MED CARE CAMBRIDGE,42.3753221040001,-71.106943456,0.1122862784625716,1873.0,1968.0,,,Queensland Herbarium,Q6780787,83,387,education,15,0,15,False,0,0,0,0,95.0,2010,2025,,1968.0,0.0,1,0
https://openalex.org/A5020247892,A. De Rújula,https://openalex.org/I63634437,Universidad Autónoma de Madrid,2010,2025,0000-0002-1545-668X,,,,,1944.0,,,nr89000333,CERN,Q12269533,279,8783,education,15,1,15,False,0,1,0,0,,1994,2025,50.0,2025.0,,0,0
https://openalex.org/A5020247892,A. De Rújula,https://openalex.org/I111088046,Boston University,1994,2013,0000-0002-1545-668X,SHRINERS' HOSPITAL FOR CHILDREN,42.3630925480001,-71.066301879,0.746205054066919,1944.0,,,nr89000333,CERN,Q12269533,279,8783,education,19,1,19,False,0,1,0,0,,1994,2025,50.0,2025.0,,0,0
https://openalex.org/A5110385254,Edward J. Modest,https://openalex.org/I136199984,Harvard University,1957,1989,,SPAULDING HOSPITAL FOR CONTINUING MED CARE CAMBRIDGE,42.3753221040001,-71.106943456,0.1122862784625716,,,0000-0001-7611-5144,,Curry College,Q57225621,166,5387,education,32,1,32,False,0,0,1,0,,1957,1989,,1989.0,,0,0
https://openalex.org/A5020182392,Zongchen Chen,https://openalex.org/I130701444,Georgia Institute of Technology,2016,2025,,GRADY MEMORIAL HOSPITAL,33.751988554,-84.3817915719999,0.6616538728322765,,,0009-0003-6112-2888,,,Q135685529,49,384,education,9,0,9,False,0,0,0,0,,2016,2025,,2025.0,,0,0
https://openalex.org/A5006713428,C. Galperti,https://openalex.org/I5124864,École Polytechnique Fédérale de Lausanne,2015,2025,0000-0001-8390-6219,,,,,,,,,,,127,2756,education,10,0,10,False,0,0,0,0,,2006,2025,,2025.0,,0,0
https://openalex.org/A5006713428,C. Galperti,https://openalex.org/I93860229,Politecnico di Milano,2006,2013,0000-0001-8390-6219,,,,,,,,,,,127,2756,education,7,0,7,False,0,0,0,0,,2006,2025,,2025.0,,0,0
https://openalex.org/A5012358402,Jorge Romero,https://openalex.org/I129975664,Albert Einstein College of Medicine,2012,2024,0000-0001-6420-8669,MONTEFIORE MED CENTER - JACK D WEILER HOSP OF A EINSTEIN COLLEGE DIV,40.8498892050001,-73.845890219,1.725880782221752,,,0000-0001-6420-8669,,Brigham and Women's Hospital,Q42843720,477,6226,education,12,0,12,False,0,0,1,0,,2012,2024,,2024.0,,0,0
https://openalex.org/A5040133867,Erwin London,https://openalex.org/I1327163397,State University of New York,1973,2025,0000-0002-1295-0113,VA MEDICAL CENTER - ALBANY STRATTON,42.6508081800001,-73.771944595,1.299934220282715,,,0000-0002-1295-0113,,Stony Brook University,Q88402429,267,22915,education,52,1,50,True,0,1,1,1,,1973,2025,,2025.0,,0,0
https://openalex.org/A5006770491,Annemarthe G. van der Veen,https://openalex.org/I4210157710,Whitehead Institute for Biomedical Research,2006,2012,0000-0001-9324-3404,SPAULDING HOSPITAL FOR CONTINUING MED CARE CAMBRIDGE,42.3753221040001,-71.106943456,0.1120092156130309,,,0000-0001-9324-3404,,Francis Crick Institute,Q57385120,40,4813,facility,6,0,6,False,0,0,0,0,,2006,2012,,2012.0,,0,0
https://openalex.org/A5032762010,Christine A. Wang,https://openalex.org/I63966007,Massachusetts Institute of Technology,1979,2019,0000-0003-4899-5388,SPAULDING HOSPITAL FOR CONTINUING MED CARE CAMBRIDGE,42.3753221040001,-71.106943456,0.1122862784625716,1985.0,,,,,Q55265404,33,870,education,40,1,40,False,0,0,0,0,,1979,2019,,2019.0,,1,0
https://openalex.org/A5003776110,Mario Baldini,https://openalex.org/I129043915,University of Udine,2001,2025,0000-0001-6669-0823,,,,,,,0000-0001-6669-0823,,,Q96055233,194,3787,education,24,0,24,False,0,0,1,0,,1949,2025,,2025.0,,0,0
https://openalex.org/A5003776110,Mario Baldini,https://openalex.org/I83816512,University of Genoa,1981,1995,0000-0001-6669-0823,,,,,,,0000-0001-6669-0823,,,Q96055233,194,3787,education,14,0,14,False,0,0,1,0,,1949,2025,,2025.0,,0,0
https://openalex.org/A5003776110,Mario Baldini,https://openalex.org/I25217355,University of Pavia,1949,1980,0000-0001-6669-0823,,,,,,,0000-0001-6669-0823,,,Q96055233,194,3787,education,31,0,31,False,0,0,1,0,,1949,2025,,2025.0,,0,0
https://openalex.org/A5103711580,H J Fritz,https://openalex.org/I74656192,University of Göttingen,1993,2004,,,,,,,,0000-0003-2236-3593,,GlaxoSmithKline (United States),Q90662740,18,806,education,11,0,11,False,0,0,0,0,,1993,2004,,2004.0,,0,0
https://openalex.org/A5113773959,R.O. Davis,https://openalex.org/I84218800,"University of California, Davis",1987,1994,,SUTTER DAVIS HOSPITAL,38.5625039120001,-121.770740018,3.2761097583948318,,,,,,,14,702,education,7,0,7,False,0,0,0,0,,1987,1994,,1994.0,,0,0
https://openalex.org/A5082588835,Birago Jones,https://openalex.org/I63966007,Massachusetts Institute of Technology,2011,2021,,SPAULDING HOSPITAL FOR CONTINUING MED CARE CAMBRIDGE,42.3753221040001,-71.106943456,0.1122862784625716,,,,,,,5,482,education,10,0,10,False,0,0,0,0,,2011,2021,,2021.0,,0,0
https://openalex.org/A5075971044,Alina Peter,https://openalex.org/I4210097113,Ernst Strüngmann Institute for Neuroscience,2015,2025,0000-0001-8497-6235,,,,,,,0000-0001-8497-6235,,,Q91328326,53,1280,facility,10,0,10,False,0,0,0,0,,2015,2025,,2025.0,,0,0
https://openalex.org/A5073609806,Christian Floerkemeier,https://openalex.org/I35440088,ETH Zurich,2003,2015,,,,,,,,,,,Q133029158,48,3286,education,12,0,12,False,0,0,0,0,,2003,2015,,2015.0,,0,0
https://openalex.org/A5039167346,Lucia M. Vaina,https://openalex.org/I111088046,Boston University,1983,2022,0000-0002-5636-8352,SHRINERS' HOSPITAL FOR CHILDREN,42.3630925480001,-71.066301879,0.746205054066919,1946.0,,0000-0002-5636-8352,n83046795,Boston University,Q88385558,152,4175,education,39,1,39,False,0,1,1,1,,1983,2022,37.0,2022.0,,0,0
https://openalex.org/A5073763243,Scott T. Weiss,https://openalex.org/I136199984,Harvard University,1982,2025,0000-0001-7196-303X,SPAULDING HOSPITAL FOR CONTINUING MED CARE CAMBRIDGE,42.3753221040001,-71.106943456,0.1122862784625716,,,0000-0001-7196-303X,,Harvard Medical School,Q59167048,1366,81366,education,43,1,43,False,0,0,1,0,,1982,2025,,2025.0,,0,0
https://openalex.org/A5109596902,Russell R. Pfeiffer,https://openalex.org/I204465549,Washington University in St. Louis,1967,1975,,VA MEDICAL CENTER - JOHN COCHRAN DIVISION,38.6423845620001,-90.2312485419999,3.34963558672706,,,,,,,32,967,education,8,0,8,False,0,0,0,0,,1967,1975,,1975.0,,0,0
https://openalex.org/A5100707460,Mengdi Wang,https://openalex.org/I20089843,Princeton University,2013,2025,0000-0002-2101-9507,MERWICK REHABILITATION HOSPITAL AND NURSING CARE CENTER,40.3528112230001,-74.6663108129999,0.7652032342540844,,,0000-0002-2101-9507,,,Q102575076,614,6092,education,12,0,12,False,0,1,1,1,,2013,2025,,2025.0,,0,0
https://openalex.org/A5046216024,John Forster,https://openalex.org/I165799507,Rensselaer Polytechnic Institute,1986,1994,,THE BURDETT CARE CENTER,42.733357751,-73.672666077,1.655930997815072,1909.0,1988.0,,n50002702,,Q318335,51,2081,education,8,1,8,False,0,0,0,0,79.0,1986,1994,,1988.0,0.0,1,0
https://openalex.org/A5029865853,Jonathan Long,https://openalex.org/I98677209,University of Edinburgh,1981,2024,0000-0001-5220-1152,,,,,1969.0,,,,,Q6273730,111,1818,education,43,0,43,False,0,0,1,0,,1981,2024,,2024.0,,1,0
https://openalex.org/A5018734150,Balaji Prabhakar,https://openalex.org/I97018004,Stanford University,1999,2025,,STANFORD HOSPITAL,37.4346524360001,-122.174883097,1.4065651567623634,1847.0,1906.0,,,,Q86007112,162,14074,education,26,1,26,False,0,0,1,0,59.0,1999,2025,,1906.0,0.0,1,0
https://openalex.org/A5064152404,Thomas D. Willett,https://openalex.org/I136722135,Claremont Graduate University,1978,2025,0000-0003-4757-7598,CASA COLINA HOSPITAL FOR REHAB MEDICINE,34.0980933070001,-117.747275628,2.536646381300248,1942.0,,,n50017293,,Q112411527,340,4641,education,47,1,47,False,0,0,1,0,,1978,2025,36.0,2025.0,,0,0
https://openalex.org/A5085526843,Mazen Nasrallah,https://openalex.org/I97018004,Stanford University,2016,2024,,STANFORD HOSPITAL,37.4346524360001,-122.174883097,1.4065651567623634,,,,,,,38,600,education,8,0,8,False,0,0,1,0,,2016,2024,,2024.0,,0,0
https://openalex.org/A5055435218,J. Baratti,https://openalex.org/I21491767,Aix-Marseille Université,1983,2008,,,,,,,,,,,,138,5568,education,25,1,25,False,0,0,0,0,,1983,2008,,2008.0,,0,0
https://openalex.org/A5022875077,Merav Parter,https://openalex.org/I53964585,Weizmann Institute of Science,2007,2026,0000-0002-2357-2445,,,,,,,0000-0002-2357-2445,,,Q130816784,165,1303,education,19,0,19,False,0,0,0,0,,2007,2026,,2026.0,,0,0
https://openalex.org/A5108567476,Sarra de Valence,https://openalex.org/I114457229,University of Geneva,2009,2020,,,,,,,,,,,Q117241626,22,1036,education,11,0,11,False,0,0,1,0,,2009,2020,,2020.0,,0,0
https://openalex.org/A5053626123,Edward M. Scolnick,https://openalex.org/I136199984,Harvard University,1962,2022,0000-0001-9429-1547,SPAULDING HOSPITAL FOR CONTINUING MED CARE CAMBRIDGE,42.3753221040001,-71.106943456,0.1122862784625716,,,0000-0001-9429-1547,,,Q98205389,327,63205,education,60,1,50,True,0,0,1,0,,1962,2022,,2022.0,,0,0
https://openalex.org/A5076962275,Jingyang Chen,https://openalex.org/I92403157,University of Science and Technology Beijing,2010,2022,0000-0001-7458-6305,,,,,,,0009-0009-9672-4575,,,Q130957402,109,2520,education,12,1,12,False,0,0,1,0,,2010,2022,,2022.0,,0,0
https://openalex.org/A5110288278,Jennifer Groff,https://openalex.org/I63966007,Massachusetts Institute of Technology,2008,2015,,SPAULDING HOSPITAL FOR CONTINUING MED CARE CAMBRIDGE,42.3753221040001,-71.106943456,0.1122862784625716,,,,,,,16,453,education,7,0,7,False,0,0,0,0,,2008,2015,,2015.0,,0,0
https://openalex.org/A5068270107,J. S. Whitaker,https://openalex.org/I95457486,"University of California, Berkeley",1974,1982,,ALTA BATES SUMMIT MED CTR-HERRICK CAMPUS,37.8644118560001,-122.268577616,0.8781923132251,1817.0,1895.0,,n86096937,,Q94123513,81,6210,education,8,1,8,False,0,0,0,0,78.0,1974,1982,,1895.0,0.0,1,0
https://openalex.org/A5103235503,Hua Xiang,https://openalex.org/I20231570,Peking University,2003,2012,0000-0001-8920-9967,,,,,,,,,,Q45594345,94,1522,education,9,1,9,False,0,0,0,0,,2003,2012,,2012.0,,0,0
https://openalex.org/A5082736897,Eric G. Blackman,https://openalex.org/I5388228,University of Rochester,2000,2025,0000-0002-9405-8435,THE UNITY HOSPITAL OF ROCHESTER-ST MARYS CAMPUS,43.148695284,-77.637099746,1.873628521482556,1968.0,,0000-0002-9405-8435,,University of Cambridge,Q59678481,491,8193,education,25,1,25,False,0,0,1,0,,2000,2025,32.0,2025.0,,0,0
https://openalex.org/A5074428149,Kaja Kaastrup,https://openalex.org/I63966007,Massachusetts Institute of Technology,2012,2018,,SPAULDING HOSPITAL FOR CONTINUING MED CARE CAMBRIDGE,42.3753221040001,-71.106943456,0.1122862784625716,,,,,,,17,294,education,6,0,6,False,0,0,0,0,,2012,2018,,2018.0,,0,0
https://openalex.org/A5081309414,B. Kotliński,https://openalex.org/I5388228,University of Rochester,1985,1997,,THE UNITY HOSPITAL OF ROCHESTER-ST MARYS CAMPUS,43.148695284,-77.637099746,1.873628521482556,,,,,Paul Scherrer Institute,Q103156427,53,977,education,12,1,12,False,0,0,1,0,,1985,1997,,1997.0,,0,0
https://openalex.org/A5113718996,J.R. Kidd,https://openalex.org/I32971472,Yale University,1985,2007,,YALE-NEW HAVEN HOSPITAL,41.30469134,-72.9354136589999,0.7176389367718299,,,,,,,19,742,education,22,0,22,False,0,0,0,0,,1985,2007,,2007.0,,0,0
https://openalex.org/A5074112336,D Baltimore,https://openalex.org/I63966007,Massachusetts Institute of Technology,1982,1998,,SPAULDING HOSPITAL FOR CONTINUING MED CARE CAMBRIDGE,42.3753221040001,-71.106943456,0.1122862784625716,,,,,,,19,7933,education,16,1,16,False,0,0,0,0,,1982,1998,,1998.0,,0,0
https://openalex.org/A5064453585,Antonietta M. Venezia,https://openalex.org/I861853513,Sapienza University of Rome,1988,2001,,,,,,,,,,,,7,24,education,13,0,13,False,0,0,0,0,,1988,2001,,2001.0,,0,0
https://openalex.org/A5110683332,David Allen,https://openalex.org/I905000135,College of The Bahamas,1987,2016,,,,,,1945.0,,,n00100022,,Q178369,95,868,education,29,0,29,False,0,0,0,0,,1987,2016,42.0,2016.0,,0,0
https://openalex.org/A5038515679,J. Lichtenstadt,https://openalex.org/I16391192,Tel Aviv University,1982,2024,0000-0001-9595-5173,,,,,,,,,,,180,7823,education,42,0,42,False,0,0,1,0,,1982,2024,,2024.0,,0,0
https://openalex.org/A5112016040,Douglas R. Denison,https://openalex.org/I130701444,Georgia Institute of Technology,2002,2021,,GRADY MEMORIAL HOSPITAL,33.751988554,-84.3817915719999,0.6616538728322765,,,,,,,40,331,education,19,1,19,False,0,0,1,0,,1994,2021,,2021.0,,0,0
https://openalex.org/A5112016040,Douglas R. Denison,https://openalex.org/I17301866,University of Alabama,1994,2002,,NORTHPORT MEDICAL CENTER,33.23398145,-87.570910898,2.6892869046105923,,,,,,,40,331,education,8,1,8,False,0,0,1,0,,1994,2021,,2021.0,,0,0
https://openalex.org/A5062431352,Kenneth C. Kleene,https://openalex.org/I33434090,University of Massachusetts Boston,1987,2018,,SHRINERS' HOSPITAL FOR CHILDREN,42.3630925480001,-71.066301879,0.7463639796080036,,,,,,,59,3682,education,31,0,31,False,0,0,1,0,,1987,2018,,2018.0,,0,0
https://openalex.org/A5035438390,Iain S. Hunter,https://openalex.org/I181647926,University of Strathclyde,1999,2024,0000-0003-2571-6016,,,,,,,0000-0002-3942-9811,,Brigham Young University,Q92926751,110,2095,education,25,0,25,False,0,1,0,0,,1991,2024,,2024.0,,0,0
https://openalex.org/A5035438390,Iain S. Hunter,https://openalex.org/I7882870,University of Glasgow,1991,2003,0000-0003-2571-6016,,,,,,,0000-0002-3942-9811,,Brigham Young University,Q92926751,110,2095,education,12,0,12,False,0,1,0,0,,1991,2024,,2024.0,,0,0
https://openalex.org/A5109192791,Jasmine Huang,https://openalex.org/I114493937,Creighton University,2004,2025,0009-0003-2450-4051,LASTING HOPE RECOVERY CENTER,41.255864907,-95.948519226,0.6776538837208305,,,0000-0002-4345-0410,,,Q57012186,63,816,education,21,0,21,False,0,0,1,0,,2004,2025,,2025.0,,0,0
https://openalex.org/A5011819951,David Reich,https://openalex.org/I136199984,Harvard University,2004,2025,0000-0002-7037-5292,SPAULDING HOSPITAL FOR CONTINUING MED CARE CAMBRIDGE,42.3753221040001,-71.106943456,0.1122862784625716,1974.0,,0000-0002-7037-5292,n2016189439,Harvard Medical School,Q5238967,514,106915,education,21,1,21,False,0,0,1,0,,2004,2025,30.0,2025.0,,0,0
https://openalex.org/A5110447284,G. Alexander,https://openalex.org/I16391192,Tel Aviv University,1970,2019,0000-0001-5796-3607,,,,,,,0000-0001-5796-3607,n90686808,Tel Aviv University,Q67466286,606,45558,education,49,1,49,False,0,0,1,0,,1970,2019,,2019.0,,0,0
https://openalex.org/A5063438395,Neil F. Gordon,https://openalex.org/I192619145,University of the Witwatersrand,1983,2024,0000-0002-9450-0326,,,,,1942.0,,,n84222024,Cardiff University,Q317258,247,9630,education,41,1,41,False,0,0,1,0,,1983,2024,41.0,2024.0,,0,0
https://openalex.org/A5113648787,Christina Lind,https://openalex.org/I28166907,Karolinska Institutet,1998,2005,,,,,,1950.0,,,nr2005017258,,Q458230,48,2964,education,7,0,7,False,0,0,1,0,,1972,2005,22.0,2005.0,,0,0
https://openalex.org/A5113648787,Christina Lind,https://openalex.org/I161593684,Stockholm University,1972,1995,,,,,,1950.0,,,nr2005017258,,Q458230,48,2964,education,23,0,23,False,0,0,1,0,,1972,2005,22.0,2005.0,,0,0
https://openalex.org/A5054900485,Ruth Perry,https://openalex.org/I63966007,Massachusetts Institute of Technology,1978,2016,,SPAULDING HOSPITAL FOR CONTINUING MED CARE CAMBRIDGE,42.3753221040001,-71.106943456,0.1122862784625716,1939.0,2017.0,,,,Q461668,111,1222,education,38,0,38,False,0,0,0,0,78.0,1978,2016,39.0,2016.0,1.0,0,0
https://openalex.org/A5074719970,Milan Klöwer,https://openalex.org/I40120149,University of Oxford,2018,2025,0000-0002-3920-4356,,,,,,,0000-0002-3920-4356,,University of Oxford,Q58179492,51,1130,education,7,0,7,False,0,0,0,0,,2018,2025,,2025.0,,0,0
https://openalex.org/A5010436413,Ioana D. Vladescu,https://openalex.org/I136199984,Harvard University,2010,2018,,SPAULDING HOSPITAL FOR CONTINUING MED CARE CAMBRIDGE,42.3753221040001,-71.106943456,0.1122862784625716,,,,,,,21,1030,education,8,0,8,False,0,1,0,0,,2005,2018,,2018.0,,0,0
https://openalex.org/A5010436413,Ioana D. Vladescu,https://openalex.org/I12912129,Northeastern University,2005,2012,,SHRINERS' HOSPITAL FOR CHILDREN,42.3630925480001,-71.066301879,0.7463639796080036,,,,,,,21,1030,education,7,0,7,False,0,1,0,0,,2005,2018,,2018.0,,0,0
https://openalex.org/A5109055989,M. Wickett,https://openalex.org/I1282311441,Lawrence Livermore National Laboratory,2000,2015,,VALLEY MEMORIAL HOSPITAL - LIVERMORE,37.6773201350001,-121.781791647,1.3141333526625454,,,,,,,52,6576,facility,15,0,15,False,0,0,0,0,,2000,2015,,2015.0,,0,0
https://openalex.org/A5002672967,John Axelsson,https://openalex.org/I28166907,Karolinska Institutet,1996,2025,0000-0003-3932-7310,,,,,,,0000-0003-3932-7310,,Karolinska Institutet,Q48429070,233,9023,education,29,1,29,False,0,0,1,0,,1996,2025,,2025.0,,0,0
https://openalex.org/A5065915056,J. David Neelin,https://openalex.org/I161318765,"University of California, Los Angeles",1991,2025,0000-0001-9414-9962,LOS ANGELES AMBULATORY CARE CENTER,34.052015037,-118.238420471,0.4851399769279164,1959.0,,0000-0001-9414-9962,n86016952,"University of California, Los Angeles",Q88390867,424,22257,education,34,1,34,False,0,0,1,0,,1991,2025,32.0,2025.0,,0,0
https://openalex.org/A5100322915,Yang Wang,https://openalex.org/I162868743,Tianjin University,2003,2025,0000-0003-1928-2506,,,,,,,0000-0003-1928-2506,,Tianjin University,Q90754999,282,4903,education,22,1,22,False,0,0,1,0,,2003,2025,,2025.0,,0,0
https://openalex.org/A5046561315,Fahad Alhasoun,https://openalex.org/I63966007,Massachusetts Institute of Technology,2014,2021,,SPAULDING HOSPITAL FOR CONTINUING MED CARE CAMBRIDGE,42.3753221040001,-71.106943456,0.1122862784625716,,,,,,,19,151,education,7,0,7,False,0,0,0,0,,2014,2021,,2021.0,,0,0
https://openalex.org/A5035178908,Karine Glinel,https://openalex.org/I95674353,UCLouvain,1997,2024,0000-0002-2000-0169,,,,,,,0000-0002-2000-0169,,National Center for Scientific Research,Q90736096,120,2915,education,27,1,27,False,0,0,1,0,,1997,2024,,2024.0,,0,0
https://openalex.org/A5111674737,David P. Fan,https://openalex.org/I130238516,University of Minnesota,1970,2020,,HENNEPIN COUNTY MEDICAL CTR,44.9721324940001,-93.2622359599999,0.8805771044914001,,,,,,Q331697,120,3855,education,50,1,50,False,0,0,1,0,,1970,2020,,2020.0,,0,0
https://openalex.org/A5000297872,Siân Kleindienst,https://openalex.org/I63966007,Massachusetts Institute of Technology,2006,2013,,SPAULDING HOSPITAL FOR CONTINUING MED CARE CAMBRIDGE,42.3753221040001,-71.106943456,0.1122862784625716,,,,,,,17,301,education,7,0,7,False,0,0,0,0,,2006,2013,,2013.0,,0,0
https://openalex.org/A5070012075,F. Ömer İlday,https://openalex.org/I168864056,Bilkent University,2006,2024,0000-0002-9057-5371,,,,,,,0000-0002-9057-5371,,Ruhr University Bochum,Q62065481,322,7783,education,18,0,18,False,0,0,1,0,,2006,2024,,2024.0,,0,0
https://openalex.org/A5109358009,Takatoshi Kinoshita,https://openalex.org/I197274945,Nagoya Institute of Technology,1979,2024,,,,,,,2022.0,,,,Q113567961,229,3593,education,45,1,45,False,0,0,0,0,,1979,2024,,2022.0,0.0,0,0
https://openalex.org/A5100687908,Vivek Sharma,https://openalex.org/I150263970,Jagannath University,2015,2021,0000-0003-3909-7279,,,,,1969.0,,,no2025017919,,Q3561515,39,1260,education,6,0,6,False,0,0,0,0,,2015,2021,46.0,2021.0,,0,0
https://openalex.org/A5040408827,Rey Edison,https://openalex.org/I63966007,Massachusetts Institute of Technology,2020,2026,0000-0002-0017-2350,SPAULDING HOSPITAL FOR CONTINUING MED CARE CAMBRIDGE,42.3753221040001,-71.106943456,0.1122862784625716,,,,,,,7,39,education,6,0,6,False,0,0,0,0,,2020,2026,,2026.0,,0,0
https://openalex.org/A5111424306,J. Gomes de Oliveira,https://openalex.org/I63966007,Massachusetts Institute of Technology,1979,1985,,SPAULDING HOSPITAL FOR CONTINUING MED CARE CAMBRIDGE,42.3753221040001,-71.106943456,0.1122862784625716,,,,,,Q36596313,23,307,education,6,1,6,False,0,0,0,0,,1979,1985,,1985.0,,0,0
https://openalex.org/A5036092824,Dale Talbot,https://openalex.org/I180670191,"University of California, San Francisco",2004,2021,,LAGUNA HONDA HOSPITAL AND REHABILITATION CENTER,37.7743640780001,-122.425873352,0.5706740882305078,,,,,,,26,2343,education,17,0,17,False,0,0,0,0,,2004,2021,,2021.0,,0,0
https://openalex.org/A5002622373,Janet R. Sullivan,https://openalex.org/I161057412,University of New Hampshire,1990,2025,,WENTWORTH-DOUGLASS HOSPITAL,43.2132269740001,-70.8741076379999,9.78212716777411,1955.0,,,,,Q21610034,51,185,education,35,0,35,False,0,0,0,0,,1990,2025,35.0,2025.0,,0,0
https://openalex.org/A5115604391,Michael P. Murphy,https://openalex.org/I55769427,Indiana University – Purdue University Indianapolis,2007,2025,0000-0003-3079-0659,IU HEALTH UNIVERSITY HOSPITAL,39.7752833260001,-86.176561615,1.7592374708104055,1976.0,2005.0,,n2010015881,,Q520584,138,5110,education,18,0,18,False,0,1,1,1,29.0,2007,2025,31.0,2005.0,0.0,0,0
https://openalex.org/A5089331217,John K. Carter,https://openalex.org/I4210092927,NOAA National Severe Storms Laboratory,1975,2006,,NORMAN REGIONAL HEALTH SYSTEM -NORMAN CAMPUS,35.230413878,-97.439293783,0.8725353439584254,1923.0,2008.0,,n50033841,,Q80739,9,379,government,31,0,31,False,0,0,0,0,85.0,1975,2006,,2006.0,2.0,1,0
https://openalex.org/A5028943520,Binil Starly,https://openalex.org/I8692664,University of Oklahoma,2007,2020,0000-0002-8527-1269,NORMAN REGIONAL HEALTH SYSTEM -NORMAN CAMPUS,35.230413878,-97.439293783,0.8725353439584254,,,0000-0002-8527-1269,,,Q84757014,132,5299,education,13,0,13,False,0,1,1,0,,2007,2025,,2025.0,,0,0
https://openalex.org/A5028943520,Binil Starly,https://openalex.org/I114027177,University of North Carolina at Chapel Hill,2016,2025,0000-0002-8527-1269,UNIVERSITY OF NORTH CAROLINA HOSPITALS,35.9045427030001,-79.049689229,1.110654999538604,,,0000-0002-8527-1269,,,Q84757014,132,5299,education,9,0,9,False,0,1,1,0,,2007,2025,,2025.0,,0,0
https://openalex.org/A5088036495,Brandon Curd,https://openalex.org/I136199984,Harvard University,2017,2025,0000-0002-8650-0879,SPAULDING HOSPITAL FOR CONTINUING MED CARE CAMBRIDGE,42.3753221040001,-71.106943456,0.1122862784625716,,,,,,,40,343,education,8,0,8,False,0,1,0,1,,2017,2025,,2025.0,,0,0
https://openalex.org/A5004620923,René M. Stulz,https://openalex.org/I52357470,The Ohio State University,1983,2025,0000-0003-2956-4806,GRANT MEDICAL CENTER,39.9609732750001,-82.991001983,0.6641611863192901,1952.0,,0000-0003-2956-4806,n86800785,Ohio State University,Q18158537,610,80619,education,42,1,42,False,0,0,1,0,,1983,2025,31.0,2025.0,,0,0
https://openalex.org/A5103505937,Pankaj Jain,https://openalex.org/I94234084,Indian Institute of Technology Kanpur,1997,2018,,,,,,,,0000-0002-4600-8513,,Indian Institute of Technology Mandi,Q89111838,26,164,education,21,0,21,False,0,0,1,0,,1991,2018,,2018.0,,0,0
https://openalex.org/A5103505937,Pankaj Jain,https://openalex.org/I146416000,University of Kansas,1991,1997,,LAWRENCE MEMORIAL HOSPITAL,38.97887459,-95.24868534,1.410911541806078,,,0000-0002-4600-8513,,Indian Institute of Technology Mandi,Q89111838,26,164,education,6,0,6,False,0,0,1,0,,1991,2018,,2018.0,,0,0
https://openalex.org/A5100610352,Weili Zhang,https://openalex.org/I49934816,Hunan University of Technology,2014,2026,,,,,,1989.0,,,,,Q61949317,48,289,education,12,0,12,False,0,0,0,0,,2014,2026,25.0,2026.0,,0,0
https://openalex.org/A5033814175,Charles Courtemanche,https://openalex.org/I169335092,University of North Carolina at Greensboro,2007,2025,0000-0001-5422-5350,MOSES CONE MEMORIAL HOSPITAL,36.0908847380001,-79.7864573799999,2.0885369938583507,,,0000-0001-5422-5350,,,Q99637817,184,4722,education,18,1,18,False,0,0,1,0,,2007,2025,,2025.0,,0,0
https://openalex.org/A5021325428,Tahrima B. Rouf,https://openalex.org/I219193219,Purdue University West Lafayette,2016,2024,0000-0001-7973-9008,FRANCISCAN ST ELIZABETH HEALTH - LAFAYETTE CENTRAL,40.427286859,-86.881446211,2.2590910740284578,,,0000-0001-7973-9008,,,Q132564640,18,370,education,8,0,8,False,0,0,0,0,,2016,2024,,2024.0,,0,0
https://openalex.org/A5060227660,Susan R. Copeland,https://openalex.org/I169521973,University of New Mexico,2004,2025,0000-0001-7970-813X,LOVELACE MEDICAL CENTER,35.086120302,-106.639690414,1.057457987733295,,,,,,Q76140779,42,1777,education,21,0,21,False,0,0,0,0,,2004,2025,,2025.0,,0,0
https://openalex.org/A5054079261,E. A. Grula,https://openalex.org/I115475287,Oklahoma State University,1960,1984,,STILLWATER MEDICAL CENTER,36.115011098,-97.0751020659999,1.5042307873313332,,,,,,,60,1292,education,24,0,24,False,0,0,0,0,,1960,1984,,1984.0,,0,0
https://openalex.org/A5101530578,A. F. M. Mustafizur Rahman,https://openalex.org/I205746353,University of Dhaka,1984,2025,0000-0002-1712-3141,,,,,,,0000-0002-1712-3141,,,Q87605059,103,1002,education,41,1,41,False,0,0,0,0,,1984,2025,,2025.0,,0,0
https://openalex.org/A5088092315,Xuebing Yang,https://openalex.org/I130769515,Pennsylvania State University,2011,2025,0000-0002-3080-3053,MOUNT NITTANY MEDICAL CENTER,40.8185483410001,-77.842589845,3.158028882678651,,,,,,,35,138,education,14,0,14,False,0,1,0,1,,2011,2025,,2025.0,,0,0
https://openalex.org/A5090731225,Rosemary Tambouret,https://openalex.org/I136199984,Harvard University,1999,2020,,SPAULDING HOSPITAL FOR CONTINUING MED CARE CAMBRIDGE,42.3753221040001,-71.106943456,0.1122862784625716,,,,,,Q114311285,138,2038,education,21,0,21,False,0,1,1,1,,1999,2020,,2020.0,,0,0
https://openalex.org/A5055077995,Diane V. Roeder,https://openalex.org/I8692664,University of Oklahoma,2015,2022,0000-0002-2366-9781,NORMAN REGIONAL HEALTH SYSTEM -NORMAN CAMPUS,35.230413878,-97.439293783,0.8725353439584254,,,,,,,21,299,education,7,0,7,False,0,0,0,0,,2015,2022,,2022.0,,0,0
https://openalex.org/A5020201216,Fang Liu,https://openalex.org/I19820366,Chinese Academy of Sciences,2011,2025,0000-0002-9332-1676,,,,,1962.0,,,,,Q27683556,22,517,government,14,0,14,False,0,0,0,0,,2011,2025,49.0,2025.0,,0,0
https://openalex.org/A5033542596,Karl A. Roeder,https://openalex.org/I8692664,University of Oklahoma,2014,2021,0000-0002-2628-5003,NORMAN REGIONAL HEALTH SYSTEM -NORMAN CAMPUS,35.230413878,-97.439293783,0.8725353439584254,,,0000-0002-2628-5003,,University of Illinois Urbana–Champaign,Q56343628,47,883,education,7,0,7,False,0,0,0,0,,2008,2021,,2021.0,,0,0
https://openalex.org/A5033542596,Karl A. Roeder,https://openalex.org/I91045830,Texas A&M University,2008,2014,0000-0002-2628-5003,ST. JOSEPH REGIONAL HEALTH CENTER,30.6561370050001,-96.345972906,3.320591642404376,,,0000-0002-2628-5003,,University of Illinois Urbana–Champaign,Q56343628,47,883,education,6,0,6,False,0,0,0,0,,2008,2021,,2021.0,,0,0
https://openalex.org/A5073269968,Wanguo Liu,https://openalex.org/I194450716,Jilin University,2014,2025,0000-0002-5685-4705,,,,,,,,,,,169,5699,education,11,1,11,False,0,1,1,0,,2008,2025,,2025.0,,0,0
https://openalex.org/A5073269968,Wanguo Liu,https://openalex.org/I75420490,Louisiana State University Health Sciences Center New Orleans,2008,2018,0000-0002-5685-4705,TULANE MEDICAL CENTER,29.954800113,-90.0769039149999,0.1774689005179978,,,,,,,169,5699,healthcare,10,1,10,False,0,1,1,0,,2008,2025,,2025.0,,0,0
https://openalex.org/A5056129631,Aletha B. Laurent,https://openalex.org/I30558944,Oklahoma Medical Research Foundation,1993,2008,,VA MEDICAL CENTER - OKLAHOMA CITY,35.482815192,-97.49667171,0.0500912289512535,,,,,,,13,395,nonprofit,15,0,15,False,0,0,0,0,,1993,2008,,2008.0,,0,0
https://openalex.org/A5112149080,William L. Parry,https://openalex.org/I49332381,University of Oklahoma Health Sciences Center,1973,1988,,OU MEDICAL CENTER -THE CHILDREN'S HOSPITAL,35.4816532400001,-97.496105013,0.1550995745371904,1892.0,1987.0,,no2021025583,Harvard University,Q80323,13,287,healthcare,15,0,15,False,0,0,0,0,95.0,1973,1988,,1987.0,0.0,1,0
https://openalex.org/A5012274683,Larry E. Toothaker,https://openalex.org/I8692664,University of Oklahoma,1972,2014,,NORMAN REGIONAL HEALTH SYSTEM -NORMAN CAMPUS,35.230413878,-97.439293783,0.8725353439584254,,,,,,Q102124378,38,2636,education,42,0,42,False,0,0,1,0,,1972,2014,,2014.0,,0,0
https://openalex.org/A5079864491,Clark R. Wilson,https://openalex.org/I86519309,The University of Texas at Austin,1979,2025,0000-0003-1288-3245,HEALTHSOUTH REHABILITATION HOSPITAL OF AUSTIN,30.2731283970001,-97.734112941,1.0863629860892785,,,0000-0003-1288-3245,,University of Texas at Austin,Q58065775,207,8013,education,46,0,46,False,0,0,1,0,,1979,2025,,2025.0,,0,0
https://openalex.org/A5027869956,Merrill D. Funk,https://openalex.org/I110496330,Southern Utah University,2019,2025,0000-0003-2924-2778,VALLEY VIEW MEDICAL CENTER,37.6997603620001,-113.066674869,2.7382311060887763,,,0000-0003-2924-2778,,University of Texas at Brownsville,Q91781179,39,337,education,6,0,6,False,0,0,0,0,,2019,2025,,2025.0,,0,0
https://openalex.org/A5113640105,Daniel Sutter,https://openalex.org/I8692664,University of Oklahoma,1995,2016,,NORMAN REGIONAL HEALTH SYSTEM -NORMAN CAMPUS,35.230413878,-97.439293783,0.8725353439584254,1832.0,,,,,Q94887384,146,2516,education,21,0,21,False,0,0,1,0,,1995,2016,,2016.0,,1,0
https://openalex.org/A5025028114,Jill A. Irvine,https://openalex.org/I8692664,University of Oklahoma,1992,2018,,NORMAN REGIONAL HEALTH SYSTEM -NORMAN CAMPUS,35.230413878,-97.439293783,0.8725353439584254,1955.0,,,n92090567,,Q112422838,56,350,education,26,0,26,False,0,0,0,0,,1992,2018,37.0,2018.0,,0,0
https://openalex.org/A5032395508,Matthew Bauler,https://openalex.org/I8692664,University of Oklahoma,2001,2008,,NORMAN REGIONAL HEALTH SYSTEM -NORMAN CAMPUS,35.230413878,-97.439293783,0.8725353439584254,,,,,,,3,272,education,7,0,7,False,0,0,0,0,,2001,2008,,2008.0,,0,0
https://openalex.org/A5101785814,Hiroyuki Matsumoto,https://openalex.org/I49332381,University of Oklahoma Health Sciences Center,1997,2018,0009-0001-4219-9148,OU MEDICAL CENTER -THE CHILDREN'S HOSPITAL,35.4816532400001,-97.496105013,0.1550995745371904,1980.0,,,,,Q3136399,56,1732,healthcare,21,0,21,False,0,0,0,0,,1997,2018,17.0,2018.0,,0,0
https://openalex.org/A5076077804,Ruizhi Liu,https://openalex.org/I4210125137,First Hospital of Jilin University,2010,2025,0000-0002-3386-7765,,,,,,,0000-0002-3386-7765,,,Q88025186,269,1948,healthcare,15,1,15,False,0,1,1,0,,1992,2025,,2025.0,,0,0
https://openalex.org/A5076077804,Ruizhi Liu,https://openalex.org/I99065089,Tsinghua University,1992,2012,0000-0002-3386-7765,,,,,,,0000-0002-3386-7765,,,Q88025186,269,1948,education,20,1,20,False,0,1,1,0,,1992,2025,,2025.0,,0,0
https://openalex.org/A5075451046,J. Straka,https://openalex.org/I8692664,University of Oklahoma,1992,2007,0000-0002-9981-1326,NORMAN REGIONAL HEALTH SYSTEM -NORMAN CAMPUS,35.230413878,-97.439293783,0.8725353439584254,,,,,,,29,752,education,15,0,15,False,0,0,0,0,,1992,2007,,2007.0,,0,0
https://openalex.org/A5009186802,Ruthie Stevens,https://openalex.org/I8692664,University of Oklahoma,1995,2016,,NORMAN REGIONAL HEALTH SYSTEM -NORMAN CAMPUS,35.230413878,-97.439293783,0.8725353439584254,,,,,,,2,0,education,21,0,21,False,0,0,0,0,,1995,2016,,2016.0,,0,0
https://openalex.org/A5026689272,Amir Bhochhibhoya,https://openalex.org/I155781252,University of South Carolina,2018,2024,0000-0002-0677-8943,PALMETTO HEALTH BAPTIST HOSPITAL,34.006786871,-81.0331680419999,0.6924613075979149,,,0000-0002-0677-8943,,University of Oklahoma,Q85320100,34,391,education,6,0,6,False,0,1,0,1,,2018,2024,,2024.0,,0,0
https://openalex.org/A5108415120,Arnulf P. Hagen,https://openalex.org/I8692664,University of Oklahoma,1969,1998,,NORMAN REGIONAL HEALTH SYSTEM -NORMAN CAMPUS,35.230413878,-97.439293783,0.8725353439584254,1962.0,,,,Norwegian University of Science and Technology,Q12082747,44,362,education,29,0,29,False,0,0,0,0,,1969,1998,,1998.0,,1,0
https://openalex.org/A5079816331,Lawrence A. Plummer,https://openalex.org/I125749732,Western University,2014,2020,0000-0003-4051-1537,,,,,,,,,,,40,1652,education,6,0,6,False,0,1,0,0,,2008,2020,,2020.0,,0,0
https://openalex.org/A5079816331,Lawrence A. Plummer,https://openalex.org/I8078737,Clemson University,2008,2015,0000-0003-4051-1537,GHS OCONEE MEMORIAL HOSPITAL,34.6955306900001,-82.98721979,13.7663699357621,,,,,,,40,1652,education,7,0,7,False,0,1,0,0,,2008,2020,,2020.0,,0,0
https://openalex.org/A5100352749,Feng Chen,https://openalex.org/I111979921,Northwestern University,2001,2026,0000-0003-3508-8834,PRESENCE ST FRANCIS HOSPITAL,42.0243893370001,-87.684568052,1.917023334551091,,,0000-0003-3508-8834,,Augusta University,Q97542808,1260,62863,education,25,1,25,False,0,1,1,0,,1991,2026,,2026.0,,0,0
https://openalex.org/A5100352749,Feng Chen,https://openalex.org/I44461941,University of Houston,1993,2003,0000-0003-3508-8834,ST. JOSEPH MEDICAL CENTER,29.7481161270001,-95.366148139,1.7089215558991018,,,0000-0003-3508-8834,,Augusta University,Q97542808,1260,62863,education,10,1,10,False,0,1,1,0,,1991,2026,,2026.0,,0,0
https://openalex.org/A5100352749,Feng Chen,https://openalex.org/I186776151,Rider University,1991,1997,0000-0003-3508-8834,SAINT LAWRENCE REHABILITATION CENTER,40.2882778260001,-74.7350899749999,0.9530843914864208,,,0000-0003-3508-8834,,Augusta University,Q97542808,1260,62863,education,6,1,6,False,0,1,1,0,,1991,2026,,2026.0,,0,0
https://openalex.org/A5058534544,Bernd Chudoba,https://openalex.org/I189196454,The University of Texas at Arlington,2005,2025,,TEXAS HEALTH HEART & VASCULAR HOSPITAL  ARLINGTON,32.7475029290001,-97.1172286299999,1.846976642174752,,,,,,,110,367,education,20,0,20,False,0,0,1,0,,2005,2025,,2025.0,,0,0
https://openalex.org/A5089791746,Betty Ferrell,https://openalex.org/I1301076528,City Of Hope National Medical Center,1990,2025,0000-0003-0061-5235,CITY OF HOPE HELFORD CLINICAL RESEARCH HOSPITAL,34.1298015090001,-117.971137969,1.213004365962506,1956.0,,0000-0003-0061-5235,n94800537,City of Hope National Medical Center,Q90752138,714,29957,healthcare,35,1,35,False,0,0,1,0,,1990,2025,34.0,2025.0,,0,0
https://openalex.org/A5100326915,Xingwei Wang,https://openalex.org/I9224756,Northeastern University,1993,2025,0000-0003-2856-4716,,,,,,,0000-0003-2856-4716,,,Q130807877,873,10198,education,32,1,32,False,0,0,1,0,,1993,2025,,2025.0,,0,0
https://openalex.org/A5028863641,David A. Illingworth,https://openalex.org/I130701444,Georgia Institute of Technology,2015,2021,0000-0003-4017-5801,GRADY MEMORIAL HOSPITAL,33.751988554,-84.3817915719999,0.6616538728322765,1931.0,2022.0,,,,Q62111126,19,169,education,6,0,6,False,0,1,0,0,91.0,2015,2025,,2022.0,0.0,1,0
https://openalex.org/A5028863641,David A. Illingworth,https://openalex.org/I59897056,"California State University, Long Beach",2019,2025,0000-0003-4017-5801,ST. MARY MEDICAL CENTER,33.780423381,-118.186115366,1.524505448887301,1931.0,2022.0,,,,Q62111126,19,169,education,6,0,6,False,0,1,0,0,91.0,2015,2025,,2022.0,0.0,1,0
https://openalex.org/A5050330450,Susan Redline,https://openalex.org/I136199984,Harvard University,1989,2025,0000-0002-6585-1610,SPAULDING HOSPITAL FOR CONTINUING MED CARE CAMBRIDGE,42.3753221040001,-71.106943456,0.1122862784625716,,,0000-0002-6585-1610,n2014186546,,Q64755281,1673,119685,education,36,1,36,False,0,1,1,1,,1989,2025,,2025.0,,0,0
https://openalex.org/A5027752516,Mai Thanh Ha,https://openalex.org/I8692664,University of Oklahoma,2002,2010,0000-0002-2172-9154,NORMAN REGIONAL HEALTH SYSTEM -NORMAN CAMPUS,35.230413878,-97.439293783,0.8725353439584254,,,,n98038887,,Q700879,14,53,education,8,0,8,False,0,0,0,0,,2002,2010,,2010.0,,0,0
https://openalex.org/A5113577608,J. Payne,https://openalex.org/I8692664,University of Oklahoma,1966,2005,,NORMAN REGIONAL HEALTH SYSTEM -NORMAN CAMPUS,35.230413878,-97.439293783,0.8725353439584254,1856.0,1933.0,,n84039391,,Q6187795,7,58,education,39,0,39,False,0,0,0,0,77.0,1966,2005,,1933.0,0.0,1,0
https://openalex.org/A5088347977,Ronald F. Sprouse,https://openalex.org/I76835614,University of Missouri,1977,1991,,UNIVERSITY OF MISSOURI HEALTH CARE,38.9383836580001,-92.328178114,1.566980228329968,,,,,,,32,637,education,14,0,14,False,0,1,0,1,,1977,1991,,1991.0,,0,0
https://openalex.org/A5035102363,Hiba Baroud,https://openalex.org/I200719446,Vanderbilt University,2016,2025,0000-0003-3641-6449,METROPOLITAN NASHVILLE GENERAL HOSPITAL,36.166906969,-86.80656112,1.9889945155026283,,,0000-0003-3641-6449,,,Q91740572,83,1476,education,9,0,9,False,0,0,0,0,,2016,2025,,2025.0,,0,0
https://openalex.org/A5010804491,Julien H. Arrizabalaga,https://openalex.org/I8692664,University of Oklahoma,2012,2020,0000-0001-8603-4575,NORMAN REGIONAL HEALTH SYSTEM -NORMAN CAMPUS,35.230413878,-97.439293783,0.8725353439584254,,,,,,,20,420,education,8,0,8,False,0,1,0,0,,2012,2025,,2025.0,,0,0
https://openalex.org/A5010804491,Julien H. Arrizabalaga,https://openalex.org/I130769515,Pennsylvania State University,2019,2025,0000-0001-8603-4575,MOUNT NITTANY MEDICAL CENTER,40.8185483410001,-77.842589845,3.158028882678651,,,,,,,20,420,education,6,0,6,False,0,1,0,0,,2012,2025,,2025.0,,0,0
https://openalex.org/A5048002975,Beryl B. Simpson,https://openalex.org/I86519309,The University of Texas at Austin,1979,2023,0000-0001-8336-6048,HEALTHSOUTH REHABILITATION HOSPITAL OF AUSTIN,30.2731283970001,-97.734112941,1.0863629860892785,1942.0,,0000-0001-8336-6048,n78029276,Harvard University,Q5727167,145,7848,education,44,1,44,False,0,0,0,0,,1979,2023,37.0,2023.0,,0,0
https://openalex.org/A5103475576,James M. Price,https://openalex.org/I115475287,Oklahoma State University,1978,1999,,STILLWATER MEDICAL CENTER,36.115011098,-97.0751020659999,1.5042307873313332,1825.0,1899.0,,no2005070372,,Q94406111,60,898,education,21,0,21,False,0,0,0,0,74.0,1978,1999,,1899.0,0.0,1,0
https://openalex.org/A5025049050,Yukichi Sasaki,https://openalex.org/I8692664,University of Oklahoma,1978,1985,0000-0002-8868-0738,NORMAN REGIONAL HEALTH SYSTEM -NORMAN CAMPUS,35.230413878,-97.439293783,0.8725353439584254,,,,,,,124,1754,education,7,1,7,False,0,0,0,0,,1978,1985,,1985.0,,0,0
https://openalex.org/A5111810472,Frank Miranda,https://openalex.org/I8692664,University of Oklahoma,1976,1985,0000-0003-3687-0983,NORMAN REGIONAL HEALTH SYSTEM -NORMAN CAMPUS,35.230413878,-97.439293783,0.8725353439584254,,,,,,,22,170,education,9,0,9,False,0,0,0,0,,1976,1985,,1985.0,,0,0
https://openalex.org/A5101811222,Fan Yang,https://openalex.org/I8692664,University of Oklahoma,2009,2022,0000-0002-4954-9681,NORMAN REGIONAL HEALTH SYSTEM -NORMAN CAMPUS,35.230413878,-97.439293783,0.8725353439584254,1962.0,,,,,Q5433586,42,271,education,13,0,13,False,0,0,0,0,,2009,2022,47.0,2022.0,,0,0
https://openalex.org/A5089880857,Subodh Kumar,https://openalex.org/I926076166,Texas Tech University Health Sciences Center,2016,2025,0000-0003-4705-122X,LLANO SPECIALTY HOSPITAL,33.5867926990001,-101.850830776,1.0713819269470508,1991.0,,,,,Q7631756,113,3187,education,9,1,9,False,0,1,1,1,,1973,2025,,2025.0,,1,0
https://openalex.org/A5089880857,Subodh Kumar,https://openalex.org/I4210131968,The Christie Hospital,1973,2003,0000-0003-4705-122X,,,,,1991.0,,,,,Q7631756,113,3187,healthcare,30,1,30,False,0,0,1,1,,1973,2025,,2025.0,,1,0
https://openalex.org/A5070656368,JoLaine R. Draugalis,https://openalex.org/I8692664,University of Oklahoma,2007,2023,,NORMAN REGIONAL HEALTH SYSTEM -NORMAN CAMPUS,35.230413878,-97.439293783,0.8725353439584254,,,,,,,118,2007,education,16,0,16,False,0,1,1,1,,1990,2023,,2023.0,,0,0
https://openalex.org/A5070656368,JoLaine R. Draugalis,https://openalex.org/I138006243,University of Arizona,1990,2006,,"UNIVERSITY OF ARIZONA MEDICAL CENTER- UNIVERSITY CAMPUS, THE",32.241073209,-110.946120188,2.83445977107909,,,,,,,118,2007,education,16,0,16,False,0,0,1,1,,1990,2023,,2023.0,,0,0
https://openalex.org/A5028000024,Kenneth E. Bartels,https://openalex.org/I115475287,Oklahoma State University,1985,2024,,STILLWATER MEDICAL CENTER,36.115011098,-97.0751020659999,1.5042307873313332,,,,,,,138,1957,education,39,0,39,False,0,0,1,0,,1985,2024,,2024.0,,0,0
https://openalex.org/A5111952061,G. R. Keller,https://openalex.org/I164936912,The University of Texas at El Paso,1980,2011,,LAS PALMAS MEDICAL CENTER,31.769835867,-106.499075548,1.686989859494014,1946.0,,0000-0001-6078-8475,n78030206,University of Oklahoma,Q57821080,298,6925,education,31,1,31,False,0,1,1,0,,1980,2021,34.0,2021.0,,0,0
https://openalex.org/A5111952061,G. R. Keller,https://openalex.org/I8692664,University of Oklahoma,2007,2021,,NORMAN REGIONAL HEALTH SYSTEM -NORMAN CAMPUS,35.230413878,-97.439293783,0.8725353439584254,1946.0,,0000-0001-6078-8475,n78030206,University of Oklahoma,Q57821080,298,6925,education,14,1,14,False,0,1,1,0,,1980,2021,34.0,2021.0,,0,0
https://openalex.org/A5063698411,Thomas D. Hall,https://openalex.org/I12113309,DePauw University,1993,2023,,PUTNAM COUNTY HOSPITAL,39.621171256,-86.847799736,2.9707111742864667,1936.0,2021.0,,n81083948,,Q320824,194,10817,education,30,0,30,False,0,0,1,0,85.0,1993,2023,,2021.0,0.0,1,0
https://openalex.org/A5102021023,Michael Smith,https://openalex.org/I55732556,Arizona State University,1992,2023,0009-0003-7058-9105,"TEMPE ST LUKE'S HOSPITAL, A CAMPUS OF ST LUKE'S MEDICAL CENTER",33.412596857,-111.940612498,2.9154111832168663,1932.0,2000.0,,n2004123285,University of British Columbia,Q232289,311,3035,education,31,1,31,False,0,0,1,0,68.0,1992,2023,,2000.0,0.0,1,0
https://openalex.org/A5008861165,Jie Cai,https://openalex.org/I115592961,Jiangsu University,2012,2025,0000-0001-9505-6725,,,,,,,,,,Q33665622,235,3506,education,13,0,13,False,0,0,1,0,,2012,2025,,2025.0,,0,0
https://openalex.org/A5108384788,V. Shelkov,https://openalex.org/I95457486,"University of California, Berkeley",2001,2018,,ALTA BATES SUMMIT MED CTR-HERRICK CAMPUS,37.8644118560001,-122.268577616,0.8781923132251,,,,,,,241,11104,education,17,1,17,False,0,0,0,0,,2001,2018,,2018.0,,0,0
https://openalex.org/A5101591634,Pradeep Yadav,https://openalex.org/I8692664,University of Oklahoma,2002,2024,0000-0003-1278-9136,NORMAN REGIONAL HEALTH SYSTEM -NORMAN CAMPUS,35.230413878,-97.439293783,0.8725353439584254,,,0000-0003-1278-9136,,Penn State Milton S. Hershey Medical Center,Q89598906,207,2941,education,22,0,22,False,0,0,1,0,,2002,2024,,2024.0,,0,0
https://openalex.org/A5058003426,I. M. Jawahar,https://openalex.org/I47301684,Illinois State University,2001,2023,0000-0002-9650-0098,BROMENN HEALTHCARE,40.496970979,-88.9908500019999,1.9158700196717449,,,,,,,125,5023,education,22,0,22,False,0,0,1,0,,2001,2023,,2023.0,,0,0
https://openalex.org/A5112279340,Mostafa M. Emara,https://openalex.org/I184834183,Al-Azhar University,1978,2025,,,,,,,,,,,Q114444010,73,607,education,47,0,47,False,0,0,1,0,,1978,2025,,2025.0,,0,0
https://openalex.org/A5077531820,Barbara Baum Levenbook,https://openalex.org/I137902535,North Carolina State University,1981,2024,0009-0001-3997-7471,WAKEMED,35.784511348,-78.587901971,4.778060562524133,,,,,,,36,332,education,43,0,43,False,0,0,0,0,,1981,2024,,2024.0,,0,0
https://openalex.org/A5063832401,Joseph L. Waner,https://openalex.org/I49332381,University of Oklahoma Health Sciences Center,1985,2005,,OU MEDICAL CENTER -THE CHILDREN'S HOSPITAL,35.4816532400001,-97.496105013,0.1550995745371904,,,,,,,58,1426,healthcare,20,0,20,False,0,0,1,0,,1985,2005,,2005.0,,0,0
https://openalex.org/A5020934923,Elizabeth Droke,https://openalex.org/I177156846,South Dakota State University,2006,2017,,BROOKINGS HEALTH SYSTEM,44.3078783070001,-96.7669672489999,2.5302980959330896,,,,,,,31,671,education,11,0,11,False,0,0,0,0,,2006,2017,,2017.0,,0,0
https://openalex.org/A5078638924,Elena B. Tikhonova,https://openalex.org/I8692664,University of Oklahoma,2002,2013,0000-0002-7892-9173,NORMAN REGIONAL HEALTH SYSTEM -NORMAN CAMPUS,35.230413878,-97.439293783,0.8725353439584254,,,0000-0002-7892-9173,,Texas Tech University,Q59582274,52,1703,education,11,0,11,False,0,0,1,0,,2002,2024,,2024.0,,0,0
https://openalex.org/A5078638924,Elena B. Tikhonova,https://openalex.org/I926076166,Texas Tech University Health Sciences Center,2014,2024,0000-0002-7892-9173,LLANO SPECIALTY HOSPITAL,33.5867926990001,-101.850830776,1.0713819269470508,,,0000-0002-7892-9173,,Texas Tech University,Q59582274,52,1703,education,10,0,10,False,0,0,1,0,,2002,2024,,2024.0,,0,0
https://openalex.org/A5033805651,Daniel Stegmueller,https://openalex.org/I170897317,Duke University,2017,2025,0000-0003-3188-1253,DUKE UNIVERSITY HOSPITAL,36.0070497990001,-78.937758112,3.8068183114717904,1981.0,,,,,Q133754165,119,2190,education,8,0,8,False,0,0,0,0,,2017,2025,36.0,2025.0,,0,0
https://openalex.org/A5104013281,Emily Williams,https://openalex.org/I75421653,University of Missouri–Kansas City,2018,2024,0000-0002-8262-9181,ST. LUKE'S HOSPITAL OF KANSAS CITY,39.047433617,-94.5901959189999,1.9946480854673607,1984.0,,,,,Q5372426,48,404,education,6,0,6,False,0,0,0,0,,2018,2024,34.0,2024.0,,0,0
https://openalex.org/A5100446916,Jiahui Wang,https://openalex.org/I143868143,Anhui University,2019,2025,0000-0002-6438-1506,,,,,,,0000-0002-9622-3043,,,Q89947910,84,411,education,6,0,6,False,0,0,0,0,,2019,2025,,2025.0,,0,0
https://openalex.org/A5056976963,Rupen Desai,https://openalex.org/I204465549,Washington University in St. Louis,2016,2024,0000-0002-2052-7243,VA MEDICAL CENTER - JOHN COCHRAN DIVISION,38.6423845620001,-90.2312485419999,3.34963558672706,,,0000-0002-2052-7243,,,Q93051645,83,1124,education,8,0,8,False,0,0,0,0,,2016,2024,,2024.0,,0,0
https://openalex.org/A5072919264,Tim Gorichanaz,https://openalex.org/I72816309,Drexel University,2015,2025,0000-0003-0226-7799,MAGEE REHABILITATION HOSPITAL,39.9568141240001,-75.16527023,0.5126026831433603,,,0000-0003-0226-7799,,Drexel University,Q58673976,114,1152,education,10,0,10,False,0,0,0,0,,2015,2025,,2025.0,,0,0
https://openalex.org/A5067881122,LaVerne L. Hoag,https://openalex.org/I8692664,University of Oklahoma,1971,1982,,NORMAN REGIONAL HEALTH SYSTEM -NORMAN CAMPUS,35.230413878,-97.439293783,0.8725353439584254,,,,,,,23,54,education,11,0,11,False,0,0,0,0,,1971,1982,,1982.0,,0,0
https://openalex.org/A5014640820,Wendy Galbraith,https://openalex.org/I8692664,University of Oklahoma,2008,2025,,NORMAN REGIONAL HEALTH SYSTEM -NORMAN CAMPUS,35.230413878,-97.439293783,0.8725353439584254,,,,,,,16,26,education,17,0,17,False,0,0,1,0,,2008,2025,,2025.0,,0,0
https://openalex.org/A5109236521,Rory McCloy,https://openalex.org/I2801926401,Manchester Royal Infirmary,1991,2004,,,,,,,,,,,,17,486,healthcare,13,0,13,False,0,0,0,0,,1991,2004,,2004.0,,0,0
https://openalex.org/A5003640922,Bianca A.R. Galletti,https://openalex.org/I8692664,University of Oklahoma,2016,2025,,NORMAN REGIONAL HEALTH SYSTEM -NORMAN CAMPUS,35.230413878,-97.439293783,0.8725353439584254,,,,,,,14,67,education,9,0,9,False,0,0,0,0,,2016,2025,,2025.0,,0,0
https://openalex.org/A5088647694,Rakesh Kumar,https://openalex.org/I39190216,Maulana Azad Medical College,2002,2021,0000-0002-4627-3667,,,,,,,0000-0002-4627-3667,,,Q98951655,152,1616,education,19,0,19,False,0,0,1,0,,2002,2021,,2021.0,,0,0
https://openalex.org/A5100640260,Bing Xia,https://openalex.org/I102322142,"Rutgers, The State University of New Jersey",1998,2025,0000-0003-3259-6139,CHILDREN'S SPECIALIZED HOSPITAL,40.494825098,-74.451690392,0.9569060123417374,,,0000-0003-3259-6139,,Cancer Institute of New Jersey,Q87806255,525,14810,education,27,1,27,False,0,0,1,0,,1998,2025,,2025.0,,0,0
https://openalex.org/A5083610958,Andrea Benjamin,https://openalex.org/I114027177,University of North Carolina at Chapel Hill,2011,2025,0000-0002-6745-7983,UNIVERSITY OF NORTH CAROLINA HOSPITALS,35.9045427030001,-79.049689229,1.110654999538604,,,,,,,31,255,education,14,0,14,False,0,0,0,0,,2011,2025,,2025.0,,0,0
https://openalex.org/A5061866399,Alexander Moreno,https://openalex.org/I70931966,Université de Montréal,2015,2025,0000-0003-3651-3222,,,,,1981.0,,,,,Q22279289,88,935,education,10,1,10,False,0,0,1,0,,2015,2025,34.0,2025.0,,0,0
https://openalex.org/A5054602117,Carol Aghajanian,https://openalex.org/I1334819555,Memorial Sloan Kettering Cancer Center,1995,2025,0000-0003-0851-3225,NEW YORK-PRESBYTERIAN/LOWER MANHATTAN HOSPITAL,40.7105167880001,-74.0052978259999,0.4212931995566836,,,0000-0003-0851-3225,,Memorial Sloan Kettering Cancer Center,Q91946596,828,34965,healthcare,30,1,30,False,0,0,1,0,,1995,2025,,2025.0,,0,0
https://openalex.org/A5086304203,Corinne Renguette,https://openalex.org/I55769427,Indiana University – Purdue University Indianapolis,2017,2024,0000-0002-8639-8835,IU HEALTH UNIVERSITY HOSPITAL,39.7752833260001,-86.176561615,1.7592374708104055,,,0000-0002-8639-8835,,,Q132567379,27,102,education,7,0,7,False,0,0,1,0,,2017,2024,,2024.0,,0,0
https://openalex.org/A5076396116,Maximilian Maahn,https://openalex.org/I926574661,Leipzig University,2018,2026,0000-0002-2580-9100,,,,,,,0000-0002-2580-9100,,University of Cologne,Q58091338,139,2872,education,8,0,8,False,0,1,0,0,,2012,2026,,2026.0,,0,0
https://openalex.org/A5076396116,Maximilian Maahn,https://openalex.org/I180923762,University of Cologne,2012,2021,0000-0002-2580-9100,,,,,,,0000-0002-2580-9100,,University of Cologne,Q58091338,139,2872,education,9,0,9,False,0,1,0,0,,2012,2026,,2026.0,,0,0
https://openalex.org/A5043067545,Robert Riding,https://openalex.org/I79510175,Cardiff University,1979,2011,0000-0001-7502-1031,,,,,1944.0,,0000-0001-7502-1031,n85187028,University of Tennessee,Q54610072,199,13003,education,32,0,32,False,0,1,1,0,,1979,2025,35.0,2025.0,,0,0
https://openalex.org/A5043067545,Robert Riding,https://openalex.org/I75027704,University of Tennessee at Knoxville,2008,2025,0000-0001-7502-1031,BAPTIST HOSPITAL OF EAST TENNESSEE,35.955245645,-83.914459568,0.8242155808756435,1944.0,,0000-0001-7502-1031,n85187028,University of Tennessee,Q54610072,199,13003,education,17,0,17,False,0,1,1,0,,1979,2025,35.0,2025.0,,0,0
https://openalex.org/A5025627439,Eric Knudtson,https://openalex.org/I49332381,University of Oklahoma Health Sciences Center,2009,2024,,OU MEDICAL CENTER -THE CHILDREN'S HOSPITAL,35.4816532400001,-97.496105013,0.1550995745371904,,,,,,Q117233981,40,1214,healthcare,15,0,15,False,0,0,1,0,,2009,2024,,2024.0,,0,0
https://openalex.org/A5052039443,Jory Griffin,https://openalex.org/I36234482,University of Bristol,2015,2023,0000-0002-4201-1299,,,,,,,,,,,10,23,education,8,0,8,False,0,0,0,0,,2015,2023,,2023.0,,0,0
https://openalex.org/A5032363170,Anja Lorch,https://openalex.org/I136199984,Harvard University,2012,2025,0000-0003-4298-1428,SPAULDING HOSPITAL FOR CONTINUING MED CARE CAMBRIDGE,42.3753221040001,-71.106943456,0.1122862784625716,,,0000-0003-4298-1428,,Massachusetts Eye and Ear Infirmary,Q61185963,299,5428,education,13,1,13,False,0,1,1,1,,2012,2025,,2025.0,,0,0
https://openalex.org/A5005970569,Connie S. Dunaway,https://openalex.org/I8692664,University of Oklahoma,1998,2020,,NORMAN REGIONAL HEALTH SYSTEM -NORMAN CAMPUS,35.230413878,-97.439293783,0.8725353439584254,,,,,,,2,11,education,22,0,22,False,0,0,0,0,,1998,2020,,2020.0,,0,0
https://openalex.org/A5035326566,Jeffrey Starr,https://openalex.org/I126231945,Queen's University Belfast,1967,1978,,,,,,1968.0,,,,,Q75475049,9,28,education,11,0,11,False,0,0,0,0,,1967,1978,,1978.0,,1,0
https://openalex.org/A5008172525,William E. Unrau,https://openalex.org/I39587148,Wichita State University,1971,2009,,VIA CHRISTI HOSPITALS WICHITA INC,37.6998994530001,-97.332278145,0.9692118642717192,,,,,,,74,486,education,38,0,38,False,0,0,0,0,,1971,2009,,2009.0,,0,0
https://openalex.org/A5109973267,Sue L. McPherson,https://openalex.org/I103406327,Western Carolina University,1993,2017,,HARRIS REGIONAL HOSPITAL,35.386010888,-83.203001373,8.390416338248782,,,,,,,43,1842,education,24,0,24,False,0,0,0,0,,1993,2017,,2017.0,,0,0
https://openalex.org/A5024014689,Kyle J. Thiem,https://openalex.org/I8692664,University of Oklahoma,2012,2022,,NORMAN REGIONAL HEALTH SYSTEM -NORMAN CAMPUS,35.230413878,-97.439293783,0.8725353439584254,,,,,,,15,177,education,10,0,10,False,0,0,0,0,,2012,2022,,2022.0,,0,0
https://openalex.org/A5110774277,Qiuting Zhang,https://openalex.org/I99065089,Tsinghua University,2017,2024,,,,,,,,0000-0002-3410-5906,,Nanjing Normal University,Q61796746,25,1419,education,7,1,7,False,0,0,0,0,,2017,2024,,2024.0,,0,0
https://openalex.org/A5052873457,Jad Kebbe,https://openalex.org/I49332381,University of Oklahoma Health Sciences Center,2017,2024,0000-0002-6912-3071,OU MEDICAL CENTER -THE CHILDREN'S HOSPITAL,35.4816532400001,-97.496105013,0.1550995745371904,2000.0,,0000-0002-6912-3071,,,Q41364706,24,156,healthcare,7,0,7,False,0,0,0,0,,2017,2024,17.0,2024.0,,0,0
https://openalex.org/A5114377818,M. Garcia-Sciveres,https://openalex.org/I205783295,Cornell University,1990,1996,0000-0002-5800-4210,CAYUGA MEDICAL CENTER,42.4689850720001,-76.537484161,4.602820788088144,,,0000-0002-5800-4210,,Lawrence Berkeley National Laboratory,Q57793052,2047,124574,education,6,1,6,False,0,0,0,0,,1990,2025,,2025.0,,0,0
https://openalex.org/A5114377818,M. Garcia-Sciveres,https://openalex.org/I95457486,"University of California, Berkeley",2016,2025,0000-0002-5800-4210,ALTA BATES SUMMIT MED CTR-HERRICK CAMPUS,37.8644118560001,-122.268577616,0.8781923132251,,,0000-0002-5800-4210,,Lawrence Berkeley National Laboratory,Q57793052,2047,124574,education,9,1,9,False,0,0,0,0,,1990,2025,,2025.0,,0,0
https://openalex.org/A5109383563,Sidney J. Blatt,https://openalex.org/I32971472,Yale University,1961,2016,,YALE-NEW HAVEN HOSPITAL,41.30469134,-72.9354136589999,0.7176389367718299,1928.0,2014.0,,n82249867,Yale University,Q20273412,344,22644,education,55,1,50,True,0,0,0,0,86.0,1961,2016,33.0,2014.0,0.0,0,0
https://openalex.org/A5044396302,K. Abdul Hamid,https://openalex.org/I102913810,Universiti Malaysia Pahang Al-Sultan Abdullah,2014,2021,0000-0002-9423-6086,,,,,,,0000-0002-1504-7595,,University of Sydney,Q85020726,39,2127,education,7,0,7,False,0,0,0,0,,2014,2021,,2021.0,,0,0
https://openalex.org/A5108733734,Antony J. Chapman,https://openalex.org/I130828816,University of Leeds,1984,1995,,,,,,1947.0,,,n80121128,,Q112487598,63,1667,education,11,0,11,False,0,0,0,1,,1973,1995,26.0,1995.0,,0,0
https://openalex.org/A5108733734,Antony J. Chapman,https://openalex.org/I4210162667,University of Wales Institute Cardiff,1973,1982,,,,,,1947.0,,,n80121128,,Q112487598,63,1667,education,9,0,9,False,0,1,0,1,,1973,1995,26.0,1995.0,,0,0
https://openalex.org/A5089103796,Anders Olofsgård,https://openalex.org/I184565670,Georgetown University,2002,2012,0000-0002-0455-0822,GEORGE WASHINGTON UNIVERSITY HOSPITAL,38.901319008,-77.050636676,1.4145520858451976,,,,,,,66,868,education,10,1,10,False,0,1,1,0,,2002,2024,,2024.0,,0,0
https://openalex.org/A5089103796,Anders Olofsgård,https://openalex.org/I180242103,Stockholm School of Economics,2011,2024,0000-0002-0455-0822,,,,,,,,,,,66,868,education,13,1,13,False,0,1,1,0,,2002,2024,,2024.0,,0,0
https://openalex.org/A5080638576,Shane P. Desselle,https://openalex.org/I24624658,Touro University California,2015,2025,0000-0002-5987-1391,ST. HELENA HOSPITAL CENTER FOR BEHAVIORAL HEALTH,38.1179037480001,-122.248893686,1.6786349646077148,,,0000-0002-5987-1391,,,Q86650121,221,2751,education,10,1,10,False,0,0,0,0,,2000,2025,,2025.0,,0,0
https://openalex.org/A5080638576,Shane P. Desselle,https://openalex.org/I165102784,Duquesne University,2000,2009,0000-0002-5987-1391,UPMC MERCY,40.436099,-79.985113999,1.0412172967401363,,,0000-0002-5987-1391,,,Q86650121,221,2751,education,9,1,9,False,0,0,0,0,,2000,2025,,2025.0,,0,0
https://openalex.org/A5014312942,Shivani N. Mann,https://openalex.org/I8692664,University of Oklahoma,2011,2022,0000-0003-4499-1945,NORMAN REGIONAL HEALTH SYSTEM -NORMAN CAMPUS,35.230413878,-97.439293783,0.8725353439584254,,,,,,,27,398,education,11,0,11,False,0,0,1,0,,2011,2022,,2022.0,,0,0
https://openalex.org/A5066566141,Philip E. Klebba,https://openalex.org/I8692664,University of Oklahoma,1998,2012,,NORMAN REGIONAL HEALTH SYSTEM -NORMAN CAMPUS,35.230413878,-97.439293783,0.8725353439584254,,,,,,,5,192,education,14,0,14,False,0,0,0,0,,1998,2012,,2012.0,,0,0
https://openalex.org/A5028316446,Kelly M. Standifer,https://openalex.org/I8692664,University of Oklahoma,2007,2025,0000-0002-3246-8703,NORMAN REGIONAL HEALTH SYSTEM -NORMAN CAMPUS,35.230413878,-97.439293783,0.8725353439584254,,,0000-0002-3246-8703,,,Q99545702,92,2585,education,18,0,18,False,0,1,1,1,,2007,2025,,2025.0,,0,0
https://openalex.org/A5007751931,Yanjiang Zhou,https://openalex.org/I1328775524,Zhejiang Sci-Tech University,2007,2021,0009-0000-2881-1874,,,,,,,,,,,13,112,education,14,0,14,False,0,0,0,0,,2007,2021,,2021.0,,0,0
https://openalex.org/A5011296982,Kuhika Gupta,https://openalex.org/I8692664,University of Oklahoma,2012,2025,0000-0002-6264-1423,NORMAN REGIONAL HEALTH SYSTEM -NORMAN CAMPUS,35.230413878,-97.439293783,0.8725353439584254,,,,,,,58,1091,education,13,0,13,False,0,0,0,0,,2012,2025,,2025.0,,0,0
https://openalex.org/A5006402876,Charles A. Leath,https://openalex.org/I32389192,University of Alabama at Birmingham,2002,2025,0000-0002-4034-6845,UNIVERSITY OF ALABAMA HOSPITAL,33.505603292,-86.8020353969999,1.6747599398826392,,,0000-0002-4034-6845,,University of Alabama at Birmingham,Q92650625,416,8244,education,23,1,23,False,0,0,1,0,,2002,2025,,2025.0,,0,0
https://openalex.org/A5000631854,Maxine Robertson,https://openalex.org/I39555362,University of Warwick,1995,2005,,,,,,,,,,,,105,5834,education,10,0,10,False,0,0,1,1,,1995,2022,,2022.0,,0,0
https://openalex.org/A5000631854,Maxine Robertson,https://openalex.org/I166337079,Queen Mary University of London,2007,2022,,,,,,,,,,,,105,5834,education,15,0,15,False,0,1,1,1,,1995,2022,,2022.0,,0,0
https://openalex.org/A5057038064,S. J. Pannalal,https://openalex.org/I74413500,University of Windsor,2003,2009,0009-0005-9279-8922,,,,,,,,,,,20,141,education,6,0,6,False,0,0,0,0,,2003,2009,,2009.0,,0,0
https://openalex.org/A5035871571,Larisa V. Debelenko,https://openalex.org/I78577930,Columbia University,2003,2023,0000-0002-9443-5181,NEW YORK-PRESBYTERIAN/LOWER MANHATTAN HOSPITAL,40.7105167880001,-74.0052978259999,0.4211660176629024,,,0000-0002-9443-5181,,,Q103805086,75,4786,education,20,1,20,False,0,0,1,0,,2003,2023,,2023.0,,0,0
https://openalex.org/A5006538892,Susan M. Edwards,https://openalex.org/I49332381,University of Oklahoma Health Sciences Center,2003,2009,,OU MEDICAL CENTER -THE CHILDREN'S HOSPITAL,35.4816532400001,-97.496105013,0.1550995745371904,,,0000-0001-6226-1220,n2015041235,,Q45292427,29,262,healthcare,6,0,6,False,0,0,0,0,,2003,2009,,2009.0,,0,0
https://openalex.org/A5060206799,Jay S. Hanas,https://openalex.org/I49332381,University of Oklahoma Health Sciences Center,1989,2022,0000-0003-1922-5333,OU MEDICAL CENTER -THE CHILDREN'S HOSPITAL,35.4816532400001,-97.496105013,0.1550995745371904,,,0000-0003-1922-5333,,University of Oklahoma Health Sciences Center,Q57071252,91,2027,healthcare,33,1,33,False,0,0,1,0,,1989,2022,,2022.0,,0,0
https://openalex.org/A5108057066,Sugato Banerjee,https://openalex.org/I154570441,"University of California, Santa Barbara",1988,1995,0000-0002-4402-3066,SANTA BARBARA COTTAGE HOSPITAL,34.429466689,-119.723809039,2.5384727841850334,,,,,,Q121461626,134,2499,education,7,1,7,False,0,0,1,0,,1988,2019,,2019.0,,0,0
https://openalex.org/A5108057066,Sugato Banerjee,https://openalex.org/I243989293,KPC Medical College and Hospital,2012,2019,0000-0002-4402-3066,,,,,,,,,,Q121461626,134,2499,education,7,1,7,False,0,0,1,0,,1988,2019,,2019.0,,0,0
https://openalex.org/A5011313672,John Peters,https://openalex.org/I4210102809,Whipps Cross University Hospital,2006,2017,0000-0002-4574-368X,,,,,,,0000-0002-4574-368X,,,Q96044374,71,1240,healthcare,11,1,11,False,0,0,0,0,,2006,2017,,2017.0,,0,0
https://openalex.org/A5100614762,Lin Wang,https://openalex.org/I194450716,Jilin University,2004,2024,0000-0003-4636-8225,,,,,,,,,,Q712358,174,5108,education,20,0,20,False,0,0,1,0,,2004,2024,,2024.0,,0,0
https://openalex.org/A5041386465,Dale R. Fuqua,https://openalex.org/I4210131712,Oklahoma State University Oklahoma City,1988,2012,,VALIR REHABILITATION HOSPITAL OF OKC,35.474896238,-97.5249415819999,5.170455602653693,,,,,,Q113803339,137,2999,education,24,0,24,False,0,1,0,1,,1982,2012,,2012.0,,0,0
https://openalex.org/A5041386465,Dale R. Fuqua,https://openalex.org/I24571045,University of North Dakota,1982,1988,,ALTRU HOSPITAL,47.910573,-97.0686861949999,3.13035928451781,,,,,,Q113803339,137,2999,education,6,0,6,False,0,0,0,1,,1982,2012,,2012.0,,0,0
https://openalex.org/A5067817046,Weston H. Nowlin,https://openalex.org/I128956969,Texas Christian University,2000,2006,0000-0001-8734-1008,JOHN PETER SMITH HOSPITAL,32.727080034,-97.327101276,0.6138392164680009,,,0000-0001-8734-1008,,Texas State University,Q108461826,66,1187,education,6,0,6,False,0,1,0,0,,2000,2025,,2025.0,,0,0
https://openalex.org/A5067817046,Weston H. Nowlin,https://openalex.org/I13511017,Texas State University,2006,2025,0000-0001-8734-1008,OCEANS BEHAVIORAL HOSPITAL OF SAN MARCOS,29.8840848,-97.918060677,2.2511055649819816,,,0000-0001-8734-1008,,Texas State University,Q108461826,66,1187,education,19,0,19,False,0,1,0,0,,2000,2025,,2025.0,,0,0
https://openalex.org/A5067817046,Weston H. Nowlin,https://openalex.org/I212119943,University of Victoria,2003,2010,0000-0001-8734-1008,,,,,,,0000-0001-8734-1008,,Texas State University,Q108461826,66,1187,education,7,0,7,False,0,1,0,0,,2000,2025,,2025.0,,0,0
https://openalex.org/A5100340898,Min Wang,https://openalex.org/I4210114445,Michigan Medicine,2015,2021,0000-0002-2201-9269,UNIVERSITY OF MICHIGAN HEALTH SYSTEM,42.283191747,-83.728707796,1.181076648372232,,,0000-0002-2201-9269,,,Q90992133,32,676,healthcare,6,0,6,False,0,1,0,1,,2012,2021,,2021.0,,0,0
https://openalex.org/A5100340898,Min Wang,https://openalex.org/I157773358,Sun Yat-sen University,2012,2018,0000-0002-2201-9269,,,,,,,0000-0002-2201-9269,,,Q90992133,32,676,education,6,0,6,False,0,1,0,1,,2012,2021,,2021.0,,0,0
https://openalex.org/A5089488645,Robert L. Shambaugh,https://openalex.org/I8692664,University of Oklahoma,1990,2020,0000-0001-6156-9178,NORMAN REGIONAL HEALTH SYSTEM -NORMAN CAMPUS,35.230413878,-97.439293783,0.8725353439584254,,,,,,,65,2867,education,30,0,30,False,0,0,0,0,,1990,2020,,2020.0,,0,0
https://openalex.org/A5035916095,Víctor Peña,https://openalex.org/I78577930,Columbia University,1992,2023,0000-0002-3801-5203,NEW YORK-PRESBYTERIAN/LOWER MANHATTAN HOSPITAL,40.7105167880001,-74.0052978259999,0.4211660176629024,1990.0,,,,,Q16941024,80,1373,education,31,0,31,False,0,0,0,0,,1992,2023,,2023.0,,1,0
https://openalex.org/A5109996058,August M. Watanabe,https://openalex.org/I55769427,Indiana University – Purdue University Indianapolis,1974,2000,,IU HEALTH UNIVERSITY HOSPITAL,39.7752833260001,-86.176561615,1.7592374708104055,,,,,,,84,5176,education,26,1,26,False,0,1,1,1,,1974,2000,,2000.0,,0,0
https://openalex.org/A5048674878,Sergio Berumen,https://openalex.org/I5447759,Pemex (Mexico),1996,2020,,,,,,,,,,,,22,175,company,24,0,24,False,0,0,0,0,,1996,2020,,2020.0,,0,0
https://openalex.org/A5007707109,Nabih R. Asal,https://openalex.org/I33213144,University of Florida,2003,2015,,SHANDS HOSPITAL,29.639990133,-82.342864823,2.170901615578337,,,,,,,47,1346,education,12,0,12,False,0,0,0,0,,1987,2015,,2015.0,,0,0
https://openalex.org/A5007707109,Nabih R. Asal,https://openalex.org/I49332381,University of Oklahoma Health Sciences Center,1987,1996,,OU MEDICAL CENTER -THE CHILDREN'S HOSPITAL,35.4816532400001,-97.496105013,0.1550995745371904,,,,,,,47,1346,healthcare,9,0,9,False,0,0,0,0,,1987,2015,,2015.0,,0,0
https://openalex.org/A5103617966,Jon Miller,https://openalex.org/I1174212,University of Southern California,1969,2009,,LOS ANGELES AMBULATORY CARE CENTER,34.052015037,-118.238420471,0.4851399769279164,1951.0,,,n98006948,KNBR,Q6271243,46,1372,education,40,0,40,False,0,1,0,1,,1969,2009,18.0,2009.0,,0,0
https://openalex.org/A5054640895,David S. Foley,https://openalex.org/I142740786,University of Louisville,2006,2025,,JEWISH HOSPITAL & ST. MARY'S HEALTHCARE,38.2491316470001,-85.751189499,0.9150490961257308,1963.0,,,no96046056,,Q607793,47,1105,education,19,0,19,False,0,1,1,0,,2000,2025,37.0,2025.0,,0,0
https://openalex.org/A5054640895,David S. Foley,https://openalex.org/I27837315,University of Michigan–Ann Arbor,2000,2008,,UNIVERSITY OF MICHIGAN HEALTH SYSTEM,42.283191747,-83.728707796,1.181076648372232,1963.0,,,no96046056,,Q607793,47,1105,education,8,0,8,False,0,1,1,0,,2000,2025,37.0,2025.0,,0,0
https://openalex.org/A5056034999,Lothar H. Ruhnke,https://openalex.org/I8692664,University of Oklahoma,2008,2014,,NORMAN REGIONAL HEALTH SYSTEM -NORMAN CAMPUS,35.230413878,-97.439293783,0.8725353439584254,,,,,,,41,753,education,6,1,6,False,0,0,0,0,,2008,2014,,2014.0,,0,0
https://openalex.org/A5078619170,Robert J. Ursano,https://openalex.org/I148314036,Uniformed Services University of the Health Sciences,1981,2025,0000-0002-1861-9173,SUBURBAN HOSPITAL,38.997402483,-77.110318402,2.053641188149969,,,0000-0002-1861-9173,,Uniformed Services University of the Health Sciences,Q58148798,840,33275,education,44,1,44,False,0,0,1,0,,1981,2025,,2025.0,,0,0
https://openalex.org/A5031879473,Mark Keil,https://openalex.org/I124227911,Ben-Gurion University of the Negev,2009,2021,0000-0002-1643-8256,,,,,,,0000-0002-1643-8256,,,Q60507098,71,1532,education,12,0,12,False,0,0,0,0,,1985,2021,,2021.0,,0,0
https://openalex.org/A5031879473,Mark Keil,https://openalex.org/I154425047,University of Alberta,1985,1993,0000-0002-1643-8256,,,,,,,0000-0002-1643-8256,,,Q60507098,71,1532,education,8,0,8,False,0,0,0,0,,1985,2021,,2021.0,,0,0
https://openalex.org/A5031879473,Mark Keil,https://openalex.org/I8692664,University of Oklahoma,1994,2000,0000-0002-1643-8256,NORMAN REGIONAL HEALTH SYSTEM -NORMAN CAMPUS,35.230413878,-97.439293783,0.8725353439584254,,,0000-0002-1643-8256,,,Q60507098,71,1532,education,6,0,6,False,0,0,0,0,,1985,2021,,2021.0,,0,0
https://openalex.org/A5029152015,Valentin V. Rybenkov,https://openalex.org/I8692664,University of Oklahoma,2005,2025,0000-0002-5300-4369,NORMAN REGIONAL HEALTH SYSTEM -NORMAN CAMPUS,35.230413878,-97.439293783,0.8725353439584254,,,0000-0002-5300-4369,,University of Oklahoma,Q88391644,76,3790,education,20,0,20,False,0,0,0,0,,2005,2025,,2025.0,,0,0
https://openalex.org/A5053327738,Jeremy Barnes,https://openalex.org/I161165907,Southeast Missouri State University,2001,2024,0000-0002-8043-8058,SOUTHEASTHEALTH,37.3107343400001,-89.5398458189999,1.101334345384822,,,0000-0002-8043-8058,,,Q131198077,174,1411,education,23,0,23,False,0,0,0,0,,2001,2024,,2024.0,,0,0
https://openalex.org/A5044500550,Donald L. Cooper,https://openalex.org/I115475287,Oklahoma State University,1965,1995,,STILLWATER MEDICAL CENTER,36.115011098,-97.0751020659999,1.5042307873313332,1948.0,,,,,Q5294187,41,113,education,30,0,30,False,0,0,0,0,,1965,1995,17.0,1995.0,,0,0
https://openalex.org/A5015806770,Dustan M. Wheatley,https://openalex.org/I8692664,University of Oklahoma,2009,2018,,NORMAN REGIONAL HEALTH SYSTEM -NORMAN CAMPUS,35.230413878,-97.439293783,0.8725353439584254,,,,,,,27,1441,education,9,1,9,False,0,0,0,0,,2009,2018,,2018.0,,0,0
https://openalex.org/A5100763599,Chang Liu,https://openalex.org/I134687103,Nanjing Tech University,2015,2021,0000-0002-4116-9246,,,,,1994.0,,,,,Q17350154,68,1187,education,6,0,6,False,0,0,0,0,,2015,2021,21.0,2021.0,,0,0
https://openalex.org/A5009905683,Mark L. Lang,https://openalex.org/I49332381,University of Oklahoma Health Sciences Center,2007,2024,0000-0002-5137-0576,OU MEDICAL CENTER -THE CHILDREN'S HOSPITAL,35.4816532400001,-97.496105013,0.1550995745371904,,,0000-0002-5137-0576,,,Q88418204,125,1542,healthcare,17,0,17,False,0,0,1,1,,1997,2024,,2024.0,,0,0
https://openalex.org/A5009905683,Mark L. Lang,https://openalex.org/I177639307,University of Dundee,1997,2006,0000-0002-5137-0576,,,,,,,0000-0002-5137-0576,,,Q88418204,125,1542,education,9,0,9,False,0,1,1,1,,1997,2024,,2024.0,,0,0
https://openalex.org/A5112234380,Robert W. Hill,https://openalex.org/I121980950,Utah State University,1977,2016,,LOGAN REGIONAL HOSPITAL,41.7556806430001,-111.822183161,2.463007787401624,1948.0,,,,,Q283758,273,3696,education,39,0,39,False,0,0,1,0,,1977,2016,29.0,2016.0,,0,0
https://openalex.org/A5077741057,Antonio Romero‐Serrano,https://openalex.org/I59361560,Instituto Politécnico Nacional,1995,2025,0000-0001-9324-5602,,,,,,,,,,,138,1776,education,30,1,30,False,0,0,1,0,,1995,2025,,2025.0,,0,0
https://openalex.org/A5100707245,Anil Kumar Singh,https://openalex.org/I49332381,University of Oklahoma Health Sciences Center,2007,2019,0000-0001-7736-197X,OU MEDICAL CENTER -THE CHILDREN'S HOSPITAL,35.4816532400001,-97.496105013,0.1550995745371904,1985.0,,,,,Q4764677,97,445,healthcare,12,0,12,False,0,0,0,0,,2007,2019,22.0,2019.0,,0,0
https://openalex.org/A5078882703,Edward K. Yeargers,https://openalex.org/I130701444,Georgia Institute of Technology,1975,1996,,GRADY MEMORIAL HOSPITAL,33.751988554,-84.3817915719999,0.6616538728322765,1938.0,,,n92014413,,Q112467211,56,564,education,21,0,21,False,0,0,0,0,,1975,1996,37.0,1996.0,,0,0
https://openalex.org/A5041773055,Arun K. Ghosh,https://openalex.org/I219193219,Purdue University West Lafayette,2005,2025,0000-0003-2472-1841,FRANCISCAN ST ELIZABETH HEALTH - LAFAYETTE CENTRAL,40.427286859,-86.881446211,2.2590910740284578,,,0000-0003-2472-1841,,,Q87772487,806,23702,education,20,1,20,False,0,0,1,0,,2005,2025,,2025.0,,0,0
https://openalex.org/A5030726181,Jesus M. Salas,https://openalex.org/I186143895,Lehigh University,2006,2025,0000-0002-1037-8459,ST LUKES UNIVERSITY HOSPITAL - BETHLEHEM,40.609357002,-75.393363,2.6707972234874875,1925.0,2016.0,,n86059115,,Q5930402,54,1048,education,19,0,19,False,0,0,1,0,91.0,2006,2025,,2016.0,0.0,1,0
https://openalex.org/A5074198890,Peyman Hekmatpour,https://openalex.org/I8692664,University of Oklahoma,2017,2023,0000-0002-9391-8202,NORMAN REGIONAL HEALTH SYSTEM -NORMAN CAMPUS,35.230413878,-97.439293783,0.8725353439584254,,,0000-0002-9391-8202,,University of Oklahoma,Q90027229,19,139,education,6,0,6,False,0,0,0,0,,2017,2023,,2023.0,,0,0
https://openalex.org/A5049912593,Nathan A. Dahl,https://openalex.org/I8692664,University of Oklahoma,2010,2024,,NORMAN REGIONAL HEALTH SYSTEM -NORMAN CAMPUS,35.230413878,-97.439293783,0.8725353439584254,1965.0,2024.0,,,,Q1966502,23,294,education,14,0,14,False,0,0,0,0,59.0,2010,2024,45.0,2024.0,0.0,0,0
https://openalex.org/A5113619053,D P Jacobson,https://openalex.org/I131249849,Oregon State University,2003,2021,,GOOD SAMARITAN REGIONAL MEDICAL CENTER,44.603222659,-123.252623623,4.3621955917276685,,,0000-0002-9822-8251,,Oak Ridge National Laboratory,Q91652235,23,877,education,18,1,18,False,0,0,0,0,,2003,2021,,2021.0,,0,0
https://openalex.org/A5035716030,Richard R. Sharp,https://openalex.org/I4210146710,Mayo Clinic in Florida,2016,2025,0000-0001-5441-2084,UF HEALTH JACKSONVILLE,30.3485052390001,-81.664274824,1.9951802358513129,,,0000-0001-5441-2084,,Mayo Clinic,Q87149211,382,27768,healthcare,9,1,9,False,0,1,1,0,,2002,2025,,2025.0,,0,0
https://openalex.org/A5035716030,Richard R. Sharp,https://openalex.org/I8692664,University of Oklahoma,2002,2019,0000-0001-5441-2084,NORMAN REGIONAL HEALTH SYSTEM -NORMAN CAMPUS,35.230413878,-97.439293783,0.8725353439584254,,,0000-0001-5441-2084,,Mayo Clinic,Q87149211,382,27768,education,17,1,17,False,0,1,1,0,,2002,2025,,2025.0,,0,0
https://openalex.org/A5101578526,Zhongxing Zhou,https://openalex.org/I162868743,Tianjin University,2007,2024,0000-0003-1935-2762,,,,,,,0000-0003-1935-2762,,,Q100411231,104,651,education,17,1,17,False,0,0,1,0,,2007,2024,,2024.0,,0,0
https://openalex.org/A5100670142,Huiyu Wang,https://openalex.org/I204983213,Harbin Institute of Technology,2006,2013,0000-0002-6622-3579,,,,,,,0000-0001-5115-5502,,,Q91651538,105,2961,education,7,0,7,False,0,0,0,0,,2006,2013,,2013.0,,0,0
https://openalex.org/A5040928060,Lauren A. Zenewicz,https://openalex.org/I32971472,Yale University,2005,2013,0000-0002-8787-5955,YALE-NEW HAVEN HOSPITAL,41.30469134,-72.9354136589999,0.7176389367718299,,,0000-0002-8787-5955,,University of Oklahoma Health Sciences Center,Q51354756,56,7540,education,8,0,8,False,0,1,0,0,,2001,2025,,2025.0,,0,0
https://openalex.org/A5040928060,Lauren A. Zenewicz,https://openalex.org/I79576946,University of Pennsylvania,2001,2009,0000-0002-8787-5955,MAGEE REHABILITATION HOSPITAL,39.9568141240001,-75.16527023,0.5127238287837673,,,0000-0002-8787-5955,,University of Oklahoma Health Sciences Center,Q51354756,56,7540,education,8,0,8,False,0,1,0,0,,2001,2025,,2025.0,,0,0
https://openalex.org/A5040928060,Lauren A. Zenewicz,https://openalex.org/I49332381,University of Oklahoma Health Sciences Center,2013,2025,0000-0002-8787-5955,OU MEDICAL CENTER -THE CHILDREN'S HOSPITAL,35.4816532400001,-97.496105013,0.1550995745371904,,,0000-0002-8787-5955,,University of Oklahoma Health Sciences Center,Q51354756,56,7540,healthcare,12,0,12,False,0,0,0,0,,2001,2025,,2025.0,,0,0
https://openalex.org/A5059910260,Jason Gainous,https://openalex.org/I4210143137,University of Louisville Hospital,2002,2020,0000-0002-3104-2313,UNIVERSITY OF LOUISVILLE HOSPITAL,38.248322961,-85.7443359649999,0.1298175209331778,1971.0,,,,,Q112481255,118,1994,healthcare,18,0,18,False,0,0,1,0,,2002,2020,31.0,2020.0,,0,0
https://openalex.org/A5063285749,O. H. Rundell,https://openalex.org/I49332381,University of Oklahoma Health Sciences Center,1972,1990,,OU MEDICAL CENTER -THE CHILDREN'S HOSPITAL,35.4816532400001,-97.496105013,0.1550995745371904,,,,,,,30,824,healthcare,18,0,18,False,0,0,1,0,,1972,1990,,1990.0,,0,0
https://openalex.org/A5108614287,R. A. Winholtz,https://openalex.org/I76835614,University of Missouri,1992,2024,,UNIVERSITY OF MISSOURI HEALTH CARE,38.9383836580001,-92.328178114,1.566980228329968,,,,,,,73,936,education,32,0,32,False,0,0,0,0,,1992,2024,,2024.0,,0,0
https://openalex.org/A5040035542,Jessica E. Ruyle,https://openalex.org/I8692664,University of Oklahoma,2012,2025,0000-0002-7154-8183,NORMAN REGIONAL HEALTH SYSTEM -NORMAN CAMPUS,35.230413878,-97.439293783,0.8725353439584254,,,,,,,45,231,education,13,1,13,False,0,0,0,0,,2012,2025,,2025.0,,0,0
https://openalex.org/A5086635063,Gabriel Bromley,https://openalex.org/I135310074,University of Wisconsin–Madison,2015,2022,0000-0002-4497-1058,SELECT SPECIALTY HOSPITAL MADISON,43.0659334370001,-89.399383385,0.8054172583771614,,,0000-0002-4497-1058,,,Q59916575,22,310,education,7,0,7,False,0,0,0,0,,2015,2022,,2022.0,,0,0
https://openalex.org/A5016225548,Kent H. Knopfmeier,https://openalex.org/I8692664,University of Oklahoma,2010,2025,,NORMAN REGIONAL HEALTH SYSTEM -NORMAN CAMPUS,35.230413878,-97.439293783,0.8725353439584254,,,,,,,56,1459,education,15,1,15,False,0,0,0,0,,2010,2025,,2025.0,,0,0
https://openalex.org/A5113881984,C. Davis,https://openalex.org/I8692664,University of Oklahoma,2005,2013,,NORMAN REGIONAL HEALTH SYSTEM -NORMAN CAMPUS,35.230413878,-97.439293783,0.8725353439584254,1946.0,2013.0,,,Western University,Q35058746,5,0,education,8,0,8,False,0,0,0,0,67.0,2005,2013,,2013.0,0.0,1,0
https://openalex.org/A5024274912,Robert A. Gearheart,https://openalex.org/I192389796,Humboldt State University,2013,2021,,MAD RIVER COMMUNITY HOSPITAL,40.896056586,-124.091189222,3.3584889990550923,1938.0,,,,,Q7341232,24,201,education,8,0,8,False,0,0,0,0,,2013,2021,,2021.0,,1,0
https://openalex.org/A5031973567,Wei Cai,https://openalex.org/I204250578,"University of California, Irvine",2016,2022,0000-0002-8428-4236,KAISER FND HOSP - IRVINE,33.6582356330001,-117.774927793,4.630539805676765,,,0000-0002-8428-4236,,,Q88323749,91,449,education,6,0,6,False,0,1,0,0,,2007,2025,,2025.0,,0,0
https://openalex.org/A5031973567,Wei Cai,https://openalex.org/I176834541,Guangdong Medical College,2019,2025,0000-0002-8428-4236,,,,,,,0000-0002-8428-4236,,,Q88323749,91,449,education,6,0,6,False,0,1,0,0,,2007,2025,,2025.0,,0,0
https://openalex.org/A5031973567,Wei Cai,https://openalex.org/I4210130660,Xi'an High Tech University,2007,2014,0000-0002-8428-4236,,,,,,,0000-0002-8428-4236,,,Q88323749,91,449,education,7,0,7,False,0,0,0,0,,2007,2025,,2025.0,,0,0
https://openalex.org/A5101566068,Hong Liu,https://openalex.org/I157773358,Sun Yat-sen University,2000,2021,0000-0002-7320-0260,,,,,,,0000-0002-7320-0260,,Sun Yat-sen University,Q54047110,111,2071,education,21,0,21,False,0,0,1,0,,2000,2021,,2021.0,,0,0
https://openalex.org/A5068819872,William R. Cotton,https://openalex.org/I92446798,Colorado State University,1976,2024,0000-0001-7474-4238,POUDRE VALLEY HOSPITAL,40.5717845340001,-105.056917573,2.764078829100103,1940.0,,0000-0001-7474-4238,n88106019,Colorado State University,Q8017202,375,20816,education,48,1,48,False,0,1,0,0,,1965,2024,25.0,2024.0,,0,0
https://openalex.org/A5068819872,William R. Cotton,https://openalex.org/I2800363604,Walter Reed National Military Medical Center,1965,1980,0000-0001-7474-4238,SUBURBAN HOSPITAL,38.997402483,-77.110318402,2.053641188149969,1940.0,,0000-0001-7474-4238,n88106019,Colorado State University,Q8017202,375,20816,healthcare,15,1,15,False,0,1,0,0,,1965,2024,25.0,2024.0,,0,0
https://openalex.org/A5091132307,Tomoyoshi Mishima,https://openalex.org/I204291657,Hosei University,2015,2025,0000-0002-1332-1351,,,,,,,,,,,288,3880,education,10,1,10,False,0,0,0,0,,2015,2025,,2025.0,,0,0
https://openalex.org/A5048419920,Yang Hong,https://openalex.org/I204983213,Harbin Institute of Technology,1997,2024,0000-0001-8720-242X,,,,,,,0000-0001-8720-242X,,Tsinghua University,Q57489120,831,37277,education,27,1,27,False,0,0,1,0,,1997,2024,,2024.0,,0,0
https://openalex.org/A5048124307,Seamus Freyne,https://openalex.org/I55707380,Manhattan College,2007,2020,0000-0003-0756-3060,NEW YORK-PRESBYTERIAN/LOWER MANHATTAN HOSPITAL,40.7105167880001,-74.0052978259999,0.4211660176629024,,,,,,,42,263,education,13,0,13,False,0,0,1,0,,2007,2020,,2020.0,,0,0
https://openalex.org/A5025407216,Tracey Winning,https://openalex.org/I5681781,University of Adelaide,1996,2022,0000-0001-7684-3168,,,,,,,0000-0001-7684-3168,,,Q90459560,81,1054,education,26,0,26,False,0,0,1,0,,1996,2022,,2022.0,,0,0
https://openalex.org/A5043954796,Carl Grant,https://openalex.org/I8692664,University of Oklahoma,2013,2020,0000-0003-0013-3455,NORMAN REGIONAL HEALTH SYSTEM -NORMAN CAMPUS,35.230413878,-97.439293783,0.8725353439584254,,,0000-0003-0013-3455,,St. Louis County Library,Q59951867,24,107,education,7,1,7,False,0,0,0,0,,2013,2020,,2020.0,,0,0
https://openalex.org/A5089422462,Sara Jo Nixon,https://openalex.org/I33213144,University of Florida,2007,2025,0000-0003-1179-2851,SHANDS HOSPITAL,29.639990133,-82.342864823,2.170901615578337,,,0000-0003-1179-2851,,University of Florida,Q67786989,218,9049,education,18,1,18,False,0,0,1,0,,1981,2025,,2025.0,,0,0
https://openalex.org/A5089422462,Sara Jo Nixon,https://openalex.org/I8692664,University of Oklahoma,1981,2000,0000-0003-1179-2851,NORMAN REGIONAL HEALTH SYSTEM -NORMAN CAMPUS,35.230413878,-97.439293783,0.8725353439584254,,,0000-0003-1179-2851,,University of Florida,Q67786989,218,9049,education,19,1,19,False,0,0,1,0,,1981,2025,,2025.0,,0,0
https://openalex.org/A5064868125,Donald Plouff,https://openalex.org/I4210099336,Menlo School,1976,2002,,VA MEDICAL CENTER - MENLO PARK DIVISION,37.465292103,-122.161005159,3.272020132399442,,,,n82225872,,Q66459132,106,1192,education,26,1,26,False,0,0,0,0,,1976,2002,,2002.0,,0,0
