,author_id,distance_km,date_of_birth,date_of_death,appoint_len,lifespan,earliest_start,latest_end_adj,age_first_pub,time_from_last_pub,n_appointments,total_works,total_citations
0,https://openalex.org/A5000029301,4.602820788088144,,,1.0,,1980,1981.0,,,1,4,88
1,https://openalex.org/A5000058959,3.6010455237408183,1955.0,,6.962962962962963,,1967,2025.0,12.0,,27,340,16499
2,https://openalex.org/A5000078279,0.31244448080296594,,,1.0,,1995,1997.0,,,2,2,336
3,https://openalex.org/A5000078358,4.942667458599561,,,1.0,,2012,2014.0,,,2,2,726
4,https://openalex.org/A5000198654,1.7081134073630815,,,0.0,,2022,2023.0,,,3,4,6
5,https://openalex.org/A5000297872,0.1122862784625716,,,7.0,,2006,2013.0,,,1,17,301
6,https://openalex.org/A5000368317,4.583538083240199,,,1.5263157894736843,,1998,2025.0,,,19,57,964
7,https://openalex.org/A5000393237,0.1122862784625716,,,0.0,,2004,2004.0,,,1,1,49
8,https://openalex.org/A5000506368,2.349928175417338,,,1.25,,2004,2022.0,,,12,21,690
9,https://openalex.org/A5000537162,3.63418892178062,,,1.8,,1999,2013.0,,,5,23,381
10,https://openalex.org/A5000604617,0.9179444633669068,1756.0,1816.0,1.125,60.0,2011,1816.0,255.0,0.0,16,33,405
11,https://openalex.org/A5000612457,1.6439985391919656,,,0.9861111111111112,,2001,2025.0,,,72,122,2405
12,https://openalex.org/A5000631854,0.8725353439584254,,,8.166666666666666,,1995,2022.0,,,6,105,5834
13,https://openalex.org/A5000652195,1.3311697387452266,,,7.4,,2013,2023.0,,,5,52,2453
14,https://openalex.org/A5000684990,4.602673515339273,,,0.0,,1997,1997.0,,,2,1,8
15,https://openalex.org/A5000731301,2.905211281288519,1944.0,,3.7157894736842105,,1966,2025.0,22.0,,95,2025,128184
16,https://openalex.org/A5000743849,0.8725353439584254,,,0.0,,2005,2005.0,,,1,1,3
17,https://openalex.org/A5000764874,5.582957089908468,,,0.3333333333333333,,1996,1997.0,,,3,7,461
18,https://openalex.org/A5000846005,5.915285140507701,,,8.538461538461538,,1979,2021.0,,,13,117,7525
19,https://openalex.org/A5000858530,3.164350785154948,,,3.6,,1976,1993.0,,,5,16,350
20,https://openalex.org/A5000964885,0.9319414312156049,,,3.3125,,2006,2025.0,,,16,72,1208
21,https://openalex.org/A5000995761,3.6444272498139485,,,2.5714285714285716,,2001,2025.0,,,7,22,1468
22,https://openalex.org/A5001022290,4.602673515339273,,,0.0,,1997,1997.0,,,2,5,17
23,https://openalex.org/A5001045832,3.3668195593950188,,,0.6666666666666666,,2016,2025.0,,,9,25,22
24,https://openalex.org/A5001124933,1.3453950247661335,,,3.8137254901960786,,1987,2025.0,,,102,1300,87084
25,https://openalex.org/A5001249325,2.228857661633763,,,1.0,,1991,2006.0,,,5,23,408
26,https://openalex.org/A5001300090,3.4064143293573848,,,3.2,,2003,2025.0,,,15,50,1430
27,https://openalex.org/A5001314462,1.3077011472082951,,,1.9333333333333333,,1976,2020.0,,,30,156,4271
28,https://openalex.org/A5001455892,1.932186964605756,,,5.913043478260869,,1942,2020.0,,,23,149,5137
29,https://openalex.org/A5001483607,2.316417187835579,,,0.16666666666666666,,1980,1998.0,,,6,22,155
30,https://openalex.org/A5001484580,2.8032785266217353,1939.0,,0.6666666666666666,,1967,1968.0,28.0,,3,2,93
31,https://openalex.org/A5001526196,0.8725353439584254,,,0.0,,2018,2018.0,,,1,2,7
32,https://openalex.org/A5001535652,2.0944462716944012,,,6.086956521739131,,1980,2025.0,,,23,281,16121
33,https://openalex.org/A5001839639,4.746684832114366,,,5.5,,1991,2025.0,,,6,90,5167
34,https://openalex.org/A5001920850,2.4590894818562687,,,4.0,,2005,2017.0,,,3,12,292
35,https://openalex.org/A5001968450,3.052167703811019,1969.0,,2.0,,2002,2025.0,33.0,,3,28,161
36,https://openalex.org/A5002063608,2.0654296915043906,1973.0,,2.6,,1999,2023.0,26.0,,10,65,377
37,https://openalex.org/A5002108035,1.826548095763752,,,3.1666666666666665,,1996,2022.0,,,6,55,1489
38,https://openalex.org/A5002187986,3.2394241547732605,,,1.875,,2016,2025.0,,,8,45,572
39,https://openalex.org/A5002190189,2.6432608626052128,,,3.764705882352941,,1993,2025.0,,,17,102,1049
40,https://openalex.org/A5002249798,0.1122862784625716,1935.0,2021.0,0.0,86.0,2004,2004.0,69.0,17.0,1,1,307
41,https://openalex.org/A5002263437,1.4527532561400431,,,2.4,,2020,2025.0,,,5,42,455
42,https://openalex.org/A5002375672,1.280313382493528,,,0.5555555555555556,,2018,2025.0,,,18,47,705
43,https://openalex.org/A5002593314,2.5489919985972356,,,0.0,,2020,2020.0,,,2,2,31
44,https://openalex.org/A5002608685,2.2679553926806943,1930.0,2018.0,1.0,88.0,2012,2018.0,82.0,0.0,4,20,142
45,https://openalex.org/A5002622373,3.2164593915321857,1955.0,,4.5,,1983,2025.0,28.0,,8,51,185
46,https://openalex.org/A5002672967,3.4453054643140177,,,5.142857142857143,,1985,2025.0,,,14,233,9023
47,https://openalex.org/A5002675749,1.771211264843372,,,6.166666666666667,,1993,2025.0,,,6,57,474
48,https://openalex.org/A5002767768,1.9695429004909648,,,0.8,,2002,2025.0,,,10,59,792
49,https://openalex.org/A5002781267,2.1686475418864557,,,1.8571428571428572,,1993,2005.0,,,7,12,102
50,https://openalex.org/A5002855934,4.602820788088144,,,0.6,,1972,2005.0,,,5,8,616
51,https://openalex.org/A5002895666,1.3025414786423832,,,1.0909090909090908,,2006,2020.0,,,11,25,547
52,https://openalex.org/A5002911249,0.298713127695244,,,2.0,,1987,1995.0,,,2,5,115
53,https://openalex.org/A5002953341,3.058762917886928,,,2.4210526315789473,,1894,2025.0,,,38,150,3837
54,https://openalex.org/A5002985641,,,,7.166666666666667,,1968,2023.0,,,6,80,2407
55,https://openalex.org/A5003061540,1.33879640220988,1950.0,,2.8,,2009,2013.0,59.0,,5,9,250
56,https://openalex.org/A5003086832,4.602820788088144,,,0.0,,2003,2003.0,,,1,1,12
57,https://openalex.org/A5003151750,4.602820788088144,,,0.0,,2002,2002.0,,,1,1,16
58,https://openalex.org/A5003197574,2.386029930360195,,,3.5,,1998,2026.0,,,10,39,4627
59,https://openalex.org/A5003221932,3.399438415764952,,,4.0,,1999,2026.0,,,8,117,2037
60,https://openalex.org/A5003247919,2.2312651653343387,1945.0,,12.533333333333333,,1970,2026.0,25.0,,15,569,36905
61,https://openalex.org/A5003255104,1.1005140840215648,,,0.8,,2018,2019.0,,,5,5,140
62,https://openalex.org/A5003269978,5.335933252796454,1963.0,,0.8,,1996,2011.0,33.0,,5,17,412
63,https://openalex.org/A5003305524,1.9373192623941105,1962.0,,2.25,,1996,2012.0,34.0,,8,17,753
64,https://openalex.org/A5003394285,2.7227984428423704,,,3.5238095238095237,,1966,2025.0,,,21,162,2486
65,https://openalex.org/A5003483321,1.662731214817677,,,1.6666666666666667,,2005,2024.0,,,6,126,6054
66,https://openalex.org/A5003522988,1.101283529084265,,,7.0,,1991,2025.0,,,10,29,474
67,https://openalex.org/A5003553739,4.602820788088144,,,0.0,,2007,2007.0,,,1,1,32
68,https://openalex.org/A5003625876,0.9760596758265627,,,6.5,,2009,2022.0,,,2,28,2604
69,https://openalex.org/A5003640922,0.8725353439584254,,,9.0,,2016,2025.0,,,1,14,67
70,https://openalex.org/A5003661501,,,,0.0,,2001,2001.0,,,1,3,361
71,https://openalex.org/A5003668840,0.1122862784625716,,,1.0,,2011,2012.0,,,1,3,119
72,https://openalex.org/A5003686226,0.7634153060970891,1955.0,,2.4,,1992,2024.0,37.0,,10,144,2324
73,https://openalex.org/A5003694235,0.9941568999604742,,,3.0,,2010,2022.0,,,2,11,676
74,https://openalex.org/A5003697468,2.166054876888403,,,1.8,,2017,2025.0,,,5,59,610
75,https://openalex.org/A5003702843,1.4098695576900624,,,3.8214285714285716,,1992,2025.0,,,28,62,9702
76,https://openalex.org/A5003773064,2.2409322327015464,,,0.0,,2003,2003.0,,,2,1,7
77,https://openalex.org/A5003776110,0.544931951381088,,,6.083333333333333,,1949,2025.0,,,24,194,3787
78,https://openalex.org/A5003817127,1.4635618267602961,,,0.2,,1998,2021.0,,,25,83,6897
79,https://openalex.org/A5003826098,1.8206783921741203,,,2.4583333333333335,,2005,2025.0,,,24,205,6966
80,https://openalex.org/A5003850109,1.8565903393567353,1939.0,,7.875,,1966,2020.0,27.0,,8,154,8870
81,https://openalex.org/A5003896222,1.1182763411252934,1946.0,,5.909090909090909,,1980,2024.0,34.0,,11,90,4697
82,https://openalex.org/A5003914133,2.470124999437518,,,2.2666666666666666,,2010,2025.0,,,15,61,670
83,https://openalex.org/A5003980305,2.6307269301072194,,,0.6785714285714286,,2004,2018.0,,,28,34,10882
84,https://openalex.org/A5003985174,1.7074688541103218,,,0.0,,2018,2018.0,,,3,2,51
85,https://openalex.org/A5004013310,0.6466814634174017,,,0.0,,2004,2025.0,,,4,9,68
86,https://openalex.org/A5004153741,1.266385629181068,,,2.0,,2015,2023.0,,,8,18,340
87,https://openalex.org/A5004161692,0.8725353439584254,,,0.0,,1982,1982.0,,,1,1,51
88,https://openalex.org/A5004231993,1.0034345522960904,,,0.16666666666666666,,1960,2004.0,,,6,9,242
89,https://openalex.org/A5004305089,0.1122862784625716,,,2.0,,2023,2025.0,,,1,8,70
90,https://openalex.org/A5004483696,1.5001994050773817,1986.0,,1.2,,2017,2023.0,31.0,,5,8,677
91,https://openalex.org/A5004620923,1.7856245949997882,1952.0,,4.7317073170731705,,1981,2025.0,29.0,,82,610,80619
92,https://openalex.org/A5004666897,0.1122862784625716,,,2.2,,1998,2009.0,,,5,13,305
93,https://openalex.org/A5004722743,1.2008168771183587,1947.0,,3.3333333333333335,,1997,2025.0,50.0,,15,83,2634
94,https://openalex.org/A5004733800,4.602820788088144,1943.0,,17.4,,1969,2020.0,26.0,,5,151,2683
95,https://openalex.org/A5004916033,1.536880186107294,1942.0,,3.9302325581395348,,1968,2024.0,26.0,,43,339,58400
96,https://openalex.org/A5004947346,0.1122862784625716,1953.0,,0.0,,1984,1984.0,31.0,,1,2,506
97,https://openalex.org/A5004979515,3.2145089287528585,,,7.0,,1966,1984.0,,,3,33,508
98,https://openalex.org/A5004994618,4.602820788088144,,,12.25,,1980,2022.0,,,4,112,3703
99,https://openalex.org/A5005039503,2.501889390555594,,,9.666666666666666,,1989,2018.0,,,3,2,0
100,https://openalex.org/A5005091829,58.790568782741225,,,2.6711409395973154,,1984,2025.0,,,149,706,89804
101,https://openalex.org/A5005216685,0.1122862784625716,,,0.0,,2010,2010.0,,,1,2,24
102,https://openalex.org/A5005228310,1.1077168721386215,,,4.411764705882353,,1966,2018.0,,,17,189,2374
103,https://openalex.org/A5005321550,0.1122862784625716,,,0.0,,2001,2001.0,,,1,1,184
104,https://openalex.org/A5005334841,0.1122862784625716,,,0.0,,2000,2000.0,,,1,1,26
105,https://openalex.org/A5005369193,1.456689413198411,,,7.222222222222222,,1979,2025.0,,,9,85,10938
106,https://openalex.org/A5005372787,0.5238408880788852,,,2.7,,1995,2021.0,,,10,29,1708
107,https://openalex.org/A5005383414,0.3094497669165665,1923.0,,0.8461538461538461,,2013,2025.0,90.0,,13,50,425
108,https://openalex.org/A5005386457,1.4800846253026925,,,2.4545454545454546,,2006,2025.0,,,11,60,2162
109,https://openalex.org/A5005403662,2.487882067669988,,,1.0714285714285714,,1966,2004.0,,,14,195,1202
110,https://openalex.org/A5005419531,1.202315647727828,,,5.2,,2014,2022.0,,,5,17,598
111,https://openalex.org/A5005426652,2.478198158053163,,,2.4210526315789473,,1980,2016.0,,,19,94,2790
112,https://openalex.org/A5005485061,3.674957018198802,,,4.2727272727272725,,2003,2025.0,,,11,105,3674
113,https://openalex.org/A5005590626,1.8548679848173655,,,0.5263157894736842,,1962,2025.0,,,19,56,5689
114,https://openalex.org/A5005602079,2.2992204122492974,,,2.4,,1994,2021.0,,,20,186,8638
115,https://openalex.org/A5005663017,0.1122862784625716,,,0.0,,2002,2002.0,,,1,2,0
116,https://openalex.org/A5005846650,0.8725353439584254,1969.0,,0.0,,2014,2014.0,45.0,,1,1,1
117,https://openalex.org/A5005862811,1.4176991871225388,1974.0,,2.725,,2004,2025.0,30.0,,40,491,18545
118,https://openalex.org/A5005932904,0.1122862784625716,1975.0,,4.222222222222222,,2004,2022.0,29.0,,9,72,823
119,https://openalex.org/A5005962640,0.8725353439584254,,,0.0,,2012,2012.0,,,1,3,124
120,https://openalex.org/A5005970569,0.8725353439584254,,,22.0,,1998,2020.0,,,1,2,11
121,https://openalex.org/A5006038880,1.3410279829416445,1886.0,1921.0,4.0,35.0,1999,1921.0,113.0,0.0,8,57,15858
122,https://openalex.org/A5006071957,1.2703171999797098,,,4.4,,2017,2025.0,,,5,15,401
123,https://openalex.org/A5006266842,4.602820788088144,,,0.0,,2020,2020.0,,,1,3,66
124,https://openalex.org/A5006283253,3.590775753002838,1918.0,2009.0,6.666666666666667,91.0,1961,1984.0,43.0,25.0,3,25,143
125,https://openalex.org/A5006402876,1.934704000562444,,,3.176470588235294,,2002,2025.0,,,34,416,8244
126,https://openalex.org/A5006499960,1.471797620869129,,,3.6206896551724137,,1951,2025.0,,,29,343,14883
127,https://openalex.org/A5006537703,1.2703511006112305,,,2.0,,2022,2024.0,,,4,5,56
128,https://openalex.org/A5006538892,0.5138174592478079,,,2.5,,1984,2009.0,,,4,29,262
129,https://openalex.org/A5006572626,4.602820788088144,,,0.0,,1967,1967.0,,,1,2,4
130,https://openalex.org/A5006591034,4.602820788088144,,,0.0,,1992,1992.0,,,1,3,191
131,https://openalex.org/A5006596347,4.602820788088144,,,3.0,,1969,1972.0,,,1,3,10
132,https://openalex.org/A5006649339,0.22317327410247798,,,2.16,,2013,2025.0,,,25,116,4657
133,https://openalex.org/A5006713428,0.1122862784625716,,,2.272727272727273,,2006,2025.0,,,11,127,2756
134,https://openalex.org/A5006770491,0.42548148012594145,,,2.2222222222222223,,2006,2024.0,,,9,40,4813
135,https://openalex.org/A5006770666,1.4931443802713233,,,2.9583333333333335,,1988,2025.0,,,48,368,11996
136,https://openalex.org/A5006861896,1.0124609748731126,,,2.942857142857143,,1971,2025.0,,,35,256,11379
137,https://openalex.org/A5006909925,4.602820788088144,,,1.0,,2024,2025.0,,,2,7,6
138,https://openalex.org/A5006999128,0.1122862784625716,,,1.5,,2010,2017.0,,,2,5,413
139,https://openalex.org/A5007019491,0.599324632275925,,,3.875,,2007,2024.0,,,8,70,1281
140,https://openalex.org/A5007024655,0.8725353439584254,1983.0,,0.0,,1987,1987.0,4.0,,1,1,0
141,https://openalex.org/A5007174993,0.8731264603916226,,,2.0,,1996,2006.0,,,4,21,478
142,https://openalex.org/A5007193158,0.1122862784625716,,,6.0,,1966,2008.0,,,11,66,634
143,https://openalex.org/A5007198397,1.5803031890303427,,,2.4,,1989,2025.0,,,55,538,68104
144,https://openalex.org/A5007198433,2.414496792466405,,,3.5,,2005,2026.0,,,6,75,1625
145,https://openalex.org/A5007212948,1.7523771395284036,,,2.0,,2011,2025.0,,,5,30,2303
146,https://openalex.org/A5007376623,2.04036963954539,,,3.121212121212121,,1987,2025.0,,,33,203,5220
147,https://openalex.org/A5007404408,4.160249830246951,,,4.25,,1996,2013.0,,,4,46,359
148,https://openalex.org/A5007416721,3.1717052565937944,,,4.2,,1985,2025.0,,,15,115,2146
149,https://openalex.org/A5007422726,0.6780775401730957,1958.0,,6.615384615384615,,1984,2024.0,26.0,,13,153,18547
150,https://openalex.org/A5007459239,0.7463639796080036,,,0.0,,1999,2008.0,,,3,2,39
151,https://openalex.org/A5007494924,2.4543942329455684,,,2.8181818181818183,,1992,2025.0,,,44,350,6456
152,https://openalex.org/A5007588773,1.4129451184700992,,,2.5306122448979593,,1983,2025.0,,,49,516,26795
153,https://openalex.org/A5007608014,4.563387726887004,,,2.6666666666666665,,2017,2025.0,,,6,65,1005
154,https://openalex.org/A5007627428,0.30941163879362715,,,1.4285714285714286,,2015,2024.0,,,7,51,2700
155,https://openalex.org/A5007672237,4.602673515339273,,,0.0,,1988,1988.0,,,2,4,47
156,https://openalex.org/A5007697794,3.2394241547732605,1937.0,2021.0,0.75,84.0,2011,2021.0,74.0,0.0,4,5,334
157,https://openalex.org/A5007699357,4.602820788088144,,,4.833333333333333,,1969,2026.0,,,6,65,874
158,https://openalex.org/A5007707109,1.993300628055786,,,3.125,,1987,2015.0,,,8,47,1346
159,https://openalex.org/A5007710304,1.087920683791703,,,0.0,,1986,1986.0,,,3,1,0
160,https://openalex.org/A5007751931,0.8725353439584254,,,2.8333333333333335,,2002,2023.0,,,6,13,112
161,https://openalex.org/A5007779528,1.5440402437601415,1966.0,,2.8115942028985508,,1994,2025.0,28.0,,69,1533,81346
162,https://openalex.org/A5007837022,2.0943379296272338,,,6.863636363636363,,1980,2025.0,,,22,141,4892
163,https://openalex.org/A5007882846,0.1122862784625716,,,1.0,,2021,2022.0,,,2,2,79
164,https://openalex.org/A5007883302,1.204823538338173,,,3.5714285714285716,,1993,2025.0,,,21,303,8238
165,https://openalex.org/A5007929630,0.3754485062247931,1924.0,2014.0,8.2,90.0,1954,2005.0,30.0,9.0,5,33,275
166,https://openalex.org/A5007947585,0.3236455121777156,,,0.3333333333333333,,2020,2021.0,,,3,5,36
167,https://openalex.org/A5007974773,4.602820788088144,,,0.0,,1994,1994.0,,,1,1,175
168,https://openalex.org/A5007986851,2.42590724288589,,,2.3333333333333335,,1994,1998.0,,,3,10,53
169,https://openalex.org/A5008006437,5.947151447670089,,,0.0,,1991,1991.0,,,2,1,43
170,https://openalex.org/A5008017297,3.3218165437137244,,,2.2,,2004,2023.0,,,5,22,100
171,https://openalex.org/A5008018378,3.4398936525722186,,,2.142857142857143,,1969,1997.0,,,7,14,614
172,https://openalex.org/A5008134383,1.571940133272155,,,3.230769230769231,,1999,2025.0,,,13,66,2062
173,https://openalex.org/A5008172525,0.9698017611127957,,,9.5,,1971,2009.0,,,4,74,486
174,https://openalex.org/A5008247451,0.6705518172189288,1926.0,,0.6666666666666666,,1977,2000.0,51.0,,3,11,804
175,https://openalex.org/A5008274210,0.1122862784625716,,,3.6666666666666665,,1998,2005.0,,,3,10,184
176,https://openalex.org/A5008344919,0.49409480623200286,,,1.6,,1996,2000.0,,,5,17,534
177,https://openalex.org/A5008408217,0.1122862784625716,,,3.0,,2004,2024.0,,,4,30,399
178,https://openalex.org/A5008450550,2.246917709166157,1975.0,,3.5,,2004,2025.0,29.0,,18,224,5291
179,https://openalex.org/A5008478119,1.4124511538563884,1941.0,,5.173913043478261,,1961,2026.0,20.0,,69,802,42274
180,https://openalex.org/A5008495792,1.525671389525265,,,2.25,,2022,2025.0,,,4,4,59
181,https://openalex.org/A5008631532,0.1122862784625716,1933.0,2021.0,0.5,88.0,1965,1984.0,32.0,37.0,4,20,760
182,https://openalex.org/A5008681007,1.457898069448211,,,0.5,,2013,2025.0,,,32,54,669
183,https://openalex.org/A5008757930,1.1764345746673233,,,2.4,,2016,2025.0,,,5,5,112
184,https://openalex.org/A5008842861,3.778155203916156,,,4.0,,2006,2025.0,,,10,63,2621
185,https://openalex.org/A5008861165,0.8725353439584254,,,0.8292682926829268,,1994,2025.0,,,41,235,3506
186,https://openalex.org/A5008904200,1.4901013433770776,1968.0,,3.466666666666667,,1978,2025.0,10.0,,15,162,1902
187,https://openalex.org/A5008937932,2.5870726733731173,,,0.4,,2008,2016.0,,,10,11,535
188,https://openalex.org/A5008947058,2.3007394757824637,,,3.857142857142857,,1992,2025.0,,,7,112,1378
189,https://openalex.org/A5009004118,0.1122862784625716,,,0.0,,1999,2000.0,,,3,4,139
190,https://openalex.org/A5009038938,1.7285868489720235,,,6.0,,2004,2025.0,,,7,105,4524
191,https://openalex.org/A5009042825,1.0264898530651558,,,23.0,,1972,2018.0,,,2,10,735
192,https://openalex.org/A5009059863,1.1467113934279296,1978.0,,4.857142857142857,,2000,2025.0,22.0,,14,191,6162
193,https://openalex.org/A5009069891,1.6954396206644409,,,1.5714285714285714,,1984,1998.0,,,7,16,2305
194,https://openalex.org/A5009079390,0.5846235086040641,,,11.4,,1988,2020.0,,,5,48,2550
195,https://openalex.org/A5009128954,0.7519529354981167,,,2.53125,,1988,2026.0,,,32,171,5408
196,https://openalex.org/A5009142587,0.8701501466456626,,,2.0,,2003,2006.0,,,2,9,142
197,https://openalex.org/A5009153415,2.3715080517096294,,,0.7777777777777778,,2005,2025.0,,,9,24,890
198,https://openalex.org/A5009177807,2.5449185473782716,,,3.311926605504587,,1928,2025.0,,,109,787,14310
199,https://openalex.org/A5009186802,0.8725353439584254,,,21.0,,1995,2016.0,,,1,2,0
200,https://openalex.org/A5009193562,0.8801094277365166,,,0.5,,2004,2010.0,,,2,5,17
201,https://openalex.org/A5009249852,4.602820788088144,1967.0,,7.0,,2010,2017.0,43.0,,1,25,443
202,https://openalex.org/A5009254736,0.8725353439584254,,,0.0,,2020,2020.0,,,1,1,14
203,https://openalex.org/A5009315537,4.379864194787431,2000.0,,3.8461538461538463,,2000,2025.0,0.0,,13,146,4320
204,https://openalex.org/A5009347024,0.6466814634174017,,,0.0,,1970,2025.0,,,4,32,354
205,https://openalex.org/A5009368756,0.7920922122139497,,,1.9,,2015,2024.0,,,10,18,518
206,https://openalex.org/A5009378425,1.65497616222665,,,6.212121212121212,,1933,2023.0,,,33,377,10764
207,https://openalex.org/A5009520056,4.602820788088144,,,2.5,,1996,2003.0,,,2,6,90
208,https://openalex.org/A5009577898,1.2817160435831685,,,3.9555555555555557,,1985,2024.0,,,45,237,7008
209,https://openalex.org/A5009586366,2.512056993822414,1958.0,,0.0,,1984,1984.0,26.0,,2,2,125
210,https://openalex.org/A5009602317,3.4864340452242066,,,4.784313725490196,,1969,2025.0,,,51,273,4101
211,https://openalex.org/A5009618910,1.7521599954046265,1972.0,,3.6818181818181817,,1986,2025.0,14.0,,22,607,12722
212,https://openalex.org/A5009631016,2.9531466823449213,1965.0,,4.8,,1971,2025.0,6.0,,15,223,7775
213,https://openalex.org/A5009854050,4.602820788088144,,,1.0,,1993,1994.0,,,1,3,21
214,https://openalex.org/A5009866562,0.8521558017286445,,,2.875,,2003,2025.0,,,8,97,2236
215,https://openalex.org/A5009888632,4.602820788088144,,,0.0,,2005,2005.0,,,1,1,50
216,https://openalex.org/A5009905683,3.180572208132925,,,5.363636363636363,,1997,2025.0,,,11,125,1542
217,https://openalex.org/A5009933240,2.166054876888403,,,0.0,,2011,2011.0,,,2,3,62
218,https://openalex.org/A5009939164,3.199340536704489,,,0.0,,2003,2003.0,,,2,1,25
219,https://openalex.org/A5009996418,1.2759783573617194,,,5.785714285714286,,1953,2017.0,,,14,116,6204
220,https://openalex.org/A5010082725,4.602820788088144,1968.0,,3.0,,2022,2025.0,54.0,,1,2,30
221,https://openalex.org/A5010101804,4.757003430894271,1920.0,2012.0,3.0,92.0,1980,2006.0,60.0,6.0,5,26,2505
222,https://openalex.org/A5010186349,3.0067739886175198,1965.0,,10.142857142857142,,1963,2022.0,-2.0,,7,81,1315
223,https://openalex.org/A5010266887,1.8275260962542426,,,2.8684210526315788,,2004,2025.0,,,38,780,13441
224,https://openalex.org/A5010278214,4.602820788088144,,,8.166666666666666,,1964,1999.0,,,12,63,1591
225,https://openalex.org/A5010317907,1.4684204125709583,1964.0,,2.2857142857142856,,2010,2025.0,46.0,,7,16,1893
226,https://openalex.org/A5010321303,1.8008750146756998,,,0.9,,2017,2025.0,,,10,24,650
227,https://openalex.org/A5010336243,0.8725353439584254,,,0.0,,1990,1990.0,,,1,1,1
228,https://openalex.org/A5010351048,0.5878048229363744,,,3.8,,2010,2025.0,,,5,52,539
229,https://openalex.org/A5010378261,2.776859526733256,,,2.0,,2007,2023.0,,,5,19,426
230,https://openalex.org/A5010394685,2.15507272075427,1935.0,2012.0,3.0952380952380953,77.0,2009,2012.0,74.0,0.0,21,77,6093
231,https://openalex.org/A5010408081,0.7198707318175306,,,4.8,,1975,2025.0,,,15,156,10355
232,https://openalex.org/A5010410773,1.4208905099455393,,,4.753086419753086,,1978,2025.0,,,81,369,45064
233,https://openalex.org/A5010436413,1.4036054365885597,,,1.6363636363636365,,2005,2018.0,,,11,21,1030
234,https://openalex.org/A5010570216,0.8343556312243295,,,2.3333333333333335,,2015,2025.0,,,3,12,136
235,https://openalex.org/A5010570520,1.8800811488438505,,,4.653846153846154,,1974,2006.0,,,26,142,10389
236,https://openalex.org/A5010574700,4.108062612300265,,,9.0,,1987,2026.0,,,4,130,4244
237,https://openalex.org/A5010580875,1.5548678521979118,1950.0,,2.2857142857142856,,1988,2025.0,38.0,,7,8,388
238,https://openalex.org/A5010686334,1.0279876101117424,1962.0,,2.375,,2015,2025.0,53.0,,8,10,1629
239,https://openalex.org/A5010692432,3.235677143531406,1941.0,,8.470588235294118,,1970,2024.0,29.0,,17,306,2733
240,https://openalex.org/A5010712695,4.625792956288247,,,0.0,,1981,1983.0,,,2,4,412
241,https://openalex.org/A5010756522,1.5388779060822029,1992.0,,3.183098591549296,,1990,2025.0,-2.0,,71,506,19603
242,https://openalex.org/A5010795553,3.0460518474605167,1965.0,,2.5,,1977,2025.0,12.0,,30,142,1001
243,https://openalex.org/A5010804491,2.015282113318538,,,7.0,,2012,2025.0,,,2,20,420
244,https://openalex.org/A5010894574,1.8974085255188278,,,3.0,,1978,2025.0,,,13,236,9860
245,https://openalex.org/A5010903591,2.18929006882759,,,2.076923076923077,,2004,2025.0,,,13,312,15424
246,https://openalex.org/A5010927128,1.4727305274925402,,,6.703703703703703,,1985,2025.0,,,27,176,4722
247,https://openalex.org/A5010991546,2.0473156498151566,,,9.25,,1977,2015.0,,,8,42,5009
248,https://openalex.org/A5011051552,2.368124326955743,,,0.3333333333333333,,1999,2000.0,,,3,3,51
249,https://openalex.org/A5011145273,0.1122862784625716,,,0.0,,1982,1982.0,,,2,1,15
250,https://openalex.org/A5011199257,0.1122862784625716,,,4.111111111111111,,1998,2024.0,,,9,242,2484
251,https://openalex.org/A5011236651,2.645987580201874,,,4.0,,1996,2025.0,,,7,70,778
252,https://openalex.org/A5011296982,1.1883830656448793,,,6.5,,2012,2025.0,,,2,58,1091
253,https://openalex.org/A5011313672,1.145325975345805,,,1.8571428571428572,,1982,2025.0,,,21,71,1240
254,https://openalex.org/A5011387108,3.49212150209938,1833.0,1909.0,1.1,76.0,1994,1909.0,161.0,0.0,10,23,1006
255,https://openalex.org/A5011462271,0.1122862784625716,1966.0,,7.25,,1996,2022.0,30.0,,4,63,1731
256,https://openalex.org/A5011469296,0.8924894837272285,,,3.7777777777777777,,1987,2025.0,,,18,571,32537
257,https://openalex.org/A5011478714,1.5645353676324558,,,6.133333333333334,,1962,2025.0,,,15,110,1955
258,https://openalex.org/A5011524710,2.297072138512628,,,2.8,,2001,2014.0,,,5,23,52
259,https://openalex.org/A5011543539,4.602820788088144,,,7.0,,2010,2017.0,,,1,4,113
260,https://openalex.org/A5011658274,3.008143191230246,,,6.75,,1978,2025.0,,,32,137,3764
261,https://openalex.org/A5011689017,1.8808675438577565,,,0.45454545454545453,,1988,2021.0,,,44,57,5536
262,https://openalex.org/A5011696226,0.1122862784625716,,,0.0,,1975,1975.0,,,1,2,305
263,https://openalex.org/A5011808870,1.6765745697951921,,,0.0,,1983,1983.0,,,3,3,320
264,https://openalex.org/A5011819951,1.3763267462228703,1974.0,,3.0,,1999,2025.0,25.0,,44,514,106915
265,https://openalex.org/A5011931280,2.5723045323221037,,,2.0,,2017,2025.0,,,5,38,120
266,https://openalex.org/A5011945536,0.1122862784625716,,,0.0,,1988,2008.0,,,3,30,215
267,https://openalex.org/A5012036093,4.602820788088144,,,0.0,,2000,2000.0,,,1,1,6
268,https://openalex.org/A5012087403,1.6723059209469906,,,5.888888888888889,,1963,2008.0,,,9,138,9034
269,https://openalex.org/A5012168575,1.584889677898613,,,2.4,,2007,2017.0,,,5,7,1243
270,https://openalex.org/A5012216430,3.1828889454249074,,,4.533333333333333,,1985,2025.0,,,15,91,2282
271,https://openalex.org/A5012256441,1.2238081909443217,,,0.5909090909090909,,2011,2025.0,,,22,48,707
272,https://openalex.org/A5012274683,1.7081134073630815,,,25.5,,1972,2014.0,,,2,38,2636
273,https://openalex.org/A5012358402,1.2460017246530721,,,1.5945945945945945,,1979,2025.0,,,37,477,6226
274,https://openalex.org/A5012363368,4.602820788088144,,,0.0,,1984,1984.0,,,1,3,38
275,https://openalex.org/A5012401301,0.8960423944103993,,,5.705882352941177,,1991,2026.0,,,17,52,2295
276,https://openalex.org/A5012484956,0.11219392417939138,,,2.0,,2021,2023.0,,,3,4,60
277,https://openalex.org/A5012533253,0.8043573884423604,,,2.6,,1977,2025.0,,,20,76,31146
278,https://openalex.org/A5012644488,0.1122862784625716,,,0.0,,1967,1967.0,,,1,4,28
279,https://openalex.org/A5012678408,1.8291522977346222,1946.0,,2.877551020408163,,1975,2025.0,29.0,,49,210,7465
280,https://openalex.org/A5012769290,1.4472259292049632,1969.0,,4.052631578947368,,1995,2026.0,26.0,,19,201,13261
281,https://openalex.org/A5012870693,0.7296353727990863,,,5.615384615384615,,1998,2025.0,,,13,50,4615
282,https://openalex.org/A5012876536,2.3961485615025135,,,1.4285714285714286,,1956,2025.0,,,7,9,51
283,https://openalex.org/A5012914413,9.753457756341476,,,4.0,,2015,2023.0,,,2,9,97
284,https://openalex.org/A5012955086,1.7654524911132974,,,3.6984126984126986,,1981,2025.0,,,63,430,55455
285,https://openalex.org/A5013038451,3.025821940724456,,,0.5,,2013,2019.0,,,2,5,172
286,https://openalex.org/A5013077975,0.1122862784625716,,,0.0,,2008,2008.0,,,1,2,10
287,https://openalex.org/A5013080942,2.564101026435138,,,0.6,,2018,2025.0,,,10,23,730
288,https://openalex.org/A5013204900,4.602820788088144,,,1.5,,2021,2025.0,,,2,7,44
289,https://openalex.org/A5013212578,4.602673515339273,,,1.0,,2017,2019.0,,,2,9,137
290,https://openalex.org/A5013289368,0.8725353439584254,,,0.0,,1986,1986.0,,,1,1,17
291,https://openalex.org/A5013307599,1.6137827026993143,1963.0,2008.0,6.4,45.0,1947,2008.0,-16.0,0.0,10,74,916
292,https://openalex.org/A5013480394,0.1122862784625716,,,0.0,,2011,2011.0,,,1,1,33
293,https://openalex.org/A5013510074,1.1098488126433854,,,3.4166666666666665,,1966,2026.0,,,24,103,1674
294,https://openalex.org/A5013519282,0.6804244739528321,,,1.0,,2019,2025.0,,,6,43,289
295,https://openalex.org/A5013524275,4.602820788088144,,,0.0,,1997,1997.0,,,1,1,8
296,https://openalex.org/A5013538486,1.3124961873256662,,,7.555555555555555,,1972,2024.0,,,9,121,7061
297,https://openalex.org/A5013606274,2.931554316250757,,,1.3333333333333333,,2000,2007.0,,,3,5,525
298,https://openalex.org/A5013655811,1.1153045700172006,,,2.7586206896551726,,1971,2021.0,,,116,552,55388
299,https://openalex.org/A5013689046,0.8725353439584254,,,0.0,,1986,1986.0,,,1,2,3
300,https://openalex.org/A5013694549,1.6580756790392681,,,3.4150943396226414,,1935,2025.0,,,53,727,29291
301,https://openalex.org/A5013738849,2.1467780479645064,,,2.392156862745098,,1985,2025.0,,,51,290,46040
302,https://openalex.org/A5013972640,6.041022553957597,,,4.153846153846154,,2006,2025.0,,,13,48,875
303,https://openalex.org/A5013990534,5.947151447670089,,,0.0,,1997,1997.0,,,2,2,41
304,https://openalex.org/A5013992617,0.8725353439584254,,,1.0,,2002,2003.0,,,1,3,65
305,https://openalex.org/A5014042122,0.1122862784625716,,,4.0,,2012,2016.0,,,1,18,787
306,https://openalex.org/A5014069871,2.1756807492233388,,,1.0769230769230769,,2000,2025.0,,,39,225,12622
307,https://openalex.org/A5014090175,0.877925913716556,,,1.9253731343283582,,2002,2025.0,,,67,302,13068
308,https://openalex.org/A5014097311,0.1122862784625716,,,0.0,,1963,1963.0,,,1,6,1082
309,https://openalex.org/A5014187004,0.9354351338148984,,,6.7272727272727275,,1994,2026.0,,,11,58,2140
310,https://openalex.org/A5014312942,1.0068984220523431,,,4.8,,2011,2024.0,,,5,27,398
311,https://openalex.org/A5014453742,1.8654355728809413,,,3.1315789473684212,,1989,2026.0,,,76,377,16554
312,https://openalex.org/A5014541330,2.2505357560125807,1972.0,,1.875,,2003,2025.0,31.0,,64,206,5849
313,https://openalex.org/A5014591063,4.602820788088144,,,0.0,,1992,1992.0,,,1,2,26
314,https://openalex.org/A5014640820,0.5138174592478079,,,9.666666666666666,,2008,2025.0,,,3,16,26
315,https://openalex.org/A5014671803,1.460368714197663,,,1.0,,2014,2026.0,,,11,47,717
316,https://openalex.org/A5014681969,2.985682181544055,,,0.0,,1997,1997.0,,,2,1,13
317,https://openalex.org/A5014727522,1.5456252852766692,,,1.3333333333333333,,2002,2021.0,,,6,11,213
318,https://openalex.org/A5014759982,5.989865738686384,,,4.857142857142857,,2001,2022.0,,,7,29,466
319,https://openalex.org/A5014774312,2.4689947149868283,,,1.5,,1991,2025.0,,,48,135,4360
320,https://openalex.org/A5014850211,0.1122862784625716,,,0.0,,2003,2003.0,,,1,1,1
321,https://openalex.org/A5014863618,2.5119934028755235,,,2.3076923076923075,,2011,2026.0,,,13,135,2183
322,https://openalex.org/A5014869983,4.602820788088144,,,2.3333333333333335,,2018,2025.0,,,3,28,128
323,https://openalex.org/A5014872605,1.339107821673996,,,3.2916666666666665,,1906,2025.0,,,24,63,1670
324,https://openalex.org/A5014931151,3.2193960850055263,,,1.25,,2010,2020.0,,,4,20,2149
325,https://openalex.org/A5014979904,2.4930337371434237,,,0.6666666666666666,,1982,2004.0,,,3,4,187
326,https://openalex.org/A5015024212,1.9716731866784667,1939.0,2023.0,0.0,84.0,1968,1974.0,29.0,49.0,4,8,52
327,https://openalex.org/A5015063669,3.5516367822525288,,,2.8333333333333335,,1987,2025.0,,,18,141,2612
328,https://openalex.org/A5015087094,4.44280517992623,,,3.090909090909091,,1993,2025.0,,,11,87,3438
329,https://openalex.org/A5015150415,1.1150886512153337,,,3.966666666666667,,1985,2025.0,,,30,169,3067
330,https://openalex.org/A5015166564,2.512056993822414,,,1.0,,2002,2004.0,,,2,4,912
331,https://openalex.org/A5015468934,2.512056993822414,,,2.3333333333333335,,2013,2021.0,,,3,18,1144
332,https://openalex.org/A5015485130,2.3248669499082255,,,4.666666666666667,,2002,2013.0,,,3,16,408
333,https://openalex.org/A5015555156,0.9538708705713214,,,1.9166666666666667,,1992,2026.0,,,12,153,2835
334,https://openalex.org/A5015806770,2.1633342952297347,,,6.0,,2005,2018.0,,,5,27,1441
335,https://openalex.org/A5015907038,0.1122862784625716,,,0.0,,1985,1985.0,,,1,3,15
336,https://openalex.org/A5015907949,1.597038253132348,,,3.5714285714285716,,2002,2024.0,,,14,35,946
337,https://openalex.org/A5015942237,4.602820788088144,,,0.0,,2022,2022.0,,,1,3,31
338,https://openalex.org/A5016014334,1.5705844417255777,,,2.7777777777777777,,2000,2022.0,,,9,24,209
339,https://openalex.org/A5016049788,0.3992044941482547,,,1.024390243902439,,2007,2025.0,,,41,97,2772
340,https://openalex.org/A5016083141,3.273603550086204,,,3.2857142857142856,,2004,2026.0,,,14,140,751
341,https://openalex.org/A5016146759,1.35204209459939,1967.0,,4.166666666666667,,1995,2025.0,28.0,,12,197,34572
342,https://openalex.org/A5016225548,2.3305220480831834,,,5.333333333333333,,2007,2025.0,,,9,56,1459
343,https://openalex.org/A5016469364,2.9402129467163127,,,4.833333333333333,,1989,2026.0,,,12,117,6200
344,https://openalex.org/A5016475996,2.727167090563293,,,1.6,,2015,2025.0,,,5,32,726
345,https://openalex.org/A5016481057,1.898556911132155,1942.0,,5.615384615384615,,1976,2015.0,34.0,,13,65,523
346,https://openalex.org/A5016493856,1.9130865498931464,,,1.1428571428571428,,2015,2023.0,,,7,40,965
347,https://openalex.org/A5016496386,2.3928407480418517,,,2.257142857142857,,1996,2025.0,,,105,293,5311
348,https://openalex.org/A5016514829,1.092207894578666,,,5.0,,1986,2005.0,,,11,18,902
349,https://openalex.org/A5016539288,2.378313818262067,,,1.0,,1986,1995.0,,,6,9,213
350,https://openalex.org/A5016570475,1.594490143731336,,,3.247311827956989,,1996,2025.0,,,93,1156,43146
351,https://openalex.org/A5016683716,0.8725353439584254,,,0.0,,1993,1993.0,,,1,1,7
352,https://openalex.org/A5016808498,3.328153407565555,,,7.444444444444445,,1994,2025.0,,,9,72,1609
353,https://openalex.org/A5016828766,2.6137506216898774,,,13.0,,2005,2018.0,,,2,12,196
354,https://openalex.org/A5016836431,2.7691017207087674,,,5.25,,1982,2025.0,,,8,37,119
355,https://openalex.org/A5016872125,0.3544208702439545,,,2.3,,1999,2025.0,,,10,66,4158
356,https://openalex.org/A5016915460,4.602820788088144,,,0.4,,2010,2012.0,,,10,15,935
357,https://openalex.org/A5017103839,4.602820788088144,,,4.0,,1989,1993.0,,,1,8,100
358,https://openalex.org/A5017114236,3.3236511203305303,1958.0,,7.375,,1970,2023.0,12.0,,8,36,746
359,https://openalex.org/A5017115650,0.6181793760445691,,,0.0,,1988,1988.0,,,2,1,5
360,https://openalex.org/A5017124148,0.11214774703780125,,,5.0,,2019,2025.0,,,2,6,676
361,https://openalex.org/A5017124456,0.6131157186258958,,,1.1428571428571428,,1985,2023.0,,,7,30,2014
362,https://openalex.org/A5017132742,0.9188317503718141,,,5.173913043478261,,1967,2022.0,,,46,306,12598
363,https://openalex.org/A5017188317,5.535131250758461,1950.0,,4.5,,1980,2025.0,30.0,,36,568,12727
364,https://openalex.org/A5017212788,2.512056993822414,,,0.0,,1991,1991.0,,,2,9,15
365,https://openalex.org/A5017275394,4.602820788088144,,,5.0,,2018,2023.0,,,1,9,184
366,https://openalex.org/A5017355813,2.8559074744045114,,,1.4285714285714286,,1997,2025.0,,,21,73,5748
367,https://openalex.org/A5017423154,1.5456350222053643,,,18.666666666666668,,1970,2026.0,,,3,221,9552
368,https://openalex.org/A5017473171,2.1086722587941478,,,6.0,,1986,2022.0,,,2,18,932
369,https://openalex.org/A5017517054,2.6029679443759743,,,10.4,,1993,2025.0,,,5,109,1669
370,https://openalex.org/A5017656147,1.6352429958613484,,,4.2,,2012,2026.0,,,5,48,3176
371,https://openalex.org/A5017689170,0.7588531304432945,,,2.0952380952380953,,2008,2024.0,,,21,56,1354
372,https://openalex.org/A5017701430,1.3915417509750296,,,35.0,,1899,1984.0,,,2,14,60
373,https://openalex.org/A5017750412,0.4494559892340564,,,2.0,,2018,2024.0,,,3,7,103
374,https://openalex.org/A5017751960,5.375808290159628,1962.0,,16.5,,1970,2025.0,8.0,,4,158,1163
375,https://openalex.org/A5017763839,0.8273245305098431,,,3.6153846153846154,,1996,2018.0,,,13,72,2966
376,https://openalex.org/A5017794813,4.602673515339273,,,11.333333333333334,,1986,2020.0,,,3,79,1469
377,https://openalex.org/A5017834122,3.767413423227609,,,3.9655172413793105,,1990,2025.0,,,29,267,10913
378,https://openalex.org/A5017902342,5.947151447670089,,,0.0,,1973,1973.0,,,2,1,3
379,https://openalex.org/A5017906990,1.1917504995197143,,,1.0,,2006,2025.0,,,7,23,788
380,https://openalex.org/A5018030952,3.3930872370220637,,,1.0,,2007,2008.0,,,1,6,250
381,https://openalex.org/A5018071484,4.602820788088144,,,0.0,,1997,1997.0,,,1,1,43
382,https://openalex.org/A5018185682,2.1850975480873407,1890.0,1931.0,6.64,41.0,1971,1931.0,81.0,0.0,50,275,38602
383,https://openalex.org/A5018199873,2.0854688979563174,1986.0,,3.982142857142857,,1961,2025.0,-25.0,,56,243,3967
384,https://openalex.org/A5018231918,2.8377503850779138,,,1.6666666666666667,,2008,2026.0,,,18,62,1269
385,https://openalex.org/A5018246309,2.371824056738575,,,4.296296296296297,,1987,2023.0,,,27,381,38529
386,https://openalex.org/A5018284217,0.8725353439584254,,,0.0,,2021,2021.0,,,1,3,1
387,https://openalex.org/A5018353777,2.3484091182506526,,,0.375,,1963,1986.0,,,8,19,265
388,https://openalex.org/A5018463074,1.2239747608226312,,,0.75,,2011,2024.0,,,12,14,765
389,https://openalex.org/A5018500587,2.708912881957183,,,15.625,,1994,2025.0,,,8,22,1723
390,https://openalex.org/A5018543474,0.8725353439584254,1843.0,1923.0,0.0,80.0,1976,1923.0,133.0,0.0,1,2,61
391,https://openalex.org/A5018551512,1.354968682366535,,,4.5,,1967,1976.0,,,4,22,1106
392,https://openalex.org/A5018599381,1.291737739678542,,,1.3333333333333333,,1998,2002.0,,,3,15,833
393,https://openalex.org/A5018631559,0.1122862784625716,1980.0,,3.6666666666666665,,2007,2025.0,27.0,,9,84,4380
394,https://openalex.org/A5018734150,2.0225565732170696,1847.0,1906.0,3.875,59.0,1994,1906.0,147.0,0.0,16,162,14074
395,https://openalex.org/A5018787347,1.6460610288900512,1979.0,,3.6,,2004,2025.0,25.0,,20,254,7038
396,https://openalex.org/A5018796259,0.1122862784625716,,,0.0,,1998,1998.0,,,1,1,0
397,https://openalex.org/A5018819061,2.0435115552600744,,,3.9,,2007,2025.0,,,10,70,9184
398,https://openalex.org/A5018855751,4.602820788088144,,,7.0,,2018,2025.0,,,1,5,19
399,https://openalex.org/A5018866086,0.1122862784625716,,,0.0,,1998,1998.0,,,1,1,25
400,https://openalex.org/A5018879912,1.2213655571491913,1776.0,1831.0,1.1666666666666667,55.0,2014,1831.0,238.0,0.0,6,33,1937
401,https://openalex.org/A5018882942,0.8608346388941297,,,0.0,,2023,2025.0,,,3,6,21
402,https://openalex.org/A5018909220,0.1122862784625716,,,1.0,,2013,2014.0,,,1,5,44
403,https://openalex.org/A5019112394,4.602673515339273,,,0.0,,1986,1986.0,,,2,1,39
404,https://openalex.org/A5019155974,1.8512230458894767,,,3.25,,1979,2025.0,,,20,143,4234
405,https://openalex.org/A5019178724,0.11214774703780125,,,2.0,,2011,2013.0,,,2,2,57
406,https://openalex.org/A5019198912,3.7026088962812542,,,3.5,,2008,2018.0,,,2,10,400
407,https://openalex.org/A5019257658,1.7289007109780261,,,4.4,,1986,2024.0,,,5,15,78
408,https://openalex.org/A5019266000,1.3429142480650507,1980.0,,4.256410256410256,,2002,2025.0,22.0,,39,228,9975
409,https://openalex.org/A5019269808,4.602820788088144,1971.0,,0.0,,2002,2002.0,31.0,,1,4,26
410,https://openalex.org/A5019301005,2.5720570608333313,,,4.25,,1964,2008.0,,,12,86,1466
411,https://openalex.org/A5019381158,2.8793986626626036,,,2.0,,1990,2022.0,,,2,6,23
412,https://openalex.org/A5019387043,4.316743545568334,,,0.5,,2005,2010.0,,,2,4,126
413,https://openalex.org/A5019408714,7.803729402798773,,,0.75,,2020,2025.0,,,4,11,22
414,https://openalex.org/A5019441058,1.1992204709093157,,,1.5,,2000,2024.0,,,18,77,7245
415,https://openalex.org/A5019524206,4.602820788088144,,,0.0,,1997,2006.0,,,2,2,6
416,https://openalex.org/A5019598787,0.9555020377153495,,,1.0,,2017,2025.0,,,5,16,132
417,https://openalex.org/A5019645559,0.1122862784625716,,,0.0,,2013,2013.0,,,1,2,136
418,https://openalex.org/A5019661834,2.077256650075549,,,4.622950819672131,,1945,2025.0,,,61,686,34360
419,https://openalex.org/A5019670033,2.2917103036826973,,,7.083333333333333,,1991,2025.0,,,12,304,10210
420,https://openalex.org/A5019751546,0.42924566626474525,,,0.0,,2022,2022.0,,,2,1,17
421,https://openalex.org/A5019815755,4.602820788088144,1977.0,,0.0,,2001,2001.0,24.0,,2,1,28
422,https://openalex.org/A5019835460,2.3255038198042337,,,2.888888888888889,,1984,2025.0,,,36,271,3938
423,https://openalex.org/A5019932297,2.0284831393139506,,,2.3333333333333335,,2018,2025.0,,,3,10,15
424,https://openalex.org/A5020050163,4.602820788088144,,,2.75,,2002,2022.0,,,4,5,100
425,https://openalex.org/A5020075038,0.8765085760409841,,,2.0,,2008,2022.0,,,6,41,776
426,https://openalex.org/A5020150162,3.946252561016716,,,4.3076923076923075,,1977,2025.0,,,13,163,10225
427,https://openalex.org/A5020150254,2.363015837911402,,,4.0,,2008,2019.0,,,3,28,1338
428,https://openalex.org/A5020182392,1.039963955608003,,,1.6666666666666667,,2015,2025.0,,,6,49,384
429,https://openalex.org/A5020201216,0.8725353439584254,1962.0,,1.0,,2008,2025.0,46.0,,15,22,517
430,https://openalex.org/A5020245115,1.200681315390963,,,0.6666666666666666,,2007,2025.0,,,12,15,426
431,https://openalex.org/A5020247892,0.5316885370572811,1944.0,,8.153846153846153,,1964,2025.0,20.0,,13,279,8783
432,https://openalex.org/A5020284532,3.966655468796848,,,1.2,,2003,2025.0,,,5,16,692
433,https://openalex.org/A5020302211,1.2106232276091875,1949.0,,5.9,,1971,2011.0,22.0,,10,44,6249
434,https://openalex.org/A5020303566,2.4840660813736815,2000.0,,1.2352941176470589,,2009,2025.0,9.0,,17,65,2068
435,https://openalex.org/A5020315196,1.0129369308360612,,,0.375,,2020,2024.0,,,8,14,51
436,https://openalex.org/A5020348364,4.602820788088144,,,0.0,,2013,2024.0,,,3,7,454
437,https://openalex.org/A5020354560,1.933370724146659,,,2.0833333333333335,,1985,2025.0,,,36,314,9151
438,https://openalex.org/A5020381513,1.2406776742984778,,,2.5625,,1992,2025.0,,,16,59,2175
439,https://openalex.org/A5020571191,2.20928048644128,,,8.833333333333334,,1961,2026.0,,,12,268,18794
440,https://openalex.org/A5020675135,0.1122862784625716,,,4.0,,1986,1990.0,,,1,3,34
441,https://openalex.org/A5020724152,1.8665302338365535,,,3.5,,1989,2003.0,,,4,22,612
442,https://openalex.org/A5020725876,3.7895920569929427,,,2.1666666666666665,,1990,2010.0,,,18,280,7024
443,https://openalex.org/A5020836803,0.697519341928512,,,5.894736842105263,,1997,2025.0,,,19,156,5168
444,https://openalex.org/A5020886062,1.9907256191640827,1962.0,,3.3793103448275863,,1991,2025.0,29.0,,29,1437,22410
445,https://openalex.org/A5020896202,1.6777975154675153,1962.0,,2.933333333333333,,1978,2025.0,16.0,,15,107,2260
446,https://openalex.org/A5020934923,2.1283348516489564,,,1.5,,1989,2017.0,,,10,31,671
447,https://openalex.org/A5021027921,0.6285112227281909,1893.0,1946.0,0.0,53.0,1994,1946.0,101.0,0.0,3,3,105
448,https://openalex.org/A5021089891,0.8521558017286445,,,4.0,,1993,2025.0,,,3,9,10
449,https://openalex.org/A5021181658,2.6153586327788743,,,3.0,,2005,2019.0,,,2,5,141
450,https://openalex.org/A5021229422,0.1122862784625716,1922.0,2013.0,7.95,91.0,1968,2013.0,46.0,0.0,20,124,1881
451,https://openalex.org/A5021249331,0.8661710013695441,,,3.5555555555555554,,1990,2026.0,,,18,169,8353
452,https://openalex.org/A5021257671,3.030195181265346,,,5.666666666666667,,1989,2025.0,,,9,18,127
453,https://openalex.org/A5021276997,1.829521306500812,,,4.181818181818182,,1995,2025.0,,,11,68,7036
454,https://openalex.org/A5021325428,1.7090891410541396,,,2.0,,2016,2024.0,,,5,18,370
455,https://openalex.org/A5021342971,2.3357347816762206,,,0.3333333333333333,,1984,1986.0,,,3,3,216
456,https://openalex.org/A5021359402,1.982150574612078,,,2.5714285714285716,,2016,2025.0,,,7,119,533
457,https://openalex.org/A5021491393,0.8841086381388218,,,0.5,,2013,2025.0,,,2,21,118
458,https://openalex.org/A5021504206,1.3487401267794183,,,0.12,,1984,2014.0,,,25,38,2268
459,https://openalex.org/A5021559669,1.55008026812221,,,5.482758620689655,,1933,2025.0,,,29,248,5892
460,https://openalex.org/A5021612626,2.26242130206148,,,1.0,,2002,2015.0,,,14,35,256
461,https://openalex.org/A5021769541,0.32810702190071145,2000.0,,4.0,,1987,2025.0,-13.0,,21,135,17573
462,https://openalex.org/A5021774850,2.7992262640934755,1984.0,,4.0,,2010,2025.0,26.0,,6,135,1575
463,https://openalex.org/A5022088501,2.6137506216898774,,,0.0,,1993,2016.0,,,5,6,87
464,https://openalex.org/A5022108294,4.602673515339273,,,6.0,,2000,2025.0,,,8,19,344
465,https://openalex.org/A5022148774,1.1005140840215648,,,9.4,,2004,2024.0,,,5,17,288
466,https://openalex.org/A5022213200,3.050704557807036,,,0.6666666666666666,,1985,1986.0,,,3,6,73
467,https://openalex.org/A5022230286,0.8650491482930511,,,2.5,,2003,2016.0,,,6,17,1781
468,https://openalex.org/A5022326376,1.0146548065068313,,,2.5,,2017,2025.0,,,6,36,906
469,https://openalex.org/A5022327399,1.752308951391793,,,0.8333333333333334,,2022,2025.0,,,6,8,30
470,https://openalex.org/A5022343711,1.715272671956988,,,2.5,,2005,2025.0,,,8,35,2234
471,https://openalex.org/A5022460170,4.602820788088144,,,2.5555555555555554,,2011,2025.0,,,9,41,390
472,https://openalex.org/A5022468718,2.4244497186760148,,,2.4545454545454546,,2013,2025.0,,,11,36,2181
473,https://openalex.org/A5022554119,0.613289079037722,,,1.5714285714285714,,2008,2019.0,,,7,17,773
474,https://openalex.org/A5022617269,2.2501066462673114,,,2.5277777777777777,,1979,2025.0,,,36,456,16077
475,https://openalex.org/A5022620260,1.6582749954787046,,,1.6,,2002,2021.0,,,5,21,574
476,https://openalex.org/A5022627180,0.6997141174982662,,,5.2,,1981,2012.0,,,5,20,366
477,https://openalex.org/A5022701706,0.1122862784625716,,,0.0,,1959,1959.0,,,1,1,1
478,https://openalex.org/A5022750360,0.1122862784625716,,,0.0,,1995,1995.0,,,1,1,0
479,https://openalex.org/A5022864866,3.9040078429957847,,,4.894736842105263,,1978,2025.0,,,19,144,1367
480,https://openalex.org/A5022865068,1.7052044754647355,,,0.9047619047619048,,2013,2025.0,,,21,56,593
481,https://openalex.org/A5022875077,0.2667897390096276,,,5.5,,2007,2026.0,,,4,165,1303
482,https://openalex.org/A5022955653,0.8521558017286445,,,4.0,,2017,2025.0,,,2,14,413
483,https://openalex.org/A5023061862,0.1550995745371904,,,0.0,,2001,2001.0,,,1,3,26
484,https://openalex.org/A5023094592,0.6220187623520994,,,0.0,,2015,2023.0,,,6,5,318
485,https://openalex.org/A5023165822,5.40734612062743,,,0.75,,1994,2002.0,,,4,11,399
486,https://openalex.org/A5023243341,4.602820788088144,,,0.0,,1990,1990.0,,,1,1,0
487,https://openalex.org/A5023289319,0.8725353439584254,1928.0,2012.0,0.0,84.0,1986,1986.0,58.0,26.0,1,2,3
488,https://openalex.org/A5023379628,0.1122862784625716,,,2.0,,1985,1987.0,,,1,3,133
489,https://openalex.org/A5023380605,2.674592383848074,1978.0,,1.6666666666666667,,2000,2021.0,22.0,,3,8,141
490,https://openalex.org/A5023418418,1.7046265417771558,,,0.9,,1994,2025.0,,,10,48,575
491,https://openalex.org/A5023501176,1.267761665595237,,,0.5714285714285714,,1954,1977.0,,,7,55,832
492,https://openalex.org/A5023696247,2.1036111632365313,,,1.0,,2021,2025.0,,,4,10,104
493,https://openalex.org/A5023748228,1.6798424593990349,,,1.3333333333333333,,2023,2025.0,,,3,8,29
494,https://openalex.org/A5023787741,3.1983345917593855,,,0.0,,2014,2022.0,,,2,3,163
495,https://openalex.org/A5023800106,0.1122862784625716,,,3.0,,1998,2023.0,,,4,18,325
496,https://openalex.org/A5024014689,1.2986497780195119,,,1.5714285714285714,,2012,2025.0,,,7,15,177
497,https://openalex.org/A5024020403,4.602820788088144,,,2.0,,2021,2023.0,,,1,2,53
498,https://openalex.org/A5024036774,2.3178798467745305,,,5.0,,1996,2024.0,,,6,24,716
499,https://openalex.org/A5024040701,0.4952392958438358,,,2.0,,1975,2014.0,,,3,14,189
500,https://openalex.org/A5024045749,4.602820788088144,1951.0,,0.0,,2002,2002.0,51.0,,1,1,68
501,https://openalex.org/A5024084600,1.1874921652635577,1959.0,,2.7058823529411766,,2002,2023.0,43.0,,17,49,9954
502,https://openalex.org/A5024114906,0.1122862784625716,1970.0,2017.0,2.0,47.0,2012,2014.0,42.0,3.0,1,4,138
503,https://openalex.org/A5024163786,1.1716646969897326,1925.0,2014.0,5.051282051282051,89.0,1965,2014.0,40.0,0.0,39,315,21651
504,https://openalex.org/A5024171296,1.4331718546140575,,,0.2857142857142857,,1984,1994.0,,,7,16,919
505,https://openalex.org/A5024185940,0.7499643585471781,,,2.0,,2016,2025.0,,,4,19,763
506,https://openalex.org/A5024195218,1.1455123965846914,,,0.7272727272727273,,2012,2025.0,,,11,31,483
507,https://openalex.org/A5024263670,2.1361926305839956,,,16.5,,1982,2020.0,,,4,17,643
508,https://openalex.org/A5024272023,1.2698917140066268,1933.0,2014.0,4.324324324324325,81.0,1967,2014.0,34.0,0.0,37,154,3786
509,https://openalex.org/A5024274912,2.115512171506759,1938.0,,4.0,,1969,2021.0,31.0,,2,24,201
510,https://openalex.org/A5024277492,1.8166305203376547,,,1.1904761904761905,,1978,2025.0,,,21,81,979
511,https://openalex.org/A5024337937,2.4270509588976785,1948.0,2016.0,1.0,68.0,2018,2016.0,70.0,0.0,5,21,147
512,https://openalex.org/A5024345216,1.9348935522617117,,,4.875,,1982,2025.0,,,32,570,10253
513,https://openalex.org/A5024419531,1.3082188242271235,,,2.280701754385965,,1993,2025.0,,,57,278,54815
514,https://openalex.org/A5024487053,0.7466107558954433,,,5.625,,1978,2023.0,,,8,34,1046
515,https://openalex.org/A5024604222,2.583129966294902,,,1.7142857142857142,,1990,2011.0,,,7,16,415
516,https://openalex.org/A5024621145,1.0235807031274544,,,1.8333333333333333,,2013,2025.0,,,12,62,1585
517,https://openalex.org/A5024650749,1.2644378667836014,,,3.8,,2012,2022.0,,,5,9,343
518,https://openalex.org/A5024657765,3.9232752061092553,,,10.25,,1990,2023.0,,,4,83,1740
519,https://openalex.org/A5024697590,0.1550995745371904,,,0.0,,2020,2024.0,,,2,4,24
520,https://openalex.org/A5024759396,1.7095298778204946,,,2.3777777777777778,,2004,2025.0,,,45,297,7831
521,https://openalex.org/A5024767584,4.602820788088144,,,2.0,,1987,1989.0,,,1,2,30
522,https://openalex.org/A5024845779,2.301660179681103,,,2.2,,2007,2015.0,,,5,29,532
523,https://openalex.org/A5024974658,0.1122862784625716,1986.0,,2.0,,2007,2025.0,21.0,,8,23,405
524,https://openalex.org/A5024990798,2.130411100401103,,,3.888888888888889,,1991,2025.0,,,9,338,17789
525,https://openalex.org/A5025028114,0.5033627650580309,1955.0,,6.5,,1992,2021.0,37.0,,4,56,350
526,https://openalex.org/A5025049050,1.5658132089934416,,,2.923076923076923,,1978,2024.0,,,13,124,1754
527,https://openalex.org/A5025070039,0.1122862784625716,1943.0,,0.0,,1998,1998.0,55.0,,1,3,4
528,https://openalex.org/A5025175160,3.2394241547732605,,,2.2857142857142856,,2006,2025.0,,,7,54,608
529,https://openalex.org/A5025185750,1.086663581546037,,,4.769230769230769,,1980,2022.0,,,13,137,3095
530,https://openalex.org/A5025240110,4.602820788088144,,,0.0,,1992,1992.0,,,1,1,54
531,https://openalex.org/A5025262497,1.9701028825094062,,,1.25,,2014,2019.0,,,4,11,85
532,https://openalex.org/A5025375830,2.5477385411705282,,,4.583333333333333,,1966,2025.0,,,12,126,4187
533,https://openalex.org/A5025380435,2.5459508828100454,,,0.6666666666666666,,2011,2025.0,,,3,7,32
534,https://openalex.org/A5025407216,,,,4.857142857142857,,1993,2022.0,,,7,81,1054
535,https://openalex.org/A5025490428,0.4663873874470507,,,2.5,,2020,2025.0,,,2,5,14
536,https://openalex.org/A5025496597,0.7120626383277153,,,1.0,,1978,1980.0,,,2,3,34
537,https://openalex.org/A5025627439,0.92513219572019,,,3.6666666666666665,,2002,2024.0,,,12,40,1214
538,https://openalex.org/A5025704489,2.512056993822414,1982.0,,15.0,,1988,2003.0,6.0,,2,3,28
539,https://openalex.org/A5025709761,4.708988738234804,1728.0,1794.0,4.0,66.0,2019,1794.0,291.0,0.0,2,16,117
540,https://openalex.org/A5025836447,0.789057735275426,,,3.125,,2016,2025.0,,,8,26,455
541,https://openalex.org/A5025884332,2.3375786079500926,1821.0,1880.0,2.375,59.0,1982,1880.0,161.0,0.0,8,33,556
542,https://openalex.org/A5025912032,3.444059080617557,,,13.0,,1959,2003.0,,,4,23,1338
543,https://openalex.org/A5025935625,2.0855328343754027,1963.0,,7.1,,1974,2023.0,11.0,,20,128,5419
544,https://openalex.org/A5026026514,2.860266749702679,,,2.857142857142857,,2006,2024.0,,,7,82,838
545,https://openalex.org/A5026039794,0.1122862784625716,1882.0,1935.0,0.0,53.0,1989,1935.0,107.0,0.0,1,1,206
546,https://openalex.org/A5026041727,0.1122862784625716,1986.0,,4.583333333333333,,1981,2017.0,-5.0,,12,98,1752
547,https://openalex.org/A5026043009,2.1197341349162038,,,3.75,,2004,2025.0,,,8,142,7470
548,https://openalex.org/A5026098853,1.4115407108687315,,,2.5128205128205128,,1992,2025.0,,,39,364,11169
549,https://openalex.org/A5026169690,2.679152304744865,,,1.5,,2004,2025.0,,,24,103,3385
550,https://openalex.org/A5026198219,1.0076567039151505,,,1.3333333333333333,,2005,2009.0,,,3,7,39
551,https://openalex.org/A5026215612,2.386745569802872,,,3.625,,2005,2024.0,,,8,48,387
552,https://openalex.org/A5026367973,1.222558475760322,,,2.5555555555555554,,1992,2025.0,,,18,151,3701
553,https://openalex.org/A5026426691,2.094559889417958,,,0.46153846153846156,,2015,2025.0,,,13,14,258
554,https://openalex.org/A5026449286,3.1325847137807106,,,4.827586206896552,,1997,2025.0,,,29,167,3860
555,https://openalex.org/A5026525836,2.757530948333095,1969.0,,5.315789473684211,,1975,2026.0,6.0,,19,337,44037
556,https://openalex.org/A5026544655,3.2817332795241887,,,0.0,,1966,2000.0,,,4,2,46
557,https://openalex.org/A5026655215,0.3838350634284976,,,0.0,,2005,2017.0,,,2,2,152
558,https://openalex.org/A5026664428,0.8725353439584254,,,0.0,,1990,2016.0,,,2,4,95
559,https://openalex.org/A5026689272,1.704232859531326,,,3.8,,2013,2025.0,,,5,34,391
560,https://openalex.org/A5026749690,1.2789224004800064,,,1.5714285714285714,,1993,2026.0,,,56,269,10229
561,https://openalex.org/A5026800878,0.6673148964359781,1980.0,,2.0,,2015,2022.0,35.0,,4,9,647
562,https://openalex.org/A5026833343,1.0364234970259827,1940.0,2020.0,5.678571428571429,80.0,1962,2020.0,22.0,0.0,28,384,3150
563,https://openalex.org/A5026898960,1.9576945085005668,,,6.571428571428571,,1974,2025.0,,,14,160,18688
564,https://openalex.org/A5027139401,2.316921744540664,,,0.0,,1987,2025.0,,,2,2,24
565,https://openalex.org/A5027161300,1.3580528913046856,,,8.875,,1980,2024.0,,,8,151,2562
566,https://openalex.org/A5027171023,2.9942095791338263,,,5.142857142857143,,1999,2024.0,,,7,62,820
567,https://openalex.org/A5027173787,0.7999560038057093,,,1.625,,2016,2025.0,,,8,14,2159
568,https://openalex.org/A5027323321,4.602820788088144,,,0.0,,1990,1990.0,,,1,1,4
569,https://openalex.org/A5027389407,2.2255504019170056,,,4.4,,1977,2005.0,,,5,16,736
570,https://openalex.org/A5027448302,1.1005140840215648,,,3.5,,2012,2025.0,,,8,32,360
571,https://openalex.org/A5027510488,2.372147153039833,,,2.38,,1995,2026.0,,,50,177,5756
572,https://openalex.org/A5027512600,3.3508831633576515,1961.0,,4.852941176470588,,1990,2023.0,29.0,,34,373,6036
573,https://openalex.org/A5027558823,0.1122862784625716,,,3.2916666666666665,,1988,2025.0,,,24,203,742
574,https://openalex.org/A5027575648,1.979617720729253,,,3.6666666666666665,,1996,2025.0,,,18,149,3058
575,https://openalex.org/A5027685919,1.5875157352320466,,,0.5833333333333334,,1977,2020.0,,,12,72,131
576,https://openalex.org/A5027699789,2.5189549527461237,,,1.75,,2017,2023.0,,,4,154,664
577,https://openalex.org/A5027752516,0.8725353439584254,,,8.0,,2002,2010.0,,,1,14,53
578,https://openalex.org/A5027781500,0.1122862784625716,,,9.2,,1982,2024.0,,,5,93,1750
579,https://openalex.org/A5027839860,2.0223222684368327,,,0.2,,2018,2019.0,,,5,3,35
580,https://openalex.org/A5027869956,5.711473094749573,,,2.4,,2009,2025.0,,,5,39,337
581,https://openalex.org/A5027908607,1.3117247603547448,,,1.56,,2005,2025.0,,,25,87,2188
582,https://openalex.org/A5027921001,1.910144930541597,,,0.0,,1969,2024.0,,,4,3,29
583,https://openalex.org/A5027957608,4.602820788088144,,,0.0,,1993,1993.0,,,1,2,29
584,https://openalex.org/A5027960459,1.3748326043468873,,,3.625,,2006,2025.0,,,8,85,2344
585,https://openalex.org/A5027978869,0.5450690119605602,,,1.6666666666666667,,2020,2025.0,,,3,9,124
586,https://openalex.org/A5027987167,4.602820788088144,1903.0,1999.0,2.0,96.0,2011,1999.0,108.0,0.0,1,2,32
587,https://openalex.org/A5028000024,3.0593285054661195,,,7.9,,1978,2024.0,,,10,138,1957
588,https://openalex.org/A5028032363,2.46815369511929,,,8.0,,1987,2023.0,,,7,62,1859
589,https://openalex.org/A5028092802,4.602820788088144,,,3.25,,2014,2025.0,,,4,32,423
590,https://openalex.org/A5028094627,2.501724310983693,,,2.6363636363636362,,2001,2026.0,,,11,102,2418
591,https://openalex.org/A5028118440,5.865886318499053,,,0.5789473684210527,,2009,2025.0,,,19,68,1141
592,https://openalex.org/A5028125546,1.5718621988756445,,,0.8,,1987,2001.0,,,5,11,1556
593,https://openalex.org/A5028178219,1.468516109300964,,,0.0,,1988,1988.0,,,2,1,4
594,https://openalex.org/A5028181118,1.1212073832987577,,,4.6,,1991,2025.0,,,10,134,5194
595,https://openalex.org/A5028316446,2.566621183669863,,,7.583333333333333,,1988,2025.0,,,12,92,2585
596,https://openalex.org/A5028328854,4.602820788088144,1957.0,,2.8333333333333335,,1997,2026.0,40.0,,12,92,2222
597,https://openalex.org/A5028355754,4.602820788088144,,,0.0,,2012,2012.0,,,1,1,48
598,https://openalex.org/A5028358700,0.438744756358328,,,1.0,,2020,2025.0,,,2,7,50
599,https://openalex.org/A5028365221,4.602820788088144,,,0.0,,1961,1961.0,,,1,1,33
600,https://openalex.org/A5028392055,4.602820788088144,,,2.5,,2012,2017.0,,,2,16,205
601,https://openalex.org/A5028395899,2.9887431299922347,,,5.117647058823529,,1989,2025.0,,,17,253,2750
602,https://openalex.org/A5028404052,0.1122862784625716,,,0.0,,1977,1977.0,,,1,5,67
603,https://openalex.org/A5028491391,4.602820788088144,,,0.5,,1994,2018.0,,,2,4,215
604,https://openalex.org/A5028708680,0.1922941468288212,,,2.8,,2010,2024.0,,,5,37,5491
605,https://openalex.org/A5028803123,1.18502813742546,,,0.2,,2017,2026.0,,,5,9,137
606,https://openalex.org/A5028863641,1.7145963833838598,1931.0,2022.0,2.1666666666666665,91.0,2009,2022.0,78.0,0.0,6,19,169
607,https://openalex.org/A5028895418,4.602820788088144,,,4.625,,1984,2025.0,,,8,173,5351
608,https://openalex.org/A5028943520,3.1845815387935,,,4.444444444444445,,2003,2025.0,,,9,132,5299
609,https://openalex.org/A5029027451,1.1059789287701618,,,4.870967741935484,,1955,2025.0,,,31,235,6285
610,https://openalex.org/A5029097503,0.1122862784625716,,,2.1666666666666665,,2018,2025.0,,,6,82,3054
611,https://openalex.org/A5029152015,3.12817429474227,,,3.0,,1997,2025.0,,,8,76,3790
612,https://openalex.org/A5029299518,0.1122862784625716,,,0.0,,1985,1985.0,,,1,4,848
613,https://openalex.org/A5029315204,1.5970364477404397,,,1.25,,1979,2024.0,,,8,21,283
614,https://openalex.org/A5029325452,1.1997538602336233,,,0.0,,1986,1986.0,,,4,2,2
615,https://openalex.org/A5029490514,0.8119174375794951,,,4.666666666666667,,1973,1993.0,,,6,32,895
616,https://openalex.org/A5029569515,0.1122862784625716,,,0.0,,1983,1983.0,,,1,1,1
617,https://openalex.org/A5029736763,2.5803491250694015,,,1.1176470588235294,,2004,2025.0,,,17,191,7123
618,https://openalex.org/A5029739175,2.8796855659602394,1991.0,,1.9285714285714286,,1989,2025.0,-2.0,,14,45,9130
619,https://openalex.org/A5029748395,4.602820788088144,,,7.0,,2010,2017.0,,,1,13,1636
620,https://openalex.org/A5029778165,1.7243799322943933,,,22.0,,1968,2024.0,,,4,43,2064
621,https://openalex.org/A5029805261,2.308562699433691,,,4.869565217391305,,1987,2025.0,,,23,926,14709
622,https://openalex.org/A5029818293,3.0423132532636155,1990.0,,4.4375,,1979,2025.0,-11.0,,16,99,819
623,https://openalex.org/A5029865853,0.1122862784625716,1969.0,,15.2,,1981,2025.0,12.0,,5,111,1818
624,https://openalex.org/A5029975260,0.9790173276810455,1959.0,,0.0,,1994,1994.0,35.0,,7,2,784
625,https://openalex.org/A5030022945,0.8614713864848611,,,0.4,,1997,2004.0,,,5,27,330
626,https://openalex.org/A5030044825,2.7822536378905944,1955.0,,4.75,,1978,2025.0,23.0,,16,704,48470
627,https://openalex.org/A5030127840,6.418067477290666,,,4.0,,2012,2024.0,,,4,123,338
628,https://openalex.org/A5030198230,0.9156734053071857,,,1.3,,2007,2023.0,,,10,29,449
629,https://openalex.org/A5030203661,2.269685091344538,,,3.0606060606060606,,1999,2026.0,,,33,651,14297
630,https://openalex.org/A5030218685,0.1122862784625716,,,2.3636363636363638,,2001,2024.0,,,11,57,6490
631,https://openalex.org/A5030225388,2.166054876888403,,,4.7,,1998,2025.0,,,10,538,3086
632,https://openalex.org/A5030238375,0.8965478728657353,1905.0,1944.0,4.75,39.0,1994,1944.0,89.0,0.0,4,7,230
633,https://openalex.org/A5030278948,0.2667897390096276,,,7.666666666666667,,1997,2025.0,,,3,28,551
634,https://openalex.org/A5030380494,1.2166922667010032,,,3.6666666666666665,,1994,2017.0,,,3,16,795
635,https://openalex.org/A5030389875,3.430955931058301,,,3.3333333333333335,,1996,2023.0,,,9,33,517
636,https://openalex.org/A5030515910,1.2242124959095668,,,0.6842105263157895,,2014,2025.0,,,19,45,1342
637,https://openalex.org/A5030561954,4.602820788088144,,,2.0,,1956,1958.0,,,1,3,181
638,https://openalex.org/A5030570722,2.241997458017146,1938.0,,8.714285714285714,,1963,2025.0,25.0,,14,314,6056
639,https://openalex.org/A5030725795,2.498739027164002,,,0.0,,1956,1978.0,,,4,7,189
640,https://openalex.org/A5030726181,1.7716662837229564,1925.0,2016.0,12.333333333333334,91.0,2006,2016.0,81.0,0.0,3,54,1048
641,https://openalex.org/A5030829598,1.6939025781750168,,,3.4444444444444446,,1973,2025.0,,,54,271,10466
642,https://openalex.org/A5030846621,0.1122862784625716,,,0.0,,2018,2018.0,,,2,11,230
643,https://openalex.org/A5030851478,1.5795150478539386,1961.0,,5.416666666666667,,1981,2024.0,20.0,,24,236,4088
644,https://openalex.org/A5030858710,1.8299386179746404,1925.0,2012.0,7.0,87.0,1948,2012.0,23.0,0.0,31,348,33129
645,https://openalex.org/A5030865467,0.1122862784625716,,,1.0,,2021,2026.0,,,7,17,84
646,https://openalex.org/A5030874667,0.8725353439584254,,,0.0,,2012,2012.0,,,1,1,15
647,https://openalex.org/A5030885436,1.89578760220539,,,3.2857142857142856,,2013,2025.0,,,7,22,618
648,https://openalex.org/A5030907430,0.6953789191407215,,,5.4,,1993,2025.0,,,10,62,943
649,https://openalex.org/A5031045790,3.5612672820866793,,,3.473684210526316,,1995,2025.0,,,19,101,4883
650,https://openalex.org/A5031173686,1.1391351835109502,1931.0,2022.0,4.7272727272727275,91.0,1993,2022.0,62.0,0.0,11,185,2759
651,https://openalex.org/A5031183649,2.2286889552501803,,,1.2857142857142858,,2004,2022.0,,,7,30,299
652,https://openalex.org/A5031233779,0.49400762925496283,,,1.6666666666666667,,2016,2024.0,,,6,7,132
653,https://openalex.org/A5031274978,0.42924566626474525,,,2.6666666666666665,,2007,2021.0,,,3,20,2425
654,https://openalex.org/A5031545966,0.1122862784625716,,,25.8,,1975,2021.0,,,5,97,611
655,https://openalex.org/A5031683228,1.1287426575452788,,,3.0357142857142856,,1991,2025.0,,,28,98,3082
656,https://openalex.org/A5031879473,1.6348544807664773,,,2.6363636363636362,,1974,2021.0,,,11,71,1532
657,https://openalex.org/A5031911793,1.68063657515766,1946.0,,2.857142857142857,,1947,2025.0,1.0,,126,1026,22492
658,https://openalex.org/A5031973567,1.6542926429023992,,,1.4615384615384615,,1994,2025.0,,,26,91,449
659,https://openalex.org/A5031976667,0.1122862784625716,,,0.0,,2018,2018.0,,,1,3,67
660,https://openalex.org/A5032008116,2.9352779567223597,1931.0,2019.0,11.444444444444445,88.0,1961,2019.0,30.0,0.0,9,161,1898
661,https://openalex.org/A5032062163,4.602673515339273,,,1.0,,2013,2014.0,,,2,4,64
662,https://openalex.org/A5032064360,4.602820788088144,,,0.0,,1979,1979.0,,,2,1,13
663,https://openalex.org/A5032087217,4.902391176161476,,,4.142857142857143,,2015,2025.0,,,7,26,266
664,https://openalex.org/A5032093404,1.7140721116662179,,,2.5714285714285716,,2001,2025.0,,,21,293,38891
665,https://openalex.org/A5032099692,0.1122862784625716,,,0.0,,2003,2003.0,,,1,6,175
666,https://openalex.org/A5032124671,3.2459648586282026,1943.0,2022.0,5.5,79.0,1986,2021.0,43.0,1.0,4,225,3172
667,https://openalex.org/A5032181161,1.7178844693771398,,,1.8888888888888888,,2001,2016.0,,,36,47,6206
668,https://openalex.org/A5032236724,4.602820788088144,,,4.0,,2013,2017.0,,,1,23,1881
669,https://openalex.org/A5032257865,1.1003062466103635,,,3.3142857142857145,,1978,2025.0,,,35,387,18924
670,https://openalex.org/A5032363170,0.7337131950795444,,,2.6875,,2004,2025.0,,,32,299,5428
671,https://openalex.org/A5032374450,2.991839021510103,,,0.0,,1987,1994.0,,,2,3,136
672,https://openalex.org/A5032395508,0.8725353439584254,,,7.0,,2001,2008.0,,,1,3,272
673,https://openalex.org/A5032418986,1.795265335462739,1970.0,,2.0,,1994,2025.0,24.0,,33,493,57579
674,https://openalex.org/A5032450959,4.602820788088144,,,0.0,,2013,2013.0,,,1,1,102
675,https://openalex.org/A5032473664,2.1714251573765413,,,1.5,,1994,2025.0,,,10,27,709
676,https://openalex.org/A5032489346,4.602820788088144,,,0.0,,1997,1997.0,,,1,1,30
677,https://openalex.org/A5032506081,0.8725353439584254,,,0.0,,2019,2019.0,,,1,2,14
678,https://openalex.org/A5032522966,1.192116461640444,,,2.696969696969697,,1992,2025.0,,,99,472,9715
679,https://openalex.org/A5032589723,1.2247202782027935,,,6.0,,1980,2013.0,,,4,14,1204
680,https://openalex.org/A5032597780,1.3691513311839152,1961.0,,0.6363636363636364,,1983,2009.0,22.0,,22,33,1228
681,https://openalex.org/A5032635330,1.678156969336893,,,2.375,,1991,2025.0,,,8,94,1501
682,https://openalex.org/A5032659029,1.7880955572952446,,,2.1,,1998,2025.0,,,20,111,5019
683,https://openalex.org/A5032705357,1.779081575214535,,,0.2857142857142857,,2010,2016.0,,,7,9,1041
684,https://openalex.org/A5032735309,4.9450683703953375,,,6.2,,1958,1989.0,,,5,42,1030
685,https://openalex.org/A5032752353,1.6351575805706113,,,11.5,,1968,1990.0,,,2,11,432
686,https://openalex.org/A5032762010,3.567002546686399,1985.0,,18.0,,1979,2022.0,-6.0,,4,33,870
687,https://openalex.org/A5032797819,0.1122862784625716,,,0.0,,2020,2020.0,,,1,2,394
688,https://openalex.org/A5032815236,0.11214774703780125,,,0.0,,2018,2018.0,,,2,1,100
689,https://openalex.org/A5032838535,2.246917709166157,,,1.3333333333333333,,2022,2025.0,,,3,12,13
690,https://openalex.org/A5032854353,1.1085379601676595,1949.0,,5.117647058823529,,1977,2012.0,28.0,,17,43,737
691,https://openalex.org/A5032870005,1.391575963834258,,,2.8026315789473686,,1993,2025.0,,,76,592,39450
692,https://openalex.org/A5032903376,1.2367137685556082,2000.0,,3.574468085106383,,1972,2025.0,-28.0,,47,353,12914
693,https://openalex.org/A5033030044,2.576939604584073,,,0.6666666666666666,,2023,2025.0,,,3,10,28
694,https://openalex.org/A5033064522,1.9692703353134924,,,2.25,,2001,2024.0,,,12,20,3777
695,https://openalex.org/A5033200496,3.385918738648485,,,0.0,,1994,2001.0,,,2,12,111
696,https://openalex.org/A5033250069,2.0527372824364516,,,11.384615384615385,,1969,2024.0,,,13,128,6063
697,https://openalex.org/A5033282843,0.1122862784625716,,,0.0,,1955,1955.0,,,1,1,1
698,https://openalex.org/A5033346677,1.6612536748850681,,,2.5,,1997,2023.0,,,4,9,224
699,https://openalex.org/A5033398343,0.8725353439584254,1959.0,,0.0,,2011,2025.0,52.0,,2,3,55
700,https://openalex.org/A5033447085,1.0294395673964503,,,4.625,,1982,2012.0,,,8,39,1093
701,https://openalex.org/A5033468483,3.2563323866653033,1923.0,2020.0,0.3333333333333333,97.0,2000,2001.0,77.0,19.0,3,4,215
702,https://openalex.org/A5033532774,0.60544027302344,,,3.0,,1998,2007.0,,,3,10,267
703,https://openalex.org/A5033536312,3.0086825609098753,,,0.0,,1998,2000.0,,,2,7,296
704,https://openalex.org/A5033542596,2.852505664099877,,,3.0,,2008,2025.0,,,7,47,883
705,https://openalex.org/A5033554434,0.8801094277365166,1987.0,,4.5,,1995,2001.0,8.0,,2,15,388
706,https://openalex.org/A5033713402,1.572522594681004,,,2.1714285714285713,,1986,2025.0,,,35,253,5447
707,https://openalex.org/A5033731736,1.331971720664649,,,0.6666666666666666,,1997,2006.0,,,3,12,414
708,https://openalex.org/A5033746185,0.8725353439584254,,,0.0,,2006,2006.0,,,1,1,7
709,https://openalex.org/A5033760527,1.0247026431403343,1987.0,,0.0,,2014,2014.0,27.0,,3,2,7
710,https://openalex.org/A5033778806,0.1122862784625716,1762.0,1817.0,2.5,55.0,2001,1817.0,239.0,0.0,4,12,574
711,https://openalex.org/A5033805651,1.8843820902436725,1981.0,,1.2307692307692308,,2011,2025.0,30.0,,13,119,2190
712,https://openalex.org/A5033814175,2.373269126787183,,,1.9152542372881356,,2007,2025.0,,,59,184,4722
713,https://openalex.org/A5033820172,0.7893346919892757,,,1.8,,2000,2015.0,,,5,21,2222
714,https://openalex.org/A5033911409,0.8387972730496999,,,0.0,,2005,2005.0,,,2,14,21447
715,https://openalex.org/A5034497259,4.046152161150987,,,1.875,,2010,2025.0,,,8,30,1314
716,https://openalex.org/A5034690582,0.1122862784625716,,,0.0,,1981,1981.0,,,1,4,16
717,https://openalex.org/A5034694076,2.780800228870303,,,1.9285714285714286,,2008,2025.0,,,14,64,1011
718,https://openalex.org/A5034729983,0.8834383081632803,1921.0,1991.0,2.4615384615384617,70.0,1967,1991.0,46.0,0.0,26,74,457
719,https://openalex.org/A5034972236,4.012885001349544,,,1.1666666666666667,,2015,2024.0,,,6,16,294
720,https://openalex.org/A5034999767,2.0831156158167117,,,4.2727272727272725,,1982,2025.0,,,22,199,9007
721,https://openalex.org/A5035054989,0.9438651686515477,,,0.3333333333333333,,2014,2015.0,,,3,11,221
722,https://openalex.org/A5035099420,4.602673515339273,,,13.0,,2006,2026.0,,,3,99,4717
723,https://openalex.org/A5035102363,3.1591860429269203,,,1.5714285714285714,,2013,2025.0,,,7,83,1476
724,https://openalex.org/A5035178908,0.1122862784625716,,,4.647058823529412,,1997,2024.0,,,17,120,2915
725,https://openalex.org/A5035188071,3.5706467861365887,,,8.5,,1996,2019.0,,,2,4,23
726,https://openalex.org/A5035208892,4.4825081899079064,,,0.0,,2001,2025.0,,,2,3,91
727,https://openalex.org/A5035221776,1.1200670609223558,,,2.5,,1998,2020.0,,,8,32,3021
728,https://openalex.org/A5035262603,0.1122862784625716,,,0.0,,2025,2025.0,,,1,7,25
729,https://openalex.org/A5035273796,0.1122862784625716,,,0.0,,1971,1971.0,,,1,1,330
730,https://openalex.org/A5035326566,0.8725353439584254,1968.0,,5.5,,1967,2004.0,-1.0,,2,9,28
731,https://openalex.org/A5035358062,1.6888397421945094,,,3.1470588235294117,,1987,2026.0,,,102,1202,71466
732,https://openalex.org/A5035376769,4.602820788088144,,,1.3333333333333333,,1988,2025.0,,,3,31,898
733,https://openalex.org/A5035422083,1.069286285649013,,,0.8,,2002,2006.0,,,5,11,253
734,https://openalex.org/A5035438390,1.1668866274588279,,,4.2,,1991,2024.0,,,10,110,2095
735,https://openalex.org/A5035488258,3.5988684971502565,,,3.6666666666666665,,1995,2025.0,,,9,45,772
736,https://openalex.org/A5035548602,0.1122862784625716,1892.0,1982.0,0.0,90.0,2013,1982.0,121.0,0.0,1,2,15
737,https://openalex.org/A5035593642,1.6687478900915589,,,1.0714285714285714,,1999,2022.0,,,14,29,1590
738,https://openalex.org/A5035656900,0.6887141761018327,,,1.5,,2023,2025.0,,,4,39,225
739,https://openalex.org/A5035704903,0.8767153750957436,,,0.0,,1972,2025.0,,,4,8,4
740,https://openalex.org/A5035716030,3.3162316769005167,,,1.6521739130434783,,1979,2025.0,,,69,382,27768
741,https://openalex.org/A5035765529,1.4982381517898966,,,7.666666666666667,,1981,2025.0,,,9,59,1657
742,https://openalex.org/A5035871571,0.9652005651891159,,,3.5555555555555554,,1996,2025.0,,,18,75,4786
743,https://openalex.org/A5035888480,1.79113343083705,,,0.25,,2006,2014.0,,,4,5,157
744,https://openalex.org/A5035916095,1.4535471131989368,1990.0,,4.0,,1992,2025.0,2.0,,10,80,1373
745,https://openalex.org/A5035944602,0.5693488947006522,,,0.4,,2015,2021.0,,,5,32,886
746,https://openalex.org/A5035964409,4.334501313775338,,,2.5714285714285716,,2006,2025.0,,,14,69,12207
747,https://openalex.org/A5035967768,4.160485596357793,,,1.75,,1989,1997.0,,,4,11,255
748,https://openalex.org/A5035973670,0.1122862784625716,,,0.0,,2019,2019.0,,,1,2,320
749,https://openalex.org/A5036012325,2.0056576535261237,,,3.4,,1985,2025.0,,,25,253,8006
750,https://openalex.org/A5036016055,4.602820788088144,1969.0,,4.0,,1984,1988.0,15.0,,1,5,186
751,https://openalex.org/A5036092824,0.7439825974948098,,,2.3333333333333335,,1988,2021.0,,,12,26,2343
752,https://openalex.org/A5036120799,4.602820788088144,,,1.0,,2023,2024.0,,,1,8,76
753,https://openalex.org/A5036193340,1.3423830583467027,,,7.333333333333333,,1993,2021.0,,,6,95,1634
754,https://openalex.org/A5036212685,3.3425543739876162,,,0.0,,2004,2014.0,,,2,2,10
755,https://openalex.org/A5036222697,3.417068340369034,,,2.235294117647059,,1996,2025.0,,,17,69,4241
756,https://openalex.org/A5036237652,3.00860892453544,,,1.8,,1967,2010.0,,,5,4,97
757,https://openalex.org/A5036243714,0.3236455121777156,,,2.0625,,2001,2026.0,,,16,107,1736
758,https://openalex.org/A5036388273,1.5386753019648751,,,3.366013071895425,,1959,2025.0,,,153,1052,124161
759,https://openalex.org/A5036634401,2.365851046291849,,,5.142857142857143,,1998,2024.0,,,7,245,3876
760,https://openalex.org/A5036671771,0.8725353439584254,,,2.5,,2003,2012.0,,,2,6,134
761,https://openalex.org/A5036684173,1.4005516432715546,,,0.2,,2020,2025.0,,,5,14,24
762,https://openalex.org/A5036684590,2.3043928286106876,,,2.3157894736842106,,2011,2025.0,,,19,206,11712
763,https://openalex.org/A5036690487,0.1122862784625716,,,0.0,,1963,1963.0,,,1,1,33
764,https://openalex.org/A5036712773,0.1122862784625716,,,2.1,,1957,1975.0,,,10,48,379
765,https://openalex.org/A5036756145,2.2283111674650242,1969.0,,4.72972972972973,,1982,2025.0,13.0,,37,268,52977
766,https://openalex.org/A5036783883,4.602820788088144,1987.0,,0.0,,2006,2015.0,19.0,,2,7,136
767,https://openalex.org/A5036931156,1.4328418549418307,,,3.0714285714285716,,2010,2025.0,,,14,53,1152
768,https://openalex.org/A5036944955,1.8726509838547598,,,3.0,,2014,2025.0,,,6,38,238
769,https://openalex.org/A5036951995,3.1492956106697694,,,2.4,,2000,2025.0,,,15,67,2187
770,https://openalex.org/A5036995154,2.04624284330813,,,1.0,,2015,2025.0,,,11,55,1567
771,https://openalex.org/A5037071307,2.9776397920974587,,,2.0,,1990,2025.0,,,14,117,2013
772,https://openalex.org/A5037117680,3.7189927851169315,1924.0,2015.0,0.3333333333333333,91.0,1975,1998.0,51.0,17.0,3,5,32
773,https://openalex.org/A5037200808,3.0086825609098753,,,0.3333333333333333,,1972,1976.0,,,3,6,51
774,https://openalex.org/A5037224448,0.6768799901916567,,,0.6470588235294118,,2010,2025.0,,,17,31,290
775,https://openalex.org/A5037236962,0.1122862784625716,,,4.0,,2012,2018.0,,,3,5,209
776,https://openalex.org/A5037443570,5.602554214417194,,,10.5,,1969,2021.0,,,10,202,2020
777,https://openalex.org/A5037450342,1.6804395909216188,1967.0,,3.933333333333333,,1993,2025.0,26.0,,30,548,70470
778,https://openalex.org/A5037528447,2.8018099619045063,,,3.5,,1976,2006.0,,,2,4,87
779,https://openalex.org/A5037551299,0.1122862784625716,,,0.0,,2021,2021.0,,,1,1,145
780,https://openalex.org/A5037576700,0.3236455121777156,,,0.0,,2007,2007.0,,,3,4,212
781,https://openalex.org/A5037634363,1.893424997335267,,,0.3333333333333333,,1994,2018.0,,,6,12,375
782,https://openalex.org/A5037649701,2.7489080743037304,,,2.5,,2004,2012.0,,,2,12,529
783,https://openalex.org/A5037673735,5.475772918487909,,,4.5,,2002,2013.0,,,4,27,1463
784,https://openalex.org/A5037727622,4.602820788088144,,,0.0,,2000,2000.0,,,1,1,24
785,https://openalex.org/A5037803685,2.166054876888403,,,4.333333333333333,,2003,2026.0,,,3,9,143
786,https://openalex.org/A5037852998,1.9712482697674663,,,2.5833333333333335,,2005,2025.0,,,12,171,7274
787,https://openalex.org/A5037896009,1.8389496541041541,,,8.9,,1980,2024.0,,,10,128,19185
788,https://openalex.org/A5037985715,2.5560851899527455,1944.0,,2.6379310344827585,,1979,2025.0,35.0,,58,369,17726
789,https://openalex.org/A5038018075,1.1415939470204544,,,0.0,,1999,2002.0,,,3,4,67
790,https://openalex.org/A5038113079,1.4378330282899192,,,1.8,,2003,2021.0,,,15,46,2514
791,https://openalex.org/A5038189547,1.468516109300964,,,0.6666666666666666,,2020,2022.0,,,3,2,14
792,https://openalex.org/A5038272632,0.1122862784625716,,,4.0,,2017,2021.0,,,1,5,461
793,https://openalex.org/A5038316847,0.9482571268160634,1901.0,,3.909090909090909,,1988,2025.0,87.0,,22,51,679
794,https://openalex.org/A5038376885,2.1339791685944682,,,3.0833333333333335,,2000,2025.0,,,24,274,8953
795,https://openalex.org/A5038404707,4.602820788088144,,,0.0,,1981,1981.0,,,1,1,39
796,https://openalex.org/A5038498511,0.8725353439584254,,,0.0,,2018,2018.0,,,1,3,10
797,https://openalex.org/A5038515679,3.0983841752749752,,,3.44,,1977,2024.0,,,25,180,7823
798,https://openalex.org/A5038671410,2.0814813499519453,,,9.0,,1986,2021.0,,,3,32,2025
799,https://openalex.org/A5038692489,0.8521558017286445,,,1.0,,2004,2006.0,,,2,6,12
800,https://openalex.org/A5038754555,1.2933800251719478,,,0.4,,1967,1969.0,,,5,3,129
801,https://openalex.org/A5038788788,0.1122862784625716,,,1.0,,2005,2006.0,,,1,5,58
802,https://openalex.org/A5038793805,0.8499072662731703,,,2.68,,1991,2025.0,,,25,177,5180
803,https://openalex.org/A5038978033,2.3341981524211777,,,2.020408163265306,,1967,2025.0,,,49,681,29898
804,https://openalex.org/A5038982389,4.602820788088144,,,2.0,,1999,2001.0,,,1,2,103
805,https://openalex.org/A5039100454,0.4212508055920899,,,1.9166666666666667,,1994,2025.0,,,24,45,814
806,https://openalex.org/A5039167346,1.0079902977103372,1946.0,,13.058823529411764,,1983,2022.0,37.0,,17,152,4175
807,https://openalex.org/A5039254996,0.8725353439584254,1942.0,2004.0,0.0,62.0,1994,1994.0,52.0,10.0,1,1,289
808,https://openalex.org/A5039293524,1.639271116752648,,,2.3636363636363638,,2000,2025.0,,,22,140,1636
809,https://openalex.org/A5039294769,4.602820788088144,,,1.75,,2019,2025.0,,,4,15,159
810,https://openalex.org/A5039348101,2.5119934028755235,,,0.0,,2020,2020.0,,,3,1,46
811,https://openalex.org/A5039361319,1.8402806844524966,,,2.1666666666666665,,1996,2025.0,,,36,77,2759
812,https://openalex.org/A5039438647,1.411819628246995,,,2.8,,2016,2026.0,,,10,269,2807
813,https://openalex.org/A5039651221,0.9974924487787266,,,3.8333333333333335,,1999,2025.0,,,12,57,2673
814,https://openalex.org/A5039668685,4.602820788088144,,,0.0,,2018,2018.0,,,1,1,229
815,https://openalex.org/A5039726955,1.786949860947223,1974.0,,3.1025641025641026,,1957,2025.0,-17.0,,39,232,17989
816,https://openalex.org/A5039789551,2.76930680692477,1924.0,2018.0,14.333333333333334,94.0,1950,2009.0,26.0,9.0,6,71,876
817,https://openalex.org/A5039791453,1.9111660834218873,,,0.0,,1994,1994.0,,,2,2,7
818,https://openalex.org/A5039811745,2.2004465279420327,,,2.5555555555555554,,2014,2025.0,,,9,95,819
819,https://openalex.org/A5039837049,5.512685543266408,,,2.25,,1980,1987.0,,,4,6,1052
820,https://openalex.org/A5039923637,2.8161913236990825,,,5.2,,1989,2020.0,,,5,11,345
821,https://openalex.org/A5039939747,0.3236455121777156,,,1.3846153846153846,,2015,2025.0,,,13,25,477
822,https://openalex.org/A5039960438,2.0410413147267255,,,4.714285714285714,,1963,2005.0,,,7,67,748
823,https://openalex.org/A5039967363,1.9615781288107856,,,3.7857142857142856,,1998,2025.0,,,14,172,3738
824,https://openalex.org/A5040027304,2.4902729263719356,,,3.3333333333333335,,1997,2022.0,,,3,15,33
825,https://openalex.org/A5040035542,3.4626847072930693,,,8.333333333333334,,2008,2025.0,,,3,45,231
826,https://openalex.org/A5040072751,1.6516773343862536,,,3.066666666666667,,2005,2025.0,,,15,96,3362
827,https://openalex.org/A5040133867,1.3896312736919565,,,11.071428571428571,,1973,2025.0,,,14,267,22915
828,https://openalex.org/A5040155113,1.5419813069462938,,,1.5,,2004,2007.0,,,2,7,210
829,https://openalex.org/A5040167287,1.422422168076546,,,1.6,,2021,2025.0,,,5,22,160
830,https://openalex.org/A5040175704,1.3771259815457042,,,2.2023809523809526,,1994,2025.0,,,84,443,7441
831,https://openalex.org/A5040178272,4.602820788088144,,,7.0,,2018,2025.0,,,1,3,8
832,https://openalex.org/A5040408827,0.1122862784625716,,,6.0,,2020,2026.0,,,1,7,39
833,https://openalex.org/A5040560654,3.153835041813961,,,3.2857142857142856,,2008,2025.0,,,7,48,551
834,https://openalex.org/A5040561460,1.584695529253343,,,2.212121212121212,,2010,2025.0,,,33,88,1801
835,https://openalex.org/A5040570752,1.1145264957750722,,,1.6521739130434783,,2005,2025.0,,,23,118,5503
836,https://openalex.org/A5040590772,3.725686082189615,1932.0,2020.0,1.25,88.0,1966,1973.0,34.0,47.0,4,15,377
837,https://openalex.org/A5040635912,2.9916983087055713,,,2.4,,1992,2015.0,,,10,29,1254
838,https://openalex.org/A5040658026,3.566298247828745,,,4.4,,1987,2012.0,,,5,17,319
839,https://openalex.org/A5040721530,1.9521350030327442,,,2.064516129032258,,2004,2026.0,,,31,109,2308
840,https://openalex.org/A5040761076,1.2636002123572738,,,5.7368421052631575,,1996,2026.0,,,19,159,4466
841,https://openalex.org/A5040778663,4.602820788088144,,,0.0,,1994,1994.0,,,1,1,1
842,https://openalex.org/A5040830922,0.8725353439584254,,,0.0,,1966,1966.0,,,1,1,3
843,https://openalex.org/A5040920930,3.7344713581306452,1982.0,,1.0,,2008,2017.0,26.0,,5,15,1197
844,https://openalex.org/A5040928060,1.1401614369417616,,,4.285714285714286,,2000,2025.0,,,7,56,7540
845,https://openalex.org/A5041323120,0.1122862784625716,,,2.0,,1958,1960.0,,,1,23,251
846,https://openalex.org/A5041333775,0.8725353439584254,,,0.0,,1988,1988.0,,,1,1,4
847,https://openalex.org/A5041347084,2.5119934028755235,,,2.0,,2021,2023.0,,,2,3,70
848,https://openalex.org/A5041360701,2.40110894493753,,,1.2307692307692308,,2003,2020.0,,,13,20,179
849,https://openalex.org/A5041378159,2.7563913333877013,,,2.2222222222222223,,1988,2023.0,,,9,24,380
850,https://openalex.org/A5041386465,6.347980990579958,,,9.0,,1982,2012.0,,,6,137,2999
851,https://openalex.org/A5041544129,1.1269597888950436,1967.0,,0.0,,2006,2008.0,39.0,,3,3,98
852,https://openalex.org/A5041718797,1.610805480558996,,,0.8571428571428571,,2009,2025.0,,,7,10,687
853,https://openalex.org/A5041773055,1.3762631687651963,,,3.1020408163265305,,1969,2025.0,,,49,806,23702
854,https://openalex.org/A5041783619,0.759335322648805,,,2.0,,1977,1984.0,,,2,3,3
855,https://openalex.org/A5041787314,1.669582127195301,1945.0,,3.3333333333333335,,1974,2025.0,29.0,,63,382,24211
856,https://openalex.org/A5041825979,0.8725353439584254,,,0.0,,2009,2022.0,,,2,2,125
857,https://openalex.org/A5041865320,1.9463243043535579,,,0.13333333333333333,,2005,2008.0,,,15,6,308
858,https://openalex.org/A5041884518,4.602820788088144,1978.0,,0.0,,1998,1998.0,20.0,,1,4,85
859,https://openalex.org/A5041912334,1.3900282747405481,,,2.0980392156862746,,1992,2025.0,,,102,451,25034
860,https://openalex.org/A5041931751,0.1122862784625716,,,1.0,,2007,2008.0,,,1,6,277
861,https://openalex.org/A5041936322,4.602820788088144,1956.0,2010.0,5.25,54.0,2000,2010.0,44.0,0.0,4,63,1175
862,https://openalex.org/A5041939190,2.378313818262067,,,0.0,,2000,2000.0,,,2,1,53
863,https://openalex.org/A5042011371,4.602820788088144,,,9.5,,1983,2016.0,,,2,55,198
864,https://openalex.org/A5042051448,1.1768643253954545,,,4.125,,1987,2025.0,,,40,293,9257
865,https://openalex.org/A5042136097,1.216739294079477,,,3.723404255319149,,1984,2025.0,,,47,404,56926
866,https://openalex.org/A5042183595,1.8480387303198538,1940.0,,2.875,,2003,2025.0,63.0,,8,63,17294
867,https://openalex.org/A5042231087,3.3285323355659173,,,3.2857142857142856,,2006,2021.0,,,7,43,22706
868,https://openalex.org/A5042314072,2.354026330276278,,,3.0625,,2006,2025.0,,,16,99,1364
869,https://openalex.org/A5042327256,1.826117151261386,,,2.5,,1963,2021.0,,,6,17,948
870,https://openalex.org/A5042339914,1.8264582720349318,,,3.13953488372093,,1947,2025.0,,,43,234,11661
871,https://openalex.org/A5042428836,0.1122862784625716,1945.0,,0.0,,1967,1967.0,22.0,,1,1,0
872,https://openalex.org/A5042581297,3.9547328293820914,,,3.6923076923076925,,1993,2022.0,,,13,127,5488
873,https://openalex.org/A5042596874,2.2902159274991987,,,2.7058823529411766,,1981,2025.0,,,34,286,7692
874,https://openalex.org/A5042643881,1.4505721158949094,1977.0,,1.5555555555555556,,2006,2025.0,29.0,,18,131,1169
875,https://openalex.org/A5042721881,3.030067760059035,1945.0,,4.8,,1976,2025.0,31.0,,15,196,6541
876,https://openalex.org/A5042891970,4.602820788088144,,,0.0,,1993,2016.0,,,4,3,8
877,https://openalex.org/A5042926381,2.0657818636917558,,,1.5,,1998,2022.0,,,10,21,981
878,https://openalex.org/A5042958782,1.4283763801778104,,,1.7,,2012,2025.0,,,10,12,235
879,https://openalex.org/A5043067545,1.181613036592021,1944.0,,5.846153846153846,,1972,2025.0,28.0,,13,199,13003
880,https://openalex.org/A5043335996,1.2749707355882018,1984.0,,2.185185185185185,,2005,2025.0,21.0,,27,223,4247
881,https://openalex.org/A5043435343,1.7297251323864093,,,3.3157894736842106,,1995,2025.0,,,38,291,14471
882,https://openalex.org/A5043435724,2.4650607172198824,,,1.25,,2014,2022.0,,,4,20,184
883,https://openalex.org/A5043547144,2.3065351116907613,,,0.0,,1996,1996.0,,,2,1,6
884,https://openalex.org/A5043623525,2.3148369832560096,1942.0,,1.7272727272727273,,1984,2021.0,42.0,,11,54,7
885,https://openalex.org/A5043658281,1.7170287667269595,,,2.5172413793103448,,1960,2025.0,,,29,176,11559
886,https://openalex.org/A5043659454,0.8725353439584254,1874.0,1897.0,2.0,23.0,2018,1897.0,144.0,0.0,1,6,181
887,https://openalex.org/A5043671103,1.5722403147680568,,,3.3956043956043955,,1982,2026.0,,,91,624,37896
888,https://openalex.org/A5043695651,1.1687146895383826,,,1.9285714285714286,,1995,2025.0,,,14,41,1806
889,https://openalex.org/A5043724370,0.1122862784625716,,,0.0,,2013,2013.0,,,1,4,21
890,https://openalex.org/A5043733941,2.802280296585162,,,4.8,,1973,2019.0,,,10,90,7035
891,https://openalex.org/A5043781310,4.409411051155107,,,0.0,,1990,1990.0,,,2,2,0
892,https://openalex.org/A5043790467,,1976.0,,1.0,,2017,2023.0,41.0,,2,16,6
893,https://openalex.org/A5043823964,0.2437286040985682,,,0.6666666666666666,,2021,2023.0,,,3,3,109
894,https://openalex.org/A5043840964,1.5227765619820117,,,3.236842105263158,,1983,2026.0,,,114,400,37367
895,https://openalex.org/A5043908599,0.8725353439584254,,,0.0,,2021,2021.0,,,1,6,5
896,https://openalex.org/A5043954796,2.662779036568988,,,4.333333333333333,,2013,2020.0,,,3,24,107
897,https://openalex.org/A5044165501,2.643268658726602,,,4.166666666666667,,1991,2017.0,,,6,21,509
898,https://openalex.org/A5044191947,1.812112400416583,1965.0,,3.8,,1995,2025.0,30.0,,65,1082,112953
899,https://openalex.org/A5044255034,1.1548401937521147,,,6.64,,1982,2025.0,,,25,119,2562
900,https://openalex.org/A5044308230,4.399771421891158,1896.0,1955.0,2.0,59.0,2007,1955.0,111.0,0.0,2,4,126
901,https://openalex.org/A5044396302,0.8725353439584254,,,2.3333333333333335,,2014,2025.0,,,3,39,2127
902,https://openalex.org/A5044471012,0.42924566626474525,,,10.0,,1957,2025.0,,,4,20,97
903,https://openalex.org/A5044500550,2.644915439054978,1948.0,,5.0,,1965,2025.0,17.0,,6,41,113
904,https://openalex.org/A5044505784,0.1122862784625716,,,0.0,,1978,1978.0,,,1,2,4
905,https://openalex.org/A5044561340,4.602820788088144,,,12.0,,1941,2015.0,,,3,73,5731
906,https://openalex.org/A5044615669,1.9477141747759221,1977.0,,2.2142857142857144,,1993,2020.0,16.0,,14,33,3424
907,https://openalex.org/A5044704274,1.8118420839231202,,,0.6666666666666666,,2010,2019.0,,,12,275,8067
908,https://openalex.org/A5044726347,0.5677267451042645,,1919.0,0.5,,1966,1919.0,,0.0,2,6,230
909,https://openalex.org/A5044786599,0.6466814634174017,,,0.25,,1977,2025.0,,,8,36,371
910,https://openalex.org/A5044804678,1.3547162879606751,,,1.9272727272727272,,2009,2026.0,,,55,370,6189
911,https://openalex.org/A5044848706,1.3831041075191572,,,1.25,,2014,2025.0,,,12,90,1456
912,https://openalex.org/A5044898008,1.341348623853285,,,1.5,,2004,2025.0,,,24,79,4247
913,https://openalex.org/A5044903576,1.7442660071659497,,,3.0,,1989,2020.0,,,9,49,1525
914,https://openalex.org/A5044929543,2.334159289029654,,,4.176470588235294,,1983,2025.0,,,68,592,44219
915,https://openalex.org/A5044975120,0.1122862784625716,,,0.0,,2023,2024.0,,,2,11,100
916,https://openalex.org/A5045144929,0.7175606916719736,,,2.6363636363636362,,1992,2022.0,,,11,45,2817
917,https://openalex.org/A5045150046,0.9794491650238519,,,0.0,,1985,2019.0,,,2,4,23
918,https://openalex.org/A5045184141,1.40003181104509,,,2.1875,,1994,2025.0,,,16,75,2875
919,https://openalex.org/A5045523547,0.2785303676638016,,,0.0,,2004,2004.0,,,4,1,17
920,https://openalex.org/A5045568063,2.3065351116907613,,,0.0,,1995,1995.0,,,2,1,3
921,https://openalex.org/A5045611883,2.283178751654093,,,6.363636363636363,,1998,2026.0,,,11,49,4446
922,https://openalex.org/A5045755997,4.020307872641981,1973.0,,3.066666666666667,,1990,2025.0,17.0,,30,260,11056
923,https://openalex.org/A5045759301,2.8404833507534994,,,9.8,,1938,2007.0,,,5,96,4098
924,https://openalex.org/A5045801671,1.9631773467114153,,,9.625,,1992,2025.0,,,8,356,20910
925,https://openalex.org/A5045828051,1.9176539778646915,,,2.8275862068965516,,1995,2025.0,,,58,207,7645
926,https://openalex.org/A5046036125,2.8312473343294813,,,4.0,,2006,2025.0,,,4,24,229
927,https://openalex.org/A5046045016,1.6402181896929642,,,2.0,,2004,2013.0,,,3,26,77
928,https://openalex.org/A5046103788,0.3674959357669008,,,2.0,,2008,2024.0,,,4,7,87
929,https://openalex.org/A5046172442,4.602820788088144,,,3.0,,2008,2026.0,,,2,4,123
930,https://openalex.org/A5046188913,1.2081080976372596,,,4.181818181818182,,2002,2025.0,,,11,98,10525
931,https://openalex.org/A5046216024,2.7750282469619942,1909.0,1988.0,3.727272727272727,79.0,1985,1988.0,76.0,0.0,11,51,2081
932,https://openalex.org/A5046263590,0.4952392958438358,,,2.272727272727273,,2006,2024.0,,,11,32,527
933,https://openalex.org/A5046289258,4.625811044008094,,,2.1666666666666665,,2009,2025.0,,,6,54,1047
934,https://openalex.org/A5046343271,2.6690722155336344,,,2.5,,1999,2004.0,,,2,6,439
935,https://openalex.org/A5046354030,3.008686436966671,2000.0,,6.181818181818182,,1980,2022.0,-20.0,,11,197,2078
936,https://openalex.org/A5046392422,4.602820788088144,,,0.0,,1997,1997.0,,,1,3,22
937,https://openalex.org/A5046396891,6.054873889333194,,,18.0,,1968,2003.0,,,2,17,285
938,https://openalex.org/A5046561315,0.4952392958438358,,,3.0,,2013,2021.0,,,3,19,151
939,https://openalex.org/A5046587026,4.602820788088144,1974.0,,1.5,,1998,2003.0,24.0,,2,11,152
940,https://openalex.org/A5046656043,2.4149092293234813,,,3.2,,1985,2003.0,,,5,36,2211
941,https://openalex.org/A5046660931,0.1122862784625716,1987.0,,0.0,,2011,2011.0,24.0,,1,4,605
942,https://openalex.org/A5046710072,0.8787226643072362,,,0.0,,1976,2013.0,,,4,3,61
943,https://openalex.org/A5046710805,2.0975367423970717,1985.0,,5.5,,1996,2025.0,11.0,,6,34,228
944,https://openalex.org/A5046885139,1.956793871962925,,,1.6666666666666667,,2017,2025.0,,,6,25,21
945,https://openalex.org/A5046885231,1.4343162517953643,,,2.5125,,1985,2024.0,,,80,556,34480
946,https://openalex.org/A5046952068,3.3771084438568812,,,1.875,,1969,2002.0,,,8,26,228
947,https://openalex.org/A5047042643,2.4692993672895516,,,2.161290322580645,,1983,2025.0,,,31,246,7861
948,https://openalex.org/A5047051897,0.1122862784625716,,,0.0,,2017,2017.0,,,1,3,51
949,https://openalex.org/A5047097601,0.1122862784625716,,,0.0,,1984,1984.0,,,1,2,50
950,https://openalex.org/A5047124074,0.1122862784625716,,,3.0,,1974,1991.0,,,3,47,1071
951,https://openalex.org/A5047125544,0.2508950230124546,,,1.0,,1999,2005.0,,,4,9,897
952,https://openalex.org/A5047321659,2.79524384976367,1989.0,,2.0,,2013,2025.0,24.0,,4,14,333
953,https://openalex.org/A5047390843,4.602820788088144,,,5.0,,2010,2025.0,,,3,74,944
954,https://openalex.org/A5047582862,1.262404985309328,,,3.5714285714285716,,1999,2024.0,,,7,34,5536
955,https://openalex.org/A5047632494,0.7594257176124675,,,2.3333333333333335,,2012,2023.0,,,3,21,751
956,https://openalex.org/A5047657582,2.3977761629606165,2000.0,,3.0526315789473686,,1979,2025.0,-21.0,,19,125,4090
957,https://openalex.org/A5047658432,3.866590036302977,1969.0,,20.5,,1969,2010.0,0.0,,2,2,36
958,https://openalex.org/A5047700462,2.462778921420154,,,5.615384615384615,,1957,2011.0,,,13,168,3635
959,https://openalex.org/A5048002975,1.1171872663290645,1942.0,,5.2727272727272725,,1973,2023.0,31.0,,11,145,7848
960,https://openalex.org/A5048076528,3.0270364817148696,,,3.8,,1968,2024.0,,,20,89,679
961,https://openalex.org/A5048113506,2.0377371660447894,,,4.0,,1971,2025.0,,,50,693,86479
962,https://openalex.org/A5048116481,4.602820788088144,,,38.0,,1967,2005.0,,,1,37,706
963,https://openalex.org/A5048119048,4.366952600026823,,,2.7142857142857144,,2011,2025.0,,,7,26,598
964,https://openalex.org/A5048124307,2.0350704753800146,,,3.0,,2007,2025.0,,,8,42,263
965,https://openalex.org/A5048148553,1.8020672749052506,,,6.71875,,1986,2025.0,,,32,364,26437
966,https://openalex.org/A5048336585,2.039777347666265,,,3.5555555555555554,,2002,2025.0,,,9,43,269
967,https://openalex.org/A5048419920,3.4677554891906777,,,2.607142857142857,,1994,2025.0,,,112,831,37277
968,https://openalex.org/A5048458525,1.6189415985870041,1938.0,,5.4186046511627906,,1962,2025.0,24.0,,86,1732,103142
969,https://openalex.org/A5048472156,2.3070964184875655,,,4.333333333333333,,2002,2020.0,,,3,13,71
970,https://openalex.org/A5048494252,2.5019722806955174,,,1.5588235294117647,,2004,2025.0,,,34,55,6954
971,https://openalex.org/A5048544465,3.3235167549775433,,,7.333333333333333,,2002,2025.0,,,3,138,5389
972,https://openalex.org/A5048545376,2.497593496118163,,,4.137931034482759,,1985,2025.0,,,29,209,4574
973,https://openalex.org/A5048591270,2.9864475072274654,,,2.1538461538461537,,1986,2002.0,,,13,127,2205
974,https://openalex.org/A5048606925,0.386970075647424,,,1.6666666666666667,,2022,2026.0,,,3,11,73
975,https://openalex.org/A5048674878,0.8725353439584254,,,12.0,,1996,2020.0,,,2,22,175
976,https://openalex.org/A5048792870,0.8725353439584254,,,0.0,,1987,1987.0,,,1,1,0
977,https://openalex.org/A5048793969,3.9394652732414883,,,0.3333333333333333,,2006,2008.0,,,6,2,297
978,https://openalex.org/A5048801276,0.1122862784625716,1981.0,,0.0,,1995,1995.0,14.0,,1,2,109
979,https://openalex.org/A5048808615,0.9664480266771811,1872.0,1942.0,8.571428571428571,70.0,1983,1942.0,111.0,0.0,7,51,434
980,https://openalex.org/A5048812479,2.240519165229503,1963.0,,4.526315789473684,,1992,2025.0,29.0,,19,87,2412
981,https://openalex.org/A5048904961,0.1122862784625716,,,0.0,,1990,1990.0,,,1,1,1
982,https://openalex.org/A5048961017,2.025653882674398,,,3.235294117647059,,1996,2025.0,,,17,107,1695
983,https://openalex.org/A5048984741,3.1086286875291513,,,6.75,,1974,2000.0,,,4,47,1815
984,https://openalex.org/A5049005268,3.8308172225977892,,,3.6666666666666665,,1988,2025.0,,,3,19,291
985,https://openalex.org/A5049029574,1.097099342027512,,,2.066666666666667,,2007,2025.0,,,15,41,187
986,https://openalex.org/A5049168967,1.9501513499691978,,,1.625,,2008,2025.0,,,24,107,2695
987,https://openalex.org/A5049232970,4.602820788088144,,,1.3333333333333333,,2005,2019.0,,,6,9,1366
988,https://openalex.org/A5049329237,1.6798848533636284,,,0.0,,2000,2016.0,,,3,2,3
989,https://openalex.org/A5049333121,1.6838416269539245,,,2.4655172413793105,,1979,2025.0,,,58,523,36580
990,https://openalex.org/A5049339244,0.0867609822496351,,,0.5,,1981,2013.0,,,4,7,111
991,https://openalex.org/A5049360992,0.1122862784625716,1938.0,2020.0,11.0,82.0,1999,2010.0,61.0,10.0,1,11,813
992,https://openalex.org/A5049390590,2.727167090563293,,,0.5,,2000,2001.0,,,2,4,1
993,https://openalex.org/A5049459085,0.911920959404211,1950.0,,0.5714285714285714,,1981,1996.0,31.0,,7,62,634
994,https://openalex.org/A5049521883,0.1122862784625716,,,0.0,,1977,1977.0,,,1,1,5
995,https://openalex.org/A5049549878,0.323592536997354,,,3.25,,2014,2022.0,,,4,20,2093
996,https://openalex.org/A5049556008,,,,0.0,,2021,2021.0,,,1,21,80
997,https://openalex.org/A5049568908,0.2437286040985682,,,2.6666666666666665,,2016,2024.0,,,3,6,63
998,https://openalex.org/A5049570974,1.422956501795803,,,3.5,,1986,2025.0,,,28,105,7097
999,https://openalex.org/A5049635014,1.3364303525724333,,,3.5277777777777777,,1989,2025.0,,,36,699,20297
1000,https://openalex.org/A5049664584,3.8699777024234714,1924.0,2019.0,8.181818181818182,95.0,1956,2010.0,32.0,9.0,11,163,7420
1001,https://openalex.org/A5049739048,3.075913486307358,,,3.0476190476190474,,1983,2024.0,,,21,93,2811
1002,https://openalex.org/A5049766003,1.2161788505155817,1962.0,,3.7906976744186047,,1985,2025.0,23.0,,43,244,29319
1003,https://openalex.org/A5049770684,4.602820788088144,,,0.5,,1955,2024.0,,,2,5,60
1004,https://openalex.org/A5049780335,0.1122862784625716,,,0.5,,1998,2004.0,,,2,13,164
1005,https://openalex.org/A5049856973,0.690307379285389,,,2.8076923076923075,,2001,2025.0,,,26,122,4601
1006,https://openalex.org/A5049912593,2.181501973409029,1965.0,2024.0,5.4,59.0,2010,2024.0,45.0,0.0,5,23,294
1007,https://openalex.org/A5049956486,0.8376875351154653,,,3.0,,2004,2025.0,,,7,51,110
1008,https://openalex.org/A5049966730,2.456270288870195,,,3.2666666666666666,,2003,2025.0,,,15,67,1518
1009,https://openalex.org/A5049980067,3.04834488525933,,,5.5,,1983,2025.0,,,10,106,565
1010,https://openalex.org/A5050069659,1.5069390644782599,,,0.6,,2013,2025.0,,,10,22,275
1011,https://openalex.org/A5050231719,0.1122862784625716,,,6.777777777777778,,1979,2025.0,,,18,159,13714
1012,https://openalex.org/A5050257302,3.278569505839311,,,13.125,,1975,2019.0,,,8,127,6843
1013,https://openalex.org/A5050268586,2.2550057970813597,,,5.8,,2004,2024.0,,,5,35,651
1014,https://openalex.org/A5050285894,2.7767780426178628,,,0.6666666666666666,,1992,2001.0,,,3,10,822
1015,https://openalex.org/A5050330450,1.3415474712602389,,,3.5441176470588234,,1985,2025.0,,,136,1673,119685
1016,https://openalex.org/A5050357992,4.602820788088144,,,0.0,,1964,1964.0,,,1,1,22
1017,https://openalex.org/A5050422412,1.3255714788934578,,,1.5833333333333333,,2014,2025.0,,,12,22,941
1018,https://openalex.org/A5050434941,2.512056993822414,,,0.0,,1968,1968.0,,,2,1,13
1019,https://openalex.org/A5050511352,0.1122862784625716,1932.0,,0.0,,1960,1960.0,28.0,,1,1,73
1020,https://openalex.org/A5050603691,2.6787957841978516,,,6.888888888888889,,1985,2025.0,,,18,320,16495
1021,https://openalex.org/A5050706068,1.970081014983582,,,4.221052631578948,,1966,2026.0,,,95,651,35739
1022,https://openalex.org/A5050731864,1.6700770446414066,,,3.090909090909091,,1981,2013.0,,,11,45,1047
1023,https://openalex.org/A5050783142,0.2667897390096276,,,2.3333333333333335,,2016,2025.0,,,9,33,274
1024,https://openalex.org/A5050793020,0.8521558017286445,,,0.0,,1975,1999.0,,,4,5,184
1025,https://openalex.org/A5050822865,2.52056774861787,,,3.6923076923076925,,1987,2025.0,,,13,72,2131
1026,https://openalex.org/A5050848834,0.1122862784625716,,,0.0,,1976,1976.0,,,1,1,49
1027,https://openalex.org/A5050971842,1.8638314369187057,,,2.4,,2010,2022.0,,,5,15,169
1028,https://openalex.org/A5050995488,1.7997200980150716,,,3.8,,1957,1979.0,,,5,28,326
1029,https://openalex.org/A5051001903,3.3624423143036717,,,13.153846153846153,,1960,2012.0,,,13,190,3493
1030,https://openalex.org/A5051036717,2.382493897468818,,,8.066666666666666,,1982,2025.0,,,15,262,2973
1031,https://openalex.org/A5051051171,0.1122862784625716,,,0.0,,1982,1982.0,,,1,1,304
1032,https://openalex.org/A5051096488,0.1122862784625716,,,0.0,,2013,2013.0,,,1,4,30
1033,https://openalex.org/A5051220005,2.3348498213294153,,,4.555555555555555,,1981,2025.0,,,9,80,1012
1034,https://openalex.org/A5051298620,1.7310061261397809,,,0.4444444444444444,,1954,2017.0,,,9,10,162
1035,https://openalex.org/A5051309985,4.98246633668774,,,1.9583333333333333,,1990,2025.0,,,24,242,9364
1036,https://openalex.org/A5051325070,4.602820788088144,,,2.0,,1973,1975.0,,,1,3,352
1037,https://openalex.org/A5051383994,1.215438415808842,,,1.5,,2010,2025.0,,,14,83,1068
1038,https://openalex.org/A5051394046,2.382898033210205,,,1.6111111111111112,,2010,2024.0,,,18,82,824
1039,https://openalex.org/A5051469460,0.8725353439584254,,,3.0,,2000,2003.0,,,1,5,353
1040,https://openalex.org/A5051484612,5.58539705074005,,,3.4,,1967,2024.0,,,10,36,723
1041,https://openalex.org/A5051496550,4.602820788088144,1733.0,1796.0,0.0,63.0,1990,1796.0,257.0,0.0,1,1,36
1042,https://openalex.org/A5051563093,1.3655833756604012,,,2.65625,,1965,2003.0,,,32,159,4197
1043,https://openalex.org/A5051649719,4.57505433138724,,,4.6923076923076925,,1989,2025.0,,,13,67,4062
1044,https://openalex.org/A5051695689,1.0581960961662578,,,2.7142857142857144,,1980,2024.0,,,28,42,709
1045,https://openalex.org/A5051743081,2.2201444682010787,,,2.7058823529411766,,1987,2025.0,,,68,976,76511
1046,https://openalex.org/A5051763023,0.8521558017286445,,,0.0,,1999,1999.0,,,2,1,2
1047,https://openalex.org/A5051773020,4.602820788088144,,,3.857142857142857,,1982,2013.0,,,7,52,2428
1048,https://openalex.org/A5051931853,0.8725353439584254,,,0.0,,2011,2011.0,,,1,1,6
1049,https://openalex.org/A5051981481,0.5568772535772992,,,21.0,,1969,2021.0,,,2,23,779
1050,https://openalex.org/A5052039443,0.8725353439584254,,,4.0,,2015,2023.0,,,2,10,23
1051,https://openalex.org/A5052043290,2.3180038213549112,,,3.9285714285714284,,1949,2025.0,,,42,294,4260
1052,https://openalex.org/A5052048627,1.4838057236542546,,,2.7375,,1993,2025.0,,,80,1025,43411
1053,https://openalex.org/A5052048970,1.6978694628681255,,,2.125,,1979,2022.0,,,40,243,3129
1054,https://openalex.org/A5052081708,3.8193449463229836,1949.0,,6.166666666666667,,1978,2019.0,29.0,,6,73,1765
1055,https://openalex.org/A5052151859,0.27073643803654446,,,3.6153846153846154,,1999,2025.0,,,26,120,3255
1056,https://openalex.org/A5052163253,2.382740035948514,,,5.8,,1981,2019.0,,,10,77,3912
1057,https://openalex.org/A5052183063,1.8795129893248905,1940.0,,0.0,,1982,2020.0,42.0,,5,6,32
1058,https://openalex.org/A5052222671,3.1018333272283263,,,3.5625,,1971,2022.0,,,16,206,2495
1059,https://openalex.org/A5052258825,1.218572177038814,,,3.15,,1985,2025.0,,,20,222,12687
1060,https://openalex.org/A5052270545,1.4066143858130826,1983.0,,0.5,,2018,2020.0,35.0,,2,12,181
1061,https://openalex.org/A5052440884,5.520533057555433,,1853.0,6.0,,1969,1853.0,,0.0,8,74,5516
1062,https://openalex.org/A5052556363,1.1419899816145307,1932.0,2007.0,1.0,75.0,2020,2007.0,88.0,0.0,2,10,22
1063,https://openalex.org/A5052562368,4.602820788088144,,,8.666666666666666,,1985,2011.0,,,3,12,557
1064,https://openalex.org/A5052587267,1.6518266314499337,,,0.0,,1940,1966.0,,,2,10,87
1065,https://openalex.org/A5052618846,1.3425028484512056,,,1.6666666666666667,,2021,2025.0,,,3,15,115
1066,https://openalex.org/A5052721323,3.788061573312744,,,3.1538461538461537,,1993,2025.0,,,26,212,3420
1067,https://openalex.org/A5052839343,3.179066045230011,,,0.875,,1995,2007.0,,,8,42,8201
1068,https://openalex.org/A5052873457,0.9255976835761874,2000.0,,2.6666666666666665,,2015,2024.0,15.0,,6,24,156
1069,https://openalex.org/A5052952451,6.472451993432136,1827.0,1907.0,10.714285714285714,80.0,1975,1907.0,148.0,0.0,7,56,462
1070,https://openalex.org/A5052979882,2.124470464219793,1958.0,,1.1,,1971,2023.0,13.0,,10,67,427
1071,https://openalex.org/A5052996216,1.0192408469649348,,,0.8125,,2002,2025.0,,,16,26,1027
1072,https://openalex.org/A5053116009,0.1122862784625716,,,0.0,,1981,1981.0,,,1,1,7
1073,https://openalex.org/A5053138183,2.1158907616426363,,,12.090909090909092,,1937,2025.0,,,11,58,2358
1074,https://openalex.org/A5053177280,2.4775207501374927,,,3.4857142857142858,,1997,2025.0,,,35,231,12641
1075,https://openalex.org/A5053305281,2.788625632583116,1917.0,2009.0,2.8333333333333335,92.0,2006,2009.0,89.0,0.0,6,37,1660
1076,https://openalex.org/A5053327738,2.277117894140198,,,1.8333333333333333,,2001,2025.0,,,18,174,1411
1077,https://openalex.org/A5053353314,0.6505728889956048,,,1.0,,2014,2023.0,,,7,28,201
1078,https://openalex.org/A5053465857,1.876806862328355,,,4.029850746268656,,1819,2025.0,,,134,1143,36909
1079,https://openalex.org/A5053468333,2.8197602294178625,1828.0,1910.0,4.888888888888889,82.0,1960,1910.0,132.0,0.0,9,33,943
1080,https://openalex.org/A5053504710,3.1393197037209757,,,5.0,,1989,1998.0,,,3,6,93
1081,https://openalex.org/A5053619303,1.3846233213209882,,,4.634615384615385,,1974,2025.0,,,52,395,33487
1082,https://openalex.org/A5053626123,2.288509107201579,,,5.2894736842105265,,1962,2022.0,,,38,327,63205
1083,https://openalex.org/A5053626160,3.105877769713706,,,3.8,,2001,2025.0,,,10,71,2945
1084,https://openalex.org/A5053677029,0.1122862784625716,1982.0,,2.375,,2006,2024.0,24.0,,8,13,2123
1085,https://openalex.org/A5053721675,2.411079965109704,,,2.6,,1999,2008.0,,,5,29,4331
1086,https://openalex.org/A5053794217,3.3122671934309253,,,2.16,,1990,2025.0,,,25,173,5095
1087,https://openalex.org/A5053933833,1.7049524514468282,,,2.9,,1971,2005.0,,,10,28,306
1088,https://openalex.org/A5053936962,0.8725353439584254,,,0.0,,2017,2017.0,,,1,3,6
1089,https://openalex.org/A5053985607,3.2990005119697288,,,3.0,,2005,2024.0,,,4,53,2560
1090,https://openalex.org/A5054001111,1.3855394365785365,,,1.3333333333333333,,2000,2012.0,,,6,32,776
1091,https://openalex.org/A5054079261,3.2028242620567213,,,4.0,,1954,1984.0,,,6,60,1292
1092,https://openalex.org/A5054177372,3.0530698852853115,,,4.75,,2000,2023.0,,,4,25,1307
1093,https://openalex.org/A5054311085,2.606004003867162,,,2.6,,2014,2025.0,,,5,36,294
1094,https://openalex.org/A5054323073,0.1122862784625716,,,0.0,,2025,2025.0,,,1,17,27
1095,https://openalex.org/A5054427605,1.4901150361162154,,,2.9285714285714284,,1998,2025.0,,,42,353,31436
1096,https://openalex.org/A5054557864,4.602820788088144,1830.0,1882.0,0.0,52.0,1991,1882.0,161.0,0.0,1,6,6
1097,https://openalex.org/A5054578006,0.1122862784625716,,,0.0,,1985,1985.0,,,1,1,1
1098,https://openalex.org/A5054582306,0.8725353439584254,1943.0,,0.0,,2012,2012.0,69.0,,2,2,1
1099,https://openalex.org/A5054602117,1.8276440388909327,,,1.7017543859649122,,1995,2025.0,,,114,828,34965
1100,https://openalex.org/A5054640895,0.9816373819664702,1963.0,,1.8636363636363635,,2000,2025.0,37.0,,22,47,1105
1101,https://openalex.org/A5054681600,1.5802062852695287,,,13.666666666666666,,1981,2018.0,,,3,26,1147
1102,https://openalex.org/A5054691993,4.602673515339273,,,0.0,,2016,2016.0,,,2,1,56
1103,https://openalex.org/A5054773003,0.1122862784625716,,,8.142857142857142,,1968,2025.0,,,7,19,895
1104,https://openalex.org/A5054839899,1.220627209952001,,,2.2,,2010,2024.0,,,5,12,1755
1105,https://openalex.org/A5054900485,0.7894095785981594,1939.0,2017.0,6.333333333333333,78.0,1920,2017.0,-19.0,0.0,6,111,1222
1106,https://openalex.org/A5054911312,0.7594257176124675,,,0.0,,2024,2025.0,,,2,6,118
1107,https://openalex.org/A5054995890,4.602820788088144,,,23.0,,1961,1984.0,,,1,63,1900
1108,https://openalex.org/A5055012140,3.0230602367563404,,,0.75,,1962,1996.0,,,8,21,77
1109,https://openalex.org/A5055077995,2.029290258576782,,,2.3333333333333335,,2015,2025.0,,,6,21,299
1110,https://openalex.org/A5055255067,2.2060891750338634,1951.0,,3.787878787878788,,1985,2025.0,34.0,,33,232,3259
1111,https://openalex.org/A5055268819,2.04219233876973,,,1.0,,1965,1971.0,,,4,9,59
1112,https://openalex.org/A5055289594,4.602820788088144,,,28.0,,1934,1962.0,,,1,12,37
1113,https://openalex.org/A5055298189,1.12665384676761,1951.0,,2.2413793103448274,,1986,2022.0,35.0,,29,191,7284
1114,https://openalex.org/A5055333897,1.0644106544166096,,,5.352941176470588,,1968,2001.0,,,17,61,4047
1115,https://openalex.org/A5055342253,1.2023643120340246,,,3.5,,2014,2025.0,,,4,20,77
1116,https://openalex.org/A5055365677,4.602673515339273,,,3.6666666666666665,,2013,2024.0,,,3,12,318
1117,https://openalex.org/A5055417664,2.8567378938133743,,,0.1111111111111111,,2000,2026.0,,,18,1040,1774
1118,https://openalex.org/A5055435218,0.1122862784625716,,,6.875,,1969,2009.0,,,16,138,5568
1119,https://openalex.org/A5055512034,0.6864021832402666,,,0.0,,2022,2025.0,,,3,3,36
1120,https://openalex.org/A5055567152,4.295599855744191,,,3.6,,1959,1999.0,,,5,27,388
1121,https://openalex.org/A5055590715,1.1377443864521302,1956.0,,2.8,,1999,2015.0,43.0,,5,21,79
1122,https://openalex.org/A5055615806,4.602820788088144,,,3.272727272727273,,1992,2025.0,,,11,75,1503
1123,https://openalex.org/A5055658847,3.866590036302977,,,8.0,,2010,2018.0,,,2,2,41
1124,https://openalex.org/A5055687056,0.1122862784625716,,,0.0,,2004,2004.0,,,1,1,0
1125,https://openalex.org/A5055835124,3.5538866241435216,,,0.6,,2011,2015.0,,,5,9,235
1126,https://openalex.org/A5055864100,1.4291414696796108,,,4.5,,1951,2023.0,,,18,87,5851
1127,https://openalex.org/A5055878946,0.37678657481216904,,,0.0,,1992,2025.0,,,4,7,27
1128,https://openalex.org/A5055890962,2.0183467995067828,1961.0,,5.0,,2006,2025.0,45.0,,6,45,275
1129,https://openalex.org/A5055925517,1.428069196232893,,,1.0,,2008,2018.0,,,12,30,819
1130,https://openalex.org/A5055986838,3.2959076517953863,,,0.5,,1992,1995.0,,,2,3,41
1131,https://openalex.org/A5056034999,1.7854103671884245,,,2.857142857142857,,1981,2014.0,,,7,41,753
1132,https://openalex.org/A5056045578,0.5929936926327254,1957.0,,2.9285714285714284,,2009,2025.0,52.0,,14,23,2198
1133,https://openalex.org/A5056095913,2.9663352340240907,1959.0,,4.228571428571429,,1980,2026.0,21.0,,35,346,46976
1134,https://openalex.org/A5056129631,0.46131328645483943,,,7.5,,1993,2008.0,,,2,13,395
1135,https://openalex.org/A5056185715,0.2708057037489296,,,0.0,,2007,2007.0,,,4,1,1076
1136,https://openalex.org/A5056219318,2.385047263669709,,,1.4444444444444444,,2002,2020.0,,,9,44,815
1137,https://openalex.org/A5056281825,3.4915354695923035,,,1.8571428571428572,,1949,1984.0,,,7,68,342
1138,https://openalex.org/A5056352168,1.251511791816868,,,2.2,,2010,2025.0,,,10,101,58430
1139,https://openalex.org/A5056457498,0.1122862784625716,1952.0,,6.4,,1984,2016.0,32.0,,5,3,34
1140,https://openalex.org/A5056470502,4.680632649099399,,,1.5,,2019,2023.0,,,4,3,40
1141,https://openalex.org/A5056490043,0.1122862784625716,,,6.857142857142857,,1986,2025.0,,,7,89,560
1142,https://openalex.org/A5056559916,2.3802813979391653,1957.0,,2.4,,1964,2010.0,7.0,,5,23,92
1143,https://openalex.org/A5056604183,1.379103818138967,2000.0,,1.5,,1995,2024.0,-5.0,,4,20,3061
1144,https://openalex.org/A5056618475,0.1122862784625716,,,0.0,,2011,2011.0,,,1,2,199
1145,https://openalex.org/A5056661208,1.7710395899868265,,,0.6,,1934,2006.0,,,5,12,335
1146,https://openalex.org/A5056674230,1.7540892077265282,,,2.3181818181818183,,1982,2025.0,,,22,98,2375
1147,https://openalex.org/A5056704644,4.602820788088144,1966.0,,0.0,,1989,1989.0,23.0,,1,1,1
1148,https://openalex.org/A5056754789,0.1122862784625716,,,2.1818181818181817,,2015,2025.0,,,11,22,266
1149,https://openalex.org/A5056779885,1.2267820454924458,1950.0,,3.5,,1987,2025.0,37.0,,12,92,323
1150,https://openalex.org/A5056791304,2.660229862429987,1924.0,1964.0,1.5,40.0,2004,1964.0,80.0,0.0,2,3,253
1151,https://openalex.org/A5056794714,1.4394461780787025,1933.0,2025.0,4.991071428571429,92.0,1955,2025.0,22.0,0.0,112,863,250977
1152,https://openalex.org/A5056813860,0.8725353439584254,,,0.0,,2010,2010.0,,,1,1,3
1153,https://openalex.org/A5056976963,1.8822213365537475,,,1.25,,2007,2025.0,,,16,83,1124
1154,https://openalex.org/A5057038064,2.688647884098713,,,2.0,,2003,2012.0,,,3,20,141
1155,https://openalex.org/A5057046905,0.8725353439584254,,,0.0,,2012,2012.0,,,1,1,2
1156,https://openalex.org/A5057080760,2.2269265894634627,,,1.1666666666666667,,1996,2025.0,,,12,82,2151
1157,https://openalex.org/A5057110925,0.1122862784625716,,,0.0,,2006,2006.0,,,1,3,31
1158,https://openalex.org/A5057117922,0.8725353439584254,1747.0,1837.0,0.0,90.0,2020,1837.0,273.0,0.0,1,1,0
1159,https://openalex.org/A5057187872,1.4875986359766185,,,3.6923076923076925,,1989,2025.0,,,39,854,38174
1160,https://openalex.org/A5057388127,0.8725353439584254,,,0.0,,1978,1978.0,,,1,13,7
1161,https://openalex.org/A5057467365,3.1076991983463107,,,1.0,,1960,1962.0,,,2,3,7
1162,https://openalex.org/A5057471875,4.602820788088144,,,0.0,,1990,1990.0,,,1,15,352
1163,https://openalex.org/A5057563096,1.2023784224468266,1911.0,1995.0,1.7894736842105263,84.0,1985,1995.0,74.0,0.0,38,138,10090
1164,https://openalex.org/A5057571524,1.461332732552548,,,4.12962962962963,,1984,2025.0,,,54,382,53840
1165,https://openalex.org/A5057583922,1.4142614625474408,,,6.666666666666667,,1990,2014.0,,,3,27,2090
1166,https://openalex.org/A5057648964,0.1122862784625716,,,0.0,,2004,2004.0,,,1,1,11
1167,https://openalex.org/A5057667738,2.1463818314887266,,,6.5,,1987,2015.0,,,4,25,783
1168,https://openalex.org/A5057750710,1.6262930825662956,,,1.0,,1993,2013.0,,,3,15,138
1169,https://openalex.org/A5057836850,0.925226944560355,,,0.0,,2019,2025.0,,,9,6,15
1170,https://openalex.org/A5057886965,0.1122862784625716,,,0.0,,1995,2023.0,,,4,4,122
1171,https://openalex.org/A5057901169,0.7152366328246472,,,2.1666666666666665,,2012,2025.0,,,6,34,2899
1172,https://openalex.org/A5057960297,1.368172805844475,,,1.8666666666666667,,1996,2025.0,,,15,101,13223
1173,https://openalex.org/A5057973944,0.8725353439584254,,,0.0,,2021,2021.0,,,1,1,0
1174,https://openalex.org/A5058003426,2.099961819650455,,,3.75,,1997,2024.0,,,8,125,5023
1175,https://openalex.org/A5058045113,0.715472393375367,1961.0,,0.0,,1994,1995.0,33.0,,2,8,16
1176,https://openalex.org/A5058087074,2.825297953241279,,,3.3333333333333335,,2002,2012.0,,,3,5,542
1177,https://openalex.org/A5058098591,0.8725353439584254,,,0.0,,2010,2010.0,,,1,1,23
1178,https://openalex.org/A5058128370,3.3235167549775437,,,1.3333333333333333,,2021,2025.0,,,3,12,1318
1179,https://openalex.org/A5058133830,1.9500610106601055,,,5.8,,2001,2025.0,,,10,180,6021
1180,https://openalex.org/A5058156254,1.1883830656448793,,,0.0,,1976,2001.0,,,2,4,19
1181,https://openalex.org/A5058411727,0.978325430037879,,,1.125,,1982,2025.0,,,8,23,349
1182,https://openalex.org/A5058524061,2.2387001085327265,1952.0,,5.153846153846154,,1976,2024.0,24.0,,26,399,5541
1183,https://openalex.org/A5058534544,1.4204959840228386,,,4.625,,2003,2025.0,,,8,110,367
1184,https://openalex.org/A5058553367,3.0179392107010092,1869.0,1955.0,2.75,86.0,1968,1955.0,99.0,0.0,4,37,2288
1185,https://openalex.org/A5058588006,1.1997538602336233,,,2.0,,1994,2002.0,,,4,2,8
1186,https://openalex.org/A5058670846,1.6224235906339428,,,2.9130434782608696,,1979,2025.0,,,23,230,6439
1187,https://openalex.org/A5058744022,4.602820788088144,,,1.6,,1991,2026.0,,,10,27,255
1188,https://openalex.org/A5058776012,1.8736132807546,1776.0,1851.0,4.458333333333333,75.0,1955,1851.0,179.0,0.0,24,191,11223
1189,https://openalex.org/A5058797216,4.602820788088144,,,1.3333333333333333,,2000,2021.0,,,3,17,625
1190,https://openalex.org/A5058837136,3.6248542605646463,,,7.538461538461538,,1966,2024.0,,,13,123,3124
1191,https://openalex.org/A5058957254,1.1754023240237557,,,2.210526315789474,,1941,2025.0,,,19,51,2347
1192,https://openalex.org/A5058984969,2.3740874815802795,,,3.1923076923076925,,1987,2025.0,,,26,178,3356
1193,https://openalex.org/A5059033237,1.6867027622586603,1954.0,,3.4545454545454546,,1981,2023.0,27.0,,11,103,25496
1194,https://openalex.org/A5059181904,2.512056993822414,,,1.0,,2007,2014.0,,,2,5,161
1195,https://openalex.org/A5059352478,3.134785672728055,,,6.125,,2007,2026.0,,,8,39,875
1196,https://openalex.org/A5059354699,4.602820788088144,,,0.0,,2012,2012.0,,,1,2,124
1197,https://openalex.org/A5059408671,1.0372604826064948,1909.0,1984.0,6.225806451612903,75.0,1951,1984.0,42.0,0.0,31,120,5618
1198,https://openalex.org/A5059413456,3.052266892890185,1924.0,2005.0,5.985074626865671,81.0,1948,2005.0,24.0,0.0,67,806,56337
1199,https://openalex.org/A5059542173,1.2773787462267305,,,1.75,,1988,2010.0,,,8,19,1156
1200,https://openalex.org/A5059580739,3.087224099721575,1914.0,1999.0,4.352941176470588,85.0,1949,1999.0,35.0,0.0,17,206,2101
1201,https://openalex.org/A5059716665,1.645154500731583,1946.0,,2.75,,1979,2025.0,33.0,,4,64,2861
1202,https://openalex.org/A5059740876,3.7110657412894543,,,4.258064516129032,,1984,2025.0,,,31,232,10364
1203,https://openalex.org/A5059807097,0.1122862784625716,1982.0,,0.0,,1985,1985.0,3.0,,1,6,62
1204,https://openalex.org/A5059836532,2.2549925871227847,,,2.736842105263158,,1943,1997.0,,,19,260,22128
1205,https://openalex.org/A5059910260,1.63463525464137,1971.0,,2.6666666666666665,,2002,2025.0,31.0,,15,118,1994
1206,https://openalex.org/A5060046582,9.156274323942775,1945.0,,7.2727272727272725,,1987,2023.0,42.0,,11,142,4691
1207,https://openalex.org/A5060114341,2.4591732341780568,,,4.363636363636363,,2003,2026.0,,,11,48,550
1208,https://openalex.org/A5060128223,1.0885143947796667,,,2.25,,1989,2022.0,,,4,10,352
1209,https://openalex.org/A5060196069,0.9165612011777075,1887.0,1968.0,3.6,81.0,2009,1968.0,122.0,0.0,5,135,8820
1210,https://openalex.org/A5060206799,1.303726991913623,,,5.3076923076923075,,1975,2022.0,,,13,91,2027
1211,https://openalex.org/A5060227660,1.4632607109116404,,,2.7777777777777777,,2000,2025.0,,,9,42,1777
1212,https://openalex.org/A5060357272,1.8839267068681935,,,0.2857142857142857,,2018,2024.0,,,7,15,192
1213,https://openalex.org/A5060426161,0.7969651595934805,,,1.1666666666666667,,2001,2014.0,,,6,21,3332
1214,https://openalex.org/A5060511888,0.7528453815561479,1979.0,,1.1428571428571428,,2017,2025.0,38.0,,7,20,515
1215,https://openalex.org/A5060518369,1.1484511715911754,,,4.2,,1978,2025.0,,,10,18,1485
1216,https://openalex.org/A5060585192,4.602820788088144,,,0.0,,2011,2011.0,,,1,1,46
1217,https://openalex.org/A5060639458,2.45233388564552,1891.0,1984.0,0.0,93.0,2005,1984.0,114.0,0.0,3,4,19
1218,https://openalex.org/A5060661202,0.827952004238162,,,2.5454545454545454,,2005,2025.0,,,11,26,1091
1219,https://openalex.org/A5060675167,2.512056993822414,,,1.0,,1993,1994.0,,,2,3,40
1220,https://openalex.org/A5060686447,1.368521855565617,,,2.9166666666666665,,1960,2025.0,,,12,30,318
1221,https://openalex.org/A5060725283,1.6419542579694744,,,1.5714285714285714,,1954,1994.0,,,14,23,927
1222,https://openalex.org/A5060743720,4.602820788088144,1984.0,,13.0,,2012,2025.0,28.0,,2,46,161
1223,https://openalex.org/A5060750457,2.44341288635118,,,3.261904761904762,,1978,2025.0,,,42,158,1965
1224,https://openalex.org/A5060768178,4.526570266347477,,,3.5,,2016,2025.0,,,2,13,239
1225,https://openalex.org/A5060863301,2.729193402430874,,,2.236842105263158,,2009,2025.0,,,38,774,8422
1226,https://openalex.org/A5060872749,3.4838515424267187,,,3.8333333333333335,,1970,1995.0,,,6,57,4062
1227,https://openalex.org/A5060966935,2.2383492305217345,,,0.0,,1973,1973.0,,,3,1,5
1228,https://openalex.org/A5061047722,4.616680296882455,,,2.3333333333333335,,2014,2025.0,,,3,21,311
1229,https://openalex.org/A5061061480,1.3835861612246305,,,2.6923076923076925,,2004,2025.0,,,13,123,3537
1230,https://openalex.org/A5061140920,2.338480333319226,,,0.0,,1997,1997.0,,,2,1,206
1231,https://openalex.org/A5061165395,0.8937560154387262,1981.0,,4.84375,,1977,2025.0,-4.0,,32,393,4257
1232,https://openalex.org/A5061190718,0.9173669512547925,,,4.0,,1957,2005.0,,,3,15,929
1233,https://openalex.org/A5061285966,0.1122862784625716,1845.0,1914.0,23.0,69.0,1979,1914.0,134.0,0.0,1,15,250
1234,https://openalex.org/A5061341492,1.5950540509737154,,,2.625,,2010,2025.0,,,8,65,2405
1235,https://openalex.org/A5061349039,4.602820788088144,1914.0,1992.0,0.0,78.0,1983,1983.0,69.0,9.0,1,7,118
1236,https://openalex.org/A5061360353,3.1528681849808535,,,1.75,,2012,2017.0,,,4,16,121
1237,https://openalex.org/A5061383009,0.1122862784625716,,,2.5,,2018,2025.0,,,2,12,136
1238,https://openalex.org/A5061422584,2.2647643655129692,,,1.5555555555555556,,1968,2003.0,,,9,14,457
1239,https://openalex.org/A5061589054,1.8674934123765823,,,1.0,,1982,1998.0,,,5,12,370
1240,https://openalex.org/A5061702235,0.8725353439584254,,,1.0,,2017,2018.0,,,1,2,9
1241,https://openalex.org/A5061714805,1.5419813069462938,,,5.666666666666667,,1993,2013.0,,,3,10,150
1242,https://openalex.org/A5061726221,4.602820788088144,,,1.0,,2008,2015.0,,,2,4,428
1243,https://openalex.org/A5061748902,1.2955201429983558,,,3.0,,2014,2026.0,,,6,74,562
1244,https://openalex.org/A5061772876,3.2792421553322635,,,1.8571428571428572,,2010,2020.0,,,7,12,863
1245,https://openalex.org/A5061804197,0.7982626415597692,,,6.2,,1937,1968.0,,,5,93,2866
1246,https://openalex.org/A5061820044,0.4036656810951135,,,0.0,,1991,1991.0,,,7,2,21
1247,https://openalex.org/A5061852175,4.602673515339273,,,2.5,,2020,2025.0,,,2,12,902
1248,https://openalex.org/A5061866399,3.3160906855475156,1981.0,,2.6470588235294117,,2009,2025.0,28.0,,17,88,935
1249,https://openalex.org/A5062017686,1.9628112728999838,,,1.0,,2015,2025.0,,,8,25,484
1250,https://openalex.org/A5062042759,0.8965478728657353,,,2.5,,2021,2024.0,,,2,16,684
1251,https://openalex.org/A5062070492,3.3369214296852356,,,16.5,,1995,2025.0,,,4,24,989
1252,https://openalex.org/A5062132898,2.228281246265206,1969.0,,4.8125,,1993,2025.0,24.0,,32,406,16662
1253,https://openalex.org/A5062331066,1.2633190666907257,,,3.3333333333333335,,2009,2025.0,,,9,138,3246
1254,https://openalex.org/A5062371888,4.602820788088144,,,0.6666666666666666,,1968,1990.0,,,6,63,797
1255,https://openalex.org/A5062372444,1.0614998210602518,,,4.733333333333333,,1996,2025.0,,,15,136,4256
1256,https://openalex.org/A5062431352,2.350756913351302,,,5.625,,1977,2018.0,,,8,59,3682
1257,https://openalex.org/A5062493403,0.1122862784625716,,,0.0,,1989,1989.0,,,1,1,0
1258,https://openalex.org/A5062539556,2.512056993822414,,,0.0,,1980,1980.0,,,2,1,108
1259,https://openalex.org/A5062569186,1.8924790529002786,,,4.5,,1997,2025.0,,,10,113,3260
1260,https://openalex.org/A5062611835,0.5022339777653645,,,0.375,,2009,2024.0,,,8,13,1193
1261,https://openalex.org/A5062774997,2.5219115892556134,,,4.161290322580645,,1977,2025.0,,,31,313,26448
1262,https://openalex.org/A5062901246,1.2940825346714993,,,1.25,,2011,2025.0,,,24,69,2196
1263,https://openalex.org/A5063019096,3.3421708668348726,,,2.2857142857142856,,2018,2025.0,,,7,23,135
1264,https://openalex.org/A5063044283,1.5466154428070025,,,4.446808510638298,,1981,2025.0,,,47,432,16293
1265,https://openalex.org/A5063140842,1.5447246398278762,,,2.45,,1973,2025.0,,,40,873,7999
1266,https://openalex.org/A5063196461,0.11214774703780125,,,1.4285714285714286,,2019,2025.0,,,7,27,953
1267,https://openalex.org/A5063198138,2.5157405779811506,,,0.0,,1981,1982.0,,,3,8,110
1268,https://openalex.org/A5063272468,1.7975090820890545,,,1.9583333333333333,,1996,2025.0,,,48,247,9423
1269,https://openalex.org/A5063285749,0.32742186748771746,,,5.0,,1972,1994.0,,,6,30,824
1270,https://openalex.org/A5063374954,1.2621566337762378,,,1.5,,1984,2022.0,,,16,65,3719
1271,https://openalex.org/A5063438395,2.066248603210648,1942.0,,2.532258064516129,,1982,2025.0,40.0,,62,247,9630
1272,https://openalex.org/A5063492101,0.1122862784625716,,,0.0,,1983,1988.0,,,2,4,56
1273,https://openalex.org/A5063496642,0.7682039814500724,,,0.375,,1992,2014.0,,,8,20,81
1274,https://openalex.org/A5063516854,0.7846713281265872,,,0.2857142857142857,,2016,2025.0,,,7,8,207
1275,https://openalex.org/A5063580634,2.4520107375322575,,,2.7142857142857144,,2003,2024.0,,,7,45,391
1276,https://openalex.org/A5063590702,2.126361813138274,1918.0,1965.0,2.3157894736842106,47.0,2001,1965.0,83.0,0.0,19,125,2141
1277,https://openalex.org/A5063634399,1.6566937985792596,,,3.5,,1973,2025.0,,,26,191,4192
1278,https://openalex.org/A5063696850,2.6137506216898774,1879.0,1968.0,9.0,89.0,1989,1968.0,110.0,0.0,2,3,3
1279,https://openalex.org/A5063698411,1.308047055896612,1936.0,2021.0,2.588235294117647,85.0,1955,2021.0,19.0,0.0,17,194,10817
1280,https://openalex.org/A5063786130,3.1712665381852885,1938.0,1998.0,3.2,60.0,1987,1998.0,49.0,0.0,5,17,142
1281,https://openalex.org/A5063832401,1.1327780288513416,,,2.5555555555555554,,1968,2005.0,,,18,58,1426
1282,https://openalex.org/A5063892002,1.8994560119049622,1959.0,,1.7272727272727273,,2013,2026.0,54.0,,11,77,2046
1283,https://openalex.org/A5063914557,1.4803519096850426,,,2.2,,2007,2025.0,,,10,46,1586
1284,https://openalex.org/A5063994783,2.6894572030741024,,,1.5833333333333333,,2011,2025.0,,,12,103,4208
1285,https://openalex.org/A5064036708,0.8725353439584254,,,1.5,,2004,2026.0,,,4,23,984
1286,https://openalex.org/A5064062978,2.0143407170255796,,,3.8076923076923075,,1979,2025.0,,,26,294,14596
1287,https://openalex.org/A5064128372,0.8672171915377174,1938.0,,2.7142857142857144,,1982,2025.0,44.0,,7,92,747
1288,https://openalex.org/A5064152404,2.065040556807508,1942.0,,4.2727272727272725,,1968,2025.0,26.0,,66,340,4641
1289,https://openalex.org/A5064165519,1.3707872720405194,,,3.9,,1970,2025.0,,,30,216,8156
1290,https://openalex.org/A5064179616,1.788668992989485,,,2.0,,1991,2024.0,,,89,697,77574
1291,https://openalex.org/A5064402606,0.8454223928651501,,,1.4736842105263157,,2008,2025.0,,,19,60,602
1292,https://openalex.org/A5064438130,1.503738425622261,,,1.0,,1998,2016.0,,,7,14,265
1293,https://openalex.org/A5064446453,1.8273076939458477,,,6.074074074074074,,1974,2025.0,,,27,330,49975
1294,https://openalex.org/A5064453585,0.1122862784625716,,,2.6,,1986,2001.0,,,5,7,24
1295,https://openalex.org/A5064478793,3.4174666990166815,,,1.96,,1988,2025.0,,,25,211,5682
1296,https://openalex.org/A5064567385,0.8725353439584254,,,0.0,,2003,2003.0,,,1,1,0
1297,https://openalex.org/A5064696280,0.5735403234720183,,,1.0,,1963,1969.0,,,4,15,501
1298,https://openalex.org/A5064778502,1.6336758712718311,,,2.2452830188679247,,1966,2024.0,,,53,262,1905
1299,https://openalex.org/A5064868125,1.5423257175673568,,,7.222222222222222,,1966,2005.0,,,9,106,1192
1300,https://openalex.org/A5064911964,4.209755076169443,,,1.4285714285714286,,1995,2012.0,,,7,29,1109
1301,https://openalex.org/A5064988981,1.2677345393925197,,,1.5714285714285714,,2019,2025.0,,,7,79,360
1302,https://openalex.org/A5065024297,1.9541896185994452,,,2.6153846153846154,,2003,2020.0,,,13,115,5557
1303,https://openalex.org/A5065039236,3.3323734131660405,,,0.7142857142857143,,1972,1989.0,,,7,32,254
1304,https://openalex.org/A5065061939,1.4129691906270871,,,2.6666666666666665,,2009,2013.0,,,3,7,316
1305,https://openalex.org/A5065075753,0.1122862784625716,1997.0,,2.0,,2019,2021.0,22.0,,1,2,40
1306,https://openalex.org/A5065083595,0.1122862784625716,,,4.0,,2020,2024.0,,,1,4,44
1307,https://openalex.org/A5065291315,0.8521558017286445,,,2.25,,2020,2026.0,,,4,26,137
1308,https://openalex.org/A5065316467,4.602673515339273,2000.0,,2.0,,1999,2001.0,-1.0,,2,3,195
1309,https://openalex.org/A5065433535,3.79965877009367,,,1.6,,2012,2025.0,,,5,10,35
1310,https://openalex.org/A5065583280,1.5129237915121265,,,2.7,,1989,2025.0,,,20,300,2991
1311,https://openalex.org/A5065584617,0.9545581749966606,,,2.6666666666666665,,1957,2025.0,,,3,15,103
1312,https://openalex.org/A5065588818,4.8941569246189776,,,8.5,,1984,2003.0,,,2,25,443
1313,https://openalex.org/A5065597746,0.7213734716144832,,,0.0,,1960,1965.0,,,2,15,92
1314,https://openalex.org/A5065621786,1.5514787970782582,,,2.9565217391304346,,1992,2025.0,,,69,693,30831
1315,https://openalex.org/A5065622691,3.5083882672948232,,,2.5,,2017,2024.0,,,2,28,294
1316,https://openalex.org/A5065626137,0.7876716401293814,,,0.0,,1949,1998.0,,,3,9,0
1317,https://openalex.org/A5065657192,1.6660842310592747,,,1.75,,2016,2025.0,,,4,13,354
1318,https://openalex.org/A5065698192,1.5555168401693191,1957.0,,0.5454545454545454,,1941,2023.0,-16.0,,11,29,249
1319,https://openalex.org/A5065796336,2.29180875580077,,,5.647058823529412,,1970,2017.0,,,17,155,4570
1320,https://openalex.org/A5065915056,1.4060450404182527,1959.0,,4.565217391304348,,1987,2025.0,28.0,,23,424,22257
1321,https://openalex.org/A5065920319,0.882448374172635,,,1.8,,2017,2025.0,,,5,19,1617
1322,https://openalex.org/A5065925140,1.9547915621303242,,,1.34375,,2000,2025.0,,,32,272,11968
1323,https://openalex.org/A5065932375,4.602820788088144,1927.0,2009.0,3.0,82.0,1968,1971.0,41.0,38.0,1,12,14
1324,https://openalex.org/A5066049576,4.602673515339273,,,2.0,,2021,2025.0,,,2,18,170
1325,https://openalex.org/A5066108089,0.8725353439584254,,,2.5,,2013,2017.0,,,4,8,199
1326,https://openalex.org/A5066176640,4.602820788088144,1948.0,,0.0,,1989,1989.0,41.0,,1,2,53
1327,https://openalex.org/A5066237636,0.8725353439584254,,,0.6666666666666666,,1990,1992.0,,,3,5,16
1328,https://openalex.org/A5066267452,1.612961766835411,,,5.333333333333333,,1972,2016.0,,,15,203,9067
1329,https://openalex.org/A5066295673,4.602673515339273,,,0.0,,2013,2013.0,,,2,1,77
1330,https://openalex.org/A5066310794,0.9796822903453087,,,1.6666666666666667,,1998,2025.0,,,9,28,1100
1331,https://openalex.org/A5066316139,3.7214811273160158,,,0.8,,2016,2025.0,,,5,14,153
1332,https://openalex.org/A5066348272,4.146239246866654,,,4.363636363636363,,1972,2010.0,,,11,132,2548
1333,https://openalex.org/A5066351389,2.1273973640698496,,,2.8,,2006,2025.0,,,10,163,14955
1334,https://openalex.org/A5066375463,1.7829325771455287,,,4.869565217391305,,1998,2026.0,,,23,126,2625
1335,https://openalex.org/A5066518168,0.1122862784625716,1961.0,,2.0,,2015,2017.0,54.0,,1,10,30
1336,https://openalex.org/A5066566141,1.9686177795669166,,,7.0,,1998,2014.0,,,2,5,192
1337,https://openalex.org/A5066632072,1.5122978990136529,1917.0,1970.0,11.833333333333334,53.0,1948,1970.0,31.0,0.0,6,144,1459
1338,https://openalex.org/A5066674795,4.602820788088144,,,3.0,,1987,1990.0,,,1,3,157
1339,https://openalex.org/A5066708427,2.871052424050987,1942.0,,10.142857142857142,,1969,2023.0,27.0,,7,270,5929
1340,https://openalex.org/A5066811706,1.1929011510957859,1821.0,1861.0,2.6666666666666665,40.0,1993,1861.0,172.0,0.0,9,43,337
1341,https://openalex.org/A5066831235,3.6748251864055432,,,3.090909090909091,,2017,2026.0,,,11,14,185
1342,https://openalex.org/A5066858535,2.997018213302579,,,7.0,,1988,2002.0,,,4,23,582
1343,https://openalex.org/A5066888785,2.84086941807688,,,2.0,,1965,1973.0,,,4,30,229
1344,https://openalex.org/A5066917659,2.052458523024624,,,0.6666666666666666,,1992,2022.0,,,9,19,227
1345,https://openalex.org/A5066951263,2.4409325909406387,,,9.571428571428571,,1983,2025.0,,,7,193,9612
1346,https://openalex.org/A5066959981,4.602673515339273,,,5.666666666666667,,2009,2026.0,,,3,62,712
1347,https://openalex.org/A5067090865,1.4757951515720098,,,4.5,,1990,2024.0,,,12,103,5942
1348,https://openalex.org/A5067150001,0.9668435047026975,,,2.0,,1967,1969.0,,,2,10,78
1349,https://openalex.org/A5067182924,2.245263126922926,,,3.857142857142857,,1949,2006.0,,,21,136,2617
1350,https://openalex.org/A5067223060,2.874756984272353,,,0.0,,1968,2001.0,,,2,3,92
1351,https://openalex.org/A5067300278,0.8725353439584254,,,0.0,,2021,2021.0,,,1,1,6
1352,https://openalex.org/A5067334549,1.2469529179291625,1966.0,,7.818181818181818,,1988,2026.0,22.0,,11,472,14573
1353,https://openalex.org/A5067469483,0.9312484866805806,,,6.4,,2005,2023.0,,,5,54,2399
1354,https://openalex.org/A5067520245,4.602820788088144,,,0.0,,1983,1983.0,,,1,1,90
1355,https://openalex.org/A5067631015,0.8184716169044177,1961.0,,1.7894736842105263,,2003,2025.0,42.0,,19,85,33320
1356,https://openalex.org/A5067634960,2.393572898246715,,,4.45945945945946,,1956,2025.0,,,111,975,39720
1357,https://openalex.org/A5067664341,1.467162714798313,,,5.166666666666667,,1998,2024.0,,,6,104,2068
1358,https://openalex.org/A5067696184,2.1096927448372083,,,0.7647058823529411,,1980,2025.0,,,17,55,331
1359,https://openalex.org/A5067735064,3.1940724076536937,1891.0,1956.0,8.333333333333334,65.0,1981,1956.0,90.0,0.0,3,26,1205
1360,https://openalex.org/A5067813676,1.5637386370376216,,,4.0344827586206895,,1898,2025.0,,,29,359,11680
1361,https://openalex.org/A5067817046,2.948705805558774,,,2.6153846153846154,,2000,2025.0,,,13,66,1187
1362,https://openalex.org/A5067817165,4.602820788088144,1953.0,,13.615384615384615,,1978,2025.0,25.0,,13,182,10528
1363,https://openalex.org/A5067881122,0.8725353439584254,,,11.0,,1971,1982.0,,,1,23,54
1364,https://openalex.org/A5067891615,0.5065369991246828,1944.0,,8.0,,1981,2026.0,37.0,,16,271,3467
1365,https://openalex.org/A5068008624,0.1122862784625716,,,0.0,,1995,1995.0,,,1,2,3
1366,https://openalex.org/A5068021409,1.6887700428885108,,,4.555555555555555,,1966,2011.0,,,18,108,1467
1367,https://openalex.org/A5068119192,0.1122862784625716,1950.0,,0.0,,1991,1991.0,41.0,,1,1,30
1368,https://openalex.org/A5068134014,3.0456098225214916,,,1.1666666666666667,,2010,2025.0,,,6,105,1464
1369,https://openalex.org/A5068143623,0.9501197816313536,,,2.375,,2007,2025.0,,,8,27,608
1370,https://openalex.org/A5068225719,2.036222160492046,,,1.8461538461538463,,1997,2025.0,,,13,62,645
1371,https://openalex.org/A5068270107,1.166219155656481,1817.0,1895.0,3.125,78.0,1974,1895.0,157.0,0.0,8,81,6210
1372,https://openalex.org/A5068278242,2.1718213395508137,,,3.3333333333333335,,1983,2026.0,,,30,646,29622
1373,https://openalex.org/A5068320260,2.671049442676327,1953.0,,3.515151515151515,,1988,2025.0,35.0,,33,342,46408
1374,https://openalex.org/A5068333656,0.1122862784625716,1966.0,,0.0,,1984,1984.0,18.0,,1,1,0
1375,https://openalex.org/A5068354829,5.547800834952762,,,0.6666666666666666,,2007,2014.0,,,9,19,794
1376,https://openalex.org/A5068414101,1.9282600627679316,,,1.6363636363636365,,1996,2007.0,,,11,135,4943
1377,https://openalex.org/A5068438813,1.9526924184651233,,,2.5342465753424657,,1939,2025.0,,,73,624,14041
1378,https://openalex.org/A5068441007,2.366777888839457,,,2.5625,,1985,2012.0,,,16,78,2425
1379,https://openalex.org/A5068455271,4.602673515339273,,,0.0,,2015,2015.0,,,2,1,39
1380,https://openalex.org/A5068520992,2.840333507905648,1950.0,,7.37037037037037,,1913,2024.0,-37.0,,27,296,69698
1381,https://openalex.org/A5068668020,0.1122862784625716,,,0.0,,1987,1987.0,,,1,3,8
1382,https://openalex.org/A5068718131,2.97787901599422,,,5.2,,1996,2025.0,,,10,59,10582
1383,https://openalex.org/A5068758833,1.4153156606224642,,,0.0,,1981,2003.0,,,3,4,136
1384,https://openalex.org/A5068796575,1.4917905536596607,,,6.380952380952381,,1969,2019.0,,,21,185,2524
1385,https://openalex.org/A5068817727,5.385694362078472,1959.0,,1.3333333333333333,,1991,1995.0,32.0,,3,5,23
1386,https://openalex.org/A5068819872,1.9070392749927347,1940.0,,4.0,,1965,2025.0,25.0,,22,375,20816
1387,https://openalex.org/A5068826612,1.7300958480847637,2000.0,,0.9285714285714286,,1987,2025.0,-13.0,,56,672,29827
1388,https://openalex.org/A5068831801,8.341227884720853,,,0.6666666666666666,,2017,2025.0,,,3,10,210
1389,https://openalex.org/A5068835941,1.715509981251754,,,1.7843137254901962,,1999,2025.0,,,153,2156,74399
1390,https://openalex.org/A5068952803,2.4068527371786503,1960.0,2024.0,1.4285714285714286,64.0,1983,2024.0,23.0,0.0,14,52,974
1391,https://openalex.org/A5068984684,1.2875373818937619,,,0.0,,2012,2014.0,,,2,3,26
1392,https://openalex.org/A5068994292,2.663004946877881,,,1.75,,2020,2025.0,,,4,19,160
1393,https://openalex.org/A5069075055,1.684671100126598,1950.0,,6.25,,1969,2025.0,19.0,,24,284,18564
1394,https://openalex.org/A5069148969,4.602820788088144,,,6.142857142857143,,2010,2025.0,,,7,41,908
1395,https://openalex.org/A5069161059,2.2066617892444715,,,0.4,,2001,2004.0,,,5,17,835
1396,https://openalex.org/A5069165408,6.480716022419364,,,5.333333333333333,,1954,1975.0,,,3,21,310
1397,https://openalex.org/A5069171194,1.7202060332069529,,,0.7272727272727273,,2015,2025.0,,,11,47,746
1398,https://openalex.org/A5069250487,1.07332727249793,,,4.5,,1995,2022.0,,,6,30,735
1399,https://openalex.org/A5069303170,0.8521558017286445,,,4.5,,2009,2021.0,,,2,18,1009
1400,https://openalex.org/A5069450156,0.35924204914895647,,,1.6666666666666667,,2012,2017.0,,,3,3,282
1401,https://openalex.org/A5069469701,1.1298977130085828,1908.0,1985.0,2.0,77.0,2019,1985.0,111.0,0.0,4,29,363
1402,https://openalex.org/A5069477050,0.1122862784625716,,,1.4166666666666667,,2011,2026.0,,,12,66,770
1403,https://openalex.org/A5069674349,1.5163793376313497,,,1.0,,1983,2025.0,,,58,394,10788
1404,https://openalex.org/A5069719269,1.2881730983668882,1965.0,,4.4,,1988,2020.0,23.0,,10,60,7919
1405,https://openalex.org/A5069754030,0.8725353439584254,,,0.0,,2013,2013.0,,,1,1,17
1406,https://openalex.org/A5069771435,0.44550752936777577,,,2.9,,2003,2026.0,,,10,176,3524
1407,https://openalex.org/A5069812957,2.820364345658147,,,0.0,,1966,2016.0,,,5,33,186
1408,https://openalex.org/A5069883040,2.0903247314314592,,,2.8666666666666667,,1995,2025.0,,,15,232,3324
1409,https://openalex.org/A5069902722,3.858331815777172,,,15.8,,1985,2025.0,,,5,133,1527
1410,https://openalex.org/A5069909687,2.53723448665537,,,2.909090909090909,,1995,2025.0,,,22,173,7173
1411,https://openalex.org/A5069940096,2.4201266351025046,,,5.0,,2015,2025.0,,,4,19,195
1412,https://openalex.org/A5069966943,2.840344587006596,,,1.7692307692307692,,1976,1984.0,,,13,25,1022
1413,https://openalex.org/A5070012075,1.826155261117806,,,2.6153846153846154,,2000,2025.0,,,13,322,7783
1414,https://openalex.org/A5070019674,0.1122862784625716,,,1.6666666666666667,,2015,2025.0,,,9,23,928
1415,https://openalex.org/A5070030311,1.4723593027726494,1924.0,2010.0,2.6,86.0,1998,2010.0,74.0,0.0,5,10,165
1416,https://openalex.org/A5070051249,1.8651038100418045,1952.0,,4.1125,,1969,2024.0,17.0,,80,899,18698
1417,https://openalex.org/A5070083497,1.221375131819765,,,1.3333333333333333,,2014,2025.0,,,12,53,1136
1418,https://openalex.org/A5070128872,1.1899805337168576,,,3.0,,1976,2018.0,,,9,58,1893
1419,https://openalex.org/A5070161627,2.235908509558206,1939.0,,5.586956521739131,,1964,2024.0,25.0,,46,330,24337
1420,https://openalex.org/A5070221807,1.6734949541620445,,,4.053097345132743,,1972,2026.0,,,113,965,35126
1421,https://openalex.org/A5070234264,0.8725353439584254,1983.0,,0.0,,1999,1999.0,16.0,,1,1,0
1422,https://openalex.org/A5070280247,1.7550033052120197,,,2.5,,2002,2025.0,,,14,108,10211
1423,https://openalex.org/A5070290381,4.602820788088144,1954.0,2004.0,0.0,50.0,2002,2004.0,48.0,0.0,3,5,104
1424,https://openalex.org/A5070297171,0.11214774703780125,,,7.0,,2001,2015.0,,,2,4,349
1425,https://openalex.org/A5070359960,1.5089606047549224,,,0.3333333333333333,,2022,2024.0,,,3,3,17
1426,https://openalex.org/A5070474805,1.33239906417802,,,2.1,,1970,2025.0,,,10,15,83
1427,https://openalex.org/A5070509847,4.602820788088144,,,2.0,,2004,2006.0,,,1,5,913
1428,https://openalex.org/A5070584555,1.8399245055973477,,,3.0,,2012,2025.0,,,6,17,68
1429,https://openalex.org/A5070602579,1.7121334220357998,,,2.0,,1967,1971.0,,,3,6,88
1430,https://openalex.org/A5070656368,1.601446540085611,,,13.5,,1990,2023.0,,,4,118,2007
1431,https://openalex.org/A5070756139,0.1122862784625716,1943.0,2017.0,0.0,74.0,1973,1973.0,30.0,44.0,1,7,47
1432,https://openalex.org/A5070811909,0.8725353439584254,,,0.4,,2022,2024.0,,,5,4,30
1433,https://openalex.org/A5070822233,2.660229862429987,,,2.6666666666666665,,1954,2015.0,,,3,13,124
1434,https://openalex.org/A5070851067,3.3449177129214425,,,0.0,,1999,1999.0,,,5,3,23
1435,https://openalex.org/A5070904473,1.9635138674642902,,,4.4,,2006,2025.0,,,5,50,2908
1436,https://openalex.org/A5070922998,4.602820788088144,,,0.0,,2008,2008.0,,,1,2,127
1437,https://openalex.org/A5070959372,0.8725353439584254,1858.0,1951.0,0.0,93.0,2025,1951.0,167.0,0.0,1,4,0
1438,https://openalex.org/A5070987305,1.3886925473376055,,,4.571428571428571,,1991,2024.0,,,7,48,250
1439,https://openalex.org/A5070999670,2.9402307885381735,,,3.3333333333333335,,1999,2026.0,,,15,197,4370
1440,https://openalex.org/A5071013542,3.510164235762738,,,2.5,,2008,2013.0,,,2,17,286
1441,https://openalex.org/A5071031693,4.212491078209458,,,3.0,,1996,2024.0,,,11,50,1645
1442,https://openalex.org/A5071222389,4.039364066703311,1965.0,,0.0,,2000,2000.0,35.0,,2,3,107
1443,https://openalex.org/A5071234646,2.494407139416534,,,2.3333333333333335,,1987,2025.0,,,21,282,8242
1444,https://openalex.org/A5071674783,1.1472591428222778,,,1.5,,2001,2005.0,,,6,14,463
1445,https://openalex.org/A5071694286,1.0508149099250985,,,11.0,,1979,2019.0,,,3,14,82
1446,https://openalex.org/A5071715754,2.295243873093171,,,2.6666666666666665,,2001,2015.0,,,3,13,452
1447,https://openalex.org/A5071739749,2.6458240517064615,,,0.2,,2002,2006.0,,,5,6,3975
1448,https://openalex.org/A5071805357,1.403996916438509,,,6.5675675675675675,,1935,2025.0,,,37,285,12409
1449,https://openalex.org/A5071828019,4.602673515339273,,,4.666666666666667,,2012,2025.0,,,3,22,396
1450,https://openalex.org/A5071844016,0.6084761655486474,,,1.8571428571428572,,2015,2024.0,,,7,12,1269
1451,https://openalex.org/A5071867040,4.772014577076896,1970.0,,0.6666666666666666,,1983,1985.0,13.0,,3,2,70
1452,https://openalex.org/A5071869922,4.602820788088144,,,3.0,,2022,2025.0,,,1,3,1
1453,https://openalex.org/A5071939353,0.7572368046985155,,,4.444444444444445,,1999,2025.0,,,27,280,18119
1454,https://openalex.org/A5072113162,1.9031051469934968,1974.0,,4.833333333333333,,1997,2026.0,23.0,,36,558,55282
1455,https://openalex.org/A5072204282,0.8725353439584254,1947.0,,0.0,,1983,1983.0,36.0,,1,4,1
1456,https://openalex.org/A5072214709,2.598975837226369,,,4.0,,2002,2025.0,,,6,33,2068
1457,https://openalex.org/A5072330647,1.4957732048502024,,,5.75,,1982,2014.0,,,4,45,231
1458,https://openalex.org/A5072442842,1.4783622831620002,,1684.0,0.8333333333333334,,1994,1684.0,,0.0,18,158,5558
1459,https://openalex.org/A5072454424,2.4720252889209093,1966.0,,0.5714285714285714,,2000,2015.0,34.0,,7,22,7098
1460,https://openalex.org/A5072455889,6.394963797548365,1964.0,,5.666666666666667,,1940,2024.0,-24.0,,3,49,639
1461,https://openalex.org/A5072470056,1.688655363155747,,,2.3333333333333335,,2015,2025.0,,,6,46,1082
1462,https://openalex.org/A5072470570,2.410264407485387,,,3.7241379310344827,,1970,2025.0,,,29,270,25410
1463,https://openalex.org/A5072485973,2.012113123584382,1960.0,,6.744186046511628,,1984,2025.0,24.0,,43,299,26231
1464,https://openalex.org/A5072492879,0.8725353439584254,,,0.0,,1979,1979.0,,,1,2,28
1465,https://openalex.org/A5072571038,2.3402993550142708,,,5.166666666666667,,1997,2025.0,,,6,49,475
1466,https://openalex.org/A5072773423,3.2320195157422993,,,6.0,,1987,2025.0,,,10,115,5388
1467,https://openalex.org/A5072806779,2.070577215315039,,,4.0,,1970,2025.0,,,39,276,9879
1468,https://openalex.org/A5072822745,4.067872297202561,,,2.2,,1987,1998.0,,,5,17,732
1469,https://openalex.org/A5072876748,1.958757708554796,,,4.777777777777778,,1953,2025.0,,,63,889,99399
1470,https://openalex.org/A5072910464,1.6886212766662883,1977.0,,1.3333333333333333,,1990,1992.0,13.0,,3,3,294
1471,https://openalex.org/A5072919264,1.7739707700485317,,,0.4,,2015,2025.0,,,25,114,1152
1472,https://openalex.org/A5072925533,0.1122862784625716,,,0.0,,2003,2003.0,,,1,1,123
1473,https://openalex.org/A5072940644,2.7019390741520137,,,4.0,,1973,2026.0,,,55,790,51290
1474,https://openalex.org/A5072971061,1.3006391796918717,,,4.5,,1988,2024.0,,,16,41,2844
1475,https://openalex.org/A5073067486,2.1482059499413326,,,0.25,,1998,1999.0,,,4,3,581
1476,https://openalex.org/A5073121497,2.131815199768098,,,1.1666666666666667,,2020,2025.0,,,6,32,2314
1477,https://openalex.org/A5073137089,4.942667458599561,,,2.0,,2010,2014.0,,,2,2,625
1478,https://openalex.org/A5073177505,0.1122862784625716,,,0.0,,1980,1980.0,,,1,2,8
1479,https://openalex.org/A5073191242,0.8872379886108962,,,2.0,,2004,2024.0,,,7,13,297
1480,https://openalex.org/A5073269968,1.682837343123337,,,3.4615384615384617,,1991,2025.0,,,26,169,5699
1481,https://openalex.org/A5073278616,1.4665486761717417,,,6.285714285714286,,1987,2024.0,,,7,27,407
1482,https://openalex.org/A5073553971,0.1122862784625716,,,2.4,,2019,2025.0,,,5,22,507
1483,https://openalex.org/A5073609806,0.8965478728657353,,,2.2857142857142856,,2000,2015.0,,,7,48,3286
1484,https://openalex.org/A5073649212,2.313813669499237,,,2.625,,1996,2016.0,,,8,35,382
1485,https://openalex.org/A5073663465,1.2467285020440224,,,13.6,,1979,2009.0,,,5,9,3158
1486,https://openalex.org/A5073763243,1.7366371698399283,,,3.9927007299270074,,1980,2025.0,,,137,1366,81366
1487,https://openalex.org/A5073810197,0.5706740882305078,,,1.5,,2003,2014.0,,,2,8,511
1488,https://openalex.org/A5073902310,0.7607536500448793,,,3.5555555555555554,,1991,2025.0,,,9,151,1765
1489,https://openalex.org/A5074069491,4.602820788088144,,,4.0,,1992,1996.0,,,1,2,23
1490,https://openalex.org/A5074084785,2.164143796342321,,,3.0,,1999,2025.0,,,9,144,1131
1491,https://openalex.org/A5074112336,0.34494292517809716,,,5.0,,1982,1998.0,,,6,19,7933
1492,https://openalex.org/A5074164388,1.7957471847425173,,,6.0,,1970,2010.0,,,6,51,559
1493,https://openalex.org/A5074198890,1.5106129888239728,,,2.6666666666666665,,2016,2025.0,,,3,19,139
1494,https://openalex.org/A5074248062,2.166054876888403,,,0.5,,2003,2004.0,,,2,2,1
1495,https://openalex.org/A5074249915,1.7956047499160033,1965.0,,2.5625,,1969,2024.0,4.0,,16,71,3033
1496,https://openalex.org/A5074257711,0.1122862784625716,1954.0,,3.6666666666666665,,1988,2025.0,34.0,,24,457,15976
1497,https://openalex.org/A5074319614,1.1128366224616126,,,7.153846153846154,,1971,2007.0,,,13,65,1964
1498,https://openalex.org/A5074325217,2.9884684904620427,,,2.9565217391304346,,1979,2025.0,,,46,651,10527
1499,https://openalex.org/A5074347935,1.5871666975371244,,,0.7,,2017,2025.0,,,10,16,67
1500,https://openalex.org/A5074428149,0.7703039045097414,,,2.0,,2012,2026.0,,,3,17,294
1501,https://openalex.org/A5074473275,1.6941980184287018,,,0.0,,2007,2026.0,,,6,8,359
1502,https://openalex.org/A5074512055,2.9041987830687144,,,0.0,,2006,2009.0,,,2,2,67
1503,https://openalex.org/A5074524669,2.0043072510908373,,,1.2307692307692308,,2004,2025.0,,,13,108,2790
1504,https://openalex.org/A5074719970,0.9392361300966959,,,2.0,,2013,2025.0,,,7,51,1130
1505,https://openalex.org/A5074722095,0.3214722827876747,,,5.0,,1975,1990.0,,,3,19,193
1506,https://openalex.org/A5074750683,0.11214774703780125,,,1.5,,1999,2019.0,,,2,14,82
1507,https://openalex.org/A5074769601,0.1122862784625716,,,0.0,,2020,2020.0,,,1,2,22
1508,https://openalex.org/A5074802129,1.9570288237928437,,,4.478260869565218,,1987,2025.0,,,46,323,8995
1509,https://openalex.org/A5074811628,4.602820788088144,,,0.0,,2001,2001.0,,,1,5,138
1510,https://openalex.org/A5074905917,2.7543318306939764,,,0.0,,2009,2025.0,,,3,4,54
1511,https://openalex.org/A5074920933,2.0202796666338214,1984.0,,1.7962962962962963,,1991,2025.0,7.0,,54,122,3434
1512,https://openalex.org/A5074937565,,,,0.0,,1989,1989.0,,,1,46,63
1513,https://openalex.org/A5075060359,3.3888469195206348,,,2.0,,1991,2014.0,,,9,29,2311
1514,https://openalex.org/A5075105926,0.3384136956784976,,,0.0,,1999,1999.0,,,2,3,91
1515,https://openalex.org/A5075123369,3.8264089056557697,1833.0,1915.0,0.0,82.0,1960,1915.0,127.0,0.0,3,4,113
1516,https://openalex.org/A5075138230,4.602820788088144,,,3.0,,2022,2025.0,,,1,4,13
1517,https://openalex.org/A5075230689,2.0168736916805616,,,2.45,,1984,2019.0,,,20,3033,171471
1518,https://openalex.org/A5075312012,0.8325911888029826,,,2.0588235294117645,,1981,2020.0,,,34,163,5561
1519,https://openalex.org/A5075327410,4.602820788088144,1949.0,,0.0,,1977,1977.0,28.0,,1,3,65
1520,https://openalex.org/A5075451046,1.2557937816933262,,,3.4,,1992,2025.0,,,5,29,752
1521,https://openalex.org/A5075557541,1.0863264448352348,,,4.666666666666667,,1998,2012.0,,,3,56,1708
1522,https://openalex.org/A5075696701,1.7676264758483862,,,4.0,,1995,2025.0,,,24,392,6456
1523,https://openalex.org/A5075711779,4.023234970257542,,,0.6,,1974,2003.0,,,5,22,864
1524,https://openalex.org/A5075776291,2.4842083020149546,,,3.0,,2014,2024.0,,,6,43,304
1525,https://openalex.org/A5075831554,1.813116595518706,,,0.8333333333333334,,1997,2020.0,,,6,17,368
1526,https://openalex.org/A5075844368,0.5435547289809303,,,5.363636363636363,,1993,2025.0,,,33,366,12533
1527,https://openalex.org/A5075886051,1.4098932558585975,,,2.1176470588235294,,1981,2024.0,,,17,71,7326
1528,https://openalex.org/A5075971044,0.1122862784625716,,,4.0,,1997,2025.0,,,5,53,1280
1529,https://openalex.org/A5075979073,4.602820788088144,,,0.0,,1987,1987.0,,,1,1,0
1530,https://openalex.org/A5075980565,5.2105908166850625,,,4.454545454545454,,2000,2025.0,,,11,95,1464
1531,https://openalex.org/A5075986062,0.7843998583489957,,,1.4,,2009,2024.0,,,5,18,828
1532,https://openalex.org/A5076024832,3.8804248353833977,,,4.0,,2017,2025.0,,,2,46,703
1533,https://openalex.org/A5076077804,1.3582374415814351,,,2.4594594594594597,,1992,2025.0,,,37,269,1948
1534,https://openalex.org/A5076102334,2.3927572379733775,,,0.6666666666666666,,2013,2014.0,,,3,3,20
1535,https://openalex.org/A5076118490,0.8521558017286445,,,1.0,,2022,2025.0,,,2,7,135
1536,https://openalex.org/A5076165491,3.452678370792141,,,6.052631578947368,,1969,2018.0,,,19,98,3065
1537,https://openalex.org/A5076187083,0.1122862784625716,,,2.0,,1971,1976.0,,,2,12,978
1538,https://openalex.org/A5076236701,2.0193551315081617,,,5.368421052631579,,1976,2023.0,,,19,268,8670
1539,https://openalex.org/A5076246471,0.31244448080296594,,,0.5,,1986,2025.0,,,2,5,29
1540,https://openalex.org/A5076251961,2.1605664507789544,,,2.8,,1991,2025.0,,,85,646,14720
1541,https://openalex.org/A5076275752,0.1122862784625716,,,0.0,,1962,1962.0,,,1,2,23
1542,https://openalex.org/A5076343372,0.9152241712635941,1958.0,,0.6666666666666666,,1988,1991.0,30.0,,3,8,766
1543,https://openalex.org/A5076396116,2.4894317911462585,,,1.8,,2011,2026.0,,,25,139,2872
1544,https://openalex.org/A5076476343,0.1122862784625716,,,0.0,,2014,2014.0,,,1,1,15
1545,https://openalex.org/A5076571607,4.466356746640454,,,0.0,,1990,1990.0,,,4,2,7
1546,https://openalex.org/A5076637598,3.580149275513179,,,2.75,,2017,2024.0,,,4,18,429
1547,https://openalex.org/A5076770402,0.7152366328246472,,,9.0,,2013,2025.0,,,2,58,342
1548,https://openalex.org/A5076810702,1.0816438245594875,,,2.5,,2007,2025.0,,,14,39,153
1549,https://openalex.org/A5076868031,3.7123070682687134,,,2.3333333333333335,,2009,2025.0,,,6,34,202
1550,https://openalex.org/A5076910530,2.512056993822414,,,5.0,,1992,2002.0,,,2,7,76
1551,https://openalex.org/A5076945748,1.7502893026840014,1939.0,,0.7142857142857143,,1993,2025.0,54.0,,14,61,646
1552,https://openalex.org/A5076962275,1.2152470135368214,,,1.1403508771929824,,1984,2025.0,,,57,109,2520
1553,https://openalex.org/A5076968811,5.947151447670089,,,0.0,,2003,2003.0,,,2,1,3
1554,https://openalex.org/A5076978694,0.5347111601543982,1934.0,2024.0,1.7142857142857142,90.0,1973,2024.0,39.0,0.0,7,51,2472
1555,https://openalex.org/A5076985097,1.040528411065441,,,3.8,,2007,2025.0,,,5,15,503
1556,https://openalex.org/A5077005676,0.9800102514764659,,,4.5625,,2010,2025.0,,,16,54,1600
1557,https://openalex.org/A5077171266,0.1122862784625716,,,0.0,,1963,1963.0,,,1,1,70
1558,https://openalex.org/A5077369190,1.6728113495831909,,,6.666666666666667,,1993,2023.0,,,12,87,6338
1559,https://openalex.org/A5077397553,2.5119934028755235,,,2.1666666666666665,,2012,2025.0,,,12,164,4756
1560,https://openalex.org/A5077399374,3.9447035235111585,,,1.4285714285714286,,2014,2025.0,,,7,24,292
1561,https://openalex.org/A5077484905,0.1122862784625716,,,8.5,,1986,2025.0,,,6,238,1238
1562,https://openalex.org/A5077531820,2.3215764197150346,,,14.333333333333334,,1980,2024.0,,,3,36,332
1563,https://openalex.org/A5077594710,4.602820788088144,,,0.0,,2006,2006.0,,,1,2,46
1564,https://openalex.org/A5077701062,1.1476350032699905,,,1.5,,2005,2007.0,,,2,12,82
1565,https://openalex.org/A5077703270,0.8965478728657353,,,3.25,,2004,2019.0,,,4,19,230
1566,https://openalex.org/A5077722336,2.315885428332597,,,2.909090909090909,,2005,2025.0,,,11,130,4185
1567,https://openalex.org/A5077741057,1.0812256724220266,,,5.866666666666666,,1995,2025.0,,,15,138,1776
1568,https://openalex.org/A5077796487,0.1122862784625716,,,0.0,,2002,2002.0,,,1,1,7
1569,https://openalex.org/A5077837500,0.1122862784625716,,,3.0,,2022,2025.0,,,1,5,2
1570,https://openalex.org/A5077877010,3.0797918027795492,,,4.666666666666667,,1966,2017.0,,,12,132,852
1571,https://openalex.org/A5077937856,2.4141766912128326,,,0.75,,2007,2014.0,,,4,12,412
1572,https://openalex.org/A5078007632,1.2876811537988835,,,4.6521739130434785,,1975,2025.0,,,46,320,44918
1573,https://openalex.org/A5078063162,0.1122862784625716,,,0.0,,2003,2003.0,,,1,1,132
1574,https://openalex.org/A5078136198,2.7977682180263206,,,2.75,,2009,2023.0,,,8,53,1912
1575,https://openalex.org/A5078167230,4.602820788088144,1867.0,1965.0,0.0,98.0,1988,1965.0,121.0,0.0,1,3,14
1576,https://openalex.org/A5078219645,2.5211744901909205,,,1.1025641025641026,,1983,2024.0,,,39,62,5996
1577,https://openalex.org/A5078346797,1.3660076034497133,1979.0,,1.2,,1992,2023.0,13.0,,10,23,1134
1578,https://openalex.org/A5078350764,1.229222213231721,,,3.6666666666666665,,2009,2022.0,,,6,17,964
1579,https://openalex.org/A5078384124,4.602820788088144,,,5.5,,1966,2003.0,,,4,94,480
1580,https://openalex.org/A5078504277,1.2378584662687437,,,0.0,,1990,1990.0,,,2,3,28
1581,https://openalex.org/A5078606404,4.602820788088144,,,0.5,,2018,2024.0,,,2,5,232
1582,https://openalex.org/A5078619170,1.5005419329561445,,,3.409090909090909,,1977,2025.0,,,44,840,33275
1583,https://openalex.org/A5078627635,0.1122862784625716,1949.0,,0.0,,2007,2024.0,58.0,,3,3,181
1584,https://openalex.org/A5078628563,1.4144015029416463,,,2.873015873015873,,1984,2025.0,,,63,675,36986
1585,https://openalex.org/A5078638924,1.4871875828906753,,,4.285714285714286,,2002,2024.0,,,7,52,1703
1586,https://openalex.org/A5078679696,4.602820788088144,,,0.0,,1995,1995.0,,,1,1,9
1587,https://openalex.org/A5078869065,1.660799148923842,,,3.238095238095238,,2004,2025.0,,,63,243,4992
1588,https://openalex.org/A5078882703,1.8250547925492326,1938.0,,4.6,,1964,1996.0,26.0,,5,56,564
1589,https://openalex.org/A5079014047,0.38822373239093083,1890.0,1958.0,0.5,68.0,2023,1958.0,133.0,0.0,2,15,120
1590,https://openalex.org/A5079171948,4.602820788088144,,,4.571428571428571,,1995,2024.0,,,7,43,1507
1591,https://openalex.org/A5079209640,0.8722958629658712,,,1.0,,2013,2022.0,,,4,16,151
1592,https://openalex.org/A5079235490,3.8821903509522,,,2.375,,2015,2025.0,,,8,63,427
1593,https://openalex.org/A5079246484,2.0351023756132673,,,3.6,,1989,2025.0,,,35,224,6385
1594,https://openalex.org/A5079331166,0.9530883123025088,1957.0,,0.8333333333333334,,1984,2024.0,27.0,,6,23,480
1595,https://openalex.org/A5079346737,0.1122862784625716,,,0.0,,1998,1998.0,,,1,1,3
1596,https://openalex.org/A5079423165,3.090490554197443,,,8.8,,1992,2025.0,,,5,66,941
1597,https://openalex.org/A5079500403,1.9487381330834765,,,3.0,,1962,2000.0,,,8,45,2275
1598,https://openalex.org/A5079541460,1.5173825197882986,,,2.6551724137931036,,1992,2024.0,,,29,273,9402
1599,https://openalex.org/A5079574564,3.8271384165858593,1937.0,2019.0,6.888888888888889,82.0,1958,2019.0,21.0,0.0,9,59,577
1600,https://openalex.org/A5079614690,1.6671467551397328,,,10.4,,1997,2025.0,,,5,25,1768
1601,https://openalex.org/A5079636857,1.0708582942278513,1969.0,,3.823529411764706,,1997,2025.0,28.0,,17,152,4744
1602,https://openalex.org/A5079664706,3.2860079871455525,,,3.736842105263158,,2005,2025.0,,,19,47,9212
1603,https://openalex.org/A5079682496,1.7202010211197591,1932.0,2021.0,11.25,89.0,1958,2021.0,26.0,0.0,12,220,8603
1604,https://openalex.org/A5079705502,5.602200394065748,,,4.111111111111111,,2002,2025.0,,,9,241,13699
1605,https://openalex.org/A5079802389,1.8151357290671706,,,0.0,,2012,2019.0,,,4,19,2354
1606,https://openalex.org/A5079816331,4.745082793622179,,,2.5714285714285716,,2004,2020.0,,,7,40,1652
1607,https://openalex.org/A5079864491,2.2973072082858876,,,3.2777777777777777,,1970,2026.0,,,18,207,8013
1608,https://openalex.org/A5079889339,2.104150044486318,,,1.5333333333333334,,2008,2025.0,,,15,62,11261
1609,https://openalex.org/A5079901409,4.7741588141840285,,,0.3333333333333333,,1972,2017.0,,,3,8,39
1610,https://openalex.org/A5079905298,2.2627316560296507,,,7.25,,1985,2014.0,,,4,14,266
1611,https://openalex.org/A5080002631,1.7331666106063737,,,3.8,,2004,2025.0,,,5,47,589
1612,https://openalex.org/A5080019310,0.4707076065156883,,,18.0,,1996,2014.0,,,1,17,97
1613,https://openalex.org/A5080118718,1.6419551931118441,,,4.121951219512195,,1979,2025.0,,,41,253,6329
1614,https://openalex.org/A5080142967,2.269203298405698,1947.0,2021.0,3.9,74.0,1974,2008.0,27.0,13.0,10,56,2779
1615,https://openalex.org/A5080264255,0.1122862784625716,,,2.3333333333333335,,2013,2020.0,,,3,18,164
1616,https://openalex.org/A5080274873,1.691448856552757,,,0.0,,2001,2004.0,,,3,2,57
1617,https://openalex.org/A5080282379,3.145292221989603,,,10.444444444444445,,1978,2025.0,,,9,106,7182
1618,https://openalex.org/A5080291631,2.6137506216898774,1963.0,,0.0,,1999,1999.0,36.0,,2,1,7
1619,https://openalex.org/A5080295885,4.602820788088144,,,0.0,,1999,1999.0,,,1,4,221
1620,https://openalex.org/A5080343438,2.5157405779811506,,,0.3333333333333333,,2021,2022.0,,,3,10,200
1621,https://openalex.org/A5080347599,2.962150413762063,,,1.6,,1981,1994.0,,,5,28,1257
1622,https://openalex.org/A5080463497,2.060821354822159,,,3.238095238095238,,1981,2021.0,,,21,185,3651
1623,https://openalex.org/A5080494605,2.715071949538332,,,14.692307692307692,,1965,2026.0,,,13,199,2632
1624,https://openalex.org/A5080504434,2.89813680812903,,,6.090909090909091,,1975,2026.0,,,11,48,3868
1625,https://openalex.org/A5080553234,1.6637477439313848,,,2.1052631578947367,,1992,2025.0,,,57,316,15443
1626,https://openalex.org/A5080555068,0.1122862784625716,,,3.0,,2022,2025.0,,,1,8,311
1627,https://openalex.org/A5080600256,0.1122862784625716,,,6.0,,2015,2021.0,,,1,7,94
1628,https://openalex.org/A5080638576,2.849742344906564,,,2.0,,1996,2025.0,,,23,221,2751
1629,https://openalex.org/A5080695008,3.1394938208248853,,,5.5,,2001,2025.0,,,10,129,3877
1630,https://openalex.org/A5080702675,4.602820788088144,,,1.0,,1998,2007.0,,,5,7,377
1631,https://openalex.org/A5080713924,2.0215771754732135,,,2.3636363636363638,,2010,2025.0,,,11,72,7984
1632,https://openalex.org/A5080755427,0.7496893362956041,,,2.0,,2017,2023.0,,,3,5,202
1633,https://openalex.org/A5081018738,0.1122862784625716,,,0.75,,2020,2024.0,,,4,12,66
1634,https://openalex.org/A5081029863,3.41810295329895,,,1.0,,2004,2015.0,,,3,7,112
1635,https://openalex.org/A5081169841,2.6137506216898774,,,5.0,,1958,1963.0,,,2,9,171
1636,https://openalex.org/A5081176577,1.6082896764980432,,,0.0,,1979,1979.0,,,10,1,6
1637,https://openalex.org/A5081307186,1.5521122925875537,,,0.4,,1980,2021.0,,,5,9,1100
1638,https://openalex.org/A5081308010,1.4194791987663449,,,1.9,,1965,2006.0,,,10,35,1687
1639,https://openalex.org/A5081309414,2.2442233567929613,,,3.0,,1985,2021.0,,,18,53,977
1640,https://openalex.org/A5081495209,4.602820788088144,1993.0,,0.0,,1994,1994.0,1.0,,1,3,0
1641,https://openalex.org/A5081502221,4.602820788088144,,,2.3333333333333335,,2008,2025.0,,,12,32,707
1642,https://openalex.org/A5081544465,0.8725353439584254,,,0.0,,2016,2016.0,,,1,1,0
1643,https://openalex.org/A5081572371,2.7722623139548537,,,11.0,,1970,2000.0,,,7,33,851
1644,https://openalex.org/A5081942805,0.1122862784625716,,,1.5,,2021,2025.0,,,2,16,118
1645,https://openalex.org/A5082049451,0.3048780485456888,1947.0,,6.815789473684211,,1971,2025.0,24.0,,38,772,7102
1646,https://openalex.org/A5082084895,1.1935815043780629,,,0.8333333333333334,,2011,2025.0,,,12,39,4047
1647,https://openalex.org/A5082085280,2.383844148707087,,,8.0,,1977,2014.0,,,4,10,3223
1648,https://openalex.org/A5082121413,3.273999112208393,,,5.142857142857143,,1992,2019.0,,,7,59,2959
1649,https://openalex.org/A5082143836,0.1122862784625716,,,0.0,,1988,1988.0,,,1,1,60
1650,https://openalex.org/A5082251174,2.5119934028755235,,,1.0,,2023,2025.0,,,3,14,53
1651,https://openalex.org/A5082391932,1.332056510607649,1940.0,,5.458333333333333,,1960,2017.0,20.0,,24,255,36280
1652,https://openalex.org/A5082396075,4.602820788088144,,,2.6666666666666665,,2019,2025.0,,,3,42,490
1653,https://openalex.org/A5082406589,0.1122862784625716,,,3.0,,1995,1998.0,,,1,4,158
1654,https://openalex.org/A5082413014,0.6339928764250466,,,0.0,,1977,1981.0,,,2,13,605
1655,https://openalex.org/A5082560920,0.1122862784625716,,,0.5,,1980,2001.0,,,6,19,855
1656,https://openalex.org/A5082588835,0.7523852014081159,,,5.5,,2011,2021.0,,,2,5,482
1657,https://openalex.org/A5082631852,1.7993375812146402,,,1.6363636363636365,,1999,2021.0,,,11,18,1604
1658,https://openalex.org/A5082665353,2.4144349899676305,,,2.411764705882353,,2000,2025.0,,,17,157,7537
1659,https://openalex.org/A5082696014,2.4873093401086934,,,1.8333333333333333,,1984,2025.0,,,12,25,308
1660,https://openalex.org/A5082736897,1.594609223929502,1968.0,,3.5172413793103448,,1989,2025.0,21.0,,29,491,8193
1661,https://openalex.org/A5082741754,1.2520593769880393,,,1.52,,2000,2025.0,,,25,90,4357
1662,https://openalex.org/A5082752199,0.39541968153939583,,,1.625,,1983,2025.0,,,56,138,2411
1663,https://openalex.org/A5082772760,0.9624682249037291,,,1.5714285714285714,,2010,2025.0,,,7,35,83
1664,https://openalex.org/A5082857915,4.602820788088144,,,0.0,,2001,2001.0,,,2,1,18
1665,https://openalex.org/A5082868104,1.2689118666282226,,,3.7142857142857144,,2006,2025.0,,,7,83,2569
1666,https://openalex.org/A5082890386,3.301861400237895,,,7.833333333333333,,1976,2024.0,,,6,102,3172
1667,https://openalex.org/A5082940842,3.4539892754992096,,,1.625,,1928,2023.0,,,8,43,579
1668,https://openalex.org/A5082968092,1.4612615110430176,,,2.5833333333333335,,1982,2005.0,,,12,39,2506
1669,https://openalex.org/A5082973969,2.7784903259961533,,,1.0,,2017,2025.0,,,5,8,261
1670,https://openalex.org/A5082997975,1.6483319679480646,,,1.9285714285714286,,2000,2025.0,,,28,755,22131
1671,https://openalex.org/A5083027075,0.8725353439584254,,,0.0,,2007,2007.0,,,1,1,172
1672,https://openalex.org/A5083043200,2.144963305804717,,,3.375,,2011,2025.0,,,8,27,971
1673,https://openalex.org/A5083071334,2.196651459905881,,,3.75,,1981,2006.0,,,8,56,3311
1674,https://openalex.org/A5083113759,0.5238344658959808,,,2.0,,2014,2024.0,,,8,28,1092
1675,https://openalex.org/A5083115947,2.5119934028755235,,,7.5,,2008,2025.0,,,4,40,1414
1676,https://openalex.org/A5083141915,1.1300169187762004,,,2.4615384615384617,,1901,2025.0,,,13,93,2475
1677,https://openalex.org/A5083229918,0.1122862784625716,,,2.4285714285714284,,2013,2025.0,,,7,26,1196
1678,https://openalex.org/A5083240887,2.7822536378905944,,,1.4444444444444444,,1969,1978.0,,,9,33,12
1679,https://openalex.org/A5083264431,3.3308419279726724,,,2.6666666666666665,,2009,2024.0,,,6,19,240
1680,https://openalex.org/A5083385979,1.3494475925985636,,,1.0,,1996,2005.0,,,4,6,717
1681,https://openalex.org/A5083570443,2.0075474923143153,1988.0,,2.088235294117647,,2008,2025.0,20.0,,34,95,2991
1682,https://openalex.org/A5083609319,0.7594257176124675,,,0.0,,1994,2002.0,,,2,5,87
1683,https://openalex.org/A5083610958,1.0788434515202705,,,2.7142857142857144,,2010,2025.0,,,7,31,255
1684,https://openalex.org/A5083629028,0.1122862784625716,1939.0,,0.0,,1973,1973.0,34.0,,1,9,68
1685,https://openalex.org/A5083683183,2.6933873128184356,1961.0,2019.0,3.238095238095238,58.0,1988,2019.0,27.0,0.0,21,336,37734
1686,https://openalex.org/A5083754719,4.602820788088144,,1945.0,0.0,,2012,1945.0,,0.0,1,2,58
1687,https://openalex.org/A5083977027,0.1122862784625716,,,0.0,,2007,2007.0,,,1,1,133
1688,https://openalex.org/A5084113894,4.602820788088144,,,4.0,,2014,2018.0,,,1,7,160
1689,https://openalex.org/A5084267949,0.1122862784625716,,,0.0,,2008,2008.0,,,1,1,174
1690,https://openalex.org/A5084345530,4.602820788088144,,,0.0,,1994,1999.0,,,2,20,169
1691,https://openalex.org/A5084369957,0.7211085348159938,1889.0,1943.0,2.75,54.0,2007,1943.0,118.0,0.0,4,18,262
1692,https://openalex.org/A5084377392,4.690394714791445,1952.0,,0.0,,1989,1989.0,37.0,,2,2,13
1693,https://openalex.org/A5084396304,2.2409322327015464,,,0.0,,2002,2002.0,,,2,1,36
1694,https://openalex.org/A5084419227,1.7976822214159105,,,3.4444444444444446,,2005,2025.0,,,9,166,2442
1695,https://openalex.org/A5084440619,2.6635500102169405,1955.0,,4.176470588235294,,1991,2025.0,36.0,,34,273,8207
1696,https://openalex.org/A5084517379,1.6199007178724527,,,0.8571428571428571,,2018,2026.0,,,7,16,81
1697,https://openalex.org/A5084524445,3.1743217220840525,1956.0,,5.666666666666667,,1996,2014.0,40.0,,3,68,234
1698,https://openalex.org/A5084557792,2.1135220497431364,,,4.714285714285714,,1994,2025.0,,,7,229,3480
1699,https://openalex.org/A5084619380,2.0284341100931775,,,4.085714285714285,,1974,2026.0,,,35,157,12645
1700,https://openalex.org/A5084635951,2.7160894413162358,,,3.7857142857142856,,1978,2025.0,,,56,454,8763
1701,https://openalex.org/A5084644534,2.512056993822414,,,0.0,,1992,1992.0,,,2,1,116
1702,https://openalex.org/A5084680468,6.257321933583432,1873.0,1968.0,2.9,95.0,1933,1968.0,60.0,0.0,10,83,387
1703,https://openalex.org/A5084789056,2.6137506216898774,1963.0,,26.0,,1974,2015.0,11.0,,2,7,33
1704,https://openalex.org/A5084816650,4.526570266347477,,,0.0,,1990,2008.0,,,2,3,70
1705,https://openalex.org/A5084826030,3.12201555571647,1899.0,1961.0,2.0,62.0,2000,1961.0,101.0,0.0,5,30,1510
1706,https://openalex.org/A5084874033,0.1122862784625716,,,1.0,,2019,2024.0,,,2,8,272
1707,https://openalex.org/A5084876732,4.020432677132178,,,2.3333333333333335,,1989,2014.0,,,6,10,260
1708,https://openalex.org/A5085019461,0.1122862784625716,,,0.0,,2005,2005.0,,,1,1,54
1709,https://openalex.org/A5085096427,4.602820788088144,,,2.0,,1961,1988.0,,,2,3,19
1710,https://openalex.org/A5085117895,1.1476350032699905,1980.0,,5.0,,1988,2025.0,8.0,,6,77,2550
1711,https://openalex.org/A5085129811,3.4869968509256424,1949.0,2007.0,7.4,58.0,1988,2007.0,39.0,0.0,15,234,9627
1712,https://openalex.org/A5085368888,2.9408068345827925,,,1.0,,2018,2023.0,,,6,19,224
1713,https://openalex.org/A5085476501,2.6067956064656004,,,4.428571428571429,,1983,2023.0,,,21,199,6456
1714,https://openalex.org/A5085526843,0.791654058167922,,,1.8,,2015,2025.0,,,15,38,600
1715,https://openalex.org/A5085531355,1.8150933351025769,,,0.0,,1993,2009.0,,,4,3,14
1716,https://openalex.org/A5085551953,0.634131407849817,,,0.0,,1959,1959.0,,,2,2,4
1717,https://openalex.org/A5085760477,4.602820788088144,,,5.0,,2020,2025.0,,,1,8,47
1718,https://openalex.org/A5085763290,1.2879219056872255,,,13.285714285714286,,1963,2015.0,,,7,118,1345
1719,https://openalex.org/A5085780750,1.957312586613736,,,1.0,,2015,2025.0,,,9,21,320
1720,https://openalex.org/A5085795207,0.11214774703780125,,,3.5,,2003,2007.0,,,2,15,1169
1721,https://openalex.org/A5085875361,1.3064476923169825,,,4.019607843137255,,1986,2026.0,,,102,788,37232
1722,https://openalex.org/A5085921452,2.060568486454689,1950.0,2022.0,12.5,72.0,1972,2020.0,22.0,2.0,6,151,5158
1723,https://openalex.org/A5085925993,3.259922061319618,,,0.0,,2008,2009.0,,,2,2,89
1724,https://openalex.org/A5085969046,1.0261060626106535,,,1.8333333333333333,,2016,2025.0,,,6,17,195
1725,https://openalex.org/A5085983731,1.849402675252788,,,3.176470588235294,,1994,2025.0,,,17,64,2596
1726,https://openalex.org/A5086025703,2.3166624152691466,,,2.875,,2003,2026.0,,,8,50,1548
1727,https://openalex.org/A5086031462,5.324403529314666,,,3.3076923076923075,,1988,2025.0,,,13,66,1478
1728,https://openalex.org/A5086106796,0.8725353439584254,,,0.0,,2013,2015.0,,,2,4,66
1729,https://openalex.org/A5086106829,3.4026076632009747,,,2.25,,1985,1992.0,,,4,11,715
1730,https://openalex.org/A5086122167,1.5041843566355588,,,3.9411764705882355,,1965,2015.0,,,17,113,2290
1731,https://openalex.org/A5086247200,0.5411814619360862,,,1.0,,2018,2022.0,,,2,6,410
1732,https://openalex.org/A5086256661,1.1997538602336233,,,11.6,,2003,2018.0,,,5,25,111
1733,https://openalex.org/A5086288779,4.602820788088144,,,0.0,,1976,1976.0,,,1,1,1
1734,https://openalex.org/A5086304203,2.311566767389951,,,1.625,,2017,2024.0,,,8,27,102
1735,https://openalex.org/A5086342374,1.1082361236677267,,,2.875,,2012,2025.0,,,8,32,2067
1736,https://openalex.org/A5086525008,2.0166161164910212,,,3.8297872340425534,,1976,2025.0,,,47,594,15664
1737,https://openalex.org/A5086540870,1.962800769828125,,,1.8888888888888888,,2002,2025.0,,,18,142,4628
1738,https://openalex.org/A5086635063,1.5147905066489884,,,2.3333333333333335,,2015,2024.0,,,6,22,310
1739,https://openalex.org/A5086721718,2.360047330392985,,,4.666666666666667,,2009,2022.0,,,3,10,409
1740,https://openalex.org/A5086906689,0.46018303138740185,,,1.5,,2020,2025.0,,,4,30,241
1741,https://openalex.org/A5086954515,1.6214913541356533,1917.0,1984.0,6.363636363636363,67.0,1951,1984.0,34.0,0.0,11,237,8460
1742,https://openalex.org/A5086959491,1.2901098362763113,,,4.7,,1991,2024.0,,,10,113,2762
1743,https://openalex.org/A5087197099,3.2589902865530282,,,3.9047619047619047,,1987,2025.0,,,21,267,6683
1744,https://openalex.org/A5087235686,1.8958299453244454,,,9.571428571428571,,1994,2025.0,,,7,112,5653
1745,https://openalex.org/A5087265162,1.6708684554146134,,,0.7083333333333334,,2014,2026.0,,,24,76,1395
1746,https://openalex.org/A5087294413,2.2290249600396392,,,1.2777777777777777,,1999,2025.0,,,18,76,3759
1747,https://openalex.org/A5087339910,2.6137506216898774,,,0.0,,2001,2001.0,,,2,1,7
1748,https://openalex.org/A5087346010,0.8725353439584254,,,1.0,,1996,1997.0,,,1,7,93
1749,https://openalex.org/A5087378715,2.02453316461214,,,3.4,,1977,2024.0,,,10,132,1591
1750,https://openalex.org/A5087391357,0.1122862784625716,,,3.6666666666666665,,2001,2025.0,,,6,29,279
1751,https://openalex.org/A5087454198,0.9958111558907966,,,3.0,,1979,2025.0,,,35,190,3283
1752,https://openalex.org/A5087477711,1.677226580150234,,,1.25,,1997,2024.0,,,8,15,805
1753,https://openalex.org/A5087656467,2.0450370680160974,,,4.088235294117647,,1979,2025.0,,,34,225,15923
1754,https://openalex.org/A5087677610,2.0510143167510537,,,8.333333333333334,,1997,2025.0,,,6,150,7068
1755,https://openalex.org/A5087678931,1.9316650947407221,,,4.173076923076923,,1982,2026.0,,,52,356,14301
1756,https://openalex.org/A5087861719,2.737678066023285,2004.0,,0.0,,2012,2015.0,8.0,,2,2,261
1757,https://openalex.org/A5088008875,1.800381136579282,,,2.2222222222222223,,1868,2023.0,,,9,10,98
1758,https://openalex.org/A5088036495,0.6170284984602455,,,4.8,,2015,2025.0,,,5,40,343
1759,https://openalex.org/A5088082179,2.45862013891464,,,2.0,,1982,1988.0,,,3,11,65
1760,https://openalex.org/A5088092315,2.963602703719789,,,3.4,,2003,2025.0,,,10,35,138
1761,https://openalex.org/A5088092534,0.8725353439584254,,2014.0,0.0,,1983,1983.0,,31.0,1,2,69
1762,https://openalex.org/A5088102922,1.626948036920183,1831.0,1903.0,0.7777777777777778,72.0,1967,1903.0,136.0,0.0,9,25,188
1763,https://openalex.org/A5088104477,2.4665572170851826,,,10.0,,2006,2021.0,,,2,18,94
1764,https://openalex.org/A5088133373,2.813647633893772,1915.0,1985.0,0.0,70.0,1964,1978.0,49.0,7.0,3,4,138
1765,https://openalex.org/A5088347977,1.1470308684072807,,,7.25,,1968,1991.0,,,4,32,637
1766,https://openalex.org/A5088351909,1.2738208315377157,,,0.3333333333333333,,2019,2020.0,,,3,3,7
1767,https://openalex.org/A5088367509,0.1122862784625716,,,0.0,,1969,1969.0,,,1,1,0
1768,https://openalex.org/A5088440251,2.07829102494508,1850.0,1912.0,0.0,62.0,1975,1912.0,125.0,0.0,7,11,243
1769,https://openalex.org/A5088452202,2.781337332995295,,,2.0,,1935,2023.0,,,22,64,1667
1770,https://openalex.org/A5088563469,2.7822536378905944,,,1.3061224489795917,,1995,2025.0,,,49,254,18655
1771,https://openalex.org/A5088647694,4.024030002106697,,,2.2857142857142856,,1986,2026.0,,,21,152,1616
1772,https://openalex.org/A5088660720,1.9788544298688016,,,0.36363636363636365,,2013,2025.0,,,11,22,78
1773,https://openalex.org/A5088728758,0.1122862784625716,,,2.3333333333333335,,1977,2004.0,,,3,17,627
1774,https://openalex.org/A5088742250,1.6091311150044294,,,1.0,,2016,2022.0,,,3,52,886
1775,https://openalex.org/A5089103796,2.7038830882982836,,,4.666666666666667,,2002,2024.0,,,9,66,868
1776,https://openalex.org/A5089149619,4.602673515339273,,,0.5,,2016,2017.0,,,2,5,85
1777,https://openalex.org/A5089177147,0.864317669772949,,,1.6666666666666667,,2019,2025.0,,,3,20,191
1778,https://openalex.org/A5089189867,2.605783788708427,1991.0,,3.4166666666666665,,1980,2024.0,-11.0,,12,42,1292
1779,https://openalex.org/A5089252410,2.9553636650007955,,,6.0,,1990,2013.0,,,4,12,416
1780,https://openalex.org/A5089264411,2.9196335956545334,1864.0,1941.0,2.2,77.0,2003,1941.0,139.0,0.0,15,70,2256
1781,https://openalex.org/A5089289889,0.2707364380365444,,,1.0,,2007,2009.0,,,4,4,495
1782,https://openalex.org/A5089292563,2.5948805851734664,,,3.375,,1997,2025.0,,,8,46,4504
1783,https://openalex.org/A5089331217,2.3927572379733775,1923.0,2008.0,8.0,85.0,1975,2008.0,52.0,0.0,4,9,379
1784,https://openalex.org/A5089395013,1.157014694045446,,,3.6296296296296298,,2005,2025.0,,,27,249,45898
1785,https://openalex.org/A5089414896,4.602820788088144,,,6.5,,2004,2017.0,,,2,2,83
1786,https://openalex.org/A5089422462,1.8103177289141843,,,3.0,,1981,2025.0,,,27,218,9049
1787,https://openalex.org/A5089450812,2.932280800054288,,,1.878787878787879,,2009,2025.0,,,33,94,1398
1788,https://openalex.org/A5089453443,2.6690722155336344,,,16.0,,1968,2000.0,,,2,13,250
1789,https://openalex.org/A5089473455,1.2603943539189408,,,2.5,,1992,2005.0,,,12,38,5112
1790,https://openalex.org/A5089488645,0.7697807229989664,,,15.0,,1982,2020.0,,,2,65,2867
1791,https://openalex.org/A5089501173,2.632895314036356,,,2.0,,2003,2009.0,,,3,6,84
1792,https://openalex.org/A5089517041,0.1122862784625716,1844.0,1933.0,0.0,89.0,1988,1933.0,144.0,0.0,2,3,72
1793,https://openalex.org/A5089573921,4.602820788088144,,,0.0,,1980,1980.0,,,1,1,19
1794,https://openalex.org/A5089742250,0.1122862784625716,,,0.0,,2021,2025.0,,,2,10,30
1795,https://openalex.org/A5089764627,0.1122862784625716,,,0.0,,2010,2010.0,,,1,2,115
1796,https://openalex.org/A5089791746,1.6601219550480746,1956.0,,2.5,,1985,2025.0,29.0,,68,714,29957
1797,https://openalex.org/A5089805097,2.0580642830750597,,,4.4,,1995,2018.0,,,5,18,2070
1798,https://openalex.org/A5089806443,4.508187633002931,,,0.8,,2015,2025.0,,,5,22,1365
1799,https://openalex.org/A5089863276,1.8729756211564057,1963.0,,2.08,,1996,2025.0,33.0,,25,73,1575
1800,https://openalex.org/A5089880857,0.8870855095255147,1991.0,,5.642857142857143,,1973,2026.0,-18.0,,14,113,3187
1801,https://openalex.org/A5089969365,4.602820788088144,,,3.2,,2005,2025.0,,,5,78,175
1802,https://openalex.org/A5089981814,4.602820788088144,1981.0,,1.5,,2007,2025.0,26.0,,4,25,193
1803,https://openalex.org/A5090012100,5.251061460713345,,,4.75,,2001,2023.0,,,4,34,961
1804,https://openalex.org/A5090042741,4.602673515339273,,,0.0,,2021,2021.0,,,2,1,57
1805,https://openalex.org/A5090046144,1.0248273090910618,,,0.6,,2003,2006.0,,,5,5,766
1806,https://openalex.org/A5090164352,4.663910190899782,,,0.2,,1997,2025.0,,,5,8,209
1807,https://openalex.org/A5090174042,3.1452174206201504,,,1.3333333333333333,,2012,2025.0,,,9,72,648
1808,https://openalex.org/A5090211537,1.2788920227963447,,,0.875,,2009,2025.0,,,8,45,2658
1809,https://openalex.org/A5090395619,1.4819113491802884,,,5.428571428571429,,2003,2024.0,,,7,35,619
1810,https://openalex.org/A5090423647,2.009324353989522,,,2.8,,1975,2023.0,,,10,62,1274
1811,https://openalex.org/A5090496236,0.1122862784625716,,,1.0,,2018,2019.0,,,1,16,139
1812,https://openalex.org/A5090505966,0.1122862784625716,,,1.0,,2022,2023.0,,,1,2,61
1813,https://openalex.org/A5090524374,0.1122862784625716,,,0.0,,2004,2004.0,,,1,2,20
1814,https://openalex.org/A5090679438,6.085971911535853,,,1.0,,1982,2025.0,,,9,40,453
1815,https://openalex.org/A5090731225,1.1210812048707346,,,2.6666666666666665,,1999,2020.0,,,21,138,2038
1816,https://openalex.org/A5090769961,1.6329015125912638,,,2.0,,2018,2025.0,,,7,13,532
1817,https://openalex.org/A5090778664,0.3415470719064564,,,0.0,,1997,2015.0,,,2,4,40
1818,https://openalex.org/A5090827566,1.005166190158266,,,3.2777777777777777,,1998,2025.0,,,18,314,12478
1819,https://openalex.org/A5090895067,4.602820788088144,,,2.0,,1991,1993.0,,,1,2,109
1820,https://openalex.org/A5090899730,1.356352790670977,,,1.0,,1991,2018.0,,,4,17,170
1821,https://openalex.org/A5090961472,3.916831643457704,,,0.5,,1993,1996.0,,,2,5,190
1822,https://openalex.org/A5090981936,0.1122862784625716,,,2.2222222222222223,,1990,2025.0,,,9,38,626
1823,https://openalex.org/A5090995903,1.6691556611974958,,,0.8333333333333334,,2012,2015.0,,,6,12,236
1824,https://openalex.org/A5091018942,1.8805821192942531,,,0.8333333333333334,,2019,2025.0,,,6,19,87
1825,https://openalex.org/A5091025064,1.3000534029281763,,,1.0,,2010,2025.0,,,4,35,811
1826,https://openalex.org/A5091128797,3.7235674560476193,,,1.4285714285714286,,2006,2024.0,,,7,24,826
1827,https://openalex.org/A5091132307,2.2068433408010124,,,2.823529411764706,,1980,2025.0,,,17,288,3880
1828,https://openalex.org/A5091145044,1.1668866274588279,,,2.6666666666666665,,1987,2010.0,,,6,22,396
1829,https://openalex.org/A5091208710,0.6887141761018327,,,4.111111111111111,,2014,2025.0,,,9,59,2669
1830,https://openalex.org/A5091308694,2.9931842317397197,,,2.4444444444444446,,1963,1974.0,,,9,20,105
1831,https://openalex.org/A5091412716,1.468516109300964,,,0.0,,2014,2014.0,,,2,1,4
1832,https://openalex.org/A5091652788,2.92843344519643,,,0.25,,2019,2021.0,,,4,5,138
1833,https://openalex.org/A5091746173,1.3639847677503265,,,2.7735849056603774,,1987,2025.0,,,53,474,17646
1834,https://openalex.org/A5091817593,0.1122862784625716,1956.0,,0.0,,1988,1988.0,32.0,,1,1,0
1835,https://openalex.org/A5091848020,0.853743035280582,,,3.3333333333333335,,2001,2024.0,,,9,56,2193
1836,https://openalex.org/A5091946911,0.1122862784625716,,,1.0,,2023,2024.0,,,1,3,9
1837,https://openalex.org/A5092687189,2.5119934028755235,,,0.0,,2025,2025.0,,,3,2,2
1838,https://openalex.org/A5092741791,0.6123111527808773,1920.0,1955.0,0.0,35.0,1960,1955.0,40.0,0.0,4,2,1
1839,https://openalex.org/A5092808327,0.9705536245986233,,,0.3333333333333333,,2022,2023.0,,,3,7,19
1840,https://openalex.org/A5093024132,2.5119934028755235,,,1.2,,2023,2025.0,,,5,21,21
1841,https://openalex.org/A5093044711,1.412915017010434,,,0.0,,2023,2024.0,,,3,3,14
1842,https://openalex.org/A5093103821,4.602820788088144,,,2.0,,2023,2025.0,,,1,2,24
1843,https://openalex.org/A5093417932,2.660229862429987,,,1.0,,2023,2025.0,,,2,3,4
1844,https://openalex.org/A5094304841,2.072126341650719,,,5.826530612244898,,1828,2024.0,,,196,505,45
1845,https://openalex.org/A5094532662,2.0208671555437343,,,0.0,,1989,1989.0,,,25,4,0
1846,https://openalex.org/A5094731341,2.1120431385912957,,,0.0,,1981,1981.0,,,6,2,1
1847,https://openalex.org/A5094790502,0.1122862784625716,,,0.0,,1980,1980.0,,,1,1,0
1848,https://openalex.org/A5095505412,3.3624423143036717,,,0.0,,1956,1956.0,,,2,1,0
1849,https://openalex.org/A5095599028,1.9271665320454596,1829.0,1927.0,0.0,98.0,1955,1927.0,126.0,0.0,6,1,0
1850,https://openalex.org/A5095685096,0.6990550395358004,,,0.0,,2013,2013.0,,,3,1,0
1851,https://openalex.org/A5096867464,0.1122862784625716,,,0.0,,1994,1994.0,,,1,1,30
1852,https://openalex.org/A5097091645,0.5351692634178195,,,0.0,,1967,1967.0,,,5,1,39
1853,https://openalex.org/A5097190922,,1979.0,,0.0,,2006,2006.0,27.0,,2,1,168
1854,https://openalex.org/A5097424537,0.910584665178342,,,0.5,,2024,2025.0,,,4,6,217
1855,https://openalex.org/A5097456775,0.8521558017286445,,,0.0,,1993,1993.0,,,2,1,0
1856,https://openalex.org/A5097532546,4.602820788088144,,,0.0,,1994,1994.0,,,1,1,0
1857,https://openalex.org/A5098024666,0.1122862784625716,,,0.0,,2004,2004.0,,,1,1,3
1858,https://openalex.org/A5098056850,1.039308407007634,,,0.0,,2010,2010.0,,,2,2,11
1859,https://openalex.org/A5098176357,4.602820788088144,,,0.0,,1988,1988.0,,,1,1,51
1860,https://openalex.org/A5098913213,0.5138174592478079,,,0.5,,2024,2025.0,,,2,4,6
1861,https://openalex.org/A5099314768,1.4180072199825808,,,0.0,,1992,1992.0,,,14,2,1
1862,https://openalex.org/A5100300793,0.8725353439584254,1905.0,1994.0,0.5,89.0,2004,1994.0,99.0,0.0,12,55,115
1863,https://openalex.org/A5100317652,3.5947649529524797,,,1.5576923076923077,,2003,2025.0,,,52,136,2651
1864,https://openalex.org/A5100318646,3.7356793815556437,,,2.1724137931034484,,1998,2025.0,,,29,89,937
1865,https://openalex.org/A5100320858,1.5461172754523282,,,1.8571428571428572,,2001,2025.0,,,77,207,8874
1866,https://openalex.org/A5100322915,2.5814426160596096,,,1.2521008403361344,,1994,2025.0,,,119,282,4903
1867,https://openalex.org/A5100325058,2.1722897388301936,1949.0,,2.4166666666666665,,1984,2025.0,35.0,,252,1804,93347
1868,https://openalex.org/A5100326915,1.238102356492529,,,3.0,,1993,2025.0,,,46,873,10198
1869,https://openalex.org/A5100336904,2.4386775787520842,,,1.7857142857142858,,1997,2025.0,,,70,92,1931
1870,https://openalex.org/A5100340898,1.3751996102261097,,,0.5405405405405406,,1998,2023.0,,,37,32,676
1871,https://openalex.org/A5100352749,1.8520730690605685,,,2.810126582278481,,1990,2026.0,,,395,1260,62863
1872,https://openalex.org/A5100366131,3.2111182377631207,1926.0,2020.0,1.0909090909090908,94.0,2007,2020.0,81.0,0.0,11,63,735
1873,https://openalex.org/A5100374558,1.092012231578764,,,0.3333333333333333,,2009,2025.0,,,15,30,105
1874,https://openalex.org/A5100376759,1.5980233758765567,,,3.151898734177215,,1975,2026.0,,,79,588,46387
1875,https://openalex.org/A5100380419,1.5412896952352155,2000.0,,2.5416666666666665,,1994,2025.0,-6.0,,480,1124,27352
1876,https://openalex.org/A5100382554,3.4138095175326533,,,2.2758620689655173,,1994,2025.0,,,87,253,5217
1877,https://openalex.org/A5100392089,2.3854254469782807,1973.0,,2.8123393316195373,,1995,2025.0,22.0,,389,1393,37731
1878,https://openalex.org/A5100393999,3.491010778838643,,,1.1428571428571428,,1995,2026.0,,,70,233,2882
1879,https://openalex.org/A5100395568,3.9533155095355723,,,1.5263157894736843,,2000,2025.0,,,19,43,1223
1880,https://openalex.org/A5100401968,2.5943324679459137,,,1.72,,2004,2025.0,,,25,149,2810
1881,https://openalex.org/A5100402208,0.715472393375367,1983.0,,0.8461538461538461,,1997,2025.0,14.0,,13,49,140
1882,https://openalex.org/A5100402317,1.2724274793004606,,,1.9523809523809523,,1996,2025.0,,,189,550,11637
1883,https://openalex.org/A5100405955,1.374140021789888,,,1.6296296296296295,,1998,2025.0,,,27,78,1663
1884,https://openalex.org/A5100406016,2.776176141375181,,,2.111607142857143,,1998,2025.0,,,224,987,45118
1885,https://openalex.org/A5100418831,3.5828618777643393,,,2.721461187214612,,1991,2025.0,,,219,654,8616
1886,https://openalex.org/A5100419974,0.1122862784625716,1920.0,1990.0,1.2857142857142858,70.0,2012,1990.0,92.0,0.0,7,14,123
1887,https://openalex.org/A5100422249,2.7416989462897723,2000.0,,1.3333333333333333,,2009,2025.0,9.0,,30,94,1538
1888,https://openalex.org/A5100428500,1.9888415429217698,,,1.0454545454545454,,2004,2025.0,,,88,193,1985
1889,https://openalex.org/A5100437902,2.007418279613573,,,2.6912751677852347,,2000,2025.0,,,149,644,10204
1890,https://openalex.org/A5100443879,1.8050271223032786,2000.0,,2.3059490084985836,,1994,2025.0,-6.0,,353,967,16659
1891,https://openalex.org/A5100446916,1.8656458761464854,,,0.6458333333333334,,2003,2025.0,,,48,84,411
1892,https://openalex.org/A5100448951,2.3668078819345717,,,2.3990384615384617,,1992,2025.0,,,208,480,15040
1893,https://openalex.org/A5100451667,3.1353189814177993,1958.0,,1.2926829268292683,,2008,2025.0,50.0,,41,103,1339
1894,https://openalex.org/A5100452198,2.3609592221175584,,,3.9491525423728815,,2000,2025.0,,,59,253,11625
1895,https://openalex.org/A5100456388,0.7961902162828731,,,1.3604651162790697,,2004,2025.0,,,86,100,2686
1896,https://openalex.org/A5100456929,2.380626777814621,,,2.217391304347826,,1985,2025.0,,,184,676,11265
1897,https://openalex.org/A5100523913,2.4742546831997103,,,3.0,,2000,2025.0,,,6,107,12341
1898,https://openalex.org/A5100528350,4.602820788088144,,,1.6470588235294117,,2000,2025.0,,,17,54,512
1899,https://openalex.org/A5100530002,2.556094592780278,,,3.4166666666666665,,2000,2025.0,,,12,106,1765
1900,https://openalex.org/A5100561048,0.8725353439584254,,,0.0,,2021,2021.0,,,1,1,0
1901,https://openalex.org/A5100570631,1.8568609824916766,,,0.25,,2023,2026.0,,,4,7,61
1902,https://openalex.org/A5100604982,2.082867042277876,,,1.8,,1995,2025.0,,,10,38,1547
1903,https://openalex.org/A5100610352,0.8725353439584254,1989.0,,1.1176470588235294,,2011,2026.0,22.0,,17,48,289
1904,https://openalex.org/A5100614762,2.365343835225765,,,1.3142857142857143,,2001,2025.0,,,70,174,5108
1905,https://openalex.org/A5100635536,2.1243399974246557,2000.0,,3.2238805970149254,,1992,2025.0,-8.0,,67,615,27371
1906,https://openalex.org/A5100640260,2.159638510805615,,,3.038095238095238,,1995,2025.0,,,105,525,14810
1907,https://openalex.org/A5100665672,1.4307119764235559,,,1.263157894736842,,2003,2025.0,,,57,131,1814
1908,https://openalex.org/A5100670142,3.768336292655972,,,0.9230769230769231,,2002,2025.0,,,26,105,2961
1909,https://openalex.org/A5100675929,2.6008394116166973,1989.0,,2.066666666666667,,1996,2026.0,7.0,,45,175,2519
1910,https://openalex.org/A5100679058,4.131974981296662,,,1.1428571428571428,,2017,2025.0,,,7,32,1971
1911,https://openalex.org/A5100687908,0.1122862784625716,1969.0,,1.5,,2015,2025.0,46.0,,8,39,1260
1912,https://openalex.org/A5100707245,0.9411735467833388,1985.0,,0.9444444444444444,,1977,2025.0,-8.0,,36,97,445
1913,https://openalex.org/A5100707460,1.8895724768281772,,,1.858267716535433,,2011,2026.0,,,127,614,6092
1914,https://openalex.org/A5100715543,0.5974089918673788,,,0.6428571428571429,,2004,2025.0,,,14,19,538
1915,https://openalex.org/A5100724796,1.6509185424600794,,,1.9722222222222223,,1997,2025.0,,,36,407,1854
1916,https://openalex.org/A5100730678,2.757522542106374,,,2.4361702127659575,,1987,2025.0,,,94,291,6627
1917,https://openalex.org/A5100731270,3.54759458624312,,,3.8421052631578947,,1997,2025.0,,,19,104,1393
1918,https://openalex.org/A5100733864,2.0625510365291206,,,2.543859649122807,,1997,2025.0,,,57,179,3820
1919,https://openalex.org/A5100753001,0.1122862784625716,,,0.9130434782608695,,2011,2025.0,,,23,46,2571
1920,https://openalex.org/A5100763599,2.1964558740908555,1994.0,,0.8387096774193549,,2009,2025.0,15.0,,31,68,1187
1921,https://openalex.org/A5100765475,3.7575731792702816,,,4.5,,1973,2025.0,,,10,24,58
1922,https://openalex.org/A5100766761,1.3363236973531376,1983.0,,1.816793893129771,,2003,2025.0,20.0,,131,371,30697
1923,https://openalex.org/A5100770218,1.7808515171206551,1880.0,1942.0,2.1538461538461537,62.0,1987,1942.0,107.0,0.0,195,376,6186
1924,https://openalex.org/A5100782724,1.8212639348299524,,,2.4130434782608696,,1990,2026.0,,,46,264,7998
1925,https://openalex.org/A5100915096,0.1122862784625716,,,0.0,,2013,2013.0,,,1,2,42
1926,https://openalex.org/A5100992319,4.602820788088144,,,0.0,,1987,2017.0,,,2,3,81
1927,https://openalex.org/A5101054627,0.1122862784625716,,,5.2,,2002,2022.0,,,5,26,1557
1928,https://openalex.org/A5101362163,4.602820788088144,,,0.6086956521739131,,2016,2025.0,,,23,63,1287
1929,https://openalex.org/A5101379788,2.571886417358772,,,0.5,,2023,2024.0,,,2,2,32
1930,https://openalex.org/A5101455606,1.07697765864253,1955.0,,0.875,,2006,2025.0,51.0,,24,49,1721
1931,https://openalex.org/A5101461960,0.1122862784625716,,,1.0,,2012,2026.0,,,4,13,197
1932,https://openalex.org/A5101464090,4.602673515339273,,,5.222222222222222,,1997,2025.0,,,9,24,714
1933,https://openalex.org/A5101466548,4.602673515339273,1970.0,,3.6666666666666665,,1989,2025.0,19.0,,9,40,627
1934,https://openalex.org/A5101492631,1.6079040521291892,,,5.0,,1989,2024.0,,,30,198,2004
1935,https://openalex.org/A5101497042,1.8091772086668,,,3.8405797101449277,,1993,2025.0,,,69,507,31875
1936,https://openalex.org/A5101498220,0.298713127695244,1989.0,,7.181818181818182,,1987,2025.0,-2.0,,11,151,640
1937,https://openalex.org/A5101530578,1.8749230485090933,,,2.8095238095238093,,1969,2025.0,,,21,103,1002
1938,https://openalex.org/A5101544145,2.9884880006453804,,,4.888888888888889,,1996,2025.0,,,9,50,757
1939,https://openalex.org/A5101552073,1.7849653447103762,,,1.6,,2004,2024.0,,,10,19,3636
1940,https://openalex.org/A5101559837,0.5746554106756425,,,5.444444444444445,,1985,2025.0,,,9,81,814
1941,https://openalex.org/A5101564496,0.5852272753139186,1896.0,1929.0,1.0666666666666667,33.0,2014,1929.0,118.0,0.0,15,60,1107
1942,https://openalex.org/A5101566068,1.4165573801629054,,,0.8333333333333334,,1992,2025.0,,,48,111,2071
1943,https://openalex.org/A5101573767,2.1583912398999776,1954.0,,1.2,,1977,2026.0,23.0,,60,181,1970
1944,https://openalex.org/A5101578526,1.309458630320627,,,3.357142857142857,,2006,2025.0,,,14,104,651
1945,https://openalex.org/A5101591340,2.359252023383327,,,0.14285714285714285,,2012,2016.0,,,7,6,296
1946,https://openalex.org/A5101591634,1.1656616040161338,,,1.5135135135135136,,1992,2025.0,,,37,207,2941
1947,https://openalex.org/A5101608323,4.695312872810788,,,1.8857142857142857,,2009,2025.0,,,35,77,3304
1948,https://openalex.org/A5101621720,1.2692846160939557,,,2.875,,1975,2019.0,,,8,26,578
1949,https://openalex.org/A5101640582,1.1801039619602685,,,2.5,,2007,2025.0,,,12,37,5239
1950,https://openalex.org/A5101654769,1.1958269936256027,,,2.1219512195121952,,1997,2025.0,,,41,52,1182
1951,https://openalex.org/A5101654778,0.515955800438282,,,1.4,,2018,2025.0,,,5,45,113
1952,https://openalex.org/A5101706081,2.473084249647072,,,3.56,,1981,2025.0,,,25,126,11452
1953,https://openalex.org/A5101733179,0.547096648538507,,,1.368421052631579,,2009,2025.0,,,19,82,1830
1954,https://openalex.org/A5101785814,2.188320572612645,1980.0,,1.9375,,1982,2024.0,2.0,,16,56,1732
1955,https://openalex.org/A5101786308,3.4835895736048257,,,4.888888888888889,,1996,2024.0,,,9,13,1646
1956,https://openalex.org/A5101789419,1.6780494745047558,,,2.3333333333333335,,1969,2024.0,,,21,98,1680
1957,https://openalex.org/A5101811222,2.001778578373466,1962.0,,2.625,,1999,2025.0,37.0,,8,42,271
1958,https://openalex.org/A5101813616,1.9074069586744486,,,3.4285714285714284,,1992,2025.0,,,21,75,1900
1959,https://openalex.org/A5101821963,2.6825961201177906,,,2.0416666666666665,,2001,2025.0,,,24,450,8223
1960,https://openalex.org/A5101823351,2.222673654299997,1952.0,,5.368421052631579,,1971,2025.0,19.0,,57,476,27968
1961,https://openalex.org/A5101838284,2.8614820680674717,1992.0,,2.046153846153846,,1974,2025.0,-18.0,,65,491,24549
1962,https://openalex.org/A5101854604,1.0372263524896848,,,3.5714285714285716,,2006,2025.0,,,7,33,1169
1963,https://openalex.org/A5101855286,1.2406844530474235,1862.0,1936.0,0.6875,74.0,1994,1936.0,132.0,0.0,16,14,2233
1964,https://openalex.org/A5101865890,0.7328411757458715,,,2.5384615384615383,,1971,2025.0,,,26,145,2875
1965,https://openalex.org/A5101872110,4.602820788088144,,,9.266666666666667,,1966,2022.0,,,15,81,2632
1966,https://openalex.org/A5101875434,1.4818501747683135,,,1.3666666666666667,,1971,2025.0,,,30,58,1381
1967,https://openalex.org/A5101936934,2.0689888830458423,1799.0,1874.0,2.757575757575758,75.0,1958,1874.0,159.0,0.0,33,165,14210
1968,https://openalex.org/A5101969350,1.9466214617643416,1958.0,,3.652173913043478,,2001,2025.0,43.0,,23,77,4863
1969,https://openalex.org/A5102021023,1.9635199717272305,1932.0,2000.0,1.0588235294117647,68.0,1982,2000.0,50.0,0.0,51,311,3035
1970,https://openalex.org/A5102075740,2.0563014109856144,,,2.8823529411764706,,1997,2024.0,,,17,101,289
1971,https://openalex.org/A5102109729,2.704119023232653,1954.0,,0.0,,1972,1998.0,18.0,,4,7,570
1972,https://openalex.org/A5102150590,0.7202080464859412,,,3.25,,2008,2018.0,,,8,34,1935
1973,https://openalex.org/A5102252778,4.602820788088144,1967.0,,5.0,,1965,2013.0,-2.0,,5,41,207
1974,https://openalex.org/A5102463635,0.8725353439584254,,,0.0,,2017,2017.0,,,1,1,0
1975,https://openalex.org/A5102583506,0.5138174592478079,1982.0,,0.0,,2016,2016.0,34.0,,2,1,0
1976,https://openalex.org/A5102659554,4.4640250946546445,,,0.0,,2014,2024.0,,,2,3,43
1977,https://openalex.org/A5102725124,3.631401908647691,1910.0,1994.0,4.25,84.0,1984,1994.0,74.0,0.0,12,112,4129
1978,https://openalex.org/A5102739901,0.1122862784625716,,,2.0,,2001,2025.0,,,24,159,3593
1979,https://openalex.org/A5102746922,0.3236455121777156,1943.0,,4.666666666666667,,2001,2013.0,58.0,,3,32,1256
1980,https://openalex.org/A5102776288,1.635380827542861,,,2.375,,1970,2025.0,,,16,82,2382
1981,https://openalex.org/A5102804505,3.730114127457563,1986.0,,5.0,,1970,2025.0,-16.0,,2,20,5
1982,https://openalex.org/A5102819619,0.31250505362316944,,,4.0,,2013,2025.0,,,2,26,797
1983,https://openalex.org/A5102836343,1.5791125219003366,,,2.4444444444444446,,1985,2022.0,,,9,27,557
1984,https://openalex.org/A5102877440,0.2905769734018408,,,2.5925925925925926,,1989,2026.0,,,27,84,929
1985,https://openalex.org/A5102879734,0.8725353439584254,,,0.42857142857142855,,2017,2025.0,,,7,20,267
1986,https://openalex.org/A5102880155,3.1822482361384465,1934.0,2022.0,9.333333333333334,88.0,1962,2022.0,28.0,0.0,9,288,9225
1987,https://openalex.org/A5102905294,1.8413058425091748,,,2.95,,2006,2025.0,,,20,155,33036
1988,https://openalex.org/A5103004619,3.013357405787902,1926.0,2016.0,11.727272727272727,90.0,1954,2016.0,28.0,0.0,11,385,49243
1989,https://openalex.org/A5103026409,2.7864487167488727,,,3.0,,2018,2025.0,,,2,42,648
1990,https://openalex.org/A5103027753,1.8161905562762162,,,1.125,,2018,2025.0,,,16,37,1250
1991,https://openalex.org/A5103040866,3.8230490945755355,,,3.0625,,1994,2025.0,,,16,94,2928
1992,https://openalex.org/A5103055135,1.8772603621862771,,,4.238095238095238,,1984,2025.0,,,21,70,7755
1993,https://openalex.org/A5103057722,0.1122862784625716,1964.0,,7.0,,1998,2024.0,34.0,,3,23,706
1994,https://openalex.org/A5103063652,2.216074295356478,,,6.7,,1972,2025.0,,,10,53,799
1995,https://openalex.org/A5103107534,2.5448733923750493,,,7.181818181818182,,1963,2025.0,,,22,184,4579
1996,https://openalex.org/A5103122238,2.6181727887453277,1964.0,,1.2307692307692308,,1993,2024.0,29.0,,13,26,383
1997,https://openalex.org/A5103155505,0.1122862784625716,,,0.8,,2005,2025.0,,,5,17,122
1998,https://openalex.org/A5103235503,3.473776773029241,,,4.142857142857143,,2001,2022.0,,,14,94,1522
1999,https://openalex.org/A5103245321,1.1977251854548328,,,2.347826086956522,,1998,2025.0,,,23,196,7561
2000,https://openalex.org/A5103269921,1.3422955287004534,,,2.5,,1988,2025.0,,,12,85,3918
2001,https://openalex.org/A5103278465,1.3808777420124552,,,1.0555555555555556,,1981,2024.0,,,18,41,848
2002,https://openalex.org/A5103288723,0.7938108194558393,1938.0,,4.181818181818182,,1997,2023.0,59.0,,11,37,3349
2003,https://openalex.org/A5103291982,4.655732398054086,,,0.375,,1990,2007.0,,,8,12,82
2004,https://openalex.org/A5103333259,0.1122862784625716,1904.0,1955.0,5.0,51.0,1997,1955.0,93.0,0.0,1,3,0
2005,https://openalex.org/A5103364602,1.5256398003988678,1793.0,1838.0,9.222222222222221,45.0,1958,1838.0,165.0,0.0,9,155,5927
2006,https://openalex.org/A5103378862,1.0146548065068313,,,0.9,,2009,2025.0,,,10,14,374
2007,https://openalex.org/A5103388354,4.602820788088144,,,0.0,,1979,1979.0,,,2,1,35
2008,https://openalex.org/A5103405032,1.830244471417597,,,4.05,,1973,2025.0,,,20,64,3673
2009,https://openalex.org/A5103417233,0.1122862784625716,,,3.4444444444444446,,1995,2022.0,,,9,31,1615
2010,https://openalex.org/A5103453575,2.555794218751602,1980.0,,0.25,,1990,2015.0,10.0,,4,15,155
2011,https://openalex.org/A5103457894,0.5995681126697896,1953.0,,3.625,,1999,2025.0,46.0,,16,156,2196
2012,https://openalex.org/A5103472574,1.882350648871629,,,4.0,,1982,2010.0,,,12,36,1067
2013,https://openalex.org/A5103475576,2.642312945393463,1825.0,1899.0,3.0,74.0,1977,1899.0,152.0,0.0,11,60,898
2014,https://openalex.org/A5103488841,2.2575978984738936,1871.0,1957.0,0.9523809523809523,86.0,1987,1957.0,116.0,0.0,21,70,8825
2015,https://openalex.org/A5103505937,1.1417234428822516,,,11.25,,1991,2023.0,,,4,26,164
2016,https://openalex.org/A5103508949,1.3945031545885105,1913.0,2009.0,5.954545454545454,96.0,1966,2009.0,53.0,0.0,22,316,12026
2017,https://openalex.org/A5103529818,2.5679253738829573,,,0.0,,1970,1979.0,,,2,3,15
2018,https://openalex.org/A5103535681,0.1122862784625716,,,1.0,,2009,2011.0,,,2,6,311
2019,https://openalex.org/A5103617966,2.0520053412349775,1951.0,,14.0,,1969,2017.0,18.0,,6,46,1372
2020,https://openalex.org/A5103637663,1.4290222480302752,1926.0,2017.0,6.0,91.0,1957,1993.0,31.0,24.0,5,97,4160
2021,https://openalex.org/A5103681055,4.602820788088144,,,0.0,,1998,1998.0,,,1,1,4
2022,https://openalex.org/A5103711580,0.1122862784625716,,,1.375,,1970,2004.0,,,8,18,806
2023,https://openalex.org/A5103846791,2.6508534369178425,1884.0,1959.0,7.2,75.0,1980,1959.0,96.0,0.0,10,209,2475
2024,https://openalex.org/A5104013281,1.0361992490735235,1984.0,,0.75,,2002,2025.0,18.0,,24,48,404
2025,https://openalex.org/A5104014500,1.7836501071944135,,,0.25,,1996,2022.0,,,8,17,176
2026,https://openalex.org/A5104017961,,1905.0,1988.0,8.833333333333334,83.0,1971,1988.0,66.0,0.0,6,123,2032
2027,https://openalex.org/A5104043263,1.5380080968587457,1965.0,,4.095238095238095,,1972,2024.0,7.0,,21,101,3010
2028,https://openalex.org/A5104044112,1.6748214955641552,1954.0,,4.647058823529412,,1981,2025.0,27.0,,17,283,38827
2029,https://openalex.org/A5104061167,0.1122862784625716,1939.0,2018.0,7.0,79.0,1977,1984.0,38.0,34.0,1,16,253
2030,https://openalex.org/A5104068035,4.602820788088144,,,0.0,,2002,2002.0,,,1,1,6
2031,https://openalex.org/A5104116254,0.1122862784625716,1971.0,,0.0,,2023,2023.0,52.0,,1,1,29
2032,https://openalex.org/A5104221604,4.602820788088144,1905.0,1978.0,0.0,73.0,1993,1978.0,88.0,0.0,1,1,4
2033,https://openalex.org/A5104436170,2.5334194169868938,,,1.75,,1975,2024.0,,,28,113,4922
2034,https://openalex.org/A5104683917,1.9753019966207364,,,0.0,,2024,2024.0,,,3,1,20
2035,https://openalex.org/A5104728993,1.0725831511224706,,,2.0,,1981,2009.0,,,12,40,6500
2036,https://openalex.org/A5105466261,2.586747438159326,,,10.5,,1964,1990.0,,,2,98,2670
2037,https://openalex.org/A5105670161,1.2900130281680864,,,1.1818181818181819,,2011,2025.0,,,11,19,327
2038,https://openalex.org/A5105738959,0.4293251290352876,,,0.0,,1990,1990.0,,,2,1,37
2039,https://openalex.org/A5105771268,0.9558340415143268,1982.0,,5.923076923076923,,1962,2024.0,-20.0,,26,151,4942
2040,https://openalex.org/A5105841094,0.1122862784625716,,,3.0,,1992,1995.0,,,1,3,147
2041,https://openalex.org/A5105949408,4.602820788088144,,,0.0,,2000,2000.0,,,1,1,77
2042,https://openalex.org/A5105989737,0.1122862784625716,,,0.0,,2012,2013.0,,,3,5,46
2043,https://openalex.org/A5105989839,1.291128473899952,1969.0,,0.18181818181818182,,1986,1991.0,17.0,,11,4,1
2044,https://openalex.org/A5106034524,1.9605657094219509,,,1.2,,1986,1992.0,,,15,268,13952
2045,https://openalex.org/A5106036522,5.821349109495459,,,7.166666666666667,,1978,2025.0,,,6,75,1638
2046,https://openalex.org/A5106184097,4.602820788088144,,,0.0,,1993,1993.0,,,1,2,29
2047,https://openalex.org/A5106316840,1.9234529297950893,,,2.375,,1993,2020.0,,,16,405,39593
2048,https://openalex.org/A5106414736,4.602820788088144,,,0.0,,1995,2000.0,,,2,2,481
2049,https://openalex.org/A5106617607,4.602820788088144,,,15.0,,1987,2002.0,,,1,8,116
2050,https://openalex.org/A5106919305,1.2753439059386389,,,1.9111111111111112,,1994,2025.0,,,45,262,15751
2051,https://openalex.org/A5106919604,2.3269847351235824,1937.0,,0.6666666666666666,,2011,2021.0,74.0,,12,7,733
2052,https://openalex.org/A5107148338,0.8725353439584254,,,0.0,,1990,1990.0,,,1,2,247
2053,https://openalex.org/A5107414433,0.29789491211384944,1933.0,2008.0,1.0,75.0,1962,2008.0,29.0,0.0,6,38,1771
2054,https://openalex.org/A5107541466,0.5270284452827251,,,0.0,,2023,2023.0,,,5,4,2
2055,https://openalex.org/A5107828375,1.6297468394060208,,,5.4,,1986,2024.0,,,10,613,25358
2056,https://openalex.org/A5108013074,2.3482642540327863,,,5.1,,1946,2017.0,,,10,87,5579
2057,https://openalex.org/A5108057066,2.078457635175054,,,1.6,,1971,2025.0,,,25,134,2499
2058,https://openalex.org/A5108080151,1.3805807989592058,,,0.9523809523809523,,1977,2020.0,,,21,49,434
2059,https://openalex.org/A5108092535,0.1122862784625716,,,0.0,,2018,2025.0,,,3,7,25
2060,https://openalex.org/A5108187988,2.9168719911293324,1953.0,,0.2727272727272727,,1983,2006.0,30.0,,11,23,273
2061,https://openalex.org/A5108193097,1.7787065031202622,1925.0,2009.0,4.491525423728813,84.0,1981,2009.0,56.0,0.0,59,211,8993
2062,https://openalex.org/A5108194692,3.1597299639708947,,,10.2,,1989,2017.0,,,5,11,666
2063,https://openalex.org/A5108209757,1.4773960817528646,1960.0,,0.75,,1997,2010.0,37.0,,4,14,617
2064,https://openalex.org/A5108265908,2.0670038831654765,1951.0,,3.0,,1997,2025.0,46.0,,12,21,536
2065,https://openalex.org/A5108346040,1.5154970303254636,1918.0,1967.0,3.533333333333333,49.0,1950,1967.0,32.0,0.0,30,98,2686
2066,https://openalex.org/A5108347528,483.5256448308717,,,5.181818181818182,,1968,2021.0,,,22,288,8828
2067,https://openalex.org/A5108384788,2.06081369266148,,,3.1333333333333333,,1994,2018.0,,,15,241,11104
2068,https://openalex.org/A5108386611,4.926532125215921,,,3.5714285714285716,,1990,2025.0,,,7,175,3655
2069,https://openalex.org/A5108394710,4.602820788088144,,,0.0,,1992,1992.0,,,1,1,48
2070,https://openalex.org/A5108395501,3.6405850762339482,,,2.6,,1989,2021.0,,,15,151,8141
2071,https://openalex.org/A5108410764,1.2985056930711665,,,3.8181818181818183,,1963,1984.0,,,11,51,1565
2072,https://openalex.org/A5108415120,0.8725353439584254,1962.0,,29.0,,1969,1998.0,7.0,,1,44,362
2073,https://openalex.org/A5108430203,0.6139769263237549,1880.0,1924.0,9.533333333333333,44.0,1922,1924.0,42.0,0.0,15,120,2065
2074,https://openalex.org/A5108450757,0.8423350357250727,,,7.818181818181818,,1890,2025.0,,,11,88,1312
2075,https://openalex.org/A5108454944,1.1204315133221288,,,0.5,,1998,2011.0,,,4,7,565
2076,https://openalex.org/A5108458147,2.5119515619745334,,,10.5,,1976,2012.0,,,4,50,842
2077,https://openalex.org/A5108466128,4.602820788088144,,,5.0,,2005,2010.0,,,1,22,646
2078,https://openalex.org/A5108479590,1.3741424588212425,,,0.0,,1994,2016.0,,,13,2,153
2079,https://openalex.org/A5108484357,0.28523784487122467,1959.0,,9.375,,1958,2015.0,-1.0,,8,40,1431
2080,https://openalex.org/A5108487850,2.601209451902561,,,4.75,,1970,2004.0,,,4,23,753
2081,https://openalex.org/A5108493622,1.5762268914205726,,,0.2222222222222222,,1976,2019.0,,,9,21,651
2082,https://openalex.org/A5108494576,1.4925296530872922,,,0.5238095238095238,,2004,2025.0,,,21,25,420
2083,https://openalex.org/A5108517986,2.305407324745611,,,5.184210526315789,,1981,2025.0,,,38,351,8456
2084,https://openalex.org/A5108536786,1.2028003549055264,,,7.25,,1978,2019.0,,,8,43,1500
2085,https://openalex.org/A5108546661,1.067978585287099,,,6.5,,2015,2024.0,,,2,14,712
2086,https://openalex.org/A5108567476,0.1122862784625716,,,4.2,,2009,2020.0,,,5,22,1036
2087,https://openalex.org/A5108570448,2.4008804262518257,1941.0,,5.68,,1965,2025.0,24.0,,25,266,20825
2088,https://openalex.org/A5108594917,1.1423415106812544,,,0.0,,1995,2012.0,,,4,5,10
2089,https://openalex.org/A5108604867,0.1122862784625716,1842.0,1908.0,1.5,66.0,1999,1908.0,157.0,0.0,2,8,32
2090,https://openalex.org/A5108614287,1.683661263737009,,,7.2,,1988,2024.0,,,5,73,936
2091,https://openalex.org/A5108660856,1.1157315145327567,,,3.6666666666666665,,1987,2020.0,,,9,140,3653
2092,https://openalex.org/A5108667918,5.449921871910131,,,6.5,,1970,2018.0,,,6,38,6714
2093,https://openalex.org/A5108705430,2.090481120331553,,,0.4,,2007,2025.0,,,10,29,875
2094,https://openalex.org/A5108732731,3.380363890939497,1896.0,1984.0,1.0,88.0,2001,1984.0,105.0,0.0,2,6,82
2095,https://openalex.org/A5108733734,,1947.0,,6.333333333333333,,1973,1995.0,26.0,,6,63,1667
2096,https://openalex.org/A5108750396,2.0802253260735686,,,3.923076923076923,,1962,2025.0,,,13,67,2116
2097,https://openalex.org/A5108754780,2.7282880481528196,,,2.611111111111111,,1999,2022.0,,,18,82,11289
2098,https://openalex.org/A5108758821,2.504388663682873,,,0.3333333333333333,,1990,2002.0,,,6,13,1033
2099,https://openalex.org/A5108797152,2.859174197549384,1968.0,,5.75,,1949,2019.0,-19.0,,36,262,16979
2100,https://openalex.org/A5108803403,0.7809962164853187,1763.0,1837.0,1.56,74.0,1977,1837.0,214.0,0.0,25,86,4927
2101,https://openalex.org/A5108904428,0.11214774703780125,1952.0,,11.666666666666666,,1988,2025.0,36.0,,3,23,10069
2102,https://openalex.org/A5108932052,4.602820788088144,1963.0,,1.2222222222222223,,2007,2025.0,44.0,,9,24,603
2103,https://openalex.org/A5108944237,4.602820788088144,,,0.0,,2024,2024.0,,,1,3,19
2104,https://openalex.org/A5109039569,3.23822465478535,,,6.6,,1974,2010.0,,,5,76,2337
2105,https://openalex.org/A5109051591,2.5713505450809073,,,5.318181818181818,,1966,2010.0,,,22,127,5422
2106,https://openalex.org/A5109055989,1.5040994830720094,,,3.0,,1999,2015.0,,,5,52,6576
2107,https://openalex.org/A5109070204,2.071524363468625,,,1.6666666666666667,,1986,2016.0,,,3,9,105
2108,https://openalex.org/A5109101400,2.740055543308949,,,0.7142857142857143,,1978,1985.0,,,14,15,2587
2109,https://openalex.org/A5109102482,1.0545320202657342,,,3.25,,1984,2007.0,,,8,20,1114
2110,https://openalex.org/A5109102600,1.8109153344408486,1930.0,,5.666666666666667,,1960,1980.0,30.0,,6,66,974
2111,https://openalex.org/A5109104029,6.364805216919795,,,1.1666666666666667,,1988,2025.0,,,6,17,468
2112,https://openalex.org/A5109121859,1.4326280385060288,,,3.0,,1973,2014.0,,,21,115,2426
2113,https://openalex.org/A5109125356,1.955478103952332,1901.0,1978.0,2.3684210526315788,77.0,1962,1978.0,61.0,0.0,19,81,3597
2114,https://openalex.org/A5109137537,0.9801744178077102,,,0.8888888888888888,,2007,2014.0,,,9,30,886
2115,https://openalex.org/A5109138509,3.562237285937096,,,7.666666666666667,,2003,2020.0,,,3,11,254
2116,https://openalex.org/A5109181513,1.8660273750163974,,,15.0,,1986,2021.0,,,3,80,2729
2117,https://openalex.org/A5109182504,4.602820788088144,,,1.0,,1991,1992.0,,,1,2,742
2118,https://openalex.org/A5109192791,0.8437606549734901,,,3.45,,2002,2025.0,,,20,63,816
2119,https://openalex.org/A5109212216,4.602820788088144,,,3.5,,2005,2020.0,,,4,18,381
2120,https://openalex.org/A5109214110,2.089620717904416,1977.0,,9.5,,1991,2018.0,14.0,,4,6,137
2121,https://openalex.org/A5109219208,0.7548557679836504,1950.0,,6.0,,1984,2009.0,34.0,,3,23,493
2122,https://openalex.org/A5109233964,1.786939274602793,1865.0,1919.0,4.733333333333333,54.0,2006,1919.0,141.0,0.0,15,94,3309
2123,https://openalex.org/A5109236521,0.8725353439584254,,,3.25,,1974,2008.0,,,4,17,486
2124,https://openalex.org/A5109252322,3.320796897783916,,,4.095238095238095,,1981,2019.0,,,21,160,7832
2125,https://openalex.org/A5109252622,2.4694582631405178,1964.0,,5.5,,1966,2023.0,2.0,,6,31,788
2126,https://openalex.org/A5109258388,0.8277955227013534,,,0.0,,2015,2023.0,,,5,4,305
2127,https://openalex.org/A5109284786,1.6863557438774088,1935.0,2024.0,4.181818181818182,89.0,1974,2024.0,39.0,0.0,11,120,772
2128,https://openalex.org/A5109324166,1.6470669892668297,,,0.8333333333333334,,1983,2002.0,,,6,9,726
2129,https://openalex.org/A5109353649,3.6370572652270607,,,0.0,,1977,1977.0,,,2,7,71
2130,https://openalex.org/A5109358009,0.1122862784625716,,2022.0,4.428571428571429,,1976,2022.0,,0.0,14,229,3593
2131,https://openalex.org/A5109366874,0.8355800540394932,,,5.6,,1960,2009.0,,,15,253,10172
2132,https://openalex.org/A5109374788,0.2123952356816829,1984.0,,1.0,,2009,2024.0,25.0,,2,6,33
2133,https://openalex.org/A5109383563,1.2318968594452469,1928.0,2014.0,2.423076923076923,86.0,1959,2014.0,31.0,0.0,26,344,22644
2134,https://openalex.org/A5109426359,1.0115285675932855,1810.0,1903.0,0.875,93.0,1972,1903.0,162.0,0.0,8,12,140
2135,https://openalex.org/A5109432666,1.4009126725278727,1966.0,,7.666666666666667,,1995,2021.0,29.0,,6,48,1432
2136,https://openalex.org/A5109453383,1.5031957850605693,,,4.875,,1953,2018.0,,,8,16,810
2137,https://openalex.org/A5109516910,4.602820788088144,,,5.0,,2020,2025.0,,,1,8,1
2138,https://openalex.org/A5109537821,1.2643201573016865,,,4.363636363636363,,1975,2021.0,,,22,148,5682
2139,https://openalex.org/A5109590120,0.1122862784625716,,,3.6,,2008,2025.0,,,10,45,566
2140,https://openalex.org/A5109596902,1.730398442581852,,,3.0,,1964,1975.0,,,4,32,967
2141,https://openalex.org/A5109684350,3.2626181695824803,1893.0,1990.0,0.0,97.0,2024,1990.0,131.0,0.0,2,6,12
2142,https://openalex.org/A5109743512,4.602820788088144,,,1.0,,2024,2025.0,,,1,2,2
2143,https://openalex.org/A5109793899,0.1122862784625716,,,1.5,,2022,2025.0,,,2,9,2
2144,https://openalex.org/A5109809555,1.9424349745666998,,,2.7142857142857144,,1976,2011.0,,,7,11,639
2145,https://openalex.org/A5109862987,1.707852000785944,1924.0,1996.0,4.8,72.0,1987,1996.0,63.0,0.0,10,67,1060
2146,https://openalex.org/A5109893725,1.9619284646225075,,,1.6363636363636365,,1930,1999.0,,,11,9,23
2147,https://openalex.org/A5109895474,4.602820788088144,,,2.0,,1995,1997.0,,,1,4,91
2148,https://openalex.org/A5109911292,1.3532603786874826,1898.0,1989.0,3.8823529411764706,91.0,1898,1989.0,0.0,0.0,17,98,1439
2149,https://openalex.org/A5109923227,2.764784141984321,,,3.3333333333333335,,2003,2024.0,,,9,25,2104
2150,https://openalex.org/A5109973267,4.208098821781704,,,6.5,,1987,2017.0,,,4,43,1842
2151,https://openalex.org/A5109977249,1.503281878367114,,,3.0,,1983,2026.0,,,18,112,5998
2152,https://openalex.org/A5109983246,1.579302854185064,1926.0,2013.0,3.3333333333333335,87.0,1968,2013.0,42.0,0.0,24,192,13787
2153,https://openalex.org/A5109989481,4.602820788088144,1836.0,1916.0,0.0,80.0,1967,1916.0,131.0,0.0,1,1,25
2154,https://openalex.org/A5109990840,1.027927535727207,1936.0,2024.0,13.142857142857142,88.0,1956,2008.0,20.0,16.0,14,137,7388
2155,https://openalex.org/A5109994632,1.4658540423351147,,,1.2727272727272727,,1981,2017.0,,,22,52,1554
2156,https://openalex.org/A5109996058,0.9789853871974789,,,3.8095238095238093,,1970,2002.0,,,21,84,5176
2157,https://openalex.org/A5110010454,0.1122862784625716,1826.0,1891.0,0.0,65.0,1963,1891.0,137.0,0.0,1,5,60
2158,https://openalex.org/A5110012714,2.5573757475835723,,,3.7777777777777777,,1963,2009.0,,,9,25,643
2159,https://openalex.org/A5110013684,3.110031867764356,1936.0,2023.0,8.5,87.0,1967,2023.0,31.0,0.0,32,241,10683
2160,https://openalex.org/A5110026894,2.2499982566221934,1952.0,,0.0,,1998,1998.0,46.0,,3,1,141
2161,https://openalex.org/A5110030471,1.978393549559683,1903.0,1993.0,7.8,90.0,1989,1993.0,86.0,0.0,5,27,8966
2162,https://openalex.org/A5110033908,2.151514563404718,,,2.5,,1991,2023.0,,,20,234,12186
2163,https://openalex.org/A5110068557,1.0571363188996599,1946.0,,0.16666666666666666,,1977,2015.0,31.0,,6,8,307
2164,https://openalex.org/A5110071400,4.602820788088144,,,0.0,,1981,1981.0,,,1,1,39
2165,https://openalex.org/A5110083704,3.271757107877942,,,0.0,,1990,1990.0,,,2,1,1
2166,https://openalex.org/A5110085328,1.693724768978154,,,2.2745098039215685,,1991,2025.0,,,51,300,2997
2167,https://openalex.org/A5110089405,1.9500121818558172,,,0.42857142857142855,,1980,2006.0,,,7,19,1451
2168,https://openalex.org/A5110094890,0.1122862784625716,,,1.5,,1983,2024.0,,,12,32,1554
2169,https://openalex.org/A5110101723,1.46161267058461,,,1.5,,1978,2022.0,,,16,96,3998
2170,https://openalex.org/A5110118244,2.260441238143666,1989.0,,1.625,,1968,2021.0,-21.0,,8,43,5740
2171,https://openalex.org/A5110134303,1.4906167089193907,,,0.125,,1999,2025.0,,,8,15,271
2172,https://openalex.org/A5110138732,4.602820788088144,,,0.0,,1996,1996.0,,,1,1,11
2173,https://openalex.org/A5110146423,2.1685690529424155,1954.0,,5.181818181818182,,1976,2006.0,22.0,,11,44,3808
2174,https://openalex.org/A5110156970,0.8432090297733986,,,7.666666666666667,,1973,2008.0,,,6,59,934
2175,https://openalex.org/A5110184967,1.3226580817679554,,,0.75,,2008,2025.0,,,4,4,1351
2176,https://openalex.org/A5110191925,1.8118016393256582,1943.0,,5.571428571428571,,1969,2021.0,26.0,,21,254,27870
2177,https://openalex.org/A5110197333,1.5087876590195368,,,2.5454545454545454,,1963,2025.0,,,11,71,1179
2178,https://openalex.org/A5110221229,2.8229727743522472,1987.0,,4.25,,2002,2019.0,15.0,,4,6,430
2179,https://openalex.org/A5110231501,5.248450144890387,,,0.0,,1990,2001.0,,,3,4,6
2180,https://openalex.org/A5110232200,0.8725353439584254,,,0.0,,2012,2012.0,,,1,3,8
2181,https://openalex.org/A5110235364,3.408516698979604,1982.0,,2.7,,2001,2025.0,19.0,,10,36,416
2182,https://openalex.org/A5110240169,2.367298773942116,,,2.75,,1975,2000.0,,,8,54,1192
2183,https://openalex.org/A5110258096,3.713997189626795,1914.0,2002.0,5.0,88.0,1959,1988.0,45.0,14.0,6,75,2699
2184,https://openalex.org/A5110262302,4.602673515339273,,,14.5,,1993,2021.0,,,2,14,840
2185,https://openalex.org/A5110265958,1.613863506716632,1940.0,2026.0,1.8333333333333333,86.0,1952,2017.0,12.0,9.0,12,40,1529
2186,https://openalex.org/A5110288278,1.0154185910876417,,,3.0,,2008,2018.0,,,4,16,453
2187,https://openalex.org/A5110309968,1.579998809534835,,,1.736842105263158,,1964,1997.0,,,19,71,6022
2188,https://openalex.org/A5110315594,1.1346890150650195,,,1.6666666666666667,,1990,2025.0,,,12,54,1174
2189,https://openalex.org/A5110348858,1.965585640871078,,,1.2,,2002,2009.0,,,5,15,920
2190,https://openalex.org/A5110385254,1.7053773887671726,,,6.714285714285714,,1957,1995.0,,,14,166,5387
2191,https://openalex.org/A5110415660,0.1122862784625716,,,4.285714285714286,,1968,2025.0,,,14,98,486
2192,https://openalex.org/A5110447284,1.8991213299948584,,,2.948717948717949,,1955,2019.0,,,39,606,45558
2193,https://openalex.org/A5110466510,2.1452437216671583,,,9.75,,1992,2021.0,,,8,60,4065
2194,https://openalex.org/A5110544133,3.1556915484904793,,,2.6785714285714284,,1994,2025.0,,,28,158,8270
2195,https://openalex.org/A5110575652,1.599936914739152,,,2.272727272727273,,1982,2025.0,,,22,92,11210
2196,https://openalex.org/A5110608389,1.8672884718057126,,,9.222222222222221,,1974,2025.0,,,9,111,6557
2197,https://openalex.org/A5110608677,4.602820788088144,,,2.3333333333333335,,1993,2025.0,,,6,42,255
2198,https://openalex.org/A5110615626,2.014064977356425,1908.0,1991.0,9.904761904761905,83.0,1932,1991.0,24.0,0.0,21,227,987
2199,https://openalex.org/A5110620778,1.8988193298046323,,,1.5,,1987,2017.0,,,4,20,56
2200,https://openalex.org/A5110632923,2.492231903250678,,,2.5555555555555554,,2015,2025.0,,,9,36,2874
2201,https://openalex.org/A5110680857,2.6629810825357527,,,2.5714285714285716,,1988,2005.0,,,7,58,677
2202,https://openalex.org/A5110683332,2.116663255656336,1945.0,,1.8333333333333333,,1982,2025.0,37.0,,18,95,868
2203,https://openalex.org/A5110713792,2.6735417986271197,,,2.75,,2015,2025.0,,,4,21,130
2204,https://openalex.org/A5110730600,0.715472393375367,1797.0,1870.0,0.4,73.0,1973,1870.0,176.0,0.0,5,28,181
2205,https://openalex.org/A5110774277,0.8725353439584254,,,1.375,,2017,2025.0,,,16,25,1419
2206,https://openalex.org/A5110809290,4.602820788088144,,,4.0,,2021,2025.0,,,1,3,21
2207,https://openalex.org/A5110827141,2.456180431229141,1808.0,1880.0,4.666666666666667,72.0,1974,1880.0,166.0,0.0,9,92,497
2208,https://openalex.org/A5110860526,2.5367641973019164,1960.0,,6.333333333333333,,1986,2024.0,26.0,,6,140,2387
2209,https://openalex.org/A5110898879,2.1745004404983552,1937.0,,5.4,,1969,2024.0,32.0,,10,187,2598
2210,https://openalex.org/A5110904255,1.5091927501064335,,,0.5,,1983,1993.0,,,4,5,534
2211,https://openalex.org/A5110936566,0.1122862784625716,1935.0,,0.0,,2007,2025.0,72.0,,2,3,0
2212,https://openalex.org/A5111026097,0.1122862784625716,,,2.5,,1999,2023.0,,,2,8,852
2213,https://openalex.org/A5111061590,2.828670585991244,,,0.3333333333333333,,2023,2025.0,,,3,6,2
2214,https://openalex.org/A5111072500,2.5254700409718773,,,0.6666666666666666,,1976,2023.0,,,12,19,617
2215,https://openalex.org/A5111194857,1.9105093209782809,,,1.3333333333333333,,1968,2025.0,,,15,82,3508
2216,https://openalex.org/A5111205090,0.1122862784625716,,,5.666666666666667,,1967,2009.0,,,6,148,2364
2217,https://openalex.org/A5111278421,0.1122862784625716,,,0.0,,2024,2024.0,,,1,1,12
2218,https://openalex.org/A5111375318,3.1556194448841333,,,5.5,,1980,2017.0,,,14,69,1393
2219,https://openalex.org/A5111381458,0.1122862784625716,,,0.0,,2000,2000.0,,,1,1,5
2220,https://openalex.org/A5111383898,0.7950871403651276,,,0.0,,1998,2012.0,,,2,70,202
2221,https://openalex.org/A5111393251,1.8716789948502737,,,1.5,,1973,1996.0,,,12,40,1366
2222,https://openalex.org/A5111405472,0.97620501485734,1876.0,1930.0,1.303030303030303,54.0,1938,1930.0,62.0,0.0,33,69,1604
2223,https://openalex.org/A5111406879,1.8249396559060589,1952.0,,0.6,,1990,1993.0,38.0,,5,10,455
2224,https://openalex.org/A5111424306,2.308523351350786,,,8.5,,1979,1996.0,,,2,23,307
2225,https://openalex.org/A5111458376,1.6460610288900512,,,5.153846153846154,,1982,2024.0,,,13,352,2627
2226,https://openalex.org/A5111466635,1.4605745819140414,1970.0,,5.75,,1992,2017.0,22.0,,4,56,1760
2227,https://openalex.org/A5111467230,2.2049961882616502,,,2.923076923076923,,1967,2022.0,,,13,87,1726
2228,https://openalex.org/A5111479397,4.602820788088144,1957.0,,0.0,,1992,1992.0,35.0,,1,2,51
2229,https://openalex.org/A5111514654,4.602820788088144,1954.0,,0.0,,2001,2001.0,47.0,,1,1,11
2230,https://openalex.org/A5111522726,2.189199754780354,,,4.444444444444445,,1972,1992.0,,,9,65,3012
2231,https://openalex.org/A5111532379,1.4745754345917033,1947.0,2017.0,5.3584905660377355,70.0,1982,2017.0,35.0,0.0,53,502,42787
2232,https://openalex.org/A5111538133,1.9258621008863759,,,1.0,,2003,2012.0,,,5,13,528
2233,https://openalex.org/A5111548419,2.5122984600851144,,,3.8333333333333335,,1989,2016.0,,,12,104,3239
2234,https://openalex.org/A5111626214,4.602673515339273,,,20.0,,1984,2016.0,,,2,23,761
2235,https://openalex.org/A5111631253,1.3325795732269181,1922.0,2018.0,5.333333333333333,96.0,1968,2018.0,46.0,0.0,12,124,11823
2236,https://openalex.org/A5111635379,,,,10.166666666666666,,1993,2016.0,,,6,84,4351
2237,https://openalex.org/A5111640339,2.6382188397342614,,,0.0,,1987,2005.0,,,3,9,28
2238,https://openalex.org/A5111643172,4.602820788088144,,,0.0,,1991,1991.0,,,1,1,189
2239,https://openalex.org/A5111646702,0.6416179362080145,,,10.0,,1964,2016.0,,,9,63,3257
2240,https://openalex.org/A5111650659,1.4321922558191154,,,3.4144144144144146,,1991,2025.0,,,111,730,48836
2241,https://openalex.org/A5111661627,0.9747406580941439,,,2.75,,1958,2018.0,,,4,77,161
2242,https://openalex.org/A5111669708,0.9043534398360837,,,2.142857142857143,,1984,2023.0,,,7,28,865
2243,https://openalex.org/A5111674737,1.5191688176614624,,,11.083333333333334,,1964,2023.0,,,12,120,3855
2244,https://openalex.org/A5111680005,3.7402915065072,1888.0,1986.0,1.3333333333333333,98.0,1970,1985.0,82.0,1.0,3,3,10
2245,https://openalex.org/A5111681812,1.85928337869865,,,4.0,,1984,1990.0,,,3,4,145
2246,https://openalex.org/A5111685579,13.7663699357621,,,7.785714285714286,,1967,2009.0,,,14,149,2237
2247,https://openalex.org/A5111706957,1.5281900542002793,,,1.4,,1967,2023.0,,,10,42,536
2248,https://openalex.org/A5111710437,0.7899790660230832,1783.0,1846.0,5.0,63.0,1987,1846.0,204.0,0.0,5,10,1602
2249,https://openalex.org/A5111711568,3.5805009496020426,,,0.0,,1978,2012.0,,,5,5,52
2250,https://openalex.org/A5111711603,1.6479325770104616,1934.0,2007.0,0.0,73.0,1984,2007.0,50.0,0.0,4,24,334
2251,https://openalex.org/A5111711704,4.602820788088144,,,11.5,,2000,2020.0,,,2,34,1411
2252,https://openalex.org/A5111717699,1.6931633651295026,,,2.9444444444444446,,1981,2019.0,,,18,82,6709
2253,https://openalex.org/A5111720856,1.746145791658901,1871.0,,4.25,,2008,2017.0,137.0,,4,26,1280
2254,https://openalex.org/A5111733198,4.602820788088144,1910.0,,23.0,,1973,1996.0,63.0,,1,44,81
2255,https://openalex.org/A5111733671,0.8521558017286445,,,9.454545454545455,,1979,2021.0,,,11,102,1649
2256,https://openalex.org/A5111753611,1.5753597783480011,1919.0,2010.0,4.083333333333333,91.0,1963,2010.0,44.0,0.0,12,47,1579
2257,https://openalex.org/A5111759312,1.858326394718338,,,4.6521739130434785,,1978,2021.0,,,23,260,6132
2258,https://openalex.org/A5111768245,1.6966812996565608,,,5.0,,1972,2008.0,,,6,45,2044
2259,https://openalex.org/A5111771836,1.3330256723930658,1958.0,,1.7333333333333334,,1983,2022.0,25.0,,15,86,2028
2260,https://openalex.org/A5111772701,4.602820788088144,,,0.0,,1991,1991.0,,,1,1,13
2261,https://openalex.org/A5111786362,3.576689362161125,,,0.6363636363636364,,1990,2023.0,,,11,28,1200
2262,https://openalex.org/A5111796835,1.8133389526604582,1910.0,1964.0,7.0,54.0,1957,1964.0,47.0,0.0,6,111,1651
2263,https://openalex.org/A5111810472,1.7081134073630815,,,2.0,,1976,2021.0,,,5,22,170
2264,https://openalex.org/A5111812587,1.3014606426099677,,,2.0526315789473686,,1991,2024.0,,,38,157,41522
2265,https://openalex.org/A5111817931,2.3281009442161436,,,1.3,,1995,2022.0,,,10,18,828
2266,https://openalex.org/A5111824465,3.3102517911887177,1936.0,,2.3846153846153846,,1956,2013.0,20.0,,13,105,4334
2267,https://openalex.org/A5111834855,2.113609778599037,1823.0,1889.0,3.0,66.0,1959,1889.0,136.0,0.0,14,103,1108
2268,https://openalex.org/A5111861742,2.2540355480297394,,,6.258064516129032,,1905,2025.0,,,31,668,36230
2269,https://openalex.org/A5111866807,1.1143152405363796,1959.0,,3.0,,1974,1988.0,15.0,,5,9,178
2270,https://openalex.org/A5111868641,2.6321260585149666,1706.0,1784.0,0.3333333333333333,78.0,1999,1784.0,293.0,0.0,3,5,435
2271,https://openalex.org/A5111882319,2.22641379408232,,,1.8333333333333333,,2012,2025.0,,,6,218,463
2272,https://openalex.org/A5111884203,1.991743041473514,,,9.333333333333334,,1991,2015.0,,,6,25,148
2273,https://openalex.org/A5111884380,0.8725353439584254,,,0.0,,1982,1982.0,,,1,1,7
2274,https://openalex.org/A5111889153,4.602820788088144,1956.0,,0.0,,1971,1971.0,15.0,,1,2,3
2275,https://openalex.org/A5111897463,2.490399157994468,1935.0,2020.0,2.4,85.0,2002,2017.0,67.0,3.0,5,49,1292
2276,https://openalex.org/A5111930263,2.8035122774037755,1940.0,,42.333333333333336,,1918,2025.0,-22.0,,3,8,176
2277,https://openalex.org/A5111952061,2.341854017940347,1946.0,,5.6923076923076925,,1976,2021.0,30.0,,13,298,6925
2278,https://openalex.org/A5111954190,2.512056993822414,1931.0,,5.5,,1988,1999.0,57.0,,2,8,767
2279,https://openalex.org/A5111957463,2.807509322572183,,,0.4,,1973,2005.0,,,5,10,757
2280,https://openalex.org/A5111963616,2.6606082053058175,,,2.8461538461538463,,1983,2018.0,,,26,477,11467
2281,https://openalex.org/A5111964184,4.068232938019813,,,1.1666666666666667,,1983,2020.0,,,6,32,2920
2282,https://openalex.org/A5111964545,2.170901615578337,,,0.0,,2021,2021.0,,,1,2,45
2283,https://openalex.org/A5111966812,6.060582785982028,,,7.0,,1978,2005.0,,,3,27,95
2284,https://openalex.org/A5111970396,3.4194244147369264,,,9.0,,2004,2018.0,,,3,42,1162
2285,https://openalex.org/A5111971274,1.3542687233861073,,,3.1875,,1983,2001.0,,,16,45,2902
2286,https://openalex.org/A5111990070,0.8725353439584254,,,0.0,,1982,1982.0,,,1,1,1
2287,https://openalex.org/A5112005299,0.737763336526077,,,0.0,,1990,1991.0,,,3,2,35
2288,https://openalex.org/A5112008094,0.1122862784625716,,,2.3333333333333335,,1982,2024.0,,,6,58,1398
2289,https://openalex.org/A5112016040,1.358326036396227,,,9.142857142857142,,1994,2021.0,,,7,40,331
2290,https://openalex.org/A5112019308,0.7128755925423436,1877.0,1911.0,0.5,34.0,2002,1911.0,125.0,0.0,10,22,514
2291,https://openalex.org/A5112027272,1.3742582651770616,,,4.623376623376624,,1960,2025.0,,,154,1015,59489
2292,https://openalex.org/A5112044233,3.444480061772201,1928.0,1996.0,7.5,68.0,1963,1991.0,35.0,5.0,4,29,911
2293,https://openalex.org/A5112066860,2.454570859352541,1954.0,,4.875,,1972,2025.0,18.0,,16,104,7429
2294,https://openalex.org/A5112067075,4.437923442437984,,,3.4444444444444446,,1985,2025.0,,,9,48,1237
2295,https://openalex.org/A5112067303,5.679098876156757,1934.0,,3.8,,1977,2001.0,43.0,,5,39,3619
2296,https://openalex.org/A5112080210,1.5031172068917908,,,5.111111111111111,,1981,2017.0,,,9,37,1693
2297,https://openalex.org/A5112086693,4.177219741593627,,,2.6666666666666665,,1991,2011.0,,,6,43,1020
2298,https://openalex.org/A5112089685,2.0730379779789407,,,6.833333333333333,,1966,2007.0,,,6,70,670
2299,https://openalex.org/A5112090004,3.14674447720546,,,0.0,,2014,2014.0,,,2,1,27
2300,https://openalex.org/A5112147366,0.5405163238002372,,,5.333333333333333,,1970,2006.0,,,6,34,267
2301,https://openalex.org/A5112149080,0.5991677908897018,1892.0,1987.0,2.5,95.0,1964,1987.0,72.0,0.0,6,13,287
2302,https://openalex.org/A5112150920,1.2604571940189007,1912.0,1966.0,4.714285714285714,54.0,1982,1966.0,70.0,0.0,14,70,1904
2303,https://openalex.org/A5112151291,1.9655725557013641,,,4.0,,1985,2025.0,,,5,93,833
2304,https://openalex.org/A5112185090,2.3065351116907613,1906.0,1987.0,0.3333333333333333,81.0,1982,1987.0,76.0,0.0,3,9,163
2305,https://openalex.org/A5112195854,0.7760140071363024,,,1.0666666666666667,,1964,2017.0,,,15,46,1086
2306,https://openalex.org/A5112197216,3.2761097583948318,,,0.0,,1978,1978.0,,,1,1,6
2307,https://openalex.org/A5112197584,1.4096076587077926,1964.0,,3.1818181818181817,,1995,2025.0,31.0,,11,137,2927
2308,https://openalex.org/A5112201297,2.7578762482996773,,,4.956521739130435,,1960,2021.0,,,23,122,3126
2309,https://openalex.org/A5112234380,6.227394794525688,1948.0,,4.96,,1952,2025.0,4.0,,25,273,3696
2310,https://openalex.org/A5112262858,1.1005140840215648,1901.0,2017.0,0.0,116.0,2017,2017.0,116.0,0.0,5,2,242
2311,https://openalex.org/A5112279340,,,,15.5,,1978,2025.0,,,4,73,607
2312,https://openalex.org/A5112318153,5.572464174437762,,,1.375,,2010,2025.0,,,16,32,126
2313,https://openalex.org/A5112330983,0.8289606503339679,,,2.0,,2017,2019.0,,,2,3,48
2314,https://openalex.org/A5112449095,0.622555462692842,,,1.8,,2003,2022.0,,,5,21,368
2315,https://openalex.org/A5112501094,1.9998235682375896,1927.0,2013.0,0.0,86.0,1973,2013.0,46.0,0.0,6,11,79
2316,https://openalex.org/A5112525497,2.171040474321842,,,4.2,,1986,2006.0,,,5,14,471
2317,https://openalex.org/A5112582668,1.1111814996932523,1986.0,,4.642857142857143,,1979,2021.0,-7.0,,14,109,5381
2318,https://openalex.org/A5112596138,1.4577808118638875,1932.0,2023.0,7.0,91.0,1971,2017.0,39.0,6.0,11,48,860
2319,https://openalex.org/A5112621911,0.1122862784625716,1884.0,1950.0,0.0,66.0,1997,1950.0,113.0,0.0,5,309,334
2320,https://openalex.org/A5112661625,1.0825257188742143,,,6.545454545454546,,1994,2024.0,,,11,37,1107
2321,https://openalex.org/A5112664250,3.9394652732414883,,,0.0,,1987,2004.0,,,4,15,137
2322,https://openalex.org/A5112682269,0.7904965965467635,,,0.2222222222222222,,1995,1997.0,,,9,14,1281
2323,https://openalex.org/A5112694871,4.602820788088144,,,0.3333333333333333,,2023,2025.0,,,3,28,10
2324,https://openalex.org/A5112763739,1.6238903507792788,1944.0,2025.0,8.478260869565217,81.0,1967,2025.0,23.0,0.0,23,266,17685
2325,https://openalex.org/A5112766560,2.040844072192836,1780.0,1840.0,5.0,60.0,1984,1840.0,204.0,0.0,6,38,3134
2326,https://openalex.org/A5112767848,1.879612462382625,1904.0,1969.0,9.411764705882353,65.0,1939,1969.0,35.0,0.0,17,191,2217
2327,https://openalex.org/A5112772349,3.1078533100748813,1938.0,,8.666666666666666,,1977,2003.0,39.0,,3,16,778
2328,https://openalex.org/A5112779500,0.4293251290352876,,,2.6666666666666665,,2011,2018.0,,,3,7,1344
2329,https://openalex.org/A5112786045,0.11214774703780125,,,0.0,,2018,2018.0,,,2,2,100
2330,https://openalex.org/A5112794518,0.8725353439584254,,,0.2,,2019,2026.0,,,5,11,4
2331,https://openalex.org/A5112806010,2.385418167488168,1732.0,1792.0,1.5555555555555556,60.0,1948,1792.0,216.0,0.0,9,12,0
2332,https://openalex.org/A5112817943,2.614134876935231,,,4.722222222222222,,1973,2025.0,,,36,279,13583
2333,https://openalex.org/A5112829091,1.3581754835599906,1967.0,2014.0,6.333333333333333,47.0,1978,2014.0,11.0,0.0,15,112,4213
2334,https://openalex.org/A5112835320,0.8725353439584254,,,4.0,,1951,1955.0,,,1,29,167
2335,https://openalex.org/A5112836709,2.1046214098230114,1928.0,1992.0,5.1923076923076925,64.0,1957,1992.0,29.0,0.0,26,557,7212
2336,https://openalex.org/A5112861082,1.5223907336846816,1817.0,1886.0,1.9642857142857142,69.0,1990,1886.0,173.0,0.0,28,282,9576
2337,https://openalex.org/A5112888030,4.602820788088144,,,2.6666666666666665,,2012,2023.0,,,3,15,117
2338,https://openalex.org/A5113040133,1.9492433647937315,1955.0,,3.111111111111111,,1972,2020.0,17.0,,9,58,555
2339,https://openalex.org/A5113308487,2.184013464478559,1956.0,2009.0,1.8,53.0,1982,2009.0,26.0,0.0,15,78,2010
2340,https://openalex.org/A5113442418,1.1893893142121341,,,3.2,,2001,2025.0,,,5,12,177
2341,https://openalex.org/A5113462810,3.3089857997095202,1982.0,,2.5,,1984,2018.0,2.0,,8,29,1964
2342,https://openalex.org/A5113468410,3.0086825609098753,1958.0,2022.0,10.0,64.0,2001,2021.0,43.0,1.0,2,6,167
2343,https://openalex.org/A5113475916,1.8151357290671706,,,2.0,,1994,2000.0,,,3,10,559
2344,https://openalex.org/A5113479418,1.0076746113213024,,,2.3529411764705883,,1957,2000.0,,,51,170,4836
2345,https://openalex.org/A5113482724,1.90554774739573,,,2.4583333333333335,,1960,2004.0,,,24,378,12287
2346,https://openalex.org/A5113486124,1.145112917151145,,,0.2,,1973,1978.0,,,5,6,191
2347,https://openalex.org/A5113489250,1.6515066023844718,,,11.0,,1952,2022.0,,,12,124,17775
2348,https://openalex.org/A5113505722,1.1985544533917913,,,2.3333333333333335,,2008,2025.0,,,12,127,2316
2349,https://openalex.org/A5113535372,4.602820788088144,,,0.0,,1999,1999.0,,,1,1,86
2350,https://openalex.org/A5113560914,0.1122862784625716,,,9.857142857142858,,1974,2018.0,,,7,97,3277
2351,https://openalex.org/A5113573671,2.171889723348261,,,2.0,,1995,2025.0,,,4,9,541
2352,https://openalex.org/A5113577608,0.8725353439584254,1856.0,1933.0,39.0,77.0,1966,1933.0,110.0,0.0,1,7,58
2353,https://openalex.org/A5113579138,1.5920253249947174,,,4.428571428571429,,1983,2002.0,,,7,63,514
2354,https://openalex.org/A5113597103,2.074101110490834,1976.0,,3.142857142857143,,1983,2025.0,7.0,,14,138,10483
2355,https://openalex.org/A5113598373,1.820423192297554,,,4.0,,1952,2024.0,,,25,385,10082
2356,https://openalex.org/A5113619053,2.023252625258732,,,7.0,,1986,2022.0,,,10,23,877
2357,https://openalex.org/A5113625559,2.248591114292572,1938.0,1994.0,4.695652173913044,56.0,1965,1994.0,27.0,0.0,23,464,31997
2358,https://openalex.org/A5113630206,0.6060374892847729,,,2.7142857142857144,,1976,2010.0,,,7,29,260
2359,https://openalex.org/A5113631614,2.0062384057100626,,,1.375,,1973,2010.0,,,8,19,692
2360,https://openalex.org/A5113640105,2.476862611003387,1832.0,,3.6,,1995,2022.0,163.0,,10,146,2516
2361,https://openalex.org/A5113643147,6.243821874342128,,,2.5384615384615383,,1986,2004.0,,,13,55,2996
2362,https://openalex.org/A5113645465,2.841376212999067,1948.0,,9.0,,1984,2022.0,36.0,,7,16,50
2363,https://openalex.org/A5113646659,0.8725353439584254,1952.0,,0.0,,2011,2019.0,59.0,,2,3,51
2364,https://openalex.org/A5113648437,1.8249585771386343,1929.0,,7.4,,1965,2024.0,36.0,,15,266,11773
2365,https://openalex.org/A5113648787,0.40021287946182177,1950.0,,4.545454545454546,,1972,2012.0,22.0,,11,48,2964
2366,https://openalex.org/A5113670980,3.8378592336718977,,,0.0,,1996,1997.0,,,3,2,130
2367,https://openalex.org/A5113694713,0.8725353439584254,,,0.0,,2006,2006.0,,,1,1,0
2368,https://openalex.org/A5113705918,2.7405065506566224,,,3.5,,1980,1987.0,,,2,10,109
2369,https://openalex.org/A5113713412,1.9047689613580188,1924.0,2018.0,0.15384615384615385,94.0,1988,2018.0,64.0,0.0,13,222,810
2370,https://openalex.org/A5113713547,4.602820788088144,,,2.5,,2005,2017.0,,,4,18,934
2371,https://openalex.org/A5113718996,0.4149626076172007,,,11.0,,1984,2007.0,,,2,19,742
2372,https://openalex.org/A5113724088,4.412857087451004,,,0.0,,1962,2015.0,,,2,17,105
2373,https://openalex.org/A5113738941,0.8725353439584254,1846.0,1906.0,0.0,60.0,1979,1906.0,133.0,0.0,1,4,18
2374,https://openalex.org/A5113756248,2.512056993822414,1906.0,1935.0,0.0,29.0,1962,1935.0,56.0,0.0,2,2,12
2375,https://openalex.org/A5113769326,4.602820788088144,,,0.0,,1991,1991.0,,,1,19,135
2376,https://openalex.org/A5113773959,1.0934547025231909,,,1.75,,1987,2005.0,,,4,14,702
2377,https://openalex.org/A5113803913,4.016091403384167,,,12.0,,1960,2022.0,,,11,136,6004
2378,https://openalex.org/A5113807785,0.8725353439584254,1902.0,1954.0,0.0,52.0,2020,1954.0,118.0,0.0,1,4,1
2379,https://openalex.org/A5113811534,3.688502645192203,,,5.7,,1987,2021.0,,,10,41,1419
2380,https://openalex.org/A5113860695,1.9031802910595823,,,1.8484848484848484,,1991,2025.0,,,99,154,3950
2381,https://openalex.org/A5113881984,1.672896005369612,1946.0,2013.0,4.0,67.0,2005,2013.0,59.0,0.0,2,5,0
2382,https://openalex.org/A5113887827,2.3592517252649325,,,9.0,,1979,2007.0,,,3,19,515
2383,https://openalex.org/A5113904052,4.602820788088144,1941.0,,0.0,,1964,1964.0,23.0,,1,7,1
2384,https://openalex.org/A5113944937,0.1122862784625716,,,0.0,,2013,2025.0,,,6,9,49
2385,https://openalex.org/A5113974833,2.0571714236056553,1867.0,1915.0,1.7,48.0,2006,1915.0,139.0,0.0,10,45,1478
2386,https://openalex.org/A5114000067,0.266726148062737,,,0.0,,1996,1996.0,,,2,2,0
2387,https://openalex.org/A5114163117,1.4581745533190622,,,6.6875,,1975,2018.0,,,16,91,2178
2388,https://openalex.org/A5114376714,2.7181219539479393,1971.0,,2.1923076923076925,,1998,2025.0,27.0,,26,708,28144
2389,https://openalex.org/A5114377818,2.0420422839734385,,,2.310344827586207,,1990,2025.0,,,29,2047,124574
2390,https://openalex.org/A5114819598,4.602820788088144,,,0.0,,2024,2024.0,,,1,1,28
2391,https://openalex.org/A5114916062,0.1122862784625716,,,0.0,,1995,1995.0,,,1,1,8
2392,https://openalex.org/A5115594109,5.650479402791603,1818.0,1876.0,0.7297297297297297,58.0,1981,1876.0,163.0,0.0,37,80,1546
2393,https://openalex.org/A5115604391,1.5941637789301288,1976.0,2005.0,4.4,29.0,1997,2005.0,21.0,0.0,20,138,5110
2394,https://openalex.org/A5115804275,4.602820788088144,,,0.0,,2025,2025.0,,,1,1,42
2395,https://openalex.org/A5115861810,1.5890521119671965,,,1.9898477157360406,,1982,2025.0,,,197,484,11467
2396,https://openalex.org/A5116163073,4.602820788088144,,,0.0,,2025,2025.0,,,1,2,0
2397,https://openalex.org/A5116243877,2.6137506216898774,,,0.0,,2025,2025.0,,,2,1,0
2398,https://openalex.org/A5116666788,4.602820788088144,,,0.0,,2025,2025.0,,,1,1,4
2399,https://openalex.org/A5116787761,0.1122862784625716,1987.0,,0.0,,2025,2025.0,38.0,,1,1,1
2400,https://openalex.org/A5116824338,4.602820788088144,,,0.0,,2025,2025.0,,,1,2,11
2401,https://openalex.org/A5117152269,0.8725353439584254,,,0.0,,2025,2025.0,,,1,1,0
2402,https://openalex.org/A5117231985,2.5119934028755235,,,0.0,,2025,2025.0,,,2,1,0
2403,https://openalex.org/A5119174045,4.602820788088144,,,0.0,,2025,2025.0,,,1,2,1
2404,https://openalex.org/A5119330251,0.8725353439584254,,,0.0,,2025,2025.0,,,1,1,0
2405,https://openalex.org/A5119516864,4.602820788088144,,,0.0,,2025,2025.0,,,1,1,0
2406,https://openalex.org/A5119565149,0.8725353439584254,,,0.0,,2025,2025.0,,,1,1,0
2407,https://openalex.org/A5120217228,3.4355003116206753,,,0.0,,2025,2025.0,,,3,1,0
2408,https://openalex.org/A5121210271,0.8725353439584254,1877.0,1945.0,0.0,68.0,2025,1945.0,148.0,0.0,1,1,0
