 author_id,name,inst_1_id,inst_1_name,year_start_1,year_end_1,MIT_ID,MIT_year_start,MIT_year_end,current_institutions,past_institutions,orcid,status,message
https://openalex.org/A5006649339,Minxian Wang,https://openalex.org/I63966007,Massachusetts Institute of Technology,2020,2024,https://openalex.org/I63966007,2020,2024,Chinese Academy of Medical Sciences & Peking Union Medical College; Peking Union Medical College Hospital; Zhongnan Hospital of Wuhan University; Sino-Danish Centre for Education and Research; University of Chinese Academy of Sciences; Wuhan University; Beijing Institute of Genomics; Chinese Academy of Sciences; Shanghai Center For Bioinformation Technology,Zhejiang International Studies University; Massachusetts Institute of Technology; Nanjing Medical University; Dalian Medical University; Harvard University; Beijing Institute of Technology; Shanghai Institutes for Biological Sciences; Center for Excellence in Molecular Cell Science; Wuhan University of Technology; First Affiliated Hospital of Dalian Medical University; Massachusetts General Hospital; Beth Israel Deaconess Medical Center; Broad Institute,0000-0002-3753-508X,,
https://openalex.org/A5024185940,Rebecca L. Li,https://openalex.org/I63966007,Massachusetts Institute of Technology,2022,2025,https://openalex.org/I63966007,2022,2025,Massachusetts Institute of Technology,"Northwestern University; University of California, Los Angeles; California NanoSystems Institute",0000-0001-7208-3413,,
https://openalex.org/A5080002631,Raymond L. Goldsworthy,https://openalex.org/I63966007,Massachusetts Institute of Technology,2004,2013,https://openalex.org/I63966007,2004,2013,Southern California University for Professional Studies; University of Southern California,Massachusetts Institute of Technology; Harvard–MIT Division of Health Sciences and Technology; Sensimetrics Corporation,0000-0003-3781-5468,,
https://openalex.org/A5035765529,Rosalie M. Uchanski,https://openalex.org/I63966007,Massachusetts Institute of Technology,1981,2002,https://openalex.org/I63966007,1981,2002,Washington University in St. Louis,Cambridge Electronics (United States); Boston University; IIT@MIT; Central Institute for the Deaf; Massachusetts Institute of Technology; St. Louis County Missouri; Google (United States); Vassar College,0000-0002-7904-0202,,
https://openalex.org/A5113462810,Jeremy Allen,https://openalex.org/I63966007,Massachusetts Institute of Technology,1984,1984,https://openalex.org/I63966007,1984,1984,University of Salford,Southmead Hospital; Royal Stoke University Hospital; Southampton General Hospital; Glenn Research Center; Biomedical Research Institute; Keele University; Freeport-McMoRan (United States); Nova Medical (United States); Massachusetts Institute of Technology,,,
https://openalex.org/A5090496236,Scott Middleton,https://openalex.org/I63966007,Massachusetts Institute of Technology,2019,2019,https://openalex.org/I63966007,2019,2019,,Massachusetts Institute of Technology,,,
https://openalex.org/A5002781267,K.V. Shenoy,https://openalex.org/I63966007,Massachusetts Institute of Technology,1993,2002,https://openalex.org/I63966007,1993,2002,Integrated Photonics Technology (United States); Massachusetts Institute of Technology,California Institute of Technology; Hertz Foundation; Science Research Laboratory; U.S. National Science Foundation,,,
https://openalex.org/A5063516854,Nicolas Mathey‐Andrews,https://openalex.org/I63966007,Massachusetts Institute of Technology,2023,2024,https://openalex.org/I63966007,2023,2024,Allen Institute; Koch Institute for Integrative Cancer Research At MIT,Duke Medical Center; Harvard University; Massachusetts Institute of Technology,0000-0003-2373-0172,,
https://openalex.org/A5063994783,Atılım Güneş Baydin,https://openalex.org/I63966007,Massachusetts Institute of Technology,2021,2021,https://openalex.org/I63966007,2021,2021,,"National University of Ireland, Maynooth; Chalmers University of Technology; National Research Council; Western Sydney University; Science Oxford; Turing Institute; Microsoft Research (United Kingdom); University of Oxford; Massachusetts Institute of Technology",0000-0001-9854-8100,,
https://openalex.org/A5090423647,A. Sandacz,https://openalex.org/I63966007,Massachusetts Institute of Technology,1988,1988,https://openalex.org/I63966007,1988,1988,,"Massachusetts Institute of Technology; AGH University of Krakow; Fermi National Accelerator Laboratory; University of Aveiro; Warsaw University of Technology; Joint Institute for Nuclear Research; Istituto Nazionale di Fisica Nucleare, Sezione di Torino; University of Warsaw; National Centre for Nuclear Research; A. Alikhanyan National Laboratory; University of Turin",0000-0002-0623-6642,,
https://openalex.org/A5030022945,Patrick Guilfoile,https://openalex.org/I63966007,Massachusetts Institute of Technology,1997,1997,https://openalex.org/I63966007,1997,1997,,Massachusetts General Hospital; Massachusetts Institute of Technology; Bemidji State University; Whitehead Institute for Biomedical Research; Boston University,,,
https://openalex.org/A5042051448,Takeo Hoshi,https://openalex.org/I63966007,Massachusetts Institute of Technology,1987,1987,https://openalex.org/I63966007,1987,1987,National Institute for Fusion Science; The University of Tokyo,"Federal Reserve; The University of Osaka; Bank of Japan; Federal Reserve Board of Governors; Cabinet Office; University of California, San Diego; Bank of Italy; Paris School of Economics; Research Institute of Economy, Trade and Industry; University of Chicago; Banque de France; International Monetary Fund; Nagoya University; School of International Relations; High Energy Accelerator Research Organization; Tottori University; Tottori College; Kobe University; Japan Center for Economic Research; Stanford University; Japan University of Economics; Japan Science and Technology Agency; Hitotsubashi University; Massachusetts Institute of Technology; Federal Reserve Bank of New York; University of California, San Francisco; University of California, Santa Cruz; Pacific Research Institute; National Bureau of Economic Research; Federal Reserve Bank of San Francisco; Chuo University; Osaka University of Economics; Keio University; University of Illinois Chicago",0000-0002-2487-5245,,
https://openalex.org/A5113648437,Thomas B. Sheridan,https://openalex.org/I63966007,Massachusetts Institute of Technology,1965,2019,https://openalex.org/I63966007,1965,2019,Sandia National Laboratories; University of Arizona,"National Academy of Sciences; University College Dublin; American Institute of Aeronautics and Astronautics; Virginia Department of Transportation; Volpe National Transportation Systems Center; Transport Canada; AbbVie (Ireland); Massachusetts Institute of Technology; IIT@MIT; Machine Science; United States Department of Transportation; National Academies of Sciences, Engineering, and Medicine",,,
https://openalex.org/A5066267452,W. G. Klemperer,https://openalex.org/I63966007,Massachusetts Institute of Technology,1972,1973,https://openalex.org/I63966007,1972,1973,,The University of Tokyo; University of Illinois Urbana-Champaign; Urbana University; Columbia University; Iowa State University; Goodwin College; Sandia National Laboratories; Ames National Laboratory; University of Florida; University of California System; University of Nebraska–Lincoln; Massachusetts Institute of Technology; Lawrence Berkeley National Laboratory; ExxonMobil (Germany); University of Kansas; Defense Advanced Research Projects Agency; University of Bath; ExxonMobil (United States),,,
https://openalex.org/A5063590702,Giuseppe Romano,https://openalex.org/I63966007,Massachusetts Institute of Technology,2011,2022,https://openalex.org/I63966007,2011,2022,,University of Catania; Polytechnic University of Turin; University of Hohenheim; Boston College; Heidenhain (Germany); Forestry Research Centre; Georgia Institute of Technology; University of Rome Tor Vergata; University of Bremen; Institute for Soldier Nanotechnologies; Italian Society of Physiotherapy; Massachusetts Institute of Technology; Universidad de Oviedo; Azienda Unità Sanitaria Locale Della Romagna,0000-0003-0026-8237,,
https://openalex.org/A5071694286,Thomas D. Ketcham,https://openalex.org/I63966007,Massachusetts Institute of Technology,1982,1982,https://openalex.org/I63966007,1982,1982,Corning (United States),Massachusetts Institute of Technology; University of Utah,,,
https://openalex.org/A5032815236,Margaret Dushko,https://openalex.org/I63966007,Massachusetts Institute of Technology,2018,2018,https://openalex.org/I63966007,2018,2018,McGovern Institute for Brain Research; Massachusetts Institute of Technology,,,,
https://openalex.org/A5054773003,Sara Matthews,https://openalex.org/I63966007,Massachusetts Institute of Technology,2017,2017,https://openalex.org/I63966007,2017,2017,McGill University; Bellevue Hospital Center; Université de Montréal,Massachusetts Institute of Technology; Polytechnique Montréal; Institut National de la Recherche Agronomique; United Kingdom Atomic Energy Authority; Laboratoire de Chimie,0000-0003-2657-2253,,
https://openalex.org/A5111817931,Michael K. Qin,https://openalex.org/I63966007,Massachusetts Institute of Technology,2003,2006,https://openalex.org/I63966007,2003,2006,Office of Naval Research,University of Connecticut; Harvard–MIT Division of Health Sciences and Technology; Naval Submarine Medical Research Laboratory; United States Navy; Worcester Polytechnic Institute; Massachusetts Institute of Technology; United States Department of the Navy; Moscow Institute of Thermal Technology; IIT@MIT; Johnson Space Center,,,
https://openalex.org/A5112005299,Sofie Hashmi,https://openalex.org/I63966007,Massachusetts Institute of Technology,1991,1991,https://openalex.org/I63966007,1991,1991,Massachusetts Institute of Technology; Whitehead Institute for Biomedical Research,Vanderbilt University,,,
https://openalex.org/A5044471012,Dean S. Edmonds,https://openalex.org/I63966007,Massachusetts Institute of Technology,1957,1957,https://openalex.org/I63966007,1957,1957,Diagnologix (United States),Western University; Massachusetts Institute of Technology; Boston University,,,
https://openalex.org/A5103535681,Kyosung Hwang,https://openalex.org/I63966007,Massachusetts Institute of Technology,2009,2009,https://openalex.org/I63966007,2009,2009,,Hanyang University; Massachusetts Institute of Technology,,,
https://openalex.org/A5015485130,L. Parad,https://openalex.org/I63966007,Massachusetts Institute of Technology,2010,2012,https://openalex.org/I63966007,2010,2012,Massachusetts Institute of Technology; MIT Lincoln Laboratory,CTS Corporation (United States),,,
https://openalex.org/A5069075055,R. Rox Anderson,https://openalex.org/I63966007,Massachusetts Institute of Technology,2004,2016,https://openalex.org/I63966007,2004,2016,Harvard University; Massachusetts General Hospital,"University of Washington; Military Health System; International Science and Technology Institute; The Royal Melbourne Hospital; Johnson Space Center; Long Island University; Brigham and Women's Hospital; Deaconess Hospital; Sciences Po Grenoble; American University; University of Missouri; New Haven Public Schools; Shriners Hospitals for Children - Boston; Harvard University Press; University of California, Davis; St Vincent’s Private Hospital Sydney; Society For Investigative Dermatology; Massachusetts Institute of Technology; Harvard–MIT Division of Health Sciences and Technology; University of Lübeck; Ball (France); Massachusetts Eye and Ear Infirmary; Marymount University; McMaster University; Royal College of Obstetricians and Gynaecologists",0000-0003-4966-3035,,
https://openalex.org/A5111458376,Kenji Mase,https://openalex.org/I63966007,Massachusetts Institute of Technology,1989,1989,https://openalex.org/I63966007,1989,1989,,Massachusetts Institute of Technology; Nagoya University; Research Organization of Information and Systems; Kyoto Seika University; Meijo University; IEEE Computer Society; NTT (Japan); Advanced Telecommunications Research Institute International; Information Processing Society of Japan; Japan Patent Office; Japan Advanced Institute of Science and Technology; Kyoto University; NTT (United States); Interface (United Kingdom); Interface (United States),,,
https://openalex.org/A5062132898,Carlo C. Maley,https://openalex.org/I63966007,Massachusetts Institute of Technology,1995,1997,https://openalex.org/I63966007,1995,1997,Biocom; Arizona State University,"Cancer Research Center; The Wistar Institute; Brigham and Women's Hospital; Illumina (United States); UCSF Helen Diller Family Comprehensive Cancer Center; Translational Genomics Research Institute; Chungnam National University Hospital; Woods Hole Oceanographic Institution; ORCID; Massachusetts Institute of Technology; University of Pennsylvania; Phoenix (United States); Korea Research Institute of Bioscience and Biotechnology; University of California, San Francisco; Norwegian Womens Public Health Association; University of Arizona; Fred Hutch Cancer Center; Cape Town HVTN Immunology Laboratory / Hutchinson Centre Research Institute of South Africa; California University of Pennsylvania; University of Washington; Korea University; Institute for Advanced Study; University of New Mexico; Harvard University; Institute of Cancer Research; Institute of Cancer Research; Molecular Oncology (United States); Johns Hopkins University",0000-0002-0745-7076,,
https://openalex.org/A5103057722,Susumu Ogawa,https://openalex.org/I63966007,Massachusetts Institute of Technology,2016,2016,https://openalex.org/I63966007,2016,2016,,"Massachusetts Institute of Technology; Ministry of Education, Science and Culture; Kobe University",0000-0003-4169-0477,,
https://openalex.org/A5110415660,H Heimann,https://openalex.org/I63966007,Massachusetts Institute of Technology,1978,1978,https://openalex.org/I63966007,1978,1978,German Center for Infection Research; University of Tübingen,Freie Universität Berlin; University Children's Hospital Tübingen; Hôpital de Cery; Goethe Institut; Bayer (Germany); Massachusetts Institute of Technology; Klinik und Poliklinik für Psychiatrie und Psychotherapie; Institut Universitaire de Recherche Clinique; University Psychiatric Hospital; Universitätsklinikum Tübingen; Merck (Germany),,,
https://openalex.org/A5030380494,Brian D. Follstad,https://openalex.org/I63966007,Massachusetts Institute of Technology,1998,2002,https://openalex.org/I63966007,1998,2002,,University of Minnesota; Amgen (United States); Massachusetts Institute of Technology,,,
https://openalex.org/A5026898960,Barbara Valent,https://openalex.org/I63966007,Massachusetts Institute of Technology,1984,1984,https://openalex.org/I63966007,1984,1984,Kansas State University; Plant (United States),Purdue University West Lafayette; Ghent University; University of Colorado Boulder; Massachusetts Institute of Technology; Pennsylvania State University; University of Freiburg; Wilmington University; DuPont (United States); Experimental Station; Central Research Institute; University of Colorado System; Arkansas Agricultural Experiment Station; Whitehead Institute for Biomedical Research; Swedish Forest Agency,0000-0002-5088-3345,,
https://openalex.org/A5108395501,J. P. Hill,https://openalex.org/I63966007,Massachusetts Institute of Technology,1989,1997,https://openalex.org/I63966007,1989,1997,Brookhaven National Laboratory,Massachusetts Institute of Technology; University of Helsinki; RIKEN BNL Research Center; Sandia National Laboratories; National Institute of Standards and Technology; Helsinki Institute of Physics; Virginia Commonwealth University,,,
https://openalex.org/A5008274210,A. Cwikla,https://openalex.org/I63966007,Massachusetts Institute of Technology,2003,2003,https://openalex.org/I63966007,2003,2003,Gdańsk University of Technology; University of Gdańsk,Massachusetts Institute of Technology,,,
https://openalex.org/A5087477711,Asli Kumbasar,https://openalex.org/I63966007,Massachusetts Institute of Technology,1994,1999,https://openalex.org/I63966007,1994,1999,Istanbul Technical University,"British Association of Urological Surgeons; TÜBİTAK Marmara Research Center; Kocaeli Üniversitesi; University of California, Irvine; Scientific and Technological Research Council of Turkey; University of Maryland, Baltimore; Massachusetts Institute of Technology; Istanbul University",0000-0001-8574-2756,,
https://openalex.org/A5082143836,Gary R. Lapudis,https://openalex.org/I63966007,Massachusetts Institute of Technology,1988,1988,https://openalex.org/I63966007,1988,1988,Massachusetts Institute of Technology,,,,
https://openalex.org/A5072940644,Jørgen Kjems,https://openalex.org/I63966007,Massachusetts Institute of Technology,1991,1991,https://openalex.org/I63966007,1991,1991,Copenhagen University Hospital; Aarhus University; Herlev Hospital,"Hokkaido University; Bar-Ilan University; Rega Institute for Medical Research; KU Leuven; European Molecular Biology Organization; CEA Paris-Saclay; University of Southern Denmark; Utrecht University; Odense University Hospital; Universidade Estadual de Campinas (UNICAMP); Research Complex at Harwell; Molecular Biology Consortium; Center for NanoScience; AT&T (United States); Lundbeck Foundation; University of California, San Diego; Goethe University Frankfurt; Georgia Institute of Technology; Institute of Bioorganic Chemistry; Tohoku University; ETH Zurich; Fraunhofer Institute for Telecommunications, Heinrich Hertz Institute; Massachusetts Institute of Technology; Board of the Swiss Federal Institutes of Technology; National Cancer Institute; Nordic Laboratory for Luminescence Dating; Centre National de la Recherche Scientifique; Aarhus University Hospital; Center for Cancer Research; Public Health Department; Uppsala University; Rigshospitalet; Institute of Molecular Biology; Danish National Research Foundation; Brookhaven National Laboratory; Max Planck Institute of Molecular Cell Biology and Genetics; Centre for Sustainable Energy; Stockholm University; Technical University of Denmark; Ball (France); Johannes Gutenberg University Mainz; Rijksmuseum; Novartis (Austria); Atomic Energy (Canada); Institut für Technische und Angewandte Physik (Germany); Max Planck Institute for Chemistry; University of Bern; Aarhus School of Architecture",0000-0003-4128-9317,,
https://openalex.org/A5080463497,P. L. Kuhns,https://openalex.org/I63966007,Massachusetts Institute of Technology,1987,1991,https://openalex.org/I63966007,1987,1991,Florida State University; National High Magnetic Field Laboratory,Advanced Science Research Center; Chung-Ang University; Northwestern University; University of Florida; Japan Atomic Energy Agency; Louisiana State University; William & Mary; JEOL (United States); Williams (United States); Massachusetts Institute of Technology; University of Minnesota; Centre National de la Recherche Scientifique; Uppsala University; Albemarle (United States); Pacific Northwest National Laboratory,,,
https://openalex.org/A5112779500,Briony Swire,https://openalex.org/I63966007,Massachusetts Institute of Technology,2017,2018,https://openalex.org/I63966007,2017,2018,The University of Western Australia; Massachusetts Institute of Technology; Northeastern University,,,,
https://openalex.org/A5065925140,Carlos López‐Jaramillo,https://openalex.org/I63966007,Massachusetts Institute of Technology,1974,1974,https://openalex.org/I63966007,1974,1974,Stellenbosch University; New Mexico State University; Universidad de Antioquia,"Brain and Cognition Discovery Foundation; Florida International University; Universitat de Barcelona; Northwick Park Hospital; St. Joseph’s Healthcare Hamilton; Universitätsklinikum Aachen; Servicio Aragonés de Salud; Goethe University Frankfurt; Universidade Federal do Rio Grande do Sul; Global Initiative on Psychiatry; Massachusetts Institute of Technology; University of Calgary; Pontificia Universidad Católica de Chile; Hospital Metropolitano; Hospital Universitario de San Vicente Fundación; American Jewish Committee; Centro de Investigación Biomédica en Red de Salud Mental; Instituto Tecnológico Metropolitano; Pine Rest Christian Mental Health Services; University Health Network; University College London; Charité - Universitätsmedizin Berlin; Universidad EAFIT; Rutgers, The State University of New Jersey; Asociación Española de Psiquiatría del Niño y el Adolescente; RWTH Aachen University; University of Toronto; Technische Universität Dresden; National Oncologic Institute; University of Pittsburgh; Consorci Institut D'Investigacions Biomediques August Pi I Sunyer",0000-0002-1875-1369,,
https://openalex.org/A5044898008,Xiaojie Duan,https://openalex.org/I63966007,Massachusetts Institute of Technology,2007,2007,https://openalex.org/I63966007,2007,2007,National University of Singapore; Peking University,National Laboratory of Solid State Microstructures; University of Leeds; Liaoning University; Nanjing University of Aeronautics and Astronautics; Center for Interdisciplinary Studies; Beijing University of Chinese Medicine; Harvard University; National Institutes for Food and Drug Control; Shenyang Agricultural University; Imaging Center; State Key Laboratory for Structural Chemistry of Unstable and Stable Species; Beijing National Laboratory for Molecular Sciences; Harvard University Press; Nanjing Xiaozhuang University; China Agricultural University; King University; Beijing Graphene Institute; Massachusetts Institute of Technology; Beijing Technology and Business University; Tiangong University,0000-0001-7799-3897,,
https://openalex.org/A5113505722,J. C. Hillesheim,https://openalex.org/I63966007,Massachusetts Institute of Technology,2011,2011,https://openalex.org/I63966007,2011,2011,United Kingdom Atomic Energy Authority; Boston Fusion (United States); Culham Science Centre; Fusion Academy,"Massachusetts Institute of Technology; Culham Centre for Fusion Energy; General Atomics (United States); University of Wisconsin–Madison; University of California, Los Angeles; Princeton Plasma Physics Laboratory",,,
https://openalex.org/A5025375830,C. Michael Greenlief,https://openalex.org/I63966007,Massachusetts Institute of Technology,1990,1990,https://openalex.org/I63966007,1990,1990,University of Missouri,Massachusetts Institute of Technology; Division of Chemistry; Sandia National Laboratories; Missouri College; University of Washington; IBM Research - Thomas J. Watson Research Center; IBM (United States); University of Wisconsin–Madison; Columbia College - Missouri; South College; The University of Texas at Austin,0000-0001-6420-7375,,
https://openalex.org/A5081308010,Alan V. Klotz,https://openalex.org/I63966007,Massachusetts Institute of Technology,1983,1986,https://openalex.org/I63966007,1983,1986,Eli Lilly (United States),"Hôpital Broussais; Massachusetts Institute of Technology; Novo Nordisk (United States); Dow Chemical (United States); Lawrence Berkeley National Laboratory; Marine Biological Laboratory; University of California, Davis; University of California, Berkeley; Abbott Fund; Woods Hole Oceanographic Institution; Louisiana State University; Novo Nordisk (Denmark)",,,
https://openalex.org/A5060046582,Philip J. Vergragt,https://openalex.org/I63966007,Massachusetts Institute of Technology,2006,2006,https://openalex.org/I63966007,2006,2006,,Tellus Institute; University of Waterloo; Clark University; Leuphana University of Lüneburg; University of Groningen; Action Network; Delft University of Technology; Massachusetts Institute of Technology; University of Manchester,,,
https://openalex.org/A5007627428,N. Buzinsky,https://openalex.org/I63966007,Massachusetts Institute of Technology,2017,2024,https://openalex.org/I63966007,2017,2024,,Massachusetts Institute of Technology; University of Alberta; RWTH Aachen University; Friedrich-Alexander-Universität Erlangen-Nürnberg; Johannes Gutenberg University Mainz; University of Washington,0000-0002-5326-331X,,
https://openalex.org/A5043840964,Gary F. Mitchell,https://openalex.org/I63966007,Massachusetts Institute of Technology,2005,2008,https://openalex.org/I63966007,2005,2008,Norwood Hospital,"Itamar Medical (Israel); Glostrup Hospital; Broad Institute; University of Missouri Health System; Maastricht University Medical Centre; Naval Research Laboratory Information Technology Division; University of California, Davis; George Washington University; University of Pittsburgh Medical Center; University of Michigan; University of Massachusetts Chan Medical School; University Hospital Regensburg; Tufts University; University of Missouri; Erasmus MC; Beth Israel Deaconess Medical Center; London Health Sciences Centre; University of Edinburgh; Framingham Heart Study; Johannes Gutenberg University Mainz; Toronto Western Hospital; University of Ottawa; Boston Medical Center; McGill University Health Centre; Boston University; MetroWest Medical Center; University of Mississippi Medical Center; Georgetown University; University of Maryland, Baltimore; St. Mary's University; Boston Engineering (United States); University of Miami; Texas Children's Hospital; Mayo Clinic in Arizona; Royal Brisbane and Women's Hospital; National Institute on Aging; Maastricht University; Cornell University; National Institutes of Health; University at Buffalo, State University of New York; Brigham and Women's Hospital; University of South Florida; Université de Montréal; University of Missouri Hospital; Leiden University Medical Center; Brown University; Royal North Shore Hospital; University of California, San Francisco; Northwestern University; National Taiwan University; Karolinska Institutet; Icelandic Heart Association; National Heart Lung and Blood Institute; MetroHealth; McGill University; Orange County Research Center; Leiden University; University Medical Center Utrecht; Universität Hamburg; Harvard University; Baylor College of Medicine; University Medical Center Hamburg-Eppendorf; The University of Texas Health Science Center at Houston; Lankenau Medical Center; Boston Children's Hospital; Institute on Aging; Washington University in St. Louis; Ralph H. Johnson VA Medical Center; Swinburne University of Technology; Jean Mayer Human Nutrition Research Center on Aging; Medical College of Wisconsin; Université de Moncton; Asan Medical Center; Massachusetts General Hospital; Q & T Research; Boston Public Schools; Center for Neurosciences; Vanderbilt University; Vrije Universiteit Amsterdam; Rhode Island Hospital; Centre hospitalier de l'Université Laval; Mount Sinai Medical Center; Inserm; Goethe University Frankfurt; Erie County Medical Center; United States Department of Veterans Affairs; University of North Carolina at Chapel Hill; Sorbonne Université; University of Bristol; Lifespan; Western University; University of California, Los Angeles; Montreal Heart Institute; Cardiovascular Research Associates; National Yang Ming Chiao Tung University; National University Hospital of Iceland; University of Iceland; Cardiovascular Institute of the South; Cleveland Clinic; VA Boston Healthcare System; Reykjavík University; Université de Caen Normandie; Hunter Holmes McGuire VA Medical Center; Massachusetts Institute of Technology; Tufts Medical Center; The University of Texas Southwestern Medical Center; Dover (United States); Virginia Commonwealth University Medical Center; Cambridge Crystallographic Data Centre; Saint Mary's University; Lung Institute; MetroHealth Medical Center; Office of Extramural Research; Louis Stokes Cleveland VA Medical Center; Erasmus University Rotterdam",0000-0001-5643-3145,,
https://openalex.org/A5047125544,Natalia Comella,https://openalex.org/I63966007,Massachusetts Institute of Technology,2001,2005,https://openalex.org/I63966007,2001,2005,Massachusetts Institute of Technology,Harvard University; Massachusetts General Hospital; Beth Israel Deaconess Medical Center,,,
https://openalex.org/A5005369193,Peter H.R. Green,https://openalex.org/I63966007,Massachusetts Institute of Technology,1979,1979,https://openalex.org/I63966007,1979,1979,Columbia University; Columbia University Irving Medical Center,Royal Victoria Hospital; Barro Colorado Island; McGill University; Weatherford College; Massachusetts Institute of Technology; Royal College of Physicians; Montefiore Medical Center; Montreal Clinical Research Institute; Shaare Zedek Medical Center; Columbia College; Université de Montréal; Centre Hospitalier Universitaire Sainte-Justine; Cornell University,0000-0001-6839-9634,,
https://openalex.org/A5009933240,Piotr Fidkowski,https://openalex.org/I63966007,Massachusetts Institute of Technology,2011,2011,https://openalex.org/I63966007,2011,2011,American Institute of Aeronautics and Astronautics; Massachusetts Institute of Technology,,,,
https://openalex.org/A5069674349,Samuel Martín,https://openalex.org/I63966007,Massachusetts Institute of Technology,1983,1988,https://openalex.org/I63966007,1983,1988,University of Tasmania; University of Missouri; University of Aberdeen; Australian Maritime College; University of Notre Dame,"Netherlands Institute of Ecology; Norwegian University of Life Sciences; University of Tennessee Health Science Center; Laboratoire des Sciences de l'Environnement Marin; Medical University of South Carolina; Indiana University; ENVIRON (United States); Rosalind Franklin University of Medicine and Science; Asian Institute of Technology; Ollscoil na Gaillimhe – University of Galway; Centro de Investigación en Sanidad Animal; University of Maryland, Baltimore; Laboratoire Jean Kuntzmann; University of Leicester; Universidade de Brasília; Laboratoire Pacte; Marine Scotland; IIT@MIT; Laboratory for Research on Enterprise and Decisions; Centre de Recherche en Automatique de Nancy; Massachusetts Institute of Technology; Université de Lorraine; University at Albany, State University of New York; Université de Lille; Harvard University; Centro Regional de Selección y Reproducción Animal; University of Edinburgh; Territoires; Indiana University School of Medicine; Indiana University – Purdue University Indianapolis; University of Illinois Urbana-Champaign; Université Grenoble Alpes; Institut Universitaire Européen de la Mer; Microsoft (United States); University of Utah; University of Stirling; University of Glasgow; New Mexico Institute of Mining and Technology; Suez (France); Queen's University Belfast; Neapolis University Pafos; BioMar (United Kingdom); Institute on Aging; Montana State University; Institute of Biological, Environmental and Rural Sciences; University of Arizona",0000-0003-0289-6317,,
https://openalex.org/A5007376623,S. Kumano,https://openalex.org/I63966007,Massachusetts Institute of Technology,1987,1988,https://openalex.org/I63966007,1987,1988,Institute of Modern Physics; Institute of Particle and Nuclear Studies; High Energy Accelerator Research Organization; Chinese Academy of Sciences,"Oak Ridge National Laboratory; Fermi National Accelerator Laboratory; The University of Osaka; Ghent University; Mississippi State University; Kyoto University; Florida International University; University of Applied Sciences Mainz; The University of Tokyo; Institute of Physics, Academia Sinica; Massachusetts Institute of Technology; Japan Proton Accelerator Research Complex; Japan Women's University; Tokyo University of Science; University of Washington; European Organization for Nuclear Research; Takasago (United States); Juntendo University; Indiana University Bloomington; University of Illinois Urbana-Champaign; Okayama University; The Graduate University for Advanced Studies, SOKENDAI; University of Tennessee at Knoxville; Saga University; Johannes Gutenberg University Mainz; Institute of High Energy Physics",0000-0003-4884-1880,,
https://openalex.org/A5111278421,Jack C. Cavanagh,https://openalex.org/I63966007,Massachusetts Institute of Technology,2024,2024,https://openalex.org/I63966007,2024,2024,Massachusetts Institute of Technology,,,,
https://openalex.org/A5011199257,Lan‐Chang Liang,https://openalex.org/I63966007,Massachusetts Institute of Technology,1998,2000,https://openalex.org/I63966007,1998,2000,National Sun Yat-sen University; Kaohsiung Medical University,National Taiwan University; First Hospital of Jilin University; National Chung Cheng University; Massachusetts Institute of Technology; Jilin University; National Changhua University of Education,0000-0002-8185-2824,,
https://openalex.org/A5085921452,Thomas W. Eagar,https://openalex.org/I63966007,Massachusetts Institute of Technology,1972,2020,https://openalex.org/I63966007,1972,2020,,American Ceramic Society; Materials Processing (United States); Massachusetts Institute of Technology; Engineering Systems (United States); IIT@MIT; Fusion Academy,,,
https://openalex.org/A5109102600,Ruth T. McVey,https://openalex.org/I63966007,Massachusetts Institute of Technology,1963,1963,https://openalex.org/I63966007,1963,1963,,Cornell University; University of London; SOAS University of London; Massachusetts Institute of Technology; Universidad de Londres; Yale University,,,
https://openalex.org/A5000652195,Brandon Sorbom,https://openalex.org/I63966007,Massachusetts Institute of Technology,2013,2015,https://openalex.org/I63966007,2013,2015,,Boston Fusion (United States); Fusion Academy; Massachusetts Institute of Technology; Fusion (United States); Plasma Technology (United States),0000-0002-2110-6766,,
https://openalex.org/A5077701062,Ryan Boas,https://openalex.org/I63966007,Massachusetts Institute of Technology,2006,2006,https://openalex.org/I63966007,2006,2006,,Engineering Systems (United States); Massachusetts Institute of Technology,,,
https://openalex.org/A5110231501,J. Hedgecock,https://openalex.org/I63966007,Massachusetts Institute of Technology,1990,1990,https://openalex.org/I63966007,1990,1990,,Oceaneering International (United States); Massachusetts Institute of Technology,,,
https://openalex.org/A5103378862,Muralidharan Shanmugam,https://openalex.org/I63966007,Massachusetts Institute of Technology,2009,2009,https://openalex.org/I63966007,2009,2009,University of Manchester,Max Planck Society; University of Stuttgart; University of Florence; Institut National des Sciences Appliquées de Rennes; Massachusetts Institute of Technology; Northwestern University,,,
https://openalex.org/A5023094592,Kepler S. Mears,https://openalex.org/I63966007,Massachusetts Institute of Technology,2023,2023,https://openalex.org/I63966007,2023,2023,Broad Institute; McGovern Institute for Brain Research; Massachusetts Institute of Technology,Dana-Farber Cancer Institute; Howard Hughes Medical Institute; Oberlin College,,,
https://openalex.org/A5039726955,Venkatesan Sundaresan,https://openalex.org/I63966007,Massachusetts Institute of Technology,1983,1983,https://openalex.org/I63966007,1983,1983,"Innovative Genomics Institute; Plant (United States); University of California, Berkeley; University of California, Davis","Harvard University; Communities In Schools of Orange County; St. Xavier's College (Autonomous); Australian National University; Centre de Coopération Internationale en Recherche Agronomique pour le Développement; University of Chinese Academy of Sciences; Central Institute of Medicinal and Aromatic Plants; Commonwealth Scientific and Industrial Research Organisation; University of Arizona; Temasek Life Sciences Laboratory; Horticultural Research Institute; Rural Development Administration; Pohang University of Science and Technology; Sri Venkateswara University; Nanyang Technological University; Cold Spring Harbor Laboratory; International Rice Research Institute; Chinese Academy of Sciences; Advisory Board Company (United States); Institute of Molecular and Cell Biology; University of Delhi; California Institute of Technology; Planta; Huazhong Agricultural University; Virginia Tech; Wageningen University & Research; Institute of Plant and Microbial Biology, Academia Sinica; Plant Industry; Stanford University; Institute of Genetics and Developmental Biology; Instituto Tecnológico Superior de Irapuato; Massachusetts General Hospital; Massachusetts Institute of Technology; National University of Singapore; University of California System; St Xavier’s College; RELX Group (United Kingdom); New York Proton Center; Lemuel Shattuck Hospital; Parker Hannifin (Germany); Ithaca College",0000-0002-4670-0630,,
https://openalex.org/A5024845779,Zahi N. Karam,https://openalex.org/I63966007,Massachusetts Institute of Technology,2007,2010,https://openalex.org/I63966007,2007,2010,,Signal Processing (United States); MIT Lincoln Laboratory; University of Michigan; Massachusetts Institute of Technology; IIT@MIT,0000-0003-1409-5488,,
https://openalex.org/A5111759312,D. K. Mansfield,https://openalex.org/I63966007,Massachusetts Institute of Technology,1997,1997,https://openalex.org/I63966007,1997,1997,Princeton Plasma Physics Laboratory,"Rutgers, The State University of New Jersey; General Atomics (United States); Columbia University; Princeton University; Hungarian Academy of Sciences; Oak Ridge National Laboratory; Massachusetts Institute of Technology; Lawrence Livermore National Laboratory; Spectra Research (United States); University of California, San Diego; Pennsylvania State University; United States Department of Energy; Canadian Fuels Association; Joint European Torus; University of Technology Sydney; Los Alamos National Laboratory; Institute for Particle and Nuclear Physics; The University of Sydney; Hamilton Health Sciences; National Institute for Fusion Science; University of Wisconsin–Madison; Advanced Science Research Center",,,
https://openalex.org/A5021774850,Wilko Rohlfs,https://openalex.org/I63966007,Massachusetts Institute of Technology,2016,2016,https://openalex.org/I63966007,2016,2016,University of Twente,Massachusetts Institute of Technology; FH Aachen; RWTH Aachen University,0000-0002-8756-4778,,
https://openalex.org/A5063196461,Simon Butterworth,https://openalex.org/I63966007,Massachusetts Institute of Technology,2024,2024,https://openalex.org/I63966007,2024,2024,The Francis Crick Institute,National Hospital for Neurology and Neurosurgery; University of Cambridge; Whitehead Institute for Biomedical Research; University College London Hospitals NHS Foundation Trust; Massachusetts Institute of Technology; University College London,0000-0002-4605-291X,,
https://openalex.org/A5109051591,H. A. Mook,https://openalex.org/I63966007,Massachusetts Institute of Technology,1966,1966,https://openalex.org/I63966007,1966,1966,,Harvard University; University of Houston; United States Department of Energy; Nordic Laboratory for Luminescence Dating; University of Washington; Harvard University Press; Ames National Laboratory; University of Bristol; Iowa State University; Massachusetts Institute of Technology; Martin Marietta Materials (United States); AT&T (United States); University of Warwick; Los Alamos National Laboratory; Oak Ridge National Laboratory; University of Birmingham; University of Zurich; University of Toronto; Institut Laue-Langevin; HRL Laboratories (United States),,,
https://openalex.org/A5108450757,Terrence Nicholson,https://openalex.org/I63966007,Massachusetts Institute of Technology,1990,2005,https://openalex.org/I63966007,1990,2005,Dana-Farber Cancer Institute,"University at Albany, State University of New York; IIT@MIT; Massachusetts Institute of Technology; Syracuse University; Brigham and Women's Hospital; City & Guilds Group; Simmons University; Massachusetts General Hospital; University of Essex; Albany State University; Harvard University",,,
https://openalex.org/A5055590715,Jonathan Kane,https://openalex.org/I63966007,Massachusetts Institute of Technology,1999,2004,https://openalex.org/I63966007,1999,2004,Shell (United States); Shell (Netherlands),Massachusetts Institute of Technology; IIT@MIT,,,
https://openalex.org/A5068119192,M. LEE,https://openalex.org/I63966007,Massachusetts Institute of Technology,1991,1991,https://openalex.org/I63966007,1991,1991,Massachusetts Institute of Technology,,,,
https://openalex.org/A5089395013,Valeriya Lyssenko,https://openalex.org/I63966007,Massachusetts Institute of Technology,2007,2009,https://openalex.org/I63966007,2007,2009,University of Bergen; Skåne University Hospital; Lund University; Steno Diabetes Centers,Diagnostics Research Group; Max Planck Society; University of Helsinki; Minerva Foundation; Arkana Laboratories; Harvard University; Massachusetts General Hospital; University Hospital of Zurich; Carnegie Mellon University; Broad Institute; Institute for Molecular Medicine Finland; Wellcome Sanger Institute; Scania (Sweden); Genomics (United Kingdom); Diabetes Australia; Massachusetts Institute of Technology; Center for Human Genetics; Malmö University,0000-0002-0198-6524,,
https://openalex.org/A5022230286,Rebecca L. Maglathlin,https://openalex.org/I63966007,Massachusetts Institute of Technology,2003,2008,https://openalex.org/I63966007,2003,2008,"University of California, San Francisco",Purdue University West Lafayette; Massachusetts Institute of Technology; Broad Institute; Howard Hughes Medical Institute; Harvard University,,,
https://openalex.org/A5085368888,Zachary Schutzman,https://openalex.org/I63966007,Massachusetts Institute of Technology,2023,2023,https://openalex.org/I63966007,2023,2023,Massachusetts Institute of Technology,Tufts University; University of Pennsylvania; Princeton University; California University of Pennsylvania; Texas State University,0000-0002-3448-5654,,
https://openalex.org/A5100406016,Jin Zhang,https://openalex.org/I63966007,Massachusetts Institute of Technology,2005,2009,https://openalex.org/I63966007,2005,2009,Xi'an Polytechnic University; Tianjin University of Technology; Nanjing Medical University; Jiangnan University; Shanghai University; Nanjing University; Affiliated Hospital of Southwest Medical University; Beijing National Laboratory for Molecular Sciences; Huazhong University of Science and Technology; Beijing Graphene Institute; Shanxi Datong University; Peking University Shenzhen Hospital; Materials Science & Engineering; Queen Mary University of London; Peking University; Tianjin University; Tianjin Medical University Cancer Institute and Hospital; Beijing Shijitan Hospital; East China Normal University; Hefei University of Technology; Oriental Yuhong (China); Fuzhou University; Capital Medical University,"Wuhan University; Ningbo Institute of Industrial Technology; Tsinghua University; Yantai University; Laboratoire de Physique des deux infinis Bordeaux; Huaiyin Normal University; Centre National de la Recherche Scientifique; Institut National de Physique Nucléaire et de Physique des Particules; Foxconn (China); Hubei University of Medicine; Shenyang University of Technology; Zhejiang Normal University; Dalian University of Technology; University of Chinese Academy of Sciences; University of Leeds; Hong Kong Polytechnic University; Wuyi University; Varex Imaging (United States); Zhengzhou University of Light Industry; Shanghai Entry-Exit Inspection and Quarantine Bureau; Fujian Normal University; Shaanxi University of Science and Technology; Collaborative Innovation Center of Advanced Microstructures; Federico Santa María Technical University; China Academy of Space Technology; Yunnan Normal University; Jingdong (China); Tamkang University; Shanxi Academy of Medical Sciences; Tangshan College; United States Army Combat Capabilities Development Command; University of Michigan; Chang'an University; University of Virginia; Shanxi Normal University; Stanford Synchrotron Radiation Lightsource; Shenzhen Institute of Information Technology; Yangzhou University; National Synchrotron Radiation Research Center; The University of Tokyo; Thermo Fisher Scientific (Japan); Southwest Jiaotong University; Yan'an University; Pontifícia Universidade Católica do Rio de Janeiro; Southwest Petroleum University; A. Alikhanyan National Laboratory; Huainan Normal University; Western University; University of Science and Technology Beijing; Hsin Sheng College of Medical Care and Management; Anhui University of Traditional Chinese Medicine; Songshan Lake Materials Laboratory; DEVCOM Army Research Laboratory; University of Oxford; Shanghai Institute of Microsystem and Information Technology; Kunming University; Guilin University of Electronic Technology; University of Technology; South China University of Technology; State Key Laboratory for Structural Chemistry of Unstable and Stable Species; Dalian Maritime University; Kunming Institute of Botany; Lawrence Berkeley National Laboratory; Sinopec (China); Guilin University of Technology; Samsung (South Korea); Ningbo University; University of Jinan; The Behavioural Insights Team; State Key Laboratory of Digital Medical Engineering; Huizhou University; Jeonbuk National University; Beijing University of Posts and Telecommunications; Hunan City University; Tropical Agricultural Machinery Research Institute; Chongqing University; Max Planck Institute for the Structure and Dynamics of Matter; Université Paris-Saclay; University of North Dakota; Kunming University of Science and Technology; Xiamen University; Michigan State University; Chongqing University of Arts and Sciences; University of Nottingham Ningbo China; Shandong Agricultural University; Shanxi Science and Technology Department; Laboratoire de Physique des 2 Infinis Irène Joliot-Curie; Max Planck Institute for Terrestrial Microbiology; Yunnan University; Chongqing Technology and Business University; Shanghai Advanced Research Institute; Tiangong University; Rice University; Hainan University; Jiangsu University; Taihe Hospital; Xi'an Medical University; Anhui Agricultural University; South China Normal University; Harbin Engineering University; Xi'an University of Technology; Institute of Coal Chemistry; University of California System; Collaborative Innovation Center of Chemistry for Energy Materials; Philipps University of Marburg; Nanjing University of Science and Technology; Jilin University; Beijing University of Chemical Technology; Nanjing University of Aeronautics and Astronautics; Suzhou Research Institute; Chinese Academy of Tropical Agricultural Sciences; Cornell University; Soochow University; National University of Defense Technology; Beijing Normal University; China North Industries Group Corporation (China); Central South University; Mineral Resources; Hefei National Center for Physical Sciences at Nanoscale; East China University of Technology; Shanghai Jiao Tong University; SLAC National Accelerator Laboratory; Southeast University; Tel Aviv University; Xi'an Jiaotong University; UNSW Sydney; Oak Ridge National Laboratory; New York University; National Astronomical Observatories; Anhui University of Science and Technology; Hohai University; Shanghai University of Engineering Science; Taiyuan Normal University; Southwest University; Zhengzhou University; Nanjing Xiaozhuang University; Shihezi University; Anhui Medical University; King University; Metallurgical Research Institute; Universidade Estadual de Londrina; Nanchang Hangkong University; University of Electronic Science and Technology of China; Changchun University of Science and Technology; Chinese Academy of Sciences; Yanshan University; Tianjin Normal University; Institute for Structural Research; Johns Hopkins University; Gyeongsang National University; Flatiron Health (United States); University of California, Santa Cruz; Beihang University; Henan University; Swansea University; Center for NanoScience; Institute of High Energy Physics; Center for Nanoscale Science and Technology; Beijing Institute of Technology; University of Cambridge; Beijing Jishuitan Hospital; State Key Laboratory of Food Science and Technology; Shaanxi Normal University; Dalian Jiaotong University; University of Shanghai for Science and Technology; Tongji University; Shijiazhuang Tiedao University; Chongqing University of Technology; Harbin Institute of Technology; Anhui Polytechnic University; United States Naval Research Laboratory; National Center for Nanoscience and Technology; Brunel University of London; Guiyang University; Xiangtan University; Delft University of Technology; Center for Free-Electron Laser Science; University of Wisconsin–Milwaukee; Panasonic (Japan); Sichuan University; Guangxi University; Shanxi Medical University; Shanghai University of Electric Power; Wuhan National Laboratory for Optoelectronics; Collaborative Innovation Center of Quantum Matter; Massachusetts Institute of Technology; Baoji University of Arts and Sciences; University of Toronto; University of Science and Technology of China; Hubei University of Arts and Science; Université de Bordeaux; Lanzhou University; First Affiliated Hospital of Anhui Medical University",0000-0003-3731-8859,,
https://openalex.org/A5003305524,Sean P. McKenna,https://openalex.org/I63966007,Massachusetts Institute of Technology,1999,2000,https://openalex.org/I63966007,1999,2000,,Northrop Grumman (United States); Massachusetts Institute of Technology; Heidelberg University; Woods Hole Oceanographic Institution; U.S. Army Engineer Research and Development Center; Rensselaer Polytechnic Institute; Deep Ocean Engineering (United States); Riverside Research Institute; Naval Postgraduate School,,,
https://openalex.org/A5110089405,E. Chin,https://openalex.org/I63966007,Massachusetts Institute of Technology,1987,1987,https://openalex.org/I63966007,1987,1987,AT&T (United States),McGill University; Nokia (United States); Massachusetts Institute of Technology; Alcatel Lucent (Germany),,,
https://openalex.org/A5036243714,Leo Kei Iwai,https://openalex.org/I63966007,Massachusetts Institute of Technology,2010,2010,https://openalex.org/I63966007,2010,2010,Instituto Butantan,Joslin Diabetes Center; Centre for Cancer Biology; Hospital das Clínicas da Faculdade de Medicina da Universidade de São Paulo; Institute of Cancer Research; Universidade Federal de São Paulo; National Heart Institute; Kumamoto University; Massachusetts Institute of Technology; Harvard University; National Council for Scientific and Technological Development; Millennium Institute; Universidade de São Paulo,0000-0002-1571-7763,,
https://openalex.org/A5067813676,John W. M. Bush,https://openalex.org/I63966007,Massachusetts Institute of Technology,2000,2025,https://openalex.org/I63966007,2000,2025,George Mason University; Old Dominion University; Massachusetts Institute of Technology,"Planetary Science Institute; New York University; MIT-Harvard Center for Ultracold Atoms; Moscow Institute of Thermal Technology; John Innes Centre; University of California, Merced; John Brown University; British Mycological Society; University of Illinois Urbana-Champaign; Hamilton Medical (Switzerland); California Polytechnic State University; Broughton Hospital; University of Arkansas at Little Rock; Harvard University Press; College of Physicians of Philadelphia; Georgia Institute of Technology; Virginia Commonwealth University; Aerospace Technology Institute; Physique et Mécanique des Milieux Hétérogènes; Courant Institute of Mathematical Sciences; Cummins (United Kingdom); University of Liège; Royal Air Force College Cranwell; University of Cambridge; Boiron (France); Applied Mathematics (United States); Harvard University; University of North Carolina at Chapel Hill; BorgWarner (Brazil); IIT@MIT; University of Bath; University of Twente; Coventry (United Kingdom); Centre National de la Recherche Scientifique",0000-0002-7936-7256,,
https://openalex.org/A5052618846,Daniel Banks,https://openalex.org/I63966007,Massachusetts Institute of Technology,2023,2023,https://openalex.org/I63966007,2023,2023,Bruker (United States); University of Southampton,Massachusetts Institute of Technology,0000-0003-2352-7457,,
https://openalex.org/A5108454944,David Y. Tseng,https://openalex.org/I63966007,Massachusetts Institute of Technology,1998,1998,https://openalex.org/I63966007,1998,1998,"University of California, San Francisco",Harvard University; Ocular Surface Center; Brigham and Women's Hospital; Harvard–MIT Division of Health Sciences and Technology; Massachusetts Institute of Technology,,,
https://openalex.org/A5032705357,Alan O. Burts,https://openalex.org/I63966007,Massachusetts Institute of Technology,2011,2013,https://openalex.org/I63966007,2011,2013,"University of California, Irvine",Scripps Research Institute; California Institute of Technology; Massachusetts Institute of Technology; Columbia University,,,
https://openalex.org/A5011931280,Anthony V. Grebe,https://openalex.org/I63966007,Massachusetts Institute of Technology,2021,2022,https://openalex.org/I63966007,2021,2022,Fermi National Accelerator Laboratory,Moscow Institute of Thermal Technology; Michigan State University; Harvard University Press; Massachusetts Institute of Technology,0000-0003-1032-0158,,
https://openalex.org/A5090524374,D.K. Gifford,https://openalex.org/I63966007,Massachusetts Institute of Technology,2004,2004,https://openalex.org/I63966007,2004,2004,Massachusetts Institute of Technology,,,,
https://openalex.org/A5091208710,Teemu P. Miettinen,https://openalex.org/I63966007,Massachusetts Institute of Technology,2016,2025,https://openalex.org/I63966007,2016,2025,University College London; Massachusetts Institute of Technology; MRC Laboratory for Molecular Cell Biology,Howard Hughes Medical Institute; MRC Protein Phosphorylation and Ubiquitylation Unit; Koch Institute for Integrative Cancer Research At MIT; Medical Research Council; University of Dundee; Allen Institute,0000-0002-5975-200X,,
https://openalex.org/A5114916062,Emily Miao,https://openalex.org/I63966007,Massachusetts Institute of Technology,1995,1995,https://openalex.org/I63966007,1995,1995,Massachusetts Institute of Technology,,,,
https://openalex.org/A5026749690,Haifeng Gao,https://openalex.org/I63966007,Massachusetts Institute of Technology,2009,2009,https://openalex.org/I63966007,2009,2009,Harbin Normal University; Dalian Municipal Central Hospital; Tianjin University; Optica; Guangdong University of Technology; Gansu University of Traditional Chinese Medicine; University of Notre Dame; Institute of State Administration,"China Agricultural University; Air Force Medical University; Shanghai Nanotechnology Promotion Center; Binzhou People's Hospital; Tsinghua University; Institute for Soldier Nanotechnologies; Massachusetts Institute of Technology; Lawrence Berkeley National Laboratory; Dongyang People's Hospital; Western University; Ministry of Education of the People's Republic of China; Hubei University of Medicine; Carnegie Mellon University; Xijing Hospital; National University of Defense Technology; Tangshan People's Hospital; Southern Methodist University; Fudan University; Hebei University; Tianjin First Center Hospital; Notre Dame of Dadiangas University; National Institute of Development Administration; East China University of Science and Technology; Baoji City Central Hospital; Liaoning Shihua University; AVIC Optronics (China); University of California, Berkeley; Notre Dame University; University of the Western Cape; Tianjin Medical University; Weatherford College; Liaoning Provincial People's Hospital; Guangxi University of Finance and Economics; Nanchang University; Dalian Medical University; Tangshan Gongren Hospital; Ningbo University; Xiangtan University; Taiyuan University of Technology; Wenzhou Medical University; Hainan Maternal and Child Health Hospital; Pusan National University; Jiangxi Provincial People's Hospital; Beijing University of Posts and Telecommunications",0000-0001-9029-5022,,
https://openalex.org/A5100318646,Guoqiang Wang,https://openalex.org/I63966007,Massachusetts Institute of Technology,1998,1998,https://openalex.org/I63966007,1998,1998,Xiamen University; Shandong University,Shanghai Institute of Applied Physics; Chinese Academy of Engineering; Shanghai Jiao Tong University; State Council of the People's Republic of China; Shandong Agricultural University; University of Chinese Academy of Sciences; Massachusetts Institute of Technology; Chinese Academy of Sciences; Jilin Jianzhu University; Tianjin University; Materials Science & Engineering; Westinghouse Electric (United States); Westinghouse Electric (Japan); Hefei University of Technology; Fujian Institute of Research on the Structure of Matter; Qingdao University; Fuzhou University,0000-0002-8522-4630,,
https://openalex.org/A5009059863,Gábor Fürész,https://openalex.org/I63966007,Massachusetts Institute of Technology,2019,2025,https://openalex.org/I63966007,2019,2025,Massachusetts Institute of Technology,University of Szeged; Kavli Energy NanoScience Institute; Center for Astrophysics Harvard & Smithsonian; Harvard University; Natural History Museum Aarhus; Vassar College; Konkoly Observatory; Hungarian Academy of Sciences; University of Copenhagen; KU Leuven; Harvard University Press; Kavli Institute for Particle Astrophysics and Cosmology,,,
https://openalex.org/A5001535652,Yehuda Bock,https://openalex.org/I63966007,Massachusetts Institute of Technology,1984,1989,https://openalex.org/I63966007,1984,1989,"Scripps Institution of Oceanography; University of California, San Diego","The Ohio State University; Jet Propulsion Laboratory; Columbia University; Springer Nature (Germany); University of Southern California; Goddard Space Flight Center; Southern California Earthquake Center; National Central University; The University of Texas at Austin; Tel Aviv University; California Institute of Technology; Hanscom Air Force Base; Lamont-Doherty Earth Observatory; Institut für Grenzgebiete der Psychologie und Psychohygiene; Czech Academy of Sciences, Institute of Geophysics; Indonesian Institute of Sciences; Massachusetts Institute of Technology; Texas A&M University",0000-0001-8296-6623,,
https://openalex.org/A5111466635,Michael A. Rappa,https://openalex.org/I63966007,Massachusetts Institute of Technology,1992,2002,https://openalex.org/I63966007,1992,2002,,Massachusetts Institute of Technology; New School; New York University; North Carolina State University; National Research University Higher School of Economics,,,
https://openalex.org/A5009631016,Joanna J. Bryson,https://openalex.org/I63966007,Massachusetts Institute of Technology,1995,2001,https://openalex.org/I63966007,1995,2001,Hertie School,The Aerospace Corporation; Konrad Lorenz Institute for Evolution and Cognition Research; Engineering and Physical Sciences Research Council; University of Edinburgh; Bath Spa University; Harvard University Press; Applied Mathematics (United States); Center for Information Technology; Princeton University; University of Bath; Franklin W. Olin College of Engineering; Massachusetts Institute of Technology,0000-0003-0021-0801,,
https://openalex.org/A5061383009,Somayajulu Dhulipala,https://openalex.org/I63966007,Massachusetts Institute of Technology,2020,2025,https://openalex.org/I63966007,2020,2025,Massachusetts Institute of Technology,Indian Institute of Technology Madras,0000-0002-3144-8583,,
https://openalex.org/A5023379628,C. Katsis,https://openalex.org/I63966007,Massachusetts Institute of Technology,1985,1987,https://openalex.org/I63966007,1985,1987,Massachusetts Institute of Technology,,,,
https://openalex.org/A5079331166,Finn B. Hansen,https://openalex.org/I63966007,Massachusetts Institute of Technology,1984,1986,https://openalex.org/I63966007,1984,1986,University of Copenhagen,"Novo Nordisk (Denmark); Gubra (Denmark); Chr. Hansen (Denmark); Gentofte Hospital; University at Buffalo, State University of New York; Massachusetts Institute of Technology",,,
https://openalex.org/A5078468467,R. Rohlicek,https://openalex.org/I63966007,Massachusetts Institute of Technology,1985,1985,https://openalex.org/I63966007,1985,1985,Decision Systems (United States); Massachusetts Institute of Technology,,,,
https://openalex.org/A5086256661,D. Terry,https://openalex.org/I63966007,Massachusetts Institute of Technology,2003,2013,https://openalex.org/I63966007,2003,2013,Plasma Technology (United States); Fusion (United States); Fusion Academy,Massachusetts Institute of Technology; Académie de Paris,,,
https://openalex.org/A5102739901,Guohua Liang,https://openalex.org/I63966007,Massachusetts Institute of Technology,2020,2020,https://openalex.org/I63966007,2020,2020,Yangzhou University; Institute of Zoology; Chinese Academy of Sciences; Shantou University; Shenzhen Children's Hospital; Shantou University Medical College; China University of Mining and Technology,Zhongshan Hospital of Xiamen University; South China Agricultural University; South China Botanical Garden; Ministry of Agriculture and Rural Affairs; Massachusetts Institute of Technology; National Center for Gene Research; University of Chinese Academy of Sciences; Jiangsu Academy of Agricultural Sciences; Hebei University; Ministry of Education of the People's Republic of China; Center for Excellence in Molecular Plant Sciences; Institute of Genetics and Developmental Biology,0000-0003-4137-3156,,
https://openalex.org/A5100782724,Melissa Wilson,https://openalex.org/I63966007,Massachusetts Institute of Technology,2001,2002,https://openalex.org/I63966007,2001,2002,St. Luke's University Health Network; Arizona State University; St. Luke's Hospital; National Institutes of Health,"Jersey City Medical Center; Northwick Park Hospital; Yale University; University of Pittsburgh; UPMC Hillman Cancer Center; Mayo Clinic; Thomas Jefferson University Hospital; NYU Langone’s Laura and Isaac Perlmutter Cancer Center; English Institute of Sport; Thomas Jefferson University; Massachusetts Institute of Technology; University of Wolverhampton; Yale Cancer Center; National Cancer Institute; Starship Children's Health; NHS Grampian; National Institute of Environmental Health Sciences; California Institute of Technology; Center for Cancer Research; Massachusetts General Hospital; Polk County Public Schools; Sidney Kimmel Cancer Center; Behavioral Tech; New York University; Dana-Farber Cancer Institute; University of Pennsylvania; British Olympic Association; University of Arizona; University of Maryland, Baltimore; Rochester Institute of Technology; Eastern Cooperative Oncology Group; University of Pittsburgh Medical Center; California University of Pennsylvania; Qatar Airways (Qatar); University College London; The University of Texas Southwestern Medical Center; NYU Langone Health; Georgetown University; Qatar Orthopaedic and Sports Medicine Hospital; Penn State Milton S. Hershey Medical Center; University of Southern California; Temple University; Hospital of the University of Pennsylvania",0000-0002-5391-7838,,
https://openalex.org/A5057648964,D. Vasilyev,https://openalex.org/I63966007,Massachusetts Institute of Technology,2004,2004,https://openalex.org/I63966007,2004,2004,Massachusetts Institute of Technology,,,,
https://openalex.org/A5114000067,Evalulucition Alley,https://openalex.org/I63966007,Massachusetts Institute of Technology,1996,1996,https://openalex.org/I63966007,1996,1996,Massachusetts Institute of Technology; Berkeley College,,,,
https://openalex.org/A5070584555,Atulya Yellepeddi,https://openalex.org/I63966007,Massachusetts Institute of Technology,2015,2015,https://openalex.org/I63966007,2015,2015,Analog Devices (United States),Massachusetts Institute of Technology; Microsoft (United States); Woods Hole Oceanographic Institution; Indian Institute of Technology Roorkee; Mitsubishi Electric (United States),,,
https://openalex.org/A5100418831,Li Liu,https://openalex.org/I63966007,Massachusetts Institute of Technology,2006,2006,https://openalex.org/I63966007,2006,2006,Beijing Academy of Quantum Information Sciences; Guangdong University of Petrochemical Technology; Xinjiang Institute of Engineering; Affiliated Hospital of Southwest Medical University; Weatherford College; Shandong University; Animal Science Research Institute; Binzhou University; Huazhong University of Science and Technology; Ministry of Education of the People's Republic of China; Shandong Provincial Hospital; China University of Mining and Technology; Fujian Medical University; Binzhou Medical University; State Key Laboratory of Microbial Technology; Beijing Hospital; Shandong First Medical University; Shandong Institute of Automation; China Classification Society; China University of Geosciences; Beihang University; Beijing Jiaotong University; Shihezi University; Fuzhou University,"Ningbo University; Northeast Normal University; TED University; University of Waterloo; Zhengzhou University; Qingdao University of Science and Technology; Shanghai Normal University; University of Ottawa; Nanjing Boiler and Pressure Vessel Inspection Institute; Zhaotong University; Southwest Forestry University; California State University, Northridge; Qualcomm (United Kingdom); State Key Laboratory of Superhard Materials; Wuhan University of Technology; Harbin Institute of Technology; Shaoyang University; Institute of Optics and Electronics, Chinese Academy of Sciences; University of Hyogo; Chang'an University; Economic Research Institute; Hunan University; South Central Minzu University; Umeå University; Michigan State University; Chinese People's Liberation Army; Shenzhen University; StereoVision Imaging (United States); Singapore University of Technology and Design; Changzhou University; Market Matters; Xinjiang Normal University; Hubei University; Shanghai Institute of Microsystem and Information Technology; Himeji University; Central Hospital of Wuhan; Suzhou Institute of Biomedical Engineering and Technology; Shanghai Astronomical Observatory; Chinese Academy of Sciences; State Key Laboratory of Chemobiosensing and Chemometrics; State Key Laboratory of Cryptology; State Key Laboratory of Information Engineering in Surveying Mapping and Remote Sensing; Jinan Central Hospital; Nankai University; Tsinghua University; Qualcomm (United States); Taiyuan University of Technology; Chongqing Vocational Institute of Engineering; China University of Geosciences (Beijing); General Research Institute for Nonferrous Metals (China); Nanjing Normal University; University of Electronic Science and Technology of China; Wuhan University; Institute of Microelectronics; Beijing University of Chemical Technology; Zhejiang Shuren University; Jiangnan University; China Waterborne Transport Research Institute; Wuhan Ship Development & Design Institute; Henan University; Hubei Academy of Agricultural Sciences; Northwestern Polytechnical University; Shanghai University; Shanghai Institute of Optics and Fine Mechanics; Fourth People’s Hospital of Jinan; Intelligent Health (United Kingdom); Capital Normal University; Anhui Polytechnic University; Wuhan National Laboratory for Optoelectronics; Nanjing University; Air Force Engineering University; Chongqing University of Technology; Xiamen University; McMaster University; Chinese People's Armed Police Force Engineering University; Yong In University; Columbia University; Tianjin University; Jilin University; Henan Normal University; State Grid Corporation of China (China); Dalian University; Guilin University of Electronic Technology; Zhejiang Energy Research Institute; China Shenhua Energy (China); Peking University; Xidian University; North China University of Science and Technology; Southwest University of Science and Technology; The University of Tokyo; Heilongjiang Earthquake Agency; Centre de Recherche en Mathématiques de la Décision; Nanjing University of Science and Technology; State Key Laboratory on Integrated Optoelectronics; Shandong University of Science and Technology; Xi'an Jiaotong University; Hunan University of Humanities, Science and Technology; Centre National de la Recherche Scientifique; Bio-Medical Science (South Korea); Lanzhou Jiaotong University; National University of Defense Technology; Anhui Medical University; Yichun University; Université Paris Sciences et Lettres; Eindhoven University of Technology; North Carolina State University; Eaton (United States); University of Science and Technology Beijing; Jiujiang University; Kunming University of Science and Technology; State Key Laboratory of Crystal Materials; Shaanxi Normal University; Liaoning University; North University of China; Beijing Institute of Fashion Technology; Yangtze Normal University; Institute of Electronics; Zhoushan Hospital; Beijing Institute of Technology; Hubei University of Technology; Shanghai Jiao Tong University; Harbin University of Commerce; Shenyang Institute of Engineering; Heritage Christian University; University of Science and Technology of China; Massachusetts Institute of Technology; North China Electric Power University; Illinois Institute of Technology; Southwestern Institute of Physics; Civil Aviation Flight University of China; Southwest Petroleum University; Jinan Infectious Disease Hospital; Beijing University of Posts and Telecommunications; University of Shanghai for Science and Technology; China Southern Power Grid (China); Hebei University of Technology; University of Massachusetts Amherst; Northeastern University; National University of Singapore; Soochow University; Hebei GEO University; State Key Laboratory of Digital Medical Engineering; Wuhan Textile University; Southeast University; Jianghan University; Tung Fang Design Institute; Université Paris Dauphine-PSL; China Special Equipment Inspection and Research Institute; Yuhuangding Hospital; Anhui Normal University; Goddard Institute for Space Studies; Ningbo University Affiliated Hospital; University of California, Irvine; Guizhou University; China Tobacco; Materials Science & Engineering; Huainan Mining Industry Group (China); China West Normal University; Shenyang Normal University; Zhejiang Sci-Tech University; Intelligent Automation (United States); University of Chinese Academy of Sciences; Kochi University of Technology; Qi2; National Institute of Advanced Industrial Science and Technology; Anhui University; Hulunbuir University; University of Science and Technology Liaoning; Chongqing University of Arts and Sciences; South China University of Technology; Institute of Mechanics; Joint Laboratory for Extreme Conditions Matter Properties; East China Jiaotong University; Huazhong Agricultural University",0000-0002-5641-446X,,
https://openalex.org/A5029325452,R.A. Rameriz,https://openalex.org/I63966007,Massachusetts Institute of Technology,1986,1986,https://openalex.org/I63966007,1986,1986,,Fusion Academy; Plasma Technology (United States); Fusion (United States); Massachusetts Institute of Technology,,,
https://openalex.org/A5065622691,Melody A. Morris,https://openalex.org/I63966007,Massachusetts Institute of Technology,2022,2022,https://openalex.org/I63966007,2022,2022,Massachusetts Institute of Technology,University of Delaware,0000-0001-5597-154X,,
https://openalex.org/A5014097311,Harriet Latham,https://openalex.org/I63966007,Massachusetts Institute of Technology,1965,1965,https://openalex.org/I63966007,1965,1965,,Massachusetts Institute of Technology; Yeshiva University; Albert Einstein College of Medicine,,,
https://openalex.org/A5005403662,Thomas J. Cottle,https://openalex.org/I63966007,Massachusetts Institute of Technology,1970,1973,https://openalex.org/I63966007,1970,1973,,Massachusetts Institute of Technology; University of Illinois System; New England Institute of Art; Amherst College; Boston University; William James College; Harvard University Press; Harvard University; Faculty of 1000 (United States); Wesleyan University; Farmingdale State College; Scarsdale Historical Society; The Tavistock and Portman NHS Foundation Trust; University of Chicago; Children's Defense Fund,,,
https://openalex.org/A5026833343,R. J. Allen,https://openalex.org/I63966007,Massachusetts Institute of Technology,1967,1967,https://openalex.org/I63966007,1967,1967,,University of Groningen; National Aeronautics and Space Administration; Northwestern University; Astronomical Institute of the Slovak Academy of Sciences; University College London; Minnesota State Colleges and Universities System; NHS Blood and Transplant; Massachusetts Institute of Technology; University of Leicester; Christian Theological Seminary; Johns Hopkins University; Williamson College; Université Bourgogne Franche-Comté; University of Illinois Urbana-Champaign; Association of Universities for Research in Astronomy; National Center for Supercomputing Applications; Temple University; Space Telescope Science Institute; Weatherford (Switzerland); Ministry of Natural Resources and Forestry; Observatoire de Paris; Great Ormond Street Hospital; Leiden Observatory; Pfizer (United States); University of Saskatchewan; University of Illinois System; Palo Alto Research Center; WTVS Detroit Public Television; Environmental Protection Agency; Northwestern University; Michigan Science Center,0000-0001-9906-8352,,
https://openalex.org/A5005091829,Christine E. Seidman,https://openalex.org/I63966007,Massachusetts Institute of Technology,2006,2015,https://openalex.org/I63966007,2006,2015,Brigham and Women's Hospital; Harvard University; Short and Associates (United States); Howard Hughes Medical Institute,"Northwestern University; Cleveland Clinic; St Vincents Institute of Medical Research; MRC London Institute of Medical Sciences; NewYork–Presbyterian Brooklyn Methodist Hospital; University of Vermont Medical Center; Rigshospitalet; Sheba Medical Center; Istituti di Ricovero e Cura a Carattere Scientifico; The University of Melbourne; Framingham Heart Study; University of Vermont; St George's, University of London; Oklahoma State University Medical Center; University College London; Mass General Brigham; Henry Ford Hospital; Baylor College of Medicine; American Heart Association; Beth Israel Deaconess Hospital; University of Oxford; Yale University; IRCCS Istituto Auxologico Italiano; deCODE Genetics (Iceland); Children's Hospital of Philadelphia; National Heart Lung and Blood Institute; Boston Children's Museum; European Society of Cardiology; Murdoch Children's Research Institute; University of Washington; Cardiovascular Research Center; Heinrich Heine University Düsseldorf; Boston Biomedical Research Institute; Care Resource; Columbia University Irving Medical Center; Harvard–MIT Division of Health Sciences and Technology; Queensland Centre for Mental Health Research; University of Genoa; Park Centre for Mental Health; Cold Spring Harbor Laboratory; Allegheny College; Woman's Hospital; Lurie Children's Hospital; UNSW Sydney; Harvard Stem Cell Institute; National Cancer Institute; Washington University in St. Louis; St. Luke's Episcopal Hospital; Hospital for Sick Children; Massachusetts Institute of Technology; Helmholtz Zentrum München; New York University; Allegheny General Hospital; Boston University; Massachusetts General Hospital; Cornell University; Cincinnati Children's Hospital Medical Center; Centenary Institute; Dana-Farber Cancer Institute; University of Cologne; Broad Institute; National University Hospital of Iceland; Cancer Research Center; University of California, San Francisco; Office of Science; Kyoto University; University of Pavia; Foundation Center; The University of Queensland; Medical Research Council; The University of Osaka; Child Health and Development Institute; Czech Academy of Sciences, Institute of Physiology; Charles University; Columbia University; Millennium Engineering and Integration (United States); University of Wisconsin–Madison; Boston Children's Hospital; Kagoshima University; University of Pennsylvania; Hospital Universitari i Politècnic La Fe; University of the Witwatersrand; Heidelberg University; American Society of Echocardiography; Joslin Diabetes Center; Cleveland Foundation; Johns Hopkins Medicine; Policlinico San Matteo Fondazione; Beth Israel Deaconess Medical Center; University of Freiburg; Vanderbilt University; Tufts Medical Center; Mount Sinai Hospital; Abbott Northwestern Hospital; Institut thématique Génétique, génomique et bioinformatique; Association of Chartered Certified Accountants; Nippon Medical School; Center for Environmental Health; University of Cape Town; University of California, San Diego; University of Michigan; Australian Regenerative Medicine Institute; McMaster Children's Hospital; University of Mississippi Medical Center; Christ University; St George's Hospital; University of Toronto; St Vincent's Hospital Sydney; CK-CARE; Ente Ospedaliero Ospedali Galliera; Institute of Experimental Cardiology; Imperial College London; Friedrich-Alexander-Universität Erlangen-Nürnberg; University of Utah; Therapure Biopharma (Canada); Lakeridge Health; University of Cincinnati; University of Alabama at Birmingham; The University of Sydney; Aarhus University; Harvard University Press; University of Pittsburgh; Jackson State University; Center for Vascular Biology Research; Harrisburg Hospital; Minneapolis Heart Institute Foundation; VIR Biotechnology (United States); Aarhus University Hospital; Ospedale Maggiore; NewYork–Presbyterian Hospital; University of Geneva; Duke Medical Center; Zero to Three; Hadassah Medical Center; Tougaloo College; Center for Human Genetics; Pediatrics and Genetics; University Health Network; Johnson University; Wright State University; University of Hawaiʻi at Mānoa; Copenhagen University Hospital; Czech Academy of Sciences; Akureyri Hospital; Monash University; University of Würzburg; Friedrich Schiller University Jena; Institute of Clinical and Experimental Medicine; Haukeland University Hospital; Hospital Universitário de Brasília; Icahn School of Medicine at Mount Sinai; The University of Texas Health Science Center at Houston; Massachusetts Eye and Ear Infirmary; Washington Center; St. Luke's-Roosevelt Hospital Center; Tel Aviv University; Lundbeck Foundation; Johns Hopkins University; Royal Prince Alfred Hospital; Victor Chang Cardiac Research Institute; Düsseldorf University Hospital; Royal Children's Hospital; University of Iceland; Groote Schuur Hospital; Great Ormond Street Hospital; Philadelphia College of Osteopathic Medicine; Roosevelt University; The University of Texas at Austin",0000-0001-6380-1209,,
https://openalex.org/A5044975120,Alexander D. O’Brien,https://openalex.org/I63966007,Massachusetts Institute of Technology,2023,2023,https://openalex.org/I63966007,2023,2023,,Massachusetts Institute of Technology,0000-0001-6819-740X,,
https://openalex.org/A5035944602,Katie F. Maass,https://openalex.org/I63966007,Massachusetts Institute of Technology,2015,2016,https://openalex.org/I63966007,2015,2016,,"Massachusetts Institute of Technology; University of California, San Francisco; Allen Institute; Roche (United States); The University of Texas at Austin",0000-0002-0493-2863,,
https://openalex.org/A5043724370,Hoeskuldur P. Halldorsson,https://openalex.org/I63966007,Massachusetts Institute of Technology,2013,2013,https://openalex.org/I63966007,2013,2013,Massachusetts Institute of Technology,,,,
https://openalex.org/A5100766761,Wei Zhou,https://openalex.org/I63966007,Massachusetts Institute of Technology,2019,2023,https://openalex.org/I63966007,2019,2023,People's Liberation Army No. 150 Hospital; Northwest Women's and Children's Hospital; NeuroDevelopment Center; Tianma Microelectronics (China); Second Affiliated Hospital of Nanjing Medical University; Broad Institute; University of Helsinki; Harvard University; China Mobile (China); Suzhou Institute of Biomedical Engineering and Technology; Mayo Clinic; Massachusetts General Hospital; Southern Medical University; Institute for Molecular Medicine Finland; Chongqing University; University of Michigan; Deleted Institution; Changsha University,"Laval Mayenne Technopole; University of California, Irvine; Chongqing Maternal and Child Health Hospital; Massachusetts Institute of Technology; Air Force Medical University; Union Hospital; Samueli Institute; University of California, Los Angeles; Dana-Farber Cancer Institute; Akershus University Hospital; Sun Yat-sen University; Oslo University Hospital; Southwest Forestry University; North China University of Science and Technology; Southern Medical University Shenzhen Hospital; Vanderbilt University; Affiliated Hospital of Guizhou Medical University; The First Affiliated Hospital, Sun Yat-sen University; Huazhong University of Science and Technology; Wuhan University; Institute of Agricultural Resources and Regional Planning; Guangzhou Women and Children Medical Center; Renji Hospital; OsloMet – Oslo Metropolitan University; Molde University College; Zhejiang Institute of Communications; Shanghai Mental Health Center; Sichuan University; Zhongnan Hospital of Wuhan University; Chongqing Cancer Hospital; Shanghai University of Traditional Chinese Medicine; Shanghai Maritime University; UCLA Health; Jackson Laboratory; Peking University First Hospital; Zhejiang University of Technology; Texas Cardiac Arrhythmia; Erasmus MC; Longhua Hospital Shanghai University of Traditional Chinese Medicine; Zhongshan Hospital; Ballad Health; University of South China; Nanchang University; China-Japan Friendship Hospital; Peking Union Medical College Hospital; Southwest Medical University; Fudan University; Yangzhou University; Cedars-Sinai Medical Center; Qingdao University; Chinese Academy of Medical Sciences & Peking Union Medical College; South China Agricultural University; University of Science and Technology of China; Central Hospital of Wuhan; Boston University; Broad Center; Norwegian University of Science and Technology; Shanghai Children's Medical Center; Chongqing Medical University; Guangzhou Medical University; The King's College; Hubei Engineering University; Hubei University; Children's Hospital of Chongqing Medical University; WinnMed; XinHua Hospital; Changhai Hospital; Uppsala University; University Medical Center; Princess Margaret Cancer Centre; Chinese PLA General Hospital; Peking University; Boston Medical Center; Renmin Hospital of Wuhan University; Xuzhou Medical College; Second Affiliated Hospital of Nanchang University; Bridgewater College; Michigan Medicine; Washtenaw Community College; Stanley Center for Psychiatric Research; Zhejiang University; Frontier Hospital; Shanghai Jiao Tong University; Committee on Publication Ethics; Sir Run Run Shaw Hospital; University of Oslo; Hebei University of Technology; Beijing University of Chinese Medicine; Carrier (United States); Ministry of Education of the People's Republic of China; Michigan United; Guiyang Medical University; Shanghai East Hospital; Wuhan University of Science and Technology; Third Affiliated Hospital of Guangzhou Medical University; Stanley Foundation; Hunan Provincial Maternal and Child Health Hospital; Mayo Clinic in Arizona; Sun Yat-sen University Cancer Center; The Affiliated Yongchuan Hospital of Chongqing Medical University; Second Military Medical University",0000-0001-7719-0859,,
https://openalex.org/A5061190718,Abira Pyne,https://openalex.org/I63966007,Massachusetts Institute of Technology,1957,1965,https://openalex.org/I63966007,1957,1965,University of Minnesota,Campbell Soup (United States); Massachusetts Institute of Technology; General Mills (United States); Eli Lilly (United States),,,
https://openalex.org/A5053504710,Lynn M. Eriksen,https://openalex.org/I63966007,Massachusetts Institute of Technology,1989,1996,https://openalex.org/I63966007,1989,1996,MIT Lincoln Laboratory; K Lab (United States),Massachusetts Institute of Technology,,,
https://openalex.org/A5014850211,J KIM,https://openalex.org/I63966007,Massachusetts Institute of Technology,2003,2003,https://openalex.org/I63966007,2003,2003,Massachusetts Institute of Technology,,,,
https://openalex.org/A5111661627,A Zakrzewski,https://openalex.org/I63966007,Massachusetts Institute of Technology,2013,2018,https://openalex.org/I63966007,2013,2018,Massachusetts Institute of Technology,University of Rochester; National Academy of Medicine,,,
https://openalex.org/A5091817593,HANS-GEORG BETZ,https://openalex.org/I63966007,Massachusetts Institute of Technology,1988,1988,https://openalex.org/I63966007,1988,1988,Massachusetts Institute of Technology,,,,
https://openalex.org/A5058133830,Arthur Richards,https://openalex.org/I63966007,Massachusetts Institute of Technology,2002,2005,https://openalex.org/I63966007,2002,2005,University of Bristol,University of Sheffield; IIT@MIT; Royal Aeronautical Society; Bristol Robotics Laboratory; Commonwealth Scientific and Industrial Research Organisation; American Institute of Aeronautics and Astronautics; Ames Research Center; Loughborough University; Massachusetts Institute of Technology,0000-0001-9500-5514,,
https://openalex.org/A5113482724,N. Kwak,https://openalex.org/I63966007,Massachusetts Institute of Technology,2001,2001,https://openalex.org/I63966007,2001,2001,,"Budker Institute of Nuclear Physics; U.S. National Science Foundation; University of Cincinnati; University of Illinois Urbana-Champaign; University of Minnesota; Tufts University; Harvard University Press; European Organization for Nuclear Research; TU Dortmund University; University of Rochester; Rose–Hulman Institute of Technology; Purdue University West Lafayette; The Ohio State University; Stony Brook University; University of Oklahoma; Vanderbilt University; University of California, San Diego; State University of New York; Argonne National Laboratory; Southern Methodist University; University at Albany, State University of New York; Wayne State University; California Institute of Technology; University of Kansas; University of Hawaiʻi at Mānoa; Carnegie Mellon University; The University of Texas at Austin; Chungbuk National University; Massachusetts Institute of Technology; Lawrence Livermore National Laboratory; University of Florida; Brookhaven National Laboratory; Yonsei University; Cornell University; Indiana State University",,,
https://openalex.org/A5000604617,Nicholas Moore,https://openalex.org/I63966007,Massachusetts Institute of Technology,2020,2020,https://openalex.org/I63966007,2020,2020,Yale University,Augusta University; Broad Institute; Göteborgs Stads; Massachusetts Institute of Technology; Hunter College; Draper Laboratory; Yale New Haven Hospital; Harvard University; Georgia Southern University; Armstrong Atlantic State University; Dana-Farber Cancer Institute,0000-0002-0079-7035,,
https://openalex.org/A5085019461,Mihai Pǎtraçcu,https://openalex.org/I63966007,Massachusetts Institute of Technology,2005,2005,https://openalex.org/I63966007,2005,2005,Massachusetts Institute of Technology,,,,
https://openalex.org/A5109990840,Shlomo Sternberg,https://openalex.org/I63966007,Massachusetts Institute of Technology,1965,2003,https://openalex.org/I63966007,1965,2003,,"Hebrew University of Jerusalem; Harvard University; Massachusetts Institute of Technology; Weizmann Institute of Science; IIT@MIT; Tel Aviv University; Johns Hopkins University; Royal Incorporation of Architects in Scotland; University of California, Santa Cruz; University of California, Berkeley; Harvard University Press; University of Florida; University of Toronto",,,
https://openalex.org/A5057886965,Nobuaki Takane,https://openalex.org/I63966007,Massachusetts Institute of Technology,2007,2007,https://openalex.org/I63966007,2007,2007,,Massachusetts Institute of Technology; University of Tsukuba; Hitachi (Japan),,,
https://openalex.org/A5037236962,Mei Lyn Ong,https://openalex.org/I63966007,Massachusetts Institute of Technology,2016,2016,https://openalex.org/I63966007,2016,2016,"Agency for Science, Technology and Research; Singapore Institute for Clinical Sciences",National University Health System; National University of Singapore; KK Women's and Children's Hospital; Massachusetts Institute of Technology,,,
https://openalex.org/A5109284786,Marie Manthey,https://openalex.org/I63966007,Massachusetts Institute of Technology,2023,2025,https://openalex.org/I63966007,2023,2025,McGovern Institute for Brain Research; Massachusetts Institute of Technology,VHA (United States); United Hospital; Houston Methodist; Lakeland Regional Medical Center; Issues Research; Methodist Hospital; University of Minnesota; Creative Health Care Management; Weatherford College; Metropolitan State University; University of Pennsylvania; Visiting Nurse Associations of America; Johnson Matthey (Germany); American Nurses Credentialing Center,,,
https://openalex.org/A5041544129,Michael Siegel,https://openalex.org/I63966007,Massachusetts Institute of Technology,2008,2008,https://openalex.org/I63966007,2008,2008,Massachusetts Institute of Technology,Ames Research Center,,,
https://openalex.org/A5022326376,Artem Timoshenko,https://openalex.org/I63966007,Massachusetts Institute of Technology,2019,2020,https://openalex.org/I63966007,2019,2020,Northwestern University,Massachusetts Institute of Technology; Kellogg's (Canada); Skolkovo Institute of Science and Technology; Bauman Moscow State Technical University; Academy of the State Fire Service EMERCOM of Russia,,,
https://openalex.org/A5100325058,David Zhang,https://openalex.org/I63966007,Massachusetts Institute of Technology,2004,2004,https://openalex.org/I63966007,2004,2004,"Nanjing Normal University; Stony Brook University; Hunan Normal University; The University of Texas at San Antonio; Shandong Provincial Hospital; Institute of Fluid Physics; China University of Petroleum, East China; University College London; Southwest University; Chinese Academy of Fishery Sciences; New York University; Institute of Hematology & Blood Diseases Hospital; Qinghai New Energy (China); Nankai University; Chinese University of Hong Kong, Shenzhen; Cangzhou Central Hospital; Wuhan University; Shandong First Medical University; Tianjin First Center Hospital; Tianjin Medical University; Soochow University; University of Utah; China Academy of Engineering Physics; Hebei General Hospital; Daqing Oilfield of CNPC; Second Hospital of Shandong University; Daqing Oilfield General Hospital; Rice University; Zhongnan Hospital of Wuhan University; Chinese Academy of Medical Sciences & Peking Union Medical College; Lanzhou University of Technology; First Affiliated Hospital of Xi'an Jiaotong University; Curtin University Sarawak; Nanjing University of Chinese Medicine; China University of Petroleum, Beijing","Capital Medical University; University of Waterloo; Stratford University; Purdue University West Lafayette; Shenzhen Research Institute of Big Data; Chinese People's Liberation Army; University of Maryland, College Park; University of Manchester; SRI International; University of Bern; Jewish General Hospital; National Supercomputing Center in Shenzhen; Dalian Maritime University; Water Research Foundation; New York Proton Center; New York Medical College; Saint Louis University; Hangzhou Dianzi University; Guizhou University; Google (United States); Mount Sinai Medical Center; Acellent Technologies (United States); University of Washington; Universitat Autònoma de Barcelona; Heilongjiang Institute of Technology; Institute of Automation; Anhui Medical University; Pontificia Universidad Católica de Chile; Zhengzhou University; Ontario Tech University; Minzu University of China; Advanced Bioscience Laboratories (United States); Westchester Medical Center; Guizhou Normal University; IEEE Computer Society; Medical College of Wisconsin; University of Bath; University of Macau; Harbin Engineering University; William & Mary; Oregon Health & Science University; State Key Laboratory of Resources and Environmental Information System; Icahn School of Medicine at Mount Sinai; Queensland University of Technology; Air Force General Hospital PLA; Indian Institute of Technology Delhi; University of Saskatchewan; Shandong University of Science and Technology; Great Ormond Street Hospital; Concordia University; Capital University of Physical Education and Sports; McGill University; University of Science and Technology of China; China Mobile (China); Shenzhen Academy of Robotics; Columbia University; Institute of Physics; Inner Mongolia Medical University; Shandong University; East China Jiaotong University; Ministry of Agriculture and Rural Affairs; University of California, San Diego; Northeast Forestry University; Wilfrid Laurier University; Capital Normal University; Texas Health Dallas; Alibaba Group (United States); Pennsylvania State University; University of Iowa; GlaxoSmithKline (United Kingdom); Nanjing University of Aeronautics and Astronautics; Institute for Bioscience and Biotechnology Research; LinkedIn (United States); State Key Laboratory of ASIC and System; Guangzhou University; University of Applied Sciences FHDW Hannover; University of Exeter; Dalian University of Technology; Nokia (China); Jiangsu University; Xinqiao Hospital; University of Toronto; Chinese University of Hong Kong; Georgia Institute of Technology; University of Hong Kong; Beijing Chao-Yang Hospital; University of California, Berkeley; Second Affiliated Hospital of Harbin Medical University; Second Hospital of Tangshan; Institute of Applied Technology; Henan Cancer Hospital; Microsoft Research Asia (China); University of Massachusetts Boston; University High School; Bristol-Myers Squibb (United States); Nanjing University of Science and Technology; City University of Hong Kong; Sinopec (China); Changzhou University; Menlo School; Institute of Mechanics; California Institute of Technology; Nantong University; Peking Union Medical College Hospital; Cornell University; Johns Hopkins University Applied Physics Laboratory; National Hospital for Neurology and Neurosurgery; Tsinghua University; University of the Pacific; Wuhan City Chinese Medicine Hospital; The University of Sydney; New York Hospital Queens; UC San Diego Health System; Hong Kong Polytechnic University; University of Colorado Denver; Fudan University; Presbyterian Hospital; EES Research (United Kingdom); Sydney Water; University of Pennsylvania; Cloud Computing Center; Peking University; National Cancer Institute; NYU Langone Health; Carnegie Mellon University; Penn Presbyterian Medical Center; NewYork–Presbyterian Hospital; Williams (United States); National University of Singapore; Guang’anmen Hospital; Stanford University; Xi'an Jiaotong University; East China University of Science and Technology; Harbin Institute of Technology; Monash University; The University of Texas at Arlington; Harbin Medical University; Chinese Academy of Sciences; Shanghai Fudan Microelectronics (China); University of Guelph; First Affiliated Hospital of Jinan University; University of Arizona; UNSW Sydney; Michigan State University; Shenzhen Technology University; United Imaging Healthcare (China); Institute of Electrical and Electronics Engineers; Rochal Industries (United States); University of California, Los Angeles; People's Hospital of Cangzhou; China University of Mining and Technology; IBM (India); Massachusetts Institute of Technology; University of Sheffield; Royal Aeronautical Society; University of Tennessee Health Science Center; University of Bristol; Sun Yat-sen University; Navistar International (United States); National University of Malaysia; Center for Rheumatology; Geological Exploration Institute of Shandong Zhengyuan; Shandong Provincial QianFoShan Hospital; First Hospital of Jilin University; Stony Brook University Hospital; Washington University in St. Louis; Henan Polytechnic University; Weill Cornell Medicine; The Wallace H. Coulter Department of Biomedical Engineering; Microsoft Research (United Kingdom); Army Medical University; University of Minnesota; Nanjing University; Shenzhen Institute of Information Technology; St George Hospital; University Hospital of Bern; Jilin University; The University of Melbourne; Shenzhen Stock Exchange; Mount Sinai Hospital; Chongqing University; Meta (United States); Auckland University of Technology; World Scientific (Singapore); National Center for Biotechnology Information; Hefei University of Technology; Central Michigan University; Brain (Germany); Tianjin University; University of Windsor; Mount Sinai Hospital; VA NY Harbor Healthcare System; Multiconsult (Norway); Vanderbilt University; Shanghai Innovative Research Center of Traditional Chinese Medicine; Vision International University",0000-0002-5027-5286,,
https://openalex.org/A5074164388,Sandy Grabiner,https://openalex.org/I63966007,Massachusetts Institute of Technology,1970,1971,https://openalex.org/I63966007,1970,1971,Pomona College,Massachusetts Institute of Technology; Claremont Graduate University; University of Manitoba,,,
https://openalex.org/A5090505966,Reid Mello,https://openalex.org/I63966007,Massachusetts Institute of Technology,2023,2023,https://openalex.org/I63966007,2023,2023,Massachusetts Institute of Technology,,,,
https://openalex.org/A5050231719,Tianquan Lin,https://openalex.org/I63966007,Massachusetts Institute of Technology,2017,2018,https://openalex.org/I63966007,2017,2018,Shanghai Jiao Tong University; National Chiayi University; Shanghai Advanced Research Institute,University of Chinese Academy of Sciences; Shanghai Institute of Ceramics; SAIC-GM (China); Shanghai Institute of Technical Physics; University of Technology Sydney; Massachusetts Institute of Technology; The University of Sydney; Peking University; Beijing National Laboratory for Molecular Sciences; National Yang Ming Chiao Tung University; Chinese Academy of Sciences; Fudan University; Central South University; State Key Laboratory of Rare Earth Materials Chemistry and Application,0000-0001-7664-2526,,
https://openalex.org/A5016469364,Daniel G. Panaccione,https://openalex.org/I63966007,Massachusetts Institute of Technology,2010,2010,https://openalex.org/I63966007,2010,2010,West Virginia University,"Purdue University West Lafayette; AgResearch; Massachusetts Institute of Technology; University of Maryland, College Park; University of Kentucky; Planta; Michigan State University; Sapienza University of Rome; Institute of Soil Science; Massey University",0000-0002-4159-164X,,
https://openalex.org/A5100419974,An Wang,https://openalex.org/I63966007,Massachusetts Institute of Technology,2012,2012,https://openalex.org/I63966007,2012,2012,,Hefei University; Central South University; Chinese Academy of Sciences; University of Science and Technology Beijing; Anhui Institute of Optics and Fine Mechanics; Wuhan University; Massachusetts Institute of Technology,0000-0003-2886-5850,,
https://openalex.org/A5103333259,Lin Wen Hu,https://openalex.org/I63966007,Massachusetts Institute of Technology,1997,2002,https://openalex.org/I63966007,1997,2002,Massachusetts Institute of Technology,,,,
https://openalex.org/A5019598787,Antonia Bronars,https://openalex.org/I63966007,Massachusetts Institute of Technology,2024,2025,https://openalex.org/I63966007,2024,2025,DeepMind (United Kingdom); Google (United States),"Massachusetts Institute of Technology; University of California, Berkeley",0000-0002-7675-1084,,
https://openalex.org/A5112330983,Gregory Horning,https://openalex.org/I63966007,Massachusetts Institute of Technology,2017,2017,https://openalex.org/I63966007,2017,2017,Massachusetts Institute of Technology; Woods Hole Oceanographic Institution,,,,
https://openalex.org/A5109590120,Cuifang Kuang,https://openalex.org/I63966007,Massachusetts Institute of Technology,2015,2015,https://openalex.org/I63966007,2015,2015,Zhejiang University,Beijing Institute of Technology; State Key Laboratory of Modern Optical Instruments; Shanxi University of Traditional Chinese Medicine; Massachusetts Institute of Technology; Zhejiang University of Science and Technology; Ningbo University; Zhejiang Lab; Shanxi University,,,
https://openalex.org/A5048961017,Owen B. Drury,https://openalex.org/I63966007,Massachusetts Institute of Technology,2014,2014,https://openalex.org/I63966007,2014,2014,Lawrence Livermore National Laboratory; Lawrence Livermore National Security,"Rutherford Appleton Laboratory; CEA DAM Île-de-France; Fusion Academy; National Security Technologies (United States); Sandia National Laboratories; Detector Technology (United States); Massachusetts Institute of Technology; University of California, Davis; Star Cryoelectronics (United States); Fusion (United States); Los Alamos National Laboratory; San Francisco State University; Lawrence Berkeley National Laboratory; General Atomics (United States)",0000-0003-3679-6234,,
https://openalex.org/A5053721675,Cory D. Kidd,https://openalex.org/I63966007,Massachusetts Institute of Technology,2004,2008,https://openalex.org/I63966007,2004,2008,Massachusetts Institute of Technology,MIT Lincoln Laboratory; Human Media; Georgia Institute of Technology,,,
https://openalex.org/A5075696701,Ioannis Ch. Paschalidis,https://openalex.org/I63966007,Massachusetts Institute of Technology,1995,2002,https://openalex.org/I63966007,1995,2002,Boston University,"Colorado State University; Brown University; Engineering Systems (United States); University of Florida; Massachusetts Institute of Technology; Mitsubishi Electric (United States); University of Padua; University of Cyprus; University of Stuttgart; Institute of Electrical and Electronics Engineers; The University of Adelaide; Politecnico di Milano; University of California, San Diego; Saint Joseph's University; Kyoto University; University of California, Santa Barbara; Technical University of Munich; University of Waterloo; Conference Board; Center for Systems Biology; Healthcare Technology Systems; University of California, Riverside; Institute of Electronics, Computer and Telecommunication Engineering; PAST Foundation; Princeton University; KAT General Hospital of Attica",0000-0002-3343-2913,,
https://openalex.org/A5062017686,Alberto Rodríguez Arreola,https://openalex.org/I63966007,Massachusetts Institute of Technology,2020,2020,https://openalex.org/I63966007,2020,2020,Tecnológico de Monterrey,Massachusetts Institute of Technology; Moscow Institute of Thermal Technology; Joint BioEnergy Institute; Corvallis Environmental Center; University of Southampton; Sandia National Laboratories California; Baker Hughes (United States),0000-0001-7426-9465,,
https://openalex.org/A5052151859,Christoph T. Berger,https://openalex.org/I63966007,Massachusetts Institute of Technology,2011,2011,https://openalex.org/I63966007,2011,2011,University of Basel; University Children's Hospital Zurich; University Hospital of Basel,"Institute for Biomedicine; Istituti di Ricovero e Cura a Carattere Scientifico; ETH Zurich; San Raffaele University of Rome; University of Massachusetts Chan Medical School; Dutch Blood Transfusion Society; Kantonsspital Aarau; Hospital de Sant Pau; University Hospital of Zurich; University of Amsterdam; Institut de Myologie; Massachusetts Institute of Technology; Massachusetts General Hospital; Hospital Base; Swiss Integrative Center for Human Health; Ragon Institute of MGH, MIT and Harvard; University of Zurich; Società Italiana di Reumatologia; University of Lausanne; Harvard University; Boston Children's Hospital; Austrian Academy of Sciences; Institute of Immunology",0000-0002-1730-8824,,
https://openalex.org/A5093902468,J. Mardon,https://openalex.org/I63966007,Massachusetts Institute of Technology,1965,1965,https://openalex.org/I63966007,1965,1965,Massachusetts Institute of Technology,,,,
https://openalex.org/A5028358700,Andrew Ma,https://openalex.org/I63966007,Massachusetts Institute of Technology,2023,2025,https://openalex.org/I63966007,2023,2025,,Princeton University; Massachusetts Institute of Technology,0000-0001-6403-7740,,
https://openalex.org/A5101789419,Stefanie Klein,https://openalex.org/I63966007,Massachusetts Institute of Technology,1965,1965,https://openalex.org/I63966007,1965,1965,,"Institute for Gerontological Research; Massachusetts Institute of Technology; California Institute of Technology; Witten/Herdecke University; IMC Information Multimedia Communication (Germany); Universitätsmedizin Greifswald; Technical University of Applied Sciences Lübeck; DKFZ-ZMBH Alliance; At Bristol; Indiana University Bloomington; Friedrich Schiller University Jena; University Hospital Bonn; Christian Doppler Klinik; University Hospital Carl Gustav Carus; University of Michigan; Catholic University of Applied Sciences of North Rhine – Westphalia; Friedrich-Alexander-Universität Erlangen-Nürnberg; German Cancer Research Center; University of California, Santa Barbara; Refonet; Saarland University",0000-0003-1617-3451,,
https://openalex.org/A5069883040,R. F. Heeter,https://openalex.org/I63966007,Massachusetts Institute of Technology,2000,2000,https://openalex.org/I63966007,2000,2000,Lawrence Livermore National Laboratory,Los Alamos National Laboratory; Massachusetts Institute of Technology; École Polytechnique Fédérale de Lausanne; Atomic Weapons Establishment; Office of Scientific and Technical Information; National Technical Information Service; Joint European Torus; Princeton Plasma Physics Laboratory; Physical Sciences (United States); Princeton University; Plasma Technology (United States); Lawrence Livermore National Security; University of California System; European Organization for Nuclear Research,0000-0003-1097-1823,,
https://openalex.org/A5009042825,D. Sneden,https://openalex.org/I63966007,Massachusetts Institute of Technology,1972,1974,https://openalex.org/I63966007,1972,1974,Massachusetts Institute of Technology,Muscular Dystrophy Association; University of Virginia; Virginia Commonwealth University Medical Center; Duke University,,,
https://openalex.org/A5014187004,Nereus W. Gunther,https://openalex.org/I63966007,Massachusetts Institute of Technology,1994,1994,https://openalex.org/I63966007,1994,1994,Heinrich Heine University Düsseldorf; Eastern Regional Research Center; Düsseldorf University Hospital; United States Department of Agriculture; Agricultural Research Service,"Bipar; Tufts University; Massachusetts Institute of Technology; University of Maryland, Baltimore; Jean Mayer Human Nutrition Research Center on Aging",0000-0002-6364-4159,,
https://openalex.org/A5054323073,露 张,https://openalex.org/I63966007,Massachusetts Institute of Technology,2025,2025,https://openalex.org/I63966007,2025,2025,Massachusetts Institute of Technology,,,,
https://openalex.org/A5076246471,Michael Warnick,https://openalex.org/I63966007,Massachusetts Institute of Technology,1986,1986,https://openalex.org/I63966007,1986,1986,Temple University,Massachusetts Institute of Technology,,,
https://openalex.org/A5069909687,Steven R. Little,https://openalex.org/I63966007,Massachusetts Institute of Technology,2004,2008,https://openalex.org/I63966007,2004,2008,Translational Sciences (United States); Université Bourgogne Franche-Comté; University of Massachusetts Amherst; University of Pittsburgh; McGowan Institute for Regenerative Medicine,Fox Chase Cancer Center; National Energy Technology Laboratory; Massachusetts Institute of Technology; Indian Institute of Technology Guwahati; University of Wisconsin–Madison; Institute of Chemical Engineering; Design Science (United Kingdom); Johns Hopkins Medicine; University of Otago; Swanson Center; Massachusetts General Hospital; University of Pittsburgh Medical Center; Johns Hopkins University; Qrono (United States); Northeastern University; Bioengineering Center; Queensland University of Technology; Center for Cancer Research; AstraZeneca (United Kingdom),0000-0002-7000-3931,,
https://openalex.org/A5039789551,Leon Trilling,https://openalex.org/I63966007,Massachusetts Institute of Technology,1955,2009,https://openalex.org/I63966007,1955,2009,Massachusetts Institute of Technology,California Institute of Technology; American Institute of Aeronautics and Astronautics; Université Paris Cité,,,
https://openalex.org/A5110827141,Charles H. Fisher,https://openalex.org/I63966007,Massachusetts Institute of Technology,1974,1974,https://openalex.org/I63966007,1974,1974,University of Washington,Bellevue Hospital Center; Johns Hopkins University; Spectra Research (United States); Bellevue College; Roanoke College; STI Optronics (United States); Southern Regional Research Center; Massachusetts Institute of Technology,,,
https://openalex.org/A5072806779,Mike Jackson,https://openalex.org/I63966007,Massachusetts Institute of Technology,2006,2006,https://openalex.org/I63966007,2006,2006,University of Minnesota,"UNSW Sydney; Seattle University; University of Tennessee at Knoxville; Geological Survey of Western Australia; Liverpool John Moores University; Dana-Farber Cancer Institute; Westwood College; University of York; University of California, Santa Cruz; University of California, Los Angeles; National Institutes of Health; Prince of Wales Hospital; Mineral Resources; Woods Hole Oceanographic Institution; Linköping University; Culex Environmental; Université Joseph Fourier; Massachusetts Institute of Technology; Louisiana State University; University of Minnesota System; National Institute of Environmental Health Sciences; Bangor University; Commonwealth Scientific and Industrial Research Organisation; Newcastle upon Tyne Hospital; University of Manchester; University of North Florida; Australian Resources Research Centre; Newcastle University; Royal Victoria Infirmary; Shepherd University; University of British Columbia; Twin Cities Orthopedics; University of Padua; University of Nottingham; University of East Anglia; Goddard Space Flight Center; Government of Western Australia Department of Health; University of Michigan; Harvard University",0000-0003-4778-7157,,
https://openalex.org/A5021089891,Md. Golam Kader,https://openalex.org/I63966007,Massachusetts Institute of Technology,1993,1993,https://openalex.org/I63966007,1993,1993,,Massachusetts Institute of Technology; Khulna University of Engineering and Technology,,,
https://openalex.org/A5071234646,Shuhei Ono,https://openalex.org/I63966007,Massachusetts Institute of Technology,2007,2025,https://openalex.org/I63966007,2007,2025,Massachusetts Institute of Technology,Teikyo Heisei University; Astrobiology Center; Musashi University; Kyorin University; University of Helsinki; Waseda University; VTT Technical Research Centre of Finland; Kansai Electric Power (Japan); Park University; University of Eastern Finland; United States Geological Survey; Pennsylvania State University; Geophysical Laboratory; University of Iceland; Kyoto University; Ifremer; Shell (Netherlands); Geological Survey of Finland; Carnegie Institution for Science; IIT@MIT; Planetary Science Institute; Shimizu (Japan),0000-0002-1348-9584,,
https://openalex.org/A5100635536,Jong Hyeok Park,https://openalex.org/I63966007,Massachusetts Institute of Technology,1992,1992,https://openalex.org/I63966007,1992,1992,Yonsei University; Kangwon National University; Korea Institute of Science and Technology,"Korea Advanced Nano Fab Center; DuPont (United States); MRC Human Nutrition Research; University of Alabama in Huntsville; Inha University; Korea Gas Corporation (South Korea); Georgia Institute of Technology; Korea Institute of Energy Research; University of California, Santa Barbara; Tokyo Institute of Technology; Korea Aerospace University; California Institute of Technology; Sogang University; Kennesaw State University; Massachusetts Institute of Technology; Korea Institute of Machinery and Materials; Advanced Institute of Convergence Technology; Korea Institute of Nuclear Safety; Jeil Pharmaceutical (South Korea); Korea Research Institute of Chemical Technology; Samsung Medical Center; Government of the Republic of Korea; Daejeon University; Korea Research Institute of Bioscience and Biotechnology; Sangmyung University; Chung-Ang University; Korea University; Electronics and Telecommunications Research Institute; Korea Advanced Institute of Science and Technology; Hallym University; Ewha Womans University; Sungkyunkwan University; Seoul Institute; Sejong University; The University of Texas at Austin; Gyeongsang National University; C4 Imaging (United States); Suwon Research Institute; National Institute of Fisheries Science; Institute of Nanotechnology; Samsung (South Korea); Seoul National University",0000-0002-6629-3147,,
https://openalex.org/A5016872125,Christian Schlieker,https://openalex.org/I63966007,Massachusetts Institute of Technology,2007,2007,https://openalex.org/I63966007,2007,2007,Yale University,Friedrich-Alexander-Universität Erlangen-Nürnberg; Whitehead Institute for Biomedical Research; Harvard University; Heidelberg University; Massachusetts Institute of Technology; Institute of Molecular Biology and Biophysics; Whitney Museum of American Art; UNSW Sydney; University of Freiburg,0000-0002-1237-4267,,
https://openalex.org/A5080600256,Chanwoo Chung,https://openalex.org/I63966007,Massachusetts Institute of Technology,2020,2021,https://openalex.org/I63966007,2020,2021,Massachusetts Institute of Technology,,,,
https://openalex.org/A5032099692,Richard L. Wasson,https://openalex.org/I63966007,Massachusetts Institute of Technology,2003,2003,https://openalex.org/I63966007,2003,2003,Massachusetts Institute of Technology,,,,
https://openalex.org/A5089289889,Grace Montesano,https://openalex.org/I63966007,Massachusetts Institute of Technology,2007,2007,https://openalex.org/I63966007,2007,2007,Harvard University; Bluebird Bio (United States); Brigham and Women's Hospital,Massachusetts Institute of Technology,,,
https://openalex.org/A5073121497,Namit Chaudhary,https://openalex.org/I63966007,Massachusetts Institute of Technology,2025,2025,https://openalex.org/I63966007,2025,2025,Scripps Research Institute; Massachusetts Institute of Technology; Scripps Institution of Oceanography; Scripps (United States); Howard Hughes Medical Institute; Carnegie Mellon University,,0000-0002-2115-7731,,
https://openalex.org/A5020836803,Jyrki Ahveninen,https://openalex.org/I63966007,Massachusetts Institute of Technology,2004,2020,https://openalex.org/I63966007,2004,2020,Harvard University; Massachusetts General Hospital; Athinoula A. Martinos Center for Biomedical Imaging,Leipzig University; University of Helsinki; Massachusetts Institute of Technology; Indiana University Bloomington; Harvard University Press; Karolinska Institutet; Finnish Institute for Health and Welfare; Hospital District of Helsinki and Uusimaa; Tampere University; RELX Group (United Kingdom); Helsinki University Hospital; Tampere University Hospital; Aarhus University; Rehabilitation Foundation; University of Tartu; Madison Group (United States); Singer (United States),0000-0001-9058-8669,,
https://openalex.org/A5004013310,Guenther Raab,https://openalex.org/I63966007,Massachusetts Institute of Technology,2009,2009,https://openalex.org/I63966007,2009,2009,,Massachusetts Institute of Technology; AstraZeneca (Canada),,,
https://openalex.org/A5024277492,Christine M. Phillips‐Piro,https://openalex.org/I63966007,Massachusetts Institute of Technology,2003,2008,https://openalex.org/I63966007,2003,2008,Franklin & Marshall College,"AgResearch; Lancaster City Council; Wageningen University & Research; Harvard–MIT Division of Health Sciences and Technology; University of Kentucky; Vassar College; Howard Hughes Medical Institute; University College Dublin; Istituto di Chimica Biomolecolare; QB3; Core Laboratories (United States); British Antarctic Survey; Western Laboratories (United States); Argonne National Laboratory; Royal College of Surgeons of England; University of Maryland, Baltimore; University of Pennsylvania; Massachusetts Institute of Technology; Lawrence Berkeley National Laboratory; University of Edinburgh; University of California, Berkeley; University of Toronto",0000-0002-7335-7487,,
https://openalex.org/A5065291315,Sarah Alnegheimish,https://openalex.org/I63966007,Massachusetts Institute of Technology,2020,2022,https://openalex.org/I63966007,2020,2022,,Massachusetts Institute of Technology; King Abdulaziz City for Science and Technology; Moscow Institute of Thermal Technology; IIT@MIT,,,
https://openalex.org/A5113489250,A.C.T. North,https://openalex.org/I63966007,Massachusetts Institute of Technology,1961,1961,https://openalex.org/I63966007,1961,1961,Australian Law Reform Commission,King's College London; Medical Research Council; Royal Institution of Great Britain; University of Reading; Royal Ottawa Mental Health Centre; Institute of Structural and Molecular Biology; University of Oxford; University of Sheffield; Albemarle (United States); Massachusetts Institute of Technology; MRC Laboratory of Molecular Biology; University of Leeds; Institut Jacques Monod,,,
https://openalex.org/A5047700462,A. Eviatar,https://openalex.org/I63966007,Massachusetts Institute of Technology,1986,1986,https://openalex.org/I63966007,1986,1986,Tel Aviv University,"Lunar and Planetary Institute; University of California, Los Angeles; Johns Hopkins University Applied Physics Laboratory; California State University Los Angeles; Massachusetts Institute of Technology; Jet Propulsion Laboratory; Goddard Space Flight Center; National Research Council; California Institute of Technology; University of Maryland, College Park; Hadassah Medical Center",,,
https://openalex.org/A5076187083,N. Skribanowitz,https://openalex.org/I63966007,Massachusetts Institute of Technology,1971,1974,https://openalex.org/I63966007,1971,1974,Technical University of Munich,Massachusetts Institute of Technology,,,
https://openalex.org/A5070161627,Daniel Z. Freedman,https://openalex.org/I63966007,Massachusetts Institute of Technology,1971,2017,https://openalex.org/I63966007,1971,2017,,"State University of New York; University of California System; European Organization for Nuclear Research; Nationwide Children's Hospital; Ernst & Young (Israel); Centre hospitalier Emile Roux; University of Connecticut; Google (United States); California Institute of Technology; Vanderbilt University Medical Center; Harvard University; Rensselaer Polytechnic Institute; Research Triangle Park Foundation; Massachusetts Institute of Technology; Stanford University; Microsoft (Israel); University of California, Berkeley; United States Department of Veterans Affairs; University of Wisconsin–Madison; Microsoft (United States); Vanderbilt University; Google (Israel); University of California, Santa Barbara; University of Michigan; Technion – Israel Institute of Technology; Sorbonne Université; Fermi National Accelerator Laboratory; McLean Hospital; Imperial College London; Institute for Advanced Study; Colorado College; Center for Theoretical Biological Physics; Stony Brook University; Hewlett-Packard (United States); Monash University; Hewlett-Packard (Israel); Lawrence Berkeley National Laboratory; University of Chicago; Centre National de la Recherche Scientifique; Bar-Ilan University",0000-0001-7354-0129,,
https://openalex.org/A5039960438,R.E. Enstrom,https://openalex.org/I63966007,Massachusetts Institute of Technology,1963,1963,https://openalex.org/I63966007,1963,1963,Princeton University,RCA (United States); Sarnoff Cardiovascular Research Foundation; Massachusetts Institute of Technology; Brown University; Applied Research Laboratory at the University of Hawai‘i; Palo Alto Research Center,,,
https://openalex.org/A5068668020,Seok-Yeol Yoon,https://openalex.org/I63966007,Massachusetts Institute of Technology,1987,1987,https://openalex.org/I63966007,1987,1987,,Massachusetts Institute of Technology,,,
https://openalex.org/A5018866086,Howie H. Breinan,https://openalex.org/I63966007,Massachusetts Institute of Technology,1998,1998,https://openalex.org/I63966007,1998,1998,Massachusetts Institute of Technology,,,,
https://openalex.org/A5111971274,N G Copeland,https://openalex.org/I63966007,Massachusetts Institute of Technology,1990,1990,https://openalex.org/I63966007,1990,1990,,Boston Children's Hospital; University of Utah; European Molecular Biology Laboratory; Massachusetts Institute of Technology; National Cancer Institute; Oregon Health & Science University; The University of Texas MD Anderson Cancer Center; Cornell University; Frederick National Laboratory for Cancer Research; Cancer Research Center; Pennsylvania State University; Baylor College of Medicine; Laboratory of Molecular Genetics; Yale University; Vollum Institute; Houston Methodist; St. Jude Children's Research Hospital,,,
https://openalex.org/A5080264255,Matheus Malta de Sá,https://openalex.org/I63966007,Massachusetts Institute of Technology,2015,2015,https://openalex.org/I63966007,2015,2015,Universidade de São Paulo,Hospital das Clínicas da Faculdade de Medicina da Universidade de São Paulo; Massachusetts Institute of Technology,,,
https://openalex.org/A5009193562,W.J. Richoux,https://openalex.org/I63966007,Massachusetts Institute of Technology,2010,2010,https://openalex.org/I63966007,2010,2010,,Case Western Reserve University; Massachusetts Institute of Technology,,,
https://openalex.org/A5037896009,Stuart K. Kim,https://openalex.org/I63966007,Massachusetts Institute of Technology,1990,1990,https://openalex.org/I63966007,1990,1990,Stanford Medicine,Palo Alto University; Howard Hughes Medical Institute; University of Wisconsin–Madison; Massachusetts Institute of Technology; Stanford University; Yale University; California Institute of Technology; University of Zurich; Janelia Research Campus,0000-0001-8887-5095,,
https://openalex.org/A5100336904,Jing Li,https://openalex.org/I63966007,Massachusetts Institute of Technology,2012,2013,https://openalex.org/I63966007,2012,2013,University of Toronto; Jinan University; Princess Margaret Cancer Centre; University Health Network,"Tongji Hospital; Coconut Research Institute; Shanxi Medical University; University of Chinese Academy of Sciences; Ministry of Education of the People's Republic of China; Qingdao University; Takeda (United States); Massachusetts Institute of Technology; Northwest University; Harvard–MIT Division of Health Sciences and Technology; Jimei University; Fudan University; Beijing Friendship Hospital; University of Chicago; Southern University of Science and Technology; Guangdong Medical College; California Institute of Technology; Nanjing University; Huazhong University of Science and Technology; Alnylam Pharmaceuticals (United States); Beijing Normal University; Chongqing Municipal Health Commission; Northwest University; Howard Hughes Medical Institute; SUNY Upstate Medical University; Institute of Software; State Key Laboratory of Medical Neurobiology; Southern Medical University; University of British Columbia; Singapore-MIT Alliance for Research and Technology; State Key Laboratory of Pharmaceutical Biotechnology; Zhaotong University; Xiangyang Central Hospital; The Barbara Ann Karmanos Cancer Institute; Huzhou Central Hospital; Northeast Forestry University; Institute of Oceanology; Tongji University; United States Military Academy; University of California, Irvine; Guangdong Ocean University; Wuhan Institute of Bioengineering; Central South University; Xian Yang Central Hospital; Wayne State University; Hunan Agricultural University; Nanjing Drum Tower Hospital; Chinese Academy of Medical Sciences & Peking Union Medical College; Institute of Microbiology; Harbin Medical University; Purdue University West Lafayette; University of Michigan; National Animal Husbandry Service; Chinese Academy of Sciences; Nankai University; Guangzhou University of Chinese Medicine; Duke University; Xiangya Hospital Central South University; UiT The Arctic University of Norway; Neijiang Normal University; Jinzhou Medical University",0000-0002-2414-8523,,
https://openalex.org/A5017423154,Jerzy Blusztajn,https://openalex.org/I63966007,Massachusetts Institute of Technology,1989,1989,https://openalex.org/I63966007,1989,1989,Woods Hole Oceanographic Institution,Massachusetts Institute of Technology; ETH Zurich,0000-0002-5475-1948,,
https://openalex.org/A5038018075,Y.W. Hao,https://openalex.org/I63966007,Massachusetts Institute of Technology,2000,2000,https://openalex.org/I63966007,2000,2000,,Massachusetts Institute of Technology; Hebei University of Technology; University of Florida,,,
https://openalex.org/A5111771836,Stephen M. Meyer,https://openalex.org/I63966007,Massachusetts Institute of Technology,1981,2007,https://openalex.org/I63966007,1981,2007,,Massachusetts Institute of Technology; University of Kansas; Universidade de São Paulo; Centre d'études et de recherches internationales de Sciences Po; Purdue University West Lafayette; IIT@MIT; The University of Adelaide; RSK Assessments (United States); Wayne State University; Hagley Museum and Library; Sinai Hospital; TD Bank; Johns Hopkins University; American Historical Association; Siena College; Johns Hopkins Medicine; St. Olaf College; Instituto de Geociencias,,,
https://openalex.org/A5038692489,Panagiotis Chatzitsakyris,https://openalex.org/I63966007,Massachusetts Institute of Technology,2004,2004,https://openalex.org/I63966007,2004,2004,,Massachusetts Institute of Technology,,,
https://openalex.org/A5108904428,Yosef Yarden,https://openalex.org/I63966007,Massachusetts Institute of Technology,1988,1988,https://openalex.org/I63966007,1988,1988,Weizmann Institute of Science,Massachusetts Institute of Technology,,,
https://openalex.org/A5023696247,Erik Helstrom,https://openalex.org/I63966007,Massachusetts Institute of Technology,2021,2025,https://openalex.org/I63966007,2021,2025,,Columbia University; Massachusetts Institute of Technology; Lamont-Doherty Earth Observatory; Moscow Institute of Thermal Technology,0000-0001-7852-569X,,
https://openalex.org/A5041783619,Zita M. Wenzel,https://openalex.org/I63966007,Massachusetts Institute of Technology,1984,1984,https://openalex.org/I63966007,1984,1984,Massachusetts Institute of Technology,Binghamton University,,,
https://openalex.org/A5003483321,Sarah J. Vigeland,https://openalex.org/I63966007,Massachusetts Institute of Technology,2010,2010,https://openalex.org/I63966007,2010,2010,University of Wisconsin–Milwaukee,Carleton College; West Virginia University; Campbell Collaboration; Lawrence Berkeley National Laboratory; Massachusetts Institute of Technology; California Institute of Technology,0000-0003-4700-9072,,
https://openalex.org/A5111205090,Lutz‐F. Tietze,https://openalex.org/I63966007,Massachusetts Institute of Technology,1973,1973,https://openalex.org/I63966007,1973,1973,,Massachusetts Institute of Technology; University of Göttingen; Christian-Albrechts-Universität zu Kiel; TU Dortmund University; University of Münster,,,
https://openalex.org/A5002249798,S.-H. Chen,https://openalex.org/I63966007,Massachusetts Institute of Technology,2004,2004,https://openalex.org/I63966007,2004,2004,Massachusetts Institute of Technology,,,,
https://openalex.org/A5021491393,Xining Du,https://openalex.org/I63966007,Massachusetts Institute of Technology,2025,2025,https://openalex.org/I63966007,2025,2025,Massachusetts Institute of Technology,Rensselaer Polytechnic Institute,,,
https://openalex.org/A5066518168,Andrea M. Lehn,https://openalex.org/I63966007,Massachusetts Institute of Technology,2017,2017,https://openalex.org/I63966007,2017,2017,,Massachusetts Institute of Technology,,,
https://openalex.org/A5110730600,J. Lind,https://openalex.org/I63966007,Massachusetts Institute of Technology,1973,1973,https://openalex.org/I63966007,1973,1973,,Massachusetts Institute of Technology; Reed College; Netherlands Institute for Radio Astronomy; University of Regensburg; Lund University,,,
https://openalex.org/A5063492101,Daniel Drocourt,https://openalex.org/I63966007,Massachusetts Institute of Technology,1988,1988,https://openalex.org/I63966007,1988,1988,,Centre National de la Recherche Scientifique; Université Toulouse III - Paul Sabatier; Massachusetts Institute of Technology; Roquette Frères (France),,,
https://openalex.org/A5000078279,Paula Darpino,https://openalex.org/I63966007,Massachusetts Institute of Technology,1995,1995,https://openalex.org/I63966007,1995,1995,The Wistar Institute,Massachusetts Institute of Technology,,,
https://openalex.org/A5001300090,Chia-Hua Lee,https://openalex.org/I63966007,Massachusetts Institute of Technology,2008,2013,https://openalex.org/I63966007,2008,2013,Chang Gung Memorial Hospital,National Taiwan Ocean University; National Cheng Kung University Hospital; Illumina (United States); ITRI International; Industrial Technology Research Institute; National Tsing Hua University; National Cheng Kung University; Chung Shan Medical University Hospital; Kuo General Hospital; National Taiwan University; IIT@MIT; Green Technology; Manipal University College Malaysia; Massachusetts Institute of Technology,0000-0003-4229-3027,,
https://openalex.org/A5112066860,John H. Carson,https://openalex.org/I63966007,Massachusetts Institute of Technology,1972,1972,https://openalex.org/I63966007,1972,1972,Providence College,UConn Health; Louisiana State University; University of Connecticut; Society for Neuroscience; Massachusetts Institute of Technology; Princess Margaret Cancer Centre; The University of Queensland; In-Q-Tel; Louisiana State University Agricultural Center; George Washington University; University of Bern; University Medical Center New Orleans; McGill University; Saint John Regional Hospital,,,
https://openalex.org/A5103364602,R. D. Sharp,https://openalex.org/I63966007,Massachusetts Institute of Technology,1958,1958,https://openalex.org/I63966007,1958,1958,,Fauna and Flora International; Danmarks Nationalbank; Science Research Laboratory; International Union for Conservation of Nature (Bangladesh); Technical University of Denmark; Lockheed Martin (United States); Lockheed Martin (Canada); Cranfield University; Oak Ridge National Laboratory; Massachusetts Institute of Technology,,,
https://openalex.org/A5058524061,F. Vilas,https://openalex.org/I63966007,Massachusetts Institute of Technology,1976,1976,https://openalex.org/I63966007,1976,1976,,"Universidade de Vigo; Smithsonian Institution; Wright State University; University of Maryland, College Park; Japan Aerospace Exploration Agency; The University of Tokyo; University of Colorado Boulder; Kobe University; European Southern Observatory; Centenary College of Louisiana; Rensselaer Polytechnic Institute; Brown University; Smithsonian Astrophysical Observatory; Johnson Space Center; TMT Observatory; Deutsches Zentrum für Luft- und Raumfahrt e. V. (DLR); Solar System Exploration Research Virtual Institute; National Aeronautics and Space Administration; University of Arizona; University of Liège; Massachusetts Institute of Technology; University of Hawaiʻi at Mānoa; Institute of Space and Astronautical Science; Pomona College; Laboratory for Atmospheric and Space Physics; U.S. National Science Foundation; Planetary Science Institute; National Museum of Natural History; Johns Hopkins University Applied Physics Laboratory",0000-0003-4723-5870,,
https://openalex.org/A5058588006,P.W. Wang,https://openalex.org/I63966007,Massachusetts Institute of Technology,1994,2002,https://openalex.org/I63966007,1994,2002,Massachusetts Institute of Technology,Fusion Academy; Fusion (United States); Plasma Technology (United States),,,
https://openalex.org/A5104014500,Kathleen M. Lewis,https://openalex.org/I63966007,Massachusetts Institute of Technology,2021,2022,https://openalex.org/I63966007,2021,2022,,Google (United States); Boston University; Moscow Institute of Thermal Technology; United States Food and Drug Administration; Children's Hospital of Philadelphia; Fordham University; Massachusetts Institute of Technology; Center for Food Safety and Applied Nutrition,,,
https://openalex.org/A5056779885,Timothy Wilson,https://openalex.org/I63966007,Massachusetts Institute of Technology,1987,1987,https://openalex.org/I63966007,1987,1987,,American Society For Engineering Education; University of Memphis; Lawrence Technological University; National Experimental University of the Armed Forces; Embry–Riddle Aeronautical University; Pennsylvania State University; University of Tennessee Health Science Center; Victoria University of Wellington; Massachusetts Institute of Technology; University of Wisconsin–Madison; Apache (Canada),0000-0002-9891-9319,,
https://openalex.org/A5013480394,Itai Turbahn,https://openalex.org/I63966007,Massachusetts Institute of Technology,2011,2011,https://openalex.org/I63966007,2011,2011,Massachusetts Institute of Technology,,,,
https://openalex.org/A5016570475,Jennifer R. Brown,https://openalex.org/I63966007,Massachusetts Institute of Technology,2012,2022,https://openalex.org/I63966007,2012,2022,Broad Institute; Boston University; Dana-Farber Cancer Institute; University of Massachusetts Boston; Harvard University; Kaiser Permanente,"University of South Dakota; Mount Sinai Medical Center; University of Maryland Medical Center; Gilead Sciences (Germany); Cancer Institute (WIA); John Wiley & Sons (United States); Institute for Clinical Evaluative Sciences; TriNetX (United States); Northwell Health; University of Utah; Dana-Farber/Harvard Cancer Center; University of Colorado Denver; Children's Hospital; Barnes-Jewish Hospital; Tufts Medical Center; Johns Hopkins University; Sun Chemical (United States); Abt Global (United States); Cleveland Clinic; University of Ulsan; Hadassah Medical Center; Dana-Farber Brigham Cancer Center; University Hospitals Seidman Cancer Center; Roche (Switzerland); Cyclacel Pharmaceuticals (United Kingdom); St James's University Hospital; Boston Medical Center; Shanghai First People's Hospital; Huntsman Cancer Institute; Emergent BioSolutions (United States); CancerCare; NHS Greater Glasgow and Clyde; Clinical Research Consortium; Massachusetts Institute of Technology; University of Canterbury; Veterans Health Administration; Harvard University Press; Asan Medical Center; Shriners Hospitals for Children - Canada; University of Colorado Cancer Center; Janssen (Belgium); Solutions Inc. (Japan); Mayo Clinic; New York Medical College; Saint Michael's Medical Center; University of California, San Diego; Oregon Health & Science University; Christiana Care Health System; Roswell Park Comprehensive Cancer Center; The Royal Melbourne Hospital; National Cancer Institute; Emory University; Harvard Pilgrim Health Care; Gilead Sciences (France); Washington State University; Gilead Sciences (United States); Ulsan College; Yale University; Verastem (United States); Moores Cancer Center; Xi'an Jiaotong University; Pharmacyclics (United States); City Of Hope National Medical Center; Cambridge Hospital; University of Guelph; Universitat de Barcelona; Hospital of the University of Pennsylvania; Beatson West of Scotland Cancer Centre; Vanderbilt University Medical Center; Beth Israel Deaconess Medical Center; Jewish Hospital; Brigham and Women's Hospital; Walter and Eliza Hall Institute of Medical Research; Palo Alto Institute; University of Rochester Medical Center; Connecticut Mental Health Center; Dartmouth–Hitchcock Medical Center; The University of Texas MD Anderson Cancer Center; UC San Diego Health System; University of Maryland, Baltimore; Boston Children's Hospital; Howard Hughes Medical Institute; City of Hope; AstraZeneca (United Kingdom); Albion (United States); University Hospital Hradec Králové; Sunesis (United States); Massachusetts General Hospital; University of Glasgow",0000-0003-2040-4961,,
https://openalex.org/A5007947585,Ksenia Nikolaeva,https://openalex.org/I63966007,Massachusetts Institute of Technology,2020,2020,https://openalex.org/I63966007,2020,2020,Massachusetts Institute of Technology; Massachusetts General Hospital,Harvard University; Committee on Publication Ethics,,,
https://openalex.org/A5082406589,Jonq-Ren Lee,https://openalex.org/I63966007,Massachusetts Institute of Technology,1995,1998,https://openalex.org/I63966007,1995,1998,Massachusetts Institute of Technology,,,,
https://openalex.org/A5111685579,André A. Pavia,https://openalex.org/I63966007,Massachusetts Institute of Technology,1969,1969,https://openalex.org/I63966007,1969,1969,,Université de Montpellier; Université d'Abomey-Calavi; Hospital Clínic de Barcelona; National Research Council Canada; École Nationale Supérieure de Chimie de Montpellier; Centre National de la Recherche Scientifique; Laboratoire de Chimie Physique et Microbiologie pour l'Environnement; National Postdoctoral Association; Massachusetts Institute of Technology; Université d'Avignon et des Pays de Vaucluse; Laboratoire de Chimie; University of Alberta; Laboratoire de Chimie Organique,,,
https://openalex.org/A5007494924,J. Golak,https://openalex.org/I63966007,Massachusetts Institute of Technology,1996,2001,https://openalex.org/I63966007,1996,2001,RIKEN Nishina Center; Jagiellonian University,"AGH University of Krakow; Karlsruhe Institute of Technology; Campbell Collaboration; Thomas Jefferson National Accelerator Facility; Istituto Nazionale di Fisica Nucleare, Sezione di Pisa; Ruhr University Bochum; Kyushu Institute of Technology; University of Ljubljana; Kent State University; Institute of Nuclear Physics, Polish Academy of Sciences; ETH Zurich; Lomonosov Moscow State University; Tohoku University; University of Wisconsin–Madison; University of Cologne; Lawrence Berkeley National Laboratory; Massachusetts Institute of Technology; Institute of Physics; Florida State University; Forschungszentrum Jülich; Universität Hamburg; University of Pisa; Istituto Nazionale di Fisica Nucleare, Laboratori Nazionali di Frascati; Hosei University; Johannes Gutenberg University Mainz; Czech Academy of Sciences, Institute of Physics",0000-0002-5210-6910,,
https://openalex.org/A5086540870,Sean T. Roberts,https://openalex.org/I63966007,Massachusetts Institute of Technology,2004,2014,https://openalex.org/I63966007,2004,2014,The University of Texas at Austin; University of Tennessee at Knoxville,"George Washington University; Schlumberger (United Kingdom); IIT@MIT; University of Bristol; Microsoft Research (United Kingdom); University of Portsmouth; Massachusetts Institute of Technology; University of Southern California; Rice University; Lawrence Berkeley National Laboratory; Northern Kentucky University; Urbana University; University of Cambridge; Material Sciences (United States); University of California, Los Angeles; Highland Community College - Illinois",0000-0002-3322-3687,,
https://openalex.org/A5079209640,Stephanie E. Woods,https://openalex.org/I63966007,Massachusetts Institute of Technology,2013,2014,https://openalex.org/I63966007,2013,2014,New York University; Regeneron (United States),Massachusetts Institute of Technology; Progenity (United States),,,
https://openalex.org/A5047124074,H. M. Irvine,https://openalex.org/I63966007,Massachusetts Institute of Technology,1978,1981,https://openalex.org/I63966007,1978,1981,,UNSW Sydney; Massachusetts Institute of Technology; University of Auckland,,,
https://openalex.org/A5012644488,HARVEY KAYE,https://openalex.org/I63966007,Massachusetts Institute of Technology,1967,1967,https://openalex.org/I63966007,1967,1967,Textron (United States),Massachusetts Institute of Technology,,,
https://openalex.org/A5069771435,Simon J. Haward,https://openalex.org/I63966007,Massachusetts Institute of Technology,2010,2015,https://openalex.org/I63966007,2010,2015,Okinawa Institute of Science and Technology Graduate University,Massachusetts Institute of Technology; University of Bristol; Johns Hopkins University; University of Cambridge; Professor Jayashankar Telangana State Agricultural University; Universidade do Porto; University of Liverpool,0000-0002-1884-4100,,
https://openalex.org/A5005663017,C.F. Dewey,https://openalex.org/I63966007,Massachusetts Institute of Technology,2002,2002,https://openalex.org/I63966007,2002,2002,Massachusetts Institute of Technology,,,,
https://openalex.org/A5018030952,Geoffrey Lamptey,https://openalex.org/I63966007,Massachusetts Institute of Technology,2007,2007,https://openalex.org/I63966007,2007,2007,,Purdue University West Lafayette; American Orchid Society; Massachusetts Institute of Technology,,,
https://openalex.org/A5109911292,John T. Norton,https://openalex.org/I63966007,Massachusetts Institute of Technology,1956,1967,https://openalex.org/I63966007,1956,1967,Northwestern University,"University of Kansas; Institute of Molecular and Cell Biology; The University of Texas MD Anderson Cancer Center; University of North Carolina Health Care; Orlando Health; National Institutes of Health; Tufts University; Molecular Biology Consortium; National Institute of Mental Health and Neurosciences; University of California, San Diego; Bristol-Myers Squibb (Belgium); Massachusetts Institute of Technology; Leidos (United States); Moores Cancer Center; Leidos Biomedical Research Inc. (United States); Lawrence Berkeley National Laboratory; University of California, Berkeley; Columbia University; Union Carbide (United States); Medtronic (United States); Johns Hopkins Hospital; Yale University; BASF (United States)",,,
https://openalex.org/A5088728758,Joseph R. Votano,https://openalex.org/I63966007,Massachusetts Institute of Technology,1977,1984,https://openalex.org/I63966007,1977,1984,Virginia Commonwealth University; Eastern Nazarene College,Weizmann Institute of Science; Massachusetts Institute of Technology,,,
https://openalex.org/A5004305089,Daniel M. DeSantis,https://openalex.org/I63966007,Massachusetts Institute of Technology,2023,2025,https://openalex.org/I63966007,2023,2025,Massachusetts Institute of Technology,,0009-0003-3026-0831,,
https://openalex.org/A5087391357,Nam‐Gyu Kang,https://openalex.org/I63966007,Massachusetts Institute of Technology,2006,2007,https://openalex.org/I63966007,2006,2007,Korea Institute for Advanced Study,National Institute for Mathematical Sciences; Seoul National University; Massachusetts Institute of Technology,0000-0003-4545-6899,,
https://openalex.org/A5009315537,Cyrus F. Hirjibehedin,https://openalex.org/I63966007,Massachusetts Institute of Technology,2022,2025,https://openalex.org/I63966007,2022,2025,MIT Lincoln Laboratory; Massachusetts Institute of Technology,IBM Research - Almaden; University College Hospital; London Centre for Nanotechnology; Leiden University; Stanford University; University of Regensburg; University College London; École Polytechnique Fédérale de Lausanne; Applied Mathematics (United States); Columbia University; IBM (United States),0000-0003-1706-2147,,
https://openalex.org/A5100401968,Yu Chen,https://openalex.org/I63966007,Massachusetts Institute of Technology,2004,2015,https://openalex.org/I63966007,2004,2015,New York University,"Goddard Space Flight Center; Guangzhou Medical University; Florida State University; Beijing Normal University; University of Maryland, Baltimore; Langley Research Center; Fukuda Denshi (Japan); First Affiliated Hospital of Guangzhou Medical University; United States Food and Drug Administration; Tsinghua University; State Key Laboratory of Respiratory Disease; Bioengineering Center; University of Massachusetts Amherst; University of Maryland, College Park; Guilin University of Technology; Massachusetts Institute of Technology; Fujian Normal University; Japan Aerospace Exploration Agency; Institute of Remote Sensing and Digital Earth",0000-0001-8765-3300,,
https://openalex.org/A5015907949,Kayvan Zainabadi,https://openalex.org/I63966007,Massachusetts Institute of Technology,2013,2019,https://openalex.org/I63966007,2013,2019,Cornell University; Center for Global Health; Weill Cornell Medicine,"Sri Devaraj Urs Medical College; University of Maryland, Baltimore; Sri Devaraj Urs Academy of Higher Education and Research; National Institute of Allergy and Infectious Diseases; Vector Oncology (United States); VA Greater Los Angeles Healthcare System; Massachusetts Institute of Technology; University of California, Irvine; VA West Los Angeles Medical Center; University of California, Los Angeles; Indian Institute of Science Bangalore",0000-0003-3134-1783,,
https://openalex.org/A5024345216,S. I. Krasheninnikov,https://openalex.org/I63966007,Massachusetts Institute of Technology,1994,2000,https://openalex.org/I63966007,1994,2000,"University of California, San Diego","Kurchatov Institute; Plasma Technology (United States); University of California System; Institute of Atomic Energy; Atomic Energy (Canada); University of Saskatchewan; Fusion (United States); Université Bourgogne Franche-Comté; Princeton University; Plasma (Russia); San Diego Association of Governments; University of Toronto; Moscow Power Engineering Institute; Massachusetts Institute of Technology; National University; University of California, Berkeley; Oak Ridge National Laboratory; Stem Cell Network; Williams (United States); Fusion Academy; Max Planck Institute for Plasma Physics; National Research Nuclear University MEPhI; American University of Beirut; Los Alamos National Laboratory; Nagoya University; Universidad Nacional Autónoma de México; William & Mary; Lawrence Livermore National Laboratory",0000-0002-0786-5440,,
https://openalex.org/A5074084785,Joga Dharma Setiawan,https://openalex.org/I63966007,Massachusetts Institute of Technology,2005,2005,https://openalex.org/I63966007,2005,2005,,Michigan State University; Bandung Institute of Technology; Diponegoro University; Nagoya University; Massachusetts Institute of Technology; Universiti Teknologi Petronas; Petronas (Malaysia); Universitas Dian Nuswantoro,0000-0002-2948-9204,,
https://openalex.org/A5101552073,Diego Martinez,https://openalex.org/I63966007,Massachusetts Institute of Technology,2014,2018,https://openalex.org/I63966007,2014,2018,,Los Alamos National Laboratory; Cronus (United States); Joint Genome Institute; University of New Mexico; Broad Institute; Massachusetts Institute of Technology; Universidade de São Paulo; Crocus Technology (France),0000-0002-8518-8502,,
https://openalex.org/A5108484357,Patricia Lund,https://openalex.org/I63966007,Massachusetts Institute of Technology,1965,1965,https://openalex.org/I63966007,1965,1965,,"University of Oxford; University of California, San Francisco; Harvard University; Massachusetts Institute of Technology; Medical Research Council; Johns Hopkins University; Mount Desert Island Biological Laboratory; Massachusetts General Hospital; Johns Hopkins Medicine",,,
https://openalex.org/A5053626160,Kwan Wee Tan,https://openalex.org/I63966007,Massachusetts Institute of Technology,2010,2010,https://openalex.org/I63966007,2010,2010,Nanyang Technological University,UCSI University; University of Nottingham Malaysia Campus; Ithaca College; Cornell University; Xiamen University Malaysia; Materials Science & Engineering; Universiti Sains Malaysia; Massachusetts Institute of Technology; Singapore-MIT Alliance for Research and Technology,0000-0002-8289-6503,,
https://openalex.org/A5096867464,Stasior,https://openalex.org/I63966007,Massachusetts Institute of Technology,1994,1994,https://openalex.org/I63966007,1994,1994,Massachusetts Institute of Technology,,,,
https://openalex.org/A5046710805,Sarah Klein,https://openalex.org/I63966007,Massachusetts Institute of Technology,2016,2016,https://openalex.org/I63966007,2016,2016,Fraunhofer Institute for Laser Technology,Fraunhofer Society; RWTH Aachen University; MIT Lincoln Laboratory; Massachusetts Institute of Technology; University of South Florida; Sirris,0000-0002-8117-2589,,
https://openalex.org/A5100733864,Weibin Chen,https://openalex.org/I63966007,Massachusetts Institute of Technology,2025,2025,https://openalex.org/I63966007,2025,2025,Massachusetts Institute of Technology; South China University of Technology; Zhongshan Hospital of Xiamen University; Shenzhen University; North China University of Science and Technology Affiliated Hospital,University of Macau; East China University of Science and Technology; Shandong Institute of Automation; University of Cincinnati; China General Nuclear Power Corporation (China); NARI Group (China); Guangzhou Urban Planning Survey & Design Institute; Fuzhou University; University of Toronto; King University; Chengdu University; Macronix International (Taiwan); National University of Singapore; Civil Aviation University of China; China Southern Power Grid (China); Advanced Rotorcraft Technology (United States); Chinese PLA General Hospital; Shenzhen Academy of Robotics; Xiamen University; Dalian University of Technology; South China Normal University; University of Dayton; China National Environmental Monitoring Center; Trent University; Fujian Agriculture and Forestry University; Chinese Academy of Sciences; Northeastern University; Shenzhen Bao'an District People's Hospital; Shanghai Institute of Ceramics; Wright-Patterson Air Force Base; State Key Laboratory of Modern Optical Instruments; Wuhan Institute of Physics and Mathematics; Tianjin Medical University; Zhejiang University; Peking University; City University of Macau; National Marine Environmental Monitoring Center; Hunan University; Materials Science & Engineering; China Shipbuilding Industry Corporation (China); Central South University; University of Chinese Academy of Sciences; Seagate (United States); Sun Yat-sen University; State Key Laboratory of Luminescent Materials and Devices; Shenzhen Metro (China); Huaqiao University; Purdue University West Lafayette; South China Agricultural University; North China University of Science and Technology,0000-0003-1514-4149,,
https://openalex.org/A5053116009,C.M. Clampitt,https://openalex.org/I63966007,Massachusetts Institute of Technology,1981,1981,https://openalex.org/I63966007,1981,1981,Massachusetts Institute of Technology,,,,
https://openalex.org/A5087339910,P.W. Gouker,https://openalex.org/I63966007,Massachusetts Institute of Technology,2001,2001,https://openalex.org/I63966007,2001,2001,MIT Lincoln Laboratory; Massachusetts Institute of Technology,,,,
https://openalex.org/A5081942805,Alasdair Hastewell,https://openalex.org/I63966007,Massachusetts Institute of Technology,2023,2023,https://openalex.org/I63966007,2023,2023,,Massachusetts Institute of Technology,0000-0003-2633-380X,,
https://openalex.org/A5081309414,B. Kotliński,https://openalex.org/I63966007,Massachusetts Institute of Technology,1997,1997,https://openalex.org/I63966007,1997,1997,University of Liverpool,"Los Alamos Medical Center; University of Groningen; Massachusetts Institute of Technology; University of Warsaw; Paul Scherrer Institute; University of Rochester; Zorginstituut Nederland; New Mexico State University; University of York; U.S. National Science Foundation; Old Dominion University; University of Maryland, College Park; Karlsruhe University of Education; University of Basel; University of Zagreb; Daresbury Laboratory",,,
https://openalex.org/A5046045016,Barbara R. Barry,https://openalex.org/I63966007,Massachusetts Institute of Technology,2004,2004,https://openalex.org/I63966007,2004,2004,,Lynn University; Massachusetts Institute of Technology,0000-0003-3097-671X,,
https://openalex.org/A5021229422,J. Bosse,https://openalex.org/I63966007,Massachusetts Institute of Technology,1983,1983,https://openalex.org/I63966007,1983,1983,,École Centrale de Lyon; Université Laval; Massachusetts Institute of Technology; Université Claude Bernard Lyon 1; Max Planck Institute for Physics; Max Planck Institute for Astrophysics; Kyoto University; Leiden University; Freie Universität Berlin; Institut National des Sciences Appliquées de Lyon; Technical University of Munich; Centre National de la Recherche Scientifique; Laboratoire de Tribologie et Dynamique des Systèmes; Université Libre de Bruxelles; Institute for Advanced Study; RWTH Aachen University; Matériaux Ingénierie et Science; Technische Universität Braunschweig; Laboratoire des Multimatériaux et Interfaces; École Nationale d'Ingénieurs de Saint-Étienne,0000-0002-7600-509X,,
https://openalex.org/A5046036125,Aaron R. Van Dyke,https://openalex.org/I63966007,Massachusetts Institute of Technology,2009,2009,https://openalex.org/I63966007,2009,2009,Fairfield University,IIT@MIT; University of Michigan; Massachusetts Institute of Technology,0000-0002-6989-4394,,
https://openalex.org/A5113579138,Y. Endoh,https://openalex.org/I63966007,Massachusetts Institute of Technology,1997,1997,https://openalex.org/I63966007,1997,1997,,Tohoku University; RIKEN; Brookhaven National Laboratory; Mitsubishi Electric (Japan); The University of Osaka; Mitsubishi Electric (Germany); IIT@MIT; University of Tsukuba; Massachusetts Institute of Technology,,,
https://openalex.org/A5101875434,Yancheng Lai,https://openalex.org/I63966007,Massachusetts Institute of Technology,1995,1995,https://openalex.org/I63966007,1995,1995,State Key Laboratory of Oral Diseases; Nanchang University; Southern Medical University; Second Military Medical University; Stomatology Hospital; Nanjing Medical University; Kangda College of Nanjing Medical University; Sichuan University; Changhai Hospital; Zhujiang Hospital,Huashan Hospital; Renji Hospital; University of Minnesota; Barro Colorado Island; University of Science and Technology of China; Fermi National Accelerator Laboratory; Massachusetts Institute of Technology; State Council of the People's Republic of China; Fudan University; Institute of High Energy Physics; National Clinical Research; Chinese Academy of Sciences; Chinese Academy of Medical Sciences & Peking Union Medical College; Jinan University; Brown University; Shanghai Jiao Tong University; National Cancer Center; Lifespan; Nanfang Hospital,0009-0004-8444-7535,,
https://openalex.org/A5062611835,Amanda Chung,https://openalex.org/I63966007,Massachusetts Institute of Technology,2023,2023,https://openalex.org/I63966007,2023,2023,University of the Philippines Manila; Philippine General Hospital,Massachusetts Institute of Technology; Koch Institute for Integrative Cancer Research At MIT; Tulane University; Allen Institute; IIT@MIT; University of Pennsylvania,,,
https://openalex.org/A5077703270,Stefan Neufeind,https://openalex.org/I63966007,Massachusetts Institute of Technology,2014,2014,https://openalex.org/I63966007,2014,2014,Lanxess (Germany),University of Cologne; California Institute of Technology; Massachusetts Institute of Technology,,,
https://openalex.org/A5002063608,Patricia Hersh,https://openalex.org/I63966007,Massachusetts Institute of Technology,1999,1999,https://openalex.org/I63966007,1999,1999,,"Mathematical Sciences Research Institute; University at Albany, State University of New York; Massachusetts Institute of Technology; North Central State College; Indiana University; Indiana University Bloomington; University of Washington; North Carolina State University; University of Michigan; University of Oregon",0000-0001-6887-962X,,
https://openalex.org/A5108092535,RD Wagh,https://openalex.org/I63966007,Massachusetts Institute of Technology,2025,2025,https://openalex.org/I63966007,2025,2025,Massachusetts Institute of Technology,ACPM Dental College and Hospital,,,
https://openalex.org/A5079246484,Pierre Moënne‐Loccoz,https://openalex.org/I63966007,Massachusetts Institute of Technology,2005,2009,https://openalex.org/I63966007,2005,2009,Oregon Health & Science University,"Oklahoma State University; University of California, San Francisco; University of California, Santa Cruz; Northwestern University; University of Illinois Urbana-Champaign; Pennsylvania State University; Eastern Oregon University; Environmental Health; Emory University; Moffitt Cancer Center; Delft University of Technology; Oregon Institute of Technology; Queen Mary University of London; University of British Columbia; Service de la Santé Publique; University of Kansas; Centre National de la Recherche Scientifique; University of Oregon; Scripps Research Institute; University of California, Los Angeles; Laboratoire de Biologie et Pharmacologie Appliquée; University College London; Goethe University Frankfurt; John Innes Centre; University of Maryland, Baltimore; University of Minnesota; Stanford University; Massachusetts Institute of Technology; University of Delaware; Oregon Museum of Science and Industry; The University of Osaka; Commissariat à l'Énergie Atomique et aux Énergies Alternatives; Columbia University; University of Basel; CEA Paris-Saclay - Etablissement de Saclay; Walker (United States); University of Rhode Island; University of Wisconsin–Madison; Johns Hopkins University; Bioénergétique et Ingénierie des Protéines",0000-0002-7684-7617,,
https://openalex.org/A5001839639,Kalyan Talluri,https://openalex.org/I63966007,Massachusetts Institute of Technology,1991,1991,https://openalex.org/I63966007,1991,1991,Imperial College London,Columbia University; Universitat Pompeu Fabra; Massachusetts Institute of Technology; Institució Catalana de Recerca i Estudis Avançats,0000-0003-1608-6403,,
https://openalex.org/A5088102922,J. Moran,https://openalex.org/I63966007,Massachusetts Institute of Technology,1967,1967,https://openalex.org/I63966007,1967,1967,INESC TEC,Universidad Continental; Massachusetts Institute of Technology; University of Virginia; Alcoa (United States); Intel (United States); Textron (United States); American Institute of Aeronautics and Astronautics,0000-0003-4575-9320,,
https://openalex.org/A5105738959,Yoseph Rozenman,https://openalex.org/I63966007,Massachusetts Institute of Technology,1990,1990,https://openalex.org/I63966007,1990,1990,Massachusetts General Hospital; Massachusetts Institute of Technology,,,,
https://openalex.org/A5085551953,J. Dekleva,https://openalex.org/I63966007,Massachusetts Institute of Technology,1959,1959,https://openalex.org/I63966007,1959,1959,,Massachusetts Institute of Technology; Harvard University Press,,,
https://openalex.org/A5082968092,Randall J. Margolis,https://openalex.org/I63966007,Massachusetts Institute of Technology,1986,1986,https://openalex.org/I63966007,1986,1986,St. Elizabeth's Medical Center,Harvard University; Institute of Immunology; Wake Forest University; McMaster University; Community Hospital; Massachusetts General Hospital; MedStar Washington Hospital Center; Massachusetts Institute of Technology; Brigham and Women's Hospital; Pennsylvania State University; Atrium Health Wake Forest Baptist,,,
https://openalex.org/A5076476343,Rujia Zha,https://openalex.org/I63966007,Massachusetts Institute of Technology,2014,2014,https://openalex.org/I63966007,2014,2014,Massachusetts Institute of Technology,,,,
https://openalex.org/A5035548602,Carlos David Gonzalez Uribe,https://openalex.org/I63966007,Massachusetts Institute of Technology,2013,2013,https://openalex.org/I63966007,2013,2013,Massachusetts Institute of Technology,,,,
https://openalex.org/A5064778502,Douglas McCormick,https://openalex.org/I63966007,Massachusetts Institute of Technology,1992,1993,https://openalex.org/I63966007,1992,1993,The Ohio State University Comprehensive Cancer Center – Arthur G. James Cancer Hospital and Richard J. Solove Research Institute,"Stanford University; University of Pittsburgh; University of Florida; University of Southern California; Biotechnology Institute; McCormick (United States); Suzuki (Japan); Fermi National Accelerator Laboratory; Biosensores (Spain); Teaneck Public Library; Commissariat à l'Énergie Atomique et aux Énergies Alternatives; Beppu University; Research & Diagnostic Antibodies (United States); Seattle University; University of Minnesota; Institut de Recherche Vaccinale; Abbott (United Kingdom); Tel Aviv University; Royal College of Physicians and Surgeons of Canada; University of Manchester; Menlo School; Bio-Medical Science (South Korea); Monsanto (United States); Lawrence Berkeley National Laboratory; Bridge University; Oncolytics Biotech (Canada); University Medical Center; Linac Coherent Light Source; Institut Pasteur; Eli Lilly (United States); Biochemical Society; University of Arizona; Deutsches Elektronen-Synchrotron DESY; Southern California University for Professional Studies; Dartmouth Hospital; University of Basel; California Institute of Technology; Massachusetts Institute of Technology; New York University; Stanford Synchrotron Radiation Lightsource; Takeda (Japan); New Japan Chemical (Japan); Rockefeller University; University of California, Santa Cruz; University of Essex; University of Washington; American Medical Association; SLAC National Accelerator Laboratory; Alfa Laval (Norway)",0000-0001-5693-9234,,
https://openalex.org/A5005216685,Inja Song,https://openalex.org/I63966007,Massachusetts Institute of Technology,2010,2010,https://openalex.org/I63966007,2010,2010,Massachusetts Institute of Technology,,,,
https://openalex.org/A5108265908,David Cain,https://openalex.org/I63966007,Massachusetts Institute of Technology,2014,2015,https://openalex.org/I63966007,2014,2015,Royal Cornwall Hospital; Royal Cornwall Hospital Trust,Wolfson Foundation; Washington University in St. Louis; VA Puget Sound Health Care System; Plant Gene Expression Center; University College London Hospitals NHS Foundation Trust; MRC Human Immunology Unit; Medical Research Council; Singapore-MIT Alliance for Research and Technology; University of Oxford; The Royal Free Hospital; University College London; Massachusetts Institute of Technology,,,
https://openalex.org/A5076118490,Stanislav Tsitkov,https://openalex.org/I63966007,Massachusetts Institute of Technology,2023,2025,https://openalex.org/I63966007,2023,2025,Massachusetts Institute of Technology,IIT@MIT,,,
https://openalex.org/A5057750710,B. A. Corbin,https://openalex.org/I63966007,Massachusetts Institute of Technology,2013,2013,https://openalex.org/I63966007,2013,2013,,University of Central Florida; James S. McDonnell Foundation; Massachusetts Institute of Technology,,,
https://openalex.org/A5101461960,Taeho Shin,https://openalex.org/I63966007,Massachusetts Institute of Technology,2014,2014,https://openalex.org/I63966007,2014,2014,Hanyang University,Massachusetts Institute of Technology; Ajou University,0009-0003-8244-4835,,
https://openalex.org/A5065626137,Butler Laughlin,https://openalex.org/I63966007,Massachusetts Institute of Technology,1998,1998,https://openalex.org/I63966007,1998,1998,Stanford University; Massachusetts Institute of Technology,Chicago Public Schools,,,
https://openalex.org/A5070019674,Kewen Lei,https://openalex.org/I63966007,Massachusetts Institute of Technology,2025,2025,https://openalex.org/I63966007,2025,2025,Massachusetts Institute of Technology,Materials Science & Engineering; Koch Institute for Integrative Cancer Research At MIT; Shanghai Stomatological Hospital; University of Lausanne; Fudan University; Beijing Information Science & Technology University; Institute of Polymers; École Polytechnique Fédérale de Lausanne,0000-0002-3586-682X,,
https://openalex.org/A5045801671,Thad﻿ Starner﻿﻿,https://openalex.org/I63966007,Massachusetts Institute of Technology,1992,2002,https://openalex.org/I63966007,1992,2002,Georgia Institute of Technology; Google (United States),Atlanta Technical College; Human Media; Massachusetts Institute of Technology; Shepherd Center; MIT Lincoln Laboratory,0000-0001-8442-7842,,
https://openalex.org/A5072113162,Christopher J. Chang,https://openalex.org/I63966007,Massachusetts Institute of Technology,1999,2005,https://openalex.org/I63966007,1999,2005,"Joe DiMaggio Children's Hospital; Memorial Healthcare System; Neurosciences Institute; University of California System; Princeton University; Lawrence Berkeley National Laboratory; University of California, Berkeley; QB3","Southern University of Science and Technology; University of Science and Technology of China; Scripps Research Institute; ShanghaiTech University; King University; City University of Hong Kong; University of Manchester; Joint Center for Artificial Photosynthesis; National Renewable Energy Laboratory; Tsinghua University; Neuroscience Institute; Stockholm University; Cornell University; Berkeley College; Universitat de València; University of Hong Kong; University of Regensburg; Chinese University of Hong Kong; National Taiwan University; University of New Mexico; California Institute of Technology; Howard Hughes Medical Institute; Université de Caen Normandie; The University of Tokyo; Nankai University; Centre National de la Recherche Scientifique; Ewha Womans University; University of California, Davis; École Polytechnique Fédérale de Lausanne; IIT@MIT; University of Cincinnati; NOAA Chemical Sciences Laboratory; Cambridge Consultants (United Kingdom); The University of Texas at Austin; United Monolithic Semiconductor (France); Pohang University of Science and Technology; Royal Society of Chemistry; Xiamen University; University of Namur; National High Magnetic Field Laboratory; The University of Queensland; Institute of Molecular and Cell Biology; Kyoto University; Xi'an University of Science and Technology; Michigan State University; Los Alamos National Laboratory; Texas A&M University; Northwestern University; Amazon (United States); Colorado State University; Canadian Institute for Advanced Research; Beijing Normal University; University of Chicago; Universitat de Barcelona; Missouri University of Science and Technology; University of Liège; Peking University; Sun Yat-sen University; Monash University; The Ohio State University; University of Science and Technology Beijing; Laboratoire de Chimie de Coordination; University of California, Los Angeles; University of Tsukuba; Lanzhou University; Massachusetts Institute of Technology; Stanford University; Institute for Basic Science; University of Rochester",0000-0001-5732-9497,,
https://openalex.org/A5060750457,Tatsuya Arai,https://openalex.org/I63966007,Massachusetts Institute of Technology,2010,2010,https://openalex.org/I63966007,2010,2010,Tokyo University of Agriculture and Technology; Hokkaido University; NHO Kinki Chuo Chest Medical Center; The University of Tokyo,"Gunma University; Southwestern Medical Center; Saitama University; Daikin (Japan); Amazon (United States); Akita University; National Institute of Technology; Banaras Hindu University; Meikai University; Chiba University; Nihon University; Iwate Prefectural University; Waseda University; Jichi Medical University; Tokyo Institute of Technology; Tokai University; Japan Synchrotron Radiation Research Institute; Tohoku University; The University of Texas Southwestern Medical Center; Toyota Motor Corporation (Japan); Teijin (Japan); Tsuda University; National Institute of Advanced Industrial Science and Technology; La Jolla Bioengineering Institute; Niigata University; Kishiwada City Hospital; Technology and Engineering Center for Space Utilization; Shibaura Institute of Technology; University of Sheffield; Massachusetts Institute of Technology; Tokyo University of Science; Czech Academy of Sciences, Institute of Physiology; American Institute of Aeronautics and Astronautics; Kanazawa Institute of Technology; University of California, San Diego",0000-0002-2328-9519,,
https://openalex.org/A5113308487,A. D. Johnson,https://openalex.org/I63966007,Massachusetts Institute of Technology,1987,1995,https://openalex.org/I63966007,1987,1995,SIL International,"SLAC National Accelerator Laboratory; Massachusetts Institute of Technology; Air Products (United States); Durham University; Stanford University; AT&T (United States); Lawrence Berkeley National Laboratory; East Sussex County Council; Malvern Community Hospital; IQE (United Kingdom); IIT@MIT; University of California, Berkeley; Qinetiq (United Kingdom)",,,
https://openalex.org/A5087656467,Steven O. Smith,https://openalex.org/I63966007,Massachusetts Institute of Technology,1986,2004,https://openalex.org/I63966007,1986,2004,Stony Brook University,"University of California, San Francisco; Rijksmuseum; Joint Center for Structural Genomics; Whitney Museum of American Art; Boston University; Weizmann Institute of Science; Albany Medical Center Hospital; SUNY Old Westbury; de Duve Institute; University of Pittsburgh; University of California, Berkeley; Woods Hole Oceanographic Institution; Wayne State University; Aaron Diamond AIDS Research Center; Brandeis University; Massachusetts Institute of Technology; Swarthmore College; Brookhaven National Laboratory; Inserm; DuPont (United States); Case Western Reserve University; State University of New York; Rockefeller University; Harvard University Press; Leiden University; Protein Research Foundation; UCLouvain; Yale University; Howard Hughes Medical Institute; The University of Osaka; University of Lethbridge; Experimental Station; Ludwig Cancer Research",0000-0003-1861-7159,,
https://openalex.org/A5056045578,J. Gustav Smith,https://openalex.org/I63966007,Massachusetts Institute of Technology,2010,2012,https://openalex.org/I63966007,2010,2012,Lund University; Sahlgrenska University Hospital; Skåne University Hospital,Massachusetts General Hospital; Broad Institute; Center for Molecular Medicine and Immunology; Massachusetts Institute of Technology; Coeliac UK,,,
https://openalex.org/A5112836709,Joachım Herrmann,https://openalex.org/I63966007,Massachusetts Institute of Technology,1965,1968,https://openalex.org/I63966007,1965,1968,Max-Born-Institute for Nonlinear Optics and Short Pulse Spectroscopy,Dr Willmar Schwabe (Germany); The University of Texas at Austin; Kliniken der Stadt Köln; Max Planck Society; University of Bern; Institut für angewandte Photonik; Kim Il-sung University; ETH Zurich; Forschungsverbund Berlin; Schiller International University; Staatliche Akademie der Bildenden Künste Stuttgart; Massachusetts Institute of Technology; Maxim Integrated (United Kingdom); Friedrich Schiller University Jena; Observatoire Cantonal de Neuchâtel; German Central Institute for Social Issues; MIT Lincoln Laboratory; Internationale Akademie Berlin; Angel Kanchev University of Ruse; Bundeswehrkrankenhaus; Amt für Archäologie; Max Planck Institute for Plasma Physics,,,
https://openalex.org/A5094304841,Franz Stückle,https://openalex.org/I63966007,Massachusetts Institute of Technology,1972,1995,https://openalex.org/I63966007,1972,1995,"University of Fribourg; Wikimedia Österreich; De Gruyter Brill (Germany); National Agricultural Library; Institute of Mathematics; Universität Greifswald; Robert Koch Institute; Yamamoto Hospital; Jubail Industrial College; Czech Academy of Sciences, Institute of Philosophy; Rutgers, The State University of New Jersey; Wroclaw University of Applied Informatics ""Horizon""; Baidu (China); Japan Science and Technology Agency; University of Houston; Yale University; University of Lincoln; Institute of Computational Mathematics and Mathematical Geophysics; Chinese Academy of Sciences; Ludwig-Maximilians-Universität München; Kyushu University; Council of Science Editors; Institute of Linguistics; Naver (South Korea); Technische Universität Berlin; Heinrich Heine University Düsseldorf; Federal University of Applied Administrative Sciences; University of Mannheim; University of Florida; Kingston University; UNSW Sydney; Queen's University; Park University; University of Birmingham; Centre National de la Recherche Scientifique; Université Paris Dauphine-PSL; Forschungsgemeinschaft für elektrische Anlagen und Stromwirtschaft; Amsterdam University of Applied Sciences; Florida Gulf Coast University; Christian-Albrechts-Universität zu Kiel; University of Bremen; Notre Dame of Dadiangas University; University of Freiburg; University of Notre Dame; University of Tübingen; University of Würzburg; Osnabrück University; Turku University of Applied Sciences; University of Augsburg; Skolkovo Foundation; University of California, Santa Barbara; Délégation Ile-de-France Villejuif; IEEE Computer Society; Maastricht University; Deutsche Post (Germany); Friedrich-Alexander-Universität Erlangen-Nürnberg; User Interface Design (Germany); Tel Aviv University; Leipzig University; University of Bristol; University at Albany, State University of New York; KU Leuven; General Electric (United States); Google (United States); University of Minho; University of Illinois Chicago; Microsoft (United States); MVZ - Kurfürstendamm; Cezanne (Italy); Augsburg University; Advisory Board Company (United States); Ashland (United States); Universitätsbibliothek Johann Christian Senckenberg; HTWG Hochschule Konstanz - Technik, Wirtschaft und Gestaltung; University of Oxford; University of Graz","Eötvös Loránd University; Kaplan Medical Center; Merck (Germany); Technische Universität Dresden; University of Chicago; Aristotle University of Thessaloniki; Georgia State University; University of California, San Diego; Fondation Sophia Antipolis; University of Padua; University of Minnesota; ift Rosenheim; Ministry of Social Affairs and Social Services; Laboratory Dr. Wisplinghoff; Northwestern University; Justus-Liebig-Universität Gießen; University of Pittsburgh; Ambulatory Rehabilitation Center Berlin Adlershof; International Organization for Migration; Helios Hospital Berlin-Buch; Technische Universität Braunschweig; Johannes Gutenberg University Mainz; MyScience (United Kingdom); University of Hong Kong; Charles University; University of Oslo; University of Hagen; Stifterverband; Case Western Reserve University; Deutsche Nationalbibliothek; Institut für Zeitgeschichte München–Berlin; Microsoft (Germany); University of Liège; Leibniz Institute for East and Southeast European Studies; University of York; Royal Children's Hospital; Widener University; University of St.Gallen; Jewish Theological Seminary; Mount Allison University; Chinese Academy of Social Sciences; University of Naples Federico II; University of Wuppertal; University of Duisburg-Essen; Klinikum Saarbrücken; Carl von Ossietzky Universität Oldenburg; Roskilde University; Google (Israel); University of Bamberg; Royal Brisbane and Women's Hospital; The University of Sydney; University of Arizona; Leibniz-Zentrum für Literatur- und Kulturforschung; Universität Trier; Massachusetts Institute of Technology; Translational Research Platform for Veterinary Biologicals (India); Clausthal University of Technology; VDI/VDE Innovation + Technik; American Academy of Arts and Sciences; Louisiana State University; Russian Academy of Sciences; Heidelberg University; St. Augustine College; German Orient Foundation; Aalto University; University of St Andrews; San Francisco Theological Seminary; University of Rostock; University of Genoa; Stockholm University; Princeton Public Schools; University of Basel; Federal Ministry of Justice; Institute of Numerical Mathematics; University of Massachusetts Boston; Praxis; University of Geneva; Azienda Ospedale - Università Padova; Cambridge Crystallographic Data Centre; Université de Rouen Normandie; Staats- und Universitätsbibliothek Bremen; Institute for Basic Science; Institution de Lavigny; Knowledge Based Systems (United States); The University of Queensland; Swedish Research Council; Max Planck Institute for the Study of Crime, Security and Law; Exponent (United States); Public Risk Management Association; International Solar Energy Research Center Konstanz; Lodz University of Technology; Johns Hopkins University; University of Massachusetts Amherst; Southwestern Law School; Aarhus School of Architecture; Queensland Children’s Medical Research Institute; Humboldt-Universität zu Berlin; ProQuest (United States); Freie Universität Berlin; Hebrew University of Jerusalem; TU Wien; Paderborn University; Friedrich Schiller University Jena; University Hospital Leipzig; Universität Innsbruck; University of Zurich; Martin Luther University Halle-Wittenberg; Center for Applied Linguistics; Thomson Reuters (United States); Lancaster University; FIZ Karlsruhe – Leibniz Institute for Information Infrastructure; Korea Institute for Advanced Study; University of California, Davis; Catholic University of Eichstätt-Ingolstadt; Gunma Astronomical Observatory; Laboratoire Bordelais de Recherche en Informatique; Princeton University; Cologne Institute for Economic Research; Ernst Abbe University of Applied Sciences Jena; University of Pamplona; Ruhr University Bochum; University of Antwerp; Bielefeld University; Heidelberg University; Institut des Arts de Diffusion; EFD Induction (Germany); University of Liverpool; China United Network Communications Group (China); Western Sydney University; Universität Ulm; University of Münster; The University of Texas at Austin; Institut de l'Information Scientifique et Technique; University of Vienna; Budapest University of Economics and Business; Brf (Brazil); Institut für Angewandte Statistik; Dalarna University; Bureau of International Cooperation; University of Bern; Steklov Mathematical Institute; Imperial College London; Stuttgart Observatory; Rogers (United States); Technical University of Darmstadt; Universidad de Santiago de Chile; Cornell University; Technical University of Munich; University of Leicester; New Leaders; The University of Texas Rio Grande Valley; Zentrum für Militärgeschichte und Sozialwissenschaften der Bundeswehr; City College of New York; The Dialogue; University of Konstanz; Thomson Reuters (United Kingdom); Florida Atlantic University; Peking University; Iowa City Public Library; European Foundation for Clinical Nanomedicine; King's College London; Goethe-Institute United Kingdom; University of Stuttgart; Délégation Paris 6; University of Potsdam; Jagiellonian University; Center for Children; EBSCO Industries (United States); Hong Kong University of Science and Technology; University of Cologne; Wacker (United States); Indiana University; Marine Scotland; The University of Texas at San Antonio; Columbia University; University of Bonn; Geneva College; Berkeley College; Rotterdam University of Applied Sciences; Karlsruhe Institute of Technology; University of Regensburg; Maria Curie-Skłodowska University; Kansas City Kansas Community College; Literaturarchiv; Universität Hamburg; Cengage Learning (United States); Annual Reviews; University of Southern California; Charité - Universitätsmedizin Berlin; Concordia University; Goethe University Frankfurt; Nanjing Normal University; Washington University in St. Louis",,,
https://openalex.org/A5002675749,Yaniv Almog,https://openalex.org/I63966007,Massachusetts Institute of Technology,1995,1997,https://openalex.org/I63966007,1995,1997,ORT Braude College,John Brown University; Technion – Israel Institute of Technology; Massachusetts Institute of Technology; Weizmann Institute of Science; Louisiana State University,0000-0002-5008-0200,,
https://openalex.org/A5094532662,Krieger Mytelka,https://openalex.org/I63966007,Massachusetts Institute of Technology,1989,1989,https://openalex.org/I63966007,1989,1989,"Harvard University Press; Harvard University; University of Wisconsin–Madison; Stanford University; University of Washington; University of California, Berkeley; University of Calgary","McMaster University; University of California, Santa Barbara; Queen's University; Office of International Affairs; Woodrow Wilson International Center for Scholars; University of Pittsburgh; University of Michigan; Dartmouth College; National Taiwan University; Florida State University; Colonial Williamsburg Foundation; University of Massachusetts Amherst; University of New Mexico; University of Wyoming; Princeton University; University of Oregon; Columbia University; The Ohio State University; Utah State University; Massachusetts Institute of Technology; School of International Relations; University of California, San Diego; University of California, Los Angeles",,,
https://openalex.org/A5062493403,WendyJ. Heiger-Bernays,https://openalex.org/I63966007,Massachusetts Institute of Technology,1989,1989,https://openalex.org/I63966007,1989,1989,Massachusetts Institute of Technology,,,,
https://openalex.org/A5042327256,Mary Madden,https://openalex.org/I63966007,Massachusetts Institute of Technology,1963,1963,https://openalex.org/I63966007,1963,1963,University of Guelph,Bristol-Myers Squibb (United States); Mississippi State University; Brigham and Women's Hospital; National Institute of Allergy and Infectious Diseases; Wake Forest University; National Cancer Institute; University of Massachusetts Lowell; Atrium Health Wake Forest Baptist; National Institutes of Health; Oita Medical Center; Massachusetts Institute of Technology,0000-0002-3898-125X,,
https://openalex.org/A5000537162,Oun-Ho Park,https://openalex.org/I63966007,Massachusetts Institute of Technology,2008,2008,https://openalex.org/I63966007,2008,2008,,Massachusetts Institute of Technology; American Solar (United States); IBM Research - Almaden; Korea Advanced Institute of Science and Technology; IBM (United States),,,
https://openalex.org/A5113944937,Guangyu Du,https://openalex.org/I63966007,Massachusetts Institute of Technology,2022,2022,https://openalex.org/I63966007,2022,2022,Affiliated Hospital of Qingdao University; Qingdao University,"National Administration of Surveying, Mapping and Geoinformation of China; Massachusetts Institute of Technology; Wuhan University",0009-0008-8335-3333,,
https://openalex.org/A5070297171,Kuno Wyler-Duda,https://openalex.org/I63966007,Massachusetts Institute of Technology,2005,2015,https://openalex.org/I63966007,2005,2015,Massachusetts Institute of Technology; McGovern Institute for Brain Research,,,,
https://openalex.org/A5012876536,P.G. Gottschalk,https://openalex.org/I63966007,Massachusetts Institute of Technology,1980,1983,https://openalex.org/I63966007,1980,1983,,Universitätsmedizin Göttingen; Massachusetts Institute of Technology; MIT Lincoln Laboratory; University of Regensburg; University of Michigan,0009-0008-1588-866X,,
https://openalex.org/A5059740876,F. W. Hersman,https://openalex.org/I63966007,Massachusetts Institute of Technology,1986,2004,https://openalex.org/I63966007,1986,2004,Xemed (United States),"Sakarya University; Lund University; The University of Texas at El Paso; University of Colorado Boulder; Joint Institute for Nuclear Research; Mayo Clinic; Massachusetts Institute of Technology; University of Massachusetts Amherst; National Postdoctoral Association; New Mexico State University; Oak Ridge National Laboratory; University of Bonn; National Institute for Subatomic Physics; Florida State University; California State University, Dominguez Hills; Campbell Collaboration; Durham University; University of California, Los Angeles; University of New Hampshire; Division of Undergraduate Education; University of Connecticut; Kurchatov Institute; University of Maryland, College Park; University of Illinois Urbana-Champaign; Los Alamos National Laboratory; University of New Hampshire at Manchester; Systems Planning and Analysis (United States)",,,
https://openalex.org/A5074249915,Mark S. Spector,https://openalex.org/I63966007,Massachusetts Institute of Technology,1992,1992,https://openalex.org/I63966007,1992,1992,,"Naval Research Laboratory Center for Bio/Molecular Science and Engineering; Cornell University; University of Cincinnati; Northwestern University; Carnegie Mellon University; Massachusetts Institute of Technology; Virginia Commonwealth University Medical Center; United States Naval Research Laboratory; Oak Ridge National Laboratory; University of California, Santa Barbara; University of Colorado Boulder; Indian Institute of Science Bangalore; Office of Naval Research; University of Oklahoma; Virginia Commonwealth University",0000-0002-7211-2525,,
https://openalex.org/A5050822865,Shunji Nakano,https://openalex.org/I63966007,Massachusetts Institute of Technology,2003,2011,https://openalex.org/I63966007,2003,2011,Nagoya University,"Walker (United States); Tokushima University; Tokushima Municipal Hospital; Oregon Health & Science University; University of California, San Francisco; Neuroscience Institute; Kurume University; Kyushu University; Massachusetts Institute of Technology; Kobe Kaisei Hospital; Nitobe Memorial Nakano General Hospital; Howard Hughes Medical Institute",0000-0002-6565-9450,,
https://openalex.org/A5116243877,Summer A. Hoss,https://openalex.org/I63966007,Massachusetts Institute of Technology,2025,2025,https://openalex.org/I63966007,2025,2025,MIT Lincoln Laboratory; Massachusetts Institute of Technology,,,,
https://openalex.org/A5042183595,Peter B. Rahl,https://openalex.org/I63966007,Massachusetts Institute of Technology,2008,2013,https://openalex.org/I63966007,2008,2013,,Cornell University; Massachusetts Institute of Technology; New York State College of Veterinary Medicine; Whitehead Institute for Biomedical Research; Fulcrum Therapeutics (United States); University of Rochester Medical Center; Salk Institute for Biological Studies,0000-0001-8932-9483,,
https://openalex.org/A5018631559,David B. Nieborg,https://openalex.org/I63966007,Massachusetts Institute of Technology,2014,2014,https://openalex.org/I63966007,2014,2014,University of Toronto,University of Amsterdam; Amsterdam University of the Arts; Utrecht University; Queensland University of Technology; Charles University; The Scarborough Hospital; Tampere University; Massachusetts Institute of Technology,0000-0002-3498-789X,,
https://openalex.org/A5111424306,J. Gomes de Oliveira,https://openalex.org/I63966007,Massachusetts Institute of Technology,1978,1985,https://openalex.org/I63966007,1978,1985,,ConocoPhillips (United States); Massachusetts Institute of Technology,,,
https://openalex.org/A5108546661,Gyunghoon Kang,https://openalex.org/I63966007,Massachusetts Institute of Technology,2016,2020,https://openalex.org/I63966007,2016,2020,Massachusetts Institute of Technology; Howard Hughes Medical Institute,,,,
https://openalex.org/A5049568908,Daniel M. Kim,https://openalex.org/I63966007,Massachusetts Institute of Technology,2016,2024,https://openalex.org/I63966007,2016,2024,,Koch Institute for Integrative Cancer Research At MIT; Allen Institute; Massachusetts Institute of Technology,0000-0001-6033-4975,,
https://openalex.org/A5086906689,Matthew B. Goss,https://openalex.org/I63966007,Massachusetts Institute of Technology,2021,2025,https://openalex.org/I63966007,2021,2025,Harvard University; Harvard University Press; Massachusetts Institute of Technology,Stockholm University,0000-0002-2688-5463,,
https://openalex.org/A5033911409,Eric Feron,https://openalex.org/I63966007,Massachusetts Institute of Technology,2005,2005,https://openalex.org/I63966007,2005,2005,,Massachusetts Institute of Technology; Decision Sciences (United States),,,
https://openalex.org/A5040408827,Rey Edison,https://openalex.org/I63966007,Massachusetts Institute of Technology,2020,2020,https://openalex.org/I63966007,2020,2020,Massachusetts Institute of Technology,,0000-0002-0017-2350,,
https://openalex.org/A5032589723,Chu‐Yung Chen,https://openalex.org/I63966007,Massachusetts Institute of Technology,1980,1983,https://openalex.org/I63966007,1980,1983,Yuan Ze University,University of Illinois Urbana-Champaign; Planetary Science Institute; Massachusetts Institute of Technology,,,
https://openalex.org/A5033554434,Erik Kangas,https://openalex.org/I63966007,Massachusetts Institute of Technology,1997,2001,https://openalex.org/I63966007,1997,2001,Massachusetts Institute of Technology,Case Western Reserve University,,,
https://openalex.org/A5009079390,A. L. Utz,https://openalex.org/I63966007,Massachusetts Institute of Technology,1992,1998,https://openalex.org/I63966007,1992,1998,W. M. Keck Foundation; Tufts University,University of Wisconsin–Madison; Massachusetts Institute of Technology,0000-0002-6525-594X,,
https://openalex.org/A5009866562,Simone Deparis,https://openalex.org/I63966007,Massachusetts Institute of Technology,2006,2006,https://openalex.org/I63966007,2006,2006,École Polytechnique Fédérale de Lausanne,"Politecnico di Milano; IIT@MIT; Institute of Mathematics and Informatics; King's College London; Czech Academy of Sciences, Institute of Mathematics; Swiss Epilepsy Center; Massachusetts Institute of Technology",0000-0002-2832-6630,,
https://openalex.org/A5059716665,Knut Anton Mork,https://openalex.org/I63966007,Massachusetts Institute of Technology,1985,1985,https://openalex.org/I63966007,1985,1985,,"Vanderbilt University; U.S. National Science Foundation; Santa Clara University; Norwegian University of Science and Technology; National Bureau of Economic Research; University of Arizona; Massachusetts Institute of Technology; University of California, Berkeley",0000-0002-4062-7356,,
https://openalex.org/A5066279102, ,https://openalex.org/I63966007,Massachusetts Institute of Technology,2000,2000,https://openalex.org/I63966007,2000,2000,Tokyo Metropolitan University,University of Tsukuba; Massachusetts Institute of Technology; Toshiba (Japan); The University of Tokyo; Philipps University of Marburg,,,
https://openalex.org/A5083071334,Daniel J. Kerkman,https://openalex.org/I63966007,Massachusetts Institute of Technology,1981,1981,https://openalex.org/I63966007,1981,1981,Trinity College Dublin; Ludwig-Maximilians-Universität München,Abbott (United States); Abbott Fund; Abbott (United Kingdom); Massachusetts Institute of Technology; Acumentrics (United States),,,
https://openalex.org/A5100402208,Sushil Kumar,https://openalex.org/I63966007,Massachusetts Institute of Technology,2007,2007,https://openalex.org/I63966007,2007,2007,Mahatma Gandhi Mission Institute of Health Sciences; Mahatma Gandhi Mission Medical College and Hospital,Oregon Health & Science University; Central Institute of Agricultural Engineering; University of Delhi; Massachusetts Institute of Technology; Indian Institute of Management Lucknow; Adesh University; SRM Institute of Science and Technology; IFTM University; Inter-University Accelerator Centre; Shri Venkateshwara University; Central Institute of Medicinal and Aromatic Plants,0000-0001-5286-1767,,
https://openalex.org/A5042721881,Eugene C. Freuder,https://openalex.org/I63966007,Massachusetts Institute of Technology,1976,1976,https://openalex.org/I63966007,1976,1976,University College Cork,The King's College; Massachusetts Institute of Technology; University of New Hampshire at Manchester; Karlsruhe University of Education; University of New Hampshire; Carnegie Mellon University; HeidelbergCement (United States); Cornell University; Imperial Valley College; Laboratoire d'Informatique de Paris-Nord; Utrecht University; Indiana University,0000-0002-1467-5012,,
https://openalex.org/A5083264431,Zachary Chance,https://openalex.org/I63966007,Massachusetts Institute of Technology,2013,2013,https://openalex.org/I63966007,2013,2013,MIT Lincoln Laboratory,Radar (United States); Massachusetts Institute of Technology; Purdue University West Lafayette; United States Naval Research Laboratory,0000-0002-7561-7959,,
https://openalex.org/A5026800878,Michael H. Riad,https://openalex.org/I63966007,Massachusetts Institute of Technology,2015,2016,https://openalex.org/I63966007,2015,2016,Howard Hughes Medical Institute; Rockefeller University,Massachusetts Institute of Technology; McGovern Institute for Brain Research,,,
https://openalex.org/A5028803123,Joyce Luo,https://openalex.org/I63966007,Massachusetts Institute of Technology,2024,2024,https://openalex.org/I63966007,2024,2024,Massachusetts Institute of Technology,Shenzhen Institutes of Advanced Technology; Princeton University,0000-0002-5487-0058,,
https://openalex.org/A5031233779,Keir Martyn,https://openalex.org/I63966007,Massachusetts Institute of Technology,2017,2017,https://openalex.org/I63966007,2017,2017,University of Toronto,Harvard–MIT Division of Health Sciences and Technology; Massachusetts Institute of Technology; Brigham and Women's Hospital; Harvard Stem Cell Institute; Harvard University,,,
https://openalex.org/A5041360701,Patrick Bell,https://openalex.org/I63966007,Massachusetts Institute of Technology,2020,2020,https://openalex.org/I63966007,2020,2020,Massachusetts Institute of Technology; MIT Lincoln Laboratory,National Centre for Atmospheric Science; University of Colorado Boulder; British Geological Survey; British Oceanographic Data Centre; Natural Environment Research Council; Southern Utah University; University of Regina; University of British Columbia; Rutherford Appleton Laboratory; UK Centre for Ecology & Hydrology; British Antarctic Survey,,,
https://openalex.org/A5039923637,William Butera,https://openalex.org/I63966007,Massachusetts Institute of Technology,1989,2000,https://openalex.org/I63966007,1989,2000,Intel (United States),Human Media; Massachusetts Institute of Technology; MIT Lincoln Laboratory,,,
https://openalex.org/A5019645559,Nina Sinatra,https://openalex.org/I63966007,Massachusetts Institute of Technology,2013,2013,https://openalex.org/I63966007,2013,2013,,Massachusetts Institute of Technology,,,
https://openalex.org/A5000368317,Sungkyu Kim,https://openalex.org/I63966007,Massachusetts Institute of Technology,2018,2020,https://openalex.org/I63966007,2018,2020,Sejong University,"Massachusetts Institute of Technology; Changwon National University; Université Bourgogne Franche-Comté; Yeungnam University; Telecommunications Advancement Foundation; Northwestern University; Clemson University; Yeungnam University Medical Center; LG Chem (South Korea); Pohang University of Science and Technology; Yeungnam University College; LG (South Korea); Gachon University Gil Medical Center; Korea Advanced Institute of Science and Technology; Korea Institute of Science and Technology; University of California, Santa Barbara",0000-0002-5371-6964,,
https://openalex.org/A5017115650,Michele Lyden,https://openalex.org/I63966007,Massachusetts Institute of Technology,1988,1988,https://openalex.org/I63966007,1988,1988,Institute of Cognitive and Brain Sciences; Massachusetts Institute of Technology,,,,
https://openalex.org/A5027558823,Jae Soo Kim,https://openalex.org/I63966007,Massachusetts Institute of Technology,1988,1988,https://openalex.org/I63966007,1988,1988,Chung-Ang University; Daegu Haany University,Asan Foundation; Gyeongsang National University; Chosun University; Sungkyunkwan University; Korea Institute of Science and Technology; Samsung Medical Center; Massachusetts Institute of Technology; Seoul National University Hospital; Yonsei University; Dankook University Hospital; Daegu University; Kyungpook National University; Daegu Fatima Hospital; Daejeon Sun Hospital; Seoul National University; Gyeongsang National University Hospital; Dankook University; China Association of Acupuncture-Moxibustion; Korea Institute of Science & Technology Information,0000-0003-4101-8058,,
https://openalex.org/A5008904200,Olof Sundin,https://openalex.org/I63966007,Massachusetts Institute of Technology,1978,1978,https://openalex.org/I63966007,1978,1978,Saab (Sweden),McGill University; Montreal Children's Hospital; American Leprosy Missions; University of Borås; Massachusetts Institute of Technology; Texas Tech University; University of Gothenburg; University of Klagenfurt; Japan External Trade Organization; Lund University; In-Q-Tel; The University of Texas at El Paso; Texas Tech University Health Sciences Center,0000-0001-6352-8580,,
https://openalex.org/A5005321550,C. S. Ting,https://openalex.org/I63966007,Massachusetts Institute of Technology,2001,2001,https://openalex.org/I63966007,2001,2001,Massachusetts Institute of Technology,,,,
https://openalex.org/A5097424537,Nikolaj Munch,https://openalex.org/I63966007,Massachusetts Institute of Technology,2024,2025,https://openalex.org/I63966007,2024,2025,Aarhus University; Massachusetts Institute of Technology,,,,
https://openalex.org/A5025836447,Sydney M. Moyer,https://openalex.org/I63966007,Massachusetts Institute of Technology,2023,2023,https://openalex.org/I63966007,2023,2023,Dana-Farber Cancer Institute,The University of Texas MD Anderson Cancer Center; University of South Florida; Broad Institute; Massachusetts Institute of Technology; The University of Texas Health Science Center at Houston; Harvard University; Brigham and Women's Hospital,0000-0002-2911-4058,,
https://openalex.org/A5064446453,Floyd E. Dewhirst,https://openalex.org/I63966007,Massachusetts Institute of Technology,1993,2016,https://openalex.org/I63966007,1993,2016,Institute of Infection and Immunity; Forsyth Technical Community College; Harvard University,"Massachusetts Institute of Technology; University of Rochester; Baylor College of Medicine; Universidad de Sevilla; Ministry for Primary Industries; Centers for Disease Control and Prevention; Harvard University Press; University of Pennsylvania; University of Oslo; Statens Serum Institut; McMaster University Medical Centre; University of Freiburg; University of Toledo; Montreal Children's Hospital; Novant Health Forsyth Medical Center; University at Buffalo, State University of New York; University of Florida; China Medical University; University of Chicago; National Animal Disease Center; Boston University; Texas A&M University; Center for Clinical Research (United States); Cardinal Tien Hospital; McGill University; The Ohio State University; National Taiwan University Hospital; American Dental Association",0000-0003-4427-7928,,
https://openalex.org/A5076985097,Jonathan Lam,https://openalex.org/I63966007,Massachusetts Institute of Technology,2024,2025,https://openalex.org/I63966007,2024,2025,"Massachusetts Institute of Technology; University of California, Davis",Koch Institute for Integrative Cancer Research At MIT; National Center for Infectious Diseases; Institute of Immunology,0000-0002-2811-7177,,
https://openalex.org/A5005228310,B. Dasgupta,https://openalex.org/I63966007,Massachusetts Institute of Technology,2009,2010,https://openalex.org/I63966007,2009,2010,,"Southwest Research Institute; University of California, Riverside; CSIR National Physical Laboratory of India; Hiroshima University; Massachusetts Institute of Technology; Jet Propulsion Laboratory; Ruhr University Bochum; Saha Institute of Nuclear Physics; Universidade Estadual de Campinas (UNICAMP); University of Denver; University of Alabama in Huntsville; National Institute for Fusion Science; Université Bourgogne Franche-Comté; California Institute of Technology; Fusion Academy; University of Minnesota; University of California System; Fusion (United States)",,,
https://openalex.org/A5044505784,L. Grodzins,https://openalex.org/I63966007,Massachusetts Institute of Technology,1978,1978,https://openalex.org/I63966007,1978,1978,Massachusetts Institute of Technology,,,,
https://openalex.org/A5101654778,Francesco Lin,https://openalex.org/I63966007,Massachusetts Institute of Technology,2018,2018,https://openalex.org/I63966007,2018,2018,Columbia University,Massachusetts Institute of Technology; Princeton University; Université du Québec à Montréal,0000-0001-7491-8795,,
https://openalex.org/A5064128372,Ellen Cronan Rose,https://openalex.org/I63966007,Massachusetts Institute of Technology,1982,1982,https://openalex.org/I63966007,1982,1982,,University of New Brunswick; Central Connecticut State University; University of Würzburg; Massachusetts Institute of Technology; Film Independent; Drexel University,0000-0002-7985-4417,,
https://openalex.org/A5077484905,Horacio Lamela,https://openalex.org/I63966007,Massachusetts Institute of Technology,1986,1993,https://openalex.org/I63966007,1986,1993,Universidad Carlos III de Madrid,Massachusetts Institute of Technology; Universidad Politécnica de Madrid; Integrated Optoelectronics (Norway),0000-0002-9731-2267,,
https://openalex.org/A5105841094,Allan J. Lazarus,https://openalex.org/I63966007,Massachusetts Institute of Technology,1992,1995,https://openalex.org/I63966007,1992,1995,Massachusetts Institute of Technology,,,,
https://openalex.org/A5081176577,W.F. Curtis,https://openalex.org/I63966007,Massachusetts Institute of Technology,1979,1979,https://openalex.org/I63966007,1979,1979,Massachusetts Institute of Technology; United States Geological Survey; Brazilian Naval School; Eletrobras (Brazil); Planetary Science Institute; Universidade de São Paulo; University of Pisa; Agência Nacional de Energia Elétrica; University of Edinburgh; Serviço Geológico do Brasil - CPRM,,,,
https://openalex.org/A5026525836,Forest Rohwer,https://openalex.org/I63966007,Massachusetts Institute of Technology,2004,2004,https://openalex.org/I63966007,2004,2004,San Diego State University,"The University of Queensland; London Rebuilding Society; Scripps Institution of Oceanography; University of Copenhagen; Woods Hole Oceanographic Institution; Zoological Institute; Naval Information Warfare Center Pacific; Bayer (Germany); Google (United States); Ecologie Microbienne Lyon; Ørsted (Denmark); Canadian Institute for Advanced Research; University of California, San Diego; Massachusetts Institute of Technology; Christian-Albrechts-Universität zu Kiel",0000-0003-1548-5429,,
https://openalex.org/A5067634960,Richard L. Smith,https://openalex.org/I63966007,Massachusetts Institute of Technology,2002,2002,https://openalex.org/I63966007,2002,2002,Tohoku University,"Chinese Academy of Sciences; Ricardo AEA (United Kingdom); Massachusetts Institute of Technology; American Ceramic Society; California State University, Fullerton; University of Liverpool; University of California, Riverside; College of Charleston; Nankai University; Frontier Science Foundation; National Institute of Advanced Industrial Science and Technology; Fujian Institute of Research on the Structure of Matter; California Institute of Technology; Rice University; University of Utah; Xi'an Jiaotong University; Nagoya University; Polytechnique Montréal; St Mary's Hospital; Georgia Institute of Technology; Southern Illinois University School of Medicine; Chase Farm Hospital; Duke Medical Center; Vanderbilt University; Tokyo University of Agriculture and Technology; Henry Ford Hospital; Nevada System of Higher Education; Beverly Hospital; Indian Institute of Technology Kharagpur; Naval Air Warfare Center Weapons Division; University of California, Los Angeles; Osaka Prefecture University; Western University; Université Libre de Bruxelles; Statistical and Applied Mathematical Sciences Institute; Sendai University; Okayama University; St. Mary’s Hospital; Vector (United States); University of New Brunswick; Universidad Autónoma Agraria Antonio Narro; Cornell University; Mississippi State University; Kobe University; McGill University; Space Information Laboratories (United States); Duke University; Cardiff University; U.S. National Science Foundation; IQVIA (United States); University of Colorado Health; National Institute of Standards and Technology; Nanjing Agricultural University; The University of Texas at Austin; Tohoku University Hospital; University of Alabama at Birmingham; Zimmer Biomet (United States); Imperial Valley College; Imperial College London; University of Southampton; King Fahad Hospital Jeddah; Hiroshima University; St. Mary's Hospital; North Carolina State University; Scottish Rite Hospital; Research Complex at Harwell; Statistics New Zealand; Riyadh Armed Forces Hospital; Albemarle (United States); Claremont McKenna College; Rowan University; Action Against Medical Accidents; University of Ghana; Terry Fox Research Institute; Jilin University; Duke University Hospital; North Carolina Agricultural and Technical State University; Yamagata University; University of Arizona; Piedmont International University; Agro-Environmental Protection Institute; Inner Mongolia University; Brunel University of London; Royal College of Surgeons in Ireland; United Kingdom Atomic Energy Authority; University of Minnesota; Utsunomiya University; Guy's Hospital; Southeast Missouri State University; University of Pavia; The Ohio State University; University of Parma; University College London; Middlesex Hospital; Parker Hannifin (United States); University of Maryland, College Park; Montreal Children's Hospital; American Society for Surgery of the Hand; Bureau of Economic Analysis; Beijing Graphene Institute; Fukuoka University; Smith Family; Delft University of Technology; Louisiana State University Health Sciences Center Shreveport; Wellcome Trust; The University of Osaka; Memorial Blood Centers; East Asia School of Theology; University of North Carolina at Chapel Hill; University of Surrey; Materials Development (United States); University of Nevada, Reno; Claremont Graduate University; Instituto de Carboquímica; Peabody; Universidad de Londres; Tokyo University of Agriculture; Hartford Financial Services (United States); Oklahoma State University Center for Health Sciences; Bioscience (China); The Royal Free Hospital; Biochemical Society; Arizona State University; King's Fund; St Mary's Hospital; American Finance Association; University of British Columbia; University of South Carolina; University of North Carolina Health Care; University of Bonn; Purdue University West Lafayette; Carnegie Mellon University; Universidad Autónoma de Coahuila; Osaka City University; University of London; Eli Lilly (United States); Desert Research Institute; AbbVie (United States); Jackson College; University of Birmingham",0000-0002-9174-7681,,
https://openalex.org/A5068826612,Liang Jiang,https://openalex.org/I63966007,Massachusetts Institute of Technology,1997,1997,https://openalex.org/I63966007,1997,1997,University of Illinois Chicago; State Key Laboratory of Advanced Technology For Materials Synthesis and Processing; Quantum Group (United States); Science Exchange (United States); Wuhan University of Technology; First People’s Hospital of Zunyi; University of Chicago,Putian University; Institute of Economics; National Engineering Research Center for Information Technology in Agriculture; North China Research Institute of Electro-optics; Jiangsu University of Science and Technology; Intelligent Health (United Kingdom); University of Stuttgart; Peking University People's Hospital; Yunnan University; Tsinghua University; Texas A&M University; Harvard University Press; Harbin Institute of Technology; Sichuan University; Nanjing Institute of Technology; Guizhou University; Joint Quantum Institute; The University of Texas at Dallas; National Laboratory of Solid State Microstructures; Guangzhou Automobile Group (China); Centre National de la Recherche Scientifique; Yale University; Centre de Recherche en Neurobiologie - Neurophysiologie de Marseille; Fourth Hospital of Changsha; Affiliated Hospital of Guizhou Medical University; China Aerospace Science and Technology Corporation; Heilongjiang Institute of Technology; California Institute of Technology; Fudan University; University of Washington; Beijing Institute of Technology; Harvard University; AVIC Optronics (China); Massachusetts Institute of Technology; China University of Geosciences; Molina Center for Energy and the Environment; Jiangsu University; Harbin University of Science and Technology; Nanjing University; Dongguan University of Technology; Peking University; University of Science and Technology of China; Nanjing Medical University; Yantai University; NTT Basic Research Laboratories; Boston Children's Hospital; Beth Israel Deaconess Hospital,0000-0002-0000-9342,,
https://openalex.org/A5020150162,Nikolaj Moll,https://openalex.org/I63966007,Massachusetts Institute of Technology,1999,2000,https://openalex.org/I63966007,1999,2000,Boehringer Ingelheim (Germany),Massachusetts Institute of Technology; Hewlett-Packard (United States); Alpine Quantum Technologies (Austria); Boehringer Ingelheim (Canada); Boehringer Ingelheim (Taiwan); IBM Research - Zurich; Fritz Haber Institute of the Max Planck Society; Science Wares (United States); IBM (United States); Boehringer Ingelheim (Egypt); Universität Innsbruck; Covestro (Germany); IBM Research - Thomas J. Watson Research Center,0000-0001-5645-4667,,
https://openalex.org/A5066858535,Lance G. Joneckis,https://openalex.org/I63966007,Massachusetts Institute of Technology,1991,1994,https://openalex.org/I63966007,1991,1994,,"IIT@MIT; Physical Sciences (United States); University of Maryland, College Park; Massachusetts Institute of Technology",,,
https://openalex.org/A5012870693,Bernard Khor,https://openalex.org/I63966007,Massachusetts Institute of Technology,2013,2019,https://openalex.org/I63966007,2013,2019,Benaroya Research Institute; Virginia Mason Medical Center,Bloodworks Northwest; Massachusetts Institute of Technology; Howard Hughes Medical Institute; Massachusetts General Hospital; Boston University; Harvard University; Broad Institute; Washington University in St. Louis,0000-0003-4689-5092,,
https://openalex.org/A5111706957,C. L. Thompson,https://openalex.org/I63966007,Massachusetts Institute of Technology,1978,1981,https://openalex.org/I63966007,1978,1981,Occidental Petroleum (United States),University of Tennessee Health Science Center; Massachusetts Institute of Technology; University Medical Center New Orleans; Louisiana State University; University of South Alabama; Louisiana State University Health Sciences Center New Orleans; University of Florida; Northwestern University; University of Houston,,,
https://openalex.org/A5077796487,D.E. Troxel,https://openalex.org/I63966007,Massachusetts Institute of Technology,2002,2002,https://openalex.org/I63966007,2002,2002,Massachusetts Institute of Technology,,,,
https://openalex.org/A5068796575,J. C. Hosea,https://openalex.org/I63966007,Massachusetts Institute of Technology,2003,2003,https://openalex.org/I63966007,2003,2003,Princeton Plasma Physics Laboratory,"Lawrence Livermore National Laboratory; University of California, San Diego; Massachusetts Institute of Technology; University of California, Irvine; University of California, Davis; CEA Cadarache; New Jersey Department of State; Commissariat à l'Énergie Atomique et aux Énergies Alternatives; Johns Hopkins University; National Technical Information Service; Fusion Academy; The University of Tokyo; GTx (United States); Los Alamos National Laboratory; Oak Ridge National Laboratory; United States Department of Commerce; Columbia University; Princeton University; Fusion (United States); General Atomics (United States); Nova Photonics (United States); University of Washington; UC San Diego Health System",,,
https://openalex.org/A5049521883,Dusa MacDuff,https://openalex.org/I63966007,Massachusetts Institute of Technology,1977,1977,https://openalex.org/I63966007,1977,1977,Massachusetts Institute of Technology,,,,
https://openalex.org/A5108660856,Byeang Hyean Kim,https://openalex.org/I63966007,Massachusetts Institute of Technology,1997,1997,https://openalex.org/I63966007,1997,1997,Pohang University of Science and Technology,University of Pittsburgh; Massachusetts Institute of Technology; Sungkyunkwan University; Agency for Defense Development; Pohang TechnoPark (South Korea); Korea Advanced Institute of Science and Technology; Korea Basic Science Institute; Government of the Republic of Korea; Scripps Research Institute,,,
https://openalex.org/A5053677029,Johanna C. Scheuermann,https://openalex.org/I63966007,Massachusetts Institute of Technology,2013,2013,https://openalex.org/I63966007,2013,2013,Ludwig-Maximilians-Universität München,Max Planck Institute of Biochemistry; Center for Integrated Protein Science Munich; European Molecular Biology Laboratory; Massachusetts Institute of Technology; German Center for Neurodegenerative Diseases; European Molecular Biology Laboratory; European Molecular Biology Organization,,,
https://openalex.org/A5069477050,Runzhong Wang,https://openalex.org/I63966007,Massachusetts Institute of Technology,2024,2025,https://openalex.org/I63966007,2024,2025,Massachusetts Institute of Technology; Suzhou Research Institute; Tianjin University,Beijing Jiaotong University; Shanghai Research Institute of Materials; Shanghai Artificial Intelligence Laboratory; Shanghai Jiao Tong University; Nanyang Normal University; Shanghai University; Concordia University,0000-0002-9566-738X,,
https://openalex.org/A5070083497,Manasi Deshpande,https://openalex.org/I63966007,Massachusetts Institute of Technology,2014,2014,https://openalex.org/I63966007,2014,2014,,"Massachusetts Institute of Technology; George Washington University; University of Virginia; University at Albany, State University of New York; National Opinion Research Center; National Bureau of Economic Research; University of Chicago; Federal Reserve Board of Governors; Center for Economic and Policy Research; McCormick (United States); Pontificia Universidad Católica de Chile; University of Michigan",,,
https://openalex.org/A5112027272,Robert S. Schwartz,https://openalex.org/I63966007,Massachusetts Institute of Technology,2004,2004,https://openalex.org/I63966007,2004,2004,NeoGenomics (United States),"Palo Alto Institute; Hospital for Special Surgery; Dana-Farber Brigham Cancer Center; Armed Forces Institute of Pathology; Hôpital Robert-Debré; McGill University; Duke University Hospital; The Medical Center of Aurora; Abbott Northwestern Hospital; Baruch College; Hartford Hospital; Scripps Clinic; Massachusetts Institute of Technology; Lawrence Berkeley National Laboratory; Memorial Hermann; Providence College; Medical Center Hospital; Children’s Minnesota - St. Paul Hospital; Siemens (United States); Albert Einstein College of Medicine; University of Toronto; Columbia University; University of California, San Francisco; College of Charleston; University at Buffalo, State University of New York; United States Air Force; North Shore University Hospital; Geriatric Research Education and Clinical Center; University of Washington; Colorado School of Public Health; University of Colorado Anschutz Medical Campus; Ohio State University Hospital; Boston University; Duke University; Tufts Medical Center; Göteborgs Stads; Rockefeller University; Medtronic (United States); American Academy of Dermatology; Cardiac And Vascular Research Center Of Northern Michigan; Cardiovascular Research Foundation; Sisters of Mercy Health System; Scripps Research Institute; Centers for Disease Control and Prevention; University of Wisconsin–Milwaukee; Mount Holyoke College; Armed Forces Institute of Pathology; Hanover College; Yonsei University; University of Lausanne; Park University; Harborview Medical Center; San Francisco VA Medical Center; Helios Hospital Siegburg; University of Naples Federico II; Toyohashi Heart Center; FX Palo Alto Laboratory; Mayo Clinic in Arizona; Toho University Ohashi Medical Center; Cleveland Clinic; University of Colorado Health; University of Pennsylvania Health System; University of Washington Medical Center; Syracuse University; Japan Breast Cancer Research Group; Toho University; The Ohio State University; United States Air Force Academy; University of Puget Sound; Lemuel Shattuck Hospital; Washington Hospital; University of Miami; Land Stewardship Project; Cleveland Foundation; WinnMed; Faculty of Media; Fogarty International Center; Harvard–MIT Division of Health Sciences and Technology; Society for Cardiovascular Angiography and Interventions; University of Ottawa; Brown University; University of Colorado Boulder; Cecil College; Public Health Ontario; National Heart Foundation of Australia; University of Colorado Denver; Fuji Heavy Industries Health Insurance Society Ota Memorial Hospital; University Hospital of Zurich; Stanford University; Merck (Germany); Seattle University; John Wiley & Sons (United States); James Cook University Hospital; VA Puget Sound Health Care System; University of Maryland, Baltimore; New York State Department of Health; City University of New York; United States Postal Service; Pharmaceutical Product Development (India); University of Massachusetts Boston; Mayo Clinic in Florida; University of Florida; Cancer Research Institute; Center for Innovation; Severance Hospital; Evanston Hospital; Minneapolis Heart Institute Foundation; University of Maryland, College Park; Swedish Medical Center; Seattle Children's Hospital; University of British Columbia; United States Military Academy; Capital Cardiology Associates; Management Development Institute; Denver VA Medical Center; The Centers; Illinois Institute of Technology; Ontario Tobacco Research Unit; Dana-Farber Cancer Institute; Instituto Dante Pazzanese de Cardiologia; Redress; Veterans Health Administration; Duke Medical Center; St. Michael's Hospital; New York Eye and Ear Infirmary; Signal Processing (United States); Advanced Imaging Research (United States); Hudson Institute; The University of Texas Health Science Center at San Antonio; University of Wisconsin–Madison; Rambam Health Care Campus; University of Rochester; Messer (Germany); Radiance Technologies (United States); Colorado College; Harvard University; American Academy of Allergy, Asthma and Immunology; Rhode Island Hospital; Health Affairs; EMO GVM Centro Cuore Columbus; Malden Public Schools; MedStar Washington Hospital Center; United States Food and Drug Administration; Cornell University; United States Department of Veterans Affairs; Phoenix Contact (United States); Dairy Management; Seattle Reproductive Medicine; University of Rome Tor Vergata; University of Vermont; Statens Serum Institut; Eli Lilly (United States); University of Colorado Hospital; Hospital for Sick Children; Tufts University; Erasmus University Rotterdam; Boston Scientific (United States); National Institutes of Health; Johns Hopkins University; Fred Hutch Cancer Center; Montefiore Medical Center; NIHR Clinical Research Network; Aarhus University; Cancer Research Center; University of Georgia; Crouse Hospital; University of Michigan; CVPath Institute; Yale University; Mayo Clinic; University of Illinois Urbana-Champaign; Kurashiki Central Hospital; Borgess Medical Center; Lymphatic Education & Research Network; University of Baltimore; CardioDx (United States); Shiga Medical Center for Adults; State University of New York; University of Minnesota; Nasdaq (United States); Mie University Hospital; University of California, San Diego; Brigham and Women's Hospital; University of Minnesota Rochester; Chronic Disease Prevention Alliance of Canada; Genesys (United States); VA Eastern Colorado Health Care System; Wilford Hall Ambulatory Surgical Center; SickKids Foundation; Saint Barnabas Medical Center; MSPCA-Angell; University of Pennsylvania; Jacobi Medical Center",,,
https://openalex.org/A5112201297,Amnon Hoffman,https://openalex.org/I63966007,Massachusetts Institute of Technology,1960,1970,https://openalex.org/I63966007,1960,1970,Hebrew University of Jerusalem,National Institute of Standards; Phasex (United States); American Society of Plastic Surgeons; Johannes Gutenberg University Mainz; General Electric (United States); Office of Naval Research; Amer Sports (United States); Voith (United States); Westinghouse Electric (Japan); Seattle University; Greenwich Hospital; California Institute of Technology; Case Western Reserve University; National Institute of Standards and Technology; General Tire (United States); Palo Alto Research Center; Kaplan Medical Center; National Aeronautics and Space Administration; New Jersey Department of Environmental Protection; University of California System; Massachusetts Institute of Technology; University of Massachusetts Amherst; University of Twente; University of Washington; Princeton University,,,
https://openalex.org/A5001920850,Aaron Maschinot,https://openalex.org/I63966007,Massachusetts Institute of Technology,2007,2011,https://openalex.org/I63966007,2007,2011,,Massachusetts Institute of Technology; K Lab (United States); GE Global Research (United States),,,
https://openalex.org/A5046103788,Nancy Tsai,https://openalex.org/I63966007,Massachusetts Institute of Technology,2020,2024,https://openalex.org/I63966007,2020,2024,Massachusetts Institute of Technology; McGovern Institute for Brain Research,"University of California, Berkeley",0000-0002-2519-5014,,
https://openalex.org/A5017750412,Hyodong Lee,https://openalex.org/I63966007,Massachusetts Institute of Technology,2020,2024,https://openalex.org/I63966007,2020,2024,Massachusetts Institute of Technology,McGovern Institute for Brain Research; Institute of Cognitive and Brain Sciences,,,
https://openalex.org/A5076343372,Tjama Tjivikua,https://openalex.org/I63966007,Massachusetts Institute of Technology,1990,1991,https://openalex.org/I63966007,1990,1991,IIT@MIT; Massachusetts Institute of Technology,University of Pittsburgh,,,
https://openalex.org/A5015907038,Susannah Marie Hagadorn,https://openalex.org/I63966007,Massachusetts Institute of Technology,1985,1985,https://openalex.org/I63966007,1985,1985,,Massachusetts Institute of Technology,,,
https://openalex.org/A5103417233,David Bellido,https://openalex.org/I63966007,Massachusetts Institute of Technology,2001,2001,https://openalex.org/I63966007,2001,2001,Universitat de Barcelona,Barco (Belgium); Hospital Xeral Calde; Dorset Green Technology Park; Complejo Hospitalario de Ourense; Massachusetts Institute of Technology; University of Edinburgh; Hospital General Universitario de Ciudad Real; University of Stirling,,,
https://openalex.org/A5022620260,Karen Zee,https://openalex.org/I63966007,Massachusetts Institute of Technology,2002,2009,https://openalex.org/I63966007,2002,2009,University of Nottingham,Intel (United States); IIT@MIT; Massachusetts Institute of Technology,,,
https://openalex.org/A5103288723,Lee F. Peng,https://openalex.org/I63966007,Massachusetts Institute of Technology,2009,2009,https://openalex.org/I63966007,2009,2009,Temple University,Broad Institute; Boston University; Howard Hughes Medical Institute; Temple University Hospital; Harvard University; Massachusetts General Hospital; Temple University Health System; Massachusetts Institute of Technology; Creative Research Enterprises (United States),,,
https://openalex.org/A5029299518,Q Li,https://openalex.org/I63966007,Massachusetts Institute of Technology,1985,1985,https://openalex.org/I63966007,1985,1985,University of Washington,University of Washington Medical Center; Massachusetts Institute of Technology; University of South Alabama,,,
https://openalex.org/A5036756145,L. J. Rosenberg,https://openalex.org/I63966007,Massachusetts Institute of Technology,1993,2011,https://openalex.org/I63966007,1993,2011,Seattle University; University of Washington,"Lincoln University - Pennsylvania; Yale University; University of Colorado Boulder; Argonne National Laboratory; University of Utah; Stanford Synchrotron Radiation Lightsource; University of Pennsylvania; Southern Methodist University; Texas A&M University; Indiana University; Lawrence Berkeley National Laboratory; Washington Center; Brookhaven National Laboratory; University of Wisconsin–Madison; University of Houston; Stony Brook University; Istituto Nazionale di Fisica Nucleare, Laboratori Nazionali di Frascati; Massachusetts Institute of Technology; Johns Hopkins University; University of Rochester; Indiana University – Purdue University Indianapolis; University of Mary Washington; University at Buffalo, State University of New York; Lawrence Livermore National Laboratory; Fermi National Accelerator Laboratory; SLAC National Accelerator Laboratory; University of Chicago; Istituto Nazionale di Fisica Nucleare; Michigan State University; Jagiellonian University; Northeastern University; Stanford University",0000-0003-0686-0485,,
https://openalex.org/A5084267949,Elizabeth M. Horrigan,https://openalex.org/I63966007,Massachusetts Institute of Technology,2008,2008,https://openalex.org/I63966007,2008,2008,Massachusetts Institute of Technology,,,,
https://openalex.org/A5057563096,Michael F. Murray,https://openalex.org/I63966007,Massachusetts Institute of Technology,2003,2003,https://openalex.org/I63966007,2003,2003,Icahn School of Medicine at Mount Sinai,"University of Chicago Medical Center; Marshfield Clinic; Central Mental Hospital; Reproductive Medicine Institute; Dana-Farber Brigham Cancer Center; Office of Infectious Diseases; Dana-Farber Cancer Institute; Geisinger Medical Center; University of Pennsylvania; Yale University; Center for Cancer Research; Michael & Associates; Ottawa Hospital; Massachusetts Institute of Technology; Brigham and Women's Hospital; University of Iowa Hospitals and Clinics; National Human Genome Research Institute; Baylor College of Medicine; Geisinger Health System; Northwestern University; Harvard University; Center for Human Genetics; Mount Sinai Health System; University of Texas Health Science Center at Dallas; Johns Hopkins University; Mass General Brigham; University of Maryland, Baltimore; Woman's Hospital; Harvard University Press; Boston University; VA Boston Healthcare System; Broad Institute; Danville Community College; Oregon Health & Science University",,,
https://openalex.org/A5110156970,H. Kanbe,https://openalex.org/I63966007,Massachusetts Institute of Technology,1983,1984,https://openalex.org/I63966007,1983,1984,Kochi University of Technology,NTT (United States); Massachusetts Institute of Technology; Musashino Academia Musicae; NTT Basic Research Laboratories; NTT (Japan),,,
https://openalex.org/A5082772760,Yulan Qing,https://openalex.org/I63966007,Massachusetts Institute of Technology,2010,2010,https://openalex.org/I63966007,2010,2010,,Massachusetts Institute of Technology; University of Toronto; Technion – Israel Institute of Technology; University of Tennessee at Knoxville; Fudan University,0000-0003-2911-8603,,
https://openalex.org/A5100392089,Wei Wang,https://openalex.org/I63966007,Massachusetts Institute of Technology,2003,2003,https://openalex.org/I63966007,2003,2003,"Liaoning Ocean and Fisheries Research Institute; Tianjin Medical University Cancer Institute and Hospital; China Agricultural University; Shanghai Clinical Research Center; National Institute for Parasitic Diseases; Fujian Agriculture and Forestry University; Shanxi Medical University; State Key Laboratory of Respiratory Disease; Sir Run Run Shaw Hospital; Xiamen University; Yantai University; Ministry of Agriculture and Rural Affairs; Shanghai Mental Health Center; Jinhua Polytechnic; China-Japan Friendship Hospital; Zhejiang University; Qinghai University; Yangzhou University; First Affiliated Hospital of Guangzhou Medical University; Wuhan University of Science and Technology; Weifang University of Science and Technology; Hebei Normal University; Air Force Engineering University; Beijing Academy of Agricultural and Forestry Sciences; Shanxi Agricultural University; Nankai University; Northeast Normal University; Shanghai Jiao Tong University; University of Science and Technology of China; Beijing University of Technology; Guangzhou Medical University; University of California, San Diego; Guizhou Academy of Agricultural Sciences; University of California, Los Angeles; Dalian University of Technology; The First People's Hospital of Changde; Chizhou University; Sichuan Animal Science Academy; Dalian Ocean University; Chinese Academy of Medical Sciences & Peking Union Medical College; Jinzhou Medical University; Xihua University; Shaanxi Provincial People's Hospital","Nanjing University of Posts and Telecommunications; Beijing Urban Construction Design & Development Group (China); North China Institute of Aerospace Engineering; Huazhong Agricultural University; Microsoft (United States); State Forestry and Grassland Administration; Rutgers, The State University of New Jersey; Qiongtai Teachers College; National Clinical Research Center for Digestive Diseases; Tianjin University; Miami University; University of California, Santa Barbara; Fudan University; Beijing Language and Culture University; Anhui Medical University; Shanghai Institute of Nutrition and Health; Xi'an Aeronautical University; Chinese Institute for Brain Research; Chongqing University; Anhui Institute of Optics and Fine Mechanics; IBM (United States); Research Institute of Highway; University of Nebraska–Lincoln; BGI Group (China); Sichuan Agricultural University; Dahua Technology (China); Xinqiao Hospital; Sichuan University of Science and Engineering; State Key Laboratory of Information Engineering in Surveying Mapping and Remote Sensing; New Jersey Institute of Technology; Xi'an Jiaotong University; Tongji University; Jilin Agricultural University; Shandong University of Science and Technology; Western University; Shaanxi Railway Institute; Ministry of Transport; Ruijin Hospital; Institute of Applied Physics and Computational Mathematics; Chinese Academy of Geological Sciences; Liaoning University; Fujian Institute of Oceanography; University of Waterloo; Foshan University; UCLA Health; Shenyang Agricultural University; Hebei University of Science and Technology; Howard Hughes Medical Institute; Zhuhai People's Hospital; Kunming Medical University; Dalian University; Institute of Automation; Zhoukou Normal University; Northwest University; Data61; Mongolian University of Science and Technology; Suzhou Municipal Hospital; Kunming University; Harbin University; Jet Propulsion Laboratory; Qingdao Municipal Center for Disease Control and Prevention; Institute of Software; National Space Science Center; University of North Carolina at Chapel Hill; State Key Laboratory of Plant Genomics; Binghamton University; Guangxi Zhuang Autonomous Region Health and Family Planning; Henan Normal University; China National GeneBank; Hudson Institute; University of Hong Kong; Jinan University; National University of Defense Technology; Educational Testing Service; Ningbo University of Technology; University of Technology Sydney; Case Western Reserve University; International Federation of Gynaecology and Obstetrics; Second Affiliated Hospital of Harbin Medical University; South China University of Technology; Chengdu University; Simon Fraser University; Rice University; Xinxiang University; Kunming Institute of Zoology; PLA Information Engineering University; Chinese Academy of Sciences; Intel (United States); Huawei Technologies (United States); Huaqiao University; North China Electric Power University; Nanjing Agricultural University; Hebei Agricultural University; Wuhan University; Northeastern University; Hubei University; Wuhan Institute of Technology; Fuyang Second People's Hospital; Amgen (United States); Xinjiang University; University of Chicago; Modern Electron (United States); University of California, Berkeley; Anyang Institute of Technology; CEA LIST; Peking Union Medical College Hospital; Hebei University of Engineering; Cleveland Clinic; UNSW Sydney; Institute of Biophysics; Shandong Institute of Automation; Northwestern Polytechnic University; Shanghai Sixth People's Hospital; Shanghai University of Traditional Chinese Medicine; Shanghai Children's Medical Center; Jiyang College of Zhejiang A&F University; Beijing Jiaotong University; Dongguan University of Technology; State Grid Corporation of China (China); Jiangxi Normal University; State Key Laboratory of Computer Science; East China Normal University; Shenyang Normal University; University of the Sunshine Coast; South Dakota State University; The Bristol-Myers Squibb Children's Hospital; Research Center for Eco-Environmental Sciences; Dongzhimen Hospital Affiliated to Beijing University of Chinese Medicine; Tongling University; Donghua University; Tencent (China); Getty Research Institute; First Affiliated Hospital of Hebei Medical University; PLA Electronic Engineering Institute; Shenzhen Stock Exchange; Hefei Institutes of Physical Science; University of Macau; FX Palo Alto Laboratory; John Wiley & Sons (United Kingdom); Virginia Tech; Southwest Jiaotong University; Qilu University of Technology; Shanxi Zhendong Pharmaceutical (China); Hong Kong University of Science and Technology; China National Commission for Disaster Reduction; Xidian University; Liaoning University of Technology; West China Hospital of Sichuan University; Michigan United; Environmental Protection Agency; Institute of Remote Sensing and Digital Earth; Nanchang Hangkong University; Sichuan University; Southwest Forestry University; Palo Alto Networks (United States); Shaanxi Normal University; Computational Physics (United States); University of California, Riverside; Shanxi University; Data Assurance and Communication Security; Shenzhen Institutes of Advanced Technology; North Carolina State University; Center for Innovation; First Affiliated Hospital of Anhui Medical University; Dalian Maritime University; Harbin Engineering University; Shanghai Jian Qiao University; Civil Aviation Administration of China; University of Utah; University of Toronto; Samueli Institute; Shandong Academy of Sciences; University of California System; Sun Yat-sen University; Harbin Institute of Technology; Capital Medical University; North Minzu University; Tsinghua University; Kaiser Permanente; China Mobile (China); Murdoch University; Shijiazhuang University; Apple (United States); First Affiliated Hospital of Xi'an Jiaotong University; National University of Singapore; German Center for Infection Research; China National Space Administration; Neusoft (China); Curtin University; University of Maryland, Baltimore; Southeast University; Xi'an University of Finance and Economics; Shandong University; Suqian University; Inner Mongolia Agricultural University; Changchun University; Nanjing University; University of Skövde; Johns Hopkins University; Qingdao Institute of Bioenergy and Bioprocess Technology; Institute of Laboratory Animal Science; University of Oklahoma Health Sciences Center; Zhejiang Technical Institute of Economics; State Key Laboratory of Hybrid Rice; Beijing Normal University; Norwegian University of Science and Technology; Tiangong University; China University of Geosciences; University of Rochester; Chinese University of Hong Kong; York University; State Key Laboratory of Medical Neurobiology; Guizhou Electric Power Design and Research Institute; Beijing Technology and Business University; Jimei University; ZheJiang Academy of Agricultural Sciences; Portland State University; Army Medical University; Beijing Institute of Petrochemical Technology; Xi’an Jiaotong-Liverpool University; Yunnan University; Renmin University of China; Shandong First Medical University; State Key Laboratory of Information Security; Beihang University; University of Pittsburgh; Rice Research Institute; University of Pennsylvania; Qingdao University of Science and Technology; Nanyang Technological University; Nanjing Medical University; Harbin University of Commerce; Fujian Normal University; University of Chinese Academy of Sciences; Zhangjiakou Academy of Agricultural Sciences; University of Oxford; National Supercomputing Center in Wuxi; First Hospital of Shanxi Medical University; Shanxi Datong University; Henan University of Science and Technology; Tianjin Normal University; Tongji Hospital; Michigan State University; University of Massachusetts Chan Medical School; Chongqing University of Posts and Telecommunications; Singapore Polytechnic; Shunde Polytechnic; Dhurakij Pundit University; State Key Laboratory of Tribology; Hebei Medical University; State Key Laboratory of Plant Physiology and Biochemistry; Engility (United States); Anhui Polytechnic University; Shandong Provincial Hospital; Nanchang University; Henan Agricultural University; Changchun Institute of Technology; Institute of Finance and Trade Economics; Guilin University of Technology; Chinese Academy of Fishery Sciences; Shanghai Tunnel Engineering Rail Transit Design & Research Institute; Children's Hospital of Philadelphia; Shanxi University of Traditional Chinese Medicine; Xinjiang Institute of Ecology and Geography; Peking University; Institute of Information Engineering; Dana-Farber Cancer Institute; IBM Research - Thomas J. Watson Research Center; Creighton University; Beijing Graphene Institute; Institute of Zoology; Beijing Solar Energy Research Institute; 23andMe (United States); Institute of Genetics and Developmental Biology; Harbin Medical University; Xi'an Shiyou University; Institute of Oceanology; National Institute of Hospital Administration; San Diego State University; Hunan University of Technology; Heilongjiang Institute of Technology; Beijing University of Chinese Medicine; University of Maryland, Baltimore County; BOE Technology Group (China); University of Luxembourg; Zigong First People's Hospital; Jiangxi Science and Technology Normal University; Nationwide Children's Hospital; Zhongshan People's Hospital; University of Electronic Science and Technology of China; Chengdu Academy of Agriculture and Forestry Sciences; Wuhan Institute of Bioengineering; Hefei Normal University; Shenzhen MSU-BIT University; Henan Forestry Vocational College; Sichuan Academy of Forestry; City University of Hong Kong; Massachusetts Institute of Technology; Xi'an Polytechnic University; John Wiley & Sons (United States); Huazhong University of Science and Technology; West Anhui University; Qingdao National Laboratory for Marine Science and Technology; Guangdong Academy of Forestry; Inner Mongolia University of Science and Technology; Henan University of Technology; Beijing Satellite Navigation Center; AT&T (United States); Sidney Kimmel Comprehensive Cancer Center; National Supercomputing Center of Tianjin; Stanford University; Tianjin University of Technology and Education; Ministry of Industry and Information Technology; University of North Carolina Health Care; Integra (United States); Northwestern Polytechnical University; University of Massachusetts Amherst; ZTE (China); Iowa State University; Microsoft Research Asia (China)",0000-0002-8180-2886,,
https://openalex.org/A5060196069,Jacob Steinhardt,https://openalex.org/I63966007,Massachusetts Institute of Technology,2009,2012,https://openalex.org/I63966007,2009,2012,"University of California, Berkeley; University of California System",Berkeley College; Massachusetts Institute of Technology; Stanford University,0000-0002-0257-3860,,
https://openalex.org/A5027575648,Jeremy D. Schnittman,https://openalex.org/I63966007,Massachusetts Institute of Technology,2001,2025,https://openalex.org/I63966007,2001,2025,,"Plasma Technology (United States); University of Maryland, Baltimore County; Special Olympics; Fusion (United States); Goddard Space Flight Center; Joint Space Science Institute; Screen; Aarhus University; Energetics (United States); Johns Hopkins University; University of Rochester; Massachusetts Institute of Technology; University of Maryland, College Park; Los Alamos National Laboratory; Moscow Institute of Thermal Technology; Deleted Institution; Fusion Academy; IIT@MIT",0000-0002-2942-8399,,
https://openalex.org/A5086954515,Ithiel de Sola Pool,https://openalex.org/I63966007,Massachusetts Institute of Technology,1956,1984,https://openalex.org/I63966007,1956,1984,Massachusetts Institute of Technology,"University of California, San Diego; Telecommunications Policy Research Conference; ICT Research Institute; Hoover Institution; Yale University; Stanford University; Moscow Institute of Thermal Technology; Institute for Advanced Study; Keio University",,,
https://openalex.org/A5077837500,Dinuri Rupasinghe,https://openalex.org/I63966007,Massachusetts Institute of Technology,2025,2025,https://openalex.org/I63966007,2025,2025,,Massachusetts Institute of Technology,,,
https://openalex.org/A5057110925,Kristina Shampan'er,https://openalex.org/I63966007,Massachusetts Institute of Technology,2006,2006,https://openalex.org/I63966007,2006,2006,Massachusetts Institute of Technology,,,,
https://openalex.org/A5024650749,Dan Novy,https://openalex.org/I63966007,Massachusetts Institute of Technology,2013,2021,https://openalex.org/I63966007,2013,2021,University of Nebraska–Lincoln; Human Media; Ocean Discovery League; Discovery Communications (United States),Massachusetts Institute of Technology,0000-0003-3440-3409,,
https://openalex.org/A5076165491,W. A. Kamitakahara,https://openalex.org/I63966007,Massachusetts Institute of Technology,1990,1990,https://openalex.org/I63966007,1990,1990,NIST Center for Neutron Research,"Massachusetts Institute of Technology; National Institute of Standards and Technology; Colorado School of Mines; Iowa State University; Ames National Laboratory; Oak Ridge National Laboratory; Ohio University; University of Pennsylvania; United States Department of Commerce; United States Department of Energy; University of Maryland, College Park; Argonne National Laboratory; Pennsylvania State University; FZI Research Center for Information Technology; ExxonMobil (United States); McMaster University",,,
https://openalex.org/A5062042759,B. B. Lane,https://openalex.org/I63966007,Massachusetts Institute of Technology,2021,2021,https://openalex.org/I63966007,2021,2021,,Massachusetts Institute of Technology; LIGO Scientific Collaboration,0000-0002-7379-3764,,
https://openalex.org/A5020571191,Robert B. Randall,https://openalex.org/I63966007,Massachusetts Institute of Technology,1988,2002,https://openalex.org/I63966007,1988,2002,,Supercon (United States); Sapienza University of Rome; Université Claude Bernard Lyon 1; Massachusetts Institute of Technology; Institut National des Sciences Appliquées de Lyon; Rice University; The University of Sydney; Fusion (United States); Fusion Academy; Plasma Technology (United States); UNSW Sydney,0000-0003-4042-1566,,
https://openalex.org/A5028181118,Peter Kner,https://openalex.org/I63966007,Massachusetts Institute of Technology,1991,1991,https://openalex.org/I63966007,1991,1991,,"Max Delbrück Center; W. M. Keck Foundation; Bandwidth10 (United States); Lawrence Berkeley National Laboratory; University of Georgia; University of California, Berkeley; Center for Integrated Protein Science Munich; Ludwig-Maximilians-Universität München; University of California, San Francisco; University of Florida; Georgia College & State University; Massachusetts Institute of Technology",0000-0001-7555-5180,,
https://openalex.org/A5022955653,Kai‐Jher Tan,https://openalex.org/I63966007,Massachusetts Institute of Technology,2017,2025,https://openalex.org/I63966007,2017,2025,Massachusetts Institute of Technology; IIT@MIT,,0000-0001-7705-3774,,
https://openalex.org/A5009142587,R. Damus,https://openalex.org/I63966007,Massachusetts Institute of Technology,2003,2005,https://openalex.org/I63966007,2003,2005,,Massachusetts Institute of Technology; MIT Sea Grant,,,
https://openalex.org/A5112682269,Philip R. Costa,https://openalex.org/I63966007,Massachusetts Institute of Technology,1995,1997,https://openalex.org/I63966007,1995,1997,,Brandeis University; Harvard University; Brigham and Women's Hospital; Université Paris Cité; IIT@MIT; École Normale Supérieure - PSL; Massachusetts Institute of Technology; Centre National de la Recherche Scientifique,,,
https://openalex.org/A5067469483,Nathan Witthoft,https://openalex.org/I63966007,Massachusetts Institute of Technology,2006,2010,https://openalex.org/I63966007,2006,2010,New York University,Institute of Cognitive and Brain Sciences; Massachusetts Institute of Technology; IIT@MIT; Stanford University,,,
https://openalex.org/A5012437793,Lower Hurt,https://openalex.org/I63966007,Massachusetts Institute of Technology,1997,1997,https://openalex.org/I63966007,1997,1997,Massachusetts Institute of Technology,,,,
https://openalex.org/A5035593642,Christine Jesser,https://openalex.org/I63966007,Massachusetts Institute of Technology,1999,2001,https://openalex.org/I63966007,1999,2001,Ascension,Clinical Research Institute; Boston University; Cambridge Electronics (United States); Harvard University; Brigham and Women's Hospital; Harvard University Press; Science Research Laboratory; CK-CARE; Seton Healthcare Family; Stanford University; Massachusetts General Hospital; Massachusetts Institute of Technology; Santa Clara County Behavioral Health Services,0000-0002-7986-9184,,
https://openalex.org/A5049856973,Jong‐Min Lim,https://openalex.org/I63966007,Massachusetts Institute of Technology,2010,2017,https://openalex.org/I63966007,2010,2017,Kookmin University; Soonchunhyang University,Korea Research Institute of Bioscience and Biotechnology; Harvard University; Government of the Republic of Korea; GTx (United States); Korea Institute of Science and Technology; Korea Basic Science Institute; Jeonju University; Daegu University; Samsung (South Korea); Daegu Haany University; Korea University; Gyeongsang National University; North Carolina State University; Massachusetts Institute of Technology; Kyung Hee University; University of Pennsylvania; Brigham and Women's Hospital; LG Chem (South Korea); Ewha Womans University; Inha University; Creative Research; Korea Advanced Institute of Science and Technology; University of Georgia,0000-0002-6025-9175,,
https://openalex.org/A5026198219,Anna J. Morys,https://openalex.org/I63966007,Massachusetts Institute of Technology,2005,2009,https://openalex.org/I63966007,2005,2009,,Oregon Health & Science University; Massachusetts Institute of Technology; IIT@MIT,,,
https://openalex.org/A5031976667,Nassia Inglessis,https://openalex.org/I63966007,Massachusetts Institute of Technology,2018,2018,https://openalex.org/I63966007,2018,2018,Massachusetts Institute of Technology,,0000-0001-5077-1469,,
https://openalex.org/A5080291631,J. Vail,https://openalex.org/I63966007,Massachusetts Institute of Technology,1999,1999,https://openalex.org/I63966007,1999,1999,Massachusetts Institute of Technology,,,,
https://openalex.org/A5112661625,Luke Sato,https://openalex.org/I63966007,Massachusetts Institute of Technology,2002,2004,https://openalex.org/I63966007,2002,2004,Brigham and Women's Hospital; The Medical Foundation; Harvard University,Harvard–MIT Division of Health Sciences and Technology; Decision Systems (United States); Harvard University Press; Beth Israel Deaconess Medical Center; Massachusetts Institute of Technology; Mass General Brigham; National Patient Safety Foundation,,,
https://openalex.org/A5003247919,Ronald G. Prinn,https://openalex.org/I63966007,Massachusetts Institute of Technology,1970,2025,https://openalex.org/I63966007,1970,2025,Massachusetts Institute of Technology,Moscow Institute of Thermal Technology; Pennsylvania State University; Bolin Centre for Climate Research; Engineering Systems (United States); IIT@MIT; Planetary Science Institute; Marine Biological Laboratory; Lehigh University; TEPCO (Japan); Brown University; Joint Global Change Research Institute,0000-0001-5925-3801,,
https://openalex.org/A5089177147,Wonyoung So,https://openalex.org/I63966007,Massachusetts Institute of Technology,2022,2025,https://openalex.org/I63966007,2022,2025,Massachusetts Institute of Technology,World Wide Web Consortium; Webb Institute,0000-0002-4867-3429,,
https://openalex.org/A5022701706,Susan A. Sewall,https://openalex.org/I63966007,Massachusetts Institute of Technology,1959,1959,https://openalex.org/I63966007,1959,1959,Massachusetts Institute of Technology,,,,
https://openalex.org/A5050511352,D. M. Green,https://openalex.org/I63966007,Massachusetts Institute of Technology,1960,1960,https://openalex.org/I63966007,1960,1960,Massachusetts Institute of Technology,,,,
https://openalex.org/A5032473664,Rohan Thakur,https://openalex.org/I63966007,Massachusetts Institute of Technology,2024,2024,https://openalex.org/I63966007,2024,2024,Harvard University,"Taylor University; Massachusetts Institute of Technology; Massachusetts General Hospital; Bruker (United States); University of California, Berkeley; Kansas State University; University of California, San Francisco",0000-0002-0113-0507,,
https://openalex.org/A5030218685,Guangshun Yi,https://openalex.org/I63966007,Massachusetts Institute of Technology,2005,2005,https://openalex.org/I63966007,2005,2005,"Institute of Bioengineering and Nanotechnology; Institute of Chemical and Engineering Sciences; Agency for Science, Technology and Research",Massachusetts Institute of Technology; Beijing Proteome Research Center; Shandong University of Technology; Biopolis (Spain); Tsinghua University; National University of Singapore,0000-0002-9918-4959,,
https://openalex.org/A5078063162,F.A. Mussa-Ivadi,https://openalex.org/I63966007,Massachusetts Institute of Technology,2003,2003,https://openalex.org/I63966007,2003,2003,Massachusetts Institute of Technology,,,,
https://openalex.org/A5046263590,Yi‐Chian Wang,https://openalex.org/I63966007,Massachusetts Institute of Technology,2006,2006,https://openalex.org/I63966007,2006,2006,,"University of California, Berkeley; National Taiwan University Hospital; Taiwan Semiconductor Manufacturing Company (Taiwan); Yavapai College; National Taiwan University; Read Jones Christoffersen (Canada); Kaohsiung Municipal Hsiao-Kang Hospital; National Cheng Kung University; Institute of Electronics; National Yang Ming Chiao Tung University; Massachusetts Institute of Technology",0000-0002-2900-5126,,
https://openalex.org/A5047051897,Chongyuan Xiang,https://openalex.org/I63966007,Massachusetts Institute of Technology,2017,2017,https://openalex.org/I63966007,2017,2017,,Massachusetts Institute of Technology,,,
https://openalex.org/A5046656043,Thomas Lee Bailey,https://openalex.org/I63966007,Massachusetts Institute of Technology,1985,1987,https://openalex.org/I63966007,1985,1987,,Draper Laboratory; Virginia–Maryland College of Veterinary Medicine; Massachusetts Institute of Technology; Virginia Tech; McMaster University,,,
https://openalex.org/A5007710304,M. P. Gaudreau,https://openalex.org/I63966007,Massachusetts Institute of Technology,1986,1986,https://openalex.org/I63966007,1986,1986,Massachusetts Institute of Technology; Fusion Academy; Plasma Technology (United States),,,,
https://openalex.org/A5013077975,Atif R. Mirza,https://openalex.org/I63966007,Massachusetts Institute of Technology,2008,2008,https://openalex.org/I63966007,2008,2008,Massachusetts Institute of Technology,,,,
https://openalex.org/A5080755427,Aditi Gupta,https://openalex.org/I63966007,Massachusetts Institute of Technology,2017,2017,https://openalex.org/I63966007,2017,2017,KIIT University,Harvard–MIT Division of Health Sciences and Technology; Massachusetts Institute of Technology; Indian Institute of Technology Guwahati,0000-0001-6834-7973,,
https://openalex.org/A5048808615,Max B. Mendel,https://openalex.org/I63966007,Massachusetts Institute of Technology,1988,1989,https://openalex.org/I63966007,1988,1989,,"University of California, Los Angeles; University of California, Berkeley; Delft University of Technology; IIT@MIT; University of California System; Massachusetts Institute of Technology",,,
https://openalex.org/A5070999670,Brett A. Cruden,https://openalex.org/I63966007,Massachusetts Institute of Technology,1999,2003,https://openalex.org/I63966007,1999,2003,Ames Research Center,"Eloret (United States); National Aeronautics and Space Administration; Engineering Research & Analysis (United States); Analytical Mechanics Associates (United States); Johnson Space Center; American Marketing Association; Environmental Remediation Consultants (United States); Langley Research Center; Santa Clara University; University of California, Santa Cruz; Massachusetts Institute of Technology; Zama (France); University of Cambridge; Rutgers, The State University of New Jersey",0000-0002-0634-3691,,
https://openalex.org/A5083977027,E.K.M. Rosfjord,https://openalex.org/I63966007,Massachusetts Institute of Technology,2007,2007,https://openalex.org/I63966007,2007,2007,Massachusetts Institute of Technology,,,,
https://openalex.org/A5046885231,Nezam H. Afdhal,https://openalex.org/I63966007,Massachusetts Institute of Technology,2007,2007,https://openalex.org/I63966007,2007,2007,Harvard University; Beth Israel Deaconess Medical Center,Tulane University; Indiana University – Purdue University Indianapolis; Northwestern University; Newcastle University; Natural (Czechia); St. Vincent's University Hospital; Roche (Switzerland); Lemuel Shattuck Hospital; University of Amsterdam; Mayo Clinic in Florida; Clinical Research Institute; University College Dublin; Molecular Medicine Ireland; Purdue Pharma (Canada); Washington University in St. Louis; SynZyme Technologies (United States); GlaxoSmithKline (United States); North Carolina Exploring Cultural Heritage Online; GlaxoSmithKline (United Kingdom); Council of Science Editors; La Roche College; Cornell University; Duke University; Saint Vincent's Catholic Medical Center; Boston University; GlaxoSmithKline (India); Pitié-Salpêtrière Hospital; St. Luke's Episcopal Hospital; Cedars-Sinai Medical Center; Weatherford College; Pfizer (United Kingdom); Memorial; Spring Bank Pharmaceuticals (United States); St. Vincent's Hospital; Advisory Board Company (United States); Massachusetts Institute of Technology; Henry Ford Health System; University Medical Center; Industrial Research & Engineering (Germany); Beth Israel Deaconess Hospital; Deaconess Hospital; Johns Hopkins University; Gilead Sciences (France); University of Leeds; GTx (United States); Yamanashi Prefectural Central Hospital; Inserm; Georgetown University; Goethe University Frankfurt; University of Patras; Merck (Japan); University of Pennsylvania; Woodside (Australia); Scripps Clinic; Midland Regional Hospital Portlaoise; Massachusetts General Hospital; Sorbonne Université; Saint Louis University; St. Stephen’s Hospital; Foundation for Biomedical Research; Mount Sinai Beth Israel; Hospital Universitario Virgen del Rocío; Rheumatology Consultants; St Vincent's Hospital Melbourne; Boston Medical Center; City Hospital; St Mary's Hospital; Harvard University Press; Bristol-Myers Squibb (Germany); University Health System; St. James's Hospital; Mater Hospital; Hadassah Medical Center; 657 Oslo; Research Triangle Park Foundation; Kaiser Permanente; Georgetown University Medical Center; Mater Misericordiae University Hospital; Virginia Commonwealth University; Center for Digestive and Liver Diseases; St. Vincent's Birmingham,0000-0002-7342-6593,,
https://openalex.org/A5007882846,Alice McElhinney,https://openalex.org/I63966007,Massachusetts Institute of Technology,2022,2022,https://openalex.org/I63966007,2022,2022,Broad Institute; Massachusetts Institute of Technology,,,,
https://openalex.org/A5071867040,M. Q. Wang,https://openalex.org/I63966007,Massachusetts Institute of Technology,1983,1985,https://openalex.org/I63966007,1983,1985,Brookhaven National Laboratory; Massachusetts Institute of Technology; California Institute of Technology,,,,
https://openalex.org/A5056219318,Robert W. Ashcraft,https://openalex.org/I63966007,Massachusetts Institute of Technology,2007,2010,https://openalex.org/I63966007,2007,2010,,Los Alamos National Laboratory; Washington University in St. Louis; Massachusetts Institute of Technology; Ghent University; Samsung (United States); IIT@MIT; Oakwood University; Research!America (United States); North Carolina State University,0000-0002-1812-0559,,
https://openalex.org/A5032752353,E. T. Shawl,https://openalex.org/I63966007,Massachusetts Institute of Technology,1968,1990,https://openalex.org/I63966007,1968,1990,Massachusetts Institute of Technology,Pennsylvania State University,,,
https://openalex.org/A5081307186,Timothy Tully,https://openalex.org/I63966007,Massachusetts Institute of Technology,1987,1987,https://openalex.org/I63966007,1987,1987,Illinois Institute of Technology,University of Illinois Urbana-Champaign; Princeton University; Massachusetts Institute of Technology; Cold Spring Harbor Laboratory,,,
https://openalex.org/A5003896222,JoAnne Stubbe,https://openalex.org/I63966007,Massachusetts Institute of Technology,1991,2023,https://openalex.org/I63966007,1991,2023,Harvard University; Massachusetts Institute of Technology,Emory University; Yale University; University of Georgia; Yale Cancer Center; Northwestern University; University of Wisconsin–Madison; Pennsylvania State University; Lund University; Brigham Young University; Georgia Institute of Technology,0000-0001-8076-4489,,
https://openalex.org/A5019835460,M. J. Graf,https://openalex.org/I63966007,Massachusetts Institute of Technology,1988,1988,https://openalex.org/I63966007,1988,1988,Boston College,"ExxonMobil (United States); Laboratoire de physique des Solides; NanoTecCenter Weiz Forschungsgesellschaft (Austria); Radboud University Nijmegen; International Laboratory of High Magnetic Fields and Low Temperatures; Louisiana State University; Howard University; Massachusetts Institute of Technology; Northwestern University; Brown University; Max Planck Institute for Polymer Research; Los Alamos National Laboratory; Clemson University; University of Pavia; Jawaharlal Nehru Centre for Advanced Scientific Research; Karlsruhe Institute of Technology; University of Amsterdam; Universitat de València; Joanneum Research; Center for Integrated Nanotechnologies; Graz University of Technology; Université Paris-Sud; University of Guelph; Istituto Nazionale di Fisica Nucleare, Sezione di Pavia; National Postdoctoral Association; MIT Lincoln Laboratory; Voith (United States); Boston University; University of Bayreuth",0000-0002-3977-3006,,
https://openalex.org/A5108803403,C. Best,https://openalex.org/I63966007,Massachusetts Institute of Technology,2002,2002,https://openalex.org/I63966007,2002,2002,Mount Sinai Hospital,"Rutgers, The State University of New Jersey; Philipps University of Marburg; Lancaster University; Rutherford Appleton Laboratory; Johannes Gutenberg University Mainz; University College London; European Bioinformatics Institute; Max Planck Institute for Nuclear Physics; University of Liverpool; Wellcome Trust; New York Proton Center; Tel Aviv University; University of Applied Sciences Mainz; Saint Thomas - Rutherford Hospital; University of Arizona; St. Mary's Hospital; Max Planck Institute of Biochemistry; St Mary's Hospital; University of Glasgow; Goethe University Frankfurt; John von Neumann Institute for Computing; Forschungszentrum Jülich; Research Association for Combustion Engines; Koning (United States); National Hospital for Neurology and Neurosurgery; Klinik und Poliklinik für Neurologie; European Organization for Nuclear Research; Massachusetts Institute of Technology",,,
https://openalex.org/A5061061480,David R. Leibrandt,https://openalex.org/I63966007,Massachusetts Institute of Technology,2006,2009,https://openalex.org/I63966007,2006,2009,"University of California, Los Angeles; National Institute of Standards and Technology; University of Colorado Boulder; University of Colorado System; University of California System; National Institute of Standards",University of Michigan; UCLA Health; Joint Institute for Laboratory Astrophysics; MIT-Harvard Center for Ultracold Atoms; Massachusetts Institute of Technology,0000-0003-1452-4879,,
https://openalex.org/A5011469296,Herre S. J. van der Zant,https://openalex.org/I63966007,Massachusetts Institute of Technology,1992,1998,https://openalex.org/I63966007,1992,1998,Kavli Energy NanoScience Institute; Delft University of Technology,Quantum (Australia); The University of Texas at El Paso; University of Copenhagen; NTT Basic Research Laboratories; University of Cambridge; Madrid Institute for Advanced Studies; Universitat de València; Handan College; RWTH Aachen University; Universidad Autónoma de Madrid; University of Basel; Forschungszentrum Jülich; University of Bristol; Massachusetts Institute of Technology; Karlsruhe Institute of Technology; Utrecht University; Leiden University; Parc Científic de la Universitat de València; University of Manchester,0000-0002-5385-0282,,
https://openalex.org/A5016049788,Yuting Deng,https://openalex.org/I63966007,Massachusetts Institute of Technology,2007,2013,https://openalex.org/I63966007,2007,2013,Sichuan University; Henan Provincial Eye Hospital; Chongqing University of Posts and Telecommunications; West China Hospital of Sichuan University; Zhengzhou People's Hospital; Qingdao University; Henan Provincial People's Hospital; Qingdao Municipal Hospital; Shanghai Jiao Tong University; Qinghai University; Zhengzhou University,Columbia University; Hunan Normal University; Collaborative Innovation Center of Chemistry for Energy Materials; Huazhong University of Science and Technology; The Ohio State University; Key Laboratory of Guangdong Province; Chinese Academy of Fishery Sciences; University of Chinese Academy of Sciences; Beijing Institute of Aeronautical Materials; National Tsing Hua University; South China Agricultural University; Aero Engine Corporation of China (China); Tsinghua University; Hainan Medical University; Beijing University of Chemical Technology; Chinese Academy of Sciences; Dalian National Laboratory for Clean Energy; Wuhan Sports University; Fudan University; South China University of Technology; Dalian Institute of Chemical Physics; Shandong University; Bioscience (China); Ministry of Agriculture and Rural Affairs; Massachusetts Institute of Technology; University of South China,0000-0002-9512-756X,,
https://openalex.org/A5010991546,S. Carl Falco,https://openalex.org/I63966007,Massachusetts Institute of Technology,1979,1983,https://openalex.org/I63966007,1979,1983,Pioneer Hi-Bred,University of Chicago; Wilmington University; University of America; DuPont (United States); Catholic University of America; Massachusetts Institute of Technology; Experimental Station,,,
https://openalex.org/A5101821963,Suvranu De,https://openalex.org/I63966007,Massachusetts Institute of Technology,2001,2003,https://openalex.org/I63966007,2001,2003,Florida State University; Florida A&M University - Florida State University College of Engineering; Florida Agricultural and Mechanical University; Rensselaer Polytechnic Institute,"Bhagwan Mahaveer Jain Hospital; Marymount University; American College of Surgeons; Atmiya University; University at Buffalo, State University of New York; Universidade Franciscana; United States Agency for International Development; Troy University; Hadassah Medical Center; Southwestern Medical Center; Massachusetts Institute of Technology; National Institutes of Health; Tallahassee Orthopedic Clinic; The University of Texas Southwestern Medical Center; University of Washington; National Institute of Biomedical Imaging and Bioengineering; Abt Global (United States); Florida Polytechnic University; Baylor University Medical Center; University of Central Arkansas; Conway School of Landscape Design",0000-0001-8489-0001,,
https://openalex.org/A5030225388,Norihisa Miki,https://openalex.org/I63966007,Massachusetts Institute of Technology,2002,2004,https://openalex.org/I63966007,2002,2004,Kanagawa Institute of Technology; Keio University,American Institute of Aeronautics and Astronautics; Meguro Parasitological Museum; Massachusetts Institute of Technology; Luc Hoffmann Institute; University of Basel; Japan Science and Technology Agency; The University of Tokyo; Kanagawa Academy of Science and Technology,0000-0002-5632-2143,,
https://openalex.org/A5102075740,Dong Ho Choi,https://openalex.org/I63966007,Massachusetts Institute of Technology,1997,1998,https://openalex.org/I63966007,1997,1998,Good Moonhwa Hospital,National Cancer Center; Kyung Hee University; Seoul Institute; National Cancer Center; Micro Focus (United States); Hanyang University; Massachusetts Institute of Technology; Hanyang University Medical Center; Dankook University; Chungnam National University; Chonnam National University; Hongik University; National Forensic Institute; Soonchunhyang University; Catholic University of Daegu,0000-0001-9293-641X,,
https://openalex.org/A5101786308,Lu Hu,https://openalex.org/I63966007,Massachusetts Institute of Technology,1999,2008,https://openalex.org/I63966007,1999,2008,Southwest Jiaotong University,Illinois Institute of Technology; Huazhong University of Science and Technology; Massachusetts Institute of Technology; ExxonMobil (Germany); Colorado School of Mines; Ministry of Education of the People's Republic of China; Idaho National Laboratory,0000-0002-0389-7103,,
https://openalex.org/A5056618475,Janice Jang,https://openalex.org/I63966007,Massachusetts Institute of Technology,2011,2011,https://openalex.org/I63966007,2011,2011,Massachusetts Institute of Technology,,,,
https://openalex.org/A5005932904,Roman Antoš,https://openalex.org/I63966007,Massachusetts Institute of Technology,2014,2014,https://openalex.org/I63966007,2014,2014,Charles University,"Massachusetts Institute of Technology; University of Pardubice; Nitto RIKEN (Japan); Czech Academy of Sciences, Institute of Physics; Nagaoka University of Technology; RIKEN; Shizuoka University",0000-0001-9977-9672,,
https://openalex.org/A5066351389,Vivienne Sze,https://openalex.org/I63966007,Massachusetts Institute of Technology,2007,2025,https://openalex.org/I63966007,2007,2025,Massachusetts Institute of Technology,"Nvidia (United States); University of California, Berkeley; IIT@MIT; Santa Clara University; University of Southern California; Columbia University; Ghent University; Meta (United States); KU Leuven; California Institute of Technology; Yonsei University; Worcester Polytechnic Institute; Georgia Institute of Technology; Texas Instruments (United States); Meta (Israel); Universidad Carlos III de Madrid; Moscow Institute of Thermal Technology; Menlo School; Applications Research (United States); Lawrence Berkeley National Laboratory; University of Utah; Institute of Electrical and Electronics Engineers; Analog Devices (United States)",,,
https://openalex.org/A5032659029,Arnaud Czaja,https://openalex.org/I63966007,Massachusetts Institute of Technology,2000,2006,https://openalex.org/I63966007,2000,2006,Imperial College London,Bolin Centre for Climate Research; University of Cincinnati; Massachusetts Institute of Technology; Centre National de la Recherche Scientifique; Stockholm University; University of Reading; Imperial Valley College; Sorbonne Université; Laboratoire d'Océanographie Microbienne; Columbia University; Courant Institute of Mathematical Sciences; European Centre for Medium-Range Weather Forecasts; Moscow Institute of Thermal Technology; Texas A&M University; University of Exeter; IIT@MIT; National Centre for Atmospheric Science; New York University,0000-0003-3645-0284,,
https://openalex.org/A5059542173,Manuel Villa‐Garcia,https://openalex.org/I63966007,Massachusetts Institute of Technology,1997,1997,https://openalex.org/I63966007,1997,1997,,"Tecnológico de Monterrey; Johns Hopkins University; Chinese University of Hong Kong; Rutgers, The State University of New Jersey; Johns Hopkins Medicine; Georgetown University; Defence Metallurgical Research Laboratory; Massachusetts Institute of Technology; Cornell University",,,
https://openalex.org/A5035964409,Wenchao Sheng,https://openalex.org/I63966007,Massachusetts Institute of Technology,2006,2011,https://openalex.org/I63966007,2006,2011,State Key Laboratory of Pollution Control and Resource Reuse; Shanghai Institute of Pollution Control and Ecological Security; Tongji University,"University of Delaware; The University of Texas at Austin; Oak Ridge National Laboratory; University of California, Riverside; Japan Advanced Institute of Science and Technology; Massachusetts Institute of Technology; Shanghai East Hospital; Brookhaven National Laboratory; Columbia University",0000-0001-9020-6202,,
https://openalex.org/A5030515910,Matthew Ridley,https://openalex.org/I63966007,Massachusetts Institute of Technology,2020,2020,https://openalex.org/I63966007,2020,2020,PAREXEL International (United Kingdom),Appear Networks (Sweden); IIT@MIT; MRC Institute of Hearing Research; Medical Research Council; University of Lausanne; University of Liverpool; University of Bristol; National Bureau of Economic Research; Harvard University Press; University of York; Massachusetts Department of Elementary and Secondary Education; Newcastle University; University of Nottingham; University of the West of England; Massachusetts Institute of Technology,0000-0001-7612-7436,,
https://openalex.org/A5017124148,Amauche Emenari,https://openalex.org/I63966007,Massachusetts Institute of Technology,2021,2025,https://openalex.org/I63966007,2021,2025,Massachusetts Institute of Technology; McGovern Institute for Brain Research,,,,
https://openalex.org/A5052258825,Jeffrey T. Borenstein,https://openalex.org/I63966007,Massachusetts Institute of Technology,2003,2010,https://openalex.org/I63966007,2003,2010,Draper Laboratory,"Syracuse University; Boston Children's Hospital; Brain Research Foundation; Northwestern University; Virginia Innovation Partnership Corporation; Amgen (United States); Max Planck Institute for Solid State Research; MicroVision (United States); Pfizer (United States); MS Technology (United States); Massachusetts General Hospital; University at Albany, State University of New York; Weatherford College; Albany State University; Massachusetts Institute of Technology; University of California, Los Angeles",0000-0002-4482-3274,,
https://openalex.org/A5016146759,Romualdo Pastor‐Satorras,https://openalex.org/I63966007,Massachusetts Institute of Technology,1997,2008,https://openalex.org/I63966007,1997,2008,Universitat Politècnica de Catalunya,Laboratoire de Physique Théorique; Moscow Institute of Thermal Technology; Institució Catalana de Recerca i Estudis Avançats; Planetary Science Institute; Massachusetts Institute of Technology; The Abdus Salam International Centre for Theoretical Physics (ICTP); Centre National de la Recherche Scientifique; Universitat de Barcelona,0000-0002-4051-6007,,
https://openalex.org/A5113630206,Evelyne Walker‐Nasir,https://openalex.org/I63966007,Massachusetts Institute of Technology,1982,1982,https://openalex.org/I63966007,1982,1982,Institute of Molecular Sciences and Bioinformatics,Massachusetts General Hospital; National Institutes of Health; Massachusetts Institute of Technology; Memorial Hospital; Harvard University; University of Balochistan,,,
https://openalex.org/A5030907430,Christopher M. Lemon,https://openalex.org/I63966007,Massachusetts Institute of Technology,2012,2015,https://openalex.org/I63966007,2012,2015,Montana State University,"The Royal Melbourne Hospital; University of Auckland; QB3; Harvard University Press; Miller College; University of California, Berkeley; Massachusetts Institute of Technology; Melbourne Health; Harvard University",0000-0001-9493-5488,,
https://openalex.org/A5083229918,Kerwin Kwek Zeming,https://openalex.org/I63966007,Massachusetts Institute of Technology,2020,2020,https://openalex.org/I63966007,2020,2020,Singapore-MIT Alliance for Research and Technology,National University of Singapore; City University of Hong Kong; Massachusetts Institute of Technology,0000-0002-3088-3604,,
https://openalex.org/A5074937565,W. F. Van Eekelen,https://openalex.org/I63966007,Massachusetts Institute of Technology,1966,1966,https://openalex.org/I63966007,1966,1966,,Massachusetts Institute of Technology; European Union; Nyenrode Business University,,,
https://openalex.org/A5033447085,B. Hughey,https://openalex.org/I63966007,Massachusetts Institute of Technology,1989,2003,https://openalex.org/I63966007,1989,2003,Moscow Institute of Thermal Technology; Massachusetts Institute of Technology,Princeton University; Science Research Laboratory; Hope College; Pfizer (United States); Newton Scientific Incorporation (United States),,,
https://openalex.org/A5003668840,Irene Chou Chen,https://openalex.org/I63966007,Massachusetts Institute of Technology,2011,2012,https://openalex.org/I63966007,2011,2012,,Massachusetts Institute of Technology,,,
https://openalex.org/A5008631532,R. H. Holm,https://openalex.org/I63966007,Massachusetts Institute of Technology,1973,1973,https://openalex.org/I63966007,1973,1973,,Massachusetts Institute of Technology; Goethe University Frankfurt; Merseburg University of Applied Sciences; Harvard University,,,
https://openalex.org/A5047632494,Ali Hemmatifar,https://openalex.org/I63966007,Massachusetts Institute of Technology,2020,2023,https://openalex.org/I63966007,2020,2023,Massachusetts Institute of Technology,Stanford University; Sharif University of Technology,0000-0001-6716-3144,,
https://openalex.org/A5047097601,Doreen Joan Blanchard,https://openalex.org/I63966007,Massachusetts Institute of Technology,1984,1984,https://openalex.org/I63966007,1984,1984,Massachusetts Institute of Technology,,,,
https://openalex.org/A5049739048,Sumit Basu,https://openalex.org/I63966007,Massachusetts Institute of Technology,1999,2003,https://openalex.org/I63966007,1999,2003,,"Saha Institute of Nuclear Physics; Ruby Hall Clinic; Stevens Institute of Technology; Honeywell (United States); Honeywell (India); University of Houston; Microsoft Research (United Kingdom); Inlaks & Budhrani Hospital; Massachusetts Institute of Technology; Indian Institute of Technology Jodhpur; Medical College and Hospital, Kolkata; AMRI Hospitals; MIT Lincoln Laboratory; KPC Medical College and Hospital; Cornell University; University of Florida; Indian Institute of Technology Kanpur; Seattle University; Columbus Oncology and Hematology Associates; IBM Research - Thomas J. Watson Research Center; Microsoft (United States); Chittaranjan National Cancer Institute",0000-0001-6413-3070,,
https://openalex.org/A5060357272,Kwabena Ofori-Atta,https://openalex.org/I63966007,Massachusetts Institute of Technology,2019,2019,https://openalex.org/I63966007,2019,2019,Tri-Institutional PhD Program in Chemical Biology; Cornell University,National Institutes of Health; Massachusetts Institute of Technology; National Cancer Institute; Novartis Institutes for BioMedical Research; Center for Cancer Research; Novartis (France),,,
https://openalex.org/A5085117895,Julio A. Pertuzé,https://openalex.org/I63966007,Massachusetts Institute of Technology,2012,2012,https://openalex.org/I63966007,2012,2012,Pontificia Universidad Católica de Chile,London Postgraduate Medical and Dental Education; Hospital Clínico Universitario de Caracas; Hospital Clínico de la Universidad Católica; Hammersmith Hospital; Central University of Venezuela; Massachusetts Institute of Technology,0000-0002-3565-3672,,
https://openalex.org/A5102836343,Huiling Pang,https://openalex.org/I63966007,Massachusetts Institute of Technology,1985,1985,https://openalex.org/I63966007,1985,1985,University of Nebraska Medical Center,University of South Alabama; Shandong Agricultural University; Ocean University of China; Boston University; Robert Bosch (Germany); Nebraska Medical Center; University of Arizona; Tufts University; Massachusetts Institute of Technology; Nebraska Hematology-Oncology,0000-0001-5269-6511,,
https://openalex.org/A5100374558,Daehyun Kim,https://openalex.org/I63966007,Massachusetts Institute of Technology,2009,2009,https://openalex.org/I63966007,2009,2009,University of Glasgow; Seoul National University,Pohang University of Science and Technology; Sogang University; Samsung (South Korea); Konkuk University; University of Washington; Massachusetts Institute of Technology; Sejong University; Teledyne Technologies (United States); Kyungnam University; Korea Post,0000-0001-5138-097X,,
https://openalex.org/A5056185715,Sethu Alexander,https://openalex.org/I63966007,Massachusetts Institute of Technology,2007,2007,https://openalex.org/I63966007,2007,2007,Massachusetts Institute of Technology; Harvard University; Broad Institute; Dana-Farber Cancer Institute,,,,
https://openalex.org/A5037803685,L. X. Liu,https://openalex.org/I63966007,Massachusetts Institute of Technology,2003,2009,https://openalex.org/I63966007,2003,2009,,American Institute of Aeronautics and Astronautics; Massachusetts Institute of Technology,,,
https://openalex.org/A5022750360,Warren Seamans,https://openalex.org/I63966007,Massachusetts Institute of Technology,1995,1995,https://openalex.org/I63966007,1995,1995,Massachusetts Institute of Technology,,,,
https://openalex.org/A5035973670,De Xin Chen,https://openalex.org/I63966007,Massachusetts Institute of Technology,2019,2019,https://openalex.org/I63966007,2019,2019,Massachusetts Institute of Technology,,,,
https://openalex.org/A5076945748,M. B. Graf,https://openalex.org/I63966007,Massachusetts Institute of Technology,1996,1998,https://openalex.org/I63966007,1996,1998,Fraunhofer Institute for High Frequency Physics and Radar Techniques,Texas A&M University; MaRS; Mitchell Institute; Technische Universität Berlin; Whitney Museum of American Art; Motor Jikov (Czechia); Houston Advanced Research Center; Ludwig-Maximilians-Universität München; Fraunhofer Institute for Solar Energy Systems; Massachusetts Institute of Technology; Fraunhofer Society; Pratt & Whitney (United States); Max Planck Institute of Quantum Optics,,,
https://openalex.org/A5050268586,Joseph R. Brady,https://openalex.org/I63966007,Massachusetts Institute of Technology,2018,2021,https://openalex.org/I63966007,2018,2021,Intarcia Therapeutics (United States),University College Dublin; Business School Lausanne; ORCID; Massachusetts Institute of Technology; SBS Swiss Business School,0000-0002-2284-3872,,
https://openalex.org/A5101733179,Ji‐Hoon Kang,https://openalex.org/I63966007,Massachusetts Institute of Technology,2020,2023,https://openalex.org/I63966007,2020,2023,Keimyung University; Inha University; Convergence,Seoul Institute; Korea Research Institute of Bioscience and Biotechnology; Korea Institute of Science and Technology; Government of the Republic of Korea; Korea University; Korea University of Technology and Education; Sungkyunkwan University; Hanyang University; Hebei University; Honam University; Chungnam National University; Massachusetts Institute of Technology; Daegu Gyeongbuk Institute of Science and Technology,0000-0001-6805-9840,,
https://openalex.org/A5031173686,Michel Lemay,https://openalex.org/I63966007,Massachusetts Institute of Technology,1997,2002,https://openalex.org/I63966007,1997,2002,Temple University,Temple College; Hahnemann University Hospital; IIT@MIT; MetroHealth Medical Center; Case Western Reserve University; Université de Montréal; Drexel University; Massachusetts Institute of Technology; Université du Québec à Montréal; Centre Hospitalier Universitaire Sainte-Justine; Collège de Rosemont; MetroHealth,0000-0002-5636-0297,,
https://openalex.org/A5101854604,Sejoong Kim,https://openalex.org/I63966007,Massachusetts Institute of Technology,2007,2013,https://openalex.org/I63966007,2007,2013,Hongik University,Korea University of Science and Technology; Korea Institute for Advanced Study; Washington State University; Pohang University of Science and Technology; Massachusetts Institute of Technology,0000-0002-9140-7353,,
https://openalex.org/A5073902310,Nicanor Pier Giorgio Austriaco,https://openalex.org/I63966007,Massachusetts Institute of Technology,1994,1997,https://openalex.org/I63966007,1994,1997,University of the Philippines System; University of Santo Tomas,Massachusetts Institute of Technology; Pontifical University of Saint Thomas Aquinas; University of Pennsylvania; Dominican House of Studies; Providence College,0000-0003-1854-8181,,
https://openalex.org/A5082868104,Julian Sonner,https://openalex.org/I63966007,Massachusetts Institute of Technology,2009,2015,https://openalex.org/I63966007,2009,2015,Harvard University Press; University of Geneva,"Massachusetts Institute of Technology; Imperial College London; University of Cambridge; London Institute for Mathematical Sciences; University of California, Santa Barbara",0000-0002-6179-1729,,
https://openalex.org/A5057667738,Mark R. Luettgen,https://openalex.org/I63966007,Massachusetts Institute of Technology,1987,1992,https://openalex.org/I63966007,1987,1992,Systems and Technology Research (United States),BAE Systems (United States); Massachusetts Institute of Technology; Alpha Environmental (United States); Decision Systems (United States),,,
https://openalex.org/A5097456775,PAUL STACH,https://openalex.org/I63966007,Massachusetts Institute of Technology,1993,1993,https://openalex.org/I63966007,1993,1993,Massachusetts Institute of Technology,,,,
https://openalex.org/A5074722095,Hoo-Min D. Toong,https://openalex.org/I63966007,Massachusetts Institute of Technology,1980,1990,https://openalex.org/I63966007,1980,1990,,Chr. Michelsen Institute; New School; Massachusetts Institute of Technology,,,
https://openalex.org/A5030851478,Kunio Torii,https://openalex.org/I63966007,Massachusetts Institute of Technology,2003,2003,https://openalex.org/I63966007,2003,2003,Fukui Red Cross Hospital; University of Fukui Hospital,Life Science Institute; Ajinomoto (United States); Monell Chemical Senses Center; Central Research Laboratories (United Kingdom); King's College School; University of Fukui; Universidad de Murcia; Institute of Life Sciences; Nanjing University of Science and Technology; Massachusetts Institute of Technology; University of Amsterdam; Suzuki (Japan); Sichuan University; In-Q-Tel; Institute for Molecular Science; University of Southern California; Ajinomoto (Japan); ShanghaiTech University; Wake Forest University; Japan Science and Technology Agency,,,
https://openalex.org/A5069303170,Linda Stockdale,https://openalex.org/I63966007,Massachusetts Institute of Technology,2012,2021,https://openalex.org/I63966007,2012,2021,Massachusetts Institute of Technology,IIT@MIT,,,
https://openalex.org/A5066811706,Robert Burke,https://openalex.org/I63966007,Massachusetts Institute of Technology,2001,2002,https://openalex.org/I63966007,2001,2002,,Advocate Illinois Masonic Medical Center; Bombardier (Canada); Burke Foundation; Bombardier (United Kingdom); Associated Radiologists; Beijing Obstetrics and Gynecology Hospital; Southern Illinois University School of Medicine; Massachusetts Institute of Technology,,,
https://openalex.org/A5090981936,Antonio Agostini,https://openalex.org/I63966007,Massachusetts Institute of Technology,1990,1990,https://openalex.org/I63966007,1990,1990,Istituti di Ricovero e Cura a Carattere Scientifico; Agostino Gemelli University Polyclinic; Università Cattolica del Sacro Cuore,University of Rome Tor Vergata; University of Bari Aldo Moro; Massachusetts Institute of Technology; Oslo University Hospital; University of Oslo,0000-0002-6528-7140,,
https://openalex.org/A5065024297,C. Butuceanu,https://openalex.org/I63966007,Massachusetts Institute of Technology,2004,2004,https://openalex.org/I63966007,2004,2004,,Campbell Collaboration; University of Bonn; North Carolina Agricultural and Technical State University; University of Regina; William & Mary; Hampton University; Massachusetts Institute of Technology; CEA Paris-Saclay; Sakarya University; Williams (United States); Thomas Jefferson National Accelerator Facility; Commissariat à l'Énergie Atomique et aux Énergies Alternatives; Florida State University,,,
https://openalex.org/A5082752199,Qing Zhang,https://openalex.org/I63966007,Massachusetts Institute of Technology,2009,2009,https://openalex.org/I63966007,2009,2009,China Tobacco; Tobacco Research Institute; Guilin University of Technology; ShanghaiTech University; Chongqing University of Science and Technology; National University of Defense Technology; Chinese Academy of Inspection and Quarantine,"Qingdao University; Jilin University; Xiamen University; Nanyang Technological University; Chang'an University; China University of Petroleum, Beijing; State Key Laboratory of Heavy Oil; Chinese Academy of Sciences; Fujian Institute of Research on the Structure of Matter; Soochow University; University of Chinese Academy of Sciences; State Administration of Foreign Experts Affairs; National University of Singapore; Hubei University; Cambridge University Press; Fujian Agriculture and Forestry University; Xi'an University of Technology; Jiangsu University; Hunan University; Institute of Food Science and Technology; Central South University; National Engineering Research Center of Electromagnetic Radiation Control Materials; Luoyang Institute of Science and Technology; Dezhou University; Sun Yat-sen University; Hebei University of Technology; Xinxiang University; Tongji University; Tiangong University; New York University Press; Institute of Automation; Guangxi Research Institute of Chemical Industry; Kunming University; East China University of Science and Technology; Massachusetts Institute of Technology; Tianjin University; Green Chemistry; Fuzhou University; World Wide Web Consortium; Jiangxi Science and Technology Normal University; Henan Normal University; South Central Minzu University; Dalian Institute of Chemical Physics",0000-0001-8822-1753,,
https://openalex.org/A5084635951,U. Garg,https://openalex.org/I63966007,Massachusetts Institute of Technology,1994,1994,https://openalex.org/I63966007,1994,1994,University of Notre Dame; Joint Institute for Nuclear Astrophysics,"University of Tübingen; Birsa Agricultural University; Japan Atomic Energy Agency; National Institute for Subatomic Physics; Children's Cancer Center; UGC-DAE Consortium for Scientific Research, Kolkata Centre; Nanaji Deshmukh Veterinary Science University; Stony Brook University; North Carolina State University; Guru Teg Bahadur Hospital; Tokyo Institute of Technology; Lawrence Livermore National Laboratory; Japan Radioisotope Association; The University of Osaka; National Research Nuclear University MEPhI; Idaho National Laboratory; Lawrence Berkeley National Laboratory; Baba Farid University of Health Sciences; Texas A&M University; Argonne National Laboratory; Medical College of Wisconsin; Konan University; Institute of Nuclear Physics of Lyon; State University of New York; Purdue University West Lafayette; Tohoku University; Massachusetts Institute of Technology; Kyoto University; Indian Institute of Science Bangalore; University of Groningen; University of Mumbai; Panjab University; Kerala Veterinary and Animal Sciences University; Notre Dame University; Punjab Technical University; Inter-University Accelerator Centre; SMS Medical College; Sant Longowal Institute of Engineering and Technology; Triangle Universities Nuclear Laboratory; UGC DAE Consortium for Scientific Research; Animal Husbandry and Veterinary Department; Children's Hospital of Wisconsin; GSI Helmholtz Centre for Heavy Ion Research; Vrije Universiteit Amsterdam",0000-0001-8751-4204,,
https://openalex.org/A5079705502,Kripa K. Varanasi,https://openalex.org/I63966007,Massachusetts Institute of Technology,2002,2025,https://openalex.org/I63966007,2002,2025,Massachusetts Institute of Technology; IIT@MIT,General Electric (United States); Carnegie Mellon University; Edwards Air Force Base; Droplet Measurement Technologies (United States); GE Global Research (United States); Boston University,0000-0002-6846-152X,,
https://openalex.org/A5078219645,S.A. Akimenko,https://openalex.org/I63966007,Massachusetts Institute of Technology,1994,1994,https://openalex.org/I63966007,1994,1994,Kurchatov Institute,Massachusetts Institute of Technology; Joint Institute for Nuclear Research; Institute for High Energy Physics; Lawrence Berkeley National Laboratory; National Research Nuclear University MEPhI; European Organization for Nuclear Research,,,
https://openalex.org/A5070128872,David J. Zahniser,https://openalex.org/I63966007,Massachusetts Institute of Technology,1976,1986,https://openalex.org/I63966007,1976,1986,Roche (United States),Hologic (United States); Medical Center Hospital; Brigham and Women's Hospital; Tufts University; Radboud University Nijmegen; Harvard University; Johns Hopkins Medicine; Tufts Medical Center; Massachusetts Institute of Technology; Roche (Bosnia-Herzegovina); Johns Hopkins University,,,
https://openalex.org/A5068441007,H. Aoki,https://openalex.org/I63966007,Massachusetts Institute of Technology,1992,1992,https://openalex.org/I63966007,1992,1992,,Clark University; Tohoku University; National Institute for Materials Science; Japan Organization for Metals and Energy Security (Japan); Max Planck Society; Argonne National Laboratory; Max Planck Institute for Chemical Physics of Solids; Massachusetts Institute of Technology; The University of Tokyo; Boston University; Meguro Parasitological Museum; Montana State University; University of Oxford; Niigata University,,,
https://openalex.org/A5019178724,Kay Huai-Ying Hsi,https://openalex.org/I63966007,Massachusetts Institute of Technology,2011,2013,https://openalex.org/I63966007,2011,2013,Massachusetts Institute of Technology; Novartis-MIT Center for Continuous Manufacturing,,,,
https://openalex.org/A5070030311,M. Gordon,https://openalex.org/I63966007,Massachusetts Institute of Technology,1998,1998,https://openalex.org/I63966007,1998,1998,,Massachusetts Institute of Technology; Rzeszów University; Los Alamos National Laboratory; National High Magnetic Field Laboratory,,,
https://openalex.org/A5012484956,Mike Vilme,https://openalex.org/I63966007,Massachusetts Institute of Technology,2023,2023,https://openalex.org/I63966007,2023,2023,"Broad Institute; Ragon Institute of MGH, MIT and Harvard; Massachusetts Institute of Technology",,,,
https://openalex.org/A5065597746,Jerry D. Plunkett,https://openalex.org/I63966007,Massachusetts Institute of Technology,1960,1960,https://openalex.org/I63966007,1960,1960,,Massachusetts Institute of Technology; University of Denver,,,
https://openalex.org/A5111669708,Alicia C. Gutiérrez,https://openalex.org/I63966007,Massachusetts Institute of Technology,2011,2014,https://openalex.org/I63966007,2011,2014,Mexican Social Security Institute; Centro Medico Nacional Siglo XXI,Stanford University; Instituto Nacional de Investigaciones Nucleares; IIT@MIT; Universidad Nacional Autónoma de México; Massachusetts Institute of Technology; University of Washington,,,
https://openalex.org/A5086342374,Kevin Yehl,https://openalex.org/I63966007,Massachusetts Institute of Technology,2017,2021,https://openalex.org/I63966007,2017,2021,Miami University; Emory University,Cambridge Electronics (United States); Synthetic Biologics (United States); Massachusetts Institute of Technology; Winship Cancer Institute; University of South Carolina Sumter; Université Bourgogne Franche-Comté,0000-0001-7841-7613,,
https://openalex.org/A5054578006,J. L. Kinley,https://openalex.org/I63966007,Massachusetts Institute of Technology,1985,1985,https://openalex.org/I63966007,1985,1985,Massachusetts Institute of Technology,,,,
https://openalex.org/A5038788788,Nava Ariel,https://openalex.org/I63966007,Massachusetts Institute of Technology,2005,2005,https://openalex.org/I63966007,2005,2005,Massachusetts Institute of Technology,,,,
https://openalex.org/A5102877440,Min Xiao,https://openalex.org/I63966007,Massachusetts Institute of Technology,1989,1989,https://openalex.org/I63966007,1989,1989,Gansu University of Traditional Chinese Medicine; Southwest University; Affiliated Hospital of North Sichuan Medical College; Hubei Zhongshan Hospital; Wuhan University; Hubei University of Chinese Medicine,Chongqing Medical University; Tianjin Normal University; Institute of Plasma Physics; People's Hospital of Yangzhong; Sichuan University; State Key Laboratory of Biotherapy; China International Science and Technology Cooperation; Cangzhou Central Hospital; Chinese Academy of Sciences; Peking University; University of Science and Technology of China; Institute for the Science and Technology of Plasmas; Massachusetts Institute of Technology; University of Chinese Academy of Sciences; West China Hospital of Sichuan University; Affiliated Hospital of Zunyi Medical College; Wenzhou Medical University; The Ohio State University; Children's Hospital of Chongqing Medical University; Chinese University of Hong Kong; China Geological Survey; The Ohio State University Wexner Medical Center; Guangxi University; Ministry of Education of the People's Republic of China,0000-0001-7641-3926,,
https://openalex.org/A5049360992,R. M. Dudley,https://openalex.org/I63966007,Massachusetts Institute of Technology,1999,2002,https://openalex.org/I63966007,1999,2002,Massachusetts Institute of Technology,,,,
https://openalex.org/A5025884332,Thomas H. Newton,https://openalex.org/I63966007,Massachusetts Institute of Technology,2001,2014,https://openalex.org/I63966007,2001,2014,,"Office of Scientific and Technical Information; Egis (France); Massachusetts Institute of Technology; University of California, San Francisco; National Institute of Standards and Technology; NIST Center for Neutron Research; Commissariat à l'Énergie Atomique et aux Énergies Alternatives; United Kingdom Atomic Energy Authority",,,
https://openalex.org/A5034729983,Robert Ziegler,https://openalex.org/I63966007,Massachusetts Institute of Technology,2018,2018,https://openalex.org/I63966007,2018,2018,AstraZeneca (United States),Massachusetts Institute of Technology; University of Wisconsin–Madison; University of Colorado Denver; University of Colorado Health; Stanford University; Children's Hospital Colorado; Boston University; Thieme Medical Publishers (Germany); University of Montana; Laboratoire de Physique Théorique et Hautes Energies; Montana Technological University; University of Rochester; Children's Mercy Hospital; Cambridge Hospital; University of Missouri–Kansas City; Harvard University; Boston Children's Hospital; Cambridge Health Alliance; Columbia University; Kansas State University,0000-0001-9574-8780,,
https://openalex.org/A5109793899,Anantha Babu,https://openalex.org/I63966007,Massachusetts Institute of Technology,2025,2025,https://openalex.org/I63966007,2025,2025,Massachusetts Institute of Technology,Jain University,,,
https://openalex.org/A5017188317,Kazuhisa Kakurai,https://openalex.org/I63966007,Massachusetts Institute of Technology,1989,1994,https://openalex.org/I63966007,1989,1994,Tohoku University; Comprehensive Research Organization for Science and Society; RIKEN Center for Emergent Matter Science,"Nagoya University; Rutherford Appleton Laboratory; High Energy Accelerator Research Organization; RIKEN; NTT (Japan); Nordic Laboratory for Luminescence Dating; Kyushu University; Japan Science and Technology Agency; The University of Tokyo; Hiroshima University; University of Electro-Communications; Fraunhofer Institute for Telecommunications, Heinrich Hertz Institute; University of Delhi; Oak Ridge National Laboratory; Japan Atomic Energy Agency; Institute for Solid State Physics and Optics; National Tsing Hua University; Brookhaven National Laboratory; Advanced Science Research Center; Tokai University; Suzuki (Japan); Massachusetts Institute of Technology; Institut Langevin; Japan Proton Accelerator Research Complex",0000-0001-5899-7657,,
https://openalex.org/A5011696226,C. P. Kindleberger,https://openalex.org/I63966007,Massachusetts Institute of Technology,1975,1975,https://openalex.org/I63966007,1975,1975,Massachusetts Institute of Technology,,,,
https://openalex.org/A5074905917,Mirjana Marden,https://openalex.org/I63966007,Massachusetts Institute of Technology,2009,2009,https://openalex.org/I63966007,2009,2009,Booz Allen Hamilton (United States); Advanced Research Projects Agency - Energy,Massachusetts Institute of Technology,,,
https://openalex.org/A5033778806,Andrea Vala,https://openalex.org/I63966007,Massachusetts Institute of Technology,2001,2005,https://openalex.org/I63966007,2001,2005,University of Copenhagen; Novo Nordisk Foundation,Massachusetts Institute of Technology; University of Lisbon,,,
https://openalex.org/A5035704903,Larry Lindberg,https://openalex.org/I63966007,Massachusetts Institute of Technology,1972,1972,https://openalex.org/I63966007,1972,1972,,Massachusetts Institute of Technology; New York Audio Productions (United States); Kodak (United States); CBC (Canada),,,
https://openalex.org/A5042136097,Ulrich H. von Andrian,https://openalex.org/I63966007,Massachusetts Institute of Technology,1998,2014,https://openalex.org/I63966007,1998,2014,"Ragon Institute of MGH, MIT and Harvard; Harvard University","Dana-Farber Cancer Institute; La Jolla Institute For Molecular Medicine; Boston University; KU Leuven; University of Birmingham; Boston Biomedical Research Institute; Merck & Co., Inc., Rahway, NJ, USA (United States); University of Washington; Barcelona Biomedical Research Park; McMaster University; The University of Texas Southwestern Medical Center; VA Palo Alto Health Care System; Max Planck Institute of Biochemistry; Maine Medical Center Research Institute; Tokushima Bunri University; Versiti Blood Center of Wisconsin; Medical College of Wisconsin; Tufts University; Massachusetts Eye and Ear Infirmary; Pediatrics and Genetics; University of Milano-Bicocca; Stanford University; Massachusetts General Hospital; Beth Israel Deaconess Medical Center; Women's Health Research Institute; Ashland (United States); Howard Hughes Medical Institute; Institute of Neuroimmunology of the Slovak Academy of Sciences; Moscow Research and Clinical Center for Neuropsychiatry; Boston Children's Hospital; Harvard University Press; MGH Institute of Health Professions; Max Planck Institute for Molecular Biomedicine; Massachusetts Institute of Technology; Roche (United States); Boston VA Research Institute; National Institutes of Health; National Institute of Diabetes and Digestive and Kidney Diseases; Harvard Affiliated Emergency Medicine Residency; MatTek Corporation (United States); Vlaams Instituut voor Biotechnologie; Ludwig Cancer Research; Dana-Farber/Boston Children's Cancer and Blood Disorders Center; University of Michigan; Ludwig-Maximilians-Universität München; Brigham and Women's Hospital; Immune Regulation (United Kingdom); University of Wisconsin–Madison; Maine Medical Center; California Institute for Biomedical Research; Tufts Medical Center; Kingston University; Center for Cancer Research",0000-0003-4231-2283,,
https://openalex.org/A5008017297,K. Shadman,https://openalex.org/I63966007,Massachusetts Institute of Technology,2004,2004,https://openalex.org/I63966007,2004,2004,Electron Optica (United States),Fusion Academy; KLA (United States); Plasma Technology (United States); Massachusetts Institute of Technology,0000-0002-1385-5548,,
https://openalex.org/A5024974658,Leila Pirhaji,https://openalex.org/I63966007,Massachusetts Institute of Technology,2016,2020,https://openalex.org/I63966007,2016,2020,,"Institute for Research in Fundamental Sciences; Academic Center for Education, Culture and Research; University of Tehran; Royan Institute; Massachusetts Institute of Technology; University of Science and Culture; Agricultural Biotechnology Research Institute of Iran",,,
https://openalex.org/A5039939747,Nikhil Lal,https://openalex.org/I63966007,Massachusetts Institute of Technology,2024,2024,https://openalex.org/I63966007,2024,2024,Massachusetts Institute of Technology; University of Oxford,University of Liverpool; Cambridge University Hospitals NHS Foundation Trust; Sheffield Teaching Hospitals NHS Foundation Trust; Addenbrooke's Hospital; John Radcliffe Hospital; Chelsea and Westminster Hospital NHS Foundation Trust; Oxford University Hospitals NHS Trust; Royal Berkshire NHS Foundation Trust; Imperial College London; Harvard University; Brigham and Women's Hospital,0000-0002-6889-3496,,
https://openalex.org/A5088367509,George Reichel,https://openalex.org/I63966007,Massachusetts Institute of Technology,1969,1969,https://openalex.org/I63966007,1969,1969,Massachusetts Institute of Technology,,,,
https://openalex.org/A5029027451,Robert A. Cox,https://openalex.org/I63966007,Massachusetts Institute of Technology,2010,2010,https://openalex.org/I63966007,2010,2010,University of North Carolina at Charlotte,San Antonio State Chest Hospital; National Institute for Health Research; Royal United Hospital; Morriston Hospital; Royal Cornwall Hospital; National Institute of Arthritis and Musculoskeletal and Skin Diseases; St Bartholomew's Hospital; Medical Research Council; Leighton Hospital; Harvard University; The University of Texas Medical Branch at Galveston; Peter MacCallum Cancer Centre; University Hospital of North Durham; Stanford University; Memorial Medical Center; Institut National de Recherche Forestière; LS Plant Breeding (United Kingdom); The Francis Crick Institute; Memorial University of Newfoundland; University School; Oak Ridge National Laboratory; University of Edinburgh; Royal Aeronautical Society; Massachusetts Institute of Technology; University of Nottingham; University of Birmingham; Northwick Park Hospital; National Institute for Medical Research; Case Western Reserve University; Shriners Hospitals for Children - Galveston; University of Cambridge; Weizmann Institute of Science,0000-0002-4854-4379,,
https://openalex.org/A5086959491,Alberto Suárez,https://openalex.org/I63966007,Massachusetts Institute of Technology,1991,2012,https://openalex.org/I63966007,1991,2012,Universidad Autónoma de Madrid,Stanford University; Universidad de León; Ministério da Agricultura; Dallas County; Université Libre de Bruxelles; Massachusetts Institute of Technology; Université Paris Nanterre; Laboratoire d'Informatique de Paris-Nord; Université Paris Cité,0000-0003-4534-0909,,
https://openalex.org/A5068008624,M. Farkhondeh,https://openalex.org/I63966007,Massachusetts Institute of Technology,1995,1995,https://openalex.org/I63966007,1995,1995,,Massachusetts Institute of Technology,,,
https://openalex.org/A5101855286,M R James,https://openalex.org/I63966007,Massachusetts Institute of Technology,1994,1994,https://openalex.org/I63966007,1994,1994,National Institute on Aging; National Institute of Neurological Disorders and Stroke; National Institutes of Health,Fondation Jean Dausset-CEPH; Roswell Park Comprehensive Cancer Center; Inserm; Center for Cancer Research; The Cancer Institute Hospital; National Center for Biotechnology Information; Philipps University of Marburg; QIMR Berghofer Medical Research Institute; Roosevelt Institute; Universitätskinderklinik; Massachusetts Institute of Technology; Washington University in St. Louis; University of Pittsburgh,0000-0002-2472-4957,,
https://openalex.org/A5110632923,Thomas Tancogne‐Dejean,https://openalex.org/I63966007,Massachusetts Institute of Technology,2015,2019,https://openalex.org/I63966007,2015,2019,Board of the Swiss Federal Institutes of Technology; ETH Zurich,Massachusetts Institute of Technology; École Polytechnique Fédérale de Lausanne; Centre National de la Recherche Scientifique; École Polytechnique; Impact Technology Development (United States),0000-0001-7160-7019,,
https://openalex.org/A5027781500,Trevor J. Hine,https://openalex.org/I63966007,Massachusetts Institute of Technology,1985,1992,https://openalex.org/I63966007,1985,1992,Griffith University,Menzies School of Health Research; Australian National University; Massachusetts Institute of Technology; McGill University,0000-0001-7507-7166,,
https://openalex.org/A5044903576,Allen J. Duplantier,https://openalex.org/I63966007,Massachusetts Institute of Technology,1989,1989,https://openalex.org/I63966007,1989,1989,United States Army Medical Research Institute of Infectious Diseases; United States Army; Cherokee Nation,University of New Orleans; IIT@MIT; Massachusetts Institute of Technology; Target (United States); George Mason University; Pfizer (United States),0000-0001-6524-9278,,
https://openalex.org/A5007193158,A. Dévényi,https://openalex.org/I63966007,Massachusetts Institute of Technology,1994,1994,https://openalex.org/I63966007,1994,1994,Romanian Academy,"Institut de Physique; Institute for Technical Physics and Materials Science; Institute of Physics and Technology; Czech Academy of Sciences, Institute of Physics; National Institute of Materials Physics; Institut de Physique et Chimie des Matériaux de Strasbourg; Academy of Romanian Scientists; Massachusetts Institute of Technology; Karlsruhe Institute of Technology; Material (Belgium)",,,
https://openalex.org/A5036690487,Judith C. Hutson,https://openalex.org/I63966007,Massachusetts Institute of Technology,1963,1963,https://openalex.org/I63966007,1963,1963,Massachusetts Institute of Technology,,,,
https://openalex.org/A5016828766,Vlad Bolkhovsky,https://openalex.org/I63966007,Massachusetts Institute of Technology,2018,2018,https://openalex.org/I63966007,2018,2018,MIT Lincoln Laboratory; Massachusetts Institute of Technology,,,,
https://openalex.org/A5033713402,Wonho Choe,https://openalex.org/I63966007,Massachusetts Institute of Technology,2006,2006,https://openalex.org/I63966007,2006,2006,Inha University Hospital; Korea Advanced Institute of Science and Technology,"University of Baltimore; University of California, Davis; Lawrence Livermore National Laboratory; Columbia University; Massachusetts Institute of Technology; Max Planck Institute for Plasma Physics; University of California, Irvine; University of California, San Diego; Nova Photonics (United States); Johns Hopkins University; General Atomics (United States); Hiroshima University; University of Rochester; Korea Institute of Fusion Energy; University of Illinois Urbana-Champaign; Goodwin College; Fusion (United States); Max Planck Society; Higashihiroshima Medical Center; Culham Centre for Fusion Energy; Princeton Plasma Physics Laboratory; University of Colorado Boulder; Fusion Academy; Oak Ridge National Laboratory; Princeton University; Kyung Hee University; University of Washington; University of California, Los Angeles; The Graduate University for Advanced Studies, SOKENDAI; National Institute for Fusion Science",0000-0002-8952-8252,,
https://openalex.org/A5010351048,Ewa Beldzik,https://openalex.org/I63966007,Massachusetts Institute of Technology,2025,2025,https://openalex.org/I63966007,2025,2025,Boston University; Massachusetts Institute of Technology,Jagiellonian University,0000-0002-5511-4131,,
https://openalex.org/A5061165395,Gen Nakamura,https://openalex.org/I63966007,Massachusetts Institute of Technology,1984,1984,https://openalex.org/I63966007,1984,1984,Hokkaido University,"Japan Society for the Promotion of Science; Massachusetts Institute of Technology; Keio University; Kiryu University; University of Washington; University of Warwick; Gunma University; Osaka Prefecture University; The University of Tokyo; Northwestern University; Shanghai University of Finance and Economics; Tokyo University of Science; Tokyo Metropolitan University; Osaka Medical and Pharmaceutical University; Niigata City General Hospital; National Institute of Technology, Matsue College; Okayama University of Science; Osaka University of Pharmaceutical Sciences; Niigata University Medical and Dental Hospital; Tennessee Technological University; Toronto Metropolitan University; Waseda University; Niigata University; Foundation for Research and Technology Hellas; Mathematical Institute of the Slovak Academy of Sciences; Josai University; Wichita State University; University of Tsukuba; Hiroshima University; Inha University",0000-0002-7911-8612,,
https://openalex.org/A5058984969,Christopher Rose,https://openalex.org/I63966007,Massachusetts Institute of Technology,1988,1988,https://openalex.org/I63966007,1988,1988,Norwegian Institute of Public Health,"Auburn University; University of Nottingham; University of Manchester; John Brown University; Providence College; Queensland University of Technology; Fluor (United States); Delft University of Technology; The Christie NHS Foundation Trust; Leidos (United States); Nokia (United States); Massachusetts Institute of Technology; University of Central Florida; AT&T (United States); Massachusetts Eye and Ear Infirmary; Brown University; University of Oxford; Rutgers, The State University of New Jersey; University College Dublin; Rutgers Sexual and Reproductive Health and Rights; American International Medical University; Missouri University of Science and Technology; Rütgers (Germany)",0000-0002-6123-7154,,
https://openalex.org/A5065584617,R. D. Haun,https://openalex.org/I63966007,Massachusetts Institute of Technology,1957,1957,https://openalex.org/I63966007,1957,1957,,Westinghouse Electric (United States); Massachusetts Institute of Technology,,,
https://openalex.org/A5061804197,W. W. Buechner,https://openalex.org/I63966007,Massachusetts Institute of Technology,1955,1971,https://openalex.org/I63966007,1955,1971,,Providence College; Rijksmuseum; Massachusetts Institute of Technology; Eastman Chemical Company (United States); Utrecht University,,,
https://openalex.org/A5009347024,R. B. Roy,https://openalex.org/I63966007,Massachusetts Institute of Technology,1973,1973,https://openalex.org/I63966007,1973,1973,Vellore Institute of Technology University,University of Michigan; Magadh University; Massachusetts Institute of Technology,,,
https://openalex.org/A5080553234,Charles R.G. Guttmann,https://openalex.org/I63966007,Massachusetts Institute of Technology,2008,2013,https://openalex.org/I63966007,2008,2013,Harvard University; Brigham and Women's Hospital,"Centre de Recherche en Acquisition et Traitement de l'Image pour la Santé; Amsterdam Neuroscience; Hebrew SeniorLife; University of Connecticut; UConn Health; Laboratoire Bordelais de Recherche en Informatique; Karolinska Institutet; Immune Tolerance Network; McGill University; Amsterdam UMC Location Vrije Universiteit Amsterdam; Institute for Community Living; Vita-Salute San Raffaele University; Institut de Neurosciences Cognitives et Intégratives d’Aquitaine; University at Buffalo, State University of New York; Johnson University; Brown University; Wellcome Centre for Integrative Neuroimaging; Hartford Financial Services (United States); Hartford Hospital; Douglas Mental Health University Institute; Johns Hopkins Medicine; Broad Institute; Vall d'Hebron Institut de Recerca; Neurology, Inc; Johns Hopkins University; National Research Council; Istituto di Ricovero e Cura a Carattere Scientifico San Raffaele; Albert Einstein College of Medicine; Massachusetts Institute of Technology; Cotton (United States); Universitätsklinikum des Saarlandes; Binghamton University; Imaging Center; Jacobs Institute; American Academy of Neurology; Inserm; Center for Neuroscience and Regenerative Medicine; Centre Hospitalier Universitaire de Bordeaux; King's College London; Center for Neuro-Oncology; Beth Israel Deaconess Medical Center; Amsterdam University Medical Centers; Yale University; Men's Health Boston; Nanjing Second Hospital; State University of New York; Harvard University Press; China Medical University; Massachusetts General Hospital; Neurocentre Magendie; Istituti di Ricovero e Cura a Carattere Scientifico; Novartis (Switzerland); Athinoula A. Martinos Center for Biomedical Imaging; University of Basel; Institute of Neurological Sciences; University College London; Université de Bordeaux; Repligen (United States); Johns Hopkins University Center for AIDS Research; Boston University; University of Oxford; Boston Children's Hospital; Lahey Hospital and Medical Center",0000-0002-7006-9762,,
https://openalex.org/A5070904473,Sivan Harel,https://openalex.org/I63966007,Massachusetts Institute of Technology,2004,2004,https://openalex.org/I63966007,2004,2004,Regeneron (United States),"Columbia University; American College of Allergy, Asthma and Immunology; Mental Health Association of Westchester County; Massachusetts Institute of Technology; University of Mississippi Medical Center; Columbia University Irving Medical Center; State Street (United States)",,,
https://openalex.org/A5021276997,Viren Jain,https://openalex.org/I63966007,Massachusetts Institute of Technology,2007,2013,https://openalex.org/I63966007,2007,2013,Google (United States),Heidelberg University; University of South Florida; Howard Hughes Medical Institute; Google (Switzerland); Helix (United States); Massachusetts Institute of Technology; Janelia Research Campus; Heidelberg University; Mountain View College,0000-0003-1488-3505,,
https://openalex.org/A5043671103,Kelvin O. Lim,https://openalex.org/I63966007,Massachusetts Institute of Technology,2015,2017,https://openalex.org/I63966007,2015,2017,University of Minnesota Medical Center; Taipei Medical University; Xiamen University Malaysia; University of Minnesota; Geriatric Research Education and Clinical Center; National University of Singapore; Twin Cities Orthopedics; Minneapolis VA Health Care System; University of Minnesota System,"McLean Hospital; Hospital for Sick Children; Long Island Jewish Medical Center; Johns Hopkins Medicine; Michigan State University; SLAC National Accelerator Laboratory; KU Leuven; Canadian Institute for Health Information; University of Hong Kong; Palo Alto University; Stanford Medicine; Albert Einstein College of Medicine; Menlo School; University of Southern California; Minnesota Veterans Medical Research and Education Foundation; Birmingham Children's Hospital; Harvard University; Methodist Hospital; SRI International; Institute of Behavioral Sciences; Massachusetts General Hospital; Universiti Sains Malaysia; Sorbonne Université; Office of Extramural Research; Grand Rapids Community College; Binus University; Alzheimer’s Disease Neuroimaging Initiative; New York University; Sherwood Forest Hospitals NHS Foundation Trust; University of Iowa; UCSF Benioff Children's Hospital; Asan Medical Center; Lung Institute; Landscape Research Group; Napa State Hospital; Brown University; Johnson Space Center; Institute on Aging; Helmholtz-Zentrum Berlin für Materialien und Energie; Johns Hopkins University; Hospital Pulau Pinang; Kowloon Hospital; Yonsei University; University of Hawaiʻi at Mānoa; National Institute on Drug Abuse; Palo Alto Veterans Institute for Research; Minneapolis VA Medical Center; Allen Institute for Brain Science; Indiana University School of Medicine; Nathan Kline Institute for Psychiatric Research; Illinois Institute of Technology; Medical University of South Carolina; Indiana University – Purdue University Indianapolis; Stanford Synchrotron Radiation Lightsource; Providence VA Medical Center; Pamela Youde Nethersole Eastern Hospital; VA Palo Alto Health Care System; Resonance Research (United States); Northwell Health; Seoul National University; University of Hawaii System; Emory University; University of Chicago; Queen Mary Hospital; Massachusetts Institute of Technology; United States Department of Veterans Affairs; Seoul St. Mary's Hospital; Washington University in St. Louis; Veterans Health Administration; Universität Ulm; Universiti of Malaysia Sabah; United Christian Hospital; National Renewable Energy Laboratory; National Institute on Aging; Hennepin County Medical Center; Massachusetts Eye and Ear Infirmary; Délégation Paris 5; Colorado Association of School Executives; National Institutes of Health; Inje University Seoul Paik Hospital; Pacific Health Research and Education Institute; Severance Hospital; Université Paris Cité; Republic Polytechnic; Zucker Hillside Hospital; University of California, Los Angeles; Delft University of Technology; Palo Alto Institute; University of New Mexico; Stanford University; Spectrum Health",0000-0002-2390-7268,,
https://openalex.org/A5108013074,J. R. Wilson,https://openalex.org/I63966007,Massachusetts Institute of Technology,1993,1993,https://openalex.org/I63966007,1993,1993,Kyoto University; King's College London; University of South Carolina,Institute of Particle Physics; Queen Mary University of London; Sandia National Laboratories California; National Centre for Nuclear Research; Princeton University; Lawrence Livermore National Laboratory; University of Alberta; Ospedale Infermi di Rimini; University of Wisconsin–Madison; Oak Ridge National Laboratory; Joint European Torus; Princeton Plasma Physics Laboratory; National Technical Information Service; Stanford University; Electronic Warfare Associates (United States); Massachusetts Institute of Technology,0000-0003-1412-092X,,
https://openalex.org/A5113974833,Thomas Conboy,https://openalex.org/I63966007,Massachusetts Institute of Technology,2006,2014,https://openalex.org/I63966007,2006,2014,,American Society of Mechanical Engineers; Colorado State University; Sandia National Laboratories; Sandia National Laboratories California; Creare (United States); Massachusetts Institute of Technology; National Technical Information Service; Office of Scientific and Technical Information; South Florida Water Management District,,,
https://openalex.org/A5042958782,Leo Celi,https://openalex.org/I63966007,Massachusetts Institute of Technology,2012,2012,https://openalex.org/I63966007,2012,2012,Massachusetts Institute of Technology; Harvard University; Beth Israel Deaconess Medical Center,University of Florida; Reckitt Benckiser (United States); Engineering Systems (United States); Columbus Oncology and Hematology Associates; Boston University; Hadassah Medical Center,,,
https://openalex.org/A5003694235,Lusann Yang,https://openalex.org/I63966007,Massachusetts Institute of Technology,2013,2014,https://openalex.org/I63966007,2013,2014,Google (United States),Massachusetts Institute of Technology,0000-0001-5071-2936,,
https://openalex.org/A5065083595,Elijah Karvelis,https://openalex.org/I63966007,Massachusetts Institute of Technology,2020,2020,https://openalex.org/I63966007,2020,2020,Massachusetts Institute of Technology,,,,
https://openalex.org/A5028708680,Dheeraj S. Roy,https://openalex.org/I63966007,Massachusetts Institute of Technology,2015,2022,https://openalex.org/I63966007,2015,2022,"Broad Institute; University at Buffalo, State University of New York",Massachusetts Institute of Technology; Harvard University; Drexel University,0000-0002-5218-1216,,
https://openalex.org/A5106316840,J. Panetta,https://openalex.org/I63966007,Massachusetts Institute of Technology,1995,1995,https://openalex.org/I63966007,1995,1995,Shandong University; California Institute of Technology; The University of Texas at Dallas,"George Mason University; Massachusetts Institute of Technology; Kavli Institute for Particle Astrophysics and Cosmology; The University of Texas at Austin; United States Naval Research Laboratory; Laboratoire d’Annecy de Physique des Particules; University of California, Berkeley; Lawrence Berkeley National Laboratory; University of California, Santa Cruz; Philadelphia University; Istituto Nazionale di Fisica Nucleare, Sezione di Pisa; The Ohio State University; Institute of High Energy Physics; Hiroshima University; Universidad Autónoma de Madrid; Fermi National Accelerator Laboratory; Stanford University; Universität Innsbruck; Université de Bordeaux; SLAC National Accelerator Laboratory; Liaoning University; University of Pennsylvania; Fraunhofer Chalmers Research Centre for Industrial Mathematics; Menlo School; AlbaNova",,,
https://openalex.org/A5019408714,Nicholas Sbalbi,https://openalex.org/I63966007,Massachusetts Institute of Technology,2025,2025,https://openalex.org/I63966007,2025,2025,Massachusetts Institute of Technology,University of Delaware; University of Massachusetts Amherst; Amherst College,0000-0001-9945-3955,,
https://openalex.org/A5103637663,Gene M. Brown,https://openalex.org/I63966007,Massachusetts Institute of Technology,1957,1985,https://openalex.org/I63966007,1957,1985,,American Institute of Physics; Arthur D. Little (United States); Oak Ridge National Laboratory; National Academy of Sciences; Harvard University; Cornell University; Massachusetts Institute of Technology; Pasadena City College; California Institute of Technology; Physical Sciences (United States),,,
https://openalex.org/A5110608389,S. Soled,https://openalex.org/I63966007,Massachusetts Institute of Technology,1996,1996,https://openalex.org/I63966007,1996,1996,,"Massachusetts Institute of Technology; IIT@MIT; University of California, Berkeley; Immunomedics (United States); ExxonMobil (Germany); Brown University; ExxonMobil (United States); Linde (United States)",,,
https://openalex.org/A5080555068,Jie Zhu,https://openalex.org/I63966007,Massachusetts Institute of Technology,2022,2025,https://openalex.org/I63966007,2022,2025,Massachusetts Institute of Technology,,0000-0002-9152-9326,,
https://openalex.org/A5093044711,Nihal Simha,https://openalex.org/I63966007,Massachusetts Institute of Technology,2023,2023,https://openalex.org/I63966007,2023,2023,,Massachusetts Institute of Technology,,,
https://openalex.org/A5082997975,Jimmy Lin,https://openalex.org/I63966007,Massachusetts Institute of Technology,2000,2004,https://openalex.org/I63966007,2000,2004,Freenome (United States); University of Waterloo,"Max Planck Institute for Informatics; Twitter (United States); University of British Columbia; Singapore University of Technology and Design; University of Kassel; Kaiser Permanente South San Francisco Medical Center; Vector Institute; Pennsylvania State University; Massachusetts Institute of Technology; Weatherford College; Salesforce (United States); Intel (United States); China University of Science and Technology; Research Institute for Advanced Computer Science; Microsoft (Canada); University of Washington; Chunghwa Telecom (Taiwan); Columbia University; National Center for Biotechnology Information; National Institutes of Health; University of Maryland, College Park; Centrum Wiskunde & Informatica; Leipzig University; Universidade Estadual de Campinas (UNICAMP); Tsinghua University; Microsoft (United States); University of Toronto",0000-0002-0661-7189,,
https://openalex.org/A5112147366,S Castells,https://openalex.org/I63966007,Massachusetts Institute of Technology,1970,1970,https://openalex.org/I63966007,1970,1970,,SUNY Downstate Health Sciences University; Children's Medical Center; New York University; State University of New York; Massachusetts Institute of Technology,,,
https://openalex.org/A5108570448,Alan C. Newell,https://openalex.org/I63966007,Massachusetts Institute of Technology,1967,1969,https://openalex.org/I63966007,1967,1969,,"University of Cambridge; Optical Sciences (United States); Applied Mathematics (United States); Arizona Science Center; Sorbonne Université; Rensselaer Polytechnic Institute; United States Air Force Office of Scientific Research; Defence Science and Technology Laboratory; University of Arizona; University of California, Los Angeles; Landau Institute for Theoretical Physics; University of Warwick; Institut Henri Poincaré; Imperial College London; Clarkson University; Clarkson College; Max Planck Institute for the Physics of Complex Systems; Massachusetts Institute of Technology; Chemnitz University of Technology; National Institute of Standards and Technology; University of Manchester; Observatoire de la Côte d’Azur; Planetary Science Institute; U.S. Air Force Materiel Command",,,
https://openalex.org/A5090995903,Melanie M. Hoehl,https://openalex.org/I63966007,Massachusetts Institute of Technology,2012,2015,https://openalex.org/I63966007,2012,2015,Vassar College; Massachusetts Institute of Technology,Robert Bosch (Germany); Harvard–MIT Division of Health Sciences and Technology; IIT@MIT; Robert Bosch (Taiwan),,,
https://openalex.org/A5064696280,C. D. Kavaloski,https://openalex.org/I63966007,Massachusetts Institute of Technology,1969,1969,https://openalex.org/I63966007,1969,1969,Massachusetts Institute of Technology; University of Massachusetts Lowell,University of Minnesota; University of Washington,,,
https://openalex.org/A5049339244,E. Hayward,https://openalex.org/I63966007,Massachusetts Institute of Technology,1981,1981,https://openalex.org/I63966007,1981,1981,Allergan (Ireland),Deaconess Hospital; Allergan (United Kingdom); Massachusetts Institute of Technology,,,
https://openalex.org/A5060426161,Yvonne R. Chan,https://openalex.org/I63966007,Massachusetts Institute of Technology,1996,1996,https://openalex.org/I63966007,1996,1996,University of Pittsburgh,Center for Cancer Research; Boston Children's Hospital; Massachusetts Institute of Technology; Harvard University; Howard Hughes Medical Institute; University of Pittsburgh Medical Center; Harvard–MIT Division of Health Sciences and Technology,,,
https://openalex.org/A5030278948,Christine J. Walley,https://openalex.org/I63966007,Massachusetts Institute of Technology,2002,2025,https://openalex.org/I63966007,2002,2025,Massachusetts Institute of Technology,New York University,0000-0001-6014-3167,,
https://openalex.org/A5077171266,P. J. Gilinson,https://openalex.org/I63966007,Massachusetts Institute of Technology,1963,1963,https://openalex.org/I63966007,1963,1963,Massachusetts Institute of Technology,,,,
https://openalex.org/A5003686226,Ian Goldin,https://openalex.org/I63966007,Massachusetts Institute of Technology,2000,2000,https://openalex.org/I63966007,2000,2000,University of Oxford,University College London; Institute of Applied Economic Research; International Finance Corporation; Age UK; European Bank for Reconstruction and Development; University of Amsterdam; Institute for New Economic Thinking; Massachusetts Institute of Technology; World Bank; Organisation de Coopération et de Développement Economiques; Institute for Applied Economic Research; University of St Andrews,,,
https://openalex.org/A5111710437,Robert Langer,https://openalex.org/I63966007,Massachusetts Institute of Technology,1987,2002,https://openalex.org/I63966007,1987,2002,Massachusetts Institute of Technology,Harvard University; Harvard–MIT Division of Health Sciences and Technology; Boston Children's Hospital; IIT@MIT,,,
https://openalex.org/A5024487053,Giulia Germinario,https://openalex.org/I63966007,Massachusetts Institute of Technology,1980,1983,https://openalex.org/I63966007,1980,1983,,"National Research Council; Massachusetts Institute of Technology; Institute for Technologies Applied to Cultural Heritage; University of Urbino; University of Bari Aldo Moro; Istituto Nazionale di Fisica Nucleare, Sezione di Bari; Brown University",0000-0002-1751-8696,,
https://openalex.org/A5111733671,A. Spielfiedel,https://openalex.org/I63966007,Massachusetts Institute of Technology,1980,1980,https://openalex.org/I63966007,1980,1980,Laboratoire d’Etudes du Rayonnement et de la Matière en Astrophysique et Atmosphères,Massachusetts Institute of Technology; Janssen (France); Observatoire de Paris; Institut de Recherche sur les Systèmes Atomiques et Moléculaires Complexes; Sorbonne Université; Centre Nantais de Sociologie; Laboratoire de Chimie Théorique; Centre National de la Recherche Scientifique; IIT@MIT; Université Paris Sciences et Lettres,,,
https://openalex.org/A5069469701,Chao Yin,https://openalex.org/I63966007,Massachusetts Institute of Technology,2021,2022,https://openalex.org/I63966007,2021,2022,University of Colorado Boulder; University of Colorado System,Peking University; Massachusetts Institute of Technology,0000-0003-3379-310X,,
https://openalex.org/A5074257711,Rolf G. Beutel,https://openalex.org/I63966007,Massachusetts Institute of Technology,2009,2009,https://openalex.org/I63966007,2009,2009,Senckenberg Research Institute and Natural History Museum Frankfurt/M; Schiller International University; Friedrich Schiller University Jena,Zoological Research Museum Alexander Koenig; École Normale Supérieure; Royal Entomological Society; École Polytechnique; University of Bonn; Museum and Institute of Zoology; Okinawa Institute of Science and Technology Graduate University; University of Manitoba; RWTH Aachen University; Institute for Biodiversity; Max Planck Institute for Chemical Ecology; Institute of Zoology of the Slovak Academy of Sciences; University of Tasmania; École Normale Supérieure d'Abidjan; Westfälische Hochschule; Museum für Naturkunde; John Wiley & Sons (United Kingdom); University of Wrocław; Massachusetts Institute of Technology; University of Tübingen,0000-0002-0433-7626,,
https://openalex.org/A5017834122,Matthias C. Hoffmann,https://openalex.org/I63966007,Massachusetts Institute of Technology,2007,2009,https://openalex.org/I63966007,2007,2009,SLAC National Accelerator Laboratory; National Renewable Energy Laboratory; Lawrence Berkeley National Laboratory; Colorado School of Mines; Linac Coherent Light Source,"Technical University of Munich; Carl von Ossietzky Universität Oldenburg; Klinikum Ludwigsburg; Helmholtz-Zentrum Berlin für Materialien und Energie; Deutsches Elektronen-Synchrotron DESY; GlobalFoundries (Germany); Max Planck Institute for the Structure and Dynamics of Matter; RWTH Aachen University; Ruhr University Bochum; University of California, Berkeley; Universität Hamburg; Andre Abrasive Articles (Poland); Technical University of Denmark; Technische Universität Berlin; Martin Luther University Halle-Wittenberg; Menlo School; Center for Free-Electron Laser Science; Swiss Light Source; Stanford University; Paul Scherrer Institute; University of Freiburg; Massachusetts Institute of Technology; University of Alberta; Coherent (United States)",0000-0002-3596-9853,,
https://openalex.org/A5002953341,James W. Walker,https://openalex.org/I63966007,Massachusetts Institute of Technology,1981,1983,https://openalex.org/I63966007,1981,1983,John Innes Centre,"Field Museum of Natural History; Alliant International University; Department of Agriculture, Fisheries and Forestry; Michigan Technological University; Natural History Museum; Orthopedic Specialty Hospital; University of Cambridge; University of Massachusetts Amherst; Walker (United States); John Wiley & Sons (United States); University of Missouri–Kansas City; Cisco Systems (United Kingdom); University of Lethbridge; Missouri Botanical Garden; Texas Tech University Health Sciences Center; University of Nebraska–Lincoln; Faculty of 1000 (United Kingdom); Indiana University; Arizona State University; Australian Government; Massachusetts Institute of Technology; Harvard University; New York Botanical Garden; Florida Department of Health; University of South Carolina; Texas Tech University; Howard Hughes Medical Institute; Eastern Association for the Surgery of Trauma; Muséum national d'Histoire naturelle; International University; California Institute of Technology; Duke University; Marine Biological Laboratory; Rijksmuseum; Royal Botanic Gardens, Kew; Brigham Young University",0000-0002-4289-6197,,
https://openalex.org/A5027161300,J. M. Retterer,https://openalex.org/I63966007,Massachusetts Institute of Technology,1989,1991,https://openalex.org/I63966007,1989,1991,Boston College,"University of California, Berkeley; United States Air Force Research Laboratory; Philips (Finland); Hanscom Air Force Base; Massachusetts Institute of Technology",0000-0002-3240-9308,,
https://openalex.org/A5028395899,Albin J. Gasiewski,https://openalex.org/I63966007,Massachusetts Institute of Technology,1989,1989,https://openalex.org/I63966007,1989,1989,University of Colorado Boulder,Ames Research Center; Norwegian University of Science and Technology; University of Colorado System; Singapore University of Technology and Design; Association for Women in Science; Applied Radar (United States); Office of Naval Research; Denver School of Nursing; University of Colorado Colorado Springs; NOAA Earth System Research Laboratory; National Oceanic and Atmospheric Administration; Environmental Technologies (United States); Georgia Institute of Technology; Massachusetts Institute of Technology; Goddard Space Flight Center,0000-0003-0815-4058,,
https://openalex.org/A5010321303,Hakimeh Ebrahimi-Nik,https://openalex.org/I63966007,Massachusetts Institute of Technology,2024,2024,https://openalex.org/I63966007,2024,2024,University of Connecticut,Center for Cancer Research; Massachusetts Institute of Technology; Somerville Hospital; U-M Rogel Cancer Center; Broad Institute; Ferdowsi University of Mashhad; UConn Health; Massachusetts General Hospital,0000-0002-8814-2358,,
https://openalex.org/A5108430203,M. Gutman,https://openalex.org/I63966007,Massachusetts Institute of Technology,1983,1983,https://openalex.org/I63966007,1983,1983,Ben-Gurion University of the Negev; Tel Aviv University,"Columbia University; University of Wisconsin–Madison; Russian Academy of Sciences; San Francisco VA Medical Center; Czech Academy of Sciences, Institute of Physics; University of California, San Francisco; University of California San Francisco Medical Center; University of California, Berkeley; Technion – Israel Institute of Technology; Durham University; University of Milan; Massachusetts Institute of Technology; The King's College; United States Department of Veterans Affairs",,,
https://openalex.org/A5109983246,Werner M. Kaiser,https://openalex.org/I63966007,Massachusetts Institute of Technology,1996,1996,https://openalex.org/I63966007,1996,1996,Leibniz Association,"Beijing Forestry University; United States Department of Agriculture; Czech Academy of Sciences, Institute of Botany; Advisory Board Company (United States); MRC Protein Phosphorylation and Ubiquitylation Unit; RELX Group (United Kingdom); Agricultural Research Service; Brazilian Agricultural Research Corporation; Parker Hannifin (Germany); Dornier Flugzeugwerke (Germany); New York Proton Center; University of Freiburg; University of Göttingen; Wageningen University & Research; Massachusetts Institute of Technology; University of Dundee; University of Würzburg; University of California, Berkeley; Instituto Tecnológico Superior de Irapuato; Communities In Schools of Orange County; Universidade de São Paulo; University of Helsinki; Ithaca College; North Carolina State University; Ludwig-Maximilians-Universität München; University of Duisburg-Essen; Poznań University of Technology; Lawrence Berkeley National Laboratory",,,
https://openalex.org/A5059413456,G. Shirane,https://openalex.org/I63966007,Massachusetts Institute of Technology,1976,2001,https://openalex.org/I63966007,1976,2001,Brookhaven National Laboratory,"Office of Basic Energy Sciences; Tohoku University; Stony Brook University; Advanced Science Research Center; Institute for Solid State Physics and Optics; Nagoya University; University of Maryland, College Park; Northeastern University; Pennsylvania State University; AT&T (United States); Technical University of Denmark; NTT (Japan); University of Puerto Rico-Mayaguez; RIKEN; Universidad Autónoma de Madrid; Fraunhofer Institute for Telecommunications, Heinrich Hertz Institute; Iowa State University; RIKEN BNL Research Center; University of Delaware; University of Edinburgh; The University of Tokyo; Brookhaven College; Université Paris-Sud; Université Paris Cité; The University of Osaka; University of Copenhagen; Princeton University; Oak Ridge National Laboratory; McMaster University; Ames National Laboratory; German Orient Foundation; Tokyo Institute of Technology; Centre National de la Recherche Scientifique; Massachusetts Institute of Technology; University of Chicago; Laboratoire de physique des Solides; State University of New York; Westinghouse Electric (United States); IIT@MIT",,,
https://openalex.org/A5005485061,Giacomo Nannicini,https://openalex.org/I63966007,Massachusetts Institute of Technology,2011,2011,https://openalex.org/I63966007,2011,2011,University of Southern California,Carnegie Mellon University; Singapore University of Technology and Design; IBM (United States); École Polytechnique; National University of Singapore; Laboratoire d'Informatique de l'École Polytechnique; Southern California University for Professional Studies; Massachusetts Institute of Technology; IBM Research - Thomas J. Watson Research Center,0000-0002-4936-1259,,
https://openalex.org/A5100395568,Bin Liu,https://openalex.org/I63966007,Massachusetts Institute of Technology,2021,2025,https://openalex.org/I63966007,2021,2025,Xiamen University; University of Massachusetts Amherst; Massachusetts Institute of Technology; Shaanxi Railway Institute,"Zhejiang University; Amherst College; UCSF Helen Diller Family Comprehensive Cancer Center; Hunan University; Ansys (United States); Shanghai Jiao Tong University; University of California, San Francisco; Shantou University; Chinese Academy of Agricultural Mechanization Sciences; Rutgers, The State University of New Jersey; Air Force Medical University; State Key Laboratory of Chemobiosensing and Chemometrics; Washington University in St. Louis; Shantou University Medical College; Jilin University",0000-0003-1736-9392,,
https://openalex.org/A5050783142,Gustavo Aguilar,https://openalex.org/I63966007,Massachusetts Institute of Technology,2024,2025,https://openalex.org/I63966007,2024,2025,Massachusetts Institute of Technology; University of Basel,Arcadis (Switzerland); Centro de Biología Molecular Severo Ochoa; University of Zurich; Hanyang University; New York University; Universidad Autónoma de Madrid,0000-0002-0524-9388,,
https://openalex.org/A5058411727,K A Hill,https://openalex.org/I63966007,Massachusetts Institute of Technology,1988,1989,https://openalex.org/I63966007,1988,1989,University of North Carolina at Chapel Hill,Illinois State University; The University of Texas Health Science Center at Houston; University of Notre Dame; Loma Linda University; Texas Biomedical Research Institute; Massachusetts Institute of Technology,0009-0000-6812-2360,,
https://openalex.org/A5088082179,T. Eldridge,https://openalex.org/I63966007,Massachusetts Institute of Technology,1982,1988,https://openalex.org/I63966007,1982,1988,,Fermi National Accelerator Laboratory; Moscow Institute of Thermal Technology; Massachusetts Institute of Technology,,,
https://openalex.org/A5049333121,Steven H. Zeisel,https://openalex.org/I63966007,Massachusetts Institute of Technology,1979,1981,https://openalex.org/I63966007,1979,1981,University of North Carolina at Chapel Hill,"Creative Commons; Boston Medical Center; University of New Orleans; Boston University; U.S. Army Research Institute of Environmental Medicine; New York University; Pediatrics and Genetics; Tufts Medical Center; Eckert & Ziegler (United States); MRC Unit the Gambia; University of Colorado Health; Yale University; University of North Carolina at Charlotte; Vanderbilt University; Sookmyung Women's University; Instituto Tecnológico de Cancún; Agricultural Research Service; RTI International; Trinity College Dublin; University of Nevada, Reno; David H. Murdock Research Institute; National Cancer Institute; Dana-Farber Brigham Cancer Center; University Medical Center; Harvard University; MRC Human Nutrition Research; Rho (United States); Rockefeller University; Vanderbilt University Medical Center; University Hospital Heidelberg; Anna Needs Neuroblastoma Answers; University of North Carolina Health Care; National Institutes of Health; Prevention Group; John A. Hartford Foundation; Tufts University; Oregon Health & Science University; American Society for Nutrition; McLean Hospital; Duke Medical Center; Case Western Reserve University; University of British Columbia; Massachusetts Institute of Technology; Indiana University School of Medicine; Princeton University; Cornell University; Children's Nutrition Research Center at Baylor College of Medicine; Federation of American Societies for Experimental Biology; UNC Lineberger Comprehensive Cancer Center; Engineering Service Center und Handel (Germany); National Cattlemen's Beef Association; Radboud University Medical Center; Brigham and Women's Hospital; Heidelberg University; Dana-Farber Cancer Institute; Jean Mayer Human Nutrition Research Center on Aging; Harvard University Press; Medical Research Council; Family Research Institute; Child and Family Research Institute; Radboud University Nijmegen; George Washington University; London School of Hygiene & Tropical Medicine; University of Washington",0000-0002-9282-161X,,
https://openalex.org/A5064062978,J. Orenstein,https://openalex.org/I63966007,Massachusetts Institute of Technology,1979,1986,https://openalex.org/I63966007,1979,1986,"University of California System; University of California, Berkeley; Material Sciences (United States); Lawrence Berkeley National Laboratory","Syracuse University; University of British Columbia; Pennsylvania State University; University of Houston; Alcatel Lucent (Germany); Max Planck Institute for Chemical Physics of Solids; AT&T (United States); Northwestern University; University of Tennessee at Knoxville; Mercer University; University of St Andrews; National Institute for Materials Science; Massachusetts Institute of Technology; Argonne National Laboratory; University of Cambridge; Nokia (United States); Palo Alto Research Center; Rutgers, The State University of New Jersey",0000-0003-3741-6707,,
https://openalex.org/A5038272632,Marissa Griffin,https://openalex.org/I63966007,Massachusetts Institute of Technology,2017,2023,https://openalex.org/I63966007,2017,2023,Massachusetts Institute of Technology,,,,
https://openalex.org/A5020075038,Cassandra Telenko,https://openalex.org/I63966007,Massachusetts Institute of Technology,2014,2014,https://openalex.org/I63966007,2014,2014,,The University of Texas at Austin; Massachusetts Institute of Technology; Singapore University of Technology and Design; Ford Motor Company (United States); Georgia Institute of Technology,0000-0001-6883-8203,,
https://openalex.org/A5037673735,Khashayar Rohanimanesh,https://openalex.org/I63966007,Massachusetts Institute of Technology,2007,2007,https://openalex.org/I63966007,2007,2007,,Massachusetts Institute of Technology; University of Massachusetts Amherst; Michigan State University; eBay (Ireland),,,
https://openalex.org/A5003702843,Albert Y. Hung,https://openalex.org/I63966007,Massachusetts Institute of Technology,2007,2012,https://openalex.org/I63966007,2007,2012,Massachusetts General Hospital; Mass General Brigham,Rush University; Paracelsus Elena Klinik Kassel; CHA University; Lynn University; Harvard University; GTx (United States); University of Cincinnati; MaineGeneral Medical Center; Harvard NeuroDiscovery Center; Howard Hughes Medical Institute; Sanofi (United States); University of Miami; Brigham and Women's Hospital; Ottawa Hospital; Woman's Hospital; University of Bergen; Michigan State University; Harvard University Press; Sun Yat-sen University; CHA Bundang Medical Center; Boston University; University of Southern California; Yale University; University of Rochester; University of Ottawa; Massachusetts Institute of Technology,0000-0003-3658-571X,,
https://openalex.org/A5073177505,Yuichiro Miyasaka,https://openalex.org/I63966007,Massachusetts Institute of Technology,1980,1980,https://openalex.org/I63966007,1980,1980,Massachusetts Institute of Technology,,,,
https://openalex.org/A5055512034,Clara Y. Zhu,https://openalex.org/I63966007,Massachusetts Institute of Technology,2025,2025,https://openalex.org/I63966007,2025,2025,University of Pennsylvania; Massachusetts Institute of Technology,Bryn Mawr College,,,
https://openalex.org/A5076868031,Whitney Lohmeyer,https://openalex.org/I63966007,Massachusetts Institute of Technology,2013,2018,https://openalex.org/I63966007,2013,2018,Franklin W. Olin College of Engineering,North Central State College; American Institute of Aeronautics and Astronautics; Moscow Institute of Thermal Technology; Massachusetts Institute of Technology; North Carolina State University,0000-0002-7036-4331,,
https://openalex.org/A5089517041,A. H.-J. Wang,https://openalex.org/I63966007,Massachusetts Institute of Technology,1988,1988,https://openalex.org/I63966007,1988,1988,,Massachusetts Institute of Technology,,,
https://openalex.org/A5112621911,Ma,https://openalex.org/I63966007,Massachusetts Institute of Technology,2003,2003,https://openalex.org/I63966007,2003,2003,,Tongji University; Chinese Academy of Sciences; Tianjin University; Shandong University; Massachusetts Institute of Technology,,,
https://openalex.org/A5073649212,Mostafa Omar El‐Bealy,https://openalex.org/I63966007,Massachusetts Institute of Technology,2013,2014,https://openalex.org/I63966007,2013,2014,Materials Processing (United States); Military Technical College; Clausthal University of Technology; KTH Royal Institute of Technology; Massachusetts Institute of Technology,University of Illinois Urbana-Champaign; Ain Shams University,,,
https://openalex.org/A5107828375,R. de Sangro,https://openalex.org/I63966007,Massachusetts Institute of Technology,1986,1986,https://openalex.org/I63966007,1986,1986,,"Université Paris-Sud; University of Cincinnati; University of Perugia; Laboratoire d’Annecy de Physique des Particules; Institut National de Physique Nucléaire et de Physique des Particules; University of Mississippi; Aomori University; Stanford University; University of Bari Aldo Moro; University of Colorado Boulder; Campbell Collaboration; Nagoya University; SLAC National Accelerator Laboratory; Adelphi University; Massachusetts Institute of Technology; Portal (Norway); Stanford Synchrotron Radiation Lightsource; Portál (Czechia); Istituto Nazionale di Fisica Nucleare, Laboratori Nazionali di Frascati; Istituto Nazionale di Fisica Nucleare, Sezione di Bari",,,
https://openalex.org/A5100724796,Soohyun Park,https://openalex.org/I63966007,Massachusetts Institute of Technology,2015,2015,https://openalex.org/I63966007,2015,2015,Gachon University; Sookmyung Women's University; Korea University,National Center for Genetic Engineering and Biotechnology; Chung-Ang University; Korea Institute of Ocean Science and Technology; Massachusetts Institute of Technology; Kookmin University; Tech University of Korea; University of Chicago; Hanyang University; Telkom University; Bioengineering Center; Pusan National University; Ulsan College; Saarland University; Samsung (South Korea); Asan Medical Center; Pukyong National University; Seoul National University; Korea Institute of Science and Technology; Korea Institute of Sport Science; Technische Universität Braunschweig; Handong Global University; Yonsei University; Dong-Eui University; University of Ulsan; Australia and New Zealand Banking Group; Kumoh National Institute of Technology; Hudson Institute; Korea University of Science and Technology; LG (South Korea); Korea Institute of Science & Technology Information; Gangneung–Wonju National University; John Wiley & Sons (United States); Hongik University,0000-0002-6556-9746,,
https://openalex.org/A5035221776,Michael A. Shogren‐Knaak,https://openalex.org/I63966007,Massachusetts Institute of Technology,1999,2000,https://openalex.org/I63966007,1999,2000,Iowa State University,"University of California, San Francisco; National Institutes of Health; University of California, Berkeley; California Institute of Technology; Massachusetts Institute of Technology; University of Manitoba; University of Massachusetts Chan Medical School; National Institute on Aging",,,
https://openalex.org/A5056457498,Henry Lieberman,https://openalex.org/I63966007,Massachusetts Institute of Technology,1984,1997,https://openalex.org/I63966007,1984,1997,Massachusetts Institute of Technology,Saarland University; Carnegie Mellon University; University of Lisbon; Universidade de São Paulo,,,
https://openalex.org/A5011145273,Q. Z. Li,https://openalex.org/I63966007,Massachusetts Institute of Technology,1982,1982,https://openalex.org/I63966007,1982,1982,Deutsches Elektronen-Synchrotron DESY; Massachusetts Institute of Technology,,,,
https://openalex.org/A5015555156,Maxime C. Cohen,https://openalex.org/I63966007,Massachusetts Institute of Technology,2015,2015,https://openalex.org/I63966007,2015,2015,McGill University,National Bureau of Economic Research; Hôpital Saint Joseph; Montreal General Hospital; Massachusetts Institute of Technology; Management Sciences (United States); The Stern Cardiovascular Foundation; Inro Consultants (Canada); Google (United States); New York University,0000-0002-2474-3875,,
https://openalex.org/A5041931751,Laura A. Zager,https://openalex.org/I63966007,Massachusetts Institute of Technology,2007,2008,https://openalex.org/I63966007,2007,2008,Massachusetts Institute of Technology,,,,
https://openalex.org/A5021559669,Thomas Hellman Morton,https://openalex.org/I63966007,Massachusetts Institute of Technology,1983,1983,https://openalex.org/I63966007,1983,1983,,"University of Amsterdam; Harvard University; Université Paris-Saclay; Braintree Community Hospital; University of Connecticut; University of Washington; École Polytechnique; University of California, Riverside; Seattle University; Stanford University; Brown University; Textile Research Institute; Brandeis University; Glenn Research Center; Centre National de la Recherche Scientifique; University of Worcester; Fred Hutch Cancer Center; Beaumont Hospital, Royal Oak; University of the Pacific; La Trobe University; King County Medical Examiner's Office; Niagara University; Université Paris-Sud; Sorbonne Université; Institute for Atomic and Molecular Physics; Massachusetts Institute of Technology; University of Canterbury",0000-0002-4122-4583,,
https://openalex.org/A5100382554,Bing Wang,https://openalex.org/I63966007,Massachusetts Institute of Technology,1994,1994,https://openalex.org/I63966007,1994,1994,"Institute of Forest Ecology, Environment and Protection; Hohai University; State Forestry and Grassland Administration; Chinese Academy of Forestry; Zhengzhou University; Civil Aviation Administration of China; Tianjin Geothermal Exploration, Development and Design Institute (China); Shanghai University",Nanyang Normal University; Hefei General Machinery Research Institute (China); China Land Surveying and Planning Institute; Affiliated Hospital of Chengde Medical College; Ottawa Hospital; Jinan University; State Grid Corporation of China (China); Anhui Jianzhu University; Northwestern University; Huzhou Vocational and Technical College; Taiyuan University of Science and Technology; Peking University; Clarkson University; Georgia Institute of Technology; Chongqing University of Posts and Telecommunications; Changchun Normal University; Peng Huanwu Center for Fundamental Theory; China Academy of Space Technology; Qingdao University; Manufacturing Institute; Chinese PLA General Hospital; Tsinghua University; Anhui University of Technology; Liaoning University of Traditional Chinese Medicine; Guizhou University; State Key Laboratory of Hydrology-Water Resources and Hydraulic Engineering; Peoples' Friendship University of Russia; MEI Research (United States); Beijing University of Posts and Telecommunications; Lanzhou University; Tobacco Research Institute; Portland State University; Shenyang University; Zhongyuan University of Technology; Dalian Ocean University; Jiangxi University of Finance and Economics; Huazhong University of Science and Technology; Sichuan Tourism University; Jingchu University of Technology; Massachusetts Institute of Technology; Nanjing University of Aeronautics and Astronautics; Southwest Jiaotong University; Beijing Institute of Technology; China University of Mining and Technology; Ocean University of China; Guangdong University of Technology; University of Ottawa; Northwest A&F University; Xidian University; Hong Kong Polytechnic University; Xinjiang New Energy Research Institute (China); Shenyang Agricultural University; Xinyang College of Agriculture and Forestry; China National Petroleum Corporation (China); Hunan University; University of Connecticut; University of Massachusetts Amherst; Yunnan University; Chinese Academy of Sciences; Suzhou Vocational Institute of Industrial Technology; Hainan University; Zhongshan Hospital; Shenyang Jianzhu University; Second Artillery General Hospital of Chinese People's Liberation Army; Northwest Normal University; Central South University; Institute of Geochemistry; North China Electric Power University; Beijing Language and Culture University; Virginia Tech; Cicatelli Associates; Qinghai University; Qingdao University of Technology; Beijing Fengtai Hospital,0000-0003-2858-176X,,
https://openalex.org/A5062331066,Alexander Karl Opitz,https://openalex.org/I63966007,Massachusetts Institute of Technology,2021,2021,https://openalex.org/I63966007,2021,2021,TU Wien; University of Minnesota; University of Applied Sciences Technikum Wien,Massachusetts Institute of Technology; Christian Doppler Laboratory for Thermoelectricity; Forschungszentrum Jülich; Interface (United States),0000-0002-2567-1885,,
https://openalex.org/A5009004118,L. Mikenina,https://openalex.org/I63966007,Massachusetts Institute of Technology,2000,2000,https://openalex.org/I63966007,2000,2000,Massachusetts Institute of Technology,RWTH Aachen University,,,
https://openalex.org/A5065075753,Vivian Zhong,https://openalex.org/I63966007,Massachusetts Institute of Technology,2021,2021,https://openalex.org/I63966007,2021,2021,Massachusetts Institute of Technology,,,,
https://openalex.org/A5036684590,Ying Diao,https://openalex.org/I63966007,Massachusetts Institute of Technology,2011,2012,https://openalex.org/I63966007,2011,2012,University of Illinois Urbana-Champaign,Urbana University; SLAC National Accelerator Laboratory; University of North Carolina at Chapel Hill; Novartis-MIT Center for Continuous Manufacturing; Stanford University; National University of Singapore; Donghua University; Stanford Medicine; Massachusetts Institute of Technology; Xiamen University; Stanford Synchrotron Radiation Lightsource; North University of China; University of Delaware; University of Kentucky,0000-0002-8984-0051,,
https://openalex.org/A5002263437,Sandhya Kalavacherla,https://openalex.org/I63966007,Massachusetts Institute of Technology,2021,2025,https://openalex.org/I63966007,2021,2025,"UC San Diego Health System; Université Bourgogne Franche-Comté; University of California, San Diego","Harvard University; Massachusetts Institute of Technology; American Academy of Otolaryngology — Head and Neck Surgery; University of California, San Francisco; Temple University",0000-0003-0485-9042,,
https://openalex.org/A5111897463,Louis Breger,https://openalex.org/I63966007,Massachusetts Institute of Technology,2003,2008,https://openalex.org/I63966007,2003,2008,Draper Laboratory,American Institute of Aeronautics and Astronautics; Massachusetts Institute of Technology; New York City College of Technology,,,
https://openalex.org/A5036712773,H. I. A. Nisbet,https://openalex.org/I63966007,Massachusetts Institute of Technology,1968,1968,https://openalex.org/I63966007,1968,1968,,Glasgow Royal Infirmary; University of Liverpool; Great Ormond Street Hospital; Hospital for Sick Children; Alder Hey Children's Hospital; University of Toronto; SickKids Foundation; University of Strathclyde; University of Manchester; Manchester University; University College London; Massachusetts Institute of Technology,,,
https://openalex.org/A5043335996,Emily M. Levesque,https://openalex.org/I63966007,Massachusetts Institute of Technology,2005,2007,https://openalex.org/I63966007,2005,2007,University of Washington,Lowell Observatory; Cerro Tololo Inter-American Observatory; University of Warwick; Université Bourgogne Franche-Comté; University of Hawaii System; Massachusetts Institute of Technology; University of North Carolina at Chapel Hill; University of Leicester; University of Baltimore; Research Experiences for Undergraduates; Université Laval; Space Telescope Science Institute; Johns Hopkins University; Kavli Institute for Particle Astrophysics and Cosmology; Center for Astrophysics Harvard & Smithsonian; Institute of Astronomy; Association of Universities for Research in Astronomy; U.S. National Science Foundation; University of Colorado Boulder; Smithsonian Astrophysical Observatory; Laboratory for Atmospheric and Space Physics; University of Hawaiʻi at Mānoa; Boston Medical Center,0000-0003-2184-1581,,
https://openalex.org/A5102905294,Chandra Sekhar Pedamallu,https://openalex.org/I63966007,Massachusetts Institute of Technology,2011,2018,https://openalex.org/I63966007,2011,2018,Excell Research (United States),Harvard University; Dana-Farber Cancer Institute; Broad Institute; Eli and Edythe Broad Foundation; New England Biolabs (United States); University of Siegen; Friedrich-Alexander-Universität Erlangen-Nürnberg; Brigham and Women's Hospital; University of Aveiro; Massachusetts Institute of Technology; Nanyang Technological University; Yeditepe University; Boston University; University of Szeged; University of North Carolina at Chapel Hill; Middle East Technical University,0000-0002-6704-058X,,
https://openalex.org/A5049459085,William J. Durch,https://openalex.org/I63966007,Massachusetts Institute of Technology,1985,1985,https://openalex.org/I63966007,1985,1985,,Center for Strategic and International Studies; Stimson Center; Harvard University; Massachusetts Institute of Technology; Stanford University; Georgetown University,,,
https://openalex.org/A5025935625,Jaume Ventura,https://openalex.org/I63966007,Massachusetts Institute of Technology,1974,2002,https://openalex.org/I63966007,1974,2002,Centre de Recerca en Economia Internacional; Universitat Pompeu Fabra; Barcelona School of Economics,World Bank; University of Wisconsin System; Stanford University; Universitat Ramon Llull; Centre for Economic Policy Research; National Bureau of Economic Research; Federal Reserve Bank of Chicago; SIL International; Center for Economic and Policy Research; University of Zurich; Centre d'Etudes Prospectives et d'Informations Internationales; Massachusetts Institute of Technology; IIT@MIT; Santa Clara University; International Paper (United States); European University Institute; Cal Poly Humboldt,0000-0001-5566-9615,,
https://openalex.org/A5089764627,Alexander Khaled Hayman,https://openalex.org/I63966007,Massachusetts Institute of Technology,2010,2010,https://openalex.org/I63966007,2010,2010,Massachusetts Institute of Technology,,,,
https://openalex.org/A5110094890,J. Gottwald,https://openalex.org/I63966007,Massachusetts Institute of Technology,1983,1984,https://openalex.org/I63966007,1983,1984,Bundeskriminalamt,Massachusetts Institute of Technology; University of Bayreuth; BMW (Germany); Max Planck Society; University of Fribourg; Max Planck Institute for Intelligent Systems; Max Planck Institute for Polymer Research; Technische Universität Dresden; Freie Universität Berlin; University of Nottingham,,,
https://openalex.org/A5006499960,Carl E. Allen,https://openalex.org/I63966007,Massachusetts Institute of Technology,1992,1992,https://openalex.org/I63966007,1992,1992,Children's Cancer Center; Texas Christian University; Baylor College of Medicine; Texas Children's Hospital,"Dana-Farber Cancer Institute; The Ohio State University; Nationwide Children's Hospital; Oakwood University; University of Southern California; Social Science Research Council; Children’s Institute; Boston Children's Hospital; ETH Zurich; American University; Center for Translational Molecular Medicine; Baylor University; Houston Methodist; American Political Science Association; University of California, Berkeley; King Edward VIII Hospital; St. Jude Children's Research Hospital; American Council of Learned Societies; Cornell University; Dan L Duncan Comprehensive Cancer Center; Pediatric Oncology Group; Methodist Hospital; University of California, Los Angeles; Lurie Children's Hospital; Allegheny Health Network; Methodist Hospital; Children's Hospital of Los Angeles; Massachusetts Institute of Technology",0000-0002-6625-739X,,
https://openalex.org/A5102776288,Barbara Barry,https://openalex.org/I63966007,Massachusetts Institute of Technology,2003,2003,https://openalex.org/I63966007,2003,2003,WinnMed; Mayo Clinic in Florida; Mayo Clinic in Arizona; Mayo Clinic,IIT@MIT; University of Minnesota System; Park Nicollet Clinic; Massachusetts Institute of Technology; Universidad del Noreste; MIT Lincoln Laboratory; Perceptive Innovations (United States); Center for Innovation; Northeastern University; Universitäts Frauenklinik; Universidad Braulio Carrillo; Human Media; Robert Morris University Illinois; Bundeswehrkrankenhaus,0000-0002-0755-6939,,
https://openalex.org/A5009618910,Polly L. Arnold,https://openalex.org/I63966007,Massachusetts Institute of Technology,1998,2000,https://openalex.org/I63966007,1998,2000,"University of Edinburgh; Lawrence Berkeley National Laboratory; NOAA Chemical Sciences Laboratory; University of California System; Berkeley College; University of California, Berkeley",University of Southampton; Massachusetts Institute of Technology; The King's College; University College London; Indiana University; Monash University; University of St Andrews; Sasol (United Kingdom); University of Wales; University of Michigan; Rigaku (United Kingdom); University of Sussex; Schott (Germany); University of Nottingham; Institute for Advanced Study; Technical University of Munich,0000-0001-6410-5838,,
https://openalex.org/A5109432666,Jennifer Nash,https://openalex.org/I63966007,Massachusetts Institute of Technology,1995,1999,https://openalex.org/I63966007,1995,1999,,Massachusetts Institute of Technology; Case Western Reserve University; John F. Kennedy University; Harvard University; Harvard University Press; Michigan United,,,
https://openalex.org/A5048801276,David Tang David Tang,https://openalex.org/I63966007,Massachusetts Institute of Technology,1995,1995,https://openalex.org/I63966007,1995,1995,Massachusetts Institute of Technology,,,,
https://openalex.org/A5074248062,Mauel Martinez-Sanchez,https://openalex.org/I63966007,Massachusetts Institute of Technology,2003,2004,https://openalex.org/I63966007,2003,2004,Massachusetts Institute of Technology,American Institute of Aeronautics and Astronautics,,,
https://openalex.org/A5019155974,Christopher P. Rhodes,https://openalex.org/I63966007,Massachusetts Institute of Technology,2005,2008,https://openalex.org/I63966007,2005,2008,Texas State University; Materials Science & Engineering,"University of California, Berkeley; University of Oklahoma; Petersfield Community Hospital; Glint Photonics (United States); Lawrence Berkeley National Laboratory; Howard Hughes Medical Institute; Lynntech (United States); Massachusetts Institute of Technology; United States Naval Academy; University of Nottingham; Naval Research Laboratory Chemistry Division; Texas Instruments (United States); Shell (United States); Universidad San Marcos; Swansea University; United States Naval Research Laboratory; Shell (Netherlands); Arizona State University",0000-0003-4886-9875,,
https://openalex.org/A5057080760,Connor Hart,https://openalex.org/I63966007,Massachusetts Institute of Technology,2020,2020,https://openalex.org/I63966007,2020,2020,"University of Maryland, College Park",University of North Carolina at Asheville; North Carolina State University; National Oceanic and Atmospheric Administration; Virginia State University; Center for Astrophysics Harvard & Smithsonian; Forest Products Laboratory; University of Havana; United States Department of Agriculture; Massachusetts Institute of Technology; Western University; Harvard University; NOAA National Centers for Environmental Information,0000-0001-7751-7663,,
https://openalex.org/A5013738849,Phillip B. Messersmith,https://openalex.org/I63966007,Massachusetts Institute of Technology,2013,2013,https://openalex.org/I63966007,2013,2013,"University of California, Berkeley; University of California System; Hearst (United States); Lawrence Berkeley National Laboratory",East China University of Science and Technology; University of Delaware; Oak Ridge National Laboratory; MSSCORPS (Taiwan); Technical University of Munich; Massachusetts Institute of Technology; Yahoo (United Kingdom); Case Western Reserve University; Berkeley College; The Japan Society of Applied Physics; University of Oxford; The University of Tokyo; University of Leeds; UNSW Sydney; GE Global Research (United States); Northwest University; United States Naval Research Laboratory; Pacific Northwest National Laboratory; Xerox (France); Hainan University; National Institute of Standards and Technology; Stanford University; Boston University; Dow Chemical (United States); Keystone College; Illinois Institute of Technology; Northwestern University; École Polytechnique Fédérale de Lausanne; Universidade Federal de São Carlos; Ministry of Education of the People's Republic of China; Fox Corporation (United States); University of Michigan; Huntington Hospital; Purdue University West Lafayette; University of Illinois Chicago; University of Cologne; ETH Zurich; Cornell University; Universität Hamburg; Naval Research Laboratory Center for Bio/Molecular Science and Engineering; The Ohio State University; Korea Advanced Institute of Science and Technology; Pennsylvania State University; University of Illinois Urbana-Champaign; Robert H. Lurie Comprehensive Cancer Center of Northwestern University; Imperial College London; University of Toronto; Japan Society,0000-0002-1197-333X,,
https://openalex.org/A5066951263,Vincent J. M. Salters,https://openalex.org/I63966007,Massachusetts Institute of Technology,1989,1991,https://openalex.org/I63966007,1989,1991,National High Magnetic Field Laboratory; Florida State University,Utrecht University; Columbia University; Lamont-Doherty Earth Observatory; Massachusetts Institute of Technology,0000-0002-5669-7869,,
https://openalex.org/A5045144929,Anne‐Ulrike Trendelenburg,https://openalex.org/I63966007,Massachusetts Institute of Technology,2014,2014,https://openalex.org/I63966007,2014,2014,Novartis (United States),University of Freiburg; Brigham and Women's Hospital; Massachusetts General Hospital; Harvard University; Boston Children's Hospital; University Medical Center Freiburg; Massachusetts Institute of Technology; Novartis Institutes for BioMedical Research; Boston Biomedical Research Institute; Genomics Institute of the Novartis Research Foundation; Novartis (Switzerland); Barrow Neurological Institute,,,
https://openalex.org/A5075986062,Alexandra E. Strom,https://openalex.org/I63966007,Massachusetts Institute of Technology,2019,2019,https://openalex.org/I63966007,2019,2019,Smith College,"Massachusetts Institute of Technology; University of California, Berkeley; Harvard University; California Institute of Technology",0000-0001-6869-0499,,
https://openalex.org/A5112195854,J. L. J. Rosenfeld,https://openalex.org/I63966007,Massachusetts Institute of Technology,1965,1965,https://openalex.org/I63966007,1965,1965,Université Libre de Bruxelles,University of Wisconsin System; Technical University of Denmark; Istituto Centrale per la Ricerca Scientifica e Tecnologica Applicata al Mare; Stockholm University; Massachusetts Institute of Technology; University of Cambridge; Brown University; Cardiff University; Shell (Netherlands); University of Wales; University of Manchester,,,
https://openalex.org/A5112449095,Alexander Olshevsky,https://openalex.org/I63966007,Massachusetts Institute of Technology,2005,2009,https://openalex.org/I63966007,2005,2009,Boston University,Massachusetts Institute of Technology; University of Illinois Urbana-Champaign; Georgia Institute of Technology,,,
https://openalex.org/A5055687056,Yocl Fink,https://openalex.org/I63966007,Massachusetts Institute of Technology,2004,2004,https://openalex.org/I63966007,2004,2004,Massachusetts Institute of Technology,,,,
https://openalex.org/A5006038880,Robert Nicol,https://openalex.org/I63966007,Massachusetts Institute of Technology,2016,2016,https://openalex.org/I63966007,2016,2016,Broad Institute; Lambton College,University of Guelph; NovoBiotic Pharmaceuticals; Harvard University Press; Case Western Reserve University; Western University; Jacobs (United States); Massachusetts Institute of Technology,0000-0003-1932-1392,,
https://openalex.org/A5023800106,Hans-Dieter Junker,https://openalex.org/I63966007,Massachusetts Institute of Technology,2001,2001,https://openalex.org/I63966007,2001,2001,Hochschule Aalen,RWTH Aachen University; Laboratoire de Biophotonique et Pharmacologie; Massachusetts Institute of Technology,,,
https://openalex.org/A5068333656,D. H. Lee,https://openalex.org/I63966007,Massachusetts Institute of Technology,1984,1984,https://openalex.org/I63966007,1984,1984,Massachusetts Institute of Technology,,,,
https://openalex.org/A5004666897,Tatsushi Isojima,https://openalex.org/I63966007,Massachusetts Institute of Technology,2008,2009,https://openalex.org/I63966007,2008,2009,Mitsubishi Chemical (Japan); Mitsubishi Chemical Group Science and Technology Research Center (Japan); Massachusetts Institute of Technology,Gunma University; Kiryu University,,,
https://openalex.org/A5039967363,Hamsa Balakrishnan,https://openalex.org/I63966007,Massachusetts Institute of Technology,2005,2025,https://openalex.org/I63966007,2005,2025,American Institute of Aeronautics and Astronautics; Massachusetts Institute of Technology; Sri Ramachandra Institute of Higher Education and Research,"University of California, Santa Cruz; Electronics and Telecommunications Research Institute; National Institute of Technology Tiruchirappalli; Cranfield University; Georgia Institute of Technology; Engineering Systems (United States); Stanford University; IBM Research - India; Ames Research Center",0000-0002-8624-7041,,
https://openalex.org/A5004947346,J. M. Liu,https://openalex.org/I63966007,Massachusetts Institute of Technology,1984,1984,https://openalex.org/I63966007,1984,1984,Massachusetts Institute of Technology,,,,
https://openalex.org/A5084440619,Zoltán Tóth,https://openalex.org/I63966007,Massachusetts Institute of Technology,2004,2004,https://openalex.org/I63966007,2004,2004,,"Nemzeti Szakképzési és Felnőttképzési Hivatal; IBM (Canada); Cooperative Institute for Climate and Satellites; Agricultural Biotechnology Institute; Obuda University; Somogy Megyei Kaposi Mór Oktató Kórház; Országos Gyógyintézeti Központ; University of Sopron; University of Miskolc; Tokushima University; NOAA Global Systems Laboratory; University of Colorado Boulder; Institute for Soil Sciences; University of Kaposvár; General Sciences (United States); Uzsoki Hospital; NOAA Environmental Modeling Center; National Oceanic and Atmospheric Administration; University of Debrecen; NOAA National Centers for Environmental Prediction; Science Applications International Corporation (United States); NOAA Earth System Research Laboratory; Massachusetts Institute of Technology; Eötvös Loránd University; Hungarian Meteorological Service; University of Maryland, College Park; Cooperative Institute for Research in Environmental Sciences; National Agricultural Research and Innovation Centre",0000-0002-9635-9194,,
https://openalex.org/A5100380419,Yan Li,https://openalex.org/I63966007,Massachusetts Institute of Technology,1997,2000,https://openalex.org/I63966007,1997,2000,Nanjing Foreign Language School; Guangdong Provincial People's Hospital; Guangdong Provincial Center for Disease Control and Prevention; Roswell Park Comprehensive Cancer Center; Hunan Provincial People's Hospital; Xijing Hospital; Guangdong Academy of Medical Sciences; Nanjing Medical University; Affiliated Hospital of Qingdao University; Jiangnan University; North Sichuan Medical University; Chengdu Medical College; Nanchong Central Hospital; Army Medical University; Sanya University; Chongqing Cancer Hospital; Capital Medical University; Shanghai Jiao Tong University; Hebei Provincial Center for Disease Control and Prevention; Longyan University; First Affiliated Hospital of Henan University; Tongji Hospital; Guangxi Normal University; Peking University People's Hospital; First Affiliated Hospital of Soochow University; Second Affiliated Hospital of Harbin Medical University; Southern Medical University; Wannan Medical College; Northwestern Polytechnical University; Wuhan Children's Hospital; Peking University; Shandong Center for Disease Control and Prevention; Shanxi Medical University; Soochow University; Second Hospital of Shanxi Medical University; University of Liverpool; Chongqing University; Beijing Tongren Hospital; Tianjin People's Hospital; Zhengzhou University; Shanghai Institute of Hypertension; Nanjing Agricultural University; China Institute of Veterinary Drug Control; Harbin Medical University; Xinqiao Hospital; Guizhou University; University of Chicago; Zhejiang A & F University; State Key Laboratory of Food Science and Technology; Guiyang Medical University; Chonnam National University Hospital; Ruijin Hospital; Jiangsu Province Hospital; Henan University; Huazhong University of Science and Technology; Vision Medicals (China); Nanjing Normal University; Henan Provincial People's Hospital; Chongqing Medical University; Shandong Agricultural University; Second Hospital of Anhui Medical University; The Affiliated Yongchuan Hospital of Chongqing Medical University; Macau University of Science and Technology; First Affiliated Hospital of Chengdu Medical College; Hebei Agricultural University; Air Force Medical University; Anhui Medical University,"BGI Group (China); Qingdao Agricultural University; State Key Laboratory of Oncology in South China; Guilin University of Technology; First Affiliated Hospital of Kunming Medical University; University of Jinan; Wadsworth Center; Guangzhou University; First Affiliated Hospital of Heilongjiang University of Chinese Medicine; Washington University in St. Louis; Sichuan University; Kunming Institute of Botany; Kunming Institute of Zoology; Colorado Permanente Medical Group; Wenzhou Medical University; University of Science and Technology of China; Nanjing Tech University; University of Miami; Anhui Science and Technology University; University of Electronic Science and Technology of China; Computer Emergency Response Team; Hudson Institute; Institute of Biophysics; University of Louisville Hospital; Peking University Third Hospital; Second Military Medical University; Chengdu Women's and Children's Central Hospital; The University of Texas Health Science Center at San Antonio; Medical University of South Carolina; State University of New York; Chinese Academy of Fishery Sciences; Daqing Oilfield General Hospital; Shenyang Agricultural University; Hospital 463 People's Liberation Army; Shaanxi Provincial People's Hospital; Fujian Medical University; State Key Laboratory of Biotherapy; New York University; Beijing Institute of Genomics; Beijing Normal University; Agency for Science, Technology and Research; Hong Kong Polytechnic University; Wesleyan University; China Rehabilitation Research Center; Engelhardt Institute of Molecular Biology; Chinese PLA General Hospital; Taiyuan Normal University; University of Duisburg-Essen; Sichuan Academy of Agricultural Sciences; Jinan City People's Hospital; National Natural Science Foundation of China; Peking University International Hospital; Yunnan University; Central South University; Southwest Minzu University; National Institutes of Health Clinical Center; New York State Department of Health; Obihiro University of Agriculture and Veterinary Medicine; ZheJiang Academy of Agricultural Sciences; Leipzig Heart Institute; Zhuhai People's Hospital; Tibet Autonomous Region People's Hospital; Dalian Municipal Central Hospital; Florida State University; Second Affiliated Hospital & Yuying Children's Hospital of Wenzhou Medical University; Nanjing University of Science and Technology; Zhuzhou Central Hospital; Xiyuan Hospital; Cleveland Clinic Lerner College of Medicine; Russian Academy of Sciences; Shandong Provincial QianFoShan Hospital; Xinxiang Medical University; Union Hospital; Zhujiang Hospital; Yantai University; Oak Ridge Associated Universities; Hubei University of Chinese Medicine; Institute of Microbiology; Johns Hopkins University; Rush University; Structural Genomics Consortium; Second Hospital of Hebei Medical University; Minneapolis VA Medical Center; First Affiliated Hospital of Xiamen University; CEA Paris-Saclay; Tianjin Medical University; First Affiliated Hospital of Zhengzhou University; Health Canada; Children's Hospital of Chongqing Medical University; University of Southampton; American Thoracic Society; Global Viral; Heilongjiang Center for Tuberculosis Control and Prevention; Canadian Science Centre for Human and Animal Health; University of North Carolina at Chapel Hill; CAS Key Laboratory of Urban Pollutant Conversion; Lanzhou University; University of California, Los Angeles; John Wiley & Sons (United States); Hubei University of Medicine; Center for Disease Control; First Affiliated Hospital of Xinxiang Medical University; Guangdong Pharmaceutical University; First Affiliated Hospital of Xi'an Jiaotong University; Massachusetts Institute of Technology; Qilu University of Technology; Zhongnan Hospital of Wuhan University; New York Institute of Technology; National Heart Lung and Blood Institute; Shanghai First People's Hospital; Jimei University; International Peace Maternity & Child Health Hospital; Sichuan Agricultural University; Institute for Basic Science; National Vaccine and Serum Institute; Central China Normal University; Guangzhou Chest Hospital; Dynamique du noyau; Changzhou University; Université Paris Cité; Nanjing University of Chinese Medicine; Northwest University; Ningbo University; Pennsylvania State University; Changzhou Institute of Technology; Sanhua Holding Group (China); Yan'an University; Yangpu Hospital of Tongji University; Shandong Tumor Hospital; Institut de Biologie et Technologies; Wuhan University; Wuhan Union Hospital; Albert Einstein College of Medicine; Guangzhou Regenerative Medicine and Health Guangdong Laboratory; Shandong Academy of Sciences; National Center for Immunization and Respiratory Diseases; Vancouver Coastal Health; Royal North Shore Hospital; National Institutes of Health; Affiliated Hospital of Shandong University of Traditional Chinese Medicine; State Key Laboratory of Oral Diseases; University of Minnesota System; University of Houston; Mount Sinai Hospital; Peking University First Hospital; Mianyang Central Hospital; West China Hospital of Sichuan University; Henan Agricultural University; PLA 306 Hospital; Ningxia Medical University General Hospital; Gansu Provincial Hospital of TCM; Beijing Center for Disease Prevention and Control; Chinese People's Armed Police Force; Taishan Medical University; Capital University; Ministry of Education of the People's Republic of China; Beijing Institute of Education; Northeast Forestry University; University of Hong Kong; China Medical University; Memorial Sloan Kettering Cancer Center; Qingdao Center of Resource Chemistry and New Materials; Hormel (United States); Nanjing University; Renji Hospital; First Hospital of Jilin University; Guangzhou Center for Disease Control and Prevention; Fourth Affiliated Hospital of China Medical University; Pfizer (United States); Jilin Agricultural University; Yangtze University; Ocean University of China; Changchun University of Chinese Medicine; Army Medical College; Shanghai Pudong New Area Gongli Hospital; Xinjiang Uygur Autonomous Region Product Quality Supervision and Inspection Institute; First Affiliated Hospital of Jinan University; Northeast Normal University; Wayne State University; Public Health Agency of Canada; Academia Sinica; Shantou University; Jinzhou Medical University; Xi'an Shiyou University; Van Andel Institute; Liaoning Normal University; Second Affiliated Hospital of Zhengzhou University; Sorbonne Paris Cité; China Agricultural University; Toronto General Hospital; Zhejiang University; Yeshiva University; Kunming University; Qihe People's Hospital; Affiliated Hospital of Jining Medical University; Shanghai Traditional Chinese Medicine Hospital; Children's Hospital of Suzhou University; Gansu University of Traditional Chinese Medicine; Hebei Medical University; Creighton University; BC Centre for Disease Control; University of Chinese Academy of Sciences; University of Minnesota; Chinese People's Liberation Army; Chinese Academy of Agricultural Sciences; Stony Brook University; Shihezi University; Centre National de la Recherche Scientifique; Chinese Academy of Sciences; Xinjiang Production and Construction Corps; Chengdu University of Information Technology; Tongliao Academy of Agricultural Sciences; Ontario Institute for Cancer Research; Guizhou Provincial People's Hospital; Sanford Burnham Prebys Medical Discovery Institute; Tsinghua University; Tongji University; Princess Margaret Cancer Centre; University of Hawaii Cancer Center; Guangdong Provincial Hospital of Traditional Chinese Medicine; Chongqing Public Health Medical Center; Sun Yat-sen University; Karolinska University Hospital; Huazhong Agricultural University; Provincial Laboratory of Public Health; Guangdong Academy of Agricultural Sciences; University of Lausanne; University of Victoria; University of Illinois Chicago; Changzhou Third People's Hospital; Shandong First Medical University; Jiangmen Central Hospital; Education Department of Heilongjiang Province; Fudan University; Lundbeck (United States); Kunming Medical University; Shanghai University of Traditional Chinese Medicine; The University of Sydney; Commissariat à l'Énergie Atomique et aux Énergies Alternatives; Jiangsu Provincial Center for Disease Control and Prevention; Centers for Disease Control and Prevention; Zhejiang Chinese Medical University; Peking University Cancer Hospital; Shanghai Ocean University; University of Toronto; Northwestern University; Qingdao Municipal Center for Disease Control and Prevention; Weatherford College; Heze Medical College; Peking Union Medical College Hospital; Jiangxi University of Science and Technology; Taizhou Second People's Hospital; University of Alberta; The First Affiliated Hospital, Sun Yat-sen University; Shenyang Pharmaceutical University; Mount Sinai Health System; University Health Care System; Shandong University of Traditional Chinese Medicine; Kim Il-sung University; Western University; Shanghai Institute of Measurement and Testing Technology; National Center for Nanoscience and Technology; First Affiliated Hospital of Wannan Medical College; Jinyintan Hospital; Kaiser Permanente; Guangxi Medical University; Southern University of Science and Technology; UNC Lineberger Comprehensive Cancer Center; Centre de Gestion Scientifique; Louisiana State University Health Sciences Center Shreveport; Bengbu Medical College; Jinan University; Shanghai Institutes for Biological Sciences; Ningxia Medical University; Aerospace Center Hospital; SUNY Downstate Health Sciences University; First Affiliated Hospital of Henan University of Science and Technology; Shandong University; Université Bourgogne Franche-Comté; Sichuan Academy of Medical Sciences & Sichuan Provincial People's Hospital; Xinjiang Institute of Ecology and Geography; Academy of Military Medical Sciences; National Institute for Viral Disease Control and Prevention; Czech Academy of Sciences, Institute of Biophysics; China-Japan Friendship Hospital; Nantong University; Dalian Institute of Chemical Physics; State Key Laboratory of Molecular Reaction Dynamics; Affiliated Zhongshan Hospital of Dalian University; Dalian University; Zunyi Medical University; Detection Limit (United States); Shanghai Advanced Research Institute; University of Michigan; Foundation for the National Institutes of Health; Hebei University; Beijing Tsinghua Chang Gung Hospital; Beijing Children’s Hospital; Hefei Institutes of Physical Science; Chinese Academy of Medical Sciences & Peking Union Medical College; Karolinska Institutet; University of Virginia; Dalian University of Technology; Discovery Institute; Third Xiangya Hospital; Second Affiliated Hospital of Fujian Medical University; BC Cancer Agency; Xuzhou Medical College; Beijing Shijitan Hospital; Center for Clinical Research (United States); First Affiliated Hospital of Harbin Medical University; State Key Laboratory of Microbial Technology; Affiliated Hospital of Southwest Medical University; Beijing Luhe Hospital Affiliated to Capital Medical University; Yangzhou University; Jinshan Hospital of Fudan University; Icahn School of Medicine at Mount Sinai; Shanghai Tenth People's Hospital; Anhui Agricultural University; University of Massachusetts Amherst; Nanyang Technological University; Saint Luke's Hospital; Pyongyang University of Science and Technology; University of Calgary; Segeberger Kliniken; Second Affiliated Hospital of Shantou University Medical College; Xian Center for Disease Control and Prevention; Dalian Ocean University; High Magnetic Field Laboratory; University of Wisconsin–Madison; Northwest A&F University; Zhejiang Ocean University; Experimental Drug Development Centre; Beijing Institute of Neurosurgery; First Hospital of China Medical University; Anhui University of Science and Technology; Oak Ridge Institute for Science and Education; Jiangsu Hengrui Medicine (China); University of Louisville; Institute of Basic Medical Sciences of the Chinese Academy of Medical Sciences; People's Hospital of Xinjiang Uygur Autonomous Region; Sorrento Therapeutics (United States); University of Manitoba; Universitätsmedizin Greifswald; Chongqing Three Gorges Central Hospital; Division of Cancer Epidemiology and Genetics; Délégation Paris 7; Yale University; Dalian Medical University; Jilin University; National Institute of Neurological Disorders and Stroke; Hubei University of Science and Technology; Affiliated Hospital of Nantong University; Interfaces Traitements Organisation et Dynamique des Systèmes; Second Affiliated Hospital of Nantong University; Tianjin Third Central Hospital; Suzhou Municipal Hospital; Montana State University; University of British Columbia; First Affiliated Hospital of Wenzhou Medical University; Sun Yat-sen University Cancer Center; Shaanxi Provincial People's Hospital; Tianjin Medical University Cancer Institute and Hospital; National University of Singapore; Case Western Reserve University; Heliophysics; Bristol-Myers Squibb (United States); Fondazione Ricerca Molinette; Logistics University of People's Armed Police Force; Institute of Ecology and Geography; Leibniz-Institut für Naturstoff-Forschung und Infektionsbiologie e. V. - Hans-Knöll-Institut (HKI); Guilin Medical University; Fourth Hospital of Hebei Medical University; Ministry of Agriculture and Rural Affairs; Ludong University; Beijing Anzhen Hospital; Shanghai Institute of Organic Chemistry; The University of Tokyo; Kansas State University; Ji Hua Laboratory; Beijing Friendship Hospital; Qingdao University; Renmin Hospital of Wuhan University; Lunenfeld-Tanenbaum Research Institute; Southwest Hospital; Harbin Veterinary Research Institute; Wuhan University of Science and Technology; First Affiliated Hospital of GuangXi Medical University; Hospital for Sick Children; Shenzhen University; Qilu Hospital of Shandong University",0000-0003-1963-839X,,
https://openalex.org/A5110936566,Martínez de Villarreal LE,https://openalex.org/I63966007,Massachusetts Institute of Technology,2025,2025,https://openalex.org/I63966007,2025,2025,Massachusetts Institute of Technology,Hospital Universitario Dr José Eleuterio Gonzalez; Max Planck Institute of Molecular Plant Physiology,,,
https://openalex.org/A5112008094,Tatsuo Kaiho,https://openalex.org/I63966007,Massachusetts Institute of Technology,1982,1982,https://openalex.org/I63966007,1982,1982,Chiba University,Mitsui (Japan); Massachusetts Institute of Technology; Mitsui Chemicals (Germany); Mitsui Chemicals (Japan); Tokyo Gas (Japan); Kanto Chemical (Japan),,,
https://openalex.org/A5005372787,Lilach Gilboa,https://openalex.org/I63966007,Massachusetts Institute of Technology,1998,1998,https://openalex.org/I63966007,1998,1998,Weizmann Institute of Science,"Howard Hughes Medical Institute; Tel Aviv University; University of California, San Francisco; Harvard University; Brigham and Women's Hospital; University Medical Center; Massachusetts Institute of Technology; New York University; Whitehead Institute for Biomedical Research",0000-0002-9699-8594,,
https://openalex.org/A5034690582,T. Sheridan,https://openalex.org/I63966007,Massachusetts Institute of Technology,1981,1981,https://openalex.org/I63966007,1981,1981,,Massachusetts Institute of Technology,,,
https://openalex.org/A5076275752,R. R. Bertrand,https://openalex.org/I63966007,Massachusetts Institute of Technology,1962,1962,https://openalex.org/I63966007,1962,1962,,Massachusetts Institute of Technology,,,
https://openalex.org/A5109125356,Margaret L. Bates,https://openalex.org/I63966007,Massachusetts Institute of Technology,1987,1987,https://openalex.org/I63966007,1987,1987,University of Miami,"Beth Israel Deaconess Hospital; Hampshire Constabulary; Jewish Hospital; Smith College; Dana-Farber Cancer Institute; Goddard College; Dana (United States); Harvard University; New College of Florida; Zoological Society of San Diego; Alex's Lemonade Stand Foundation; Jewish Hospital; University of South Florida; Washington University in St. Louis; University of Alberta; Norwich Research Park; Massachusetts Institute of Technology; Ministère de l'Agriculture, des Pêcheries et de l'Alimentation",,,
https://openalex.org/A5103155505,Ran Choi,https://openalex.org/I63966007,Massachusetts Institute of Technology,2025,2025,https://openalex.org/I63966007,2025,2025,Massachusetts Institute of Technology,Sungkyunkwan University; Konkuk University; Keio University; Hanshin University,0000-0003-4107-587X,,
https://openalex.org/A5068952803,Gail Letzter,https://openalex.org/I63966007,Massachusetts Institute of Technology,1997,1997,https://openalex.org/I63966007,1997,1997,National Security Agency,"Société Mathématique de France; University of North Carolina at Chapel Hill; United States Department of Defense; Whittier College; University of Chicago; University of California, San Diego; Rutgers Sexual and Reproductive Health and Rights; Harvard University; Wayne State University; Massachusetts Institute of Technology; University of Ottawa; Virginia Tech",0009-0007-7809-2776,,
https://openalex.org/A5051743081,Guillermo C. Bazan,https://openalex.org/I63966007,Massachusetts Institute of Technology,1992,1992,https://openalex.org/I63966007,1992,1992,"University of California, Santa Barbara; National University of Singapore; Institute of Polymers; Institute of Molecular Functional Materials; Nanyang Technological University","Lund University; Kent State University; University of Arizona; IIT@MIT; Sogang University; University of Wuppertal; Santa Barbara City College; Rutgers, The State University of New Jersey; King Abdulaziz University; Beijing National Laboratory for Molecular Sciences; Massachusetts Institute of Technology; Nova Research Company (United States); National Institute of Standards and Technology; Oak Ridge National Laboratory; University of Münster; Mount Holyoke College; Kansas State University; Material (Belgium); California Lutheran University; Carleton University; Laboratoire de Photonique Quantique et Moléculaire; Universidade Federal do Rio Grande do Sul; University of California System; Pontificia Universidad Católica de Chile; Xerox (Canada); Lawrence Berkeley National Laboratory; University of Rochester; South China University of Technology; Georgia Institute of Technology; École Normale Supérieure Paris-Saclay; Chung-Ang University; Université Bourgogne Franche-Comté; Veeco (United States); Wayne State University; University of Ottawa; University of Chile; University of California, Irvine; Chinese Academy of Sciences; Singapore Centre for Environmental Life Sciences Engineering; Universitat de Miguel Hernández d'Elx; Bergen Community College; Luna Innovations (United States); Antenor Orrego Private University; Combat Capabilities Development Command Soldier Center; Advanced Materials and Devices (United States); California Institute of Technology; University of California, Merced; Los Alamos National Laboratory; DEVCOM Army Research Laboratory; Centre National de la Recherche Scientifique; Hewlett-Packard (United States); Mitsubishi Chemical (Germany); The Ohio State University; Cleveland Clinic; Gwangju Institute of Science and Technology; Lawrence Livermore National Laboratory; Ajou University; Mitsubishi Chemical (Japan); Institute of Chemistry; University of California, Riverside; National Research Council Canada",0000-0002-2537-0310,,
https://openalex.org/A5067664341,Brian D. Fairchild,https://openalex.org/I63966007,Massachusetts Institute of Technology,1998,2001,https://openalex.org/I63966007,1998,2001,,Massachusetts Institute of Technology; North Carolina State University; Poultry Research Institute; University of Georgia; Piedmont Athens Regional; Center for Cancer Research,0000-0003-4664-7363,,
https://openalex.org/A5103457894,Takaaki Koga,https://openalex.org/I63966007,Massachusetts Institute of Technology,2000,2000,https://openalex.org/I63966007,2000,2000,Utsunomiya University,NTT (Japan); Tokyo Denki University; National Defense Academy of Japan; The University of Tokyo; Cheongju University; The Nakamura Hajime Eastern Institute; Kyoto Architecture University; Massachusetts Institute of Technology; Hokkaido University; Japan Science and Technology Agency; Kanto Gakuin University; Chiba University; Harvard University; NTT (United States); Saga University; Osaka Prefecture University; NTT Basic Research Laboratories,,,
https://openalex.org/A5061714805,G. O'Donoghue,https://openalex.org/I63966007,Massachusetts Institute of Technology,2002,2002,https://openalex.org/I63966007,2002,2002,Cardiff Metropolitan University,Analog Devices (United States); Massachusetts Institute of Technology; Bethlehem Area School District,,,
https://openalex.org/A5048148553,Daniel Vaulot,https://openalex.org/I63966007,Massachusetts Institute of Technology,1986,1987,https://openalex.org/I63966007,1986,1987,Station Biologique de Roscoff; Sorbonne Université; University of Oslo; Centre National de la Recherche Scientifique,"University of Antwerp; Nanyang Technological University; University of Hawaii System; Parsons (United States); Ecologie Microbienne Lyon; Alfred-Wegener-Institut Helmholtz-Zentrum für Polar- und Meeresforschung; University of Hawaiʻi at Mānoa; California Institute of Technology; Bedford Institute of Oceanography; Institut Català de Ciències del Clima; Université Paris Cité; Laboratoire de Biologie du Développement de Villefranche-sur-Mer; Marine Ecology Research Institute; Observatoire Océanologique de Banyuls-sur-Mer; Nanyang Institute of Technology; Institut de Ciències del Mar; Marie Curie; Massachusetts Institute of Technology; Texas A&M University; Institut Méditerranéen d’Océanologie; Université Laval; Adaptation et Diversité en Milieu Marin; University of Virginia; Chinese Academy of Sciences; University of California, Santa Barbara; New School; Laboratoire d’Océanographie de Villefranche; Association for the Sciences of Limnology and Oceanography; Laboratoire de Biotechnologie et Chimie Marines; Institut National des Sciences de l'Univers",0000-0002-0717-5685,,
https://openalex.org/A5068835941,Andrew T. Chan,https://openalex.org/I63966007,Massachusetts Institute of Technology,2016,2024,https://openalex.org/I63966007,2016,2024,"Boston University; University of Bern; Broad Institute; Brigham and Women's Hospital; Harvard University; University Hospital of Bern; Agency for Science, Technology and Research; Institute of Chemical and Engineering Sciences; Massachusetts General Hospital","St James's University Hospital; Michigan State University; Beth Israel Deaconess Medical Center; Tel Aviv University; American Cancer Society; Bayer (France); Sylvia Lawry Centre for Multiple Sclerosis Research; Mass General Brigham; University of Massachusetts Amherst; Boston Children's Hospital; University of Nottingham; VA Boston Healthcare System; Queen Elizabeth Hospital; Fred Hutch Cancer Center; Duke University; Massachusetts Institute of Technology; University of Hawaii System; University of Aberdeen; Dana-Farber Brigham Cancer Center; Community Hospital; Toronto Metropolitan University; Novartis (Germany); Rush University Medical Center; Newcastle University; University of Tokyo Hospital; University of Edinburgh; Tufts University; University of Washington; University of Guelph; Huntsman Cancer Institute; University of Iowa; University of Hawaiʻi at Mānoa; University of California System; Cancer Genetics (United States); Concord Consortium; Sanofi (France); National Institutes of Health; University Hospital of Wales; Zhejiang University; Duke Medical Center; Edwards (United Kingdom); Bristol-Myers Squibb (Germany); GlaxoSmithKline (United States); Lawson Foundation; Tel Aviv Sourasky Medical Center; Cancer Research Center; European Academy of Neurology; Novartis (China); Montefiore Medical Center; The Alfred Hospital; Tufts Medical Center; Heidelberg University; John Radcliffe Hospital; Merck (Germany); Indiana University – Purdue University Indianapolis; Japanese Foundation For Cancer Research; McGill University; Imperial College London; Cancer Institute (WIA); Brown University; Sookmyung Women's University; University of Utah; Global Cancer Institute; University of Auckland; Cancer Center of Hawaii; Dana-Farber/Harvard Cancer Center; Chinese Academy of Medical Sciences & Peking Union Medical College; University of Tasmania; Medical University of South Carolina; Chugai Pharma (United States); German Cancer Research Center; Moffitt Cancer Center; Woman's Hospital; The University of Texas MD Anderson Cancer Center; National Cancer Centre Singapore; Bayer (United States); Caelum Research Corporation (United States); Ruhr University Bochum; Lemuel Shattuck Hospital; Children's Hospital; Duke University Hospital; Cardiff University; Monash University; Boehringer Ingelheim (Australia); University of Liverpool; Liverpool Heart and Chest Hospital; Five Prime Therapeutics (United States); Heinrich Heine University Düsseldorf; St. Josef-Hospital; Harvard University Press; Institute of Molecular Medicine; University of Hawaii Cancer Center; University of Warwick; Christian Health Association of Nigeria; The University of Sydney; Mentor; Washington University in St. Louis; Weatherford College; City University of Hong Kong; Kaiser Permanente Washington Health Research Institute; Jewish General Hospital; University of North Carolina at Chapel Hill; AstraZeneca (Brazil); Lyell McEwin Hospital; Plant & Food Research; Düsseldorf University Hospital; Memorial Sloan Kettering Cancer Center; Kagoshima University; Fukushima Medical University; Harvard Stem Cell Institute; University of Bath; Dana-Farber Cancer Institute; American Society for Gastrointestinal Endoscopy; The University of Tokyo; National Cancer Institute; University of South Carolina; Pfizer (United Kingdom); University of Maryland, Baltimore",0000-0001-7284-6767,,
https://openalex.org/A5005386457,Subramanian Sundaram,https://openalex.org/I63966007,Massachusetts Institute of Technology,2017,2019,https://openalex.org/I63966007,2017,2019,Boston University,"Birla Institute of Technology and Science, Pilani; Polytechnic University of Puerto Rico; Sree Balaji Dental College and Hospital; Massachusetts Institute of Technology; Max Planck Institute for Solid State Research; Florida International University; Harvard University; École Polytechnique Fédérale de Lausanne; University of Mumbai",0000-0002-8456-916X,,
https://openalex.org/A5111884203,Sudhendu Rai,https://openalex.org/I63966007,Massachusetts Institute of Technology,1991,2002,https://openalex.org/I63966007,1991,2002,Palo Alto Research Center,Xerox (United States); Fox Corporation (United States); Xerox (France); Massachusetts Institute of Technology,,,
https://openalex.org/A5081169841,Carma D. Forgie,https://openalex.org/I63966007,Massachusetts Institute of Technology,1958,1963,https://openalex.org/I63966007,1958,1963,Massachusetts Institute of Technology; MIT Lincoln Laboratory,,,,
https://openalex.org/A5028404052,Eli Arbel,https://openalex.org/I63966007,Massachusetts Institute of Technology,1977,1977,https://openalex.org/I63966007,1977,1977,Massachusetts Institute of Technology,,,,
https://openalex.org/A5101936934,Benjamin D. Wright,https://openalex.org/I63966007,Massachusetts Institute of Technology,2023,2023,https://openalex.org/I63966007,2023,2023,"East London NHS Foundation Trust; Universidade Nova de Lisboa; Queen Mary University of London; City, University of London","North Middlesex University Hospital NHS Trust; University College London; Bellevue Hospital Center; University at Buffalo, State University of New York; Edward Hines, Jr. VA Hospital; University of Bristol; Lexington VA Health Care System; Cornell University; The University of Melbourne; Education University of Hong Kong; Albert B. Chandler Hospital; University of Wisconsin–Madison; Massachusetts Institute of Technology; Technical University of Munich; Chicago Board of Education; United States Naval Research Laboratory; University of Washington; Buffalo State University; Mayo Clinic Hospital; University of Chicago; University of Kentucky; National Heart Lung and Blood Institute; University of Michigan; Baylor College of Medicine",0000-0003-0551-3473,,
https://openalex.org/A5039651221,Gha Young Lee,https://openalex.org/I63966007,Massachusetts Institute of Technology,2025,2025,https://openalex.org/I63966007,2025,2025,Brigham and Women's Hospital; Harvard University; Massachusetts Institute of Technology,"Yonsei University; Lemuel Shattuck Hospital; National Institutes of Health; Naval Research Laboratory Information Technology Division; Seoul National University Bundang Hospital; Seoul National University; Framingham Heart Study; National Heart Lung and Blood Institute; University of California, San Diego",0000-0003-1555-2249,,
https://openalex.org/A5061285966,G. W. Peck,https://openalex.org/I63966007,Massachusetts Institute of Technology,1979,1992,https://openalex.org/I63966007,1979,1992,Massachusetts Institute of Technology,,,,
https://openalex.org/A5016985366,Matilde Kamiya,https://openalex.org/I63966007,Massachusetts Institute of Technology,1998,1998,https://openalex.org/I63966007,1998,1998,Massachusetts Institute of Technology,,,,
https://openalex.org/A5103508949,Israel M. Gelfand,https://openalex.org/I63966007,Massachusetts Institute of Technology,1992,1992,https://openalex.org/I63966007,1992,1992,Brunswick (United States),"LIP6; Laboratoire d'Informatique Gaspard-Monge; Russian Academy of Sciences; Lomonosov Moscow State University; Massachusetts Institute of Technology; Institut des Hautes Études Scientifiques; Brooklyn College; Institute for Information Transmission Problems; Institute of Applied Mathematics; Laboratoire d'Informatique Algorithmique: Fondements et Applications; Université Paris Cité; MRC Laboratory of Molecular Biology; Rutgers, The State University of New Jersey; Institute of Protein Research; Rutgers Sexual and Reproductive Health and Rights; Rütgers (Germany); Geophysical Center; University of Patras; University of Cambridge",,,
https://openalex.org/A5027960459,Yining Ji,https://openalex.org/I63966007,Massachusetts Institute of Technology,2011,2011,https://openalex.org/I63966007,2011,2011,"Merck & Co., Inc., Rahway, NJ, USA (United States)",Merck Institute for Science Education; Massachusetts Institute of Technology; Jilin University; Scripps Research Institute; Institute for Research in Biomedicine; Universidad de Málaga; Universitat de Barcelona; University of Groningen,0000-0002-9650-6844,,
https://openalex.org/A5059408671,J. Hartwell Harrison,https://openalex.org/I63966007,Massachusetts Institute of Technology,1968,1968,https://openalex.org/I63966007,1968,1968,University of Virginia,"University of Massachusetts Boston; University of Maryland, Baltimore; Massachusetts General Hospital; King's College Hospital; Carney Hospital; Harvard University; British Association of Urological Surgeons; Aneurin Bevan University Health Board; Brigham and Women's Hospital; Erasmus University Rotterdam; Harper University Hospital; Wayne State University; Wilfrid Laurier University; Mayo Clinic; University of Nottingham; National Institutes of Health; Tulane University; Washington University in St. Louis; Intel (United States); Massachusetts Institute of Technology; Mercy Hospital; Sunnybrook Health Science Centre; Medical University of South Carolina; Albany Medical Center Hospital; University of Toronto; Royal Gwent Hospital; Yale University; GTx (United States); Mercy Medical Center; Cooper Green Mercy Hospital",0000-0002-6577-4168,,
https://openalex.org/A5040167287,Lyssa M. Freese,https://openalex.org/I63966007,Massachusetts Institute of Technology,2021,2025,https://openalex.org/I63966007,2021,2025,"Carnegie Institution for Science; University of California, Irvine",American Geophysical Union; Massachusetts Institute of Technology; Planetary Science Institute; Brown University,0000-0003-0944-2182,,
https://openalex.org/A5048606925,Ashton Hattori,https://openalex.org/I63966007,Massachusetts Institute of Technology,2022,2024,https://openalex.org/I63966007,2022,2024,,Georgia Institute of Technology; Georgia Tech Research Institute; Massachusetts Institute of Technology,,,
https://openalex.org/A5020724152,B. S. Freer,https://openalex.org/I63966007,Massachusetts Institute of Technology,1989,1990,https://openalex.org/I63966007,1989,1990,,Massachusetts Institute of Technology; Eaton (United States); Alcatel Lucent (Germany); AT&T (United States),,,
https://openalex.org/A5061820044,Steve Mullaney,https://openalex.org/I63966007,Massachusetts Institute of Technology,1991,1991,https://openalex.org/I63966007,1991,1991,Whitehead Institute for Biomedical Research; Tufts University; Harvard University; Dana-Farber Cancer Institute; Rega Institute for Medical Research; Massachusetts Institute of Technology; KU Leuven,,,,
https://openalex.org/A5051763023,S. Tuekle,https://openalex.org/I63966007,Massachusetts Institute of Technology,1999,1999,https://openalex.org/I63966007,1999,1999,Massachusetts Institute of Technology,,,,
https://openalex.org/A5070987305,Akshay Agarwal,https://openalex.org/I63966007,Massachusetts Institute of Technology,2018,2018,https://openalex.org/I63966007,2018,2018,Boston University; Veer Narmad South Gujarat University,Vassar College; Indian Institute of Technology Bombay; Bhabha Atomic Research Centre; Massachusetts Institute of Technology; Hewlett-Packard (United States),0000-0002-5944-3346,,
https://openalex.org/A5010317907,Tony Hyun Kim,https://openalex.org/I63966007,Massachusetts Institute of Technology,2010,2010,https://openalex.org/I63966007,2010,2010,Stanford University,Massachusetts Institute of Technology; Howard Hughes Medical Institute; Clark University,0000-0002-4311-8258,,
https://openalex.org/A5073553971,Hwajoo Joo,https://openalex.org/I63966007,Massachusetts Institute of Technology,2025,2025,https://openalex.org/I63966007,2025,2025,Seoul National University; Massachusetts Institute of Technology,Government of the Republic of Korea; Seoul Institute,0000-0002-9690-5589,,
https://openalex.org/A5011478714,Hilary Richardson,https://openalex.org/I63966007,Massachusetts Institute of Technology,1957,2025,https://openalex.org/I63966007,1957,2025,Massachusetts Institute of Technology; University of Edinburgh,University of Liverpool; Institute of Cognitive and Brain Sciences; McGovern Institute for Brain Research; Center for Rheumatology; Office of Energy Efficiency and Renewable Energy; Boston Children's Hospital; Moscow Institute of Thermal Technology; Harvard University; The University of Melbourne; Vassar College; Purdue University West Lafayette; The University of Sydney,0000-0003-3444-805X,,
https://openalex.org/A5057960297,Yuko Yoshinaga,https://openalex.org/I63966007,Massachusetts Institute of Technology,2009,2009,https://openalex.org/I63966007,2009,2009,Joint Genome Institute; Lawrence Berkeley National Laboratory,University of Arizona; Mahidol University; Siriraj Hospital; Providence College; Oita University of Nursing and Health Sciences; Hokkaido University; Massachusetts Institute of Technology; Monash University; John Radcliffe Hospital; Massachusetts General Hospital; Kyushu University; Fukuoka University; Rhode Island Hospital; United States Department of Energy; Broad Institute; University of Massachusetts Chan Medical School; KBase; Medical Research Council,0000-0002-4978-9394,,
https://openalex.org/A5003773064,S.M. Haas,https://openalex.org/I63966007,Massachusetts Institute of Technology,2003,2003,https://openalex.org/I63966007,2003,2003,Decision Systems (United States); Massachusetts Institute of Technology,,,,
https://openalex.org/A5065039236,G. N. Epstein,https://openalex.org/I63966007,Massachusetts Institute of Technology,1979,1980,https://openalex.org/I63966007,1979,1980,,University of Pittsburgh; Defense Systems (United States); National Superconducting Cyclotron Laboratory; Massachusetts Institute of Technology; The University of Sydney; Michigan State University; The University of Melbourne; University of Oxford,,,
https://openalex.org/A5098056850,Lubarsky,https://openalex.org/I63966007,Massachusetts Institute of Technology,2010,2010,https://openalex.org/I63966007,2010,2010,Florida Atlantic University; Massachusetts Institute of Technology,,,,
https://openalex.org/A5108479590,B.-W. Kim,https://openalex.org/I63966007,Massachusetts Institute of Technology,1994,1994,https://openalex.org/I63966007,1994,1994,Konkuk University,Inserm; Universitätskinderklinik; University of Pittsburgh; The Cancer Institute Hospital; Roswell Park Comprehensive Cancer Center; Center for Cancer Research; Philipps University of Marburg; Roosevelt Institute; Washington University in St. Louis; Massachusetts Institute of Technology; Fondation Jean Dausset-CEPH,,,
https://openalex.org/A5031274978,Ali Beyzavi,https://openalex.org/I63966007,Massachusetts Institute of Technology,2018,2018,https://openalex.org/I63966007,2018,2018,Boston University,Massachusetts Institute of Technology; Nanyang Technological University,,,
https://openalex.org/A5004722743,Mingxu Xu,https://openalex.org/I63966007,Massachusetts Institute of Technology,2005,2005,https://openalex.org/I63966007,2005,2005,Jilin University; First Affiliated Hospital of Xi'an Jiaotong University; Nanjing University,"The University of Osaka; Massachusetts Institute of Technology; Peking University; Anticancer Fund; Nanjing Agricultural University; Shanghai Academy of Social Sciences; Sichuan Agricultural University; Jilin Medical University; Kanazawa University; University of California, San Diego; AC Diagnostics (United States); AntiCancer (United States); O.N. Diagnostics (United States)",,,
https://openalex.org/A5107414433,Heiko Engel,https://openalex.org/I63966007,Massachusetts Institute of Technology,1962,1962,https://openalex.org/I63966007,1962,1962,Rockwell Automation (Germany),Goethe University Frankfurt; Kirchhoff (Germany); Korea Institute of Science & Technology Information; A. Alikhanyan National Laboratory; Heidelberg University; Massachusetts Institute of Technology; Institute for Physics,,,
https://openalex.org/A5067334549,Michinori Suginome,https://openalex.org/I63966007,Massachusetts Institute of Technology,2000,2000,https://openalex.org/I63966007,2000,2000,Kyoto Katsura Hospital; State Key Laboratory of Synthetic Chemistry; Kyoto University,Graduate School USA; Kyoto Pharmaceutical University; Center for Responsible Travel; Massachusetts Institute of Technology; Japan Science and Technology Agency; Centre for Research in Engineering Surface Technology; Centre de Recherche en Économie et Statistique,0000-0003-3023-2219,,
https://openalex.org/A5035273796,A. N. Dravid,https://openalex.org/I63966007,Massachusetts Institute of Technology,1971,1971,https://openalex.org/I63966007,1971,1971,Massachusetts Institute of Technology,,,,
https://openalex.org/A5035358062,Robert A. Hegele,https://openalex.org/I63966007,Massachusetts Institute of Technology,2011,2011,https://openalex.org/I63966007,2011,2011,Western University; Western University; St Joseph's Health Care; Robarts Clinical Trials; Canadian Cardiovascular Society; Lawson Health Research Institute,"University of Iowa; College Station Medical Center; University of Utah; New York Proton Center; University of British Columbia; Dupont Hospital; Center for Vascular Biology Research; Sorbonne Université; Beth Israel Deaconess Medical Center; Ludwig-Maximilians-Universität München; McGill University Health Centre; University of Turin; Jacksonville College; Manitoba Health; Washington University in St. Louis; Sanofi (France); Roche (Switzerland); Population Health Research Institute; Center for Systems Biology; Oregon National Primate Research Center; University of Alberta; New York University; Manchester University; Ottawa Heart Institute; The Open Group; University of Manitoba; Western University of Health Sciences; University of Kentucky; University of Massachusetts Chan Medical School; Broad Institute; Finnish Institute for Health and Welfare; Mylan (South Africa); Centre for Addiction and Mental Health; Blackburn College; Diabetes Canada; Novartis (Switzerland); Houston Institute for Clinical Research; St Michael’s Hospital; McMaster University; Ibero American University; Royal Perth Hospital; University of Southern Denmark; University of Victoria; Alberta Children's Hospital; Diabetes Australia; University of Pennsylvania; Massachusetts General Hospital; Science for Life Laboratory; The University of Western Australia; Baylor College of Medicine; Columbia University; Translational Therapeutics (United States); National Institute for Health Research; Cedars-Sinai Medical Center; University of Ottawa; Regeneron (United States); Lunenfeld-Tanenbaum Research Institute; Wellcome Trust; Vanderbilt University Medical Center; University of California, San Diego; Office of Naval Research; Howard Hughes Medical Institute; Encana (Canada); Harvard University; Philadelphia University; Bayer (Germany); Novartis (Canada); Northwestern University; Monash University; SickKids Foundation; University of Washington; Mount Sinai Hospital; Arrowhead Pharmaceuticals (United States); Thrombosis and Atherosclerosis Research Institute; University of North Carolina at Chapel Hill; Hospital for Sick Children; Center for Human Genetics; Health Net; Bruegel; Pfizer (United Kingdom); Icahn School of Medicine at Mount Sinai; Pitié-Salpêtrière Hospital; Arkansas Biosciences Institute; Manchester Royal Infirmary; Weatherford College; London Health Sciences Centre; Inserm; NYU Langone Health; Bristol-Myers Squibb (United States); Ionis Pharmaceuticals (United States); Massachusetts Institute of Technology; New Cross Hospital; National Heart Lung and Blood Institute; Amsterdam UMC Location University of Amsterdam; Uppsala University; Institute of Technology Assessment; St Michael's Hospital; United States Congress; Hamilton Health Sciences; Society of Interventional Radiology; St. Michael's Hospital; Montreal Heart Institute; Université de Montréal; Rockefeller University; University of Alaska Fairbanks; University of Toronto; Native Health; University Health Network; Princess Margaret Cancer Centre; Stanford University; Ontario Institute for Cancer Research; Queen's University; Framingham Heart Study; Dalhousie University; Scripps Research Institute; University of California, Los Angeles; St. Paul's Hospital; Centro de Investigación Biomédica en Red de Epidemiología y Salud Pública; University of the Witwatersrand; Mayo Clinic in Florida; Children's Hospital of Eastern Ontario; St Michaels Hospital",0000-0003-2861-5325,,
https://openalex.org/A5083629028,Reinhold Löhberg,https://openalex.org/I63966007,Massachusetts Institute of Technology,1973,1973,https://openalex.org/I63966007,1973,1973,,Massachusetts Institute of Technology,,,
https://openalex.org/A5039438647,D. Hiramatsu,https://openalex.org/I63966007,Massachusetts Institute of Technology,2022,2022,https://openalex.org/I63966007,2022,2022,Center for Astrophysics Harvard & Smithsonian; The NSF AI Institute for Artificial Intelligence and Fundamental Interactions; University of Florida,"Niigata University; University of California, Santa Barbara; Massachusetts Institute of Technology; Las Cumbres Observatory Global Telescope Network; Université Bourgogne Franche-Comté; The University of Tokyo",0000-0002-1125-9187,,
https://openalex.org/A5089742250,Dimple Vijay Kochar,https://openalex.org/I63966007,Massachusetts Institute of Technology,2025,2025,https://openalex.org/I63966007,2025,2025,Massachusetts Institute of Technology,Indian Institute of Technology Bombay,0000-0002-1623-7606,,
https://openalex.org/A5035656900,Jonathan Dye,https://openalex.org/I63966007,Massachusetts Institute of Technology,2024,2025,https://openalex.org/I63966007,2024,2025,Massachusetts Institute of Technology; Howard Hughes Medical Institute,Allen Institute; Koch Institute for Integrative Cancer Research At MIT,0000-0003-2801-8053,,
https://openalex.org/A5074750683,Mitchell W. Meinhold,https://openalex.org/I63966007,Massachusetts Institute of Technology,1999,2002,https://openalex.org/I63966007,1999,2002,,Draper Laboratory; Massachusetts Institute of Technology,,,
https://openalex.org/A5007019491,Marco Iglesias,https://openalex.org/I63966007,Massachusetts Institute of Technology,2011,2011,https://openalex.org/I63966007,2011,2011,,University of Nottingham; Universidade de Vigo; Erasmus University Rotterdam; University of Alicante; Agencia Catalana de L'Aigua; University of Warwick; The University of Texas at Austin; Massachusetts Institute of Technology,0000-0002-8952-717X,,
https://openalex.org/A5076251961,Francesmary Modugno,https://openalex.org/I63966007,Massachusetts Institute of Technology,2010,2010,https://openalex.org/I63966007,2010,2010,University of Pittsburgh; UPMC Hillman Cancer Center; Magee-Womens Research Institute; Cancer Research Center,"University Hospital Heidelberg; University of British Columbia; Biomedical Research Institute; University of Hawaii System; Magee-Womens Hospital; Universität Hamburg; GTx (United States); Heidelberg University; Cancer Research UK; University of Hawaiʻi at Mānoa; UNSW Sydney; University of Calgary; Karyopharm Therapeutics (United States); Huntsman Cancer Institute; University of Pittsburgh Medical Center; Westmead Hospital; University Medical Center Hamburg-Eppendorf; Pittsburg State University; Center for Human Reproduction; QIMR Berghofer Medical Research Institute; Deciphera Pharmaceuticals (United States); Alberta Health Services; Los Angeles Medical Center; Fred Hutch Cancer Center; Novartis (Switzerland); ImmunoGen (United States); University of Cambridge; Gynecologic Oncology Group; Duke University Hospital; University of South Florida; Novartis (Germany); Sheba Medical Center; Molecular Oncology (United States); Kaiser Permanente; AstraZeneca (Canada); University of Illinois Chicago; University of Virginia; National Cancer Institute; Bristol-Myers Squibb (Germany); Eisai (Japan); Danish Cancer Society; Cancer Center of Hawaii; Novocure (United States); University College London; Roswell Park Comprehensive Cancer Center; Massachusetts Institute of Technology; Brigham and Women's Hospital; Massachusetts General Hospital; Carnegie Mellon University; Duke Medical Center; University of Washington; Jazz Pharmaceuticals (United States); Cedars-Sinai Medical Center; Rutgers, The State University of New Jersey; Faculty of Public Health; American Cancer Society; Fox Chase Cancer Center; Moffitt Cancer Center; Harvard University",0000-0003-0637-1534,,
https://openalex.org/A5022627180,Harlee S. Strauss,https://openalex.org/I63966007,Massachusetts Institute of Technology,1983,1987,https://openalex.org/I63966007,1983,1987,,Levi Strauss (United States); Massachusetts Institute of Technology; Gradient Lens Corporation (United States); Gradient (United States); University of Wisconsin–Madison,,,
https://openalex.org/A5003394285,Chris Crawford,https://openalex.org/I63966007,Massachusetts Institute of Technology,2002,2003,https://openalex.org/I63966007,2002,2003,Oak Ridge National Laboratory; University of Alabama,Ames Research Center; University of Tennessee at Knoxville; United States Naval Academy; Sterling Research Group; Manchester University NHS Foundation Trust; Center for Story-based Strategy; University Hospitals Birmingham NHS Foundation Trust; Fort Hays State University; Brigham Young University; University of Birmingham; Central Queensland University; Mississippi State University; Search for Extraterrestrial Intelligence; American Academy of Fixed Prosthodontics; Intel (United States); University of Kentucky; Massachusetts Institute of Technology; University of Florida,0000-0003-3127-308X,,
https://openalex.org/A5018909220,Michael S. Tomovich,https://openalex.org/I63966007,Massachusetts Institute of Technology,2014,2014,https://openalex.org/I63966007,2014,2014,Massachusetts Institute of Technology,,,,
https://openalex.org/A5108797152,Gordon R. Greenberg,https://openalex.org/I63966007,Massachusetts Institute of Technology,1977,1977,https://openalex.org/I63966007,1977,1977,,"Manchester Royal Infirmary; University of Toronto; Toronto General Hospital Research Institute; Lunenfeld-Tanenbaum Research Institute; The Royal Free Hospital; Western University; University of Calgary; Sinai Hospital; SickKids Foundation; Karolinska Institutet; University of Chicago; Case Western Reserve University; Massachusetts Institute of Technology; University of Michigan; W.E. Upjohn Institute for Employment Research; Baylor College of Medicine; Center for Cancer Research; McMaster University; University of California, Los Angeles; Middlesex University; Johns Hopkins University; Pfizer (Canada); Janssen (Belgium); Procter & Gamble (Canada); University School; University of Maryland, Baltimore; Mount Sinai Hospital; Abbott (Canada); St. Michael's Hospital; Bridge University; Mount Sinai Hospital; Greenwich Hospital; University College London; Hospital for Sick Children; Michael E. DeBakey VA Medical Center; AstraZeneca (Canada); London Postgraduate Medical and Dental Education; Toronto General Hospital; Hammersmith Hospital",0000-0001-9260-9363,,
https://openalex.org/A5005383414,Adolfo Guevara,https://openalex.org/I63966007,Massachusetts Institute of Technology,2025,2025,https://openalex.org/I63966007,2025,2025,Universidad Abierta; Massachusetts Institute of Technology,Universidad Autónoma del Estado de Hidalgo; Instituto Politécnico Nacional; Chinese Academy of Sciences; Universitat de València; Universidad Nacional Autónoma de México; Universidad de Granada; Institute of Theoretical Physics; Universidad Complutense de Madrid; Centro de Investigación en Materiales Avanzados; Centro de Investigación y de Estudios Avanzados del Instituto Politécnico Nacional,0000-0001-5366-372X,,
https://openalex.org/A5037551299,Alexia L. Barandiaran,https://openalex.org/I63966007,Massachusetts Institute of Technology,2021,2021,https://openalex.org/I63966007,2021,2021,Massachusetts Institute of Technology,,,,
https://openalex.org/A5110544133,M. Skorokhvatov,https://openalex.org/I63966007,Massachusetts Institute of Technology,2002,2007,https://openalex.org/I63966007,2002,2007,National Research Nuclear University MEPhI; Kurchatov Institute,"Istituto Nazionale di Fisica Nucleare; Centre National de la Recherche Scientifique; University of Genoa; Délégation Paris 7; Queen's University; RWTH Aachen University; Institute of Engineering Physics; Technical University of Munich; Istituto Nazionale di Fisica Nucleare, Sezione di Milano; Gran Sasso Science Institute; Princeton University; Roma Tre University; Joint Institute for Nuclear Research; Istituto Nazionale di Fisica Nucleare, Laboratori Nazionali del Gran Sasso; Institut de Recherche sur les Lois Fondamentales de l'Univers; Istituto Nazionale di Fisica Nucleare, Sezione di Genova; University of Milan; Universidade Federal do ABC; Université Paris Cité; Collège de France; Max Planck Institute for Nuclear Physics; University of California, Los Angeles; Commissariat à l'Énergie Atomique et aux Énergies Alternatives; Forschungszentrum Jülich; Sorbonne Paris Cité; Massachusetts Institute of Technology",,,
https://openalex.org/A5086247200,Amanda E. Cowfer,https://openalex.org/I63966007,Massachusetts Institute of Technology,2020,2022,https://openalex.org/I63966007,2020,2022,Massachusetts Institute of Technology,University of Illinois Urbana-Champaign,0000-0002-5191-4895,,
https://openalex.org/A5033820172,Toby Freyman,https://openalex.org/I63966007,Massachusetts Institute of Technology,2000,2003,https://openalex.org/I63966007,2000,2003,Arsenal Medical (United States),Massachusetts Institute of Technology; Boston Scientific (United States); Harvard University; Massachusetts General Hospital; American Association for the Surgery of Trauma,,,
https://openalex.org/A5059807097,Gursel,https://openalex.org/I63966007,Massachusetts Institute of Technology,1985,1985,https://openalex.org/I63966007,1985,1985,,Massachusetts Institute of Technology,,,
https://openalex.org/A5018787347,Tobias Kraus,https://openalex.org/I63966007,Massachusetts Institute of Technology,2004,2004,https://openalex.org/I63966007,2004,2004,Leibniz-Institute for New Materials; Saarland University,Délégation Centre Limousin Poitou-Charentes; University of Bayreuth; Hochschule Düsseldorf University of Applied Sciences; École Polytechnique Fédérale de Lausanne; Massachusetts Institute of Technology; ETH Zurich; IBM Research - Zurich; Interface (United States); Fraunhofer Institute for Solar Energy Systems; Klinikum Saarbrücken; Leibniz Association; Fraunhofer Society; University of Neuchâtel; Bar-Ilan University,0000-0003-2951-1704,,
https://openalex.org/A5083113759,Zaira Martín‐Moldes,https://openalex.org/I63966007,Massachusetts Institute of Technology,2019,2020,https://openalex.org/I63966007,2019,2020,Tufts University,Consejo Superior de Investigaciones Científicas; Massachusetts Institute of Technology; Instituto de Investigaciones Biomédicas Sols-Morreale; Centro de Investigación Biomédica en Red; Universidad Autónoma de Madrid; Centro de Investigaciones Biológicas Margarita Salas; Biomedical Research Networking Center on Neurodegenerative Diseases,0000-0002-2932-8064,,
https://openalex.org/A5024272023,Peter Hull,https://openalex.org/I63966007,Massachusetts Institute of Technology,2013,2016,https://openalex.org/I63966007,2013,2016,Friedrich-Alexander-Universität Erlangen-Nürnberg; Brown University,"University College London; Princeton University; Addenbrooke's Hospital; Microsoft Research New England (United States); Northwestern University; University of Wisconsin–Madison; Harvard University; London School of Economics and Political Science; Solihull Hospital; Massachusetts Institute of Technology; National Bureau of Economic Research; University of California, Berkeley; International Paper (United States); South University; Boston University; University of Cambridge; Heartlands Hospital; Duke University; Center for Economic and Policy Research; Sutter Roseville Medical Center; University Hospital Coventry; Yale University; Microsoft Research (India); Institute for Fiscal Studies; University of Liverpool; John Brown University; Microsoft (United States); Worcestershire Royal Hospital; John F. Kennedy University; University of Chicago; Federal Reserve Bank of New York; Cambridge University Hospitals NHS Foundation Trust; Moscow Institute of Thermal Technology; University Hospitals Coventry and Warwickshire NHS Trust; University of California, San Diego; University College Lahore; IIT@MIT; University of Warwick",,,
https://openalex.org/A5084874033,Caroline Chin,https://openalex.org/I63966007,Massachusetts Institute of Technology,2022,2024,https://openalex.org/I63966007,2022,2024,Massachusetts Institute of Technology,University of Malaya,,,
https://openalex.org/A5097091645,Brown-Harvard-MIT-Padova-Weizmann,https://openalex.org/I63966007,Massachusetts Institute of Technology,1967,1967,https://openalex.org/I63966007,1967,1967,Harvard University; Weizmann Institute of Science; Massachusetts Institute of Technology; University of Padua; Brown University,,,,
https://openalex.org/A5029975260,Jane S. Bae,https://openalex.org/I63966007,Massachusetts Institute of Technology,1994,1994,https://openalex.org/I63966007,1994,1994,Whitehead Institute for Biomedical Research; Massachusetts Institute of Technology,National Human Genome Research Institute; Children's Hospital of Philadelphia; Pediatrics and Genetics; University of Pennsylvania; National Institutes of Health,,,
https://openalex.org/A5077005676,Wenqian Xiao,https://openalex.org/I63966007,Massachusetts Institute of Technology,2011,2025,https://openalex.org/I63966007,2011,2025,Chongqing University of Science and Technology; Brigham and Women's Hospital; Guizhou University of Finance and Economics; Massachusetts Institute of Technology; Harvard–MIT Division of Health Sciences and Technology; Harvard University; University of Shanghai for Science and Technology,Sichuan University; University of Memphis; Texas A&M University; Syracuse University; Chengdu University; Smith College; John Wiley & Sons (United States),0000-0001-8445-6125,,
https://openalex.org/A5076770402,Colin Josey,https://openalex.org/I63966007,Massachusetts Institute of Technology,2015,2015,https://openalex.org/I63966007,2015,2015,Los Alamos National Laboratory,Massachusetts Institute of Technology,0000-0002-3210-5806,,
https://openalex.org/A5057901169,Denis Bernsmeier,https://openalex.org/I63966007,Massachusetts Institute of Technology,2024,2024,https://openalex.org/I63966007,2024,2024,Technische Universität Berlin,Leiden University; Los Alamos National Laboratory; Fritz Haber Institute of the Max Planck Society; Federal Institute For Materials Research and Testing; Massachusetts Institute of Technology,0000-0002-9805-7640,,
https://openalex.org/A5040175704,Jenny Chen,https://openalex.org/I63966007,Massachusetts Institute of Technology,2016,2016,https://openalex.org/I63966007,2016,2016,Johns Hopkins Medicine; Johns Hopkins University; Memorial Sloan Kettering Cancer Center; New York University,"Massachusetts Institute of Technology; Kaiser Permanente; Université de Strasbourg; Chia-Yi Christian Hospital; Stanford University; University of Wisconsin–Madison; Howard Hughes Medical Institute; UNSW Sydney; University of California, San Francisco; Smith-Kettlewell Eye Research Institute; Icahn School of Medicine at Mount Sinai; Kaiser Permanente San Rafael Medical Center; Sandwell General Hospital; Google (United States); National Eye Institute; Center of Immunology Pierre Fabre; Stemcell Technologies; Sunny Hill Health Centre for Children; University of Hong Kong; University of Maryland, College Park; Chang Gung Memorial Hospital; Bioanalytical Systems (United States); Centre for Nursing Innovation; Sciences Po Grenoble; University of California, Los Angeles; Technical University of Munich; Deutsches Herzzentrum München; Fogarty International Center; Columbia St. Mary's Hospital; Thermo Fisher Scientific (Germany); Samuel S. Fleisher Art Memorial; University of the West; Genmab (United States); NYU Langone Health; University of the West of England; Johns Hopkins Hospital; University of Auckland; Thermo Fisher Scientific (United States); BC Children's Hospital; Monash Institute of Medical Research; Dart NeuroScience (United States); Harvard–MIT Division of Health Sciences and Technology; UCLA Medical Center; San Francisco Foundation; Caelum Research Corporation (United States); Institut Pluridisciplinaire Hubert Curien; Monash University; Harvard University; Colby College; University of Cincinnati Medical Center; IBM (United States); Levine Cancer Institute; Monash IVF; University of California, Davis; Massachusetts General Hospital; University of Michigan; Doheny Eye Institute; Wollongong Hospital; University of York; Arog Pharmaceuticals (United States); Harvard Stem Cell Institute; University of Sheffield; Child and Family Research Institute; Creative Commons; Duke University; The George Institute for Global Health; National Institutes of Health; American Academy of Otolaryngology — Head and Neck Surgery; VA Center for Clinical Management Research; Angeles University Foundation; Southern Taiwan Science Park; National Institute of Allergy and Infectious Diseases; Harbor–UCLA Medical Center; University of Cincinnati; City University of New York; Massachusetts Eye and Ear Infirmary; Advanced Imaging Research (United States); University of Louisville; The Lundquist Institute; Temple University; Marymount University; Abbott Fund; University of Utah; Population Council; National Synchrotron Radiation Research Center; Grace (United States); Broad Institute",0000-0002-2992-4771,,
https://openalex.org/A5079614690,Jonathan B. Ashcom,https://openalex.org/I63966007,Massachusetts Institute of Technology,2003,2025,https://openalex.org/I63966007,2003,2025,MIT Lincoln Laboratory; Massachusetts Institute of Technology,Harvard University Press; Harvard University; John Brown University,,,
https://openalex.org/A5100753001,Zhen Zhang,https://openalex.org/I63966007,Massachusetts Institute of Technology,2023,2025,https://openalex.org/I63966007,2023,2025,,China Jiliang University; Heilongjiang Institute of Technology; Zhejiang University; Central South University of Forestry and Technology; University of Science and Technology of China; Guangdong University of Technology; Sichuan University; China University of Geosciences (Beijing); Guilin University; Harbin Institute of Technology; Xiangtan University; Hohai University; Southern University of Science and Technology; Inner Mongolia University of Science and Technology; Harbin University; Northeastern University; Guilin University of Electronic Technology; Chongqing Technology and Business University; Shaanxi University of Science and Technology; Central South University; Massachusetts Institute of Technology,0000-0003-4095-0206,,
https://openalex.org/A5103846791,Michael D. Meyer,https://openalex.org/I63966007,Massachusetts Institute of Technology,1980,1983,https://openalex.org/I63966007,1980,1983,Christopher Newport University,Abbott Fund; Clínica Sagrada Esperança; Sonoma State University; Parsons Brinckerhoff; SPX Corporation (United States); Georgia Institute of Technology; Massachusetts Institute of Technology; Georgia Department of Transportation; Janus University,,,
https://openalex.org/A5100456388,Yan Zhang,https://openalex.org/I63966007,Massachusetts Institute of Technology,2010,2010,https://openalex.org/I63966007,2010,2010,Xiamen University; Shenzhen University; Xiamen Maternal and Child Health Hospital; HKUST Shenzhen Research Institute; Shanghai Jiao Tong University,"Brigham and Women's Hospital; Kunming Medical University; Shanghai Academy of Social Sciences; University of Nebraska–Lincoln; Guangzhou Medical University; Zhejiang University; Wenzhou Medical University; Nankai University; State Key Laboratory of Respiratory Disease; Second Affiliated Hospital of Dalian Medical University; Sheng Jing Hospital; Chinese University of Hong Kong; Sun Yat-sen University Cancer Center; Sixth Affiliated Hospital of Sun Yat-sen University; National Institute for Viral Disease Control and Prevention; Tianjin University; Jilin University; Peking University People's Hospital; Air Force Medical University; Jilin Medical University; Fuzhou General Hospital of Nanjing Military Command; Texas Tech University Health Sciences Center; Guangzhou Institutes of Biomedicine and Health; Shanghai Institutes for Biological Sciences; University of Pennsylvania; China Jiliang University; Beijing Institute of Technology; XinHua Hospital; Heilongjiang Bayi Agricultural University; Southwest Medical University; Hebei Medical University; Second Affiliated Hospital of Xi'an Jiaotong University; Massachusetts Institute of Technology; Yale University; Fudan University Shanghai Cancer Center; Xinjiang Institute of Ecology and Geography; University of Chinese Academy of Sciences; Xinjiang Medical University; Shanghai Institute of Nutrition and Health; First Affiliated Hospital of Wenzhou Medical University; Yantaishan Hospital; In-Q-Tel; Sichuan Agricultural University; Jiangsu Academy of Agricultural Sciences; Chinese People's Liberation Army; Nanjing Forestry University; Shenzhen Bay Laboratory; Huazhong University of Science and Technology; Affiliated Hospital of Qingdao University; Harvard University; The Ohio State University; Shanghai Medical College of Fudan University; Chongqing Medical University; School of Visual Arts; Lanzhou University; Peking University; Institute of Hydrobiology, Biology Centre, Academy of Sciences of the Czech Republic; Dalian Medical University; Peking University Cancer Hospital; Second Hospital of Yichang; Weifang Medical University; Northwest A&F University; Harbin Medical University; Chinese Academy of Sciences; Henan University; University of California, Los Angeles; ZheJiang Academy of Agricultural Sciences; Sichuan University; Second Hospital of Hebei Medical University; Fourth Hospital of Hebei Medical University; Nanchong Central Hospital; Ningbo University; Texas Tech University; Qingdao University; Hebei Agricultural University; Anhui Medical University; Institute of Ecology and Geography; Shanghai University of Medicine and Health Sciences; Fujian Medical University; Sun Yat-sen University",0000-0003-2031-7286,,
https://openalex.org/A5068831801,Etienne Demarly,https://openalex.org/I63966007,Massachusetts Institute of Technology,2018,2019,https://openalex.org/I63966007,2018,2019,Kairos Power (United States); Kairos (United States),Massachusetts Institute of Technology,,,
https://openalex.org/A5063696850,C. H. Cox,https://openalex.org/I63966007,Massachusetts Institute of Technology,1989,1998,https://openalex.org/I63966007,1989,1998,Massachusetts Institute of Technology; MIT Lincoln Laboratory,,,,
https://openalex.org/A5108080151,T. Matsuda,https://openalex.org/I63966007,Massachusetts Institute of Technology,1982,1982,https://openalex.org/I63966007,1982,1982,,"Charles University; IIT@MIT; University of Miyazaki; Istanbul Technical University; Universidad de Buenos Aires; Yamagata University Hospital; University of Aveiro; University of California, Santa Cruz; Istituto Nazionale di Fisica Nucleare; Universidad de Salamanca; University of California, Davis; Massachusetts Institute of Technology; High Energy Accelerator Research Organization; American University; Ruhr University Bochum; National Institute of Polar Research; L3S Research Center; Chubu University; Rice University; LIP - Laboratory of Instrumentation and Experimental Particle Physics; Dubna State University; Nagoya University; Vifor Pharma (Switzerland); University of Illinois System",,,
https://openalex.org/A5104116254,Carlo Ratti,https://openalex.org/I63966007,Massachusetts Institute of Technology,2023,2023,https://openalex.org/I63966007,2023,2023,Massachusetts Institute of Technology,,,,
https://openalex.org/A5037576700,Kailas Narendran,https://openalex.org/I63966007,Massachusetts Institute of Technology,2007,2007,https://openalex.org/I63966007,2007,2007,,Harvard University; Massachusetts Institute of Technology; Spaulding Rehabilitation Hospital,,,
https://openalex.org/A5083609319,Daniel Sobek,https://openalex.org/I63966007,Massachusetts Institute of Technology,2002,2002,https://openalex.org/I63966007,2002,2002,,Stanford University; Massachusetts Institute of Technology; Sensors (United States),,,
https://openalex.org/A5075557541,S. A. Vay,https://openalex.org/I63966007,Massachusetts Institute of Technology,2008,2008,https://openalex.org/I63966007,2008,2008,Langley Research Center,Georgia Institute of Technology; Massachusetts Institute of Technology; Universidad Andrés Bello; Laboratoire d'Aérologie; Molina Center for Energy and the Environment; University of Iowa; University of Michigan; Centre National de la Recherche Scientifique; Science and Technology Corporation (United States),,,
https://openalex.org/A5030858710,R. Duncan Luce,https://openalex.org/I63966007,Massachusetts Institute of Technology,1956,1956,https://openalex.org/I63966007,1956,1956,,"William James College; Office of International Affairs; University of California, San Diego; University of California, Irvine; American Academy of Arts and Sciences; University of Pennsylvania; Princeton University; Columbia University; University of California, Berkeley; Iowa State University; Institute for Advanced Study; Cornell University; University of Iowa; United States Air Force Office of Scientific Research; University of Waterloo; National Academy of Sciences; Philadelphia University; University of North Carolina at Chapel Hill; Cambridge University Press; Irvine University; Harvard University Press; Rutgers, The State University of New Jersey; Tulane University; Duke University; Massachusetts Institute of Technology; University of California System; Battelle; California University of Pennsylvania; Ernst & Young (United States); Institute for Advanced Study; Harvard University",,,
https://openalex.org/A5010408081,Shawn M. Davidson,https://openalex.org/I63966007,Massachusetts Institute of Technology,2012,2022,https://openalex.org/I63966007,2012,2022,Northwestern University,"Broad Institute; Harvard University; Princeton University; Rutgers Cancer Institute; Boston Children's Hospital; Rutgers, The State University of New Jersey; University of Colorado Health; Allen Institute; Providence College; Massachusetts Institute of Technology; IIT@MIT; Massachusetts General Hospital",0000-0002-3475-0382,,
https://openalex.org/A5098024666,R. Holyn ́ski,https://openalex.org/I63966007,Massachusetts Institute of Technology,2004,2004,https://openalex.org/I63966007,2004,2004,Massachusetts Institute of Technology,,,,
https://openalex.org/A5079346737,B.T. Adekor,https://openalex.org/I63966007,Massachusetts Institute of Technology,1998,1998,https://openalex.org/I63966007,1998,1998,Massachusetts Institute of Technology,,,,
https://openalex.org/A5091946911,Tomás Cantú,https://openalex.org/I63966007,Massachusetts Institute of Technology,2023,2023,https://openalex.org/I63966007,2023,2023,Massachusetts Institute of Technology,,,,
https://openalex.org/A5054001111,J. W. Hustoft,https://openalex.org/I63966007,Massachusetts Institute of Technology,2008,2010,https://openalex.org/I63966007,2008,2010,Yale University,Massachusetts Institute of Technology; University of North Dakota; Planetary Science Institute; University of Minnesota; University of Minnesota System,,,
https://openalex.org/A5005334841,E.E. Nugent,https://openalex.org/I63966007,Massachusetts Institute of Technology,2000,2000,https://openalex.org/I63966007,2000,2000,Massachusetts Institute of Technology,,,,
https://openalex.org/A5049549878,Margaret E. Torrence,https://openalex.org/I63966007,Massachusetts Institute of Technology,2014,2022,https://openalex.org/I63966007,2014,2022,Harvard University,Broad Institute; Chinese Academy of Medical Sciences & Peking Union Medical College; National Cancer Institute; Brigham and Women's Hospital; National Institutes of Health; Boston University; Dana-Farber Cancer Institute; Massachusetts Institute of Technology,0000-0003-2133-8599,,
https://openalex.org/A5085795207,J. K. Chin,https://openalex.org/I63966007,Massachusetts Institute of Technology,2003,2006,https://openalex.org/I63966007,2003,2006,Harvard University,MIT-Harvard Center for Ultracold Atoms; Massachusetts Institute of Technology,,,
https://openalex.org/A5084680468,Mary Knapp,https://openalex.org/I63966007,Massachusetts Institute of Technology,2010,2025,https://openalex.org/I63966007,2010,2025,Northeast Radio Observatory Corporation; Massachusetts Institute of Technology,Barnard College; W.M. Keck Observatory; Auburn University; Experimental Station; Planetary Science Institute; United States Department of Agriculture; Moscow Institute of Thermal Technology,0000-0002-5318-7660,,
https://openalex.org/A5044929543,David A. Wink,https://openalex.org/I63966007,Massachusetts Institute of Technology,1989,1989,https://openalex.org/I63966007,1989,1989,Frederick National Laboratory for Cancer Research; Center for Cancer Research; National Cancer Institute; National Institutes of Health,"University College London; University of Maryland, Baltimore; University of Central Florida; Augusta University; Washington University in St. Louis; University of Baltimore; Duke Medical Center; UNM Comprehensive Cancer Center; Peking University; Louisiana State University; Louisiana State University Health Sciences Center Shreveport; University of Pittsburgh Medical Center; Amgen (United States); Fullerton College; University of Arizona; Institut Gustave Roussy; National Institute of Neurological Disorders and Stroke; Wake Forest University; San Bernardino County Department of Public Health; Health and Human Development (2HD) Research Network; Cancer Institute (WIA); Saginaw Valley State University; Johnson Foundation; Northeastern University; Institute of Aging; United States Army Medical Research Institute of Infectious Diseases; Dulbecco Telethon Institute; University of California, Santa Barbara; University Medical Center; E Ink (South Korea); Queensland University of Technology; National Institute of Nursing Research; Men's Health Forum; Arnold Palmer Hospital for Children; University Medical Center Hamburg-Eppendorf; University of California, Los Angeles; NeuroCognitive Institute; Universität Hamburg; New Mexico Cancer Center; George Mason University; Wolfson Foundation; ORCID; National Heart Lung and Blood Institute; Genesis Laboratories; University of Wisconsin–Madison; Loyola University Chicago; Science Applications International Corporation (United States); University of Perugia; University of Milan; Florida College; Cancer Research Center; Massachusetts Institute of Technology; University Hospital and Clinics; University of California, Irvine; University of Bari Aldo Moro; Virginia Tech; Alta Bates Summit Medical Center; University of New Mexico; Weizmann Institute of Science; Instituto Nacional do Câncer; National University of Ireland; St. Francis Hospital; Thomas Jefferson University; Veneto Institute of Molecular Medicine; Harbin Medical University; University Hospital Galway; Johns Hopkins University; Diakonessenhuis hospital; University of Graz; Sumco Corporation (Japan); Leidos (United States); University of South Carolina; Ollscoil na Gaillimhe – University of Galway; National Health Research Institutes; Orlando Health; University of North Carolina at Chapel Hill; Johnson & Johnson (Israel); Western Infirmary",0000-0002-5652-7480,,
https://openalex.org/A5014090175,Jie Lü,https://openalex.org/I63966007,Massachusetts Institute of Technology,2005,2005,https://openalex.org/I63966007,2005,2005,Institute of Chemistry; Hefei University of Technology; Shanghai University; Guangxi University; Shanghai University of Engineering Science; University of Chinese Academy of Sciences; State Key Laboratory For Conservation and Utilization of Subtropical Agro-Bioresources; Chinese Academy of Sciences,"Shanghai Lixin University of Accounting and Finance; University of California System; National Institute of Biomedical Imaging and Bioengineering; China Jiliang University; Nanjing Tech University; Nanyang Technological University; Mianyang Normal University; Beijing Institute of Aeronautical Materials; Beijing Jiaotong University; Inner Mongolia Agricultural University; Shaanxi University of Science and Technology; Xi'an University of Science and Technology; Institute of Chemical Industry of Forest Products; China Telecom; China Telecom (China); First People's Hospital of Yunnan Province; Second Affiliated Hospital of Harbin Medical University; China XD Group (China); Jinan University; Southeast University; The Synergetic Innovation Center for Advanced Materials; Fundación Española de la Nutrición; Hubei University of Technology; Delft University of Technology; Ministry of Transport; Los Angeles City College; China Institute of Atomic Energy; Southwest University of Science and Technology; California NanoSystems Institute; Shanghai University of Finance and Economics; Chinese Academy of Inspection and Quarantine; Laboratory of Molecular Genetics; Nanjing Normal University; University of California, Los Angeles; Research Institute of Highway; Institute of Chemical and Engineering Sciences; Massachusetts Institute of Technology; East China University of Science and Technology; National Institutes of Health; National University of Singapore; University of Technology Sydney; Jiangnan University; Heilongjiang University; Qingdao University of Science and Technology; Harbin Medical University; Jiangsu Second Normal University; University West; Taishan University; Sanford Burnham Prebys Medical Discovery Institute; Chinese Academy of Forestry; Shaanxi University of Technology; Western University",0000-0002-4581-2032,,
https://openalex.org/A5100915096,Mike C. Boyer,https://openalex.org/I63966007,Massachusetts Institute of Technology,2013,2013,https://openalex.org/I63966007,2013,2013,Massachusetts Institute of Technology,,,,
https://openalex.org/A5063634399,Elaine C. Lee,https://openalex.org/I63966007,Massachusetts Institute of Technology,2005,2007,https://openalex.org/I63966007,2005,2007,University of Connecticut; University of Dundee,"National Institutes of Health; Mount Desert Island Biological Laboratory; Yale University; University of Tennessee at Chattanooga; Agriculture Fisheries and Conservation Department; Brotman Baty Institute; Massachusetts Institute of Technology; Midwestern State University; Naval Health Research Center; George Washington University; University of Virginia; United States Public Health Service; Texas Health Dallas; University of Arkansas at Fayetteville; Pediatric Oncology Group; United States Department of Health and Human Services; Abbott (Germany); University of Alabama; National Cancer Institute; The Ohio State University; University of Tennessee Health Science Center; IIT@MIT; Indiana Athletic Trainers Association; University of California, Los Angeles; Abbott (United States); University of North Texas; Vertex Pharmaceuticals (United States); Abbott Fund; McGill University",0000-0002-6556-1058,,
https://openalex.org/A5110068557,Steven A. Levine,https://openalex.org/I63966007,Massachusetts Institute of Technology,2014,2014,https://openalex.org/I63966007,2014,2014,Massachusetts Institute of Technology,"Stony Brook University; State University of New York; University of Michigan; University of California, Berkeley; Winthrop-University Hospital",,,
https://openalex.org/A5110385254,Edward J. Modest,https://openalex.org/I63966007,Massachusetts Institute of Technology,1983,1983,https://openalex.org/I63966007,1983,1983,,Cancer Research Foundation; Harvard University; Atrium Health Wake Forest Baptist; Massachusetts Institute of Technology; University of Iowa; Dana-Farber Cancer Institute; Mario Negri Institute for Pharmacological Research; Wake Forest University; Boston University; Harvard University Press; Karolinska Institutet; National Foundation for Cancer Research,,,
https://openalex.org/A5061140920,Kishan N. Amarasekera,https://openalex.org/I63966007,Massachusetts Institute of Technology,1997,1997,https://openalex.org/I63966007,1997,1997,Parsons (United States); Massachusetts Institute of Technology,,,,
https://openalex.org/A5091373809,D.A. Frankel,https://openalex.org/I63966007,Massachusetts Institute of Technology,1984,1984,https://openalex.org/I63966007,1984,1984,,Massachusetts Institute of Technology,,,
https://openalex.org/A5020247892,A. De Rújula,https://openalex.org/I63966007,Massachusetts Institute of Technology,1980,1980,https://openalex.org/I63966007,1980,1980,European Organization for Nuclear Research,"Massachusetts Institute of Technology; Institut de Physique Théorique; Instituto de Física Teórica; Boston University; Harvard University; Universidad Autónoma de Madrid; Unidades Centrales Científico-Técnicas; Institut des Hautes Études Scientifiques; Centro de Investigaciones Energéticas, Medioambientales y Tecnológicas; International Atomic Energy Agency; The Abdus Salam International Centre for Theoretical Physics (ICTP)",0000-0002-1545-668X,,
https://openalex.org/A5020182392,Zongchen Chen,https://openalex.org/I63966007,Massachusetts Institute of Technology,2022,2022,https://openalex.org/I63966007,2022,2022,Georgia Institute of Technology,"Shanghai Jiao Tong University; Soochow University; University at Buffalo, State University of New York; IIT@MIT; Massachusetts Institute of Technology",,,
https://openalex.org/A5068143623,Michelle Rengarajan,https://openalex.org/I63966007,Massachusetts Institute of Technology,2024,2024,https://openalex.org/I63966007,2024,2024,Harvard University; Broad Institute; Massachusetts General Hospital,Massachusetts Institute of Technology; California Institute of Technology; Howard Hughes Medical Institute; Stanford University,0000-0003-3203-7986,,
https://openalex.org/A5050422412,Samantha E. Williams,https://openalex.org/I63966007,Massachusetts Institute of Technology,2015,2015,https://openalex.org/I63966007,2015,2015,Boston College,Massachusetts Institute of Technology; Institute of Cognitive and Brain Sciences; Brown University; University of Cambridge; University of Glasgow; Miriam Hospital; University of Florida; Saint Louis University,0000-0001-9981-0748,,
https://openalex.org/A5100320858,Xiao Zhang,https://openalex.org/I63966007,Massachusetts Institute of Technology,2025,2025,https://openalex.org/I63966007,2025,2025,BGI Group (China); Washington State University; Nankai University; Institute of Botany; Jiangnan University; Shanghai University of Engineering Science; Nanjing Agricultural University; BGI Genomics; Massachusetts Institute of Technology; Chinese Research Academy of Environmental Sciences; Central China Normal University; Affiliated Hospital of Youjiang Medical University for Nationalities; Xi'an Botanical Garden of Shaanxi Province,Jilin University; Beijing Institute of Petrochemical Technology; Qingdao University; State Key Laboratory of Electrical Insulation and Power Equipment; North Minzu University; Shandong Normal University; East China University of Science and Technology; Qingdao Huanghai University; Dalian University; State Grid Corporation of China (China); Hebei North University; Beihua University; Richland College; Heilongjiang Academy of Sciences; Dalian University of Technology; Xi'an Jiaotong University; Queensland University of Technology; Minzu University of China; Chinese Academy of Agricultural Sciences; Southwest University; Washington State University Tri-Cities; Chang'an University; Tobacco Research Institute; BOE Technology Group (China); Taiyuan University of Technology; Changchun Institute of Technology; South China University of Technology; Missouri University of Science and Technology; University of British Columbia; Jishou University; University of Shanghai for Science and Technology; Nanjing Tech University; Hebei University of Technology; Tianjin University of Science and Technology; Hebei Mental Health Center; FPInnovations; Naval University of Engineering; China National Center for Biotechnology Development; Shanghai Institute of Organic Chemistry; Wan Fang Hospital; Pacific Northwest National Laboratory; Battelle; CAE (Canada); Shandong University of Traditional Chinese Medicine; Tianjin University; Tiangong University; University of Jinan; Nanjing University of Science and Technology,0000-0002-0094-6221,,
https://openalex.org/A5022088501,Sinan Lai,https://openalex.org/I63966007,Massachusetts Institute of Technology,1993,1993,https://openalex.org/I63966007,1993,1993,,"Institute of Materials Research and Engineering; Massachusetts Institute of Technology; Agency for Science, Technology and Research; MIT Lincoln Laboratory; Shanghai Jiao Tong University",,,
https://openalex.org/A5012358402,Jorge Romero,https://openalex.org/I63966007,Massachusetts Institute of Technology,1979,1979,https://openalex.org/I63966007,1979,1979,Brigham and Women's Hospital; SUNY Upstate Medical University; Harvard University,Auburn University; The Bronx Defenders; Albert Einstein College of Medicine; Ronald Reagan UCLA Medical Center; The University of Texas at Austin; Hospital Universitario 12 De Octubre; Columbia University; University of Miami; Université de Caen Normandie; Icahn School of Medicine at Mount Sinai; Universidad del Azuay; Stanford University; Yeshiva University; DELL (United States); Hospital Universitario de San Vicente Fundación; St. Luke's-Roosevelt Hospital Center; Consejo Nacional de Ciencia y Tecnología; Case Western Reserve University; Laboratoire de Chimie Moléculaire et Thioorganique; Weatherford College; University of Utah; St David's Medical Center; Heart Rhythm Society; Massachusetts Institute of Technology; Children's Hospital at Montefiore; Montefiore Medical Center; Universidad Nacional de La Plata; California Pacific Medical Center; University of Foggia; New York University; Institute of Cardiology; Texas Cardiac Arrhythmia; Scripps Clinic; Robert Bosch (Germany),0000-0001-6420-8669,,
https://openalex.org/A5082084895,Matthew J. Davis,https://openalex.org/I63966007,Massachusetts Institute of Technology,2011,2011,https://openalex.org/I63966007,2011,2011,Kansas State University; University of Tennessee Health Science Center,Massachusetts Institute of Technology; Broad Institute; The University of Queensland; Yale University; The Ohio State University; Dartmouth–Hitchcock Medical Center; Dana-Farber Cancer Institute; Ducks Unlimited; Harvard University; Ohio University; Henry Ford Health System,0000-0002-3410-7100,,
https://openalex.org/A5079423165,John F. Galantowicz,https://openalex.org/I63966007,Massachusetts Institute of Technology,1996,2000,https://openalex.org/I63966007,1996,2000,Atmospheric and Environmental Research,Parsons (United States); University of Michigan; Massachusetts Institute of Technology,,,
https://openalex.org/A5005590626,Kyle Swanson,https://openalex.org/I63966007,Massachusetts Institute of Technology,2018,2023,https://openalex.org/I63966007,2018,2023,Purdue University West Lafayette; Stanford University,Massachusetts Institute of Technology; Harvard University; Novartis (United States); East Carolina University; Massachusetts General Hospital; California Institute of Technology; University of Cambridge; Amgen (United States); IIT@MIT; Experimental Station; Netflix (United States); Aptose Biosciences (United States),0000-0002-7385-7844,,
https://openalex.org/A5006713428,C. Galperti,https://openalex.org/I63966007,Massachusetts Institute of Technology,2019,2019,https://openalex.org/I63966007,2019,2019,École Polytechnique Fédérale de Lausanne,"National Agency for New Technologies, Energy and Sustainable Economic Development; Culham Science Centre; Politecnico di Milano; Massachusetts Institute of Technology; Max Planck Institute for Plasma Physics; Institute of Plasma Physics; University of York; Dutch Institute for Fundamental Energy Research; Max Planck Society",0000-0001-8390-6219,,
https://openalex.org/A5072925533,Sitij Agarwal,https://openalex.org/I63966007,Massachusetts Institute of Technology,2003,2003,https://openalex.org/I63966007,2003,2003,Massachusetts Institute of Technology,,,,
https://openalex.org/A5049168967,Melanie Chin,https://openalex.org/I63966007,Massachusetts Institute of Technology,2008,2010,https://openalex.org/I63966007,2008,2010,University of Ottawa; Ottawa Hospital; Ottawa Hospital Research Institute,Indiana University – Purdue University Indianapolis; Prince Charles Hospital; Karolinska Institutet; Nanjing General Hospital of Nanjing Military Command; St. Michael's Hospital; John Wiley & Sons (United States); Nanjing University; Massachusetts Institute of Technology; Southampton General Hospital; Medical University of Silesia; Desert Institute For Spine Care; Boise Kidney & Hypertension Institute; ChemoCentryx (United States); University of Gothenburg; Medical University of Lublin; Hudson Institute; Reata Pharmaceuticals (United States); University of British Columbia; Kobe University,0000-0002-2771-0518,,
https://openalex.org/A5100428500,Qian Chen,https://openalex.org/I63966007,Massachusetts Institute of Technology,2025,2025,https://openalex.org/I63966007,2025,2025,Ministry of Natural Resources; Massachusetts Institute of Technology; Tongji University; First Institute of Oceanography; Institute of Deep-Sea Science and Engineering; Chinese Academy of Sciences; National Marine Data and Information Service; University of Chinese Academy of Sciences; Central South University; Southern Medical University; Suzhou City University; Shandong Marine Resource and Environment Research Institute; Nanjing University of Aeronautics and Astronautics; Chang'an University; Xiangya Hospital Central South University,"Beijing Great Wall Hospital; University of Michigan; China United Network Communications Group (China); Siemens Healthcare (United States); Yangtze University; Zhejiang University; Xiamen University of Technology; Beijing Institute of Technology; Shanghai Advanced Research Institute; City University of Macau; Fuzhou University; University of Kentucky; Hangzhou Normal University; Guangdong University of Finance; RWTH Aachen University; Nanjing University of Information Science and Technology; Wuhan University of Technology; Xi'an Jiaotong University; Beijing Jiaotong University; Nanjing University of Science and Technology; Naval University of Engineering; China Academy of Space Technology; Ministry of Education of the People's Republic of China; National University of Singapore; Guangdong University of Technology; Guilin University of Electronic Technology; University of Sussex; Sichuan University; Jingzhou Central Hospital; Guangxi University; Ministry of Industry and Information Technology; Huazhong University of Science and Technology; Guangzhou Xinhua University; Agency for Science, Technology and Research; Institute of Electronics; Nanjing Agricultural University; University of Toronto; Nanjing Tech University; China Meteorological Administration; Shenyang Agricultural University; Fujian Normal University; Volkswagen Group (United States); Chengdu University of Information Technology; The Ohio State University; Wuhan University; Institute of Applied Physics and Computational Mathematics; University of Macau; Sun Yat-sen University; PLA Army Engineering University; Hong Kong Baptist University; China Aerospace Science and Technology Corporation; Peking University; Chinese University of Hong Kong; Anhui Xinhua University; Suzhou University of Science and Technology; William & Mary; Harbin University of Science and Technology; Sinopec (China); East China Jiaotong University; Weizmann Institute of Science; Guangxi Transportation Research Institute; Jilin Medical University; Institute for Infocomm Research; Xi'an University of Science and Technology; Dongfeng Motor Group (China); Taipei Municipal Jen-Ai Hospital; China Southern Power Grid (China)",0000-0003-1281-6376,,
https://openalex.org/A5074473275,Alex S. Park,https://openalex.org/I63966007,Massachusetts Institute of Technology,2007,2007,https://openalex.org/I63966007,2007,2007,The University of Western Australia,"Massachusetts Institute of Technology; University of California, Davis",0000-0002-2052-558X,,
https://openalex.org/A5111538133,Anand Srinivas,https://openalex.org/I63966007,Massachusetts Institute of Technology,2003,2006,https://openalex.org/I63966007,2003,2006,University of Mumbai,IIT@MIT; Massachusetts Institute of Technology; Vanu (United States); Moscow Institute of Thermal Technology,,,
https://openalex.org/A5110010454,Robert E. Whitney,https://openalex.org/I63966007,Massachusetts Institute of Technology,1963,1963,https://openalex.org/I63966007,1963,1963,,Massachusetts Institute of Technology,,,
https://openalex.org/A5024263670,Chang‐Lee Chen,https://openalex.org/I63966007,Massachusetts Institute of Technology,1987,2020,https://openalex.org/I63966007,1987,2020,MIT Lincoln Laboratory; Massachusetts Institute of Technology,University of Alberta; University of Michigan,,,
https://openalex.org/A5047582862,Timothy L. Tellinghuisen,https://openalex.org/I63966007,Massachusetts Institute of Technology,2005,2005,https://openalex.org/I63966007,2005,2005,Roche (Switzerland),Purdue University West Lafayette; Massachusetts Institute of Technology; Rockefeller University; Scripps Research Institute; Center for Cancer Research; Howard Hughes Medical Institute,,,
https://openalex.org/A5010712695,T. Posbergh,https://openalex.org/I63966007,Massachusetts Institute of Technology,1981,1981,https://openalex.org/I63966007,1981,1981,,Massachusetts Institute of Technology,,,
https://openalex.org/A5001249325,James P. Rydock,https://openalex.org/I63966007,Massachusetts Institute of Technology,1991,1991,https://openalex.org/I63966007,1991,1991,Paper and Fibre Research Institute; Norwegian University of Science and Technology,Building Research Institute; Massachusetts Institute of Technology; Washington State University,,,
https://openalex.org/A5006999128,Mohamed-Chahir Fitouhi,https://openalex.org/I63966007,Massachusetts Institute of Technology,2017,2017,https://openalex.org/I63966007,2017,2017,Massachusetts Institute of Technology,Université Laval,,,
https://openalex.org/A5026041727,Hannes Wagner,https://openalex.org/I63966007,Massachusetts Institute of Technology,2014,2016,https://openalex.org/I63966007,2014,2016,GEOMAR Helmholtz Centre for Ocean Research Kiel,Forschungszentrum Jülich; Universität Hamburg; Massachusetts Institute of Technology; Leibniz University Hannover; Hamburg University of Technology; Constructor University; EM Strasbourg Business School; Université de Lille; University of Göttingen; UNSW Sydney; ARC Centre of Excellence in Advanced Molecular Imaging; Johnson Controls (Germany); GEOMAR Technologie GmbH - GTG,,,
https://openalex.org/A5056490043,L. G. Popov,https://openalex.org/I63966007,Massachusetts Institute of Technology,2007,2007,https://openalex.org/I63966007,2007,2007,Nizhny Novgorod State Technical University,Institute of Applied Physics; Massachusetts Institute of Technology; Irkutsk State University; Ofcom; University of Stuttgart,,,
https://openalex.org/A5104061167,Mark L. Shannon,https://openalex.org/I63966007,Massachusetts Institute of Technology,1977,1984,https://openalex.org/I63966007,1977,1984,,Massachusetts Institute of Technology,,,
https://openalex.org/A5055835124,Mackenzie A. Van Camp,https://openalex.org/I63966007,Massachusetts Institute of Technology,2011,2012,https://openalex.org/I63966007,2011,2012,Boston University,IBM (United States); Massachusetts Institute of Technology; MIT-Harvard Center for Ultracold Atoms,,,
https://openalex.org/A5040133867,Erwin London,https://openalex.org/I63966007,Massachusetts Institute of Technology,1981,1983,https://openalex.org/I63966007,1981,1983,Stony Brook University,"Ames Research Center; Wesleyan University; State University of New York; Boston University; National Institute of Allergy and Infectious Diseases; Johns Hopkins University; Massachusetts Institute of Technology; Harvard University; National Institutes of Health; National Institute for Biological Standards and Control; University of California, Irvine; University of California, Berkeley; University of California, San Francisco; Cornell University; New York Proton Center; Center for Information Technology; Geophysical Laboratory; Albert Einstein College of Medicine; Brookhaven National Laboratory; BioEnergetics (United States); Columbia University",0000-0002-1295-0113,,
https://openalex.org/A5067631015,Alex H. Ramos,https://openalex.org/I63966007,Massachusetts Institute of Technology,2011,2012,https://openalex.org/I63966007,2011,2012,,"Harvard University; TU Dortmund University; Max Planck Institute for Metabolism Research; Helios (Slovenia); Massachusetts Institute of Technology; University of Michigan; Dana-Farber Cancer Institute; Harvard University Press; Brigham and Women's Hospital; Max Planck Society; Research Institute Hospital 12 de Octubre; Medico; University of California, Santa Cruz; Massachusetts General Hospital; Integrated Oncology (United States); Memorial Sloan Kettering Cancer Center; Broad Institute",,,
https://openalex.org/A5025496597,Mary Lou Harsa-King,https://openalex.org/I63966007,Massachusetts Institute of Technology,1979,1979,https://openalex.org/I63966007,1979,1979,Indiana University Bloomington,Massachusetts Institute of Technology,,,
https://openalex.org/A5024114906,Marcel Williams,https://openalex.org/I63966007,Massachusetts Institute of Technology,2014,2014,https://openalex.org/I63966007,2014,2014,Massachusetts Institute of Technology,,,,
https://openalex.org/A5075123369,Abraham Ber,https://openalex.org/I63966007,Massachusetts Institute of Technology,1960,1960,https://openalex.org/I63966007,1960,1960,,Ukhta State Technical University; ITRI International; Massachusetts Institute of Technology,,,
https://openalex.org/A5006770491,Annemarthe G. van der Veen,https://openalex.org/I63966007,Massachusetts Institute of Technology,2006,2012,https://openalex.org/I63966007,2006,2012,Leiden University Medical Center,Massachusetts Institute of Technology; The Honourable Society of Lincoln's Inn; Whitehead Institute for Biomedical Research; Cancer Research UK; Leiden University; Massachusetts General Hospital; The Francis Crick Institute; Office of Infectious Diseases,0000-0001-9324-3404,,
https://openalex.org/A5011462271,Neil Strickland,https://openalex.org/I63966007,Massachusetts Institute of Technology,1996,1998,https://openalex.org/I63966007,1996,1998,,Massachusetts Institute of Technology; Trinity College; University of Sheffield; Trinity College London,,,
https://openalex.org/A5032762010,Christine A. Wang,https://openalex.org/I63966007,Massachusetts Institute of Technology,1979,2019,https://openalex.org/I63966007,1979,2019,MIT Lincoln Laboratory,Massachusetts Institute of Technology; National Institute of Standards and Technology; K Lab (United States),0000-0003-4899-5388,,
https://openalex.org/A5060686447,Justin Nowell,https://openalex.org/I63966007,Massachusetts Institute of Technology,1960,1960,https://openalex.org/I63966007,1960,1960,Uniformed Services University of the Health Sciences,St George's Hospital; Imperial College London; Guy's and St Thomas' NHS Foundation Trust; St George's Hospital; St Thomas' Hospital; Virginia Commonwealth University; British Heart Foundation; University of London; RTX (United States); Massachusetts Institute of Technology; St George’s University Hospitals NHS Foundation Trust,,,
https://openalex.org/A5010686334,Graham J. Ray,https://openalex.org/I63966007,Massachusetts Institute of Technology,2020,2025,https://openalex.org/I63966007,2020,2025,,"Whitehead Institute for Biomedical Research; Howard Hughes Medical Institute; National Institutes of Health; Broad Institute; Innovative Genomics Institute; National Cancer Institute; University of California, Berkeley; Massachusetts Institute of Technology",0000-0002-1245-8428,,
https://openalex.org/A5111635379,Hannu Tiitinen,https://openalex.org/I63966007,Massachusetts Institute of Technology,2004,2004,https://openalex.org/I63966007,2004,2004,,Hospital District of Helsinki and Uusimaa; Research Council of Finland; Helsinki Institute of Physics; University of Helsinki; Helsinki University Hospital; Massachusetts General Hospital; Massachusetts Institute of Technology; King's College London; Cortical Dynamics (Australia); Aalto University; Athinoula A. Martinos Center for Biomedical Imaging,,,
https://openalex.org/A5003776110,Mario Baldini,https://openalex.org/I63966007,Massachusetts Institute of Technology,1973,1973,https://openalex.org/I63966007,1973,1973,University of Udine,Memorial Hospital of South Bend; Harvard University; John Brown University; University of Pavia; University of Siena; Massachusetts Institute of Technology; Princess Alexandra Hospital; University of Genoa; National University of Mar del Plata; University of Massachusetts Boston; Massachusetts General Hospital; Hôpital de la Timone; Tufts University; Assistance Publique Hôpitaux de Marseille; Deaconess Hospital; Boston University; Memorial Hospital of Rhode Island; Medical Center Hospital; University of Pisa; Provincia Autonoma di Trento; Tufts Medical Center; Brown University,0000-0001-6669-0823,,
https://openalex.org/A5017656147,Eric A. Standley,https://openalex.org/I63966007,Massachusetts Institute of Technology,2013,2018,https://openalex.org/I63966007,2013,2018,University of Münster; Gilead Sciences (United States),IIT@MIT; Massachusetts Institute of Technology; Boise State University,0000-0003-0680-6788,,
https://openalex.org/A5008408217,Mana Taghdiri,https://openalex.org/I63966007,Massachusetts Institute of Technology,2004,2006,https://openalex.org/I63966007,2004,2006,Nanoscribe (Germany),Karlsruhe Institute of Technology; Massachusetts Institute of Technology; Software (Germany),,,
https://openalex.org/A5103711580,H J Fritz,https://openalex.org/I63966007,Massachusetts Institute of Technology,1979,1979,https://openalex.org/I63966007,1979,1979,University of Göttingen,National Cancer Centre Japan; Massachusetts Institute of Technology; European Molecular Biology Laboratory; Genetikum; Fordham University; North Atlantic Treaty Organization; MRC Laboratory of Molecular Biology; Universität Innsbruck,,,
https://openalex.org/A5000393237,Lulsa T. Mollna,https://openalex.org/I63966007,Massachusetts Institute of Technology,2004,2004,https://openalex.org/I63966007,2004,2004,Massachusetts Institute of Technology,,,,
https://openalex.org/A5051298620,David H. Gregg,https://openalex.org/I63966007,Massachusetts Institute of Technology,1997,1997,https://openalex.org/I63966007,1997,1997,,Land Stewardship Project; University of Minnesota; Wayne State University; Kodak (France); Massachusetts Institute of Technology; HealthPartners; Carestream (United States); Carney Hospital; University of North Carolina at Chapel Hill; National Australia Bank,0000-0002-9258-6752,,
https://openalex.org/A5014727522,Ellen F. Vieux,https://openalex.org/I63966007,Massachusetts Institute of Technology,2011,2013,https://openalex.org/I63966007,2011,2013,,IIT@MIT; Howard Hughes Medical Institute; C4 Therapeutics (United States); Washington University in St. Louis; Massachusetts Institute of Technology; Broad Institute,0000-0003-3815-4366,,
https://openalex.org/A5072485973,Anil Kashyap,https://openalex.org/I63966007,Massachusetts Institute of Technology,1994,1994,https://openalex.org/I63966007,1994,1994,Centre for Economic Policy Research; University of Chicago; National Bureau of Economic Research; Vellore Institute of Technology University; Indian Institute of Public Administration,"Dayanand Medical College & Hospital; Wisconsin School of Professional Psychology; Kobe University; Federal Reserve Board of Governors; Hitotsubashi University; Boston University; University of Oxford; Massachusetts Institute of Technology; Federal Reserve Bank of New York; Amity University; Bay State College; Yale University; Banco de Portugal; Centro de Estudios Monetarios y Financieros; Asian Development Bank Institute; University of California, Santa Cruz; The University of Tokyo; University of Illinois Chicago; Banque de France; Stanford University; London School of Economics and Political Science; Bank of Italy; Federal Reserve; University of California, San Diego; International Monetary Fund; Bank of Japan; Federal Reserve Bank of Chicago; Bank of Cyprus Oncology Center; Bank of England; Dr. Hari Singh Gour University; University of Ulster; European Central Bank; Bank of Spain; Dean College; School of International Relations; Federal Reserve Bank of San Francisco; Imperial College London",0000-0002-9381-7663,,
https://openalex.org/A5024040701,D. Coe,https://openalex.org/I63966007,Massachusetts Institute of Technology,1980,1981,https://openalex.org/I63966007,1980,1981,Aston Martin Lagonda (United Kingdom),"Massachusetts Institute of Technology; University of California, Berkeley; Health Effects Institute",,,
https://openalex.org/A5009177807,Jim Williams,https://openalex.org/I63966007,Massachusetts Institute of Technology,1976,1979,https://openalex.org/I63966007,1976,1979,British Geological Survey; The University of Western Australia; Center of Technology and Engineering for Nuclear Projects,"Monash University; HRL Laboratories (United States); United States Army; Siemens (United States); Uniformed Services University of the Health Sciences; Cold Spring Harbor Laboratory; University of Colorado Boulder; Royal Victoria Infirmary; Johns Hopkins University School of Advanced International Studies; Aneurin Bevan University Health Board; University of Denver; Ames Research Center; St Vincent's Hospital Melbourne; Ealing Hospital; Park University; Siemens (Germany); Purdue University West Lafayette; Royal Gwent Hospital; Eastern Health; Australian National University; Great Western Hospital; University of California, Irvine Medical Center; National Institute for Medical Research; Vrije Universiteit Amsterdam; United States Department of Defense; University of Stirling; Ontario Institute for Cancer Research; Crawley Hospital; Arizona Heart Institute; 3M (United States); University of Bath; HaloSource (United States); London Centre for Nanotechnology; Seattle University; St. Vincent's Birmingham; United States Army Institute of Surgical Research; Indianapolis Zoo; Auburn University; Spire Corporation (United States); Simon Fraser University; Leicester Royal Infirmary; State Hospital; University of Toronto; University of Southern California; Johns Hopkins University; Oak Ridge National Laboratory; University of Iowa; Nature Technology Corporation (United States); Medical Research Council; National Cancer Institute; Centrum Wiskunde & Informatica; University of the West of England; McGill University; Institute of Virology of the Slovak Academy of Sciences; TRIUMF; IBM (United States); Fisheries and Oceans Canada; Murdoch University; Argonne National Laboratory; Committee on Publication Ethics; Max Planck Society; United States Army Medical Research and Development Command; BC Children's Hospital; University of New England; Princeton University; Norfolk Community Health and Care NHS Trust; MRC University of Glasgow Centre for Virus Research; Queen's University Belfast; Columbia University; Los Alamos National Laboratory; College of Charleston; Williams (United States); The University of Melbourne; University of Glasgow; Leiden University; Williams & Associates; Michigan State University; Massachusetts Institute of Technology; Center for Cancer Research; Institute of Physics; University of Otago; Surrey Satellite Technology (United Kingdom); Center for Astrophysics Harvard & Smithsonian; National Aeronautics and Space Administration; Australian Research Council; University of Dundee; UNSW Sydney; Mississippi State University; University of California, Berkeley; University of Cambridge; University of Alabama at Birmingham; University College London; Arizona Heart Hospital; Bowling Green State University; Glenfield Hospital; San Antonio Uniformed Services Health Education Consortium; Australian Commission on Safety and Quality in Health Care; Walter Reed National Military Medical Center; General Atomics (United States); United States Department of the Army; St Petersburg University; Montgomery College; University of Southampton; Makerere University; Carnegie Mellon University; University of Colorado System; Korea Atomic Energy Research Institute; University of California, San Diego",0000-0002-1464-2317,,
https://openalex.org/A5033532774,Yael Maguire,https://openalex.org/I63966007,Massachusetts Institute of Technology,1998,2007,https://openalex.org/I63966007,1998,2007,,Massachusetts Institute of Technology; IIT@MIT,,,
https://openalex.org/A5075971044,Alina Peter,https://openalex.org/I63966007,Massachusetts Institute of Technology,2025,2025,https://openalex.org/I63966007,2025,2025,Ernst Strüngmann Institute for Neuroscience; Massachusetts Institute of Technology,University of Zurich; Goethe University Frankfurt,0000-0001-8497-6235,,
https://openalex.org/A5084789056,Lee B. Spence,https://openalex.org/I63966007,Massachusetts Institute of Technology,2002,2015,https://openalex.org/I63966007,2002,2015,Massachusetts Institute of Technology,MIT Lincoln Laboratory,,,
https://openalex.org/A5113773959,R.O. Davis,https://openalex.org/I63966007,Massachusetts Institute of Technology,2005,2005,https://openalex.org/I63966007,2005,2005,Massachusetts Institute of Technology,"University of Illinois Urbana-Champaign; University of California, Davis; Javon Bea Hospital-Rockton",,,
https://openalex.org/A5039167346,Lucia M. Vaina,https://openalex.org/I63966007,Massachusetts Institute of Technology,1982,2001,https://openalex.org/I63966007,1982,2001,Institute of Cognitive and Brain Sciences; Boston University; Athinoula A. Martinos Center for Biomedical Imaging; Massachusetts Institute of Technology; Harvard University,Intelligent Systems Research (United States); Kingston University; Harvard–MIT Division of Health Sciences and Technology; Massachusetts General Hospital; New York University Press; Brain (Germany); Brigham and Women's Hospital; Princeton University; University of Massachusetts Boston; RELX Group (United Kingdom),0000-0002-5636-8352,,
https://openalex.org/A5032797819,H.S. Chen,https://openalex.org/I63966007,Massachusetts Institute of Technology,2020,2020,https://openalex.org/I63966007,2020,2020,,Massachusetts Institute of Technology,,,
https://openalex.org/A5111646702,J. E. Wergedal,https://openalex.org/I63966007,Massachusetts Institute of Technology,1964,1964,https://openalex.org/I63966007,1964,1964,Jerry L. Pettis Memorial VA Medical Center,University of Washington; Massachusetts Institute of Technology; United States Department of Veterans Affairs; Loma Linda Veterans Association for Research and Education; Loma Linda University; Heidelberg University; University of Wisconsin–Madison; Loma Linda University Medical Center; VA Loma Linda Healthcare System,,,
https://openalex.org/A5058189950,GJ Yurek,https://openalex.org/I63966007,Massachusetts Institute of Technology,1977,1977,https://openalex.org/I63966007,1977,1977,Massachusetts Institute of Technology,,,,
https://openalex.org/A5082588835,Birago Jones,https://openalex.org/I63966007,Massachusetts Institute of Technology,2011,2021,https://openalex.org/I63966007,2011,2021,Massachusetts Institute of Technology,,,,
https://openalex.org/A5024171296,M S Rosenkrantz,https://openalex.org/I63966007,Massachusetts Institute of Technology,1986,1986,https://openalex.org/I63966007,1986,1986,Virginia Commonwealth University Medical Center,Tufts University; New Span Opto-Technology (United States); Massachusetts Institute of Technology; United States Department of Veterans Affairs; University of Oxford; University of Texas Health Science Center at Dallas,,,
https://openalex.org/A5109374788,Qi Yang,https://openalex.org/I63966007,Massachusetts Institute of Technology,2022,2022,https://openalex.org/I63966007,2022,2022,Massachusetts Institute of Technology,Museum of the Earth,,,
https://openalex.org/A5011945536,R M Procter,https://openalex.org/I63966007,Massachusetts Institute of Technology,1988,1988,https://openalex.org/I63966007,1988,1988,,University of Manchester; Geological Survey of Canada; Massachusetts Institute of Technology,,,
https://openalex.org/A5073609806,Christian Floerkemeier,https://openalex.org/I63966007,Massachusetts Institute of Technology,2007,2011,https://openalex.org/I63966007,2007,2011,,Massachusetts Institute of Technology; Delft University of Technology; ETH Zurich; University of St.Gallen; University of Cambridge,,,
https://openalex.org/A5043823964,Lori Won,https://openalex.org/I63966007,Massachusetts Institute of Technology,2022,2023,https://openalex.org/I63966007,2022,2023,Massachusetts Institute of Technology,Allen Institute; Koch Institute for Integrative Cancer Research At MIT,,,
https://openalex.org/A5010894574,John D. W. Madden,https://openalex.org/I63966007,Massachusetts Institute of Technology,1996,2002,https://openalex.org/I63966007,1996,2002,Materials Processing (United States); University of British Columbia,University of British Columbia Hospital; Okanagan University College; Rockwell Automation (United States); Georgia Institute of Technology; Institute of Science and Technology; IIT@MIT; Massachusetts Institute of Technology; University of Northern British Columbia; University of Manchester; Vancouver Biotech (Canada); International Collaboration On Repair Discoveries,0000-0002-0014-4712,,
https://openalex.org/A5069161059,Brian Clarkson,https://openalex.org/I63966007,Massachusetts Institute of Technology,2001,2001,https://openalex.org/I63966007,2001,2001,Sony Computer Science Laboratories,Human Media; Advanced Telecommunications Research Institute International; MIT Lincoln Laboratory; Massachusetts Institute of Technology,,,
https://openalex.org/A5030846621,Virgile Galle,https://openalex.org/I63966007,Massachusetts Institute of Technology,2018,2018,https://openalex.org/I63966007,2018,2018,,Massachusetts Institute of Technology,,,
https://openalex.org/A5073763243,Scott T. Weiss,https://openalex.org/I63966007,Massachusetts Institute of Technology,2005,2005,https://openalex.org/I63966007,2005,2005,Harvard University; Nemours Children's Health System; Northwell Health; Brigham and Women's Hospital; Cohort (United Kingdom); Mass General Brigham; Hofstra University; California Polytechnic State University; Cohen Children's Medical Center; Baylor University,"Medisch Centrum Leeuwarden; McMaster University; Outcomes Research Consortium; The Ohio State University; University of Bergen; Johns Hopkins University; Wake Forest University; Columbia University; Leiden University Medical Center; University of Colorado Denver; Sapienza University of Rome; Philadelphia University; Providence College; University of Utah; University of Cincinnati; Tufts University; Ludwig Cancer Research; Pulmonary and Critical Care Associates; Children's Mercy Hospital; The University of Melbourne; Women's Hospital; National Institutes of Health; Beth Israel Deaconess Hospital; Boston Medical Center; Woman's Hospital; Massachusetts Institute of Technology; University of Pennsylvania; Boston University; Tulane University; Loyola University Chicago; European Broadcasting Union; VA Boston Healthcare System; Engineering (Italy); QIMR Berghofer Medical Research Institute; University of California, San Francisco; Howard Hughes Medical Institute; Oxford University Press (United Kingdom); The University of Sydney; Research Network (United States); China-Japan Friendship Hospital; Harvard University Press; Northwestern Memorial Hospital; University of Cincinnati Medical Center; Center for Genomic Science; Nemours Children's Clinic; Dana-Farber Cancer Institute; Institute of Cancer Research; University of Chicago; University of Memphis; Harry Perkins Institute of Medical Research; Abbott (Canada); University of Massachusetts Chan Medical School; Beth Israel Deaconess Medical Center; Harlem Hospital Center; Massachusetts General Hospital; Children's Hospital of Philadelphia; United States Department of Veterans Affairs; Université du Québec à Montréal; Bridgeport Hospital; Mount Sinai Beth Israel; Northwest A&F University; Pulmonary Associates; Carnegie Mellon University; Jackson Laboratory; University Medical Center; Cancer Genetics (United States); Dialyse Centrum Groningen; Miriam Hospital; Case Western Reserve University; University of Puget Sound; Statistical Service; Harvard Pilgrim Health Care; University of California, Davis; University of Groningen; The University of Western Australia; National Jewish Health; Erasmus MC; University of Maryland, Baltimore; The University of Texas Health Science Center at Houston; Nottingham City Hospital; Anhui Medical University; Memorial Sloan Kettering Cancer Center; Tsinghua University; Quinnipiac University; Health Outcomes Solutions (United States); National Heart Lung and Blood Institute; University of Colorado Health; University of Virginia; Yale University; Group Health Cooperative; Brown University; Genomic (Brazil); Center for Human Genetics; Albany Medical Center Hospital; University of Nottingham; Johnson & Johnson (United States); University of Southern California; Centre for Eye Research Australia; The Royal Melbourne Hospital; Queen Elizabeth Hospital; American Lung Association; Université du Québec à Chicoutimi; Northwestern University; University of Arizona; Nemours Children’s Clinic; Myongji Hospital; Institute for Molecular Medicine; The University of Adelaide; RIKEN Center for Integrative Medical Sciences; New England Baptist Hospital; Michigan State University; Institut Universitaire de Cardiologie et de Pneumologie de Québec; Instituto Nacional de Enfermedades Respiratorias; Atrium Medical Cente; Charlottesville Medical Research; Broad Institute; San Francisco General Hospital; University of Pittsburgh; Kaiser Permanente; Boston Children's Hospital",0000-0001-7196-303X,,
https://openalex.org/A5100707460,Mengdi Wang,https://openalex.org/I63966007,Massachusetts Institute of Technology,2013,2013,https://openalex.org/I63966007,2013,2013,Chongqing University of Posts and Telecommunications; Beijing Hospital of Traditional Chinese Medicine; Peking University; Nanjing Normal University; Shaanxi Normal University; Zhejiang University of Technology; Wenzhou Medical University; Capital Medical University; Hebei University of Chinese Medicine; Tianjin University; Huazhong University of Science and Technology; Affiliated Eye Hospital of Wenzhou Medical College; Shanxi Medical University; Beijing National Laboratory for Molecular Sciences; Shanghai University of Electric Power; Hainan Medical University; Chinese Academy of Medical Sciences & Peking Union Medical College; École Polytechnique Fédérale de Lausanne; Beijing Information Science & Technology University; Princeton University; Fuyang Normal University; Xi'an University of Science and Technology,Fuzhou University; Microsoft Research (United Kingdom); State Forestry and Grassland Administration; Dartmouth College; Hebei Medical University; State Key Laboratory of Pollution Control and Resource Reuse; Dongzhimen Hospital Affiliated to Beijing University of Chinese Medicine; Hebei University of Technology; Jiangnan University; Yangzhou University; Huaiyin Institute of Technology; Alibaba Group (United States); Fujian Normal University; Huazhong Agricultural University; China People's Public Security University; Changsha Medical University; Henan University; DeepMind (United Kingdom); Dartmouth Hospital; Qingdao University of Science and Technology; University of Bristol; China Telecom (China); University of Jinan; Jiangsu University; Weatherford College; Chinese Academy of Agricultural Sciences; Tianjin Medical University; Nanjing University; Jiangxi University of Traditional Chinese Medicine; Kunming University of Science and Technology; Technical University of Munich; Harbin Medical University; Stanford University; Sichuan University; Decision Systems (United States); Guangxi Science and Technology Department; KTH Royal Institute of Technology; Henan Normal University; Alibaba Group (China); Nanning Normal University; Second Hospital of Hebei Medical University; Shenzhen University; University of Portsmouth; Shenyang University of Technology; Central South University; Duke University; Shenzhen Technology University; China-Japan Friendship Hospital; Beijing Normal University; Massachusetts Institute of Technology; Chuzhou University; Chongqing University; Nankai University; Hubei University; Southwest Medical University; University of Auckland; Xi'an Jiaotong University; Northeast Normal University; Shanghai Veterinary Research Institute; University of South China; Beijing Forestry University; Northeast Forestry University; Beijing Academy of Agricultural and Forestry Sciences; Second Affiliated Hospital of Harbin Medical University; Anhui University of Technology; Northwest A&F University; Tongji University; Guangdong-Hongkong-Macau Joint Laboratory of Collaborative Innovation for Environmental Quality; Shandong University; Chongqing Medical University; IIT@MIT; Southeast University; Institute of Grassland Research; Children's Hospital of Chongqing Medical University; East China Normal University; Guangxi Normal University; Yantai University; Affiliated Hospital of Jiangsu University; Jiangxi Science and Technology Normal University; University of Pittsburgh,0000-0002-2101-9507,,
https://openalex.org/A5082665353,Bae‐Ian Wu,https://openalex.org/I63966007,Massachusetts Institute of Technology,2000,2010,https://openalex.org/I63966007,2000,2010,Chinese People's Liberation Army; First Affiliated Hospital of GuangXi Medical University; Zunyi Medical University; Guangxi Medical University; Stomatology Hospital,United States Air Force Research Laboratory; National University of Singapore; Defense Engineering Corporation (United States); National Engineering Research Center of Electromagnetic Radiation Control Materials; Massachusetts Institute of Technology; Northwestern University; Northeastern University; Shandong University; Zhejiang University; Beijing Jiaotong University; Wright-Patterson Air Force Base; University of Electronic Science and Technology of China,0000-0002-8437-3239,,
https://openalex.org/A5101559837,Malte Hoffmann,https://openalex.org/I63966007,Massachusetts Institute of Technology,2023,2023,https://openalex.org/I63966007,2023,2023,Harvard University; Athinoula A. Martinos Center for Biomedical Imaging; Massachusetts General Hospital,IIT@MIT; University of Cambridge; Massachusetts Institute of Technology; Hamburg Institute of International Economics; University of Stuttgart; Christian-Albrechts-Universität zu Kiel,0000-0002-5511-0739,,
https://openalex.org/A5058045113,David Leviatin,https://openalex.org/I63966007,Massachusetts Institute of Technology,1994,1994,https://openalex.org/I63966007,1994,1994,,University of the Pacific; Massachusetts Institute of Technology; Portland State University,,,
https://openalex.org/A5109596902,Russell R. Pfeiffer,https://openalex.org/I63966007,Massachusetts Institute of Technology,1964,1966,https://openalex.org/I63966007,1964,1966,Washington University in St. Louis,Massachusetts Eye and Ear Infirmary; Massachusetts Institute of Technology; University of Missouri–St. Louis,,,
https://openalex.org/A5046216024,John Forster,https://openalex.org/I63966007,Massachusetts Institute of Technology,1985,1985,https://openalex.org/I63966007,1985,1985,,Applied Materials (United States); Dimagi (United States); The University of Texas at Austin; Yale University; Massachusetts Institute of Technology; IBM (United States); Rensselaer Polytechnic Institute; Fusion Academy; IBM Research - Thomas J. Watson Research Center; Fusion (United States),,,
https://openalex.org/A5090899730,Ajay Modi,https://openalex.org/I63966007,Massachusetts Institute of Technology,1996,1996,https://openalex.org/I63966007,1996,1996,,Carnegie Mellon University; Arizona State University; AspenTech (United States); Northwestern University; Massachusetts Institute of Technology,,,
https://openalex.org/A5069902722,Lee W. McKnight,https://openalex.org/I63966007,Massachusetts Institute of Technology,1985,2013,https://openalex.org/I63966007,1985,2013,,Syracuse University; Tufts University; College of Law; Massachusetts Institute of Technology,0000-0001-9110-8727,,
https://openalex.org/A5100715543,Yichen Li,https://openalex.org/I63966007,Massachusetts Institute of Technology,2016,2016,https://openalex.org/I63966007,2016,2016,Northwestern Polytechnical University,"Intel (Taiwan); Harvard University; St. John's University; National Taiwan University; Massachusetts Institute of Technology; North China Electric Power University; Nanjing University of Posts and Telecommunications; Brigham and Women's Hospital; National Tsing Hua University; Industrial Technology Research Institute; Innovation Research Center; Harvard–MIT Division of Health Sciences and Technology; China University of Petroleum, East China",0000-0003-4081-3885,,
https://openalex.org/A5003697468,Jakob Zech,https://openalex.org/I63966007,Massachusetts Institute of Technology,2020,2020,https://openalex.org/I63966007,2020,2020,Heidelberg University; Forschungsstätte der Evangelischen Studiengemeinschaft,American Institute of Aeronautics and Astronautics; ETH Zurich; Massachusetts Institute of Technology,0000-0003-3163-3735,,
https://openalex.org/A5029865853,Jonathan Long,https://openalex.org/I63966007,Massachusetts Institute of Technology,2010,2010,https://openalex.org/I63966007,2010,2010,Leeds Beckett University,University of Edinburgh; Massachusetts Institute of Technology,0000-0001-5220-1152,,
https://openalex.org/A5006770666,Jia‐Hong Gao,https://openalex.org/I63966007,Massachusetts Institute of Technology,1994,1994,https://openalex.org/I63966007,1994,1994,Peking University; Institute of Biophysics; McGovern Institute for Brain Research; Chinese Institute for Brain Research; Affiliated Hospital of Southwest Medical University; Imaging Center; University of Science and Technology of China,Institute for Reproductive Health; Murphy Oil Corporation (United States); National Natural Science Foundation of China; Parsons (United States); Shenzhen Maternity and Child Healthcare Hospital; Yale University; The University of Texas at San Antonio; Shanghai International Studies University; Yuhuangding Hospital; Robert Bosch (Germany); University of Chicago; Affiliated Hospital of Guizhou Medical University; The University of Texas Health Science Center at San Antonio; China Aerospace Science and Industry Corporation (China); Anhui Medical University; Dalian University of Technology; South Texas Veterans Health Care System; Chinese Academy of Medical Sciences & Peking Union Medical College; Université de Montréal; Guiyang Medical University; University of Florida; Shenzhen Institute of Neuroscience; Changchun University of Technology; Hefei National Center for Physical Sciences at Nanoscale; Shenzhen University; Massachusetts Institute of Technology; University of Hong Kong; Geriatric Research Education and Clinical Center; Peking University Sixth Hospital; Beijing Automation Control Equipment Institute; Hong Kong Polytechnic University; Center for Interdisciplinary Studies; King University; Center for Life Sciences,0000-0002-9311-0297,,
https://openalex.org/A5056754789,Hudson Borja da Rocha,https://openalex.org/I63966007,Massachusetts Institute of Technology,2025,2025,https://openalex.org/I63966007,2025,2025,,École Polytechnique; Collège de France; Inserm; ESPCI Paris; Université Paris Sciences et Lettres; Université Paris-Saclay; Massachusetts Institute of Technology; Laboratoire Mécanique des Solides; Centre Interdisciplinaire de Recherche en Biologie; Centre National de la Recherche Scientifique; Physique et Mécanique des Milieux Hétérogènes,0000-0001-9615-2022,,
https://openalex.org/A5017701430,Alfred K. Susskind,https://openalex.org/I63966007,Massachusetts Institute of Technology,1958,1958,https://openalex.org/I63966007,1958,1958,Lehigh University,Massachusetts Institute of Technology,,,
https://openalex.org/A5019751546,Alexander Morgart,https://openalex.org/I63966007,Massachusetts Institute of Technology,2022,2022,https://openalex.org/I63966007,2022,2022,Massachusetts Institute of Technology; Boston Children's Hospital,,,,
https://openalex.org/A5111026097,Y. Chen,https://openalex.org/I63966007,Massachusetts Institute of Technology,1999,2004,https://openalex.org/I63966007,1999,2004,Nagoya University; Massachusetts Institute of Technology,California Institute of Technology,,,
https://openalex.org/A5010795553,Ranjit Kumar Das,https://openalex.org/I63966007,Massachusetts Institute of Technology,2025,2025,https://openalex.org/I63966007,2025,2025,Massachusetts Institute of Technology; North Eastern Space Applications Centre; The University of Texas Rio Grande Valley,"Western General Hospital; Defence Research and Development Laboratory; Bankura Sammilani Medical College; Odisha University of Agriculture and Technology; Mary Lyon Centre at MRC Harwell; Jadavpur University; Sambalpur University; Institute of Post Graduate Medical Education and Research; Medical College and Hospital, Kolkata; Indian Institute of Water Management; University of Calcutta; Government of India; University of Oslo; Patna Medical College and Hospital; KIIT University; Vivekananda Institute of Medical Sciences; R. G. Kar Medical College and Hospital; National Center for Disease Control; Sriram Chandra Bhanja Medical College Hospital; ATA Engineering (United States); Bangladesh Air Force Shaheen College; Gauhati University",0000-0003-2417-0939,,
https://openalex.org/A5051394046,Zhengli Han,https://openalex.org/I63966007,Massachusetts Institute of Technology,2016,2019,https://openalex.org/I63966007,2016,2019,,University of Central Florida; The University of Adelaide; RIKEN Center for Advanced Photonics; Texas A&M University; Tianjin University; Chongqing University; Singapore University of Technology and Design; Nitto RIKEN (Japan); Hebrew University of Jerusalem; North Carolina State University; The University of Western Australia; Northwestern Polytechnical University; Materials Processing (United States); The University of Tokyo; Aalto University; PLA Navy General Hospital; Jet Propulsion Laboratory; Nippon Soken (Japan); Space Information Laboratories (United States); CapeSym (United States); UCLA Health; Massachusetts Institute of Technology; Moscow Institute of Thermal Technology; RIKEN,0000-0002-8648-854X,,
https://openalex.org/A5111381458,James. G. Fox,https://openalex.org/I63966007,Massachusetts Institute of Technology,2000,2000,https://openalex.org/I63966007,2000,2000,Massachusetts Institute of Technology,,,,
https://openalex.org/A5079014047,G. H. Collin,https://openalex.org/I63966007,Massachusetts Institute of Technology,2023,2023,https://openalex.org/I63966007,2023,2023,,Massachusetts Institute of Technology,,,
https://openalex.org/A5017132742,Michael J. Baum,https://openalex.org/I63966007,Massachusetts Institute of Technology,1979,1987,https://openalex.org/I63966007,1979,1987,Boston University,"Brown University; Monash Medical Centre; Deutsches Herzzentrum München; Universidad Nacional Autónoma de México; University of California, San Francisco; Alder Hey Children's Hospital; Natural History Museum Rotterdam; University of Cambridge; Tufts Medical Center; Science Oxford; Women & Infants Hospital of Rhode Island; University College London; Erasmus University Rotterdam; Royal Marsden NHS Foundation Trust; Massachusetts Institute of Technology; University of Gothenburg; University of Liverpool; University of Florida; Hadassah Academic College; Rotterdam University of Applied Sciences; McGill University; Royal Marsden Hospital; University of Edinburgh; Heidelberg University; The King's College; Eunice Kennedy Shriver Center; Monash University; Universidad Anáhuac; St Christopher's Hospice; Cochrane; Neurology, Inc; National Drug Addiction Center; German Cancer Research Center; University of Nottingham; International Center for Agricultural Research in the Dry Areas; The University of Texas Southwestern Medical Center; Cal Humanities; Yale University; University of Pittsburgh; King's College Hospital; Harvard University; Tufts University; University of Texas Health Science Center at Dallas; DKFZ-ZMBH Alliance; University of Bristol",0000-0003-3066-437X,,
https://openalex.org/A5101497042,Arvind Krishnamurthy,https://openalex.org/I63966007,Massachusetts Institute of Technology,2002,2002,https://openalex.org/I63966007,2002,2002,National Bureau of Economic Research; Stanford University; Economic Policy Institute; Seattle University; University of Washington; Cancer Institute (WIA),"Metroeconomica (United Kingdom); IIT@MIT; Johns Hopkins University; Georgetown University; University of Rochester; United States University; Arizona State University; American Economic Association; The University of Texas at Dallas; Duke University; SIL International; DePaul University; Princeton University; Goethe University Frankfurt; Loyola University Chicago; W.K. Kellogg Foundation; Kuvempu University; Bay State College; Stanford Medicine; University of California, Davis; Lawrence Berkeley National Laboratory; Massachusetts Institute of Technology; Stockholm School of Economics; London Business School; University of Pennsylvania; Boston University; Northwestern University; University of Southern California; Google (United States); University of Illinois Chicago; Northwestern University; University of Illinois Urbana-Champaign; Federal Reserve Bank of San Francisco; Anderson University - South Carolina; Yale University; Kellogg's (Canada); Paderborn University; New York University; Federal Reserve Bank of Atlanta; University of California, Los Angeles; Columbia University; Washington University in St. Louis; Banco de Portugal; University of Rhode Island; École Polytechnique Fédérale de Lausanne; Institut d'Etudes Politiques de Paris; Stevens Institute of Technology; Banque de France; Swiss Finance Institute; International Computer Science Institute; University of Michigan; Imperial Valley College; University of California, Berkeley; University of Chicago; University of Pittsburgh; International Paper (United States); Conference Board; Bank of Canada; Federal Reserve Bank of Chicago; Cornell University; Palo Alto University; Federal Reserve Board of Governors",0000-0002-9505-9528,,
https://openalex.org/A5027389407,N. Lehtomaki,https://openalex.org/I63966007,Massachusetts Institute of Technology,1977,1981,https://openalex.org/I63966007,1977,1981,Alliant Techsystems (United States),Honeywell (United States); Lockheed Martin (United States); Massachusetts Institute of Technology,,,
https://openalex.org/A5090778664,Erin Flynn,https://openalex.org/I63966007,Massachusetts Institute of Technology,1997,1997,https://openalex.org/I63966007,1997,1997,University of San Francisco,Massachusetts Institute of Technology,,,
https://openalex.org/A5064152404,Thomas D. Willett,https://openalex.org/I63966007,Massachusetts Institute of Technology,1986,1989,https://openalex.org/I63966007,1986,1989,Claremont Graduate University; Claremont Institute; Claremont McKenna College,"University of Pittsburgh; Texas A&M University; University of Iowa; Saint Mary's University; Amherst College; Carnegie Mellon University; Queen's University; Yale University; St. Cloud State University; Vanderbilt University; Wesleyan University; University of Michigan; University of Wisconsin–Madison; McGill University; Princeton University; Treasury; Utah State University; The Ohio State University; Harvard University; Brandeis University; The University of Texas at Austin; Florida State University; Louisiana State University; Scripps College; University of California, Berkeley; Columbia University; New York University; Duke University; University of California, San Diego; University of Minnesota; Ford Foundation; Smith College; University of Calgary; Union College; University of Oregon; Syracuse University; University of Southern California; Northwestern University; Virginia Tech; University of Pennsylvania; Stanford University; North Carolina State University; Graduate School USA; School of International Relations; Office of International Affairs; United States Department of the Treasury; Alfred P. Sloan Foundation; Dartmouth College; Cornell University; Rutgers, The State University of New Jersey; United Nations; University of Perugia; University of Virginia; University of Dayton; University of California, Los Angeles; University of Maryland, College Park; The University of Sydney; National Taiwan University; Motorola (United States); University of Colorado Boulder; Colonial Williamsburg Foundation; University of Washington; McMaster University; University of California, Santa Barbara; University of Vermont; University of North Carolina at Chapel Hill; University of Massachusetts Amherst; Centre d'études et de recherches internationales de Sciences Po; University of New Mexico; University of California, Davis; Peterson Institute for International Economics; Claremont Colleges; Woodrow Wilson International Center for Scholars; The Open University; Pitzer College; Harvard University Press; University of Wyoming; University of Missouri–St. Louis; Economic Policy Institute; National Chung Hsing University; Massachusetts Institute of Technology; United States Institute of Peace; California Institute of Technology",0000-0003-4757-7598,,
https://openalex.org/A5074319614,A. Gondhalekar,https://openalex.org/I63966007,Massachusetts Institute of Technology,1977,1979,https://openalex.org/I63966007,1977,1979,,Plasma Technology (United States); Max Planck Society; Fusion Academy; Culham Science Centre; Tekes; Massachusetts Institute of Technology; Max Planck Institute for Plasma Physics; Princeton Plasma Physics Laboratory; Joint European Torus; Culham Centre for Fusion Energy; United Kingdom Atomic Energy Authority; University of Stuttgart; Fusion (United States),,,
https://openalex.org/A5109214110,Marija D. Ilie,https://openalex.org/I63966007,Massachusetts Institute of Technology,1991,1991,https://openalex.org/I63966007,1991,1991,Massachusetts Institute of Technology; MIT Lincoln Laboratory,Delft University of Technology; Carnegie Mellon University,,,
https://openalex.org/A5061341492,Aditya M. Kunjapur,https://openalex.org/I63966007,Massachusetts Institute of Technology,2014,2019,https://openalex.org/I63966007,2014,2019,University of Delaware,Georgetown University; Massachusetts Institute of Technology; The University of Texas at Austin; Harvard University,0000-0001-6869-9530,,
https://openalex.org/A5022875077,Merav Parter,https://openalex.org/I63966007,Massachusetts Institute of Technology,2016,2016,https://openalex.org/I63966007,2016,2016,European Research Council; European Union; Weizmann Institute of Science,Massachusetts Institute of Technology; New York University; European Science Foundation,0000-0002-2357-2445,,
https://openalex.org/A5109219208,Gary T. Leavens,https://openalex.org/I63966007,Massachusetts Institute of Technology,1984,1984,https://openalex.org/I63966007,1984,1984,,University of Central Florida; Iowa State University; Massachusetts Institute of Technology,,,
https://openalex.org/A5031545966,Jean‐Marie Choffray,https://openalex.org/I63966007,Massachusetts Institute of Technology,1976,1987,https://openalex.org/I63966007,1976,1987,University of Liège,CY Cergy Paris Université; École Supérieure des Sciences Économiques et Commerciales; Institut Superieur de Gestion; Massachusetts Institute of Technology,,,
https://openalex.org/A5066310794,Ming-Ru Wu,https://openalex.org/I63966007,Massachusetts Institute of Technology,2017,2022,https://openalex.org/I63966007,2017,2022,Harvard University,"Taipei Municipal Jen-Ai Hospital; Dana-Farber Cancer Institute; National Taiwan University; Massachusetts Institute of Technology; Genomics Research Center, Academia Sinica; Dartmouth College; National Kaohsiung University of Applied Sciences",,,
https://openalex.org/A5085526843,Mazen Nasrallah,https://openalex.org/I63966007,Massachusetts Institute of Technology,2021,2024,https://openalex.org/I63966007,2021,2024,Lynn University,"Massachusetts Institute of Technology; Cleveland Clinic; MGH Institute of Health Professions; Massachusetts General Hospital; Stanford University; Global Cancer Institute; University of Pennsylvania Health System; Broad Institute; Mass General Brigham; Harvard University; Penn Center for AIDS Research; University of California, San Francisco",,,
https://openalex.org/A5055435218,J. Baratti,https://openalex.org/I63966007,Massachusetts Institute of Technology,1978,1978,https://openalex.org/I63966007,1978,1978,,Institut de Recherche Dupuy de Lôme; Institut Agronomique et Vétérinaire Hassan II; Centre National de la Recherche Scientifique; Biocat; Architecture et Fonction des Macromolécules Biologiques; Centre d’Immunologie de Marseille-Luminy; Centre National pour la Recherche Scientifique et Technique (CNRST); Massachusetts Institute of Technology; École Normale Supérieure - PSL; Aix-Marseille Université; Laboratoire de Chimie Bactérienne; Institut de Neurobiologie de la Méditerranée,,,
https://openalex.org/A5037450342,Jaephil Cho,https://openalex.org/I63966007,Massachusetts Institute of Technology,2007,2007,https://openalex.org/I63966007,2007,2007,Ulsan National Institute of Science and Technology,"Government of the Republic of Korea; Hanyang University; Harvard University Press; Stanford University; Kumoh National Institute of Technology; National Institute of Standards and Technology; Ulsan College; Weatherford College; Seoul National University; Green Technology Center; Samsung (South Korea); Iowa State University; University of Waterloo; University of Ulsan; University of Wollongong; Pohang University of Science and Technology; Ames National Laboratory; University at Buffalo, State University of New York; Kyungpook National University; Institute of Science and Technology; Georgia Institute of Technology; Korea Basic Science Institute; Pohang Accelerator Laboratory; Massachusetts Institute of Technology; University of St Andrews; Naval Surface Warfare Center; Columbia University; Korea Advanced Institute of Science and Technology",0000-0002-3890-1432,,
https://openalex.org/A5036193340,F. K. Baganoff,https://openalex.org/I63966007,Massachusetts Institute of Technology,1998,2017,https://openalex.org/I63966007,1998,2017,,"Vassar College; Kavli Institute for Particle Astrophysics and Cosmology; Moscow Institute of Thermal Technology; Massachusetts Institute of Technology; University of California, Los Angeles",,,
https://openalex.org/A5048904961,Lois Pollak,https://openalex.org/I63966007,Massachusetts Institute of Technology,1990,1990,https://openalex.org/I63966007,1990,1990,Massachusetts Institute of Technology,,,,
https://openalex.org/A5018734150,Balaji Prabhakar,https://openalex.org/I63966007,Massachusetts Institute of Technology,1999,2002,https://openalex.org/I63966007,1999,2002,Stanford University; Palo Alto University,"Information Systems Laboratories (United States); University of California, Los Angeles; Université Paris Cité; Hewlett-Packard (United Kingdom); Jawaharlal Nehru Technological University, Hyderabad; Laboratoire d'Informatique Algorithmique: Fondements et Applications; Massachusetts Institute of Technology; Hewlett-Packard (United States); Centre National de la Recherche Scientifique",,,
https://openalex.org/A5002767768,Tianyi Peng,https://openalex.org/I63966007,Massachusetts Institute of Technology,2020,2020,https://openalex.org/I63966007,2020,2020,Columbia University,Massachusetts Institute of Technology; American Institute of Aeronautics and Astronautics; Southeast University; Tsinghua University; Sprint (United States); Zhejiang Sci-Tech University; Sun Yat-sen University; Decision Systems (United States); Northwestern Polytechnical University,0000-0002-9046-3206,,
https://openalex.org/A5067150001,M.F. Comerford,https://openalex.org/I63966007,Massachusetts Institute of Technology,1956,1958,https://openalex.org/I63966007,1956,1958,,Harvard College Observatory; Smithsonian Astrophysical Observatory; Massachusetts Institute of Technology,,,
https://openalex.org/A5065920319,Gabrielle T Drummond,https://openalex.org/I63966007,Massachusetts Institute of Technology,2018,2025,https://openalex.org/I63966007,2018,2025,Massachusetts Institute of Technology; Institute of Cognitive and Brain Sciences,Kennedy Krieger Institute,0000-0001-9903-6211,,
https://openalex.org/A5082049451,Kenji Taniguchi,https://openalex.org/I63966007,Massachusetts Institute of Technology,1983,1985,https://openalex.org/I63966007,1983,1985,Kanazawa University,"Panasonic (Japan); Thuyloi University; Texas Instruments (United States); Massachusetts Institute of Technology; Shimane University; Siemens (Germany); University of Florida; Toshiba (United States); Nagasaki University; Fujita Health University; Kyoto University of Education; Okayama University; Kyushu Institute of Technology; Toshiba (Japan); Central Institute for Experimental Animals; Philips (United States); Kurume Institute of Technology; Aoyama Gakuin University; Kōchi University; Prefectural University of Hiroshima; Fujitsu (Japan); Stanford University; TU Wien; Sasebo City General Hospital; The University of Osaka; IMEC; Hiroshima City University; Kyushu University; Hiroshima University; Toshiba (South Korea); Chugai Pharma (United States); Naga Municipal Hospital; Komaki City Hospital; Osaka Electro-Communication University; Nagoya University; National Institute of Technology, Kushiro College; Meijo University; Sapporo Science Center; National Institute of Genetics; Mochida Pharmaceutical (Japan); The University of Tokyo",0000-0001-5980-1943,,
https://openalex.org/A5077937856,Cindi A. Lewis,https://openalex.org/I63966007,Massachusetts Institute of Technology,2010,2010,https://openalex.org/I63966007,2010,2010,,University of New Mexico; Massachusetts Institute of Technology; University of Rochester Medical Center; Claflin University; University of Rochester,,,
https://openalex.org/A5081018738,Alexandre Heuillet,https://openalex.org/I63966007,Massachusetts Institute of Technology,2024,2024,https://openalex.org/I63966007,2024,2024,"Informatique, BioInformatique, Systèmes Complexes; Massachusetts Institute of Technology; Université Paris-Saclay",Institut Polytechnique de Bordeaux,0000-0003-2109-7895,,
https://openalex.org/A5053626123,Edward M. Scolnick,https://openalex.org/I63966007,Massachusetts Institute of Technology,2004,2018,https://openalex.org/I63966007,2004,2018,,"National Institutes of Health; Broad Institute; Cancer Institute (WIA); Cancer Genetics (United States); Baylor College of Medicine; Howard Hughes Medical Institute; Scripps Research Institute; Massachusetts Institute of Technology; Stanley Center for Psychiatric Research; High Throughput Biology (United States); University of California, San Francisco; Center for Human Genetics; Harvard University; Stanley Foundation; National Heart Lung and Blood Institute; University of California System; University of California, Berkeley; California Institute of Technology; Beth Israel Deaconess Medical Center; Harvard University Press; Industrial Research Institute; University of California, Davis; Merck (Japan); United States Military Academy; National Cancer Institute; Massachusetts General Hospital; National Postdoctoral Association; Merck & Co., Inc., Rahway, NJ, USA (United States); National Taiwan University; United States Army Medical Research Institute of Infectious Diseases; NeuroDevelopment Center; National Institute of Allergy and Infectious Diseases; Dartmouth–Hitchcock Medical Center",0000-0001-9429-1547,,
https://openalex.org/A5017763839,Daniel F. Kacher,https://openalex.org/I63966007,Massachusetts Institute of Technology,2000,2000,https://openalex.org/I63966007,2000,2000,Brigham and Women's Hospital; Harvard University,Signature Healthcare Brockton Hospital; Helsinki University Hospital; Guided Therapeutics (United States); VA Boston Healthcare System; Dana-Farber Brigham Cancer Center; Massachusetts Institute of Technology; Christian-Albrechts-Universität zu Kiel; American Physical Therapy Association; Dana-Farber Cancer Institute; Harvard University Press; Massachusetts General Hospital; Boston University,,,
https://openalex.org/A5045523547,Rubin Nirmalan,https://openalex.org/I63966007,Massachusetts Institute of Technology,2004,2004,https://openalex.org/I63966007,2004,2004,Boston Biomedical (United States); Wound Healing Society; Massachusetts Institute of Technology; Brigham and Women's Hospital; Harvard University,,,,
https://openalex.org/A5002911249,M. S. Abinante,https://openalex.org/I63966007,Massachusetts Institute of Technology,1987,1988,https://openalex.org/I63966007,1987,1988,,"Massachusetts Institute of Technology; University of California, Los Angeles",,,
https://openalex.org/A5076962275,Jingyang Chen,https://openalex.org/I63966007,Massachusetts Institute of Technology,2004,2007,https://openalex.org/I63966007,2004,2007,"Guangzhou University of Chinese Medicine; The Third Affiliated Hospital of Guangzhou University of Traditional Chinese Medicine; The First Affiliated Hospital, Sun Yat-sen University; Zhongshan Hospital; Beijing Institute of Aeronautical Materials; Sun Yat-sen University; Xi'an Shiyou University",Seattle Children's Hospital; Cancer Research Center; Beijing University of Agriculture; Shenzhen University Health Science Center; Center for Environmental Health; National Institutes of Health; Hunan University; State Key Laboratory of Diagnosis and Treatment of Infectious Diseases; Massachusetts Institute of Technology; Zhejiang University; Nanfang Hospital; Beijing Institute of Technology; Shenzhen University; Ningbo University; Northwestern Polytechnical University; University of Science and Technology Beijing; China University of Mining and Technology; China University of Geosciences; Center for Infectious Disease Research; Commercial Aircraft Corporation of China (China); Northeast Electric Power University; Zhengzhou University; National Institute of Allergy and Infectious Diseases; University of Electronic Science and Technology of China; Fujian Medical University; Scripps Research Institute; Henan University; University of Washington; Southern Medical University; Guangzhou University; Ministry of Education of the People's Republic of China; Massachusetts General Hospital; Howard Hughes Medical Institute; Fred Hutch Cancer Center; University of International Business and Economics; East China University of Science and Technology; Sir Run Run Shaw Hospital; Air Force General Hospital PLA; Beihang University; Ningbo Medical Center Lihuili Hospital; State Key Laboratory of Chemobiosensing and Chemometrics; Chinese Academy of Medical Sciences & Peking Union Medical College; Xuzhou Medical College,0000-0001-7458-6305,,
https://openalex.org/A5113442418,Lily Huang,https://openalex.org/I63966007,Massachusetts Institute of Technology,2001,2001,https://openalex.org/I63966007,2001,2001,The University of Texas Southwestern Medical Center,Queen's University; Massachusetts Institute of Technology; University of Chicago; Beth Israel Deaconess Medical Center,,,
https://openalex.org/A5114376714,E. Resconi,https://openalex.org/I63966007,Massachusetts Institute of Technology,2007,2007,https://openalex.org/I63966007,2007,2007,Technical University of Munich,"Energy Center of Wisconsin; University of Delaware; University of Milan; RWTH Aachen University; The University of Adelaide; Lawrence Berkeley National Laboratory; Princeton University; University of Milano-Bicocca; UCLouvain; Max Planck Institute for Nuclear Physics; Institute of Particle Physics; Max Planck Society; Tufts University; The University of Texas at Arlington; Southern University and Agricultural and Mechanical College; Kyoto University; Campbell Collaboration; University of Bologna; Astronomical Observatory of Rome; University of Chicago; Friedrich-Alexander-Universität Erlangen-Nürnberg; Southern University; Chiba University; University of Würzburg; Providence College; Massachusetts Institute of Technology; University of Perugia; University of Mons; Uppsala University; University of Brescia; Linnaeus University; University of Genoa; Drexel University; Johannes Gutenberg University Mainz; Istituto Nazionale di Fisica Nucleare, Sezione di Bari; Collège de France; Clark Atlanta University; University of Wisconsin–Madison; Max Planck Innovation; Goddard Space Flight Center; The Ohio State University; University of Maryland, College Park; European Southern Observatory; Simón Bolívar University; Institute of High Energy Physics; Ruhr University Bochum; University of Canterbury; Università Cattolica del Sacro Cuore; TU Dortmund University; Stockholm University; University of Groningen; University of Alaska Anchorage; University of Wuppertal; Istituto Nazionale di Fisica Nucleare, Sezione di Genova; Michigan State University; UC Irvine Health; Humboldt-Universität zu Berlin; University of Alabama; Excellence Cluster Universe; Pennsylvania State University; Deutsches Elektronen-Synchrotron DESY; Harvard University",0000-0003-0705-2770,,
https://openalex.org/A5014042122,Justin Dove,https://openalex.org/I63966007,Massachusetts Institute of Technology,2012,2016,https://openalex.org/I63966007,2012,2016,,Massachusetts Institute of Technology,,,
https://openalex.org/A5108567476,Sarra de Valence,https://openalex.org/I63966007,Massachusetts Institute of Technology,2010,2010,https://openalex.org/I63966007,2010,2010,University of Geneva,University of Verona; IRCCS Policlinico San Donato; Massachusetts Institute of Technology; Yeditepe University; University of Lausanne,,,
https://openalex.org/A5110288278,Jennifer Groff,https://openalex.org/I63966007,Massachusetts Institute of Technology,2008,2008,https://openalex.org/I63966007,2008,2008,,Human Media; IIT@MIT; Learning Games Network; Massachusetts Institute of Technology,,,
https://openalex.org/A5091848020,David L. Akey,https://openalex.org/I63966007,Massachusetts Institute of Technology,2001,2001,https://openalex.org/I63966007,2001,2001,University of Michigan,"Howard Hughes Medical Institute; Massachusetts Institute of Technology; Ehime University; Washtenaw Community College; University of California, Berkeley; University of Oslo; Whitehead Institute for Biomedical Research",0000-0002-5687-540X,,
https://openalex.org/A5025490428,Owen Dugan,https://openalex.org/I63966007,Massachusetts Institute of Technology,2025,2025,https://openalex.org/I63966007,2025,2025,The NSF AI Institute for Artificial Intelligence and Fundamental Interactions,Massachusetts Institute of Technology,,,
https://openalex.org/A5018796259,K.F. Jensen,https://openalex.org/I63966007,Massachusetts Institute of Technology,1998,1998,https://openalex.org/I63966007,1998,1998,Massachusetts Institute of Technology,,,,
https://openalex.org/A5065061939,Kao-Hsiang Liu,https://openalex.org/I63966007,Massachusetts Institute of Technology,2009,2013,https://openalex.org/I63966007,2009,2013,National Taiwan University; Massachusetts Institute of Technology,Oak Ridge National Laboratory,,,
https://openalex.org/A5068270107,J. S. Whitaker,https://openalex.org/I63966007,Massachusetts Institute of Technology,1982,1982,https://openalex.org/I63966007,1982,1982,,"Campbell Collaboration; Stanford University; University of California, Berkeley; Stanford Synchrotron Radiation Lightsource; SLAC National Accelerator Laboratory; European Organization for Nuclear Research; Lawrence Berkeley National Laboratory; Soongsil University; Adelphi University; Boston University; Massachusetts Institute of Technology",,,
https://openalex.org/A5057583922,Marcello DiMare,https://openalex.org/I63966007,Massachusetts Institute of Technology,1997,1997,https://openalex.org/I63966007,1997,1997,"University of California, Santa Barbara",IIT@MIT; Massachusetts Institute of Technology,,,
https://openalex.org/A5113560914,J. Chirife,https://openalex.org/I63966007,Massachusetts Institute of Technology,1974,1974,https://openalex.org/I63966007,1974,1974,Pontificia Universidad Católica Argentina,Fundación Ciencias Exactas y Naturales; Consejo Nacional de Investigaciones Científicas y Técnicas; Administración Nacional de Laboratorios e Institutos de Salud; Pontificia Universidad Católica de Chile; Universidad de Buenos Aires; Massachusetts Institute of Technology; Centro Científico Tecnológico - San Juan,,,
https://openalex.org/A5049766003,John D. Altman,https://openalex.org/I63966007,Massachusetts Institute of Technology,1985,1985,https://openalex.org/I63966007,1985,1985,Emory University; St. Anthony Hospital,"Vanderbilt University; California Institute of Technology; International Centre for Genetic Engineering and Biotechnology; National Institutes of Health; Merck (Japan); Mayo Clinic; University of Minnesota Medical Center; University of California, Berkeley; Emory National Primate Research Center; Columbia University; New York Hospital Queens; Massachusetts Institute of Technology; University of Cambridge; St. Jude Children's Research Hospital; University of Freiburg; Drexel University; Autoimmune Technologies (United States); Fundação Oswaldo Cruz; Brown University; University of California, San Francisco; National Institute of Diabetes and Digestive and Kidney Diseases; United Heart and Vascular Clinic; University of Würzburg; Twin Cities Orthopedics; University of Minnesota; Istituto Superiore di Sanità; Beth Israel Deaconess Medical Center; Institut Pasteur; Howard Hughes Medical Institute; National Cancer Institute; Emory and Henry College; Emory Healthcare; HOPE Clinic; Tokyo University of Science; Ministério da Saúde; University of Oxford; NewYork–Presbyterian Hospital; Stanford University; Boston University; Bipar",0000-0001-9733-2359,,
https://openalex.org/A5103235503,Hua Xiang,https://openalex.org/I63966007,Massachusetts Institute of Technology,2003,2007,https://openalex.org/I63966007,2003,2007,,"University of Sheffield; Cadence Design Systems (United States); University of Maryland, College Park; Huazhong University of Science and Technology; University of Glasgow; The University of Texas at Austin; Shenzhen University; IBM (United States); University of California, Berkeley; Peking University; Massachusetts Institute of Technology; University of Illinois Urbana-Champaign; IBM Research - Thomas J. Watson Research Center; University of Wisconsin–Madison",0000-0001-8920-9967,,
https://openalex.org/A5041323120,R. F. Cormier,https://openalex.org/I63966007,Massachusetts Institute of Technology,1958,1958,https://openalex.org/I63966007,1958,1958,,Massachusetts Institute of Technology,,,
https://openalex.org/A5012769290,Shulamit Levenberg,https://openalex.org/I63966007,Massachusetts Institute of Technology,2002,2005,https://openalex.org/I63966007,2002,2005,Technion – Israel Institute of Technology; Massachusetts Institute of Technology,Weizmann Institute of Science; Georgetown University Medical Center; Center of Advanced European Studies and Research; Bio-Medical Science (South Korea); University of Tennessee Health Science Center; Rambam Health Care Campus; The University of Texas System; Georgetown University; IIT@MIT; Hematology Oncology Associates; Taipei City Government; University Heights Center; Paracelsus Medical University; National Chiayi University; Dana-Farber Cancer Institute; Cleveland Clinic; Caris Life Sciences (United States); Abiomed (United States); Rappaport Family Institute for Research in the Medical Sciences,0000-0001-5471-7339,,
https://openalex.org/A5017517054,Christ D. Richmond,https://openalex.org/I63966007,Massachusetts Institute of Technology,1996,2015,https://openalex.org/I63966007,1996,2015,Duke University,MIT Lincoln Laboratory; Massachusetts Institute of Technology; Simon Fraser University; University of South Florida; Lockheed Martin (Canada); Radar (United States); Institute of Electrical and Electronics Engineers; Chalmers University of Technology; Arizona State University; Universidad Carlos III de Madrid,0000-0001-6392-0267,,
https://openalex.org/A5104017961,Katsutoshi Ono,https://openalex.org/I63966007,Massachusetts Institute of Technology,1993,1993,https://openalex.org/I63966007,1993,1993,Kyoto University,Kansai University; University of Toyama; Chiba Institute of Technology; Institute of Metallurgy; Suzuki (Japan); Massachusetts Institute of Technology,,,
https://openalex.org/A5008344919,Carlos M. Toro‐Escobar,https://openalex.org/I63966007,Massachusetts Institute of Technology,2000,2000,https://openalex.org/I63966007,2000,2000,,Johns Hopkins University; University of Minnesota; University of Minnesota System; Twin Cities Orthopedics; Massachusetts Institute of Technology; Saint Anthony College of Nursing,,,
https://openalex.org/A5017124456,William A. Schmitt,https://openalex.org/I63966007,Massachusetts Institute of Technology,1989,1989,https://openalex.org/I63966007,1989,1989,,Athinoula A. Martinos Center for Biomedical Imaging; Massachusetts Institute of Technology; Harvard University; Massachusetts General Hospital; Heidelberg University; University of Wisconsin–Madison; Harvard University Press,0000-0002-9213-9725,,
https://openalex.org/A5102819619,Daniel Zhang,https://openalex.org/I63966007,Massachusetts Institute of Technology,2013,2018,https://openalex.org/I63966007,2013,2018,University of Pennsylvania,Massachusetts Institute of Technology,0000-0002-7975-1653,,
https://openalex.org/A5005862811,Keisuke Goda,https://openalex.org/I63966007,Massachusetts Institute of Technology,2004,2008,https://openalex.org/I63966007,2004,2008,"University of California, Los Angeles; Wuhan University of Technology; The University of Tokyo; Tohoku University; CYBO (Japan); Wuhan University; Hokkaido University; Lucas Research; Hubei University of Technology; National Institutes for Quantum Science and Technology; University of California System",Bellingham Technical College; Somerset Medical Center; University of Chinese Academy of Sciences; U.S. National Science Foundation; German BioImaging – Gesellschaft für Mikroskopie und Bildanalyse; Tokyo University of Science; Photonics (United States); Tokyo University of Technology; Chinese Academy of Sciences; California NanoSystems Institute; Hiroshima University; Japan Science and Technology Agency; Zhengzhou University; Japan Tobacco (United States); Japan Tobacco (Japan); Shanghai Institute of Optics and Fine Mechanics; The University of Western Australia; Instytut Farmaceutyczny; Tokai University; Los Angeles City College; Massachusetts Institute of Technology; Tokyo Institute of Technology; National Yang Ming Chiao Tung University; Samueli Institute; LIGO Scientific Collaboration,0000-0001-6302-6038,,
https://openalex.org/A5082736897,Eric G. Blackman,https://openalex.org/I63966007,Massachusetts Institute of Technology,1989,1989,https://openalex.org/I63966007,1989,1989,Energetics (United States); University of Rochester,"Princeton University; Harvard University Press; University of Science and Technology of China; University of North Carolina at Charlotte; Rochester Institute of Technology; University of Michigan; University of Cambridge; Center for Astrophysics Harvard & Smithsonian; California Institute of Technology; Institute for Advanced Study; Lawrence Livermore National Laboratory; Shanghai Jiao Tong University; Institute of Astronomy; Princeton Plasma Physics Laboratory; Isaac Newton Institute for Mathematical Sciences; Albert Einstein College of Medicine; Applied Energetics (United States); Harvard University; University of California, Santa Barbara; KTH Royal Institute of Technology; University of Rochester Medical Center; Massachusetts Institute of Technology; Durham University; Beijing Normal University; Stockholm University",0000-0002-9405-8435,,
https://openalex.org/A5008247451,Thomas H. Alton,https://openalex.org/I63966007,Massachusetts Institute of Technology,1977,1979,https://openalex.org/I63966007,1977,1979,,Massachusetts Institute of Technology; Indiana University Bloomington; Western Illinois University; Memorial Sloan Kettering Cancer Center,,,
https://openalex.org/A5028094627,Gregory P. Fournier,https://openalex.org/I63966007,Massachusetts Institute of Technology,2010,2025,https://openalex.org/I63966007,2010,2025,Massachusetts Institute of Technology,Exponent (United States); Dartmouth College; Planetary Science Institute; ETH Zurich; University of Connecticut; U.S. National Science Foundation; Simons Foundation; Motility (United States),0000-0003-1605-5455,,
https://openalex.org/A5044726347,John F. Maloney,https://openalex.org/I63966007,Massachusetts Institute of Technology,1966,1967,https://openalex.org/I63966007,1966,1967,University of Wisconsin–Eau Claire,General Mills (United States); Massachusetts Institute of Technology,,,
https://openalex.org/A5084369957,Michael J. Hamill,https://openalex.org/I63966007,Massachusetts Institute of Technology,2008,2008,https://openalex.org/I63966007,2008,2008,Flagship Pioneering (United States),Boston University; Axcella Health (United States); Massachusetts Institute of Technology,0000-0002-0658-6263,,
https://openalex.org/A5083385979,Luba Katz,https://openalex.org/I63966007,Massachusetts Institute of Technology,2003,2005,https://openalex.org/I63966007,2003,2005,"Massachusetts Institute of Technology; Abt Global (United States); University of California, San Francisco",Whitehead Institute for Biomedical Research; Cornell University,,,
https://openalex.org/A5101498220,Hong Jeong,https://openalex.org/I63966007,Massachusetts Institute of Technology,1987,1987,https://openalex.org/I63966007,1987,1987,Jeju National University; Pohang University of Science and Technology,University of Southern California; Korea Institute of Industrial Technology; Hanyang University; Korea Advanced Institute of Science and Technology; Research Institute of Industrial Science and Technology; Swiss National Science Foundation; Korea Maritime and Ocean University; Pohang Iron and Steel (South Korea); Korea Post; Massachusetts Institute of Technology,0000-0001-8464-6033,,
https://openalex.org/A5039293524,Caroline Boudoux,https://openalex.org/I63966007,Massachusetts Institute of Technology,2003,2005,https://openalex.org/I63966007,2003,2005,Centre Hospitalier Universitaire Sainte-Justine; Polytechnique Montréal,Massachusetts Eye and Ear Infirmary; Optics Technology (United States); Massachusetts General Hospital; Massachusetts Institute of Technology; École Polytechnique; Art Research Centre of the Slovak Academy of Sciences; Hôpital Saint-François d'Assise; Bombardier (Canada); Centre National de la Recherche Scientifique; Centre hospitalier universitaire de Québec; Université Laval; Castor Technologies (Canada); Vanderbilt University Medical Center; Inserm; Harvard University; Laboratoire d'Optique Appliquée; Harvard–MIT Division of Health Sciences and Technology,0000-0002-2145-9086,,
https://openalex.org/A5036931156,Chandan Singh,https://openalex.org/I63966007,Massachusetts Institute of Technology,2018,2018,https://openalex.org/I63966007,2018,2018,Banaras Hindu University; Shanghai Institute for Science of Science,Sanjay Gandhi Post Graduate Institute of Medical Sciences; Sanford Burnham Prebys Medical Discovery Institute; Massachusetts Institute of Technology; Institute of Medical Sciences; City University of New York; University of Kansas; Discovery Institute; Centre of Biomedical Research; Brooklyn College; National Institutes of Health,0000-0001-8006-1329,,
https://openalex.org/A5113718996,J.R. Kidd,https://openalex.org/I63966007,Massachusetts Institute of Technology,1984,1984,https://openalex.org/I63966007,1984,1984,Yale University,Massachusetts Institute of Technology,,,
https://openalex.org/A5074428149,Kaja Kaastrup,https://openalex.org/I63966007,Massachusetts Institute of Technology,2012,2018,https://openalex.org/I63966007,2012,2018,Massachusetts Institute of Technology,IIT@MIT,,,
https://openalex.org/A5084396304,J.N. Tsitsiklis,https://openalex.org/I63966007,Massachusetts Institute of Technology,2002,2002,https://openalex.org/I63966007,2002,2002,Decision Systems (United States); Massachusetts Institute of Technology,,,,
https://openalex.org/A5102746922,Eric Van den Steen,https://openalex.org/I63966007,Massachusetts Institute of Technology,2003,2003,https://openalex.org/I63966007,2003,2003,,Harvard University; Dana-Farber/Harvard Cancer Center; Massachusetts Institute of Technology,0000-0002-0114-460X,,
https://openalex.org/A5063914557,Julie K. Monda,https://openalex.org/I63966007,Massachusetts Institute of Technology,2014,2018,https://openalex.org/I63966007,2014,2018,Integral Molecular (United States),"IIT@MIT; University of California, San Diego; National Institutes of Health; University of Tulsa; Massachusetts Institute of Technology; Saint Louis University; Whitehead Institute for Biomedical Research; National Cancer Institute; St. Jude Children's Research Hospital",,,
https://openalex.org/A5078627635,H Lee,https://openalex.org/I63966007,Massachusetts Institute of Technology,2007,2007,https://openalex.org/I63966007,2007,2007,Hallym University; Hallym University Sacred Heart Hospital,Massachusetts Institute of Technology,,,
https://openalex.org/A5082560920,Jörg Küther,https://openalex.org/I63966007,Massachusetts Institute of Technology,1998,1998,https://openalex.org/I63966007,1998,1998,,University of Bonn; Massachusetts Institute of Technology; University of Stuttgart; Darmstadt University of Applied Sciences; Max Planck Institute of Biophysics; Johannes Gutenberg University Mainz,,,
https://openalex.org/A5029569515,A.A. Rigos,https://openalex.org/I63966007,Massachusetts Institute of Technology,1983,1983,https://openalex.org/I63966007,1983,1983,Massachusetts Institute of Technology,,,,
https://openalex.org/A5109977249,John F. Houde,https://openalex.org/I63966007,Massachusetts Institute of Technology,1998,2002,https://openalex.org/I63966007,1998,2002,"University of California, Berkeley; University of California, San Francisco",Alabama Department of Public Health; Institute of Cognitive and Brain Sciences; University of California System; Google (United States); Massachusetts General Hospital; Icahn School of Medicine at Mount Sinai; University of Alabama at Birmingham; University of Utah; Palo Alto University; Harvard University; Massachusetts Institute of Technology; National Institutes of Health; MGH Institute of Health Professions; Brigham Young University; W. M. Keck Foundation; University of California San Francisco Medical Center; National Institute of Neurological Disorders and Stroke,,,
https://openalex.org/A5074112336,D Baltimore,https://openalex.org/I63966007,Massachusetts Institute of Technology,1984,1998,https://openalex.org/I63966007,1984,1998,Massachusetts Institute of Technology,"Whitehead Institute for Biomedical Research; Center for Cancer Research; Johns Hopkins Medicine; University of California, San Francisco; Columbia University; Rockefeller University; Johns Hopkins University",,,
https://openalex.org/A5111753611,H. W. Hayden,https://openalex.org/I63966007,Massachusetts Institute of Technology,1963,1963,https://openalex.org/I63966007,1963,1963,Martin Marietta Materials (United States),Cooper Union; American Society of Mechanical Engineers; EarthTech International (United States); Martin University; Oak Ridge National Laboratory; Massachusetts Institute of Technology; Marietta College; University of Surrey; Trinity College Dublin; Centre for Research in Engineering Surface Technology; Nickel Institute,,,
https://openalex.org/A5049956486,A. Ramírez-Monroy,https://openalex.org/I63966007,Massachusetts Institute of Technology,2011,2011,https://openalex.org/I63966007,2011,2011,Benemérita Universidad Autónoma de Puebla,Institute for Soldier Nanotechnologies; Instituto Politécnico Nacional; University of Alberta; Massachusetts Institute of Technology; Centro de Investigación y de Estudios Avanzados del Instituto Politécnico Nacional,0000-0002-7245-7822,,
https://openalex.org/A5051695689,J.D. Burger,https://openalex.org/I63966007,Massachusetts Institute of Technology,1980,2004,https://openalex.org/I63966007,1980,2004,University of Bern,"RWTH Aachen University; Cal Poly Humboldt; Istituto Nazionale di Fisica Nucleare, Sezione di Perugia; University of Science and Technology of China; University of Turin; University of Florence; Johns Hopkins University; University of Amsterdam; Istituto Nazionale di Fisica Nucleare, Sezione di Firenze; Istituto Nazionale di Fisica Nucleare, Sezione di Bologna; Massachusetts Institute of Technology; Carnegie Mellon University; Deutsches Elektronen-Synchrotron DESY; Rutherford Appleton Laboratory; Johnson & Johnson (Switzerland); Munich University of Applied Sciences; Instituto de Física Teórica; Northeastern University; European Organization for Nuclear Research; Institute of High Energy Physics; Los Alamos National Laboratory; HUN-REN Institute for Nuclear Research; Friedrich-Alexander-Universität Erlangen-Nürnberg; National Institute for Subatomic Physics; Humboldt-Universität zu Berlin",,,
https://openalex.org/A5053199983,CR Kintner,https://openalex.org/I63966007,Massachusetts Institute of Technology,1988,1988,https://openalex.org/I63966007,1988,1988,Massachusetts Institute of Technology,,,,
https://openalex.org/A5110683332,David Allen,https://openalex.org/I63966007,Massachusetts Institute of Technology,1988,1988,https://openalex.org/I63966007,1988,1988,Kansas State University,College of The Bahamas; Eastern Oregon University; Young Harris College; University of Virginia; Massachusetts General Hospital; University of Birmingham; Massachusetts Institute of Technology; Yale University; Allen Institute; Harvard University; University of Southern California; University of Exeter; Southern Connecticut State University; Cranfield University; William Carey University; Strategic Insight (United States); Fayetteville State University,,,
https://openalex.org/A5113486124,Luean E. Anthony,https://openalex.org/I63966007,Massachusetts Institute of Technology,1975,1975,https://openalex.org/I63966007,1975,1975,"University of California, San Francisco; Stanford University",Massachusetts Institute of Technology; United States Department of Veterans Affairs; The University of Texas Southwestern Medical Center,,,
https://openalex.org/A5064453585,Antonietta M. Venezia,https://openalex.org/I63966007,Massachusetts Institute of Technology,1992,1992,https://openalex.org/I63966007,1992,1992,,"Istituto Nazionale di Fisica Nucleare, Sezione di Roma I; Sapienza University of Rome; Massachusetts Institute of Technology; Istituto Nazionale di Fisica Nucleare, Sezione di Napoli",,,
https://openalex.org/A5108604867,S. Take,https://openalex.org/I63966007,Massachusetts Institute of Technology,1999,1999,https://openalex.org/I63966007,1999,1999,,"National Institute of Technology, Oyama College; Massachusetts Institute of Technology",,,
https://openalex.org/A5025085608,Priya Vasa,https://openalex.org/I63966007,Massachusetts Institute of Technology,2001,2001,https://openalex.org/I63966007,2001,2001,Dana-Farber Cancer Institute; Whitehead Institute for Biomedical Research; Massachusetts General Hospital; Brigham and Women's Hospital; Massachusetts Institute of Technology; Harvard University,,,,
https://openalex.org/A5091025064,Andrea Colaço,https://openalex.org/I63966007,Massachusetts Institute of Technology,2010,2013,https://openalex.org/I63966007,2010,2013,Google (United States),Massachusetts Institute of Technology; META Health; Human Media,0009-0001-6661-2216,,
https://openalex.org/A5014681969,E. J. Oulette,https://openalex.org/I63966007,Massachusetts Institute of Technology,1997,1997,https://openalex.org/I63966007,1997,1997,Massachusetts Institute of Technology,,,,
https://openalex.org/A5089264411,Andrew D. Barton,https://openalex.org/I63966007,Massachusetts Institute of Technology,2010,2014,https://openalex.org/I63966007,2010,2014,"University of California, San Diego; Scripps Institution of Oceanography",Universidad Católica Santo Domingo; Mount Allison University; University of Liverpool; National Oceanic and Atmospheric Administration; Scripps Research Institute; Cornell University; Massachusetts Institute of Technology; Princeton University; NOAA Geophysical Fluid Dynamics Laboratory; Duke University,0000-0002-6480-4433,,
https://openalex.org/A5030203661,Mu‐Hyun Baik,https://openalex.org/I63966007,Massachusetts Institute of Technology,2002,2007,https://openalex.org/I63966007,2002,2007,Catalytic Materials (United States); Korea Advanced Institute of Science and Technology; Institute for Basic Science,"University of Calgary; Photochemistry Center; Technische Universität Braunschweig; Daejeon University; University of Houston; Royal Society of Chemistry; Kirkwood Public Library; Universidade Federal Fluminense; Université Fédérale de Toulouse Midi-Pyrénées; Universidad Nacional Autónoma de México; Monash University; National NanoFab Center; University of Oxford; Ruhr University Bochum; Colorado State University; East China Normal University; Wayne State University; The University of Tokyo; University of California, Berkeley; The Ohio State University; University of British Columbia; Indian Institute of Science Education and Research Thiruvananthapuram; University of Pittsburgh; University of St Andrews; University of Bologna; Indiana University – Purdue University Indianapolis; University of Nottingham; Weatherford College; Texas State University; Nankai University; Johannes Gutenberg University Mainz; University of California, Irvine; The University of Texas at Austin; Kyushu University; Indiana University; University of Illinois Chicago; Uppsala University; University of Tsukuba; Indiana University Bloomington; University of Trieste; Changchun Institute of Applied Chemistry; Indian Institute of Science Education and Research Kolkata; École Polytechnique Fédérale de Lausanne; Korea University; Nanjing University; South China University of Technology; Los Alamos National Laboratory; University of Alberta; University College London; University of North Carolina at Chapel Hill; University of Toronto; Kootenay Association for Science & Technology; California Institute of Technology; University of Rochester; Universitat de Barcelona; Bloomington Health Foundation; Chinese University of Hong Kong; Duke University; The University of Texas at Arlington; Robert Bosch (Germany); Technische Universität Berlin; Brock University; Cambridge Consultants (United Kingdom); Aalto University; University of Basel; Hokkaido University; Indian Institute of Technology Kanpur; Government of the Republic of Korea; Massachusetts Institute of Technology; Columbia University; University of Würzburg; Illinois Institute of Technology; Hong Kong Baptist University; Université de Montpellier; Heriot-Watt University",0000-0002-8832-8187,,
https://openalex.org/A5038515679,J. Lichtenstadt,https://openalex.org/I63966007,Massachusetts Institute of Technology,1978,1987,https://openalex.org/I63966007,1978,1987,,Uppsala University; Jožef Stefan Institute; American University; University of Trieste; Los Alamos National Laboratory; Universidade de Santiago de Compostela; University of Illinois Urbana-Champaign; Massachusetts Institute of Technology; Hebrew University of Jerusalem; Stanford University; Israel Academy of Sciences and Humanities; Tel Aviv University; University of New Hampshire; SLAC National Accelerator Laboratory; IIT@MIT; Universidad de Santiago de Chile; University of Massachusetts Amherst; Rice University; A. Alikhanyan National Laboratory; Campbell Collaboration; University of Bonn; University of Virginia; University of Aveiro; Lawrence Livermore National Laboratory; Stanford Synchrotron Radiation Lightsource; Fermi National Accelerator Laboratory,0000-0001-9595-5173,,
https://openalex.org/A5078007632,Michael A. Moskowitz,https://openalex.org/I63966007,Massachusetts Institute of Technology,1975,2004,https://openalex.org/I63966007,1975,2004,Center for Systems Biology; Massachusetts General Hospital; Harvard University,"Medical College of Wisconsin; Czech Academy of Sciences, Institute of Molecular Genetics; Children's Hospital & Medical Center; Novem (Netherlands); MIND Research Institute; Center for Neurosciences; Howard Hughes Medical Institute; National Institutes of Health; The University of Osaka; Athinoula A. Martinos Center for Biomedical Imaging; University of Maryland, Baltimore; Mayo Clinic; Beth Israel Deaconess Medical Center; Aarhus University Hospital; University of Iowa; Cornell University; Boston Children's Hospital; National Heart Lung and Blood Institute; National Cerebral and Cardiovascular Center; Universität für Weiterbildung Krems; Axcella Health (United States); Brain Physiology Lab; Mayo Clinic in Florida; Gazi University; Lund University; Box (United States); Temple University; Harvard University Press; Vlaams Instituut voor Biotechnologie; University of Duisburg-Essen; University of Manitoba; Research Manitoba; The University of Texas at Austin; Ghent University; Alfred P. Sloan Foundation; University of California, San Francisco; University of Toronto; Beth Israel Deaconess Hospital; Carolinas Medical Center; McGovern Institute for Brain Research; Dana-Farber Cancer Institute; Research Institute of Molecular Pathology; National Institute of Neurological Disorders and Stroke; Czech Academy of Sciences; Duke University; Northwell Health; McLean Hospital; Brigham and Women's Hospital; Massachusetts Institute of Technology; University College Cork; Oregon Health & Science University",0000-0002-9052-4937,,
https://openalex.org/A5040155113,J.S. Shafran,https://openalex.org/I63966007,Massachusetts Institute of Technology,2004,2006,https://openalex.org/I63966007,2004,2006,Analog Devices (United States),Massachusetts Institute of Technology,,,
https://openalex.org/A5065583280,Raphael J. F. Berger,https://openalex.org/I63966007,Massachusetts Institute of Technology,2010,2010,https://openalex.org/I63966007,2010,2010,University of Salzburg; Uppsala University,Marienhaus Klinikum Hetzelstift Neustadt; Forschungszentrum Jülich; University of Helsinki; Saarland University; Queen's University; Technical University of Munich; Bielefeld University; IIT@MIT; Université de Bordeaux; Massachusetts Institute of Technology; Heidelberg University; Material (Belgium); University of Wuppertal; Philipps University of Marburg; University of Münster; Heriot-Watt University; Hebrew University of Jerusalem; University of Arizona; Pädagogische Hochschule Salzburg,0000-0002-2284-0540,,
https://openalex.org/A5116787761,Lucas Puig,https://openalex.org/I63966007,Massachusetts Institute of Technology,2025,2025,https://openalex.org/I63966007,2025,2025,Massachusetts Institute of Technology,,,,
https://openalex.org/A5021342971,K. L. SooHoo,https://openalex.org/I63966007,Massachusetts Institute of Technology,1985,1985,https://openalex.org/I63966007,1985,1985,MIT Lincoln Laboratory,Massachusetts Institute of Technology; Rockwell Automation (United States),,,
https://openalex.org/A5044786599,M. Contreras,https://openalex.org/I63966007,Massachusetts Institute of Technology,2025,2025,https://openalex.org/I63966007,2025,2025,Massachusetts Institute of Technology,New York Blood Center; Ortho Clinical Diagnostics (United States); Central and North West London NHS Foundation Trust; University of Michigan; Queen Mary University of London; NHS Blood and Transplant; Royal London Hospital; Universidad de San Martín de Porres,0000-0001-6502-1214,,
https://openalex.org/A5042428836,Alan E. E. Roger,https://openalex.org/I63966007,Massachusetts Institute of Technology,1967,1967,https://openalex.org/I63966007,1967,1967,Massachusetts Institute of Technology,,,,
https://openalex.org/A5080504434,Kerry D. Walton,https://openalex.org/I63966007,Massachusetts Institute of Technology,1976,1976,https://openalex.org/I63966007,1976,1976,George Washington University,New York University; Bermuda College; NYU Langone Health; University Medical Center; Columbia University Irving Medical Center; Marine Biological Laboratory; University College London; Massachusetts Institute of Technology; University of Iowa; Kennedy Space Center,0000-0003-2272-3878,,
https://openalex.org/A5059836532,N. E. Tolbert,https://openalex.org/I63966007,Massachusetts Institute of Technology,1981,1981,https://openalex.org/I63966007,1981,1981,,"Michigan State University; Massachusetts Institute of Technology; Indiana University Bloomington; Michigan Department of Agriculture and Rural Development; Plant (United States); Cornell University; University of California, Davis; Union Carbide (United States); Philipps University of Marburg; University of California, Berkeley; Ithaca College; Louisiana State University; United States Department of Agriculture; Mount Holyoke College; Agriculture and Agri-Food Canada; University of Wisconsin–Madison; Japan Radioisotope Association; University of Missouri–St. Louis; University of Houston; FMC (United States); Stanford University; Diamond Materials (United States); The University of Tokyo; Lafayette College; Triangle; University of Kentucky; Oak Ridge National Laboratory",,,
https://openalex.org/A5112016040,Douglas R. Denison,https://openalex.org/I63966007,Massachusetts Institute of Technology,1995,2002,https://openalex.org/I63966007,1995,2002,,Fusion Academy; Massachusetts Institute of Technology; University of Alabama; Plasma Technology (United States); Fusion (United States); Georgia Institute of Technology; Georgia Tech Research Institute,,,
https://openalex.org/A5062431352,Kenneth C. Kleene,https://openalex.org/I63966007,Massachusetts Institute of Technology,1981,1981,https://openalex.org/I63966007,1981,1981,University of Massachusetts Boston,Massachusetts Institute of Technology; Lawrence Livermore National Laboratory; University of Massachusetts Amherst; Tufts University; University of Hawaii System,,,
https://openalex.org/A5061422584,Jacques Steininger,https://openalex.org/I63966007,Massachusetts Institute of Technology,1968,1970,https://openalex.org/I63966007,1968,1970,The Ohio State University,"University of Florida; University of Wisconsin–Madison; Appalachian Fruit Research Laboratory; Massachusetts Institute of Technology; University of California, Davis; MIT Lincoln Laboratory; Agricultural Research Service; Arthur D. Little (United States)",,,
https://openalex.org/A5006861896,Alfred L.M. Bothwell,https://openalex.org/I63966007,Massachusetts Institute of Technology,1979,1982,https://openalex.org/I63966007,1979,1982,Yale University; University of Arizona; University of Nebraska Medical Center,"Drury University; Duke Medical Center; RELX Group (United States); Washington University in St. Louis; Montreal Clinical Research Institute; National Institute for Health Research; Center for Cancer Research; Alexion Pharma (Switzerland); Brigham and Women's Hospital; Alexion Pharmaceuticals (France); Massachusetts Institute of Technology; Duke University; Addenbrooke's Hospital; Center for Vascular Biology Research; University of North Carolina at Chapel Hill; Dana-Farber Cancer Institute; Rockefeller University; Boehringer Ingelheim (United Kingdom); Versiti Blood Center of Wisconsin; Hanyang University; University of New Haven; Harvard University; University of Illinois Urbana-Champaign; Massachusetts General Hospital; University of Cambridge; Kettering University; Memorial Sloan Kettering Cancer Center; Johns Hopkins University; Duke University Hospital; Whitehead Institute for Biomedical Research; Howard Hughes Medical Institute; Biomedical Research Institute; University of California, San Diego; University of Arizona Cancer Center; Oklahoma Medical Research Foundation",0000-0003-2477-2104,,
https://openalex.org/A5102150590,Mun Kyung Hwang,https://openalex.org/I63966007,Massachusetts Institute of Technology,2018,2018,https://openalex.org/I63966007,2018,2018,,AVEO Oncology (United States); Koch Institute for Integrative Cancer Research At MIT; Hormel (United States); Konkuk University; University of Minnesota; Massachusetts Institute of Technology; Sanofi (United States); Allen Institute; IIT@MIT; Seoul National University,,,
https://openalex.org/A5025070039,Carol Wood,https://openalex.org/I63966007,Massachusetts Institute of Technology,1998,1998,https://openalex.org/I63966007,1998,1998,Massachusetts Institute of Technology,,,,
https://openalex.org/A5035438390,Iain S. Hunter,https://openalex.org/I63966007,Massachusetts Institute of Technology,2003,2003,https://openalex.org/I63966007,2003,2003,University of Strathclyde,University of Aberdeen; Massachusetts Institute of Technology; Texas Instruments (United States); The Robertson Trust; University of Glasgow; Texas Instruments (United Kingdom); Bioscience (China); Pfizer (United Kingdom); University of Ljubljana; Southern Cross University; Glasgow Royal Infirmary,0000-0003-2571-6016,,
https://openalex.org/A5000731301,Tobin J. Marks,https://openalex.org/I63966007,Massachusetts Institute of Technology,1969,1994,https://openalex.org/I63966007,1969,1994,Université Bourgogne Franche-Comté; Materials Science & Engineering; Northwestern University; Materials Research Center,"John Wiley & Sons (Germany); Technion – Israel Institute of Technology; Pennsylvania State University; ExxonMobil (United States); University of Delaware; Beijing National Laboratory for Molecular Sciences; U.S. National Science Foundation; Weizmann Institute of Science; Weatherford College; Steacie Institute for Molecular Sciences; Emory University; Georgia Institute of Technology; University of Massachusetts Boston; Technische Hochschule Ulm; Purdue University West Lafayette; National Academies of Sciences, Engineering, and Medicine; Institute for Chemical and Physical Processes; Sichuan University; University of Maryland, College Park; Magneto Special Anodes (Netherlands); Argonne National Laboratory; Tsinghua University; University of California, San Diego; University of Basilicata; Chinese Academy of Sciences; Graz University of Technology; Lewis & Clark College; Benedictine College; John Wiley & Sons (United States); Kyocera (United States); Northwest University; University of Chicago; KU Leuven; IBM (United States); University of Arizona; Muroran Institute of Technology; Princeton University; National Central University; New York University Press; Jawaharlal Nehru Centre for Advanced Scientific Research; Evanston Hospital; International Superconductivity Technology Center; Institute of Chemistry; United States Naval Research Laboratory; Hebrew University of Jerusalem; Universidad de Málaga; University of Perugia; Centre Interuniversitaire de Recherche et d’Ingénierie des Matériaux; Bridge University; University of Illinois Urbana-Champaign; University of California, Los Angeles; Massachusetts Institute of Technology; ESPCI Paris; University of California, Davis; Missouri University of Science and Technology; Stanford University; Nantes Université; University of Southern California; Texas A&M University at Qatar; Robert Bosch (Germany); Sungkyunkwan University; Michigan State University; University of Strathclyde; Centre National de la Recherche Scientifique; University of Illinois System; California Institute of Technology; Iowa State University; Washington University in St. Louis; Division of Chemistry; Institut des Matériaux Jean Rouxel; University of Utah; University of Sussex; Laboratoire de Chimie Moléculaire et Thioorganique; University of Catania; Center for Hierarchical Materials Design; University of Alberta; National Renewable Energy Laboratory; Technical University of Munich; Rice University; Ames Research Center; Universidad Complutense de Madrid; Dow Chemical (United States); Ames National Laboratory; United States Air Force Research Laboratory; Materials Research Group (United States); National Research Council; Center for Light Energy Activated Redox Processes; Orange (France); University of Milano-Bicocca; Center for Nanoscale Science and Technology; Harvard University Press; Universitat Jaume I; Grand Valley State University; Seoul National University; Los Alamos National Laboratory; Optical Sciences (United States); Institute of Nanostructured Materials; Flexterra (United States); Université Toulouse III - Paul Sabatier; University of Lisbon; National Institute of Standards and Technology",0000-0001-8771-0141,,
https://openalex.org/A5110620778,B. Romanowska Dixon,https://openalex.org/I63966007,Massachusetts Institute of Technology,1993,1993,https://openalex.org/I63966007,1993,1993,Cleveland Clinic; Cancer Institute (WIA),Harvard University; Jagiellonian University; Cornell University; Ann Arbor Center for Independent Living; Massachusetts Institute of Technology,,,
https://openalex.org/A5112582668,Masaki Ihara,https://openalex.org/I63966007,Massachusetts Institute of Technology,2003,2003,https://openalex.org/I63966007,2003,2003,Shinshu University,Food Research Institute; Japan Society for the Promotion of Science; United States Military Academy; Bioengineering Center; Merck (Japan); Kanazawa University; Mochida Pharmaceutical (Japan); Japan Science and Technology Agency; Massachusetts Institute of Technology; Kyoto University; National Institute for Materials Science; RIKEN; Central Research Laboratories (United Kingdom); University of Tsukuba; Tokyo Institute of Technology; The University of Tokyo; Kobe Pharmaceutical University,,,
https://openalex.org/A5110447284,G. Alexander,https://openalex.org/I63966007,Massachusetts Institute of Technology,1982,1983,https://openalex.org/I63966007,1982,1983,Tel Aviv University,"Humboldt-Universität zu Berlin; Deutsches Elektronen-Synchrotron DESY; LIP - Laboratory of Instrumentation and Experimental Particle Physics; High Energy Accelerator Research Organization; Massachusetts Institute of Technology; American Committee for the Weizmann Institute of Science; Lawrence Berkeley National Laboratory; Cornell University; University of Glasgow; Weizmann Institute of Science; National Technical University of Athens; Bhabha Atomic Research Centre; Brown University; Heidelberg University; Thomas Jefferson National Accelerator Facility; National Academies of Sciences, Engineering, and Medicine; Durham University; Brunel University of London; University of Belgrade; The University of Tokyo; Uppsala University; Rutherford Appleton Laboratory; University of Victoria; European Organization for Nuclear Research; University of California, Berkeley; Universidad de Granada; Queen Mary University of London; The University of Adelaide; Indiana University Bloomington; University of Oregon; Kobe University; Israel Academy of Sciences and Humanities; University of Freiburg",0000-0001-5796-3607,,
https://openalex.org/A5109192791,Jasmine Huang,https://openalex.org/I63966007,Massachusetts Institute of Technology,2025,2025,https://openalex.org/I63966007,2025,2025,Brown University; National University of Singapore; Creighton University; Guizhou Normal University; St. Joseph's Hospital; Massachusetts Institute of Technology; St. Joseph's Hospital and Medical Center,Griffith University; St. Joseph Medical Center in Tacoma; Clackamas Community College; Trinity Hospital of Augusta; Virginia Mason Medical Center; Marie Curie; McMaster University; Phoenix (United States); St. Joseph Hospital; Stanford Medicine; Amsterdam UMC Location University of Amsterdam; Lung Institute; University of Ottawa; St. Joseph Hospital; Tucson Orthopaedic Institute,0009-0003-2450-4051,,
https://openalex.org/A5012216430,S. Sen,https://openalex.org/I63966007,Massachusetts Institute of Technology,2016,2019,https://openalex.org/I63966007,2016,2019,University of Wisconsin–La Crosse,University of Reading; Goleta Engineering (United States); John Brown University; Universities Space Research Association; BAE Systems (United States); University of Alabama; Argonne National Laboratory; RTX (United States); Inflammatory Response Research (United States); Marshall Space Flight Center; Massachusetts Institute of Technology; National Aeronautics and Space Administration; Brown University; HRL Laboratories (United States),0000-0002-9006-9698,,
https://openalex.org/A5009128954,Jin‐Kuk Kim,https://openalex.org/I63966007,Massachusetts Institute of Technology,2006,2011,https://openalex.org/I63966007,2006,2011,Hanyang University,"Harvard–MIT Division of Health Sciences and Technology; Boston Children's Hospital; Massachusetts Institute of Technology; Hanil General Hospital; Howard Hughes Medical Institute; Republic of Korea Army; Korea Advanced Institute of Science and Technology; Harvard University; University of Akron; Hyundai Mobis (South Korea); Samsung Medical Center; Chonnam National University Hospital; Gyeongsang National University; Bucheon University; Anyang University; Konkuk University Medical Center; Samsung (South Korea); University of Manchester; Ontario Genomics; Soonchunhyang University; Seoul National University Bundang Hospital; Hoseo University; Chungbuk National University; Yeungnam University; Nune Eye Hospital; Whitehead Institute for Biomedical Research; Institut thématique Génétique, génomique et bioinformatique",0000-0003-0564-3294,,
https://openalex.org/A5100456929,Xiaoli Wang,https://openalex.org/I63966007,Massachusetts Institute of Technology,1995,1999,https://openalex.org/I63966007,1995,1999,Ruijin Hospital; Centers for Disease Control and Prevention; Shandong Academy of Sciences; Anhui University; Renmin University of China; Shanghai Jiao Tong University; Shandong University; Dalian University of Technology; Qilu University of Technology; Huizhou University; Yantai University; Xi'an Jiaotong University; Linyi University; Harbin Institute of Technology; Changchun University; Nankai University; Qingdao University,"Hubei Provincial Women and Children's Hospital; Gansu Academy of Agricultural Sciences; Jiangsu Normal University; Southeast University; Opto Eletrônica (Brazil); Kaifeng University; Dalian Institute of Chemical Physics; University of Florida; Beibu Gulf University; Fuzhou University; Shenyang Pharmaceutical University; Northwest A&F University; Nanjing University; Yingkou Institute of Technology; Sun Yat-sen University; Qufu Normal University; Lanzhou University; China XD Group (China); Weifang Medical University; Qiqihar Medical University; Commercial Aircraft Corporation of China (China); Zhengzhou University; Baotou Medical College; Beijing Computational Science Research Center; Material Sciences (United States); Shanxi University; Northwest Normal University; Northeastern University; Materials Science & Engineering; Huaqiao University; Shandong University of Technology; Binzhou Medical University; Beijing University of Technology; Henan University; Yunnan Normal University; Dalian Medical University; Jiangsu University of Science and Technology; Xi'an University of Science and Technology; East China Jiaotong University; Jinan University; Hubei University; University of Minnesota; ZheJiang Academy of Agricultural Sciences; China South Industries Group (China); Liaoning Shihua University; Agilent Technologies (Germany); Tsinghua University; Clemson University; Liaocheng University; Suqian University; Beijing Normal University; China Pharmaceutical University; ORCID; China Academy of Space Technology; University of Science and Technology Beijing; Rensselaer Polytechnic Institute; Chongqing University; Eli Lilly (United States); Inner Mongolia Normal University; Mayo Clinic; Anhui University of Traditional Chinese Medicine; SAIC Motor (China); Institute of Chemistry; Gannan Medical University; Northwestern Polytechnical University; ZheJiang Institute For Food and Drug Control; University of North Texas; Jiangxi Normal University; University of North Texas Health Science Center; Nanjing Forestry University; China Earthquake Administration; Columbus Oncology and Hematology Associates; Massachusetts Institute of Technology; Xidian University; Nanjing Tech University; Tiangong University; Tianjin University of Technology; Hegang People's Hospital; University of South China; Jiaozuo University; Central China Normal University; Chinese Academy of Sciences; Zhejiang University; Yangzhou University; City University of Hong Kong; Henan University of Science and Technology; Hebei Normal University; Unilever (China); Taiyuan University of Technology; New Technology (Israel); China Academy of Engineering Physics; Xihua University; Lanzhou Jiaotong University; Jilin University; Shanghai University; Binzhou University; Jilin Medical University; State Key Laboratory of Superhard Materials; North University of China; Shangluo University; West China Hospital of Sichuan University; Collaborative Innovation Center of Chemical Science and Engineering Tianjin; Nanjing Institute of Technology; Kyushu Institute of Technology; Northwest Institute For Non-Ferrous Metal Research; Micro & Nano Research Institute; University of California, Santa Barbara; Beijing Center for Disease Prevention and Control; Wuchang University of Technology; Heilongjiang Earthquake Agency; Hebei University; Ministry of Education of the People's Republic of China; Jilin Province Science and Technology Department; Tianjin University; Xi'an University of Architecture and Technology; Macau University of Science and Technology; Southwest University; Xiaomi (China); Sichuan University; Czech Academy of Sciences, Institute of Geology; Beijing National Laboratory for Molecular Sciences; Xi’an University of Posts and Telecommunications; Michigan United; East China Normal University; Jiangnan University; Inner Mongolia University; Nanjing Agricultural University; Shenyang University of Technology; Sichuan Agricultural University; Beijing Institute of Technology; Wuhan University of Technology; Soochow University; Shihezi University; Sinomach (China); AstraZeneca (United Kingdom); Agilent Technologies (United States); Dalian University; University of Southern California; Michigan State University; Hebei Meteorological Bureau; Hebei Provincial Center for Disease Control and Prevention; Shaanxi Yulin Energy Group; Aerospace Research Institute of Materials and Processing Technology; Changchun University of Science and Technology; Heilongjiang University of Chinese Medicine; Nanjing Normal University; Beijing University of Chemical Technology; Xinjiang Industry Technical College; Guizhou Electric Power Design and Research Institute; Energy Research Institute",0000-0003-3608-7163,,
https://openalex.org/A5011819951,David Reich,https://openalex.org/I63966007,Massachusetts Institute of Technology,2006,2022,https://openalex.org/I63966007,2006,2022,Harvard University; Howard Hughes Medical Institute; Icahn School of Medicine at Mount Sinai; Unfallkrankenhaus Salzburg; Broad Institute; Max Planck - Harvard Research Center for the Archaeoscience of the Ancient Mediterranean,"Level (Czechia); University of Kassel; Multiple Sclerosis Center of Atlanta; Park Plaza Hospital; Cancer Prevention Institute of California; Stanford University; Evolutionary Genomics (United States); Boston Children's Hospital; University of Arizona; Case Western Reserve University; Massachusetts Institute of Technology; Pennsylvania State University; Anthropological Survey of India; University of Vienna; National Institutes of Health; Instituto Nacional de Enfermedades Respiratorias; Cancer Research Center; NorthShore University HealthSystem; Cambridge Scientific (United States); University of California, Irvine; University of California, San Francisco; Center for Human Genetics; University of Oxford; Harvard University Press; Universidade de São Paulo; King County Department of Natural Resources and Parks; Genome Institute of Singapore; University of Cambridge; Johns Hopkins University; Lemuel Shattuck Hospital; University of Bucharest; Massachusetts General Hospital; Einstein Medical Center Philadelphia; Boston University; National Cancer Institute; Whitehead Institute for Biomedical Research; University of Southern California; University of California, Los Angeles; Beth Israel Deaconess Medical Center; Romanian Academy",0000-0002-7037-5292,,
https://openalex.org/A5094790502,Evelyn October,https://openalex.org/I63966007,Massachusetts Institute of Technology,1980,1980,https://openalex.org/I63966007,1980,1980,Massachusetts Institute of Technology,,,,
https://openalex.org/A5056095913,David P. DiVincenzo,https://openalex.org/I63966007,Massachusetts Institute of Technology,1988,1995,https://openalex.org/I63966007,1988,1995,Forschungszentrum Jülich; RWTH Aachen University,"IBM (United States); Linde (United States); California Institute of Technology; University of Calgary; Williams College; Delft University of Technology; University of California, Los Angeles; Jülich Aachen Research Alliance; QuTech; University of California, Santa Barbara; University of Oxford; AT&T (United States); National High Magnetic Field Laboratory; Universität Innsbruck; New York University; Xerox (United States); Harvard University; Delta Institute for Theoretical Physics; Massachusetts Institute of Technology; Florida State University; IBM Research - Thomas J. Watson Research Center; Westfälische Hochschule; University of Pennsylvania; Simon Fraser University; Cornell University",0000-0003-4332-645X,,
https://openalex.org/A5019257658,B.S. Johnston,https://openalex.org/I63966007,Massachusetts Institute of Technology,2005,2005,https://openalex.org/I63966007,2005,2005,Oak Ridge National Laboratory,Science Oxford; Wolfson Foundation; DuPont (United States); University of New Mexico; University of Oxford; Savannah River National Laboratory; Massachusetts Institute of Technology,,,
https://openalex.org/A5033731736,Robert Slott,https://openalex.org/I63966007,Massachusetts Institute of Technology,2004,2006,https://openalex.org/I63966007,2004,2006,,Shell (United States); Massachusetts Institute of Technology; Marymount University,,,
https://openalex.org/A5082413014,Irwin Tepper,https://openalex.org/I63966007,Massachusetts Institute of Technology,1987,1987,https://openalex.org/I63966007,1987,1987,Massachusetts Institute of Technology,National Bureau of Economic Research; Harvard University Press,,,
https://openalex.org/A5091018942,Aidan Milliff,https://openalex.org/I63966007,Massachusetts Institute of Technology,2021,2021,https://openalex.org/I63966007,2021,2021,Florida State University,Massachusetts Institute of Technology; Pacific Research Institute; Stanford University,0000-0003-4503-5154,,
https://openalex.org/A5046289258,Arun Paidimarri,https://openalex.org/I63966007,Massachusetts Institute of Technology,2012,2016,https://openalex.org/I63966007,2012,2016,IBM Research - Thomas J. Watson Research Center,Massachusetts Institute of Technology; IBM (United States); Indian Institute of Technology Bombay; Fujikura (Japan),0000-0003-0493-337X,,
https://openalex.org/A5007422726,David Romer,https://openalex.org/I63966007,Massachusetts Institute of Technology,1984,1985,https://openalex.org/I63966007,1984,1985,,"Brookings Institution; American Statistical Association; Stanford University; Banque de France; Massachusetts Institute of Technology; National Bureau of Economic Research; UNSW Sydney; Princeton University; Harvard University; American Finance Association; University of California, Berkeley; London School of Economics and Political Science; International Paper (United States); Historical Association",,,
https://openalex.org/A5101564496,Pai Peng,https://openalex.org/I63966007,Massachusetts Institute of Technology,2018,2023,https://openalex.org/I63966007,2018,2023,Princeton University,"University of California, Berkeley; Beijing University of Chemical Technology; Anhui University of Technology; Central China Normal University; Northwestern Polytechnical University; Sun Yat-sen University; Collaborative Innovation Center of Quantum Matter; Wuhan Textile University; Massachusetts Institute of Technology; Soochow University; Anhui Polytechnic University; Peking University",0000-0003-2749-6811,,
https://openalex.org/A5063438395,Neil F. Gordon,https://openalex.org/I63966007,Massachusetts Institute of Technology,1990,1992,https://openalex.org/I63966007,1990,1992,Curatio International Foundation; MBio Diagnostics (United States); Chembio (United States),"Emory University; The University of Western Australia; AstraZeneca (Brazil); Institute for Exercise and Environmental Medicine; Massachusetts Institute of Technology; Dallas Nephrology Associates; St. Joseph Health System; University of Connecticut; Columbia University; Primary Health Care; University of the Witwatersrand; Albert B. Chandler Hospital; Sports Science Institute of South Africa; University of Toronto; St. Joseph’s Candler Hospital; Cooper Clinic; Brown University; Loyola University Chicago; Institute of Aviation Medicine; Wits University Donald Gordon Medical Centre; Helen Hayes Hospital; Virginia Tech; University of South Carolina; Texas Health Dallas; University of Minnesota; The Coordinating Center; Cooper Institute; University of Phoenix; Military Hospital; North-West University; Novant Health Forsyth Medical Center; Technion – Israel Institute of Technology; Johannesburg Hospital; Jeanes Hospital; Ovarian Cancer Canada; The University of Texas Southwestern Medical Center; Creighton University; WinnMed; University of Hull; University of Florida; American College of Sports Medicine; International Federation of Sports Medicine; Cardiology Associates of Savannah; University of California, Los Angeles; American Heart Association; Providence College; Presbyterian Hospital; Centers for Disease Control and Prevention; University of Arizona; Beaumont Hospital, Royal Oak",0000-0002-9450-0326,,
https://openalex.org/A5103488841,Stephen A. Martin,https://openalex.org/I63966007,Massachusetts Institute of Technology,1987,1990,https://openalex.org/I63966007,1987,1990,University of Massachusetts Chan Medical School,"The Francis Crick Institute; University of Michigan; Walter Reed Army Institute of Research; Novartis (United States); Wellcome Sanger Institute; University of Illinois Urbana-Champaign; Oregon State University; BG Medicine (United States); United States Army; Laboratory for Research on Enterprise and Decisions; Massachusetts Institute of Technology; Cook County Department of Public Health; University of Wisconsin–Madison; Urbana University; The Seventh Affiliated Hospital of Sun Yat-sen University; Biocrates Life Sciences (Austria); Sun Yat-sen University; National Institute of Environmental Health Sciences; University of Maryland, Baltimore; Montana State University",,,
https://openalex.org/A5111072500,M Wong,https://openalex.org/I63966007,Massachusetts Institute of Technology,1976,1976,https://openalex.org/I63966007,1976,1976,Washington University in St. Louis,Howard Hughes Medical Institute; Duke University Hospital; Leicester Royal Infirmary; Royal Bolton Hospital; Mount Sinai Hospital; St. Michael's Hospital; Massachusetts Institute of Technology; University of Toronto; Royal College of Surgeons in Ireland; Duke Medical Center; National Institutes of Health,,,
https://openalex.org/A5013519282,Harrison M. Bergman,https://openalex.org/I63966007,Massachusetts Institute of Technology,2025,2025,https://openalex.org/I63966007,2025,2025,Massachusetts Institute of Technology; University of California System,"Berkeley College; University of California, Berkeley; University of California, Los Angeles; Columbia University",0000-0001-6482-2837,,
https://openalex.org/A5054311085,Hend Alrasheed,https://openalex.org/I63966007,Massachusetts Institute of Technology,2025,2025,https://openalex.org/I63966007,2025,2025,King Saud University; Massachusetts Institute of Technology,Georgia Institute of Technology; Kent State University; The King's College,0000-0002-8649-5926,,
https://openalex.org/A5018882942,Pulkit Agrawal,https://openalex.org/I63966007,Massachusetts Institute of Technology,2025,2025,https://openalex.org/I63966007,2025,2025,Massachusetts Institute of Technology,"University of California, Berkeley; IIT@MIT",0000-0002-9569-6690,,
https://openalex.org/A5055333897,Daniel S. Sax,https://openalex.org/I63966007,Massachusetts Institute of Technology,1974,1977,https://openalex.org/I63966007,1974,1977,,"Northwestern University; American Heart Association; American Public Health Association; National Institute of Neurological Disorders and Stroke; University of Washington; Massachusetts Institute of Technology; Columbia University; McGill University; Columbia College; Royal College of Physicians; Massachusetts General Hospital; Boston Medical Center; United States Department of Veterans Affairs; Yale University; University Medical Center; Boston University; Montreal Neurological Institute and Hospital; Yeshiva University; Albert Einstein College of Medicine; Imaging, Brain, and Neuropsychiatry; University of Calgary",,,
https://openalex.org/A5008947058,Michael G. Giacomelli,https://openalex.org/I63966007,Massachusetts Institute of Technology,2013,2019,https://openalex.org/I63966007,2013,2019,University of Rochester,Vassar College; Massachusetts Institute of Technology; University of Pisa; Duke University; Bellingham Technical College; IIT@MIT; RELX Group (Netherlands); University of Arizona,0000-0002-2570-0770,,
https://openalex.org/A5113648787,Christina Lind,https://openalex.org/I63966007,Massachusetts Institute of Technology,1982,1982,https://openalex.org/I63966007,1982,1982,,Massachusetts Institute of Technology; St Göran's Children's Hospital; Center for Clinical & Basic Research; Karolinska University Hospital; Lund University; Stockholm University; LKH Hochsteiermark; Swedish University of Agricultural Sciences; Cardiovascular Innovation Institute; Karolinska Institutet; University of Louisville,,,
https://openalex.org/A5105989737,Cheng Chen,https://openalex.org/I63966007,Massachusetts Institute of Technology,2013,2013,https://openalex.org/I63966007,2013,2013,,Massachusetts Institute of Technology; Chinese Academy of Sciences,,,
https://openalex.org/A5080274873,Lynn Young,https://openalex.org/I63966007,Massachusetts Institute of Technology,2004,2004,https://openalex.org/I63966007,2004,2004,Massachusetts Institute of Technology,National Institute of Standards and Technology,,,
https://openalex.org/A5092741791,Richard Earl,https://openalex.org/I63966007,Massachusetts Institute of Technology,1960,1960,https://openalex.org/I63966007,1960,1960,,Amphenol (Germany); Westinghouse Electric (United States); Massachusetts Institute of Technology; BorgWarner (Brazil),,,
https://openalex.org/A5054900485,Ruth Perry,https://openalex.org/I63966007,Massachusetts Institute of Technology,1978,2004,https://openalex.org/I63966007,1978,2004,Moscow Institute of Thermal Technology,University of Nebraska–Lincoln; Massachusetts Institute of Technology; Agricultural Research Service; New York University Press; University of Allahabad; Princeton University,,,
https://openalex.org/A5046660931,Bryan Ho,https://openalex.org/I63966007,Massachusetts Institute of Technology,2011,2011,https://openalex.org/I63966007,2011,2011,Massachusetts Institute of Technology,,,,
https://openalex.org/A5027978869,Rajani Nimrania,https://openalex.org/I63966007,Massachusetts Institute of Technology,2025,2025,https://openalex.org/I63966007,2025,2025,"University of Kansas; Massachusetts Institute of Technology; Ragon Institute of MGH, MIT and Harvard",,,,
https://openalex.org/A5068134014,Nafees Ahemad,https://openalex.org/I63966007,Massachusetts Institute of Technology,2025,2025,https://openalex.org/I63966007,2025,2025,Massachusetts Institute of Technology; Monash University Malaysia,Monash University; Swami Ramanand Teerth Marathwada University; Subang Jaya Medical Centre; Hokkaido University,0000-0002-5164-1970,,
https://openalex.org/A5074719970,Milan Klöwer,https://openalex.org/I63966007,Massachusetts Institute of Technology,2023,2025,https://openalex.org/I63966007,2023,2025,Massachusetts Institute of Technology; University of Oxford,Christian-Albrechts-Universität zu Kiel; GEOMAR Helmholtz Centre for Ocean Research Kiel; Alfred-Wegener-Institut Helmholtz-Zentrum für Polar- und Meeresforschung,0000-0002-3920-4356,,
https://openalex.org/A5020675135,Frederick J. Mc Garry,https://openalex.org/I63966007,Massachusetts Institute of Technology,1986,1990,https://openalex.org/I63966007,1986,1990,Massachusetts Institute of Technology,,,,
https://openalex.org/A5053933833,A.W. Swanson,https://openalex.org/I63966007,Massachusetts Institute of Technology,1971,1971,https://openalex.org/I63966007,1971,1971,,BAE Systems (United States); Gallagher (United States); South Dakota School of Mines and Technology; Lockheed Martin (United States); General Electric (United States); Marietta College; Martin Marietta Materials (United States); Massachusetts Institute of Technology; RTX (United States),,,
https://openalex.org/A5020302211,David Ruben,https://openalex.org/I63966007,Massachusetts Institute of Technology,1971,2011,https://openalex.org/I63966007,1971,2011,,"Medtronic (United States); University of Louisville; Lawrence Berkeley National Laboratory; University of California, Berkeley; Stanford University; Harvard University; Massachusetts Institute of Technology; Boston Children's Hospital; Resonance Research (United States)",,,
https://openalex.org/A5101544145,Michael C. Johnson,https://openalex.org/I63966007,Massachusetts Institute of Technology,2012,2013,https://openalex.org/I63966007,2012,2013,Brigham Young University,Argonne National Laboratory; AstraZeneca (United Kingdom); Virginia Tech Transportation Institute; Massachusetts Institute of Technology; University of Limerick; University of North Carolina at Greensboro; University of Alaska Anchorage; Barber-Nichols (United States); Utah State University; Lloyd's,0000-0003-2910-4551,,
https://openalex.org/A5109055989,M. Wickett,https://openalex.org/I63966007,Massachusetts Institute of Technology,2001,2001,https://openalex.org/I63966007,2001,2001,Lawrence Livermore National Laboratory,"Massachusetts Institute of Technology; Progress-Institut für Wirtschaftsforschung; Lawrence Livermore National Security; University of California, Davis",,,
https://openalex.org/A5010436413,Ioana D. Vladescu,https://openalex.org/I63966007,Massachusetts Institute of Technology,2010,2011,https://openalex.org/I63966007,2010,2011,Harvard University,Northeastern University; Dana (United States); Harvard University Press; The King's College; University of Minnesota; Mount Holyoke College; Occidental College; University of Edinburgh; Center for Systems Biology; Massachusetts Institute of Technology,,,
https://openalex.org/A5071222389,Joel Clark,https://openalex.org/I63966007,Massachusetts Institute of Technology,2000,2000,https://openalex.org/I63966007,2000,2000,,Massachusetts Institute of Technology; Materials Systems (United States),,,
https://openalex.org/A5069719269,Pehr B. Harbury,https://openalex.org/I63966007,Massachusetts Institute of Technology,1995,2004,https://openalex.org/I63966007,1995,2004,Stanford University,Howard Hughes Medical Institute; Illinois College; Harvard University; University of Illinois Chicago; Massachusetts Institute of Technology; University of Illinois Urbana-Champaign; Whitehead Institute for Biomedical Research,0000-0002-3657-5485,,
https://openalex.org/A5065915056,J. David Neelin,https://openalex.org/I63966007,Massachusetts Institute of Technology,1989,1989,https://openalex.org/I63966007,1989,1989,"University of California, Los Angeles","Institute of Geophysics; The University of Tokyo; Princeton University; Jet Propulsion Laboratory; Lamont-Doherty Earth Observatory; Research Center for Environmental Changes, Academia Sinica; Czech Academy of Sciences, Institute of Geophysics; Utrecht University; NOAA Geophysical Fluid Dynamics Laboratory; Seattle University; California Institute of Technology; Institute of the Environment; Chinese Culture University; Columbia University; University of California, San Diego; California NanoSystems Institute; CSIRO Oceans and Atmosphere; University of Hawaiʻi at Mānoa; Scripps Institution of Oceanography; University of California System; Planetary Science Institute; National Yang Ming Chiao Tung University; Pacific Northwest National Laboratory; NOAA Oceanic and Atmospheric Research; American Museum of Natural History; University of Washington; Massachusetts Institute of Technology; Portland State University",0000-0001-9414-9962,,
https://openalex.org/A5002672967,John Axelsson,https://openalex.org/I63966007,Massachusetts Institute of Technology,2005,2005,https://openalex.org/I63966007,2005,2005,Karolinska Institutet; Stockholm University,Peking University; Centre de recherche cerveau et cognition; Karolinska University Hospital; University of Gothenburg; University of Borås; University of Iceland; Baxter (Sweden); Deggendorf Institute of Technology; Massachusetts Institute of Technology; Svenska Örtmedicinska Institute; Baxter (United States),0000-0003-3932-7310,,
https://openalex.org/A5091145044,Shou-Kong Fan,https://openalex.org/I63966007,Massachusetts Institute of Technology,1987,1987,https://openalex.org/I63966007,1987,1987,,Massachusetts Institute of Technology; Texas Instruments (Japan); Silicon Motion (Taiwan); Texas Instruments (United States); United Microelectronics (Taiwan),0000-0001-7992-4238,,
https://openalex.org/A5035262603,Ila Kumar,https://openalex.org/I63966007,Massachusetts Institute of Technology,2025,2025,https://openalex.org/I63966007,2025,2025,Massachusetts Institute of Technology,,0000-0002-3482-6615,,
https://openalex.org/A5026655215,Grant Moody,https://openalex.org/I63966007,Massachusetts Institute of Technology,2005,2005,https://openalex.org/I63966007,2005,2005,Augusta University,Massachusetts Institute of Technology,,,
https://openalex.org/A5007174993,Boaz A. Nemet,https://openalex.org/I63966007,Massachusetts Institute of Technology,1996,1996,https://openalex.org/I63966007,1996,1996,,Tufts University; Howard Hughes Medical Institute; Columbia University; Massachusetts Institute of Technology,,,
https://openalex.org/A5103269921,Benjamin Golub,https://openalex.org/I63966007,Massachusetts Institute of Technology,2012,2012,https://openalex.org/I63966007,2012,2012,Northwestern University,University of Cambridge; Harvard University Press; Harvard University; Stanford University; Croatian Academic and Research Network; Washington University in St. Louis; Christ University; Massachusetts Institute of Technology; London Business School,0009-0002-6743-8018,,
https://openalex.org/A5113645465,Michael T. Hale,https://openalex.org/I63966007,Massachusetts Institute of Technology,1984,1986,https://openalex.org/I63966007,1984,1986,,United States Army; U.S. Army Aviation and Missile Command; United States Army Test and Evaluation Command; U.S. Army Space and Missile Defense Command; Air Education and Training Command; U.S. Army Redstone Test Center; Massachusetts Institute of Technology,,,
https://openalex.org/A5018599381,Karen E. Torraca,https://openalex.org/I63966007,Massachusetts Institute of Technology,2000,2001,https://openalex.org/I63966007,2000,2001,IIT@MIT,Massachusetts Institute of Technology; University of Florida,,,
https://openalex.org/A5079636857,Bernd Rolauffs,https://openalex.org/I63966007,Massachusetts Institute of Technology,2004,2017,https://openalex.org/I63966007,2004,2017,University Medical Center Freiburg; University of Freiburg,Presbyterian St. Luke's Medical Center; University of Tübingen; University of Michigan; BG Klinik Tübingen; Rush University Medical Center; University of Wisconsin–Madison; Massachusetts Institute of Technology; The Ohio State University; University of Florida; University of Münster; Saigon University; Siegfried (Switzerland); University of Iowa,0000-0002-3275-8196,,
https://openalex.org/A5051051171,P.D. Hartung,https://openalex.org/I63966007,Massachusetts Institute of Technology,1982,1982,https://openalex.org/I63966007,1982,1982,Massachusetts Institute of Technology,,,,
https://openalex.org/A5029097503,Juan Mena-Parra,https://openalex.org/I63966007,Massachusetts Institute of Technology,2019,2023,https://openalex.org/I63966007,2019,2023,University of Toronto; Canadian Institute for Theoretical Astrophysics,McGill University; Massachusetts Institute of Technology,0000-0002-0772-9326,,
https://openalex.org/A5043695651,Azza H. Idris,https://openalex.org/I63966007,Massachusetts Institute of Technology,2021,2021,https://openalex.org/I63966007,2021,2021,"Ragon Institute of MGH, MIT and Harvard; Harvard University; National Institute of Allergy and Infectious Diseases; Mass General Brigham; National Institutes of Health",National Cancer Institute; Children's National; Massachusetts General Hospital; The University of Western Australia; Queen Elizabeth II Medical Centre; Massachusetts Institute of Technology; Icahn School of Medicine at Mount Sinai; Howard Hughes Medical Institute; Frederick National Laboratory for Cancer Research,0000-0003-1847-5488,,
https://openalex.org/A5100322915,Yang Wang,https://openalex.org/I63966007,Massachusetts Institute of Technology,1994,1994,https://openalex.org/I63966007,1994,1994,Anhui University of Science and Technology; Nanjing Forestry University; Materials Science & Engineering; Membrane Technology & Research (United States); Guizhou Electric Power Design and Research Institute; Ocean University of China; PowerChina (China); Hainan University; Tianjin University; Energy Storage Systems (United States),"Nanjing University of Aeronautics and Astronautics; University of Shanghai for Science and Technology; Guangxi University; Institute for Materials Research, Tohoku University; Zhejiang Lab; Universidad del Noreste; North China Electric Power University; Dalian University of Technology; State Council of the People's Republic of China; Central South University; Shandong Normal University; Institute of Coal Chemistry; Shandong University; Kansai University; University of Wisconsin–Milwaukee; Cabot (United States); Shanghai Key Laboratory of Trustworthy Computing; Georgetown University; Beijing Forestry University; China University of Petroleum, Beijing; University of Petroleum; Wuhan University of Technology; The First Affiliated Hospital of Guangxi University of Traditional Chinese Medicine; Northeast Petroleum University; Chongqing University; BOE Technology Group (China); Beijing Academy of Artificial Intelligence; Donghua University; Nanjing University of Science and Technology; National Engineering Research Center of Electromagnetic Radiation Control Materials; Huanghe Science and Technology College; University of Science and Technology Liaoning; Tohoku University; Chongqing University of Technology; Queen Mary University of London; Chinese Academy of Sciences; Lanzhou University; Lanzhou Jiaotong University; Massachusetts Institute of Technology; Wuhan Ship Development & Design Institute; Oak Ridge National Laboratory; Taiyuan University of Science and Technology; Wenzhou University; State Key Laboratory of Oral Diseases; University of Science and Technology of China; East China Normal University; Beijing Jiaotong University; Coventry University; Hefei University; University of Connecticut; University of South China; Hohai University; Chongqing University of Posts and Telecommunications; Jianghan University; Chongqing Medical University; ShanghaiTech University; University of Wisconsin–Madison; Beijing Guodaotong Highway Design & Research Institute (China); Inner Mongolia University of Science and Technology; Chongqing Public Health Medical Center; Shijiazhuang Tiedao University; Ministry of Transport; Second Affiliated Hospital of Jilin University; Chinese Academy of Social Sciences; Guangxi University of Chinese Medicine; Hong Kong Polytechnic University; Harbin Institute of Technology; Dalian University; Jiangxi Science and Technology Normal University; China Geological Survey; China Electric Power Research Institute; Nankai University; University of Electronic Science and Technology of China; Collaborative Innovation Center of Chemical Science and Engineering Tianjin; Tsinghua University; IMDEA Energy Institute; Genertec Shenyang Machine Tool Co., Ltd. (China); Jiangnan University; University Town of Shenzhen; Sichuan University; Shanghai Institute of Ceramics; State Administration of Foreign Experts Affairs; Nanjing Tech University; Research Institute of Highway; Powerchina Huadong Engineering Corporation (China); Hangzhou Dianzi University; Anhui University of Technology; Shenyang Ligong University; University of California, Los Angeles; Qingdao Center of Resource Chemistry and New Materials; Harbin Engineering University; Southwest University of Science and Technology; Technology and Engineering Center for Space Utilization; Xinjiang Institute of Engineering; Chinese Research Academy of Environmental Sciences; University of Memphis",0000-0003-1928-2506,,
https://openalex.org/A5046561315,Fahad Alhasoun,https://openalex.org/I63966007,Massachusetts Institute of Technology,2014,2020,https://openalex.org/I63966007,2014,2020,"Massachusetts Institute of Technology; University of California, Berkeley",King Abdulaziz City for Science and Technology,,,
https://openalex.org/A5075844368,François‐Xavier Mahon,https://openalex.org/I63966007,Massachusetts Institute of Technology,2002,2002,https://openalex.org/I63966007,2002,2002,Institut Bergonié; Centre Léon Bérard,"University of Milano-Bicocca; Massachusetts Institute of Technology; Assistance Publique – Hôpitaux de Paris; Centre Hospitalier Universitaire de Bordeaux; Bordeaux Population Health; Hammersmith Hospital; Laboratoire de Génétique Cellulaire; Fondazione IRCCS Ca' Granda Ospedale Maggiore Policlinico; Hôpital Lyon Sud; University Hospital Heidelberg; Johns Hopkins University; Université de Versailles Saint-Quentin-en-Yvelines; Galen University; Hôpital Cardiologique du Haut-Lévêque; Université Paris Cité; Biotherapy of Genetic Diseases, Inflammatory Disorders and Cancers; Centre Hospitalier Universitaire de Nice; Université de Bordeaux; Target (United States); La Ligue Contre le Cancer; Heidelberg University; Hôpital Edouard Herriot; Whitehead Institute for Biomedical Research; Hôpital André Mignot; Contrôle transcriptionnel et épigénétique de l’hématopoïèse maligne; Novartis (France); Cornell University; Hôpital Pellegrin; Association François Aupetit; Stabilité génétique et oncogenèse; Inserm; Hôpital Pasteur; Hôpital Saint-Louis; Boiron (France); University of Chicago; Fred Hutch Cancer Center; Centre National de la Recherche Scientifique",0000-0003-1545-6775,,
https://openalex.org/A5111674737,David P. Fan,https://openalex.org/I63966007,Massachusetts Institute of Technology,1964,1966,https://openalex.org/I63966007,1964,1966,Jet Propulsion Laboratory,"University of Minnesota; Institut thématique Génétique, génomique et bioinformatique; Twin Cities Orthopedics; The University of Tokyo; Royal United Services Institute; University of Geneva; New York State Department of Health; Massachusetts Institute of Technology; California Institute of Technology; Salk Institute for Biological Studies; University of Minnesota System",,,
https://openalex.org/A5014453742,Steven S. Shen,https://openalex.org/I63966007,Massachusetts Institute of Technology,2004,2008,https://openalex.org/I63966007,2004,2008,Twin Cities Orthopedics; Cornell University; University of Minnesota; Global Vaccines (United States); University of Toronto; University of Florida; Methodist Hospital; Pfizer (United States),"Boston University; Hanyang University; Dana-Farber Cancer Institute; University of Maryland Medical Center; College Medical Center; West China Hospital of Sichuan University; Hubrecht Institute for Developmental Biology and Stem Cell Research; Central South University; Mitsubishi Corporation (United States); Center for Rheumatology; Novartis (United States); Shanghai Institute of Pharmaceutical Industry; Joslin Diabetes Center; ShanghaiTech University; Virginia Commonwealth University; The University of Texas Medical Branch at Galveston; Helicos Biosciences (United States); Massachusetts Institute of Technology; Shanghai Ninth People's Hospital; New York Genome Center; The University of Texas Health Science Center at Houston; Wayne State University; Pfizer (Canada); Northwestern Medicine; Massachusetts General Hospital; Huazhong University of Science and Technology; Baylor College of Medicine; Center for Genomic Science; Southern California Clinical and Translational Science Institute; Rhode Island Hospital; New York University; Princeton University; The University of Texas MD Anderson Cancer Center; Zero to Three; Columbia University Irving Medical Center; Pharmac; Boston Medical Center; University of Minnesota Medical Center; NYU Langone Health; Harvard University; Biopticka Laborator (Czechia); Howard Hughes Medical Institute; Houston Methodist; Center for Cancer Research; Erciyes University; Thomas Jefferson University; Novartis (Switzerland); Ann Arbor Center for Independent Living; Mayo Clinic in Arizona; University of Kansas Medical Center; Genomic Health (United States); Tris Pharma (United States); University of Maryland, Baltimore; Shanghai Stomatological Hospital; Brown University; University of Monterrey; University of Minnesota System; Sichuan University",0000-0001-7725-1260,,
https://openalex.org/A5035178908,Karine Glinel,https://openalex.org/I63966007,Massachusetts Institute of Technology,2018,2018,https://openalex.org/I63966007,2018,2018,UCLouvain,"Laboratory of Pathogens and Host Immunity; Max Planck Society; CEA Paris-Saclay; Université de Rouen Normandie; Institut polytechnique de Grenoble; European Union; Polymères, Biopolymères, Surfaces; University of Liège; University of Cambridge; Commissariat à l'Énergie Atomique et aux Énergies Alternatives; Centre de Recherches sur les Macromolécules Végétales; Université de Montpellier; Institut des Arts de Diffusion; Max Planck Institute of Colloids and Interfaces; Centre National de la Recherche Scientifique; Institute for Condensed Matter Physics of the National Academy of Sciences of Ukraine; Massachusetts Institute of Technology",0000-0002-2000-0169,,
https://openalex.org/A5000297872,Siân Kleindienst,https://openalex.org/I63966007,Massachusetts Institute of Technology,2008,2013,https://openalex.org/I63966007,2008,2013,Massachusetts Institute of Technology,,,,
https://openalex.org/A5074802129,Paul R. Harnett,https://openalex.org/I63966007,Massachusetts Institute of Technology,1989,1989,https://openalex.org/I63966007,1989,1989,Sydney Local Health District; Westmead Hospital; The University of Sydney,"Southwestern Medical Center; Cancer Genetics (United States); Peter MacCallum Cancer Centre; Institute of Clinical Research; The University of Melbourne; University of Cambridge; Illawarra Health and Medical Research Institute; Duke University Hospital; Duke Medical Center; Ludwig Cancer Research; Ludwig Cancer Research; Mayo Clinic; Royal London Hospital; University of Oxford; Cancer Care Ontario; London Cancer; Massachusetts Institute of Technology; Westmead Institute for Medical Research; Fox Chase Cancer Center; University of Southern California; Sydney Children’s Hospitals Network; Cancer Research Institute; Wellcome Sanger Institute; Royal Free London NHS Foundation Trust; National University Cancer Institute, Singapore; Center for Cancer Research; Nuffield Orthopaedic Centre; Nepean Hospital; AstraZeneca (Brazil); University College London; Westmead Institute; Cancer Australia; Roche (Switzerland); Royal Women's Hospital; The University of Texas Southwestern Medical Center; Cancer Institute of New South Wales; Millennium Institute; Royal Prince Alfred Hospital",0000-0001-7021-0642,,
https://openalex.org/A5050793020,David Lovely,https://openalex.org/I63966007,Massachusetts Institute of Technology,1999,1999,https://openalex.org/I63966007,1999,1999,,Imperial College London; University of Cambridge; Massachusetts Institute of Technology,,,
https://openalex.org/A5054911312,Mauro Cazzaniga,https://openalex.org/I63966007,Massachusetts Institute of Technology,2025,2025,https://openalex.org/I63966007,2025,2025,Massachusetts Institute of Technology,Stanford University,0009-0003-8232-7233,,
https://openalex.org/A5030865467,Jiayao Yan,https://openalex.org/I63966007,Massachusetts Institute of Technology,2025,2025,https://openalex.org/I63966007,2025,2025,Cancer Institute (WIA); Massachusetts Institute of Technology; Jiangsu Cancer Hospital; Nanjing University; Nanjing Drum Tower Hospital; Xinjiang University,Nanjing Medical University,,,
https://openalex.org/A5063496642,Ta-Ming Shih,https://openalex.org/I63966007,Massachusetts Institute of Technology,2008,2008,https://openalex.org/I63966007,2008,2008,,"University of California, Berkeley; State Key Laboratory of Vehicle NVH and Safety Technology; Lawrence Livermore National Laboratory; MingDao University; National Chung Cheng University; China University of Science and Technology; Massachusetts Institute of Technology; National Defense University",,,
https://openalex.org/A5049780335,Etienne Rassart,https://openalex.org/I63966007,Massachusetts Institute of Technology,2003,2004,https://openalex.org/I63966007,2003,2004,Massachusetts Institute of Technology,Université du Québec à Montréal,,,
https://openalex.org/A5030238375,Y. Hara,https://openalex.org/I63966007,Massachusetts Institute of Technology,1994,2005,https://openalex.org/I63966007,1994,2005,California Institute of Technology,Mitsubishi Electric (Japan); Massachusetts Institute of Technology; Hiroshima University,,,
https://openalex.org/A5052183063,Michael F. Cook,https://openalex.org/I63966007,Massachusetts Institute of Technology,1982,1982,https://openalex.org/I63966007,1982,1982,ExxonMobil (United States),Woods Hole Oceanographic Institution; Massachusetts Institute of Technology; Mitchell Institute; Texas A&M University; Deep Ocean Engineering (United States),,,
https://openalex.org/A5051096488,Kate Rudolph,https://openalex.org/I63966007,Massachusetts Institute of Technology,2013,2013,https://openalex.org/I63966007,2013,2013,,Massachusetts Institute of Technology,,,
https://openalex.org/A5033282843,Herbert Glantz,https://openalex.org/I63966007,Massachusetts Institute of Technology,1955,1955,https://openalex.org/I63966007,1955,1955,Massachusetts Institute of Technology,,,,
https://openalex.org/A5070756139,Hugh Heclo,https://openalex.org/I63966007,Massachusetts Institute of Technology,1973,1973,https://openalex.org/I63966007,1973,1973,,Massachusetts Institute of Technology,,,
https://openalex.org/A5071844016,Saghi Saghazadeh,https://openalex.org/I63966007,Massachusetts Institute of Technology,2017,2019,https://openalex.org/I63966007,2017,2019,Science Museum of Minnesota,Harvard University; Massachusetts Institute of Technology; Innovation Research Center; UCLouvain; Harvard–MIT Division of Health Sciences and Technology; Brigham and Women's Hospital,,,
https://openalex.org/A5070012075,F. Ömer İlday,https://openalex.org/I63966007,Massachusetts Institute of Technology,2004,2011,https://openalex.org/I63966007,2004,2011,Ruhr University Bochum,Massachusetts Institute of Technology; Elettra-Sincrotrone Trieste S.C.p.A.; National Nanotechnology Research Center; Deutsches Elektronen-Synchrotron DESY; IIT@MIT; Middle East Technical University; Bilkent University; Boğaziçi University; Cornell University,0000-0002-9057-5371,,
https://openalex.org/A5050848834,P. Esquissaud,https://openalex.org/I63966007,Massachusetts Institute of Technology,1976,1976,https://openalex.org/I63966007,1976,1976,Massachusetts Institute of Technology,,,,
https://openalex.org/A5090211537,Tushar Swamy,https://openalex.org/I63966007,Massachusetts Institute of Technology,2015,2019,https://openalex.org/I63966007,2015,2019,,Northeastern University; Pennsylvania State University; Massachusetts Institute of Technology; Melaka Manipal Medical College; Stanford University; Next Energy Technologies (United States),0000-0002-2975-6042,,
https://openalex.org/A5101054627,Sung-Jin Ahn,https://openalex.org/I63966007,Massachusetts Institute of Technology,2012,2012,https://openalex.org/I63966007,2012,2012,Samsung (South Korea),Government of the Republic of Korea; Massachusetts Institute of Technology; Tohoku University; Yonsei University,,,
https://openalex.org/A5026039794,J. Cho,https://openalex.org/I63966007,Massachusetts Institute of Technology,1989,1989,https://openalex.org/I63966007,1989,1989,Massachusetts Institute of Technology,,,,
https://openalex.org/A5075105926,Brenda Sierra Luciano,https://openalex.org/I63966007,Massachusetts Institute of Technology,1999,1999,https://openalex.org/I63966007,1999,1999,Inflammation Research Foundation,Massachusetts Institute of Technology; Center for Cancer Research,,,
https://openalex.org/A5063647438,X.Delpech De Saint Guilhem,https://openalex.org/I63966007,Massachusetts Institute of Technology,1987,1987,https://openalex.org/I63966007,1987,1987,Massachusetts Institute of Technology,,,,
https://openalex.org/A5087265162,Brandon Chen,https://openalex.org/I63966007,Massachusetts Institute of Technology,2020,2020,https://openalex.org/I63966007,2020,2020,Saint Barnabas Medical Center; Michigan Medicine; Rockefeller University; University of Michigan,"Donald & Barbara Zucker School of Medicine at Hofstra/Northwell; Laboratoire d’immunologie intégrative du cancer; St. Mary’s Hospital; University of Maryland Medical Center; Whitehead Institute for Biomedical Research; University of California, San Francisco; UCSF Helen Diller Family Comprehensive Cancer Center; Massachusetts Institute of Technology; University of Louisville; University of Toronto; Medical Education Institute; University of Alberta; Emory University; National Cheng Kung University Hospital; University of Maryland, Baltimore; Long Island Jewish Medical Center",0000-0002-6319-2228,,
https://openalex.org/A5079541460,Jong‐In Hong,https://openalex.org/I63966007,Massachusetts Institute of Technology,1994,1994,https://openalex.org/I63966007,1994,1994,,KG Chemical (South Korea); Imperial College London; Washington State University; Chung-Ang University; Intelligent Synthetic Biology Center; University of Seoul; Korea Research Institute of Standards and Science; LG Chem (South Korea); Kennesaw State University; University of South Carolina; Government of the Republic of Korea; Ewha Womans University; Kyonggi University; Korea University; Korea Advanced Institute of Science and Technology; Hanyang University; Seoul National University; Universidad de Extremadura; Sogang University; Samsung (South Korea); Seoul Institute; University of Toronto; Chonnam National University; Massachusetts Institute of Technology; Columbia University; Chiba University,0000-0001-7831-8834,,
https://openalex.org/A5109358009,Takatoshi Kinoshita,https://openalex.org/I63966007,Massachusetts Institute of Technology,2005,2005,https://openalex.org/I63966007,2005,2005,,Beijing University of Chemical Technology; Materials Science & Engineering; Hitachi (Japan); Seikei University; Japan Science and Technology Agency; The University of Osaka; National Institute of Advanced Industrial Science and Technology; Massachusetts Institute of Technology; Nagoya Institute of Technology; Nagoya University; Menicon (Japan); Tokyo University of Marine Science and Technology; Tokyo University of Science,,,
https://openalex.org/A5109258388,Y. Cui,https://openalex.org/I63966007,Massachusetts Institute of Technology,2021,2021,https://openalex.org/I63966007,2021,2021,Yellow River Conservancy Technical Institute,Inner Mongolia University of Technology; Massachusetts Institute of Technology; Purdue University West Lafayette; McGovern Institute for Brain Research,,,
https://openalex.org/A5021249331,Gang Han,https://openalex.org/I63966007,Massachusetts Institute of Technology,2018,2023,https://openalex.org/I63966007,2018,2023,Nankai University,"Ningxia Water Conservancy; Data Storage Institute; Chinese Academy of Sciences; Massachusetts Institute of Technology; Dalian University; Institute of Chemistry; North University of China; University of Wisconsin–Madison; State Key Laboratory of Polymer Physics and Chemistry; California Institute of Technology; East China University of Science and Technology; Academia Sinica; Université Bourgogne Franche-Comté; High Magnetic Field Laboratory; National University of Singapore; Institute of Plasma Physics; Dalian University of Technology; Agency for Science, Technology and Research",0000-0001-8943-569X,,
https://openalex.org/A5060128223,Mehmet Z. Sengun,https://openalex.org/I63966007,Massachusetts Institute of Technology,1989,1997,https://openalex.org/I63966007,1989,1997,,Palo Alto Research Center; Massachusetts Institute of Technology; Mitek Analytics (United States),,,
https://openalex.org/A5057187872,Ben Z. Stanger,https://openalex.org/I63966007,Massachusetts Institute of Technology,1989,1994,https://openalex.org/I63966007,1989,1994,California University of Pennsylvania; University of Pennsylvania; UPMC Hillman Cancer Center; Cancer Research Institute,Harvard Stem Cell Institute; Philadelphia University; The Wistar Institute; Boston University; California Institute for Regenerative Medicine; Cancer Research Institute of the Slovak Academy of Sciences; Salk Institute for Biological Studies; University of Malaya; The University of Tokyo; École Polytechnique Fédérale de Lausanne; Michigan Center for Translational Pathology; Cornell University; Development Fund; Abramson Cancer Center; Massachusetts General Hospital; University Medical Center; Parker Institute for Cancer Immunotherapy; Howard Hughes Medical Institute; Columbia University; Harvard University Press; Harvard University; University Gastroenterology; Center for Cancer Research; Boston Medical Center; Emory University; University of Michigan; Cancer Research Center; Memorial Sloan Kettering Cancer Center; Institute of Cognitive and Brain Sciences; Massachusetts Institute of Technology; Drexel University,0000-0003-0410-4037,,
https://openalex.org/A5074769601,Yuri. Trakht,https://openalex.org/I63966007,Massachusetts Institute of Technology,2020,2020,https://openalex.org/I63966007,2020,2020,Massachusetts Institute of Technology,,,,
https://openalex.org/A5100687908,Vivek Sharma,https://openalex.org/I63966007,Massachusetts Institute of Technology,2021,2024,https://openalex.org/I63966007,2021,2024,,National Dairy Research Institute; Karlsruhe Institute of Technology; University of Delhi; Massachusetts Institute of Technology; Harvard University; Jagannath University,0000-0003-3909-7279,,
https://openalex.org/A5036092824,Dale Talbot,https://openalex.org/I63966007,Massachusetts Institute of Technology,1996,1998,https://openalex.org/I63966007,1996,1998,"University of California, San Francisco",Max Delbrück Center; Brigham and Women's Hospital; Smith-Kettlewell Eye Research Institute; University of Geneva; Whitehead Institute for Biomedical Research; University of Alberta; Massachusetts Eye and Ear Infirmary; Advanced Genetic Systems (United States); ChemoCentryx (United States); Massachusetts Institute of Technology; Harvard University,,,
https://openalex.org/A5112786045,Matthew Hung,https://openalex.org/I63966007,Massachusetts Institute of Technology,2018,2018,https://openalex.org/I63966007,2018,2018,Massachusetts Institute of Technology; McGovern Institute for Brain Research,,,,
https://openalex.org/A5007929630,Thelma Estrin,https://openalex.org/I63966007,Massachusetts Institute of Technology,1971,1971,https://openalex.org/I63966007,1971,1971,"University of California, Los Angeles",Massachusetts General Hospital; Massachusetts Institute of Technology; Columbia University; Harvard University,,,
https://openalex.org/A5110904255,P Hsieh,https://openalex.org/I63966007,Massachusetts Institute of Technology,1983,1984,https://openalex.org/I63966007,1983,1984,,University School; Case Western Reserve University; Center for Cancer Research; Massachusetts Institute of Technology,,,
