author_id,name,inst_1_id,inst_1_name,year_start_1,year_end_1,OU_ID,OU_year_start,OU_year_end,current_institutions,past_institutions,orcid,status,message
https://openalex.org/A5117152269,Larahn E. Frazier,https://openalex.org/I8692664,University of Oklahoma,2025,2025,https://openalex.org/I8692664,2025,2025,University of Oklahoma,,,,
https://openalex.org/A5066917659,Mary Lawler,https://openalex.org/I8692664,University of Oklahoma,1993,1997,https://openalex.org/I8692664,1993,1997,Sheffield Hallam University,University of Lancashire; Oklahoma State University; University of Oklahoma; Northwestern University; Technical University of Denmark; Oklahoma City University; University of Leeds; The University of Texas Health Science Center at Houston; Greenfield Community College,0000-0002-0106-5418,,
https://openalex.org/A5000743849,Mohammed Bouhiyate,https://openalex.org/I8692664,University of Oklahoma,2005,2005,https://openalex.org/I8692664,2005,2005,University of Oklahoma,,,,
https://openalex.org/A5061360353,Rudolf Kaltenboeck,https://openalex.org/I8692664,University of Oklahoma,2012,2012,https://openalex.org/I8692664,2012,2012,,Austro Control (Austria); Cooperative Institute for Mesoscale Meteorological Studies; Universität Innsbruck; University of Oklahoma,,,
https://openalex.org/A5002622373,Janet R. Sullivan,https://openalex.org/I8692664,University of Oklahoma,1983,1984,https://openalex.org/I8692664,1983,1984,University of New Hampshire,University of Oklahoma; University of Leeds; Rocky Mountain Research Station; Rocky Mountain Research (United States); University of Montana,,,
https://openalex.org/A5115604391,Michael P. Murphy,https://openalex.org/I8692664,University of Oklahoma,2005,2005,https://openalex.org/I8692664,2005,2005,University of Cambridge; Institute on Aging; Indiana University – Purdue University Indianapolis; MRC Mitochondrial Biology Unit,University of Kentucky; Indiana University Bloomington; University of Louisville; Abbott Northwestern Hospital; Richard L. Roudebush VA Medical Center; Harvard University; University of Oklahoma; University of Minnesota; Stanford University; WinnMed; Minneapolis Heart Institute Foundation; Center for Vascular Biology Research; Jacksonville College; Indiana University; Indiana University School of Medicine; Max Planck Institute for Biophysical Chemistry; Brigham and Women's Hospital; Mayo Clinic; St. Luke's Episcopal Hospital; Mayo Clinic in Florida; University School; University of Ulster; Indiana University Health; Riley Hospital for Children; Murphy Oil Corporation (United States),0000-0003-3079-0659,,
https://openalex.org/A5089331217,John K. Carter,https://openalex.org/I8692664,University of Oklahoma,2006,2006,https://openalex.org/I8692664,2006,2006,The University of Queensland,Cooperative Institute for Mesoscale Meteorological Studies; University of Oklahoma; NOAA National Severe Storms Laboratory,,,
https://openalex.org/A5007024655,R.D. Evans,https://openalex.org/I8692664,University of Oklahoma,1987,1987,https://openalex.org/I8692664,1987,1987,University of Oklahoma,,,,
https://openalex.org/A5028943520,Binil Starly,https://openalex.org/I8692664,University of Oklahoma,2007,2020,https://openalex.org/I8692664,2007,2020,,North Central State College; University of Oklahoma; Drexel University; UNC/NCSU Joint Department of Biomedical Engineering; North Carolina State University; University of North Carolina at Chapel Hill; Arizona State University,0000-0002-8527-1269,,
https://openalex.org/A5113738941,S. Nichols,https://openalex.org/I8692664,University of Oklahoma,1979,1979,https://openalex.org/I8692664,1979,1979,,University of Oklahoma,,,
https://openalex.org/A5110130269,Elizabeth L. Fagan,https://openalex.org/I8692664,University of Oklahoma,1990,1990,https://openalex.org/I8692664,1990,1990,University of Oklahoma,,,,
https://openalex.org/A5017355813,T.V. Choudhary,https://openalex.org/I8692664,University of Oklahoma,2008,2008,https://openalex.org/I8692664,2008,2008,,"Max Healthcare; Public Works Department Buildings and Roads; National Institute of Technology Hamirpur; Philips (Finland); University of Oklahoma; Phillips 66 (United States); ConocoPhillips (United States); Sir Ganga Ram Hospital; National Chemical Laboratory; Philips (United States); Vardhman Mahavir Medical College & Safdarjung Hospital; Los Alamos National Laboratory; Banaras Hindu University; Institute of Medical Sciences; St. Stephen’s Hospital; Indian Institute of Technology Bombay; Indian Institute of Information Technology Design and Manufacturing Jabalpur; Texas A&M University; University of California, Santa Barbara",0000-0002-5871-9275,,
https://openalex.org/A5111882319,Bradley Isom,https://openalex.org/I8692664,University of Oklahoma,2012,2016,https://openalex.org/I8692664,2012,2016,Tomorrows Children’s Fund,Radar (United States); University of Oklahoma; Missouri Western State University; Pacific Northwest National Laboratory,,,
https://openalex.org/A5088036495,Brandon Curd,https://openalex.org/I8692664,University of Oklahoma,2015,2017,https://openalex.org/I8692664,2015,2017,Center for Astrophysics Harvard & Smithsonian; Harvard University; Woodwell Climate Research Center; The University of Texas at San Antonio,University of Oklahoma,0000-0002-8650-0879,,
https://openalex.org/A5004620923,René M. Stulz,https://openalex.org/I8692664,University of Oklahoma,2005,2009,https://openalex.org/I8692664,2005,2009,European Corporate Governance Institute; National Bureau of Economic Research; Fisher College; The Ohio State University,UCLA Health; National University; University of South Florida; Seoul National University; Federal Reserve; University of Massachusetts Amherst; Hong Kong University of Science and Technology; American Economic Association; Business Roundtable; Federal Reserve Bank of Kansas City; Swiss Finance Institute; University of Fairfax; University of Bern; Social Sciences and Humanities Research Council; Erasmus University Rotterdam; Hyundai Motors (South Korea); Cornell University; Korea University; Boston College; Case Western Reserve University; Indiana University; Georgia Institute of Technology; Brigham Young University; Goethe University Frankfurt; University of Rochester; University of Chicago; Kent State University; Federal Reserve Bank of New York; Ohio University; Seattle University; University of Utah; Southern California University for Professional Studies; Singapore Management University; Texas A&M University; University of Cyprus; Tulane University; University of Virginia; University of Florida; University of Hong Kong; École Polytechnique Fédérale de Lausanne; Swiss National Science Foundation; University of Warwick; Lancaster University; New York University; College of Business Administration; Miami University; Boston University; American Finance Association; International Paper (United States); Bank of America; University of Pittsburgh; University of Arizona; Swiss National Bank; Poznań University of Economics and Business; Vanderbilt University; Bocconi University; Nanyang Technological University; Hong Kong Polytechnic University; Federal Reserve Board of Governors; Arizona State University; Federal Reserve Bank of Dallas; Durham University; HEC Paris in Qatar; National University of Singapore; University of Toronto; Maastricht University; City University of New York; World Bank; Georgetown University; University of Georgia; University of Oklahoma; Mississippi State University; Chinese University of Hong Kong; University of Cincinnati; HEC Paris; University of Washington; University of North Carolina at Chapel Hill; Carnegie Mellon University; Yonsei University; Northeastern University; University of Iowa; Vienna University of Economics and Business; John Marshall Law School; University of Southern California,0000-0003-2956-4806,,
https://openalex.org/A5103505937,Pankaj Jain,https://openalex.org/I8692664,University of Oklahoma,1995,1995,https://openalex.org/I8692664,1995,1995,,University of Oklahoma; University of Kansas; Banasthali University; Indian Institute of Technology Kanpur,,,
https://openalex.org/A5100610352,Weili Zhang,https://openalex.org/I8692664,University of Oklahoma,2016,2016,https://openalex.org/I8692664,2016,2016,Tianjin University of Technology,University of Oklahoma; University of Science and Technology Beijing; Shanghai University of Traditional Chinese Medicine; Tsinghua University; Tongji University; Central South University; Quanta Computer (China); Daqing Oilfield of CNPC; Hunan University of Technology; Chongqing University of Technology; Chinese Academy of Sciences; Yanshan University; Central South University of Forestry and Technology; Shanghai Advanced Research Institute; China University of Mining and Technology; Daqing Oilfield General Hospital,,,
https://openalex.org/A5033814175,Charles Courtemanche,https://openalex.org/I8692664,University of Oklahoma,2019,2019,https://openalex.org/I8692664,2019,2019,University of Kentucky,American Institutes for Research; American Society of Health Economists; American Institute for Economic Research; Columbia Global Center; International Paper (United States); Agricultural & Applied Economics Association; Temple University; University of Illinois Urbana-Champaign; University of Wisconsin–Oshkosh; Hope College; Bentley University; University of Virginia; American Economic Association; University of Pennsylvania; Michigan State University; Washington University in St. Louis; University of Colorado System; John Wiley & Sons (United States); College of Charleston; Hudson Institute; Georgia State University; The University of Texas at Dallas; Pepperdine University; ORCID; San Diego State University; University of Illinois Chicago; Federal Trade Commission; Samford University; Appalachian State University; Ball State University; Yale University; Indiana University – Purdue University Indianapolis; University of Oklahoma; Bureau of Labor Statistics; ICF International (United States); Tulane University; University of North Carolina at Greensboro; Clemson University; Policy Analysis (United States); University of Iowa; University of Louisville Hospital; IZA - Institute of Labor Economics; University of Connecticut; Health Foundation; Bates College; George Mason University; University of Wisconsin–Madison; University of Georgia; McCormick (United States); University of Louisville; Johns Hopkins University; University of Nebraska at Omaha; Impaq International (United States); Emory University; Charleston Southern University; Rhodes College; National Bureau of Economic Research; Economic Research Service,0000-0001-5422-5350,,
https://openalex.org/A5112794518,Affan Faisal,https://openalex.org/I8692664,University of Oklahoma,2025,2025,https://openalex.org/I8692664,2025,2025,Danylo Halytsky Lviv National Medical University; University of Oklahoma; King Edward Medical University,United Lincolnshire Hospitals NHS Trust; Lincoln County Hospital,0009-0006-0819-5430,,
https://openalex.org/A5021325428,Tahrima B. Rouf,https://openalex.org/I8692664,University of Oklahoma,2022,2024,https://openalex.org/I8692664,2022,2024,International Islamic University Malaysia; Valparaiso University; Arizona State University; Bangladesh University of Engineering and Technology; University of Oklahoma; Purdue University West Lafayette; Daffodil International University; Ahsanullah University of Science and Technology,,0000-0001-7973-9008,,
https://openalex.org/A5060227660,Susan R. Copeland,https://openalex.org/I8692664,University of Oklahoma,2020,2020,https://openalex.org/I8692664,2020,2020,University of New Mexico,University of Oklahoma; Vanderbilt University; Providence College; Williams (United States); Virginia Commonwealth University; University of Hawaiʻi at Mānoa; University of North Carolina at Greensboro; Sam Houston State University,0000-0001-7970-813X,,
https://openalex.org/A5054079261,E. A. Grula,https://openalex.org/I8692664,University of Oklahoma,1980,1980,https://openalex.org/I8692664,1980,1980,,University of Kentucky; University of Oklahoma; Oklahoma State University Oklahoma City; Keeneland Association; Oklahoma State University; Purdue University West Lafayette,,,
https://openalex.org/A5101530578,A. F. M. Mustafizur Rahman,https://openalex.org/I8692664,University of Oklahoma,1980,1980,https://openalex.org/I8692664,1980,1980,Women Medical College; University of Dhaka; Swami Ramanand Teerth Marathwada University,Kyoto University; Shiga University; University of Dundee; Pakistan Institute of Nuclear Science and Technology; Chinese Academy of Sciences; Campbell Collaboration; Shiga University of Medical Science; Yamaguchi University; University of New Mexico; Nalanda Medical College and Hospital; University of Oklahoma; UNSW Sydney; Australian Defence Force Academy; Kyoto University Institute for Chemical Research; Lanzhou City University; Lanzhou Institute of Chemical Physics; Islamic University of Technology,0000-0002-1712-3141,,
https://openalex.org/A5088092315,Xuebing Yang,https://openalex.org/I8692664,University of Oklahoma,2008,2008,https://openalex.org/I8692664,2008,2008,UPMC Altoona; Pennsylvania State University,University of Cambridge; University of Oklahoma; Shangdong Agriculture and Engineering University; Huazhong University of Science and Technology; Shandong University,0000-0002-3080-3053,,
https://openalex.org/A5013992617,Anderson White,https://openalex.org/I8692664,University of Oklahoma,2002,2003,https://openalex.org/I8692664,2002,2003,University of Oklahoma,,,,
https://openalex.org/A5090731225,Rosemary Tambouret,https://openalex.org/I8692664,University of Oklahoma,2017,2017,https://openalex.org/I8692664,2017,2017,,Photon Imaging (United States); American Journal Experts (United States); University of Alabama at Birmingham; Woman's Cancer Foundation; College of American Pathologists; American Society for Clinical Pathology; Mayo Clinic; John Wiley & Sons (United States); University of Oklahoma; Lemuel Shattuck Hospital; University of Kentucky; International Association for the Study of Lung Cancer; Universidade Federal do Rio de Janeiro; Massachusetts General Hospital; University of Virginia; The University of Texas MD Anderson Cancer Center; Università Cattolica del Sacro Cuore; Harvard University Press; University Health Network; Virginia Commonwealth University; Mekelle University; Hudson Institute; Cambridge Health Alliance; Harvard University; Charles River Laboratories (Netherlands),,,
https://openalex.org/A5066237636,Kim-Heng Teo,https://openalex.org/I8692664,University of Oklahoma,1990,1991,https://openalex.org/I8692664,1990,1991,National University of Singapore,Taipei Institute of Pathology; University of Oklahoma,,,
https://openalex.org/A5119565149,Kara B DeLeόn,https://openalex.org/I8692664,University of Oklahoma,2025,2025,https://openalex.org/I8692664,2025,2025,University of Oklahoma,,,,
https://openalex.org/A5036671771,Carol Ho–Wing Leung,https://openalex.org/I8692664,University of Oklahoma,2003,2003,https://openalex.org/I8692664,2003,2003,National University of Singapore,University of Oklahoma,,,
https://openalex.org/A5055077995,Diane V. Roeder,https://openalex.org/I8692664,University of Oklahoma,2015,2022,https://openalex.org/I8692664,2015,2022,Augustana University,University of Illinois Urbana-Champaign; Oklahoma Biological Survey; South Dakota State University; University of Oklahoma; Cameron University,0000-0002-2366-9781,,
https://openalex.org/A5068758833,R E Arthur,https://openalex.org/I8692664,University of Oklahoma,2003,2003,https://openalex.org/I8692664,2003,2003,,Saint Louis University; INTEGRIS Baptist Medical Center; University of Oklahoma,,,
https://openalex.org/A5020201216,Fang Liu,https://openalex.org/I8692664,University of Oklahoma,2023,2024,https://openalex.org/I8692664,2023,2024,Institute of Mountain Hazards and Environment; University of Chinese Academy of Sciences; Chinese Academy of Sciences,Tianjin University; Wan Fang Hospital; Yunnan University of Finance And Economics; University of Oklahoma; Qilu Normal University; Beijing Normal University; Open University of China; Shanxi Science and Technology Department; Changsha University of Science and Technology,0000-0002-9332-1676,,
https://openalex.org/A5033542596,Karl A. Roeder,https://openalex.org/I8692664,University of Oklahoma,2014,2021,https://openalex.org/I8692664,2014,2021,Agricultural Research Service; North Central College,University of Oklahoma; Texas A&M University; Mitchell Institute; University of Illinois Urbana-Champaign,0000-0002-2628-5003,,
https://openalex.org/A5073269968,Wanguo Liu,https://openalex.org/I8692664,University of Oklahoma,2008,2008,https://openalex.org/I8692664,2008,2008,Jilin University; Guangxi University of Science and Technology; Union Hospital,Inserm; WinnMed; Stanley Foundation; Louisiana State University; Louisiana State University Health Sciences Center New Orleans; Shanghai Ninth People's Hospital; Mayo Clinic; Wayne State University; Kyushu University; Stanford University; Kyoto Prefectural University of Medicine; Institut Curie; Mayo Clinic in Arizona; Howard Hughes Medical Institute; Centre National de la Recherche Scientifique; Mayo Clinic in Florida; University of Rochester; Sun Yat-sen University; Jilin Medical University; University of Oklahoma; Stanford Medicine; Qiannan Normal College For Nationalities; Computer Algorithms for Medicine; Institut Gustave Roussy,0000-0002-5685-4705,,
https://openalex.org/A5072492879,Christopher J. Sohl,https://openalex.org/I8692664,University of Oklahoma,1979,1979,https://openalex.org/I8692664,1979,1979,,University of Oklahoma,,,
https://openalex.org/A5056129631,Aletha B. Laurent,https://openalex.org/I8692664,University of Oklahoma,2000,2000,https://openalex.org/I8692664,2000,2000,Oklahoma Medical Research Foundation,University of Oklahoma,,,
https://openalex.org/A5007986851,Ann Merrill,https://openalex.org/I8692664,University of Oklahoma,1994,1998,https://openalex.org/I8692664,1994,1998,University of Oklahoma Health Sciences Center,Merrill (United States); University of Oklahoma,,,
https://openalex.org/A5112149080,William L. Parry,https://openalex.org/I8692664,University of Oklahoma,2013,2013,https://openalex.org/I8692664,2013,2013,University of Oklahoma,United States Department of Veterans Affairs; University of Oklahoma Health Sciences Center; Oklahoma City VA Medical Center; Strong Memorial Hospital; SUNY Upstate Medical University; University of Rochester; University of Oklahoma Medical Center,,,
https://openalex.org/A5012274683,Larry E. Toothaker,https://openalex.org/I8692664,University of Oklahoma,1972,2014,https://openalex.org/I8692664,1972,2014,,University of Oklahoma; Oklahoma City University,,,
https://openalex.org/A5079864491,Clark R. Wilson,https://openalex.org/I8692664,University of Oklahoma,2011,2011,https://openalex.org/I8692664,2011,2011,The University of Texas at Austin,"In-Q-Tel; Curtin University; Scripps Institution of Oceanography; Cornell University; University of Oklahoma; Wilson College; Washington State University; Norsk Hydro (Norway); University of Texas Institute for Geophysics; The University of Melbourne; GTx (United States); Sustainable Development Institute; University of California, San Diego; Royal Observatory of Belgium",0000-0003-1288-3245,,
https://openalex.org/A5027869956,Merrill D. Funk,https://openalex.org/I8692664,University of Oklahoma,2013,2014,https://openalex.org/I8692664,2013,2014,Southern Utah University,Brownsville Public Library; University of Oklahoma; The University of Texas Rio Grande Valley; Brigham Young University,0000-0003-2924-2778,,
https://openalex.org/A5113640105,Daniel Sutter,https://openalex.org/I8692664,University of Oklahoma,1995,2016,https://openalex.org/I8692664,1995,2016,Lucerne University of Applied Sciences and Arts,George Mason University; Cooperative Institute for Mesoscale Meteorological Studies; University of Miami; University of Oklahoma; Troy University; Old Dominion University; Swiss Federal Institute of Aquatic Science and Technology; NSF National Center for Atmospheric Research; Austin College,,,
https://openalex.org/A5023289319,Syed Sarwar Shah,https://openalex.org/I8692664,University of Oklahoma,1986,1991,https://openalex.org/I8692664,1986,1991,University of Oklahoma,,,,
https://openalex.org/A5060511888,Irene Lim,https://openalex.org/I8692664,University of Oklahoma,2019,2019,https://openalex.org/I8692664,2019,2019,Stanford University; Stanford Medicine,"California NanoSystems Institute; University of Oklahoma Health Sciences Center; University of Oklahoma; University of California, Los Angeles",0000-0003-2948-5390,,
https://openalex.org/A5081544465,Shiva Raman,https://openalex.org/I8692664,University of Oklahoma,2016,2016,https://openalex.org/I8692664,2016,2016,University of Oklahoma,,,,
https://openalex.org/A5072204282,Rosemary Dorman,https://openalex.org/I8692664,University of Oklahoma,1983,1983,https://openalex.org/I8692664,1983,1983,,University of Oklahoma,,,
https://openalex.org/A5111061590,Tyler Reich,https://openalex.org/I8692664,University of Oklahoma,2024,2025,https://openalex.org/I8692664,2024,2025,University of Oklahoma,Oklahoma State University Oklahoma City,0009-0001-6590-9800,,
https://openalex.org/A5092808327,Sam Stormer,https://openalex.org/I8692664,University of Oklahoma,2022,2023,https://openalex.org/I8692664,2022,2023,National Oceanic and Atmospheric Administration; University of Oklahoma,,0000-0002-9346-1994,,
https://openalex.org/A5043790467,Do Van Doan,https://openalex.org/I8692664,University of Oklahoma,2017,2017,https://openalex.org/I8692664,2017,2017,Vietnam Maritime University,Gdynia Maritime University; University of Oklahoma,0009-0005-0892-6953,,
https://openalex.org/A5025028114,Jill A. Irvine,https://openalex.org/I8692664,University of Oklahoma,1992,2018,https://openalex.org/I8692664,1992,2018,University of Washington Medical Center,University of Oklahoma; University of Washington; Gender Studies,,,
https://openalex.org/A5032395508,Matthew Bauler,https://openalex.org/I8692664,University of Oklahoma,2001,2008,https://openalex.org/I8692664,2001,2008,University of Oklahoma,,,,
https://openalex.org/A5076102334,Ric Adams,https://openalex.org/I8692664,University of Oklahoma,2014,2014,https://openalex.org/I8692664,2014,2014,Cooperative Institute for Mesoscale Meteorological Studies; NOAA National Severe Storms Laboratory; University of Oklahoma,,,,
https://openalex.org/A5025709761,Rachel E. Jarvis,https://openalex.org/I8692664,University of Oklahoma,2019,2024,https://openalex.org/I8692664,2019,2024,University of Oklahoma; Radar (United States),,0000-0002-1207-7828,,
https://openalex.org/A5101785814,Hiroyuki Matsumoto,https://openalex.org/I8692664,University of Oklahoma,1989,1989,https://openalex.org/I8692664,1989,1989,TDK (Japan),Oklahoma Medical Research Foundation; Nikon (United States); OU Health; Asahikawa Medical University; Takara (United States); Takara (Sweden); Fuji Electric (Japan); Kanazawa University; University of Oklahoma; Purdue University West Lafayette; Gifu University; NEC (Japan); Shizuoka University; University of Oklahoma Health Sciences Center; Asahikawa Medical College Hospital,0009-0001-4219-9148,,
https://openalex.org/A5076077804,Ruizhi Liu,https://openalex.org/I8692664,University of Oklahoma,2011,2011,https://openalex.org/I8692664,2011,2011,Institute of Chemistry; Chengdu University of Traditional Chinese Medicine; Chinese Research Academy of Environmental Sciences; University of Chinese Academy of Sciences; Inner Mongolia Autonomous Region Hospital of Traditional Chinese Medicine; Inner Mongolia Agricultural University; Chinese Academy of Sciences; Ministry of Ecology and Environment; Beijing National Laboratory for Molecular Sciences; Jilin University; Inner Mongolia Autonomous Region Meteorological Bureau; First Hospital of Jilin University,Affiliated Hospital of Jining Medical University; Creative Commons; Institut de Médecine de la Reproduction; Zero to Three; Chinese Medical Association; Tsinghua University; Huizhou Central People's Hospital; Shanghai University of Sport; Xidian University; Northeast Normal University; First Bethune Hospital of Jilin University; BC Children's Hospital; Changchun Obstetrics and Gynecology Hospital; National Natural Science Foundation of China; Luliang University; Guangdong Pharmaceutical University; Weatherford College; Jilin Medical University; University of British Columbia; University of Oklahoma; Ministry of Education of the People's Republic of China; Dalian University of Technology; Health Commission of Jilin Province; Credo Reference (United States); Dalian University,0000-0002-3386-7765,,
https://openalex.org/A5075451046,J. Straka,https://openalex.org/I8692664,University of Oklahoma,1992,2007,https://openalex.org/I8692664,1992,2007,,University of Oklahoma; L3S Research Center; University of West Bohemia; Feramat Cybernetics (Czechia); University Corporation for Atmospheric Research,0000-0002-9981-1326,,
https://openalex.org/A5040830922,Winita Chandranondnaiwinit,https://openalex.org/I8692664,University of Oklahoma,1966,1966,https://openalex.org/I8692664,1966,1966,University of Oklahoma,,,,
https://openalex.org/A5009186802,Ruthie Stevens,https://openalex.org/I8692664,University of Oklahoma,1995,2016,https://openalex.org/I8692664,1995,2016,University of Oklahoma,,,,
https://openalex.org/A5057973944,Hyeonjoon Park,https://openalex.org/I8692664,University of Oklahoma,2021,2021,https://openalex.org/I8692664,2021,2021,University of Oklahoma,,,,
https://openalex.org/A5026689272,Amir Bhochhibhoya,https://openalex.org/I8692664,University of Oklahoma,2013,2017,https://openalex.org/I8692664,2013,2017,New Jersey Department of Health,University of Oklahoma; Lander University; Kean University; University of South Carolina,0000-0002-0677-8943,,
https://openalex.org/A5108415120,Arnulf P. Hagen,https://openalex.org/I8692664,University of Oklahoma,1969,1996,https://openalex.org/I8692664,1969,1996,University of Oklahoma,University of Pennsylvania,,,
https://openalex.org/A5079816331,Lawrence A. Plummer,https://openalex.org/I8692664,University of Oklahoma,2010,2012,https://openalex.org/I8692664,2010,2012,Western University,Clemson University; George Mason University; University of Colorado Boulder; Babson College; University of Oklahoma; University of Colorado System,0000-0003-4051-1537,,
https://openalex.org/A5100352749,Feng Chen,https://openalex.org/I8692664,University of Oklahoma,2000,2001,https://openalex.org/I8692664,2000,2001,"Fujian University of Traditional Chinese Medicine; Tsinghua University; Fujian Medical University; Wenzhou City People's Hospital; Guangzhou Women and Children Medical Center; Chongqing Jiaotong University; Southern Medical University; State Key Laboratory of Pollution Control and Resource Reuse; Hainan Medical University; Xinqiao Hospital; Shanghai First People's Hospital; Wenzhou Medical University; Third Affiliated Hospital of Sun Yat-sen University; Hainan General Hospital; Target (United States); Nanjing Medical University; Zhejiang Medicine (China); Peking University; Shanghai East Hospital; Weifang Chinese Medicine Hospital; Jiangsu Cancer Hospital; Wuxi People's Hospital; Shanghai Jiao Tong University; Shenzhen University Health Science Center; Chinese Academy of Medical Sciences & Peking Union Medical College; First Hospital of Lanzhou University; Stanford University; Suzhou Municipal Hospital; Zhujiang Hospital; University of Electronic Science and Technology of China; First Affiliated Hospital Zhejiang University; Chinese University of Hong Kong; Children's Hospital of Chongqing Medical University; Shenzhen Second People's Hospital; University of Hong Kong; Second Affiliated Hospital of Fujian Medical University; Zhongnan Hospital of Wuhan University; Ministry of Agriculture and Rural Affairs; China Medical University; Capital Medical University; Nanjing University; Sichuan University; Guangzhou Medical University; Lishui City People's Hospital; Jingzhou Central Hospital; Zhengzhou Institute of Machinery; West China Hospital of Sichuan University; Chongqing Medical University; Xi'an Jiaotong University; Guizhou Provincial People's Hospital; Anhui University of Traditional Chinese Medicine; Washington University in St. Louis; Lishui University; Zhejiang University; Second Affiliated Hospital & Yuying Children's Hospital of Wenzhou Medical University; Hunan Provincial People's Hospital; Wuhan University; Second Affiliated Hospital of Nanjing Medical University; Jiangsu Academy of Agricultural Sciences; Hangzhou Women’s Hospital; Xiangtan University; Army Medical University; Chinese Research Academy of Environmental Sciences; Tongji University; South China Agricultural University; Dalian Medical University; Beijing Children’s Hospital; Hunan Normal University; Lanzhou University; China Railway Group (China); China Railway Eryuan Engineering Group Co.; China International Science and Technology Cooperation; Chongqing Maternal and Child Health Hospital; Jiangxi Provincial Children's Hospital; Women's Hospital, School of Medicine, Zhejiang University; Second Affiliated Hospital of Chongqing Medical University; Sun Yat-sen University","Université Bourgogne Franche-Comté; Ministry of Water Resources of the People's Republic of China; University of British Columbia; University of Michigan; Renmin University of China; Zhangqiu City People's Hospital; University of South China; First Affiliated Hospital of Jinan University; University of California, San Diego; JiangSu Armed Police General Hospital; Augusta University Health; Changhai Hospital; Third People's Hospital of Chengdu; Chongqing University of Technology; Guangzhou Center for Disease Control and Prevention; Rice Research Institute; Shanghai Institutes for Biological Sciences; First Affiliated Hospital of Sichuan Medical University; University of Maryland, Baltimore; Hefei National Center for Physical Sciences at Nanoscale; Zhongshan People's Hospital; United States Department of Energy; Southwestern Medical Center; Chongqing University; South China University of Technology; Zhejiang Chinese Medical University; People's Hospital of Xinjiang Uygur Autonomous Region; First Affiliated Hospital of GuangXi Medical University; Nanyang Medical College; New York State Office for People With Developmental Disabilities; Guangdong Medical College; University of Arizona; Tianjin University; Shenzhen Center for Disease Control and Prevention; Shenhua Group (China); Exelixis (United States); Longgang Central Hospital; Chinese People's Armed Police Force; Anhui University; The University of Texas Southwestern Medical Center; Academy of Military Medical Sciences; The Seventh Affiliated Hospital of Sun Yat-sen University; Wen's Food Group (China); Central South University; Qingdao University; CAE (Canada); Dendreon (United States); Ganzhou People's Hospital; Zhejiang Institute of Mechanical and Electrical Engineering; First Affiliated Hospital of Dalian Medical University; University of Zurich; The Second Nanning People's Hospital; State Key Laboratory of Oncology in South China; Lawrence Livermore National Laboratory; Shanghai Ocean University; Beijing Academy of Artificial Intelligence; Boston Children's Hospital; Jinan City People's Hospital; Affiliated Hospital of Guilin Medical College; Virginia Tech; Nanyang Technological University; Wenzhou University; Howard Hughes Medical Institute; Fred Hutch Cancer Center; People's Liberation Army No. 150 Hospital; University of California, Davis; Bethune International Peace Hospital; Nanjing Children's Hospital; Zunyi Medical University; WinnMed; Institute of Forensic Science; Ghent University Hospital; Yangzhou University; First Hospital of China Medical University; Beijing Shijitan Hospital; Institute of Hydroecology; University of Tennessee at Knoxville; Henan Agricultural University; Jiangsu Province Hospital; State Key Laboratory of Reproductive Medicine; Robert H. Lurie Comprehensive Cancer Center of Northwestern University; Jilin University; National Clinical Research Center for Digestive Diseases; Guangxi Medical University; Shaanxi Normal University; Chongqing Vocational and Technical University of Mechatronics; Huazhong University of Science and Technology; Tianjin University of Traditional Chinese Medicine; Office of the Chief Medical Examiner; First Affiliated Hospital of Gannan Medical University; University of Chicago; Institute of Cardiology; Hefei University of Technology; Fujian Provincial Hospital; Wuhan Asia Heart Hospital; Medical University of South Carolina; Beijing YouAn Hospital; Shanghai Clinical Research Center; University of North Carolina at Chapel Hill; State Council of the People's Republic of China; Guizhou Academy of Agricultural Sciences; University of Baltimore; Beihang University; Xiangyang Central Hospital; Haikou City People's Hospital; KU Leuven; China University of Petroleum, East China; University of Oklahoma; The University of Texas MD Anderson Cancer Center; Mayo Clinic in Florida; Jacksonville College; Southern University of Science and Technology; Taizhou University; Oak Ridge National Laboratory; Center for Life Sciences; Ningbo Medical Center Lihuili Hospital; Key Laboratory of Guangdong Province; University of Missouri; Creative Commons; New York University; Max Planck Institute for Evolutionary Anthropology; Aerospace Center Hospital; Jinan Central Hospital; Illumina (United States); Kunming Institute of Zoology; Leipzig University; Dali University; National Engineering Research Center for Nanotechnology; Shandong Provincial QianFoShan Hospital; Ningxia University; University of Maryland Eastern Shore; Affiliated Eye Hospital of Wenzhou Medical College; Qilu Hospital of Shandong University; National Institutes of Pharmaceutical Research and Development (China); Southwest University; Peking University First Hospital; Zhejiang Taizhou Hospital; Second Xiangya Hospital of Central South University; Nanhua University; Union Hospital; Lawrence Berkeley National Laboratory; First Affiliated Hospital of Soochow University; Hubei Zhongshan Hospital; Second Affiliated Hospital of Nanchang University; Southwest Jiaotong University; The University of Texas Health Science Center at San Antonio; Henan University of Technology; Augusta University; First Hospital of Jiaxing; Shanghai Sixth People's Hospital; Blood Center of Zhejiang Province; Nanchang University; University of Rochester Medical Center; Ningbo University; Wuxi Fourth People's Hospital; Second Affiliated Hospital of Zhejiang University; Jiangsu University; Northwestern Polytechnical University; Wuhan National Laboratory for Optoelectronics; Metabolism and Renal Physiology; Tianjin Medical University; Los Alamos National Laboratory; Harbin Engineering University; Chinese Academy of Sciences; Zhongda Hospital Southeast University; Soochow University; First Teaching Hospital of Tianjin University of Traditional Chinese Medicine; MEI Research (United States); Chongqing Emergency Medical Center; Huazhong Agricultural University; Biotechnology Institute; BGI Group (China); Union Hospital; Leibniz Institute DSMZ – German Collection of Microorganisms and Cell Cultures; Florida International University; National Health and Family Planning Commission; First Affiliated Hospital of Chengdu Medical College; Boston Medical Center; Chengdu University of Information Technology; Tianjin Medical University General Hospital; Nanfang Hospital; Okanagan University College; Guangdong Baiyun University; Affiliated Hospital of Southwest Medical University; Wuxi Taihu Hospital; Imaging Center; Shandong University; Cleveland Clinic; Harbin Normal University; Xi'an High Tech University; La Trobe University; National Natural Science Foundation of China; Nanjing Agricultural University; Institute of Geochemistry; Joint Genome Institute; State Key Laboratory of Protein and Plant Gene Research; Dalian University; Icahn School of Medicine at Mount Sinai; The Ohio State University; Nantong University; Harvard University; Chinese Academy of Agricultural Sciences; Xi'an Medical University; Zhejiang University of Technology; University of Houston; Semiconductor Manufacturing International (Italy); King University; The First People's Hospital of Shunde; Rider University; Shenyang First People's Hospital; Second Military Medical University; Chinese Center For Disease Control and Prevention; University of Nottingham; Beijing Institute of Genomics; Changzhi Medical College; TCM-Intigrated Cancer Center of Southern Medical University; IBM (United States); Science and Technology Department of Sichuan Province; University of Macau; Boston University; Center for Vascular Biology Research; Xiangya Hospital Central South University; University of Science and Technology of China; University of California, Los Angeles; Shandong Provincial Hospital; University of Pennsylvania; Dalian University of Technology; University of Maryland Center for Environmental Science; Jiangnan University; Jinhua Central Hospital; National Engineering Research Center for Information Technology in Agriculture; Nanjing Normal University; Hubei University; Beth Israel Deaconess Medical Center; Zoucheng People's Hospital; National University of Defense Technology; Beijing Tian Tan Hospital; Mayo Clinic; University of Minnesota; Northwestern University; University of Kentucky; Nanjing Tech University; Xihua University; Georgia Regents Medical Center; Anhui Academy of Agricultural Sciences; Ten Chen Hospital; Kyoto University Hospital; First Affiliated Hospital of Fujian Medical University; Central Hospital of Zibo; Hungarian Academy of Sciences; Shanghai University; Gannan Medical University; Affiliated Hospital of North Sichuan Medical College; Harbin Medical University; University of Rochester; Affiliated Hospital of Guangdong Medical College Hospital; Beijing Anzhen Hospital; Chinese People's Armed Police General Hospital; Wuhan Polytechnic University; Shanghai University of Medicine and Health Sciences; Ministry of Industry and Information Technology; Jinan University; Fu Wai Hospital; North Sichuan Medical University; Peking Union Medical College Hospital; Capital University; Ocean University of China; Suzhou University of Science and Technology; American Society for Clinical Pathology; ASM International; Taizhou Municipal Hospital; Inner Mongolia People's Hospital; Chinese Academy of Fishery Sciences; Jilin Province Tumor Hospital; University of Wisconsin–Madison; Changshu Institute of Technology; Semmelweis University; Sun Yat-sen University Cancer Center; Chongqing Medical and Pharmaceutical College; Hubei University of Arts and Science; Shenzhen University; Guangdong General Hospital; Massachusetts General Hospital; Harvard Affiliated Emergency Medicine Residency; Harvard University Press; Vichem Chemie (Hungary); Nanjing Drum Tower Hospital; Guangzhou Development Zone Hospital; State Key Laboratory of Food Science and Technology; People's Hospital of Shiyan; Institute of Plant Protection; Peterson (Norway); Deleted Institution; Medizinische Hochschule Hannover; Dahua Hospital; Central Hospital of Wuhan; Shenzhen Third People’s Hospital; Southwest Medical University; Xizang Minzu University; Beijing Forestry University; Northwest A&F University; Guangdong Provincial People's Hospital",0000-0003-3508-8834,,
https://openalex.org/A5000198654,Fernanda Ritto,https://openalex.org/I8692664,University of Oklahoma,2023,2023,https://openalex.org/I8692664,2023,2023,,University of Oklahoma; Pontifícia Universidade Católica do Rio de Janeiro,0000-0003-3299-1067,,
https://openalex.org/A5058534544,Bernd Chudoba,https://openalex.org/I8692664,University of Oklahoma,2003,2020,https://openalex.org/I8692664,2003,2020,The University of Texas at Arlington,Ames Research Center; University of Sheffield; The University of Texas at Austin; Loughborough University; University of Oklahoma; University of Bristol; Royal Aeronautical Society,,,
https://openalex.org/A5112019308,Tao Cheng,https://openalex.org/I8692664,University of Oklahoma,2006,2009,https://openalex.org/I8692664,2006,2009,"Institute of Optics and Electronics, Chinese Academy of Sciences; Wenzhou University",Massachusetts Eye and Ear Infirmary; Harvard University Press; National Yang Ming Chiao Tung University; Shenzhen Technology University; Jiading District Central Hospital; Shenzhen University; University of Oklahoma,0000-0002-3945-2050,,
https://openalex.org/A5052270545,Brady Brown,https://openalex.org/I8692664,University of Oklahoma,2019,2020,https://openalex.org/I8692664,2019,2020,,"Medical University of South Carolina; University of Oklahoma; California Pacific Medical Center; University of Maryland, Baltimore; University of Virginia; Advocate Christ Medical Center",,,
https://openalex.org/A5102879734,Jing Fu,https://openalex.org/I8692664,University of Oklahoma,2019,2019,https://openalex.org/I8692664,2019,2019,Xinjiang University; Chinese PLA General Hospital; Jingdong (China),China West Normal University; Fourth People's Hospital of Sichuan Province; Fudan University; Gansu Meteorological Bureau; University of Electronic Science and Technology of China; Jiangxi Normal University; University of Oklahoma,0009-0003-3130-6459,,
https://openalex.org/A5089791746,Betty Ferrell,https://openalex.org/I8692664,University of Oklahoma,1985,1985,https://openalex.org/I8692664,1985,1985,City of Hope; Daiichi Sankyo (United States); City Of Hope National Medical Center,"National Hospice and Palliative Care Organization; Vanderbilt Health; Ovarian Cancer Research Alliance; Case Western Reserve University; Ovarian Cancer National Alliance; University of Arizona; Kaiser Permanente; Northwestern University; Fairview Health Services; University of Pennsylvania; Princess Margaret Cancer Centre; Pain Relief Foundation; Patients First; Bridge University; National Medical Center; University of Memphis; Oklahoma City University; Sidney Kimmel Comprehensive Cancer Center; University of Washington; National Quality Forum; London Rebuilding Society; University of California, San Francisco; Montefiore Medical Center; Philadelphia VA Medical Center; Johns Hopkins University; University of Oklahoma; University Health Network; University of Kentucky; Dana-Farber Cancer Institute; Conversations! The International Ovarian Cancer Connection; Vital Research; Emory University Hospital; Barro Colorado Island; Virginia Commonwealth University Medical Center; Pain Management Institute; Cedars-Sinai Medical Center; Med Center; American Society of Clinical Oncology; Mayo Clinic; National Institutes of Health; University of Minnesota; Memorial Sloan Kettering Cancer Center; University of Southern California; Geriatric Research Education and Clinical Center; Vanderbilt University; American Association of Colleges of Nursing; New York University; University of Utah; Icahn School of Medicine at Mount Sinai; Robert Wood Johnson Foundation; Johns Hopkins Children's Center; Health Affairs; National Consensus Project for Quality Palliative Care; University of Chicago Medical Center; Southern Arizona VA Health Care System; American Academy of Hospice and Palliative Medicine; Oklahoma Baptist University; University of Rochester; Smith Family; San Diego Hospice and The Institute for Palliative Medicine; Beckman Research Institute; Lifeline Hospital; Hospice and Palliative Nurses Foundation; Ohio Pain Initiative; University of California, Los Angeles; University of North Carolina at Chapel Hill; Indianapolis Zoo; Campbell Collaboration; University of Charleston; Brown University; Massachusetts General Hospital; Yeshiva University; University of Maryland, Baltimore; American Geriatrics Society; Hoag Memorial Hospital Presbyterian",0000-0003-0061-5235,,
https://openalex.org/A5100326915,Xingwei Wang,https://openalex.org/I8692664,University of Oklahoma,2008,2009,https://openalex.org/I8692664,2008,2009,Universidad del Noreste; Anhui Medical University; Xiamen University; Institute of Biophysics; Chinese Academy of Sciences; Tsinghua University; Lingnan University; Northeastern University; First Affiliated Hospital of Anhui Medical University,"Science Research Laboratory; Edinburgh Napier University; Air Force General Hospital PLA; Air Force Institute of Aviation Medicine Affiliated Hospital; Shanghai Advanced Research Institute; Henan University; Northwestern Polytechnical University; The University of Texas at Arlington; Shanghai University; Shenyang Aerospace University; Eastern University; North China Electric Power University; Ministry of Agriculture and Rural Affairs; Xi’an University of Posts and Telecommunications; Ningbo University; Southeast University; Shandong University of Technology; Ministry of Education of the People's Republic of China; Ministry of Public Security of the People's Republic of China; University of Pittsburgh; Beijing University of Technology; University of Oklahoma; Air Force Medical University; City University of Hong Kong, Shenzhen Research Institute; Beijing University of Chemical Technology; University of Pittsburgh Medical Center; Chinese Academy of Agricultural Sciences; State Key Laboratory of Synthetical Automation for Process Industries; Agricultural Genomics Institute at Shenzhen; Hong Kong Polytechnic University; Chang'an University; International University of the Caribbean; Shenzhen University",0000-0003-2856-4716,,
https://openalex.org/A5028863641,David A. Illingworth,https://openalex.org/I8692664,University of Oklahoma,2012,2012,https://openalex.org/I8692664,2012,2012,"California State University System; California State University, Long Beach","University of Oklahoma; University of California, Merced; Georgia Institute of Technology; University of Maryland, College Park",0000-0003-4017-5801,,
https://openalex.org/A5005846650,Gustavo G Fontana,https://openalex.org/I8692664,University of Oklahoma,2014,2014,https://openalex.org/I8692664,2014,2014,University of Oklahoma,,,,
https://openalex.org/A5050330450,Susan Redline,https://openalex.org/I8692664,University of Oklahoma,2008,2008,https://openalex.org/I8692664,2008,2008,Beth Israel Deaconess Medical Center; National Heart Lung and Blood Institute; Boston University; Brigham and Women's Hospital; Harvard University; Circadian (United States),"University of Illinois Chicago; University of Pennsylvania; University School; University of Pittsburgh Medical Center; University of Arizona; Montefiore Medical Center; University of Pittsburgh; Fundación Juan March; Environmental Protection Agency; Georgetown University; Case Comprehensive Cancer Center; California Pacific Medical Center; New York Medical College; In-Q-Tel; Northwestern University; Children's Hospital at Montefiore; Pacific Health Research and Education Institute; IIT@Harvard; University of Oxford; University Hospitals of Cleveland; Baylor College of Medicine; University of Cincinnati Medical Center; Adelaide Institute for Sleep Health; Memorial Hospital; Roosevelt University; GTx (United States); University of Hawaii System; Pulmonary Associates; Harrison Medical Center; Loyola University Chicago; Broad Institute; Jackson Memorial Hospital; Beth Israel Deaconess Hospital; Cincinnati Children's Hospital Medical Center; University of Southern California; Eunice Kennedy Shriver National Institute of Child Health and Human Development; The University of Melbourne; Chinese University of Hong Kong; Signature Healthcare Brockton Hospital; Emory University; Canadian Sleep & Circadian Network; Cornell University; Centro de Investigación Biomédica en Red de Enfermedades Respiratorias; University of Vermont; Cancer Research And Biostatistics; University of Cincinnati; University of Utah; University of Mississippi; National Institutes of Health; Center for Human Genetics; Veterans Health Administration; Bruce W. Carter VA Medical Center; Montreal Heart Institute; Neurobehavioral Systems; Brown University; Université de Montréal; University of Hawaiʻi at Mānoa; University of Miami; University of Michigan; Kaiser Permanente Center for Health Research; Boston Children's Hospital; Framingham Heart Study; University of Oklahoma; The University of Texas Health Science Center at Houston; National Institute on Aging; The Huntington Library, Art Museum, and Botanical Gardens; Providence College; Roger Williams Medical Center; Office of Minority Health; University of Colorado Boulder; Kuakini Medical Center; VA Pittsburgh Healthcare System; National Taiwan University; VA Pacific Islands Health Care System; University of California, Davis; Harry Perkins Institute of Medical Research; Massachusetts General Hospital; Northwestern University; Bradley Hospital; University of Exeter; Columbia University; Mount Auburn Hospital; University of Padua; Case Western Reserve University; Harvard University Press; Illinois College; Wake Forest University; St. Michael's Hospital; Brigham and Women's Faulkner Hospital; Michigan State University; University of Wisconsin–Madison; Hadassah Medical Center; University of Louisville; Rhode Island Hospital; Erasmus MC; University of Toronto; Massachusetts Department of Public Health; Woman's Hospital; San Francisco VA Medical Center; University of Washington; Regeneron (United States); Icahn School of Medicine at Mount Sinai; Wayne State University; University of South Florida; VA Boston Healthcare System; University of California, San Francisco; University of Minnesota; Rainbow Babies & Children's Hospital; Society for Maternal-Fetal Medicine; FrontLine Service; San Diego State University; Rhythm (United states); Medical College of Wisconsin; University of Tartu; Columbia University Irving Medical Center; Leading Age; The Lundquist Institute; Center for Clinical Research (United States); University of Birmingham; University of California, Los Angeles; Stanford University; Indiana University Bloomington; SleepMed; University of California, San Diego; University of Mississippi Medical Center; Robert Wood Johnson Foundation; The University of Western Australia; Medical Research Council; MedStar Health; Albert Einstein College of Medicine; Pulmonary and Critical Care Associates; Patient-Centered Outcomes Research Institute; Women's Hospital; Harvard Pilgrim Health Care; Vanderbilt University Medical Center; Energetics (United States); University of Oklahoma Health Sciences Center; Yale University; University Hospitals Cleveland Medical Center; MetroHealth Medical Center; Johns Hopkins University; New York University; Harbor–UCLA Medical Center",0000-0002-6585-1610,,
https://openalex.org/A5027752516,Mai Thanh Ha,https://openalex.org/I8692664,University of Oklahoma,2002,2010,https://openalex.org/I8692664,2002,2010,,University of Oklahoma,0000-0002-2172-9154,,
https://openalex.org/A5113577608,J. Payne,https://openalex.org/I8692664,University of Oklahoma,1966,2005,https://openalex.org/I8692664,1966,2005,University of Oklahoma,,,,
https://openalex.org/A5088347977,Ronald F. Sprouse,https://openalex.org/I8692664,University of Oklahoma,1968,1969,https://openalex.org/I8692664,1968,1969,,Missouri College; Harry S. Truman Memorial Veterans' Hospital; University of Oklahoma; University of Missouri,,,
https://openalex.org/A5035102363,Hiba Baroud,https://openalex.org/I8692664,University of Oklahoma,2013,2015,https://openalex.org/I8692664,2013,2015,Vanderbilt University,ORCID; Vanderbilt Health; Jacobs (United States); University of Oklahoma; Vanderbilt University Medical Center,0000-0003-3641-6449,,
https://openalex.org/A5010804491,Julien H. Arrizabalaga,https://openalex.org/I8692664,University of Oklahoma,2013,2020,https://openalex.org/I8692664,2013,2020,Pennsylvania State University,University of Oklahoma,0000-0001-8603-4575,,
https://openalex.org/A5048002975,Beryl B. Simpson,https://openalex.org/I8692664,University of Oklahoma,1981,1981,https://openalex.org/I8692664,1981,1981,The University of Texas at Austin,Consejo Nacional de Investigaciones Científicas y Técnicas; University of Oklahoma; Center for Agricultural Resources Research; University of Alabama at Birmingham; Electromagnetic Geoservices (Norway); American Museum of Natural History; Smithsonian Institution; Instituto de Botanica Darwinion,0000-0001-8336-6048,,
https://openalex.org/A5103475576,James M. Price,https://openalex.org/I8692664,University of Oklahoma,1977,1977,https://openalex.org/I8692664,1977,1977,The Christie NHS Foundation Trust,Engineering and Physical Sciences Research Council; Universidade Federal da Paraíba; University of Hawaii System; Oklahoma State University; Oklahoma State University Oklahoma City; United States Department of the Interior; James Madison University; Christian-Albrechts-Universität zu Kiel; Information Management Services; University of Manchester; Cancer Research UK; University of Oklahoma; Institute of Cancer Research,,,
https://openalex.org/A5045150046,Kody Haskins,https://openalex.org/I8692664,University of Oklahoma,2019,2019,https://openalex.org/I8692664,2019,2019,University of Oklahoma,The University of Texas at Austin,,,
https://openalex.org/A5025049050,Yukichi Sasaki,https://openalex.org/I8692664,University of Oklahoma,1978,1985,https://openalex.org/I8692664,1978,1985,Japan Fine Ceramics Center,University of Oklahoma; Purdue University West Lafayette; Meiji University; Gifu University; Yokohama National University; National Taiwan University; The University of Tokyo; Nippon Soda (Japan); Academia Sinica; The University of Osaka; National Institute of Advanced Industrial Science and Technology; Tottori University,0000-0002-8868-0738,,
https://openalex.org/A5111810472,Frank Miranda,https://openalex.org/I8692664,University of Oklahoma,1976,1986,https://openalex.org/I8692664,1976,1986,Instituto de Saúde,University of Oklahoma; Oklahoma City University; Universidade Federal de Uberlândia; Centro de Ingeniería Genética y Biotecnología,0000-0003-3687-0983,,
https://openalex.org/A5101811222,Fan Yang,https://openalex.org/I8692664,University of Oklahoma,2009,2022,https://openalex.org/I8692664,2009,2022,Wake Forest University,Chinese People's Liberation Army; Michigan State University; University of Southern California; University of Oklahoma; Beijing Institute of Technology; State Grid Corporation of China (China),0000-0002-4954-9681,,
https://openalex.org/A5089880857,Subodh Kumar,https://openalex.org/I8692664,University of Oklahoma,1974,1974,https://openalex.org/I8692664,1974,1974,Indian Veterinary Research Institute; University Medical Center of El Paso; Texas Tech University Health Sciences Center; Texas Tech University,Ranchi University; Government Medical College and Hospital; All India Institute of Medical Sciences Raipur; All India Institute of Medical Sciences Bhopal; All India Institute of Medical Sciences; University of Oklahoma; Institute on Aging; Post Graduate Institute of Medical Education and Research; The Christie Hospital; Government Medical College and Hospital; Indian Council of Agricultural Research,0000-0003-4705-122X,,
https://openalex.org/A5070656368,JoLaine R. Draugalis,https://openalex.org/I8692664,University of Oklahoma,2007,2023,https://openalex.org/I8692664,2007,2023,Oklahoma City University; University of Oklahoma,Loma Linda University; University of Arizona; Long Island University; Philadelphia University; Flagstaff Medical Center; Atlantic Health System; Notre Dame of Dadiangas University; Shenandoah University; University of Oklahoma Health Sciences Center,,,
https://openalex.org/A5065698192,Thomas Irwin,https://openalex.org/I8692664,University of Oklahoma,2023,2023,https://openalex.org/I8692664,2023,2023,University of Oklahoma; The University of Kansas Cancer Center; University of Kansas Medical Center,Jacksonville University; University of Kansas; Research Foundation For Mental Hygiene; Icahn School of Medicine at Mount Sinai; Ohio University; University of Strathclyde; University of New Orleans; Berkshire Medical Center; Orlando Health,0000-0001-8029-1087,,
https://openalex.org/A5080343438,Matthew Bamidele,https://openalex.org/I8692664,University of Oklahoma,2021,2021,https://openalex.org/I8692664,2021,2021,Oklahoma State University Oklahoma City; Oklahoma State University,University of Oklahoma,0000-0002-9104-4142,,
https://openalex.org/A5103453575,Amy E. Miller,https://openalex.org/I8692664,University of Oklahoma,1990,1990,https://openalex.org/I8692664,1990,1990,,National Park Service; University of Oklahoma; Pennsylvania State University; North Carolina State University,,,
https://openalex.org/A5018879912,Elizabeth M. Park,https://openalex.org/I8692664,University of Oklahoma,2014,2014,https://openalex.org/I8692664,2014,2014,The University of Texas MD Anderson Cancer Center,Providence College; Johns Hopkins University; University of Oklahoma; Johns Hopkins Medicine,0000-0002-1670-2299,,
https://openalex.org/A5028000024,Kenneth E. Bartels,https://openalex.org/I8692664,University of Oklahoma,1991,1991,https://openalex.org/I8692664,1991,1991,Oklahoma State University,Dean McGee Eye Institute; Colorado School of Mines; Virginia Tech; University of Central Oklahoma; Oklahoma State University Oklahoma City; Virginia–Maryland College of Veterinary Medicine; STR Europe (France); Veterinary Medical Teaching Hospital; Arsenal Medical (United States); University of Oklahoma; Colorado State University; United States Army,,,
https://openalex.org/A5111952061,G. R. Keller,https://openalex.org/I8692664,University of Oklahoma,2006,2021,https://openalex.org/I8692664,2006,2021,,University of Oklahoma; Golden West College; Geological Survey of Canada; Wyoming Department of Education; University of Kentucky; The University of Texas at El Paso; ConocoPhillips (United States); New Mexico State University; National Oceanic and Atmospheric Administration; Geophysical Center; University of Leicester; United States Geological Survey; The University of Texas at Austin; Oregon State University; University of British Columbia; Purdue University West Lafayette,,,
https://openalex.org/A5100570631,Mehrab Hasan,https://openalex.org/I8692664,University of Oklahoma,2025,2025,https://openalex.org/I8692664,2025,2025,University of Oklahoma,University of North Texas; Bangladesh University of Engineering and Technology; University of Siegen,0009-0000-1674-0546,,
https://openalex.org/A5023501176,Richard R. Graber,https://openalex.org/I8692664,University of Oklahoma,1955,1955,https://openalex.org/I8692664,1955,1955,,University of Illinois Urbana-Champaign; Illinois Archaeological Survey; St. Clair County Community College; Lake County; College of Idaho; Urbana University; University of Oklahoma,,,
https://openalex.org/A5063698411,Thomas D. Hall,https://openalex.org/I8692664,University of Oklahoma,1984,1988,https://openalex.org/I8692664,1984,1988,DePaul University,"Pan Am Clinic; St. Luke's Hospital; University of Oklahoma; Colgate University; Princeton University; Trinity College; Johns Hopkins University; University Press of Kansas; University of California, Riverside; Walla Walla University; DePauw University; University of Michigan; UCLA Health; Boeing (United States); Northwestern University; University of Southern California; St Luke's Hospital; Scientific Services",,,
https://openalex.org/A5053353314,Nicholas C. Schwier,https://openalex.org/I8692664,University of Oklahoma,2015,2018,https://openalex.org/I8692664,2015,2018,Binghamton University,UPMC Presbyterian; Presbyterian Hospital; Idaho State University; Centennial Medical Center; University of Oklahoma; Arab American Pharmacist Association; University of Pittsburgh; University of Oklahoma Health Sciences Center,0000-0002-7295-0676,,
https://openalex.org/A5102021023,Michael Smith,https://openalex.org/I8692664,University of Oklahoma,2018,2018,https://openalex.org/I8692664,2018,2018,University of Exeter; Faculty of Public Health; University of Southampton; NIHR CRUK Experimental Cancer Medicine Centre,"Guy's Hospital; University of Montana; University of Missouri; Canadian College of Naturopathic Medicine; Robarts Clinical Trials; Alabama Department of Public Health; University College London; Imaging, Brain, and Neuropsychiatry; La Roche College; Stanford University; Harris Health System; Selkirk College; University of Cambridge; The Christie NHS Foundation Trust; Strong Memorial Hospital; Mount Sinai Health System; KalVista Pharmaceuticals (United States); Leeds Arts University; Janssen (United States); The University of Texas Medical Branch at Galveston; Cornerstone Systems Northwest (United States); University of Arkansas for Medical Sciences; Mortimer Market Centre; Pacific Northwest National Laboratory; John Radcliffe Hospital; University of Alabama at Birmingham; University of Edinburgh; Southern California University for Professional Studies; Edinburgh Royal Infirmary; Cancer Research UK; Temple University; Westchester Medical Center; The Christie Hospital; 3M (United States); Wyoming Department of Education; Western University; American Academy of Dermatology; St Mary's Hospital; Scientific Software International (United States); Incyte (United States); University of Oklahoma; Western General Hospital; University of Southern California; Dominion Astrophysical Observatory; Conservation International; Kentucky Department for Public Health; St. Joseph Health System; University of Wyoming; St. Mary's Hospital; J. Paul Getty Museum; Arizona State University; Wythenshawe Hospital; Hershey (United States)",0009-0003-7058-9105,,
https://openalex.org/A5057388127,Rosetta d. Piclardi,https://openalex.org/I8692664,University of Oklahoma,1978,1978,https://openalex.org/I8692664,1978,1978,,University of Oklahoma,,,
https://openalex.org/A5100300793,Yuan Han,https://openalex.org/I8692664,University of Oklahoma,2023,2025,https://openalex.org/I8692664,2023,2025,China Geological Survey; Kyungpook National University; Sichuan University,University of Science and Technology of China; Southwestern University of Finance and Economics; Sichuan Agricultural University; University of Oklahoma; Xi'an Jiaotong University; Wuhan University,0009-0009-7601-7769,,
https://openalex.org/A5008861165,Jie Cai,https://openalex.org/I8692664,University of Oklahoma,2022,2024,https://openalex.org/I8692664,2022,2024,Shanghai Jiao Tong University; Nanjing Normal University; Jiangsu University,Luoyang Institute of Science and Technology; Entry Exit Inspection and Quarantine Bureau; Suqian University; Jeonbuk National University; Chinese Academy of Sciences; Fuzhou University; China General Nuclear Power Corporation (China); Jangan University; China Mobile (China); China Electronics Technology Group Corporation; Henan University of Science and Technology; Soochow University; Shanghai Institute of Ceramics; Wenzhou University; Carleton University; University of Oklahoma; Hubei University of Technology; Bridge University; Shandong Museum; Dalian University of Technology; Nanchang Institute of Technology; Wuhan Polytechnic University; Zhejiang Institute of Mechanical and Electrical Engineering; Shanghai University of Electric Power; Nanchang University; Guizhou Institute of Technology; Hainan Medical University; China Railway Construction Corporation (China); Shanghai University of Finance and Economics; Changchun University of Science and Technology; Kunming University,0000-0001-9505-6725,,
https://openalex.org/A5108384788,V. Shelkov,https://openalex.org/I8692664,University of Oklahoma,1997,1997,https://openalex.org/I8692664,1997,1997,"Lawrence Berkeley National Laboratory; University of California, Berkeley","California Institute of Technology; University of Hawaiʻi at Mānoa; University of Kansas; Purdue University West Lafayette; University of Minnesota; Lawrence Livermore National Laboratory; Wayne State University; The University of Texas at Austin; Brookhaven National Laboratory; University of Oklahoma; Vanderbilt University; Laboratoire d’Annecy de Physique des Particules; Cornell University; Budker Institute of Nuclear Physics; University of California, San Diego; University at Albany, State University of New York; Southern Methodist University; The Ohio State University",,,
https://openalex.org/A5101591634,Pradeep Yadav,https://openalex.org/I8692664,University of Oklahoma,2002,2024,https://openalex.org/I8692664,2002,2024,Valve (United States); Piedmont Atlanta Hospital,Cedars-Sinai Medical Center; University of Allahabad; Henry Ford Hospital; Columbia University Irving Medical Center; Stanford University; The Ohio State University; Institute of Chartered Financial Analysts of India; University of Manchester; Central University of Haryana; All India Institute of Medical Sciences Rishikesh; Pennsylvania State University; New York University; University of Utah; University of Oklahoma; Baptist Memorial Hospital; North Kansas City Hospital; McLaren Northern Michigan; Hershey (United States); Johannes Gutenberg University Mainz; Christ Hospital; Henry Ford Health System; Pandit Bhagwat Dayal Sharma Post Graduate Institute of Medical Sciences; Lancaster University; Dr. Ram Manohar Lohia Institute of Medical Sciences; American Express (United States); University of Strathclyde; Cardiovascular Research Foundation; Northwestern University; Tata Memorial Hospital; Sri Siddhartha Medical College; Cleveland Clinic; Deutsches Herzzentrum der Charité; Saint Francis Hospital; University of Cologne; UW Health University Hospital; Long Island University; Penn State Milton S. Hershey Medical Center; University of North Carolina at Chapel Hill; Georgia Institute of Technology; Winthrop-University Hospital,0000-0003-1278-9136,,
https://openalex.org/A5058003426,I. M. Jawahar,https://openalex.org/I8692664,University of Oklahoma,2007,2007,https://openalex.org/I8692664,2007,2007,University of New Mexico,University of Oklahoma; Southwestern Oklahoma State University; Chicago State University; Illinois State University; University of Tulsa; State Farm (United States); Oklahoma State University,0000-0002-9650-0098,,
https://openalex.org/A5112279340,Mostafa M. Emara,https://openalex.org/I8692664,University of Oklahoma,1974,1974,https://openalex.org/I8692664,1974,1974,Al-Azhar University; Al-Azhar University,"National Institute of Oceanography and Fisheries; University of Oklahoma; Ain Shams University; University of Maryland, College Park",,,
https://openalex.org/A5077531820,Barbara Baum Levenbook,https://openalex.org/I8692664,University of Oklahoma,1980,1980,https://openalex.org/I8692664,1980,1980,North Carolina State University,Lawrence Livermore National Laboratory; University of Oklahoma,0009-0001-3997-7471,,
https://openalex.org/A5063832401,Joseph L. Waner,https://openalex.org/I8692664,University of Oklahoma,1987,1991,https://openalex.org/I8692664,1987,1991,,Loyola University Chicago; University of Oklahoma Health Sciences Center; Saint Louis University; Memorial Sloan Kettering Cancer Center; Brown University; Harvard University; Columbia University; The University of Osaka; Washington University Medical Center; St. Joseph's Hospital; Boston Children's Hospital; Cornell University; Oklahoma Medical Research Foundation; Oklahoma City University; University of Oklahoma; Education & Research Foundation; American Medical Association; Children's Hospital of Oklahoma,,,
https://openalex.org/A5020934923,Elizabeth Droke,https://openalex.org/I8692664,University of Oklahoma,2006,2006,https://openalex.org/I8692664,2006,2006,South Dakota State University,Grand Forks Human Nutrition Research Center; The Ohio State University; University of Nebraska–Lincoln; United States Department of Agriculture; Oklahoma State University; University of Oklahoma; North Carolina State University; Agricultural Research Service; Beltsville Agricultural Research Center,,,
https://openalex.org/A5082973969,Lane W. Maguire,https://openalex.org/I8692664,University of Oklahoma,2017,2021,https://openalex.org/I8692664,2017,2021,Washington State University; The University of Texas at Austin,Washington State University Spokane; University of Oklahoma; Radar (United States),,,
https://openalex.org/A5107541466,Khang V. Ngo,https://openalex.org/I8692664,University of Oklahoma,2023,2023,https://openalex.org/I8692664,2023,2023,,"École Polytechnique; University of Oklahoma; VNU University of Science; Johns Hopkins University; Princeton University; Vietnam National University, Hanoi; Hanoi University of Science and Technology",,,
https://openalex.org/A5046710072,Fred Garfinkel,https://openalex.org/I8692664,University of Oklahoma,2013,2013,https://openalex.org/I8692664,2013,2013,University of Tulsa; University of Oklahoma,Johns Hopkins University; National Institute on Aging; Mercy Medical Center,,,
https://openalex.org/A5078638924,Elena B. Tikhonova,https://openalex.org/I8692664,University of Oklahoma,2004,2013,https://openalex.org/I8692664,2004,2013,Texas Tech University; Texas Tech University Health Sciences Center,University of Oklahoma; G. K. Skryabin Institute of Biochemistry and Physiology of Microorganisms; Lubbock Christian University; Russian Academy of Sciences; Laboratoire de Biologie Physico-Chimique des Protéines Membranaires; Indiana University School of Medicine,0000-0002-7892-9173,,
https://openalex.org/A5013289368,Sarah E. Herstand,https://openalex.org/I8692664,University of Oklahoma,1986,1986,https://openalex.org/I8692664,1986,1986,University of Oklahoma,,,,
https://openalex.org/A5024697590,Katherine Brooke Snyder,https://openalex.org/I8692664,University of Oklahoma,2024,2024,https://openalex.org/I8692664,2024,2024,University of Oklahoma; Children's Hospital of Oklahoma; University of Oklahoma Health Sciences Center,Engineering Service Center und Handel (Germany),,,
https://openalex.org/A5033805651,Daniel Stegmueller,https://openalex.org/I8692664,University of Oklahoma,2021,2021,https://openalex.org/I8692664,2021,2021,Duke University,University of Mannheim; Institut d'Etudes Politiques de Paris; University of Oklahoma; Columbia University; Universidad Carlos III de Madrid; Bocconi University; University of Oxford; University of Essex; Thiel College; Goethe University Frankfurt; Texas A&M University; Radboud University Nijmegen,0000-0003-3188-1253,,
https://openalex.org/A5104013281,Emily Williams,https://openalex.org/I8692664,University of Oklahoma,2012,2014,https://openalex.org/I8692664,2012,2014,"University of California, Merced",Indiana University Bloomington; Dana-Farber/Harvard Cancer Center; University of North Carolina at Chapel Hill; Cambridge Health Alliance; Maine Medical Center; Athinoula A. Martinos Center for Biomedical Imaging; University of Oklahoma; Harvard University; Arizona State University; University of Washington; Boston Public Library; Truman Medical Center; National Bureau of Economic Research; University of Arkansas for Medical Sciences; Sansum Diabetes Research Institute; University of New Mexico; National Blood Transfusion Service; Columbia University; Phillips Exeter Academy; National Institute of Mental Health; University of Illinois Chicago; University of Missouri–Kansas City; University of Oxford; Case Western Reserve University; Massachusetts General Hospital; The University of Texas Medical Branch at Galveston,0000-0002-8262-9181,,
https://openalex.org/A5100446916,Jiahui Wang,https://openalex.org/I8692664,University of Oklahoma,2012,2012,https://openalex.org/I8692664,2012,2012,Tongji Hospital; Anhui University; Changsha Central Hospital; First Affiliated Hospital of Dalian Medical University; Huazhong University of Science and Technology; Harbin Engineering University; University of South China; Henan University of Technology,Sun Yat-sen University; Guangdong University of Technology; Northeastern University; Shenzhen University; Keio University; Universidad del Noreste; Jiangsu Normal University; Beijing Jiaotong University; Beijing Advanced Sciences and Innovation Center; Zhejiang University; Beijing Information Science & Technology University; Nankai University; University of Jinan; Yunnan University; Southwest University of Science and Technology; East China University of Science and Technology; China Mobile (China); Nanchang Institute of Technology; Nanjing University of Chinese Medicine; Ronin Institute; Shandong University of Traditional Chinese Medicine; Shandong Academy of Sciences; Ministry of Education of the People's Republic of China; Capital University; University of Oklahoma; Beijing Institute of Technology; Tsinghua University; University of Florida; Bohai University; Nanjing University; Beijing Academy of Artificial Intelligence; Huawei Technologies (China); Qilu University of Technology; Zhoushan Hospital,0000-0002-6438-1506,,
https://openalex.org/A5056976963,Rupen Desai,https://openalex.org/I8692664,University of Oklahoma,2024,2024,https://openalex.org/I8692664,2024,2024,University of Oklahoma Health Sciences Center; Madison Area Technical College; Medical College of Wisconsin; Cornell University; Weill Cornell Medicine,NewYork–Presbyterian Hospital; Albert Einstein College of Medicine; Oklahoma City University; Montefiore Medical Center; Bapuji Dental College and Hospital; Presbyterian Hospital; New York Hospital Queens; Duke Medical Center; The University of Texas Southwestern Medical Center; Neurological Surgery; Washington University in St. Louis; University of Oklahoma; Duke University Hospital; Duke University,0000-0002-2052-7243,,
https://openalex.org/A5072919264,Tim Gorichanaz,https://openalex.org/I8692664,University of Oklahoma,2020,2020,https://openalex.org/I8692664,2020,2020,Drexel University,"Adelphi University; University of Oklahoma; Chestnut Hill College; University of Minnesota; University of Central Florida; University of Tulsa; Victoria University of Wellington; University of Copenhagen; University of Alabama; University of Cape Town; Indiana University Bloomington; Royal Danish Library; Shandong University; University of California, Los Angeles; Wikimedia Foundation; University College Dublin; Northwestern University; Nanjing University; University of Washington; Kent State University; The Alan Turing Institute; Conference Board; City, University of London; Turing Institute",0000-0003-0226-7799,,
https://openalex.org/A5066108089,Yangxiong Li,https://openalex.org/I8692664,University of Oklahoma,2017,2017,https://openalex.org/I8692664,2017,2017,,University of Chinese Academy of Sciences; Beijing National Laboratory for Molecular Sciences; University of Oklahoma; Chinese Academy of Sciences,,,
https://openalex.org/A5067881122,LaVerne L. Hoag,https://openalex.org/I8692664,University of Oklahoma,1974,1982,https://openalex.org/I8692664,1974,1982,,University of Oklahoma,,,
https://openalex.org/A5014640820,Wendy Galbraith,https://openalex.org/I8692664,University of Oklahoma,2008,2025,https://openalex.org/I8692664,2008,2025,,University of British Columbia; University of Oklahoma; University of Oklahoma Health Sciences Center,,,
https://openalex.org/A5041825979,Jennifer S. Carmichael,https://openalex.org/I8692664,University of Oklahoma,2009,2009,https://openalex.org/I8692664,2009,2009,York University,University of Oklahoma,0000-0001-9708-3444,,
https://openalex.org/A5070811909,Srijana Shrestha,https://openalex.org/I8692664,University of Oklahoma,2022,2024,https://openalex.org/I8692664,2022,2024,University of Oklahoma,,0000-0001-8457-026X,,
https://openalex.org/A5121210271,A. Basit Khan,https://openalex.org/I8692664,University of Oklahoma,2025,2025,https://openalex.org/I8692664,2025,2025,University of Oklahoma,,,,
https://openalex.org/A5046885139,Matthew Becker,https://openalex.org/I8692664,University of Oklahoma,2021,2021,https://openalex.org/I8692664,2021,2021,Duke University,University of Oklahoma; Florida State University; Ulsan National Institute of Science and Technology; University of Iowa; University of Mississippi,0000-0001-6492-2125,,
https://openalex.org/A5109236521,Rory McCloy,https://openalex.org/I8692664,University of Oklahoma,1974,1974,https://openalex.org/I8692664,1974,1974,,University of Oklahoma; Manchester Royal Infirmary; University of Manchester; Lancashire Teaching Hospitals NHS Foundation Trust,,,
https://openalex.org/A5003640922,Bianca A.R. Galletti,https://openalex.org/I8692664,University of Oklahoma,2016,2025,https://openalex.org/I8692664,2016,2025,University of Oklahoma,,,,
https://openalex.org/A5005962640,Kanin Sapmanee,https://openalex.org/I8692664,University of Oklahoma,2012,2012,https://openalex.org/I8692664,2012,2012,,University of Oklahoma,,,
https://openalex.org/A5100561048,XiaoWei Chen,https://openalex.org/I8692664,University of Oklahoma,2021,2021,https://openalex.org/I8692664,2021,2021,University of Oklahoma,,,,
https://openalex.org/A5088647694,Rakesh Kumar,https://openalex.org/I8692664,University of Oklahoma,2018,2018,https://openalex.org/I8692664,2018,2018,AstraZeneca (United States); SRM Institute of Science and Technology; AstraZeneca (Japan); Saveetha University; All India Institute of Medical Sciences,All India Institute of Medical Sciences Raipur; Lok Nayak Jai Prakash Narayan Hospital; All India Institute of Medical Sciences Bhopal; GlaxoSmithKline (United Kingdom); Indira Gandhi Institute of Medical Sciences; Vardhman Mahavir Medical College & Safdarjung Hospital; Tata Memorial Hospital; Maulana Azad Medical College; AstraZeneca (Netherlands); University of Oklahoma; Indraprastha Apollo Hospitals; Post Graduate Institute of Medical Education and Research; Creative Commons; GlaxoSmithKline (Netherlands),0000-0002-4627-3667,,
https://openalex.org/A5100640260,Bing Xia,https://openalex.org/I8692664,University of Oklahoma,1996,1996,https://openalex.org/I8692664,1996,1996,"Affiliated Hospital of Nantong University; Zhejiang Chinese Medical University; Johnson University; Xi'an University of Technology; Second Affiliated Hospital of Chongqing Medical University; Westlake University; Chongqing Medical University; Rutgers, The State University of New Jersey; Guiyang Medical University; Dalian Medical University; Sinosteel (China); Hanzhong People's Hospital; The First People's Hospital of Tianmen; Nantong University; Air Force Medical University; Third Affiliated Hospital of Zhengzhou University; Wenzhou Medical University; Hangzhou Cancer Hospital; Hangzhou First People's Hospital; Northwest A&F University; Xijing Hospital; University of California, San Diego","Harbin Medical University; Wuhan Prevention and Treatment Center for Occupational Diseases; Linyi People's Hospital; Ministry of Ecology and Environment; China Agricultural University; Third Xiangya Hospital; Institute of Botany; Veterans Medical Research Foundation of San Diego; Repligen (United States); Tianjin Medical University Cancer Institute and Hospital; Zhongnan Hospital of Wuhan University; Hunan Cancer Hospital; Creative Research Enterprises (United States); Chinese People's Liberation Army; University of California San Diego Medical Center; Maastricht University Medical Centre; Boston University; Army Medical University; Zhejiang University; Verein zur Förderung Agrar- und Stadtökologischer Projekte; Cancer Genetics (United States); China Academy of Chinese Medical Sciences; Bristol-Myers Squibb (United States); NARI Group (China); Zhejiang Cancer Hospital; Nanchang Hangkong University; Shanghai Medical College of Fudan University; Beijing University of Agriculture; Fudan University; Hong Kong University of Science and Technology; First Affiliated Hospital of Harbin Medical University; Harvard University; USC Norris Comprehensive Cancer Center; University of California, Merced; China Medical University; Chengdu Institute of Biology; Kunming Medical University; Rutgers Cancer Institute; Xian Yang Central Hospital; Janssen (United States); Harvard University Press; University of Pennsylvania; Beijing Botanical Garden; University of Southern California; GTx (United States); Zhejiang Provincial People's Hospital; Central South University; First Affiliated Hospital of Chinese PLA General Hospital; Fudan University Shanghai Cancer Center; Beihang University; Institute of Geographic Sciences and Natural Resources Research; The First People's Hospital of Xiaoshan District, Hangzhou; University of Science and Technology of China; Tianjin Medical University; Taizhou Second People's Hospital; Dermatology Specialists; Hebei University of Technology; Fuda Cancer Hospital; Bridge University; Jiangsu University; Hangzhou Red Cross Hospital; China Pharmaceutical University; University of Hong Kong; VA San Diego Healthcare System; National Natural Science Foundation of China; Keck Hospital of USC; Montefiore Medical Center; University of Amsterdam; Wuhan University; Albert Einstein College of Medicine; Chinese Academy of Sciences; Jewish General Hospital; Dana-Farber Cancer Institute; Postnova Analytics (United States); Nanjing Institute of Environmental Sciences; Sanford Consortium for Regenerative Medicine; Yangzhou University; Cancer Research Institute; Chinese PLA General Hospital; University of Oklahoma; Nanjing Medical University; Huawei Technologies (United States); Hefei University of Technology",0000-0003-3259-6139,,
https://openalex.org/A5083610958,Andrea Benjamin,https://openalex.org/I8692664,University of Oklahoma,2020,2025,https://openalex.org/I8692664,2020,2025,University of Oklahoma,University of Missouri; Imperial College Healthcare NHS Trust; Barts Health NHS Trust; Princeton University; University of North Carolina at Chapel Hill; Charing Cross Hospital,0000-0002-6745-7983,,
https://openalex.org/A5075711779,Stephen R. Zellner,https://openalex.org/I8692664,University of Oklahoma,1985,1985,https://openalex.org/I8692664,1985,1985,The Coordinating Center,"United States Department of Veterans Affairs; Lankenau Medical Center; Hartford Hospital; Clinical Physiology Associates; Rutgers, The State University of New Jersey; Jackson Foundation; University of Connecticut; University of Florida; Maine Research Associates; Oklahoma City University; University of Oklahoma; Community Hospital; Albert Einstein College of Medicine; University of Oklahoma Health Sciences Center; Creighton University; The University of Texas Health Science Center at San Antonio; George Washington University",,,
https://openalex.org/A5061702235,J. M. Rohleder,https://openalex.org/I8692664,University of Oklahoma,2018,2018,https://openalex.org/I8692664,2018,2018,University of Oklahoma,,,,
https://openalex.org/A5095685096,Stacy Muffet-Willett,https://openalex.org/I8692664,University of Oklahoma,2013,2013,https://openalex.org/I8692664,2013,2013,University of Oklahoma,,,,
https://openalex.org/A5119330251,Marjan Ghanbariabdolmaleki,https://openalex.org/I8692664,University of Oklahoma,2025,2025,https://openalex.org/I8692664,2025,2025,University of Oklahoma,,,,
https://openalex.org/A5061866399,Alexander Moreno,https://openalex.org/I8692664,University of Oklahoma,2016,2021,https://openalex.org/I8692664,2016,2021,,Centre for Interdisciplinary Research in Rehabilitation; Université de Montréal; Oldham Council; Université du Québec à Montréal; AGE-WELL; Hospital Universitario Ramón y Cajal; Technological University of Pereira; Institut Universitaire de Gériatrie de Montréal; Radar (United States); Universidad Nacional de Colombia; McGill University; Georgia Institute of Technology; American Physical Therapy Association; University of Stuttgart; University of Oklahoma; Hospital Militar Central; Centre Intégré Universitaire de Santé et de Services Sociaux du Centre-Sud-de-l'Île-de-Montréal; Hôpital Notre-Dame; Alector (United States),0000-0003-3651-3222,,
https://openalex.org/A5058087074,Nopawan Ratasuk,https://openalex.org/I8692664,University of Oklahoma,2002,2007,https://openalex.org/I8692664,2002,2007,Silpakorn University,University of Oklahoma; North Carolina State University,,,
https://openalex.org/A5054602117,Carol Aghajanian,https://openalex.org/I8692664,University of Oklahoma,2019,2019,https://openalex.org/I8692664,2019,2019,Memorial Sloan Kettering Cancer Center; Cornell University; Kettering University,Memorial Hospital; Ronald Reagan UCLA Medical Center; Prince of Wales Hospital; Puma Biotechnology (United States); Saitama Medical University; Creighton University; University of Cincinnati Medical Center; Abington Memorial Hospital; Virginia Mason Medical Center; Pfizer (United Kingdom); Fox Chase Cancer Center; University of Oklahoma; Medical College of Wisconsin; Cancer Research UK; Molecular Oncology (United States); Kaiser Permanente; Atara Biotherapeutics (United States); Institute of Cancer Research; Jikei University School of Medicine; The University of Texas MD Anderson Cancer Center; Northwestern University; AstraZeneca (Italy); Lahey Hospital and Medical Center; Center for Cancer Research; Graduate School USA; Princess Margaret Cancer Centre; Regional Cancer Center; Ludwig Cancer Research; Chemotherapy Foundation; La Roche College; Weill Cornell Medicine; Arizona Oncology; Mayo Clinic in Florida; Lillebaelt Hospital; Fred Hutch Cancer Center; National Cancer Institute; Immunovaccine (Canada); Clinica Universidad de Navarra; Dana-Farber Cancer Institute; Eisai (Japan); Texas Oncology; University of Washington Medical Center; London Cancer; University of British Columbia; Florida Hospital Cancer Institute; Swedish Medical Center; Sarah Cannon; University of Arizona Cancer Center; Roche (Switzerland); University College London; Cancer Research Center; University of Alabama; Mersana Therapeutics (United States); Australia New Zealand Gynaecological Oncology Group; Regeneron (United States); University College Dublin; Morphotek (United States); St. Luke's Hospital; UPMC Hillman Cancer Center; Stanford University; University of Iowa; Harvard University; University of Chicago; CRUK Lung Cancer Centre of Excellence; Massachusetts General Hospital; Gynecologic Oncology Group; Cedars-Sinai Medical Center; University of Washington; Comprehensive Cancer Centers of Nevada; Jefferson Hospital; Johns Hopkins University; Chugai Pharma (United States); Women's Cancer Center of Nevada; St. Joseph's Hospital and Medical Center; University of Oklahoma Health Sciences Center; Novartis (Germany); Bristol-Myers Squibb (United States); Mateon Therapeutics (United States); Prevent Cancer Foundation; The Ohio State University; University of Colorado Anschutz Medical Campus; UCLA Medical Center; Cleveland Clinic; AbbVie (United States); Civil Service; Moffitt Cancer Center; Winthrop Rockefeller Foundation; University of Arizona; Indiana University – Purdue University Indianapolis; New York University; The US Oncology Network; Eli Lilly (United States); Sidney Kimmel Cancer Center; Indiana University Health; Pinnacle Oncology Hematology; Oklahoma State University Oklahoma City; Dignity Health; Maine Medical Center; American Society of Clinical Oncology; Roswell Park Comprehensive Cancer Center; Vancouver General Hospital; Michigan Cancer Research Consortium,0000-0003-0851-3225,,
https://openalex.org/A5086304203,Corinne Renguette,https://openalex.org/I8692664,University of Oklahoma,2018,2018,https://openalex.org/I8692664,2018,2018,,University of Indianapolis; The University of Texas Rio Grande Valley; Purdue University in Indianapolis; University of Madras; Indiana University – Purdue University Indianapolis; Ball State University; Indiana University; Institution of Engineers; Engineers India (India); University of Oklahoma,0000-0002-8639-8835,,
https://openalex.org/A5073498826,Jacqueline Rogers-Scholl,https://openalex.org/I8692664,University of Oklahoma,2009,2009,https://openalex.org/I8692664,2009,2009,Rogers (United States); University of Oklahoma,,,,
https://openalex.org/A5076396116,Maximilian Maahn,https://openalex.org/I8692664,University of Oklahoma,2018,2018,https://openalex.org/I8692664,2018,2018,Leipzig University,NOAA Physical Sciences Laboratory; Max Planck Institute for Meteorology; University Centre in Svalbard; Stony Brook University; University of Helsinki; University of Colorado Boulder; National Oceanic and Atmospheric Administration; Physical Sciences (United States); University of Colorado System; KU Leuven; NOAA Earth System Research Laboratory; Cooperative Institute for Mesoscale Meteorological Studies; Potsdam Institute for Climate Impact Research; State University of New York; Finnish Meteorological Institute; University of Bonn; University of Cologne; Cleveland State University; Goddard Institute for Space Studies; University of Oklahoma; Cooperative Institute for Research in Environmental Sciences; Argonne National Laboratory,0000-0002-2580-9100,,
https://openalex.org/A5078504277,Mark C. Leach,https://openalex.org/I8692664,University of Oklahoma,1990,1990,https://openalex.org/I8692664,1990,1990,,University of Oklahoma; Phillips 66 (United States),,,
https://openalex.org/A5043067545,Robert Riding,https://openalex.org/I8692664,University of Oklahoma,2001,2001,https://openalex.org/I8692664,2001,2001,University of Tennessee at Knoxville,Universidad de Granada; Uniformed Services University of the Health Sciences; Yokohama National University; McGill University; Newcastle University; University of Wales; University of Tübingen; Cardiff University; Alibaba Group (China); Cambrian Innovation (United States); University of Oklahoma,0000-0001-7502-1031,,
https://openalex.org/A5053936962,Johnny O’Keeffe,https://openalex.org/I8692664,University of Oklahoma,2017,2017,https://openalex.org/I8692664,2017,2017,,University of Oklahoma,,,
https://openalex.org/A5025627439,Eric Knudtson,https://openalex.org/I8692664,University of Oklahoma,2003,2015,https://openalex.org/I8692664,2003,2015,University of Oklahoma Health Sciences Center,University of Oklahoma; Columbia University; Saint Peter's University Hospital; Eunice Kennedy Shriver National Institute of Child Health and Human Development; Williams (United States); Westchester Medical Center; Oklahoma City University; New York Medical College; Society for Maternal-Fetal Medicine; The Ohio State University; Thomas Jefferson University,,,
https://openalex.org/A5052556363,Jeffrey A. Stevenson,https://openalex.org/I8692664,University of Oklahoma,2020,2022,https://openalex.org/I8692664,2020,2022,University of Oklahoma,Major League Baseball,,,
https://openalex.org/A5058156254,Connie E. Stout,https://openalex.org/I8692664,University of Oklahoma,1976,1976,https://openalex.org/I8692664,1976,1976,,University of Oklahoma; Oklahoma State University,,,
https://openalex.org/A5033030044,Tunc Burak,https://openalex.org/I8692664,University of Oklahoma,2023,2025,https://openalex.org/I8692664,2023,2025,Halliburton (United States); University of Oklahoma,,0000-0002-3671-3825,,
https://openalex.org/A5052039443,Jory Griffin,https://openalex.org/I8692664,University of Oklahoma,2021,2021,https://openalex.org/I8692664,2021,2021,,University of Bristol; University of Oklahoma,0000-0002-4201-1299,,
https://openalex.org/A5023061862,J C Siegle,https://openalex.org/I8692664,University of Oklahoma,1995,1995,https://openalex.org/I8692664,1995,1995,University of Oklahoma Health Sciences Center,University of Oklahoma,,,
https://openalex.org/A5064036708,Yaqing Gu,https://openalex.org/I8692664,University of Oklahoma,2004,2006,https://openalex.org/I8692664,2004,2006,,Northeast Petroleum University; University of Oklahoma; Cyber University; Zhejiang University,,,
https://openalex.org/A5111383898,Meriah Swope,https://openalex.org/I8692664,University of Oklahoma,2012,2012,https://openalex.org/I8692664,2012,2012,,University of Oklahoma; Yale University,,,
https://openalex.org/A5032363170,Anja Lorch,https://openalex.org/I8692664,University of Oklahoma,2019,2019,https://openalex.org/I8692664,2019,2019,University Hospital of Zurich; Massachusetts Eye and Ear Infirmary; Harvard University; Massachusetts General Hospital,University of St.Gallen; Klinikum Oldenburg; University Hospital Bonn; Memorial Sloan Kettering Cancer Center; Institut Gustave Roussy; Centre Léon Bérard; University of Bern; Luzerner Kantonsspital; Mass General Brigham; University Medical Center Hamburg-Eppendorf; Istituto Scientifico Romagnolo per lo Studio e la Cura dei Tumori; Düsseldorf University Hospital; Universitätsklinikum Tübingen; Centre Oscar Lambret; Heinrich Heine University Düsseldorf; Brown University; University Hospital Heidelberg; Dean McGee Eye Institute; Charité - Universitätsmedizin Berlin; Indiana University Bloomington; Universität Hamburg; Brigham and Women's Hospital; BC Cancer Agency; Philipps University of Marburg; Heidelberg University; University of Massachusetts Chan Medical School; L-3 Communications (United States); University of North Carolina at Chapel Hill; University of Zurich; Universitätsklinikum Gießen und Marburg; Klinik und Poliklinik für Urologie; Vivantes Klinikum; Katharinenhospital; St Olav's University Hospital; Yale University; Bernstein Center for Computational Neuroscience Tübingen; Wills Eye Hospital; University of Oklahoma; Eppendorf (Germany); University of Southern California; Incorporated Research Institutions For Seismology; Kantonsspital St. Gallen; Cornell University; Kantonsspital Graubünden; University Hospital of Bern,0000-0003-4298-1428,,
https://openalex.org/A5005970569,Connie S. Dunaway,https://openalex.org/I8692664,University of Oklahoma,1998,2020,https://openalex.org/I8692664,1998,2020,University of Oklahoma,,,,
https://openalex.org/A5035326566,Jeffrey Starr,https://openalex.org/I8692664,University of Oklahoma,2004,2004,https://openalex.org/I8692664,2004,2004,,University of Oklahoma; Queen's University Belfast; University of Saskatchewan,,,
https://openalex.org/A5008172525,William E. Unrau,https://openalex.org/I8692664,University of Oklahoma,1977,1977,https://openalex.org/I8692664,1977,1977,,UC Irvine Health; University of Oklahoma; Wichita State University; Northern Arizona University,,,
https://openalex.org/A5038189547,Abdul Mukit,https://openalex.org/I8692664,University of Oklahoma,2020,2022,https://openalex.org/I8692664,2020,2022,University of Oklahoma; United International University; University of Tulsa,,,,
https://openalex.org/A5109973267,Sue L. McPherson,https://openalex.org/I8692664,University of Oklahoma,1991,1991,https://openalex.org/I8692664,1991,1991,,University of Essex; Louisiana State University Agricultural Center; Western Carolina University; University of Oklahoma,,,
https://openalex.org/A5110134303,Abigail York,https://openalex.org/I8692664,University of Oklahoma,2025,2025,https://openalex.org/I8692664,2025,2025,University of Oklahoma; University of Oklahoma Health Sciences Center; Linköping University,St George's Hospital; University of Chicago; Richmond Royal Hospital; Bedford Hospital; Bedford Hospital NHS Trust,,,
https://openalex.org/A5113694713,DW Kelle,https://openalex.org/I8692664,University of Oklahoma,2006,2006,https://openalex.org/I8692664,2006,2006,University of Oklahoma,,,,
https://openalex.org/A5056470502,F. Munshi,https://openalex.org/I8692664,University of Oklahoma,2022,2023,https://openalex.org/I8692664,2022,2023,"Rutgers, The State University of New Jersey; Vanderbilt University; University of Oklahoma",Johnson University,,,
https://openalex.org/A5024014689,Kyle J. Thiem,https://openalex.org/I8692664,University of Oklahoma,2012,2022,https://openalex.org/I8692664,2012,2022,National Oceanic and Atmospheric Administration,University of Oklahoma; NOAA National Weather Service; Ohio University; NOAA National Severe Storms Laboratory,,,
https://openalex.org/A5110774277,Qiuting Zhang,https://openalex.org/I8692664,University of Oklahoma,2020,2024,https://openalex.org/I8692664,2020,2024,Nanjing Normal University; Nanchang University; Tianjin University; State Key Laboratory of Food Science and Technology,Shandong Agricultural University; Tsinghua University; Longyan University; State Key Joint Laboratory of Environment Simulation and Pollution Control; Sun Yat-sen University Cancer Center; Sun Yat-sen University; University of Oklahoma,,,
https://openalex.org/A5049390590,Christopher M. McAloon,https://openalex.org/I8692664,University of Oklahoma,2000,2001,https://openalex.org/I8692664,2000,2001,,University of Oklahoma; Oklahoma Biological Survey,,,
https://openalex.org/A5055342253,Ashley Jorgensen,https://openalex.org/I8692664,University of Oklahoma,2020,2025,https://openalex.org/I8692664,2020,2025,University of Oklahoma,University of Northern Iowa; Human Resources Research Organization; University of Oklahoma Health Sciences Center,,,
https://openalex.org/A5016475996,Musaab Magzoub,https://openalex.org/I8692664,University of Oklahoma,2019,2022,https://openalex.org/I8692664,2019,2022,,University of Oklahoma; King Fahd University of Petroleum and Minerals; Qatar University,0000-0003-1391-1316,,
https://openalex.org/A5024195218,Xuan Joanna Feng,https://openalex.org/I8692664,University of Oklahoma,2020,2020,https://openalex.org/I8692664,2020,2020,Shenzhen Children's Hospital,Indiana University; University of Nottingham Ningbo China; Indiana University Bloomington; University of Oklahoma; First Affiliated Hospital of Hebei Medical University; University of Auckland; Auckland University of Technology; Hebei Medical University; Health Decision Technologies (United States); Shanghai Jiao Tong University,0000-0002-9439-2150,,
https://openalex.org/A5091412716,Ryan Gholson,https://openalex.org/I8692664,University of Oklahoma,2014,2014,https://openalex.org/I8692664,2014,2014,University of Tulsa; University of Oklahoma,,,,
https://openalex.org/A5052873457,Jad Kebbe,https://openalex.org/I8692664,University of Oklahoma,2019,2023,https://openalex.org/I8692664,2019,2023,,"Oklahoma City VA Medical Center; University of Oklahoma Health Sciences Center; Oklahoma City University; University at Buffalo, State University of New York; University of Oklahoma; Oklahoma City VA Health Care System",0000-0002-6912-3071,,
https://openalex.org/A5054582306,Kyung-Bai Lee,https://openalex.org/I8692664,University of Oklahoma,2012,2012,https://openalex.org/I8692664,2012,2012,University of Oklahoma; Dongguk University,,,,
https://openalex.org/A5114377818,M. Garcia-Sciveres,https://openalex.org/I8692664,University of Oklahoma,1992,1992,https://openalex.org/I8692664,1992,1992,"International Center for Quantum-field Measurement Systems for Studies of the Universe and Particles; Lawrence Berkeley National Laboratory; High Energy Accelerator Research Organization; Los Alamos National Laboratory; University of California, Berkeley","Campbell Collaboration; University of Kansas; Istanbul Technical University; University of Florida; University of Pennsylvania; Uppsala University; Instituto de Física Corpuscular; Institut National de Physique Nucléaire et de Physique des Particules; Humboldt-Universität zu Berlin; Universitat de València; University of Toronto; Johannes Gutenberg University Mainz; University of Tsukuba; Argonne National Laboratory; Ann Arbor Center for Independent Living; Northern Illinois University; University of Oklahoma; University of Pittsburgh; Ludwig-Maximilians-Universität München; Duke University; Laboratoire de Physique Subatomique et de Cosmologie; Institute of High Energy Physics; Institute for High Energy Physics; Yale University; Science and Technology Facilities Council; Harvard University Press; University of California, Los Angeles; Instituto de Física de Cantabria; Istituto Nazionale di Fisica Nucleare, Sezione di Torino; Cornell University; Southern Methodist University; Centre National de la Recherche Scientifique; Academia Sinica; Rutherford Appleton Laboratory; University of Bologna; Max Planck Institute for Physics; Universitat Autònoma de Barcelona; Carnegie Mellon University; European Organization for Nuclear Research; Syracuse University; National Institute for Subatomic Physics; Johns Hopkins University; University of Rochester; Fermi Research Alliance; AGH University of Krakow; Istituto Nazionale di Fisica Nucleare; University of California, San Diego; University of New Mexico; University of Padua; Children's Defense Fund; Chinese Academy of Sciences; University of Belgrade; Université Grenoble Alpes; Institute of Science and Technology; Universidade Federal do Rio de Janeiro; Fermi National Accelerator Laboratory; University of Nebraska–Lincoln; University of California, Davis; University of Michigan; Universidad de Cantabria; Azerbaijan National Academy of Sciences; The University of Adelaide; University at Albany, State University of New York; Joint Institute for Nuclear Research",0000-0002-5800-4210,,
https://openalex.org/A5112835320,Stanley K. Coffman,https://openalex.org/I8692664,University of Oklahoma,1955,1955,https://openalex.org/I8692664,1955,1955,,University of Oklahoma,,,
https://openalex.org/A5109383563,Sidney J. Blatt,https://openalex.org/I8692664,University of Oklahoma,1999,1999,https://openalex.org/I8692664,1999,1999,,"Islamic Azad University, Science and Research Branch; Columbia University; University of Social Welfare and Rehabilitation Sciences; University of Victoria; University of Évora; IIT Research Institute; McGill University; University of New Haven; University School; University of Oklahoma; Ben-Gurion University of the Negev; Presbyterian St. Luke's Medical Center; Georgia State University; Institute of Contemporary Psychoanalysis; Society for Personality Assessment; American University; Islamic Azad University, Tehran; Michael Reese Research and Education Foundation; Western New England University; Sapir College; Yale University; City University of New York; University College London; University of Pittsburgh; University of Utah; Cnopf´sche Kinderklinik",,,
https://openalex.org/A5018463074,Amanda Moyer,https://openalex.org/I8692664,University of Oklahoma,2021,2021,https://openalex.org/I8692664,2021,2021,Stanford University,Stanford Medicine; Baylor College of Medicine; University of Oklahoma; University of Oklahoma Health Sciences Center; National Institute of Dental and Craniofacial Research; National Institutes of Health; University of Vermont; University of Vermont Medical Center,0000-0002-7831-4224,,
https://openalex.org/A5044396302,K. Abdul Hamid,https://openalex.org/I8692664,University of Oklahoma,2025,2025,https://openalex.org/I8692664,2025,2025,University of Oklahoma; Imam Hossein University,Universiti Malaysia Pahang Al-Sultan Abdullah,0000-0002-9423-6086,,
https://openalex.org/A5098913213,Hayley E. Sewell,https://openalex.org/I8692664,University of Oklahoma,2024,2024,https://openalex.org/I8692664,2024,2024,University of Oklahoma,University of Oklahoma Health Sciences Center,,,
https://openalex.org/A5060966935,Melvin N. Hamm,https://openalex.org/I8692664,University of Oklahoma,1973,1973,https://openalex.org/I8692664,1973,1973,Southwestern Oklahoma State University; University of Oklahoma; Weatherford (United States),,,,
https://openalex.org/A5108733734,Antony J. Chapman,https://openalex.org/I8692664,University of Oklahoma,1984,1984,https://openalex.org/I8692664,1984,1984,,Institute of Science and Technology; University of Oklahoma; University of Wales; University of Leeds; Office of Chief Medical Examiner; Cardiff University; University of Wales Institute Cardiff; Oklahoma State University Oklahoma City; Cardiff Metropolitan University,,,
https://openalex.org/A5027839860,Mohammad Nabatian,https://openalex.org/I8692664,University of Oklahoma,2019,2019,https://openalex.org/I8692664,2019,2019,University of Oklahoma; Kumoh National Institute of Technology; The University of Texas at Arlington; Cooperative Institute for Mesoscale Meteorological Studies; NOAA National Severe Storms Laboratory,The University of Texas at Austin,,,
https://openalex.org/A5089103796,Anders Olofsgård,https://openalex.org/I8692664,University of Oklahoma,2023,2023,https://openalex.org/I8692664,2023,2023,Stockholm School of Economics,Walsh University; Texas Christian University; Georgetown University; Texas A&M University; Swedish Institute for Health Economics; University of Oklahoma; Scottish and Southern Energy (United Kingdom),0000-0002-0455-0822,,
https://openalex.org/A5063198138,Narayanasamy Gurusamy,https://openalex.org/I8692664,University of Oklahoma,1982,1982,https://openalex.org/I8692664,1982,1982,,University of Oklahoma; Oklahoma State University; Oklahoma State University Oklahoma City,,,
https://openalex.org/A5080638576,Shane P. Desselle,https://openalex.org/I8692664,University of Oklahoma,2009,2011,https://openalex.org/I8692664,2009,2011,Touro University California,Cardiff University; Mylan (United States); Long Island University; University of Tennessee Health Science Center; University of North Carolina at Chapel Hill; University of Tennessee at Knoxville; University of Louisiana at Monroe; University of Oklahoma; University of Technology Sydney; American Association of Colleges of Pharmacy; Office of Education; California Northstate University; Electoral Commission; Duquesne University; University of Tulsa; Dean College; West Virginia University; Shrewsbury College; Mylan (India); University of Oklahoma Health Sciences Center; Bayer (United States); Behavioral Pharma (United States),0000-0002-5987-1391,,
https://openalex.org/A5014312942,Shivani N. Mann,https://openalex.org/I8692664,University of Oklahoma,2011,2022,https://openalex.org/I8692664,2011,2022,University of Arizona,University of Oklahoma Health Sciences Center; University of Oklahoma; Dean McGee Eye Institute; Oklahoma Medical Research Foundation,0000-0003-4499-1945,,
https://openalex.org/A5066566141,Philip E. Klebba,https://openalex.org/I8692664,University of Oklahoma,1998,2012,https://openalex.org/I8692664,1998,2012,,Kansas State University; University of Oklahoma,,,
https://openalex.org/A5072442842,D. He,https://openalex.org/I8692664,University of Oklahoma,1997,1997,https://openalex.org/I8692664,1997,1997,,"University of California, San Diego; University of Hawaiʻi at Mānoa; Brookhaven National Laboratory; University of Kentucky; The Ohio State University; Cornell University; University at Albany, State University of New York; Shihezi University; Syracuse University; Budker Institute of Nuclear Physics; Wayne State University; University of Oklahoma; Lawrence Livermore National Laboratory; State Key Laboratory of Enhanced Oil Recovery; University of Minnesota; Southern Methodist University; The University of Texas at Austin; Research Institute of Petroleum Exploration and Development; California Institute of Technology; University of Kansas; Purdue University West Lafayette",0000-0001-9029-6519,,
https://openalex.org/A5016683716,Jon Keith Parsley,https://openalex.org/I8692664,University of Oklahoma,1993,1993,https://openalex.org/I8692664,1993,1993,University of Oklahoma,,,,
https://openalex.org/A5108594917,Donna Thompson,https://openalex.org/I8692664,University of Oklahoma,1995,1995,https://openalex.org/I8692664,1995,1995,Gallagher (United States); Dermatology Specialists,Access Community Health Network; University of Oklahoma,,,
https://openalex.org/A5041333775,R.D. DANIELS,https://openalex.org/I8692664,University of Oklahoma,1988,1988,https://openalex.org/I8692664,1988,1988,University of Oklahoma,,,,
https://openalex.org/A5056813860,E. Okoye,https://openalex.org/I8692664,University of Oklahoma,2010,2010,https://openalex.org/I8692664,2010,2010,University of Oklahoma,,,,
https://openalex.org/A5028316446,Kelly M. Standifer,https://openalex.org/I8692664,University of Oklahoma,2007,2025,https://openalex.org/I8692664,2007,2025,University of Oklahoma,Pharmac; University of Houston; University of Florida; Center for Neurosciences; Oklahoma City University; Memorial Sloan Kettering Cancer Center; University of Oklahoma Health Sciences Center; Cornell University; American Association of Colleges of Pharmacy; Florida College; NTL Institute for Applied Behavioral Science,0000-0002-3246-8703,,
https://openalex.org/A5007751931,Yanjiang Zhou,https://openalex.org/I8692664,University of Oklahoma,2002,2002,https://openalex.org/I8692664,2002,2002,Sichuan University,Jilin Normal University; Advanced Processing Technology (United States); Zhejiang University of Science and Technology; Zhejiang University; University of Oklahoma; Zhejiang Sci-Tech University; Zhejiang Institute of Mechanical and Electrical Engineering,0009-0000-2881-1874,,
https://openalex.org/A5021612626,David D. Buethe,https://openalex.org/I8692664,University of Oklahoma,2011,2012,https://openalex.org/I8692664,2011,2012,,The University of Texas Southwestern Medical Center; OU Health; University of South Florida; University of Oklahoma Health Sciences Center; Moffitt Cancer Center; Florida College; University of Florida; University of Tampa; University of Oklahoma; Oglethorpe University,,,
https://openalex.org/A5011296982,Kuhika Gupta,https://openalex.org/I8692664,University of Oklahoma,2012,2025,https://openalex.org/I8692664,2012,2025,University of Oklahoma,Oklahoma State University,0000-0002-6264-1423,,
https://openalex.org/A5108754780,Youlong Xia,https://openalex.org/I8692664,University of Oklahoma,2015,2015,https://openalex.org/I8692664,2015,2015,NOAA National Centers for Environmental Prediction; NOAA Environmental Modeling Center,University of Oklahoma; National Oceanic and Atmospheric Administration; Science Applications International Corporation (United States); China Meteorological Administration; Deleted Institution; Texas A&M University; Princeton University; Macquarie University; Beijing Normal University; The University of Texas at Austin; IM Systems (United States); Ludwig-Maximilians-Universität München; NOAA National Weather Service; NOAA Geophysical Fluid Dynamics Laboratory; University Research Co (United States),,,
https://openalex.org/A5029490514,John S. Lazuick,https://openalex.org/I8692664,University of Oklahoma,1993,1993,https://openalex.org/I8692664,1993,1993,University of Oklahoma,Centers for Disease Control and Prevention; University of Minnesota; University of South Dakota; Yankton Rural Area Health Education Center; United States Department of Health and Human Services; Peace Corps,,,
https://openalex.org/A5025262497,Emily N. Ahadizadeh,https://openalex.org/I8692664,University of Oklahoma,2014,2015,https://openalex.org/I8692664,2014,2015,Oregon Health & Science University,University of Oklahoma; Case Western Reserve University; University Hospitals of Cleveland; University School,0000-0003-1827-3501,,
https://openalex.org/A5102583506,Kelly K Butler,https://openalex.org/I8692664,University of Oklahoma,2016,2016,https://openalex.org/I8692664,2016,2016,University of Oklahoma Health Sciences Center; University of Oklahoma,,,,
https://openalex.org/A5006402876,Charles A. Leath,https://openalex.org/I8692664,University of Oklahoma,2008,2008,https://openalex.org/I8692664,2008,2008,University of Alabama at Birmingham Hospital; Gynecologic Oncology Group; University of Alabama at Birmingham; O'Neal Comprehensive Cancer Center,Cornell University; Johns Hopkins University; Indiana University Health; University of Oklahoma; University of Alabama; St. Vincent's Birmingham; University of Colorado Cancer Center; Oklahoma City University; SUNY College of Optometry; University of Puerto Rico at Carolina; Kyushu University Hospital; Indiana University – Purdue University Indianapolis; University of Colorado Denver; Ochsner Health System; Hospices Civils de Lyon; Levine Cancer Institute; Brooke Army Medical Center; Cleveland Clinic; Wilford Hall Ambulatory Surgical Center; Joint Base San Antonio; University of North Carolina at Chapel Hill; Michigan Cancer Research Consortium; Sidney Kimmel Cancer Center; University of Minnesota; American College of Surgeons; Weatherford College; Cedars-Sinai Medical Center; Community Link; Guy's and St Thomas' NHS Foundation Trust; United States Department of the Army; United States Army; St Thomas' Hospital; American Congress of Obstetricians and Gynecologists,0000-0002-4034-6845,,
https://openalex.org/A5000631854,Maxine Robertson,https://openalex.org/I8692664,University of Oklahoma,1997,1997,https://openalex.org/I8692664,1997,1997,London School of Business and Management; Queen Mary University of London,University of Warwick; Coventry University; Coventry (United Kingdom); University of Oklahoma,,,
https://openalex.org/A5057038064,S. J. Pannalal,https://openalex.org/I8692664,University of Oklahoma,2012,2012,https://openalex.org/I8692664,2012,2012,,ConocoPhillips (United States); University of Windsor; University of Oklahoma,0009-0005-9279-8922,,
https://openalex.org/A5113646659,Nicholas Lange,https://openalex.org/I8692664,University of Oklahoma,2011,2011,https://openalex.org/I8692664,2011,2011,University of Warwick,University of Oklahoma,,,
https://openalex.org/A5043659454,Thomas M. N. Cain,https://openalex.org/I8692664,University of Oklahoma,2018,2020,https://openalex.org/I8692664,2018,2020,University of Oklahoma,,,,
https://openalex.org/A5035871571,Larisa V. Debelenko,https://openalex.org/I8692664,University of Oklahoma,1997,1997,https://openalex.org/I8692664,1997,1997,Texas Health Dallas; Columbia University; Columbia University Irving Medical Center; New York Hospital Queens; NewYork–Presbyterian Hospital,Wayne State University; National Institute of Diabetes and Digestive and Kidney Diseases; Detroit Medical Center; National Human Genome Research Institute; Presbyterian Hospital; Children's Hospital of Michigan; Boston Children's Hospital; Westchester Medical Center; New York Medical College; St. Jude Children's Research Hospital; National Cancer Institute; National Institutes of Health; Harvard University; National Center for Biotechnology Information; University of Oklahoma; Dana-Farber Cancer Institute; National Cancer Institute,0000-0002-9443-5181,,
https://openalex.org/A5006538892,Susan M. Edwards,https://openalex.org/I8692664,University of Oklahoma,2005,2009,https://openalex.org/I8692664,2005,2009,,University of Oklahoma Health Sciences Center; University of Oklahoma; OU Health; Yorkshire Cancer Research; University of California Davis Medical Center,,,
https://openalex.org/A5067300278,Derrick Willis,https://openalex.org/I8692664,University of Oklahoma,2021,2021,https://openalex.org/I8692664,2021,2021,University of Oklahoma,,,,
https://openalex.org/A5060206799,Jay S. Hanas,https://openalex.org/I8692664,University of Oklahoma,1996,2019,https://openalex.org/I8692664,1996,2019,University of Oklahoma Health Sciences Center,Veterans Health Administration; United States Department of Veterans Affairs; Oklahoma State University; Oklahoma City University; State University of New York; Oklahoma Medical Research Foundation; Williams (United States); University of South Florida; University of Oklahoma; Stony Brook University,0000-0003-1922-5333,,
https://openalex.org/A5108057066,Sugato Banerjee,https://openalex.org/I8692664,University of Oklahoma,1996,1996,https://openalex.org/I8692664,1996,1996,National Institute of Pharmaceutical Education and Research,"Neurosciences Institute; University of California, Santa Barbara; Central Plantation Crops Research Institute; KPC Medical College and Hospital; University of North Texas Health Science Center; University of North Texas; McMaster University; Indian Agricultural Research Institute; University of California, San Diego; Sanford Burnham Prebys Medical Discovery Institute; Bankura University; Birla Institute of Technology, Mesra; Neurobehavioral Research (United States); National Forensic Sciences University; University of Nebraska Medical Center; Southern Health NHS Foundation Trust; Calcutta Research Group; CUNY Energy Institute; University of Oklahoma; City College of New York; Atomic Energy (Canada); University of North Dakota; Cleveland Research (United States)",0000-0002-4402-3066,,
https://openalex.org/A5011313672,John Peters,https://openalex.org/I8692664,University of Oklahoma,2024,2024,https://openalex.org/I8692664,2024,2024,UCLouvain Saint-Louis Brussels,Office of Patient Care Services; Veterans Health Administration; Whipps Cross University Hospital; Bristol Royal Infirmary; University of Oklahoma; Cyclotron (Netherlands); United States Department of Veterans Affairs; University of Liège; Guy's Hospital; Essen University Hospital; The University of Texas Southwestern Medical Center; University of Pennsylvania; Barts Health NHS Trust; Queen Mary University of London; Yale University; Rigshospitalet; Yale New Haven Hospital; Guy's and St Thomas' NHS Foundation Trust; St Bartholomew's Hospital; East Sussex County Council; Southwestern Medical Center; University of Duisburg-Essen; Deutsche Gesellschaft für Anästhesiologie und Intensivmedizin; Beatson West of Scotland Cancer Centre; University of Copenhagen,0000-0002-4574-368X,,
https://openalex.org/A5100614762,Lin Wang,https://openalex.org/I8692664,University of Oklahoma,2013,2025,https://openalex.org/I8692664,2013,2025,Ministry of Agriculture and Rural Affairs; Agro-Environmental Protection Institute; University of Oklahoma; East China University of Technology,"Huazhong Agricultural University; Carnegie Institution for Science; Ningbo University of Technology; Northeastern University; Huazhong University of Science and Technology; Shenzhen University; SGIDI Engineering Consulting (China); Fujian Institute of Oceanography; Northwest A&F University; Shandong University; Harbin Institute of Technology; Peking University; Jilin University; Sensors (United States); North China Electric Power University; King Abdullah University of Science and Technology; China National Environmental Monitoring Center; Hudson Institute of Medical Research; Millennium Engineering and Integration (United States); Norman Regional Hospital; Shanghai Normal University; Ocean University of China; Stomatology Hospital; University of Zagreb; Zhaoqing University; Anhui Medical University; Henan Agricultural University; Beijing Advanced Sciences and Innovation Center; Anhui Provincial Hospital; Hainan Normal University; State Key Laboratory of Crystal Materials; China Academy of Engineering Physics; Nanyang Technological University; University of Hong Kong; Hubei University; Oklahoma State University; Zen-Noh (Japan); Nanjing Normal University; Chinese Academy of Medical Sciences & Peking Union Medical College; Material (Belgium); China Pharmaceutical University; South China University of Technology; State Key Laboratory of Superhard Materials; University of Maryland, Baltimore; Geophysical Laboratory; Ascent Bio-Nano Technologies (United States); Nanjing Medical University; Yanshan University; Union Hospital; China Tobacco; Yanbian University; Jiangsu University; Xi'an University of Technology; University of Iowa; Yale University; University of Pittsburgh; Tsinghua University; Scripps Research Institute; National Marine Environmental Monitoring Center; Czech Academy of Sciences, Institute of Microbiology; Zhejiang Normal University",0000-0003-4636-8225,,
https://openalex.org/A5064988981,Sarah George,https://openalex.org/I8692664,University of Oklahoma,2022,2025,https://openalex.org/I8692664,2022,2025,Fort Peck Community College; University of Oklahoma; University of Arizona,Sunshine Coast University Hospital; The University of Texas at Austin,0000-0001-8571-9433,,
https://openalex.org/A5088660720,Helen Ajufo,https://openalex.org/I8692664,University of Oklahoma,2013,2013,https://openalex.org/I8692664,2013,2013,Princess Margaret Cancer Centre; Washington University in St. Louis,University of Oklahoma; Kettering University; Wake Forest University; Guy's and St Thomas' NHS Foundation Trust; The University of Texas Health Science Center at Houston; Istanbul University; Malatya Devlet Hastanesi; Memorial Sloan Kettering Cancer Center,,,
https://openalex.org/A5083027075,Linda F. Peabody,https://openalex.org/I8692664,University of Oklahoma,2007,2007,https://openalex.org/I8692664,2007,2007,University of Oklahoma,,,,
https://openalex.org/A5041386465,Dale R. Fuqua,https://openalex.org/I8692664,University of Oklahoma,1990,2006,https://openalex.org/I8692664,1990,2006,,University of Oklahoma; Oklahoma State University; Oklahoma State University Oklahoma City; Western Michigan University; Grand Forks Air Force Base; University of North Dakota,,,
https://openalex.org/A5043435724,Shivani Rani,https://openalex.org/I8692664,University of Oklahoma,2017,2021,https://openalex.org/I8692664,2017,2021,,South Dakota State University; University of Oklahoma; Lawton Public Schools; Southern Plains Transportation Center; Indian Institute of Technology Gandhinagar; ORCID,0000-0002-9321-2453,,
https://openalex.org/A5009254736,Sarah M. Melcher,https://openalex.org/I8692664,University of Oklahoma,2020,2020,https://openalex.org/I8692664,2020,2020,University of Oklahoma,,,,
https://openalex.org/A5013689046,Harvey Blatt,https://openalex.org/I8692664,University of Oklahoma,1986,1986,https://openalex.org/I8692664,1986,1986,,University of Oklahoma,,,
https://openalex.org/A5067817046,Weston H. Nowlin,https://openalex.org/I8692664,University of Oklahoma,2012,2012,https://openalex.org/I8692664,2012,2012,Texas State University,University of Victoria; Idaho State University; Southern Illinois University Carbondale; Texas Christian University; Miami University; Baxter (United States); University of Wisconsin–Madison; Oregon State University; University of Maine; University of Oklahoma; Oklahoma Biological Survey; Simon Fraser University,0000-0001-8734-1008,,
https://openalex.org/A5033200496,W. Michael Havener,https://openalex.org/I8692664,University of Oklahoma,1994,1994,https://openalex.org/I8692664,1994,1994,,University of Oklahoma; University of Rhode Island,,,
https://openalex.org/A5100340898,Min Wang,https://openalex.org/I8692664,University of Oklahoma,2001,2001,https://openalex.org/I8692664,2001,2001,Zhejiang University; Sir Run Run Shaw Hospital,Yale University; Thomas Jefferson University; Second Affiliated Hospital of Harbin Medical University; Sichuan University; Wenzhou Medical University; General Hospital of Jinan Military Command; University of Oklahoma; Inner Mongolia Medical University; Sun Yat-sen University Cancer Center; Xi'an Jiaotong University; Xijing Hospital; Shandong First Medical University; Third People's Hospital of Hangzhou; Tianjin University of Traditional Chinese Medicine; Harbin Medical University; West China Hospital of Sichuan University; Nanjing General Hospital of Nanjing Military Command; Third Affiliated Hospital of Sun Yat-sen University; Nanjing University; Edison Pharmaceuticals (United States); Liaocheng People's Hospital; Jewish Hospital; Barnes-Jewish Hospital; Air Force Medical University; Pain and Headache Center; Hubei Provincial Hospital of Traditional Chinese Medicine; Cleveland Clinic; University of Michigan; First Affiliated Hospital of Zhengzhou University; Sun Yat-sen University; Anhui Medical University; China-Japan Friendship Hospital; Michigan Medicine; Mayo Clinic in Arizona; Shandong Tumor Hospital; Washington University Medical Center; Second Affiliated Hospital & Yuying Children's Hospital of Wenzhou Medical University; Hangzhou First People's Hospital,0000-0002-2201-9269,,
https://openalex.org/A5048792870,Roberet A. Nye,https://openalex.org/I8692664,University of Oklahoma,1987,1987,https://openalex.org/I8692664,1987,1987,University of Oklahoma,,,,
https://openalex.org/A5070959372,Katherine Ashton,https://openalex.org/I8692664,University of Oklahoma,2025,2025,https://openalex.org/I8692664,2025,2025,University of Oklahoma,,,,
https://openalex.org/A5004231993,W. Henry Mosley,https://openalex.org/I8692664,University of Oklahoma,1960,1960,https://openalex.org/I8692664,1960,1960,University of Illinois Chicago,Bangladesh Jute Research Institute; United States Department of Veterans Affairs; Johns Hopkins University; Oklahoma Medical Research Foundation; University of Oklahoma,,,
https://openalex.org/A5032506081,Vince Sandifer,https://openalex.org/I8692664,University of Oklahoma,2019,2019,https://openalex.org/I8692664,2019,2019,University of Oklahoma,,,,
https://openalex.org/A5051469460,Lea M. Spyres,https://openalex.org/I8692664,University of Oklahoma,2000,2001,https://openalex.org/I8692664,2000,2001,University of Oklahoma,,,,
https://openalex.org/A5109070204,D.M. McCarthy,https://openalex.org/I8692664,University of Oklahoma,1995,1995,https://openalex.org/I8692664,1995,1995,Ollscoil na Gaillimhe – University of Galway,University of Oklahoma; Intel (United States),,,
https://openalex.org/A5107148338,Michael J. Kierl,https://openalex.org/I8692664,University of Oklahoma,1990,1990,https://openalex.org/I8692664,1990,1990,,University of Oklahoma,,,
https://openalex.org/A5089488645,Robert L. Shambaugh,https://openalex.org/I8692664,University of Oklahoma,1990,2020,https://openalex.org/I8692664,1990,2020,University of Oklahoma,DuPont (United States),0000-0001-6156-9178,,
https://openalex.org/A5102463635,Andrea L’Afflitto,https://openalex.org/I8692664,University of Oklahoma,2017,2017,https://openalex.org/I8692664,2017,2017,University of Oklahoma,,,,
https://openalex.org/A5074347935,Vishnu Nagalapuram,https://openalex.org/I8692664,University of Oklahoma,2025,2025,https://openalex.org/I8692664,2025,2025,University of Oklahoma; Oklahoma State University Oklahoma City; OU Health Stephenson Cancer Center,University of Alabama at Birmingham; Auburn University at Montgomery; St. Joseph's Hospital and Medical Center; Children's Center; Foundation for the National Institutes of Health; Novartis (China); PSG Institute of Medical Sciences & Research; Creighton University,0000-0002-7923-1367,,
https://openalex.org/A5035916095,Víctor Peña,https://openalex.org/I8692664,University of Oklahoma,2009,2009,https://openalex.org/I8692664,2009,2009,Universitat Politècnica de Catalunya,Duke University; Columbia University; Baruch College; Polytechnic University of Puerto Rico; University of Oklahoma; City University of New York; Florida State University; BP (United States); Universidad de Valladolid,0000-0002-3801-5203,,
https://openalex.org/A5109996058,August M. Watanabe,https://openalex.org/I8692664,University of Oklahoma,1993,1993,https://openalex.org/I8692664,1993,1993,Eli Lilly (United States),Henry Ford Hospital; University of New Orleans; United States Department of Veterans Affairs; Indiana University; University of Oklahoma; Eppendorf (Germany); Indiana University – Purdue University Indianapolis; Georgetown University Medical Center; Indiana University School of Medicine; National Institute of Mental Health; Sakurabashi Watanabe Hospital; National Institute of Mental Health; Richard L. Roudebush VA Medical Center; University of Texas Health Science Center at Dallas; Indianapolis Zoo; Kōchi University; National Institutes of Health; California Pacific Medical Center; University of Colorado Anschutz Medical Campus; University Medical Center; Awsaj Academy; Advisory Board Company (United States),,,
https://openalex.org/A5048674878,Sergio Berumen,https://openalex.org/I8692664,University of Oklahoma,1997,1997,https://openalex.org/I8692664,1997,1997,Pemex (Mexico),University of Oklahoma,,,
https://openalex.org/A5007707109,Nabih R. Asal,https://openalex.org/I8692664,University of Oklahoma,1989,1989,https://openalex.org/I8692664,1989,1989,,Morehouse School of Medicine; University of North Carolina at Charlotte; University of Florida; Dean McGee Eye Institute; Duke Medical Center; Indiana University Bloomington; University of Oklahoma Health Sciences Center; University of Oklahoma; Florida College,,,
https://openalex.org/A5103617966,Jon Miller,https://openalex.org/I8692664,University of Oklahoma,1982,1982,https://openalex.org/I8692664,1982,1982,,University of Virginia; University of Southern California; Queen's University; University of Oklahoma; Washington University in St. Louis; Southern California University for Professional Studies,,,
https://openalex.org/A5064567385,M. Ahsanuzzaman,https://openalex.org/I8692664,University of Oklahoma,2003,2003,https://openalex.org/I8692664,2003,2003,University of Oklahoma,,,,
https://openalex.org/A5057117922,Hannah Croad,https://openalex.org/I8692664,University of Oklahoma,2020,2020,https://openalex.org/I8692664,2020,2020,University of Oklahoma,,,,
https://openalex.org/A5026664428,Margarita Beneke,https://openalex.org/I8692664,University of Oklahoma,1990,1990,https://openalex.org/I8692664,1990,1990,,Fundación Salvadoreña para el Desarrollo Económico y Social; University of Oklahoma,,,
https://openalex.org/A5054640895,David S. Foley,https://openalex.org/I8692664,University of Oklahoma,2004,2004,https://openalex.org/I8692664,2004,2004,Indiana University School of Medicine; Indiana University – Purdue University Indianapolis; University of Louisville; Kosair Children's Hospital; Norton Hospital; Indiana University Health,Washington University in St. Louis; Nationwide Children's Hospital; University of Cincinnati Medical Center; The Ohio State University; University of Oklahoma; Cincinnati Children's Hospital Medical Center; Medical College of Wisconsin; Children's Hospital of Wisconsin; C. S. Mott Children's Hospital; Christie's; University of Michigan; University of Louisville Hospital; Temple Street Children's University Hospital; Children's Mercy Hospital; University of Wisconsin–Madison,,,
https://openalex.org/A5056034999,Lothar H. Ruhnke,https://openalex.org/I8692664,University of Oklahoma,2008,2014,https://openalex.org/I8692664,2008,2014,University of Oklahoma; Cooperative Institute for Mesoscale Meteorological Studies,Airborne Research Associates; Applied Research Associates (United States); NOAA National Severe Storms Laboratory; Bluffton University; National Oceanic and Atmospheric Administration; DEVCOM Army Research Laboratory; United States Naval Research Laboratory,,,
https://openalex.org/A5030874667,Erin K. Kesselhuth,https://openalex.org/I8692664,University of Oklahoma,2012,2012,https://openalex.org/I8692664,2012,2012,University of Oklahoma,,,,
https://openalex.org/A5078619170,Robert J. Ursano,https://openalex.org/I8692664,University of Oklahoma,2001,2001,https://openalex.org/I8692664,2001,2001,Uniformed Services University of the Health Sciences,"American Medical Association; Clinical Research Consortium; Yale University; Office of the Director; Wilford Hall Ambulatory Surgical Center; West Chester University; George Washington University; UNSW Sydney; National Center for PTSD; 's Heeren Loo; National Institutes of Health; Walgreens (United States); University of New Haven; University of Oklahoma; American Nurses Association; National Institute for Occupational Safety and Health; Cambridge University Press; Connecticut Mental Health Center; Columbia University; University of Oslo; City University of New York; Henry M. Jackson Foundation; Hudson Institute; New York Academy of Medicine; World Health Organization; University of California, San Diego; Janssen (Switzerland); University of Michigan; VA San Diego Healthcare System; Medical College of Wisconsin; Bridge University; American Public Health Association; Tonix Pharmaceuticals (United States); West Virginia University; Jingchu University of Technology; Pfizer (United Kingdom); University of North Carolina at Chapel Hill; Centers for Disease Control and Prevention; Capital University; Australian National University; VA Boston Healthcare System; Huntsman (United States); University of Miami; Harvard University; Israel Defense Forces Medical Corps; National Institute of Mental Health; IFC Research (United Kingdom); University of Illinois Chicago; Human Longevity (United States); Sanofi (Mexico); Cleveland Clinic; Dartmouth College; Sanofi (France); University of Health Sciences; Janssen (Belgium); Boston University; University Physicians; York University; Unifor; National Center for Post Traumatic Stress Disorder; Garden Organic; United States Public Health Service; United States Department of Health and Human Services; Steinhauser (Czechia); Virginia Commonwealth University; University of Utah",0000-0002-1861-9173,,
https://openalex.org/A5031879473,Mark Keil,https://openalex.org/I8692664,University of Oklahoma,1994,2000,https://openalex.org/I8692664,1994,2000,Ben-Gurion University of the Negev; Georgia Southern University,University of Alberta; Technion – Israel Institute of Technology; University of Toronto; California Institute of Technology; University of Oklahoma; University of Kaiserslautern; University of Bayreuth; Colgate University; Weizmann Institute of Science,0000-0002-1643-8256,,
https://openalex.org/A5029152015,Valentin V. Rybenkov,https://openalex.org/I8692664,University of Oklahoma,2005,2025,https://openalex.org/I8692664,2005,2025,University of Oklahoma,"New York Academy of Sciences; Moss Landing Marine Laboratories; Hudson Institute; UConn Health; Université Paris-Sud; University of California, Berkeley; New York University; John Wiley & Sons (Germany)",0000-0002-5300-4369,,
https://openalex.org/A5109426359,Jacob Chapman,https://openalex.org/I8692664,University of Oklahoma,2009,2009,https://openalex.org/I8692664,2009,2009,,"Massachusetts General Hospital; University of Manchester; University of Oklahoma; Harvard University Press; Stanford Medicine; Boston University; Stanford University; Brigham and Women's Hospital; University of California, Irvine Medical Center",,,
https://openalex.org/A5070359960,Richard C. De Vuyst,https://openalex.org/I8692664,University of Oklahoma,2024,2024,https://openalex.org/I8692664,2024,2024,University of Oklahoma; Oklahoma City University,University of North Carolina at Chapel Hill,0000-0002-1561-8546,,
https://openalex.org/A5097190922,Shaft,https://openalex.org/I8692664,University of Oklahoma,2006,2006,https://openalex.org/I8692664,2006,2006,University of Oklahoma; Queensland University of Technology; The University of Queensland,,,,
https://openalex.org/A5110232200,A. Stephens,https://openalex.org/I8692664,University of Oklahoma,2012,2012,https://openalex.org/I8692664,2012,2012,University of Oklahoma,Durham University,,,
https://openalex.org/A5088092534,Jill Camp,https://openalex.org/I8692664,University of Oklahoma,1983,1983,https://openalex.org/I8692664,1983,1983,University of Oklahoma,,,,
https://openalex.org/A5109137537,Brianna C. Bright,https://openalex.org/I8692664,University of Oklahoma,2008,2010,https://openalex.org/I8692664,2008,2010,University of Nebraska–Lincoln,Oklahoma City University; Dean McGee Eye Institute; University of Nebraska at Omaha; Children's Hospital of Oklahoma; Mohawk Valley Psychiatric Center; University of Oklahoma; Children's Hospital; Perinatal Institute; University of Oklahoma Health Sciences Center,,,
https://openalex.org/A5070234264,Sara L. Fields,https://openalex.org/I8692664,University of Oklahoma,1999,1999,https://openalex.org/I8692664,1999,1999,University of Oklahoma,,,,
https://openalex.org/A5053327738,Jeremy Barnes,https://openalex.org/I8692664,University of Oklahoma,2011,2011,https://openalex.org/I8692664,2011,2011,,United States Military Academy; University of Rio Grande and Rio Grande Community College; Mississippi State University; University of Antwerp; Bielefeld University; Edinburgh Napier University; University of Sheffield; University of Mississippi; Tennessee Wesleyan College; Universidade Federal do Rio Grande do Sul; Memorial University of Newfoundland; Aecom (United Kingdom); University of Surrey; Truman State University; University of Stuttgart; University of Amsterdam; University of Missouri; University of Copenhagen; University of Kansas; Southeast Missouri State University; Park University; University of the Basque Country; Universitat de Barcelona; University of Helsinki; University of Oklahoma; University of Turin; Universidad Carlos III de Madrid; University of Oslo; University of Central Missouri; Technical University of Darmstadt; American College of Surgeons; Tel Aviv University; Bar-Ilan University; Friedrich Schiller University Jena; Fairmont State University; Universitat Pompeu Fabra,0000-0002-8043-8058,,
https://openalex.org/A5033746185,Maria Carolina Gonzalez Chacin,https://openalex.org/I8692664,University of Oklahoma,2006,2006,https://openalex.org/I8692664,2006,2006,University of Oklahoma,,,,
https://openalex.org/A5044500550,Donald L. Cooper,https://openalex.org/I8692664,University of Oklahoma,1991,1991,https://openalex.org/I8692664,1991,1991,Metropolitan Police Service,American School Health Association; State Farm (United States); Anatolia College; University of Oklahoma; Oklahoma State University,,,
https://openalex.org/A5001526196,Marli Sussmann,https://openalex.org/I8692664,University of Oklahoma,2018,2018,https://openalex.org/I8692664,2018,2018,University of Oklahoma,,,,
https://openalex.org/A5039254996,ANNE L. McGILL,https://openalex.org/I8692664,University of Oklahoma,1994,1994,https://openalex.org/I8692664,1994,1994,University of Oklahoma,,,,
https://openalex.org/A5015806770,Dustan M. Wheatley,https://openalex.org/I8692664,University of Oklahoma,2009,2018,https://openalex.org/I8692664,2009,2018,NOAA National Severe Storms Laboratory; Cooperative Institute for Mesoscale Meteorological Studies; Kentucky Science Center; University of Oklahoma,Purdue University West Lafayette,,,
https://openalex.org/A5100763599,Chang Liu,https://openalex.org/I8692664,University of Oklahoma,2015,2015,https://openalex.org/I8692664,2015,2015,Wuhan University of Technology; Northwest University; National Renewable Energy Laboratory; Dalian University of Technology; Dalian University; Smart Material (Germany); Ministry of Education of the People's Republic of China,"Johns Hopkins University; Soochow University; Nanjing Tech University; Guangdong Ocean University; Jilin Medical University; University of Oklahoma; RWTH Aachen University; University of Nottingham Ningbo China; Forschungszentrum Jülich; Changchun University of Technology; National Bureau of Economic Research; Wuhan University; Jilin University; Chinese University of Hong Kong, Shenzhen; Liaoning Shihua University; Princeton University; Longdong University",0000-0002-4116-9246,,
https://openalex.org/A5025380435,Hany Magharyous,https://openalex.org/I8692664,University of Oklahoma,2012,2012,https://openalex.org/I8692664,2012,2012,LabCorp (United States),University of Oklahoma; University of Oklahoma Health Sciences Center,,,
https://openalex.org/A5009905683,Mark L. Lang,https://openalex.org/I8692664,University of Oklahoma,2017,2025,https://openalex.org/I8692664,2017,2025,University of Oklahoma Health Sciences Center,University of Chicago; Ninewells Hospital; University of Oklahoma; Salk Institute for Biological Studies; Dartmouth–Hitchcock Medical Center; University of Dundee; Kenyon College; Dartmouth College; Oklahoma City University; Dartmouth Hospital,0000-0002-5137-0576,,
https://openalex.org/A5112234380,Robert W. Hill,https://openalex.org/I8692664,University of Oklahoma,2018,2018,https://openalex.org/I8692664,2018,2018,,Utah State University; Lawn Tennis Association; University of Oxford; Nova Southeastern University; Clarke University; The University of Sydney; University of Toronto; University of Jordan; Universities UK; NOAA National Weather Service; Appalachian State University; Missile Defense Agency; Clarendon College; The University of Texas at Austin; United States Bureau of Reclamation; American Meteorological Society; Duke University; Virginia Commonwealth University; IBM (United States); Salisbury University; Case Western Reserve University; Hill Engineering (United States); University of Oklahoma,,,
https://openalex.org/A5077741057,Antonio Romero‐Serrano,https://openalex.org/I8692664,University of Oklahoma,2025,2025,https://openalex.org/I8692664,2025,2025,University of Oklahoma; Instituto Politécnico Nacional; University of Florida; Florida College,Universidad de Alcalá; Weatherford College; IQE (United Kingdom); Universidad Politécnica de Zacatecas; Sandia National Laboratories; Universidad Autónoma del Estado de Hidalgo; Universitat Politècnica de València; Polytechnic University of Queretaro; National Polytechnic School; Advanced Neural Dynamics (United States); Sandia National Laboratories California,0000-0001-9324-5602,,
https://openalex.org/A5100707245,Anil Kumar Singh,https://openalex.org/I8692664,University of Oklahoma,2021,2021,https://openalex.org/I8692664,2021,2021,Tribhuvan University; Banaras Hindu University; Thapar Institute of Engineering & Technology; Indian Institute of Pulses Research,"Central University of South Bihar; Mahatma Gandhi Central University; OU Health Stephenson Cancer Center; Government Medical College; Umeå University; Mahatma Gandhi University; Tezpur University; Indian Institute of Technology BHU; BLK Super Speciality Hospital; Allegheny General Hospital; Birmingham and Midland Eye Centre; Krishi Vigyan Kendra, Ghatkhed Amravati; North East Institute of Science and Technology; University of the Punjab; Deenbandhu Chhotu Ram University of Science and Technology; University of Maryland, Baltimore; Sandwell & West Birmingham Hospitals NHS Trust; Bharat Heavy Electricals (India); Indian Council of Agricultural Research; Atal Bihari Vajpayee Indian Institute of Information Technology and Management; Washington University in St. Louis; Jawaharlal Nehru Krishi Vishwa Vidyalaya; Oklahoma City VA Medical Center; National Institute of Technology Patna; University of Delhi; Govind Ballabh Pant University of Agriculture and Technology; Indian Institute of Technology Kanpur; University of Oklahoma; University of Oklahoma Health Sciences Center",0000-0001-7736-197X,,
https://openalex.org/A5069450156,Gary B. O'Mealey,https://openalex.org/I8692664,University of Oklahoma,2012,2012,https://openalex.org/I8692664,2012,2012,University of Oklahoma Health Sciences Center; Oklahoma Medical Research Foundation,University of Oklahoma,,,
https://openalex.org/A5020315196,Jian Chu,https://openalex.org/I8692664,University of Oklahoma,2024,2024,https://openalex.org/I8692664,2024,2024,,University of Baltimore; Rush University Medical Center; Rush University; United States Congress; Johns Hopkins University; University of Oklahoma Health Sciences Center; University of Oklahoma; University of Iowa,0000-0001-7669-5441,,
https://openalex.org/A5078882703,Edward K. Yeargers,https://openalex.org/I8692664,University of Oklahoma,1966,1966,https://openalex.org/I8692664,1966,1966,,Emory University; Oak Ridge National Laboratory; Michigan State University; Georgia Institute of Technology; University of Oklahoma,,,
https://openalex.org/A5086106796,A. K. M. Monayem Hossain Mazumder,https://openalex.org/I8692664,University of Oklahoma,2013,2013,https://openalex.org/I8692664,2013,2013,,University of Oklahoma; Bangladesh University of Engineering and Technology,,,
https://openalex.org/A5041773055,Arun K. Ghosh,https://openalex.org/I8692664,University of Oklahoma,2001,2007,https://openalex.org/I8692664,2001,2007,"Indian Institute of Engineering Science and Technology, Shibpur; National Institute of Science Education and Research; Indian Institute of Science Education and Research, Tirupati; Purdue University West Lafayette; Tokyo Metropolitan University","University of Debrecen; Indian Association for the Cultivation of Science; Emory University; Mossley Hill Hospital; University of Oklahoma Health Sciences Center; Harvard University; University of Pittsburgh; Georgia State University; Merck & Co., Inc., Rahway, NJ, USA (United States); Rosalind Franklin University of Medicine and Science; Centre hospitalier de l'Université Laval; Royal Liverpool University Hospital; Loyola University Chicago; United States Department of Veterans Affairs; City College of New York; Indian Statistical Institute; National Cancer Institute; Center for Cancer Research; Jadavpur University; Pure Protein (United States); North Bengal University; Victoria University; University of Illinois Chicago; Science Applications International Corporation (United States); City University of New York; United States Military Academy; Social Change and Development; University of Oklahoma; University of Chicago; W.E. Upjohn Institute for Employment Research; Centro de Investigaciones Biológicas Margarita Salas; University of Notre Dame; Oklahoma Medical Research Foundation; Indian Institute of Technology Bombay; Medicina; Merck (Japan); University of Oklahoma Medical Center; Marymount University; National Institutes of Health; University of Rome Tor Vergata; Kumamoto University; Pfizer (United States); University of Liverpool",0000-0003-2472-1841,,
https://openalex.org/A5051931853,Aditya Vyas,https://openalex.org/I8692664,University of Oklahoma,2011,2011,https://openalex.org/I8692664,2011,2011,University of Oklahoma,,,,
https://openalex.org/A5088351909,Bradley Gregory,https://openalex.org/I8692664,University of Oklahoma,2019,2020,https://openalex.org/I8692664,2019,2020,University of Oklahoma,Imaging Center; Advanced Imaging Research (United States),,,
https://openalex.org/A5001045832,Sobia Faisal,https://openalex.org/I8692664,University of Oklahoma,2017,2017,https://openalex.org/I8692664,2017,2017,Ministry of National Health Services Regulation and Coordination,Hartford Hospital; Oklahoma City University; University of Oklahoma; University of Connecticut; Dow University of Health Sciences; Hartford Financial Services (United States); Civil Hospital Karachi; UConn Health,,,
https://openalex.org/A5111990070,Micahel D. Devine,https://openalex.org/I8692664,University of Oklahoma,1982,1982,https://openalex.org/I8692664,1982,1982,University of Oklahoma,,,,
https://openalex.org/A5038498511,Abigail Bryan,https://openalex.org/I8692664,University of Oklahoma,2018,2018,https://openalex.org/I8692664,2018,2018,,University of Oklahoma,,,
https://openalex.org/A5055878946,Rashid A. Cajee,https://openalex.org/I8692664,University of Oklahoma,1993,1993,https://openalex.org/I8692664,1993,1993,University of the Free State,Seattle Children's Hospital; Oklahoma City VA Medical Center; University of Washington; University of Oklahoma; University of Oklahoma Medical Center,,,
https://openalex.org/A5030726181,Jesus M. Salas,https://openalex.org/I8692664,University of Oklahoma,2007,2007,https://openalex.org/I8692664,2007,2007,,Lehigh University; University of Oklahoma,0000-0002-1037-8459,,
https://openalex.org/A5058098591,Sarah Rosencrans,https://openalex.org/I8692664,University of Oklahoma,2010,2010,https://openalex.org/I8692664,2010,2010,University of Oklahoma,,,,
https://openalex.org/A5074198890,Peyman Hekmatpour,https://openalex.org/I8692664,University of Oklahoma,2017,2023,https://openalex.org/I8692664,2017,2023,Oklahoma State University at Tulsa,University of Oklahoma; University of Tehran,0000-0002-9391-8202,,
https://openalex.org/A5049912593,Nathan A. Dahl,https://openalex.org/I8692664,University of Oklahoma,2010,2024,https://openalex.org/I8692664,2010,2024,University of Oklahoma; NOAA Storm Prediction Center; Cooperative Institute for Mesoscale Meteorological Studies,University of Miami; NOAA National Weather Service,,,
https://openalex.org/A5113619053,D P Jacobson,https://openalex.org/I8692664,University of Oklahoma,2022,2022,https://openalex.org/I8692664,2022,2022,WinnMed; Mayo Clinic; Oklahoma City University; University of Oklahoma,Institute of Electrical and Electronics Engineers; Oregon Department of Fish and Wildlife; University of North Carolina at Chapel Hill; University Medical Center; University of Warwick; Wake Forest University; Atrium Health Wake Forest Baptist; Oregon State University,,,
https://openalex.org/A5035716030,Richard R. Sharp,https://openalex.org/I8692664,University of Oklahoma,2000,2019,https://openalex.org/I8692664,2000,2019,IC Independent Consulting (Australia); Mayo Clinic in Florida; Mayo Clinic; WinnMed,Center for Genomic Science; AT&T (United States); Children's Hospital & Medical Center; Intel (United Kingdom); National Human Genome Research Institute; Mentor; University School; Quantitative BioSciences; National Institute of Environmental Health Sciences; Oglethorpe University; Intel (United States); Christiani; Duke University; Département d'Informatique; Bridge University; Utrecht University; Boston Children's Hospital; Cal Humanities; BioElectronics (United States); University of Oklahoma Health Sciences Center; University of Cambridge; University of Oklahoma; Princeton University; St. Lawrence University; Children's Hospital of Philadelphia; University of Miami; Citrix (United Kingdom); École Normale Supérieure - PSL; Mayo Clinic in Arizona; University of Wisconsin–Madison; Citrix (Switzerland); The Ohio State University; National Heart Lung and Blood Institute; University of Michigan; Presidential Executive Office; Cincinnati Children's Hospital Medical Center; Richmond University Medical Center; Karlsruhe University of Education; Stanford University; Adelphi Group (United Kingdom); Issues Research; Case Western Reserve University; University of Colorado Denver; Cornell University; National Institutes of Health; University of Warwick; Cobham (United Kingdom); Machine Science; National Biomedical Research Ethics Council; London South Bank University; General Department of Preventive Medicine; Ethics and Public Policy Center; Oklahoma Medical Research Foundation; OU Health Stephenson Cancer Center; Baylor College of Medicine; Office of the Director; Cleveland Eye Clinic; University of Colorado Health; Columbia University; Bioethics International; Children’s Institute; Deutsche Nationalbibliothek; Translational Research Institute; Cleveland Clinic; Cleveland Clinic Lerner College of Medicine,0000-0001-5441-2084,,
https://openalex.org/A5101578526,Zhongxing Zhou,https://openalex.org/I8692664,University of Oklahoma,2015,2015,https://openalex.org/I8692664,2015,2015,Mayo Clinic; Cedars-Sinai Medical Center; WinnMed; Mayo Clinic in Arizona,"Changsha University of Science and Technology; University of Oklahoma; Tsinghua University; China National Petroleum Corporation (China); Urumqi Vocational University; Tianjin University; State Key Laboratory of Gas Disaster Detecting, Preventing and Emergency Controlling; Tulane University; University of Michigan",0000-0003-1935-2762,,
https://openalex.org/A5110405971,Parchman Ml,https://openalex.org/I8692664,University of Oklahoma,1991,1991,https://openalex.org/I8692664,1991,1991,University of Oklahoma,,,,
https://openalex.org/A5010336243,D. L. Lekia,https://openalex.org/I8692664,University of Oklahoma,1990,1990,https://openalex.org/I8692664,1990,1990,University of Oklahoma,,,,
https://openalex.org/A5004161692,Janet Mills Ragan,https://openalex.org/I8692664,University of Oklahoma,1982,1982,https://openalex.org/I8692664,1982,1982,University of Oklahoma,,,,
https://openalex.org/A5068984684,Forrest R. Rodgers,https://openalex.org/I8692664,University of Oklahoma,2012,2012,https://openalex.org/I8692664,2012,2012,University of Wisconsin–River Falls,University of Oklahoma,,,
https://openalex.org/A5100670142,Huiyu Wang,https://openalex.org/I8692664,University of Oklahoma,2018,2018,https://openalex.org/I8692664,2018,2018,Fraunhofer Institute for Cognitive Systems; Qingdao Huanghai University; Qingdao University of Science and Technology; Meta (United States),Dalian Maritime University; Ministry of Industry and Information Technology; Qiqihar Medical University; Johns Hopkins University; Shanghai Jiao Tong University; Chinese Academy of Inspection and Quarantine; Network Technologies (United States); Liaoning Meteorological Bureau; Northeast Electric Power University; Harbin Institute of Technology; University of Oklahoma; Heilongjiang Institute of Technology; Nanjing Institute of Technology; Changchun University; Northeastern University; Shandong University; East University Of Heilongjiang; Shandong University of Science and Technology; Southeast University; Nanjing University of Science and Technology,0000-0002-6622-3579,,
https://openalex.org/A5078346797,Xuhua He,https://openalex.org/I8692664,University of Oklahoma,1997,1997,https://openalex.org/I8692664,1997,1997,Guizhou University,University of Oklahoma; Oklahoma Medical Research Foundation; Saint Louis University; Lund University; University of New Mexico; Malmö University; National Institutes of Health; Howard Hughes Medical Institute; University of Oklahoma Health Sciences Center,,,
https://openalex.org/A5021504206,B. Mirtsching,https://openalex.org/I8692664,University of Oklahoma,2006,2006,https://openalex.org/I8692664,2006,2006,,Hematology Oncology Associates; Mount Sinai Hospital; Baylor University; Mercy Medical Center; Amgen (United States); Rocky Mountain Cancer Centers; Hematology & Oncology Consultants; SWOG Cancer Research Network; Memorial Sloan Kettering Cancer Center; Dana-Farber Cancer Institute; Creighton University; Columbus Regional Healthcare System; USC Norris Comprehensive Cancer Center; The Barbara Ann Karmanos Cancer Institute; Metro-Minnesota Community Oncology Research Consortium; Northwest Medical Specialties; The University of Texas MD Anderson Cancer Center; Joliet Oncology-Hematology Associates; Medical City Dallas Hospital; Mercy Hospital; Universitair Ziekenhuis Leuven; University of Oklahoma; Regional Cancer Center; University of Oklahoma Health Sciences Center; Rush University Medical Center; Oncology Specialists; Lakeland Regional Medical Center,,,
https://openalex.org/A5040928060,Lauren A. Zenewicz,https://openalex.org/I8692664,University of Oklahoma,2016,2018,https://openalex.org/I8692664,2016,2018,University of Oklahoma Health Sciences Center,Yale University; University of Oklahoma; Howard Hughes Medical Institute; Colorado State University; Tufts University; University of Pennsylvania,0000-0002-8787-5955,,
https://openalex.org/A5113807785,Allison Douglas,https://openalex.org/I8692664,University of Oklahoma,2020,2020,https://openalex.org/I8692664,2020,2020,,University of Oklahoma,,,
https://openalex.org/A5033760527,Michael Brantley,https://openalex.org/I8692664,University of Oklahoma,2014,2014,https://openalex.org/I8692664,2014,2014,University of Oklahoma; University of Tulsa,,,,
https://openalex.org/A5112501094,Elizabeth Peters,https://openalex.org/I8692664,University of Oklahoma,2019,2019,https://openalex.org/I8692664,2019,2019,,Meriter Hospital; University of Manitoba; University of Oklahoma; Cornell University; Individual Differences,,,
https://openalex.org/A5028178219,R. C. Sonnenschein,https://openalex.org/I8692664,University of Oklahoma,1988,1988,https://openalex.org/I8692664,1988,1988,University of Tulsa; University of Oklahoma,,,,
https://openalex.org/A5093784020,Janet D. Gaskins,https://openalex.org/I8692664,University of Oklahoma,1998,1998,https://openalex.org/I8692664,1998,1998,University of Oklahoma; Oklahoma State University; Abbott Fund,,,,
https://openalex.org/A5055268819,Elmer H. Davidson,https://openalex.org/I8692664,University of Oklahoma,1968,1968,https://openalex.org/I8692664,1968,1968,University of North Carolina at Chapel Hill,Pennsylvania State University; University of Oklahoma; Oklahoma City University; University of North Carolina Wilmington,,,
https://openalex.org/A5073067486,P. L. MacKeen,https://openalex.org/I8692664,University of Oklahoma,1998,1999,https://openalex.org/I8692664,1998,1999,NOAA National Severe Storms Laboratory; Cooperative Institute for Mesoscale Meteorological Studies; University of Oklahoma; National Oceanic and Atmospheric Administration,,,,
https://openalex.org/A5111884380,John D. Pigott,https://openalex.org/I8692664,University of Oklahoma,1982,1982,https://openalex.org/I8692664,1982,1982,University of Oklahoma,,,,
https://openalex.org/A5059910260,Jason Gainous,https://openalex.org/I8692664,University of Oklahoma,2023,2023,https://openalex.org/I8692664,2023,2023,University of Sharjah; KIMEP University,Duke Kunshan University; Texas Christian University; Texas A&M University; University of Puerto Rico at Río Piedras; University of Oklahoma; University of Louisville Hospital; Southern Illinois University Carbondale; Florida Atlantic University; University of Louisville; University of Puerto Rico System; University of Southern Mississippi; University of Florida,0000-0002-3104-2313,,
https://openalex.org/A5063285749,O. H. Rundell,https://openalex.org/I8692664,University of Oklahoma,1975,1979,https://openalex.org/I8692664,1975,1979,,Baptist Medical Center Jacksonville; Oklahoma State University; INTEGRIS Baptist Medical Center; United States Department of State; Oklahoma Department of Mental Health and Substance Abuse Services; University of Oklahoma; University of Oklahoma Health Sciences Center; Presbyterian Hospital,,,
https://openalex.org/A5108614287,R. A. Winholtz,https://openalex.org/I8692664,University of Oklahoma,2012,2012,https://openalex.org/I8692664,2012,2012,University of Missouri,Indiana University; Northwestern University; Northwestern University; University of Twente; University of Nebraska–Lincoln; Columbia College - Missouri; University of Oklahoma,,,
https://openalex.org/A5010570216,Kimberly McCullor,https://openalex.org/I8692664,University of Oklahoma,2015,2016,https://openalex.org/I8692664,2015,2016,Michigan Department of Health and Human Services,University of Oklahoma; University of Oklahoma Health Sciences Center,,,
https://openalex.org/A5040035542,Jessica E. Ruyle,https://openalex.org/I8692664,University of Oklahoma,2012,2025,https://openalex.org/I8692664,2012,2025,Radar (United States); University of Oklahoma,University of Illinois Urbana-Champaign,0000-0002-7154-8183,,
https://openalex.org/A5113509617,KM Weiss,https://openalex.org/I8692664,University of Oklahoma,1994,1994,https://openalex.org/I8692664,1994,1994,Pennsylvania State University; University of Oklahoma,,,,
https://openalex.org/A5086635063,Gabriel Bromley,https://openalex.org/I8692664,University of Oklahoma,2022,2024,https://openalex.org/I8692664,2022,2024,University of Oklahoma,University of Wisconsin–Madison; Pennsylvania State University; NSF National Center for Atmospheric Research; Montana State University,0000-0002-4497-1058,,
https://openalex.org/A5016225548,Kent H. Knopfmeier,https://openalex.org/I8692664,University of Oklahoma,2010,2025,https://openalex.org/I8692664,2010,2025,NOAA National Severe Storms Laboratory; University of Oklahoma; Cooperative Institute for Mesoscale Meteorological Studies,National Oceanic and Atmospheric Administration; Purdue University West Lafayette; NOAA Earth System Research Laboratory; Science Systems and Applications (United States); Pennsylvania State University; Langley Research Center,,,
https://openalex.org/A5087346010,W. K. Liu,https://openalex.org/I8692664,University of Oklahoma,1996,1997,https://openalex.org/I8692664,1996,1997,University of Oklahoma,,,,
https://openalex.org/A5113881984,C. Davis,https://openalex.org/I8692664,University of Oklahoma,2005,2013,https://openalex.org/I8692664,2005,2013,,University of Oklahoma; Georgia Southern University,,,
https://openalex.org/A5024274912,Robert A. Gearheart,https://openalex.org/I8692664,University of Oklahoma,1969,1969,https://openalex.org/I8692664,1969,1969,Cal Poly Humboldt,University of Oklahoma,,,
https://openalex.org/A5031973567,Wei Cai,https://openalex.org/I8692664,University of Oklahoma,1994,1994,https://openalex.org/I8692664,1994,1994,Guangdong Medical College,"Beijing Normal University; University of Nottingham Ningbo China; China Academy of Space Technology; Krirk University; Xi'an High Tech University; Shenzhen University; University of Hawaiʻi at Mānoa; Xidian University; Beijing Microelectronics Technology Institute; University of California, Irvine; Guangxi Transportation Research Institute; Irkutsk State University; Institute of Psychology, Chinese Academy of Sciences; North China Electric Power University; Ningbo University; University of Macau; University of California System; Chinese Academy of Sciences; Raffles Institution; Southwest University; CITIC Group (China); University of Oklahoma; Renmin University of China",0000-0002-8428-4236,,
https://openalex.org/A5101566068,Hong Liu,https://openalex.org/I8692664,University of Oklahoma,2010,2017,https://openalex.org/I8692664,2010,2017,Second Military Medical University,"Sichuan University; Guangzhou Blood Center; 82th Hospital of Pla; Jiangxi University of Traditional Chinese Medicine; University Medical Center Groningen; Nebraska Medical Center; Lifespan; University of Oklahoma; State Key Laboratory of Digital Medical Engineering; Beihang University; Inner Mongolia University of Science and Technology; Stanford Blood Center; Merck & Co., Inc., Rahway, NJ, USA (United States); Xichang University; West China Hospital of Sichuan University; Chinese Academy of Tropical Agricultural Sciences; Peking University; Southeast University; Soochow University; Renmin Hospital of Wuhan University; Nantong University; Shandong Provincial Hospital; University of Florida; Ministry of Culture; Wageningen University & Research; Rhode Island Hospital; Affiliated Hospital of Nantong University; Sun Yat-sen University; China Tobacco Guangxi Industrial (China); Tianjin International Joint Academy of Biomedicine; Nanjing University; Army Medical University; Second Hospital of Shandong University; Qingdao University; The University of Texas Medical Branch at Galveston; University of Groningen; Guangzhou Experimental Station; Gaozhou People's Hospital; China-Japan Friendship Hospital; Southwest Hospital; Wuhan Institute of Technology; The First Affiliated Hospital, Sun Yat-sen University; Jiamusi University; Quzhou City People's Hospital; First Affiliated Hospital of Soochow University",0000-0002-7320-0260,,
https://openalex.org/A5068819872,William R. Cotton,https://openalex.org/I8692664,University of Oklahoma,1998,1998,https://openalex.org/I8692664,1998,1998,Colorado State University,"University of California, Los Angeles; University of Manchester; Bridge University; NSF National Center for Atmospheric Research; University at Albany, State University of New York; Georgetown University; Cooperative Institute for Research in Environmental Sciences; University of Wisconsin–Madison; ASTER; National Oceanic and Atmospheric Administration; Microscale (United States); American Meteorological Society; NOAA National Severe Storms Laboratory; University of Illinois Urbana-Champaign; Walter Reed National Military Medical Center; Florida State University; Royal Netherlands Meteorological Institute; Goddard Space Flight Center; American Dental Association; University of Northern Colorado; Cooperative Institute for Mesoscale Meteorological Studies; Woods Hole Oceanographic Institution; Cotton (United States); University of Oklahoma; North Colorado Medical Center Foundation; American Academy of Pediatrics; University of Colorado System; Naval Medical Research Command",0000-0001-7474-4238,,
https://openalex.org/A5091132307,Tomoyoshi Mishima,https://openalex.org/I8692664,University of Oklahoma,2021,2021,https://openalex.org/I8692664,2021,2021,Hosei University,University of Fukui; Takamatsu University; University of Oklahoma; Tokyo Institute of Technology; Saitama University; The Nakamura Hajime Eastern Institute; Kagawa University; Hokkaido University; Hitachi (United States); Micron (United States); Philips (Netherlands); Yokogawa Electric (Japan); Hitachi (Japan); NXP (Netherlands); In-Q-Tel; Toyohashi University of Technology,0000-0002-1332-1351,,
https://openalex.org/A5043908599,Alise Dabdoub,https://openalex.org/I8692664,University of Oklahoma,2021,2021,https://openalex.org/I8692664,2021,2021,,University of Oklahoma; Hogan Lovells (United States),0000-0002-6199-5190,,
https://openalex.org/A5069754030,Piyamas Roberson,https://openalex.org/I8692664,University of Oklahoma,2013,2013,https://openalex.org/I8692664,2013,2013,University of Oklahoma,,,,
https://openalex.org/A5048419920,Yang Hong,https://openalex.org/I8692664,University of Oklahoma,2007,2025,https://openalex.org/I8692664,2007,2025,"University of Oklahoma; Tianjin University; Shanghai University of Engineering Science; Beijing Academy of Agricultural and Forestry Sciences; Chinese Academy of Fishery Sciences; Southwest Petroleum University; Zhanjiang Experimental Station; Tsinghua University; Southwestern University of Finance and Economics; University of North Carolina at Chapel Hill; University of California, Irvine; Xi'an University of Science and Technology; NOAA National Weather Service","Heritage Christian University; Shanghai CASB Biotechnology (China); Qingdao University; Shunde Polytechnic; Chongqing University of Technology; Hebei Agricultural University; Shanghai Ocean University; China XD Group (China); China Earthquake Administration; Institute of Applied Ecology; Radar (United States); Chinese Academy of Medical Sciences & Peking Union Medical College; Caelum Research Corporation (United States); Shaanxi Normal University; State Key Laboratory of New Ceramics and Fine Processing; South China Agricultural University; ORCID; NOAA National Environmental Satellite Data and Information Service; State Key Laboratory of Hydrology-Water Resources and Hydraulic Engineering; The Aerospace Corporation; Zhaotong University; Goddard Space Flight Center; Chinese University of Hong Kong; University of Basel; Xinjiang University; ETH Zurich; Henan Normal University; Xidian University; Harbin Institute of Technology; Texas College; Zhejiang Sci-Tech University; University of Arizona; Peking University; Chinese Academy of Sciences; Chengdu University of Technology; Shandong University; Texas A&M University; Suzhou Vocational University; Fiat Chrysler Automobiles (United States); Central China Normal University; Wuhan Botanical Garden; Dana (United States); University of Michigan; NOAA National Severe Storms Laboratory; Northeast Normal University; Irvine University; Yunnan Agricultural University; McMaster University; Commercial Aircraft Corporation of China (China); Nanjing University; Brown University; University of Maryland, Baltimore County; Tibet University; University of Oslo; The University of Sydney; Wuxi Institute of Technology; Swiss Federal Institute of Aquatic Science and Technology; Beijing Center for Disease Prevention and Control; Southeast University; Applied Radar (United States); Centre of Natural Hazards and Disaster Science; Ministry of Culture; North China Electric Power University; State Key Laboratory of Remote Sensing Science; Cooperative Institute for Mesoscale Meteorological Studies; Emory University; The University of Osaka; Jiaozuo University; University of Electronic Science and Technology of China; Zhumadian Central Hospital; Shaanxi Research Association for Women and Family; Horological Research Institute of Light Industry; Laboratoire Eau, Environnement et Systèmes Urbains; Bryant University; Colorado State University; Guangxi University; China West Normal University; Tongji University; Chengdu University of Traditional Chinese Medicine; Norwegian Institute of Bioeconomy Research",0000-0001-8720-242X,,
https://openalex.org/A5048124307,Seamus Freyne,https://openalex.org/I8692664,University of Oklahoma,2005,2020,https://openalex.org/I8692664,2005,2020,Mississippi State University,University of Oklahoma; Johns Hopkins University; University of Arkansas at Fayetteville; Walker (United States); Tulane University; Manhattan College; University of Colorado Denver,0000-0003-0756-3060,,
https://openalex.org/A5025407216,Tracey Winning,https://openalex.org/I8692664,University of Oklahoma,2016,2016,https://openalex.org/I8692664,2016,2016,The University of Adelaide,University of New England; University of Oklahoma; Riyadh Armed Forces Hospital; The University of Queensland; Inverclyde Royal Hospital,0000-0001-7684-3168,,
https://openalex.org/A5043954796,Carl Grant,https://openalex.org/I8692664,University of Oklahoma,2013,2020,https://openalex.org/I8692664,2013,2020,University of Oklahoma,Oklahoma Department of Libraries,0000-0003-0013-3455,,
https://openalex.org/A5089422462,Sara Jo Nixon,https://openalex.org/I8692664,University of Oklahoma,1981,2000,https://openalex.org/I8692664,1981,2000,University of Florida; The University of Texas at Austin,"GTx (United States); Cambridge University Press; Florida College; International Society of Nephrology; University of Oklahoma Medical Center; MSD K.K. (Japan); University of California, Los Angeles; San Francisco VA Medical Center; University of Oklahoma; University of California, San Diego; University of California, San Francisco; University of Kentucky; Lynn Health Science Institute; Washington University in St. Louis; Oklahoma City VA Medical Center; Foundation for Alcohol Research; Krankenhaus Salem; University of Oklahoma Health Sciences Center; Robert Bosch Hospital; Health Services Center; Johns Hopkins University; University of Hohenheim; Texas State University; The University of Texas Southwestern Medical Center; Utrecht University; Lynn University; Allen Institute for Brain Science",0000-0003-1179-2851,,
https://openalex.org/A5018543474,J. Clark Lane,https://openalex.org/I8692664,University of Oklahoma,1976,1976,https://openalex.org/I8692664,1976,1976,,University of Oklahoma,,,
https://openalex.org/A5064868125,Donald Plouff,https://openalex.org/I8692664,University of Oklahoma,2006,2006,https://openalex.org/I8692664,2006,2006,United States Geological Survey; Purdue University West Lafayette; Fugro (United States); University of Alaska Fairbanks; University of Oklahoma,Sierra Nevada Corporation (United States); United States Department of the Interior; University of Alaska System; Menlo School; Pacific Island Ecosystems Research Center; Denver Federal Center; United States Naval Research Laboratory; Geophysical Center; United States Navy,,,
https://openalex.org/A5033398343,Jizhong Zhou,https://openalex.org/I8692664,University of Oklahoma,2025,2025,https://openalex.org/I8692664,2025,2025,University of Oklahoma,China Agricultural University,,,
https://openalex.org/A5018284217,Rebecca Maldonado,https://openalex.org/I8692664,University of Oklahoma,2021,2021,https://openalex.org/I8692664,2021,2021,University of Oklahoma,,,,
https://openalex.org/A5057046905,L.J. Mignogna,https://openalex.org/I8692664,University of Oklahoma,2012,2012,https://openalex.org/I8692664,2012,2012,Saint Francis University; University of Arkansas at Fayetteville; University of Oklahoma,,,,
