author_id,name,institution_id,institution_name,year_start,year_end,orcid
https://openalex.org/A5117152269,Larahn E. Frazier,https://openalex.org/I8692664,University of Oklahoma,2025,2025,
https://openalex.org/A5066917659,Mary Lawler,https://openalex.org/I130828816,University of Leeds,2010,2012,0000-0002-0106-5418
https://openalex.org/A5066917659,Mary Lawler,https://openalex.org/I185852735,University of Central Lancashire,2020,2020,0000-0002-0106-5418
https://openalex.org/A5066917659,Mary Lawler,https://openalex.org/I111979921,Northwestern University,1996,1996,0000-0002-0106-5418
https://openalex.org/A5066917659,Mary Lawler,https://openalex.org/I8692664,University of Oklahoma,1993,1997,0000-0002-0106-5418
https://openalex.org/A5066917659,Mary Lawler,https://openalex.org/I919571938,The University of Texas Health Science Center at Houston,1992,1992,0000-0002-0106-5418
https://openalex.org/A5066917659,Mary Lawler,https://openalex.org/I71422933,Sheffield Hallam University,2022,2022,0000-0002-0106-5418
https://openalex.org/A5066917659,Mary Lawler,https://openalex.org/I4210117869,Greenfield Research (Canada),1993,1993,0000-0002-0106-5418
https://openalex.org/A5066917659,Mary Lawler,https://openalex.org/I2799360002,Greenfield Community College,1993,1993,0000-0002-0106-5418
https://openalex.org/A5066917659,Mary Lawler,https://openalex.org/I27253931,Oklahoma City University,1993,1993,0000-0002-0106-5418
https://openalex.org/A5000743849,Mohammed Bouhiyate,https://openalex.org/I8692664,University of Oklahoma,2005,2005,
https://openalex.org/A5061360353,Rudolf Kaltenboeck,https://openalex.org/I2916638547,Austro Control (Austria),2012,2017,
https://openalex.org/A5061360353,Rudolf Kaltenboeck,https://openalex.org/I194601409,Cooperative Institute for Mesoscale Meteorological Studies,2012,2012,
https://openalex.org/A5061360353,Rudolf Kaltenboeck,https://openalex.org/I190249584,Universität Innsbruck,2012,2014,
https://openalex.org/A5061360353,Rudolf Kaltenboeck,https://openalex.org/I8692664,University of Oklahoma,2012,2012,
https://openalex.org/A5002622373,Janet R. Sullivan,https://openalex.org/I161057412,University of New Hampshire,1990,2025,
https://openalex.org/A5002622373,Janet R. Sullivan,https://openalex.org/I8692664,University of Oklahoma,1983,1984,
https://openalex.org/A5002622373,Janet R. Sullivan,https://openalex.org/I4210140135,Rocky Mountain Research Station,2003,2003,
https://openalex.org/A5002622373,Janet R. Sullivan,https://openalex.org/I4210156316,Rocky Mountain Research (United States),2003,2003,
https://openalex.org/A5002622373,Janet R. Sullivan,https://openalex.org/I4210149506,American Express (United States),2003,2003,
https://openalex.org/A5002622373,Janet R. Sullivan,https://openalex.org/I859038795,Virginia Tech,1998,1998,
https://openalex.org/A5002622373,Janet R. Sullivan,https://openalex.org/I130828816,University of Leeds,2004,2004,
https://openalex.org/A5002622373,Janet R. Sullivan,https://openalex.org/I6750721,University of Montana,1989,1989,
https://openalex.org/A5115604391,Michael P. Murphy,https://openalex.org/I4210146710,Mayo Clinic in Florida,2000,2004,0000-0003-3079-0659
https://openalex.org/A5115604391,Michael P. Murphy,https://openalex.org/I2802423016,WinnMed,2000,2000,0000-0003-3079-0659
https://openalex.org/A5115604391,Michael P. Murphy,https://openalex.org/I2801572250,Jacksonville College,2000,2004,0000-0003-3079-0659
https://openalex.org/A5115604391,Michael P. Murphy,https://openalex.org/I4394709130,Indiana University School of Medicine,2007,2025,0000-0003-3079-0659
https://openalex.org/A5115604391,Michael P. Murphy,https://openalex.org/I592451,Indiana University,2008,2024,0000-0003-3079-0659
https://openalex.org/A5115604391,Michael P. Murphy,https://openalex.org/I308582824,Murphy Oil Corporation (United States),2009,2012,0000-0003-3079-0659
https://openalex.org/A5115604391,Michael P. Murphy,https://openalex.org/I55769427,Indiana University – Purdue University Indianapolis,2007,2025,0000-0003-3079-0659
https://openalex.org/A5115604391,Michael P. Murphy,https://openalex.org/I143302722,University of Kentucky,2008,2024,0000-0003-3079-0659
https://openalex.org/A5115604391,Michael P. Murphy,https://openalex.org/I4210110049,Richard L. Roudebush VA Medical Center,2016,2020,0000-0003-3079-0659
https://openalex.org/A5115604391,Michael P. Murphy,https://openalex.org/I1283055418,Indiana University Health,2016,2020,0000-0003-3079-0659
https://openalex.org/A5115604391,Michael P. Murphy,https://openalex.org/I4210143899,Center for Vascular Biology Research,2016,2016,0000-0003-3079-0659
https://openalex.org/A5115604391,Michael P. Murphy,https://openalex.org/I8692664,University of Oklahoma,2005,2005,0000-0003-3079-0659
https://openalex.org/A5115604391,Michael P. Murphy,https://openalex.org/I2802740592,Riley Hospital for Children,2017,2017,0000-0003-3079-0659
https://openalex.org/A5115604391,Michael P. Murphy,https://openalex.org/I4210136807,Renaissance Sciences Corporation (United States),2010,2010,0000-0003-3079-0659
https://openalex.org/A5115604391,Michael P. Murphy,https://openalex.org/I4210119109,Indiana University Bloomington,2016,2016,0000-0003-3079-0659
https://openalex.org/A5115604391,Michael P. Murphy,https://openalex.org/I241749,University of Cambridge,2025,2025,0000-0003-3079-0659
https://openalex.org/A5115604391,Michael P. Murphy,https://openalex.org/I79266365,MRC Mitochondrial Biology Unit,2025,2025,0000-0003-3079-0659
https://openalex.org/A5115604391,Michael P. Murphy,https://openalex.org/I1283280774,Brigham and Women's Hospital,1997,1998,0000-0003-3079-0659
https://openalex.org/A5115604391,Michael P. Murphy,https://openalex.org/I136199984,Harvard University,1997,1997,0000-0003-3079-0659
https://openalex.org/A5115604391,Michael P. Murphy,https://openalex.org/I4210153792,University School,2020,2020,0000-0003-3079-0659
https://openalex.org/A5089331217,John K. Carter,https://openalex.org/I165143802,University of Queensland,2012,2013,
https://openalex.org/A5089331217,John K. Carter,https://openalex.org/I8692664,University of Oklahoma,2006,2006,
https://openalex.org/A5089331217,John K. Carter,https://openalex.org/I194601409,Cooperative Institute for Mesoscale Meteorological Studies,2006,2006,
https://openalex.org/A5089331217,John K. Carter,https://openalex.org/I4210092927,NOAA National Severe Storms Laboratory,1975,2006,
https://openalex.org/A5007024655,R.D. Evans,https://openalex.org/I8692664,University of Oklahoma,1987,1987,
https://openalex.org/A5028943520,Binil Starly,https://openalex.org/I8692664,University of Oklahoma,2007,2020,0000-0002-8527-1269
https://openalex.org/A5028943520,Binil Starly,https://openalex.org/I137902535,North Carolina State University,2015,2023,0000-0002-8527-1269
https://openalex.org/A5028943520,Binil Starly,https://openalex.org/I72816309,Drexel University,2003,2006,0000-0002-8527-1269
https://openalex.org/A5028943520,Binil Starly,https://openalex.org/I114027177,University of North Carolina at Chapel Hill,2016,2025,0000-0002-8527-1269
https://openalex.org/A5028943520,Binil Starly,https://openalex.org/I2801313472,North Central State College,2019,2021,0000-0002-8527-1269
https://openalex.org/A5028943520,Binil Starly,https://openalex.org/I55732556,Arizona State University,2023,2025,0000-0002-8527-1269
https://openalex.org/A5028943520,Binil Starly,https://openalex.org/I4210131205,UNC/NCSU Joint Department of Biomedical Engineering,2015,2018,0000-0002-8527-1269
https://openalex.org/A5028943520,Binil Starly,https://openalex.org/I91045830,Texas A&M University,2021,2021,0000-0002-8527-1269
https://openalex.org/A5028943520,Binil Starly,https://openalex.org/I4210128493,Middle East Studies Association of North America,2025,2025,0000-0002-8527-1269
https://openalex.org/A5113738941,S. Nichols,https://openalex.org/I8692664,University of Oklahoma,1979,1979,
https://openalex.org/A5017355813,T.V. Choudhary,https://openalex.org/I91045830,Texas A&M University,1999,2003,0000-0002-5871-9275
https://openalex.org/A5017355813,T.V. Choudhary,https://openalex.org/I24101674,ConocoPhillips (United States),2004,2011,0000-0002-5871-9275
https://openalex.org/A5017355813,T.V. Choudhary,https://openalex.org/I4210088781,Phillips 66 (United States),2004,2014,0000-0002-5871-9275
https://openalex.org/A5017355813,T.V. Choudhary,https://openalex.org/I3125981224,National Chemical Laboratory,1997,2006,0000-0002-5871-9275
https://openalex.org/A5017355813,T.V. Choudhary,https://openalex.org/I8692664,University of Oklahoma,2008,2008,0000-0002-5871-9275
https://openalex.org/A5017355813,T.V. Choudhary,https://openalex.org/I1343871089,Los Alamos National Laboratory,2003,2003,0000-0002-5871-9275
https://openalex.org/A5017355813,T.V. Choudhary,https://openalex.org/I154570441,"University of California, Santa Barbara",2003,2003,0000-0002-5871-9275
https://openalex.org/A5017355813,T.V. Choudhary,https://openalex.org/I4210113434,Sir Ganga Ram Hospital,2017,2017,0000-0002-5871-9275
https://openalex.org/A5017355813,T.V. Choudhary,https://openalex.org/I4210147366,St. Stephen’s Hospital,2007,2007,0000-0002-5871-9275
https://openalex.org/A5017355813,T.V. Choudhary,https://openalex.org/I51317819,Institute of Medical Sciences,2005,2005,0000-0002-5871-9275
https://openalex.org/A5017355813,T.V. Choudhary,https://openalex.org/I91357014,Banaras Hindu University,2005,2005,0000-0002-5871-9275
https://openalex.org/A5017355813,T.V. Choudhary,https://openalex.org/I162827531,Indian Institute of Technology Bombay,2017,2017,0000-0002-5871-9275
https://openalex.org/A5017355813,T.V. Choudhary,https://openalex.org/I4210165779,Army Hospital Research and Referral,2020,2020,0000-0002-5871-9275
https://openalex.org/A5017355813,T.V. Choudhary,https://openalex.org/I17972996,Vardhman Mahavir Medical College & Safdarjung Hospital,2020,2020,0000-0002-5871-9275
https://openalex.org/A5017355813,T.V. Choudhary,https://openalex.org/I36909309,National Institute of Technology Hamirpur,2024,2024,0000-0002-5871-9275
https://openalex.org/A5017355813,T.V. Choudhary,https://openalex.org/I4210131230,Philips (United States),2004,2004,0000-0002-5871-9275
https://openalex.org/A5017355813,T.V. Choudhary,https://openalex.org/I162030827,Thapar Institute of Engineering & Technology,2025,2025,0000-0002-5871-9275
https://openalex.org/A5017355813,T.V. Choudhary,https://openalex.org/I207223250,Indian Institute of Information Technology Design and Manufacturing Jabalpur,2024,2024,0000-0002-5871-9275
https://openalex.org/A5017355813,T.V. Choudhary,https://openalex.org/I1329325741,Philips (Finland),2014,2014,0000-0002-5871-9275
https://openalex.org/A5017355813,T.V. Choudhary,https://openalex.org/I307255591,Max Healthcare,2020,2020,0000-0002-5871-9275
https://openalex.org/A5017355813,T.V. Choudhary,https://openalex.org/I4210149275,Public Works Department Buildings and Roads,2020,2020,0000-0002-5871-9275
https://openalex.org/A5111882319,Bradley Isom,https://openalex.org/I8692664,University of Oklahoma,2012,2016,
https://openalex.org/A5111882319,Bradley Isom,https://openalex.org/I4210145244,Radar (United States),2012,2016,
https://openalex.org/A5111882319,Bradley Isom,https://openalex.org/I142606810,Pacific Northwest National Laboratory,2016,2019,
https://openalex.org/A5111882319,Bradley Isom,https://openalex.org/I63855395,Missouri Western State University,2015,2015,
https://openalex.org/A5111882319,Bradley Isom,https://openalex.org/I4210116096,University of Pittsburgh at Titusville,2022,2022,
https://openalex.org/A5111882319,Bradley Isom,https://openalex.org/I4210154505,Tomorrows Children’s Fund,2025,2025,
https://openalex.org/A5088036495,Brandon Curd,https://openalex.org/I4210124175,Center for Astrophysics Harvard & Smithsonian,2017,2025,0000-0002-8650-0879
https://openalex.org/A5088036495,Brandon Curd,https://openalex.org/I45438204,The University of Texas at San Antonio,2022,2025,0000-0002-8650-0879
https://openalex.org/A5088036495,Brandon Curd,https://openalex.org/I1313003366,Woodwell Climate Research Center,2022,2025,0000-0002-8650-0879
https://openalex.org/A5088036495,Brandon Curd,https://openalex.org/I136199984,Harvard University,2017,2025,0000-0002-8650-0879
https://openalex.org/A5088036495,Brandon Curd,https://openalex.org/I8692664,University of Oklahoma,2015,2017,0000-0002-8650-0879
https://openalex.org/A5004620923,René M. Stulz,https://openalex.org/I52357470,The Ohio State University,1983,2025,0000-0003-2956-4806
https://openalex.org/A5004620923,René M. Stulz,https://openalex.org/I2799283415,Fisher College,1994,2025,0000-0003-2956-4806
https://openalex.org/A5004620923,René M. Stulz,https://openalex.org/I1321305853,National Bureau of Economic Research,1989,2025,0000-0003-2956-4806
https://openalex.org/A5004620923,René M. Stulz,https://openalex.org/I4210136188,European Corporate Governance Institute,1996,2025,0000-0003-2956-4806
https://openalex.org/A5004620923,René M. Stulz,https://openalex.org/I5388228,University of Rochester,1981,1982,0000-0003-2956-4806
https://openalex.org/A5004620923,René M. Stulz,https://openalex.org/I184565670,Georgetown University,2001,2012,0000-0003-2956-4806
https://openalex.org/A5004620923,René M. Stulz,https://openalex.org/I54157616,Swiss Finance Institute,2012,2020,0000-0003-2956-4806
https://openalex.org/A5004620923,René M. Stulz,https://openalex.org/I5124864,École Polytechnique Fédérale de Lausanne,2009,2020,0000-0003-2956-4806
https://openalex.org/A5004620923,René M. Stulz,https://openalex.org/I114832834,Tulane University,2012,2023,0000-0003-2956-4806
https://openalex.org/A5004620923,René M. Stulz,https://openalex.org/I8692664,University of Oklahoma,2005,2009,0000-0003-2956-4806
https://openalex.org/A5004620923,René M. Stulz,https://openalex.org/I223532165,University of Utah,2005,2009,0000-0003-2956-4806
https://openalex.org/A5004620923,René M. Stulz,https://openalex.org/I592451,Indiana University,2005,2009,0000-0003-2956-4806
https://openalex.org/A5004620923,René M. Stulz,https://openalex.org/I185261750,University of Toronto,2005,2020,0000-0003-2956-4806
https://openalex.org/A5004620923,René M. Stulz,https://openalex.org/I172675005,Nanyang Technological University,1997,2020,0000-0003-2956-4806
https://openalex.org/A5004620923,René M. Stulz,https://openalex.org/I79891267,Singapore Management University,2008,2018,0000-0003-2956-4806
https://openalex.org/A5004620923,René M. Stulz,https://openalex.org/I91045830,Texas A&M University,2005,2007,0000-0003-2956-4806
https://openalex.org/A5004620923,René M. Stulz,https://openalex.org/I138006243,University of Arizona,2005,2020,0000-0003-2956-4806
https://openalex.org/A5004620923,René M. Stulz,https://openalex.org/I126307644,University of Iowa,2007,2010,0000-0003-2956-4806
https://openalex.org/A5004620923,René M. Stulz,https://openalex.org/I1334329717,World Bank,2007,2010,0000-0003-2956-4806
https://openalex.org/A5004620923,René M. Stulz,https://openalex.org/I2613432,University of South Florida,2007,2010,0000-0003-2956-4806
https://openalex.org/A5004620923,René M. Stulz,https://openalex.org/I1174212,University of Southern California,2004,2016,0000-0003-2956-4806
https://openalex.org/A5004620923,René M. Stulz,https://openalex.org/I12912129,Northeastern University,2007,2010,0000-0003-2956-4806
https://openalex.org/A5004620923,René M. Stulz,https://openalex.org/I51556381,University of Virginia,2006,2010,0000-0003-2956-4806
https://openalex.org/A5004620923,René M. Stulz,https://openalex.org/I2800817003,Southern California University for Professional Studies,2007,2010,0000-0003-2956-4806
https://openalex.org/A5004620923,René M. Stulz,https://openalex.org/I58956616,Case Western Reserve University,2007,2010,0000-0003-2956-4806
https://openalex.org/A5004620923,René M. Stulz,https://openalex.org/I197817023,International Paper (United States),2003,2021,0000-0003-2956-4806
https://openalex.org/A5004620923,René M. Stulz,https://openalex.org/I43638361,Federal Reserve Bank of New York,2008,2008,0000-0003-2956-4806
https://openalex.org/A5004620923,René M. Stulz,https://openalex.org/I68415526,Federal Reserve Bank of Dallas,2008,2008,0000-0003-2956-4806
https://openalex.org/A5004620923,René M. Stulz,https://openalex.org/I139264467,Seoul National University,2004,2008,0000-0003-2956-4806
https://openalex.org/A5004620923,René M. Stulz,https://openalex.org/I32869367,Swiss National Bank,2002,2002,0000-0003-2956-4806
https://openalex.org/A5004620923,René M. Stulz,https://openalex.org/I4210167031,State Library of Ohio,2012,2012,0000-0003-2956-4806
https://openalex.org/A5004620923,René M. Stulz,https://openalex.org/I57206974,New York University,1993,1993,0000-0003-2956-4806
https://openalex.org/A5004620923,René M. Stulz,https://openalex.org/I2799798094,UCLA Health,1993,1993,0000-0003-2956-4806
https://openalex.org/A5004620923,René M. Stulz,https://openalex.org/I71209653,Bocconi University,2009,2015,0000-0003-2956-4806
https://openalex.org/A5004620923,René M. Stulz,https://openalex.org/I33213144,University of Florida,2001,2001,0000-0003-2956-4806
https://openalex.org/A5004620923,René M. Stulz,https://openalex.org/I97565354,University of Lausanne,2009,2010,0000-0003-2956-4806
https://openalex.org/A5004620923,René M. Stulz,https://openalex.org/I4210112098,National University,2006,2006,0000-0003-2956-4806
https://openalex.org/A5004620923,René M. Stulz,https://openalex.org/I165779595,University of Melbourne,2002,2003,0000-0003-2956-4806
https://openalex.org/A5004620923,René M. Stulz,https://openalex.org/I102248843,Vienna University of Economics and Business,2011,2011,0000-0003-2956-4806
https://openalex.org/A5004620923,René M. Stulz,https://openalex.org/I177725633,Chinese University of Hong Kong,1994,1994,0000-0003-2956-4806
https://openalex.org/A5004620923,René M. Stulz,https://openalex.org/I889458895,University of Hong Kong,1994,1994,0000-0003-2956-4806
https://openalex.org/A5004620923,René M. Stulz,https://openalex.org/I200769079,Hong Kong University of Science and Technology,1994,1994,0000-0003-2956-4806
https://openalex.org/A5004620923,René M. Stulz,https://openalex.org/I205783295,Cornell University,2011,2020,0000-0003-2956-4806
https://openalex.org/A5004620923,René M. Stulz,https://openalex.org/I14243506,Hong Kong Polytechnic University,2018,2018,0000-0003-2956-4806
https://openalex.org/A5004620923,René M. Stulz,https://openalex.org/I34771391,University of Cyprus,2018,2018,0000-0003-2956-4806
https://openalex.org/A5004620923,René M. Stulz,https://openalex.org/I1317239608,Federal Reserve,2012,2012,0000-0003-2956-4806
https://openalex.org/A5004620923,René M. Stulz,https://openalex.org/I100005738,Brigham Young University,2011,2012,0000-0003-2956-4806
https://openalex.org/A5004620923,René M. Stulz,https://openalex.org/I2802905149,Federal Reserve Board of Governors,2012,2012,0000-0003-2956-4806
https://openalex.org/A5004620923,René M. Stulz,https://openalex.org/I55732556,Arizona State University,2002,2002,0000-0003-2956-4806
https://openalex.org/A5004620923,René M. Stulz,https://openalex.org/I67415387,Lancaster University,2009,2023,0000-0003-2956-4806
https://openalex.org/A5004620923,René M. Stulz,https://openalex.org/I170201317,University of Pittsburgh,2007,2011,0000-0003-2956-4806
https://openalex.org/A5004620923,René M. Stulz,https://openalex.org/I2802198758,American Economic Association,2004,2004,0000-0003-2956-4806
https://openalex.org/A5004620923,René M. Stulz,https://openalex.org/I83978394,John Marshall Law School,2007,2007,0000-0003-2956-4806
https://openalex.org/A5004620923,René M. Stulz,https://openalex.org/I931278978,College of Business Administration,1999,1999,0000-0003-2956-4806
https://openalex.org/A5004620923,René M. Stulz,https://openalex.org/I197347611,Korea University,2016,2016,0000-0003-2956-4806
https://openalex.org/A5004620923,René M. Stulz,https://openalex.org/I193775966,Yonsei University,2016,2016,0000-0003-2956-4806
https://openalex.org/A5004620923,René M. Stulz,https://openalex.org/I49946491,Hyundai Motors (South Korea),2016,2016,0000-0003-2956-4806
https://openalex.org/A5004620923,René M. Stulz,https://openalex.org/I99041443,Mississippi State University,2017,2022,0000-0003-2956-4806
https://openalex.org/A5004620923,René M. Stulz,https://openalex.org/I4210100621,University of Fairfax,2008,2008,0000-0003-2956-4806
https://openalex.org/A5004620923,René M. Stulz,https://openalex.org/I34352273,Maastricht University,2008,2008,0000-0003-2956-4806
https://openalex.org/A5004620923,René M. Stulz,https://openalex.org/I39555362,University of Warwick,2018,2024,0000-0003-2956-4806
https://openalex.org/A5004620923,René M. Stulz,https://openalex.org/I114027177,University of North Carolina at Chapel Hill,2018,2024,0000-0003-2956-4806
https://openalex.org/A5004620923,René M. Stulz,https://openalex.org/I114090438,Goethe University Frankfurt,2014,2014,0000-0003-2956-4806
https://openalex.org/A5004620923,René M. Stulz,https://openalex.org/I24603500,University of Massachusetts Amherst,2014,2014,0000-0003-2956-4806
https://openalex.org/A5004620923,René M. Stulz,https://openalex.org/I83860666,HEC Paris,2013,2013,0000-0003-2956-4806
https://openalex.org/A5004620923,René M. Stulz,https://openalex.org/I4210138196,HEC Paris in Qatar,2013,2013,0000-0003-2956-4806
https://openalex.org/A5004620923,René M. Stulz,https://openalex.org/I103531236,Boston College,2013,2013,0000-0003-2956-4806
https://openalex.org/A5004620923,René M. Stulz,https://openalex.org/I111088046,Boston University,2013,2013,0000-0003-2956-4806
https://openalex.org/A5004620923,René M. Stulz,https://openalex.org/I913958620,Erasmus University Rotterdam,2013,2022,0000-0003-2956-4806
https://openalex.org/A5004620923,René M. Stulz,https://openalex.org/I84318336,Federal Reserve Bank of Kansas City,2021,2021,0000-0003-2956-4806
https://openalex.org/A5004620923,René M. Stulz,https://openalex.org/I118564535,University of Bern,2013,2013,0000-0003-2956-4806
https://openalex.org/A5004620923,René M. Stulz,https://openalex.org/I165932596,National University of Singapore,2008,2008,0000-0003-2956-4806
https://openalex.org/A5004620923,René M. Stulz,https://openalex.org/I98734588,Social Sciences and Humanities Research Council,2008,2008,0000-0003-2956-4806
https://openalex.org/A5004620923,René M. Stulz,https://openalex.org/I40347166,University of Chicago,2022,2022,0000-0003-2956-4806
https://openalex.org/A5004620923,René M. Stulz,https://openalex.org/I4210106879,Ohio University,2021,2024,0000-0003-2956-4806
https://openalex.org/A5004620923,René M. Stulz,https://openalex.org/I83328450,Miami University,2021,2021,0000-0003-2956-4806
https://openalex.org/A5004620923,René M. Stulz,https://openalex.org/I4210135897,ResearchWorks (United States),2008,2018,0000-0003-2956-4806
https://openalex.org/A5004620923,René M. Stulz,https://openalex.org/I201448701,University of Washington,1985,1985,0000-0003-2956-4806
https://openalex.org/A5004620923,René M. Stulz,https://openalex.org/I165733156,University of Georgia,2008,2008,0000-0003-2956-4806
https://openalex.org/A5004620923,René M. Stulz,https://openalex.org/I4210090584,Business Roundtable,2008,2008,0000-0003-2956-4806
https://openalex.org/A5004620923,René M. Stulz,https://openalex.org/I190082696,Durham University,2024,2024,0000-0003-2956-4806
https://openalex.org/A5004620923,René M. Stulz,https://openalex.org/I12379730,Poznań University of Economics and Business,2024,2024,0000-0003-2956-4806
https://openalex.org/A5103505937,Pankaj Jain,https://openalex.org/I94234084,Indian Institute of Technology Kanpur,1997,2018,
https://openalex.org/A5103505937,Pankaj Jain,https://openalex.org/I146416000,University of Kansas,1991,1997,
https://openalex.org/A5103505937,Pankaj Jain,https://openalex.org/I102117144,Banasthali University,2023,2023,
https://openalex.org/A5103505937,Pankaj Jain,https://openalex.org/I8692664,University of Oklahoma,1995,2013,
https://openalex.org/A5100610352,Weili Zhang,https://openalex.org/I50632499,Chongqing University of Technology,2021,2023,
https://openalex.org/A5100610352,Weili Zhang,https://openalex.org/I92403157,University of Science and Technology Beijing,2017,2020,
https://openalex.org/A5100610352,Weili Zhang,https://openalex.org/I4210111959,Shanghai Advanced Research Institute,2016,2016,
https://openalex.org/A5100610352,Weili Zhang,https://openalex.org/I19820366,Chinese Academy of Sciences,2016,2016,
https://openalex.org/A5100610352,Weili Zhang,https://openalex.org/I49934816,Hunan University of Technology,2014,2026,
https://openalex.org/A5100610352,Weili Zhang,https://openalex.org/I4210105529,Daqing Oilfield General Hospital,2020,2020,
https://openalex.org/A5100610352,Weili Zhang,https://openalex.org/I4387155657,Daqing Oilfield of CNPC,2020,2020,
https://openalex.org/A5100610352,Weili Zhang,https://openalex.org/I119273862,Central South University of Forestry and Technology,2013,2014,
https://openalex.org/A5100610352,Weili Zhang,https://openalex.org/I139660479,Central South University,2013,2014,
https://openalex.org/A5100610352,Weili Zhang,https://openalex.org/I4210098460,Shanghai University of Traditional Chinese Medicine,2020,2020,
https://openalex.org/A5100610352,Weili Zhang,https://openalex.org/I99065089,Tsinghua University,2024,2024,
https://openalex.org/A5100610352,Weili Zhang,https://openalex.org/I8692664,University of Oklahoma,2016,2016,
https://openalex.org/A5100610352,Weili Zhang,https://openalex.org/I136765683,Tianjin University of Technology,2025,2025,
https://openalex.org/A5100610352,Weili Zhang,https://openalex.org/I39333907,Yanshan University,2011,2011,
https://openalex.org/A5100610352,Weili Zhang,https://openalex.org/I25757504,China University of Mining and Technology,2011,2011,
https://openalex.org/A5100610352,Weili Zhang,https://openalex.org/I116953780,Tongji University,2018,2018,
https://openalex.org/A5100610352,Weili Zhang,https://openalex.org/I4210142748,Shandong Academy of Sciences,2026,2026,
https://openalex.org/A5033814175,Charles Courtemanche,https://openalex.org/I4210122617,Health Foundation,2020,2020,0000-0001-5422-5350
https://openalex.org/A5033814175,Charles Courtemanche,https://openalex.org/I143302722,University of Kentucky,2016,2025,0000-0001-5422-5350
https://openalex.org/A5033814175,Charles Courtemanche,https://openalex.org/I181565077,Georgia State University,2011,2021,0000-0001-5422-5350
https://openalex.org/A5033814175,Charles Courtemanche,https://openalex.org/I1321305853,National Bureau of Economic Research,2011,2024,0000-0001-5422-5350
https://openalex.org/A5033814175,Charles Courtemanche,https://openalex.org/I169335092,University of North Carolina at Greensboro,2007,2025,0000-0001-5422-5350
https://openalex.org/A5033814175,Charles Courtemanche,https://openalex.org/I197518295,IZA - Institute of Labor Economics,2017,2025,0000-0001-5422-5350
https://openalex.org/A5033814175,Charles Courtemanche,https://openalex.org/I4210142152,ORCID,2020,2020,0000-0001-5422-5350
https://openalex.org/A5033814175,Charles Courtemanche,https://openalex.org/I37415318,Bates College,2020,2020,0000-0001-5422-5350
https://openalex.org/A5033814175,Charles Courtemanche,https://openalex.org/I198089087,Ball State University,2020,2020,0000-0001-5422-5350
https://openalex.org/A5033814175,Charles Courtemanche,https://openalex.org/I64185308,University of Wisconsin–Oshkosh,2020,2020,0000-0001-5422-5350
https://openalex.org/A5033814175,Charles Courtemanche,https://openalex.org/I135310074,University of Wisconsin–Madison,2020,2020,0000-0001-5422-5350
https://openalex.org/A5033814175,Charles Courtemanche,https://openalex.org/I84392919,Temple University,2019,2020,0000-0001-5422-5350
https://openalex.org/A5033814175,Charles Courtemanche,https://openalex.org/I51556381,University of Virginia,2014,2021,0000-0001-5422-5350
https://openalex.org/A5033814175,Charles Courtemanche,https://openalex.org/I87216513,Michigan State University,2021,2024,0000-0001-5422-5350
https://openalex.org/A5033814175,Charles Courtemanche,https://openalex.org/I1293631320,American Institutes for Research,2021,2021,0000-0001-5422-5350
https://openalex.org/A5033814175,Charles Courtemanche,https://openalex.org/I32971472,Yale University,2021,2021,0000-0001-5422-5350
https://openalex.org/A5033814175,Charles Courtemanche,https://openalex.org/I162714631,George Mason University,2021,2024,0000-0001-5422-5350
https://openalex.org/A5033814175,Charles Courtemanche,https://openalex.org/I139924743,Bentley University,2021,2021,0000-0001-5422-5350
https://openalex.org/A5033814175,Charles Courtemanche,https://openalex.org/I4210155539,Impaq International (United States),2016,2019,0000-0001-5422-5350
https://openalex.org/A5033814175,Charles Courtemanche,https://openalex.org/I114832834,Tulane University,2017,2021,0000-0001-5422-5350
https://openalex.org/A5033814175,Charles Courtemanche,https://openalex.org/I140172145,University of Connecticut,2017,2017,0000-0001-5422-5350
https://openalex.org/A5033814175,Charles Courtemanche,https://openalex.org/I150468666,Emory University,2017,2017,0000-0001-5422-5350
https://openalex.org/A5033814175,Charles Courtemanche,https://openalex.org/I79576946,University of Pennsylvania,2017,2019,0000-0001-5422-5350
https://openalex.org/A5033814175,Charles Courtemanche,https://openalex.org/I75354592,Federal Trade Commission,2011,2014,0000-0001-5422-5350
https://openalex.org/A5033814175,Charles Courtemanche,https://openalex.org/I4210104270,McCormick (United States),2014,2015,0000-0001-5422-5350
https://openalex.org/A5033814175,Charles Courtemanche,https://openalex.org/I2802236040,University of Colorado System,2018,2018,0000-0001-5422-5350
https://openalex.org/A5033814175,Charles Courtemanche,https://openalex.org/I204465549,Washington University in St. Louis,2008,2008,0000-0001-5422-5350
https://openalex.org/A5033814175,Charles Courtemanche,https://openalex.org/I55769427,Indiana University – Purdue University Indianapolis,2016,2016,0000-0001-5422-5350
https://openalex.org/A5033814175,Charles Courtemanche,https://openalex.org/I126307644,University of Iowa,2015,2015,0000-0001-5422-5350
https://openalex.org/A5033814175,Charles Courtemanche,https://openalex.org/I142740786,University of Louisville,2014,2020,0000-0001-5422-5350
https://openalex.org/A5033814175,Charles Courtemanche,https://openalex.org/I4210135554,American Society of Health Economists,2014,2015,0000-0001-5422-5350
https://openalex.org/A5033814175,Charles Courtemanche,https://openalex.org/I39422238,University of Illinois Chicago,2015,2015,0000-0001-5422-5350
https://openalex.org/A5033814175,Charles Courtemanche,https://openalex.org/I1290095210,Bureau of Labor Statistics,2014,2020,0000-0001-5422-5350
https://openalex.org/A5033814175,Charles Courtemanche,https://openalex.org/I2802198758,American Economic Association,2017,2018,0000-0001-5422-5350
https://openalex.org/A5033814175,Charles Courtemanche,https://openalex.org/I83321563,Samford University,2011,2018,0000-0001-5422-5350
https://openalex.org/A5033814175,Charles Courtemanche,https://openalex.org/I171231263,Charleston Southern University,2011,2011,0000-0001-5422-5350
https://openalex.org/A5033814175,Charles Courtemanche,https://openalex.org/I122266389,University of Nebraska at Omaha,2011,2011,0000-0001-5422-5350
https://openalex.org/A5033814175,Charles Courtemanche,https://openalex.org/I117979880,Rhodes College,2011,2011,0000-0001-5422-5350
https://openalex.org/A5033814175,Charles Courtemanche,https://openalex.org/I204593131,College of Charleston,2011,2011,0000-0001-5422-5350
https://openalex.org/A5033814175,Charles Courtemanche,https://openalex.org/I145311948,Johns Hopkins University,2011,2011,0000-0001-5422-5350
https://openalex.org/A5033814175,Charles Courtemanche,https://openalex.org/I26538001,San Diego State University,2017,2024,0000-0001-5422-5350
https://openalex.org/A5033814175,Charles Courtemanche,https://openalex.org/I197817023,International Paper (United States),2018,2018,0000-0001-5422-5350
https://openalex.org/A5033814175,Charles Courtemanche,https://openalex.org/I107672454,Dartmouth College,2012,2012,0000-0001-5422-5350
https://openalex.org/A5033814175,Charles Courtemanche,https://openalex.org/I1335884394,Economic Research Service,2021,2021,0000-0001-5422-5350
https://openalex.org/A5033814175,Charles Courtemanche,https://openalex.org/I430192,Appalachian State University,2018,2018,0000-0001-5422-5350
https://openalex.org/A5033814175,Charles Courtemanche,https://openalex.org/I145402516,Hope College,2018,2018,0000-0001-5422-5350
https://openalex.org/A5033814175,Charles Courtemanche,https://openalex.org/I889315371,Agricultural & Applied Economics Association,2018,2018,0000-0001-5422-5350
https://openalex.org/A5033814175,Charles Courtemanche,https://openalex.org/I165733156,University of Georgia,2018,2018,0000-0001-5422-5350
https://openalex.org/A5033814175,Charles Courtemanche,https://openalex.org/I157725225,University of Illinois Urbana-Champaign,2018,2018,0000-0001-5422-5350
https://openalex.org/A5033814175,Charles Courtemanche,https://openalex.org/I4210163008,Columbia Global Center,2018,2018,0000-0001-5422-5350
https://openalex.org/A5033814175,Charles Courtemanche,https://openalex.org/I8078737,Clemson University,2018,2018,0000-0001-5422-5350
https://openalex.org/A5033814175,Charles Courtemanche,https://openalex.org/I61822063,ICF International (United States),2011,2011,0000-0001-5422-5350
https://openalex.org/A5033814175,Charles Courtemanche,https://openalex.org/I4210143137,University of Louisville Hospital,2013,2013,0000-0001-5422-5350
https://openalex.org/A5033814175,Charles Courtemanche,https://openalex.org/I162577319,The University of Texas at Dallas,2019,2019,0000-0001-5422-5350
https://openalex.org/A5033814175,Charles Courtemanche,https://openalex.org/I8692664,University of Oklahoma,2019,2019,0000-0001-5422-5350
https://openalex.org/A5033814175,Charles Courtemanche,https://openalex.org/I100191712,Pepperdine University,2016,2016,0000-0001-5422-5350
https://openalex.org/A5033814175,Charles Courtemanche,https://openalex.org/I4210131007,John Wiley & Sons (United States),2016,2016,0000-0001-5422-5350
https://openalex.org/A5033814175,Charles Courtemanche,https://openalex.org/I1330254920,Hudson Institute,2016,2016,0000-0001-5422-5350
https://openalex.org/A5033814175,Charles Courtemanche,https://openalex.org/I4210122455,Policy Analysis (United States),2016,2016,0000-0001-5422-5350
https://openalex.org/A5112794518,Affan Faisal,https://openalex.org/I8692664,University of Oklahoma,2025,2025,0009-0006-0819-5430
https://openalex.org/A5112794518,Affan Faisal,https://openalex.org/I24402780,Danylo Halytsky Lviv National Medical University,2025,2026,0009-0006-0819-5430
https://openalex.org/A5112794518,Affan Faisal,https://openalex.org/I2800160768,Lincoln County Hospital,2019,2019,0009-0006-0819-5430
https://openalex.org/A5112794518,Affan Faisal,https://openalex.org/I2803040662,United Lincolnshire Hospitals NHS Trust,2019,2019,0009-0006-0819-5430
https://openalex.org/A5112794518,Affan Faisal,https://openalex.org/I4210145659,Mayo Hospital,2025,2025,0009-0006-0819-5430
https://openalex.org/A5021325428,Tahrima B. Rouf,https://openalex.org/I219193219,Purdue University West Lafayette,2016,2024,0000-0001-7973-9008
https://openalex.org/A5021325428,Tahrima B. Rouf,https://openalex.org/I8692664,University of Oklahoma,2022,2024,0000-0001-7973-9008
https://openalex.org/A5021325428,Tahrima B. Rouf,https://openalex.org/I183697816,Bangladesh University of Engineering and Technology,2024,2024,0000-0001-7973-9008
https://openalex.org/A5021325428,Tahrima B. Rouf,https://openalex.org/I149744451,Valparaiso University,2024,2024,0000-0001-7973-9008
https://openalex.org/A5021325428,Tahrima B. Rouf,https://openalex.org/I4164984,International Islamic University Malaysia,2024,2024,0000-0001-7973-9008
https://openalex.org/A5060227660,Susan R. Copeland,https://openalex.org/I200719446,Vanderbilt University,2000,2004,0000-0001-7970-813X
https://openalex.org/A5060227660,Susan R. Copeland,https://openalex.org/I169521973,University of New Mexico,2004,2025,0000-0001-7970-813X
https://openalex.org/A5060227660,Susan R. Copeland,https://openalex.org/I117965899,University of Hawaiʻi at Mānoa,2020,2020,0000-0001-7970-813X
https://openalex.org/A5060227660,Susan R. Copeland,https://openalex.org/I184840846,Virginia Commonwealth University,2020,2020,0000-0001-7970-813X
https://openalex.org/A5060227660,Susan R. Copeland,https://openalex.org/I169335092,University of North Carolina at Greensboro,2020,2020,0000-0001-7970-813X
https://openalex.org/A5060227660,Susan R. Copeland,https://openalex.org/I191429286,Sam Houston State University,2020,2020,0000-0001-7970-813X
https://openalex.org/A5060227660,Susan R. Copeland,https://openalex.org/I8692664,University of Oklahoma,2020,2020,0000-0001-7970-813X
https://openalex.org/A5060227660,Susan R. Copeland,https://openalex.org/I267592682,Williams (United States),2020,2020,0000-0001-7970-813X
https://openalex.org/A5060227660,Susan R. Copeland,https://openalex.org/I196272386,Providence College,2020,2020,0000-0001-7970-813X
https://openalex.org/A5054079261,E. A. Grula,https://openalex.org/I115475287,Oklahoma State University,1960,1984,
https://openalex.org/A5054079261,E. A. Grula,https://openalex.org/I4210131712,Oklahoma State University Oklahoma City,1979,1979,
https://openalex.org/A5054079261,E. A. Grula,https://openalex.org/I143302722,University of Kentucky,1954,1954,
https://openalex.org/A5054079261,E. A. Grula,https://openalex.org/I4210141530,Keeneland Association,1954,1954,
https://openalex.org/A5054079261,E. A. Grula,https://openalex.org/I219193219,Purdue University West Lafayette,1954,1954,
https://openalex.org/A5054079261,E. A. Grula,https://openalex.org/I8692664,University of Oklahoma,1980,1980,
https://openalex.org/A5101530578,A. F. M. Mustafizur Rahman,https://openalex.org/I205746353,University of Dhaka,1984,2025,0000-0002-1712-3141
https://openalex.org/A5101530578,A. F. M. Mustafizur Rahman,https://openalex.org/I4399598384,Kyoto University Institute for Chemical Research,2010,2010,0000-0002-1712-3141
https://openalex.org/A5101530578,A. F. M. Mustafizur Rahman,https://openalex.org/I160046202,Shiga University of Medical Science,2008,2013,0000-0002-1712-3141
https://openalex.org/A5101530578,A. F. M. Mustafizur Rahman,https://openalex.org/I22299242,Kyoto University,2010,2010,0000-0002-1712-3141
https://openalex.org/A5101530578,A. F. M. Mustafizur Rahman,https://openalex.org/I4210089297,Lanzhou Institute of Chemical Physics,2016,2016,0000-0002-1712-3141
https://openalex.org/A5101530578,A. F. M. Mustafizur Rahman,https://openalex.org/I19820366,Chinese Academy of Sciences,2016,2016,0000-0002-1712-3141
https://openalex.org/A5101530578,A. F. M. Mustafizur Rahman,https://openalex.org/I4210140336,Lanzhou City University,2016,2016,0000-0002-1712-3141
https://openalex.org/A5101530578,A. F. M. Mustafizur Rahman,https://openalex.org/I173915773,Yamaguchi University,2004,2007,0000-0002-1712-3141
https://openalex.org/A5101530578,A. F. M. Mustafizur Rahman,https://openalex.org/I76957882,Pakistan Institute of Nuclear Science and Technology,1998,2007,0000-0002-1712-3141
https://openalex.org/A5101530578,A. F. M. Mustafizur Rahman,https://openalex.org/I169521973,University of New Mexico,2014,2014,0000-0002-1712-3141
https://openalex.org/A5101530578,A. F. M. Mustafizur Rahman,https://openalex.org/I31746571,UNSW Sydney,2002,2002,0000-0002-1712-3141
https://openalex.org/A5101530578,A. F. M. Mustafizur Rahman,https://openalex.org/I40053085,Australian Defence Force Academy,2002,2002,0000-0002-1712-3141
https://openalex.org/A5101530578,A. F. M. Mustafizur Rahman,https://openalex.org/I3130204378,Nalanda Medical College and Hospital,1985,1985,0000-0002-1712-3141
https://openalex.org/A5101530578,A. F. M. Mustafizur Rahman,https://openalex.org/I59805279,Islamic University of Technology,2024,2024,0000-0002-1712-3141
https://openalex.org/A5101530578,A. F. M. Mustafizur Rahman,https://openalex.org/I196652580,Swami Ramanand Teerth Marathwada University,2025,2025,0000-0002-1712-3141
https://openalex.org/A5101530578,A. F. M. Mustafizur Rahman,https://openalex.org/I177639307,University of Dundee,1969,1970,0000-0002-1712-3141
https://openalex.org/A5101530578,A. F. M. Mustafizur Rahman,https://openalex.org/I8692664,University of Oklahoma,1980,1980,0000-0002-1712-3141
https://openalex.org/A5101530578,A. F. M. Mustafizur Rahman,https://openalex.org/I4210161779,Campbell Collaboration,1990,1990,0000-0002-1712-3141
https://openalex.org/A5101530578,A. F. M. Mustafizur Rahman,https://openalex.org/I171494771,Shiga University,2011,2011,0000-0002-1712-3141
https://openalex.org/A5101530578,A. F. M. Mustafizur Rahman,https://openalex.org/I4210094720,Food and Nutrition Service,2024,2024,0000-0002-1712-3141
https://openalex.org/A5101530578,A. F. M. Mustafizur Rahman,https://openalex.org/I4210095979,Women Medical College,2025,2025,0000-0002-1712-3141
https://openalex.org/A5088092315,Xuebing Yang,https://openalex.org/I4210155731,Jiangxi Academy of Sciences,2025,2025,0000-0002-3080-3053
https://openalex.org/A5088092315,Xuebing Yang,https://openalex.org/I47720641,Huazhong University of Science and Technology,2014,2016,0000-0002-3080-3053
https://openalex.org/A5088092315,Xuebing Yang,https://openalex.org/I2800558167,UPMC Altoona,2011,2025,0000-0002-3080-3053
https://openalex.org/A5088092315,Xuebing Yang,https://openalex.org/I130769515,Pennsylvania State University,2011,2025,0000-0002-3080-3053
https://openalex.org/A5088092315,Xuebing Yang,https://openalex.org/I4210145537,Materials Processing (United States),2015,2016,0000-0002-3080-3053
https://openalex.org/A5088092315,Xuebing Yang,https://openalex.org/I4391767882,State Key Laboratory of Materials Processing and Die & Mould Technology,2015,2016,0000-0002-3080-3053
https://openalex.org/A5088092315,Xuebing Yang,https://openalex.org/I8692664,University of Oklahoma,2008,2008,0000-0002-3080-3053
https://openalex.org/A5088092315,Xuebing Yang,https://openalex.org/I4210104151,Shangdong Agriculture and Engineering University,2004,2004,0000-0002-3080-3053
https://openalex.org/A5088092315,Xuebing Yang,https://openalex.org/I154099455,Shandong University,2003,2005,0000-0002-3080-3053
https://openalex.org/A5088092315,Xuebing Yang,https://openalex.org/I316699675,Hodges University,2025,2025,0000-0002-3080-3053
https://openalex.org/A5013992617,Anderson White,https://openalex.org/I8692664,University of Oklahoma,2002,2003,
https://openalex.org/A5090731225,Rosemary Tambouret,https://openalex.org/I136199984,Harvard University,1999,2020,
https://openalex.org/A5090731225,Rosemary Tambouret,https://openalex.org/I4210087915,Massachusetts General Hospital,1999,2020,
https://openalex.org/A5090731225,Rosemary Tambouret,https://openalex.org/I51556381,University of Virginia,2010,2010,
https://openalex.org/A5090731225,Rosemary Tambouret,https://openalex.org/I2801851002,Harvard University Press,2013,2013,
https://openalex.org/A5090731225,Rosemary Tambouret,https://openalex.org/I2801543288,Lemuel Shattuck Hospital,2003,2003,
https://openalex.org/A5090731225,Rosemary Tambouret,https://openalex.org/I48633490,Mass General Brigham,2002,2013,
https://openalex.org/A5090731225,Rosemary Tambouret,https://openalex.org/I74813324,Mekelle University,2013,2013,
https://openalex.org/A5090731225,Rosemary Tambouret,https://openalex.org/I4210115167,Marion General Hospital,2017,2017,
https://openalex.org/A5090731225,Rosemary Tambouret,https://openalex.org/I8692664,University of Oklahoma,2017,2017,
https://openalex.org/A5090731225,Rosemary Tambouret,https://openalex.org/I1330342723,Mayo Clinic,2017,2017,
https://openalex.org/A5090731225,Rosemary Tambouret,https://openalex.org/I4210131007,John Wiley & Sons (United States),2018,2019,
https://openalex.org/A5090731225,Rosemary Tambouret,https://openalex.org/I1325899441,University Health Network,2018,2018,
https://openalex.org/A5090731225,Rosemary Tambouret,https://openalex.org/I1330254920,Hudson Institute,2018,2018,
https://openalex.org/A5090731225,Rosemary Tambouret,https://openalex.org/I103320735,Università Cattolica del Sacro Cuore,2018,2019,
https://openalex.org/A5090731225,Rosemary Tambouret,https://openalex.org/I184840846,Virginia Commonwealth University,2018,2018,
https://openalex.org/A5090731225,Rosemary Tambouret,https://openalex.org/I137381566,Charles River Laboratories (Netherlands),2018,2019,
https://openalex.org/A5090731225,Rosemary Tambouret,https://openalex.org/I122140584,Universidade Federal do Rio de Janeiro,2008,2008,
https://openalex.org/A5090731225,Rosemary Tambouret,https://openalex.org/I32389192,University of Alabama at Birmingham,2008,2008,
https://openalex.org/A5090731225,Rosemary Tambouret,https://openalex.org/I1343551460,The University of Texas MD Anderson Cancer Center,2019,2019,
https://openalex.org/A5090731225,Rosemary Tambouret,https://openalex.org/I15839263,College of American Pathologists,2018,2018,
https://openalex.org/A5090731225,Rosemary Tambouret,https://openalex.org/I4210124320,International Association for the Study of Lung Cancer,2018,2018,
https://openalex.org/A5066237636,Kim-Heng Teo,https://openalex.org/I8692664,University of Oklahoma,1990,1991,
https://openalex.org/A5066237636,Kim-Heng Teo,https://openalex.org/I4210143086,Taipei Institute of Pathology,1991,1991,
https://openalex.org/A5066237636,Kim-Heng Teo,https://openalex.org/I165932596,National University of Singapore,1991,1992,
https://openalex.org/A5119565149,Kara B DeLeόn,https://openalex.org/I8692664,University of Oklahoma,2025,2025,
https://openalex.org/A5036671771,Carol Ho–Wing Leung,https://openalex.org/I165932596,National University of Singapore,2007,2012,
https://openalex.org/A5036671771,Carol Ho–Wing Leung,https://openalex.org/I8692664,University of Oklahoma,2003,2003,
https://openalex.org/A5055077995,Diane V. Roeder,https://openalex.org/I157725225,University of Illinois Urbana-Champaign,2021,2021,0000-0002-2366-9781
https://openalex.org/A5055077995,Diane V. Roeder,https://openalex.org/I4210143525,Oklahoma Biological Survey,2016,2019,0000-0002-2366-9781
https://openalex.org/A5055077995,Diane V. Roeder,https://openalex.org/I8692664,University of Oklahoma,2015,2022,0000-0002-2366-9781
https://openalex.org/A5055077995,Diane V. Roeder,https://openalex.org/I177156846,South Dakota State University,2022,2023,0000-0002-2366-9781
https://openalex.org/A5055077995,Diane V. Roeder,https://openalex.org/I113618177,Cameron University,2017,2020,0000-0002-2366-9781
https://openalex.org/A5055077995,Diane V. Roeder,https://openalex.org/I149700789,Augustana University,2025,2025,0000-0002-2366-9781
https://openalex.org/A5068758833,R E Arthur,https://openalex.org/I8692664,University of Oklahoma,2003,2003,
https://openalex.org/A5068758833,R E Arthur,https://openalex.org/I1318101084,INTEGRIS Baptist Medical Center,2003,2003,
https://openalex.org/A5068758833,R E Arthur,https://openalex.org/I47838141,Saint Louis University,1981,1981,
https://openalex.org/A5020201216,Fang Liu,https://openalex.org/I4210160793,Institute of Geographic Sciences and Natural Resources Research,2021,2021,0000-0002-9332-1676
https://openalex.org/A5020201216,Fang Liu,https://openalex.org/I19820366,Chinese Academy of Sciences,2011,2025,0000-0002-9332-1676
https://openalex.org/A5020201216,Fang Liu,https://openalex.org/I4210101167,Institute of Oceanology,2011,2011,0000-0002-9332-1676
https://openalex.org/A5020201216,Fang Liu,https://openalex.org/I4210103685,South China Sea Institute Of Oceanology,2011,2011,0000-0002-9332-1676
https://openalex.org/A5020201216,Fang Liu,https://openalex.org/I162868743,Tianjin University,2021,2021,0000-0002-9332-1676
https://openalex.org/A5020201216,Fang Liu,https://openalex.org/I8692664,University of Oklahoma,2023,2024,0000-0002-9332-1676
https://openalex.org/A5020201216,Fang Liu,https://openalex.org/I4210124748,Institute of Mountain Hazards and Environment,2025,2025,0000-0002-9332-1676
https://openalex.org/A5020201216,Fang Liu,https://openalex.org/I4210165038,University of Chinese Academy of Sciences,2025,2025,0000-0002-9332-1676
https://openalex.org/A5020201216,Fang Liu,https://openalex.org/I161222507,Open University of China,2019,2019,0000-0002-9332-1676
https://openalex.org/A5020201216,Fang Liu,https://openalex.org/I56934997,Changsha University of Science and Technology,2021,2021,0000-0002-9332-1676
https://openalex.org/A5020201216,Fang Liu,https://openalex.org/I25254941,Beijing Normal University,2008,2008,0000-0002-9332-1676
https://openalex.org/A5020201216,Fang Liu,https://openalex.org/I4210097715,Qilu Normal University,2021,2021,0000-0002-9332-1676
https://openalex.org/A5020201216,Fang Liu,https://openalex.org/I4210142271,Wan Fang Hospital,2012,2012,0000-0002-9332-1676
https://openalex.org/A5020201216,Fang Liu,https://openalex.org/I4210165015,Shanxi Science and Technology Department,2010,2010,0000-0002-9332-1676
https://openalex.org/A5020201216,Fang Liu,https://openalex.org/I49185572,Yunnan University of Finance And Economics,2016,2016,0000-0002-9332-1676
https://openalex.org/A5033542596,Karl A. Roeder,https://openalex.org/I157725225,University of Illinois Urbana-Champaign,2020,2020,0000-0002-2628-5003
https://openalex.org/A5033542596,Karl A. Roeder,https://openalex.org/I8692664,University of Oklahoma,2014,2021,0000-0002-2628-5003
https://openalex.org/A5033542596,Karl A. Roeder,https://openalex.org/I91045830,Texas A&M University,2008,2014,0000-0002-2628-5003
https://openalex.org/A5033542596,Karl A. Roeder,https://openalex.org/I45536552,North Central College,2021,2025,0000-0002-2628-5003
https://openalex.org/A5033542596,Karl A. Roeder,https://openalex.org/I1312222531,Agricultural Research Service,2021,2025,0000-0002-2628-5003
https://openalex.org/A5033542596,Karl A. Roeder,https://openalex.org/I2801613365,Mitchell Institute,2008,2008,0000-0002-2628-5003
https://openalex.org/A5033542596,Karl A. Roeder,https://openalex.org/I4210102783,Cropping Systems Research Laboratory,2025,2025,0000-0002-2628-5003
https://openalex.org/A5073269968,Wanguo Liu,https://openalex.org/I2802423016,WinnMed,2000,2003,0000-0002-5685-4705
https://openalex.org/A5073269968,Wanguo Liu,https://openalex.org/I1330342723,Mayo Clinic,1998,2011,0000-0002-5685-4705
https://openalex.org/A5073269968,Wanguo Liu,https://openalex.org/I1318643470,Union Hospital,2015,2024,0000-0002-5685-4705
https://openalex.org/A5073269968,Wanguo Liu,https://openalex.org/I194450716,Jilin University,2014,2025,0000-0002-5685-4705
https://openalex.org/A5073269968,Wanguo Liu,https://openalex.org/I1344073410,Howard Hughes Medical Institute,1997,2002,0000-0002-5685-4705
https://openalex.org/A5073269968,Wanguo Liu,https://openalex.org/I4210163933,Union Hospital,2015,2025,0000-0002-5685-4705
https://openalex.org/A5073269968,Wanguo Liu,https://openalex.org/I75420490,Louisiana State University Health Sciences Center New Orleans,2008,2018,0000-0002-5685-4705
https://openalex.org/A5073269968,Wanguo Liu,https://openalex.org/I121820613,Louisiana State University,2009,2014,0000-0002-5685-4705
https://openalex.org/A5073269968,Wanguo Liu,https://openalex.org/I4210125099,Mayo Clinic in Arizona,2002,2006,0000-0002-5685-4705
https://openalex.org/A5073269968,Wanguo Liu,https://openalex.org/I4210097066,Shanghai Ninth People's Hospital,2011,2011,0000-0002-5685-4705
https://openalex.org/A5073269968,Wanguo Liu,https://openalex.org/I135598925,Kyushu University,2011,2011,0000-0002-5685-4705
https://openalex.org/A5073269968,Wanguo Liu,https://openalex.org/I4210146710,Mayo Clinic in Florida,2011,2011,0000-0002-5685-4705
https://openalex.org/A5073269968,Wanguo Liu,https://openalex.org/I2801843802,Institut Gustave Roussy,2014,2014,0000-0002-5685-4705
https://openalex.org/A5073269968,Wanguo Liu,https://openalex.org/I1294671590,Centre National de la Recherche Scientifique,2014,2014,0000-0002-5685-4705
https://openalex.org/A5073269968,Wanguo Liu,https://openalex.org/I80043,Institut Curie,2014,2014,0000-0002-5685-4705
https://openalex.org/A5073269968,Wanguo Liu,https://openalex.org/I154526488,Inserm,2014,2014,0000-0002-5685-4705
https://openalex.org/A5073269968,Wanguo Liu,https://openalex.org/I4210167317,Qiannan Normal College For Nationalities,2017,2023,0000-0002-5685-4705
https://openalex.org/A5073269968,Wanguo Liu,https://openalex.org/I4210137306,Stanford Medicine,1997,2001,0000-0002-5685-4705
https://openalex.org/A5073269968,Wanguo Liu,https://openalex.org/I5388228,University of Rochester,2001,2001,0000-0002-5685-4705
https://openalex.org/A5073269968,Wanguo Liu,https://openalex.org/I18570673,Guangxi University of Science and Technology,2021,2025,0000-0002-5685-4705
https://openalex.org/A5073269968,Wanguo Liu,https://openalex.org/I4210136497,Jilin Medical University,2015,2015,0000-0002-5685-4705
https://openalex.org/A5073269968,Wanguo Liu,https://openalex.org/I2802554885,Stanley Foundation,2013,2013,0000-0002-5685-4705
https://openalex.org/A5073269968,Wanguo Liu,https://openalex.org/I157773358,Sun Yat-sen University,2015,2017,0000-0002-5685-4705
https://openalex.org/A5073269968,Wanguo Liu,https://openalex.org/I185443292,Wayne State University,1991,1995,0000-0002-5685-4705
https://openalex.org/A5073269968,Wanguo Liu,https://openalex.org/I8692664,University of Oklahoma,2008,2008,0000-0002-5685-4705
https://openalex.org/A5073269968,Wanguo Liu,https://openalex.org/I40677808,Kyoto Prefectural University of Medicine,2008,2008,0000-0002-5685-4705
https://openalex.org/A5072492879,Christopher J. Sohl,https://openalex.org/I8692664,University of Oklahoma,1979,1979,
https://openalex.org/A5056129631,Aletha B. Laurent,https://openalex.org/I30558944,Oklahoma Medical Research Foundation,1993,2008,
https://openalex.org/A5056129631,Aletha B. Laurent,https://openalex.org/I8692664,University of Oklahoma,2000,2000,
https://openalex.org/A5007986851,Ann Merrill,https://openalex.org/I8692664,University of Oklahoma,1994,1998,
https://openalex.org/A5007986851,Ann Merrill,https://openalex.org/I27253931,Oklahoma City University,1995,1998,
https://openalex.org/A5007986851,Ann Merrill,https://openalex.org/I4210164466,Merrill (United States),1998,1998,
https://openalex.org/A5112149080,William L. Parry,https://openalex.org/I49332381,University of Oklahoma Health Sciences Center,1973,1988,
https://openalex.org/A5112149080,William L. Parry,https://openalex.org/I4210099251,Oklahoma City VA Medical Center,1964,1964,
https://openalex.org/A5112149080,William L. Parry,https://openalex.org/I1322918889,United States Department of Veterans Affairs,1966,1966,
https://openalex.org/A5112149080,William L. Parry,https://openalex.org/I20388574,SUNY Upstate Medical University,1966,1966,
https://openalex.org/A5112149080,William L. Parry,https://openalex.org/I2803024077,University of Oklahoma Medical Center,1969,1969,
https://openalex.org/A5112149080,William L. Parry,https://openalex.org/I8692664,University of Oklahoma,1975,1975,
https://openalex.org/A5012274683,Larry E. Toothaker,https://openalex.org/I8692664,University of Oklahoma,1972,2014,
https://openalex.org/A5012274683,Larry E. Toothaker,https://openalex.org/I27253931,Oklahoma City University,2005,2014,
https://openalex.org/A5079864491,Clark R. Wilson,https://openalex.org/I86519309,The University of Texas at Austin,1979,2025,0000-0003-1288-3245
https://openalex.org/A5079864491,Clark R. Wilson,https://openalex.org/I36258959,"University of California, San Diego",2007,2007,0000-0003-1288-3245
https://openalex.org/A5079864491,Clark R. Wilson,https://openalex.org/I150209017,Scripps Institution of Oceanography,2007,2007,0000-0003-1288-3245
https://openalex.org/A5079864491,Clark R. Wilson,https://openalex.org/I4210132748,Norsk Hydro (Norway),2000,2000,0000-0003-1288-3245
https://openalex.org/A5079864491,Clark R. Wilson,https://openalex.org/I4210122245,Sustainable Development Institute,2011,2011,0000-0003-1288-3245
https://openalex.org/A5079864491,Clark R. Wilson,https://openalex.org/I8692664,University of Oklahoma,2011,2011,0000-0003-1288-3245
https://openalex.org/A5079864491,Clark R. Wilson,https://openalex.org/I205640436,Curtin University,2011,2011,0000-0003-1288-3245
https://openalex.org/A5079864491,Clark R. Wilson,https://openalex.org/I165779595,University of Melbourne,2011,2011,0000-0003-1288-3245
https://openalex.org/A5079864491,Clark R. Wilson,https://openalex.org/I4403386791,University of Texas Institute for Geophysics,1987,2000,0000-0003-1288-3245
https://openalex.org/A5079864491,Clark R. Wilson,https://openalex.org/I188703185,GTx (United States),2002,2002,0000-0003-1288-3245
https://openalex.org/A5079864491,Clark R. Wilson,https://openalex.org/I38260057,In-Q-Tel,2002,2002,0000-0003-1288-3245
https://openalex.org/A5079864491,Clark R. Wilson,https://openalex.org/I4210148445,Institute of Geological Sciences,2002,2002,0000-0003-1288-3245
https://openalex.org/A5079864491,Clark R. Wilson,https://openalex.org/I1288783943,Bureau of Economic Analysis,2011,2011,0000-0003-1288-3245
https://openalex.org/A5079864491,Clark R. Wilson,https://openalex.org/I4403928371,Bureau of Economic Geology,2011,2011,0000-0003-1288-3245
https://openalex.org/A5079864491,Clark R. Wilson,https://openalex.org/I205783295,Cornell University,1970,1970,0000-0003-1288-3245
https://openalex.org/A5079864491,Clark R. Wilson,https://openalex.org/I50219821,Wilson College,1986,1986,0000-0003-1288-3245
https://openalex.org/A5079864491,Clark R. Wilson,https://openalex.org/I72951846,Washington State University,1982,1982,0000-0003-1288-3245
https://openalex.org/A5079864491,Clark R. Wilson,https://openalex.org/I4210087988,Rapt Therapeutics (United States),2026,2026,0000-0003-1288-3245
https://openalex.org/A5027869956,Merrill D. Funk,https://openalex.org/I8692664,University of Oklahoma,2013,2014,0000-0003-2924-2778
https://openalex.org/A5027869956,Merrill D. Funk,https://openalex.org/I110496330,Southern Utah University,2019,2025,0000-0003-2924-2778
https://openalex.org/A5027869956,Merrill D. Funk,https://openalex.org/I100005738,Brigham Young University,2009,2011,0000-0003-2924-2778
https://openalex.org/A5027869956,Merrill D. Funk,https://openalex.org/I2802326326,The University of Texas Rio Grande Valley,2016,2019,0000-0003-2924-2778
https://openalex.org/A5027869956,Merrill D. Funk,https://openalex.org/I4210120822,Brownsville Public Library,2015,2015,0000-0003-2924-2778
https://openalex.org/A5113640105,Daniel Sutter,https://openalex.org/I81365321,Old Dominion University,1995,1995,
https://openalex.org/A5113640105,Daniel Sutter,https://openalex.org/I4210092569,Dominion University College,1995,1995,
https://openalex.org/A5113640105,Daniel Sutter,https://openalex.org/I149292303,Troy University,2009,2020,
https://openalex.org/A5113640105,Daniel Sutter,https://openalex.org/I8692664,University of Oklahoma,1995,2016,
https://openalex.org/A5113640105,Daniel Sutter,https://openalex.org/I194601409,Cooperative Institute for Mesoscale Meteorological Studies,2005,2005,
https://openalex.org/A5113640105,Daniel Sutter,https://openalex.org/I107766831,NSF National Center for Atmospheric Research,2007,2007,
https://openalex.org/A5113640105,Daniel Sutter,https://openalex.org/I145608581,University of Miami,2007,2007,
https://openalex.org/A5113640105,Daniel Sutter,https://openalex.org/I63664421,Swiss Federal Institute of Aquatic Science and Technology,2005,2005,
https://openalex.org/A5113640105,Daniel Sutter,https://openalex.org/I2802326326,The University of Texas Rio Grande Valley,2006,2010,
https://openalex.org/A5113640105,Daniel Sutter,https://openalex.org/I81007117,Lucerne University of Applied Sciences and Arts,2022,2022,
https://openalex.org/A5023289319,Syed Sarwar Shah,https://openalex.org/I8692664,University of Oklahoma,1986,1986,
https://openalex.org/A5060511888,Irene Lim,https://openalex.org/I161318765,"University of California, Los Angeles",2020,2024,0000-0003-2948-5390
https://openalex.org/A5060511888,Irene Lim,https://openalex.org/I142207940,California NanoSystems Institute,2021,2021,0000-0003-2948-5390
https://openalex.org/A5060511888,Irene Lim,https://openalex.org/I52710748,Charles R. Drew University of Medicine and Science,2022,2024,0000-0003-2948-5390
https://openalex.org/A5060511888,Irene Lim,https://openalex.org/I97018004,Stanford University,2024,2025,0000-0003-2948-5390
https://openalex.org/A5060511888,Irene Lim,https://openalex.org/I49332381,University of Oklahoma Health Sciences Center,2017,2017,0000-0003-2948-5390
https://openalex.org/A5060511888,Irene Lim,https://openalex.org/I8692664,University of Oklahoma,2019,2019,0000-0003-2948-5390
https://openalex.org/A5060511888,Irene Lim,https://openalex.org/I4210137306,Stanford Medicine,2024,2025,0000-0003-2948-5390
https://openalex.org/A5081544465,Shiva Raman,https://openalex.org/I8692664,University of Oklahoma,2016,2016,
https://openalex.org/A5072204282,Rosemary Dorman,https://openalex.org/I8692664,University of Oklahoma,1983,1983,
https://openalex.org/A5111061590,Tyler Reich,https://openalex.org/I8692664,University of Oklahoma,2024,2025,0009-0001-6590-9800
https://openalex.org/A5111061590,Tyler Reich,https://openalex.org/I4210131712,Oklahoma State University Oklahoma City,2023,2023,0009-0001-6590-9800
https://openalex.org/A5111061590,Tyler Reich,https://openalex.org/I4210162773,Living Systems (United States),2025,2025,0009-0001-6590-9800
https://openalex.org/A5092808327,Sam Stormer,https://openalex.org/I8692664,University of Oklahoma,2022,2023,0000-0002-9346-1994
https://openalex.org/A5092808327,Sam Stormer,https://openalex.org/I1308126019,National Oceanic and Atmospheric Administration,2023,2023,0000-0002-9346-1994
https://openalex.org/A5092808327,Sam Stormer,https://openalex.org/I1296812847,Public Policy Institute of California,2023,2023,0000-0002-9346-1994
https://openalex.org/A5043790467,Do Van Doan,https://openalex.org/I4210125238,Gdynia Maritime University,2017,2019,0009-0005-0892-6953
https://openalex.org/A5043790467,Do Van Doan,https://openalex.org/I73685970,Vietnam Maritime University,2023,2023,0009-0005-0892-6953
https://openalex.org/A5025028114,Jill A. Irvine,https://openalex.org/I8692664,University of Oklahoma,1992,2018,
https://openalex.org/A5025028114,Jill A. Irvine,https://openalex.org/I2801852214,University of Washington Medical Center,2021,2021,
https://openalex.org/A5025028114,Jill A. Irvine,https://openalex.org/I4210089577,Gender Studies,2014,2014,
https://openalex.org/A5025028114,Jill A. Irvine,https://openalex.org/I201448701,University of Washington,2014,2014,
https://openalex.org/A5032395508,Matthew Bauler,https://openalex.org/I8692664,University of Oklahoma,2001,2008,
https://openalex.org/A5076102334,Ric Adams,https://openalex.org/I194601409,Cooperative Institute for Mesoscale Meteorological Studies,2013,2014,
https://openalex.org/A5076102334,Ric Adams,https://openalex.org/I8692664,University of Oklahoma,2014,2014,
https://openalex.org/A5076102334,Ric Adams,https://openalex.org/I4210092927,NOAA National Severe Storms Laboratory,2013,2014,
https://openalex.org/A5025709761,Rachel E. Jarvis,https://openalex.org/I8692664,University of Oklahoma,2019,2024,0000-0002-1207-7828
https://openalex.org/A5025709761,Rachel E. Jarvis,https://openalex.org/I4210145244,Radar (United States),2021,2024,0000-0002-1207-7828
https://openalex.org/A5101785814,Hiroyuki Matsumoto,https://openalex.org/I4210131176,Takara (United States),2017,2018,0009-0001-4219-9148
https://openalex.org/A5101785814,Hiroyuki Matsumoto,https://openalex.org/I49332381,University of Oklahoma Health Sciences Center,1997,2018,0009-0001-4219-9148
https://openalex.org/A5101785814,Hiroyuki Matsumoto,https://openalex.org/I181679074,TDK (Japan),2022,2024,0009-0001-4219-9148
https://openalex.org/A5101785814,Hiroyuki Matsumoto,https://openalex.org/I219193219,Purdue University West Lafayette,1982,1985,0009-0001-4219-9148
https://openalex.org/A5101785814,Hiroyuki Matsumoto,https://openalex.org/I1298590031,Shizuoka University,2001,2003,0009-0001-4219-9148
https://openalex.org/A5101785814,Hiroyuki Matsumoto,https://openalex.org/I30558944,Oklahoma Medical Research Foundation,2006,2006,0009-0001-4219-9148
https://openalex.org/A5101785814,Hiroyuki Matsumoto,https://openalex.org/I42405503,Gifu University,2003,2003,0009-0001-4219-9148
https://openalex.org/A5101785814,Hiroyuki Matsumoto,https://openalex.org/I4390039271,OU Health,2006,2006,0009-0001-4219-9148
https://openalex.org/A5101785814,Hiroyuki Matsumoto,https://openalex.org/I118347220,NEC (Japan),2002,2004,0009-0001-4219-9148
https://openalex.org/A5101785814,Hiroyuki Matsumoto,https://openalex.org/I10091056,Kanazawa University,2010,2010,0009-0001-4219-9148
https://openalex.org/A5101785814,Hiroyuki Matsumoto,https://openalex.org/I2799635668,Fuji Electric (Japan),2010,2010,0009-0001-4219-9148
https://openalex.org/A5101785814,Hiroyuki Matsumoto,https://openalex.org/I122368001,Nikon (United States),1993,1993,0009-0001-4219-9148
https://openalex.org/A5101785814,Hiroyuki Matsumoto,https://openalex.org/I150240954,University of Shizuoka,2003,2003,0009-0001-4219-9148
https://openalex.org/A5101785814,Hiroyuki Matsumoto,https://openalex.org/I8692664,University of Oklahoma,1989,1989,0009-0001-4219-9148
https://openalex.org/A5101785814,Hiroyuki Matsumoto,https://openalex.org/I147809708,Asahikawa Medical University,2005,2005,0009-0001-4219-9148
https://openalex.org/A5101785814,Hiroyuki Matsumoto,https://openalex.org/I4210110818,Takara (Sweden),2017,2017,0009-0001-4219-9148
https://openalex.org/A5076077804,Ruizhi Liu,https://openalex.org/I194450716,Jilin University,2007,2025,0000-0002-3386-7765
https://openalex.org/A5076077804,Ruizhi Liu,https://openalex.org/I4210125137,First Hospital of Jilin University,2010,2025,0000-0002-3386-7765
https://openalex.org/A5076077804,Ruizhi Liu,https://openalex.org/I4210156332,Chinese Research Academy of Environmental Sciences,2014,2025,0000-0002-3386-7765
https://openalex.org/A5076077804,Ruizhi Liu,https://openalex.org/I4210164329,Inner Mongolia Autonomous Region Hospital of Traditional Chinese Medicine,2024,2025,0000-0002-3386-7765
https://openalex.org/A5076077804,Ruizhi Liu,https://openalex.org/I120379545,Inner Mongolia Agricultural University,2022,2025,0000-0002-3386-7765
https://openalex.org/A5076077804,Ruizhi Liu,https://openalex.org/I4210106171,Inner Mongolia Autonomous Region Meteorological Bureau,2024,2025,0000-0002-3386-7765
https://openalex.org/A5076077804,Ruizhi Liu,https://openalex.org/I4210158351,Shanghai Estuarine & Coastal Science Research Center,2021,2021,0000-0002-3386-7765
https://openalex.org/A5076077804,Ruizhi Liu,https://openalex.org/I18925743,Shanghai University of Sport,2013,2013,0000-0002-3386-7765
https://openalex.org/A5076077804,Ruizhi Liu,https://openalex.org/I4210146008,First Bethune Hospital of Jilin University,2008,2022,0000-0002-3386-7765
https://openalex.org/A5076077804,Ruizhi Liu,https://openalex.org/I4210153200,BC Children's Hospital,2018,2018,0000-0002-3386-7765
https://openalex.org/A5076077804,Ruizhi Liu,https://openalex.org/I141945490,University of British Columbia,2018,2018,0000-0002-3386-7765
https://openalex.org/A5076077804,Ruizhi Liu,https://openalex.org/I204710742,Ministry of Ecology and Environment,2021,2025,0000-0002-3386-7765
https://openalex.org/A5076077804,Ruizhi Liu,https://openalex.org/I1332474105,Mercedes-Benz (Germany),2021,2021,0000-0002-3386-7765
https://openalex.org/A5076077804,Ruizhi Liu,https://openalex.org/I190242452,Guangdong Pharmaceutical University,2013,2013,0000-0002-3386-7765
https://openalex.org/A5076077804,Ruizhi Liu,https://openalex.org/I4210108819,Credo Reference (United States),2021,2021,0000-0002-3386-7765
https://openalex.org/A5076077804,Ruizhi Liu,https://openalex.org/I4210120668,Creative Commons,2019,2020,0000-0002-3386-7765
https://openalex.org/A5076077804,Ruizhi Liu,https://openalex.org/I27357992,Dalian University of Technology,2015,2015,0000-0002-3386-7765
https://openalex.org/A5076077804,Ruizhi Liu,https://openalex.org/I19820366,Chinese Academy of Sciences,2025,2025,0000-0002-3386-7765
https://openalex.org/A5076077804,Ruizhi Liu,https://openalex.org/I4210165038,University of Chinese Academy of Sciences,2025,2025,0000-0002-3386-7765
https://openalex.org/A5076077804,Ruizhi Liu,https://openalex.org/I4210116048,Beijing National Laboratory for Molecular Sciences,2025,2025,0000-0002-3386-7765
https://openalex.org/A5076077804,Ruizhi Liu,https://openalex.org/I4210155088,Institute of Chemistry,2025,2025,0000-0002-3386-7765
https://openalex.org/A5076077804,Ruizhi Liu,https://openalex.org/I2722730,Inner Mongolia University,2023,2023,0000-0002-3386-7765
https://openalex.org/A5076077804,Ruizhi Liu,https://openalex.org/I8692664,University of Oklahoma,2011,2011,0000-0002-3386-7765
https://openalex.org/A5076077804,Ruizhi Liu,https://openalex.org/I53411278,Chengdu University of Traditional Chinese Medicine,2022,2025,0000-0002-3386-7765
https://openalex.org/A5076077804,Ruizhi Liu,https://openalex.org/I55654194,Inner Mongolia University of Technology,2025,2025,0000-0002-3386-7765
https://openalex.org/A5076077804,Ruizhi Liu,https://openalex.org/I99065089,Tsinghua University,1992,2012,0000-0002-3386-7765
https://openalex.org/A5076077804,Ruizhi Liu,https://openalex.org/I4210119046,Zero to Three,2018,2018,0000-0002-3386-7765
https://openalex.org/A5076077804,Ruizhi Liu,https://openalex.org/I4210136497,Jilin Medical University,2018,2018,0000-0002-3386-7765
https://openalex.org/A5076077804,Ruizhi Liu,https://openalex.org/I4210092944,Dalian University,2015,2015,0000-0002-3386-7765
https://openalex.org/A5076077804,Ruizhi Liu,https://openalex.org/I4210137398,Institut de Médecine de la Reproduction,2008,2008,0000-0002-3386-7765
https://openalex.org/A5076077804,Ruizhi Liu,https://openalex.org/I4210119921,Changchun Obstetrics and Gynecology Hospital,2009,2009,0000-0002-3386-7765
https://openalex.org/A5076077804,Ruizhi Liu,https://openalex.org/I4210138268,Huizhou Central People's Hospital,2006,2006,0000-0002-3386-7765
https://openalex.org/A5076077804,Ruizhi Liu,https://openalex.org/I4210162087,Affiliated Hospital of Jining Medical University,2003,2003,0000-0002-3386-7765
https://openalex.org/A5076077804,Ruizhi Liu,https://openalex.org/I4210148119,Luliang University,2013,2013,0000-0002-3386-7765
https://openalex.org/A5076077804,Ruizhi Liu,https://openalex.org/I149594827,Xidian University,2020,2020,0000-0002-3386-7765
https://openalex.org/A5076077804,Ruizhi Liu,https://openalex.org/I1327237609,Ministry of Education of the People's Republic of China,2020,2020,0000-0002-3386-7765
https://openalex.org/A5076077804,Ruizhi Liu,https://openalex.org/I190082696,Durham University,2024,2024,0000-0002-3386-7765
https://openalex.org/A5075451046,J. Straka,https://openalex.org/I2799356940,University Corporation for Atmospheric Research,1999,1999,0000-0002-9981-1326
https://openalex.org/A5075451046,J. Straka,https://openalex.org/I8692664,University of Oklahoma,1992,2007,0000-0002-9981-1326
https://openalex.org/A5075451046,J. Straka,https://openalex.org/I92715842,University of West Bohemia,2023,2025,0000-0002-9981-1326
https://openalex.org/A5075451046,J. Straka,https://openalex.org/I4210094548,Feramat Cybernetics (Czechia),2024,2024,0000-0002-9981-1326
https://openalex.org/A5075451046,J. Straka,https://openalex.org/I4210136150,L3S Research Center,1993,1993,0000-0002-9981-1326
https://openalex.org/A5040830922,Winita Chandranondnaiwinit,https://openalex.org/I8692664,University of Oklahoma,1966,1966,
https://openalex.org/A5009186802,Ruthie Stevens,https://openalex.org/I8692664,University of Oklahoma,1995,2016,
https://openalex.org/A5057973944,Hyeonjoon Park,https://openalex.org/I8692664,University of Oklahoma,2021,2021,
https://openalex.org/A5026689272,Amir Bhochhibhoya,https://openalex.org/I196679149,Lander University,2018,2024,0000-0002-0677-8943
https://openalex.org/A5026689272,Amir Bhochhibhoya,https://openalex.org/I155781252,University of South Carolina,2018,2024,0000-0002-0677-8943
https://openalex.org/A5026689272,Amir Bhochhibhoya,https://openalex.org/I47449453,Kean University,2022,2024,0000-0002-0677-8943
https://openalex.org/A5026689272,Amir Bhochhibhoya,https://openalex.org/I8692664,University of Oklahoma,2013,2018,0000-0002-0677-8943
https://openalex.org/A5026689272,Amir Bhochhibhoya,https://openalex.org/I1338139034,New Jersey Department of Health,2025,2025,0000-0002-0677-8943
https://openalex.org/A5108415120,Arnulf P. Hagen,https://openalex.org/I8692664,University of Oklahoma,1969,1998,
https://openalex.org/A5079816331,Lawrence A. Plummer,https://openalex.org/I125749732,Western University,2014,2020,0000-0003-4051-1537
https://openalex.org/A5079816331,Lawrence A. Plummer,https://openalex.org/I188538660,University of Colorado Boulder,2007,2007,0000-0003-4051-1537
https://openalex.org/A5079816331,Lawrence A. Plummer,https://openalex.org/I162714631,George Mason University,2005,2005,0000-0003-4051-1537
https://openalex.org/A5079816331,Lawrence A. Plummer,https://openalex.org/I2802236040,University of Colorado System,2004,2007,0000-0003-4051-1537
https://openalex.org/A5079816331,Lawrence A. Plummer,https://openalex.org/I8692664,University of Oklahoma,2010,2012,0000-0003-4051-1537
https://openalex.org/A5079816331,Lawrence A. Plummer,https://openalex.org/I8078737,Clemson University,2008,2015,0000-0003-4051-1537
https://openalex.org/A5079816331,Lawrence A. Plummer,https://openalex.org/I96062909,Babson College,2011,2011,0000-0003-4051-1537
https://openalex.org/A5100352749,Feng Chen,https://openalex.org/I87445476,Xi'an Jiaotong University,2002,2026,0000-0003-3508-8834
https://openalex.org/A5100352749,Feng Chen,https://openalex.org/I4210166055,Shenzhen Third People’s Hospital,2018,2020,0000-0003-3508-8834
https://openalex.org/A5100352749,Feng Chen,https://openalex.org/I3045169105,Southern University of Science and Technology,2020,2020,0000-0003-3508-8834
https://openalex.org/A5100352749,Feng Chen,https://openalex.org/I75027704,University of Tennessee at Knoxville,2006,2020,0000-0003-3508-8834
https://openalex.org/A5100352749,Feng Chen,https://openalex.org/I196679689,Joint Genome Institute,2006,2015,0000-0003-3508-8834
https://openalex.org/A5100352749,Feng Chen,https://openalex.org/I152988861,Exelixis (United States),2004,2005,0000-0003-3508-8834
https://openalex.org/A5100352749,Feng Chen,https://openalex.org/I4210118560,Max Planck Institute for Evolutionary Anthropology,2006,2006,0000-0003-3508-8834
https://openalex.org/A5100352749,Feng Chen,https://openalex.org/I40347166,University of Chicago,2006,2006,0000-0003-3508-8834
https://openalex.org/A5100352749,Feng Chen,https://openalex.org/I148283060,Lawrence Berkeley National Laboratory,2006,2010,0000-0003-3508-8834
https://openalex.org/A5100352749,Feng Chen,https://openalex.org/I141945490,University of British Columbia,2011,2021,0000-0003-3508-8834
https://openalex.org/A5100352749,Feng Chen,https://openalex.org/I4391767842,State Key Laboratory of Protein and Plant Gene Research,2022,2022,0000-0003-3508-8834
https://openalex.org/A5100352749,Feng Chen,https://openalex.org/I4210160507,Center for Life Sciences,2022,2022,0000-0003-3508-8834
https://openalex.org/A5100352749,Feng Chen,https://openalex.org/I20231570,Peking University,2012,2025,0000-0003-3508-8834
https://openalex.org/A5100352749,Feng Chen,https://openalex.org/I202697423,University of Zurich,2001,2005,0000-0003-3508-8834
https://openalex.org/A5100352749,Feng Chen,https://openalex.org/I2802066314,Richmont Graduate University,2001,2001,0000-0003-3508-8834
https://openalex.org/A5100352749,Feng Chen,https://openalex.org/I157773358,Sun Yat-sen University,2019,2024,0000-0003-3508-8834
https://openalex.org/A5100352749,Feng Chen,https://openalex.org/I79576946,University of Pennsylvania,2007,2010,0000-0003-3508-8834
https://openalex.org/A5100352749,Feng Chen,https://openalex.org/I111979921,Northwestern University,2001,2026,0000-0003-3508-8834
https://openalex.org/A5100352749,Feng Chen,https://openalex.org/I4210093384,Chengdu Third People's Hospital,2019,2023,0000-0003-3508-8834
https://openalex.org/A5100352749,Feng Chen,https://openalex.org/I4800084,Southwest Jiaotong University,2011,2023,0000-0003-3508-8834
https://openalex.org/A5100352749,Feng Chen,https://openalex.org/I204465549,Washington University in St. Louis,2004,2025,0000-0003-3508-8834
https://openalex.org/A5100352749,Feng Chen,https://openalex.org/I867280407,The University of Texas Southwestern Medical Center,2020,2020,0000-0003-3508-8834
https://openalex.org/A5100352749,Feng Chen,https://openalex.org/I4210096815,Southwestern Medical Center,2020,2020,0000-0003-3508-8834
https://openalex.org/A5100352749,Feng Chen,https://openalex.org/I4388891891,Southwestern Medical Center,2020,2020,0000-0003-3508-8834
https://openalex.org/A5100352749,Feng Chen,https://openalex.org/I52357470,The Ohio State University,2016,2016,0000-0003-3508-8834
https://openalex.org/A5100352749,Feng Chen,https://openalex.org/I100135526,BGI Group (China),2003,2020,0000-0003-3508-8834
https://openalex.org/A5100352749,Feng Chen,https://openalex.org/I114027177,University of North Carolina at Chapel Hill,2012,2012,0000-0003-3508-8834
https://openalex.org/A5100352749,Feng Chen,https://openalex.org/I1316902750,Cleveland Clinic,2012,2012,0000-0003-3508-8834
https://openalex.org/A5100352749,Feng Chen,https://openalex.org/I62979925,American Society for Clinical Pathology,2012,2012,0000-0003-3508-8834
https://openalex.org/A5100352749,Feng Chen,https://openalex.org/I200296433,Chinese Academy of Medical Sciences & Peking Union Medical College,2006,2025,0000-0003-3508-8834
https://openalex.org/A5100352749,Feng Chen,https://openalex.org/I4210089597,Harvard Affiliated Emergency Medicine Residency,2012,2012,0000-0003-3508-8834
https://openalex.org/A5100352749,Feng Chen,https://openalex.org/I98704320,Icahn School of Medicine at Mount Sinai,2012,2022,0000-0003-3508-8834
https://openalex.org/A5100352749,Feng Chen,https://openalex.org/I1316535847,Beth Israel Deaconess Medical Center,2012,2012,0000-0003-3508-8834
https://openalex.org/A5100352749,Feng Chen,https://openalex.org/I4210122141,People's Hospital of Xinjiang Uygur Autonomous Region,2012,2012,0000-0003-3508-8834
https://openalex.org/A5100352749,Feng Chen,https://openalex.org/I4210087454,Augusta University Health,2011,2018,0000-0003-3508-8834
https://openalex.org/A5100352749,Feng Chen,https://openalex.org/I4210128175,Shanghai East Hospital,2021,2025,0000-0003-3508-8834
https://openalex.org/A5100352749,Feng Chen,https://openalex.org/I83519826,Nanjing Medical University,2006,2025,0000-0003-3508-8834
https://openalex.org/A5100352749,Feng Chen,https://openalex.org/I91935597,University of South China,2015,2015,0000-0003-3508-8834
https://openalex.org/A5100352749,Feng Chen,https://openalex.org/I4210128478,Hainan General Hospital,2019,2026,0000-0003-3508-8834
https://openalex.org/A5100352749,Feng Chen,https://openalex.org/I4210128217,Metabolism and Renal Physiology,2006,2006,0000-0003-3508-8834
https://openalex.org/A5100352749,Feng Chen,https://openalex.org/I4210167218,Georgia Regents Medical Center,2013,2015,0000-0003-3508-8834
https://openalex.org/A5100352749,Feng Chen,https://openalex.org/I4210130148,First Teaching Hospital of Tianjin University of Traditional Chinese Medicine,2022,2023,0000-0003-3508-8834
https://openalex.org/A5100352749,Feng Chen,https://openalex.org/I87780372,Chongqing Medical University,2011,2025,0000-0003-3508-8834
https://openalex.org/A5100352749,Feng Chen,https://openalex.org/I4210165444,Chongqing Medical and Pharmaceutical College,2021,2021,0000-0003-3508-8834
https://openalex.org/A5100352749,Feng Chen,https://openalex.org/I165951966,The University of Texas Health Science Center at San Antonio,2014,2014,0000-0003-3508-8834
https://openalex.org/A5100352749,Feng Chen,https://openalex.org/I926574661,Leipzig University,2014,2014,0000-0003-3508-8834
https://openalex.org/A5100352749,Feng Chen,https://openalex.org/I34809795,Medizinische Hochschule Hannover,2014,2014,0000-0003-3508-8834
https://openalex.org/A5100352749,Feng Chen,https://openalex.org/I4210147959,Vichem Chemie (Hungary),2014,2014,0000-0003-3508-8834
https://openalex.org/A5100352749,Feng Chen,https://openalex.org/I4391768007,State Key Laboratory of Oncology in South China,2020,2020,0000-0003-3508-8834
https://openalex.org/A5100352749,Feng Chen,https://openalex.org/I4210146711,Sun Yat-sen University Cancer Center,2020,2020,0000-0003-3508-8834
https://openalex.org/A5100352749,Feng Chen,https://openalex.org/I25041050,Augusta University,2009,2023,0000-0003-3508-8834
https://openalex.org/A5100352749,Feng Chen,https://openalex.org/I76130692,Zhejiang University,2010,2020,0000-0003-3508-8834
https://openalex.org/A5100352749,Feng Chen,https://openalex.org/I99464096,KU Leuven,2003,2019,0000-0003-3508-8834
https://openalex.org/A5100352749,Feng Chen,https://openalex.org/I4210107780,Xi'an Medical University,2009,2020,0000-0003-3508-8834
https://openalex.org/A5100352749,Feng Chen,https://openalex.org/I178645029,Illumina (United States),2015,2022,0000-0003-3508-8834
https://openalex.org/A5100352749,Feng Chen,https://openalex.org/I183067930,Shanghai Jiao Tong University,2007,2025,0000-0003-3508-8834
https://openalex.org/A5100352749,Feng Chen,https://openalex.org/I2801410662,New York State Office for People With Developmental Disabilities,2017,2018,0000-0003-3508-8834
https://openalex.org/A5100352749,Feng Chen,https://openalex.org/I165225704,Xizang Minzu University,2011,2016,0000-0003-3508-8834
https://openalex.org/A5100352749,Feng Chen,https://openalex.org/I4210163933,Union Hospital,2017,2020,0000-0003-3508-8834
https://openalex.org/A5100352749,Feng Chen,https://openalex.org/I194450716,Jilin University,2017,2022,0000-0003-3508-8834
https://openalex.org/A5100352749,Feng Chen,https://openalex.org/I4210162753,First Affiliated Hospital of Jinan University,2019,2022,0000-0003-3508-8834
https://openalex.org/A5100352749,Feng Chen,https://openalex.org/I159948400,Jinan University,2010,2023,0000-0003-3508-8834
https://openalex.org/A5100352749,Feng Chen,https://openalex.org/I4210138078,Second Affiliated Hospital of Nanjing Medical University,2022,2025,0000-0003-3508-8834
https://openalex.org/A5100352749,Feng Chen,https://openalex.org/I204512498,University of Macau,2021,2022,0000-0003-3508-8834
https://openalex.org/A5100352749,Feng Chen,https://openalex.org/I183519381,Capital Medical University,2016,2025,0000-0003-3508-8834
https://openalex.org/A5100352749,Feng Chen,https://openalex.org/I4210144404,Beijing Children’s Hospital,2017,2022,0000-0003-3508-8834
https://openalex.org/A5100352749,Feng Chen,https://openalex.org/I4210119028,Beijing Anzhen Hospital,2022,2022,0000-0003-3508-8834
https://openalex.org/A5100352749,Feng Chen,https://openalex.org/I97018004,Stanford University,2014,2025,0000-0003-3508-8834
https://openalex.org/A5100352749,Feng Chen,https://openalex.org/I4210096354,The Seventh Affiliated Hospital of Sun Yat-sen University,2023,2023,0000-0003-3508-8834
https://openalex.org/A5100352749,Feng Chen,https://openalex.org/I4210145292,Shenzhen University Health Science Center,2023,2025,0000-0003-3508-8834
https://openalex.org/A5100352749,Feng Chen,https://openalex.org/I16365422,Hefei University of Technology,2022,2023,0000-0003-3508-8834
https://openalex.org/A5100352749,Feng Chen,https://openalex.org/I4210162190,"China University of Petroleum, East China",2022,2022,0000-0003-3508-8834
https://openalex.org/A5100352749,Feng Chen,https://openalex.org/I1320354487,Target (United States),2020,2025,0000-0003-3508-8834
https://openalex.org/A5100352749,Feng Chen,https://openalex.org/I126520041,University of Science and Technology of China,2019,2024,0000-0003-3508-8834
https://openalex.org/A5100352749,Feng Chen,https://openalex.org/I151727225,Harbin Engineering University,2006,2022,0000-0003-3508-8834
https://openalex.org/A5100352749,Feng Chen,https://openalex.org/I4210087915,Massachusetts General Hospital,2023,2024,0000-0003-3508-8834
https://openalex.org/A5100352749,Feng Chen,https://openalex.org/I136199984,Harvard University,2023,2023,0000-0003-3508-8834
https://openalex.org/A5100352749,Feng Chen,https://openalex.org/I1282311441,Lawrence Livermore National Laboratory,2010,2010,0000-0003-3508-8834
https://openalex.org/A5100352749,Feng Chen,https://openalex.org/I1343871089,Los Alamos National Laboratory,2009,2010,0000-0003-3508-8834
https://openalex.org/A5100352749,Feng Chen,https://openalex.org/I1289243028,Oak Ridge National Laboratory,2010,2010,0000-0003-3508-8834
https://openalex.org/A5100352749,Feng Chen,https://openalex.org/I84218800,"University of California, Davis",2010,2010,0000-0003-3508-8834
https://openalex.org/A5100352749,Feng Chen,https://openalex.org/I2799425052,Guangdong General Hospital,2017,2017,0000-0003-3508-8834
https://openalex.org/A5100352749,Feng Chen,https://openalex.org/I4210094836,Ganzhou People's Hospital,2017,2021,0000-0003-3508-8834
https://openalex.org/A5100352749,Feng Chen,https://openalex.org/I4210103346,Nanfang Hospital,2017,2017,0000-0003-3508-8834
https://openalex.org/A5100352749,Feng Chen,https://openalex.org/I58200834,Southern Medical University,2017,2023,0000-0003-3508-8834
https://openalex.org/A5100352749,Feng Chen,https://openalex.org/I4210140515,First Hospital of China Medical University,2016,2020,0000-0003-3508-8834
https://openalex.org/A5100352749,Feng Chen,https://openalex.org/I91656880,China Medical University,2015,2025,0000-0003-3508-8834
https://openalex.org/A5100352749,Feng Chen,https://openalex.org/I76903346,University of Coimbra,2022,2022,0000-0003-3508-8834
https://openalex.org/A5100352749,Feng Chen,https://openalex.org/I4210143568,Central Hospital of Wuhan,2012,2024,0000-0003-3508-8834
https://openalex.org/A5100352749,Feng Chen,https://openalex.org/I47720641,Huazhong University of Science and Technology,2017,2024,0000-0003-3508-8834
https://openalex.org/A5100352749,Feng Chen,https://openalex.org/I4210135994,China Railway Group (China),2025,2025,0000-0003-3508-8834
https://openalex.org/A5100352749,Feng Chen,https://openalex.org/I4387154168,China Railway Eryuan Engineering Group Co.,2025,2025,0000-0003-3508-8834
https://openalex.org/A5100352749,Feng Chen,https://openalex.org/I4210136231,Institute of Cardiology,2018,2018,0000-0003-3508-8834
https://openalex.org/A5100352749,Feng Chen,https://openalex.org/I55712492,Zhejiang University of Technology,2023,2023,0000-0003-3508-8834
https://openalex.org/A5100352749,Feng Chen,https://openalex.org/I27781120,Wenzhou Medical University,2019,2025,0000-0003-3508-8834
https://openalex.org/A5100352749,Feng Chen,https://openalex.org/I199305430,Nantong University,2002,2018,0000-0003-3508-8834
https://openalex.org/A5100352749,Feng Chen,https://openalex.org/I4210147759,Zhejiang Institute of Mechanical and Electrical Engineering,2020,2024,0000-0003-3508-8834
https://openalex.org/A5100352749,Feng Chen,https://openalex.org/I4210158318,Second Affiliated Hospital of Zhejiang University,2010,2010,0000-0003-3508-8834
https://openalex.org/A5100352749,Feng Chen,https://openalex.org/I5740404,Tianjin Medical University,2009,2021,0000-0003-3508-8834
https://openalex.org/A5100352749,Feng Chen,https://openalex.org/I4210162045,Jinhua Central Hospital,2022,2022,0000-0003-3508-8834
https://openalex.org/A5100352749,Feng Chen,https://openalex.org/I12411659,Tianjin University of Traditional Chinese Medicine,2023,2023,0000-0003-3508-8834
https://openalex.org/A5100352749,Feng Chen,https://openalex.org/I4210109619,National Institutes of Pharmaceutical Research and Development (China),2022,2022,0000-0003-3508-8834
https://openalex.org/A5100352749,Feng Chen,https://openalex.org/I881766915,Nanjing University,2013,2025,0000-0003-3508-8834
https://openalex.org/A5100352749,Feng Chen,https://openalex.org/I109935558,Ningbo University,2017,2018,0000-0003-3508-8834
https://openalex.org/A5100352749,Feng Chen,https://openalex.org/I119454577,Nanjing Agricultural University,2018,2024,0000-0003-3508-8834
https://openalex.org/A5100352749,Feng Chen,https://openalex.org/I4210159744,Weifang Chinese Medicine Hospital,2022,2025,0000-0003-3508-8834
https://openalex.org/A5100352749,Feng Chen,https://openalex.org/I4610292,Xiangtan University,2024,2025,0000-0003-3508-8834
https://openalex.org/A5100352749,Feng Chen,https://openalex.org/I2802534033,Tianjin Medical University General Hospital,2020,2022,0000-0003-3508-8834
https://openalex.org/A5100352749,Feng Chen,https://openalex.org/I99065089,Tsinghua University,2022,2025,0000-0003-3508-8834
https://openalex.org/A5100352749,Feng Chen,https://openalex.org/I4210152237,Wenzhou City People's Hospital,2023,2025,0000-0003-3508-8834
https://openalex.org/A5100352749,Feng Chen,https://openalex.org/I6593398,Dali University,2024,2024,0000-0003-3508-8834
https://openalex.org/A5100352749,Feng Chen,https://openalex.org/I92039509,Guangzhou Medical University,2024,2025,0000-0003-3508-8834
https://openalex.org/A5100352749,Feng Chen,https://openalex.org/I37461747,Wuhan University,2012,2025,0000-0003-3508-8834
https://openalex.org/A5100352749,Feng Chen,https://openalex.org/I4210120234,Zhongnan Hospital of Wuhan University,2025,2025,0000-0003-3508-8834
https://openalex.org/A5100352749,Feng Chen,https://openalex.org/I150229711,University of Electronic Science and Technology of China,2014,2025,0000-0003-3508-8834
https://openalex.org/A5100352749,Feng Chen,https://openalex.org/I4210135742,Shanghai First People's Hospital,2022,2025,0000-0003-3508-8834
https://openalex.org/A5100352749,Feng Chen,https://openalex.org/I4210105982,Guangzhou Women and Children Medical Center,2025,2025,0000-0003-3508-8834
https://openalex.org/A5100352749,Feng Chen,https://openalex.org/I59028903,Ocean University of China,2016,2025,0000-0003-3508-8834
https://openalex.org/A5100352749,Feng Chen,https://openalex.org/I79731167,Hainan Medical University,2023,2026,0000-0003-3508-8834
https://openalex.org/A5100352749,Feng Chen,https://openalex.org/I27837315,University of Michigan–Ann Arbor,1999,2001,0000-0003-3508-8834
https://openalex.org/A5100352749,Feng Chen,https://openalex.org/I4390039227,Robert H. Lurie Comprehensive Cancer Center of Northwestern University,2007,2010,0000-0003-3508-8834
https://openalex.org/A5100352749,Feng Chen,https://openalex.org/I19820366,Chinese Academy of Sciences,2008,2022,0000-0003-3508-8834
https://openalex.org/A5100352749,Feng Chen,https://openalex.org/I177933477,Second Military Medical University,2009,2018,0000-0003-3508-8834
https://openalex.org/A5100352749,Feng Chen,https://openalex.org/I4389424196,Deleted Institution,2013,2013,0000-0003-3508-8834
https://openalex.org/A5100352749,Feng Chen,https://openalex.org/I4210106477,Shanghai Institutes for Biological Sciences,2013,2013,0000-0003-3508-8834
https://openalex.org/A5100352749,Feng Chen,https://openalex.org/I4210161528,Qilu Hospital of Shandong University,2008,2008,0000-0003-3508-8834
https://openalex.org/A5100352749,Feng Chen,https://openalex.org/I4210143899,Center for Vascular Biology Research,2010,2012,0000-0003-3508-8834
https://openalex.org/A5100352749,Feng Chen,https://openalex.org/I1343551460,The University of Texas MD Anderson Cancer Center,1996,1996,0000-0003-3508-8834
https://openalex.org/A5100352749,Feng Chen,https://openalex.org/I4210086801,Affiliated Hospital of Nantong University,2002,2002,0000-0003-3508-8834
https://openalex.org/A5100352749,Feng Chen,https://openalex.org/I4210135908,Nanyang Medical College,2001,2002,0000-0003-3508-8834
https://openalex.org/A5100352749,Feng Chen,https://openalex.org/I4210116517,Shandong Provincial Hospital,2002,2002,0000-0003-3508-8834
https://openalex.org/A5100352749,Feng Chen,https://openalex.org/I153297377,Medical University of South Carolina,2006,2006,0000-0003-3508-8834
https://openalex.org/A5100352749,Feng Chen,https://openalex.org/I4210166576,First Affiliated Hospital Zhejiang University,2006,2024,0000-0003-3508-8834
https://openalex.org/A5100352749,Feng Chen,https://openalex.org/I135310074,University of Wisconsin–Madison,2011,2016,0000-0003-3508-8834
https://openalex.org/A5100352749,Feng Chen,https://openalex.org/I149521062,University of Maryland Center for Environmental Science,2013,2023,0000-0003-3508-8834
https://openalex.org/A5100352749,Feng Chen,https://openalex.org/I126744593,"University of Maryland, Baltimore",2008,2013,0000-0003-3508-8834
https://openalex.org/A5100352749,Feng Chen,https://openalex.org/I130238516,University of Minnesota,2012,2012,0000-0003-3508-8834
https://openalex.org/A5100352749,Feng Chen,https://openalex.org/I4210098034,Key Laboratory of Guangdong Province,2017,2022,0000-0003-3508-8834
https://openalex.org/A5100352749,Feng Chen,https://openalex.org/I101479585,South China Agricultural University,2010,2025,0000-0003-3508-8834
https://openalex.org/A5100352749,Feng Chen,https://openalex.org/I4210087969,Guangzhou Center for Disease Control and Prevention,2015,2022,0000-0003-3508-8834
https://openalex.org/A5100352749,Feng Chen,https://openalex.org/I4210087107,Jiangsu Academy of Agricultural Sciences,2015,2025,0000-0003-3508-8834
https://openalex.org/A5100352749,Feng Chen,https://openalex.org/I4210144482,Shanghai Sixth People's Hospital,2015,2023,0000-0003-3508-8834
https://openalex.org/A5100352749,Feng Chen,https://openalex.org/I4210135985,Shanghai University of Medicine and Health Sciences,2017,2017,0000-0003-3508-8834
https://openalex.org/A5100352749,Feng Chen,https://openalex.org/I156144747,Harbin Medical University,2008,2019,0000-0003-3508-8834
https://openalex.org/A5100352749,Feng Chen,https://openalex.org/I151075929,Army Medical University,2017,2025,0000-0003-3508-8834
https://openalex.org/A5100352749,Feng Chen,https://openalex.org/I4210117763,Xinqiao Hospital,2016,2025,0000-0003-3508-8834
https://openalex.org/A5100352749,Feng Chen,https://openalex.org/I191996457,Dalian Medical University,2011,2025,0000-0003-3508-8834
https://openalex.org/A5100352749,Feng Chen,https://openalex.org/I4210140813,First Affiliated Hospital of Dalian Medical University,2011,2023,0000-0003-3508-8834
https://openalex.org/A5100352749,Feng Chen,https://openalex.org/I4210103755,Dahua Hospital,2011,2016,0000-0003-3508-8834
https://openalex.org/A5100352749,Feng Chen,https://openalex.org/I161318765,"University of California, Los Angeles",2010,2012,0000-0003-3508-8834
https://openalex.org/A5100352749,Feng Chen,https://openalex.org/I19700959,Florida International University,2020,2021,0000-0003-3508-8834
https://openalex.org/A5100352749,Feng Chen,https://openalex.org/I4210104954,Shenzhen Center for Disease Control and Prevention,2016,2016,0000-0003-3508-8834
https://openalex.org/A5100352749,Feng Chen,https://openalex.org/I139660479,Central South University,2016,2021,0000-0003-3508-8834
https://openalex.org/A5100352749,Feng Chen,https://openalex.org/I4210159865,Xiangya Hospital Central South University,2016,2016,0000-0003-3508-8834
https://openalex.org/A5100352749,Feng Chen,https://openalex.org/I4210086973,Affiliated Eye Hospital of Wenzhou Medical College,2019,2019,0000-0003-3508-8834
https://openalex.org/A5100352749,Feng Chen,https://openalex.org/I111483173,King University,2014,2018,0000-0003-3508-8834
https://openalex.org/A5100352749,Feng Chen,https://openalex.org/I4210150196,Kyoto University Hospital,2010,2010,0000-0003-3508-8834
https://openalex.org/A5100352749,Feng Chen,https://openalex.org/I89652312,Northwest A&F University,2016,2016,0000-0003-3508-8834
https://openalex.org/A5100352749,Feng Chen,https://openalex.org/I4750791,Henan Agricultural University,2017,2017,0000-0003-3508-8834
https://openalex.org/A5100352749,Feng Chen,https://openalex.org/I138006243,University of Arizona,2018,2018,0000-0003-3508-8834
https://openalex.org/A5100352749,Feng Chen,https://openalex.org/I176834541,Guangdong Medical College,2018,2022,0000-0003-3508-8834
https://openalex.org/A5100352749,Feng Chen,https://openalex.org/I4210139237,First Hospital of Jiaxing,2003,2021,0000-0003-3508-8834
https://openalex.org/A5100352749,Feng Chen,https://openalex.org/I76835614,University of Missouri,2022,2022,0000-0003-3508-8834
https://openalex.org/A5100352749,Feng Chen,https://openalex.org/I158842170,Chongqing University,2017,2020,0000-0003-3508-8834
https://openalex.org/A5100352749,Feng Chen,https://openalex.org/I4210135470,Chongqing Emergency Medical Center,2020,2020,0000-0003-3508-8834
https://openalex.org/A5100352749,Feng Chen,https://openalex.org/I1330989302,United States Department of Energy,2012,2012,0000-0003-3508-8834
https://openalex.org/A5100352749,Feng Chen,https://openalex.org/I5388228,University of Rochester,2018,2019,0000-0003-3508-8834
https://openalex.org/A5100352749,Feng Chen,https://openalex.org/I4210124033,Blood Center of Zhejiang Province,2019,2019,0000-0003-3508-8834
https://openalex.org/A5100352749,Feng Chen,https://openalex.org/I22407884,University of Maryland Eastern Shore,2016,2016,0000-0003-3508-8834
https://openalex.org/A5100352749,Feng Chen,https://openalex.org/I115592961,Jiangsu University,2021,2021,0000-0003-3508-8834
https://openalex.org/A5100352749,Feng Chen,https://openalex.org/I253932293,Anhui University of Traditional Chinese Medicine,2022,2025,0000-0003-3508-8834
https://openalex.org/A5100352749,Feng Chen,https://openalex.org/I2802624667,Hefei Institutes of Physical Science,2023,2025,0000-0003-3508-8834
https://openalex.org/A5100352749,Feng Chen,https://openalex.org/I2801228662,Peking Union Medical College Hospital,2020,2023,0000-0003-3508-8834
https://openalex.org/A5100352749,Feng Chen,https://openalex.org/I4210161896,Fu Wai Hospital,2022,2022,0000-0003-3508-8834
https://openalex.org/A5100352749,Feng Chen,https://openalex.org/I4210139944,Institute of Forensic Science,2022,2022,0000-0003-3508-8834
https://openalex.org/A5100352749,Feng Chen,https://openalex.org/I179060312,Northeast Electric Power University,2017,2020,0000-0003-3508-8834
https://openalex.org/A5100352749,Feng Chen,https://openalex.org/I4210087691,Beijing Tian Tan Hospital,2020,2023,0000-0003-3508-8834
https://openalex.org/A5100352749,Feng Chen,https://openalex.org/I82880672,Beihang University,2008,2013,0000-0003-3508-8834
https://openalex.org/A5100352749,Feng Chen,https://openalex.org/I177725633,Chinese University of Hong Kong,2021,2023,0000-0003-3508-8834
https://openalex.org/A5100352749,Feng Chen,https://openalex.org/I111599522,Jiangnan University,2023,2023,0000-0003-3508-8834
https://openalex.org/A5100352749,Feng Chen,https://openalex.org/I4210152154,State Key Laboratory of Food Science and Technology,2023,2024,0000-0003-3508-8834
https://openalex.org/A5100352749,Feng Chen,https://openalex.org/I4210153930,Guangdong Provincial People's Hospital,2022,2022,0000-0003-3508-8834
https://openalex.org/A5100352749,Feng Chen,https://openalex.org/I129708740,Fujian Medical University,2012,2025,0000-0003-3508-8834
https://openalex.org/A5100352749,Feng Chen,https://openalex.org/I4210134617,Second Affiliated Hospital of Fujian Medical University,2023,2025,0000-0003-3508-8834
https://openalex.org/A5100352749,Feng Chen,https://openalex.org/I4210089514,National Clinical Research Center for Digestive Diseases,2024,2024,0000-0003-3508-8834
https://openalex.org/A5100352749,Feng Chen,https://openalex.org/I1344073410,Howard Hughes Medical Institute,1999,1999,0000-0003-3508-8834
https://openalex.org/A5100352749,Feng Chen,https://openalex.org/I1288882113,Boston Children's Hospital,2006,2006,0000-0003-3508-8834
https://openalex.org/A5100352749,Feng Chen,https://openalex.org/I1286490081,Boston Medical Center,2017,2017,0000-0003-3508-8834
https://openalex.org/A5100352749,Feng Chen,https://openalex.org/I44461941,University of Houston,1993,2003,0000-0003-3508-8834
https://openalex.org/A5100352749,Feng Chen,https://openalex.org/I4210154593,Beijing Shijitan Hospital,2016,2017,0000-0003-3508-8834
https://openalex.org/A5100352749,Feng Chen,https://openalex.org/I7935750,Leibniz Institute DSMZ – German Collection of Microorganisms and Cell Cultures,2009,2009,0000-0003-3508-8834
https://openalex.org/A5100352749,Feng Chen,https://openalex.org/I4210124900,Inner Mongolia People's Hospital,2013,2013,0000-0003-3508-8834
https://openalex.org/A5100352749,Feng Chen,https://openalex.org/I146620803,Wenzhou University,2014,2014,0000-0003-3508-8834
https://openalex.org/A5100352749,Feng Chen,https://openalex.org/I24185976,Sichuan University,2013,2025,0000-0003-3508-8834
https://openalex.org/A5100352749,Feng Chen,https://openalex.org/I4210089761,West China Hospital of Sichuan University,2013,2025,0000-0003-3508-8834
https://openalex.org/A5100352749,Feng Chen,https://openalex.org/I14116566,Wuhan Polytechnic University,2014,2014,0000-0003-3508-8834
https://openalex.org/A5100352749,Feng Chen,https://openalex.org/I4210137217,"Women's Hospital, School of Medicine, Zhejiang University",2018,2018,0000-0003-3508-8834
https://openalex.org/A5100352749,Feng Chen,https://openalex.org/I4210133251,Wuxi Ninth People's Hospital,2009,2009,0000-0003-3508-8834
https://openalex.org/A5100352749,Feng Chen,https://openalex.org/I4210154710,Wuxi Taihu Hospital,2009,2009,0000-0003-3508-8834
https://openalex.org/A5100352749,Feng Chen,https://openalex.org/I4210158071,Wuxi People's Hospital,2009,2025,0000-0003-3508-8834
https://openalex.org/A5100352749,Feng Chen,https://openalex.org/I3923682,Soochow University,2009,2009,0000-0003-3508-8834
https://openalex.org/A5100352749,Feng Chen,https://openalex.org/I2799552245,Shenhua Group (China),2015,2015,0000-0003-3508-8834
https://openalex.org/A5100352749,Feng Chen,https://openalex.org/I4210115928,Changhai Hospital,2011,2018,0000-0003-3508-8834
https://openalex.org/A5100352749,Feng Chen,https://openalex.org/I4210131761,Wen's Food Group (China),2019,2019,0000-0003-3508-8834
https://openalex.org/A5100352749,Feng Chen,https://openalex.org/I113940042,Shanghai University,2019,2019,0000-0003-3508-8834
https://openalex.org/A5100352749,Feng Chen,https://openalex.org/I4210138186,Wuhan National Laboratory for Optoelectronics,2020,2020,0000-0003-3508-8834
https://openalex.org/A5100352749,Feng Chen,https://openalex.org/I4210127390,State Council of the People's Republic of China,2020,2020,0000-0003-3508-8834
https://openalex.org/A5100352749,Feng Chen,https://openalex.org/I4210150072,Central Hospital of Zibo,2011,2017,0000-0003-3508-8834
https://openalex.org/A5100352749,Feng Chen,https://openalex.org/I4210101660,Ningbo No. 2 Hospital,2019,2019,0000-0003-3508-8834
https://openalex.org/A5100352749,Feng Chen,https://openalex.org/I4210164142,Ningbo No.6 Hospital,2019,2019,0000-0003-3508-8834
https://openalex.org/A5100352749,Feng Chen,https://openalex.org/I4210113377,Ningbo Medical Center Lihuili Hospital,2019,2019,0000-0003-3508-8834
https://openalex.org/A5100352749,Feng Chen,https://openalex.org/I4210146059,Jiangxi Provincial Children's Hospital,2021,2025,0000-0003-3508-8834
https://openalex.org/A5100352749,Feng Chen,https://openalex.org/I4210151987,Ministry of Agriculture and Rural Affairs,2021,2025,0000-0003-3508-8834
https://openalex.org/A5100352749,Feng Chen,https://openalex.org/I172675005,Nanyang Technological University,2015,2026,0000-0003-3508-8834
https://openalex.org/A5100352749,Feng Chen,https://openalex.org/I143868143,Anhui University,2021,2025,0000-0003-3508-8834
https://openalex.org/A5100352749,Feng Chen,https://openalex.org/I308837,Suzhou University of Science and Technology,2017,2017,0000-0003-3508-8834
https://openalex.org/A5100352749,Feng Chen,https://openalex.org/I1318643470,Union Hospital,2021,2022,0000-0003-3508-8834
https://openalex.org/A5100352749,Feng Chen,https://openalex.org/I4210097509,Second Affiliated Hospital of Chongqing Medical University,2023,2025,0000-0003-3508-8834
https://openalex.org/A5100352749,Feng Chen,https://openalex.org/I2801577699,Beijing Institute of Genomics,2008,2009,0000-0003-3508-8834
https://openalex.org/A5100352749,Feng Chen,https://openalex.org/I1341412227,IBM (United States),2011,2011,0000-0003-3508-8834
https://openalex.org/A5100352749,Feng Chen,https://openalex.org/I4210126794,IBM Research (China),2011,2011,0000-0003-3508-8834
https://openalex.org/A5100352749,Feng Chen,https://openalex.org/I4210111592,Office of the Chief Medical Examiner,2017,2017,0000-0003-3508-8834
https://openalex.org/A5100352749,Feng Chen,https://openalex.org/I6059380,University of Baltimore,2017,2017,0000-0003-3508-8834
https://openalex.org/A5100352749,Feng Chen,https://openalex.org/I4210127266,First Affiliated Hospital of Chengdu Medical College,2022,2022,0000-0003-3508-8834
https://openalex.org/A5100352749,Feng Chen,https://openalex.org/I4210156162,Nanjing Jiangning Hospital,2023,2023,0000-0003-3508-8834
https://openalex.org/A5100352749,Feng Chen,https://openalex.org/I21642278,Ningxia University,2023,2025,0000-0003-3508-8834
https://openalex.org/A5100352749,Feng Chen,https://openalex.org/I4210108565,Affiliated Hospital of North Sichuan Medical College,2023,2023,0000-0003-3508-8834
https://openalex.org/A5100352749,Feng Chen,https://openalex.org/I105086349,North Sichuan Medical University,2022,2023,0000-0003-3508-8834
https://openalex.org/A5100352749,Feng Chen,https://openalex.org/I4210120929,Zhujiang Hospital,2023,2023,0000-0003-3508-8834
https://openalex.org/A5100352749,Feng Chen,https://openalex.org/I44675526,Shanghai Ocean University,2023,2023,0000-0003-3508-8834
https://openalex.org/A5100352749,Feng Chen,https://openalex.org/I4210133784,First Affiliated Hospital of Gannan Medical University,2022,2023,0000-0003-3508-8834
https://openalex.org/A5100352749,Feng Chen,https://openalex.org/I4210112069,Theranostics (New Zealand),2023,2025,0000-0003-3508-8834
https://openalex.org/A5100352749,Feng Chen,https://openalex.org/I78978612,Yangzhou University,2022,2022,0000-0003-3508-8834
https://openalex.org/A5100352749,Feng Chen,https://openalex.org/I4210118178,Yangzhou Polytechnic Institute,2022,2022,0000-0003-3508-8834
https://openalex.org/A5100352749,Feng Chen,https://openalex.org/I4210121761,First Affiliated Hospital of Fujian Medical University,2023,2023,0000-0003-3508-8834
https://openalex.org/A5100352749,Feng Chen,https://openalex.org/I118783713,Fujian University of Traditional Chinese Medicine,2025,2025,0000-0003-3508-8834
https://openalex.org/A5100352749,Feng Chen,https://openalex.org/I4210108542,Schlumberger (Ireland),2009,2009,0000-0003-3508-8834
https://openalex.org/A5100352749,Feng Chen,https://openalex.org/I1312106833,Biotechnology Institute,2008,2008,0000-0003-3508-8834
https://openalex.org/A5100352749,Feng Chen,https://openalex.org/I102345215,Xihua University,2019,2019,0000-0003-3508-8834
https://openalex.org/A5100352749,Feng Chen,https://openalex.org/I4210113795,Hubei University of Arts and Science,2014,2023,0000-0003-3508-8834
https://openalex.org/A5100352749,Feng Chen,https://openalex.org/I4210119234,Xiangyang Central Hospital,2013,2023,0000-0003-3508-8834
https://openalex.org/A5100352749,Feng Chen,https://openalex.org/I2801572250,Jacksonville College,2010,2010,0000-0003-3508-8834
https://openalex.org/A5100352749,Feng Chen,https://openalex.org/I2802423016,WinnMed,2010,2010,0000-0003-3508-8834
https://openalex.org/A5100352749,Feng Chen,https://openalex.org/I4210146710,Mayo Clinic in Florida,2010,2010,0000-0003-3508-8834
https://openalex.org/A5100352749,Feng Chen,https://openalex.org/I4210114781,Wuxi Fourth People's Hospital,2012,2012,0000-0003-3508-8834
https://openalex.org/A5100352749,Feng Chen,https://openalex.org/I2801227569,Ghent University Hospital,2017,2017,0000-0003-3508-8834
https://openalex.org/A5100352749,Feng Chen,https://openalex.org/I198959115,Changzhi Medical College,2020,2020,0000-0003-3508-8834
https://openalex.org/A5100352749,Feng Chen,https://openalex.org/I4210143087,Fujian Provincial Hospital,2012,2020,0000-0003-3508-8834
https://openalex.org/A5100352749,Feng Chen,https://openalex.org/I4210157781,Shanghai Clinical Research Center,2020,2020,0000-0003-3508-8834
https://openalex.org/A5100352749,Feng Chen,https://openalex.org/I4210140387,TCM-Intigrated Cancer Center of Southern Medical University,2020,2020,0000-0003-3508-8834
https://openalex.org/A5100352749,Feng Chen,https://openalex.org/I4210087374,Nanjing Health and Health Commission,2021,2021,0000-0003-3508-8834
https://openalex.org/A5100352749,Feng Chen,https://openalex.org/I4210111013,Nanjing Drum Tower Hospital,2005,2013,0000-0003-3508-8834
https://openalex.org/A5100352749,Feng Chen,https://openalex.org/I4210132332,Bethune International Peace Hospital,2017,2017,0000-0003-3508-8834
https://openalex.org/A5100352749,Feng Chen,https://openalex.org/I4210086248,Affiliated Hospital of Southwest Medical University,2018,2020,0000-0003-3508-8834
https://openalex.org/A5100352749,Feng Chen,https://openalex.org/I90610280,South China University of Technology,2022,2022,0000-0003-3508-8834
https://openalex.org/A5100352749,Feng Chen,https://openalex.org/I890469752,Ministry of Industry and Information Technology,2021,2022,0000-0003-3508-8834
https://openalex.org/A5100352749,Feng Chen,https://openalex.org/I4210093384,Third People's Hospital of Chengdu,2023,2023,0000-0003-3508-8834
https://openalex.org/A5100352749,Feng Chen,https://openalex.org/I4210097978,Institute of Plant Protection,2022,2022,0000-0003-3508-8834
https://openalex.org/A5100352749,Feng Chen,https://openalex.org/I4210138501,Chinese Academy of Agricultural Sciences,2022,2022,0000-0003-3508-8834
https://openalex.org/A5100352749,Feng Chen,https://openalex.org/I182386381,Zunyi Medical University,2022,2023,0000-0003-3508-8834
https://openalex.org/A5100352749,Feng Chen,https://openalex.org/I142108993,Southwest University,2023,2023,0000-0003-3508-8834
https://openalex.org/A5100352749,Feng Chen,https://openalex.org/I4210113195,Gannan Medical University,2022,2022,0000-0003-3508-8834
https://openalex.org/A5100352749,Feng Chen,https://openalex.org/I4210099512,Second Affiliated Hospital & Yuying Children's Hospital of Wenzhou Medical University,2021,2025,0000-0003-3508-8834
https://openalex.org/A5100352749,Feng Chen,https://openalex.org/I4210163926,Zhejiang Medicine (China),2025,2025,0000-0003-3508-8834
https://openalex.org/A5100352749,Feng Chen,https://openalex.org/I4210105806,Zhongda Hospital Southeast University,2003,2003,0000-0003-3508-8834
https://openalex.org/A5100352749,Feng Chen,https://openalex.org/I186776151,Rider University,1991,1997,0000-0003-3508-8834
https://openalex.org/A5100352749,Feng Chen,https://openalex.org/I4210122309,Fourth Affiliated Hospital of Harbin Medical University,2015,2015,0000-0003-3508-8834
https://openalex.org/A5100352749,Feng Chen,https://openalex.org/I111088046,Boston University,2016,2016,0000-0003-3508-8834
https://openalex.org/A5100352749,Feng Chen,https://openalex.org/I4210163417,Institute of Hydroecology,2014,2015,0000-0003-3508-8834
https://openalex.org/A5100352749,Feng Chen,https://openalex.org/I4210155611,Ministry of Water Resources of the People's Republic of China,2014,2015,0000-0003-3508-8834
https://openalex.org/A5100352749,Feng Chen,https://openalex.org/I154099455,Shandong University,2001,2021,0000-0003-3508-8834
https://openalex.org/A5100352749,Feng Chen,https://openalex.org/I46529539,Chinese Academy of Fishery Sciences,2022,2023,0000-0003-3508-8834
https://openalex.org/A5100352749,Feng Chen,https://openalex.org/I134052481,Harbin Normal University,2022,2023,0000-0003-3508-8834
https://openalex.org/A5100352749,Feng Chen,https://openalex.org/I4210123932,Fuyang Maternity and Child Health Care Hospital,2023,2023,0000-0003-3508-8834
https://openalex.org/A5100352749,Feng Chen,https://openalex.org/I196829312,La Trobe University,2010,2014,0000-0003-3508-8834
https://openalex.org/A5100352749,Feng Chen,https://openalex.org/I4210119785,Zoucheng People's Hospital,2013,2013,0000-0003-3508-8834
https://openalex.org/A5100352749,Feng Chen,https://openalex.org/I17442442,State Grid Corporation of China (China),2020,2020,0000-0003-3508-8834
https://openalex.org/A5100352749,Feng Chen,https://openalex.org/I74872605,China Southern Power Grid (China),2020,2020,0000-0003-3508-8834
https://openalex.org/A5100352749,Feng Chen,https://openalex.org/I4210125402,Hubei Zhongshan Hospital,2012,2022,0000-0003-3508-8834
https://openalex.org/A5100352749,Feng Chen,https://openalex.org/I204823248,Huazhong Agricultural University,2023,2023,0000-0003-3508-8834
https://openalex.org/A5100352749,Feng Chen,https://openalex.org/I4210106541,Chengdu Organic Chemicals (China),2024,2024,0000-0003-3508-8834
https://openalex.org/A5100352749,Feng Chen,https://openalex.org/I4210153274,Shandong Provincial QianFoShan Hospital,2014,2019,0000-0003-3508-8834
https://openalex.org/A5100352749,Feng Chen,https://openalex.org/I822440,Okanagan University College,2021,2021,0000-0003-3508-8834
https://openalex.org/A5100352749,Feng Chen,https://openalex.org/I4210107594,Zhongshan People's Hospital,2023,2023,0000-0003-3508-8834
https://openalex.org/A5100352749,Feng Chen,https://openalex.org/I78988378,Renmin University of China,2024,2024,0000-0003-3508-8834
https://openalex.org/A5100352749,Feng Chen,https://openalex.org/I141649914,Nanchang University,2013,2024,0000-0003-3508-8834
https://openalex.org/A5100352749,Feng Chen,https://openalex.org/I264058686,Dendreon (United States),2002,2002,0000-0003-3508-8834
https://openalex.org/A5100352749,Feng Chen,https://openalex.org/I4210092944,Dalian University,2013,2013,0000-0003-3508-8834
https://openalex.org/A5100352749,Feng Chen,https://openalex.org/I27357992,Dalian University of Technology,2013,2013,0000-0003-3508-8834
https://openalex.org/A5100352749,Feng Chen,https://openalex.org/I4210112569,Nanhua University,2022,2022,0000-0003-3508-8834
https://openalex.org/A5100352749,Feng Chen,https://openalex.org/I17145004,Northwestern Polytechnical University,2016,2016,0000-0003-3508-8834
https://openalex.org/A5100352749,Feng Chen,https://openalex.org/I4210158774,Zhejiang Taizhou Hospital,2020,2020,0000-0003-3508-8834
https://openalex.org/A5100352749,Feng Chen,https://openalex.org/I134687103,Nanjing Tech University,2022,2022,0000-0003-3508-8834
https://openalex.org/A5100352749,Feng Chen,https://openalex.org/I889458895,University of Hong Kong,2022,2025,0000-0003-3508-8834
https://openalex.org/A5100352749,Feng Chen,https://openalex.org/I4210156423,National Engineering Research Center for Information Technology in Agriculture,2023,2023,0000-0003-3508-8834
https://openalex.org/A5100352749,Feng Chen,https://openalex.org/I180726961,Shenzhen University,2023,2023,0000-0003-3508-8834
https://openalex.org/A5100352749,Feng Chen,https://openalex.org/I63371133,Chongqing Jiaotong University,2024,2025,0000-0003-3508-8834
https://openalex.org/A5100352749,Feng Chen,https://openalex.org/I4210103894,Hefei National Center for Physical Sciences at Nanoscale,2024,2024,0000-0003-3508-8834
https://openalex.org/A5100352749,Feng Chen,https://openalex.org/I160354086,Guangxi Medical University,2024,2024,0000-0003-3508-8834
https://openalex.org/A5100352749,Feng Chen,https://openalex.org/I4210133959,The Second Nanning People's Hospital,2024,2024,0000-0003-3508-8834
https://openalex.org/A5100352749,Feng Chen,https://openalex.org/I36399199,Nanjing University of Science and Technology,2024,2025,0000-0003-3508-8834
https://openalex.org/A5100352749,Feng Chen,https://openalex.org/I4210128482,Jiangsu Cancer Hospital,2025,2025,0000-0003-3508-8834
https://openalex.org/A5100352749,Feng Chen,https://openalex.org/I4210163492,First Hospital of Lanzhou University,2025,2025,0000-0003-3508-8834
https://openalex.org/A5100352749,Feng Chen,https://openalex.org/I76214153,Lanzhou University,2023,2025,0000-0003-3508-8834
https://openalex.org/A5100352749,Feng Chen,https://openalex.org/I116953780,Tongji University,2023,2025,0000-0003-3508-8834
https://openalex.org/A5100352749,Feng Chen,https://openalex.org/I4210091343,Shanghai Stomatological Hospital,2025,2025,0000-0003-3508-8834
https://openalex.org/A5100352749,Feng Chen,https://openalex.org/I4210132741,Shanghai Tenth People's Hospital,2025,2025,0000-0003-3508-8834
https://openalex.org/A5100352749,Feng Chen,https://openalex.org/I191208505,Xiamen University,2025,2025,0000-0003-3508-8834
https://openalex.org/A5100352749,Feng Chen,https://openalex.org/I8692664,University of Oklahoma,2000,2001,0000-0003-3508-8834
https://openalex.org/A5100352749,Feng Chen,https://openalex.org/I1311218312,Semiconductor Manufacturing International (Italy),2011,2014,0000-0003-3508-8834
https://openalex.org/A5100352749,Feng Chen,https://openalex.org/I4210098425,The First People's Hospital of Shunde,2018,2018,0000-0003-3508-8834
https://openalex.org/A5100352749,Feng Chen,https://openalex.org/I170215575,National University of Defense Technology,2009,2009,0000-0003-3508-8834
https://openalex.org/A5100352749,Feng Chen,https://openalex.org/I4210147617,Ministry of Education,2016,2016,0000-0003-3508-8834
https://openalex.org/A5100352749,Feng Chen,https://openalex.org/I24201400,Chengdu University of Information Technology,2017,2023,0000-0003-3508-8834
https://openalex.org/A5100352749,Feng Chen,https://openalex.org/I50632499,Chongqing University of Technology,2010,2010,0000-0003-3508-8834
https://openalex.org/A5100352749,Feng Chen,https://openalex.org/I4210124246,CITIC Group (China),2021,2021,0000-0003-3508-8834
https://openalex.org/A5100352749,Feng Chen,https://openalex.org/I4210089486,Fred Hutch Cancer Center,2022,2022,0000-0003-3508-8834
https://openalex.org/A5100352749,Feng Chen,https://openalex.org/I4210114483,Chongqing Vocational and Technical University of Mechatronics,2012,2012,0000-0003-3508-8834
https://openalex.org/A5100352749,Feng Chen,https://openalex.org/I4210090603,Rice Research Institute,2010,2010,0000-0003-3508-8834
https://openalex.org/A5100352749,Feng Chen,https://openalex.org/I4210110961,Anhui Academy of Agricultural Sciences,2010,2010,0000-0003-3508-8834
https://openalex.org/A5100352749,Feng Chen,https://openalex.org/I4210086096,Haikou City People's Hospital,2016,2016,0000-0003-3508-8834
https://openalex.org/A5100352749,Feng Chen,https://openalex.org/I4210090625,Nanjing Children's Hospital,2010,2025,0000-0003-3508-8834
https://openalex.org/A5100352749,Feng Chen,https://openalex.org/I142263535,University of Nottingham,2021,2021,0000-0003-3508-8834
https://openalex.org/A5100352749,Feng Chen,https://openalex.org/I4210147332,Beijing YouAn Hospital,2021,2024,0000-0003-3508-8834
https://openalex.org/A5100352749,Feng Chen,https://openalex.org/I154425047,University of Alberta,2001,2001,0000-0003-3508-8834
https://openalex.org/A5100352749,Feng Chen,https://openalex.org/I18489884,Kunming Institute of Zoology,2022,2022,0000-0003-3508-8834
https://openalex.org/A5100352749,Feng Chen,https://openalex.org/I4210135735,Institute of Geochemistry,1990,1990,0000-0003-3508-8834
https://openalex.org/A5100352749,Feng Chen,https://openalex.org/I859038795,Virginia Tech,2007,2007,0000-0003-3508-8834
https://openalex.org/A5100352749,Feng Chen,https://openalex.org/I57206974,New York University,2023,2023,0000-0003-3508-8834
https://openalex.org/A5100352749,Feng Chen,https://openalex.org/I139787848,Capital University,2021,2022,0000-0003-3508-8834
https://openalex.org/A5100352749,Feng Chen,https://openalex.org/I4210166946,Imaging Center,2019,2019,0000-0003-3508-8834
https://openalex.org/A5100352749,Feng Chen,https://openalex.org/I4210092582,Guizhou Academy of Agricultural Sciences,2024,2024,0000-0003-3508-8834
https://openalex.org/A5100352749,Feng Chen,https://openalex.org/I4210139481,Science and Technology Department of Sichuan Province,2011,2011,0000-0003-3508-8834
https://openalex.org/A5100352749,Feng Chen,https://openalex.org/I36152291,Henan University of Technology,2014,2014,0000-0003-3508-8834
https://openalex.org/A5100352749,Feng Chen,https://openalex.org/I21741975,Changshu Institute of Technology,2013,2026,0000-0003-3508-8834
https://openalex.org/A5100352749,Feng Chen,https://openalex.org/I927159995,ASM International,2013,2013,0000-0003-3508-8834
https://openalex.org/A5100352749,Feng Chen,https://openalex.org/I4210126375,Ten Chen Hospital,2013,2014,0000-0003-3508-8834
https://openalex.org/A5100352749,Feng Chen,https://openalex.org/I900231141,CAE (Canada),2010,2010,0000-0003-3508-8834
https://openalex.org/A5100352749,Feng Chen,https://openalex.org/I4210163399,Shandong First Medical University,2011,2024,0000-0003-3508-8834
https://openalex.org/A5100352749,Feng Chen,https://openalex.org/I4210162355,Jinan City People's Hospital,2011,2011,0000-0003-3508-8834
https://openalex.org/A5100352749,Feng Chen,https://openalex.org/I4210146340,Affiliated Hospital of Guilin Medical College,2009,2011,0000-0003-3508-8834
https://openalex.org/A5100352749,Feng Chen,https://openalex.org/I4210088194,First Affiliated Hospital of Sichuan Medical University,2013,2013,0000-0003-3508-8834
https://openalex.org/A5100352749,Feng Chen,https://openalex.org/I3017480383,Southwest Medical University,2013,2013,0000-0003-3508-8834
https://openalex.org/A5100352749,Feng Chen,https://openalex.org/I1308199089,Harbin University,2015,2015,0000-0003-3508-8834
https://openalex.org/A5100352749,Feng Chen,https://openalex.org/I184490438,Chinese Center For Disease Control and Prevention,2008,2019,0000-0003-3508-8834
https://openalex.org/A5100352749,Feng Chen,https://openalex.org/I4210102684,JiangSu Armed Police General Hospital,2012,2012,0000-0003-3508-8834
https://openalex.org/A5100352749,Feng Chen,https://openalex.org/I4396570617,Chinese People's Armed Police Force,2012,2012,0000-0003-3508-8834
https://openalex.org/A5100352749,Feng Chen,https://openalex.org/I108688024,Qingdao University,2012,2012,0000-0003-3508-8834
https://openalex.org/A5100352749,Feng Chen,https://openalex.org/I28792581,University of Rochester Medical Center,2019,2019,0000-0003-3508-8834
https://openalex.org/A5100352749,Feng Chen,https://openalex.org/I4210120668,Creative Commons,2019,2019,0000-0003-3508-8834
https://openalex.org/A5100352749,Feng Chen,https://openalex.org/I4210098607,Jilin Province Tumor Hospital,2013,2013,0000-0003-3508-8834
https://openalex.org/A5100352749,Feng Chen,https://openalex.org/I4210114938,Shenyang First People's Hospital,2019,2019,0000-0003-3508-8834
https://openalex.org/A5100352749,Feng Chen,https://openalex.org/I4210129556,People's Hospital of Shiyan,2017,2017,0000-0003-3508-8834
https://openalex.org/A5100352749,Feng Chen,https://openalex.org/I4210159428,Children's Hospital of Chongqing Medical University,2011,2025,0000-0003-3508-8834
https://openalex.org/A5100352749,Feng Chen,https://openalex.org/I4210117827,Guangzhou Development Zone Hospital,2008,2008,0000-0003-3508-8834
https://openalex.org/A5100352749,Feng Chen,https://openalex.org/I271893122,National Health and Family Planning Commission,2016,2016,0000-0003-3508-8834
https://openalex.org/A5100352749,Feng Chen,https://openalex.org/I4210130930,Peking University First Hospital,2012,2012,0000-0003-3508-8834
https://openalex.org/A5100352749,Feng Chen,https://openalex.org/I4210108480,Second Affiliated Hospital of Nanchang University,2013,2013,0000-0003-3508-8834
https://openalex.org/A5100352749,Feng Chen,https://openalex.org/I4210130660,Xi'an High Tech University,2020,2020,0000-0003-3508-8834
https://openalex.org/A5100352749,Feng Chen,https://openalex.org/I4210110108,Aerospace Center Hospital,2020,2020,0000-0003-3508-8834
https://openalex.org/A5100352749,Feng Chen,https://openalex.org/I4210104616,Taizhou Municipal Hospital,2021,2021,0000-0003-3508-8834
https://openalex.org/A5100352749,Feng Chen,https://openalex.org/I4210153856,Second Xiangya Hospital of Central South University,2021,2021,0000-0003-3508-8834
https://openalex.org/A5100352749,Feng Chen,https://openalex.org/I152031979,Nanjing Normal University,2021,2021,0000-0003-3508-8834
https://openalex.org/A5100352749,Feng Chen,https://openalex.org/I162868743,Tianjin University,2018,2018,0000-0003-3508-8834
https://openalex.org/A5100352749,Feng Chen,https://openalex.org/I2802541053,Academy of Military Medical Sciences,2020,2020,0000-0003-3508-8834
https://openalex.org/A5100352749,Feng Chen,https://openalex.org/I4391767661,State Key Laboratory of Reproductive Medicine,2022,2022,0000-0003-3508-8834
https://openalex.org/A5100352749,Feng Chen,https://openalex.org/I4210086011,China International Science and Technology Cooperation,2022,2022,0000-0003-3508-8834
https://openalex.org/A5100352749,Feng Chen,https://openalex.org/I4210158865,Affiliated Hospital of Guangdong Medical College Hospital,2022,2022,0000-0003-3508-8834
https://openalex.org/A5100352749,Feng Chen,https://openalex.org/I4210100255,Beijing Academy of Artificial Intelligence,2023,2023,0000-0003-3508-8834
https://openalex.org/A5100352749,Feng Chen,https://openalex.org/I4210106451,Jinan Central Hospital,2024,2024,0000-0003-3508-8834
https://openalex.org/A5100352749,Feng Chen,https://openalex.org/I4210164339,Oldham Council,2024,2024,0000-0003-3508-8834
https://openalex.org/A5100352749,Feng Chen,https://openalex.org/I4210092654,Longgang Central Hospital,2023,2025,0000-0003-3508-8834
https://openalex.org/A5100352749,Feng Chen,https://openalex.org/I2801851002,Harvard University Press,2023,2023,0000-0003-3508-8834
https://openalex.org/A5100352749,Feng Chen,https://openalex.org/I31683504,Beijing Forestry University,2023,2023,0000-0003-3508-8834
https://openalex.org/A5100352749,Feng Chen,https://openalex.org/I4210138803,National Engineering Research Center for Nanotechnology,2023,2023,0000-0003-3508-8834
https://openalex.org/A5100352749,Feng Chen,https://openalex.org/I82760581,Taizhou University,2023,2023,0000-0003-3508-8834
https://openalex.org/A5100352749,Feng Chen,https://openalex.org/I4210152119,Jiangsu Province Hospital,2024,2024,0000-0003-3508-8834
https://openalex.org/A5100352749,Feng Chen,https://openalex.org/I185261750,University of Toronto,2024,2024,0000-0003-3508-8834
https://openalex.org/A5100352749,Feng Chen,https://openalex.org/I4210114400,Hangzhou Women’s Hospital,2025,2025,0000-0003-3508-8834
https://openalex.org/A5100352749,Feng Chen,https://openalex.org/I3129293551,Tarim University,2025,2025,0000-0003-3508-8834
https://openalex.org/A5100352749,Feng Chen,https://openalex.org/I153473198,North China Electric Power University,2025,2025,0000-0003-3508-8834
https://openalex.org/A5100352749,Feng Chen,https://openalex.org/I3129496460,Lishui University,2025,2025,0000-0003-3508-8834
https://openalex.org/A5100352749,Feng Chen,https://openalex.org/I4210125219,Lishui City People's Hospital,2025,2025,0000-0003-3508-8834
https://openalex.org/A5100352749,Feng Chen,https://openalex.org/I196699116,Wuhan University of Technology,2025,2025,0000-0003-3508-8834
https://openalex.org/A5100352749,Feng Chen,https://openalex.org/I4210108305,Chongqing Maternal and Child Health Hospital,2025,2025,0000-0003-3508-8834
https://openalex.org/A5100352749,Feng Chen,https://openalex.org/I4210150108,Tianjin Chest Hospital,2025,2025,0000-0003-3508-8834
https://openalex.org/A5100352749,Feng Chen,https://openalex.org/I4210148362,Jingzhou Central Hospital,2025,2025,0000-0003-3508-8834
https://openalex.org/A5100352749,Feng Chen,https://openalex.org/I173759888,Hunan Normal University,2025,2025,0000-0003-3508-8834
https://openalex.org/A5100352749,Feng Chen,https://openalex.org/I4210164332,Shenzhen Second People's Hospital,2025,2025,0000-0003-3508-8834
https://openalex.org/A5100352749,Feng Chen,https://openalex.org/I4210090489,State Key Laboratory of Pollution Control and Resource Reuse,2025,2025,0000-0003-3508-8834
https://openalex.org/A5100352749,Feng Chen,https://openalex.org/I4210156332,Chinese Research Academy of Environmental Sciences,2025,2025,0000-0003-3508-8834
https://openalex.org/A5100352749,Feng Chen,https://openalex.org/I20942203,Hainan University,2025,2025,0000-0003-3508-8834
https://openalex.org/A5100352749,Feng Chen,https://openalex.org/I4210153896,Zhengzhou Institute of Machinery,2025,2025,0000-0003-3508-8834
https://openalex.org/A5100352749,Feng Chen,https://openalex.org/I117331123,Weifang Medical University,2025,2025,0000-0003-3508-8834
https://openalex.org/A5100352749,Feng Chen,https://openalex.org/I24943067,Fudan University,2025,2025,0000-0003-3508-8834
https://openalex.org/A5000198654,Fernanda Ritto,https://openalex.org/I8692664,University of Oklahoma,2023,2023,0000-0003-3299-1067
https://openalex.org/A5000198654,Fernanda Ritto,https://openalex.org/I27253931,Oklahoma City University,2023,2023,0000-0003-3299-1067
https://openalex.org/A5000198654,Fernanda Ritto,https://openalex.org/I2699952,Pontifical Catholic University of Rio de Janeiro,2022,2022,0000-0003-3299-1067
https://openalex.org/A5058534544,Bernd Chudoba,https://openalex.org/I189196454,The University of Texas at Arlington,2005,2025,
https://openalex.org/A5058534544,Bernd Chudoba,https://openalex.org/I8692664,University of Oklahoma,2003,2020,
https://openalex.org/A5058534544,Bernd Chudoba,https://openalex.org/I86519309,The University of Texas at Austin,2006,2006,
https://openalex.org/A5058534544,Bernd Chudoba,https://openalex.org/I36234482,University of Bristol,2015,2015,
https://openalex.org/A5058534544,Bernd Chudoba,https://openalex.org/I1280536761,Ames Research Center,2015,2015,
https://openalex.org/A5058534544,Bernd Chudoba,https://openalex.org/I143804889,Loughborough University,2015,2015,
https://openalex.org/A5058534544,Bernd Chudoba,https://openalex.org/I4210106175,Royal Aeronautical Society,2015,2015,
https://openalex.org/A5058534544,Bernd Chudoba,https://openalex.org/I91136226,University of Sheffield,2015,2015,
https://openalex.org/A5112019308,Tao Cheng,https://openalex.org/I8692664,University of Oklahoma,2006,2009,0000-0002-3945-2050
https://openalex.org/A5112019308,Tao Cheng,https://openalex.org/I2801851002,Harvard University Press,2009,2009,0000-0002-3945-2050
https://openalex.org/A5112019308,Tao Cheng,https://openalex.org/I4210088329,Jiading District Central Hospital,2018,2018,0000-0002-3945-2050
https://openalex.org/A5112019308,Tao Cheng,https://openalex.org/I4210152380,Shenzhen Technology University,2023,2025,0000-0002-3945-2050
https://openalex.org/A5112019308,Tao Cheng,https://openalex.org/I1287163989,Massachusetts Eye and Ear Infirmary,2021,2021,0000-0002-3945-2050
https://openalex.org/A5112019308,Tao Cheng,https://openalex.org/I4210131919,Xi'an University of Technology,2024,2024,0000-0002-3945-2050
https://openalex.org/A5112019308,Tao Cheng,https://openalex.org/I148366613,National Yang Ming Chiao Tung University,2002,2002,0000-0002-3945-2050
https://openalex.org/A5112019308,Tao Cheng,https://openalex.org/I180726961,Shenzhen University,2015,2015,0000-0002-3945-2050
https://openalex.org/A5112019308,Tao Cheng,https://openalex.org/I4210128284,"Institute of Optics and Electronics, Chinese Academy of Sciences",2025,2025,0000-0002-3945-2050
https://openalex.org/A5112019308,Tao Cheng,https://openalex.org/I146620803,Wenzhou University,2025,2025,0000-0002-3945-2050
https://openalex.org/A5052270545,Brady Brown,https://openalex.org/I8692664,University of Oklahoma,2019,2020,
https://openalex.org/A5052270545,Brady Brown,https://openalex.org/I51556381,University of Virginia,2018,2018,
https://openalex.org/A5102879734,Jing Fu,https://openalex.org/I8692664,University of Oklahoma,2019,2019,0009-0003-3130-6459
https://openalex.org/A5102879734,Jing Fu,https://openalex.org/I4210096200,Fourth People's Hospital of Sichuan Province,2023,2024,0009-0003-3130-6459
https://openalex.org/A5102879734,Jing Fu,https://openalex.org/I53592917,Jiangxi Normal University,2018,2018,0009-0003-3130-6459
https://openalex.org/A5102879734,Jing Fu,https://openalex.org/I4210105580,Gansu Meteorological Bureau,2024,2024,0009-0003-3130-6459
https://openalex.org/A5102879734,Jing Fu,https://openalex.org/I16351329,China West Normal University,2017,2019,0009-0003-3130-6459
https://openalex.org/A5102879734,Jing Fu,https://openalex.org/I96908189,Xinjiang University,2025,2025,0009-0003-3130-6459
https://openalex.org/A5102879734,Jing Fu,https://openalex.org/I150229711,University of Electronic Science and Technology of China,2025,2025,0009-0003-3130-6459
https://openalex.org/A5089791746,Betty Ferrell,https://openalex.org/I1301076528,City Of Hope National Medical Center,1990,2025,0000-0003-0061-5235
https://openalex.org/A5089791746,Betty Ferrell,https://openalex.org/I2801710390,American Geriatrics Society,2002,2002,0000-0003-0061-5235
https://openalex.org/A5089791746,Betty Ferrell,https://openalex.org/I4210110523,Geriatric Research Education and Clinical Center,1991,1995,0000-0003-0061-5235
https://openalex.org/A5089791746,Betty Ferrell,https://openalex.org/I4210110459,City of Hope,1994,2025,0000-0003-0061-5235
https://openalex.org/A5089791746,Betty Ferrell,https://openalex.org/I145311948,Johns Hopkins University,2007,2017,0000-0003-0061-5235
https://openalex.org/A5089791746,Betty Ferrell,https://openalex.org/I1315885867,American Society of Clinical Oncology,2017,2017,0000-0003-0061-5235
https://openalex.org/A5089791746,Betty Ferrell,https://openalex.org/I4210164401,Sidney Kimmel Comprehensive Cancer Center,2017,2017,0000-0003-0061-5235
https://openalex.org/A5089791746,Betty Ferrell,https://openalex.org/I223532165,University of Utah,1992,2007,0000-0003-0061-5235
https://openalex.org/A5089791746,Betty Ferrell,https://openalex.org/I130238516,University of Minnesota,2007,2007,0000-0003-0061-5235
https://openalex.org/A5089791746,Betty Ferrell,https://openalex.org/I98704320,Icahn School of Medicine at Mount Sinai,2004,2007,0000-0003-0061-5235
https://openalex.org/A5089791746,Betty Ferrell,https://openalex.org/I4210129832,Johns Hopkins Children's Center,2007,2007,0000-0003-0061-5235
https://openalex.org/A5089791746,Betty Ferrell,https://openalex.org/I4210087915,Massachusetts General Hospital,2007,2007,0000-0003-0061-5235
https://openalex.org/A5089791746,Betty Ferrell,https://openalex.org/I4210142766,National Hospice and Palliative Care Organization,2007,2007,0000-0003-0061-5235
https://openalex.org/A5089791746,Betty Ferrell,https://openalex.org/I4210166648,National Consensus Project for Quality Palliative Care,2007,2007,0000-0003-0061-5235
https://openalex.org/A5089791746,Betty Ferrell,https://openalex.org/I4210106883,Hospice and Palliative Nurses Foundation,2007,2007,0000-0003-0061-5235
https://openalex.org/A5089791746,Betty Ferrell,https://openalex.org/I2802042106,American Academy of Hospice and Palliative Medicine,2007,2007,0000-0003-0061-5235
https://openalex.org/A5089791746,Betty Ferrell,https://openalex.org/I1309104334,Fairview Health Services,2007,2007,0000-0003-0061-5235
https://openalex.org/A5089791746,Betty Ferrell,https://openalex.org/I56390877,National Quality Forum,2006,2006,0000-0003-0061-5235
https://openalex.org/A5089791746,Betty Ferrell,https://openalex.org/I4210087640,London Rebuilding Society,2022,2022,0000-0003-0061-5235
https://openalex.org/A5089791746,Betty Ferrell,https://openalex.org/I2802576979,Indianapolis Zoo,2022,2022,0000-0003-0061-5235
https://openalex.org/A5089791746,Betty Ferrell,https://openalex.org/I4210162228,Lifeline Hospital,2021,2021,0000-0003-0061-5235
https://openalex.org/A5089791746,Betty Ferrell,https://openalex.org/I1334819555,Memorial Sloan Kettering Cancer Center,2002,2021,0000-0003-0061-5235
https://openalex.org/A5089791746,Betty Ferrell,https://openalex.org/I46968129,Robert Wood Johnson Foundation,2002,2002,0000-0003-0061-5235
https://openalex.org/A5089791746,Betty Ferrell,https://openalex.org/I1174212,University of Southern California,1989,1989,0000-0003-0061-5235
https://openalex.org/A5089791746,Betty Ferrell,https://openalex.org/I4210088101,Pain Relief Foundation,1994,1994,0000-0003-0061-5235
https://openalex.org/A5089791746,Betty Ferrell,https://openalex.org/I4210097295,Vital Research,2007,2007,0000-0003-0061-5235
https://openalex.org/A5089791746,Betty Ferrell,https://openalex.org/I138006243,University of Arizona,2007,2007,0000-0003-0061-5235
https://openalex.org/A5089791746,Betty Ferrell,https://openalex.org/I4387156432,Beckman Research Institute,2007,2020,0000-0003-0061-5235
https://openalex.org/A5089791746,Betty Ferrell,https://openalex.org/I4210161779,Campbell Collaboration,2007,2007,0000-0003-0061-5235
https://openalex.org/A5089791746,Betty Ferrell,https://openalex.org/I4210096386,Bridge University,2007,2007,0000-0003-0061-5235
https://openalex.org/A5089791746,Betty Ferrell,https://openalex.org/I4210143139,Conversations! The International Ovarian Cancer Connection,2003,2003,0000-0003-0061-5235
https://openalex.org/A5089791746,Betty Ferrell,https://openalex.org/I111979921,Northwestern University,2008,2010,0000-0003-0061-5235
https://openalex.org/A5089791746,Betty Ferrell,https://openalex.org/I4210117453,Dana-Farber Cancer Institute,2010,2010,0000-0003-0061-5235
https://openalex.org/A5089791746,Betty Ferrell,https://openalex.org/I57206974,New York University,2004,2017,0000-0003-0061-5235
https://openalex.org/A5089791746,Betty Ferrell,https://openalex.org/I2802654988,Princess Margaret Cancer Centre,2017,2017,0000-0003-0061-5235
https://openalex.org/A5089791746,Betty Ferrell,https://openalex.org/I1325899441,University Health Network,2017,2017,0000-0003-0061-5235
https://openalex.org/A5089791746,Betty Ferrell,https://openalex.org/I308582824,Murphy Oil Corporation (United States),2020,2020,0000-0003-0061-5235
https://openalex.org/A5089791746,Betty Ferrell,https://openalex.org/I161318765,"University of California, Los Angeles",1990,1991,0000-0003-0061-5235
https://openalex.org/A5089791746,Betty Ferrell,https://openalex.org/I2802905868,American Pain Society,2001,2001,0000-0003-0061-5235
https://openalex.org/A5089791746,Betty Ferrell,https://openalex.org/I2799798094,UCLA Health,1997,1997,0000-0003-0061-5235
https://openalex.org/A5089791746,Betty Ferrell,https://openalex.org/I2800790239,Australian Library and Information Association,2010,2010,0000-0003-0061-5235
https://openalex.org/A5089791746,Betty Ferrell,https://openalex.org/I2801167990,Smith Family,2010,2010,0000-0003-0061-5235
https://openalex.org/A5089791746,Betty Ferrell,https://openalex.org/I4210124578,American Association of Colleges of Nursing,2017,2017,0000-0003-0061-5235
https://openalex.org/A5089791746,Betty Ferrell,https://openalex.org/I143302722,University of Kentucky,2012,2014,0000-0003-0061-5235
https://openalex.org/A5089791746,Betty Ferrell,https://openalex.org/I48380244,University of Charleston,2020,2020,0000-0003-0061-5235
https://openalex.org/A5089791746,Betty Ferrell,https://openalex.org/I19772626,Yeshiva University,2021,2021,0000-0003-0061-5235
https://openalex.org/A5089791746,Betty Ferrell,https://openalex.org/I4210162815,Daiichi Sankyo (United States),2021,2025,0000-0003-0061-5235
https://openalex.org/A5089791746,Betty Ferrell,https://openalex.org/I4210102793,Patients First,1994,1994,0000-0003-0061-5235
https://openalex.org/A5089791746,Betty Ferrell,https://openalex.org/I4210087865,University of Chicago Medical Center,2007,2007,0000-0003-0061-5235
https://openalex.org/A5089791746,Betty Ferrell,https://openalex.org/I27804330,Brown University,2007,2007,0000-0003-0061-5235
https://openalex.org/A5089791746,Betty Ferrell,https://openalex.org/I79576946,University of Pennsylvania,2004,2007,0000-0003-0061-5235
https://openalex.org/A5089791746,Betty Ferrell,https://openalex.org/I4210098770,Southern Arizona VA Health Care System,2007,2007,0000-0003-0061-5235
https://openalex.org/A5089791746,Betty Ferrell,https://openalex.org/I2800652655,Ovarian Cancer National Alliance,2007,2007,0000-0003-0061-5235
https://openalex.org/A5089791746,Betty Ferrell,https://openalex.org/I4210133394,Philadelphia VA Medical Center,2007,2007,0000-0003-0061-5235
https://openalex.org/A5089791746,Betty Ferrell,https://openalex.org/I180670191,"University of California, San Francisco",2007,2007,0000-0003-0061-5235
https://openalex.org/A5089791746,Betty Ferrell,https://openalex.org/I4210156282,Ovarian Cancer Research Alliance,2007,2007,0000-0003-0061-5235
https://openalex.org/A5089791746,Betty Ferrell,https://openalex.org/I4210145304,VA Sepulveda Ambulatory Care Center,1991,1991,0000-0003-0061-5235
https://openalex.org/A5089791746,Betty Ferrell,https://openalex.org/I4210089693,Pain Management Institute,1991,1994,0000-0003-0061-5235
https://openalex.org/A5089791746,Betty Ferrell,https://openalex.org/I1307629703,Hoag Memorial Hospital Presbyterian,1992,1992,0000-0003-0061-5235
https://openalex.org/A5089791746,Betty Ferrell,https://openalex.org/I8692664,University of Oklahoma,1985,1985,0000-0003-0061-5235
https://openalex.org/A5089791746,Betty Ferrell,https://openalex.org/I27253931,Oklahoma City University,1985,1985,0000-0003-0061-5235
https://openalex.org/A5089791746,Betty Ferrell,https://openalex.org/I4210162197,Vanderbilt Health,2022,2022,0000-0003-0061-5235
https://openalex.org/A5089791746,Betty Ferrell,https://openalex.org/I200719446,Vanderbilt University,2022,2022,0000-0003-0061-5235
https://openalex.org/A5089791746,Betty Ferrell,https://openalex.org/I4210104697,San Diego Hospice and The Institute for Palliative Medicine,2004,2004,0000-0003-0061-5235
https://openalex.org/A5089791746,Betty Ferrell,https://openalex.org/I4210121260,Med Center,2016,2016,0000-0003-0061-5235
https://openalex.org/A5089791746,Betty Ferrell,https://openalex.org/I4210121117,Health Affairs,2013,2025,0000-0003-0061-5235
https://openalex.org/A5089791746,Betty Ferrell,https://openalex.org/I201448701,University of Washington,2012,2012,0000-0003-0061-5235
https://openalex.org/A5089791746,Betty Ferrell,https://openalex.org/I1335289525,Montefiore Medical Center,2024,2024,0000-0003-0061-5235
https://openalex.org/A5100326915,Xingwei Wang,https://openalex.org/I9224756,Northeastern University,1993,2025,0000-0003-2856-4716
https://openalex.org/A5100326915,Xingwei Wang,https://openalex.org/I4391767858,State Key Laboratory of Synthetical Automation for Process Industries,2013,2023,0000-0003-2856-4716
https://openalex.org/A5100326915,Xingwei Wang,https://openalex.org/I12912129,Northeastern University,2004,2025,0000-0003-2856-4716
https://openalex.org/A5100326915,Xingwei Wang,https://openalex.org/I4210138501,Chinese Academy of Agricultural Sciences,2022,2023,0000-0003-2856-4716
https://openalex.org/A5100326915,Xingwei Wang,https://openalex.org/I4210151987,Ministry of Agriculture and Rural Affairs,2022,2023,0000-0003-2856-4716
https://openalex.org/A5100326915,Xingwei Wang,https://openalex.org/I173899330,Henan University,2022,2023,0000-0003-2856-4716
https://openalex.org/A5100326915,Xingwei Wang,https://openalex.org/I4210088191,Agricultural Genomics Institute at Shenzhen,2022,2023,0000-0003-2856-4716
https://openalex.org/A5100326915,Xingwei Wang,https://openalex.org/I1302611135,Ministry of Public Security of the People's Republic of China,2020,2023,0000-0003-2856-4716
https://openalex.org/A5100326915,Xingwei Wang,https://openalex.org/I19820366,Chinese Academy of Sciences,2014,2025,0000-0003-2856-4716
https://openalex.org/A5100326915,Xingwei Wang,https://openalex.org/I4210111959,Shanghai Advanced Research Institute,2020,2021,0000-0003-2856-4716
https://openalex.org/A5100326915,Xingwei Wang,https://openalex.org/I76569877,Southeast University,2021,2023,0000-0003-2856-4716
https://openalex.org/A5100326915,Xingwei Wang,https://openalex.org/I87182695,Universidad del Noreste,2005,2025,0000-0003-2856-4716
https://openalex.org/A5100326915,Xingwei Wang,https://openalex.org/I17145004,Northwestern Polytechnical University,2016,2019,0000-0003-2856-4716
https://openalex.org/A5100326915,Xingwei Wang,https://openalex.org/I4210112540,Institute of Biophysics,2025,2025,0000-0003-2856-4716
https://openalex.org/A5100326915,Xingwei Wang,https://openalex.org/I170201317,University of Pittsburgh,2010,2012,0000-0003-2856-4716
https://openalex.org/A5100326915,Xingwei Wang,https://openalex.org/I4210098814,UPMC Health System,2011,2011,0000-0003-2856-4716
https://openalex.org/A5100326915,Xingwei Wang,https://openalex.org/I4210134769,University of Pittsburgh Medical Center,2010,2012,0000-0003-2856-4716
https://openalex.org/A5100326915,Xingwei Wang,https://openalex.org/I21741975,Changshu Institute of Technology,2018,2023,0000-0003-2856-4716
https://openalex.org/A5100326915,Xingwei Wang,https://openalex.org/I119203015,Shandong University of Technology,2011,2011,0000-0003-2856-4716
https://openalex.org/A5100326915,Xingwei Wang,https://openalex.org/I1327237609,Ministry of Education of the People's Republic of China,2010,2024,0000-0003-2856-4716
https://openalex.org/A5100326915,Xingwei Wang,https://openalex.org/I37796252,Beijing University of Technology,2014,2014,0000-0003-2856-4716
https://openalex.org/A5100326915,Xingwei Wang,https://openalex.org/I4210141682,Air Force General Hospital PLA,2021,2021,0000-0003-2856-4716
https://openalex.org/A5100326915,Xingwei Wang,https://openalex.org/I18452120,Yantai University,2022,2022,0000-0003-2856-4716
https://openalex.org/A5100326915,Xingwei Wang,https://openalex.org/I4210105229,"City University of Hong Kong, Shenzhen Research Institute",2022,2022,0000-0003-2856-4716
https://openalex.org/A5100326915,Xingwei Wang,https://openalex.org/I109935558,Ningbo University,2024,2024,0000-0003-2856-4716
https://openalex.org/A5100326915,Xingwei Wang,https://openalex.org/I4210152629,Eastern University,2017,2017,0000-0003-2856-4716
https://openalex.org/A5100326915,Xingwei Wang,https://openalex.org/I180726961,Shenzhen University,2017,2017,0000-0003-2856-4716
https://openalex.org/A5100326915,Xingwei Wang,https://openalex.org/I113940042,Shanghai University,2020,2020,0000-0003-2856-4716
https://openalex.org/A5100326915,Xingwei Wang,https://openalex.org/I25355098,Chang'an University,2023,2023,0000-0003-2856-4716
https://openalex.org/A5100326915,Xingwei Wang,https://openalex.org/I75390827,Beijing University of Chemical Technology,2023,2023,0000-0003-2856-4716
https://openalex.org/A5100326915,Xingwei Wang,https://openalex.org/I4210141888,Shenyang Fire Research Institute,2024,2024,0000-0003-2856-4716
https://openalex.org/A5100326915,Xingwei Wang,https://openalex.org/I99065089,Tsinghua University,2025,2025,0000-0003-2856-4716
https://openalex.org/A5100326915,Xingwei Wang,https://openalex.org/I8692664,University of Oklahoma,2008,2008,0000-0003-2856-4716
https://openalex.org/A5100326915,Xingwei Wang,https://openalex.org/I4210136596,First Affiliated Hospital of Anhui Medical University,2025,2025,0000-0003-2856-4716
https://openalex.org/A5100326915,Xingwei Wang,https://openalex.org/I197869895,Anhui Medical University,2025,2025,0000-0003-2856-4716
https://openalex.org/A5100326915,Xingwei Wang,https://openalex.org/I14243506,Hong Kong Polytechnic University,2010,2010,0000-0003-2856-4716
https://openalex.org/A5100326915,Xingwei Wang,https://openalex.org/I170215575,National University of Defense Technology,2013,2013,0000-0003-2856-4716
https://openalex.org/A5100326915,Xingwei Wang,https://openalex.org/I4210148071,Air Force Institute of Aviation Medicine Affiliated Hospital,2016,2024,0000-0003-2856-4716
https://openalex.org/A5100326915,Xingwei Wang,https://openalex.org/I4210136859,Xi’an University of Posts and Telecommunications,2023,2023,0000-0003-2856-4716
https://openalex.org/A5100326915,Xingwei Wang,https://openalex.org/I189196454,The University of Texas at Arlington,2008,2008,0000-0003-2856-4716
https://openalex.org/A5100326915,Xingwei Wang,https://openalex.org/I125904092,Shenyang Aerospace University,2021,2021,0000-0003-2856-4716
https://openalex.org/A5100326915,Xingwei Wang,https://openalex.org/I4210150557,Science Research Laboratory,2022,2022,0000-0003-2856-4716
https://openalex.org/A5100326915,Xingwei Wang,https://openalex.org/I9916479,Air Force Medical University,2024,2024,0000-0003-2856-4716
https://openalex.org/A5100326915,Xingwei Wang,https://openalex.org/I165488957,Lingnan University,2025,2025,0000-0003-2856-4716
https://openalex.org/A5100326915,Xingwei Wang,https://openalex.org/I157507598,Shenyang University of Technology,2025,2025,0000-0003-2856-4716
https://openalex.org/A5100326915,Xingwei Wang,https://openalex.org/I191208505,Xiamen University,2025,2025,0000-0003-2856-4716
https://openalex.org/A5028863641,David A. Illingworth,https://openalex.org/I156087764,"University of California, Merced",2009,2009,0000-0003-4017-5801
https://openalex.org/A5028863641,David A. Illingworth,https://openalex.org/I130701444,Georgia Institute of Technology,2015,2021,0000-0003-4017-5801
https://openalex.org/A5028863641,David A. Illingworth,https://openalex.org/I8692664,University of Oklahoma,2012,2012,0000-0003-4017-5801
https://openalex.org/A5028863641,David A. Illingworth,https://openalex.org/I66946132,"University of Maryland, College Park",2021,2022,0000-0003-4017-5801
https://openalex.org/A5028863641,David A. Illingworth,https://openalex.org/I59897056,"California State University, Long Beach",2019,2025,0000-0003-4017-5801
https://openalex.org/A5028863641,David A. Illingworth,https://openalex.org/I127339247,California State University System,2025,2025,0000-0003-4017-5801
https://openalex.org/A5005846650,Gustavo G Fontana,https://openalex.org/I8692664,University of Oklahoma,2014,2014,
https://openalex.org/A5050330450,Susan Redline,https://openalex.org/I1316535847,Beth Israel Deaconess Medical Center,2011,2025,0000-0002-6585-1610
https://openalex.org/A5050330450,Susan Redline,https://openalex.org/I1283280774,Brigham and Women's Hospital,1989,2025,0000-0002-6585-1610
https://openalex.org/A5050330450,Susan Redline,https://openalex.org/I136199984,Harvard University,1989,2025,0000-0002-6585-1610
https://openalex.org/A5050330450,Susan Redline,https://openalex.org/I4210126099,Adelaide Institute for Sleep Health,2016,2016,0000-0002-6585-1610
https://openalex.org/A5050330450,Susan Redline,https://openalex.org/I184565670,Georgetown University,2010,2010,0000-0002-6585-1610
https://openalex.org/A5050330450,Susan Redline,https://openalex.org/I111088046,Boston University,2000,2022,0000-0002-6585-1610
https://openalex.org/A5050330450,Susan Redline,https://openalex.org/I2801671727,VA Boston Healthcare System,2001,2010,0000-0002-6585-1610
https://openalex.org/A5050330450,Susan Redline,https://openalex.org/I138006243,University of Arizona,2010,2010,0000-0002-6585-1610
https://openalex.org/A5050330450,Susan Redline,https://openalex.org/I58956616,Case Western Reserve University,1985,2019,0000-0002-6585-1610
https://openalex.org/A5050330450,Susan Redline,https://openalex.org/I4210129550,Leading Age,2010,2010,0000-0002-6585-1610
https://openalex.org/A5050330450,Susan Redline,https://openalex.org/I170201317,University of Pittsburgh,2010,2017,0000-0002-6585-1610
https://openalex.org/A5050330450,Susan Redline,https://openalex.org/I84218800,"University of California, Davis",2005,2010,0000-0002-6585-1610
https://openalex.org/A5050330450,Susan Redline,https://openalex.org/I1335289525,Montefiore Medical Center,2013,2015,0000-0002-6585-1610
https://openalex.org/A5050330450,Susan Redline,https://openalex.org/I129975664,Albert Einstein College of Medicine,2013,2015,0000-0002-6585-1610
https://openalex.org/A5050330450,Susan Redline,https://openalex.org/I1288882113,Boston Children's Hospital,2008,2013,0000-0002-6585-1610
https://openalex.org/A5050330450,Susan Redline,https://openalex.org/I4210135976,Children's Hospital at Montefiore,2013,2014,0000-0002-6585-1610
https://openalex.org/A5050330450,Susan Redline,https://openalex.org/I4210153792,University School,2006,2011,0000-0002-6585-1610
https://openalex.org/A5050330450,Susan Redline,https://openalex.org/I130238516,University of Minnesota,2000,2024,0000-0002-6585-1610
https://openalex.org/A5050330450,Susan Redline,https://openalex.org/I2799343972,University Hospitals of Cleveland,2002,2009,0000-0002-6585-1610
https://openalex.org/A5050330450,Susan Redline,https://openalex.org/I4210151235,Rainbow Babies & Children's Hospital,1999,2010,0000-0002-6585-1610
https://openalex.org/A5050330450,Susan Redline,https://openalex.org/I2801851002,Harvard University Press,1987,2022,0000-0002-6585-1610
https://openalex.org/A5050330450,Susan Redline,https://openalex.org/I4210138174,Circadian (United States),2014,2025,0000-0002-6585-1610
https://openalex.org/A5050330450,Susan Redline,https://openalex.org/I4210162195,Rhythm (United states),2017,2022,0000-0002-6585-1610
https://openalex.org/A5050330450,Susan Redline,https://openalex.org/I4210101190,Cancer Research And Biostatistics,1985,2017,0000-0002-6585-1610
https://openalex.org/A5050330450,Susan Redline,https://openalex.org/I36258959,"University of California, San Diego",2010,2015,0000-0002-6585-1610
https://openalex.org/A5050330450,Susan Redline,https://openalex.org/I150468666,Emory University,1995,1995,0000-0002-6585-1610
https://openalex.org/A5050330450,Susan Redline,https://openalex.org/I27837315,University of Michigan–Ann Arbor,2007,2022,0000-0002-6585-1610
https://openalex.org/A5050330450,Susan Redline,https://openalex.org/I4210114445,Michigan Medicine,2018,2019,0000-0002-6585-1610
https://openalex.org/A5050330450,Susan Redline,https://openalex.org/I2799899409,Hadassah Medical Center,2012,2022,0000-0002-6585-1610
https://openalex.org/A5050330450,Susan Redline,https://openalex.org/I135310074,University of Wisconsin–Madison,2005,2005,0000-0002-6585-1610
https://openalex.org/A5050330450,Susan Redline,https://openalex.org/I145311948,Johns Hopkins University,2005,2016,0000-0002-6585-1610
https://openalex.org/A5050330450,Susan Redline,https://openalex.org/I86755215,MedStar Health,2005,2005,0000-0002-6585-1610
https://openalex.org/A5050330450,Susan Redline,https://openalex.org/I98704320,Icahn School of Medicine at Mount Sinai,2005,2005,0000-0002-6585-1610
https://openalex.org/A5050330450,Susan Redline,https://openalex.org/I2801417052,Society for Maternal-Fetal Medicine,2016,2016,0000-0002-6585-1610
https://openalex.org/A5050330450,Susan Redline,https://openalex.org/I4210119109,Indiana University Bloomington,2016,2016,0000-0002-6585-1610
https://openalex.org/A5050330450,Susan Redline,https://openalex.org/I4210144228,Eunice Kennedy Shriver National Institute of Child Health and Human Development,2016,2024,0000-0002-6585-1610
https://openalex.org/A5050330450,Susan Redline,https://openalex.org/I79576946,University of Pennsylvania,2011,2015,0000-0002-6585-1610
https://openalex.org/A5050330450,Susan Redline,https://openalex.org/I4390039247,Case Comprehensive Cancer Center,2008,2013,0000-0002-6585-1610
https://openalex.org/A5050330450,Susan Redline,https://openalex.org/I4210113689,Energetics (United States),2009,2010,0000-0002-6585-1610
https://openalex.org/A5050330450,Susan Redline,https://openalex.org/I4210108791,University Hospitals Case Medical Center,2004,2012,0000-0002-6585-1610
https://openalex.org/A5050330450,Susan Redline,https://openalex.org/I150117356,Kaiser Permanente Washington Health Research Institute,2019,2020,0000-0002-6585-1610
https://openalex.org/A5050330450,Susan Redline,https://openalex.org/I201448701,University of Washington,2000,2020,0000-0002-6585-1610
https://openalex.org/A5050330450,Susan Redline,https://openalex.org/I27804330,Brown University,1990,1992,0000-0002-6585-1610
https://openalex.org/A5050330450,Susan Redline,https://openalex.org/I2800446032,Rhode Island Hospital,1990,1992,0000-0002-6585-1610
https://openalex.org/A5050330450,Susan Redline,https://openalex.org/I4210160694,Memorial Hospital,1991,1991,0000-0002-6585-1610
https://openalex.org/A5050330450,Susan Redline,https://openalex.org/I1336196053,Roger Williams Medical Center,1989,1991,0000-0002-6585-1610
https://openalex.org/A5050330450,Susan Redline,https://openalex.org/I107606265,Broad Institute,2011,2022,0000-0002-6585-1610
https://openalex.org/A5050330450,Susan Redline,https://openalex.org/I4210157264,MetroHealth Medical Center,2012,2012,0000-0002-6585-1610
https://openalex.org/A5050330450,Susan Redline,https://openalex.org/I2613432,University of South Florida,2012,2012,0000-0002-6585-1610
https://openalex.org/A5050330450,Susan Redline,https://openalex.org/I2801780550,California Pacific Medical Center,2006,2011,0000-0002-6585-1610
https://openalex.org/A5050330450,Susan Redline,https://openalex.org/I2799886695,Veterans Health Administration,2011,2011,0000-0002-6585-1610
https://openalex.org/A5050330450,Susan Redline,https://openalex.org/I205783295,Cornell University,2010,2010,0000-0002-6585-1610
https://openalex.org/A5050330450,Susan Redline,https://openalex.org/I1315708478,San Francisco VA Medical Center,2007,2007,0000-0002-6585-1610
https://openalex.org/A5050330450,Susan Redline,https://openalex.org/I97018004,Stanford University,2011,2019,0000-0002-6585-1610
https://openalex.org/A5050330450,Susan Redline,https://openalex.org/I177877127,University of Western Australia,2004,2004,0000-0002-6585-1610
https://openalex.org/A5050330450,Susan Redline,https://openalex.org/I2799971621,Harry Perkins Institute of Medical Research,2004,2004,0000-0002-6585-1610
https://openalex.org/A5050330450,Susan Redline,https://openalex.org/I181547552,Baylor College of Medicine,2015,2015,0000-0002-6585-1610
https://openalex.org/A5050330450,Susan Redline,https://openalex.org/I2799503643,Columbia University Irving Medical Center,2015,2015,0000-0002-6585-1610
https://openalex.org/A5050330450,Susan Redline,https://openalex.org/I4210165183,Pulmonary and Critical Care Associates,2015,2022,0000-0002-6585-1610
https://openalex.org/A5050330450,Susan Redline,https://openalex.org/I2801852214,University of Washington Medical Center,2013,2013,0000-0002-6585-1610
https://openalex.org/A5050330450,Susan Redline,https://openalex.org/I4210154614,SleepMed,2016,2024,0000-0002-6585-1610
https://openalex.org/A5050330450,Susan Redline,https://openalex.org/I4210166778,Canadian Sleep & Circadian Network,2015,2023,0000-0002-6585-1610
https://openalex.org/A5050330450,Susan Redline,https://openalex.org/I188703185,GTx (United States),2011,2011,0000-0002-6585-1610
https://openalex.org/A5050330450,Susan Redline,https://openalex.org/I1281833243,American Heart Association,2022,2022,0000-0002-6585-1610
https://openalex.org/A5050330450,Susan Redline,https://openalex.org/I4210152177,Center for Clinical Research (United States),2010,2010,0000-0002-6585-1610
https://openalex.org/A5050330450,Susan Redline,https://openalex.org/I114027177,University of North Carolina at Chapel Hill,2020,2022,0000-0002-6585-1610
https://openalex.org/A5050330450,Susan Redline,https://openalex.org/I4210111543,Harvard Pilgrim Health Care,2017,2017,0000-0002-6585-1610
https://openalex.org/A5050330450,Susan Redline,https://openalex.org/I102101047,Roosevelt University,2014,2014,0000-0002-6585-1610
https://openalex.org/A5050330450,Susan Redline,https://openalex.org/I4210110613,Bruce W. Carter VA Medical Center,2014,2014,0000-0002-6585-1610
https://openalex.org/A5050330450,Susan Redline,https://openalex.org/I368840534,University of Mississippi,2014,2014,0000-0002-6585-1610
https://openalex.org/A5050330450,Susan Redline,https://openalex.org/I26538001,San Diego State University,2014,2014,0000-0002-6585-1610
https://openalex.org/A5050330450,Susan Redline,https://openalex.org/I185443292,Wayne State University,2014,2014,0000-0002-6585-1610
https://openalex.org/A5050330450,Susan Redline,https://openalex.org/I177607063,The Lundquist Institute,2016,2016,0000-0002-6585-1610
https://openalex.org/A5050330450,Susan Redline,https://openalex.org/I4210165985,Harbor–UCLA Medical Center,2016,2016,0000-0002-6585-1610
https://openalex.org/A5050330450,Susan Redline,https://openalex.org/I4210142345,Pulmonary Associates,2020,2020,0000-0002-6585-1610
https://openalex.org/A5050330450,Susan Redline,https://openalex.org/I2801337628,Beth Israel Deaconess Hospital,2016,2018,0000-0002-6585-1610
https://openalex.org/A5050330450,Susan Redline,https://openalex.org/I2800492654,Brigham and Women's Faulkner Hospital,2022,2022,0000-0002-6585-1610
https://openalex.org/A5050330450,Susan Redline,https://openalex.org/I4210087915,Massachusetts General Hospital,2022,2024,0000-0002-6585-1610
https://openalex.org/A5050330450,Susan Redline,https://openalex.org/I49332381,University of Oklahoma Health Sciences Center,2000,2000,0000-0002-6585-1610
https://openalex.org/A5050330450,Susan Redline,https://openalex.org/I196272386,Providence College,1989,1989,0000-0002-6585-1610
https://openalex.org/A5050330450,Susan Redline,https://openalex.org/I4210114677,Kaiser Permanente Center for Health Research,2010,2010,0000-0002-6585-1610
https://openalex.org/A5050330450,Susan Redline,https://openalex.org/I4210135252,University of Minnesota Medical Center,2006,2010,0000-0002-6585-1610
https://openalex.org/A5050330450,Susan Redline,https://openalex.org/I185261750,University of Toronto,1994,1994,0000-0002-6585-1610
https://openalex.org/A5050330450,Susan Redline,https://openalex.org/I1297363086,St. Michael's Hospital,1994,1994,0000-0002-6585-1610
https://openalex.org/A5050330450,Susan Redline,https://openalex.org/I4210150980,Boston Children's Museum,2011,2011,0000-0002-6585-1610
https://openalex.org/A5050330450,Susan Redline,https://openalex.org/I1283991043,"The Huntington Library, Art Museum, and Botanical Gardens",2014,2014,0000-0002-6585-1610
https://openalex.org/A5050330450,Susan Redline,https://openalex.org/I1285204247,Cincinnati Children's Hospital Medical Center,2009,2009,0000-0002-6585-1610
https://openalex.org/A5050330450,Susan Redline,https://openalex.org/I63135867,University of Cincinnati,2009,2022,0000-0002-6585-1610
https://openalex.org/A5050330450,Susan Redline,https://openalex.org/I320671016,Patient-Centered Outcomes Research Institute,2014,2018,0000-0002-6585-1610
https://openalex.org/A5050330450,Susan Redline,https://openalex.org/I32971472,Yale University,2014,2016,0000-0002-6585-1610
https://openalex.org/A5050330450,Susan Redline,https://openalex.org/I223532165,University of Utah,2014,2014,0000-0002-6585-1610
https://openalex.org/A5050330450,Susan Redline,https://openalex.org/I1174212,University of Southern California,2014,2015,0000-0002-6585-1610
https://openalex.org/A5050330450,Susan Redline,https://openalex.org/I111979921,Northwestern University,2011,2015,0000-0002-6585-1610
https://openalex.org/A5050330450,Susan Redline,https://openalex.org/I1286438233,Fundación Juan March,2016,2016,0000-0002-6585-1610
https://openalex.org/A5050330450,Susan Redline,https://openalex.org/I141448028,Longwood University,2013,2013,0000-0002-6585-1610
https://openalex.org/A5050330450,Susan Redline,https://openalex.org/I79619799,University of Birmingham,2022,2022,0000-0002-6585-1610
https://openalex.org/A5050330450,Susan Redline,https://openalex.org/I4210099160,Centro de Investigación Biomédica en Red de Enfermedades Respiratorias,2022,2022,0000-0002-6585-1610
https://openalex.org/A5050330450,Susan Redline,https://openalex.org/I1337960435,Massachusetts Department of Public Health,2000,2000,0000-0002-6585-1610
https://openalex.org/A5050330450,Susan Redline,https://openalex.org/I1302368450,Environmental Protection Agency,2000,2000,0000-0002-6585-1610
https://openalex.org/A5050330450,Susan Redline,https://openalex.org/I2800634083,Bradley Hospital,1992,1992,0000-0002-6585-1610
https://openalex.org/A5050330450,Susan Redline,https://openalex.org/I4210148319,Woman's Hospital,2016,2016,0000-0002-6585-1610
https://openalex.org/A5050330450,Susan Redline,https://openalex.org/I145608581,University of Miami,2015,2015,0000-0002-6585-1610
https://openalex.org/A5050330450,Susan Redline,https://openalex.org/I38260057,In-Q-Tel,2021,2021,0000-0002-6585-1610
https://openalex.org/A5050330450,Susan Redline,https://openalex.org/I40120149,University of Oxford,2019,2019,0000-0002-6585-1610
https://openalex.org/A5050330450,Susan Redline,https://openalex.org/I4210131308,I.R.C.C.S. Oasi Maria SS,2023,2023,0000-0002-6585-1610
https://openalex.org/A5050330450,Susan Redline,https://openalex.org/I4210106489,National Heart Lung and Blood Institute,2024,2025,0000-0002-6585-1610
https://openalex.org/A5050330450,Susan Redline,https://openalex.org/I2800440370,Signature Healthcare Brockton Hospital,1990,1990,0000-0002-6585-1610
https://openalex.org/A5050330450,Susan Redline,https://openalex.org/I4210098101,Cleveland FES Center,1999,1999,0000-0002-6585-1610
https://openalex.org/A5050330450,Susan Redline,https://openalex.org/I4210110978,Louis Stokes Cleveland VA Medical Center,1999,1999,0000-0002-6585-1610
https://openalex.org/A5050330450,Susan Redline,https://openalex.org/I180670191,"University of California, San Francisco",2006,2006,0000-0002-6585-1610
https://openalex.org/A5050330450,Susan Redline,https://openalex.org/I2802864460,Jackson Memorial Hospital,2011,2011,0000-0002-6585-1610
https://openalex.org/A5050330450,Susan Redline,https://openalex.org/I901861585,Vanderbilt University Medical Center,2011,2011,0000-0002-6585-1610
https://openalex.org/A5050330450,Susan Redline,https://openalex.org/I29606459,University of Mississippi Medical Center,2011,2011,0000-0002-6585-1610
https://openalex.org/A5050330450,Susan Redline,https://openalex.org/I4210105714,Center for Human Genetics,2011,2011,0000-0002-6585-1610
https://openalex.org/A5050330450,Susan Redline,https://openalex.org/I4210117246,Minneapolis VA Health Care System,2016,2016,0000-0002-6585-1610
https://openalex.org/A5050330450,Susan Redline,https://openalex.org/I4210116705,California Center for Sleep Disorders,2020,2020,0000-0002-6585-1610
https://openalex.org/A5050330450,Susan Redline,https://openalex.org/I4210141641,IIT@Harvard,2016,2018,0000-0002-6585-1610
https://openalex.org/A5050330450,Susan Redline,https://openalex.org/I4210102685,Neurobehavioral Systems,2017,2017,0000-0002-6585-1610
https://openalex.org/A5050330450,Susan Redline,https://openalex.org/I161318765,"University of California, Los Angeles",2017,2017,0000-0002-6585-1610
https://openalex.org/A5050330450,Susan Redline,https://openalex.org/I4210162071,Harrison Medical Center,2012,2012,0000-0002-6585-1610
https://openalex.org/A5050330450,Susan Redline,https://openalex.org/I4210133905,VA Pittsburgh Healthcare System,2017,2017,0000-0002-6585-1610
https://openalex.org/A5050330450,Susan Redline,https://openalex.org/I92156820,University of Cincinnati Medical Center,2022,2022,0000-0002-6585-1610
https://openalex.org/A5050330450,Susan Redline,https://openalex.org/I181190671,New York Medical College,2019,2019,0000-0002-6585-1610
https://openalex.org/A5050330450,Susan Redline,https://openalex.org/I51713134,University of Colorado Anschutz Medical Campus,2021,2021,0000-0002-6585-1610
https://openalex.org/A5050330450,Susan Redline,https://openalex.org/I921990950,University of Colorado Denver,2021,2021,0000-0002-6585-1610
https://openalex.org/A5050330450,Susan Redline,https://openalex.org/I165779595,University of Melbourne,1986,1986,0000-0002-6585-1610
https://openalex.org/A5050330450,Susan Redline,https://openalex.org/I188538660,University of Colorado Boulder,1986,1986,0000-0002-6585-1610
https://openalex.org/A5050330450,Susan Redline,https://openalex.org/I16733864,National Taiwan University,1986,1986,0000-0002-6585-1610
https://openalex.org/A5050330450,Susan Redline,https://openalex.org/I4210097513,Women's Hospital,1986,1986,0000-0002-6585-1610
https://openalex.org/A5050330450,Susan Redline,https://openalex.org/I142740786,University of Louisville,1986,1986,0000-0002-6585-1610
https://openalex.org/A5050330450,Susan Redline,https://openalex.org/I4210100400,Northwestern University,1986,1986,0000-0002-6585-1610
https://openalex.org/A5050330450,Susan Redline,https://openalex.org/I919571938,The University of Texas Health Science Center at Houston,2019,2019,0000-0002-6585-1610
https://openalex.org/A5050330450,Susan Redline,https://openalex.org/I204308271,Medical College of Wisconsin,2019,2019,0000-0002-6585-1610
https://openalex.org/A5050330450,Susan Redline,https://openalex.org/I1925986,Loyola University Chicago,2019,2019,0000-0002-6585-1610
https://openalex.org/A5050330450,Susan Redline,https://openalex.org/I4210133586,Institute for Molecular Medicine Finland,2025,2025,0000-0002-6585-1610
https://openalex.org/A5050330450,Susan Redline,https://openalex.org/I133731052,University of Helsinki,2025,2025,0000-0002-6585-1610
https://openalex.org/A5027752516,Mai Thanh Ha,https://openalex.org/I8692664,University of Oklahoma,2002,2010,0000-0002-2172-9154
https://openalex.org/A5113577608,J. Payne,https://openalex.org/I8692664,University of Oklahoma,1966,2005,
https://openalex.org/A5088347977,Ronald F. Sprouse,https://openalex.org/I76835614,University of Missouri,1977,1991,
https://openalex.org/A5088347977,Ronald F. Sprouse,https://openalex.org/I8692664,University of Oklahoma,1968,1969,
https://openalex.org/A5088347977,Ronald F. Sprouse,https://openalex.org/I2799416549,Missouri College,1977,1991,
https://openalex.org/A5088347977,Ronald F. Sprouse,https://openalex.org/I4210107726,Harry S. Truman Memorial Veterans' Hospital,1987,1987,
https://openalex.org/A5035102363,Hiba Baroud,https://openalex.org/I8692664,University of Oklahoma,2013,2015,0000-0003-3641-6449
https://openalex.org/A5035102363,Hiba Baroud,https://openalex.org/I200719446,Vanderbilt University,2016,2025,0000-0003-3641-6449
https://openalex.org/A5035102363,Hiba Baroud,https://openalex.org/I4210150894,Jacobs (United States),2022,2022,0000-0003-3641-6449
https://openalex.org/A5035102363,Hiba Baroud,https://openalex.org/I4210142152,ORCID,2019,2019,0000-0003-3641-6449
https://openalex.org/A5035102363,Hiba Baroud,https://openalex.org/I4210119856,Université Sultan Moulay Slimane,2025,2025,0000-0003-3641-6449
https://openalex.org/A5035102363,Hiba Baroud,https://openalex.org/I901861585,Vanderbilt University Medical Center,2020,2020,0000-0003-3641-6449
https://openalex.org/A5035102363,Hiba Baroud,https://openalex.org/I4210162197,Vanderbilt Health,2020,2020,0000-0003-3641-6449
https://openalex.org/A5010804491,Julien H. Arrizabalaga,https://openalex.org/I8692664,University of Oklahoma,2012,2020,0000-0001-8603-4575
https://openalex.org/A5010804491,Julien H. Arrizabalaga,https://openalex.org/I130769515,Pennsylvania State University,2019,2025,0000-0001-8603-4575
https://openalex.org/A5048002975,Beryl B. Simpson,https://openalex.org/I86519309,The University of Texas at Austin,1979,2023,0000-0001-8336-6048
https://openalex.org/A5048002975,Beryl B. Simpson,https://openalex.org/I103187081,Smithsonian Institution,1973,1979,0000-0001-8336-6048
https://openalex.org/A5048002975,Beryl B. Simpson,https://openalex.org/I4210099449,Center for Agricultural Resources Research,1998,2006,0000-0001-8336-6048
https://openalex.org/A5048002975,Beryl B. Simpson,https://openalex.org/I695903724,Electromagnetic Geoservices (Norway),2004,2004,0000-0001-8336-6048
https://openalex.org/A5048002975,Beryl B. Simpson,https://openalex.org/I4210165568,Central Texas Spine Institute,1990,1990,0000-0001-8336-6048
https://openalex.org/A5048002975,Beryl B. Simpson,https://openalex.org/I1341618623,National Museum of Natural History,1975,1975,0000-0001-8336-6048
https://openalex.org/A5048002975,Beryl B. Simpson,https://openalex.org/I1338124936,American Museum of Natural History,1975,1975,0000-0001-8336-6048
https://openalex.org/A5048002975,Beryl B. Simpson,https://openalex.org/I8692664,University of Oklahoma,1981,1981,0000-0001-8336-6048
https://openalex.org/A5048002975,Beryl B. Simpson,https://openalex.org/I4210156592,Instituto de Botanica Darwinion,2006,2006,0000-0001-8336-6048
https://openalex.org/A5048002975,Beryl B. Simpson,https://openalex.org/I151201029,Consejo Nacional de Investigaciones Científicas y Técnicas,2006,2006,0000-0001-8336-6048
https://openalex.org/A5048002975,Beryl B. Simpson,https://openalex.org/I2802349751,Copenhagen Zoo,2017,2017,0000-0001-8336-6048
https://openalex.org/A5103475576,James M. Price,https://openalex.org/I4210110061,Information Management Services,2001,2006,
https://openalex.org/A5103475576,James M. Price,https://openalex.org/I115475287,Oklahoma State University,1978,1999,
https://openalex.org/A5103475576,James M. Price,https://openalex.org/I4210092852,Manchester University NHS Foundation Trust,2024,2024,
https://openalex.org/A5103475576,James M. Price,https://openalex.org/I4210133995,The Christie NHS Foundation Trust,2024,2025,
https://openalex.org/A5103475576,James M. Price,https://openalex.org/I3018006580,Instituto Federal de Educação Ciência e Tecnologia da Paraíba,1997,1997,
https://openalex.org/A5103475576,James M. Price,https://openalex.org/I169045520,Universidade Federal da Paraíba,1997,1997,
https://openalex.org/A5103475576,James M. Price,https://openalex.org/I32021983,Kiel University,1981,1982,
https://openalex.org/A5103475576,James M. Price,https://openalex.org/I1331384533,University of Hawaii System,1988,1988,
https://openalex.org/A5103475576,James M. Price,https://openalex.org/I8692664,University of Oklahoma,1977,1977,
https://openalex.org/A5103475576,James M. Price,https://openalex.org/I4210131712,Oklahoma State University Oklahoma City,1980,1985,
https://openalex.org/A5103475576,James M. Price,https://openalex.org/I1335927249,United States Department of the Interior,2000,2000,
https://openalex.org/A5045150046,Kody Haskins,https://openalex.org/I86519309,The University of Texas at Austin,1985,1985,
https://openalex.org/A5045150046,Kody Haskins,https://openalex.org/I8692664,University of Oklahoma,2019,2019,
https://openalex.org/A5025049050,Yukichi Sasaki,https://openalex.org/I4210158365,Japan Fine Ceramics Center,1993,2024,0000-0002-8868-0738
https://openalex.org/A5025049050,Yukichi Sasaki,https://openalex.org/I73613424,National Institute of Advanced Industrial Science and Technology,2005,2005,0000-0002-8868-0738
https://openalex.org/A5025049050,Yukichi Sasaki,https://openalex.org/I84653119,Academia Sinica,2009,2009,0000-0002-8868-0738
https://openalex.org/A5025049050,Yukichi Sasaki,https://openalex.org/I42405503,Gifu University,2009,2009,0000-0002-8868-0738
https://openalex.org/A5025049050,Yukichi Sasaki,https://openalex.org/I16733864,National Taiwan University,2009,2009,0000-0002-8868-0738
https://openalex.org/A5025049050,Yukichi Sasaki,https://openalex.org/I219193219,Purdue University West Lafayette,2006,2006,0000-0002-8868-0738
https://openalex.org/A5025049050,Yukichi Sasaki,https://openalex.org/I74801974,The University of Tokyo,2006,2006,0000-0002-8868-0738
https://openalex.org/A5025049050,Yukichi Sasaki,https://openalex.org/I8692664,University of Oklahoma,1978,1985,0000-0002-8868-0738
https://openalex.org/A5025049050,Yukichi Sasaki,https://openalex.org/I98285908,Osaka University,2003,2003,0000-0002-8868-0738
https://openalex.org/A5025049050,Yukichi Sasaki,https://openalex.org/I180203408,Yokohama National University,1982,1982,0000-0002-8868-0738
https://openalex.org/A5025049050,Yukichi Sasaki,https://openalex.org/I34165663,Nippon Soda (Japan),1990,1990,0000-0002-8868-0738
https://openalex.org/A5025049050,Yukichi Sasaki,https://openalex.org/I4588055,Tottori University,2005,2005,0000-0002-8868-0738
https://openalex.org/A5025049050,Yukichi Sasaki,https://openalex.org/I16656306,Meiji University,2018,2018,0000-0002-8868-0738
https://openalex.org/A5111810472,Frank Miranda,https://openalex.org/I4210130720,Centro de Ingeniería Genética y Biotecnología,1999,1999,0000-0003-3687-0983
https://openalex.org/A5111810472,Frank Miranda,https://openalex.org/I8692664,University of Oklahoma,1976,1985,0000-0003-3687-0983
https://openalex.org/A5111810472,Frank Miranda,https://openalex.org/I27253931,Oklahoma City University,1984,1985,0000-0003-3687-0983
https://openalex.org/A5111810472,Frank Miranda,https://openalex.org/I4210131358,Instituto de Saúde,2021,2021,0000-0003-3687-0983
https://openalex.org/A5111810472,Frank Miranda,https://openalex.org/I80850581,Universidade Federal de Uberlândia,2013,2013,0000-0003-3687-0983
https://openalex.org/A5101811222,Fan Yang,https://openalex.org/I8692664,University of Oklahoma,2009,2022,0000-0002-4954-9681
https://openalex.org/A5101811222,Fan Yang,https://openalex.org/I87216513,Michigan State University,2020,2023,0000-0002-4954-9681
https://openalex.org/A5101811222,Fan Yang,https://openalex.org/I4210160531,Chinese People's Liberation Army,2021,2021,0000-0002-4954-9681
https://openalex.org/A5101811222,Fan Yang,https://openalex.org/I47251452,Wake Forest University,2023,2025,0000-0002-4954-9681
https://openalex.org/A5101811222,Fan Yang,https://openalex.org/I1174212,University of Southern California,2014,2017,0000-0002-4954-9681
https://openalex.org/A5101811222,Fan Yang,https://openalex.org/I125839683,Beijing Institute of Technology,1999,1999,0000-0002-4954-9681
https://openalex.org/A5101811222,Fan Yang,https://openalex.org/I4210117825,Beijing Research Institute of Mechanical and Electrical Technology,1999,1999,0000-0002-4954-9681
https://openalex.org/A5101811222,Fan Yang,https://openalex.org/I17442442,State Grid Corporation of China (China),2024,2024,0000-0002-4954-9681
https://openalex.org/A5089880857,Subodh Kumar,https://openalex.org/I12315562,Texas Tech University,2016,2025,0000-0003-4705-122X
https://openalex.org/A5089880857,Subodh Kumar,https://openalex.org/I926076166,Texas Tech University Health Sciences Center,2016,2025,0000-0003-4705-122X
https://openalex.org/A5089880857,Subodh Kumar,https://openalex.org/I4210136305,Institute on Aging,2016,2019,0000-0003-4705-122X
https://openalex.org/A5089880857,Subodh Kumar,https://openalex.org/I185790649,Indian Veterinary Research Institute,2009,2025,0000-0003-4705-122X
https://openalex.org/A5089880857,Subodh Kumar,https://openalex.org/I4210131968,The Christie Hospital,1973,2003,0000-0003-4705-122X
https://openalex.org/A5089880857,Subodh Kumar,https://openalex.org/I45294948,Post Graduate Institute of Medical Education and Research,2014,2022,0000-0003-4705-122X
https://openalex.org/A5089880857,Subodh Kumar,https://openalex.org/I179420787,Indian Council of Agricultural Research,2011,2011,0000-0003-4705-122X
https://openalex.org/A5089880857,Subodh Kumar,https://openalex.org/I112700253,Ranchi University,2013,2013,0000-0003-4705-122X
https://openalex.org/A5089880857,Subodh Kumar,https://openalex.org/I8692664,University of Oklahoma,1974,1974,0000-0003-4705-122X
https://openalex.org/A5089880857,Subodh Kumar,https://openalex.org/I4210098996,Government Medical College and Hospital,2020,2020,0000-0003-4705-122X
https://openalex.org/A5089880857,Subodh Kumar,https://openalex.org/I4210093352,Government Medical College and Hospital,2020,2020,0000-0003-4705-122X
https://openalex.org/A5089880857,Subodh Kumar,https://openalex.org/I2801700806,University Medical Center of El Paso,2023,2025,0000-0003-4705-122X
https://openalex.org/A5089880857,Subodh Kumar,https://openalex.org/I164936912,The University of Texas at El Paso,2023,2025,0000-0003-4705-122X
https://openalex.org/A5089880857,Subodh Kumar,https://openalex.org/I11880225,National Institute of Technology Karnataka,2026,2026,0000-0003-4705-122X
https://openalex.org/A5070656368,JoLaine R. Draugalis,https://openalex.org/I8692664,University of Oklahoma,2007,2023,
https://openalex.org/A5070656368,JoLaine R. Draugalis,https://openalex.org/I138006243,University of Arizona,1990,2006,
https://openalex.org/A5070656368,JoLaine R. Draugalis,https://openalex.org/I49332381,University of Oklahoma Health Sciences Center,2012,2018,
https://openalex.org/A5070656368,JoLaine R. Draugalis,https://openalex.org/I27253931,Oklahoma City University,2007,2023,
https://openalex.org/A5065698192,Thomas Irwin,https://openalex.org/I4210147620,Research Foundation For Mental Hygiene,2009,2009,0000-0001-8029-1087
https://openalex.org/A5065698192,Thomas Irwin,https://openalex.org/I98704320,Icahn School of Medicine at Mount Sinai,2007,2007,0000-0001-8029-1087
https://openalex.org/A5065698192,Thomas Irwin,https://openalex.org/I4210136215,IS practice,2011,2011,0000-0001-8029-1087
https://openalex.org/A5065698192,Thomas Irwin,https://openalex.org/I146416000,University of Kansas,2018,2021,0000-0001-8029-1087
https://openalex.org/A5065698192,Thomas Irwin,https://openalex.org/I181647926,University of Strathclyde,1996,1998,0000-0001-8029-1087
https://openalex.org/A5065698192,Thomas Irwin,https://openalex.org/I192396691,University of New Orleans,2022,2022,0000-0001-8029-1087
https://openalex.org/A5065698192,Thomas Irwin,https://openalex.org/I4210097601,The University of Kansas Cancer Center,2022,2023,0000-0001-8029-1087
https://openalex.org/A5065698192,Thomas Irwin,https://openalex.org/I36075867,Jacksonville University,1952,1952,0000-0001-8029-1087
https://openalex.org/A5065698192,Thomas Irwin,https://openalex.org/I147878501,Orlando Health,1941,1941,0000-0001-8029-1087
https://openalex.org/A5065698192,Thomas Irwin,https://openalex.org/I4210106879,Ohio University,2012,2012,0000-0001-8029-1087
https://openalex.org/A5065698192,Thomas Irwin,https://openalex.org/I1336296694,Berkshire Medical Center,2008,2008,0000-0001-8029-1087
https://openalex.org/A5080343438,Matthew Bamidele,https://openalex.org/I115475287,Oklahoma State University,2021,2022,0000-0002-9104-4142
https://openalex.org/A5080343438,Matthew Bamidele,https://openalex.org/I8692664,University of Oklahoma,2021,2021,0000-0002-9104-4142
https://openalex.org/A5080343438,Matthew Bamidele,https://openalex.org/I4210131712,Oklahoma State University Oklahoma City,2022,2022,0000-0002-9104-4142
https://openalex.org/A5103453575,Amy E. Miller,https://openalex.org/I1304808963,National Park Service,2015,2015,
https://openalex.org/A5103453575,Amy E. Miller,https://openalex.org/I137902535,North Carolina State University,1995,1995,
https://openalex.org/A5103453575,Amy E. Miller,https://openalex.org/I130769515,Pennsylvania State University,2014,2015,
https://openalex.org/A5103453575,Amy E. Miller,https://openalex.org/I8692664,University of Oklahoma,1990,1990,
https://openalex.org/A5018879912,Elizabeth M. Park,https://openalex.org/I1343551460,The University of Texas MD Anderson Cancer Center,2020,2025,0000-0002-1670-2299
https://openalex.org/A5018879912,Elizabeth M. Park,https://openalex.org/I2799853436,Johns Hopkins Medicine,2019,2020,0000-0002-1670-2299
https://openalex.org/A5018879912,Elizabeth M. Park,https://openalex.org/I145311948,Johns Hopkins University,2019,2020,0000-0002-1670-2299
https://openalex.org/A5018879912,Elizabeth M. Park,https://openalex.org/I8692664,University of Oklahoma,2014,2014,0000-0002-1670-2299
https://openalex.org/A5018879912,Elizabeth M. Park,https://openalex.org/I1289422878,Dartmouth–Hitchcock Medical Center,2025,2025,0000-0002-1670-2299
https://openalex.org/A5018879912,Elizabeth M. Park,https://openalex.org/I196272386,Providence College,2014,2014,0000-0002-1670-2299
https://openalex.org/A5028000024,Kenneth E. Bartels,https://openalex.org/I115475287,Oklahoma State University,1985,2024,
https://openalex.org/A5028000024,Kenneth E. Bartels,https://openalex.org/I139325414,University of Central Oklahoma,2002,2002,
https://openalex.org/A5028000024,Kenneth E. Bartels,https://openalex.org/I4210131712,Oklahoma State University Oklahoma City,1993,2019,
https://openalex.org/A5028000024,Kenneth E. Bartels,https://openalex.org/I859038795,Virginia Tech,2001,2001,
https://openalex.org/A5028000024,Kenneth E. Bartels,https://openalex.org/I39822340,Virginia–Maryland College of Veterinary Medicine,2001,2001,
https://openalex.org/A5028000024,Kenneth E. Bartels,https://openalex.org/I2800030765,Veterinary Medical Teaching Hospital,1997,1997,
https://openalex.org/A5028000024,Kenneth E. Bartels,https://openalex.org/I92446798,Colorado State University,1978,1979,
https://openalex.org/A5028000024,Kenneth E. Bartels,https://openalex.org/I4210139094,STR Europe (France),1991,1991,
https://openalex.org/A5028000024,Kenneth E. Bartels,https://openalex.org/I8692664,University of Oklahoma,1991,2004,
https://openalex.org/A5028000024,Kenneth E. Bartels,https://openalex.org/I4210122696,Centro Laser,2005,2005,
https://openalex.org/A5111952061,G. R. Keller,https://openalex.org/I164936912,The University of Texas at El Paso,1980,2011,
https://openalex.org/A5111952061,G. R. Keller,https://openalex.org/I86519309,The University of Texas at Austin,1984,2006,
https://openalex.org/A5111952061,G. R. Keller,https://openalex.org/I4210116506,Wyoming Department of Education,2002,2002,
https://openalex.org/A5111952061,G. R. Keller,https://openalex.org/I8692664,University of Oklahoma,2007,2021,
https://openalex.org/A5111952061,G. R. Keller,https://openalex.org/I4210150422,Golden West College,1977,1977,
https://openalex.org/A5111952061,G. R. Keller,https://openalex.org/I24101674,ConocoPhillips (United States),2008,2015,
https://openalex.org/A5111952061,G. R. Keller,https://openalex.org/I153648349,University of Leicester,2003,2003,
https://openalex.org/A5111952061,G. R. Keller,https://openalex.org/I143302722,University of Kentucky,1976,1976,
https://openalex.org/A5111952061,G. R. Keller,https://openalex.org/I4210151089,Geophysical Center,1993,1993,
https://openalex.org/A5111952061,G. R. Keller,https://openalex.org/I141945490,University of British Columbia,1993,1993,
https://openalex.org/A5111952061,G. R. Keller,https://openalex.org/I1308126019,National Oceanic and Atmospheric Administration,1993,1993,
https://openalex.org/A5111952061,G. R. Keller,https://openalex.org/I131249849,Oregon State University,1993,1993,
https://openalex.org/A5111952061,G. R. Keller,https://openalex.org/I1286329397,United States Geological Survey,1993,1993,
https://openalex.org/A5100570631,Mehrab Hasan,https://openalex.org/I206895457,University of Siegen,2024,2024,0009-0000-1674-0546
https://openalex.org/A5100570631,Mehrab Hasan,https://openalex.org/I123534392,University of North Texas,2024,2024,0009-0000-1674-0546
https://openalex.org/A5100570631,Mehrab Hasan,https://openalex.org/I183697816,Bangladesh University of Engineering and Technology,2023,2023,0009-0000-1674-0546
https://openalex.org/A5100570631,Mehrab Hasan,https://openalex.org/I8692664,University of Oklahoma,2025,2026,0009-0000-1674-0546
https://openalex.org/A5023501176,Richard R. Graber,https://openalex.org/I4210156743,Illinois Archaeological Survey,1963,1965,
https://openalex.org/A5023501176,Richard R. Graber,https://openalex.org/I183874917,Urbana University,1965,1966,
https://openalex.org/A5023501176,Richard R. Graber,https://openalex.org/I157725225,University of Illinois Urbana-Champaign,1965,1965,
https://openalex.org/A5023501176,Richard R. Graber,https://openalex.org/I8692664,University of Oklahoma,1954,1955,
https://openalex.org/A5023501176,Richard R. Graber,https://openalex.org/I2800692847,Lake County,1977,1977,
https://openalex.org/A5023501176,Richard R. Graber,https://openalex.org/I75410023,St. Clair County Community College,1977,1977,
https://openalex.org/A5023501176,Richard R. Graber,https://openalex.org/I94481902,College of Idaho,1955,1955,
https://openalex.org/A5063698411,Thomas D. Hall,https://openalex.org/I12113309,DePauw University,1993,2023,
https://openalex.org/A5063698411,Thomas D. Hall,https://openalex.org/I4210099204,Scientific Services,1990,1990,
https://openalex.org/A5063698411,Thomas D. Hall,https://openalex.org/I145311948,Johns Hopkins University,2015,2015,
https://openalex.org/A5063698411,Thomas D. Hall,https://openalex.org/I1174212,University of Southern California,1999,1999,
https://openalex.org/A5063698411,Thomas D. Hall,https://openalex.org/I4210102062,Pan Am Clinic,2017,2017,
https://openalex.org/A5063698411,Thomas D. Hall,https://openalex.org/I2801120396,Boeing (Australia),2021,2021,
https://openalex.org/A5063698411,Thomas D. Hall,https://openalex.org/I27837315,University of Michigan–Ann Arbor,2012,2012,
https://openalex.org/A5063698411,Thomas D. Hall,https://openalex.org/I8692664,University of Oklahoma,1984,1988,
https://openalex.org/A5063698411,Thomas D. Hall,https://openalex.org/I4210164429,St. Luke's Hospital,1958,1958,
https://openalex.org/A5063698411,Thomas D. Hall,https://openalex.org/I1295339012,Boeing (United States),2002,2002,
https://openalex.org/A5063698411,Thomas D. Hall,https://openalex.org/I39660569,Colgate University,2006,2006,
https://openalex.org/A5063698411,Thomas D. Hall,https://openalex.org/I111979921,Northwestern University,1958,1958,
https://openalex.org/A5063698411,Thomas D. Hall,https://openalex.org/I4210155519,St Luke's Hospital,1955,1955,
https://openalex.org/A5063698411,Thomas D. Hall,https://openalex.org/I103635307,"University of California, Riverside",2019,2020,
https://openalex.org/A5063698411,Thomas D. Hall,https://openalex.org/I20089843,Princeton University,2014,2014,
https://openalex.org/A5063698411,Thomas D. Hall,https://openalex.org/I118353179,DePaul University,2015,2024,
https://openalex.org/A5063698411,Thomas D. Hall,https://openalex.org/I27837315,University of Michigan,2025,2025,
https://openalex.org/A5053353314,Nicholas C. Schwier,https://openalex.org/I8692664,University of Oklahoma,2015,2018,0000-0002-7295-0676
https://openalex.org/A5053353314,Nicholas C. Schwier,https://openalex.org/I49332381,University of Oklahoma Health Sciences Center,2019,2022,0000-0002-7295-0676
https://openalex.org/A5053353314,Nicholas C. Schwier,https://openalex.org/I123946342,Binghamton University,2022,2023,0000-0002-7295-0676
https://openalex.org/A5053353314,Nicholas C. Schwier,https://openalex.org/I4210134769,University of Pittsburgh Medical Center,2015,2015,0000-0002-7295-0676
https://openalex.org/A5053353314,Nicholas C. Schwier,https://openalex.org/I170201317,University of Pittsburgh,2015,2015,0000-0002-7295-0676
https://openalex.org/A5053353314,Nicholas C. Schwier,https://openalex.org/I4210096498,Presbyterian Hospital,2014,2014,0000-0002-7295-0676
https://openalex.org/A5053353314,Nicholas C. Schwier,https://openalex.org/I4210115995,UPMC Presbyterian,2014,2014,0000-0002-7295-0676
https://openalex.org/A5102021023,Michael Smith,https://openalex.org/I924451375,Incyte (United States),2018,2024,0009-0003-7058-9105
https://openalex.org/A5102021023,Michael Smith,https://openalex.org/I43439940,University of Southampton,2024,2025,0009-0003-7058-9105
https://openalex.org/A5102021023,Michael Smith,https://openalex.org/I4210163415,NIHR CRUK Experimental Cancer Medicine Centre,2025,2025,0009-0003-7058-9105
https://openalex.org/A5102021023,Michael Smith,https://openalex.org/I1340755506,3M (United States),1998,2002,0009-0003-7058-9105
https://openalex.org/A5102021023,Michael Smith,https://openalex.org/I241749,University of Cambridge,1998,1998,0009-0003-7058-9105
https://openalex.org/A5102021023,Michael Smith,https://openalex.org/I55302922,The University of Texas Medical Branch at Galveston,1998,1998,0009-0003-7058-9105
https://openalex.org/A5102021023,Michael Smith,https://openalex.org/I1298207432,Guy's Hospital,2007,2007,0009-0003-7058-9105
https://openalex.org/A5102021023,Michael Smith,https://openalex.org/I2802789809,Edinburgh Royal Infirmary,1998,1998,0009-0003-7058-9105
https://openalex.org/A5102021023,Michael Smith,https://openalex.org/I2800150677,Western General Hospital,1998,1998,0009-0003-7058-9105
https://openalex.org/A5102021023,Michael Smith,https://openalex.org/I861081372,Selkirk College,1998,1998,0009-0003-7058-9105
https://openalex.org/A5102021023,Michael Smith,https://openalex.org/I98677209,University of Edinburgh,1998,1998,0009-0003-7058-9105
https://openalex.org/A5102021023,Michael Smith,https://openalex.org/I125749732,Western University,2018,2020,0009-0003-7058-9105
https://openalex.org/A5102021023,Michael Smith,https://openalex.org/I55921689,La Roche College,2014,2014,0009-0003-7058-9105
https://openalex.org/A5102021023,Michael Smith,https://openalex.org/I1303662053,Alabama Department of Public Health,2017,2017,0009-0003-7058-9105
https://openalex.org/A5102021023,Michael Smith,https://openalex.org/I32389192,University of Alabama at Birmingham,2017,2017,0009-0003-7058-9105
https://openalex.org/A5102021023,Michael Smith,https://openalex.org/I4210133995,The Christie NHS Foundation Trust,2019,2022,0009-0003-7058-9105
https://openalex.org/A5102021023,Michael Smith,https://openalex.org/I55732556,Arizona State University,1992,2023,0009-0003-7058-9105
https://openalex.org/A5102021023,Michael Smith,https://openalex.org/I76835614,University of Missouri,1982,1982,0009-0003-7058-9105
https://openalex.org/A5102021023,Michael Smith,https://openalex.org/I4210131968,The Christie Hospital,2015,2022,0009-0003-7058-9105
https://openalex.org/A5102021023,Michael Smith,https://openalex.org/I4210122355,Minnesota Wire (United States),1999,1999,0009-0003-7058-9105
https://openalex.org/A5102021023,Michael Smith,https://openalex.org/I8692664,University of Oklahoma,2018,2018,0009-0003-7058-9105
https://openalex.org/A5102021023,Michael Smith,https://openalex.org/I1316901054,Conservation International,2010,2010,0009-0003-7058-9105
https://openalex.org/A5102021023,Michael Smith,https://openalex.org/I4210105758,Robarts Clinical Trials,2020,2020,0009-0003-7058-9105
https://openalex.org/A5102021023,Michael Smith,https://openalex.org/I2801539370,Harris Health System,2022,2022,0009-0003-7058-9105
https://openalex.org/A5102021023,Michael Smith,https://openalex.org/I4210104136,Government Medical College,2024,2024,0009-0003-7058-9105
https://openalex.org/A5102021023,Michael Smith,https://openalex.org/I4210096973,University Surgical Associates,2018,2018,0009-0003-7058-9105
https://openalex.org/A5102021023,Michael Smith,https://openalex.org/I2802742124,John Radcliffe Hospital,1984,1984,0009-0003-7058-9105
https://openalex.org/A5102021023,Michael Smith,https://openalex.org/I4210142286,Kentucky Department for Public Health,2001,2001,0009-0003-7058-9105
https://openalex.org/A5102021023,Michael Smith,https://openalex.org/I149634359,Canadian College of Naturopathic Medicine,2001,2001,0009-0003-7058-9105
https://openalex.org/A5102021023,Michael Smith,https://openalex.org/I1321686444,Westchester Medical Center,2019,2019,0009-0003-7058-9105
https://openalex.org/A5102021023,Michael Smith,https://openalex.org/I4210150798,Wythenshawe Hospital,2014,2014,0009-0003-7058-9105
https://openalex.org/A5102021023,Michael Smith,https://openalex.org/I4210151386,Janssen (United States),2020,2020,0009-0003-7058-9105
https://openalex.org/A5102021023,Michael Smith,https://openalex.org/I4210166773,St. Mary's Hospital,1995,1995,0009-0003-7058-9105
https://openalex.org/A5102021023,Michael Smith,https://openalex.org/I4210106957,St Mary's Hospital,1995,1995,0009-0003-7058-9105
https://openalex.org/A5102021023,Michael Smith,https://openalex.org/I1309362793,J. Paul Getty Museum,2012,2012,0009-0003-7058-9105
https://openalex.org/A5102021023,Michael Smith,https://openalex.org/I4210130773,St. Joseph Health System,2002,2002,0009-0003-7058-9105
https://openalex.org/A5102021023,Michael Smith,https://openalex.org/I6750721,University of Montana,1982,1982,0009-0003-7058-9105
https://openalex.org/A5102021023,Michael Smith,https://openalex.org/I79620101,University of Arkansas for Medical Sciences,2015,2015,0009-0003-7058-9105
https://openalex.org/A5102021023,Michael Smith,https://openalex.org/I84392919,Temple University,2013,2013,0009-0003-7058-9105
https://openalex.org/A5102021023,Michael Smith,https://openalex.org/I1320796813,Mount Sinai Health System,2020,2020,0009-0003-7058-9105
https://openalex.org/A5102021023,Michael Smith,https://openalex.org/I4210093987,Imagerie et Cerveau,1985,1985,0009-0003-7058-9105
https://openalex.org/A5102021023,Michael Smith,https://openalex.org/I12834331,University of Wyoming,1992,1992,0009-0003-7058-9105
https://openalex.org/A5102021023,Michael Smith,https://openalex.org/I4210116506,Wyoming Department of Education,1992,1992,0009-0003-7058-9105
https://openalex.org/A5102021023,Michael Smith,https://openalex.org/I114027177,University of North Carolina at Chapel Hill,2019,2019,0009-0003-7058-9105
https://openalex.org/A5102021023,Michael Smith,https://openalex.org/I2799294000,Dominion Astrophysical Observatory,2022,2022,0009-0003-7058-9105
https://openalex.org/A5102021023,Michael Smith,https://openalex.org/I2801351888,Leeds Arts University,2022,2022,0009-0003-7058-9105
https://openalex.org/A5102021023,Michael Smith,https://openalex.org/I4210119176,KalVista Pharmaceuticals (United States),2023,2023,0009-0003-7058-9105
https://openalex.org/A5102021023,Michael Smith,https://openalex.org/I1174212,University of Southern California,2023,2023,0009-0003-7058-9105
https://openalex.org/A5102021023,Michael Smith,https://openalex.org/I2800817003,Southern California University for Professional Studies,2023,2023,0009-0003-7058-9105
https://openalex.org/A5102021023,Michael Smith,https://openalex.org/I119234918,University of Northern Iowa,2025,2025,0009-0003-7058-9105
https://openalex.org/A5102021023,Michael Smith,https://openalex.org/I23923803,University of Exeter,2025,2025,0009-0003-7058-9105
https://openalex.org/A5057388127,Rosetta d. Piclardi,https://openalex.org/I8692664,University of Oklahoma,1978,1978,
https://openalex.org/A5100300793,Yuan Han,https://openalex.org/I37461747,Wuhan University,2023,2023,0009-0009-7601-7769
https://openalex.org/A5100300793,Yuan Han,https://openalex.org/I24185976,Sichuan University,2025,2025,0009-0009-7601-7769
https://openalex.org/A5100300793,Yuan Han,https://openalex.org/I31419693,Kyungpook National University,2024,2025,0009-0009-7601-7769
https://openalex.org/A5100300793,Yuan Han,https://openalex.org/I37574244,Sichuan Agricultural University,2022,2025,0009-0009-7601-7769
https://openalex.org/A5100300793,Yuan Han,https://openalex.org/I126520041,University of Science and Technology of China,2023,2023,0009-0009-7601-7769
https://openalex.org/A5100300793,Yuan Han,https://openalex.org/I4210122384,Beijing Municipal Ecology and Environment Bureau,2025,2025,0009-0009-7601-7769
https://openalex.org/A5100300793,Yuan Han,https://openalex.org/I183006215,Shijiazhuang University,2025,2025,0009-0009-7601-7769
https://openalex.org/A5100300793,Yuan Han,https://openalex.org/I204831749,Southwestern University of Finance and Economics,2005,2005,0009-0009-7601-7769
https://openalex.org/A5100300793,Yuan Han,https://openalex.org/I87445476,Xi'an Jiaotong University,2004,2004,0009-0009-7601-7769
https://openalex.org/A5100300793,Yuan Han,https://openalex.org/I4210164339,Oldham Council,2023,2023,0009-0009-7601-7769
https://openalex.org/A5100300793,Yuan Han,https://openalex.org/I2799486974,China Geological Survey,2023,2025,0009-0009-7601-7769
https://openalex.org/A5100300793,Yuan Han,https://openalex.org/I8692664,University of Oklahoma,2025,2025,0009-0009-7601-7769
https://openalex.org/A5008861165,Jie Cai,https://openalex.org/I115592961,Jiangsu University,2012,2025,0000-0001-9505-6725
https://openalex.org/A5008861165,Jie Cai,https://openalex.org/I14116566,Wuhan Polytechnic University,2023,2023,0000-0001-9505-6725
https://openalex.org/A5008861165,Jie Cai,https://openalex.org/I146620803,Wenzhou University,2022,2023,0000-0001-9505-6725
https://openalex.org/A5008861165,Jie Cai,https://openalex.org/I8692664,University of Oklahoma,2022,2024,0000-0001-9505-6725
https://openalex.org/A5008861165,Jie Cai,https://openalex.org/I74525822,Hubei University of Technology,2022,2024,0000-0001-9505-6725
https://openalex.org/A5008861165,Jie Cai,https://openalex.org/I106645853,Changchun University of Science and Technology,2022,2024,0000-0001-9505-6725
https://openalex.org/A5008861165,Jie Cai,https://openalex.org/I4210147759,Zhejiang Institute of Mechanical and Electrical Engineering,2022,2023,0000-0001-9505-6725
https://openalex.org/A5008861165,Jie Cai,https://openalex.org/I183067930,Shanghai Jiao Tong University,2023,2025,0000-0001-9505-6725
https://openalex.org/A5008861165,Jie Cai,https://openalex.org/I4210096899,Jiangsu University of Science and Technology,2024,2024,0000-0001-9505-6725
https://openalex.org/A5008861165,Jie Cai,https://openalex.org/I4210133882,China Railway Construction Corporation (China),2022,2022,0000-0001-9505-6725
https://openalex.org/A5008861165,Jie Cai,https://openalex.org/I3923682,Soochow University,2022,2022,0000-0001-9505-6725
https://openalex.org/A5008861165,Jie Cai,https://openalex.org/I27357992,Dalian University of Technology,2018,2018,0000-0001-9505-6725
https://openalex.org/A5008861165,Jie Cai,https://openalex.org/I17442442,State Grid Corporation of China (China),2022,2022,0000-0001-9505-6725
https://openalex.org/A5008861165,Jie Cai,https://openalex.org/I4210157608,Institute of Advanced Manufacturing Technology,2024,2024,0000-0001-9505-6725
https://openalex.org/A5008861165,Jie Cai,https://openalex.org/I152031979,Nanjing Normal University,2016,2025,0000-0001-9505-6725
https://openalex.org/A5008861165,Jie Cai,https://openalex.org/I180662265,China Mobile (China),2021,2021,0000-0001-9505-6725
https://openalex.org/A5008861165,Jie Cai,https://openalex.org/I2800372957,China Electronics Technology Group Corporation,2024,2024,0000-0001-9505-6725
https://openalex.org/A5008861165,Jie Cai,https://openalex.org/I4210137289,Entry Exit Inspection and Quarantine Bureau,2013,2013,0000-0001-9505-6725
https://openalex.org/A5008861165,Jie Cai,https://openalex.org/I4210137797,Economic Research Institute,2022,2022,0000-0001-9505-6725
https://openalex.org/A5008861165,Jie Cai,https://openalex.org/I23632641,Shanghai University of Electric Power,2022,2022,0000-0001-9505-6725
https://openalex.org/A5008861165,Jie Cai,https://openalex.org/I4387155285,Suqian University,2023,2023,0000-0001-9505-6725
https://openalex.org/A5008861165,Jie Cai,https://openalex.org/I80611190,Jeonbuk National University,2023,2023,0000-0001-9505-6725
https://openalex.org/A5008861165,Jie Cai,https://openalex.org/I19820366,Chinese Academy of Sciences,1994,1994,0000-0001-9505-6725
https://openalex.org/A5008861165,Jie Cai,https://openalex.org/I4210163874,Shanghai Institute of Ceramics,1994,1994,0000-0001-9505-6725
https://openalex.org/A5008861165,Jie Cai,https://openalex.org/I4210100281,Jangan University,2021,2022,0000-0001-9505-6725
https://openalex.org/A5008861165,Jie Cai,https://openalex.org/I4210096386,Bridge University,2022,2022,0000-0001-9505-6725
https://openalex.org/A5008861165,Jie Cai,https://openalex.org/I4210090692,Shandong Museum,2011,2011,0000-0001-9505-6725
https://openalex.org/A5008861165,Jie Cai,https://openalex.org/I141649914,Nanchang University,2008,2008,0000-0001-9505-6725
https://openalex.org/A5008861165,Jie Cai,https://openalex.org/I72565114,Luoyang Institute of Science and Technology,2007,2007,0000-0001-9505-6725
https://openalex.org/A5008861165,Jie Cai,https://openalex.org/I146071755,Kunming University,2010,2010,0000-0001-9505-6725
https://openalex.org/A5008861165,Jie Cai,https://openalex.org/I4210097777,China General Nuclear Power Corporation (China),2006,2006,0000-0001-9505-6725
https://openalex.org/A5008861165,Jie Cai,https://openalex.org/I80947539,Fuzhou University,2005,2005,0000-0001-9505-6725
https://openalex.org/A5008861165,Jie Cai,https://openalex.org/I141103825,Nanchang Institute of Technology,2017,2017,0000-0001-9505-6725
https://openalex.org/A5008861165,Jie Cai,https://openalex.org/I67031392,Carleton University,2016,2016,0000-0001-9505-6725
https://openalex.org/A5008861165,Jie Cai,https://openalex.org/I79731167,Hainan Medical University,2022,2023,0000-0001-9505-6725
https://openalex.org/A5008861165,Jie Cai,https://openalex.org/I181679659,Shanghai University of Finance and Economics,2022,2022,0000-0001-9505-6725
https://openalex.org/A5008861165,Jie Cai,https://openalex.org/I4210164339,Oldham Council,2024,2024,0000-0001-9505-6725
https://openalex.org/A5008861165,Jie Cai,https://openalex.org/I4210156872,Guizhou Institute of Technology,2024,2024,0000-0001-9505-6725
https://openalex.org/A5008861165,Jie Cai,https://openalex.org/I167383011,Henan University of Science and Technology,2024,2024,0000-0001-9505-6725
https://openalex.org/A5008861165,Jie Cai,https://openalex.org/I4210121830,Meteorological Bureau of Shenzhen Municipality,2025,2025,0000-0001-9505-6725
https://openalex.org/A5008861165,Jie Cai,https://openalex.org/I4210089559,Shenzhen Metro (China),2025,2025,0000-0001-9505-6725
https://openalex.org/A5108384788,V. Shelkov,https://openalex.org/I148283060,Lawrence Berkeley National Laboratory,2001,2018,
https://openalex.org/A5108384788,V. Shelkov,https://openalex.org/I95457486,"University of California, Berkeley",2001,2018,
https://openalex.org/A5108384788,V. Shelkov,https://openalex.org/I178169726,Southern Methodist University,1994,1998,
https://openalex.org/A5108384788,V. Shelkov,https://openalex.org/I2799516425,Laboratoire d’Annecy de Physique des Particules,2002,2005,
https://openalex.org/A5108384788,V. Shelkov,https://openalex.org/I146416000,University of Kansas,1994,1998,
https://openalex.org/A5108384788,V. Shelkov,https://openalex.org/I52357470,The Ohio State University,1997,1998,
https://openalex.org/A5108384788,V. Shelkov,https://openalex.org/I117965899,University of Hawaiʻi at Mānoa,1997,1997,
https://openalex.org/A5108384788,V. Shelkov,https://openalex.org/I219193219,Purdue University West Lafayette,1998,1998,
https://openalex.org/A5108384788,V. Shelkov,https://openalex.org/I86519309,The University of Texas at Austin,1998,1998,
https://openalex.org/A5108384788,V. Shelkov,https://openalex.org/I1282311441,Lawrence Livermore National Laboratory,1998,1998,
https://openalex.org/A5108384788,V. Shelkov,https://openalex.org/I200870766,Brookhaven National Laboratory,1998,1998,
https://openalex.org/A5108384788,V. Shelkov,https://openalex.org/I4843557,Budker Institute of Nuclear Physics,1998,1998,
https://openalex.org/A5108384788,V. Shelkov,https://openalex.org/I392282,"University at Albany, State University of New York",1998,1998,
https://openalex.org/A5108384788,V. Shelkov,https://openalex.org/I8692664,University of Oklahoma,1997,1998,
https://openalex.org/A5108384788,V. Shelkov,https://openalex.org/I130238516,University of Minnesota,1996,1996,
https://openalex.org/A5101591634,Pradeep Yadav,https://openalex.org/I8692664,University of Oklahoma,2002,2024,0000-0003-1278-9136
https://openalex.org/A5101591634,Pradeep Yadav,https://openalex.org/I25790992,Cardiovascular Institute of the South,2024,2024,0000-0003-1278-9136
https://openalex.org/A5101591634,Pradeep Yadav,https://openalex.org/I197323543,Johannes Gutenberg University Mainz,2024,2024,0000-0003-1278-9136
https://openalex.org/A5101591634,Pradeep Yadav,https://openalex.org/I2801405887,Piedmont Atlanta Hospital,2019,2025,0000-0003-1278-9136
https://openalex.org/A5101591634,Pradeep Yadav,https://openalex.org/I82783531,Penn State Milton S. Hershey Medical Center,2013,2020,0000-0003-1278-9136
https://openalex.org/A5101591634,Pradeep Yadav,https://openalex.org/I181647926,University of Strathclyde,1992,1994,0000-0003-1278-9136
https://openalex.org/A5101591634,Pradeep Yadav,https://openalex.org/I180923762,University of Cologne,2009,2009,0000-0003-1278-9136
https://openalex.org/A5101591634,Pradeep Yadav,https://openalex.org/I67415387,Lancaster University,2009,2009,0000-0003-1278-9136
https://openalex.org/A5101591634,Pradeep Yadav,https://openalex.org/I114027177,University of North Carolina at Chapel Hill,2015,2015,0000-0003-1278-9136
https://openalex.org/A5101591634,Pradeep Yadav,https://openalex.org/I154057602,Henry Ford Health System,2017,2017,0000-0003-1278-9136
https://openalex.org/A5101591634,Pradeep Yadav,https://openalex.org/I1317635190,Valve (United States),2022,2025,0000-0003-1278-9136
https://openalex.org/A5101591634,Pradeep Yadav,https://openalex.org/I2803043754,Henry Ford Hospital,2016,2017,0000-0003-1278-9136
https://openalex.org/A5101591634,Pradeep Yadav,https://openalex.org/I28407311,University of Manchester,1992,1992,0000-0003-1278-9136
https://openalex.org/A5101591634,Pradeep Yadav,https://openalex.org/I130769515,Pennsylvania State University,2013,2015,0000-0003-1278-9136
https://openalex.org/A5101591634,Pradeep Yadav,https://openalex.org/I510634243,Sri Siddhartha Medical College,2022,2022,0000-0003-1278-9136
https://openalex.org/A5101591634,Pradeep Yadav,https://openalex.org/I4387152206,All India Institute of Medical Sciences Rishikesh,2023,2023,0000-0003-1278-9136
https://openalex.org/A5101591634,Pradeep Yadav,https://openalex.org/I1289739345,Winthrop-University Hospital,2023,2023,0000-0003-1278-9136
https://openalex.org/A5101591634,Pradeep Yadav,https://openalex.org/I4210133503,Central University of Haryana,2023,2023,0000-0003-1278-9136
https://openalex.org/A5101591634,Pradeep Yadav,https://openalex.org/I130701444,Georgia Institute of Technology,2021,2024,0000-0003-1278-9136
https://openalex.org/A5101591634,Pradeep Yadav,https://openalex.org/I13529149,Pandit Bhagwat Dayal Sharma Post Graduate Institute of Medical Sciences,2018,2019,0000-0003-1278-9136
https://openalex.org/A5101591634,Pradeep Yadav,https://openalex.org/I4210149506,American Express (United States),2020,2020,0000-0003-1278-9136
https://openalex.org/A5101591634,Pradeep Yadav,https://openalex.org/I123457487,Hershey (United States),2014,2019,0000-0003-1278-9136
https://openalex.org/A5101591634,Pradeep Yadav,https://openalex.org/I2800098698,Tata Memorial Hospital,2016,2016,0000-0003-1278-9136
https://openalex.org/A5101591634,Pradeep Yadav,https://openalex.org/I2799905417,UW Health University Hospital,2020,2020,0000-0003-1278-9136
https://openalex.org/A5101591634,Pradeep Yadav,https://openalex.org/I97018004,Stanford University,2019,2019,0000-0003-1278-9136
https://openalex.org/A5101591634,Pradeep Yadav,https://openalex.org/I4210110675,McLaren Northern Michigan,2019,2019,0000-0003-1278-9136
https://openalex.org/A5101591634,Pradeep Yadav,https://openalex.org/I2801044608,North Kansas City Hospital,2019,2019,0000-0003-1278-9136
https://openalex.org/A5101591634,Pradeep Yadav,https://openalex.org/I4210105663,Deutsches Herzzentrum der Charité,2019,2019,0000-0003-1278-9136
https://openalex.org/A5101591634,Pradeep Yadav,https://openalex.org/I223532165,University of Utah,2019,2019,0000-0003-1278-9136
https://openalex.org/A5101591634,Pradeep Yadav,https://openalex.org/I1286908927,Baptist Memorial Hospital,2019,2019,0000-0003-1278-9136
https://openalex.org/A5101591634,Pradeep Yadav,https://openalex.org/I122328836,Indian School of Business,2009,2009,0000-0003-1278-9136
https://openalex.org/A5101591634,Pradeep Yadav,https://openalex.org/I138873065,Long Island University,2022,2024,0000-0003-1278-9136
https://openalex.org/A5101591634,Pradeep Yadav,https://openalex.org/I4210126423,Dr. Ram Manohar Lohia Institute of Medical Sciences,2023,2025,0000-0003-1278-9136
https://openalex.org/A5101591634,Pradeep Yadav,https://openalex.org/I4210144653,Cardiovascular Research Foundation,2024,2024,0000-0003-1278-9136
https://openalex.org/A5101591634,Pradeep Yadav,https://openalex.org/I52357470,The Ohio State University,2024,2024,0000-0003-1278-9136
https://openalex.org/A5101591634,Pradeep Yadav,https://openalex.org/I4210092207,Saint Francis Hospital,2024,2024,0000-0003-1278-9136
https://openalex.org/A5101591634,Pradeep Yadav,https://openalex.org/I2799503643,Columbia University Irving Medical Center,2024,2024,0000-0003-1278-9136
https://openalex.org/A5058003426,I. M. Jawahar,https://openalex.org/I47301684,Illinois State University,2001,2023,0000-0002-9650-0098
https://openalex.org/A5058003426,I. M. Jawahar,https://openalex.org/I24240638,Southwestern Oklahoma State University,1997,1998,0000-0002-9650-0098
https://openalex.org/A5058003426,I. M. Jawahar,https://openalex.org/I8692664,University of Oklahoma,2007,2007,0000-0002-9650-0098
https://openalex.org/A5058003426,I. M. Jawahar,https://openalex.org/I87208437,University of Tulsa,2007,2007,0000-0002-9650-0098
https://openalex.org/A5058003426,I. M. Jawahar,https://openalex.org/I169521973,University of New Mexico,2023,2024,0000-0002-9650-0098
https://openalex.org/A5058003426,I. M. Jawahar,https://openalex.org/I4210155590,Management Sciences (United States),2024,2024,0000-0002-9650-0098
https://openalex.org/A5058003426,I. M. Jawahar,https://openalex.org/I115475287,Oklahoma State University,2011,2017,0000-0002-9650-0098
https://openalex.org/A5058003426,I. M. Jawahar,https://openalex.org/I74234424,Chicago State University,2017,2017,0000-0002-9650-0098
https://openalex.org/A5112279340,Mostafa M. Emara,https://openalex.org/I184834183,Al-Azhar University,1978,2025,
https://openalex.org/A5112279340,Mostafa M. Emara,https://openalex.org/I4210125886,Al-Azhar University,2010,2025,
https://openalex.org/A5112279340,Mostafa M. Emara,https://openalex.org/I4210161182,Al Azhar University,2010,2010,
https://openalex.org/A5112279340,Mostafa M. Emara,https://openalex.org/I3163904508,National Institute of Oceanography and Fisheries,2017,2017,
https://openalex.org/A5077531820,Barbara Baum Levenbook,https://openalex.org/I137902535,North Carolina State University,1981,2024,0009-0001-3997-7471
https://openalex.org/A5077531820,Barbara Baum Levenbook,https://openalex.org/I8692664,University of Oklahoma,1980,1980,0009-0001-3997-7471
https://openalex.org/A5077531820,Barbara Baum Levenbook,https://openalex.org/I1282311441,Lawrence Livermore National Laboratory,1980,1980,0009-0001-3997-7471
https://openalex.org/A5063832401,Joseph L. Waner,https://openalex.org/I49332381,University of Oklahoma Health Sciences Center,1985,2005,
https://openalex.org/A5063832401,Joseph L. Waner,https://openalex.org/I4210116139,Children's Hospital of Oklahoma,1985,2003,
https://openalex.org/A5063832401,Joseph L. Waner,https://openalex.org/I1334819555,Memorial Sloan Kettering Cancer Center,1987,1987,
https://openalex.org/A5063832401,Joseph L. Waner,https://openalex.org/I205783295,Cornell University,1987,1987,
https://openalex.org/A5063832401,Joseph L. Waner,https://openalex.org/I27804330,Brown University,1987,1987,
https://openalex.org/A5063832401,Joseph L. Waner,https://openalex.org/I78577930,Columbia University,1987,1987,
https://openalex.org/A5063832401,Joseph L. Waner,https://openalex.org/I4210135078,Washington University Medical Center,1987,1987,
https://openalex.org/A5063832401,Joseph L. Waner,https://openalex.org/I27253931,Oklahoma City University,1987,1987,
https://openalex.org/A5063832401,Joseph L. Waner,https://openalex.org/I98285908,Osaka University,1987,1987,
https://openalex.org/A5063832401,Joseph L. Waner,https://openalex.org/I8692664,University of Oklahoma,1987,1991,
https://openalex.org/A5063832401,Joseph L. Waner,https://openalex.org/I1288882113,Boston Children's Hospital,1973,1973,
https://openalex.org/A5063832401,Joseph L. Waner,https://openalex.org/I30558944,Oklahoma Medical Research Foundation,1986,1986,
https://openalex.org/A5063832401,Joseph L. Waner,https://openalex.org/I4210111587,Education & Research Foundation,1968,1970,
https://openalex.org/A5063832401,Joseph L. Waner,https://openalex.org/I173654999,American Medical Association,1968,1970,
https://openalex.org/A5063832401,Joseph L. Waner,https://openalex.org/I1925986,Loyola University Chicago,1968,1968,
https://openalex.org/A5063832401,Joseph L. Waner,https://openalex.org/I4210125945,St. Joseph's Hospital,1994,1994,
https://openalex.org/A5063832401,Joseph L. Waner,https://openalex.org/I136199984,Harvard University,1975,1975,
https://openalex.org/A5063832401,Joseph L. Waner,https://openalex.org/I1337960435,Massachusetts Department of Public Health,1975,1975,
https://openalex.org/A5020934923,Elizabeth Droke,https://openalex.org/I137902535,North Carolina State University,1993,1993,
https://openalex.org/A5020934923,Elizabeth Droke,https://openalex.org/I1312222531,Agricultural Research Service,1993,1996,
https://openalex.org/A5020934923,Elizabeth Droke,https://openalex.org/I4210125976,Beltsville Agricultural Research Center,1993,1993,
https://openalex.org/A5020934923,Elizabeth Droke,https://openalex.org/I52357470,The Ohio State University,1989,1989,
https://openalex.org/A5020934923,Elizabeth Droke,https://openalex.org/I177156846,South Dakota State University,2006,2017,
https://openalex.org/A5020934923,Elizabeth Droke,https://openalex.org/I115475287,Oklahoma State University,2003,2004,
https://openalex.org/A5020934923,Elizabeth Droke,https://openalex.org/I1336096307,United States Department of Agriculture,1996,1996,
https://openalex.org/A5020934923,Elizabeth Droke,https://openalex.org/I4210118790,Grand Forks Human Nutrition Research Center,1996,1996,
https://openalex.org/A5020934923,Elizabeth Droke,https://openalex.org/I8692664,University of Oklahoma,2006,2006,
https://openalex.org/A5020934923,Elizabeth Droke,https://openalex.org/I114395901,University of Nebraska–Lincoln,2013,2013,
https://openalex.org/A5082973969,Lane W. Maguire,https://openalex.org/I8692664,University of Oklahoma,2017,2021,
https://openalex.org/A5082973969,Lane W. Maguire,https://openalex.org/I170632171,Washington State University Spokane,2023,2023,
https://openalex.org/A5082973969,Lane W. Maguire,https://openalex.org/I72951846,Washington State University,2024,2024,
https://openalex.org/A5082973969,Lane W. Maguire,https://openalex.org/I4210145244,Radar (United States),2018,2018,
https://openalex.org/A5082973969,Lane W. Maguire,https://openalex.org/I86519309,The University of Texas at Austin,2024,2025,
https://openalex.org/A5107541466,Khang V. Ngo,https://openalex.org/I142476485,École Polytechnique,2023,2023,
https://openalex.org/A5107541466,Khang V. Ngo,https://openalex.org/I20089843,Princeton University,2023,2023,
https://openalex.org/A5107541466,Khang V. Ngo,https://openalex.org/I145311948,Johns Hopkins University,2023,2023,
https://openalex.org/A5107541466,Khang V. Ngo,https://openalex.org/I67868205,VNU University of Science,2023,2023,
https://openalex.org/A5107541466,Khang V. Ngo,https://openalex.org/I4210164339,Oldham Council,2023,2023,
https://openalex.org/A5046710072,Fred Garfinkel,https://openalex.org/I145311948,Johns Hopkins University,1976,1976,
https://openalex.org/A5046710072,Fred Garfinkel,https://openalex.org/I4210136897,National Institute on Aging,1976,1976,
https://openalex.org/A5046710072,Fred Garfinkel,https://openalex.org/I87208437,University of Tulsa,2013,2013,
https://openalex.org/A5046710072,Fred Garfinkel,https://openalex.org/I8692664,University of Oklahoma,2013,2013,
https://openalex.org/A5078638924,Elena B. Tikhonova,https://openalex.org/I8692664,University of Oklahoma,2002,2013,0000-0002-7892-9173
https://openalex.org/A5078638924,Elena B. Tikhonova,https://openalex.org/I12315562,Texas Tech University,2015,2024,0000-0002-7892-9173
https://openalex.org/A5078638924,Elena B. Tikhonova,https://openalex.org/I926076166,Texas Tech University Health Sciences Center,2014,2024,0000-0002-7892-9173
https://openalex.org/A5078638924,Elena B. Tikhonova,https://openalex.org/I4394709130,Indiana University School of Medicine,2015,2015,0000-0002-7892-9173
https://openalex.org/A5078638924,Elena B. Tikhonova,https://openalex.org/I4210128656,Laboratoire de Biologie Physico-Chimique des Protéines Membranaires,2015,2015,0000-0002-7892-9173
https://openalex.org/A5078638924,Elena B. Tikhonova,https://openalex.org/I33586118,Lubbock Christian University,2015,2015,0000-0002-7892-9173
https://openalex.org/A5078638924,Elena B. Tikhonova,https://openalex.org/I4210158654,G. K. Skryabin Institute of Biochemistry and Physiology of Microorganisms,2002,2002,0000-0002-7892-9173
https://openalex.org/A5013289368,Sarah E. Herstand,https://openalex.org/I8692664,University of Oklahoma,1986,1986,
https://openalex.org/A5024697590,Katherine Brooke Snyder,https://openalex.org/I4210147841,Engineering Service Center und Handel (Germany),2020,2020,
https://openalex.org/A5024697590,Katherine Brooke Snyder,https://openalex.org/I49332381,University of Oklahoma Health Sciences Center,2024,2024,
https://openalex.org/A5033805651,Daniel Stegmueller,https://openalex.org/I40120149,University of Oxford,2011,2013,0000-0003-3188-1253
https://openalex.org/A5033805651,Daniel Stegmueller,https://openalex.org/I177802217,University of Mannheim,2011,2015,0000-0003-3188-1253
https://openalex.org/A5033805651,Daniel Stegmueller,https://openalex.org/I114090438,Goethe University Frankfurt,2011,2011,0000-0003-3188-1253
https://openalex.org/A5033805651,Daniel Stegmueller,https://openalex.org/I145872427,Radboud University Nijmegen,2011,2011,0000-0003-3188-1253
https://openalex.org/A5033805651,Daniel Stegmueller,https://openalex.org/I170897317,Duke University,2017,2025,0000-0003-3188-1253
https://openalex.org/A5033805651,Daniel Stegmueller,https://openalex.org/I110002522,University of Essex,2011,2013,0000-0003-3188-1253
https://openalex.org/A5033805651,Daniel Stegmueller,https://openalex.org/I78577930,Columbia University,2024,2024,0000-0003-3188-1253
https://openalex.org/A5033805651,Daniel Stegmueller,https://openalex.org/I205092303,Institut d'Etudes Politiques de Paris,2024,2024,0000-0003-3188-1253
https://openalex.org/A5033805651,Daniel Stegmueller,https://openalex.org/I71209653,Bocconi University,2024,2024,0000-0003-3188-1253
https://openalex.org/A5033805651,Daniel Stegmueller,https://openalex.org/I50357001,Universidad Carlos III de Madrid,2021,2021,0000-0003-3188-1253
https://openalex.org/A5033805651,Daniel Stegmueller,https://openalex.org/I8692664,University of Oklahoma,2021,2021,0000-0003-3188-1253
https://openalex.org/A5033805651,Daniel Stegmueller,https://openalex.org/I91045830,Texas A&M University,2021,2021,0000-0003-3188-1253
https://openalex.org/A5033805651,Daniel Stegmueller,https://openalex.org/I110847814,Thiel College,2022,2022,0000-0003-3188-1253
https://openalex.org/A5104013281,Emily Williams,https://openalex.org/I136199984,Harvard University,2007,2007,0000-0002-8262-9181
https://openalex.org/A5104013281,Emily Williams,https://openalex.org/I78577930,Columbia University,2007,2007,0000-0002-8262-9181
https://openalex.org/A5104013281,Emily Williams,https://openalex.org/I124574311,Cambridge Health Alliance,2007,2007,0000-0002-8262-9181
https://openalex.org/A5104013281,Emily Williams,https://openalex.org/I4210158500,National Institute of Mental Health,2007,2007,0000-0002-8262-9181
https://openalex.org/A5104013281,Emily Williams,https://openalex.org/I58956616,Case Western Reserve University,2007,2007,0000-0002-8262-9181
https://openalex.org/A5104013281,Emily Williams,https://openalex.org/I201448701,University of Washington,2002,2007,0000-0002-8262-9181
https://openalex.org/A5104013281,Emily Williams,https://openalex.org/I4210123774,Maine Medical Center,2007,2007,0000-0002-8262-9181
https://openalex.org/A5104013281,Emily Williams,https://openalex.org/I114027177,University of North Carolina at Chapel Hill,2007,2007,0000-0002-8262-9181
https://openalex.org/A5104013281,Emily Williams,https://openalex.org/I4210087915,Massachusetts General Hospital,2022,2024,0000-0002-8262-9181
https://openalex.org/A5104013281,Emily Williams,https://openalex.org/I4210127055,Athinoula A. Martinos Center for Biomedical Imaging,2022,2024,0000-0002-8262-9181
https://openalex.org/A5104013281,Emily Williams,https://openalex.org/I8692664,University of Oklahoma,2012,2014,0000-0002-8262-9181
https://openalex.org/A5104013281,Emily Williams,https://openalex.org/I4210119109,Indiana University Bloomington,2020,2020,0000-0002-8262-9181
https://openalex.org/A5104013281,Emily Williams,https://openalex.org/I55732556,Arizona State University,2020,2020,0000-0002-8262-9181
https://openalex.org/A5104013281,Emily Williams,https://openalex.org/I75421653,University of Missouri–Kansas City,2018,2024,0000-0002-8262-9181
https://openalex.org/A5104013281,Emily Williams,https://openalex.org/I2799809996,Truman Medical Center,2022,2023,0000-0002-8262-9181
https://openalex.org/A5104013281,Emily Williams,https://openalex.org/I39422238,University of Illinois Chicago,2012,2012,0000-0002-8262-9181
https://openalex.org/A5104013281,Emily Williams,https://openalex.org/I156087764,"University of California, Merced",2025,2025,0000-0002-8262-9181
https://openalex.org/A5104013281,Emily Williams,https://openalex.org/I4210104828,Sansum Diabetes Research Institute,2016,2016,0000-0002-8262-9181
https://openalex.org/A5104013281,Emily Williams,https://openalex.org/I103531236,Boston College,2025,2025,0000-0002-8262-9181
https://openalex.org/A5104013281,Emily Williams,https://openalex.org/I79620101,University of Arkansas for Medical Sciences,2018,2018,0000-0002-8262-9181
https://openalex.org/A5104013281,Emily Williams,https://openalex.org/I55302922,The University of Texas Medical Branch at Galveston,2021,2021,0000-0002-8262-9181
https://openalex.org/A5104013281,Emily Williams,https://openalex.org/I4210134579,Dana-Farber/Harvard Cancer Center,2020,2020,0000-0002-8262-9181
https://openalex.org/A5104013281,Emily Williams,https://openalex.org/I2802436442,Boston Public Library,2020,2020,0000-0002-8262-9181
https://openalex.org/A5104013281,Emily Williams,https://openalex.org/I1321305853,National Bureau of Economic Research,2020,2020,0000-0002-8262-9181
https://openalex.org/A5100446916,Jiahui Wang,https://openalex.org/I143868143,Anhui University,2019,2025,0000-0002-6438-1506
https://openalex.org/A5100446916,Jiahui Wang,https://openalex.org/I143593769,East China University of Science and Technology,2020,2020,0000-0002-6438-1506
https://openalex.org/A5100446916,Jiahui Wang,https://openalex.org/I34949971,University of Jinan,2022,2022,0000-0002-6438-1506
https://openalex.org/A5100446916,Jiahui Wang,https://openalex.org/I4210142748,Shandong Academy of Sciences,2022,2022,0000-0002-6438-1506
https://openalex.org/A5100446916,Jiahui Wang,https://openalex.org/I152269853,Qilu University of Technology,2022,2022,0000-0002-6438-1506
https://openalex.org/A5100446916,Jiahui Wang,https://openalex.org/I4210160344,Tongji Hospital,2020,2025,0000-0002-6438-1506
https://openalex.org/A5100446916,Jiahui Wang,https://openalex.org/I47720641,Huazhong University of Science and Technology,2020,2025,0000-0002-6438-1506
https://openalex.org/A5100446916,Jiahui Wang,https://openalex.org/I139024713,Guangdong University of Technology,2024,2024,0000-0002-6438-1506
https://openalex.org/A5100446916,Jiahui Wang,https://openalex.org/I99065089,Tsinghua University,2022,2022,0000-0002-6438-1506
https://openalex.org/A5100446916,Jiahui Wang,https://openalex.org/I118574674,Jiangsu Normal University,2017,2019,0000-0002-6438-1506
https://openalex.org/A5100446916,Jiahui Wang,https://openalex.org/I21193070,Beijing Jiaotong University,2018,2020,0000-0002-6438-1506
https://openalex.org/A5100446916,Jiahui Wang,https://openalex.org/I189210763,Yunnan University,2020,2024,0000-0002-6438-1506
https://openalex.org/A5100446916,Jiahui Wang,https://openalex.org/I9224756,Northeastern University,2023,2023,0000-0002-6438-1506
https://openalex.org/A5100446916,Jiahui Wang,https://openalex.org/I203951103,Keio University,2005,2006,0000-0002-6438-1506
https://openalex.org/A5100446916,Jiahui Wang,https://openalex.org/I8692664,University of Oklahoma,2012,2012,0000-0002-6438-1506
https://openalex.org/A5100446916,Jiahui Wang,https://openalex.org/I78675632,Beijing Information Science & Technology University,2020,2022,0000-0002-6438-1506
https://openalex.org/A5100446916,Jiahui Wang,https://openalex.org/I17442442,State Grid Corporation of China (China),2022,2022,0000-0002-6438-1506
https://openalex.org/A5100446916,Jiahui Wang,https://openalex.org/I33213144,University of Florida,2016,2016,0000-0002-6438-1506
https://openalex.org/A5100446916,Jiahui Wang,https://openalex.org/I2250955327,Huawei Technologies (China),2022,2022,0000-0002-6438-1506
https://openalex.org/A5100446916,Jiahui Wang,https://openalex.org/I36152291,Henan University of Technology,2023,2025,0000-0002-6438-1506
https://openalex.org/A5100446916,Jiahui Wang,https://openalex.org/I180662265,China Mobile (China),2024,2024,0000-0002-6438-1506
https://openalex.org/A5100446916,Jiahui Wang,https://openalex.org/I141103825,Nanchang Institute of Technology,2022,2022,0000-0002-6438-1506
https://openalex.org/A5100446916,Jiahui Wang,https://openalex.org/I4210165198,Beijing Advanced Sciences and Innovation Center,2023,2024,0000-0002-6438-1506
https://openalex.org/A5100446916,Jiahui Wang,https://openalex.org/I4210116048,Beijing National Laboratory for Molecular Sciences,2024,2024,0000-0002-6438-1506
https://openalex.org/A5100446916,Jiahui Wang,https://openalex.org/I1327237609,Ministry of Education of the People's Republic of China,2024,2024,0000-0002-6438-1506
https://openalex.org/A5100446916,Jiahui Wang,https://openalex.org/I96852419,Capital Normal University,2024,2024,0000-0002-6438-1506
https://openalex.org/A5100446916,Jiahui Wang,https://openalex.org/I97009856,Bohai University,2016,2017,0000-0002-6438-1506
https://openalex.org/A5100446916,Jiahui Wang,https://openalex.org/I205237279,Nankai University,2022,2022,0000-0002-6438-1506
https://openalex.org/A5100446916,Jiahui Wang,https://openalex.org/I4210124764,Zhoushan Hospital,2023,2023,0000-0002-6438-1506
https://openalex.org/A5100446916,Jiahui Wang,https://openalex.org/I4210100255,Beijing Academy of Artificial Intelligence,2023,2023,0000-0002-6438-1506
https://openalex.org/A5100446916,Jiahui Wang,https://openalex.org/I87182695,Universidad del Noreste,2023,2023,0000-0002-6438-1506
https://openalex.org/A5100446916,Jiahui Wang,https://openalex.org/I180726961,Shenzhen University,2018,2018,0000-0002-6438-1506
https://openalex.org/A5100446916,Jiahui Wang,https://openalex.org/I76130692,Zhejiang University,2018,2018,0000-0002-6438-1506
https://openalex.org/A5100446916,Jiahui Wang,https://openalex.org/I157773358,Sun Yat-sen University,2020,2020,0000-0002-6438-1506
https://openalex.org/A5100446916,Jiahui Wang,https://openalex.org/I125839683,Beijing Institute of Technology,2022,2022,0000-0002-6438-1506
https://openalex.org/A5100446916,Jiahui Wang,https://openalex.org/I1297991670,Southwest University of Science and Technology,2022,2022,0000-0002-6438-1506
https://openalex.org/A5100446916,Jiahui Wang,https://openalex.org/I134687103,Nanjing Tech University,2023,2023,0000-0002-6438-1506
https://openalex.org/A5100446916,Jiahui Wang,https://openalex.org/I881766915,Nanjing University,2023,2023,0000-0002-6438-1506
https://openalex.org/A5100446916,Jiahui Wang,https://openalex.org/I131434179,Nanjing University of Chinese Medicine,2024,2024,0000-0002-6438-1506
https://openalex.org/A5100446916,Jiahui Wang,https://openalex.org/I134738993,Shandong University of Traditional Chinese Medicine,2024,2024,0000-0002-6438-1506
https://openalex.org/A5100446916,Jiahui Wang,https://openalex.org/I91935597,University of South China,2025,2025,0000-0002-6438-1506
https://openalex.org/A5100446916,Jiahui Wang,https://openalex.org/I139660479,Central South University,2025,2025,0000-0002-6438-1506
https://openalex.org/A5100446916,Jiahui Wang,https://openalex.org/I165911609,Changsha Medical University,2025,2025,0000-0002-6438-1506
https://openalex.org/A5100446916,Jiahui Wang,https://openalex.org/I151727225,Harbin Engineering University,2025,2025,0000-0002-6438-1506
https://openalex.org/A5100446916,Jiahui Wang,https://openalex.org/I191996457,Dalian Medical University,2025,2025,0000-0002-6438-1506
https://openalex.org/A5100446916,Jiahui Wang,https://openalex.org/I4210140813,First Affiliated Hospital of Dalian Medical University,2025,2025,0000-0002-6438-1506
https://openalex.org/A5100446916,Jiahui Wang,https://openalex.org/I139787848,Capital University,2003,2003,0000-0002-6438-1506
https://openalex.org/A5100446916,Jiahui Wang,https://openalex.org/I4210147267,Ronin Institute,2003,2003,0000-0002-6438-1506
https://openalex.org/A5056976963,Rupen Desai,https://openalex.org/I4210126298,Duke Medical Center,2015,2018,0000-0002-2052-7243
https://openalex.org/A5056976963,Rupen Desai,https://openalex.org/I4210153043,Duke University Hospital,2016,2018,0000-0002-2052-7243
https://openalex.org/A5056976963,Rupen Desai,https://openalex.org/I4210157890,Neurological Surgery,2019,2024,0000-0002-2052-7243
https://openalex.org/A5056976963,Rupen Desai,https://openalex.org/I204465549,Washington University in St. Louis,2016,2024,0000-0002-2052-7243
https://openalex.org/A5056976963,Rupen Desai,https://openalex.org/I27253931,Oklahoma City University,2024,2024,0000-0002-2052-7243
https://openalex.org/A5056976963,Rupen Desai,https://openalex.org/I8692664,University of Oklahoma,2024,2024,0000-0002-2052-7243
https://openalex.org/A5056976963,Rupen Desai,https://openalex.org/I1340179700,NewYork–Presbyterian Hospital,2024,2024,0000-0002-2052-7243
https://openalex.org/A5056976963,Rupen Desai,https://openalex.org/I205783295,Cornell University,2024,2025,0000-0002-2052-7243
https://openalex.org/A5056976963,Rupen Desai,https://openalex.org/I4210096498,Presbyterian Hospital,2024,2024,0000-0002-2052-7243
https://openalex.org/A5056976963,Rupen Desai,https://openalex.org/I2801107848,New York Hospital Queens,2024,2024,0000-0002-2052-7243
https://openalex.org/A5056976963,Rupen Desai,https://openalex.org/I204308271,Medical College of Wisconsin,2025,2025,0000-0002-2052-7243
https://openalex.org/A5056976963,Rupen Desai,https://openalex.org/I170897317,Duke University,2015,2015,0000-0002-2052-7243
https://openalex.org/A5056976963,Rupen Desai,https://openalex.org/I4210164514,Bapuji Dental College and Hospital,2007,2007,0000-0002-2052-7243
https://openalex.org/A5056976963,Rupen Desai,https://openalex.org/I49332381,University of Oklahoma Health Sciences Center,2024,2025,0000-0002-2052-7243
https://openalex.org/A5056976963,Rupen Desai,https://openalex.org/I4387153466,Weill Cornell Medicine,2025,2025,0000-0002-2052-7243
https://openalex.org/A5056976963,Rupen Desai,https://openalex.org/I177405213,Madison Area Technical College,2025,2025,0000-0002-2052-7243
https://openalex.org/A5072919264,Tim Gorichanaz,https://openalex.org/I72816309,Drexel University,2015,2025,0000-0003-0226-7799
https://openalex.org/A5072919264,Tim Gorichanaz,https://openalex.org/I71965598,Adelphi University,2020,2020,0000-0003-0226-7799
https://openalex.org/A5072919264,Tim Gorichanaz,https://openalex.org/I125680101,Turing Institute,2020,2020,0000-0003-0226-7799
https://openalex.org/A5072919264,Tim Gorichanaz,https://openalex.org/I100930933,University College Dublin,2020,2020,0000-0003-0226-7799
https://openalex.org/A5072919264,Tim Gorichanaz,https://openalex.org/I124055696,University of Copenhagen,2020,2020,0000-0003-0226-7799
https://openalex.org/A5072919264,Tim Gorichanaz,https://openalex.org/I87208437,University of Tulsa,2020,2020,0000-0003-0226-7799
https://openalex.org/A5072919264,Tim Gorichanaz,https://openalex.org/I8692664,University of Oklahoma,2020,2020,0000-0003-0226-7799
https://openalex.org/A5072919264,Tim Gorichanaz,https://openalex.org/I2802466791,Royal Danish Library,2020,2020,0000-0003-0226-7799
https://openalex.org/A5072919264,Tim Gorichanaz,https://openalex.org/I180825142,"City, University of London",2020,2020,0000-0003-0226-7799
https://openalex.org/A5072919264,Tim Gorichanaz,https://openalex.org/I161318765,"University of California, Los Angeles",2020,2020,0000-0003-0226-7799
https://openalex.org/A5072919264,Tim Gorichanaz,https://openalex.org/I4210128584,The Alan Turing Institute,2020,2020,0000-0003-0226-7799
https://openalex.org/A5072919264,Tim Gorichanaz,https://openalex.org/I106165777,University of Central Florida,2017,2017,0000-0003-0226-7799
https://openalex.org/A5072919264,Tim Gorichanaz,https://openalex.org/I41156924,Victoria University of Wellington,2017,2017,0000-0003-0226-7799
https://openalex.org/A5072919264,Tim Gorichanaz,https://openalex.org/I881766915,Nanjing University,2017,2017,0000-0003-0226-7799
https://openalex.org/A5072919264,Tim Gorichanaz,https://openalex.org/I4210126245,Wikimedia Foundation,2017,2017,0000-0003-0226-7799
https://openalex.org/A5072919264,Tim Gorichanaz,https://openalex.org/I154099455,Shandong University,2017,2017,0000-0003-0226-7799
https://openalex.org/A5072919264,Tim Gorichanaz,https://openalex.org/I130238516,University of Minnesota,2017,2017,0000-0003-0226-7799
https://openalex.org/A5072919264,Tim Gorichanaz,https://openalex.org/I201448701,University of Washington,2017,2017,0000-0003-0226-7799
https://openalex.org/A5072919264,Tim Gorichanaz,https://openalex.org/I111979921,Northwestern University,2017,2017,0000-0003-0226-7799
https://openalex.org/A5072919264,Tim Gorichanaz,https://openalex.org/I157614274,University of Cape Town,2020,2020,0000-0003-0226-7799
https://openalex.org/A5072919264,Tim Gorichanaz,https://openalex.org/I149910238,Kent State University,2020,2020,0000-0003-0226-7799
https://openalex.org/A5072919264,Tim Gorichanaz,https://openalex.org/I17301866,University of Alabama,2020,2020,0000-0003-0226-7799
https://openalex.org/A5072919264,Tim Gorichanaz,https://openalex.org/I1284351223,Conference Board,2020,2020,0000-0003-0226-7799
https://openalex.org/A5072919264,Tim Gorichanaz,https://openalex.org/I4210119109,Indiana University Bloomington,2020,2020,0000-0003-0226-7799
https://openalex.org/A5072919264,Tim Gorichanaz,https://openalex.org/I202522242,Chestnut Hill College,2018,2018,0000-0003-0226-7799
https://openalex.org/A5066108089,Yangxiong Li,https://openalex.org/I4210116048,Beijing National Laboratory for Molecular Sciences,2013,2017,
https://openalex.org/A5066108089,Yangxiong Li,https://openalex.org/I19820366,Chinese Academy of Sciences,2013,2017,
https://openalex.org/A5066108089,Yangxiong Li,https://openalex.org/I4210165038,University of Chinese Academy of Sciences,2015,2017,
https://openalex.org/A5066108089,Yangxiong Li,https://openalex.org/I8692664,University of Oklahoma,2017,2017,
https://openalex.org/A5067881122,LaVerne L. Hoag,https://openalex.org/I8692664,University of Oklahoma,1971,1982,
https://openalex.org/A5014640820,Wendy Galbraith,https://openalex.org/I8692664,University of Oklahoma,2008,2025,
https://openalex.org/A5014640820,Wendy Galbraith,https://openalex.org/I49332381,University of Oklahoma Health Sciences Center,2008,2020,
https://openalex.org/A5014640820,Wendy Galbraith,https://openalex.org/I141945490,University of British Columbia,2009,2009,
https://openalex.org/A5041825979,Jennifer S. Carmichael,https://openalex.org/I8692664,University of Oklahoma,2009,2009,0000-0001-9708-3444
https://openalex.org/A5041825979,Jennifer S. Carmichael,https://openalex.org/I192455969,York University,2022,2022,0000-0001-9708-3444
https://openalex.org/A5070811909,Srijana Shrestha,https://openalex.org/I8692664,University of Oklahoma,2022,2024,0000-0001-8457-026X
https://openalex.org/A5070811909,Srijana Shrestha,https://openalex.org/I4403928426,Instituto de Estudos Avançados da Universidade de São Paulo,2023,2023,0000-0001-8457-026X
https://openalex.org/A5070811909,Srijana Shrestha,https://openalex.org/I3133247265,Nepal Sanskrit University,2023,2023,0000-0001-8457-026X
https://openalex.org/A5070811909,Srijana Shrestha,https://openalex.org/I4210160020,Ministry of Environment,2023,2023,0000-0001-8457-026X
https://openalex.org/A5070811909,Srijana Shrestha,https://openalex.org/I4387154558,Nepal Open University,2023,2023,0000-0001-8457-026X
https://openalex.org/A5121210271,A. Basit Khan,https://openalex.org/I8692664,University of Oklahoma,2025,2025,
https://openalex.org/A5046885139,Matthew Becker,https://openalex.org/I368840534,University of Mississippi,2017,2022,0000-0001-6492-2125
https://openalex.org/A5046885139,Matthew Becker,https://openalex.org/I103163165,Florida State University,2021,2021,0000-0001-6492-2125
https://openalex.org/A5046885139,Matthew Becker,https://openalex.org/I8692664,University of Oklahoma,2021,2021,0000-0001-6492-2125
https://openalex.org/A5046885139,Matthew Becker,https://openalex.org/I126307644,University of Iowa,2021,2021,0000-0001-6492-2125
https://openalex.org/A5046885139,Matthew Becker,https://openalex.org/I48566637,Ulsan National Institute of Science and Technology,2020,2023,0000-0001-6492-2125
https://openalex.org/A5046885139,Matthew Becker,https://openalex.org/I170897317,Duke University,2023,2025,0000-0001-6492-2125
https://openalex.org/A5109236521,Rory McCloy,https://openalex.org/I28407311,University of Manchester,2004,2004,
https://openalex.org/A5109236521,Rory McCloy,https://openalex.org/I1293129422,Lancashire Teaching Hospitals NHS Foundation Trust,2008,2008,
https://openalex.org/A5109236521,Rory McCloy,https://openalex.org/I2801926401,Manchester Royal Infirmary,1991,2004,
https://openalex.org/A5109236521,Rory McCloy,https://openalex.org/I8692664,University of Oklahoma,1974,1974,
https://openalex.org/A5003640922,Bianca A.R. Galletti,https://openalex.org/I8692664,University of Oklahoma,2016,2025,
https://openalex.org/A5005962640,Kanin Sapmanee,https://openalex.org/I8692664,University of Oklahoma,2012,2012,
https://openalex.org/A5100561048,XiaoWei Chen,https://openalex.org/I8692664,University of Oklahoma,2021,2021,
https://openalex.org/A5088647694,Rakesh Kumar,https://openalex.org/I4210156610,GlaxoSmithKline (Netherlands),2008,2008,0000-0002-4627-3667
https://openalex.org/A5088647694,Rakesh Kumar,https://openalex.org/I4210114143,GlaxoSmithKline (United States),2008,2009,0000-0002-4627-3667
https://openalex.org/A5088647694,Rakesh Kumar,https://openalex.org/I1309191912,Research Triangle Park Foundation,2008,2008,0000-0002-4627-3667
https://openalex.org/A5088647694,Rakesh Kumar,https://openalex.org/I4210150756,AstraZeneca (United States),2020,2025,0000-0002-4627-3667
https://openalex.org/A5088647694,Rakesh Kumar,https://openalex.org/I4210128490,AstraZeneca (Japan),2021,2025,0000-0002-4627-3667
https://openalex.org/A5088647694,Rakesh Kumar,https://openalex.org/I4210113007,AstraZeneca (Netherlands),2024,2026,0000-0002-4627-3667
https://openalex.org/A5088647694,Rakesh Kumar,https://openalex.org/I145286018,SRM Institute of Science and Technology,2025,2025,0000-0002-4627-3667
https://openalex.org/A5088647694,Rakesh Kumar,https://openalex.org/I85461943,Saveetha University,2025,2025,0000-0002-4627-3667
https://openalex.org/A5088647694,Rakesh Kumar,https://openalex.org/I129734738,All India Institute of Medical Sciences Raipur,2010,2010,0000-0002-4627-3667
https://openalex.org/A5088647694,Rakesh Kumar,https://openalex.org/I63739035,All India Institute of Medical Sciences,2008,2025,0000-0002-4627-3667
https://openalex.org/A5088647694,Rakesh Kumar,https://openalex.org/I4210106490,All India Institute of Medical Sciences Bhopal,2010,2010,0000-0002-4627-3667
https://openalex.org/A5088647694,Rakesh Kumar,https://openalex.org/I39190216,Maulana Azad Medical College,2002,2021,0000-0002-4627-3667
https://openalex.org/A5088647694,Rakesh Kumar,https://openalex.org/I4210120668,Creative Commons,2021,2021,0000-0002-4627-3667
https://openalex.org/A5088647694,Rakesh Kumar,https://openalex.org/I4210096873,Lok Nayak Jai Prakash Narayan Hospital,2021,2021,0000-0002-4627-3667
https://openalex.org/A5088647694,Rakesh Kumar,https://openalex.org/I1302839792,Indraprastha Apollo Hospitals,2023,2023,0000-0002-4627-3667
https://openalex.org/A5088647694,Rakesh Kumar,https://openalex.org/I45294948,Post Graduate Institute of Medical Education and Research,1986,1986,0000-0002-4627-3667
https://openalex.org/A5088647694,Rakesh Kumar,https://openalex.org/I8692664,University of Oklahoma,2018,2018,0000-0002-4627-3667
https://openalex.org/A5088647694,Rakesh Kumar,https://openalex.org/I2800098698,Tata Memorial Hospital,2019,2019,0000-0002-4627-3667
https://openalex.org/A5088647694,Rakesh Kumar,https://openalex.org/I238035932,Indira Gandhi Institute of Medical Sciences,2020,2020,0000-0002-4627-3667
https://openalex.org/A5088647694,Rakesh Kumar,https://openalex.org/I17972996,Vardhman Mahavir Medical College & Safdarjung Hospital,2024,2024,0000-0002-4627-3667
https://openalex.org/A5088647694,Rakesh Kumar,https://openalex.org/I4210136823,AstraZeneca (Poland),2026,2026,0000-0002-4627-3667
https://openalex.org/A5100640260,Bing Xia,https://openalex.org/I136199984,Harvard University,2006,2008,0000-0003-3259-6139
https://openalex.org/A5100640260,Bing Xia,https://openalex.org/I4210117453,Dana-Farber Cancer Institute,2006,2013,0000-0003-3259-6139
https://openalex.org/A5100640260,Bing Xia,https://openalex.org/I111088046,Boston University,2015,2020,0000-0003-3259-6139
https://openalex.org/A5100640260,Bing Xia,https://openalex.org/I4390039325,Rutgers Cancer Institute of New Jersey,2009,2024,0000-0003-3259-6139
https://openalex.org/A5100640260,Bing Xia,https://openalex.org/I2802203029,Johnson University,1999,2023,0000-0003-3259-6139
https://openalex.org/A5100640260,Bing Xia,https://openalex.org/I102322142,"Rutgers, The State University of New Jersey",1998,2025,0000-0003-3259-6139
https://openalex.org/A5100640260,Bing Xia,https://openalex.org/I2801851002,Harvard University Press,2007,2007,0000-0003-3259-6139
https://openalex.org/A5100640260,Bing Xia,https://openalex.org/I4210145812,Cancer Genetics (United States),2010,2010,0000-0003-3259-6139
https://openalex.org/A5100640260,Bing Xia,https://openalex.org/I2801824472,Jewish General Hospital,2010,2010,0000-0003-3259-6139
https://openalex.org/A5100640260,Bing Xia,https://openalex.org/I4210131061,Zhejiang Provincial People's Hospital,2008,2015,0000-0003-3259-6139
https://openalex.org/A5100640260,Bing Xia,https://openalex.org/I139660479,Central South University,2001,2020,0000-0003-3259-6139
https://openalex.org/A5100640260,Bing Xia,https://openalex.org/I4210115624,Hunan Cancer Hospital,2018,2020,0000-0003-3259-6139
https://openalex.org/A5100640260,Bing Xia,https://openalex.org/I9916479,Air Force Medical University,2023,2025,0000-0003-3259-6139
https://openalex.org/A5100640260,Bing Xia,https://openalex.org/I4210158926,Xijing Hospital,2023,2025,0000-0003-3259-6139
https://openalex.org/A5100640260,Bing Xia,https://openalex.org/I1174212,University of Southern California,2019,2023,0000-0003-3259-6139
https://openalex.org/A5100640260,Bing Xia,https://openalex.org/I886237282,Repligen (United States),2013,2015,0000-0003-3259-6139
https://openalex.org/A5100640260,Bing Xia,https://openalex.org/I4210158097,Institute of Botany,2005,2013,0000-0003-3259-6139
https://openalex.org/A5100640260,Bing Xia,https://openalex.org/I36258959,"University of California, San Diego",2002,2025,0000-0003-3259-6139
https://openalex.org/A5100640260,Bing Xia,https://openalex.org/I4210089535,Sanford Consortium for Regenerative Medicine,2023,2023,0000-0003-3259-6139
https://openalex.org/A5100640260,Bing Xia,https://openalex.org/I4210165815,Hangzhou Cancer Hospital,2011,2025,0000-0003-3259-6139
https://openalex.org/A5100640260,Bing Xia,https://openalex.org/I204710742,Ministry of Ecology and Environment,2022,2022,0000-0003-3259-6139
https://openalex.org/A5100640260,Bing Xia,https://openalex.org/I16365422,Hefei University of Technology,2022,2022,0000-0003-3259-6139
https://openalex.org/A5100640260,Bing Xia,https://openalex.org/I4210166709,Nanjing Institute of Environmental Sciences,2022,2022,0000-0003-3259-6139
https://openalex.org/A5100640260,Bing Xia,https://openalex.org/I4210117038,USC Norris Comprehensive Cancer Center,2019,2023,0000-0003-3259-6139
https://openalex.org/A5100640260,Bing Xia,https://openalex.org/I89652312,Northwest A&F University,2023,2025,0000-0003-3259-6139
https://openalex.org/A5100640260,Bing Xia,https://openalex.org/I4210137558,Beijing University of Agriculture,2023,2023,0000-0003-3259-6139
https://openalex.org/A5100640260,Bing Xia,https://openalex.org/I76130692,Zhejiang University,2017,2024,0000-0003-3259-6139
https://openalex.org/A5100640260,Bing Xia,https://openalex.org/I149137203,Guiyang Medical University,2022,2025,0000-0003-3259-6139
https://openalex.org/A5100640260,Bing Xia,https://openalex.org/I114539943,Zhejiang Chinese Medical University,2023,2025,0000-0003-3259-6139
https://openalex.org/A5100640260,Bing Xia,https://openalex.org/I79576946,University of Pennsylvania,2002,2002,0000-0003-3259-6139
https://openalex.org/A5100640260,Bing Xia,https://openalex.org/I4210120234,Zhongnan Hospital of Wuhan University,2004,2013,0000-0003-3259-6139
https://openalex.org/A5100640260,Bing Xia,https://openalex.org/I37461747,Wuhan University,2004,2013,0000-0003-3259-6139
https://openalex.org/A5100640260,Bing Xia,https://openalex.org/I8692664,University of Oklahoma,1996,1996,0000-0003-3259-6139
https://openalex.org/A5100640260,Bing Xia,https://openalex.org/I129975664,Albert Einstein College of Medicine,2012,2023,0000-0003-3259-6139
https://openalex.org/A5100640260,Bing Xia,https://openalex.org/I1335289525,Montefiore Medical Center,2012,2012,0000-0003-3259-6139
https://openalex.org/A5100640260,Bing Xia,https://openalex.org/I4210149251,Hangzhou Red Cross Hospital,2019,2019,0000-0003-3259-6139
https://openalex.org/A5100640260,Bing Xia,https://openalex.org/I4210154732,Cancer Institute of Florida,2013,2013,0000-0003-3259-6139
https://openalex.org/A5100640260,Bing Xia,https://openalex.org/I4390039325,Rutgers Cancer Institute,2019,2019,0000-0003-3259-6139
https://openalex.org/A5100640260,Bing Xia,https://openalex.org/I19820366,Chinese Academy of Sciences,2008,2021,0000-0003-3259-6139
https://openalex.org/A5100640260,Bing Xia,https://openalex.org/I52158045,China Agricultural University,2019,2020,0000-0003-3259-6139
https://openalex.org/A5100640260,Bing Xia,https://openalex.org/I4210152908,Chengdu Institute of Biology,2011,2017,0000-0003-3259-6139
https://openalex.org/A5100640260,Bing Xia,https://openalex.org/I4210093194,Fudan University Shanghai Cancer Center,2008,2019,0000-0003-3259-6139
https://openalex.org/A5100640260,Bing Xia,https://openalex.org/I4210098734,Zhejiang Cancer Hospital,2018,2024,0000-0003-3259-6139
https://openalex.org/A5100640260,Bing Xia,https://openalex.org/I4210156501,First Affiliated Hospital of Harbin Medical University,2009,2009,0000-0003-3259-6139
https://openalex.org/A5100640260,Bing Xia,https://openalex.org/I156144747,Harbin Medical University,2009,2020,0000-0003-3259-6139
https://openalex.org/A5100640260,Bing Xia,https://openalex.org/I4210124300,Hubei Provincial Women and Children's Hospital,2012,2012,0000-0003-3259-6139
https://openalex.org/A5100640260,Bing Xia,https://openalex.org/I133868755,Shanghai Medical College of Fudan University,2009,2011,0000-0003-3259-6139
https://openalex.org/A5100640260,Bing Xia,https://openalex.org/I78978612,Yangzhou University,2008,2009,0000-0003-3259-6139
https://openalex.org/A5100640260,Bing Xia,https://openalex.org/I4210132079,Hangzhou Wanxiang Polytechnic,2024,2024,0000-0003-3259-6139
https://openalex.org/A5100640260,Bing Xia,https://openalex.org/I4210144384,Third Affiliated Hospital of Zhengzhou University,2022,2024,0000-0003-3259-6139
https://openalex.org/A5100640260,Bing Xia,https://openalex.org/I4210151386,Janssen (United States),2023,2024,0000-0003-3259-6139
https://openalex.org/A5100640260,Bing Xia,https://openalex.org/I887064364,University of Amsterdam,1995,1998,0000-0003-3259-6139
https://openalex.org/A5100640260,Bing Xia,https://openalex.org/I82880672,Beihang University,2007,2009,0000-0003-3259-6139
https://openalex.org/A5100640260,Bing Xia,https://openalex.org/I4210156904,Third Xiangya Hospital,2014,2017,0000-0003-3259-6139
https://openalex.org/A5100640260,Bing Xia,https://openalex.org/I4210105327,Wuhan Prevention and Treatment Center for Occupational Diseases,2013,2013,0000-0003-3259-6139
https://openalex.org/A5100640260,Bing Xia,https://openalex.org/I4210094071,Taizhou Second People's Hospital,2020,2021,0000-0003-3259-6139
https://openalex.org/A5100640260,Bing Xia,https://openalex.org/I87780372,Chongqing Medical University,2023,2025,0000-0003-3259-6139
https://openalex.org/A5100640260,Bing Xia,https://openalex.org/I191996457,Dalian Medical University,2023,2025,0000-0003-3259-6139
https://openalex.org/A5100640260,Bing Xia,https://openalex.org/I4210097509,Second Affiliated Hospital of Chongqing Medical University,2023,2025,0000-0003-3259-6139
https://openalex.org/A5100640260,Bing Xia,https://openalex.org/I2800154431,Keck Hospital of USC,2021,2021,0000-0003-3259-6139
https://openalex.org/A5100640260,Bing Xia,https://openalex.org/I4210148790,Hangzhou First People's Hospital,2012,2025,0000-0003-3259-6139
https://openalex.org/A5100640260,Bing Xia,https://openalex.org/I4210096386,Bridge University,2015,2015,0000-0003-3259-6139
https://openalex.org/A5100640260,Bing Xia,https://openalex.org/I83519826,Nanjing Medical University,2016,2016,0000-0003-3259-6139
https://openalex.org/A5100640260,Bing Xia,https://openalex.org/I2802573037,Tianjin Medical University Cancer Institute and Hospital,2015,2018,0000-0003-3259-6139
https://openalex.org/A5100640260,Bing Xia,https://openalex.org/I188703185,GTx (United States),2013,2013,0000-0003-3259-6139
https://openalex.org/A5100640260,Bing Xia,https://openalex.org/I4210145099,Xian Yang Central Hospital,2019,2019,0000-0003-3259-6139
https://openalex.org/A5100640260,Bing Xia,https://openalex.org/I200769079,Hong Kong University of Science and Technology,2005,2005,0000-0003-3259-6139
https://openalex.org/A5100640260,Bing Xia,https://openalex.org/I889458895,University of Hong Kong,2005,2009,0000-0003-3259-6139
https://openalex.org/A5100640260,Bing Xia,https://openalex.org/I161716053,China Pharmaceutical University,2005,2007,0000-0003-3259-6139
https://openalex.org/A5100640260,Bing Xia,https://openalex.org/I156087764,"University of California, Merced",2008,2008,0000-0003-3259-6139
https://openalex.org/A5100640260,Bing Xia,https://openalex.org/I4210091812,Bristol-Myers Squibb (United States),2019,2019,0000-0003-3259-6139
https://openalex.org/A5100640260,Bing Xia,https://openalex.org/I4210141683,China Academy of Chinese Medical Sciences,2023,2023,0000-0003-3259-6139
https://openalex.org/A5100640260,Bing Xia,https://openalex.org/I4210147760,Wuhu Institute of Technology,2018,2018,0000-0003-3259-6139
https://openalex.org/A5100640260,Bing Xia,https://openalex.org/I197869895,Anhui Medical University,2018,2018,0000-0003-3259-6139
https://openalex.org/A5100640260,Bing Xia,https://openalex.org/I4210150172,First Affiliated Hospital of Bengbu Medical College,2025,2025,0000-0003-3259-6139
https://openalex.org/A5100640260,Bing Xia,https://openalex.org/I2800191616,Maastricht University Medical Centre,2011,2011,0000-0003-3259-6139
https://openalex.org/A5100640260,Bing Xia,https://openalex.org/I4210153153,Creative Research Enterprises (United States),2011,2011,0000-0003-3259-6139
https://openalex.org/A5100640260,Bing Xia,https://openalex.org/I137982388,Janssen (Belgium),2024,2024,0000-0003-3259-6139
https://openalex.org/A5100640260,Bing Xia,https://openalex.org/I927504317,Nanchang Hangkong University,2009,2009,0000-0003-3259-6139
https://openalex.org/A5100640260,Bing Xia,https://openalex.org/I115592961,Jiangsu University,2007,2007,0000-0003-3259-6139
https://openalex.org/A5100640260,Bing Xia,https://openalex.org/I4210146936,Huawei Technologies (United States),2018,2018,0000-0003-3259-6139
https://openalex.org/A5100640260,Bing Xia,https://openalex.org/I4210156971,"The First People's Hospital of Xiaoshan District, Hangzhou",2013,2025,0000-0003-3259-6139
https://openalex.org/A5100640260,Bing Xia,https://openalex.org/I2800525753,Beijing Botanical Garden,2007,2007,0000-0003-3259-6139
https://openalex.org/A5100640260,Bing Xia,https://openalex.org/I5740404,Tianjin Medical University,2014,2017,0000-0003-3259-6139
https://openalex.org/A5100640260,Bing Xia,https://openalex.org/I4210160793,Institute of Geographic Sciences and Natural Resources Research,2021,2021,0000-0003-3259-6139
https://openalex.org/A5100640260,Bing Xia,https://openalex.org/I126520041,University of Science and Technology of China,2023,2023,0000-0003-3259-6139
https://openalex.org/A5100640260,Bing Xia,https://openalex.org/I184843921,Hebei University of Technology,2015,2015,0000-0003-3259-6139
https://openalex.org/A5100640260,Bing Xia,https://openalex.org/I24943067,Fudan University,2010,2011,0000-0003-3259-6139
https://openalex.org/A5100640260,Bing Xia,https://openalex.org/I2799373289,Fuda Cancer Hospital,2010,2011,0000-0003-3259-6139
https://openalex.org/A5100640260,Bing Xia,https://openalex.org/I4210132375,First Affiliated Hospital of Chinese PLA General Hospital,2012,2012,0000-0003-3259-6139
https://openalex.org/A5100640260,Bing Xia,https://openalex.org/I4210160531,Chinese People's Liberation Army,2012,2012,0000-0003-3259-6139
https://openalex.org/A5100640260,Bing Xia,https://openalex.org/I4210097945,Linyi People's Hospital,2020,2020,0000-0003-3259-6139
https://openalex.org/A5100640260,Bing Xia,https://openalex.org/I4210159705,Veterans Medical Research Foundation of San Diego,2018,2018,0000-0003-3259-6139
https://openalex.org/A5100640260,Bing Xia,https://openalex.org/I91656880,China Medical University,2017,2017,0000-0003-3259-6139
https://openalex.org/A5100640260,Bing Xia,https://openalex.org/I4210099595,VA San Diego Healthcare System,2017,2017,0000-0003-3259-6139
https://openalex.org/A5100640260,Bing Xia,https://openalex.org/I4210118629,NARI Group (China),2023,2023,0000-0003-3259-6139
https://openalex.org/A5100640260,Bing Xia,https://openalex.org/I4210139608,The First People's Hospital of Tianmen,2024,2025,0000-0003-3259-6139
https://openalex.org/A5100640260,Bing Xia,https://openalex.org/I4210109033,Sinosteel (China),2025,2025,0000-0003-3259-6139
https://openalex.org/A5100640260,Bing Xia,https://openalex.org/I27781120,Wenzhou Medical University,2025,2025,0000-0003-3259-6139
https://openalex.org/A5100640260,Bing Xia,https://openalex.org/I4210101660,Ningbo No. 2 Hospital,2025,2025,0000-0003-3259-6139
https://openalex.org/A5100640260,Bing Xia,https://openalex.org/I36819085,Northwest University,2025,2025,0000-0003-3259-6139
https://openalex.org/A5100640260,Bing Xia,https://openalex.org/I4210131919,Xi'an University of Technology,2025,2025,0000-0003-3259-6139
https://openalex.org/A5100640260,Bing Xia,https://openalex.org/I4210138647,Hanzhong People's Hospital,2025,2025,0000-0003-3259-6139
https://openalex.org/A5100640260,Bing Xia,https://openalex.org/I4210086801,Affiliated Hospital of Nantong University,2025,2025,0000-0003-3259-6139
https://openalex.org/A5100640260,Bing Xia,https://openalex.org/I199305430,Nantong University,2025,2025,0000-0003-3259-6139
https://openalex.org/A5083610958,Andrea Benjamin,https://openalex.org/I20089843,Princeton University,2010,2010,0000-0002-6745-7983
https://openalex.org/A5083610958,Andrea Benjamin,https://openalex.org/I76835614,University of Missouri,2017,2017,0000-0002-6745-7983
https://openalex.org/A5083610958,Andrea Benjamin,https://openalex.org/I8692664,University of Oklahoma,2020,2025,0000-0002-6745-7983
https://openalex.org/A5083610958,Andrea Benjamin,https://openalex.org/I114027177,University of North Carolina at Chapel Hill,2011,2025,0000-0002-6745-7983
https://openalex.org/A5083610958,Andrea Benjamin,https://openalex.org/I2802369498,Charing Cross Hospital,2017,2017,0000-0002-6745-7983
https://openalex.org/A5083610958,Andrea Benjamin,https://openalex.org/I153355300,Imperial College Healthcare NHS Trust,2017,2017,0000-0002-6745-7983
https://openalex.org/A5083610958,Andrea Benjamin,https://openalex.org/I225661044,Barts Health NHS Trust,2023,2023,0000-0002-6745-7983
https://openalex.org/A5075711779,Stephen R. Zellner,https://openalex.org/I4210090805,Clinical Physiology Associates,1985,1988,
https://openalex.org/A5075711779,Stephen R. Zellner,https://openalex.org/I33213144,University of Florida,1974,1974,
https://openalex.org/A5075711779,Stephen R. Zellner,https://openalex.org/I140172145,University of Connecticut,2003,2003,
https://openalex.org/A5075711779,Stephen R. Zellner,https://openalex.org/I1302163369,Hartford Hospital,2003,2003,
https://openalex.org/A5075711779,Stephen R. Zellner,https://openalex.org/I4210158169,Community Hospital,1986,1986,
https://openalex.org/A5061702235,J. M. Rohleder,https://openalex.org/I8692664,University of Oklahoma,2017,2018,
https://openalex.org/A5095685096,Stacy Muffet-Willett,https://openalex.org/I57328836,North Dakota State University,2013,2013,
https://openalex.org/A5095685096,Stacy Muffet-Willett,https://openalex.org/I125467818,Dakota State University,2013,2013,
https://openalex.org/A5095685096,Stacy Muffet-Willett,https://openalex.org/I8692664,University of Oklahoma,2013,2013,
https://openalex.org/A5119330251,Marjan Ghanbariabdolmaleki,https://openalex.org/I8692664,University of Oklahoma,2025,2025,
https://openalex.org/A5061866399,Alexander Moreno,https://openalex.org/I70931966,Université de Montréal,2015,2025,0000-0003-3651-3222
https://openalex.org/A5061866399,Alexander Moreno,https://openalex.org/I4210127220,Centre for Interdisciplinary Research in Rehabilitation,2015,2023,0000-0003-3651-3222
https://openalex.org/A5061866399,Alexander Moreno,https://openalex.org/I4210150047,Centre Intégré Universitaire de Santé et de Services Sociaux du Centre-Sud-de-l'Île-de-Montréal,2019,2025,0000-0003-3651-3222
https://openalex.org/A5061866399,Alexander Moreno,https://openalex.org/I4210107362,Hôpital Notre-Dame,2019,2024,0000-0003-3651-3222
https://openalex.org/A5061866399,Alexander Moreno,https://openalex.org/I8692664,University of Oklahoma,2016,2021,0000-0003-3651-3222
https://openalex.org/A5061866399,Alexander Moreno,https://openalex.org/I4210111964,Hospital Militar Central,2009,2010,0000-0003-3651-3222
https://openalex.org/A5061866399,Alexander Moreno,https://openalex.org/I100066346,University of Stuttgart,2011,2013,0000-0003-3651-3222
https://openalex.org/A5061866399,Alexander Moreno,https://openalex.org/I159129438,Université du Québec à Montréal,2017,2017,0000-0003-3651-3222
https://openalex.org/A5061866399,Alexander Moreno,https://openalex.org/I130701444,Georgia Institute of Technology,2014,2021,0000-0003-3651-3222
https://openalex.org/A5061866399,Alexander Moreno,https://openalex.org/I4210126907,Institut Universitaire de Gériatrie de Montréal,2024,2025,0000-0003-3651-3222
https://openalex.org/A5061866399,Alexander Moreno,https://openalex.org/I5023651,McGill University,2017,2017,0000-0003-3651-3222
https://openalex.org/A5061866399,Alexander Moreno,https://openalex.org/I227586296,American Physical Therapy Association,2017,2017,0000-0003-3651-3222
https://openalex.org/A5061866399,Alexander Moreno,https://openalex.org/I4210145244,Radar (United States),2021,2021,0000-0003-3651-3222
https://openalex.org/A5061866399,Alexander Moreno,https://openalex.org/I4210152456,Alector (United States),2024,2024,0000-0003-3651-3222
https://openalex.org/A5061866399,Alexander Moreno,https://openalex.org/I4388891821,AGE-WELL,2017,2017,0000-0003-3651-3222
https://openalex.org/A5061866399,Alexander Moreno,https://openalex.org/I36243813,Universidad Nacional de Colombia,2019,2019,0000-0003-3651-3222
https://openalex.org/A5061866399,Alexander Moreno,https://openalex.org/I200183955,Technological University of Pereira,2015,2015,0000-0003-3651-3222
https://openalex.org/A5058087074,Nopawan Ratasuk,https://openalex.org/I8692664,University of Oklahoma,2002,2007,
https://openalex.org/A5058087074,Nopawan Ratasuk,https://openalex.org/I86677382,Silpakorn University,2007,2012,
https://openalex.org/A5058087074,Nopawan Ratasuk,https://openalex.org/I137902535,North Carolina State University,2004,2004,
https://openalex.org/A5054602117,Carol Aghajanian,https://openalex.org/I1334819555,Memorial Sloan Kettering Cancer Center,1995,2025,0000-0003-0851-3225
https://openalex.org/A5054602117,Carol Aghajanian,https://openalex.org/I117693200,Gynecologic Oncology Group,2007,2023,0000-0003-0851-3225
https://openalex.org/A5054602117,Carol Aghajanian,https://openalex.org/I205783295,Cornell University,2004,2025,0000-0003-0851-3225
https://openalex.org/A5054602117,Carol Aghajanian,https://openalex.org/I4210122429,Chemotherapy Foundation,2006,2006,0000-0003-0851-3225
https://openalex.org/A5054602117,Carol Aghajanian,https://openalex.org/I4210150094,Ludwig Cancer Research,2006,2012,0000-0003-0851-3225
https://openalex.org/A5054602117,Carol Aghajanian,https://openalex.org/I114493937,Creighton University,2020,2020,0000-0003-0851-3225
https://openalex.org/A5054602117,Carol Aghajanian,https://openalex.org/I138006243,University of Arizona,2014,2020,0000-0003-0851-3225
https://openalex.org/A5054602117,Carol Aghajanian,https://openalex.org/I4210151469,The US Oncology Network,2020,2022,0000-0003-0851-3225
https://openalex.org/A5054602117,Carol Aghajanian,https://openalex.org/I4210162453,Arizona Oncology,2009,2020,0000-0003-0851-3225
https://openalex.org/A5054602117,Carol Aghajanian,https://openalex.org/I4210108839,Chugai Pharma (United States),2015,2015,0000-0003-0851-3225
https://openalex.org/A5054602117,Carol Aghajanian,https://openalex.org/I4210150208,Molecular Oncology (United States),2015,2015,0000-0003-0851-3225
https://openalex.org/A5054602117,Carol Aghajanian,https://openalex.org/I189718659,Pfizer (United Kingdom),2015,2015,0000-0003-0851-3225
https://openalex.org/A5054602117,Carol Aghajanian,https://openalex.org/I880766802,Graduate School USA,2015,2015,0000-0003-0851-3225
https://openalex.org/A5054602117,Carol Aghajanian,https://openalex.org/I1343551460,The University of Texas MD Anderson Cancer Center,2015,2015,0000-0003-0851-3225
https://openalex.org/A5054602117,Carol Aghajanian,https://openalex.org/I4210149561,Atara Biotherapeutics (United States),2015,2015,0000-0003-0851-3225
https://openalex.org/A5054602117,Carol Aghajanian,https://openalex.org/I4210154785,Puma Biotechnology (United States),2015,2015,0000-0003-0851-3225
https://openalex.org/A5054602117,Carol Aghajanian,https://openalex.org/I118019719,Roche (Switzerland),2015,2020,0000-0003-0851-3225
https://openalex.org/A5054602117,Carol Aghajanian,https://openalex.org/I4210086790,Novartis (Germany),2015,2015,0000-0003-0851-3225
https://openalex.org/A5054602117,Carol Aghajanian,https://openalex.org/I1325481341,St. Joseph's Hospital and Medical Center,2015,2015,0000-0003-0851-3225
https://openalex.org/A5054602117,Carol Aghajanian,https://openalex.org/I1315885867,American Society of Clinical Oncology,2004,2011,0000-0003-0851-3225
https://openalex.org/A5054602117,Carol Aghajanian,https://openalex.org/I186523950,Regeneron (United States),2009,2009,0000-0003-0851-3225
https://openalex.org/A5054602117,Carol Aghajanian,https://openalex.org/I2801852214,University of Washington Medical Center,2016,2016,0000-0003-0851-3225
https://openalex.org/A5054602117,Carol Aghajanian,https://openalex.org/I4390039223,University of Arizona Cancer Center,2014,2014,0000-0003-0851-3225
https://openalex.org/A5054602117,Carol Aghajanian,https://openalex.org/I4210140884,National Cancer Institute,2014,2014,0000-0003-0851-3225
https://openalex.org/A5054602117,Carol Aghajanian,https://openalex.org/I4210147892,CRUK Lung Cancer Centre of Excellence,2014,2014,0000-0003-0851-3225
https://openalex.org/A5054602117,Carol Aghajanian,https://openalex.org/I2801105472,Prevent Cancer Foundation,2014,2014,0000-0003-0851-3225
https://openalex.org/A5054602117,Carol Aghajanian,https://openalex.org/I136199984,Harvard University,2014,2014,0000-0003-0851-3225
https://openalex.org/A5054602117,Carol Aghajanian,https://openalex.org/I141945490,University of British Columbia,2014,2014,0000-0003-0851-3225
https://openalex.org/A5054602117,Carol Aghajanian,https://openalex.org/I4210088881,London Cancer,2014,2014,0000-0003-0851-3225
https://openalex.org/A5054602117,Carol Aghajanian,https://openalex.org/I4210087915,Massachusetts General Hospital,2014,2014,0000-0003-0851-3225
https://openalex.org/A5054602117,Carol Aghajanian,https://openalex.org/I45129253,University College London,2014,2014,0000-0003-0851-3225
https://openalex.org/A5054602117,Carol Aghajanian,https://openalex.org/I2802832906,Vancouver General Hospital,2014,2014,0000-0003-0851-3225
https://openalex.org/A5054602117,Carol Aghajanian,https://openalex.org/I4210149717,Center for Cancer Research,2014,2014,0000-0003-0851-3225
https://openalex.org/A5054602117,Carol Aghajanian,https://openalex.org/I39965400,Kettering University,2006,2025,0000-0003-0851-3225
https://openalex.org/A5054602117,Carol Aghajanian,https://openalex.org/I4210131953,Ozark Integrated Circuits (United States),2019,2023,0000-0003-0851-3225
https://openalex.org/A5054602117,Carol Aghajanian,https://openalex.org/I4210127782,Botswana Geoscience Institute,2019,2023,0000-0003-0851-3225
https://openalex.org/A5054602117,Carol Aghajanian,https://openalex.org/I4210135003,Clinica Universidad de Navarra,2023,2023,0000-0003-0851-3225
https://openalex.org/A5054602117,Carol Aghajanian,https://openalex.org/I204308271,Medical College of Wisconsin,2023,2023,0000-0003-0851-3225
https://openalex.org/A5054602117,Carol Aghajanian,https://openalex.org/I142947616,Institute of Cancer Research,2023,2023,0000-0003-0851-3225
https://openalex.org/A5054602117,Carol Aghajanian,https://openalex.org/I4210145582,Norwegian Womens Public Health Association,2019,2023,0000-0003-0851-3225
https://openalex.org/A5054602117,Carol Aghajanian,https://openalex.org/I4210166347,S.P.E.C.I.E.S.,2019,2023,0000-0003-0851-3225
https://openalex.org/A5054602117,Carol Aghajanian,https://openalex.org/I4210097587,Oaks Hospital,2019,2023,0000-0003-0851-3225
https://openalex.org/A5054602117,Carol Aghajanian,https://openalex.org/I4210139728,AstraZeneca (Italy),2023,2023,0000-0003-0851-3225
https://openalex.org/A5054602117,Carol Aghajanian,https://openalex.org/I4210117453,Dana-Farber Cancer Institute,2009,2023,0000-0003-0851-3225
https://openalex.org/A5054602117,Carol Aghajanian,https://openalex.org/I2801316944,Cancer Research UK,2023,2023,0000-0003-0851-3225
https://openalex.org/A5054602117,Carol Aghajanian,https://openalex.org/I1312486979,Local Initiatives Support Corporation,2019,2023,0000-0003-0851-3225
https://openalex.org/A5054602117,Carol Aghajanian,https://openalex.org/I4210160694,Memorial Hospital,2000,2000,0000-0003-0851-3225
https://openalex.org/A5054602117,Carol Aghajanian,https://openalex.org/I1317886745,Virginia Mason Medical Center,2004,2004,0000-0003-0851-3225
https://openalex.org/A5054602117,Carol Aghajanian,https://openalex.org/I4210121012,Regional Cancer Center,2004,2004,0000-0003-0851-3225
https://openalex.org/A5054602117,Carol Aghajanian,https://openalex.org/I4210093417,Swedish Medical Center,2004,2004,0000-0003-0851-3225
https://openalex.org/A5054602117,Carol Aghajanian,https://openalex.org/I111979921,Northwestern University,2005,2005,0000-0003-0851-3225
https://openalex.org/A5054602117,Carol Aghajanian,https://openalex.org/I4210145571,Immunovaccine (Canada),2008,2008,0000-0003-0851-3225
https://openalex.org/A5054602117,Carol Aghajanian,https://openalex.org/I4210091812,Bristol-Myers Squibb (United States),2006,2007,0000-0003-0851-3225
https://openalex.org/A5054602117,Carol Aghajanian,https://openalex.org/I4210100810,Sarah Cannon,2005,2007,0000-0003-0851-3225
https://openalex.org/A5054602117,Carol Aghajanian,https://openalex.org/I4210131712,Oklahoma State University Oklahoma City,2019,2019,0000-0003-0851-3225
https://openalex.org/A5054602117,Carol Aghajanian,https://openalex.org/I8692664,University of Oklahoma,2019,2019,0000-0003-0851-3225
https://openalex.org/A5054602117,Carol Aghajanian,https://openalex.org/I4210108148,Lear (Spain),2019,2019,0000-0003-0851-3225
https://openalex.org/A5054602117,Carol Aghajanian,https://openalex.org/I82700718,Lear (United States),2019,2019,0000-0003-0851-3225
https://openalex.org/A5054602117,Carol Aghajanian,https://openalex.org/I4210089486,Fred Hutch Cancer Center,2009,2009,0000-0003-0851-3225
https://openalex.org/A5054602117,Carol Aghajanian,https://openalex.org/I2803030221,Abington Memorial Hospital,2009,2009,0000-0003-0851-3225
https://openalex.org/A5054602117,Carol Aghajanian,https://openalex.org/I4210127473,Cancer Research Center,2009,2009,0000-0003-0851-3225
https://openalex.org/A5054602117,Carol Aghajanian,https://openalex.org/I17301866,University of Alabama,2009,2009,0000-0003-0851-3225
https://openalex.org/A5054602117,Carol Aghajanian,https://openalex.org/I100930933,University College Dublin,2019,2019,0000-0003-0851-3225
https://openalex.org/A5054602117,Carol Aghajanian,https://openalex.org/I4210152471,Weill Cornell Medical College in Qatar,2018,2018,0000-0003-0851-3225
https://openalex.org/A5054602117,Carol Aghajanian,https://openalex.org/I4210157058,Hesco (United States),2023,2023,0000-0003-0851-3225
https://openalex.org/A5054602117,Carol Aghajanian,https://openalex.org/I55279860,L-3 Communications (United States),2023,2023,0000-0003-0851-3225
https://openalex.org/A5054602117,Carol Aghajanian,https://openalex.org/I19926482,Dr. M.G.R. Educational and Research Institute,2019,2023,0000-0003-0851-3225
https://openalex.org/A5054602117,Carol Aghajanian,https://openalex.org/I4210117998,Maine Farmland Trust,2023,2023,0000-0003-0851-3225
https://openalex.org/A5054602117,Carol Aghajanian,https://openalex.org/I4693666,GGG (France),2023,2023,0000-0003-0851-3225
https://openalex.org/A5054602117,Carol Aghajanian,https://openalex.org/I4210129323,Blackpool and The Fylde College,2023,2023,0000-0003-0851-3225
https://openalex.org/A5054602117,Carol Aghajanian,https://openalex.org/I4210147841,Engineering Service Center und Handel (Germany),2023,2023,0000-0003-0851-3225
https://openalex.org/A5054602117,Carol Aghajanian,https://openalex.org/I4210121272,Anna Needs Neuroblastoma Answers,2019,2023,0000-0003-0851-3225
https://openalex.org/A5054602117,Carol Aghajanian,https://openalex.org/I55921689,La Roche College,2004,2004,0000-0003-0851-3225
https://openalex.org/A5054602117,Carol Aghajanian,https://openalex.org/I4210142598,Civil Service,2004,2004,0000-0003-0851-3225
https://openalex.org/A5054602117,Carol Aghajanian,https://openalex.org/I97018004,Stanford University,2009,2009,0000-0003-0851-3225
https://openalex.org/A5054602117,Carol Aghajanian,https://openalex.org/I4210164288,Mersana Therapeutics (United States),2020,2020,0000-0003-0851-3225
https://openalex.org/A5054602117,Carol Aghajanian,https://openalex.org/I4210091887,Mateon Therapeutics (United States),2020,2020,0000-0003-0851-3225
https://openalex.org/A5054602117,Carol Aghajanian,https://openalex.org/I55881946,Eisai (Japan),2020,2020,0000-0003-0851-3225
https://openalex.org/A5054602117,Carol Aghajanian,https://openalex.org/I1289019353,Lahey Hospital and Medical Center,2009,2009,0000-0003-0851-3225
https://openalex.org/A5054602117,Carol Aghajanian,https://openalex.org/I4210085997,Florida Hospital Cancer Institute,2007,2007,0000-0003-0851-3225
https://openalex.org/A5054602117,Carol Aghajanian,https://openalex.org/I1289437631,Fox Chase Cancer Center,2007,2007,0000-0003-0851-3225
https://openalex.org/A5054602117,Carol Aghajanian,https://openalex.org/I4210128526,UPMC Hillman Cancer Center,2007,2007,0000-0003-0851-3225
https://openalex.org/A5054602117,Carol Aghajanian,https://openalex.org/I4210127606,Morphotek (United States),2007,2007,0000-0003-0851-3225
https://openalex.org/A5054602117,Carol Aghajanian,https://openalex.org/I4210151301,Jefferson Hospital,2022,2022,0000-0003-0851-3225
https://openalex.org/A5054602117,Carol Aghajanian,https://openalex.org/I4210090861,Ferioli & Gianotti (Italy),2019,2022,0000-0003-0851-3225
https://openalex.org/A5054602117,Carol Aghajanian,https://openalex.org/I4210106595,Sidney Kimmel Cancer Center,2022,2022,0000-0003-0851-3225
https://openalex.org/A5054602117,Carol Aghajanian,https://openalex.org/I201448701,University of Washington,2022,2022,0000-0003-0851-3225
https://openalex.org/A5054602117,Carol Aghajanian,https://openalex.org/I4210090475,John Tiller Software (United States),2022,2022,0000-0003-0851-3225
https://openalex.org/A5054602117,Carol Aghajanian,https://openalex.org/I52357470,The Ohio State University,2019,2022,0000-0003-0851-3225
https://openalex.org/A5054602117,Carol Aghajanian,https://openalex.org/I4210146710,Mayo Clinic in Florida,2022,2022,0000-0003-0851-3225
https://openalex.org/A5054602117,Carol Aghajanian,https://openalex.org/I4210160284,Australia New Zealand Gynaecological Oncology Group,2022,2022,0000-0003-0851-3225
https://openalex.org/A5054602117,Carol Aghajanian,https://openalex.org/I4210099799,Women's Cancer Center of Nevada,2022,2022,0000-0003-0851-3225
https://openalex.org/A5054602117,Carol Aghajanian,https://openalex.org/I4210142184,Lillebaelt Hospital,2022,2022,0000-0003-0851-3225
https://openalex.org/A5054602117,Carol Aghajanian,https://openalex.org/I4210129634,Winthrop Rockefeller Foundation,2022,2022,0000-0003-0851-3225
https://openalex.org/A5054602117,Carol Aghajanian,https://openalex.org/I115498069,Jikei University School of Medicine,2022,2022,0000-0003-0851-3225
https://openalex.org/A5054602117,Carol Aghajanian,https://openalex.org/I92156820,University of Cincinnati Medical Center,2022,2022,0000-0003-0851-3225
https://openalex.org/A5054602117,Carol Aghajanian,https://openalex.org/I1343052199,Kaiser Permanente,2022,2022,0000-0003-0851-3225
https://openalex.org/A5054602117,Carol Aghajanian,https://openalex.org/I2948539688,AbbVie (United States),2022,2022,0000-0003-0851-3225
https://openalex.org/A5054602117,Carol Aghajanian,https://openalex.org/I40347166,University of Chicago,2022,2022,0000-0003-0851-3225
https://openalex.org/A5054602117,Carol Aghajanian,https://openalex.org/I4210108821,Prince of Wales Hospital,2022,2022,0000-0003-0851-3225
https://openalex.org/A5054602117,Carol Aghajanian,https://openalex.org/I1280339224,United States Nuclear Regulatory Commission,2022,2022,0000-0003-0851-3225
https://openalex.org/A5054602117,Carol Aghajanian,https://openalex.org/I49332381,University of Oklahoma Health Sciences Center,2022,2022,0000-0003-0851-3225
https://openalex.org/A5054602117,Carol Aghajanian,https://openalex.org/I55769427,Indiana University – Purdue University Indianapolis,2005,2005,0000-0003-0851-3225
https://openalex.org/A5054602117,Carol Aghajanian,https://openalex.org/I168537998,Eli Lilly (United States),2006,2007,0000-0003-0851-3225
https://openalex.org/A5054602117,Carol Aghajanian,https://openalex.org/I1292894508,Roswell Park Comprehensive Cancer Center,2004,2019,0000-0003-0851-3225
https://openalex.org/A5054602117,Carol Aghajanian,https://openalex.org/I4210146652,Pinnacle Oncology Hematology,2007,2007,0000-0003-0851-3225
https://openalex.org/A5054602117,Carol Aghajanian,https://openalex.org/I8588240,Saitama Medical University,2019,2019,0000-0003-0851-3225
https://openalex.org/A5054602117,Carol Aghajanian,https://openalex.org/I3133455736,Jharkhand Rai University,2019,2019,0000-0003-0851-3225
https://openalex.org/A5054602117,Carol Aghajanian,https://openalex.org/I1316902750,Cleveland Clinic,2019,2019,0000-0003-0851-3225
https://openalex.org/A5054602117,Carol Aghajanian,https://openalex.org/I4210128863,Procter & Gamble (Germany),2019,2019,0000-0003-0851-3225
https://openalex.org/A5054602117,Carol Aghajanian,https://openalex.org/I4210087640,London Rebuilding Society,2019,2019,0000-0003-0851-3225
https://openalex.org/A5054602117,Carol Aghajanian,https://openalex.org/I51713134,University of Colorado Anschutz Medical Campus,2019,2019,0000-0003-0851-3225
https://openalex.org/A5054602117,Carol Aghajanian,https://openalex.org/I4210086019,D&P (United States),2019,2019,0000-0003-0851-3225
https://openalex.org/A5054602117,Carol Aghajanian,https://openalex.org/I4210094346,Hispanics in Philanthropy,2019,2019,0000-0003-0851-3225
https://openalex.org/A5086304203,Corinne Renguette,https://openalex.org/I592451,Indiana University,2017,2017,0000-0002-8639-8835
https://openalex.org/A5086304203,Corinne Renguette,https://openalex.org/I55769427,Indiana University – Purdue University Indianapolis,2017,2024,0000-0002-8639-8835
https://openalex.org/A5086304203,Corinne Renguette,https://openalex.org/I135191193,University of Indianapolis,2018,2024,0000-0002-8639-8835
https://openalex.org/A5086304203,Corinne Renguette,https://openalex.org/I198089087,Ball State University,2018,2018,0000-0002-8639-8835
https://openalex.org/A5086304203,Corinne Renguette,https://openalex.org/I4388446363,Purdue University in Indianapolis,2024,2024,0000-0002-8639-8835
https://openalex.org/A5086304203,Corinne Renguette,https://openalex.org/I2802326326,The University of Texas Rio Grande Valley,2024,2024,0000-0002-8639-8835
https://openalex.org/A5086304203,Corinne Renguette,https://openalex.org/I2802895650,Institution of Engineers,2024,2024,0000-0002-8639-8835
https://openalex.org/A5086304203,Corinne Renguette,https://openalex.org/I46308248,Engineers India (India),2024,2024,0000-0002-8639-8835
https://openalex.org/A5076396116,Maximilian Maahn,https://openalex.org/I926574661,Leipzig University,2018,2026,0000-0002-2580-9100
https://openalex.org/A5076396116,Maximilian Maahn,https://openalex.org/I180923762,University of Cologne,2012,2021,0000-0002-2580-9100
https://openalex.org/A5076396116,Maximilian Maahn,https://openalex.org/I1308126019,National Oceanic and Atmospheric Administration,2017,2021,0000-0002-2580-9100
https://openalex.org/A5076396116,Maximilian Maahn,https://openalex.org/I188538660,University of Colorado Boulder,2017,2021,0000-0002-2580-9100
https://openalex.org/A5076396116,Maximilian Maahn,https://openalex.org/I161675122,Cooperative Institute for Research in Environmental Sciences,2016,2021,0000-0002-2580-9100
https://openalex.org/A5076396116,Maximilian Maahn,https://openalex.org/I4210113003,Physical Sciences (United States),2017,2020,0000-0002-2580-9100
https://openalex.org/A5076396116,Maximilian Maahn,https://openalex.org/I4210128139,NOAA Physical Sciences Laboratory,2020,2021,0000-0002-2580-9100
https://openalex.org/A5076396116,Maximilian Maahn,https://openalex.org/I80605987,NOAA Earth System Research Laboratory,2016,2020,0000-0002-2580-9100
https://openalex.org/A5076396116,Maximilian Maahn,https://openalex.org/I135140700,University of Bonn,2011,2011,0000-0002-2580-9100
https://openalex.org/A5076396116,Maximilian Maahn,https://openalex.org/I49451415,University Centre in Svalbard,2011,2011,0000-0002-2580-9100
https://openalex.org/A5076396116,Maximilian Maahn,https://openalex.org/I59553526,Stony Brook University,2018,2019,0000-0002-2580-9100
https://openalex.org/A5076396116,Maximilian Maahn,https://openalex.org/I1327163397,State University of New York,2018,2019,0000-0002-2580-9100
https://openalex.org/A5076396116,Maximilian Maahn,https://openalex.org/I99464096,KU Leuven,2017,2017,0000-0002-2580-9100
https://openalex.org/A5076396116,Maximilian Maahn,https://openalex.org/I147765834,Leipzig University of Applied Sciences,2021,2025,0000-0002-2580-9100
https://openalex.org/A5076396116,Maximilian Maahn,https://openalex.org/I4210125843,University Hospital Leipzig,2024,2025,0000-0002-2580-9100
https://openalex.org/A5076396116,Maximilian Maahn,https://openalex.org/I194601409,Cooperative Institute for Mesoscale Meteorological Studies,2018,2018,0000-0002-2580-9100
https://openalex.org/A5076396116,Maximilian Maahn,https://openalex.org/I102607778,Cleveland State University,2018,2018,0000-0002-2580-9100
https://openalex.org/A5076396116,Maximilian Maahn,https://openalex.org/I116578957,Goddard Institute for Space Studies,2018,2018,0000-0002-2580-9100
https://openalex.org/A5076396116,Maximilian Maahn,https://openalex.org/I133731052,University of Helsinki,2018,2018,0000-0002-2580-9100
https://openalex.org/A5076396116,Maximilian Maahn,https://openalex.org/I8692664,University of Oklahoma,2018,2018,0000-0002-2580-9100
https://openalex.org/A5076396116,Maximilian Maahn,https://openalex.org/I1282105669,Argonne National Laboratory,2018,2018,0000-0002-2580-9100
https://openalex.org/A5076396116,Maximilian Maahn,https://openalex.org/I1285790362,Finnish Meteorological Institute,2018,2018,0000-0002-2580-9100
https://openalex.org/A5076396116,Maximilian Maahn,https://openalex.org/I4210163131,Max Planck Institute for Meteorology,2023,2023,0000-0002-2580-9100
https://openalex.org/A5076396116,Maximilian Maahn,https://openalex.org/I2802236040,University of Colorado System,2017,2017,0000-0002-2580-9100
https://openalex.org/A5076396116,Maximilian Maahn,https://openalex.org/I60200437,Potsdam Institute for Climate Impact Research,2024,2024,0000-0002-2580-9100
https://openalex.org/A5078504277,Mark C. Leach,https://openalex.org/I4210088781,Phillips 66 (United States),1990,1990,
https://openalex.org/A5078504277,Mark C. Leach,https://openalex.org/I8692664,University of Oklahoma,1990,1990,
https://openalex.org/A5043067545,Robert Riding,https://openalex.org/I79510175,Cardiff University,1979,2011,0000-0001-7502-1031
https://openalex.org/A5043067545,Robert Riding,https://openalex.org/I97429440,University of Wales,1975,1999,0000-0001-7502-1031
https://openalex.org/A5043067545,Robert Riding,https://openalex.org/I75027704,University of Tennessee at Knoxville,2008,2025,0000-0001-7502-1031
https://openalex.org/A5043067545,Robert Riding,https://openalex.org/I173304897,Universidad de Granada,1995,1995,0000-0001-7502-1031
https://openalex.org/A5043067545,Robert Riding,https://openalex.org/I180203408,Yokohama National University,2011,2011,0000-0001-7502-1031
https://openalex.org/A5043067545,Robert Riding,https://openalex.org/I8408910,Cardiff Metropolitan University,1999,1999,0000-0001-7502-1031
https://openalex.org/A5043067545,Robert Riding,https://openalex.org/I8087733,University of Tübingen,1992,1993,0000-0001-7502-1031
https://openalex.org/A5043067545,Robert Riding,https://openalex.org/I148314036,Uniformed Services University of the Health Sciences,1986,1986,0000-0001-7502-1031
https://openalex.org/A5043067545,Robert Riding,https://openalex.org/I84884186,Newcastle University,1974,1975,0000-0001-7502-1031
https://openalex.org/A5043067545,Robert Riding,https://openalex.org/I8692664,University of Oklahoma,2001,2001,0000-0001-7502-1031
https://openalex.org/A5043067545,Robert Riding,https://openalex.org/I5023651,McGill University,1972,1973,0000-0001-7502-1031
https://openalex.org/A5043067545,Robert Riding,https://openalex.org/I4210146722,Cambrian Innovation (United States),2000,2000,0000-0001-7502-1031
https://openalex.org/A5043067545,Robert Riding,https://openalex.org/I160606119,University of Tennessee Health Science Center,2025,2025,0000-0001-7502-1031
https://openalex.org/A5053936962,Johnny O’Keeffe,https://openalex.org/I8692664,University of Oklahoma,2017,2017,
https://openalex.org/A5025627439,Eric Knudtson,https://openalex.org/I49332381,University of Oklahoma Health Sciences Center,2009,2024,
https://openalex.org/A5025627439,Eric Knudtson,https://openalex.org/I8692664,University of Oklahoma,2003,2015,
https://openalex.org/A5025627439,Eric Knudtson,https://openalex.org/I1339963072,Saint Peter's University Hospital,2010,2010,
https://openalex.org/A5025627439,Eric Knudtson,https://openalex.org/I78577930,Columbia University,2010,2010,
https://openalex.org/A5025627439,Eric Knudtson,https://openalex.org/I149251103,Thomas Jefferson University,2010,2010,
https://openalex.org/A5025627439,Eric Knudtson,https://openalex.org/I38260057,In-Q-Tel,2010,2010,
https://openalex.org/A5025627439,Eric Knudtson,https://openalex.org/I52357470,The Ohio State University,2002,2007,
https://openalex.org/A5025627439,Eric Knudtson,https://openalex.org/I4210144228,Eunice Kennedy Shriver National Institute of Child Health and Human Development,2004,2004,
https://openalex.org/A5025627439,Eric Knudtson,https://openalex.org/I181190671,New York Medical College,2016,2016,
https://openalex.org/A5025627439,Eric Knudtson,https://openalex.org/I1321686444,Westchester Medical Center,2016,2016,
https://openalex.org/A5025627439,Eric Knudtson,https://openalex.org/I27253931,Oklahoma City University,2003,2015,
https://openalex.org/A5025627439,Eric Knudtson,https://openalex.org/I4210163952,Beijing Obstetrics and Gynecology Hospital,2003,2003,
https://openalex.org/A5052556363,Jeffrey A. Stevenson,https://openalex.org/I8692664,University of Oklahoma,2020,2022,
https://openalex.org/A5052556363,Jeffrey A. Stevenson,https://openalex.org/I2803014627,Major League Baseball,2021,2021,
https://openalex.org/A5058156254,Connie E. Stout,https://openalex.org/I8692664,University of Oklahoma,1976,1976,
https://openalex.org/A5058156254,Connie E. Stout,https://openalex.org/I115475287,Oklahoma State University,2001,2001,
https://openalex.org/A5033030044,Tunc Burak,https://openalex.org/I8692664,University of Oklahoma,2023,2025,0000-0002-3671-3825
https://openalex.org/A5033030044,Tunc Burak,https://openalex.org/I4210137549,Halliburton (United States),2025,2025,0000-0002-3671-3825
https://openalex.org/A5033030044,Tunc Burak,https://openalex.org/I36527812,Halliburton (United Kingdom),2025,2025,0000-0002-3671-3825
https://openalex.org/A5052039443,Jory Griffin,https://openalex.org/I36234482,University of Bristol,2015,2023,0000-0002-4201-1299
https://openalex.org/A5052039443,Jory Griffin,https://openalex.org/I8692664,University of Oklahoma,2021,2021,0000-0002-4201-1299
https://openalex.org/A5023061862,J C Siegle,https://openalex.org/I49332381,University of Oklahoma Health Sciences Center,2001,2001,
https://openalex.org/A5064036708,Yaqing Gu,https://openalex.org/I8692664,University of Oklahoma,2004,2006,
https://openalex.org/A5064036708,Yaqing Gu,https://openalex.org/I76130692,Zhejiang University,2022,2026,
https://openalex.org/A5064036708,Yaqing Gu,https://openalex.org/I921716337,Northeast Petroleum University,2023,2023,
https://openalex.org/A5064036708,Yaqing Gu,https://openalex.org/I207169309,Cyber University,2023,2023,
https://openalex.org/A5111383898,Meriah Swope,https://openalex.org/I32971472,Yale University,1998,1998,
https://openalex.org/A5111383898,Meriah Swope,https://openalex.org/I8692664,University of Oklahoma,2012,2012,
https://openalex.org/A5032363170,Anja Lorch,https://openalex.org/I4210089242,Düsseldorf University Hospital,2012,2024,0000-0003-4298-1428
https://openalex.org/A5032363170,Anja Lorch,https://openalex.org/I44260953,Heinrich Heine University Düsseldorf,2012,2024,0000-0003-4298-1428
https://openalex.org/A5032363170,Anja Lorch,https://openalex.org/I4210100468,University Hospital of Zurich,2019,2025,0000-0003-4298-1428
https://openalex.org/A5032363170,Anja Lorch,https://openalex.org/I1287163989,Massachusetts Eye and Ear Infirmary,2012,2025,0000-0003-4298-1428
https://openalex.org/A5032363170,Anja Lorch,https://openalex.org/I136199984,Harvard University,2012,2025,0000-0003-4298-1428
https://openalex.org/A5032363170,Anja Lorch,https://openalex.org/I48633490,Mass General Brigham,2022,2022,0000-0003-4298-1428
https://openalex.org/A5032363170,Anja Lorch,https://openalex.org/I268975460,Universitätsklinikum Gießen und Marburg,2009,2014,0000-0003-4298-1428
https://openalex.org/A5032363170,Anja Lorch,https://openalex.org/I4210087915,Massachusetts General Hospital,2019,2025,0000-0003-4298-1428
https://openalex.org/A5032363170,Anja Lorch,https://openalex.org/I2800664608,Incorporated Research Institutions For Seismology,2021,2023,0000-0003-4298-1428
https://openalex.org/A5032363170,Anja Lorch,https://openalex.org/I202697423,University of Zurich,2020,2024,0000-0003-4298-1428
https://openalex.org/A5032363170,Anja Lorch,https://openalex.org/I161103922,Philipps University of Marburg,2008,2013,0000-0003-4298-1428
https://openalex.org/A5032363170,Anja Lorch,https://openalex.org/I871049931,Wills Eye Hospital,2018,2018,0000-0003-4298-1428
https://openalex.org/A5032363170,Anja Lorch,https://openalex.org/I1174212,University of Southern California,2018,2018,0000-0003-4298-1428
https://openalex.org/A5032363170,Anja Lorch,https://openalex.org/I1283280774,Brigham and Women's Hospital,2019,2019,0000-0003-4298-1428
https://openalex.org/A5032363170,Anja Lorch,https://openalex.org/I118564535,University of Bern,2023,2023,0000-0003-4298-1428
https://openalex.org/A5032363170,Anja Lorch,https://openalex.org/I2801112126,University Hospital of Bern,2023,2023,0000-0003-4298-1428
https://openalex.org/A5032363170,Anja Lorch,https://openalex.org/I4210119500,Luzerner Kantonsspital,2023,2023,0000-0003-4298-1428
https://openalex.org/A5032363170,Anja Lorch,https://openalex.org/I55279860,L-3 Communications (United States),2024,2024,0000-0003-4298-1428
https://openalex.org/A5032363170,Anja Lorch,https://openalex.org/I4210086080,Klinik und Poliklinik für Urologie,2013,2017,0000-0003-4298-1428
https://openalex.org/A5032363170,Anja Lorch,https://openalex.org/I159176309,Universität Hamburg,2007,2009,0000-0003-4298-1428
https://openalex.org/A5032363170,Anja Lorch,https://openalex.org/I7877124,Charité - Universitätsmedizin Berlin,2009,2009,0000-0003-4298-1428
https://openalex.org/A5032363170,Anja Lorch,https://openalex.org/I4210108711,University Medical Center Hamburg-Eppendorf,2007,2009,0000-0003-4298-1428
https://openalex.org/A5032363170,Anja Lorch,https://openalex.org/I4210109729,Vivantes Klinikum,2009,2009,0000-0003-4298-1428
https://openalex.org/A5032363170,Anja Lorch,https://openalex.org/I2799391451,University Hospital Bonn,2006,2006,0000-0003-4298-1428
https://openalex.org/A5032363170,Anja Lorch,https://openalex.org/I1289530486,BC Cancer Agency,2006,2006,0000-0003-4298-1428
https://openalex.org/A5032363170,Anja Lorch,https://openalex.org/I32971472,Yale University,2004,2004,0000-0003-4298-1428
https://openalex.org/A5032363170,Anja Lorch,https://openalex.org/I27804330,Brown University,2004,2004,0000-0003-4298-1428
https://openalex.org/A5032363170,Anja Lorch,https://openalex.org/I4210105738,Centre Léon Bérard,2009,2009,0000-0003-4298-1428
https://openalex.org/A5032363170,Anja Lorch,https://openalex.org/I2801843802,Institut Gustave Roussy,2009,2009,0000-0003-4298-1428
https://openalex.org/A5032363170,Anja Lorch,https://openalex.org/I166722992,University of Massachusetts Chan Medical School,2022,2022,0000-0003-4298-1428
https://openalex.org/A5032363170,Anja Lorch,https://openalex.org/I4210108766,Klinikum Oldenburg,2007,2007,0000-0003-4298-1428
https://openalex.org/A5032363170,Anja Lorch,https://openalex.org/I4210133934,Bernstein Center for Computational Neuroscience Tübingen,2010,2010,0000-0003-4298-1428
https://openalex.org/A5005970569,Connie S. Dunaway,https://openalex.org/I8692664,University of Oklahoma,1998,2020,
https://openalex.org/A5035326566,Jeffrey Starr,https://openalex.org/I126231945,Queen's University Belfast,1967,1978,
https://openalex.org/A5035326566,Jeffrey Starr,https://openalex.org/I8692664,University of Oklahoma,2004,2004,
https://openalex.org/A5008172525,William E. Unrau,https://openalex.org/I39587148,Wichita State University,1971,2009,
https://openalex.org/A5008172525,William E. Unrau,https://openalex.org/I203172682,Northern Arizona University,1997,1997,
https://openalex.org/A5008172525,William E. Unrau,https://openalex.org/I4210137750,UC Irvine Health,1990,1990,
https://openalex.org/A5008172525,William E. Unrau,https://openalex.org/I8692664,University of Oklahoma,1977,1977,
https://openalex.org/A5038189547,Abdul Mukit,https://openalex.org/I8692664,University of Oklahoma,2020,2022,
https://openalex.org/A5038189547,Abdul Mukit,https://openalex.org/I87208437,University of Tulsa,2022,2022,
https://openalex.org/A5038189547,Abdul Mukit,https://openalex.org/I63169043,United International University,2022,2022,
https://openalex.org/A5109973267,Sue L. McPherson,https://openalex.org/I8692664,University of Oklahoma,1989,1991,
https://openalex.org/A5109973267,Sue L. McPherson,https://openalex.org/I103406327,Western Carolina University,1993,2017,
https://openalex.org/A5109973267,Sue L. McPherson,https://openalex.org/I134386540,Louisiana State University Agricultural Center,1987,1987,
https://openalex.org/A5109973267,Sue L. McPherson,https://openalex.org/I110002522,University of Essex,2001,2001,
https://openalex.org/A5110134303,Abigail York,https://openalex.org/I4210133600,Bedford Hospital NHS Trust,2014,2014,
https://openalex.org/A5110134303,Abigail York,https://openalex.org/I4210152285,Bedford Hospital,2014,2014,
https://openalex.org/A5110134303,Abigail York,https://openalex.org/I40347166,University of Chicago,1999,1999,
https://openalex.org/A5110134303,Abigail York,https://openalex.org/I49332381,University of Oklahoma Health Sciences Center,2024,2025,
https://openalex.org/A5110134303,Abigail York,https://openalex.org/I102134673,Linköping University,2025,2025,
https://openalex.org/A5110134303,Abigail York,https://openalex.org/I4210113657,Richmond Royal Hospital,2012,2012,
https://openalex.org/A5110134303,Abigail York,https://openalex.org/I8692664,University of Oklahoma,2025,2025,
https://openalex.org/A5110134303,Abigail York,https://openalex.org/I27253931,Oklahoma City University,2025,2025,
https://openalex.org/A5113694713,DW Kelle,https://openalex.org/I8692664,University of Oklahoma,2006,2006,
https://openalex.org/A5056470502,F. Munshi,https://openalex.org/I102322142,"Rutgers, The State University of New Jersey",2019,2023,
https://openalex.org/A5056470502,F. Munshi,https://openalex.org/I8692664,University of Oklahoma,2022,2023,
https://openalex.org/A5056470502,F. Munshi,https://openalex.org/I200719446,Vanderbilt University,2022,2023,
https://openalex.org/A5056470502,F. Munshi,https://openalex.org/I2802203029,Johnson University,2019,2019,
https://openalex.org/A5024014689,Kyle J. Thiem,https://openalex.org/I8692664,University of Oklahoma,2012,2022,
https://openalex.org/A5024014689,Kyle J. Thiem,https://openalex.org/I4210095787,NOAA National Weather Service,2018,2019,
https://openalex.org/A5024014689,Kyle J. Thiem,https://openalex.org/I4210106879,Ohio University,2019,2019,
https://openalex.org/A5024014689,Kyle J. Thiem,https://openalex.org/I4210092927,NOAA National Severe Storms Laboratory,2019,2019,
https://openalex.org/A5024014689,Kyle J. Thiem,https://openalex.org/I1308126019,National Oceanic and Atmospheric Administration,2025,2025,
https://openalex.org/A5024014689,Kyle J. Thiem,https://openalex.org/I80605987,NOAA Earth System Research Laboratory,2025,2025,
https://openalex.org/A5024014689,Kyle J. Thiem,https://openalex.org/I4387930204,NOAA Global Systems Laboratory,2025,2025,
https://openalex.org/A5110774277,Qiuting Zhang,https://openalex.org/I99065089,Tsinghua University,2017,2024,
https://openalex.org/A5110774277,Qiuting Zhang,https://openalex.org/I129774422,University of Vienna,2019,2019,
https://openalex.org/A5110774277,Qiuting Zhang,https://openalex.org/I4210149039,Karl Landsteiner University of Health Sciences,2019,2019,
https://openalex.org/A5110774277,Qiuting Zhang,https://openalex.org/I4210128533,State Key Joint Laboratory of Environment Simulation and Pollution Control,2017,2024,
https://openalex.org/A5110774277,Qiuting Zhang,https://openalex.org/I8692664,University of Oklahoma,2020,2024,
https://openalex.org/A5110774277,Qiuting Zhang,https://openalex.org/I162868743,Tianjin University,2022,2025,
https://openalex.org/A5110774277,Qiuting Zhang,https://openalex.org/I152031979,Nanjing Normal University,2024,2025,
https://openalex.org/A5110774277,Qiuting Zhang,https://openalex.org/I181361081,Longyan University,2024,2024,
https://openalex.org/A5110774277,Qiuting Zhang,https://openalex.org/I19820366,Chinese Academy of Sciences,2019,2019,
https://openalex.org/A5110774277,Qiuting Zhang,https://openalex.org/I4210144289,Research Center for Eco-Environmental Sciences,2019,2019,
https://openalex.org/A5110774277,Qiuting Zhang,https://openalex.org/I157773358,Sun Yat-sen University,2024,2024,
https://openalex.org/A5110774277,Qiuting Zhang,https://openalex.org/I4210146711,Sun Yat-sen University Cancer Center,2024,2024,
https://openalex.org/A5110774277,Qiuting Zhang,https://openalex.org/I74485261,Shandong Agricultural University,2019,2019,
https://openalex.org/A5110774277,Qiuting Zhang,https://openalex.org/I4210156423,National Engineering Research Center for Information Technology in Agriculture,2019,2019,
https://openalex.org/A5110774277,Qiuting Zhang,https://openalex.org/I4210152154,State Key Laboratory of Food Science and Technology,2025,2025,
https://openalex.org/A5110774277,Qiuting Zhang,https://openalex.org/I141649914,Nanchang University,2025,2025,
https://openalex.org/A5049390590,Christopher M. McAloon,https://openalex.org/I8692664,University of Oklahoma,2000,2001,
https://openalex.org/A5049390590,Christopher M. McAloon,https://openalex.org/I4210143525,Oklahoma Biological Survey,2000,2000,
https://openalex.org/A5055342253,Ashley Jorgensen,https://openalex.org/I8692664,University of Oklahoma,2020,2025,
https://openalex.org/A5055342253,Ashley Jorgensen,https://openalex.org/I49332381,University of Oklahoma Health Sciences Center,2020,2022,
https://openalex.org/A5055342253,Ashley Jorgensen,https://openalex.org/I4210140484,Human Resources Research Organization,2021,2024,
https://openalex.org/A5055342253,Ashley Jorgensen,https://openalex.org/I119234918,University of Northern Iowa,2014,2018,
https://openalex.org/A5016475996,Musaab Magzoub,https://openalex.org/I8692664,University of Oklahoma,2019,2022,0000-0003-1391-1316
https://openalex.org/A5016475996,Musaab Magzoub,https://openalex.org/I60342839,Qatar University,2017,2020,0000-0003-1391-1316
https://openalex.org/A5016475996,Musaab Magzoub,https://openalex.org/I4210143525,Oklahoma Biological Survey,2021,2021,0000-0003-1391-1316
https://openalex.org/A5016475996,Musaab Magzoub,https://openalex.org/I134085113,King Fahd University of Petroleum and Minerals,2015,2015,0000-0003-1391-1316
https://openalex.org/A5016475996,Musaab Magzoub,https://openalex.org/I4210164339,Oldham Council,2023,2025,0000-0003-1391-1316
https://openalex.org/A5024195218,Xuan Joanna Feng,https://openalex.org/I39854758,Auckland University of Technology,2012,2017,0000-0002-9439-2150
https://openalex.org/A5024195218,Xuan Joanna Feng,https://openalex.org/I8692664,University of Oklahoma,2020,2020,0000-0002-9439-2150
https://openalex.org/A5024195218,Xuan Joanna Feng,https://openalex.org/I4210164544,Health Decision Technologies (United States),2019,2019,0000-0002-9439-2150
https://openalex.org/A5024195218,Xuan Joanna Feng,https://openalex.org/I4210119109,Indiana University Bloomington,2019,2019,0000-0002-9439-2150
https://openalex.org/A5024195218,Xuan Joanna Feng,https://openalex.org/I4210152664,Shenzhen Children's Hospital,2022,2025,0000-0002-9439-2150
https://openalex.org/A5024195218,Xuan Joanna Feng,https://openalex.org/I111381250,Hebei Medical University,2021,2021,0000-0002-9439-2150
https://openalex.org/A5024195218,Xuan Joanna Feng,https://openalex.org/I4210157729,First Affiliated Hospital of Hebei Medical University,2021,2021,0000-0002-9439-2150
https://openalex.org/A5024195218,Xuan Joanna Feng,https://openalex.org/I183067930,Shanghai Jiao Tong University,2018,2018,0000-0002-9439-2150
https://openalex.org/A5024195218,Xuan Joanna Feng,https://openalex.org/I13591777,University of Nottingham Ningbo China,2019,2019,0000-0002-9439-2150
https://openalex.org/A5024195218,Xuan Joanna Feng,https://openalex.org/I592451,Indiana University,2015,2015,0000-0002-9439-2150
https://openalex.org/A5024195218,Xuan Joanna Feng,https://openalex.org/I154130895,University of Auckland,2021,2021,0000-0002-9439-2150
https://openalex.org/A5091412716,Ryan Gholson,https://openalex.org/I87208437,University of Tulsa,2014,2014,
https://openalex.org/A5091412716,Ryan Gholson,https://openalex.org/I8692664,University of Oklahoma,2014,2014,
https://openalex.org/A5052873457,Jad Kebbe,https://openalex.org/I49332381,University of Oklahoma Health Sciences Center,2017,2024,0000-0002-6912-3071
https://openalex.org/A5052873457,Jad Kebbe,https://openalex.org/I4210099251,Oklahoma City VA Medical Center,2017,2017,0000-0002-6912-3071
https://openalex.org/A5052873457,Jad Kebbe,https://openalex.org/I63190737,"University at Buffalo, State University of New York",2015,2016,0000-0002-6912-3071
https://openalex.org/A5052873457,Jad Kebbe,https://openalex.org/I4210133336,Oklahoma City VA Health Care System,2019,2019,0000-0002-6912-3071
https://openalex.org/A5052873457,Jad Kebbe,https://openalex.org/I8692664,University of Oklahoma,2019,2023,0000-0002-6912-3071
https://openalex.org/A5052873457,Jad Kebbe,https://openalex.org/I27253931,Oklahoma City University,2019,2023,0000-0002-6912-3071
https://openalex.org/A5054582306,Kyung-Bai Lee,https://openalex.org/I205490536,Dongguk University,2012,2012,
https://openalex.org/A5054582306,Kyung-Bai Lee,https://openalex.org/I8692664,University of Oklahoma,2012,2012,
https://openalex.org/A5114377818,M. Garcia-Sciveres,https://openalex.org/I148283060,Lawrence Berkeley National Laboratory,1996,2025,0000-0002-5800-4210
https://openalex.org/A5114377818,M. Garcia-Sciveres,https://openalex.org/I899635006,Université Grenoble Alpes,2016,2016,0000-0002-5800-4210
https://openalex.org/A5114377818,M. Garcia-Sciveres,https://openalex.org/I1294671590,Centre National de la Recherche Scientifique,2016,2016,0000-0002-5800-4210
https://openalex.org/A5114377818,M. Garcia-Sciveres,https://openalex.org/I4210141222,Laboratoire de Physique Subatomique et de Cosmologie,2016,2016,0000-0002-5800-4210
https://openalex.org/A5114377818,M. Garcia-Sciveres,https://openalex.org/I4210133362,Institut National de Physique Nucléaire et de Physique des Particules,2016,2016,0000-0002-5800-4210
https://openalex.org/A5114377818,M. Garcia-Sciveres,https://openalex.org/I36258959,"University of California, San Diego",1996,1996,0000-0002-5800-4210
https://openalex.org/A5114377818,M. Garcia-Sciveres,https://openalex.org/I138728355,High Energy Accelerator Research Organization,2024,2025,0000-0002-5800-4210
https://openalex.org/A5114377818,M. Garcia-Sciveres,https://openalex.org/I4388446385,International Center for Quantum-field Measurement Systems for Studies of the Universe and Particles,2024,2025,0000-0002-5800-4210
https://openalex.org/A5114377818,M. Garcia-Sciveres,https://openalex.org/I4210099850,"Istituto Nazionale di Fisica Nucleare, Sezione di Torino",2019,2024,0000-0002-5800-4210
https://openalex.org/A5114377818,M. Garcia-Sciveres,https://openalex.org/I205783295,Cornell University,1990,1996,0000-0002-5800-4210
https://openalex.org/A5114377818,M. Garcia-Sciveres,https://openalex.org/I95457486,"University of California, Berkeley",2016,2025,0000-0002-5800-4210
https://openalex.org/A5114377818,M. Garcia-Sciveres,https://openalex.org/I1343871089,Los Alamos National Laboratory,2025,2025,0000-0002-5800-4210
https://openalex.org/A5114377818,M. Garcia-Sciveres,https://openalex.org/I178169726,Southern Methodist University,1995,1995,0000-0002-5800-4210
https://openalex.org/A5114377818,M. Garcia-Sciveres,https://openalex.org/I67311998,European Organization for Nuclear Research,2011,2019,0000-0002-5800-4210
https://openalex.org/A5114377818,M. Garcia-Sciveres,https://openalex.org/I1286704778,Rutherford Appleton Laboratory,2019,2019,0000-0002-5800-4210
https://openalex.org/A5114377818,M. Garcia-Sciveres,https://openalex.org/I162524378,Science and Technology Facilities Council,2019,2019,0000-0002-5800-4210
https://openalex.org/A5114377818,M. Garcia-Sciveres,https://openalex.org/I122411786,California Institute of Technology,1995,1995,0000-0002-5800-4210
https://openalex.org/A5114377818,M. Garcia-Sciveres,https://openalex.org/I2801851002,Harvard University Press,1992,1992,0000-0002-5800-4210
https://openalex.org/A5114377818,M. Garcia-Sciveres,https://openalex.org/I1314696892,Fermi National Accelerator Laboratory,1996,2004,0000-0002-5800-4210
https://openalex.org/A5114377818,M. Garcia-Sciveres,https://openalex.org/I200719446,Vanderbilt University,1995,1995,0000-0002-5800-4210
https://openalex.org/A5114377818,M. Garcia-Sciveres,https://openalex.org/I84653119,Academia Sinica,2004,2004,0000-0002-5800-4210
https://openalex.org/A5114377818,M. Garcia-Sciveres,https://openalex.org/I84218800,"University of California, Davis",2004,2004,0000-0002-5800-4210
https://openalex.org/A5114377818,M. Garcia-Sciveres,https://openalex.org/I146399215,University of Tsukuba,2004,2004,0000-0002-5800-4210
https://openalex.org/A5114377818,M. Garcia-Sciveres,https://openalex.org/I170897317,Duke University,2004,2004,0000-0002-5800-4210
https://openalex.org/A5114377818,M. Garcia-Sciveres,https://openalex.org/I169521973,University of New Mexico,2004,2004,0000-0002-5800-4210
https://openalex.org/A5114377818,M. Garcia-Sciveres,https://openalex.org/I8692664,University of Oklahoma,1992,1992,0000-0002-5800-4210
https://openalex.org/A5114377818,M. Garcia-Sciveres,https://openalex.org/I70983195,Syracuse University,1992,1992,0000-0002-5800-4210
https://openalex.org/A5114377818,M. Garcia-Sciveres,https://openalex.org/I170201317,University of Pittsburgh,2002,2002,0000-0002-5800-4210
https://openalex.org/A5114377818,M. Garcia-Sciveres,https://openalex.org/I4210161779,Campbell Collaboration,2023,2023,0000-0002-5800-4210
https://openalex.org/A5112835320,Stanley K. Coffman,https://openalex.org/I8692664,University of Oklahoma,1951,1955,
https://openalex.org/A5109383563,Sidney J. Blatt,https://openalex.org/I32971472,Yale University,1961,2016,
https://openalex.org/A5109383563,Sidney J. Blatt,https://openalex.org/I212119943,University of Victoria,2001,2001,
https://openalex.org/A5109383563,Sidney J. Blatt,https://openalex.org/I181565077,Georgia State University,2001,2001,
https://openalex.org/A5109383563,Sidney J. Blatt,https://openalex.org/I174216632,City University of New York,1997,1997,
https://openalex.org/A5109383563,Sidney J. Blatt,https://openalex.org/I19833938,Western New England University,1998,1998,
https://openalex.org/A5109383563,Sidney J. Blatt,https://openalex.org/I4210129131,Institute of Contemporary Psychoanalysis,2006,2007,
https://openalex.org/A5109383563,Sidney J. Blatt,https://openalex.org/I33086117,New York Psychoanalytic Society and Institute,2001,2007,
https://openalex.org/A5109383563,Sidney J. Blatt,https://openalex.org/I161708654,Sapir College,2007,2007,
https://openalex.org/A5109383563,Sidney J. Blatt,https://openalex.org/I124227911,Ben-Gurion University of the Negev,2007,2007,
https://openalex.org/A5109383563,Sidney J. Blatt,https://openalex.org/I170201317,University of Pittsburgh,1999,1999,
https://openalex.org/A5109383563,Sidney J. Blatt,https://openalex.org/I8692664,University of Oklahoma,1999,1999,
https://openalex.org/A5109383563,Sidney J. Blatt,https://openalex.org/I5023651,McGill University,1999,1999,
https://openalex.org/A5109383563,Sidney J. Blatt,https://openalex.org/I78577930,Columbia University,1999,1999,
https://openalex.org/A5109383563,Sidney J. Blatt,https://openalex.org/I45129253,University College London,2001,2001,
https://openalex.org/A5109383563,Sidney J. Blatt,https://openalex.org/I4210153792,University School,2008,2008,
https://openalex.org/A5109383563,Sidney J. Blatt,https://openalex.org/I4210132343,Michael Reese Research and Education Foundation,1959,1959,
https://openalex.org/A5109383563,Sidney J. Blatt,https://openalex.org/I2801356230,Thales (Australia),2006,2006,
https://openalex.org/A5109383563,Sidney J. Blatt,https://openalex.org/I1310264347,IIT Research Institute,1973,1974,
https://openalex.org/A5109383563,Sidney J. Blatt,https://openalex.org/I110525433,"Islamic Azad University, Tehran",2016,2016,
https://openalex.org/A5109383563,Sidney J. Blatt,https://openalex.org/I21803372,University of Évora,2016,2016,
https://openalex.org/A5109383563,Sidney J. Blatt,https://openalex.org/I4210166308,University of Social Welfare and Rehabilitation Sciences,2016,2016,
https://openalex.org/A5109383563,Sidney J. Blatt,https://openalex.org/I155419210,"Islamic Azad University, Science and Research Branch",2016,2016,
https://openalex.org/A5109383563,Sidney J. Blatt,https://openalex.org/I181401687,American University,1982,1982,
https://openalex.org/A5109383563,Sidney J. Blatt,https://openalex.org/I4210163656,St Michaels Hospital,1961,1961,
https://openalex.org/A5109383563,Sidney J. Blatt,https://openalex.org/I40253897,University of New Haven,1981,1981,
https://openalex.org/A5109383563,Sidney J. Blatt,https://openalex.org/I4210119321,Cnopf´sche Kinderklinik,2017,2017,
https://openalex.org/A5018463074,Amanda Moyer,https://openalex.org/I4210088259,National Institute of Dental and Craniofacial Research,2011,2013,0000-0002-7831-4224
https://openalex.org/A5018463074,Amanda Moyer,https://openalex.org/I1299303238,National Institutes of Health,2011,2013,0000-0002-7831-4224
https://openalex.org/A5018463074,Amanda Moyer,https://openalex.org/I49332381,University of Oklahoma Health Sciences Center,2014,2019,0000-0002-7831-4224
https://openalex.org/A5018463074,Amanda Moyer,https://openalex.org/I2802709434,Rigshospitalet,2011,2011,0000-0002-7831-4224
https://openalex.org/A5018463074,Amanda Moyer,https://openalex.org/I2802567020,Copenhagen University Hospital,2011,2011,0000-0002-7831-4224
https://openalex.org/A5018463074,Amanda Moyer,https://openalex.org/I124055696,University of Copenhagen,2011,2011,0000-0002-7831-4224
https://openalex.org/A5018463074,Amanda Moyer,https://openalex.org/I181547552,Baylor College of Medicine,2019,2019,0000-0002-7831-4224
https://openalex.org/A5018463074,Amanda Moyer,https://openalex.org/I8692664,University of Oklahoma,2021,2021,0000-0002-7831-4224
https://openalex.org/A5018463074,Amanda Moyer,https://openalex.org/I111236770,University of Vermont,2017,2017,0000-0002-7831-4224
https://openalex.org/A5018463074,Amanda Moyer,https://openalex.org/I4210137306,Stanford Medicine,2024,2024,0000-0002-7831-4224
https://openalex.org/A5018463074,Amanda Moyer,https://openalex.org/I97018004,Stanford University,2024,2024,0000-0002-7831-4224
https://openalex.org/A5018463074,Amanda Moyer,https://openalex.org/I2801980284,University of Vermont Medical Center,2016,2016,0000-0002-7831-4224
https://openalex.org/A5044396302,K. Abdul Hamid,https://openalex.org/I102913810,Universiti Malaysia Pahang Al-Sultan Abdullah,2014,2021,0000-0002-9423-6086
https://openalex.org/A5044396302,K. Abdul Hamid,https://openalex.org/I120234788,Imam Hossein University,2025,2025,0000-0002-9423-6086
https://openalex.org/A5044396302,K. Abdul Hamid,https://openalex.org/I8692664,University of Oklahoma,2025,2025,0000-0002-9423-6086
https://openalex.org/A5098913213,Hayley E. Sewell,https://openalex.org/I49332381,University of Oklahoma Health Sciences Center,2024,2024,
https://openalex.org/A5098913213,Hayley E. Sewell,https://openalex.org/I8692664,University of Oklahoma,2024,2025,
https://openalex.org/A5060966935,Melvin N. Hamm,https://openalex.org/I4210136545,Weatherford (United States),1973,1973,
https://openalex.org/A5060966935,Melvin N. Hamm,https://openalex.org/I8692664,University of Oklahoma,1973,1973,
https://openalex.org/A5060966935,Melvin N. Hamm,https://openalex.org/I24240638,Southwestern Oklahoma State University,1973,1973,
https://openalex.org/A5108733734,Antony J. Chapman,https://openalex.org/I4399598377,Institute of Science and Technology,1973,1982,
https://openalex.org/A5108733734,Antony J. Chapman,https://openalex.org/I97429440,University of Wales,1973,1982,
https://openalex.org/A5108733734,Antony J. Chapman,https://openalex.org/I79510175,Cardiff University,1975,1975,
https://openalex.org/A5108733734,Antony J. Chapman,https://openalex.org/I130828816,University of Leeds,1984,1995,
https://openalex.org/A5108733734,Antony J. Chapman,https://openalex.org/I4210162667,University of Wales Institute Cardiff,1973,1982,
https://openalex.org/A5108733734,Antony J. Chapman,https://openalex.org/I8408910,Cardiff Metropolitan University,1982,1982,
https://openalex.org/A5027839860,Mohammad Nabatian,https://openalex.org/I4210092927,NOAA National Severe Storms Laboratory,2019,2019,
https://openalex.org/A5027839860,Mohammad Nabatian,https://openalex.org/I8692664,University of Oklahoma,2019,2019,
https://openalex.org/A5027839860,Mohammad Nabatian,https://openalex.org/I189196454,The University of Texas at Arlington,2018,2019,
https://openalex.org/A5027839860,Mohammad Nabatian,https://openalex.org/I194601409,Cooperative Institute for Mesoscale Meteorological Studies,2019,2019,
https://openalex.org/A5027839860,Mohammad Nabatian,https://openalex.org/I86519309,The University of Texas at Austin,2018,2018,
https://openalex.org/A5089103796,Anders Olofsgård,https://openalex.org/I180539885,Walsh University,2002,2011,0000-0002-0455-0822
https://openalex.org/A5089103796,Anders Olofsgård,https://openalex.org/I184565670,Georgetown University,2002,2012,0000-0002-0455-0822
https://openalex.org/A5089103796,Anders Olofsgård,https://openalex.org/I180242103,Stockholm School of Economics,2011,2024,0000-0002-0455-0822
https://openalex.org/A5089103796,Anders Olofsgård,https://openalex.org/I4210121259,"Czech Academy of Sciences, Economics Institute",2011,2011,0000-0002-0455-0822
https://openalex.org/A5089103796,Anders Olofsgård,https://openalex.org/I4210110521,Swedish Institute for Health Economics,2018,2022,0000-0002-0455-0822
https://openalex.org/A5089103796,Anders Olofsgård,https://openalex.org/I3093151323,Scottish and Southern Energy (United Kingdom),2002,2008,0000-0002-0455-0822
https://openalex.org/A5089103796,Anders Olofsgård,https://openalex.org/I8692664,University of Oklahoma,2023,2023,0000-0002-0455-0822
https://openalex.org/A5089103796,Anders Olofsgård,https://openalex.org/I91045830,Texas A&M University,2023,2023,0000-0002-0455-0822
https://openalex.org/A5089103796,Anders Olofsgård,https://openalex.org/I128956969,Texas Christian University,2023,2023,0000-0002-0455-0822
https://openalex.org/A5063198138,Narayanasamy Gurusamy,https://openalex.org/I4210131712,Oklahoma State University Oklahoma City,1982,1982,
https://openalex.org/A5063198138,Narayanasamy Gurusamy,https://openalex.org/I8692664,University of Oklahoma,1982,1982,
https://openalex.org/A5063198138,Narayanasamy Gurusamy,https://openalex.org/I115475287,Oklahoma State University,1981,1981,
https://openalex.org/A5080638576,Shane P. Desselle,https://openalex.org/I24624658,Touro University California,2015,2025,0000-0002-5987-1391
https://openalex.org/A5080638576,Shane P. Desselle,https://openalex.org/I150569930,Bayer (United States),2001,2007,0000-0002-5987-1391
https://openalex.org/A5080638576,Shane P. Desselle,https://openalex.org/I165102784,Duquesne University,2000,2009,0000-0002-5987-1391
https://openalex.org/A5080638576,Shane P. Desselle,https://openalex.org/I8692664,University of Oklahoma,2009,2011,0000-0002-5987-1391
https://openalex.org/A5080638576,Shane P. Desselle,https://openalex.org/I87208437,University of Tulsa,2009,2012,0000-0002-5987-1391
https://openalex.org/A5080638576,Shane P. Desselle,https://openalex.org/I27253931,Oklahoma City University,2011,2011,0000-0002-5987-1391
https://openalex.org/A5080638576,Shane P. Desselle,https://openalex.org/I4210132119,Mylan (India),2007,2007,0000-0002-5987-1391
https://openalex.org/A5080638576,Shane P. Desselle,https://openalex.org/I4210159288,Mylan (United States),2000,2009,0000-0002-5987-1391
https://openalex.org/A5080638576,Shane P. Desselle,https://openalex.org/I49332381,University of Oklahoma Health Sciences Center,2009,2012,0000-0002-5987-1391
https://openalex.org/A5080638576,Shane P. Desselle,https://openalex.org/I138873065,Long Island University,1997,1997,0000-0002-5987-1391
https://openalex.org/A5080638576,Shane P. Desselle,https://openalex.org/I4210147380,California Northstate University,2012,2014,0000-0002-5987-1391
https://openalex.org/A5080638576,Shane P. Desselle,https://openalex.org/I4210097178,Behavioral Pharma (United States),2021,2023,0000-0002-5987-1391
https://openalex.org/A5080638576,Shane P. Desselle,https://openalex.org/I1282070171,Office of Education,2002,2002,0000-0002-5987-1391
https://openalex.org/A5080638576,Shane P. Desselle,https://openalex.org/I84884186,Newcastle University,2001,2001,0000-0002-5987-1391
https://openalex.org/A5080638576,Shane P. Desselle,https://openalex.org/I71730758,University of Louisiana at Monroe,1996,1996,0000-0002-5987-1391
https://openalex.org/A5080638576,Shane P. Desselle,https://openalex.org/I192627527,American Association of Colleges of Pharmacy,2011,2011,0000-0002-5987-1391
https://openalex.org/A5080638576,Shane P. Desselle,https://openalex.org/I114027177,University of North Carolina at Chapel Hill,2011,2011,0000-0002-5987-1391
https://openalex.org/A5080638576,Shane P. Desselle,https://openalex.org/I4210111525,Shrewsbury College,2011,2011,0000-0002-5987-1391
https://openalex.org/A5080638576,Shane P. Desselle,https://openalex.org/I4210162069,Electoral Commission,2011,2011,0000-0002-5987-1391
https://openalex.org/A5080638576,Shane P. Desselle,https://openalex.org/I79510175,Cardiff University,2022,2022,0000-0002-5987-1391
https://openalex.org/A5080638576,Shane P. Desselle,https://openalex.org/I114017466,University of Technology Sydney,2022,2022,0000-0002-5987-1391
https://openalex.org/A5080638576,Shane P. Desselle,https://openalex.org/I160606119,University of Tennessee Health Science Center,2023,2023,0000-0002-5987-1391
https://openalex.org/A5080638576,Shane P. Desselle,https://openalex.org/I1325620243,United Nations Industrial Development Organization,2025,2025,0000-0002-5987-1391
https://openalex.org/A5014312942,Shivani N. Mann,https://openalex.org/I8692664,University of Oklahoma,2011,2022,0000-0003-4499-1945
https://openalex.org/A5014312942,Shivani N. Mann,https://openalex.org/I49332381,University of Oklahoma Health Sciences Center,2013,2023,0000-0003-4499-1945
https://openalex.org/A5014312942,Shivani N. Mann,https://openalex.org/I30558944,Oklahoma Medical Research Foundation,2021,2021,0000-0003-4499-1945
https://openalex.org/A5014312942,Shivani N. Mann,https://openalex.org/I4210126000,Dean McGee Eye Institute,2013,2014,0000-0003-4499-1945
https://openalex.org/A5014312942,Shivani N. Mann,https://openalex.org/I138006243,University of Arizona,2022,2024,0000-0003-4499-1945
https://openalex.org/A5066566141,Philip E. Klebba,https://openalex.org/I8692664,University of Oklahoma,1998,2012,
https://openalex.org/A5066566141,Philip E. Klebba,https://openalex.org/I189590672,Kansas State University,2014,2014,
https://openalex.org/A5072442842,D. He,https://openalex.org/I4210103894,Hefei National Center for Physical Sciences at Nanoscale,2024,2024,0000-0001-9029-6519
https://openalex.org/A5072442842,D. He,https://openalex.org/I126520041,University of Science and Technology of China,2024,2024,0000-0001-9029-6519
https://openalex.org/A5072442842,D. He,https://openalex.org/I70983195,Syracuse University,1994,1998,0000-0001-9029-6519
https://openalex.org/A5072442842,D. He,https://openalex.org/I146416000,University of Kansas,1994,1998,0000-0001-9029-6519
https://openalex.org/A5072442842,D. He,https://openalex.org/I143302722,University of Kentucky,2016,2016,0000-0001-9029-6519
https://openalex.org/A5072442842,D. He,https://openalex.org/I52357470,The Ohio State University,1997,1998,0000-0001-9029-6519
https://openalex.org/A5072442842,D. He,https://openalex.org/I178169726,Southern Methodist University,1995,1995,0000-0001-9029-6519
https://openalex.org/A5072442842,D. He,https://openalex.org/I122411786,California Institute of Technology,1998,1998,0000-0001-9029-6519
https://openalex.org/A5072442842,D. He,https://openalex.org/I219193219,Purdue University West Lafayette,1994,1998,0000-0001-9029-6519
https://openalex.org/A5072442842,D. He,https://openalex.org/I117965899,University of Hawaiʻi at Mānoa,1998,1998,0000-0001-9029-6519
https://openalex.org/A5072442842,D. He,https://openalex.org/I392282,"University at Albany, State University of New York",1998,1998,0000-0001-9029-6519
https://openalex.org/A5072442842,D. He,https://openalex.org/I4210112595,Research Institute of Petroleum Exploration and Development,2023,2024,0000-0001-9029-6519
https://openalex.org/A5072442842,D. He,https://openalex.org/I102208913,Shihezi University,2024,2024,0000-0001-9029-6519
https://openalex.org/A5072442842,D. He,https://openalex.org/I8692664,University of Oklahoma,1997,1998,0000-0001-9029-6519
https://openalex.org/A5072442842,D. He,https://openalex.org/I130238516,University of Minnesota,1996,1996,0000-0001-9029-6519
https://openalex.org/A5072442842,D. He,https://openalex.org/I4391768254,State Key Laboratory of Enhanced Oil Recovery,2024,2024,0000-0001-9029-6519
https://openalex.org/A5072442842,D. He,https://openalex.org/I29739308,Guangxi Normal University,2025,2025,0000-0001-9029-6519
https://openalex.org/A5072442842,D. He,https://openalex.org/I83791580,Fujian University of Technology,2025,2025,0000-0001-9029-6519
https://openalex.org/A5016683716,Jon Keith Parsley,https://openalex.org/I8692664,University of Oklahoma,1993,1993,
https://openalex.org/A5108594917,Donna Thompson,https://openalex.org/I4210101173,Access Community Health Network,2006,2006,
https://openalex.org/A5108594917,Donna Thompson,https://openalex.org/I4210157939,Dermatology Specialists,2012,2012,
https://openalex.org/A5108594917,Donna Thompson,https://openalex.org/I4210129024,Delaware County Memorial Hospital,2012,2012,
https://openalex.org/A5108594917,Donna Thompson,https://openalex.org/I8692664,University of Oklahoma,1995,1995,
https://openalex.org/A5041333775,R.D. DANIELS,https://openalex.org/I8692664,University of Oklahoma,1988,1988,
https://openalex.org/A5056813860,E. Okoye,https://openalex.org/I8692664,University of Oklahoma,2010,2010,
https://openalex.org/A5028316446,Kelly M. Standifer,https://openalex.org/I44461941,University of Houston,1996,2013,0000-0002-3246-8703
https://openalex.org/A5028316446,Kelly M. Standifer,https://openalex.org/I1334819555,Memorial Sloan Kettering Cancer Center,1994,1998,0000-0002-3246-8703
https://openalex.org/A5028316446,Kelly M. Standifer,https://openalex.org/I49332381,University of Oklahoma Health Sciences Center,2008,2024,0000-0002-3246-8703
https://openalex.org/A5028316446,Kelly M. Standifer,https://openalex.org/I205783295,Cornell University,1994,1996,0000-0002-3246-8703
https://openalex.org/A5028316446,Kelly M. Standifer,https://openalex.org/I8692664,University of Oklahoma,2007,2025,0000-0002-3246-8703
https://openalex.org/A5028316446,Kelly M. Standifer,https://openalex.org/I27253931,Oklahoma City University,2007,2025,0000-0002-3246-8703
https://openalex.org/A5028316446,Kelly M. Standifer,https://openalex.org/I33213144,University of Florida,1988,2004,0000-0002-3246-8703
https://openalex.org/A5028316446,Kelly M. Standifer,https://openalex.org/I4210152357,Pharmac,2003,2003,0000-0002-3246-8703
https://openalex.org/A5028316446,Kelly M. Standifer,https://openalex.org/I181190486,NTL Institute for Applied Behavioral Science,1988,1988,0000-0002-3246-8703
https://openalex.org/A5028316446,Kelly M. Standifer,https://openalex.org/I94062374,Florida College,1988,1988,0000-0002-3246-8703
https://openalex.org/A5028316446,Kelly M. Standifer,https://openalex.org/I4210123128,Center for Neurosciences,2010,2010,0000-0002-3246-8703
https://openalex.org/A5028316446,Kelly M. Standifer,https://openalex.org/I192627527,American Association of Colleges of Pharmacy,2016,2016,0000-0002-3246-8703
https://openalex.org/A5007751931,Yanjiang Zhou,https://openalex.org/I1328775524,Zhejiang Sci-Tech University,2007,2021,0009-0000-2881-1874
https://openalex.org/A5007751931,Yanjiang Zhou,https://openalex.org/I24185976,Sichuan University,2023,2023,0009-0000-2881-1874
https://openalex.org/A5007751931,Yanjiang Zhou,https://openalex.org/I8692664,University of Oklahoma,2002,2002,0009-0000-2881-1874
https://openalex.org/A5007751931,Yanjiang Zhou,https://openalex.org/I168879160,Zhejiang University of Science and Technology,2007,2010,0009-0000-2881-1874
https://openalex.org/A5007751931,Yanjiang Zhou,https://openalex.org/I149240348,Jilin Normal University,2004,2004,0009-0000-2881-1874
https://openalex.org/A5007751931,Yanjiang Zhou,https://openalex.org/I4210147759,Zhejiang Institute of Mechanical and Electrical Engineering,2004,2004,0009-0000-2881-1874
https://openalex.org/A5021612626,David D. Buethe,https://openalex.org/I2613432,University of South Florida,2004,2004,
https://openalex.org/A5021612626,David D. Buethe,https://openalex.org/I3019308854,Moffitt Cancer Center,2011,2014,
https://openalex.org/A5021612626,David D. Buethe,https://openalex.org/I4210094590,Laboratoire de Phonétique et Phonologie,2014,2014,
https://openalex.org/A5021612626,David D. Buethe,https://openalex.org/I49332381,University of Oklahoma Health Sciences Center,2008,2011,
https://openalex.org/A5021612626,David D. Buethe,https://openalex.org/I867280407,The University of Texas Southwestern Medical Center,2010,2010,
https://openalex.org/A5021612626,David D. Buethe,https://openalex.org/I8692664,University of Oklahoma,2011,2012,
https://openalex.org/A5021612626,David D. Buethe,https://openalex.org/I27253931,Oklahoma City University,2012,2012,
https://openalex.org/A5021612626,David D. Buethe,https://openalex.org/I182192344,Oglethorpe University,2011,2011,
https://openalex.org/A5021612626,David D. Buethe,https://openalex.org/I4390039271,OU Health,2008,2008,
https://openalex.org/A5021612626,David D. Buethe,https://openalex.org/I33213144,University of Florida,2002,2006,
https://openalex.org/A5021612626,David D. Buethe,https://openalex.org/I94062374,Florida College,2002,2002,
https://openalex.org/A5021612626,David D. Buethe,https://openalex.org/I93320256,University of Tampa,2012,2015,
https://openalex.org/A5021612626,David D. Buethe,https://openalex.org/I4210108542,Schlumberger (Ireland),2006,2006,
https://openalex.org/A5021612626,David D. Buethe,https://openalex.org/I2799744481,Medical Protective,2006,2006,
https://openalex.org/A5011296982,Kuhika Gupta,https://openalex.org/I8692664,University of Oklahoma,2012,2025,0000-0002-6264-1423
https://openalex.org/A5011296982,Kuhika Gupta,https://openalex.org/I115475287,Oklahoma State University,2024,2024,0000-0002-6264-1423
https://openalex.org/A5108754780,Youlong Xia,https://openalex.org/I1308126019,National Oceanic and Atmospheric Administration,2011,2019,
https://openalex.org/A5108754780,Youlong Xia,https://openalex.org/I4210093799,NOAA National Centers for Environmental Prediction,2009,2022,
https://openalex.org/A5108754780,Youlong Xia,https://openalex.org/I4210095787,NOAA National Weather Service,2011,2011,
https://openalex.org/A5108754780,Youlong Xia,https://openalex.org/I4387930218,NOAA Environmental Modeling Center,2009,2022,
https://openalex.org/A5108754780,Youlong Xia,https://openalex.org/I86519309,The University of Texas at Austin,2003,2005,
https://openalex.org/A5108754780,Youlong Xia,https://openalex.org/I99043593,Macquarie University,2001,2003,
https://openalex.org/A5108754780,Youlong Xia,https://openalex.org/I4210127542,IM Systems (United States),2012,2016,
https://openalex.org/A5108754780,Youlong Xia,https://openalex.org/I8204097,Ludwig-Maximilians-Universität München,1999,1999,
https://openalex.org/A5108754780,Youlong Xia,https://openalex.org/I880747138,Science Applications International Corporation (United States),2016,2016,
https://openalex.org/A5108754780,Youlong Xia,https://openalex.org/I4389424196,Deleted Institution,2016,2016,
https://openalex.org/A5108754780,Youlong Xia,https://openalex.org/I4210125903,University Research Co (United States),2017,2017,
https://openalex.org/A5108754780,Youlong Xia,https://openalex.org/I191217947,NOAA Geophysical Fluid Dynamics Laboratory,2004,2007,
https://openalex.org/A5108754780,Youlong Xia,https://openalex.org/I4210104792,ATEC (United States),2016,2016,
https://openalex.org/A5108754780,Youlong Xia,https://openalex.org/I25254941,Beijing Normal University,2015,2015,
https://openalex.org/A5108754780,Youlong Xia,https://openalex.org/I91045830,Texas A&M University,2015,2015,
https://openalex.org/A5108754780,Youlong Xia,https://openalex.org/I8692664,University of Oklahoma,2015,2015,
https://openalex.org/A5108754780,Youlong Xia,https://openalex.org/I20089843,Princeton University,2005,2007,
https://openalex.org/A5108754780,Youlong Xia,https://openalex.org/I141301092,China Meteorological Administration,2005,2005,
https://openalex.org/A5029490514,John S. Lazuick,https://openalex.org/I1289490764,Centers for Disease Control and Prevention,1973,1986,
https://openalex.org/A5029490514,John S. Lazuick,https://openalex.org/I1299022934,United States Department of Health and Human Services,1973,1988,
https://openalex.org/A5029490514,John S. Lazuick,https://openalex.org/I8692664,University of Oklahoma,1993,1993,
https://openalex.org/A5029490514,John S. Lazuick,https://openalex.org/I4210146872,Yankton Rural Area Health Education Center,1986,1986,
https://openalex.org/A5029490514,John S. Lazuick,https://openalex.org/I189957204,University of South Dakota,1986,1986,
https://openalex.org/A5029490514,John S. Lazuick,https://openalex.org/I130238516,University of Minnesota,1986,1986,
https://openalex.org/A5025262497,Emily N. Ahadizadeh,https://openalex.org/I4210153792,University School,2017,2017,0000-0003-1827-3501
https://openalex.org/A5025262497,Emily N. Ahadizadeh,https://openalex.org/I2799343972,University Hospitals of Cleveland,2017,2018,0000-0003-1827-3501
https://openalex.org/A5025262497,Emily N. Ahadizadeh,https://openalex.org/I58956616,Case Western Reserve University,2016,2019,0000-0003-1827-3501
https://openalex.org/A5025262497,Emily N. Ahadizadeh,https://openalex.org/I8692664,University of Oklahoma,2014,2015,0000-0003-1827-3501
https://openalex.org/A5102583506,Kelly K Butler,https://openalex.org/I8692664,University of Oklahoma,2016,2016,
https://openalex.org/A5102583506,Kelly K Butler,https://openalex.org/I49332381,University of Oklahoma Health Sciences Center,2016,2016,
https://openalex.org/A5006402876,Charles A. Leath,https://openalex.org/I32389192,University of Alabama at Birmingham,2002,2025,0000-0002-4034-6845
https://openalex.org/A5006402876,Charles A. Leath,https://openalex.org/I4210134151,University of Colorado Cancer Center,2021,2024,0000-0002-4034-6845
https://openalex.org/A5006402876,Charles A. Leath,https://openalex.org/I921990950,University of Colorado Denver,2021,2024,0000-0002-4034-6845
https://openalex.org/A5006402876,Charles A. Leath,https://openalex.org/I4390039376,O'Neal Comprehensive Cancer Center,2021,2025,0000-0002-4034-6845
https://openalex.org/A5006402876,Charles A. Leath,https://openalex.org/I117693200,Gynecologic Oncology Group,2004,2023,0000-0002-4034-6845
https://openalex.org/A5006402876,Charles A. Leath,https://openalex.org/I1335695989,University of Alabama at Birmingham Hospital,2005,2024,0000-0002-4034-6845
https://openalex.org/A5006402876,Charles A. Leath,https://openalex.org/I205783295,Cornell University,2023,2023,0000-0002-4034-6845
https://openalex.org/A5006402876,Charles A. Leath,https://openalex.org/I4210100342,Levine Cancer Institute,2020,2020,0000-0002-4034-6845
https://openalex.org/A5006402876,Charles A. Leath,https://openalex.org/I1289568071,San Antonio Military Medical Center,2006,2017,0000-0002-4034-6845
https://openalex.org/A5006402876,Charles A. Leath,https://openalex.org/I1306430637,St. Vincent's Birmingham,2024,2024,0000-0002-4034-6845
https://openalex.org/A5006402876,Charles A. Leath,https://openalex.org/I1336053918,Ochsner Health System,2018,2018,0000-0002-4034-6845
https://openalex.org/A5006402876,Charles A. Leath,https://openalex.org/I130238516,University of Minnesota,2018,2018,0000-0002-4034-6845
https://openalex.org/A5006402876,Charles A. Leath,https://openalex.org/I17301866,University of Alabama,2013,2025,0000-0002-4034-6845
https://openalex.org/A5006402876,Charles A. Leath,https://openalex.org/I893718555,Joint Base San Antonio,2007,2012,0000-0002-4034-6845
https://openalex.org/A5006402876,Charles A. Leath,https://openalex.org/I2799567722,Wilford Hall Medical Center,2006,2012,0000-0002-4034-6845
https://openalex.org/A5006402876,Charles A. Leath,https://openalex.org/I4210147841,Engineering Service Center und Handel (Germany),2023,2023,0000-0002-4034-6845
https://openalex.org/A5006402876,Charles A. Leath,https://openalex.org/I55279860,L-3 Communications (United States),2023,2023,0000-0002-4034-6845
https://openalex.org/A5006402876,Charles A. Leath,https://openalex.org/I4693666,GGG (France),2023,2023,0000-0002-4034-6845
https://openalex.org/A5006402876,Charles A. Leath,https://openalex.org/I4210129323,Blackpool and The Fylde College,2023,2023,0000-0002-4034-6845
https://openalex.org/A5006402876,Charles A. Leath,https://openalex.org/I4210117998,Maine Farmland Trust,2023,2023,0000-0002-4034-6845
https://openalex.org/A5006402876,Charles A. Leath,https://openalex.org/I4210157058,Hesco (United States),2023,2023,0000-0002-4034-6845
https://openalex.org/A5006402876,Charles A. Leath,https://openalex.org/I19926482,Dr. M.G.R. Educational and Research Institute,2023,2023,0000-0002-4034-6845
https://openalex.org/A5006402876,Charles A. Leath,https://openalex.org/I4210121272,Anna Needs Neuroblastoma Answers,2023,2023,0000-0002-4034-6845
https://openalex.org/A5006402876,Charles A. Leath,https://openalex.org/I27253931,Oklahoma City University,2008,2008,0000-0002-4034-6845
https://openalex.org/A5006402876,Charles A. Leath,https://openalex.org/I8692664,University of Oklahoma,2008,2008,0000-0002-4034-6845
https://openalex.org/A5006402876,Charles A. Leath,https://openalex.org/I1316902750,Cleveland Clinic,2008,2008,0000-0002-4034-6845
https://openalex.org/A5006402876,Charles A. Leath,https://openalex.org/I1282927834,Cedars-Sinai Medical Center,2008,2008,0000-0002-4034-6845
https://openalex.org/A5006402876,Charles A. Leath,https://openalex.org/I285663978,Weatherford College,2005,2008,0000-0002-4034-6845
https://openalex.org/A5006402876,Charles A. Leath,https://openalex.org/I114027177,University of North Carolina at Chapel Hill,2008,2008,0000-0002-4034-6845
https://openalex.org/A5006402876,Charles A. Leath,https://openalex.org/I200166805,Guy's and St Thomas' NHS Foundation Trust,2023,2023,0000-0002-4034-6845
https://openalex.org/A5006402876,Charles A. Leath,https://openalex.org/I1324925910,St Thomas' Hospital,2023,2023,0000-0002-4034-6845
https://openalex.org/A5006402876,Charles A. Leath,https://openalex.org/I87377408,SUNY College of Optometry,2010,2010,0000-0002-4034-6845
https://openalex.org/A5006402876,Charles A. Leath,https://openalex.org/I4210100634,American Journal Experts (United States),2005,2005,0000-0002-4034-6845
https://openalex.org/A5006402876,Charles A. Leath,https://openalex.org/I4210101694,Spital Linth,2005,2005,0000-0002-4034-6845
https://openalex.org/A5000631854,Maxine Robertson,https://openalex.org/I39555362,University of Warwick,1995,2005,
https://openalex.org/A5000631854,Maxine Robertson,https://openalex.org/I73417466,Coventry University,1998,2007,
https://openalex.org/A5000631854,Maxine Robertson,https://openalex.org/I166337079,Queen Mary University of London,2007,2022,
https://openalex.org/A5000631854,Maxine Robertson,https://openalex.org/I2799858192,London School of Business and Management,2007,2022,
https://openalex.org/A5000631854,Maxine Robertson,https://openalex.org/I8692664,University of Oklahoma,1997,1997,
https://openalex.org/A5000631854,Maxine Robertson,https://openalex.org/I4210127762,Coventry (United Kingdom),1997,1997,
https://openalex.org/A5057038064,S. J. Pannalal,https://openalex.org/I24101674,ConocoPhillips (United States),2012,2012,0009-0005-9279-8922
https://openalex.org/A5057038064,S. J. Pannalal,https://openalex.org/I74413500,University of Windsor,2003,2009,0009-0005-9279-8922
https://openalex.org/A5057038064,S. J. Pannalal,https://openalex.org/I8692664,University of Oklahoma,2012,2012,0009-0005-9279-8922
https://openalex.org/A5113646659,Nicholas Lange,https://openalex.org/I8692664,University of Oklahoma,2011,2011,
https://openalex.org/A5113646659,Nicholas Lange,https://openalex.org/I39555362,University of Warwick,2019,2019,
https://openalex.org/A5043659454,Thomas M. N. Cain,https://openalex.org/I8692664,University of Oklahoma,2018,2020,
https://openalex.org/A5035871571,Larisa V. Debelenko,https://openalex.org/I1299303238,National Institutes of Health,1996,2003,0000-0002-9443-5181
https://openalex.org/A5035871571,Larisa V. Debelenko,https://openalex.org/I1313298211,St. Jude Children's Research Hospital,2009,2013,0000-0002-9443-5181
https://openalex.org/A5035871571,Larisa V. Debelenko,https://openalex.org/I4210140884,National Cancer Institute,1997,2003,0000-0002-9443-5181
https://openalex.org/A5035871571,Larisa V. Debelenko,https://openalex.org/I1288882113,Boston Children's Hospital,2005,2013,0000-0002-9443-5181
https://openalex.org/A5035871571,Larisa V. Debelenko,https://openalex.org/I136199984,Harvard University,2005,2005,0000-0002-9443-5181
https://openalex.org/A5035871571,Larisa V. Debelenko,https://openalex.org/I2799503643,Columbia University Irving Medical Center,2020,2025,0000-0002-9443-5181
https://openalex.org/A5035871571,Larisa V. Debelenko,https://openalex.org/I78577930,Columbia University,2003,2023,0000-0002-9443-5181
https://openalex.org/A5035871571,Larisa V. Debelenko,https://openalex.org/I185443292,Wayne State University,2011,2014,0000-0002-9443-5181
https://openalex.org/A5035871571,Larisa V. Debelenko,https://openalex.org/I4210117453,Dana-Farber Cancer Institute,2013,2013,0000-0002-9443-5181
https://openalex.org/A5035871571,Larisa V. Debelenko,https://openalex.org/I4210130818,Children's Hospital of Michigan,2013,2016,0000-0002-9443-5181
https://openalex.org/A5035871571,Larisa V. Debelenko,https://openalex.org/I2800326109,Detroit Medical Center,2016,2016,0000-0002-9443-5181
https://openalex.org/A5035871571,Larisa V. Debelenko,https://openalex.org/I2801107848,New York Hospital Queens,2023,2023,0000-0002-9443-5181
https://openalex.org/A5035871571,Larisa V. Debelenko,https://openalex.org/I4210096498,Presbyterian Hospital,2023,2023,0000-0002-9443-5181
https://openalex.org/A5035871571,Larisa V. Debelenko,https://openalex.org/I1340179700,NewYork–Presbyterian Hospital,2023,2025,0000-0002-9443-5181
https://openalex.org/A5035871571,Larisa V. Debelenko,https://openalex.org/I1321686444,Westchester Medical Center,2015,2018,0000-0002-9443-5181
https://openalex.org/A5035871571,Larisa V. Debelenko,https://openalex.org/I4210134348,National Cancer Institute,1998,1998,0000-0002-9443-5181
https://openalex.org/A5035871571,Larisa V. Debelenko,https://openalex.org/I181190671,New York Medical College,2015,2018,0000-0002-9443-5181
https://openalex.org/A5035871571,Larisa V. Debelenko,https://openalex.org/I4210090567,National Institute of Diabetes and Digestive and Kidney Diseases,1998,1998,0000-0002-9443-5181
https://openalex.org/A5006538892,Susan M. Edwards,https://openalex.org/I8692664,University of Oklahoma,2005,2009,
https://openalex.org/A5006538892,Susan M. Edwards,https://openalex.org/I49332381,University of Oklahoma Health Sciences Center,2003,2009,
https://openalex.org/A5006538892,Susan M. Edwards,https://openalex.org/I1298207432,Guy's Hospital,1984,1984,
https://openalex.org/A5006538892,Susan M. Edwards,https://openalex.org/I4390039271,OU Health,2005,2005,
https://openalex.org/A5067300278,Derrick Willis,https://openalex.org/I8692664,University of Oklahoma,2021,2021,
https://openalex.org/A5060206799,Jay S. Hanas,https://openalex.org/I49332381,University of Oklahoma Health Sciences Center,1989,2022,0000-0003-1922-5333
https://openalex.org/A5060206799,Jay S. Hanas,https://openalex.org/I8692664,University of Oklahoma,1997,2019,0000-0003-1922-5333
https://openalex.org/A5060206799,Jay S. Hanas,https://openalex.org/I27253931,Oklahoma City University,1999,2001,0000-0003-1922-5333
https://openalex.org/A5060206799,Jay S. Hanas,https://openalex.org/I1327163397,State University of New York,1983,1984,0000-0003-1922-5333
https://openalex.org/A5060206799,Jay S. Hanas,https://openalex.org/I59553526,Stony Brook University,1983,1986,0000-0003-1922-5333
https://openalex.org/A5060206799,Jay S. Hanas,https://openalex.org/I4210151543,Department of Veterans Affairs,2017,2017,0000-0003-1922-5333
https://openalex.org/A5060206799,Jay S. Hanas,https://openalex.org/I2799886695,Veterans Health Administration,2011,2017,0000-0003-1922-5333
https://openalex.org/A5060206799,Jay S. Hanas,https://openalex.org/I267592682,Williams (United States),2017,2017,0000-0003-1922-5333
https://openalex.org/A5060206799,Jay S. Hanas,https://openalex.org/I1322918889,United States Department of Veterans Affairs,2019,2021,0000-0003-1922-5333
https://openalex.org/A5060206799,Jay S. Hanas,https://openalex.org/I4210161658,Russian State Agrarian Correspondence University,2011,2011,0000-0003-1922-5333
https://openalex.org/A5060206799,Jay S. Hanas,https://openalex.org/I2613432,University of South Florida,1975,1975,0000-0003-1922-5333
https://openalex.org/A5060206799,Jay S. Hanas,https://openalex.org/I30558944,Oklahoma Medical Research Foundation,2001,2001,0000-0003-1922-5333
https://openalex.org/A5060206799,Jay S. Hanas,https://openalex.org/I115475287,Oklahoma State University,2004,2004,0000-0003-1922-5333
https://openalex.org/A5108057066,Sugato Banerjee,https://openalex.org/I115715567,"Birla Institute of Technology, Mesra",2013,2019,0000-0002-4402-3066
https://openalex.org/A5108057066,Sugato Banerjee,https://openalex.org/I154570441,"University of California, Santa Barbara",1988,1995,0000-0002-4402-3066
https://openalex.org/A5108057066,Sugato Banerjee,https://openalex.org/I4210161501,National Institute of Pharmaceutical Education and Research,2020,2025,0000-0002-4402-3066
https://openalex.org/A5108057066,Sugato Banerjee,https://openalex.org/I1331084196,National Forensic Sciences University,2022,2022,0000-0002-4402-3066
https://openalex.org/A5108057066,Sugato Banerjee,https://openalex.org/I98251732,McMaster University,1978,1981,0000-0002-4402-3066
https://openalex.org/A5108057066,Sugato Banerjee,https://openalex.org/I125687163,City College of New York,2008,2013,0000-0002-4402-3066
https://openalex.org/A5108057066,Sugato Banerjee,https://openalex.org/I59130452,University of Nebraska Medical Center,2008,2009,0000-0002-4402-3066
https://openalex.org/A5108057066,Sugato Banerjee,https://openalex.org/I4210131225,Pain Clinic of India,2015,2015,0000-0002-4402-3066
https://openalex.org/A5108057066,Sugato Banerjee,https://openalex.org/I243989293,KPC Medical College and Hospital,2012,2019,0000-0002-4402-3066
https://openalex.org/A5108057066,Sugato Banerjee,https://openalex.org/I165139151,University of North Texas Health Science Center,2011,2011,0000-0002-4402-3066
https://openalex.org/A5108057066,Sugato Banerjee,https://openalex.org/I123534392,University of North Texas,2011,2011,0000-0002-4402-3066
https://openalex.org/A5108057066,Sugato Banerjee,https://openalex.org/I4210157590,Neurobehavioral Research (United States),2010,2010,0000-0002-4402-3066
https://openalex.org/A5108057066,Sugato Banerjee,https://openalex.org/I36258959,"University of California, San Diego",2010,2010,0000-0002-4402-3066
https://openalex.org/A5108057066,Sugato Banerjee,https://openalex.org/I186667990,Neurosciences Institute,2010,2010,0000-0002-4402-3066
https://openalex.org/A5108057066,Sugato Banerjee,https://openalex.org/I4210145477,CUNY Energy Institute,2013,2013,0000-0002-4402-3066
https://openalex.org/A5108057066,Sugato Banerjee,https://openalex.org/I24571045,University of North Dakota,2006,2006,0000-0002-4402-3066
https://openalex.org/A5108057066,Sugato Banerjee,https://openalex.org/I69816183,Atomic Energy (Canada),1971,1977,0000-0002-4402-3066
https://openalex.org/A5108057066,Sugato Banerjee,https://openalex.org/I45509622,Indian Agricultural Research Institute,1986,1986,0000-0002-4402-3066
https://openalex.org/A5108057066,Sugato Banerjee,https://openalex.org/I4210142041,Central Plantation Crops Research Institute,1986,1986,0000-0002-4402-3066
https://openalex.org/A5108057066,Sugato Banerjee,https://openalex.org/I1296400463,Indian Institute of Spices Research,1986,1986,0000-0002-4402-3066
https://openalex.org/A5108057066,Sugato Banerjee,https://openalex.org/I4210100047,Institute of Post Graduate Medical Education and Research,2015,2015,0000-0002-4402-3066
https://openalex.org/A5108057066,Sugato Banerjee,https://openalex.org/I8692664,University of Oklahoma,1996,1996,0000-0002-4402-3066
https://openalex.org/A5108057066,Sugato Banerjee,https://openalex.org/I2802073232,Southern Health NHS Foundation Trust,2015,2015,0000-0002-4402-3066
https://openalex.org/A5108057066,Sugato Banerjee,https://openalex.org/I4210100231,Calcutta Research Group,1996,1996,0000-0002-4402-3066
https://openalex.org/A5108057066,Sugato Banerjee,https://openalex.org/I2801141804,Bankura University,2023,2023,0000-0002-4402-3066
https://openalex.org/A5011313672,John Peters,https://openalex.org/I2799886695,Veterans Health Administration,2008,2019,0000-0002-4574-368X
https://openalex.org/A5011313672,John Peters,https://openalex.org/I4210130077,Office of Patient Care Services,2019,2019,0000-0002-4574-368X
https://openalex.org/A5011313672,John Peters,https://openalex.org/I4210102809,Whipps Cross University Hospital,2006,2017,0000-0002-4574-368X
https://openalex.org/A5011313672,John Peters,https://openalex.org/I225661044,Barts Health NHS Trust,2013,2017,0000-0002-4574-368X
https://openalex.org/A5011313672,John Peters,https://openalex.org/I166337079,Queen Mary University of London,2013,2016,0000-0002-4574-368X
https://openalex.org/A5011313672,John Peters,https://openalex.org/I32971472,Yale University,2021,2022,0000-0002-4574-368X
https://openalex.org/A5011313672,John Peters,https://openalex.org/I4210148818,Deutsche Gesellschaft für Anästhesiologie und Intensivmedizin,2007,2007,0000-0002-4574-368X
https://openalex.org/A5011313672,John Peters,https://openalex.org/I1307195382,St Bartholomew's Hospital,2012,2016,0000-0002-4574-368X
https://openalex.org/A5011313672,John Peters,https://openalex.org/I79576946,University of Pennsylvania,2017,2017,0000-0002-4574-368X
https://openalex.org/A5011313672,John Peters,https://openalex.org/I1322918889,United States Department of Veterans Affairs,2008,2008,0000-0002-4574-368X
https://openalex.org/A5011313672,John Peters,https://openalex.org/I137377929,East Sussex County Council,2019,2019,0000-0002-4574-368X
https://openalex.org/A5011313672,John Peters,https://openalex.org/I2800373718,Beatson West of Scotland Cancer Centre,2012,2012,0000-0002-4574-368X
https://openalex.org/A5011313672,John Peters,https://openalex.org/I200166805,Guy's and St Thomas' NHS Foundation Trust,2012,2012,0000-0002-4574-368X
https://openalex.org/A5011313672,John Peters,https://openalex.org/I2802901496,Bristol Royal Infirmary,2005,2005,0000-0002-4574-368X
https://openalex.org/A5011313672,John Peters,https://openalex.org/I157674565,University of Liège,1982,1982,0000-0002-4574-368X
https://openalex.org/A5011313672,John Peters,https://openalex.org/I4210135758,Cyclotron (Netherlands),1982,1982,0000-0002-4574-368X
https://openalex.org/A5011313672,John Peters,https://openalex.org/I1323778983,Yale New Haven Hospital,2020,2024,0000-0002-4574-368X
https://openalex.org/A5011313672,John Peters,https://openalex.org/I867280407,The University of Texas Southwestern Medical Center,2024,2024,0000-0002-4574-368X
https://openalex.org/A5011313672,John Peters,https://openalex.org/I4388891891,Southwestern Medical Center,2024,2024,0000-0002-4574-368X
https://openalex.org/A5011313672,John Peters,https://openalex.org/I8692664,University of Oklahoma,2024,2024,0000-0002-4574-368X
https://openalex.org/A5011313672,John Peters,https://openalex.org/I4210121589,UCLouvain Saint-Louis Brussels,2024,2025,0000-0002-4574-368X
https://openalex.org/A5100614762,Lin Wang,https://openalex.org/I126744593,"University of Maryland, Baltimore",2016,2019,0000-0003-4636-8225
https://openalex.org/A5100614762,Lin Wang,https://openalex.org/I159389169,Ningbo University of Technology,2014,2014,0000-0003-4636-8225
https://openalex.org/A5100614762,Lin Wang,https://openalex.org/I4210147799,Millennium Engineering and Integration (United States),2001,2001,0000-0003-4636-8225
https://openalex.org/A5100614762,Lin Wang,https://openalex.org/I8692664,University of Oklahoma,2013,2025,0000-0003-4636-8225
https://openalex.org/A5100614762,Lin Wang,https://openalex.org/I194450716,Jilin University,2004,2024,0000-0003-4636-8225
https://openalex.org/A5100614762,Lin Wang,https://openalex.org/I4391768157,State Key Laboratory of Crystal Materials,2019,2019,0000-0003-4636-8225
https://openalex.org/A5100614762,Lin Wang,https://openalex.org/I154099455,Shandong University,2015,2019,0000-0003-4636-8225
https://openalex.org/A5100614762,Lin Wang,https://openalex.org/I172675005,Nanyang Technological University,2019,2019,0000-0003-4636-8225
https://openalex.org/A5100614762,Lin Wang,https://openalex.org/I90610280,South China University of Technology,2012,2012,0000-0003-4636-8225
https://openalex.org/A5100614762,Lin Wang,https://openalex.org/I1318643470,Union Hospital,2020,2020,0000-0003-4636-8225
https://openalex.org/A5100614762,Lin Wang,https://openalex.org/I4210163933,Union Hospital,2020,2020,0000-0003-4636-8225
https://openalex.org/A5100614762,Lin Wang,https://openalex.org/I47720641,Huazhong University of Science and Technology,2020,2020,0000-0003-4636-8225
https://openalex.org/A5100614762,Lin Wang,https://openalex.org/I3301702,Stephens College,2020,2021,0000-0003-4636-8225
https://openalex.org/A5100614762,Lin Wang,https://openalex.org/I4210122847,"Czech Academy of Sciences, Institute of Microbiology",2006,2006,0000-0003-4636-8225
https://openalex.org/A5100614762,Lin Wang,https://openalex.org/I59028903,Ocean University of China,2013,2024,0000-0003-4636-8225
https://openalex.org/A5100614762,Lin Wang,https://openalex.org/I152031979,Nanjing Normal University,2016,2018,0000-0003-4636-8225
https://openalex.org/A5100614762,Lin Wang,https://openalex.org/I4210162190,"China University of Petroleum, East China",2025,2025,0000-0003-4636-8225
https://openalex.org/A5100614762,Lin Wang,https://openalex.org/I106994412,Sinopec (China),2025,2025,0000-0003-4636-8225
https://openalex.org/A5100614762,Lin Wang,https://openalex.org/I2800556661,China Tobacco,2019,2019,0000-0003-4636-8225
https://openalex.org/A5100614762,Lin Wang,https://openalex.org/I32971472,Yale University,2007,2007,0000-0003-4636-8225
https://openalex.org/A5100614762,Lin Wang,https://openalex.org/I12912129,Northeastern University,2009,2016,0000-0003-4636-8225
https://openalex.org/A5100614762,Lin Wang,https://openalex.org/I123431417,Scripps Research Institute,2003,2003,0000-0003-4636-8225
https://openalex.org/A5100614762,Lin Wang,https://openalex.org/I4210093019,Ascent Bio-Nano Technologies (United States),2019,2019,0000-0003-4636-8225
https://openalex.org/A5100614762,Lin Wang,https://openalex.org/I89652312,Northwest A&F University,2010,2010,0000-0003-4636-8225
https://openalex.org/A5100614762,Lin Wang,https://openalex.org/I71920554,King Abdullah University of Science and Technology,2020,2020,0000-0003-4636-8225
https://openalex.org/A5100614762,Lin Wang,https://openalex.org/I4210107307,SGIDI Engineering Consulting (China),2016,2016,0000-0003-4636-8225
https://openalex.org/A5100614762,Lin Wang,https://openalex.org/I2802600346,Hudson Institute of Medical Research,2017,2017,0000-0003-4636-8225
https://openalex.org/A5100614762,Lin Wang,https://openalex.org/I204823248,Huazhong Agricultural University,2017,2017,0000-0003-4636-8225
https://openalex.org/A5100614762,Lin Wang,https://openalex.org/I39333907,Yanshan University,2016,2024,0000-0003-4636-8225
https://openalex.org/A5100614762,Lin Wang,https://openalex.org/I4210138186,Wuhan National Laboratory for Optoelectronics,2020,2020,0000-0003-4636-8225
https://openalex.org/A5100614762,Lin Wang,https://openalex.org/I153473198,North China Electric Power University,2022,2022,0000-0003-4636-8225
https://openalex.org/A5100614762,Lin Wang,https://openalex.org/I889458895,University of Hong Kong,2024,2024,0000-0003-4636-8225
https://openalex.org/A5100614762,Lin Wang,https://openalex.org/I126307644,University of Iowa,2006,2006,0000-0003-4636-8225
https://openalex.org/A5100614762,Lin Wang,https://openalex.org/I135237710,Zhejiang Normal University,2014,2014,0000-0003-4636-8225
https://openalex.org/A5100614762,Lin Wang,https://openalex.org/I83519826,Nanjing Medical University,2021,2021,0000-0003-4636-8225
https://openalex.org/A5100614762,Lin Wang,https://openalex.org/I161716053,China Pharmaceutical University,2015,2016,0000-0003-4636-8225
https://openalex.org/A5100614762,Lin Wang,https://openalex.org/I2800988010,Norman Regional Hospital,2015,2021,0000-0003-4636-8225
https://openalex.org/A5100614762,Lin Wang,https://openalex.org/I197869895,Anhui Medical University,2015,2015,0000-0003-4636-8225
https://openalex.org/A5100614762,Lin Wang,https://openalex.org/I4210129412,Anhui Provincial Hospital,2015,2015,0000-0003-4636-8225
https://openalex.org/A5100614762,Lin Wang,https://openalex.org/I4391768279,State Key Laboratory of Superhard Materials,2023,2023,0000-0003-4636-8225
https://openalex.org/A5100614762,Lin Wang,https://openalex.org/I204983213,Harbin Institute of Technology,2010,2024,0000-0003-4636-8225
https://openalex.org/A5100614762,Lin Wang,https://openalex.org/I196817621,Carnegie Institution for Science,2011,2011,0000-0003-4636-8225
https://openalex.org/A5100614762,Lin Wang,https://openalex.org/I4210150103,Geophysical Laboratory,2011,2011,0000-0003-4636-8225
https://openalex.org/A5100614762,Lin Wang,https://openalex.org/I4210090800,Sensors (United States),2015,2015,0000-0003-4636-8225
https://openalex.org/A5100614762,Lin Wang,https://openalex.org/I21945476,Shanghai Normal University,2015,2016,0000-0003-4636-8225
https://openalex.org/A5100614762,Lin Wang,https://openalex.org/I99065089,Tsinghua University,2024,2024,0000-0003-4636-8225
https://openalex.org/A5100614762,Lin Wang,https://openalex.org/I4210114297,Material (Belgium),2016,2016,0000-0003-4636-8225
https://openalex.org/A5100614762,Lin Wang,https://openalex.org/I4750791,Henan Agricultural University,2022,2022,0000-0003-4636-8225
https://openalex.org/A5100614762,Lin Wang,https://openalex.org/I4210119674,East China University of Technology,2025,2025,0000-0003-4636-8225
https://openalex.org/A5100614762,Lin Wang,https://openalex.org/I152033890,Hainan Normal University,2020,2020,0000-0003-4636-8225
https://openalex.org/A5100614762,Lin Wang,https://openalex.org/I183816158,Zhaoqing University,2022,2024,0000-0003-4636-8225
https://openalex.org/A5100614762,Lin Wang,https://openalex.org/I115592961,Jiangsu University,2015,2015,0000-0003-4636-8225
https://openalex.org/A5100614762,Lin Wang,https://openalex.org/I75900474,Hubei University,2017,2017,0000-0003-4636-8225
https://openalex.org/A5100614762,Lin Wang,https://openalex.org/I181343428,University of Zagreb,2018,2018,0000-0003-4636-8225
https://openalex.org/A5100614762,Lin Wang,https://openalex.org/I4210139613,Hefei Material Science and Technology Center,2017,2017,0000-0003-4636-8225
https://openalex.org/A5100614762,Lin Wang,https://openalex.org/I115475287,Oklahoma State University,2007,2007,0000-0003-4636-8225
https://openalex.org/A5100614762,Lin Wang,https://openalex.org/I4210162457,Fujian Institute of Oceanography,2006,2006,0000-0003-4636-8225
https://openalex.org/A5100614762,Lin Wang,https://openalex.org/I20231570,Peking University,2014,2014,0000-0003-4636-8225
https://openalex.org/A5100614762,Lin Wang,https://openalex.org/I1793135,Yanbian University,2014,2014,0000-0003-4636-8225
https://openalex.org/A5100614762,Lin Wang,https://openalex.org/I4387156115,National Marine Environmental Monitoring Center,2010,2010,0000-0003-4636-8225
https://openalex.org/A5100614762,Lin Wang,https://openalex.org/I4210114290,China National Environmental Monitoring Center,2010,2010,0000-0003-4636-8225
https://openalex.org/A5100614762,Lin Wang,https://openalex.org/I2801345734,China Academy of Engineering Physics,2012,2012,0000-0003-4636-8225
https://openalex.org/A5100614762,Lin Wang,https://openalex.org/I180726961,Shenzhen University,2019,2019,0000-0003-4636-8225
https://openalex.org/A5100614762,Lin Wang,https://openalex.org/I4210132950,Stomatology Hospital,2021,2021,0000-0003-4636-8225
https://openalex.org/A5100614762,Lin Wang,https://openalex.org/I4210131919,Xi'an University of Technology,2022,2022,0000-0003-4636-8225
https://openalex.org/A5100614762,Lin Wang,https://openalex.org/I4210165198,Beijing Advanced Sciences and Innovation Center,2024,2024,0000-0003-4636-8225
https://openalex.org/A5100614762,Lin Wang,https://openalex.org/I200296433,Chinese Academy of Medical Sciences & Peking Union Medical College,2024,2024,0000-0003-4636-8225
https://openalex.org/A5100614762,Lin Wang,https://openalex.org/I4210132100,Agro-Environmental Protection Institute,2025,2025,0000-0003-4636-8225
https://openalex.org/A5100614762,Lin Wang,https://openalex.org/I4210151987,Ministry of Agriculture and Rural Affairs,2025,2025,0000-0003-4636-8225
https://openalex.org/A5100614762,Lin Wang,https://openalex.org/I4392738069,"SINOPEC Research Institute of Safety Engineering Co., Ltd.",2025,2025,0000-0003-4636-8225
https://openalex.org/A5064988981,Sarah George,https://openalex.org/I86519309,The University of Texas at Austin,2019,2021,0000-0001-8571-9433
https://openalex.org/A5064988981,Sarah George,https://openalex.org/I138006243,University of Arizona,2021,2025,0000-0001-8571-9433
https://openalex.org/A5064988981,Sarah George,https://openalex.org/I8692664,University of Oklahoma,2022,2025,0000-0001-8571-9433
https://openalex.org/A5064988981,Sarah George,https://openalex.org/I2802196320,Fort Peck Community College,2023,2025,0000-0001-8571-9433
https://openalex.org/A5064988981,Sarah George,https://openalex.org/I1302166312,Michigan Department of Education,2025,2025,0000-0001-8571-9433
https://openalex.org/A5064988981,Sarah George,https://openalex.org/I4210101259,Sunshine Coast University Hospital,2020,2020,0000-0001-8571-9433
https://openalex.org/A5064988981,Sarah George,https://openalex.org/I114027177,University of North Carolina at Chapel Hill,2025,2025,0000-0001-8571-9433
https://openalex.org/A5088660720,Helen Ajufo,https://openalex.org/I204465549,Washington University in St. Louis,2025,2025,
https://openalex.org/A5088660720,Helen Ajufo,https://openalex.org/I1334819555,Memorial Sloan Kettering Cancer Center,2023,2024,
https://openalex.org/A5088660720,Helen Ajufo,https://openalex.org/I8692664,University of Oklahoma,2013,2013,
https://openalex.org/A5088660720,Helen Ajufo,https://openalex.org/I919571938,The University of Texas Health Science Center at Houston,2019,2022,
https://openalex.org/A5088660720,Helen Ajufo,https://openalex.org/I39965400,Kettering University,2023,2023,
https://openalex.org/A5088660720,Helen Ajufo,https://openalex.org/I67581229,Istanbul University,2023,2023,
https://openalex.org/A5088660720,Helen Ajufo,https://openalex.org/I200166805,Guy's and St Thomas' NHS Foundation Trust,2023,2023,
https://openalex.org/A5088660720,Helen Ajufo,https://openalex.org/I4210149416,Malatya Devlet Hastanesi,2023,2023,
https://openalex.org/A5088660720,Helen Ajufo,https://openalex.org/I47251452,Wake Forest University,2023,2023,
https://openalex.org/A5088660720,Helen Ajufo,https://openalex.org/I47838141,Saint Louis University,2025,2025,
https://openalex.org/A5088660720,Helen Ajufo,https://openalex.org/I2802654988,Princess Margaret Cancer Centre,2025,2025,
https://openalex.org/A5083027075,Linda F. Peabody,https://openalex.org/I8692664,University of Oklahoma,2007,2007,
https://openalex.org/A5041386465,Dale R. Fuqua,https://openalex.org/I4210131712,Oklahoma State University Oklahoma City,1988,2012,
https://openalex.org/A5041386465,Dale R. Fuqua,https://openalex.org/I24571045,University of North Dakota,1982,1988,
https://openalex.org/A5041386465,Dale R. Fuqua,https://openalex.org/I4210167286,Grand Forks Air Force Base,1987,1987,
https://openalex.org/A5041386465,Dale R. Fuqua,https://openalex.org/I115475287,Oklahoma State University,1988,2012,
https://openalex.org/A5041386465,Dale R. Fuqua,https://openalex.org/I149744451,Valparaiso University,2008,2008,
https://openalex.org/A5041386465,Dale R. Fuqua,https://openalex.org/I8692664,University of Oklahoma,2006,2006,
https://openalex.org/A5043435724,Shivani Rani,https://openalex.org/I8692664,University of Oklahoma,2017,2021,0000-0002-9321-2453
https://openalex.org/A5043435724,Shivani Rani,https://openalex.org/I4210142152,ORCID,2019,2019,0000-0002-9321-2453
https://openalex.org/A5043435724,Shivani Rani,https://openalex.org/I3019063652,Lawton Public Schools,2021,2022,0000-0002-9321-2453
https://openalex.org/A5043435724,Shivani Rani,https://openalex.org/I27674431,Indian Institute of Technology Gandhinagar,2014,2014,0000-0002-9321-2453
https://openalex.org/A5009254736,Sarah M. Melcher,https://openalex.org/I8692664,University of Oklahoma,2020,2020,
https://openalex.org/A5013689046,Harvey Blatt,https://openalex.org/I8692664,University of Oklahoma,1986,1986,
https://openalex.org/A5067817046,Weston H. Nowlin,https://openalex.org/I83328450,Miami University,2005,2007,0000-0001-8734-1008
https://openalex.org/A5067817046,Weston H. Nowlin,https://openalex.org/I128956969,Texas Christian University,2000,2006,0000-0001-8734-1008
https://openalex.org/A5067817046,Weston H. Nowlin,https://openalex.org/I13511017,Texas State University,2006,2025,0000-0001-8734-1008
https://openalex.org/A5067817046,Weston H. Nowlin,https://openalex.org/I212119943,University of Victoria,2003,2010,0000-0001-8734-1008
https://openalex.org/A5067817046,Weston H. Nowlin,https://openalex.org/I110378019,Southern Illinois University Carbondale,2012,2012,0000-0001-8734-1008
https://openalex.org/A5067817046,Weston H. Nowlin,https://openalex.org/I4210143525,Oklahoma Biological Survey,2012,2012,0000-0001-8734-1008
https://openalex.org/A5067817046,Weston H. Nowlin,https://openalex.org/I106969075,Idaho State University,2012,2012,0000-0001-8734-1008
https://openalex.org/A5067817046,Weston H. Nowlin,https://openalex.org/I135310074,University of Wisconsin–Madison,2012,2012,0000-0001-8734-1008
https://openalex.org/A5067817046,Weston H. Nowlin,https://openalex.org/I18014758,Simon Fraser University,2012,2012,0000-0001-8734-1008
https://openalex.org/A5067817046,Weston H. Nowlin,https://openalex.org/I7947594,University of Maine,2012,2012,0000-0001-8734-1008
https://openalex.org/A5067817046,Weston H. Nowlin,https://openalex.org/I131249849,Oregon State University,2012,2012,0000-0001-8734-1008
https://openalex.org/A5067817046,Weston H. Nowlin,https://openalex.org/I8692664,University of Oklahoma,2012,2012,0000-0001-8734-1008
https://openalex.org/A5067817046,Weston H. Nowlin,https://openalex.org/I99484792,Baxter (United States),2012,2012,0000-0001-8734-1008
https://openalex.org/A5033200496,W. Michael Havener,https://openalex.org/I17626003,University of Rhode Island,2001,2001,
https://openalex.org/A5033200496,W. Michael Havener,https://openalex.org/I8692664,University of Oklahoma,1994,1994,
https://openalex.org/A5100340898,Min Wang,https://openalex.org/I156144747,Harbin Medical University,2016,2016,0000-0002-2201-9269
https://openalex.org/A5100340898,Min Wang,https://openalex.org/I4210132813,Second Affiliated Hospital of Harbin Medical University,2016,2016,0000-0002-2201-9269
https://openalex.org/A5100340898,Min Wang,https://openalex.org/I4210125099,Mayo Clinic in Arizona,2011,2011,0000-0002-2201-9269
https://openalex.org/A5100340898,Min Wang,https://openalex.org/I1316902750,Cleveland Clinic,2011,2011,0000-0002-2201-9269
https://openalex.org/A5100340898,Min Wang,https://openalex.org/I4210093024,Pain and Headache Center,2011,2011,0000-0002-2201-9269
https://openalex.org/A5100340898,Min Wang,https://openalex.org/I4210134296,Edison Pharmaceuticals (United States),2011,2011,0000-0002-2201-9269
https://openalex.org/A5100340898,Min Wang,https://openalex.org/I149251103,Thomas Jefferson University,2011,2011,0000-0002-2201-9269
https://openalex.org/A5100340898,Min Wang,https://openalex.org/I4210089761,West China Hospital of Sichuan University,2022,2022,0000-0002-2201-9269
https://openalex.org/A5100340898,Min Wang,https://openalex.org/I24185976,Sichuan University,2022,2022,0000-0002-2201-9269
https://openalex.org/A5100340898,Min Wang,https://openalex.org/I1299725459,Barnes-Jewish Hospital,1999,1999,0000-0002-2201-9269
https://openalex.org/A5100340898,Min Wang,https://openalex.org/I4210102777,Jewish Hospital,1999,1999,0000-0002-2201-9269
https://openalex.org/A5100340898,Min Wang,https://openalex.org/I4210135078,Washington University Medical Center,1999,1999,0000-0002-2201-9269
https://openalex.org/A5100340898,Min Wang,https://openalex.org/I27837315,University of Michigan–Ann Arbor,2016,2016,0000-0002-2201-9269
https://openalex.org/A5100340898,Min Wang,https://openalex.org/I4210114445,Michigan Medicine,2015,2021,0000-0002-2201-9269
https://openalex.org/A5100340898,Min Wang,https://openalex.org/I9916479,Air Force Medical University,2017,2017,0000-0002-2201-9269
https://openalex.org/A5100340898,Min Wang,https://openalex.org/I4210158926,Xijing Hospital,2017,2017,0000-0002-2201-9269
https://openalex.org/A5100340898,Min Wang,https://openalex.org/I87445476,Xi'an Jiaotong University,2021,2021,0000-0002-2201-9269
https://openalex.org/A5100340898,Min Wang,https://openalex.org/I12411659,Tianjin University of Traditional Chinese Medicine,2019,2021,0000-0002-2201-9269
https://openalex.org/A5100340898,Min Wang,https://openalex.org/I197869895,Anhui Medical University,2018,2018,0000-0002-2201-9269
https://openalex.org/A5100340898,Min Wang,https://openalex.org/I4210122980,Third People's Hospital of Hangzhou,2018,2018,0000-0002-2201-9269
https://openalex.org/A5100340898,Min Wang,https://openalex.org/I4210100830,Shandong Tumor Hospital,2022,2022,0000-0002-2201-9269
https://openalex.org/A5100340898,Min Wang,https://openalex.org/I4210163399,Shandong First Medical University,2022,2022,0000-0002-2201-9269
https://openalex.org/A5100340898,Min Wang,https://openalex.org/I44673925,Inner Mongolia Medical University,2020,2020,0000-0002-2201-9269
https://openalex.org/A5100340898,Min Wang,https://openalex.org/I4210148790,Hangzhou First People's Hospital,2022,2022,0000-0002-2201-9269
https://openalex.org/A5100340898,Min Wang,https://openalex.org/I4210099122,Hubei Provincial Hospital of Traditional Chinese Medicine,2020,2020,0000-0002-2201-9269
https://openalex.org/A5100340898,Min Wang,https://openalex.org/I4210157890,Neurological Surgery,2001,2001,0000-0002-2201-9269
https://openalex.org/A5100340898,Min Wang,https://openalex.org/I8692664,University of Oklahoma,2001,2001,0000-0002-2201-9269
https://openalex.org/A5100340898,Min Wang,https://openalex.org/I157773358,Sun Yat-sen University,2012,2018,0000-0002-2201-9269
https://openalex.org/A5100340898,Min Wang,https://openalex.org/I4210146956,Third Affiliated Hospital of Sun Yat-sen University,2012,2018,0000-0002-2201-9269
https://openalex.org/A5100340898,Min Wang,https://openalex.org/I2799773085,Nanjing General Hospital of Nanjing Military Command,2022,2022,0000-0002-2201-9269
https://openalex.org/A5100340898,Min Wang,https://openalex.org/I881766915,Nanjing University,2022,2022,0000-0002-2201-9269
https://openalex.org/A5100340898,Min Wang,https://openalex.org/I2800957949,United States Congress,2007,2007,0000-0002-2201-9269
https://openalex.org/A5100340898,Min Wang,https://openalex.org/I32971472,Yale University,2007,2007,0000-0002-2201-9269
https://openalex.org/A5100340898,Min Wang,https://openalex.org/I4210104291,General Hospital of Jinan Military Command,1998,1998,0000-0002-2201-9269
https://openalex.org/A5100340898,Min Wang,https://openalex.org/I4210160222,Liaocheng People's Hospital,2010,2010,0000-0002-2201-9269
https://openalex.org/A5100340898,Min Wang,https://openalex.org/I76130692,Zhejiang University,2023,2023,0000-0002-2201-9269
https://openalex.org/A5100340898,Min Wang,https://openalex.org/I2802390878,Sir Run Run Shaw Hospital,2023,2023,0000-0002-2201-9269
https://openalex.org/A5048792870,Roberet A. Nye,https://openalex.org/I8692664,University of Oklahoma,1987,1987,
https://openalex.org/A5070959372,Katherine Ashton,https://openalex.org/I8692664,University of Oklahoma,2025,2025,
https://openalex.org/A5004231993,W. Henry Mosley,https://openalex.org/I39422238,University of Illinois Chicago,2004,2004,
https://openalex.org/A5004231993,W. Henry Mosley,https://openalex.org/I2799418413,Bangladesh Jute Research Institute,1978,1978,
https://openalex.org/A5004231993,W. Henry Mosley,https://openalex.org/I8692664,University of Oklahoma,1960,1960,
https://openalex.org/A5004231993,W. Henry Mosley,https://openalex.org/I30558944,Oklahoma Medical Research Foundation,1960,1961,
https://openalex.org/A5004231993,W. Henry Mosley,https://openalex.org/I1322918889,United States Department of Veterans Affairs,1960,1960,
https://openalex.org/A5004231993,W. Henry Mosley,https://openalex.org/I145311948,Johns Hopkins University,1978,1978,
https://openalex.org/A5032506081,Vince Sandifer,https://openalex.org/I8692664,University of Oklahoma,2019,2019,
https://openalex.org/A5051469460,Lea M. Spyres,https://openalex.org/I8692664,University of Oklahoma,2000,2003,
https://openalex.org/A5109070204,D.M. McCarthy,https://openalex.org/I8692664,University of Oklahoma,1995,1995,
https://openalex.org/A5109070204,D.M. McCarthy,https://openalex.org/I188760350,Ollscoil na Gaillimhe – University of Galway,2011,2016,
https://openalex.org/A5109070204,D.M. McCarthy,https://openalex.org/I1343180700,Intel (United States),1986,1986,
https://openalex.org/A5107148338,Michael J. Kierl,https://openalex.org/I8692664,University of Oklahoma,1990,1990,
https://openalex.org/A5089488645,Robert L. Shambaugh,https://openalex.org/I8692664,University of Oklahoma,1990,2020,0000-0001-6156-9178
https://openalex.org/A5089488645,Robert L. Shambaugh,https://openalex.org/I1316910977,DuPont (United States),1982,1982,0000-0001-6156-9178
https://openalex.org/A5102463635,Andrea L’Afflitto,https://openalex.org/I8692664,University of Oklahoma,2017,2017,
https://openalex.org/A5074347935,Vishnu Nagalapuram,https://openalex.org/I32389192,University of Alabama at Birmingham,2019,2022,0000-0002-7923-1367
https://openalex.org/A5074347935,Vishnu Nagalapuram,https://openalex.org/I4210131712,Oklahoma State University Oklahoma City,2025,2025,0000-0002-7923-1367
https://openalex.org/A5074347935,Vishnu Nagalapuram,https://openalex.org/I8692664,University of Oklahoma,2025,2025,0000-0002-7923-1367
https://openalex.org/A5074347935,Vishnu Nagalapuram,https://openalex.org/I4210154080,St. Joseph's Hospital,2021,2021,0000-0002-7923-1367
https://openalex.org/A5074347935,Vishnu Nagalapuram,https://openalex.org/I902671590,Auburn University at Montgomery,2021,2021,0000-0002-7923-1367
https://openalex.org/A5074347935,Vishnu Nagalapuram,https://openalex.org/I2800482329,CHI Health Creighton University Medical Center - Bergan Mercy,2021,2021,0000-0002-7923-1367
https://openalex.org/A5074347935,Vishnu Nagalapuram,https://openalex.org/I174404548,PSG Institute of Medical Sciences & Research,2017,2021,0000-0002-7923-1367
https://openalex.org/A5074347935,Vishnu Nagalapuram,https://openalex.org/I145611464,Alabama State University,2022,2022,0000-0002-7923-1367
https://openalex.org/A5074347935,Vishnu Nagalapuram,https://openalex.org/I1303662053,Alabama Department of Public Health,2022,2022,0000-0002-7923-1367
https://openalex.org/A5074347935,Vishnu Nagalapuram,https://openalex.org/I4390039380,OU Health Stephenson Cancer Center,2025,2025,0000-0002-7923-1367
https://openalex.org/A5035916095,Víctor Peña,https://openalex.org/I78577930,Columbia University,1992,2023,0000-0002-3801-5203
https://openalex.org/A5035916095,Víctor Peña,https://openalex.org/I8692664,University of Oklahoma,2009,2009,0000-0002-3801-5203
https://openalex.org/A5035916095,Víctor Peña,https://openalex.org/I108103353,Universidad de Valladolid,2004,2004,0000-0002-3801-5203
https://openalex.org/A5035916095,Víctor Peña,https://openalex.org/I170897317,Duke University,2015,2015,0000-0002-3801-5203
https://openalex.org/A5035916095,Víctor Peña,https://openalex.org/I141810926,Baruch College,2017,2021,0000-0002-3801-5203
https://openalex.org/A5035916095,Víctor Peña,https://openalex.org/I174216632,City University of New York,2017,2021,0000-0002-3801-5203
https://openalex.org/A5035916095,Víctor Peña,https://openalex.org/I4210164339,Oldham Council,2024,2024,0000-0002-3801-5203
https://openalex.org/A5035916095,Víctor Peña,https://openalex.org/I103163165,Florida State University,2023,2023,0000-0002-3801-5203
https://openalex.org/A5035916095,Víctor Peña,https://openalex.org/I121595252,Polytechnic University of Puerto Rico,2023,2023,0000-0002-3801-5203
https://openalex.org/A5035916095,Víctor Peña,https://openalex.org/I9617848,Universitat Politècnica de Catalunya,2024,2025,0000-0002-3801-5203
https://openalex.org/A5109996058,August M. Watanabe,https://openalex.org/I4210138602,Sakurabashi Watanabe Hospital,1975,1985,
https://openalex.org/A5109996058,August M. Watanabe,https://openalex.org/I55769427,Indiana University – Purdue University Indianapolis,1974,2000,
https://openalex.org/A5109996058,August M. Watanabe,https://openalex.org/I4210167247,National Institute of Mental Health,1970,1972,
https://openalex.org/A5109996058,August M. Watanabe,https://openalex.org/I2802576979,Indianapolis Zoo,1985,1985,
https://openalex.org/A5109996058,August M. Watanabe,https://openalex.org/I4394709130,Indiana University School of Medicine,1974,2000,
https://openalex.org/A5109996058,August M. Watanabe,https://openalex.org/I4210110049,Richard L. Roudebush VA Medical Center,1981,1985,
https://openalex.org/A5109996058,August M. Watanabe,https://openalex.org/I51713134,University of Colorado Anschutz Medical Campus,1981,1981,
https://openalex.org/A5109996058,August M. Watanabe,https://openalex.org/I49332381,University of Oklahoma Health Sciences Center,1981,1981,
https://openalex.org/A5109996058,August M. Watanabe,https://openalex.org/I4210087413,University of Colorado Health,1981,1981,
https://openalex.org/A5109996058,August M. Watanabe,https://openalex.org/I2803043754,Henry Ford Hospital,1994,1994,
https://openalex.org/A5109996058,August M. Watanabe,https://openalex.org/I168537998,Eli Lilly (United States),1992,2002,
https://openalex.org/A5109996058,August M. Watanabe,https://openalex.org/I4210158500,National Institute of Mental Health,1971,1973,
https://openalex.org/A5109996058,August M. Watanabe,https://openalex.org/I194669558,Akebono (Japan),1994,1994,
https://openalex.org/A5109996058,August M. Watanabe,https://openalex.org/I77063589,Kōchi University,1994,1994,
https://openalex.org/A5109996058,August M. Watanabe,https://openalex.org/I1299303238,National Institutes of Health,1973,1973,
https://openalex.org/A5109996058,August M. Watanabe,https://openalex.org/I592451,Indiana University,1989,1989,
https://openalex.org/A5109996058,August M. Watanabe,https://openalex.org/I1322918889,United States Department of Veterans Affairs,1984,1984,
https://openalex.org/A5109996058,August M. Watanabe,https://openalex.org/I4210094379,University of Texas Health Science Center at Dallas,1978,1978,
https://openalex.org/A5109996058,August M. Watanabe,https://openalex.org/I192396691,University of New Orleans,1981,1981,
https://openalex.org/A5109996058,August M. Watanabe,https://openalex.org/I2801780550,California Pacific Medical Center,1981,1981,
https://openalex.org/A5109996058,August M. Watanabe,https://openalex.org/I2802849423,University Medical Center,1981,1981,
https://openalex.org/A5048674878,Sergio Berumen,https://openalex.org/I5447759,Pemex (Mexico),1996,2020,
https://openalex.org/A5048674878,Sergio Berumen,https://openalex.org/I8692664,University of Oklahoma,1997,1997,
https://openalex.org/A5007707109,Nabih R. Asal,https://openalex.org/I33213144,University of Florida,2003,2015,
https://openalex.org/A5007707109,Nabih R. Asal,https://openalex.org/I6332465,Morehouse School of Medicine,2001,2001,
https://openalex.org/A5007707109,Nabih R. Asal,https://openalex.org/I49332381,University of Oklahoma Health Sciences Center,1987,1996,
https://openalex.org/A5007707109,Nabih R. Asal,https://openalex.org/I4210126000,Dean McGee Eye Institute,1992,1992,
https://openalex.org/A5007707109,Nabih R. Asal,https://openalex.org/I4210126298,Duke Medical Center,1992,1992,
https://openalex.org/A5007707109,Nabih R. Asal,https://openalex.org/I8692664,University of Oklahoma,1989,1993,
https://openalex.org/A5007707109,Nabih R. Asal,https://openalex.org/I102149020,University of North Carolina at Charlotte,2007,2007,
https://openalex.org/A5007707109,Nabih R. Asal,https://openalex.org/I94062374,Florida College,2015,2015,
https://openalex.org/A5103617966,Jon Miller,https://openalex.org/I2800817003,Southern California University for Professional Studies,1969,2009,
https://openalex.org/A5103617966,Jon Miller,https://openalex.org/I1174212,University of Southern California,1969,2009,
https://openalex.org/A5103617966,Jon Miller,https://openalex.org/I204465549,Washington University in St. Louis,2017,2017,
https://openalex.org/A5103617966,Jon Miller,https://openalex.org/I8692664,University of Oklahoma,1982,1982,
https://openalex.org/A5103617966,Jon Miller,https://openalex.org/I51556381,University of Virginia,1974,1974,
https://openalex.org/A5103617966,Jon Miller,https://openalex.org/I204722609,Queen's University,2011,2015,
https://openalex.org/A5064567385,M. Ahsanuzzaman,https://openalex.org/I8692664,University of Oklahoma,2003,2003,
https://openalex.org/A5057117922,Hannah Croad,https://openalex.org/I8692664,University of Oklahoma,2020,2020,
https://openalex.org/A5026664428,Margarita Beneke,https://openalex.org/I8692664,University of Oklahoma,1990,1990,
https://openalex.org/A5026664428,Margarita Beneke,https://openalex.org/I4210112988,Fundación Salvadoreña para el Desarrollo Económico y Social,2016,2016,
https://openalex.org/A5054640895,David S. Foley,https://openalex.org/I142740786,University of Louisville,2006,2025,
https://openalex.org/A5054640895,David S. Foley,https://openalex.org/I4210143137,University of Louisville Hospital,2009,2009,
https://openalex.org/A5054640895,David S. Foley,https://openalex.org/I4210108055,Kosair Children's Hospital,2019,2025,
https://openalex.org/A5054640895,David S. Foley,https://openalex.org/I1314135232,Nationwide Children's Hospital,2022,2022,
https://openalex.org/A5054640895,David S. Foley,https://openalex.org/I126218986,Children's Hospital of Wisconsin,2022,2022,
https://openalex.org/A5054640895,David S. Foley,https://openalex.org/I187855631,Foreign Trade University,2022,2022,
https://openalex.org/A5054640895,David S. Foley,https://openalex.org/I92156820,University of Cincinnati Medical Center,2022,2022,
https://openalex.org/A5054640895,David S. Foley,https://openalex.org/I4210151884,C. S. Mott Children's Hospital,2022,2022,
https://openalex.org/A5054640895,David S. Foley,https://openalex.org/I204465549,Washington University in St. Louis,2022,2022,
https://openalex.org/A5054640895,David S. Foley,https://openalex.org/I204308271,Medical College of Wisconsin,2022,2022,
https://openalex.org/A5054640895,David S. Foley,https://openalex.org/I55769427,Indiana University – Purdue University Indianapolis,2022,2025,
https://openalex.org/A5054640895,David S. Foley,https://openalex.org/I1328594524,Children's Mercy Hospital,2022,2022,
https://openalex.org/A5054640895,David S. Foley,https://openalex.org/I4210157058,Hesco (United States),2022,2022,
https://openalex.org/A5054640895,David S. Foley,https://openalex.org/I1285204247,Cincinnati Children's Hospital Medical Center,2022,2022,
https://openalex.org/A5054640895,David S. Foley,https://openalex.org/I52357470,The Ohio State University,2022,2022,
https://openalex.org/A5054640895,David S. Foley,https://openalex.org/I4210131212,Norton Hospital,2022,2025,
https://openalex.org/A5054640895,David S. Foley,https://openalex.org/I8692664,University of Oklahoma,2004,2004,
https://openalex.org/A5054640895,David S. Foley,https://openalex.org/I4394709130,Indiana University School of Medicine,2023,2025,
https://openalex.org/A5054640895,David S. Foley,https://openalex.org/I27837315,University of Michigan–Ann Arbor,2000,2008,
https://openalex.org/A5054640895,David S. Foley,https://openalex.org/I3019103622,Temple Street Children's University Hospital,2019,2019,
https://openalex.org/A5054640895,David S. Foley,https://openalex.org/I4210114445,Michigan Medicine,2005,2005,
https://openalex.org/A5054640895,David S. Foley,https://openalex.org/I1283055418,Indiana University Health,2025,2025,
https://openalex.org/A5056034999,Lothar H. Ruhnke,https://openalex.org/I4210092927,NOAA National Severe Storms Laboratory,2010,2011,
https://openalex.org/A5056034999,Lothar H. Ruhnke,https://openalex.org/I194601409,Cooperative Institute for Mesoscale Meteorological Studies,2012,2014,
https://openalex.org/A5056034999,Lothar H. Ruhnke,https://openalex.org/I8692664,University of Oklahoma,2008,2014,
https://openalex.org/A5056034999,Lothar H. Ruhnke,https://openalex.org/I172982978,Bluffton University,2002,2003,
https://openalex.org/A5056034999,Lothar H. Ruhnke,https://openalex.org/I4210129218,Airborne Research Associates,1999,1999,
https://openalex.org/A5056034999,Lothar H. Ruhnke,https://openalex.org/I4210144946,Applied Research Associates (United States),1999,1999,
https://openalex.org/A5056034999,Lothar H. Ruhnke,https://openalex.org/I1288214837,United States Naval Research Laboratory,1981,1991,
https://openalex.org/A5030874667,Erin K. Kesselhuth,https://openalex.org/I8692664,University of Oklahoma,2012,2012,
https://openalex.org/A5078619170,Robert J. Ursano,https://openalex.org/I148314036,Uniformed Services University of the Health Sciences,1981,2025,0000-0002-1861-9173
https://openalex.org/A5078619170,Robert J. Ursano,https://openalex.org/I121374431,Unifor,2007,2024,0000-0002-1861-9173
https://openalex.org/A5078619170,Robert J. Ursano,https://openalex.org/I31746571,UNSW Sydney,2010,2011,0000-0002-1861-9173
https://openalex.org/A5078619170,Robert J. Ursano,https://openalex.org/I4210103836,National Center for PTSD,2017,2017,0000-0002-1861-9173
https://openalex.org/A5078619170,Robert J. Ursano,https://openalex.org/I32971472,Yale University,1977,2017,0000-0002-1861-9173
https://openalex.org/A5078619170,Robert J. Ursano,https://openalex.org/I4210096386,Bridge University,2004,2004,0000-0002-1861-9173
https://openalex.org/A5078619170,Robert J. Ursano,https://openalex.org/I36258959,"University of California, San Diego",2018,2020,0000-0002-1861-9173
https://openalex.org/A5078619170,Robert J. Ursano,https://openalex.org/I4210099595,VA San Diego Healthcare System,2018,2020,0000-0002-1861-9173
https://openalex.org/A5078619170,Robert J. Ursano,https://openalex.org/I4210158294,National Center for Post Traumatic Stress Disorder,2006,2024,0000-0002-1861-9173
https://openalex.org/A5078619170,Robert J. Ursano,https://openalex.org/I4210166652,University Physicians,2006,2006,0000-0002-1861-9173
https://openalex.org/A5078619170,Robert J. Ursano,https://openalex.org/I145608581,University of Miami,2013,2013,0000-0002-1861-9173
https://openalex.org/A5078619170,Robert J. Ursano,https://openalex.org/I198423848,National Institute for Occupational Safety and Health,2010,2013,0000-0002-1861-9173
https://openalex.org/A5078619170,Robert J. Ursano,https://openalex.org/I107672454,Dartmouth College,2023,2023,0000-0002-1861-9173
https://openalex.org/A5078619170,Robert J. Ursano,https://openalex.org/I4210108542,Schlumberger (Ireland),2018,2025,0000-0002-1861-9173
https://openalex.org/A5078619170,Robert J. Ursano,https://openalex.org/I4210150803,Israel Defense Forces Medical Corps,1990,1990,0000-0002-1861-9173
https://openalex.org/A5078619170,Robert J. Ursano,https://openalex.org/I136199984,Harvard University,2018,2024,0000-0002-1861-9173
https://openalex.org/A5078619170,Robert J. Ursano,https://openalex.org/I204308271,Medical College of Wisconsin,2018,2018,0000-0002-1861-9173
https://openalex.org/A5078619170,Robert J. Ursano,https://openalex.org/I139787848,Capital University,2004,2004,0000-0002-1861-9173
https://openalex.org/A5078619170,Robert J. Ursano,https://openalex.org/I4210158820,'s Heeren Loo,2019,2019,0000-0002-1861-9173
https://openalex.org/A5078619170,Robert J. Ursano,https://openalex.org/I4210124938,Steinhauser (Czechia),2019,2019,0000-0002-1861-9173
https://openalex.org/A5078619170,Robert J. Ursano,https://openalex.org/I59207635,Adams State University,2019,2019,0000-0002-1861-9173
https://openalex.org/A5078619170,Robert J. Ursano,https://openalex.org/I4210117259,National Health Insurance Fund,2019,2019,0000-0002-1861-9173
https://openalex.org/A5078619170,Robert J. Ursano,https://openalex.org/I4210116247,Jingchu University of Technology,1999,1999,0000-0002-1861-9173
https://openalex.org/A5078619170,Robert J. Ursano,https://openalex.org/I27837315,University of Michigan–Ann Arbor,2006,2006,0000-0002-1861-9173
https://openalex.org/A5078619170,Robert J. Ursano,https://openalex.org/I1301626629,New York Academy of Medicine,2006,2006,0000-0002-1861-9173
https://openalex.org/A5078619170,Robert J. Ursano,https://openalex.org/I113979032,Twitter (United States),2024,2024,0000-0002-1861-9173
https://openalex.org/A5078619170,Robert J. Ursano,https://openalex.org/I4392021132,University of Health Sciences,1992,2002,0000-0002-1861-9173
https://openalex.org/A5078619170,Robert J. Ursano,https://openalex.org/I8692664,University of Oklahoma,2001,2001,0000-0002-1861-9173
https://openalex.org/A5078619170,Robert J. Ursano,https://openalex.org/I35344726,United States Public Health Service,2010,2010,0000-0002-1861-9173
https://openalex.org/A5078619170,Robert J. Ursano,https://openalex.org/I1289490764,Centers for Disease Control and Prevention,2010,2010,0000-0002-1861-9173
https://openalex.org/A5078619170,Robert J. Ursano,https://openalex.org/I4210155461,Connecticut Mental Health Center,1977,1977,0000-0002-1861-9173
https://openalex.org/A5078619170,Robert J. Ursano,https://openalex.org/I40253897,University of New Haven,1977,1977,0000-0002-1861-9173
https://openalex.org/A5078619170,Robert J. Ursano,https://openalex.org/I1330254920,Hudson Institute,2018,2018,0000-0002-1861-9173
https://openalex.org/A5078619170,Robert J. Ursano,https://openalex.org/I4210135132,Cambridge University Press,1995,1995,0000-0002-1861-9173
https://openalex.org/A5078619170,Robert J. Ursano,https://openalex.org/I4210105654,World Health Organization,2007,2007,0000-0002-1861-9173
https://openalex.org/A5078619170,Robert J. Ursano,https://openalex.org/I173654999,American Medical Association,2007,2007,0000-0002-1861-9173
https://openalex.org/A5078619170,Robert J. Ursano,https://openalex.org/I1300848581,American Nurses Association,2007,2007,0000-0002-1861-9173
https://openalex.org/A5078619170,Robert J. Ursano,https://openalex.org/I1338637739,American Public Health Association,2007,2007,0000-0002-1861-9173
https://openalex.org/A5078619170,Robert J. Ursano,https://openalex.org/I4210103676,IFC Research (United Kingdom),2014,2014,0000-0002-1861-9173
https://openalex.org/A5078619170,Robert J. Ursano,https://openalex.org/I3018075036,Sanofi (France),2014,2014,0000-0002-1861-9173
https://openalex.org/A5078619170,Robert J. Ursano,https://openalex.org/I137982388,Janssen (Belgium),2014,2014,0000-0002-1861-9173
https://openalex.org/A5078619170,Robert J. Ursano,https://openalex.org/I174216632,City University of New York,2019,2019,0000-0002-1861-9173
https://openalex.org/A5078619170,Robert J. Ursano,https://openalex.org/I4210112962,York University,2019,2019,0000-0002-1861-9173
https://openalex.org/A5078619170,Robert J. Ursano,https://openalex.org/I114027177,University of North Carolina at Chapel Hill,2025,2025,0000-0002-1861-9173
https://openalex.org/A5031879473,Mark Keil,https://openalex.org/I39815113,Georgia Southern University,2021,2021,0000-0002-1643-8256
https://openalex.org/A5031879473,Mark Keil,https://openalex.org/I124227911,Ben-Gurion University of the Negev,2009,2021,0000-0002-1643-8256
https://openalex.org/A5031879473,Mark Keil,https://openalex.org/I154425047,University of Alberta,1985,1993,0000-0002-1643-8256
https://openalex.org/A5031879473,Mark Keil,https://openalex.org/I39660569,Colgate University,1974,1974,0000-0002-1643-8256
https://openalex.org/A5031879473,Mark Keil,https://openalex.org/I122411786,California Institute of Technology,1978,1979,0000-0002-1643-8256
https://openalex.org/A5031879473,Mark Keil,https://openalex.org/I8692664,University of Oklahoma,1994,2000,0000-0002-1643-8256
https://openalex.org/A5031879473,Mark Keil,https://openalex.org/I174306211,Technion – Israel Institute of Technology,2003,2003,0000-0002-1643-8256
https://openalex.org/A5031879473,Mark Keil,https://openalex.org/I185261750,University of Toronto,1980,1982,0000-0002-1643-8256
https://openalex.org/A5031879473,Mark Keil,https://openalex.org/I54009628,University of Bayreuth,1994,1994,0000-0002-1643-8256
https://openalex.org/A5031879473,Mark Keil,https://openalex.org/I53964585,Weizmann Institute of Science,2003,2003,0000-0002-1643-8256
https://openalex.org/A5031879473,Mark Keil,https://openalex.org/I153267046,University of Kaiserslautern,2001,2001,0000-0002-1643-8256
https://openalex.org/A5029152015,Valentin V. Rybenkov,https://openalex.org/I95457486,"University of California, Berkeley",1997,2001,0000-0002-5300-4369
https://openalex.org/A5029152015,Valentin V. Rybenkov,https://openalex.org/I8692664,University of Oklahoma,2005,2025,0000-0002-5300-4369
https://openalex.org/A5029152015,Valentin V. Rybenkov,https://openalex.org/I57206974,New York University,2001,2001,0000-0002-5300-4369
https://openalex.org/A5029152015,Valentin V. Rybenkov,https://openalex.org/I75929689,UConn Health,2009,2009,0000-0002-5300-4369
https://openalex.org/A5029152015,Valentin V. Rybenkov,https://openalex.org/I1341161822,New York Academy of Sciences,2023,2023,0000-0002-5300-4369
https://openalex.org/A5029152015,Valentin V. Rybenkov,https://openalex.org/I95850191,Moss Landing Marine Laboratories,2023,2023,0000-0002-5300-4369
https://openalex.org/A5029152015,Valentin V. Rybenkov,https://openalex.org/I1330254920,Hudson Institute,2023,2023,0000-0002-5300-4369
https://openalex.org/A5029152015,Valentin V. Rybenkov,https://openalex.org/I4210085863,John Wiley & Sons (Germany),2023,2023,0000-0002-5300-4369
https://openalex.org/A5109426359,Jacob Chapman,https://openalex.org/I4210087915,Massachusetts General Hospital,2006,2010,
https://openalex.org/A5109426359,Jacob Chapman,https://openalex.org/I1283280774,Brigham and Women's Hospital,2006,2009,
https://openalex.org/A5109426359,Jacob Chapman,https://openalex.org/I111088046,Boston University,2009,2009,
https://openalex.org/A5109426359,Jacob Chapman,https://openalex.org/I28407311,University of Manchester,1972,1972,
https://openalex.org/A5109426359,Jacob Chapman,https://openalex.org/I2801851002,Harvard University Press,2009,2009,
https://openalex.org/A5109426359,Jacob Chapman,https://openalex.org/I8692664,University of Oklahoma,2009,2009,
https://openalex.org/A5109426359,Jacob Chapman,https://openalex.org/I4210137306,Stanford Medicine,2013,2013,
https://openalex.org/A5109426359,Jacob Chapman,https://openalex.org/I97018004,Stanford University,2013,2013,
https://openalex.org/A5070359960,Richard C. De Vuyst,https://openalex.org/I114027177,University of North Carolina at Chapel Hill,2022,2023,0000-0002-1561-8546
https://openalex.org/A5070359960,Richard C. De Vuyst,https://openalex.org/I27253931,Oklahoma City University,2024,2024,0000-0002-1561-8546
https://openalex.org/A5070359960,Richard C. De Vuyst,https://openalex.org/I8692664,University of Oklahoma,2024,2024,0000-0002-1561-8546
https://openalex.org/A5097190922,Shaft,https://openalex.org/I160993911,Queensland University of Technology,2006,2006,
https://openalex.org/A5097190922,Shaft,https://openalex.org/I165143802,University of Queensland,2006,2006,
https://openalex.org/A5110232200,A. Stephens,https://openalex.org/I8692664,University of Oklahoma,2012,2012,
https://openalex.org/A5088092534,Jill Camp,https://openalex.org/I8692664,University of Oklahoma,1983,1983,
https://openalex.org/A5109137537,Brianna C. Bright,https://openalex.org/I4210162629,Children's Hospital,2008,2008,
https://openalex.org/A5109137537,Brianna C. Bright,https://openalex.org/I49332381,University of Oklahoma Health Sciences Center,2007,2011,
https://openalex.org/A5109137537,Brianna C. Bright,https://openalex.org/I4210129509,Perinatal Institute,2008,2008,
https://openalex.org/A5109137537,Brianna C. Bright,https://openalex.org/I8692664,University of Oklahoma,2008,2010,
https://openalex.org/A5109137537,Brianna C. Bright,https://openalex.org/I114395901,University of Nebraska–Lincoln,2013,2014,
https://openalex.org/A5109137537,Brianna C. Bright,https://openalex.org/I4210116139,Children's Hospital of Oklahoma,2010,2010,
https://openalex.org/A5109137537,Brianna C. Bright,https://openalex.org/I4210126000,Dean McGee Eye Institute,2010,2010,
https://openalex.org/A5109137537,Brianna C. Bright,https://openalex.org/I27253931,Oklahoma City University,2008,2009,
https://openalex.org/A5109137537,Brianna C. Bright,https://openalex.org/I122266389,University of Nebraska at Omaha,2012,2012,
https://openalex.org/A5070234264,Sara L. Fields,https://openalex.org/I8692664,University of Oklahoma,1999,1999,
https://openalex.org/A5053327738,Jeremy Barnes,https://openalex.org/I100066346,University of Stuttgart,2017,2018,0000-0002-8043-8058
https://openalex.org/A5053327738,Jeremy Barnes,https://openalex.org/I161165907,Southeast Missouri State University,2001,2024,0000-0002-8043-8058
https://openalex.org/A5053327738,Jeremy Barnes,https://openalex.org/I184942183,University of Oslo,2016,2021,0000-0002-8043-8058
https://openalex.org/A5053327738,Jeremy Barnes,https://openalex.org/I169108374,University of the Basque Country,2022,2025,0000-0002-8043-8058
https://openalex.org/A5053327738,Jeremy Barnes,https://openalex.org/I4210125781,Aecom (United Kingdom),2018,2018,0000-0002-8043-8058
https://openalex.org/A5053327738,Jeremy Barnes,https://openalex.org/I28290843,University of Surrey,2018,2018,0000-0002-8043-8058
https://openalex.org/A5053327738,Jeremy Barnes,https://openalex.org/I144648426,Norwegian Computing Center,2020,2020,0000-0002-8043-8058
https://openalex.org/A5053327738,Jeremy Barnes,https://openalex.org/I170486558,Pompeu Fabra University,2021,2022,0000-0002-8043-8058
https://openalex.org/A5053327738,Jeremy Barnes,https://openalex.org/I71999127,Universitat de Barcelona,2021,2021,0000-0002-8043-8058
https://openalex.org/A5053327738,Jeremy Barnes,https://openalex.org/I76835614,University of Missouri,2012,2012,0000-0002-8043-8058
https://openalex.org/A5053327738,Jeremy Barnes,https://openalex.org/I130438778,Memorial University of Newfoundland,2021,2021,0000-0002-8043-8058
https://openalex.org/A5053327738,Jeremy Barnes,https://openalex.org/I4179309,Park University,2016,2016,0000-0002-8043-8058
https://openalex.org/A5053327738,Jeremy Barnes,https://openalex.org/I146416000,University of Kansas,2016,2016,0000-0002-8043-8058
https://openalex.org/A5053327738,Jeremy Barnes,https://openalex.org/I20121455,Bielefeld University,2017,2017,0000-0002-8043-8058
https://openalex.org/A5053327738,Jeremy Barnes,https://openalex.org/I76198965,Friedrich Schiller University Jena,2017,2017,0000-0002-8043-8058
https://openalex.org/A5053327738,Jeremy Barnes,https://openalex.org/I50357001,Universidad Carlos III de Madrid,2005,2005,0000-0002-8043-8058
https://openalex.org/A5053327738,Jeremy Barnes,https://openalex.org/I98813999,American College of Surgeons,2015,2015,0000-0002-8043-8058
https://openalex.org/A5053327738,Jeremy Barnes,https://openalex.org/I84884186,Newcastle University,2018,2018,0000-0002-8043-8058
https://openalex.org/A5033746185,Maria Carolina Gonzalez Chacin,https://openalex.org/I8692664,University of Oklahoma,2006,2006,
https://openalex.org/A5044500550,Donald L. Cooper,https://openalex.org/I8692664,University of Oklahoma,1991,1991,
https://openalex.org/A5044500550,Donald L. Cooper,https://openalex.org/I115475287,Oklahoma State University,1965,1995,
https://openalex.org/A5044500550,Donald L. Cooper,https://openalex.org/I179450942,Anatolia College,1991,1991,
https://openalex.org/A5044500550,Donald L. Cooper,https://openalex.org/I153157583,American School Health Association,1991,1991,
https://openalex.org/A5044500550,Donald L. Cooper,https://openalex.org/I4210145483,State Farm (United States),2011,2011,
https://openalex.org/A5044500550,Donald L. Cooper,https://openalex.org/I4210108245,Police Department,2025,2025,
https://openalex.org/A5001526196,Marli Sussmann,https://openalex.org/I8692664,University of Oklahoma,2018,2018,
https://openalex.org/A5039254996,ANNE L. McGILL,https://openalex.org/I8692664,University of Oklahoma,1994,1994,
https://openalex.org/A5015806770,Dustan M. Wheatley,https://openalex.org/I8692664,University of Oklahoma,2009,2018,
https://openalex.org/A5015806770,Dustan M. Wheatley,https://openalex.org/I194601409,Cooperative Institute for Mesoscale Meteorological Studies,2009,2018,
https://openalex.org/A5015806770,Dustan M. Wheatley,https://openalex.org/I4210092927,NOAA National Severe Storms Laboratory,2009,2018,
https://openalex.org/A5015806770,Dustan M. Wheatley,https://openalex.org/I4210102425,Kentucky Science Center,2018,2018,
https://openalex.org/A5015806770,Dustan M. Wheatley,https://openalex.org/I219193219,Purdue University West Lafayette,2005,2008,
https://openalex.org/A5100763599,Chang Liu,https://openalex.org/I171892758,Forschungszentrum Jülich,2018,2023,0000-0002-4116-9246
https://openalex.org/A5100763599,Chang Liu,https://openalex.org/I887968799,RWTH Aachen University,2021,2023,0000-0002-4116-9246
https://openalex.org/A5100763599,Chang Liu,https://openalex.org/I196699116,Wuhan University of Technology,2019,2024,0000-0002-4116-9246
https://openalex.org/A5100763599,Chang Liu,https://openalex.org/I1297288678,National Renewable Energy Laboratory,2022,2025,0000-0002-4116-9246
https://openalex.org/A5100763599,Chang Liu,https://openalex.org/I145311948,Johns Hopkins University,2024,2024,0000-0002-4116-9246
https://openalex.org/A5100763599,Chang Liu,https://openalex.org/I4385474403,Changchun University of Technology,2018,2018,0000-0002-4116-9246
https://openalex.org/A5100763599,Chang Liu,https://openalex.org/I194450716,Jilin University,2010,2012,0000-0002-4116-9246
https://openalex.org/A5100763599,Chang Liu,https://openalex.org/I79223203,Guangdong Ocean University,2023,2023,0000-0002-4116-9246
https://openalex.org/A5100763599,Chang Liu,https://openalex.org/I8692664,University of Oklahoma,2015,2015,0000-0002-4116-9246
https://openalex.org/A5100763599,Chang Liu,https://openalex.org/I134687103,Nanjing Tech University,2015,2021,0000-0002-4116-9246
https://openalex.org/A5100763599,Chang Liu,https://openalex.org/I13591777,University of Nottingham Ningbo China,2016,2016,0000-0002-4116-9246
https://openalex.org/A5100763599,Chang Liu,https://openalex.org/I3923682,Soochow University,2023,2023,0000-0002-4116-9246
https://openalex.org/A5100763599,Chang Liu,https://openalex.org/I4210092944,Dalian University,2024,2025,0000-0002-4116-9246
https://openalex.org/A5100763599,Chang Liu,https://openalex.org/I27357992,Dalian University of Technology,2024,2025,0000-0002-4116-9246
https://openalex.org/A5100763599,Chang Liu,https://openalex.org/I4210107311,Smart Material (Germany),2024,2025,0000-0002-4116-9246
https://openalex.org/A5100763599,Chang Liu,https://openalex.org/I4210106264,Mallinckrodt (Japan),2012,2012,0000-0002-4116-9246
https://openalex.org/A5100763599,Chang Liu,https://openalex.org/I4210136497,Jilin Medical University,2012,2012,0000-0002-4116-9246
https://openalex.org/A5100763599,Chang Liu,https://openalex.org/I37802460,Northwest University,2025,2025,0000-0002-4116-9246
https://openalex.org/A5100763599,Chang Liu,https://openalex.org/I1327237609,Ministry of Education of the People's Republic of China,2025,2025,0000-0002-4116-9246
https://openalex.org/A5100763599,Chang Liu,https://openalex.org/I1321305853,National Bureau of Economic Research,2018,2018,0000-0002-4116-9246
https://openalex.org/A5100763599,Chang Liu,https://openalex.org/I20089843,Princeton University,2018,2018,0000-0002-4116-9246
https://openalex.org/A5100763599,Chang Liu,https://openalex.org/I166846921,Liaoning Shihua University,2011,2011,0000-0002-4116-9246
https://openalex.org/A5100763599,Chang Liu,https://openalex.org/I3132882781,Longdong University,2009,2009,0000-0002-4116-9246
https://openalex.org/A5100763599,Chang Liu,https://openalex.org/I37461747,Wuhan University,2017,2017,0000-0002-4116-9246
https://openalex.org/A5100763599,Chang Liu,https://openalex.org/I4210164339,Oldham Council,2024,2024,0000-0002-4116-9246
https://openalex.org/A5100763599,Chang Liu,https://openalex.org/I80143920,Shandong University of Science and Technology,2025,2025,0000-0002-4116-9246
https://openalex.org/A5100763599,Chang Liu,https://openalex.org/I154099455,Shandong University,2025,2025,0000-0002-4116-9246
https://openalex.org/A5100763599,Chang Liu,https://openalex.org/I4210165038,University of Chinese Academy of Sciences,2025,2025,0000-0002-4116-9246
https://openalex.org/A5100763599,Chang Liu,https://openalex.org/I4210159903,Institute of Coal Chemistry,2025,2025,0000-0002-4116-9246
https://openalex.org/A5100763599,Chang Liu,https://openalex.org/I4210103627,BaiCheng Normal University,2025,2025,0000-0002-4116-9246
https://openalex.org/A5100763599,Chang Liu,https://openalex.org/I1280525279,Ministry of Transportation of Ontario,2025,2025,0000-0002-4116-9246
https://openalex.org/A5025380435,Hany Magharyous,https://openalex.org/I8692664,University of Oklahoma,2012,2012,
https://openalex.org/A5025380435,Hany Magharyous,https://openalex.org/I2801558778,LabCorp (United States),2023,2025,
https://openalex.org/A5025380435,Hany Magharyous,https://openalex.org/I49332381,University of Oklahoma Health Sciences Center,2011,2011,
https://openalex.org/A5009905683,Mark L. Lang,https://openalex.org/I49332381,University of Oklahoma Health Sciences Center,2007,2024,0000-0002-5137-0576
https://openalex.org/A5009905683,Mark L. Lang,https://openalex.org/I166972335,Kenyon College,2020,2021,0000-0002-5137-0576
https://openalex.org/A5009905683,Mark L. Lang,https://openalex.org/I107672454,Dartmouth College,1999,2007,0000-0002-5137-0576
https://openalex.org/A5009905683,Mark L. Lang,https://openalex.org/I2802526638,Ninewells Hospital,1997,2006,0000-0002-5137-0576
https://openalex.org/A5009905683,Mark L. Lang,https://openalex.org/I177639307,University of Dundee,1997,2006,0000-0002-5137-0576
https://openalex.org/A5009905683,Mark L. Lang,https://openalex.org/I4210166639,Dartmouth Hospital,2000,2005,0000-0002-5137-0576
https://openalex.org/A5009905683,Mark L. Lang,https://openalex.org/I1289422878,Dartmouth–Hitchcock Medical Center,2001,2001,0000-0002-5137-0576
https://openalex.org/A5009905683,Mark L. Lang,https://openalex.org/I4210120259,Dartmouth Psychiatric Research Center,2006,2006,0000-0002-5137-0576
https://openalex.org/A5009905683,Mark L. Lang,https://openalex.org/I1307098950,Salk Institute for Biological Studies,2009,2009,0000-0002-5137-0576
https://openalex.org/A5009905683,Mark L. Lang,https://openalex.org/I27253931,Oklahoma City University,2011,2013,0000-0002-5137-0576
https://openalex.org/A5009905683,Mark L. Lang,https://openalex.org/I8692664,University of Oklahoma,2017,2025,0000-0002-5137-0576
https://openalex.org/A5112234380,Robert W. Hill,https://openalex.org/I129604602,The University of Sydney,2013,2013,
https://openalex.org/A5112234380,Robert W. Hill,https://openalex.org/I430192,Appalachian State University,1997,2012,
https://openalex.org/A5112234380,Robert W. Hill,https://openalex.org/I2800007677,Clarendon College,1952,1984,
https://openalex.org/A5112234380,Robert W. Hill,https://openalex.org/I121980950,Utah State University,1977,2016,
https://openalex.org/A5112234380,Robert W. Hill,https://openalex.org/I40120149,University of Oxford,1960,1992,
https://openalex.org/A5112234380,Robert W. Hill,https://openalex.org/I4210144387,Lawn Tennis Association,2018,2018,
https://openalex.org/A5112234380,Robert W. Hill,https://openalex.org/I4210095787,NOAA National Weather Service,2018,2018,
https://openalex.org/A5112234380,Robert W. Hill,https://openalex.org/I115475287,Oklahoma State University,2018,2018,
https://openalex.org/A5112234380,Robert W. Hill,https://openalex.org/I8692664,University of Oklahoma,2018,2018,
https://openalex.org/A5112234380,Robert W. Hill,https://openalex.org/I1298748095,American Meteorological Society,2018,2018,
https://openalex.org/A5112234380,Robert W. Hill,https://openalex.org/I2891174042,Stillwater (Canada),2018,2018,
https://openalex.org/A5112234380,Robert W. Hill,https://openalex.org/I86519309,The University of Texas at Austin,2002,2002,
https://openalex.org/A5112234380,Robert W. Hill,https://openalex.org/I114972647,University of Jordan,1986,1986,
https://openalex.org/A5112234380,Robert W. Hill,https://openalex.org/I1341412227,IBM (United States),1989,1989,
https://openalex.org/A5112234380,Robert W. Hill,https://openalex.org/I129604602,University of Sydney,2016,2016,
https://openalex.org/A5112234380,Robert W. Hill,https://openalex.org/I185261750,University of Toronto,2004,2004,
https://openalex.org/A5112234380,Robert W. Hill,https://openalex.org/I203088144,Nova Southeastern University,2010,2016,
https://openalex.org/A5112234380,Robert W. Hill,https://openalex.org/I58956616,Case Western Reserve University,1964,1964,
https://openalex.org/A5112234380,Robert W. Hill,https://openalex.org/I185658715,Universities UK,1971,1971,
https://openalex.org/A5112234380,Robert W. Hill,https://openalex.org/I184840846,Virginia Commonwealth University,1981,1981,
https://openalex.org/A5112234380,Robert W. Hill,https://openalex.org/I9364636,Salisbury University,1969,1969,
https://openalex.org/A5112234380,Robert W. Hill,https://openalex.org/I149521062,University of Maryland Center for Environmental Science,2020,2020,
https://openalex.org/A5112234380,Robert W. Hill,https://openalex.org/I1336096307,United States Department of Agriculture,2021,2021,
https://openalex.org/A5112234380,Robert W. Hill,https://openalex.org/I66946132,"University of Maryland, College Park",2025,2025,
https://openalex.org/A5112234380,Robert W. Hill,https://openalex.org/I2802673095,Shasta College,2025,2025,
https://openalex.org/A5077741057,Antonio Romero‐Serrano,https://openalex.org/I189268942,Universidad de Alcalá,1995,2004,0000-0001-9324-5602
https://openalex.org/A5077741057,Antonio Romero‐Serrano,https://openalex.org/I59361560,Instituto Politécnico Nacional,1995,2025,0000-0001-9324-5602
https://openalex.org/A5077741057,Antonio Romero‐Serrano,https://openalex.org/I4210093304,Universidad de Cuautitlán Izcalli,2012,2012,0000-0001-9324-5602
https://openalex.org/A5077741057,Antonio Romero‐Serrano,https://openalex.org/I4210102112,Universidad Politécnica de Zacatecas,2005,2023,0000-0001-9324-5602
https://openalex.org/A5077741057,Antonio Romero‐Serrano,https://openalex.org/I4210156031,Polytechnic University of Queretaro,2012,2012,0000-0001-9324-5602
https://openalex.org/A5077741057,Antonio Romero‐Serrano,https://openalex.org/I4210149455,Institute of Metallurgy,2005,2005,0000-0001-9324-5602
https://openalex.org/A5077741057,Antonio Romero‐Serrano,https://openalex.org/I2802464121,IQE (United Kingdom),2001,2013,0000-0001-9324-5602
https://openalex.org/A5077741057,Antonio Romero‐Serrano,https://openalex.org/I70764802,National Polytechnic School,2006,2024,0000-0001-9324-5602
https://openalex.org/A5077741057,Antonio Romero‐Serrano,https://openalex.org/I4210151826,Thermofluidics (United Kingdom),2000,2000,0000-0001-9324-5602
https://openalex.org/A5077741057,Antonio Romero‐Serrano,https://openalex.org/I192454743,Sandia National Laboratories California,1996,1997,0000-0001-9324-5602
https://openalex.org/A5077741057,Antonio Romero‐Serrano,https://openalex.org/I4210104735,Sandia National Laboratories,1997,1997,0000-0001-9324-5602
https://openalex.org/A5077741057,Antonio Romero‐Serrano,https://openalex.org/I919372465,Saft (France),2000,2000,0000-0001-9324-5602
https://openalex.org/A5077741057,Antonio Romero‐Serrano,https://openalex.org/I60053951,Universitat Politècnica de València,2024,2024,0000-0001-9324-5602
https://openalex.org/A5077741057,Antonio Romero‐Serrano,https://openalex.org/I4210087694,Centro Científico Tecnológico - Santa Fe,2025,2025,0000-0001-9324-5602
https://openalex.org/A5077741057,Antonio Romero‐Serrano,https://openalex.org/I8692664,University of Oklahoma,2025,2025,0000-0001-9324-5602
https://openalex.org/A5100707245,Anil Kumar Singh,https://openalex.org/I162030827,Thapar Institute of Engineering & Technology,2024,2025,0000-0001-7736-197X
https://openalex.org/A5100707245,Anil Kumar Singh,https://openalex.org/I90267481,Umeå University,2023,2024,0000-0001-7736-197X
https://openalex.org/A5100707245,Anil Kumar Singh,https://openalex.org/I49332381,University of Oklahoma Health Sciences Center,2007,2019,0000-0001-7736-197X
https://openalex.org/A5100707245,Anil Kumar Singh,https://openalex.org/I110166357,University of Delhi,2013,2016,0000-0001-7736-197X
https://openalex.org/A5100707245,Anil Kumar Singh,https://openalex.org/I8692664,University of Oklahoma,2021,2021,0000-0001-7736-197X
https://openalex.org/A5100707245,Anil Kumar Singh,https://openalex.org/I290859477,Jawaharlal Nehru Krishi Vishwa Vidyalaya,2014,2014,0000-0001-7736-197X
https://openalex.org/A5100707245,Anil Kumar Singh,https://openalex.org/I343503978,Central University of South Bihar,2020,2024,0000-0001-7736-197X
https://openalex.org/A5100707245,Anil Kumar Singh,https://openalex.org/I4389425506,Mahatma Gandhi Central University,2020,2024,0000-0001-7736-197X
https://openalex.org/A5100707245,Anil Kumar Singh,https://openalex.org/I96307353,Tilka Manjhi Bhagalpur University,2023,2023,0000-0001-7736-197X
https://openalex.org/A5100707245,Anil Kumar Singh,https://openalex.org/I126601174,Tezpur University,2024,2024,0000-0001-7736-197X
https://openalex.org/A5100707245,Anil Kumar Singh,https://openalex.org/I177436651,Mahatma Gandhi University,2022,2022,0000-0001-7736-197X
https://openalex.org/A5100707245,Anil Kumar Singh,https://openalex.org/I252758333,Govind Ballabh Pant University of Agriculture and Technology,2013,2013,0000-0001-7736-197X
https://openalex.org/A5100707245,Anil Kumar Singh,https://openalex.org/I4210122912,BLK Super Speciality Hospital,2017,2017,0000-0001-7736-197X
https://openalex.org/A5100707245,Anil Kumar Singh,https://openalex.org/I253188195,Deenbandhu Chhotu Ram University of Science and Technology,2011,2011,0000-0001-7736-197X
https://openalex.org/A5100707245,Anil Kumar Singh,https://openalex.org/I179420787,Indian Council of Agricultural Research,2014,2014,0000-0001-7736-197X
https://openalex.org/A5100707245,Anil Kumar Singh,https://openalex.org/I2800857658,North East Institute of Science and Technology,2018,2018,0000-0001-7736-197X
https://openalex.org/A5100707245,Anil Kumar Singh,https://openalex.org/I11793825,National Institute of Technology Patna,2023,2023,0000-0001-7736-197X
https://openalex.org/A5100707245,Anil Kumar Singh,https://openalex.org/I2800609603,Indian Institute of Pulses Research,2025,2025,0000-0001-7736-197X
https://openalex.org/A5100707245,Anil Kumar Singh,https://openalex.org/I56404289,Indian Institute of Technology BHU,2020,2020,0000-0001-7736-197X
https://openalex.org/A5100707245,Anil Kumar Singh,https://openalex.org/I91357014,Banaras Hindu University,2020,2025,0000-0001-7736-197X
https://openalex.org/A5100707245,Anil Kumar Singh,https://openalex.org/I9747756,Atal Bihari Vajpayee Indian Institute of Information Technology and Management,2020,2020,0000-0001-7736-197X
https://openalex.org/A5100707245,Anil Kumar Singh,https://openalex.org/I4210105086,"Krishi Vigyan Kendra, Ghatkhed Amravati",2020,2020,0000-0001-7736-197X
https://openalex.org/A5100707245,Anil Kumar Singh,https://openalex.org/I25547181,Bharat Heavy Electricals (India),2024,2024,0000-0001-7736-197X
https://openalex.org/A5100707245,Anil Kumar Singh,https://openalex.org/I193809135,Pacific School of Religion,2024,2024,0000-0001-7736-197X
https://openalex.org/A5100707245,Anil Kumar Singh,https://openalex.org/I94234084,Indian Institute of Technology Kanpur,1977,1981,0000-0001-7736-197X
https://openalex.org/A5100707245,Anil Kumar Singh,https://openalex.org/I172780181,University of the Punjab,2020,2020,0000-0001-7736-197X
https://openalex.org/A5100707245,Anil Kumar Singh,https://openalex.org/I155028946,Tribhuvan University,2025,2025,0000-0001-7736-197X
https://openalex.org/A5100707245,Anil Kumar Singh,https://openalex.org/I4210117485,Birmingham and Midland Eye Centre,2009,2009,0000-0001-7736-197X
https://openalex.org/A5100707245,Anil Kumar Singh,https://openalex.org/I2799630439,Sandwell & West Birmingham Hospitals NHS Trust,2009,2009,0000-0001-7736-197X
https://openalex.org/A5100707245,Anil Kumar Singh,https://openalex.org/I126744593,"University of Maryland, Baltimore",2011,2011,0000-0001-7736-197X
https://openalex.org/A5100707245,Anil Kumar Singh,https://openalex.org/I4210099251,Oklahoma City VA Medical Center,2022,2022,0000-0001-7736-197X
https://openalex.org/A5100707245,Anil Kumar Singh,https://openalex.org/I4390039380,OU Health Stephenson Cancer Center,2022,2022,0000-0001-7736-197X
https://openalex.org/A5100707245,Anil Kumar Singh,https://openalex.org/I129862065,Government Medical College,2022,2022,0000-0001-7736-197X
https://openalex.org/A5100707245,Anil Kumar Singh,https://openalex.org/I204465549,Washington University in St. Louis,2005,2005,0000-0001-7736-197X
https://openalex.org/A5100707245,Anil Kumar Singh,https://openalex.org/I155125381,Galgotias University,2025,2025,0000-0001-7736-197X
https://openalex.org/A5100707245,Anil Kumar Singh,https://openalex.org/I91699865,Indian Institute of Management Lucknow,2025,2025,0000-0001-7736-197X
https://openalex.org/A5069450156,Gary B. O'Mealey,https://openalex.org/I49332381,University of Oklahoma Health Sciences Center,2017,2017,
https://openalex.org/A5069450156,Gary B. O'Mealey,https://openalex.org/I30558944,Oklahoma Medical Research Foundation,2012,2017,
https://openalex.org/A5069450156,Gary B. O'Mealey,https://openalex.org/I8692664,University of Oklahoma,2012,2012,
https://openalex.org/A5020315196,Jian Chu,https://openalex.org/I8692664,University of Oklahoma,2024,2024,0000-0001-7669-5441
https://openalex.org/A5020315196,Jian Chu,https://openalex.org/I1285301757,Rush University Medical Center,2022,2023,0000-0001-7669-5441
https://openalex.org/A5020315196,Jian Chu,https://openalex.org/I145311948,Johns Hopkins University,2022,2022,0000-0001-7669-5441
https://openalex.org/A5020315196,Jian Chu,https://openalex.org/I6059380,University of Baltimore,2022,2022,0000-0001-7669-5441
https://openalex.org/A5020315196,Jian Chu,https://openalex.org/I126307644,University of Iowa,2022,2022,0000-0001-7669-5441
https://openalex.org/A5020315196,Jian Chu,https://openalex.org/I49886154,Rush University,2020,2022,0000-0001-7669-5441
https://openalex.org/A5020315196,Jian Chu,https://openalex.org/I2800957949,United States Congress,2023,2023,0000-0001-7669-5441
https://openalex.org/A5020315196,Jian Chu,https://openalex.org/I49332381,University of Oklahoma Health Sciences Center,2024,2024,0000-0001-7669-5441
https://openalex.org/A5078882703,Edward K. Yeargers,https://openalex.org/I87216513,Michigan State University,1964,1966,
https://openalex.org/A5078882703,Edward K. Yeargers,https://openalex.org/I8692664,University of Oklahoma,1966,1966,
https://openalex.org/A5078882703,Edward K. Yeargers,https://openalex.org/I130701444,Georgia Institute of Technology,1975,1996,
https://openalex.org/A5078882703,Edward K. Yeargers,https://openalex.org/I1289243028,Oak Ridge National Laboratory,1966,1966,
https://openalex.org/A5078882703,Edward K. Yeargers,https://openalex.org/I150468666,Emory University,1964,1964,
https://openalex.org/A5086106796,A. K. M. Monayem Hossain Mazumder,https://openalex.org/I8692664,University of Oklahoma,2013,2013,
https://openalex.org/A5086106796,A. K. M. Monayem Hossain Mazumder,https://openalex.org/I183697816,Bangladesh University of Engineering and Technology,2015,2015,
https://openalex.org/A5041773055,Arun K. Ghosh,https://openalex.org/I39422238,University of Illinois Chicago,1995,2014,0000-0003-2472-1841
https://openalex.org/A5041773055,Arun K. Ghosh,https://openalex.org/I219193219,Purdue University West Lafayette,2005,2025,0000-0003-2472-1841
https://openalex.org/A5041773055,Arun K. Ghosh,https://openalex.org/I1925986,Loyola University Chicago,2008,2008,0000-0003-2472-1841
https://openalex.org/A5041773055,Arun K. Ghosh,https://openalex.org/I49332381,University of Oklahoma Health Sciences Center,2000,2002,0000-0003-2472-1841
https://openalex.org/A5041773055,Arun K. Ghosh,https://openalex.org/I30558944,Oklahoma Medical Research Foundation,2000,2007,0000-0003-2472-1841
https://openalex.org/A5041773055,Arun K. Ghosh,https://openalex.org/I181565077,Georgia State University,2006,2009,0000-0003-2472-1841
https://openalex.org/A5041773055,Arun K. Ghosh,https://openalex.org/I132735039,University of Debrecen,2006,2007,0000-0003-2472-1841
https://openalex.org/A5041773055,Arun K. Ghosh,https://openalex.org/I4210147708,Institute of Medicinal Plant Development,2014,2018,0000-0003-2472-1841
https://openalex.org/A5041773055,Arun K. Ghosh,https://openalex.org/I107639228,University of Notre Dame,1991,2001,0000-0003-2472-1841
https://openalex.org/A5041773055,Arun K. Ghosh,https://openalex.org/I8692664,University of Oklahoma,2001,2007,0000-0003-2472-1841
https://openalex.org/A5041773055,Arun K. Ghosh,https://openalex.org/I136199984,Harvard University,1987,1992,0000-0003-2472-1841
https://openalex.org/A5041773055,Arun K. Ghosh,https://openalex.org/I2803024077,University of Oklahoma Medical Center,2002,2002,0000-0003-2472-1841
https://openalex.org/A5041773055,Arun K. Ghosh,https://openalex.org/I96036126,Kumamoto University,2005,2009,0000-0003-2472-1841
https://openalex.org/A5041773055,Arun K. Ghosh,https://openalex.org/I4210140884,National Cancer Institute,2005,2013,0000-0003-2472-1841
https://openalex.org/A5041773055,Arun K. Ghosh,https://openalex.org/I1299303238,National Institutes of Health,2009,2009,0000-0003-2472-1841
https://openalex.org/A5041773055,Arun K. Ghosh,https://openalex.org/I125687163,City College of New York,2006,2012,0000-0003-2472-1841
https://openalex.org/A5041773055,Arun K. Ghosh,https://openalex.org/I180857899,Pfizer (United States),2002,2010,0000-0003-2472-1841
https://openalex.org/A5041773055,Arun K. Ghosh,https://openalex.org/I4210138023,Medicina,2009,2017,0000-0003-2472-1841
https://openalex.org/A5041773055,Arun K. Ghosh,https://openalex.org/I189273616,Rosalind Franklin University of Medicine and Science,2005,2005,0000-0003-2472-1841
https://openalex.org/A5041773055,Arun K. Ghosh,https://openalex.org/I162827531,Indian Institute of Technology Bombay,2000,2006,0000-0003-2472-1841
https://openalex.org/A5041773055,Arun K. Ghosh,https://openalex.org/I174216632,City University of New York,2006,2012,0000-0003-2472-1841
https://openalex.org/A5041773055,Arun K. Ghosh,https://openalex.org/I4210093530,City College,2012,2012,0000-0003-2472-1841
https://openalex.org/A5041773055,Arun K. Ghosh,https://openalex.org/I1285764155,"Merck & Co., Inc., Rahway, NJ, USA (United States)",1991,1992,0000-0003-2472-1841
https://openalex.org/A5041773055,Arun K. Ghosh,https://openalex.org/I192545095,United States Military Academy,1991,1994,0000-0003-2472-1841
https://openalex.org/A5041773055,Arun K. Ghosh,https://openalex.org/I116067653,University of Rome Tor Vergata,2005,2005,0000-0003-2472-1841
https://openalex.org/A5041773055,Arun K. Ghosh,https://openalex.org/I150468666,Emory University,2005,2005,0000-0003-2472-1841
https://openalex.org/A5041773055,Arun K. Ghosh,https://openalex.org/I4210149717,Center for Cancer Research,2008,2014,0000-0003-2472-1841
https://openalex.org/A5041773055,Arun K. Ghosh,https://openalex.org/I170201317,University of Pittsburgh,1982,1984,0000-0003-2472-1841
https://openalex.org/A5041773055,Arun K. Ghosh,https://openalex.org/I83925599,W.E. Upjohn Institute for Employment Research,1994,1994,0000-0003-2472-1841
https://openalex.org/A5041773055,Arun K. Ghosh,https://openalex.org/I4210118208,Institute of Medicinal Molecular Design,2021,2021,0000-0003-2472-1841
https://openalex.org/A5041773055,Arun K. Ghosh,https://openalex.org/I170979836,Jadavpur University,2008,2008,0000-0003-2472-1841
https://openalex.org/A5041773055,Arun K. Ghosh,https://openalex.org/I69740276,Tokyo Metropolitan University,2025,2025,0000-0003-2472-1841
https://openalex.org/A5041773055,Arun K. Ghosh,https://openalex.org/I165998391,Indian Association for the Cultivation of Science,1988,1991,0000-0003-2472-1841
https://openalex.org/A5041773055,Arun K. Ghosh,https://openalex.org/I146655781,University of Liverpool,1984,1984,0000-0003-2472-1841
https://openalex.org/A5041773055,Arun K. Ghosh,https://openalex.org/I2802775644,Royal Liverpool University Hospital,1984,1984,0000-0003-2472-1841
https://openalex.org/A5041773055,Arun K. Ghosh,https://openalex.org/I40347166,University of Chicago,1995,2009,0000-0003-2472-1841
https://openalex.org/A5041773055,Arun K. Ghosh,https://openalex.org/I4210094981,Community Link,1992,1992,0000-0003-2472-1841
https://openalex.org/A5041773055,Arun K. Ghosh,https://openalex.org/I6498739,Indian Statistical Institute,1969,1969,0000-0003-2472-1841
https://openalex.org/A5041773055,Arun K. Ghosh,https://openalex.org/I4210123531,Merck (Japan),1993,1993,0000-0003-2472-1841
https://openalex.org/A5041773055,Arun K. Ghosh,https://openalex.org/I4210111437,Pure Protein (United States),2005,2005,0000-0003-2472-1841
https://openalex.org/A5041773055,Arun K. Ghosh,https://openalex.org/I4210126387,Mossley Hill Hospital,1982,1982,0000-0003-2472-1841
https://openalex.org/A5041773055,Arun K. Ghosh,https://openalex.org/I56090587,North Bengal University,1990,1990,0000-0003-2472-1841
https://openalex.org/A5041773055,Arun K. Ghosh,https://openalex.org/I288749910,"Indian Institute of Science Education and Research, Bhopal",2025,2025,0000-0003-2472-1841
https://openalex.org/A5041773055,Arun K. Ghosh,https://openalex.org/I98365261,"Indian Institute of Engineering Science and Technology, Shibpur",2025,2025,0000-0003-2472-1841
https://openalex.org/A5041773055,Arun K. Ghosh,https://openalex.org/I4210140410,"Indian Institute of Science Education and Research, Tirupati",2025,2025,0000-0003-2472-1841
https://openalex.org/A5041773055,Arun K. Ghosh,https://openalex.org/I163389970,National Institute of Science Education and Research,2025,2025,0000-0003-2472-1841
https://openalex.org/A5041773055,Arun K. Ghosh,https://openalex.org/I74656192,University of Göttingen,2025,2025,0000-0003-2472-1841
https://openalex.org/A5041773055,Arun K. Ghosh,https://openalex.org/I132359460,University of Burdwan,2025,2025,0000-0003-2472-1841
https://openalex.org/A5041773055,Arun K. Ghosh,https://openalex.org/I53276908,Marymount University,1996,1996,0000-0003-2472-1841
https://openalex.org/A5051931853,Aditya Vyas,https://openalex.org/I8692664,University of Oklahoma,2011,2011,
https://openalex.org/A5088351909,Bradley Gregory,https://openalex.org/I4210145671,Advanced Imaging Research (United States),2019,2019,
https://openalex.org/A5088351909,Bradley Gregory,https://openalex.org/I4210166946,Imaging Center,2019,2019,
https://openalex.org/A5088351909,Bradley Gregory,https://openalex.org/I8692664,University of Oklahoma,2019,2020,
https://openalex.org/A5001045832,Sobia Faisal,https://openalex.org/I39727005,Dow University of Health Sciences,2016,2016,
https://openalex.org/A5001045832,Sobia Faisal,https://openalex.org/I2800601802,Civil Hospital Karachi,2016,2016,
https://openalex.org/A5001045832,Sobia Faisal,https://openalex.org/I140172145,University of Connecticut,2018,2022,
https://openalex.org/A5001045832,Sobia Faisal,https://openalex.org/I8692664,University of Oklahoma,2017,2017,
https://openalex.org/A5001045832,Sobia Faisal,https://openalex.org/I27253931,Oklahoma City University,2017,2017,
https://openalex.org/A5001045832,Sobia Faisal,https://openalex.org/I75929689,UConn Health,2020,2022,
https://openalex.org/A5001045832,Sobia Faisal,https://openalex.org/I4401726811,Hartford Financial Services (United States),2024,2024,
https://openalex.org/A5001045832,Sobia Faisal,https://openalex.org/I1302163369,Hartford Hospital,2024,2024,
https://openalex.org/A5001045832,Sobia Faisal,https://openalex.org/I4210120744,Ministry of National Health Services Regulation and Coordination,2025,2025,
https://openalex.org/A5111990070,Micahel D. Devine,https://openalex.org/I8692664,University of Oklahoma,1982,1982,
https://openalex.org/A5038498511,Abigail Bryan,https://openalex.org/I8692664,University of Oklahoma,2018,2018,
https://openalex.org/A5055878946,Rashid A. Cajee,https://openalex.org/I4210099251,Oklahoma City VA Medical Center,1993,1993,
https://openalex.org/A5055878946,Rashid A. Cajee,https://openalex.org/I2803024077,University of Oklahoma Medical Center,1992,1992,
https://openalex.org/A5055878946,Rashid A. Cajee,https://openalex.org/I8692664,University of Oklahoma,1993,1993,
https://openalex.org/A5055878946,Rashid A. Cajee,https://openalex.org/I26999989,University of the Free State,2025,2025,
https://openalex.org/A5030726181,Jesus M. Salas,https://openalex.org/I186143895,Lehigh University,2006,2025,0000-0002-1037-8459
https://openalex.org/A5030726181,Jesus M. Salas,https://openalex.org/I8692664,University of Oklahoma,2007,2025,0000-0002-1037-8459
https://openalex.org/A5030726181,Jesus M. Salas,https://openalex.org/I4210126102,Department of Finance,2025,2025,0000-0002-1037-8459
https://openalex.org/A5058098591,Sarah Rosencrans,https://openalex.org/I8692664,University of Oklahoma,2010,2010,
https://openalex.org/A5074198890,Peyman Hekmatpour,https://openalex.org/I4210147735,Oklahoma State University at Tulsa,2023,2025,0000-0002-9391-8202
https://openalex.org/A5074198890,Peyman Hekmatpour,https://openalex.org/I8692664,University of Oklahoma,2017,2023,0000-0002-9391-8202
https://openalex.org/A5074198890,Peyman Hekmatpour,https://openalex.org/I23946033,University of Tehran,2016,2016,0000-0002-9391-8202
https://openalex.org/A5049912593,Nathan A. Dahl,https://openalex.org/I145608581,University of Miami,2015,2018,
https://openalex.org/A5049912593,Nathan A. Dahl,https://openalex.org/I194601409,Cooperative Institute for Mesoscale Meteorological Studies,2019,2024,
https://openalex.org/A5049912593,Nathan A. Dahl,https://openalex.org/I8692664,University of Oklahoma,2010,2024,
https://openalex.org/A5049912593,Nathan A. Dahl,https://openalex.org/I4387930301,NOAA Storm Prediction Center,2019,2024,
https://openalex.org/A5049912593,Nathan A. Dahl,https://openalex.org/I4210095787,NOAA National Weather Service,2019,2019,
https://openalex.org/A5113619053,D P Jacobson,https://openalex.org/I131249849,Oregon State University,2003,2021,
https://openalex.org/A5113619053,D P Jacobson,https://openalex.org/I1308891854,Oregon Department of Fish and Wildlife,2003,2021,
https://openalex.org/A5113619053,D P Jacobson,https://openalex.org/I47251452,Wake Forest University,1986,1991,
https://openalex.org/A5113619053,D P Jacobson,https://openalex.org/I1282516798,Atrium Health Wake Forest Baptist,1989,1989,
https://openalex.org/A5113619053,D P Jacobson,https://openalex.org/I2802849423,University Medical Center,1986,1986,
https://openalex.org/A5113619053,D P Jacobson,https://openalex.org/I114027177,University of North Carolina at Chapel Hill,1986,1986,
https://openalex.org/A5113619053,D P Jacobson,https://openalex.org/I27253931,Oklahoma City University,2022,2022,
https://openalex.org/A5113619053,D P Jacobson,https://openalex.org/I8692664,University of Oklahoma,2022,2022,
https://openalex.org/A5113619053,D P Jacobson,https://openalex.org/I1330342723,Mayo Clinic,1993,2022,
https://openalex.org/A5113619053,D P Jacobson,https://openalex.org/I2802423016,WinnMed,2022,2022,
https://openalex.org/A5035716030,Richard R. Sharp,https://openalex.org/I27837315,University of Michigan–Ann Arbor,1994,1994,0000-0001-5441-2084
https://openalex.org/A5035716030,Richard R. Sharp,https://openalex.org/I1330342723,Mayo Clinic,2013,2025,0000-0001-5441-2084
https://openalex.org/A5035716030,Richard R. Sharp,https://openalex.org/I4210146710,Mayo Clinic in Florida,2016,2025,0000-0001-5441-2084
https://openalex.org/A5035716030,Richard R. Sharp,https://openalex.org/I241749,University of Cambridge,2001,2005,0000-0001-5441-2084
https://openalex.org/A5035716030,Richard R. Sharp,https://openalex.org/I4210125099,Mayo Clinic in Arizona,2014,2024,0000-0001-5441-2084
https://openalex.org/A5035716030,Richard R. Sharp,https://openalex.org/I1316902750,Cleveland Clinic,2007,2015,0000-0001-5441-2084
https://openalex.org/A5035716030,Richard R. Sharp,https://openalex.org/I4210158342,Intel (United Kingdom),2003,2014,0000-0001-5441-2084
https://openalex.org/A5035716030,Richard R. Sharp,https://openalex.org/I1343180700,Intel (United States),2005,2008,0000-0001-5441-2084
https://openalex.org/A5035716030,Richard R. Sharp,https://openalex.org/I58956616,Case Western Reserve University,2008,2013,0000-0001-5441-2084
https://openalex.org/A5035716030,Richard R. Sharp,https://openalex.org/I135310074,University of Wisconsin–Madison,2018,2018,0000-0001-5441-2084
https://openalex.org/A5035716030,Richard R. Sharp,https://openalex.org/I4210095633,General Department of Preventive Medicine,2015,2015,0000-0001-5441-2084
https://openalex.org/A5035716030,Richard R. Sharp,https://openalex.org/I36373038,Cleveland Clinic Lerner College of Medicine,2010,2013,0000-0001-5441-2084
https://openalex.org/A5035716030,Richard R. Sharp,https://openalex.org/I181547552,Baylor College of Medicine,2003,2007,0000-0001-5441-2084
https://openalex.org/A5035716030,Richard R. Sharp,https://openalex.org/I1299303238,National Institutes of Health,1999,2003,0000-0001-5441-2084
https://openalex.org/A5035716030,Richard R. Sharp,https://openalex.org/I4210095140,National Institute of Environmental Health Sciences,1999,2003,0000-0001-5441-2084
https://openalex.org/A5035716030,Richard R. Sharp,https://openalex.org/I4210162646,Bioethics International,2013,2013,0000-0001-5441-2084
https://openalex.org/A5035716030,Richard R. Sharp,https://openalex.org/I2802423016,WinnMed,2013,2025,0000-0001-5441-2084
https://openalex.org/A5035716030,Richard R. Sharp,https://openalex.org/I4210133068,Issues Research,2003,2003,0000-0001-5441-2084
https://openalex.org/A5035716030,Richard R. Sharp,https://openalex.org/I20089843,Princeton University,2005,2005,0000-0001-5441-2084
https://openalex.org/A5035716030,Richard R. Sharp,https://openalex.org/I4210088018,Cal Humanities,2013,2013,0000-0001-5441-2084
https://openalex.org/A5035716030,Richard R. Sharp,https://openalex.org/I142740786,University of Louisville,2019,2019,0000-0001-5441-2084
https://openalex.org/A5035716030,Richard R. Sharp,https://openalex.org/I4210087413,University of Colorado Health,2002,2002,0000-0001-5441-2084
https://openalex.org/A5035716030,Richard R. Sharp,https://openalex.org/I921990950,University of Colorado Denver,2009,2009,0000-0001-5441-2084
https://openalex.org/A5035716030,Richard R. Sharp,https://openalex.org/I52357470,The Ohio State University,2005,2005,0000-0001-5441-2084
https://openalex.org/A5035716030,Richard R. Sharp,https://openalex.org/I4210119840,Christiani,2001,2001,0000-0001-5441-2084
https://openalex.org/A5035716030,Richard R. Sharp,https://openalex.org/I4210153792,University School,2011,2011,0000-0001-5441-2084
https://openalex.org/A5035716030,Richard R. Sharp,https://openalex.org/I145608581,University of Miami,2013,2013,0000-0001-5441-2084
https://openalex.org/A5035716030,Richard R. Sharp,https://openalex.org/I4210159537,Citrix (United Kingdom),2008,2010,0000-0001-5441-2084
https://openalex.org/A5035716030,Richard R. Sharp,https://openalex.org/I1283103587,AT&T (United States),2000,2001,0000-0001-5441-2084
https://openalex.org/A5035716030,Richard R. Sharp,https://openalex.org/I4210108645,National Biomedical Research Ethics Council,2016,2016,0000-0001-5441-2084
https://openalex.org/A5035716030,Richard R. Sharp,https://openalex.org/I4210096386,Bridge University,2001,2003,0000-0001-5441-2084
https://openalex.org/A5035716030,Richard R. Sharp,https://openalex.org/I1310269161,Citrix (Switzerland),2008,2008,0000-0001-5441-2084
https://openalex.org/A5035716030,Richard R. Sharp,https://openalex.org/I4210137449,Office of the Director,1999,1999,0000-0001-5441-2084
https://openalex.org/A5035716030,Richard R. Sharp,https://openalex.org/I1309191912,Research Triangle Park Foundation,1999,1999,0000-0001-5441-2084
https://openalex.org/A5035716030,Richard R. Sharp,https://openalex.org/I4210138725,Institute of Medical Ethics,2005,2005,0000-0001-5441-2084
https://openalex.org/A5035716030,Richard R. Sharp,https://openalex.org/I97018004,Stanford University,2015,2018,0000-0001-5441-2084
https://openalex.org/A5035716030,Richard R. Sharp,https://openalex.org/I2801651397,Richmond University Medical Center,2023,2023,0000-0001-5441-2084
https://openalex.org/A5035716030,Richard R. Sharp,https://openalex.org/I4210139315,IC Independent Consulting (Australia),2025,2025,0000-0001-5441-2084
https://openalex.org/A5035716030,Richard R. Sharp,https://openalex.org/I4210148130,Cobham (United Kingdom),2018,2018,0000-0001-5441-2084
https://openalex.org/A5035716030,Richard R. Sharp,https://openalex.org/I4210150184,Children's Hospital & Medical Center,2022,2022,0000-0001-5441-2084
https://openalex.org/A5035716030,Richard R. Sharp,https://openalex.org/I80232743,Jisc,2022,2022,0000-0001-5441-2084
https://openalex.org/A5035716030,Richard R. Sharp,https://openalex.org/I1335321130,Children's Hospital of Philadelphia,2022,2022,0000-0001-5441-2084
https://openalex.org/A5035716030,Richard R. Sharp,https://openalex.org/I102664891,W. L. Gore & Associates (Germany),2022,2022,0000-0001-5441-2084
https://openalex.org/A5035716030,Richard R. Sharp,https://openalex.org/I4210161210,Professional Beef Services,2022,2022,0000-0001-5441-2084
https://openalex.org/A5035716030,Richard R. Sharp,https://openalex.org/I4210097293,Advanced Anti-Terror Technologies (United States),2022,2022,0000-0001-5441-2084
https://openalex.org/A5035716030,Richard R. Sharp,https://openalex.org/I4210113309,Bnai Zion Medical Center,2022,2022,0000-0001-5441-2084
https://openalex.org/A5035716030,Richard R. Sharp,https://openalex.org/I1285204247,Cincinnati Children's Hospital Medical Center,2022,2022,0000-0001-5441-2084
https://openalex.org/A5035716030,Richard R. Sharp,https://openalex.org/I4210157058,Hesco (United States),2022,2022,0000-0001-5441-2084
https://openalex.org/A5035716030,Richard R. Sharp,https://openalex.org/I4210087640,London Rebuilding Society,2022,2022,0000-0001-5441-2084
https://openalex.org/A5035716030,Richard R. Sharp,https://openalex.org/I4210121272,Anna Needs Neuroblastoma Answers,2022,2022,0000-0001-5441-2084
https://openalex.org/A5035716030,Richard R. Sharp,https://openalex.org/I4210117998,Maine Farmland Trust,2022,2022,0000-0001-5441-2084
https://openalex.org/A5035716030,Richard R. Sharp,https://openalex.org/I1288882113,Boston Children's Hospital,2022,2022,0000-0001-5441-2084
https://openalex.org/A5035716030,Richard R. Sharp,https://openalex.org/I30558944,Oklahoma Medical Research Foundation,2002,2002,0000-0001-5441-2084
https://openalex.org/A5035716030,Richard R. Sharp,https://openalex.org/I8692664,University of Oklahoma,2002,2019,0000-0001-5441-2084
https://openalex.org/A5035716030,Richard R. Sharp,https://openalex.org/I4210121368,Machine Science,1986,1986,0000-0001-5441-2084
https://openalex.org/A5035716030,Richard R. Sharp,https://openalex.org/I28257850,London South Bank University,2015,2015,0000-0001-5441-2084
https://openalex.org/A5035716030,Richard R. Sharp,https://openalex.org/I56030857,Central Electricity Generating Board,1979,1979,0000-0001-5441-2084
https://openalex.org/A5035716030,Richard R. Sharp,https://openalex.org/I4390039380,OU Health Stephenson Cancer Center,2019,2019,0000-0001-5441-2084
https://openalex.org/A5035716030,Richard R. Sharp,https://openalex.org/I4210151238,Center for Genomic Science,2019,2019,0000-0001-5441-2084
https://openalex.org/A5035716030,Richard R. Sharp,https://openalex.org/I2800573802,Presidential Executive Office,2019,2019,0000-0001-5441-2084
https://openalex.org/A5035716030,Richard R. Sharp,https://openalex.org/I2800355730,Ethics and Public Policy Center,2020,2020,0000-0001-5441-2084
https://openalex.org/A5035716030,Richard R. Sharp,https://openalex.org/I1308309334,Translational Research Institute,2013,2013,0000-0001-5441-2084
https://openalex.org/A5035716030,Richard R. Sharp,https://openalex.org/I4210098931,Quantitative BioSciences,2024,2024,0000-0001-5441-2084
https://openalex.org/A5035716030,Richard R. Sharp,https://openalex.org/I4210165005,BioElectronics (United States),2024,2024,0000-0001-5441-2084
https://openalex.org/A5035716030,Richard R. Sharp,https://openalex.org/I4210091464,Adelphi Group (United Kingdom),2024,2024,0000-0001-5441-2084
https://openalex.org/A5035716030,Richard R. Sharp,https://openalex.org/I39555362,University of Warwick,2024,2024,0000-0001-5441-2084
https://openalex.org/A5035716030,Richard R. Sharp,https://openalex.org/I4210118837,ID Genomics (United States),2025,2025,0000-0001-5441-2084
https://openalex.org/A5035716030,Richard R. Sharp,https://openalex.org/I100236772,St. Lawrence University,2010,2010,0000-0001-5441-2084
https://openalex.org/A5035716030,Richard R. Sharp,https://openalex.org/I4210158593,Cleveland Eye Clinic,2011,2011,0000-0001-5441-2084
https://openalex.org/A5101578526,Zhongxing Zhou,https://openalex.org/I4210125642,"State Key Laboratory of Gas Disaster Detecting, Preventing and Emergency Controlling",2011,2022,0000-0003-1935-2762
https://openalex.org/A5101578526,Zhongxing Zhou,https://openalex.org/I162868743,Tianjin University,2007,2024,0000-0003-1935-2762
https://openalex.org/A5101578526,Zhongxing Zhou,https://openalex.org/I114832834,Tulane University,2020,2022,0000-0003-1935-2762
https://openalex.org/A5101578526,Zhongxing Zhou,https://openalex.org/I1330342723,Mayo Clinic,2022,2025,0000-0003-1935-2762
https://openalex.org/A5101578526,Zhongxing Zhou,https://openalex.org/I99065089,Tsinghua University,2006,2014,0000-0003-1935-2762
https://openalex.org/A5101578526,Zhongxing Zhou,https://openalex.org/I8692664,University of Oklahoma,2014,2015,0000-0003-1935-2762
https://openalex.org/A5101578526,Zhongxing Zhou,https://openalex.org/I56934997,Changsha University of Science and Technology,2021,2021,0000-0003-1935-2762
https://openalex.org/A5101578526,Zhongxing Zhou,https://openalex.org/I4210125099,Mayo Clinic in Arizona,2023,2025,0000-0003-1935-2762
https://openalex.org/A5101578526,Zhongxing Zhou,https://openalex.org/I2802423016,WinnMed,2022,2025,0000-0003-1935-2762
https://openalex.org/A5101578526,Zhongxing Zhou,https://openalex.org/I4210146710,Mayo Clinic in Florida,2025,2025,0000-0003-1935-2762
https://openalex.org/A5101578526,Zhongxing Zhou,https://openalex.org/I4210099329,Tianjin Anding Hospital,2018,2018,0000-0003-1935-2762
https://openalex.org/A5101578526,Zhongxing Zhou,https://openalex.org/I27837315,University of Michigan–Ann Arbor,2010,2010,0000-0003-1935-2762
https://openalex.org/A5101578526,Zhongxing Zhou,https://openalex.org/I4210153568,Urumqi Vocational University,2009,2009,0000-0003-1935-2762
https://openalex.org/A5101578526,Zhongxing Zhou,https://openalex.org/I98227222,China National Petroleum Corporation (China),2018,2018,0000-0003-1935-2762
https://openalex.org/A5010336243,D. L. Lekia,https://openalex.org/I8692664,University of Oklahoma,1990,1990,
https://openalex.org/A5004161692,Janet Mills Ragan,https://openalex.org/I8692664,University of Oklahoma,1982,1982,
https://openalex.org/A5068984684,Forrest R. Rodgers,https://openalex.org/I8692664,University of Oklahoma,2012,2012,
https://openalex.org/A5068984684,Forrest R. Rodgers,https://openalex.org/I14403649,University of Wisconsin–River Falls,2014,2014,
https://openalex.org/A5100670142,Huiyu Wang,https://openalex.org/I145311948,Johns Hopkins University,2019,2023,0000-0002-6622-3579
https://openalex.org/A5100670142,Huiyu Wang,https://openalex.org/I76569877,Southeast University,2021,2022,0000-0002-6622-3579
https://openalex.org/A5100670142,Huiyu Wang,https://openalex.org/I154099455,Shandong University,2022,2024,0000-0002-6622-3579
https://openalex.org/A5100670142,Huiyu Wang,https://openalex.org/I2799736854,Nanjing Institute of Technology,2023,2023,0000-0002-6622-3579
https://openalex.org/A5100670142,Huiyu Wang,https://openalex.org/I4210112286,The Metropolitan Opera (United States),2024,2024,0000-0002-6622-3579
https://openalex.org/A5100670142,Huiyu Wang,https://openalex.org/I890469752,Ministry of Industry and Information Technology,2021,2022,0000-0002-6622-3579
https://openalex.org/A5100670142,Huiyu Wang,https://openalex.org/I36399199,Nanjing University of Science and Technology,2021,2022,0000-0002-6622-3579
https://openalex.org/A5100670142,Huiyu Wang,https://openalex.org/I1327237609,Ministry of Education of the People's Republic of China,2022,2022,0000-0002-6622-3579
https://openalex.org/A5100670142,Huiyu Wang,https://openalex.org/I9224756,Northeastern University,2022,2024,0000-0002-6622-3579
https://openalex.org/A5100670142,Huiyu Wang,https://openalex.org/I179060312,Northeast Electric Power University,2024,2024,0000-0002-6622-3579
https://openalex.org/A5100670142,Huiyu Wang,https://openalex.org/I43313876,Dalian Maritime University,2017,2017,0000-0002-6622-3579
https://openalex.org/A5100670142,Huiyu Wang,https://openalex.org/I8692664,University of Oklahoma,2018,2018,0000-0002-6622-3579
https://openalex.org/A5100670142,Huiyu Wang,https://openalex.org/I80143920,Shandong University of Science and Technology,2020,2023,0000-0002-6622-3579
https://openalex.org/A5100670142,Huiyu Wang,https://openalex.org/I183067930,Shanghai Jiao Tong University,2013,2013,0000-0002-6622-3579
https://openalex.org/A5100670142,Huiyu Wang,https://openalex.org/I204983213,Harbin Institute of Technology,2006,2013,0000-0002-6622-3579
https://openalex.org/A5100670142,Huiyu Wang,https://openalex.org/I143413998,Qingdao University of Science and Technology,2023,2025,0000-0002-6622-3579
https://openalex.org/A5100670142,Huiyu Wang,https://openalex.org/I4210127444,Fraunhofer Institute for Cognitive Systems,2025,2025,0000-0002-6622-3579
https://openalex.org/A5100670142,Huiyu Wang,https://openalex.org/I4210125497,Liaoning Meteorological Bureau,2010,2010,0000-0002-6622-3579
https://openalex.org/A5100670142,Huiyu Wang,https://openalex.org/I4210167249,Network Technologies (United States),2002,2002,0000-0002-6622-3579
https://openalex.org/A5100670142,Huiyu Wang,https://openalex.org/I49232843,Changchun University,2021,2022,0000-0002-6622-3579
https://openalex.org/A5100670142,Huiyu Wang,https://openalex.org/I899859998,Qiqihar Medical University,2023,2023,0000-0002-6622-3579
https://openalex.org/A5100670142,Huiyu Wang,https://openalex.org/I4210094930,Chinese Academy of Inspection and Quarantine,2021,2021,0000-0002-6622-3579
https://openalex.org/A5100670142,Huiyu Wang,https://openalex.org/I4210155952,Qingdao Huanghai University,2025,2025,0000-0002-6622-3579
https://openalex.org/A5100670142,Huiyu Wang,https://openalex.org/I4210161462,Heilongjiang Institute of Technology,2008,2008,0000-0002-6622-3579
https://openalex.org/A5100670142,Huiyu Wang,https://openalex.org/I4210091298,East University Of Heilongjiang,2020,2020,0000-0002-6622-3579
https://openalex.org/A5100670142,Huiyu Wang,https://openalex.org/I25355098,Chang'an University,2025,2025,0000-0002-6622-3579
https://openalex.org/A5078346797,Xuhua He,https://openalex.org/I178232147,Guizhou University,2020,2023,
https://openalex.org/A5078346797,Xuhua He,https://openalex.org/I1344073410,Howard Hughes Medical Institute,1996,1998,
https://openalex.org/A5078346797,Xuhua He,https://openalex.org/I187531555,Lund University,1993,1997,
https://openalex.org/A5078346797,Xuhua He,https://openalex.org/I30558944,Oklahoma Medical Research Foundation,1997,2000,
https://openalex.org/A5078346797,Xuhua He,https://openalex.org/I49332381,University of Oklahoma Health Sciences Center,1998,1998,
https://openalex.org/A5078346797,Xuhua He,https://openalex.org/I47838141,Saint Louis University,2000,2000,
https://openalex.org/A5078346797,Xuhua He,https://openalex.org/I169521973,University of New Mexico,1997,1997,
https://openalex.org/A5078346797,Xuhua He,https://openalex.org/I8692664,University of Oklahoma,1997,1997,
https://openalex.org/A5078346797,Xuhua He,https://openalex.org/I183111857,Malmö University,1997,1997,
https://openalex.org/A5078346797,Xuhua He,https://openalex.org/I1299303238,National Institutes of Health,1992,1992,
https://openalex.org/A5021504206,B. Mirtsching,https://openalex.org/I4210143117,Dermatology Treatment & Research Center,2007,2007,
https://openalex.org/A5021504206,B. Mirtsching,https://openalex.org/I2800474951,Medical City Dallas Hospital,2004,2004,
https://openalex.org/A5021504206,B. Mirtsching,https://openalex.org/I1343551460,The University of Texas MD Anderson Cancer Center,2006,2006,
https://openalex.org/A5021504206,B. Mirtsching,https://openalex.org/I4210149500,Mercy Hospital,2004,2004,
https://openalex.org/A5021504206,B. Mirtsching,https://openalex.org/I4210140702,Rocky Mountain Cancer Centers,2004,2004,
https://openalex.org/A5021504206,B. Mirtsching,https://openalex.org/I4210117453,Dana-Farber Cancer Institute,2004,2004,
https://openalex.org/A5021504206,B. Mirtsching,https://openalex.org/I4210138187,Lakeland Regional Medical Center,2004,2004,
https://openalex.org/A5021504206,B. Mirtsching,https://openalex.org/I2800231306,Universitair Ziekenhuis Leuven,2004,2004,
https://openalex.org/A5021504206,B. Mirtsching,https://openalex.org/I4210117038,USC Norris Comprehensive Cancer Center,2004,2004,
https://openalex.org/A5021504206,B. Mirtsching,https://openalex.org/I4210121012,Regional Cancer Center,2004,2004,
https://openalex.org/A5021504206,B. Mirtsching,https://openalex.org/I1339176976,Mercy Medical Center,2004,2004,
https://openalex.org/A5021504206,B. Mirtsching,https://openalex.org/I49332381,University of Oklahoma Health Sciences Center,2014,2014,
https://openalex.org/A5021504206,B. Mirtsching,https://openalex.org/I867280407,The University of Texas Southwestern Medical Center,1992,1992,
https://openalex.org/A5021504206,B. Mirtsching,https://openalex.org/I4210149405,Oncology Specialists,2006,2006,
https://openalex.org/A5021504206,B. Mirtsching,https://openalex.org/I4210124469,Columbus Regional Healthcare System,2005,2005,
https://openalex.org/A5021504206,B. Mirtsching,https://openalex.org/I4210145631,Hematology Oncology Associates,2007,2007,
https://openalex.org/A5021504206,B. Mirtsching,https://openalex.org/I4210115760,Joliet Oncology-Hematology Associates,2007,2007,
https://openalex.org/A5021504206,B. Mirtsching,https://openalex.org/I1320553840,Amgen (United States),2004,2007,
https://openalex.org/A5021504206,B. Mirtsching,https://openalex.org/I1285301757,Rush University Medical Center,2004,2004,
https://openalex.org/A5021504206,B. Mirtsching,https://openalex.org/I8692664,University of Oklahoma,2006,2006,
https://openalex.org/A5021504206,B. Mirtsching,https://openalex.org/I157394403,Baylor University,1984,1984,
https://openalex.org/A5021504206,B. Mirtsching,https://openalex.org/I4210098651,Hematology & Oncology Consultants,2007,2007,
https://openalex.org/A5021504206,B. Mirtsching,https://openalex.org/I114493937,Creighton University,2007,2007,
https://openalex.org/A5021504206,B. Mirtsching,https://openalex.org/I4210149734,Northwest Medical Specialties,2007,2007,
https://openalex.org/A5021504206,B. Mirtsching,https://openalex.org/I1291836623,Mount Sinai Hospital,2007,2007,
https://openalex.org/A5040928060,Lauren A. Zenewicz,https://openalex.org/I32971472,Yale University,2005,2013,0000-0002-8787-5955
https://openalex.org/A5040928060,Lauren A. Zenewicz,https://openalex.org/I121934306,Tufts University,2000,2000,0000-0002-8787-5955
https://openalex.org/A5040928060,Lauren A. Zenewicz,https://openalex.org/I92446798,Colorado State University,2000,2000,0000-0002-8787-5955
https://openalex.org/A5040928060,Lauren A. Zenewicz,https://openalex.org/I79576946,University of Pennsylvania,2001,2009,0000-0002-8787-5955
https://openalex.org/A5040928060,Lauren A. Zenewicz,https://openalex.org/I1344073410,Howard Hughes Medical Institute,2011,2011,0000-0002-8787-5955
https://openalex.org/A5040928060,Lauren A. Zenewicz,https://openalex.org/I49332381,University of Oklahoma Health Sciences Center,2013,2025,0000-0002-8787-5955
https://openalex.org/A5040928060,Lauren A. Zenewicz,https://openalex.org/I8692664,University of Oklahoma,2016,2018,0000-0002-8787-5955
https://openalex.org/A5113807785,Allison Douglas,https://openalex.org/I8692664,University of Oklahoma,2020,2020,
https://openalex.org/A5033760527,Michael Brantley,https://openalex.org/I8692664,University of Oklahoma,2014,2014,
https://openalex.org/A5033760527,Michael Brantley,https://openalex.org/I2801150310,Hillcrest Hospital,2014,2014,
https://openalex.org/A5033760527,Michael Brantley,https://openalex.org/I87208437,University of Tulsa,2014,2014,
https://openalex.org/A5112501094,Elizabeth Peters,https://openalex.org/I2801262154,Meriter Hospital,2004,2004,
https://openalex.org/A5112501094,Elizabeth Peters,https://openalex.org/I4210160844,Individual Differences,2019,2019,
https://openalex.org/A5112501094,Elizabeth Peters,https://openalex.org/I8692664,University of Oklahoma,2019,2019,
https://openalex.org/A5112501094,Elizabeth Peters,https://openalex.org/I205783295,Cornell University,2015,2015,
https://openalex.org/A5112501094,Elizabeth Peters,https://openalex.org/I46247651,University of Manitoba,1973,1973,
https://openalex.org/A5112501094,Elizabeth Peters,https://openalex.org/I52357470,The Ohio State University,2021,2021,
https://openalex.org/A5028178219,R. C. Sonnenschein,https://openalex.org/I87208437,University of Tulsa,1988,1988,
https://openalex.org/A5028178219,R. C. Sonnenschein,https://openalex.org/I8692664,University of Oklahoma,1988,1988,
https://openalex.org/A5055268819,Elmer H. Davidson,https://openalex.org/I130769515,Pennsylvania State University,1965,1968,
https://openalex.org/A5055268819,Elmer H. Davidson,https://openalex.org/I8692664,University of Oklahoma,1968,1968,
https://openalex.org/A5055268819,Elmer H. Davidson,https://openalex.org/I27253931,Oklahoma City University,1970,1970,
https://openalex.org/A5055268819,Elmer H. Davidson,https://openalex.org/I153901656,University of North Carolina Wilmington,1970,1971,
https://openalex.org/A5073067486,P. L. MacKeen,https://openalex.org/I8692664,University of Oklahoma,1998,1998,
https://openalex.org/A5073067486,P. L. MacKeen,https://openalex.org/I194601409,Cooperative Institute for Mesoscale Meteorological Studies,1998,1998,
https://openalex.org/A5073067486,P. L. MacKeen,https://openalex.org/I4210092927,NOAA National Severe Storms Laboratory,1998,1999,
https://openalex.org/A5073067486,P. L. MacKeen,https://openalex.org/I1308126019,National Oceanic and Atmospheric Administration,1999,1999,
https://openalex.org/A5111884380,John D. Pigott,https://openalex.org/I8692664,University of Oklahoma,1982,1982,
https://openalex.org/A5059910260,Jason Gainous,https://openalex.org/I4210143137,University of Louisville Hospital,2002,2020,0000-0002-3104-2313
https://openalex.org/A5059910260,Jason Gainous,https://openalex.org/I142740786,University of Louisville,2007,2023,0000-0002-3104-2313
https://openalex.org/A5059910260,Jason Gainous,https://openalex.org/I2800717037,University of Florida Health,2015,2015,0000-0002-3104-2313
https://openalex.org/A5059910260,Jason Gainous,https://openalex.org/I200399037,University of Puerto Rico System,2023,2023,0000-0002-3104-2313
https://openalex.org/A5059910260,Jason Gainous,https://openalex.org/I110378019,Southern Illinois University Carbondale,2005,2005,0000-0002-3104-2313
https://openalex.org/A5059910260,Jason Gainous,https://openalex.org/I33213144,University of Florida,2002,2005,0000-0002-3104-2313
https://openalex.org/A5059910260,Jason Gainous,https://openalex.org/I44854399,University of Southern Mississippi,2005,2005,0000-0002-3104-2313
https://openalex.org/A5059910260,Jason Gainous,https://openalex.org/I4210159968,Duke Kunshan University,2021,2022,0000-0002-3104-2313
https://openalex.org/A5059910260,Jason Gainous,https://openalex.org/I29891158,University of Sharjah,2023,2025,0000-0002-3104-2313
https://openalex.org/A5059910260,Jason Gainous,https://openalex.org/I1662191,University of Puerto Rico at Río Piedras,2022,2022,0000-0002-3104-2313
https://openalex.org/A5059910260,Jason Gainous,https://openalex.org/I63772739,Florida Atlantic University,2007,2007,0000-0002-3104-2313
https://openalex.org/A5059910260,Jason Gainous,https://openalex.org/I128956969,Texas Christian University,2023,2023,0000-0002-3104-2313
https://openalex.org/A5059910260,Jason Gainous,https://openalex.org/I8692664,University of Oklahoma,2023,2023,0000-0002-3104-2313
https://openalex.org/A5059910260,Jason Gainous,https://openalex.org/I91045830,Texas A&M University,2023,2023,0000-0002-3104-2313
https://openalex.org/A5059910260,Jason Gainous,https://openalex.org/I869467088,KIMEP University,2025,2025,0000-0002-3104-2313
https://openalex.org/A5063285749,O. H. Rundell,https://openalex.org/I49332381,University of Oklahoma Health Sciences Center,1972,1990,
https://openalex.org/A5063285749,O. H. Rundell,https://openalex.org/I4210128115,Baptist Medical Center Jacksonville,1994,1994,
https://openalex.org/A5063285749,O. H. Rundell,https://openalex.org/I4210096498,Presbyterian Hospital,1983,1994,
https://openalex.org/A5063285749,O. H. Rundell,https://openalex.org/I1318101084,INTEGRIS Baptist Medical Center,1994,1994,
https://openalex.org/A5063285749,O. H. Rundell,https://openalex.org/I4210105841,Presbyterian Health Foundation,1983,1984,
https://openalex.org/A5063285749,O. H. Rundell,https://openalex.org/I8692664,University of Oklahoma,1975,1975,
https://openalex.org/A5108614287,R. A. Winholtz,https://openalex.org/I76835614,University of Missouri,1992,2024,
https://openalex.org/A5108614287,R. A. Winholtz,https://openalex.org/I111979921,Northwestern University,1988,1992,
https://openalex.org/A5108614287,R. A. Winholtz,https://openalex.org/I79477286,Columbia College - Missouri,2012,2012,
https://openalex.org/A5108614287,R. A. Winholtz,https://openalex.org/I4210100400,Northwestern University,1995,1995,
https://openalex.org/A5108614287,R. A. Winholtz,https://openalex.org/I94624287,University of Twente,2020,2020,
https://openalex.org/A5010570216,Kimberly McCullor,https://openalex.org/I49332381,University of Oklahoma Health Sciences Center,2015,2019,
https://openalex.org/A5010570216,Kimberly McCullor,https://openalex.org/I8692664,University of Oklahoma,2015,2016,
https://openalex.org/A5010570216,Kimberly McCullor,https://openalex.org/I1310019138,Michigan Department of Health and Human Services,2023,2025,
https://openalex.org/A5040035542,Jessica E. Ruyle,https://openalex.org/I8692664,University of Oklahoma,2012,2025,0000-0002-7154-8183
https://openalex.org/A5040035542,Jessica E. Ruyle,https://openalex.org/I4210145244,Radar (United States),2017,2025,0000-0002-7154-8183
https://openalex.org/A5040035542,Jessica E. Ruyle,https://openalex.org/I157725225,University of Illinois Urbana-Champaign,2008,2012,0000-0002-7154-8183
https://openalex.org/A5086635063,Gabriel Bromley,https://openalex.org/I23732399,Montana State University,2017,2022,0000-0002-4497-1058
https://openalex.org/A5086635063,Gabriel Bromley,https://openalex.org/I1304256225,University of Wisconsin System,2022,2022,0000-0002-4497-1058
https://openalex.org/A5086635063,Gabriel Bromley,https://openalex.org/I8692664,University of Oklahoma,2022,2024,0000-0002-4497-1058
https://openalex.org/A5086635063,Gabriel Bromley,https://openalex.org/I135310074,University of Wisconsin–Madison,2015,2022,0000-0002-4497-1058
https://openalex.org/A5086635063,Gabriel Bromley,https://openalex.org/I107766831,NSF National Center for Atmospheric Research,2020,2020,0000-0002-4497-1058
https://openalex.org/A5086635063,Gabriel Bromley,https://openalex.org/I130769515,Pennsylvania State University,2020,2020,0000-0002-4497-1058
https://openalex.org/A5016225548,Kent H. Knopfmeier,https://openalex.org/I4210092927,NOAA National Severe Storms Laboratory,2013,2025,
https://openalex.org/A5016225548,Kent H. Knopfmeier,https://openalex.org/I194601409,Cooperative Institute for Mesoscale Meteorological Studies,2010,2025,
https://openalex.org/A5016225548,Kent H. Knopfmeier,https://openalex.org/I8692664,University of Oklahoma,2010,2025,
https://openalex.org/A5016225548,Kent H. Knopfmeier,https://openalex.org/I1308126019,National Oceanic and Atmospheric Administration,2014,2019,
https://openalex.org/A5016225548,Kent H. Knopfmeier,https://openalex.org/I1319063186,Langley Research Center,2018,2018,
https://openalex.org/A5016225548,Kent H. Knopfmeier,https://openalex.org/I4210144891,Science Systems and Applications (United States),2018,2018,
https://openalex.org/A5016225548,Kent H. Knopfmeier,https://openalex.org/I80605987,NOAA Earth System Research Laboratory,2019,2019,
https://openalex.org/A5016225548,Kent H. Knopfmeier,https://openalex.org/I130769515,Pennsylvania State University,2007,2008,
https://openalex.org/A5016225548,Kent H. Knopfmeier,https://openalex.org/I219193219,Purdue University West Lafayette,2007,2007,
https://openalex.org/A5087346010,W. K. Liu,https://openalex.org/I8692664,University of Oklahoma,1996,1997,
https://openalex.org/A5113881984,C. Davis,https://openalex.org/I8692664,University of Oklahoma,2005,2013,
https://openalex.org/A5113881984,C. Davis,https://openalex.org/I39815113,Georgia Southern University,2015,2015,
https://openalex.org/A5024274912,Robert A. Gearheart,https://openalex.org/I192389796,Humboldt State University,2013,2021,
https://openalex.org/A5024274912,Robert A. Gearheart,https://openalex.org/I8692664,University of Oklahoma,1969,1969,
https://openalex.org/A5031973567,Wei Cai,https://openalex.org/I142108993,Southwest University,2017,2017,0000-0002-8428-4236
https://openalex.org/A5031973567,Wei Cai,https://openalex.org/I180726961,Shenzhen University,2016,2020,0000-0002-8428-4236
https://openalex.org/A5031973567,Wei Cai,https://openalex.org/I4210131870,"Institute of Psychology, Chinese Academy of Sciences",2016,2020,0000-0002-8428-4236
https://openalex.org/A5031973567,Wei Cai,https://openalex.org/I8692664,University of Oklahoma,1994,1994,0000-0002-8428-4236
https://openalex.org/A5031973567,Wei Cai,https://openalex.org/I25254941,Beijing Normal University,2014,2016,0000-0002-8428-4236
https://openalex.org/A5031973567,Wei Cai,https://openalex.org/I1331384533,University of Hawaii System,2011,2011,0000-0002-8428-4236
https://openalex.org/A5031973567,Wei Cai,https://openalex.org/I117965899,University of Hawaiʻi at Mānoa,2011,2011,0000-0002-8428-4236
https://openalex.org/A5031973567,Wei Cai,https://openalex.org/I204250578,"University of California, Irvine",2016,2022,0000-0002-8428-4236
https://openalex.org/A5031973567,Wei Cai,https://openalex.org/I176834541,Guangdong Medical College,2019,2025,0000-0002-8428-4236
https://openalex.org/A5031973567,Wei Cai,https://openalex.org/I19820366,Chinese Academy of Sciences,2017,2017,0000-0002-8428-4236
https://openalex.org/A5031973567,Wei Cai,https://openalex.org/I149594827,Xidian University,2020,2020,0000-0002-8428-4236
https://openalex.org/A5031973567,Wei Cai,https://openalex.org/I4210089056,Beijing Microelectronics Technology Institute,2006,2009,0000-0002-8428-4236
https://openalex.org/A5031973567,Wei Cai,https://openalex.org/I4210124246,CITIC Group (China),2023,2023,0000-0002-8428-4236
https://openalex.org/A5031973567,Wei Cai,https://openalex.org/I78988378,Renmin University of China,2014,2014,0000-0002-8428-4236
https://openalex.org/A5031973567,Wei Cai,https://openalex.org/I14243506,Hong Kong Polytechnic University,2025,2025,0000-0002-8428-4236
https://openalex.org/A5031973567,Wei Cai,https://openalex.org/I2803209242,University of California System,2020,2024,0000-0002-8428-4236
https://openalex.org/A5031973567,Wei Cai,https://openalex.org/I4210130660,Xi'an High Tech University,2007,2014,0000-0002-8428-4236
https://openalex.org/A5031973567,Wei Cai,https://openalex.org/I194716290,China Academy of Space Technology,2014,2014,0000-0002-8428-4236
https://openalex.org/A5031973567,Wei Cai,https://openalex.org/I204512498,University of Macau,2014,2014,0000-0002-8428-4236
https://openalex.org/A5031973567,Wei Cai,https://openalex.org/I153473198,North China Electric Power University,2012,2012,0000-0002-8428-4236
https://openalex.org/A5031973567,Wei Cai,https://openalex.org/I93251985,Irkutsk State University,2019,2019,0000-0002-8428-4236
https://openalex.org/A5031973567,Wei Cai,https://openalex.org/I2799854419,Raffles Institution,2020,2020,0000-0002-8428-4236
https://openalex.org/A5031973567,Wei Cai,https://openalex.org/I109935558,Ningbo University,2023,2024,0000-0002-8428-4236
https://openalex.org/A5031973567,Wei Cai,https://openalex.org/I13591777,University of Nottingham Ningbo China,2023,2024,0000-0002-8428-4236
https://openalex.org/A5031973567,Wei Cai,https://openalex.org/I4210136834,Guangxi Transportation Research Institute,2024,2024,0000-0002-8428-4236
https://openalex.org/A5031973567,Wei Cai,https://openalex.org/I4210089285,Ji Hua Laboratory,2025,2025,0000-0002-8428-4236
https://openalex.org/A5101566068,Hong Liu,https://openalex.org/I157773358,Sun Yat-sen University,2000,2021,0000-0002-7320-0260
https://openalex.org/A5101566068,Hong Liu,https://openalex.org/I4210151747,Lifespan,2016,2016,0000-0002-7320-0260
https://openalex.org/A5101566068,Hong Liu,https://openalex.org/I2800446032,Rhode Island Hospital,2016,2016,0000-0002-7320-0260
https://openalex.org/A5101566068,Hong Liu,https://openalex.org/I881766915,Nanjing University,2007,2009,0000-0002-7320-0260
https://openalex.org/A5101566068,Hong Liu,https://openalex.org/I151075929,Army Medical University,2016,2016,0000-0002-7320-0260
https://openalex.org/A5101566068,Hong Liu,https://openalex.org/I4210131174,Southwest Hospital,2016,2016,0000-0002-7320-0260
https://openalex.org/A5101566068,Hong Liu,https://openalex.org/I4210112130,Tianjin International Joint Academy of Biomedicine,2023,2023,0000-0002-7320-0260
https://openalex.org/A5101566068,Hong Liu,https://openalex.org/I82880672,Beihang University,2016,2023,0000-0002-7320-0260
https://openalex.org/A5101566068,Hong Liu,https://openalex.org/I913481162,Wageningen University & Research,2010,2010,0000-0002-7320-0260
https://openalex.org/A5101566068,Hong Liu,https://openalex.org/I1334415907,University Medical Center Groningen,2010,2010,0000-0002-7320-0260
https://openalex.org/A5101566068,Hong Liu,https://openalex.org/I169381384,University of Groningen,2010,2010,0000-0002-7320-0260
https://openalex.org/A5101566068,Hong Liu,https://openalex.org/I107851509,Chinese Academy of Tropical Agricultural Sciences,2013,2013,0000-0002-7320-0260
https://openalex.org/A5101566068,Hong Liu,https://openalex.org/I4210164804,Spice and Beverage Research Institute,2013,2013,0000-0002-7320-0260
https://openalex.org/A5101566068,Hong Liu,https://openalex.org/I4210090512,Guangzhou Experimental Station,2014,2014,0000-0002-7320-0260
https://openalex.org/A5101566068,Hong Liu,https://openalex.org/I4210102785,Guangzhou Blood Center,2014,2014,0000-0002-7320-0260
https://openalex.org/A5101566068,Hong Liu,https://openalex.org/I8692664,University of Oklahoma,2010,2017,0000-0002-7320-0260
https://openalex.org/A5101566068,Hong Liu,https://openalex.org/I1285764155,"Merck & Co., Inc., Rahway, NJ, USA (United States)",2021,2021,0000-0002-7320-0260
https://openalex.org/A5101566068,Hong Liu,https://openalex.org/I10899854,Jiangxi University of Traditional Chinese Medicine,2013,2013,0000-0002-7320-0260
https://openalex.org/A5101566068,Hong Liu,https://openalex.org/I55302922,The University of Texas Medical Branch at Galveston,2003,2003,0000-0002-7320-0260
https://openalex.org/A5101566068,Hong Liu,https://openalex.org/I3923682,Soochow University,2016,2017,0000-0002-7320-0260
https://openalex.org/A5101566068,Hong Liu,https://openalex.org/I4210153519,First Affiliated Hospital of Soochow University,2016,2017,0000-0002-7320-0260
https://openalex.org/A5101566068,Hong Liu,https://openalex.org/I4210116517,Shandong Provincial Hospital,2013,2013,0000-0002-7320-0260
https://openalex.org/A5101566068,Hong Liu,https://openalex.org/I4210103957,Second Hospital of Shandong University,2013,2013,0000-0002-7320-0260
https://openalex.org/A5101566068,Hong Liu,https://openalex.org/I91125648,Wuhan Institute of Technology,2022,2023,0000-0002-7320-0260
https://openalex.org/A5101566068,Hong Liu,https://openalex.org/I4387154005,State Key Laboratory of Digital Medical Engineering,2020,2020,0000-0002-7320-0260
https://openalex.org/A5101566068,Hong Liu,https://openalex.org/I76569877,Southeast University,2020,2020,0000-0002-7320-0260
https://openalex.org/A5101566068,Hong Liu,https://openalex.org/I177933477,Second Military Medical University,2025,2025,0000-0002-7320-0260
https://openalex.org/A5101566068,Hong Liu,https://openalex.org/I4210116929,82th Hospital of Pla,2011,2011,0000-0002-7320-0260
https://openalex.org/A5101566068,Hong Liu,https://openalex.org/I4210098640,China Tobacco Guangxi Industrial (China),2017,2017,0000-0002-7320-0260
https://openalex.org/A5101566068,Hong Liu,https://openalex.org/I20231570,Peking University,2020,2020,0000-0002-7320-0260
https://openalex.org/A5101566068,Hong Liu,https://openalex.org/I108688024,Qingdao University,2007,2007,0000-0002-7320-0260
https://openalex.org/A5101566068,Hong Liu,https://openalex.org/I2801051648,China-Japan Friendship Hospital,1992,1992,0000-0002-7320-0260
https://openalex.org/A5101566068,Hong Liu,https://openalex.org/I1307117695,Nebraska Medical Center,2007,2007,0000-0002-7320-0260
https://openalex.org/A5101566068,Hong Liu,https://openalex.org/I31637741,Inner Mongolia University of Science and Technology,2006,2006,0000-0002-7320-0260
https://openalex.org/A5101566068,Hong Liu,https://openalex.org/I37461747,Wuhan University,2005,2005,0000-0002-7320-0260
https://openalex.org/A5101566068,Hong Liu,https://openalex.org/I4210140357,Renmin Hospital of Wuhan University,2005,2005,0000-0002-7320-0260
https://openalex.org/A5101566068,Hong Liu,https://openalex.org/I151893264,Jiamusi University,2013,2013,0000-0002-7320-0260
https://openalex.org/A5101566068,Hong Liu,https://openalex.org/I4210119012,Xichang University,2004,2004,0000-0002-7320-0260
https://openalex.org/A5101566068,Hong Liu,https://openalex.org/I4210088331,Quzhou City People's Hospital,2011,2011,0000-0002-7320-0260
https://openalex.org/A5101566068,Hong Liu,https://openalex.org/I4210128921,"The First Affiliated Hospital, Sun Yat-sen University",2000,2000,0000-0002-7320-0260
https://openalex.org/A5101566068,Hong Liu,https://openalex.org/I4210089761,West China Hospital of Sichuan University,2009,2009,0000-0002-7320-0260
https://openalex.org/A5101566068,Hong Liu,https://openalex.org/I24185976,Sichuan University,2009,2009,0000-0002-7320-0260
https://openalex.org/A5101566068,Hong Liu,https://openalex.org/I4210144725,Ministry of Culture,2002,2002,0000-0002-7320-0260
https://openalex.org/A5101566068,Hong Liu,https://openalex.org/I4210086801,Affiliated Hospital of Nantong University,2015,2015,0000-0002-7320-0260
https://openalex.org/A5101566068,Hong Liu,https://openalex.org/I199305430,Nantong University,2015,2015,0000-0002-7320-0260
https://openalex.org/A5101566068,Hong Liu,https://openalex.org/I33213144,University of Florida,2007,2007,0000-0002-7320-0260
https://openalex.org/A5101566068,Hong Liu,https://openalex.org/I4210133340,Stanford Blood Center,2018,2018,0000-0002-7320-0260
https://openalex.org/A5101566068,Hong Liu,https://openalex.org/I4210164089,Gaozhou People's Hospital,2012,2012,0000-0002-7320-0260
https://openalex.org/A5068819872,William R. Cotton,https://openalex.org/I92446798,Colorado State University,1976,2024,0000-0001-7474-4238
https://openalex.org/A5068819872,William R. Cotton,https://openalex.org/I161318765,"University of California, Los Angeles",1998,1999,0000-0001-7474-4238
https://openalex.org/A5068819872,William R. Cotton,https://openalex.org/I107766831,NSF National Center for Atmospheric Research,1998,2004,0000-0001-7474-4238
https://openalex.org/A5068819872,William R. Cotton,https://openalex.org/I28407311,University of Manchester,1996,1996,0000-0001-7474-4238
https://openalex.org/A5068819872,William R. Cotton,https://openalex.org/I157725225,University of Illinois Urbana-Champaign,2007,2007,0000-0001-7474-4238
https://openalex.org/A5068819872,William R. Cotton,https://openalex.org/I2800363604,Walter Reed National Military Medical Center,1965,1980,0000-0001-7474-4238
https://openalex.org/A5068819872,William R. Cotton,https://openalex.org/I1312537475,Naval Medical Research Command,1965,1980,0000-0001-7474-4238
https://openalex.org/A5068819872,William R. Cotton,https://openalex.org/I1306266525,Goddard Space Flight Center,1983,1983,0000-0001-7474-4238
https://openalex.org/A5068819872,William R. Cotton,https://openalex.org/I4210128444,North Colorado Medical Center Foundation,2000,2000,0000-0001-7474-4238
https://openalex.org/A5068819872,William R. Cotton,https://openalex.org/I71966907,University of Northern Colorado,2001,2001,0000-0001-7474-4238
https://openalex.org/A5068819872,William R. Cotton,https://openalex.org/I4210092927,NOAA National Severe Storms Laboratory,1998,1998,0000-0001-7474-4238
https://openalex.org/A5068819872,William R. Cotton,https://openalex.org/I184565670,Georgetown University,1985,1988,0000-0001-7474-4238
https://openalex.org/A5068819872,William R. Cotton,https://openalex.org/I103163165,Florida State University,1986,1986,0000-0001-7474-4238
https://openalex.org/A5068819872,William R. Cotton,https://openalex.org/I66958751,Woods Hole Oceanographic Institution,1986,1986,0000-0001-7474-4238
https://openalex.org/A5068819872,William R. Cotton,https://openalex.org/I4210096386,Bridge University,1986,1986,0000-0001-7474-4238
https://openalex.org/A5068819872,William R. Cotton,https://openalex.org/I1298748095,American Meteorological Society,1986,1986,0000-0001-7474-4238
https://openalex.org/A5068819872,William R. Cotton,https://openalex.org/I2802236040,University of Colorado System,1986,1986,0000-0001-7474-4238
https://openalex.org/A5068819872,William R. Cotton,https://openalex.org/I111368775,ASTER,1987,1987,0000-0001-7474-4238
https://openalex.org/A5068819872,William R. Cotton,https://openalex.org/I135310074,University of Wisconsin–Madison,1990,1990,0000-0001-7474-4238
https://openalex.org/A5068819872,William R. Cotton,https://openalex.org/I203291541,Cotton (United States),2000,2000,0000-0001-7474-4238
https://openalex.org/A5068819872,William R. Cotton,https://openalex.org/I1302094580,American Academy of Pediatrics,1991,1991,0000-0001-7474-4238
https://openalex.org/A5068819872,William R. Cotton,https://openalex.org/I4210092225,ET Enterprises (United Kingdom),2025,2025,0000-0001-7474-4238
https://openalex.org/A5091132307,Tomoyoshi Mishima,https://openalex.org/I204291657,Hosei University,2015,2025,0000-0002-1332-1351
https://openalex.org/A5091132307,Tomoyoshi Mishima,https://openalex.org/I65143321,Hitachi (Japan),1984,2015,0000-0002-1332-1351
https://openalex.org/A5091132307,Tomoyoshi Mishima,https://openalex.org/I4210135337,Nakamura Toho Research Institute,2011,2011,0000-0002-1332-1351
https://openalex.org/A5091132307,Tomoyoshi Mishima,https://openalex.org/I38260057,In-Q-Tel,2000,2000,0000-0002-1332-1351
https://openalex.org/A5091132307,Tomoyoshi Mishima,https://openalex.org/I136259955,Toyohashi University of Technology,2010,2010,0000-0002-1332-1351
https://openalex.org/A5091132307,Tomoyoshi Mishima,https://openalex.org/I205349734,Hokkaido University,2019,2019,0000-0002-1332-1351
https://openalex.org/A5091132307,Tomoyoshi Mishima,https://openalex.org/I114531698,Tokyo Institute of Technology,1980,1983,0000-0002-1332-1351
https://openalex.org/A5091132307,Tomoyoshi Mishima,https://openalex.org/I11912373,Micron (United States),2016,2017,0000-0002-1332-1351
https://openalex.org/A5091132307,Tomoyoshi Mishima,https://openalex.org/I88100897,Yokogawa Electric (Japan),2017,2018,0000-0002-1332-1351
https://openalex.org/A5091132307,Tomoyoshi Mishima,https://openalex.org/I201933988,Kagawa University,2011,2011,0000-0002-1332-1351
https://openalex.org/A5091132307,Tomoyoshi Mishima,https://openalex.org/I3130789906,Takamatsu University,2011,2011,0000-0002-1332-1351
https://openalex.org/A5091132307,Tomoyoshi Mishima,https://openalex.org/I8692664,University of Oklahoma,2021,2021,0000-0002-1332-1351
https://openalex.org/A5091132307,Tomoyoshi Mishima,https://openalex.org/I4210122849,Philips (Netherlands),1990,1991,0000-0002-1332-1351
https://openalex.org/A5091132307,Tomoyoshi Mishima,https://openalex.org/I109147379,NXP (Netherlands),1990,1991,0000-0002-1332-1351
https://openalex.org/A5091132307,Tomoyoshi Mishima,https://openalex.org/I4210137426,Hitachi (United States),2002,2002,0000-0002-1332-1351
https://openalex.org/A5091132307,Tomoyoshi Mishima,https://openalex.org/I72253084,Saitama University,2003,2003,0000-0002-1332-1351
https://openalex.org/A5091132307,Tomoyoshi Mishima,https://openalex.org/I111966504,University of Fukui,2022,2022,0000-0002-1332-1351
https://openalex.org/A5043908599,Alise Dabdoub,https://openalex.org/I8692664,University of Oklahoma,2021,2021,0000-0002-6199-5190
https://openalex.org/A5069754030,Piyamas Roberson,https://openalex.org/I8692664,University of Oklahoma,2013,2013,
https://openalex.org/A5048419920,Yang Hong,https://openalex.org/I79272384,"University of Maryland, Baltimore County",2006,2007,0000-0001-8720-242X
https://openalex.org/A5048419920,Yang Hong,https://openalex.org/I169540460,The Aerospace Corporation,2000,2024,0000-0001-8720-242X
https://openalex.org/A5048419920,Yang Hong,https://openalex.org/I1306266525,Goddard Space Flight Center,2000,2008,0000-0001-8720-242X
https://openalex.org/A5048419920,Yang Hong,https://openalex.org/I4210089050,NOAA National Environmental Satellite Data and Information Service,2001,2001,0000-0001-8720-242X
https://openalex.org/A5048419920,Yang Hong,https://openalex.org/I4210140791,Irvine University,2004,2007,0000-0001-8720-242X
https://openalex.org/A5048419920,Yang Hong,https://openalex.org/I204250578,"University of California, Irvine",2004,2025,0000-0001-8720-242X
https://openalex.org/A5048419920,Yang Hong,https://openalex.org/I138006243,University of Arizona,2002,2005,0000-0001-8720-242X
https://openalex.org/A5048419920,Yang Hong,https://openalex.org/I8692664,University of Oklahoma,2008,2025,0000-0001-8720-242X
https://openalex.org/A5048419920,Yang Hong,https://openalex.org/I99065089,Tsinghua University,2009,2025,0000-0001-8720-242X
https://openalex.org/A5048419920,Yang Hong,https://openalex.org/I4210095787,NOAA National Weather Service,2010,2025,0000-0001-8720-242X
https://openalex.org/A5048419920,Yang Hong,https://openalex.org/I4210145244,Radar (United States),2009,2022,0000-0001-8720-242X
https://openalex.org/A5048419920,Yang Hong,https://openalex.org/I96268669,Okan University,2010,2010,0000-0001-8720-242X
https://openalex.org/A5048419920,Yang Hong,https://openalex.org/I98251732,McMaster University,2014,2016,0000-0001-8720-242X
https://openalex.org/A5048419920,Yang Hong,https://openalex.org/I4210099662,State Key Laboratory of Hydrology-Water Resources and Hydraulic Engineering,2014,2018,0000-0001-8720-242X
https://openalex.org/A5048419920,Yang Hong,https://openalex.org/I20231570,Peking University,2018,2021,0000-0001-8720-242X
https://openalex.org/A5048419920,Yang Hong,https://openalex.org/I4210122993,Applied Radar (United States),2016,2016,0000-0001-8720-242X
https://openalex.org/A5048419920,Yang Hong,https://openalex.org/I194601409,Cooperative Institute for Mesoscale Meteorological Studies,2009,2016,0000-0001-8720-242X
https://openalex.org/A5048419920,Yang Hong,https://openalex.org/I4210092927,NOAA National Severe Storms Laboratory,2016,2023,0000-0001-8720-242X
https://openalex.org/A5048419920,Yang Hong,https://openalex.org/I4210151952,State Key Laboratory of Hydrology Water Resources and Hydraulic Engineering,2016,2018,0000-0001-8720-242X
https://openalex.org/A5048419920,Yang Hong,https://openalex.org/I184942183,University of Oslo,2017,2017,0000-0001-8720-242X
https://openalex.org/A5048419920,Yang Hong,https://openalex.org/I4210143403,Norwegian Institute of Bioeconomy Research,2017,2017,0000-0001-8720-242X
https://openalex.org/A5048419920,Yang Hong,https://openalex.org/I4210166112,State Key Laboratory of Remote Sensing Science,2018,2019,0000-0001-8720-242X
https://openalex.org/A5048419920,Yang Hong,https://openalex.org/I141962983,Shanghai University of Engineering Science,2023,2025,0000-0001-8720-242X
https://openalex.org/A5048419920,Yang Hong,https://openalex.org/I4391767896,State Key Laboratory of New Ceramics and Fine Processing,2015,2016,0000-0001-8720-242X
https://openalex.org/A5048419920,Yang Hong,https://openalex.org/I35440088,ETH Zurich,2024,2024,0000-0001-8720-242X
https://openalex.org/A5048419920,Yang Hong,https://openalex.org/I200296433,Chinese Academy of Medical Sciences & Peking Union Medical College,2023,2023,0000-0001-8720-242X
https://openalex.org/A5048419920,Yang Hong,https://openalex.org/I4210118772,Roshydromet,2016,2016,0000-0001-8720-242X
https://openalex.org/A5048419920,Yang Hong,https://openalex.org/I165745306,Southwest Petroleum University,2023,2025,0000-0001-8720-242X
https://openalex.org/A5048419920,Yang Hong,https://openalex.org/I149594827,Xidian University,2013,2016,0000-0001-8720-242X
https://openalex.org/A5048419920,Yang Hong,https://openalex.org/I53411278,Chengdu University of Traditional Chinese Medicine,2023,2023,0000-0001-8720-242X
https://openalex.org/A5048419920,Yang Hong,https://openalex.org/I116953780,Tongji University,2012,2025,0000-0001-8720-242X
https://openalex.org/A5048419920,Yang Hong,https://openalex.org/I90610280,South China University of Technology,2025,2025,0000-0001-8720-242X
https://openalex.org/A5048419920,Yang Hong,https://openalex.org/I163340411,Hohai University,2025,2025,0000-0001-8720-242X
https://openalex.org/A5048419920,Yang Hong,https://openalex.org/I4210158298,Caelum Research Corporation (United States),1998,2000,0000-0001-8720-242X
https://openalex.org/A5048419920,Yang Hong,https://openalex.org/I44675526,Shanghai Ocean University,2005,2017,0000-0001-8720-242X
https://openalex.org/A5048419920,Yang Hong,https://openalex.org/I4210137808,Fiat Chrysler Automobiles (United States),2015,2016,0000-0001-8720-242X
https://openalex.org/A5048419920,Yang Hong,https://openalex.org/I63664421,Swiss Federal Institute of Aquatic Science and Technology,2014,2014,0000-0001-8720-242X
https://openalex.org/A5048419920,Yang Hong,https://openalex.org/I1850255,University of Basel,2014,2014,0000-0001-8720-242X
https://openalex.org/A5048419920,Yang Hong,https://openalex.org/I91045830,Texas A&M University,1994,2015,0000-0001-8720-242X
https://openalex.org/A5048419920,Yang Hong,https://openalex.org/I154099455,Shandong University,2020,2020,0000-0001-8720-242X
https://openalex.org/A5048419920,Yang Hong,https://openalex.org/I178712713,Bryant University,2003,2022,0000-0001-8720-242X
https://openalex.org/A5048419920,Yang Hong,https://openalex.org/I4210110024,Institute of Applied Ecology,2012,2020,0000-0001-8720-242X
https://openalex.org/A5048419920,Yang Hong,https://openalex.org/I31595395,Chengdu University of Technology,2023,2023,0000-0001-8720-242X
https://openalex.org/A5048419920,Yang Hong,https://openalex.org/I4210122269,Wuhan Botanical Garden,2023,2023,0000-0001-8720-242X
https://openalex.org/A5048419920,Yang Hong,https://openalex.org/I2801502816,Texas College,1994,1994,0000-0001-8720-242X
https://openalex.org/A5048419920,Yang Hong,https://openalex.org/I108160477,Hebei Agricultural University,2011,2011,0000-0001-8720-242X
https://openalex.org/A5048419920,Yang Hong,https://openalex.org/I19820366,Chinese Academy of Sciences,2012,2012,0000-0001-8720-242X
https://openalex.org/A5048419920,Yang Hong,https://openalex.org/I50632499,Chongqing University of Technology,2015,2015,0000-0001-8720-242X
https://openalex.org/A5048419920,Yang Hong,https://openalex.org/I177725633,Chinese University of Hong Kong,2016,2016,0000-0001-8720-242X
https://openalex.org/A5048419920,Yang Hong,https://openalex.org/I150229711,University of Electronic Science and Technology of China,2020,2020,0000-0001-8720-242X
https://openalex.org/A5048419920,Yang Hong,https://openalex.org/I204983213,Harbin Institute of Technology,1997,2024,0000-0001-8720-242X
https://openalex.org/A5048419920,Yang Hong,https://openalex.org/I171892758,Forschungszentrum Jülich,2011,2011,0000-0001-8720-242X
https://openalex.org/A5048419920,Yang Hong,https://openalex.org/I153473198,North China Electric Power University,2008,2013,0000-0001-8720-242X
https://openalex.org/A5048419920,Yang Hong,https://openalex.org/I76569877,Southeast University,2017,2024,0000-0001-8720-242X
https://openalex.org/A5048419920,Yang Hong,https://openalex.org/I4210142152,ORCID,2021,2021,0000-0001-8720-242X
https://openalex.org/A5048419920,Yang Hong,https://openalex.org/I101479585,South China Agricultural University,2022,2022,0000-0001-8720-242X
https://openalex.org/A5048419920,Yang Hong,https://openalex.org/I16351329,China West Normal University,2021,2022,0000-0001-8720-242X
https://openalex.org/A5048419920,Yang Hong,https://openalex.org/I129604602,University of Sydney,2021,2021,0000-0001-8720-242X
https://openalex.org/A5048419920,Yang Hong,https://openalex.org/I27837315,University of Michigan–Ann Arbor,2010,2010,0000-0001-8720-242X
https://openalex.org/A5048419920,Yang Hong,https://openalex.org/I4210096056,Shanghai CASB Biotechnology (China),2017,2017,0000-0001-8720-242X
https://openalex.org/A5048419920,Yang Hong,https://openalex.org/I1311643757,Commercial Aircraft Corporation of China (China),2020,2024,0000-0001-8720-242X
https://openalex.org/A5048419920,Yang Hong,https://openalex.org/I88830068,Shaanxi Normal University,2015,2015,0000-0001-8720-242X
https://openalex.org/A5048419920,Yang Hong,https://openalex.org/I204831749,Southwestern University of Finance and Economics,2025,2025,0000-0001-8720-242X
https://openalex.org/A5048419920,Yang Hong,https://openalex.org/I140786321,Tibet University,2016,2016,0000-0001-8720-242X
https://openalex.org/A5048419920,Yang Hong,https://openalex.org/I78978612,Yangzhou University,2024,2024,0000-0001-8720-242X
https://openalex.org/A5048419920,Yang Hong,https://openalex.org/I110440473,Xi'an University of Science and Technology,2025,2025,0000-0001-8720-242X
https://openalex.org/A5048419920,Yang Hong,https://openalex.org/I881766915,Nanjing University,1996,1999,0000-0001-8720-242X
https://openalex.org/A5048419920,Yang Hong,https://openalex.org/I200845125,Nanjing University of Information Science and Technology,1996,1996,0000-0001-8720-242X
https://openalex.org/A5048419920,Yang Hong,https://openalex.org/I36399199,Nanjing University of Science and Technology,1996,1996,0000-0001-8720-242X
https://openalex.org/A5048419920,Yang Hong,https://openalex.org/I98285908,Osaka University,2020,2020,0000-0001-8720-242X
https://openalex.org/A5048419920,Yang Hong,https://openalex.org/I77631543,Wuxi Institute of Technology,2023,2023,0000-0001-8720-242X
https://openalex.org/A5048419920,Yang Hong,https://openalex.org/I46529539,Chinese Academy of Fishery Sciences,2023,2025,0000-0001-8720-242X
https://openalex.org/A5048419920,Yang Hong,https://openalex.org/I40963666,Central China Normal University,2024,2024,0000-0001-8720-242X
https://openalex.org/A5048419920,Yang Hong,https://openalex.org/I150468666,Emory University,2002,2002,0000-0001-8720-242X
https://openalex.org/A5048419920,Yang Hong,https://openalex.org/I4210162655,Centre of Natural Hazards and Disaster Science,2009,2009,0000-0001-8720-242X
https://openalex.org/A5048419920,Yang Hong,https://openalex.org/I4210161151,Beijing Center for Disease Prevention and Control,2011,2011,0000-0001-8720-242X
https://openalex.org/A5048419920,Yang Hong,https://openalex.org/I4210126653,Shaanxi Research Association for Women and Family,2002,2004,0000-0001-8720-242X
https://openalex.org/A5048419920,Yang Hong,https://openalex.org/I195019228,Yunnan Agricultural University,2009,2009,0000-0001-8720-242X
https://openalex.org/A5048419920,Yang Hong,https://openalex.org/I4210144725,Ministry of Culture,2003,2003,0000-0001-8720-242X
https://openalex.org/A5048419920,Yang Hong,https://openalex.org/I4210141776,China XD Group (China),2009,2009,0000-0001-8720-242X
https://openalex.org/A5048419920,Yang Hong,https://openalex.org/I4210092223,Suzhou Vocational University,2005,2011,0000-0001-8720-242X
https://openalex.org/A5048419920,Yang Hong,https://openalex.org/I4210110925,Jiaozuo University,2004,2005,0000-0001-8720-242X
https://openalex.org/A5048419920,Yang Hong,https://openalex.org/I75955062,Henan Normal University,2008,2011,0000-0001-8720-242X
https://openalex.org/A5048419920,Yang Hong,https://openalex.org/I4210126638,Horological Research Institute of Light Industry,2007,2007,0000-0001-8720-242X
https://openalex.org/A5048419920,Yang Hong,https://openalex.org/I4210120302,Shunde Polytechnic,2010,2010,0000-0001-8720-242X
https://openalex.org/A5048419920,Yang Hong,https://openalex.org/I27804330,Brown University,2003,2003,0000-0001-8720-242X
https://openalex.org/A5048419920,Yang Hong,https://openalex.org/I96908189,Xinjiang University,2013,2013,0000-0001-8720-242X
https://openalex.org/A5048419920,Yang Hong,https://openalex.org/I90149893,China Earthquake Administration,2011,2011,0000-0001-8720-242X
https://openalex.org/A5048419920,Yang Hong,https://openalex.org/I4210086486,Zhaotong University,2007,2007,0000-0001-8720-242X
https://openalex.org/A5048419920,Yang Hong,https://openalex.org/I4210091296,Zhumadian Central Hospital,2013,2013,0000-0001-8720-242X
https://openalex.org/A5048419920,Yang Hong,https://openalex.org/I263341422,Heritage Christian University,2006,2006,0000-0001-8720-242X
https://openalex.org/A5048419920,Yang Hong,https://openalex.org/I184983240,Northeast Normal University,2006,2006,0000-0001-8720-242X
https://openalex.org/A5048419920,Yang Hong,https://openalex.org/I4210126119,"Laboratoire Eau, Environnement et Systèmes Urbains",2018,2018,0000-0001-8720-242X
https://openalex.org/A5048419920,Yang Hong,https://openalex.org/I1328775524,Zhejiang Sci-Tech University,2008,2008,0000-0001-8720-242X
https://openalex.org/A5048419920,Yang Hong,https://openalex.org/I108688024,Qingdao University,2021,2021,0000-0001-8720-242X
https://openalex.org/A5048419920,Yang Hong,https://openalex.org/I150807315,Guangxi University,2023,2023,0000-0001-8720-242X
https://openalex.org/A5048419920,Yang Hong,https://openalex.org/I59058292,Gas Technology Institute,2025,2025,0000-0001-8720-242X
https://openalex.org/A5048419920,Yang Hong,https://openalex.org/I162868743,Tianjin University,2025,2025,0000-0001-8720-242X
https://openalex.org/A5048419920,Yang Hong,https://openalex.org/I4210151662,Zhanjiang Experimental Station,2025,2025,0000-0001-8720-242X
https://openalex.org/A5048419920,Yang Hong,https://openalex.org/I4210156066,State Key Laboratory of Chemical Engineering,2025,2025,0000-0001-8720-242X
https://openalex.org/A5048419920,Yang Hong,https://openalex.org/I4210109544,Second Institute of Oceanography,2025,2025,0000-0001-8720-242X
https://openalex.org/A5048419920,Yang Hong,https://openalex.org/I211433327,Ministry of Natural Resources,2025,2025,0000-0001-8720-242X
https://openalex.org/A5048419920,Yang Hong,https://openalex.org/I4210139169,Hua Medicine (China),2025,2025,0000-0001-8720-242X
https://openalex.org/A5048419920,Yang Hong,https://openalex.org/I184681353,Anhui University of Science and Technology,2025,2025,0000-0001-8720-242X
https://openalex.org/A5048419920,Yang Hong,https://openalex.org/I4210109416,Anhui Science and Technology University,2025,2025,0000-0001-8720-242X
https://openalex.org/A5048419920,Yang Hong,https://openalex.org/I68986083,Northwest Normal University,2025,2025,0000-0001-8720-242X
https://openalex.org/A5048419920,Yang Hong,https://openalex.org/I44461941,University of Houston,2025,2025,0000-0001-8720-242X
https://openalex.org/A5048419920,Yang Hong,https://openalex.org/I4210102701,Jilin Vocational College of Industry and Technology,2025,2025,0000-0001-8720-242X
https://openalex.org/A5048419920,Yang Hong,https://openalex.org/I4210140680,Affiliated Hospital of Hebei University,2025,2025,0000-0001-8720-242X
https://openalex.org/A5048419920,Yang Hong,https://openalex.org/I4210146959,Beijing Academy of Agricultural and Forestry Sciences,2025,2025,0000-0001-8720-242X
https://openalex.org/A5048419920,Yang Hong,https://openalex.org/I114027177,University of North Carolina at Chapel Hill,2025,2025,0000-0001-8720-242X
https://openalex.org/A5048419920,Yang Hong,https://openalex.org/I31683504,Beijing Forestry University,2025,2025,0000-0001-8720-242X
https://openalex.org/A5048124307,Seamus Freyne,https://openalex.org/I55707380,Manhattan College,2007,2020,0000-0003-0756-3060
https://openalex.org/A5048124307,Seamus Freyne,https://openalex.org/I99041443,Mississippi State University,2014,2025,0000-0003-0756-3060
https://openalex.org/A5048124307,Seamus Freyne,https://openalex.org/I921990950,University of Colorado Denver,2020,2020,0000-0003-0756-3060
https://openalex.org/A5048124307,Seamus Freyne,https://openalex.org/I78715868,University of Arkansas at Fayetteville,2020,2020,0000-0003-0756-3060
https://openalex.org/A5048124307,Seamus Freyne,https://openalex.org/I8692664,University of Oklahoma,2020,2020,0000-0003-0756-3060
https://openalex.org/A5048124307,Seamus Freyne,https://openalex.org/I4210164117,Walker (United States),2019,2019,0000-0003-0756-3060
https://openalex.org/A5048124307,Seamus Freyne,https://openalex.org/I145311948,Johns Hopkins University,2020,2020,0000-0003-0756-3060
https://openalex.org/A5048124307,Seamus Freyne,https://openalex.org/I114832834,Tulane University,2020,2020,0000-0003-0756-3060
https://openalex.org/A5025407216,Tracey Winning,https://openalex.org/I5681781,University of Adelaide,1996,2022,0000-0001-7684-3168
https://openalex.org/A5025407216,Tracey Winning,https://openalex.org/I1335369389,Riyadh Armed Forces Hospital,2016,2016,0000-0001-7684-3168
https://openalex.org/A5025407216,Tracey Winning,https://openalex.org/I165143802,University of Queensland,1995,2003,0000-0001-7684-3168
https://openalex.org/A5025407216,Tracey Winning,https://openalex.org/I90745801,University of New England,2004,2004,0000-0001-7684-3168
https://openalex.org/A5025407216,Tracey Winning,https://openalex.org/I4210129888,Almaz-Antey (Russia),2014,2014,0000-0001-7684-3168
https://openalex.org/A5025407216,Tracey Winning,https://openalex.org/I2799288798,Inverclyde Royal Hospital,1993,1993,0000-0001-7684-3168
https://openalex.org/A5025407216,Tracey Winning,https://openalex.org/I170239107,University of South Australia,2013,2013,0000-0001-7684-3168
https://openalex.org/A5043954796,Carl Grant,https://openalex.org/I2801592539,Oklahoma Department of Libraries,2013,2019,0000-0003-0013-3455
https://openalex.org/A5043954796,Carl Grant,https://openalex.org/I8692664,University of Oklahoma,2013,2020,0000-0003-0013-3455
https://openalex.org/A5043954796,Carl Grant,https://openalex.org/I19391748,Purdue Pharma (Canada),2019,2019,0000-0003-0013-3455
https://openalex.org/A5089422462,Sara Jo Nixon,https://openalex.org/I33213144,University of Florida,2007,2025,0000-0003-1179-2851
https://openalex.org/A5089422462,Sara Jo Nixon,https://openalex.org/I204465549,Washington University in St. Louis,2002,2002,0000-0003-1179-2851
https://openalex.org/A5089422462,Sara Jo Nixon,https://openalex.org/I4210108032,MSD K.K. (Japan),2013,2013,0000-0003-1179-2851
https://openalex.org/A5089422462,Sara Jo Nixon,https://openalex.org/I143302722,University of Kentucky,2004,2009,0000-0003-1179-2851
https://openalex.org/A5089422462,Sara Jo Nixon,https://openalex.org/I13511017,Texas State University,2009,2009,0000-0003-1179-2851
https://openalex.org/A5089422462,Sara Jo Nixon,https://openalex.org/I188703185,GTx (United States),2013,2013,0000-0003-1179-2851
https://openalex.org/A5089422462,Sara Jo Nixon,https://openalex.org/I94062374,Florida College,2007,2024,0000-0003-1179-2851
https://openalex.org/A5089422462,Sara Jo Nixon,https://openalex.org/I49332381,University of Oklahoma Health Sciences Center,1988,2003,0000-0003-1179-2851
https://openalex.org/A5089422462,Sara Jo Nixon,https://openalex.org/I161318765,"University of California, Los Angeles",1999,1999,0000-0003-1179-2851
https://openalex.org/A5089422462,Sara Jo Nixon,https://openalex.org/I2803024077,University of Oklahoma Medical Center,2001,2001,0000-0003-1179-2851
https://openalex.org/A5089422462,Sara Jo Nixon,https://openalex.org/I193662353,Utrecht University,2005,2005,0000-0003-1179-2851
https://openalex.org/A5089422462,Sara Jo Nixon,https://openalex.org/I2802768257,Robert Bosch Hospital,2005,2005,0000-0003-1179-2851
https://openalex.org/A5089422462,Sara Jo Nixon,https://openalex.org/I1315708478,San Francisco VA Medical Center,2005,2005,0000-0003-1179-2851
https://openalex.org/A5089422462,Sara Jo Nixon,https://openalex.org/I110079840,University of Hohenheim,2005,2005,0000-0003-1179-2851
https://openalex.org/A5089422462,Sara Jo Nixon,https://openalex.org/I180670191,"University of California, San Francisco",2005,2005,0000-0003-1179-2851
https://openalex.org/A5089422462,Sara Jo Nixon,https://openalex.org/I8692664,University of Oklahoma,1981,2000,0000-0003-1179-2851
https://openalex.org/A5089422462,Sara Jo Nixon,https://openalex.org/I149530613,Lynn University,2007,2007,0000-0003-1179-2851
https://openalex.org/A5089422462,Sara Jo Nixon,https://openalex.org/I1314596251,Allen Institute for Brain Science,2007,2007,0000-0003-1179-2851
https://openalex.org/A5089422462,Sara Jo Nixon,https://openalex.org/I4210136621,Lynn Health Science Institute,2007,2007,0000-0003-1179-2851
https://openalex.org/A5089422462,Sara Jo Nixon,https://openalex.org/I4210099251,Oklahoma City VA Medical Center,1987,1987,0000-0003-1179-2851
https://openalex.org/A5089422462,Sara Jo Nixon,https://openalex.org/I145311948,Johns Hopkins University,2011,2011,0000-0003-1179-2851
https://openalex.org/A5089422462,Sara Jo Nixon,https://openalex.org/I4210122903,Health Services Center,1998,1998,0000-0003-1179-2851
https://openalex.org/A5089422462,Sara Jo Nixon,https://openalex.org/I4210135000,Foundation for Alcohol Research,1996,2003,0000-0003-1179-2851
https://openalex.org/A5089422462,Sara Jo Nixon,https://openalex.org/I1338135719,Centre for Addiction and Mental Health,2025,2025,0000-0003-1179-2851
https://openalex.org/A5089422462,Sara Jo Nixon,https://openalex.org/I867280407,The University of Texas Southwestern Medical Center,2017,2017,0000-0003-1179-2851
https://openalex.org/A5089422462,Sara Jo Nixon,https://openalex.org/I86519309,The University of Texas at Austin,2025,2025,0000-0003-1179-2851
https://openalex.org/A5089422462,Sara Jo Nixon,https://openalex.org/I4210122090,City Hospital,2025,2025,0000-0003-1179-2851
https://openalex.org/A5018543474,J. Clark Lane,https://openalex.org/I8692664,University of Oklahoma,1976,1976,
https://openalex.org/A5064868125,Donald Plouff,https://openalex.org/I4210099336,Menlo School,1976,2002,
https://openalex.org/A5064868125,Donald Plouff,https://openalex.org/I2802090665,University of Alaska System,2005,2005,
https://openalex.org/A5064868125,Donald Plouff,https://openalex.org/I1288214837,United States Naval Research Laboratory,2005,2005,
https://openalex.org/A5064868125,Donald Plouff,https://openalex.org/I4399598358,United States Navy,2005,2005,
https://openalex.org/A5064868125,Donald Plouff,https://openalex.org/I1286329397,United States Geological Survey,1966,2000,
https://openalex.org/A5064868125,Donald Plouff,https://openalex.org/I4391767831,Pacific Island Ecosystems Research Center,1987,1987,
https://openalex.org/A5064868125,Donald Plouff,https://openalex.org/I134113660,"University of Nevada, Reno",1992,1992,
https://openalex.org/A5064868125,Donald Plouff,https://openalex.org/I1335927249,United States Department of the Interior,1983,1988,
https://openalex.org/A5064868125,Donald Plouff,https://openalex.org/I198049902,Sierra Nevada Corporation (United States),1983,1983,
https://openalex.org/A5033398343,Jizhong Zhou,https://openalex.org/I8692664,University of Oklahoma,2025,2025,
https://openalex.org/A5033398343,Jizhong Zhou,https://openalex.org/I52158045,China Agricultural University,2011,2011,
https://openalex.org/A5018284217,Rebecca Maldonado,https://openalex.org/I8692664,University of Oklahoma,2021,2021,
https://openalex.org/A5057046905,L.J. Mignogna,https://openalex.org/I8692664,University of Oklahoma,2012,2012,
