author_id,name,institution_id,institution_name,year_start,year_end,orcid,closest_hospital,hospital_lat,hospital_lon,distance_km,date_of_birth,date_of_death,ORCID,loc_id,affiliation,q_id,total_works,total_citations,inst_type,appoint_len,appt_dropped_by_inst_type,appoint_len_w,winsorized_appointment,perfect_overlap,partial_overlap_kept,partial_overlap_author
https://openalex.org/A5042596874,Edward C. Halperin,https://openalex.org/I4210126298,Duke Medical Center,1985,2007,0000-0002-0849-5576,DUKE UNIVERSITY HOSPITAL,36.0070497990001,-78.937758112,3.806767988908248,,,0000-0002-0849-5576,n88087662,New York Medical College,Q54010421,286,7692,healthcare,22,0,22,False,1,1,1
https://openalex.org/A5042596874,Edward C. Halperin,https://openalex.org/I4210153043,Duke University Hospital,1985,2007,0000-0002-0849-5576,DUKE UNIVERSITY HOSPITAL,36.0070497990001,-78.937758112,3.8068183114717904,,,0000-0002-0849-5576,n88087662,New York Medical College,Q54010421,286,7692,healthcare,22,0,22,False,1,1,1
https://openalex.org/A5036388273,Nancy J. Cox,https://openalex.org/I200719446,Vanderbilt University,2014,2025,0000-0001-9315-0830,METROPOLITAN NASHVILLE GENERAL HOSPITAL,36.166906969,-86.80656112,1.9889945155026283,,,0000-0001-9315-0830,,Vanderbilt University,Q67954217,1052,124161,education,11,1,11,False,1,1,1
https://openalex.org/A5036388273,Nancy J. Cox,https://openalex.org/I114027177,University of North Carolina at Chapel Hill,2014,2025,0000-0001-9315-0830,UNIVERSITY OF NORTH CAROLINA HOSPITALS,35.9045427030001,-79.049689229,1.110654999538604,,,0000-0001-9315-0830,,Vanderbilt University,Q67954217,1052,124161,education,11,1,11,False,1,1,1
https://openalex.org/A5016514829,Caleb K. Charny,https://openalex.org/I2799853436,Johns Hopkins Medicine,1986,2005,,MERCY MEDICAL CENTER,39.2929215520001,-76.612884233,0.2888536563113657,,,,,,,18,902,healthcare,19,0,19,False,1,1,0
https://openalex.org/A5016514829,Caleb K. Charny,https://openalex.org/I145311948,Johns Hopkins University,1986,2005,,MERCY MEDICAL CENTER,39.2929215520001,-76.612884233,0.2888536563113657,,,,,,,18,902,education,19,0,19,False,1,1,0
https://openalex.org/A5037852998,Nathaniel A. Lynd,https://openalex.org/I86519309,The University of Texas at Austin,2014,2025,0000-0003-3010-5068,HEALTHSOUTH REHABILITATION HOSPITAL OF AUSTIN,30.2731283970001,-97.734112941,1.0863629860892785,,,0000-0003-3010-5068,,University of Texas at Austin,Q88675939,171,7274,education,11,0,11,False,0,1,0
https://openalex.org/A5037852998,Nathaniel A. Lynd,https://openalex.org/I154570441,"University of California, Santa Barbara",2008,2017,0000-0003-3010-5068,SANTA BARBARA COTTAGE HOSPITAL,34.429466689,-119.723809039,2.5384727841850334,,,0000-0003-3010-5068,,University of Texas at Austin,Q88675939,171,7274,education,9,0,9,False,0,1,0
https://openalex.org/A5014069871,Hermann Burr,https://openalex.org/I96424156,Federal Institute for Occupational Safety and Health,2011,2025,0000-0002-3864-6347,,,,,,,0000-0002-3864-6347,,Federal Institute for Occupational Safety and Health,Q90046370,225,12622,healthcare,14,1,14,False,0,1,1
https://openalex.org/A5014069871,Hermann Burr,https://openalex.org/I205783295,Cornell University,2006,2012,0000-0002-3864-6347,CAYUGA MEDICAL CENTER,42.4689850720001,-76.537484161,4.602820788088144,,,0000-0002-3864-6347,,Federal Institute for Occupational Safety and Health,Q90046370,225,12622,education,6,1,6,False,0,1,1
https://openalex.org/A5014541330,Guo Lin,https://openalex.org/I205783295,Cornell University,2003,2009,0000-0003-3390-5570,CAYUGA MEDICAL CENTER,42.4689850720001,-76.537484161,4.602820788088144,1972-03-10T00:00:00Z,,,,,Q1027050,206,5849,education,6,1,6,False,0,1,1
https://openalex.org/A5014541330,Guo Lin,https://openalex.org/I82880672,Beihang University,2007,2024,0000-0003-3390-5570,,,,,1972-03-10T00:00:00Z,,,,,Q1027050,206,5849,education,17,1,17,False,1,1,1
https://openalex.org/A5014541330,Guo Lin,https://openalex.org/I204983213,Harbin Institute of Technology,2007,2024,0000-0003-3390-5570,,,,,1972-03-10T00:00:00Z,,,,,Q1027050,206,5849,education,17,1,17,False,1,1,1
https://openalex.org/A5022468718,Sabyasachi Dash,https://openalex.org/I205783295,Cornell University,2019,2025,0000-0003-3966-9396,CAYUGA MEDICAL CENTER,42.4689850720001,-76.537484161,4.602820788088144,,,0000-0003-3966-9396,,Alexion Pharmaceuticals,Q96002375,36,2181,education,6,0,6,False,1,1,1
https://openalex.org/A5022468718,Sabyasachi Dash,https://openalex.org/I4387153466,Weill Cornell Medicine,2019,2025,0000-0003-3966-9396,NEW YORK-PRESBYTERIAN/LOWER MANHATTAN HOSPITAL,40.7105167880001,-74.0052978259999,0.4211660176629024,,,0000-0003-3966-9396,,Alexion Pharmaceuticals,Q96002375,36,2181,education,6,0,6,False,1,1,1
https://openalex.org/A5022468718,Sabyasachi Dash,https://openalex.org/I67357951,KIIT University,2013,2022,0000-0003-3966-9396,,,,,,,0000-0003-3966-9396,,Alexion Pharmaceuticals,Q96002375,36,2181,education,9,0,9,False,0,1,1
https://openalex.org/A5071828019,Noam Zuela-Sopilniak,https://openalex.org/I205783295,Cornell University,2019,2025,0000-0001-6324-1184,CAYUGA MEDICAL CENTER,42.4689850720001,-76.537484161,4.602820788088144,,,,,,,22,396,education,6,0,6,False,0,1,0
https://openalex.org/A5071828019,Noam Zuela-Sopilniak,https://openalex.org/I197251160,Hebrew University of Jerusalem,2012,2020,0000-0001-6324-1184,,,,,,,,,,,22,396,education,8,0,8,False,0,1,0
https://openalex.org/A5104436170,Darrell J. R. Evans,https://openalex.org/I79510175,Cardiff University,1999,2016,0000-0001-9425-6303,,,,,,,0000-0001-9425-6303,,University of Newcastle,Q91833376,113,4922,education,17,0,17,False,0,1,1
https://openalex.org/A5104436170,Darrell J. R. Evans,https://openalex.org/I56590836,Monash University,2013,2022,0000-0001-9425-6303,,,,,,,0000-0001-9425-6303,,University of Newcastle,Q91833376,113,4922,education,9,0,9,False,0,1,1
https://openalex.org/A5073663465,Eun‐Sook Cho,https://openalex.org/I4402554120,Rutgers New Jersey Medical School,1979,2009,,MOUNT CARMEL GUILD BEHAVIORAL HEALTHCARE SYSTEM,40.7371696590001,-74.170737958,0.2169961266005687,,,,,,,9,3158,education,30,0,30,False,1,1,1
https://openalex.org/A5073663465,Eun‐Sook Cho,https://openalex.org/I102322142,"Rutgers, The State University of New Jersey",1979,2009,,CHILDREN'S SPECIALIZED HOSPITAL,40.494825098,-74.451690392,0.9569060123417374,,,,,,,9,3158,education,30,0,30,False,1,1,1
https://openalex.org/A5066831235,Kévin Baudry,https://openalex.org/I277688954,Université Paris-Saclay,2017,2024,0000-0001-5680-9931,,,,,,,,,,,14,185,education,7,1,7,False,1,1,0
https://openalex.org/A5066831235,Kévin Baudry,https://openalex.org/I204730241,Université Paris Cité,2017,2024,0000-0001-5680-9931,,,,,,,,,,,14,185,education,7,1,7,False,1,1,0
https://openalex.org/A5025704489,Edward F. Di Carlo,https://openalex.org/I205783295,Cornell University,1988,2003,,CAYUGA MEDICAL CENTER,42.4689850720001,-76.537484161,4.602820788088144,1982-12-21T00:00:00Z,,,,,Q325497,3,28,education,15,0,15,False,1,1,0
https://openalex.org/A5025704489,Edward F. Di Carlo,https://openalex.org/I1281539108,Hospital for Special Surgery,1988,2003,,NEW YORK-PRESBYTERIAN/LOWER MANHATTAN HOSPITAL,40.7105167880001,-74.0052978259999,0.4212931995566836,1982-12-21T00:00:00Z,,,,,Q325497,3,28,healthcare,15,0,15,False,1,1,0
https://openalex.org/A5016083141,Michaël Ménard,https://openalex.org/I159129438,Université du Québec à Montréal,2013,2024,0000-0002-0947-0258,,,,,,,0000-0002-0947-0258,,Université du Québec à Montréal,Q123653388,140,751,education,11,1,11,False,0,1,0
https://openalex.org/A5016083141,Michaël Ménard,https://openalex.org/I5023651,McGill University,2004,2010,0000-0002-0947-0258,,,,,,,0000-0002-0947-0258,,Université du Québec à Montréal,Q123653388,140,751,education,6,1,6,False,0,1,0
https://openalex.org/A5016083141,Michaël Ménard,https://openalex.org/I78744979,La Rochelle Université,2008,2015,0000-0002-0947-0258,,,,,,,0000-0002-0947-0258,,Université du Québec à Montréal,Q123653388,140,751,education,7,1,7,False,0,1,0
https://openalex.org/A5100452198,Taeho Kim,https://openalex.org/I2801673063,Kyungpook National University Hospital,2004,2021,0000-0002-7500-8918,,,,,,,0000-0002-7500-8918,,Seoul National University,Q58004570,253,11625,healthcare,17,1,17,False,0,1,1
https://openalex.org/A5100452198,Taeho Kim,https://openalex.org/I87216513,Michigan State University,2019,2025,0000-0002-7500-8918,EDWARD W SPARROW HOSPITAL,42.7340987050001,-84.535341876,4.216001314222071,,,0000-0002-7500-8918,,Seoul National University,Q58004570,253,11625,education,6,1,6,False,0,1,1
https://openalex.org/A5024990798,Brett L. Lucht,https://openalex.org/I17626003,University of Rhode Island,1999,2025,0000-0002-4660-0840,SOUTH COUNTY HOSPITAL,41.431078649,-71.4964111,5.899302133338544,,,0000-0002-4660-0840,,,Q90922230,338,17789,education,26,0,26,False,0,1,0
https://openalex.org/A5024990798,Brett L. Lucht,https://openalex.org/I205783295,Cornell University,1996,2003,0000-0002-4660-0840,CAYUGA MEDICAL CENTER,42.4689850720001,-76.537484161,4.602820788088144,,,0000-0002-4660-0840,,,Q90922230,338,17789,education,7,0,7,False,0,1,0
https://openalex.org/A5086525008,John DiGiovanni,https://openalex.org/I4210147155,Pediatrics and Genetics,1976,2015,0000-0003-4233-6728,WELLSTAR NORTH FULTON HOSPITAL,34.0633213180001,-84.3199724679999,2.8482254421628737,,,0000-0003-4233-6728,,University of Texas at Austin,Q91060184,594,15664,healthcare,39,1,39,False,0,1,1
https://openalex.org/A5086525008,John DiGiovanni,https://openalex.org/I12138139,Austin College,2011,2025,0000-0003-4233-6728,TMC BEHAVIORAL HEALTH CENTER,33.6635435540001,-96.613359282,2.5710762590684664,,,0000-0003-4233-6728,,University of Texas at Austin,Q91060184,594,15664,education,14,1,14,False,0,1,1
https://openalex.org/A5111631253,Albert H. Burstein,https://openalex.org/I58956616,Case Western Reserve University,1970,1982,,LUTHERAN HOSPITAL,41.4876333760001,-81.707262893,1.6479325770104616,1922-11-22T00:00:00Z,2018-12-27T00:00:00Z,,,,Q4709839,124,11823,education,12,0,12,False,0,1,1
https://openalex.org/A5111631253,Albert H. Burstein,https://openalex.org/I1281539108,Hospital for Special Surgery,1979,2018,,NEW YORK-PRESBYTERIAN/LOWER MANHATTAN HOSPITAL,40.7105167880001,-74.0052978259999,0.4212931995566836,1922-11-22T00:00:00Z,2018-12-27T00:00:00Z,,,,Q4709839,124,11823,healthcare,39,0,39,False,0,1,1
https://openalex.org/A5100393999,Sheng Zhang,https://openalex.org/I2802573037,Tianjin Medical University Cancer Institute and Hospital,2011,2018,0000-0001-9370-0548,,,,,,,0000-0001-9370-0548,,Hainan University,Q89368370,233,2882,healthcare,7,1,7,False,0,1,1
https://openalex.org/A5100393999,Sheng Zhang,https://openalex.org/I2799293361,Baoji University of Arts and Sciences,2016,2022,0000-0001-9370-0548,,,,,,,0000-0001-9370-0548,,Hainan University,Q89368370,233,2882,education,6,1,6,False,0,1,1
https://openalex.org/A5051001903,F. Selleri,https://openalex.org/I5561750,University of Bari Aldo Moro,1967,2007,,,,,,,,,,,,190,3493,education,40,1,40,False,0,1,0
https://openalex.org/A5051001903,F. Selleri,https://openalex.org/I9360294,University of Bologna,1960,1968,,,,,,,,,,,,190,3493,education,8,1,8,False,0,1,0
https://openalex.org/A5083043200,Paola Cavaliere,https://openalex.org/I4387153466,Weill Cornell Medicine,2016,2025,,NEW YORK-PRESBYTERIAN/LOWER MANHATTAN HOSPITAL,40.7105167880001,-74.0052978259999,0.4211660176629024,,,,,University of Salerno,Q111630188,27,971,education,9,0,9,False,1,1,0
https://openalex.org/A5083043200,Paola Cavaliere,https://openalex.org/I205783295,Cornell University,2016,2025,,CAYUGA MEDICAL CENTER,42.4689850720001,-76.537484161,4.602820788088144,,,,,University of Salerno,Q111630188,27,971,education,9,0,9,False,1,1,0
https://openalex.org/A5010410773,Julius M. Gardin,https://openalex.org/I204250578,"University of California, Irvine",1982,2016,0000-0002-9942-1539,KAISER FND HOSP - IRVINE,33.6582356330001,-117.774927793,4.630539805676765,,,,,,Q114335853,369,45064,education,34,1,34,False,0,1,1
https://openalex.org/A5010410773,Julius M. Gardin,https://openalex.org/I4402554120,Rutgers New Jersey Medical School,2012,2025,0000-0002-9942-1539,MOUNT CARMEL GUILD BEHAVIORAL HEALTHCARE SYSTEM,40.7371696590001,-74.170737958,0.2169961266005687,,,,,,Q114335853,369,45064,education,13,1,13,False,1,1,1
https://openalex.org/A5010410773,Julius M. Gardin,https://openalex.org/I102322142,"Rutgers, The State University of New Jersey",2012,2025,0000-0002-9942-1539,CHILDREN'S SPECIALIZED HOSPITAL,40.494825098,-74.451690392,0.9569060123417374,,,,,,Q114335853,369,45064,education,13,1,13,False,1,1,1
https://openalex.org/A5109252322,N. Amos,https://openalex.org/I66946132,"University of Maryland, College Park",1989,1995,,SAINT LUKE INSTITUTE,39.002567964,-76.980022199,4.45031974460681,,,,,,Q64604480,160,7832,education,6,1,6,False,0,1,1
https://openalex.org/A5109252322,N. Amos,https://openalex.org/I27837315,University of Michigan–Ann Arbor,1994,2019,,UNIVERSITY OF MICHIGAN HEALTH SYSTEM,42.283191747,-83.728707796,1.181076648372232,,,,,,Q64604480,160,7832,education,25,1,25,False,0,1,1
https://openalex.org/A5109252322,N. Amos,https://openalex.org/I111979921,Northwestern University,1983,1992,,PRESENCE ST FRANCIS HOSPITAL,42.0243893370001,-87.684568052,1.917023334551091,,,,,,Q64604480,160,7832,education,9,1,9,False,0,1,1
https://openalex.org/A5032854353,Elizabeth S. Gloster,https://openalex.org/I181697535,SUNY Downstate Health Sciences University,2003,2012,,UNIVERSITY HOSPITAL OF BROOKLYN,40.6548418790001,-73.944227854,0.6939690057960565,1949-06-05T00:00:00Z,,,,,Q5362845,43,737,education,9,1,9,False,0,1,0
https://openalex.org/A5032854353,Elizabeth S. Gloster,https://openalex.org/I1327163397,State University of New York,1989,2004,,VA MEDICAL CENTER - ALBANY STRATTON,42.6508081800001,-73.771944595,1.299934220282715,1949-06-05T00:00:00Z,,,,,Q5362845,43,737,education,15,1,15,False,0,1,0
https://openalex.org/A5080282379,Cheryl F. Dreyfus,https://openalex.org/I2802203029,Johnson University,1991,2025,0000-0002-1368-6203,BAPTIST HOSPITAL OF EAST TENNESSEE,35.955245645,-83.914459568,14.904094724594808,,,0000-0002-1368-6203,,,Q92947280,106,7182,education,34,0,34,False,0,1,1
https://openalex.org/A5080282379,Cheryl F. Dreyfus,https://openalex.org/I28166907,Karolinska Institutet,1978,1993,0000-0002-1368-6203,,,,,,,0000-0002-1368-6203,,,Q92947280,106,7182,education,15,0,15,False,0,1,1
https://openalex.org/A5014872605,Bradley R. Jones,https://openalex.org/I1331384533,University of Hawaii System,2001,2024,0000-0003-4498-1069,QUEENS MEDICAL CENTER,21.3080396020001,-157.853638515,0.501895912550603,,,0000-0003-4498-1069,,,Q63515456,63,1670,education,23,1,23,False,1,1,1
https://openalex.org/A5014872605,Bradley R. Jones,https://openalex.org/I117965899,University of Hawaiʻi at Mānoa,2001,2024,0000-0003-4498-1069,QUEENS MEDICAL CENTER,21.3080396020001,-157.853638515,0.501895912550603,,,0000-0003-4498-1069,,,Q63515456,63,1670,education,23,1,23,False,1,1,1
https://openalex.org/A5021769541,Urban Deutsch,https://openalex.org/I118564535,University of Bern,2004,2025,0000-0003-4265-6262,,,,,2000-01-01T00:00:00Z,,0000-0003-4265-6262,,Harvard Medical School,Q32420081,135,17573,education,21,1,21,False,0,1,1
https://openalex.org/A5021769541,Urban Deutsch,https://openalex.org/I136199984,Harvard University,1995,2008,0000-0003-4265-6262,SPAULDING HOSPITAL FOR CONTINUING MED CARE CAMBRIDGE,42.3753221040001,-71.106943456,0.1122862784625716,2000-01-01T00:00:00Z,,0000-0003-4265-6262,,Harvard Medical School,Q32420081,135,17573,education,13,1,13,False,0,1,1
https://openalex.org/A5058957254,Lawrence Schwartz,https://openalex.org/I51713134,University of Colorado Anschutz Medical Campus,2013,2022,0000-0003-2960-9365,SPALDING REHABILITATION HOSPITAL,39.7310299640001,-104.827472751,0.4195640955196614,,,0000-0003-2960-9365,,,Q94454955,51,2347,education,9,0,9,False,1,1,0
https://openalex.org/A5058957254,Lawrence Schwartz,https://openalex.org/I921990950,University of Colorado Denver,2013,2022,0000-0003-2960-9365,DENVER HEALTH MEDICAL CENTER,39.728201143,-104.990975106,1.3304606647663948,,,0000-0003-2960-9365,,,Q94454955,51,2347,education,9,0,9,False,1,1,0
https://openalex.org/A5058957254,Lawrence Schwartz,https://openalex.org/I4210096275,Children's Hospital Colorado,2013,2022,0000-0003-2960-9365,CHILDREN'S HOSPITAL COLORADO,39.742180067,-104.834457589,0.1858604205294406,,,0000-0003-2960-9365,,,Q94454955,51,2347,healthcare,9,0,9,False,1,1,0
https://openalex.org/A5109862987,Eric O'n. Fisher,https://openalex.org/I149919469,California Polytechnic State University,2007,2017,,FRENCH HOSPITAL MEDICAL CENTER,35.2779315060001,-120.650641412,0.9753518264654504,1924-07-28T00:00:00Z,1996-06-19T00:00:00Z,,,,Q5386482,67,1060,education,10,0,10,False,0,1,0
https://openalex.org/A5109862987,Eric O'n. Fisher,https://openalex.org/I52357470,The Ohio State University,1995,2008,,GRANT MEDICAL CENTER,39.9609732750001,-82.991001983,0.6641611863192901,1924-07-28T00:00:00Z,1996-06-19T00:00:00Z,,,,Q5386482,67,1060,education,13,0,13,False,0,1,0
https://openalex.org/A5075312012,Verdi J. DiSesa,https://openalex.org/I1283280774,Brigham and Women's Hospital,1981,1997,,SHRINERS' HOSPITAL FOR CHILDREN,42.3630925480001,-71.066301879,0.7463639796080036,,,,,,,163,5561,healthcare,16,0,16,False,1,1,0
https://openalex.org/A5075312012,Verdi J. DiSesa,https://openalex.org/I136199984,Harvard University,1981,1997,,SPAULDING HOSPITAL FOR CONTINUING MED CARE CAMBRIDGE,42.3753221040001,-71.106943456,0.1122862784625716,,,,,,,163,5561,education,16,0,16,False,1,1,0
https://openalex.org/A5040761076,Nicholas J. Morrissey,https://openalex.org/I78577930,Columbia University,2004,2024,,NEW YORK-PRESBYTERIAN/LOWER MANHATTAN HOSPITAL,40.7105167880001,-74.0052978259999,0.4211660176629024,,,,,,,159,4466,education,20,0,20,False,0,1,1
https://openalex.org/A5040761076,Nicholas J. Morrissey,https://openalex.org/I98704320,Icahn School of Medicine at Mount Sinai,2000,2006,,NEW YORK-PRESBYTERIAN/LOWER MANHATTAN HOSPITAL,40.7105167880001,-74.0052978259999,0.4212931995566836,,,,,,,159,4466,education,6,0,6,False,0,1,1
https://openalex.org/A5006071957,Joshua S. Schiffman,https://openalex.org/I205783295,Cornell University,2019,2025,0000-0002-1028-1438,CAYUGA MEDICAL CENTER,42.4689850720001,-76.537484161,4.602820788088144,,,0000-0002-6968-7694,,,Q90198980,15,401,education,6,1,6,False,1,1,0
https://openalex.org/A5006071957,Joshua S. Schiffman,https://openalex.org/I4387153466,Weill Cornell Medicine,2019,2025,0000-0002-1028-1438,NEW YORK-PRESBYTERIAN/LOWER MANHATTAN HOSPITAL,40.7105167880001,-74.0052978259999,0.4211660176629024,,,0000-0002-6968-7694,,,Q90198980,15,401,education,6,1,6,False,1,1,0
https://openalex.org/A5003522988,Melissa Reichman,https://openalex.org/I2801107848,New York Hospital Queens,2009,2025,,NEW YORK HOSPITAL QUEENS,40.7467722760001,-73.8254163829999,0.0417498423540367,,,,,,,29,474,healthcare,16,0,16,False,1,1,0
https://openalex.org/A5003522988,Melissa Reichman,https://openalex.org/I1340179700,NewYork–Presbyterian Hospital,2009,2025,,NEW YORK-PRESBYTERIAN/LOWER MANHATTAN HOSPITAL,40.7105167880001,-74.0052978259999,0.4212931995566836,,,,,,,29,474,healthcare,16,0,16,False,1,1,0
https://openalex.org/A5003522988,Melissa Reichman,https://openalex.org/I205783295,Cornell University,2009,2025,,CAYUGA MEDICAL CENTER,42.4689850720001,-76.537484161,4.602820788088144,,,,,,,29,474,education,16,0,16,False,1,1,0
https://openalex.org/A5003522988,Melissa Reichman,https://openalex.org/I4210096498,Presbyterian Hospital,2009,2025,,PRESBYTERIAN HOSPITAL,35.0816332380001,-106.63549872,0.0155405724460574,,,,,,,29,474,healthcare,16,0,16,False,1,1,0
https://openalex.org/A5100523913,Qianfan Xu,https://openalex.org/I205783295,Cornell University,2003,2012,,CAYUGA MEDICAL CENTER,42.4689850720001,-76.537484161,4.602820788088144,,,,,,,107,12341,education,9,0,9,False,0,1,0
https://openalex.org/A5100523913,Qianfan Xu,https://openalex.org/I74775410,Rice University,2009,2015,,ST. JOSEPH MEDICAL CENTER,29.7481161270001,-95.366148139,1.7088830518941125,,,,,,,107,12341,education,6,0,6,False,0,1,0
https://openalex.org/A5008450550,Jean‐Baptiste Micol,https://openalex.org/I277688954,Université Paris-Saclay,2016,2024,0000-0003-0934-294X,,,,,1975-01-01T00:00:00Z,,0000-0003-0934-294X,,,Q90406627,224,5291,education,8,1,8,False,0,1,0
https://openalex.org/A5008450550,Jean‐Baptiste Micol,https://openalex.org/I204730241,Université Paris Cité,2011,2020,0000-0003-0934-294X,,,,,1975-01-01T00:00:00Z,,0000-0003-0934-294X,,,Q90406627,224,5291,education,9,1,9,False,0,1,0
https://openalex.org/A5020725876,R.J. Lachicotte,https://openalex.org/I5388228,University of Rochester,1997,2010,,THE UNITY HOSPITAL OF ROCHESTER-ST MARYS CAMPUS,43.148695284,-77.637099746,1.873628521482556,,,,,,,280,7024,education,13,0,13,False,0,1,0
https://openalex.org/A5020725876,R.J. Lachicotte,https://openalex.org/I150468666,Emory University,1993,1999,,GRADY MEMORIAL HOSPITAL,33.751988554,-84.3817915719999,0.6614313289417885,,,,,,,280,7024,education,6,0,6,False,0,1,0
https://openalex.org/A5020725876,R.J. Lachicotte,https://openalex.org/I204593131,College of Charleston,1990,1996,,ROPER HOSPITAL,32.782793918,-79.949276415,1.8501259071915648,,,,,,,280,7024,education,6,0,6,False,0,1,0
https://openalex.org/A5045755997,Alexander Böker,https://openalex.org/I176453806,University of Potsdam,2015,2025,0000-0002-5760-6631,,,,,1973-09-17T00:00:00Z,,0000-0002-5760-6631,nb2015020105,University of Potsdam,Q28381889,260,11056,education,10,1,10,False,0,1,1
https://openalex.org/A5045755997,Alexander Böker,https://openalex.org/I205783295,Cornell University,2000,2017,0000-0002-5760-6631,CAYUGA MEDICAL CENTER,42.4689850720001,-76.537484161,4.602820788088144,1973-09-17T00:00:00Z,,0000-0002-5760-6631,nb2015020105,University of Potsdam,Q28381889,260,11056,education,17,1,17,False,0,1,1
https://openalex.org/A5100675929,Qiu Wang,https://openalex.org/I70983195,Syracuse University,2012,2025,0000-0003-1635-8050,ST JOSEPH'S HOSPITAL HEALTH CENTER,43.055933075,-76.1500616719999,0.894995360519316,1989-04-14T00:00:00Z,,,,,Q3546149,175,2519,education,13,0,13,False,1,1,1
https://openalex.org/A5100675929,Qiu Wang,https://openalex.org/I24185976,Sichuan University,2012,2025,0000-0003-1635-8050,,,,,1989-04-14T00:00:00Z,,,,,Q3546149,175,2519,education,13,0,13,False,1,1,1
https://openalex.org/A5016481057,Michael J. Gerver,https://openalex.org/I63966007,Massachusetts Institute of Technology,1983,1990,,SPAULDING HOSPITAL FOR CONTINUING MED CARE CAMBRIDGE,42.3753221040001,-71.106943456,0.1122862784625716,1942-01-01T00:00:00Z,,,n83132893,,Q108875650,65,523,education,7,1,7,False,1,1,0
https://openalex.org/A5016481057,Michael J. Gerver,https://openalex.org/I4210149442,Fusion Academy,1983,1990,,SPECTRUM HEALTH - BUTTERWORTH CAMPUS,42.9696691940001,-85.665746666,0.6563917316076635,1942-01-01T00:00:00Z,,,n83132893,,Q108875650,65,523,education,7,1,7,False,1,1,0
https://openalex.org/A5016014334,P. L. Bonanno,https://openalex.org/I1288283403,Georgia Tech Lorraine,2009,2016,,,,,,,,,,,,24,209,education,7,1,7,False,1,1,0
https://openalex.org/A5016014334,P. L. Bonanno,https://openalex.org/I130701444,Georgia Institute of Technology,2009,2016,,GRADY MEMORIAL HOSPITAL,33.751988554,-84.3817915719999,0.6616538728322765,,,,,,,24,209,education,7,1,7,False,1,1,0
https://openalex.org/A5101492631,Takahiro Nakano,https://openalex.org/I40677808,Kyoto Prefectural University of Medicine,2017,2023,0000-0002-8512-9254,,,,,,,0000-0002-8512-9254,,,Q92799082,198,2004,education,6,1,6,False,0,1,1
https://openalex.org/A5101492631,Takahiro Nakano,https://openalex.org/I98285908,Osaka University,1989,2020,0000-0002-8512-9254,,,,,,,0000-0002-8512-9254,,,Q92799082,198,2004,education,31,1,31,False,0,1,1
https://openalex.org/A5055864100,Robert N. Hotchkiss,https://openalex.org/I145311948,Johns Hopkins University,1981,1989,,MERCY MEDICAL CENTER,39.2929215520001,-76.612884233,0.2888536563113657,,,,,,Q133282456,87,5851,education,8,1,8,False,1,1,1
https://openalex.org/A5055864100,Robert N. Hotchkiss,https://openalex.org/I2799853436,Johns Hopkins Medicine,1981,1989,,MERCY MEDICAL CENTER,39.2929215520001,-76.612884233,0.2888536563113657,,,,,,Q133282456,87,5851,healthcare,8,1,8,False,1,1,1
https://openalex.org/A5100437902,Xiaowen Liu,https://openalex.org/I205783295,Cornell University,2000,2008,0000-0003-4139-1127,CAYUGA MEDICAL CENTER,42.4689850720001,-76.537484161,4.602820788088144,,,0000-0003-4139-1127,,Indiana University – Purdue University Indianapolis,Q80621527,644,10204,education,8,1,8,False,0,1,1
https://openalex.org/A5100437902,Xiaowen Liu,https://openalex.org/I154099455,Shandong University,2005,2023,0000-0003-4139-1127,,,,,,,0000-0003-4139-1127,,Indiana University – Purdue University Indianapolis,Q80621527,644,10204,education,18,1,18,False,0,1,1
https://openalex.org/A5051220005,Jin Okazaki,https://openalex.org/I135598925,Kyushu University,1995,2015,0000-0003-4009-0197,,,,,,,,,,,80,1012,education,20,0,20,False,0,1,1
https://openalex.org/A5051220005,Jin Okazaki,https://openalex.org/I4210161538,Kokura Memorial Hospital,2012,2025,0000-0003-4009-0197,,,,,,,,,,,80,1012,healthcare,13,0,13,False,0,1,1
https://openalex.org/A5105771268,Michael P. Osborne,https://openalex.org/I4210101825,Strang Cancer Prevention Institute,1993,2018,0000-0002-8298-3252,NEW YORK-PRESBYTERIAN/LOWER MANHATTAN HOSPITAL,40.7105167880001,-74.0052978259999,0.4212931995566836,1982-07-29T00:00:00Z,,,,,Q6833259,151,4942,education,25,0,25,False,0,1,1
https://openalex.org/A5105771268,Michael P. Osborne,https://openalex.org/I79619799,University of Birmingham,1962,1996,0000-0002-8298-3252,,,,,1982-07-29T00:00:00Z,,,,,Q6833259,151,4942,education,34,0,34,False,0,1,1
https://openalex.org/A5076810702,Evelyn Taiwo,https://openalex.org/I867280407,The University of Texas Southwestern Medical Center,2009,2016,0000-0003-4829-4231,TEXAS SCOTTISH RITE HOSPITAL FOR CHILDREN,32.8019769000001,-96.81431331,2.221486976455084,,,0000-0003-4829-4231,,,Q60324626,39,153,healthcare,7,0,7,False,0,1,1
https://openalex.org/A5076810702,Evelyn Taiwo,https://openalex.org/I4210117211,Kings County Hospital Center,2014,2022,0000-0003-4829-4231,KINGS COUNTY HOSPITAL CENTER,40.656616381,-73.94469079,0.0295308860604774,,,0000-0003-4829-4231,,,Q60324626,39,153,healthcare,8,0,8,False,0,1,1
https://openalex.org/A5050731864,William S. Blau,https://openalex.org/I114027177,University of North Carolina at Chapel Hill,1992,2013,,UNIVERSITY OF NORTH CAROLINA HOSPITALS,35.9045427030001,-79.049689229,1.110654999538604,,,,,,Q102147015,45,1047,education,21,0,21,False,0,1,0
https://openalex.org/A5050731864,William S. Blau,https://openalex.org/I205783295,Cornell University,1981,1994,,CAYUGA MEDICAL CENTER,42.4689850720001,-76.537484161,4.602820788088144,,,,,,Q102147015,45,1047,education,13,0,13,False,0,1,0
https://openalex.org/A5091746173,Ethan A. Halm,https://openalex.org/I98704320,Icahn School of Medicine at Mount Sinai,1998,2011,0000-0003-3042-2741,NEW YORK-PRESBYTERIAN/LOWER MANHATTAN HOSPITAL,40.7105167880001,-74.0052978259999,0.4212931995566836,,,,n89230293,,Q114454713,474,17646,education,13,1,13,False,0,1,1
https://openalex.org/A5091746173,Ethan A. Halm,https://openalex.org/I867280407,The University of Texas Southwestern Medical Center,2008,2025,0000-0003-3042-2741,TEXAS SCOTTISH RITE HOSPITAL FOR CHILDREN,32.8019769000001,-96.81431331,2.221486976455084,,,,n89230293,,Q114454713,474,17646,healthcare,17,1,17,False,1,1,1
https://openalex.org/A5091746173,Ethan A. Halm,https://openalex.org/I102322142,"Rutgers, The State University of New Jersey",2008,2025,0000-0003-3042-2741,CHILDREN'S SPECIALIZED HOSPITAL,40.494825098,-74.451690392,0.9569060123417374,,,,n89230293,,Q114454713,474,17646,education,17,1,17,False,1,1,1
https://openalex.org/A5070221807,Jeffrey S. Ross,https://openalex.org/I63966007,Massachusetts Institute of Technology,1983,2019,0000-0001-5865-6828,SPAULDING HOSPITAL FOR CONTINUING MED CARE CAMBRIDGE,42.3753221040001,-71.106943456,0.1122862784625716,,,0000-0001-5865-6828,n88052138,Los Alamos National Laboratory,Q37834177,965,35126,education,36,1,36,False,0,1,1
https://openalex.org/A5070221807,Jeffrey S. Ross,https://openalex.org/I4210146710,Mayo Clinic in Florida,2016,2024,0000-0001-5865-6828,UF HEALTH JACKSONVILLE,30.3485052390001,-81.664274824,1.9951802358513129,,,0000-0001-5865-6828,n88052138,Los Alamos National Laboratory,Q37834177,965,35126,healthcare,8,1,8,False,0,1,1
https://openalex.org/A5111681812,WilliamR. Shapiro,https://openalex.org/I1334819555,Memorial Sloan Kettering Cancer Center,1984,1990,,NEW YORK-PRESBYTERIAN/LOWER MANHATTAN HOSPITAL,40.7105167880001,-74.0052978259999,0.4212931995566836,,,,,,,4,145,healthcare,6,0,6,False,1,1,0
https://openalex.org/A5111681812,WilliamR. Shapiro,https://openalex.org/I205783295,Cornell University,1984,1990,,CAYUGA MEDICAL CENTER,42.4689850720001,-76.537484161,4.602820788088144,,,,,,,4,145,education,6,0,6,False,1,1,0
https://openalex.org/A5068718131,Anders M. Lindroth,https://openalex.org/I205783295,Cornell University,2005,2012,0000-0002-8291-2745,CAYUGA MEDICAL CENTER,42.4689850720001,-76.537484161,4.602820788088144,,,0000-0002-8291-2745,,Cornell University,Q55187849,59,10582,education,7,0,7,False,0,1,0
https://openalex.org/A5068718131,Anders M. Lindroth,https://openalex.org/I298625061,Swedish University of Agricultural Sciences,1996,2009,0000-0002-8291-2745,,,,,,,0000-0002-8291-2745,,Cornell University,Q55187849,59,10582,education,13,0,13,False,0,1,0
https://openalex.org/A5034999767,Mark Schroeder,https://openalex.org/I83399316,Rockefeller University,2001,2025,0000-0002-1360-9021,NEW YORK-PRESBYTERIAN/LOWER MANHATTAN HOSPITAL,40.7105167880001,-74.0052978259999,0.4212931995566836,,,0000-0003-4924-8990,,,Q61161399,199,9007,education,24,0,24,False,0,1,1
https://openalex.org/A5034999767,Mark Schroeder,https://openalex.org/I170201317,University of Pittsburgh,1995,2005,0000-0002-1360-9021,UPMC MERCY,40.436099,-79.985113999,1.041360910333493,,,0000-0003-4924-8990,,,Q61161399,199,9007,education,10,0,10,False,0,1,1
https://openalex.org/A5026449286,Ed Stover,https://openalex.org/I33213144,University of Florida,1997,2017,0000-0002-8979-0955,SHANDS HOSPITAL,29.639990133,-82.342864823,2.170901615578337,,,0000-0002-8979-0955,,Agricultural Research Service,Q90482468,167,3860,education,20,1,20,False,0,1,1
https://openalex.org/A5026449286,Ed Stover,https://openalex.org/I103635307,"University of California, Riverside",2014,2021,0000-0002-8979-0955,PACIFIC GROVE HOSPITAL,33.9623063870001,-117.3952935,0.999106203949626,,,0000-0002-8979-0955,,Agricultural Research Service,Q90482468,167,3860,education,7,1,7,False,0,1,1
https://openalex.org/A5066375463,Jae W. Song,https://openalex.org/I2801680663,Asan Medical Center,2006,2025,0000-0002-3127-6427,,,,,,,0000-0002-3127-6427,,Hospital of the University of Pennsylvania,Q90021997,126,2625,healthcare,19,0,19,False,1,1,1
https://openalex.org/A5066375463,Jae W. Song,https://openalex.org/I40542001,University of Ulsan,2006,2025,0000-0002-3127-6427,,,,,,,0000-0002-3127-6427,,Hospital of the University of Pennsylvania,Q90021997,126,2625,education,19,0,19,False,1,1,1
https://openalex.org/A5066375463,Jae W. Song,https://openalex.org/I116631150,Ulsan College,2006,2025,0000-0002-3127-6427,,,,,,,0000-0002-3127-6427,,Hospital of the University of Pennsylvania,Q90021997,126,2625,education,19,0,19,False,1,1,1
https://openalex.org/A5052048627,Noopur Raje,https://openalex.org/I4210087915,Massachusetts General Hospital,1999,2025,0000-0003-3066-1275,SHRINERS' HOSPITAL FOR CHILDREN,42.3630925480001,-71.066301879,0.7463639796080036,,,,,,Q114442101,1025,43411,healthcare,26,1,26,False,1,1,1
https://openalex.org/A5052048627,Noopur Raje,https://openalex.org/I136199984,Harvard University,1999,2025,0000-0003-3066-1275,SPAULDING HOSPITAL FOR CONTINUING MED CARE CAMBRIDGE,42.3753221040001,-71.106943456,0.1122862784625716,,,,,,Q114442101,1025,43411,education,26,1,26,False,1,1,1
https://openalex.org/A5052048627,Noopur Raje,https://openalex.org/I1325846038,Royal Marsden NHS Foundation Trust,1995,2001,0000-0003-3066-1275,,,,,,,,,,Q114442101,1025,43411,healthcare,6,1,6,False,0,1,1
https://openalex.org/A5108410764,Jack W. C. Hagstrom,https://openalex.org/I205783295,Cornell University,1963,1969,,CAYUGA MEDICAL CENTER,42.4689850720001,-76.537484161,4.602820788088144,,,,,,,51,1565,education,6,0,6,False,1,1,1
https://openalex.org/A5108410764,Jack W. C. Hagstrom,https://openalex.org/I1340179700,NewYork–Presbyterian Hospital,1963,1969,,NEW YORK-PRESBYTERIAN/LOWER MANHATTAN HOSPITAL,40.7105167880001,-74.0052978259999,0.4212931995566836,,,,,,,51,1565,healthcare,6,0,6,False,1,1,1
https://openalex.org/A5090827566,Anne M. Covey,https://openalex.org/I1334819555,Memorial Sloan Kettering Cancer Center,2001,2025,0000-0002-1477-8468,NEW YORK-PRESBYTERIAN/LOWER MANHATTAN HOSPITAL,40.7105167880001,-74.0052978259999,0.4212931995566836,,,0000-0002-1477-8468,,Memorial Sloan Kettering Cancer Center,Q98383001,314,12478,healthcare,24,0,24,False,1,1,1
https://openalex.org/A5090827566,Anne M. Covey,https://openalex.org/I205783295,Cornell University,2001,2025,0000-0002-1477-8468,CAYUGA MEDICAL CENTER,42.4689850720001,-76.537484161,4.602820788088144,,,0000-0002-1477-8468,,Memorial Sloan Kettering Cancer Center,Q98383001,314,12478,education,24,0,24,False,1,1,1
https://openalex.org/A5075980565,Justine E. Vanden Heuvel,https://openalex.org/I205783295,Cornell University,2009,2025,0000-0003-1288-1880,CAYUGA MEDICAL CENTER,42.4689850720001,-76.537484161,4.602820788088144,,,,,,,95,1464,education,16,0,16,False,0,1,1
https://openalex.org/A5075980565,Justine E. Vanden Heuvel,https://openalex.org/I24603500,University of Massachusetts Amherst,2004,2010,0000-0003-1288-1880,COOLEY DICKINSON HOSPITAL,42.3302,-72.6532,12.099031162779085,,,,,,,95,1464,education,6,0,6,False,0,1,1
https://openalex.org/A5082121413,Francesco De Bernardis,https://openalex.org/I204250578,"University of California, Irvine",2008,2015,,KAISER FND HOSP - IRVINE,33.6582356330001,-117.774927793,4.630539805676765,,,,,,,59,2959,education,7,0,7,False,0,1,0
https://openalex.org/A5082121413,Francesco De Bernardis,https://openalex.org/I861853513,Sapienza University of Rome,1992,2011,,,,,,,,,,,,59,2959,education,19,0,19,False,0,1,0
https://openalex.org/A5049029574,Michelle Naidoo,https://openalex.org/I174216632,City University of New York,2014,2021,0000-0001-7880-8868,NEW YORK-PRESBYTERIAN/LOWER MANHATTAN HOSPITAL,40.7105167880001,-74.0052978259999,0.4211660176629024,,,0000-0001-7880-8868,,,Q99552060,41,187,education,7,0,7,False,1,1,0
https://openalex.org/A5049029574,Michelle Naidoo,https://openalex.org/I39694355,Hunter College,2014,2021,0000-0001-7880-8868,NEW YORK-PRESBYTERIAN/LOWER MANHATTAN HOSPITAL,40.7105167880001,-74.0052978259999,0.4212931995566836,,,0000-0001-7880-8868,,,Q99552060,41,187,education,7,0,7,False,1,1,0
https://openalex.org/A5055890962,Daniel Metzger,https://openalex.org/I123534392,University of North Texas,2008,2023,,UNIVERSITY BEHAVIORAL HEALTH OF DENTON,33.231285402,-97.156446707,2.841186621024928,1961-08-30T00:00:00Z,,0000-0002-5555-046X,nb2007000559,,Q38318097,45,275,education,15,0,15,False,1,1,0
https://openalex.org/A5055890962,Daniel Metzger,https://openalex.org/I165139151,University of North Texas Health Science Center,2008,2023,,JOHN PETER SMITH HOSPITAL,32.727080034,-97.327101276,0.6138392164680009,1961-08-30T00:00:00Z,,0000-0002-5555-046X,nb2007000559,,Q38318097,45,275,education,15,0,15,False,1,1,0
https://openalex.org/A5060661202,Whitney E. Parker,https://openalex.org/I205783295,Cornell University,2015,2021,,CAYUGA MEDICAL CENTER,42.4689850720001,-76.537484161,4.602820788088144,,,,,,,26,1091,education,6,0,6,False,1,1,0
https://openalex.org/A5060661202,Whitney E. Parker,https://openalex.org/I4210157890,Neurological Surgery,2015,2021,,SOUTH NASSAU COMMUNITIES HOSPITAL,40.6509979950001,-73.630839438,1.804323629237408,,,,,,,26,1091,healthcare,6,0,6,False,1,1,0
https://openalex.org/A5019661834,Charles Henderson,https://openalex.org/I136199984,Harvard University,1945,2009,0000-0003-0334-6739,SPAULDING HOSPITAL FOR CONTINUING MED CARE CAMBRIDGE,42.3753221040001,-71.106943456,0.1122862784625716,,,0000-0003-0334-6739,,Western Michigan University,Q60061222,686,34360,education,64,0,50,True,0,1,1
https://openalex.org/A5019661834,Charles Henderson,https://openalex.org/I188538660,University of Colorado Boulder,2008,2014,0000-0003-0334-6739,BOULDER COMMUNITY HOSPITAL,40.0260605190001,-105.283258697,1.6387034302815886,,,0000-0003-0334-6739,,Western Michigan University,Q60061222,686,34360,education,6,0,6,False,0,1,1
https://openalex.org/A5060743720,Samuel Dahan,https://openalex.org/I204722609,Queen's University,2012,2025,0000-0002-1079-8998,,,,,1984-11-25T00:00:00Z,,,,,Q135321652,46,161,education,13,0,13,False,1,1,0
https://openalex.org/A5060743720,Samuel Dahan,https://openalex.org/I205783295,Cornell University,2012,2025,0000-0002-1079-8998,CAYUGA MEDICAL CENTER,42.4689850720001,-76.537484161,4.602820788088144,1984-11-25T00:00:00Z,,,,,Q135321652,46,161,education,13,0,13,False,1,1,0
https://openalex.org/A5008134383,Paula A. Pino,https://openalex.org/I45438204,The University of Texas at San Antonio,2011,2017,0000-0001-8626-926X,NIX HEALTH CARE SYSTEM,29.4256719860001,-98.48942,0.4427119885513327,,,0000-0001-8626-926X,,,Q92245147,66,2062,education,6,1,6,False,0,1,1
https://openalex.org/A5008134383,Paula A. Pino,https://openalex.org/I162148367,Pontificia Universidad Católica de Chile,2016,2025,0000-0001-8626-926X,,,,,,,0000-0001-8626-926X,,,Q92245147,66,2062,education,9,1,9,False,0,1,1
https://openalex.org/A5110575652,Ki-Wook Kim,https://openalex.org/I53964585,Weizmann Institute of Science,2008,2021,,,,,,,,0000-0001-9579-6408,,University of New South Wales,Q57306930,92,11210,education,13,0,13,False,0,1,1
https://openalex.org/A5110575652,Ki-Wook Kim,https://openalex.org/I16820183,Illinois College,2019,2025,,PASSAVANT AREA HOSPITAL,39.7460849930001,-90.2604866359999,2.08791507449223,,,0000-0001-9579-6408,,University of New South Wales,Q57306930,92,11210,education,6,0,6,False,1,1,1
https://openalex.org/A5110575652,Ki-Wook Kim,https://openalex.org/I39422238,University of Illinois Chicago,2019,2025,,MERCY HOSPITAL AND MEDICAL CENTER,41.8468895830001,-87.621491598,2.3911404464142096,,,0000-0001-9579-6408,,University of New South Wales,Q57306930,92,11210,education,6,0,6,False,1,1,1
https://openalex.org/A5050603691,J.K. Drackley,https://openalex.org/I157725225,University of Illinois Urbana-Champaign,1991,2025,0000-0002-4560-5594,THE CARLE FOUNDATION HOSPITAL,40.117041763,-88.2149486599999,0.9700766454096008,,,0000-0002-4560-5594,,,Q89830030,320,16495,education,34,1,34,False,1,1,1
https://openalex.org/A5050603691,J.K. Drackley,https://openalex.org/I183874917,Urbana University,1991,2025,0000-0002-4560-5594,MERCY MEMORIAL HOSPITAL,40.1085219560001,-83.7299200799999,2.852255521434174,,,0000-0002-4560-5594,,,Q89830030,320,16495,education,34,1,34,False,1,1,1
https://openalex.org/A5014759982,Scott L. Parker,https://openalex.org/I129604602,University of Sydney,2006,2012,0000-0003-3798-2004,,,,,,,,,Vanderbilt University,Q91320297,29,466,education,6,0,6,False,0,1,0
https://openalex.org/A5014759982,Scott L. Parker,https://openalex.org/I208081647,Coastal Carolina University,2010,2022,0000-0003-3798-2004,CONWAY MEDICAL CENTER,33.785521837,-79.001827808,7.039427426013421,,,,,Vanderbilt University,Q91320297,29,466,education,12,0,12,False,1,1,0
https://openalex.org/A5014759982,Scott L. Parker,https://openalex.org/I4210152127,Conway School of Landscape Design,2010,2022,0000-0003-3798-2004,BAYSTATE FRANKLIN MEDICAL CENTER,42.5957000000001,-72.5923,12.975426601002855,,,,,Vanderbilt University,Q91320297,29,466,education,12,0,12,False,1,1,0
https://openalex.org/A5022148774,Christopher Foglia,https://openalex.org/I2801107848,New York Hospital Queens,2004,2024,,NEW YORK HOSPITAL QUEENS,40.7467722760001,-73.8254163829999,0.0417498423540367,,,,,,,17,288,healthcare,20,0,20,False,1,1,0
https://openalex.org/A5022148774,Christopher Foglia,https://openalex.org/I205783295,Cornell University,2004,2024,,CAYUGA MEDICAL CENTER,42.4689850720001,-76.537484161,4.602820788088144,,,,,,,17,288,education,20,0,20,False,1,1,0
https://openalex.org/A5007779528,Karim Fizazi,https://openalex.org/I277688954,Université Paris-Saclay,2008,2025,0000-0002-6068-9474,,,,,1966-01-01T00:00:00Z,,,n2005184992,Institut Gustave Roussy,Q73569107,1533,81346,education,17,1,17,False,1,1,1
https://openalex.org/A5007779528,Karim Fizazi,https://openalex.org/I1343551460,The University of Texas MD Anderson Cancer Center,2002,2012,0000-0002-6068-9474,ST. JOSEPH MEDICAL CENTER,29.7481161270001,-95.366148139,1.7088830518941125,1966-01-01T00:00:00Z,,,n2005184992,Institut Gustave Roussy,Q73569107,1533,81346,healthcare,10,1,10,False,0,1,1
https://openalex.org/A5007779528,Karim Fizazi,https://openalex.org/I4210131356,Centre Oscar Lambret,2008,2025,0000-0002-6068-9474,,,,,1966-01-01T00:00:00Z,,,n2005184992,Institut Gustave Roussy,Q73569107,1533,81346,healthcare,17,1,17,False,1,1,1
https://openalex.org/A5062901246,Mar Cortes,https://openalex.org/I205783295,Cornell University,2013,2021,0000-0003-2828-8504,CAYUGA MEDICAL CENTER,42.4689850720001,-76.537484161,4.602820788088144,,,,,,,69,2196,education,8,1,8,False,0,1,0
https://openalex.org/A5062901246,Mar Cortes,https://openalex.org/I98704320,Icahn School of Medicine at Mount Sinai,2018,2024,0000-0003-2828-8504,NEW YORK-PRESBYTERIAN/LOWER MANHATTAN HOSPITAL,40.7105167880001,-74.0052978259999,0.4212931995566836,,,,,,,69,2196,education,6,1,6,False,0,1,0
https://openalex.org/A5029805261,Iain D. Boyd,https://openalex.org/I27837315,University of Michigan–Ann Arbor,1998,2021,0000-0002-3725-9206,UNIVERSITY OF MICHIGAN HEALTH SYSTEM,42.283191747,-83.728707796,1.181076648372232,,,0000-0002-3725-9206,no2016138516,University of Colorado Boulder,Q96071898,926,14709,education,23,1,23,False,0,1,1
https://openalex.org/A5029805261,Iain D. Boyd,https://openalex.org/I188538660,University of Colorado Boulder,2019,2025,0000-0002-3725-9206,BOULDER COMMUNITY HOSPITAL,40.0260605190001,-105.283258697,1.6387034302815886,,,0000-0002-3725-9206,no2016138516,University of Colorado Boulder,Q96071898,926,14709,education,6,1,6,False,0,1,1
https://openalex.org/A5065621786,Jason Gotlib,https://openalex.org/I97018004,Stanford University,2002,2025,0000-0001-8253-6156,STANFORD HOSPITAL,37.4346524360001,-122.174883097,1.4065651567623634,,,0000-0001-8253-6156,,,Q89931645,693,30831,education,23,1,23,False,1,1,1
https://openalex.org/A5065621786,Jason Gotlib,https://openalex.org/I4210137306,Stanford Medicine,2002,2025,0000-0001-8253-6156,STANFORD HOSPITAL,37.4346524360001,-122.174883097,1.4066899219122209,,,0000-0001-8253-6156,,,Q89931645,693,30831,healthcare,23,1,23,False,1,1,1
https://openalex.org/A5108193097,Richard F. Jacobs,https://openalex.org/I79620101,University of Arkansas for Medical Sciences,1981,2019,,ARKANSAS CHILDREN'S HOSPITAL,34.7432363510001,-92.293176688,0.4873218020855051,1925-06-16T00:00:00Z,2009-06-05T00:00:00Z,,,,Q3430908,211,8993,education,38,0,38,False,1,1,1
https://openalex.org/A5108193097,Richard F. Jacobs,https://openalex.org/I1301864278,Arkansas Children's Hospital,1981,2019,,ARKANSAS CHILDREN'S HOSPITAL,34.7432363510001,-92.293176688,0.0129045062880809,1925-06-16T00:00:00Z,2009-06-05T00:00:00Z,,,,Q3430908,211,8993,healthcare,38,0,38,False,1,1,1
https://openalex.org/A5022460170,P. Mishra,https://openalex.org/I59270414,Indian Institute of Science Bangalore,2016,2023,0000-0002-2475-6289,,,,,,,0000-0002-2475-6289,,Cornell University,Q62667273,41,390,education,7,1,7,False,0,1,0
https://openalex.org/A5022460170,P. Mishra,https://openalex.org/I11947397,Tata Institute of Fundamental Research,2019,2025,0000-0002-2475-6289,,,,,,,0000-0002-2475-6289,,Cornell University,Q62667273,41,390,education,6,1,6,False,0,1,0
https://openalex.org/A5112318153,Wenting Ma,https://openalex.org/I4210133270,Second Hospital of Tianjin Medical University,2010,2021,,,,,,,,0000-0002-1189-2804,,,Q62609755,32,126,healthcare,11,0,11,False,1,1,0
https://openalex.org/A5112318153,Wenting Ma,https://openalex.org/I5740404,Tianjin Medical University,2010,2021,,,,,,,,0000-0002-1189-2804,,,Q62609755,32,126,education,11,0,11,False,1,1,0
https://openalex.org/A5018551512,Virginia C. Canale,https://openalex.org/I205783295,Cornell University,1967,1976,,CAYUGA MEDICAL CENTER,42.4689850720001,-76.537484161,4.602820788088144,,,,,,,22,1106,education,9,0,9,False,1,1,0
https://openalex.org/A5018551512,Virginia C. Canale,https://openalex.org/I1340179700,NewYork–Presbyterian Hospital,1967,1976,,NEW YORK-PRESBYTERIAN/LOWER MANHATTAN HOSPITAL,40.7105167880001,-74.0052978259999,0.4212931995566836,,,,,,,22,1106,healthcare,9,0,9,False,1,1,0
https://openalex.org/A5062070492,Wendy S. Weichert,https://openalex.org/I205783295,Cornell University,1995,2025,0000-0003-1726-8049,CAYUGA MEDICAL CENTER,42.4689850720001,-76.537484161,4.602820788088144,,,,,,,24,989,education,30,1,30,False,1,1,0
https://openalex.org/A5062070492,Wendy S. Weichert,https://openalex.org/I4210151139,New York State College of Veterinary Medicine,1995,2025,0000-0003-1726-8049,CAYUGA MEDICAL CENTER,42.4689850720001,-76.537484161,4.602526242590402,,,,,,,24,989,education,30,1,30,False,1,1,0
https://openalex.org/A5100376759,David A. Schwartz,https://openalex.org/I126307644,University of Iowa,1990,2003,0000-0001-6743-8443,MERCY HOSPITAL,41.663871483,-91.5279013639999,0.3583894355645369,,,0000-0001-6743-8443,,,Q90465864,588,46387,education,13,1,13,False,0,1,1
https://openalex.org/A5100376759,David A. Schwartz,https://openalex.org/I4210165183,Pulmonary and Critical Care Associates,1999,2024,0000-0001-6743-8443,UF HEALTH JACKSONVILLE,30.3485052390001,-81.664274824,1.8572938715019869,,,0000-0001-6743-8443,,,Q90465864,588,46387,healthcare,25,1,25,False,0,1,1
https://openalex.org/A5056794714,Scott M. Grundy,https://openalex.org/I867280407,The University of Texas Southwestern Medical Center,1984,2023,0000-0003-2956-7900,TEXAS SCOTTISH RITE HOSPITAL FOR CHILDREN,32.8019769000001,-96.81431331,2.221486976455084,1933-01-01T00:00:00Z,2025-01-29T00:00:00Z,0000-0003-2956-7900,n82042283,,Q56230139,863,250977,healthcare,39,1,39,False,0,1,1
https://openalex.org/A5056794714,Scott M. Grundy,https://openalex.org/I36258959,"University of California, San Diego",1955,1985,0000-0003-2956-7900,NAVAL MEDICAL CENTER SAN DIEGO,32.7275202280001,-117.145937292,2.1936292796024657,1933-01-01T00:00:00Z,2025-01-29T00:00:00Z,0000-0003-2956-7900,n82042283,,Q56230139,863,250977,education,30,1,30,False,0,1,1
https://openalex.org/A5045828051,Yi Zheng,https://openalex.org/I223532165,University of Utah,1997,2018,0000-0002-5945-4432,LDS HOSPITAL,40.778223788,-111.879821876,2.1578575344000472,,,0000-0002-2685-3680,,University of Michigan,Q104459352,207,7645,education,21,1,21,False,0,1,1
https://openalex.org/A5045828051,Yi Zheng,https://openalex.org/I151075929,Army Medical University,2014,2025,0000-0002-5945-4432,,,,,,,0000-0002-2685-3680,,University of Michigan,Q104459352,207,7645,education,11,1,11,False,1,1,1
https://openalex.org/A5045828051,Yi Zheng,https://openalex.org/I47720641,Huazhong University of Science and Technology,2014,2025,0000-0002-5945-4432,,,,,,,0000-0002-2685-3680,,University of Michigan,Q104459352,207,7645,education,11,1,11,False,1,1,1
https://openalex.org/A5045828051,Yi Zheng,https://openalex.org/I37574244,Sichuan Agricultural University,2014,2025,0000-0002-5945-4432,,,,,,,0000-0002-2685-3680,,University of Michigan,Q104459352,207,7645,education,11,1,11,False,1,1,1
https://openalex.org/A5110085328,Giuseppe Del Priore,https://openalex.org/I57206974,New York University,1996,2010,,NEW YORK-PRESBYTERIAN/LOWER MANHATTAN HOSPITAL,40.7105167880001,-74.0052978259999,0.4212931995566836,,,,,,,300,2997,education,14,0,14,False,0,1,1
https://openalex.org/A5110085328,Giuseppe Del Priore,https://openalex.org/I55769427,Indiana University – Purdue University Indianapolis,2009,2016,,IU HEALTH UNIVERSITY HOSPITAL,39.7752833260001,-86.176561615,1.7592374708104055,,,,,,,300,2997,education,7,0,7,False,0,1,1
https://openalex.org/A5110085328,Giuseppe Del Priore,https://openalex.org/I6332465,Morehouse School of Medicine,2014,2025,,GRADY MEMORIAL HOSPITAL,33.751988554,-84.3817915719999,0.6614313289417885,,,,,,,300,2997,education,11,0,11,False,0,1,1
https://openalex.org/A5044255034,Luis A. Bracero,https://openalex.org/I4210091416,South Shore Hospital,2016,2025,0000-0003-0625-9331,SOUTH SHORE HOSPITAL,42.176,-70.9541,0.0504908298949356,,,0000-0003-0625-9331,,,Q96036008,119,2562,healthcare,9,0,9,False,1,1,1
https://openalex.org/A5044255034,Luis A. Bracero,https://openalex.org/I139290212,Hofstra University,2016,2025,0000-0003-0625-9331,MERCY MEDICAL CENTER,40.6885130310001,-73.6316038099999,2.247114988591229,,,0000-0003-0625-9331,,,Q96036008,119,2562,education,9,0,9,False,1,1,1
https://openalex.org/A5044255034,Luis A. Bracero,https://openalex.org/I78577930,Columbia University,1982,2009,0000-0003-0625-9331,NEW YORK-PRESBYTERIAN/LOWER MANHATTAN HOSPITAL,40.7105167880001,-74.0052978259999,0.4211660176629024,,,0000-0003-0625-9331,,,Q96036008,119,2562,education,27,0,27,False,0,1,1
https://openalex.org/A5044255034,Luis A. Bracero,https://openalex.org/I12097938,West Virginia University,2008,2019,0000-0003-0625-9331,WEST VIRGINIA UNIVERSITY HOSPITALS,39.6544225740001,-79.958022141,2.773885931019679,,,0000-0003-0625-9331,,,Q96036008,119,2562,education,11,0,11,False,0,1,1
https://openalex.org/A5044255034,Luis A. Bracero,https://openalex.org/I2800496781,North Shore University Hospital,2016,2025,0000-0003-0625-9331,NORTH SHORE UNIVERSITY HOSPITAL,40.7776359200001,-73.701610944,0.0102494352933781,,,0000-0003-0625-9331,,,Q96036008,119,2562,healthcare,9,0,9,False,1,1,1
https://openalex.org/A5008478119,Gilbert S. Omenn,https://openalex.org/I27837315,University of Michigan,2008,2026,0000-0002-8976-6074,UNIVERSITY OF MICHIGAN HEALTH SYSTEM,42.283191747,-83.728707796,1.181076648372232,1941-08-30T00:00:00Z,,0000-0002-8976-6074,n82012233,University of Michigan,Q5560581,802,42274,education,18,1,18,False,0,1,1
https://openalex.org/A5008478119,Gilbert S. Omenn,https://openalex.org/I136199984,Harvard University,1967,2011,0000-0002-8976-6074,SPAULDING HOSPITAL FOR CONTINUING MED CARE CAMBRIDGE,42.3753221040001,-71.106943456,0.1122862784625716,1941-08-30T00:00:00Z,,0000-0002-8976-6074,n82012233,University of Michigan,Q5560581,802,42274,education,44,1,44,False,0,1,1
https://openalex.org/A5008478119,Gilbert S. Omenn,https://openalex.org/I4210087915,Massachusetts General Hospital,1965,1971,0000-0002-8976-6074,SHRINERS' HOSPITAL FOR CHILDREN,42.3630925480001,-71.066301879,0.7463639796080036,1941-08-30T00:00:00Z,,0000-0002-8976-6074,n82012233,University of Michigan,Q5560581,802,42274,healthcare,6,1,6,False,0,1,1
https://openalex.org/A5040561460,Dongyu Zhao,https://openalex.org/I4210109259,Methodist Hospital,2019,2025,0000-0003-3882-0218,METHODIST HOSPITAL OF SACRAMENTO,38.4635474510001,-121.416526442,0.098419756579919,,,,,,,88,1801,healthcare,6,1,6,False,0,1,1
https://openalex.org/A5040561460,Dongyu Zhao,https://openalex.org/I194450716,Jilin University,2010,2023,0000-0003-3882-0218,,,,,,,,,,,88,1801,education,13,1,13,False,0,1,1
https://openalex.org/A5027908607,Xiang Fan,https://openalex.org/I12411659,Tianjin University of Traditional Chinese Medicine,2015,2023,0000-0001-7697-0378,,,,,,,0000-0001-7697-0378,,Zhejiang Chinese Medical University,Q87416758,87,2188,education,8,0,8,False,0,1,1
https://openalex.org/A5027908607,Xiang Fan,https://openalex.org/I136199984,Harvard University,2005,2016,0000-0001-7697-0378,SPAULDING HOSPITAL FOR CONTINUING MED CARE CAMBRIDGE,42.3753221040001,-71.106943456,0.1122862784625716,,,0000-0001-7697-0378,,Zhejiang Chinese Medical University,Q87416758,87,2188,education,11,0,11,False,0,1,1
https://openalex.org/A5101706081,Peter McIntyre,https://openalex.org/I82951845,RMIT University,2013,2021,0000-0001-9506-5998,,,,,,,0000-0001-9506-5998,,University of Melbourne,Q40001085,126,11452,education,8,1,8,False,0,1,1
https://openalex.org/A5101706081,Peter McIntyre,https://openalex.org/I165779595,University of Melbourne,2006,2014,0000-0001-9506-5998,,,,,,,0000-0001-9506-5998,,University of Melbourne,Q40001085,126,11452,education,8,1,8,False,0,1,1
https://openalex.org/A5101706081,Peter McIntyre,https://openalex.org/I205783295,Cornell University,2019,2025,0000-0001-9506-5998,CAYUGA MEDICAL CENTER,42.4689850720001,-76.537484161,4.602820788088144,,,0000-0001-9506-5998,,University of Melbourne,Q40001085,126,11452,education,6,1,6,False,1,1,1
https://openalex.org/A5101706081,Peter McIntyre,https://openalex.org/I80281795,University of Otago,2019,2025,0000-0001-9506-5998,,,,,,,0000-0001-9506-5998,,University of Melbourne,Q40001085,126,11452,education,6,1,6,False,1,1,1
https://openalex.org/A5112525497,Subhash C. Gulati,https://openalex.org/I1334819555,Memorial Sloan Kettering Cancer Center,1986,1993,,NEW YORK-PRESBYTERIAN/LOWER MANHATTAN HOSPITAL,40.7105167880001,-74.0052978259999,0.4212931995566836,,,,,,,14,471,healthcare,7,0,7,False,0,1,0
https://openalex.org/A5112525497,Subhash C. Gulati,https://openalex.org/I205783295,Cornell University,1992,2006,,CAYUGA MEDICAL CENTER,42.4689850720001,-76.537484161,4.602820788088144,,,,,,,14,471,education,14,0,14,False,0,1,0
https://openalex.org/A5017689170,Saurabh Saluja,https://openalex.org/I205783295,Cornell University,2013,2024,0000-0002-0930-4815,CAYUGA MEDICAL CENTER,42.4689850720001,-76.537484161,4.602820788088144,,,0000-0002-0930-4815,,Boston Children's Hospital,Q92447291,56,1354,education,11,0,11,False,1,1,0
https://openalex.org/A5017689170,Saurabh Saluja,https://openalex.org/I136199984,Harvard University,2013,2024,0000-0002-0930-4815,SPAULDING HOSPITAL FOR CONTINUING MED CARE CAMBRIDGE,42.3753221040001,-71.106943456,0.1122862784625716,,,0000-0002-0930-4815,,Boston Children's Hospital,Q92447291,56,1354,education,11,0,11,False,1,1,0
https://openalex.org/A5030829598,David J. Farrar,https://openalex.org/I867280407,The University of Texas Southwestern Medical Center,1999,2025,0000-0001-8584-7080,TEXAS SCOTTISH RITE HOSPITAL FOR CHILDREN,32.8019769000001,-96.81431331,2.221486976455084,,,0000-0001-8584-7080,,University of Texas Southwestern Medical Center,Q90199513,271,10466,healthcare,26,1,26,False,0,1,1
https://openalex.org/A5030829598,David J. Farrar,https://openalex.org/I4210096452,Middlesex Hospital,1975,2000,0000-0001-8584-7080,MIDDLESEX HOSPITAL,41.554337263,-72.647569381,0.0398177404013933,,,0000-0001-8584-7080,,University of Texas Southwestern Medical Center,Q90199513,271,10466,healthcare,25,1,25,False,0,1,1
https://openalex.org/A5058837136,Juli R. Gould,https://openalex.org/I21294169,Massachusetts Maritime Academy,2011,2021,0000-0003-4352-1028,CAPE COD & ISLANDS COMMUNITY MENTAL HEALTH CENTER,41.6883995360001,-70.602385101,6.014345586887536,,,,,,,123,3124,education,10,1,10,False,0,1,0
https://openalex.org/A5058837136,Juli R. Gould,https://openalex.org/I103635307,"University of California, Riverside",1992,2015,0000-0003-4352-1028,PACIFIC GROVE HOSPITAL,33.9623063870001,-117.3952935,0.999106203949626,,,,,,,123,3124,education,23,1,23,False,0,1,0
https://openalex.org/A5013694549,R. Jones,https://openalex.org/I23923803,University of Exeter,1977,2016,0000-0003-1167-4812,,,,,,,0000-0003-1167-4812,,Forschungszentrum Jülich,Q54152413,727,29291,education,39,1,39,False,0,1,1
https://openalex.org/A5013694549,R. Jones,https://openalex.org/I129902397,Dalhousie University,1964,1979,0000-0003-1167-4812,,,,,,,0000-0003-1167-4812,,Forschungszentrum Jülich,Q54152413,727,29291,education,15,1,15,False,0,1,1
https://openalex.org/A5011658274,Timothy Ziman,https://openalex.org/I899635006,Université Grenoble Alpes,2012,2022,0000-0001-9580-2185,,,,,,,0000-0001-9580-2185,,,Q93216303,137,3764,education,10,1,10,False,0,1,1
https://openalex.org/A5011658274,Timothy Ziman,https://openalex.org/I4210165038,University of Chinese Academy of Sciences,2019,2025,0000-0001-9580-2185,,,,,,,0000-0001-9580-2185,,,Q93216303,137,3764,education,6,1,6,False,0,1,1
https://openalex.org/A5109994632,Jonathan Fleischmann,https://openalex.org/I129975664,Albert Einstein College of Medicine,1993,1999,,MONTEFIORE MED CENTER - JACK D WEILER HOSP OF A EINSTEIN COLLEGE DIV,40.8498892050001,-73.845890219,1.725880782221752,,,,,,,52,1554,education,6,0,6,False,1,1,0
https://openalex.org/A5109994632,Jonathan Fleischmann,https://openalex.org/I1335289525,Montefiore Medical Center,1993,1999,,MONTEFIORE MED CENTER - JACK D WEILER HOSP OF A EINSTEIN COLLEGE DIV,40.8498892050001,-73.845890219,1.725880782221752,,,,,,,52,1554,healthcare,6,0,6,False,1,1,0
https://openalex.org/A5109994632,Jonathan Fleischmann,https://openalex.org/I58956616,Case Western Reserve University,1987,1996,,LUTHERAN HOSPITAL,41.4876333760001,-81.707262893,1.6479325770104616,,,,,,,52,1554,education,9,0,9,False,0,1,0
https://openalex.org/A5101838284,Jae H. Park,https://openalex.org/I1334819555,Memorial Sloan Kettering Cancer Center,2009,2025,0000-0002-2903-5130,NEW YORK-PRESBYTERIAN/LOWER MANHATTAN HOSPITAL,40.7105167880001,-74.0052978259999,0.4212931995566836,1992-09-15T00:00:00Z,,,,,Q26220991,491,24549,healthcare,16,1,16,False,0,1,1
https://openalex.org/A5101838284,Jae H. Park,https://openalex.org/I139264467,Seoul National University,1982,2010,0000-0002-2903-5130,,,,,1992-09-15T00:00:00Z,,,,,Q26220991,491,24549,education,28,1,28,False,0,1,1
https://openalex.org/A5048591270,A. Segalin,https://openalex.org/I189158943,University of Milan,1993,2001,,,,,,,,,,,,127,2205,education,8,0,8,False,0,1,0
https://openalex.org/A5048591270,A. Segalin,https://openalex.org/I138689650,University of Padua,1986,1994,,,,,,,,,,,,127,2205,education,8,0,8,False,0,1,0
https://openalex.org/A5078350764,Brandon S. Beamer,https://openalex.org/I136199984,Harvard University,2014,2022,,SPAULDING HOSPITAL FOR CONTINUING MED CARE CAMBRIDGE,42.3753221040001,-71.106943456,0.1122862784625716,,,,,,,17,964,education,8,0,8,False,1,1,0
https://openalex.org/A5078350764,Brandon S. Beamer,https://openalex.org/I1288882113,Boston Children's Hospital,2014,2022,,SHRINERS' HOSPITAL FOR CHILDREN,42.3630925480001,-71.066301879,0.746205054066919,,,,,,,17,964,healthcare,8,0,8,False,1,1,0
https://openalex.org/A5049570974,Mark Waltham,https://openalex.org/I4210087110,St Vincent's Hospital,2002,2020,0000-0001-9623-8133,,,,,,,,,,,105,7097,healthcare,18,1,18,False,0,1,1
https://openalex.org/A5049570974,Mark Waltham,https://openalex.org/I4210121067,Monash Health,2018,2025,0000-0001-9623-8133,,,,,,,,,,,105,7097,healthcare,7,1,7,False,0,1,1
https://openalex.org/A5010756522,Joseph P. Mathew,https://openalex.org/I170897317,Duke University,1999,2025,0000-0002-3815-4131,DUKE UNIVERSITY HOSPITAL,36.0070497990001,-78.937758112,3.8068183114717904,1992-12-09T00:00:00Z,,,,,Q431307,506,19603,education,26,1,26,False,1,1,1
https://openalex.org/A5010756522,Joseph P. Mathew,https://openalex.org/I4210126298,Duke Medical Center,1999,2025,0000-0002-3815-4131,DUKE UNIVERSITY HOSPITAL,36.0070497990001,-78.937758112,3.806767988908248,1992-12-09T00:00:00Z,,,,,Q431307,506,19603,healthcare,26,1,26,False,1,1,1
https://openalex.org/A5010756522,Joseph P. Mathew,https://openalex.org/I32971472,Yale University,1990,2003,0000-0002-3815-4131,YALE-NEW HAVEN HOSPITAL,41.30469134,-72.9354136589999,0.7176389367718299,1992-12-09T00:00:00Z,,,,,Q431307,506,19603,education,13,1,13,False,0,1,1
https://openalex.org/A5048336585,Ioannis A. Vetsikas,https://openalex.org/I43439940,University of Southampton,2007,2017,0009-0007-9522-4443,,,,,,,,,,,43,269,education,10,1,10,False,0,1,0
https://openalex.org/A5048336585,Ioannis A. Vetsikas,https://openalex.org/I205783295,Cornell University,2002,2008,0009-0007-9522-4443,CAYUGA MEDICAL CENTER,42.4689850720001,-76.537484161,4.602820788088144,,,,,,,43,269,education,6,1,6,False,0,1,0
https://openalex.org/A5100770218,Ying Li,https://openalex.org/I1313298211,St. Jude Children's Research Hospital,2012,2025,0000-0002-9316-2521,ST. JUDE CHILDREN'S RESEARCH HOSPITAL,35.1542158510001,-90.0429022289999,0.7596458321008707,1880-10-23T00:00:00Z,1942-10-13T00:00:00Z,,n81056919,,Q5895726,376,6186,healthcare,13,1,13,False,1,1,1
https://openalex.org/A5100770218,Ying Li,https://openalex.org/I57206974,New York University,1994,2016,0000-0002-9316-2521,NEW YORK-PRESBYTERIAN/LOWER MANHATTAN HOSPITAL,40.7105167880001,-74.0052978259999,0.4212931995566836,1880-10-23T00:00:00Z,1942-10-13T00:00:00Z,,n81056919,,Q5895726,376,6186,education,22,1,22,False,0,1,1
https://openalex.org/A5100770218,Ying Li,https://openalex.org/I183519381,Capital Medical University,2012,2025,0000-0002-9316-2521,,,,,1880-10-23T00:00:00Z,1942-10-13T00:00:00Z,,n81056919,,Q5895726,376,6186,education,13,1,13,False,1,1,1
https://openalex.org/A5110608677,Marie‐Pier Roussel,https://openalex.org/I4210094787,Centre Intégré Universitaire de Santé et de Services Sociaux du Saguenay–Lac-Saint-Jean,2019,2025,,,,,,,,,,,,42,255,healthcare,6,0,6,False,1,1,0
https://openalex.org/A5110608677,Marie‐Pier Roussel,https://openalex.org/I104914703,Université du Québec à Chicoutimi,2019,2025,,,,,,,,,,,,42,255,education,6,0,6,False,1,1,0
https://openalex.org/A5068438813,George E. Moore,https://openalex.org/I2801983979,Denver Health Medical Center,1974,1994,0000-0001-7473-3387,DENVER HEALTH MEDICAL CENTER,39.728201143,-104.990975106,0.1091310989784763,,,0000-0001-7473-3387,,Purdue University,Q89525189,624,14041,healthcare,20,1,20,False,1,1,1
https://openalex.org/A5068438813,George E. Moore,https://openalex.org/I921990950,University of Colorado Denver,1974,1994,0000-0001-7473-3387,DENVER HEALTH MEDICAL CENTER,39.728201143,-104.990975106,1.3304606647663948,,,0000-0001-7473-3387,,Purdue University,Q89525189,624,14041,education,20,1,20,False,1,1,1
https://openalex.org/A5103040866,Jinn Lin,https://openalex.org/I4210131804,National Taiwan University Hospital,1996,2020,0000-0003-1706-7220,,,,,,,0000-0003-1706-7220,,,Q100992408,94,2928,healthcare,24,0,24,False,0,1,1
https://openalex.org/A5103040866,Jinn Lin,https://openalex.org/I200296433,Chinese Academy of Medical Sciences & Peking Union Medical College,2017,2023,0000-0003-1706-7220,,,,,,,0000-0003-1706-7220,,,Q100992408,94,2928,education,6,0,6,False,0,1,1
https://openalex.org/A5022865068,Anum Aslam,https://openalex.org/I27837315,University of Michigan–Ann Arbor,2019,2025,0000-0001-6243-5286,UNIVERSITY OF MICHIGAN HEALTH SYSTEM,42.283191747,-83.728707796,1.181076648372232,,,0000-0001-6243-5286,,University of Michigan,Q92439161,56,593,education,6,0,6,False,1,1,0
https://openalex.org/A5022865068,Anum Aslam,https://openalex.org/I4210114445,Michigan Medicine,2019,2025,0000-0001-6243-5286,UNIVERSITY OF MICHIGAN HEALTH SYSTEM,42.283191747,-83.728707796,1.181076648372232,,,0000-0001-6243-5286,,University of Michigan,Q92439161,56,593,healthcare,6,0,6,False,1,1,0
https://openalex.org/A5100443879,Yan Li,https://openalex.org/I14243506,Hong Kong Polytechnic University,1997,2025,0000-0002-4694-4926,,,,,2000-01-01T00:00:00Z,,0000-0002-4694-4926,n2017187923,University of Southern Queensland,Q45763479,967,16659,education,28,1,28,False,0,1,1
https://openalex.org/A5100443879,Yan Li,https://openalex.org/I167360494,University of Wuppertal,1995,2001,0000-0002-4694-4926,,,,,2000-01-01T00:00:00Z,,0000-0002-4694-4926,n2017187923,University of Southern Queensland,Q45763479,967,16659,education,6,1,6,False,0,1,1
https://openalex.org/A5084557792,Sami Jorge Michereff,https://openalex.org/I62921916,Universidade Federal Rural de Pernambuco,1994,2020,0000-0002-2156-3502,,,,,,,,,,Q88840055,229,3480,education,26,0,26,False,0,1,0
https://openalex.org/A5084557792,Sami Jorge Michereff,https://openalex.org/I4210090750,Universidade Federal do Cariri,2018,2025,0000-0002-2156-3502,,,,,,,,,,Q88840055,229,3480,education,7,0,7,False,0,1,0
https://openalex.org/A5042231087,Carolyn F. Weber,https://openalex.org/I121820613,Louisiana State University,2007,2017,,BATON ROUGE GENERAL MEDICAL CENTER (MID-CITY),30.4495340920001,-91.153153918,3.361377799448269,,,0000-0002-8490-5549,,,Q88305489,43,22706,education,10,0,10,False,0,1,0
https://openalex.org/A5042231087,Carolyn F. Weber,https://openalex.org/I106969075,Idaho State University,2013,2021,,PORTNEUF MEDICAL CENTER,42.8738530050001,-112.420762032,2.038545997849111,,,0000-0002-8490-5549,,,Q88305489,43,22706,education,8,0,8,False,0,1,0
https://openalex.org/A5115861810,Shuo Chen,https://openalex.org/I889458895,University of Hong Kong,1982,2011,0009-0007-7103-6077,,,,,,,,,,Q21694377,484,11467,education,29,1,29,False,0,1,1
https://openalex.org/A5115861810,Shuo Chen,https://openalex.org/I24943067,Fudan University,2010,2024,0009-0007-7103-6077,,,,,,,,,,Q21694377,484,11467,education,14,1,14,False,0,1,1
https://openalex.org/A5036944955,Jonathan F. Khan,https://openalex.org/I205783295,Cornell University,2019,2025,0000-0002-3444-8108,CAYUGA MEDICAL CENTER,42.4689850720001,-76.537484161,4.602820788088144,,,,no2013045665,,Q136704896,38,238,education,6,0,6,False,1,1,0
https://openalex.org/A5036944955,Jonathan F. Khan,https://openalex.org/I4387153466,Weill Cornell Medicine,2019,2025,0000-0002-3444-8108,NEW YORK-PRESBYTERIAN/LOWER MANHATTAN HOSPITAL,40.7105167880001,-74.0052978259999,0.4211660176629024,,,,no2013045665,,Q136704896,38,238,education,6,0,6,False,1,1,0
https://openalex.org/A5082391932,Mark Ptashne,https://openalex.org/I136199984,Harvard University,1967,2001,,SPAULDING HOSPITAL FOR CONTINUING MED CARE CAMBRIDGE,42.3753221040001,-71.106943456,0.1122862784625716,1940-06-05T00:00:00Z,,,n80147057,Harvard University,Q1900363,255,36280,education,34,1,34,False,0,1,1
https://openalex.org/A5082391932,Mark Ptashne,https://openalex.org/I1334819555,Memorial Sloan Kettering Cancer Center,1998,2017,,NEW YORK-PRESBYTERIAN/LOWER MANHATTAN HOSPITAL,40.7105167880001,-74.0052978259999,0.4212931995566836,1940-06-05T00:00:00Z,,,n80147057,Harvard University,Q1900363,255,36280,healthcare,19,1,19,False,0,1,1
https://openalex.org/A5111796835,Alexander Hampton,https://openalex.org/I39965400,Kettering University,1957,1970,,HURLEY MEDICAL CENTER,43.0211754010001,-83.7049563859999,1.7166391398536445,1910-06-10T00:00:00Z,1964-01-01T00:00:00Z,,,,Q24045446,111,1651,education,13,0,13,False,1,1,0
https://openalex.org/A5111796835,Alexander Hampton,https://openalex.org/I205783295,Cornell University,1957,1970,,CAYUGA MEDICAL CENTER,42.4689850720001,-76.537484161,4.602820788088144,1910-06-10T00:00:00Z,1964-01-01T00:00:00Z,,,,Q24045446,111,1651,education,13,0,13,False,1,1,0
https://openalex.org/A5100402317,Yuwei Wang,https://openalex.org/I153718931,University of Ottawa,1996,2013,0000-0001-5782-1107,,,,,,,0000-0003-1799-5246,,,Q59862520,550,11637,education,17,1,17,False,0,1,1
https://openalex.org/A5100402317,Yuwei Wang,https://openalex.org/I4210165038,University of Chinese Academy of Sciences,2010,2024,0000-0001-5782-1107,,,,,,,0000-0003-1799-5246,,,Q59862520,550,11637,education,14,1,14,False,0,1,1
https://openalex.org/A5061772876,Bethany R. Wasik,https://openalex.org/I205783295,Cornell University,2014,2020,,CAYUGA MEDICAL CENTER,42.4689850720001,-76.537484161,4.602820788088144,,,,,,,12,863,education,6,0,6,False,1,1,0
https://openalex.org/A5061772876,Bethany R. Wasik,https://openalex.org/I32971472,Yale University,2014,2020,,YALE-NEW HAVEN HOSPITAL,41.30469134,-72.9354136589999,0.7176389367718299,,,,,,,12,863,education,6,0,6,False,1,1,0
https://openalex.org/A5108346040,Robert B. Klein,https://openalex.org/I2800446032,Rhode Island Hospital,1990,2018,0009-0000-5457-9896,RHODE ISLAND HOSPITAL,41.811881079,-71.409129255,1.380857254932062,1918-09-09T00:00:00Z,1967-04-21T00:00:00Z,,n79133131,Université de Montréal,Q387680,98,2686,healthcare,28,1,28,False,1,1,1
https://openalex.org/A5108346040,Robert B. Klein,https://openalex.org/I27804330,Brown University,1990,2018,0009-0000-5457-9896,RHODE ISLAND HOSPITAL,41.811881079,-71.409129255,1.3809352333283151,1918-09-09T00:00:00Z,1967-04-21T00:00:00Z,,n79133131,Université de Montréal,Q387680,98,2686,education,28,1,28,False,1,1,1
https://openalex.org/A5109039569,Bun‐ichiro Ono,https://openalex.org/I163770644,Okayama University,1979,1999,,,,,,,,,,,,76,2337,education,20,0,20,False,0,1,0
https://openalex.org/A5109039569,Bun‐ichiro Ono,https://openalex.org/I135768898,Ritsumeikan University,1998,2010,,,,,,,,,,,,76,2337,education,12,0,12,False,0,1,0
https://openalex.org/A5113479418,W. L. Marsh,https://openalex.org/I87208433,Lister Institute of Preventive Medicine,1960,1976,,,,,,,,,,BC Centre for Aquatic Health Sciences,Q107394719,170,4836,education,16,1,16,False,0,1,1
https://openalex.org/A5113479418,W. L. Marsh,https://openalex.org/I2802849423,University Medical Center,1973,1982,,UNIVERSITY MEDICAL CENTER,33.587967135,-101.891298508,0.0921431725860858,,,,,BC Centre for Aquatic Health Sciences,Q107394719,170,4836,healthcare,9,1,9,False,0,1,1
https://openalex.org/A5055658847,Bonnie A. Diep,https://openalex.org/I205783295,Cornell University,2010,2018,,CAYUGA MEDICAL CENTER,42.4689850720001,-76.537484161,4.602820788088144,,,,,,,2,41,education,8,0,8,False,1,1,0
https://openalex.org/A5055658847,Bonnie A. Diep,https://openalex.org/I24571045,University of North Dakota,2010,2018,,ALTRU HOSPITAL,47.910573,-97.0686861949999,3.13035928451781,,,,,,,2,41,education,8,0,8,False,1,1,0
https://openalex.org/A5020896202,Linda A. Bennett,https://openalex.org/I193531525,George Washington University,1978,1986,,GEORGE WASHINGTON UNIVERSITY HOSPITAL,38.901319008,-77.050636676,1.4145520858451976,1962-09-08T00:00:00Z,,,,,Q6551404,107,2260,education,8,0,8,False,1,1,0
https://openalex.org/A5020896202,Linda A. Bennett,https://openalex.org/I4210135078,Washington University Medical Center,1978,1986,,BARNES-JEWISH HOSPITAL - NORTH,38.6363787870001,-90.264582805,0.0780809220526035,1962-09-08T00:00:00Z,,,,,Q6551404,107,2260,healthcare,8,0,8,False,1,1,0
https://openalex.org/A5004916033,Francis V. Chisari,https://openalex.org/I4210146328,Scripps Clinic,1974,1997,0000-0002-4832-1044,SCRIPPS MEMORIAL HOSPITAL - LA JOLLA,32.8851845070001,-117.225460206,2.4635314478578985,1942-04-05T00:00:00Z,,0000-0002-4832-1044,n79060128,Scripps Research,Q1424562,339,58400,healthcare,23,1,23,False,1,1,0
https://openalex.org/A5004916033,Francis V. Chisari,https://openalex.org/I1311914864,Scripps Health,1974,1997,0000-0002-4832-1044,SCRIPPS MEMORIAL HOSPITAL - LA JOLLA,32.8851845070001,-117.225460206,1.6475595141971209,1942-04-05T00:00:00Z,,0000-0002-4832-1044,n79060128,Scripps Research,Q1424562,339,58400,healthcare,23,1,23,False,1,1,0
https://openalex.org/A5108536786,J. Gregory Mears,https://openalex.org/I78577930,Columbia University,1978,2015,,NEW YORK-PRESBYTERIAN/LOWER MANHATTAN HOSPITAL,40.7105167880001,-74.0052978259999,0.4211660176629024,,,,,,,43,1500,education,37,0,37,False,0,1,1
https://openalex.org/A5108536786,J. Gregory Mears,https://openalex.org/I2799503643,Columbia University Irving Medical Center,2013,2019,,NEW YORK-PRESBYTERIAN/LOWER MANHATTAN HOSPITAL,40.7105167880001,-74.0052978259999,0.4212931995566836,,,,,,,43,1500,healthcare,6,0,6,False,0,1,1
https://openalex.org/A5044165501,P. Rowland,https://openalex.org/I205783295,Cornell University,1991,2000,,CAYUGA MEDICAL CENTER,42.4689850720001,-76.537484161,4.602820788088144,,,,,,Q64948732,21,509,education,9,1,9,False,1,1,0
https://openalex.org/A5044165501,P. Rowland,https://openalex.org/I4210151139,New York State College of Veterinary Medicine,1991,2000,,CAYUGA MEDICAL CENTER,42.4689850720001,-76.537484161,4.602526242590402,,,,,,Q64948732,21,509,education,9,1,9,False,1,1,0
https://openalex.org/A5068826612,Liang Jiang,https://openalex.org/I136199984,Harvard University,1996,2011,0000-0002-0000-9342,SPAULDING HOSPITAL FOR CONTINUING MED CARE CAMBRIDGE,42.3753221040001,-71.106943456,0.1122862784625716,2000-01-01T00:00:00Z,,0000-0002-0000-9342,n97055744,Yale University,Q47375963,672,29827,education,15,0,15,False,0,1,0
https://openalex.org/A5068826612,Liang Jiang,https://openalex.org/I32971472,Yale University,2012,2021,0000-0002-0000-9342,YALE-NEW HAVEN HOSPITAL,41.30469134,-72.9354136589999,0.7176389367718299,2000-01-01T00:00:00Z,,0000-0002-0000-9342,n97055744,Yale University,Q47375963,672,29827,education,9,0,9,False,0,1,0
https://openalex.org/A5068826612,Liang Jiang,https://openalex.org/I122411786,California Institute of Technology,2007,2013,0000-0002-0000-9342,HUNTINGTON MEMORIAL HOSPITAL,34.1343853610001,-118.152983944,1.6808094672688991,2000-01-01T00:00:00Z,,0000-0002-0000-9342,n97055744,Yale University,Q47375963,672,29827,education,6,0,6,False,0,1,0
https://openalex.org/A5068826612,Liang Jiang,https://openalex.org/I40347166,University of Chicago,2019,2025,0000-0002-0000-9342,MERCY HOSPITAL AND MEDICAL CENTER,41.8468895830001,-87.621491598,2.3911404464142096,2000-01-01T00:00:00Z,,0000-0002-0000-9342,n97055744,Yale University,Q47375963,672,29827,education,6,0,6,False,0,1,0
https://openalex.org/A5112027272,Robert S. Schwartz,https://openalex.org/I2802654978,The Medical Center of Aurora,2013,2023,,"MEDICAL CENTER OF AURORA, THE",39.690063276,-104.831920865,0.0305924323337627,,,,,,Q7349503,1015,59489,healthcare,10,1,10,False,0,1,1
https://openalex.org/A5112027272,Robert S. Schwartz,https://openalex.org/I121934306,Tufts University,1962,2017,,HALLMARK HEALTH SYSTEM - LAWRENCE MEMORIAL HOSPITAL CAMPUS,42.4259,-71.1114,0.93538265332939,,,,,,Q7349503,1015,59489,education,55,1,50,True,0,1,1
https://openalex.org/A5036756145,L. J. Rosenberg,https://openalex.org/I63966007,Massachusetts Institute of Technology,1993,2016,0000-0003-0686-0485,SPAULDING HOSPITAL FOR CONTINUING MED CARE CAMBRIDGE,42.3753221040001,-71.106943456,0.1122862784625716,1969-05-24T00:00:00Z,,0000-0003-3457-1429,,,Q16751495,268,52977,education,23,1,23,False,0,1,1
https://openalex.org/A5036756145,L. J. Rosenberg,https://openalex.org/I188538660,University of Colorado Boulder,1982,1989,0000-0003-0686-0485,BOULDER COMMUNITY HOSPITAL,40.0260605190001,-105.283258697,1.6387034302815886,1969-05-24T00:00:00Z,,0000-0003-3457-1429,,,Q16751495,268,52977,education,7,1,7,False,1,1,1
https://openalex.org/A5036756145,L. J. Rosenberg,https://openalex.org/I40347166,University of Chicago,1991,1997,0000-0003-0686-0485,MERCY HOSPITAL AND MEDICAL CENTER,41.8468895830001,-87.621491598,2.3911404464142096,1969-05-24T00:00:00Z,,0000-0003-3457-1429,,,Q16751495,268,52977,education,6,1,6,False,0,1,1
https://openalex.org/A5036756145,L. J. Rosenberg,https://openalex.org/I223532165,University of Utah,1982,1989,0000-0003-0686-0485,LDS HOSPITAL,40.778223788,-111.879821876,2.1578575344000472,1969-05-24T00:00:00Z,,0000-0003-3457-1429,,,Q16751495,268,52977,education,7,1,7,False,1,1,1
https://openalex.org/A5036756145,L. J. Rosenberg,https://openalex.org/I135310074,University of Wisconsin–Madison,1982,1989,0000-0003-0686-0485,SELECT SPECIALTY HOSPITAL MADISON,43.0659334370001,-89.399383385,0.8054172583771614,1969-05-24T00:00:00Z,,0000-0003-3457-1429,,,Q16751495,268,52977,education,7,1,7,False,1,1,1
https://openalex.org/A5036756145,L. J. Rosenberg,https://openalex.org/I97018004,Stanford University,1982,1989,0000-0003-0686-0485,STANFORD HOSPITAL,37.4346524360001,-122.174883097,1.4065651567623634,1969-05-24T00:00:00Z,,0000-0003-3457-1429,,,Q16751495,268,52977,education,7,1,7,False,1,1,1
https://openalex.org/A5046885231,Nezam H. Afdhal,https://openalex.org/I1306430637,St. Vincent's Birmingham,1985,1993,0000-0002-7342-6593,ST. VINCENT'S BIRMINGHAM,33.507477169,-86.789121531,0.0239501559327809,,,0000-0002-7342-6593,,,Q60650815,556,34480,healthcare,8,1,8,False,1,1,1
https://openalex.org/A5046885231,Nezam H. Afdhal,https://openalex.org/I4210091615,Saint Vincent's Catholic Medical Center,1985,1993,0000-0002-7342-6593,LENOX HILL HEALTHPLEX,40.737739913,-74.000744566,0.176553962512392,,,0000-0002-7342-6593,,,Q60650815,556,34480,healthcare,8,1,8,False,1,1,1
https://openalex.org/A5046885231,Nezam H. Afdhal,https://openalex.org/I4210087110,St Vincent's Hospital,1985,1993,0000-0002-7342-6593,,,,,,,0000-0002-7342-6593,,,Q60650815,556,34480,healthcare,8,1,8,False,1,1,1
https://openalex.org/A5046885231,Nezam H. Afdhal,https://openalex.org/I4210092045,St. Vincent's Hospital,1985,1993,0000-0002-7342-6593,,,,,,,0000-0002-7342-6593,,,Q60650815,556,34480,healthcare,8,1,8,False,1,1,1
https://openalex.org/A5109102600,Ruth T. McVey,https://openalex.org/I4210160447,Universidad de Londres,1971,1980,,,,,,1930-10-22T00:00:00Z,,,n50007908,Massachusetts Institute of Technology,Q21710868,66,974,education,9,0,9,False,1,1,0
https://openalex.org/A5109102600,Ruth T. McVey,https://openalex.org/I31575130,SOAS University of London,1971,1980,,,,,,1930-10-22T00:00:00Z,,,n50007908,Massachusetts Institute of Technology,Q21710868,66,974,education,9,0,9,False,1,1,0
https://openalex.org/A5109102600,Ruth T. McVey,https://openalex.org/I124357947,University of London,1971,1980,,,,,,1930-10-22T00:00:00Z,,,n50007908,Massachusetts Institute of Technology,Q21710868,66,974,education,9,0,9,False,1,1,0
https://openalex.org/A5113630206,Evelyne Walker‐Nasir,https://openalex.org/I4210087915,Massachusetts General Hospital,1976,1982,,SHRINERS' HOSPITAL FOR CHILDREN,42.3630925480001,-71.066301879,0.7463639796080036,,,,,,,29,260,healthcare,6,0,6,False,1,1,0
https://openalex.org/A5113630206,Evelyne Walker‐Nasir,https://openalex.org/I136199984,Harvard University,1976,1982,,SPAULDING HOSPITAL FOR CONTINUING MED CARE CAMBRIDGE,42.3753221040001,-71.106943456,0.1122862784625716,,,,,,,29,260,education,6,0,6,False,1,1,0
https://openalex.org/A5030851478,Kunio Torii,https://openalex.org/I111966504,University of Fukui,2005,2011,,,,,,1961-02-28T00:00:00Z,,,,,Q11674385,236,4088,education,6,1,6,False,0,1,1
https://openalex.org/A5030851478,Kunio Torii,https://openalex.org/I4210107924,University of Fukui Hospital,2009,2024,,,,,,1961-02-28T00:00:00Z,,,,,Q11674385,236,4088,healthcare,15,1,15,False,0,1,1
https://openalex.org/A5108450757,Terrence Nicholson,https://openalex.org/I392282,"University at Albany, State University of New York",1984,1993,,VA MEDICAL CENTER - ALBANY STRATTON,42.6508081800001,-73.771944595,1.299934220282715,,,,,,,88,1312,education,9,0,9,False,0,1,1
https://openalex.org/A5108450757,Terrence Nicholson,https://openalex.org/I136199984,Harvard University,1991,2025,,SPAULDING HOSPITAL FOR CONTINUING MED CARE CAMBRIDGE,42.3753221040001,-71.106943456,0.1122862784625716,,,,,,,88,1312,education,34,0,34,False,0,1,1
https://openalex.org/A5082752199,Qing Zhang,https://openalex.org/I30809798,ShanghaiTech University,2019,2025,0000-0001-8822-1753,,,,,,,,,,Q33701272,138,2411,education,6,1,6,False,0,1,0
https://openalex.org/A5082752199,Qing Zhang,https://openalex.org/I80947539,Fuzhou University,1983,2022,0000-0001-8822-1753,,,,,,,,,,Q33701272,138,2411,education,39,1,39,False,0,1,0
https://openalex.org/A5024974658,Leila Pirhaji,https://openalex.org/I63966007,Massachusetts Institute of Technology,2012,2020,,SPAULDING HOSPITAL FOR CONTINUING MED CARE CAMBRIDGE,42.3753221040001,-71.106943456,0.1122862784625716,1986-01-01T00:00:00Z,,,,,Q55854926,23,405,education,8,0,8,False,0,1,0
https://openalex.org/A5024974658,Leila Pirhaji,https://openalex.org/I23946033,University of Tehran,2007,2015,,,,,,1986-01-01T00:00:00Z,,,,,Q55854926,23,405,education,8,0,8,False,0,1,0
https://openalex.org/A5091208710,Teemu P. Miettinen,https://openalex.org/I45129253,University College London,2016,2025,0000-0002-5975-200X,,,,,,,0000-0002-5975-200X,,,Q63977285,59,2669,education,9,1,9,False,1,1,0
https://openalex.org/A5091208710,Teemu P. Miettinen,https://openalex.org/I63966007,Massachusetts Institute of Technology,2016,2025,0000-0002-5975-200X,SPAULDING HOSPITAL FOR CONTINUING MED CARE CAMBRIDGE,42.3753221040001,-71.106943456,0.1122862784625716,,,0000-0002-5975-200X,,,Q63977285,59,2669,education,9,1,9,False,1,1,0
https://openalex.org/A5026749690,Haifeng Gao,https://openalex.org/I74973139,Carnegie Mellon University,2005,2013,0000-0001-9029-5022,UPMC MERCY,40.436099,-79.985113999,1.041360910333493,,,0000-0001-9029-5022,,University of Notre Dame,Q67439199,269,10229,education,8,0,8,False,0,1,1
https://openalex.org/A5026749690,Haifeng Gao,https://openalex.org/I107639228,University of Notre Dame,2012,2025,0000-0001-9029-5022,MEMORIAL HOSPITAL OF SOUTH BEND,41.684055286,-86.25157885,2.1220638405191994,,,0000-0001-9029-5022,,University of Notre Dame,Q67439199,269,10229,education,13,0,13,False,1,1,1
https://openalex.org/A5026749690,Haifeng Gao,https://openalex.org/I162868743,Tianjin University,2012,2025,0000-0001-9029-5022,,,,,,,0000-0001-9029-5022,,University of Notre Dame,Q67439199,269,10229,education,13,0,13,False,1,1,1
https://openalex.org/A5026749690,Haifeng Gao,https://openalex.org/I4210106378,Dalian Municipal Central Hospital,2012,2025,0000-0001-9029-5022,,,,,,,0000-0001-9029-5022,,University of Notre Dame,Q67439199,269,10229,healthcare,13,0,13,False,1,1,1
https://openalex.org/A5043671103,Kelvin O. Lim,https://openalex.org/I97018004,Stanford University,1989,2016,0000-0002-2390-7268,STANFORD HOSPITAL,37.4346524360001,-122.174883097,1.4065651567623634,,,0000-0002-2390-7268,,,Q89395865,624,37896,education,27,1,27,False,0,1,1
https://openalex.org/A5043671103,Kelvin O. Lim,https://openalex.org/I4210117246,Minneapolis VA Health Care System,2012,2025,0000-0002-2390-7268,HENNEPIN COUNTY MEDICAL CTR,44.9721324940001,-93.2622359599999,0.8804666338120686,,,0000-0002-2390-7268,,,Q89395865,624,37896,healthcare,13,1,13,False,0,1,1
https://openalex.org/A5009059863,Gábor Fürész,https://openalex.org/I4210124175,Center for Astrophysics Harvard & Smithsonian,2004,2014,,SPAULDING HOSPITAL FOR CONTINUING MED CARE CAMBRIDGE,42.3753221040001,-71.106943456,0.1120092156130309,1978-03-25T00:00:00Z,,,,,Q21208062,191,6162,education,10,1,10,False,0,1,0
https://openalex.org/A5009059863,Gábor Fürész,https://openalex.org/I227486990,University of Szeged,2000,2008,,,,,,1978-03-25T00:00:00Z,,,,,Q21208062,191,6162,education,8,1,8,False,0,1,0
https://openalex.org/A5009631016,Joanna J. Bryson,https://openalex.org/I20089843,Princeton University,2016,2022,0000-0003-0021-0801,MERWICK REHABILITATION HOSPITAL AND NURSING CARE CENTER,40.3528112230001,-74.6663108129999,0.7652032342540844,1965-01-01T00:00:00Z,,0000-0003-0021-0801,no2007142469,Q317156,Q47493123,223,7775,education,6,1,6,False,0,1,1
https://openalex.org/A5009631016,Joanna J. Bryson,https://openalex.org/I98677209,University of Edinburgh,1997,2019,0000-0003-0021-0801,,,,,1965-01-01T00:00:00Z,,0000-0003-0021-0801,no2007142469,Q317156,Q47493123,223,7775,education,22,1,22,False,0,1,1
https://openalex.org/A5100782724,Melissa Wilson,https://openalex.org/I4210134769,University of Pittsburgh Medical Center,2015,2023,0000-0002-5391-7838,UPMC MERCY,40.436099,-79.985113999,1.0412172967401363,,,0000-0002-5391-7838,,Thomas Jefferson University,Q58717821,264,7998,healthcare,8,1,8,False,0,1,1
https://openalex.org/A5100782724,Melissa Wilson,https://openalex.org/I55732556,Arizona State University,2019,2025,0000-0002-5391-7838,"TEMPE ST LUKE'S HOSPITAL, A CAMPUS OF ST LUKE'S MEDICAL CENTER",33.412596857,-111.940612498,2.9154111832168663,,,0000-0002-5391-7838,,Thomas Jefferson University,Q58717821,264,7998,education,6,1,6,False,0,1,1
https://openalex.org/A5005485061,Giacomo Nannicini,https://openalex.org/I142476485,École Polytechnique,2009,2017,0000-0002-4936-1259,,,,,,,0000-0002-4936-1259,,,Q130862469,105,3674,education,8,1,8,False,0,1,1
https://openalex.org/A5005485061,Giacomo Nannicini,https://openalex.org/I74973139,Carnegie Mellon University,2003,2011,0000-0002-4936-1259,UPMC MERCY,40.436099,-79.985113999,1.041360910333493,,,0000-0002-4936-1259,,,Q130862469,105,3674,education,8,1,8,False,0,1,1
https://openalex.org/A5049333121,Steven H. Zeisel,https://openalex.org/I114027177,University of North Carolina at Chapel Hill,1990,2025,0000-0002-9282-161X,UNIVERSITY OF NORTH CAROLINA HOSPITALS,35.9045427030001,-79.049689229,1.110654999538604,,,0000-0002-9282-161X,,,Q86416913,523,36580,education,35,1,35,False,0,1,1
https://openalex.org/A5049333121,Steven H. Zeisel,https://openalex.org/I111088046,Boston University,1982,1992,0000-0002-9282-161X,SHRINERS' HOSPITAL FOR CHILDREN,42.3630925480001,-71.066301879,0.746205054066919,,,0000-0002-9282-161X,,,Q86416913,523,36580,education,10,1,10,False,0,1,1
https://openalex.org/A5026833343,R. J. Allen,https://openalex.org/I157725225,University of Illinois Urbana-Champaign,1986,2008,0000-0001-9906-8352,THE CARLE FOUNDATION HOSPITAL,40.117041763,-88.2149486599999,0.9700766454096008,1940-11-12T00:00:00Z,2020-08-08T00:00:00Z,0000-0001-9906-8352,n82110923,Space Telescope Science Institute,Q57414955,384,3150,education,22,1,22,False,0,1,1
https://openalex.org/A5026833343,R. J. Allen,https://openalex.org/I111979921,Northwestern University,2007,2024,0000-0001-9906-8352,PRESENCE ST FRANCIS HOSPITAL,42.0243893370001,-87.684568052,1.917023334551091,1940-11-12T00:00:00Z,2020-08-08T00:00:00Z,0000-0001-9906-8352,n82110923,Space Telescope Science Institute,Q57414955,384,3150,education,17,1,17,False,0,1,1
https://openalex.org/A5021559669,Thomas Hellman Morton,https://openalex.org/I201448701,University of Washington,1979,2017,0000-0002-4122-4583,VIRGINIA MASON MEDICAL CENTER,47.6097766840001,-122.327866797,0.5065369991246828,,,0000-0002-4122-4583,,"University of California, Riverside",Q96102682,248,5892,education,38,1,38,False,0,1,1
https://openalex.org/A5021559669,Thomas Hellman Morton,https://openalex.org/I27804330,Brown University,1973,1981,0000-0002-4122-4583,RHODE ISLAND HOSPITAL,41.811881079,-71.409129255,1.3809352333283151,,,0000-0002-4122-4583,,"University of California, Riverside",Q96102682,248,5892,education,8,1,8,False,0,1,1
https://openalex.org/A5102905294,Chandra Sekhar Pedamallu,https://openalex.org/I63966007,Massachusetts Institute of Technology,2011,2020,0000-0002-6704-058X,SPAULDING HOSPITAL FOR CONTINUING MED CARE CAMBRIDGE,42.3753221040001,-71.106943456,0.1122862784625716,,,0000-0002-6704-058X,,,Q96074780,155,33036,education,9,1,9,False,0,1,1
https://openalex.org/A5102905294,Chandra Sekhar Pedamallu,https://openalex.org/I28166907,Karolinska Institutet,2017,2023,0000-0002-6704-058X,,,,,,,0000-0002-6704-058X,,,Q96074780,155,33036,education,6,1,6,False,0,1,1
https://openalex.org/A5102776288,Barbara Barry,https://openalex.org/I4210125099,Mayo Clinic in Arizona,2018,2025,0000-0002-0755-6939,SELECT SPECIALTY HOSPITAL ARIZONA INC.,33.488841296,-111.923228054,3.187864890097333,,,,,,Q75644982,82,2382,healthcare,7,1,7,False,1,1,0
https://openalex.org/A5102776288,Barbara Barry,https://openalex.org/I4210146710,Mayo Clinic in Florida,2018,2025,0000-0002-0755-6939,UF HEALTH JACKSONVILLE,30.3485052390001,-81.664274824,1.9951802358513129,,,,,,Q75644982,82,2382,healthcare,7,1,7,False,1,1,0
https://openalex.org/A5100325058,David Zhang,https://openalex.org/I4210116924,"Chinese University of Hong Kong, Shenzhen",2017,2025,0000-0002-5027-5286,,,,,1949-01-01T00:00:00Z,,0000-0002-5027-5286,n98076043,Hong Kong Polytechnic University,Q45954735,1804,93347,education,8,1,8,False,0,1,1
https://openalex.org/A5100325058,David Zhang,https://openalex.org/I151746483,University of Waterloo,1994,2021,0000-0002-5027-5286,,,,,1949-01-01T00:00:00Z,,0000-0002-5027-5286,n98076043,Hong Kong Polytechnic University,Q45954735,1804,93347,education,27,1,27,False,0,1,1
https://openalex.org/A5068835941,Andrew T. Chan,https://openalex.org/I1283280774,Brigham and Women's Hospital,1999,2025,0000-0001-7284-6767,SHRINERS' HOSPITAL FOR CHILDREN,42.3630925480001,-71.066301879,0.7463639796080036,,,0000-0001-7284-6767,,,Q88778847,2156,74399,healthcare,26,1,26,False,1,1,1
https://openalex.org/A5068835941,Andrew T. Chan,https://openalex.org/I136199984,Harvard University,1999,2025,0000-0001-7284-6767,SPAULDING HOSPITAL FOR CONTINUING MED CARE CAMBRIDGE,42.3753221040001,-71.106943456,0.1122862784625716,,,0000-0001-7284-6767,,,Q88778847,2156,74399,education,26,1,26,False,1,1,1
https://openalex.org/A5039651221,Gha Young Lee,https://openalex.org/I139264467,Seoul National University,2006,2016,0000-0003-1555-2249,,,,,,,0000-0003-1555-2249,,Brigham and Women's Hospital,Q90104784,57,2673,education,10,0,10,False,0,1,0
https://openalex.org/A5039651221,Gha Young Lee,https://openalex.org/I136199984,Harvard University,2018,2025,0000-0003-1555-2249,SPAULDING HOSPITAL FOR CONTINUING MED CARE CAMBRIDGE,42.3753221040001,-71.106943456,0.1122862784625716,,,0000-0003-1555-2249,,Brigham and Women's Hospital,Q90104784,57,2673,education,7,0,7,False,1,1,0
https://openalex.org/A5039651221,Gha Young Lee,https://openalex.org/I1283280774,Brigham and Women's Hospital,2018,2025,0000-0003-1555-2249,SHRINERS' HOSPITAL FOR CHILDREN,42.3630925480001,-71.066301879,0.7463639796080036,,,0000-0003-1555-2249,,Brigham and Women's Hospital,Q90104784,57,2673,healthcare,7,0,7,False,1,1,0
https://openalex.org/A5039651221,Gha Young Lee,https://openalex.org/I2803058125,Seoul National University Bundang Hospital,2015,2021,0000-0003-1555-2249,,,,,,,0000-0003-1555-2249,,Brigham and Women's Hospital,Q90104784,57,2673,healthcare,6,0,6,False,0,1,0
https://openalex.org/A5075696701,Ioannis Ch. Paschalidis,https://openalex.org/I111088046,Boston University,1998,2025,0000-0002-3343-2913,SHRINERS' HOSPITAL FOR CHILDREN,42.3630925480001,-71.066301879,0.746205054066919,,,0000-0002-3343-2913,,,Q59785208,392,6456,education,27,1,27,False,0,1,1
https://openalex.org/A5075696701,Ioannis Ch. Paschalidis,https://openalex.org/I63966007,Massachusetts Institute of Technology,1995,2002,0000-0002-3343-2913,SPAULDING HOSPITAL FOR CONTINUING MED CARE CAMBRIDGE,42.3753221040001,-71.106943456,0.1122862784625716,,,0000-0002-3343-2913,,,Q59785208,392,6456,education,7,1,7,False,0,1,1
https://openalex.org/A5101789419,Stefanie Klein,https://openalex.org/I181369854,Friedrich-Alexander-Universität Erlangen-Nürnberg,2009,2024,0000-0003-1617-3451,,,,,,,0000-0003-1617-3451,,Friedrich-Alexander-Universität Erlangen-Nürnberg,Q100543023,98,1680,education,15,0,15,False,0,1,1
https://openalex.org/A5101789419,Stefanie Klein,https://openalex.org/I4210119109,Indiana University Bloomington,1992,2013,0000-0003-1617-3451,INDIANA UNIVERSITY HEALTH BLOOMINGTON HOSPITAL,39.15989295,-86.539893595,1.311838998192859,,,0000-0003-1617-3451,,Friedrich-Alexander-Universität Erlangen-Nürnberg,Q100543023,98,1680,education,21,0,21,False,0,1,1
https://openalex.org/A5035358062,Robert A. Hegele,https://openalex.org/I131944076,Lawson Health Research Institute,2019,2025,0000-0003-2861-5325,,,,,,,0000-0003-2861-5325,,Western University,Q58046422,1202,71466,healthcare,6,1,6,False,0,1,1
https://openalex.org/A5035358062,Robert A. Hegele,https://openalex.org/I185261750,University of Toronto,1991,2023,0000-0003-2861-5325,,,,,,,0000-0003-2861-5325,,Western University,Q58046422,1202,71466,education,32,1,32,False,0,1,1
https://openalex.org/A5110827141,Charles H. Fisher,https://openalex.org/I41833579,Roanoke College,1981,2005,,VETERANS AFFAIRS MEDICAL CENTER SALEM,37.273960387,-80.018445275,3.876834995375565,1808-08-15T00:00:00Z,1880-12-08T00:00:00Z,,,,Q454012,92,497,education,24,1,24,False,0,1,0
https://openalex.org/A5110827141,Charles H. Fisher,https://openalex.org/I201448701,University of Washington,2001,2008,,VIRGINIA MASON MEDICAL CENTER,47.6097766840001,-122.327866797,0.5065369991246828,1808-08-15T00:00:00Z,1880-12-08T00:00:00Z,,,,Q454012,92,497,education,7,1,7,False,0,1,0
https://openalex.org/A5024272023,Peter Hull,https://openalex.org/I175594653,John Brown University,2018,2025,,SILOAM SPRINGS MEMORIAL HOSPITAL,36.181823078,-94.540784187,1.8399697166192748,1933-07-02T00:00:00Z,2014-02-11T00:00:00Z,,n50001756,Toronto Metropolitan University,Q7173646,154,3786,education,7,1,7,False,1,1,1
https://openalex.org/A5024272023,Peter Hull,https://openalex.org/I27804330,Brown University,2018,2025,,RHODE ISLAND HOSPITAL,41.811881079,-71.409129255,1.3809352333283151,1933-07-02T00:00:00Z,2014-02-11T00:00:00Z,,n50001756,Toronto Metropolitan University,Q7173646,154,3786,education,7,1,7,False,1,1,1
https://openalex.org/A5024272023,Peter Hull,https://openalex.org/I40347166,University of Chicago,1967,2021,,MERCY HOSPITAL AND MEDICAL CENTER,41.8468895830001,-87.621491598,2.3911404464142096,1933-07-02T00:00:00Z,2014-02-11T00:00:00Z,,n50001756,Toronto Metropolitan University,Q7173646,154,3786,education,54,1,50,True,0,1,1
https://openalex.org/A5020836803,Jyrki Ahveninen,https://openalex.org/I136199984,Harvard University,2003,2025,0000-0001-9058-8669,SPAULDING HOSPITAL FOR CONTINUING MED CARE CAMBRIDGE,42.3753221040001,-71.106943456,0.1122862784625716,,,,,,Q114756006,156,5168,education,22,1,22,False,1,1,1
https://openalex.org/A5020836803,Jyrki Ahveninen,https://openalex.org/I4210087915,Massachusetts General Hospital,2003,2025,0000-0001-9058-8669,SHRINERS' HOSPITAL FOR CHILDREN,42.3630925480001,-71.066301879,0.7463639796080036,,,,,,Q114756006,156,5168,healthcare,22,1,22,False,1,1,1
https://openalex.org/A5100320858,Xiao Zhang,https://openalex.org/I111599522,Jiangnan University,2017,2025,0000-0002-0094-6221,,,,,,,0000-0002-0094-6221,,,Q88495159,207,8874,education,8,1,8,False,0,1,1
https://openalex.org/A5100320858,Xiao Zhang,https://openalex.org/I36399199,Nanjing University of Science and Technology,2002,2019,0000-0002-0094-6221,,,,,,,0000-0002-0094-6221,,,Q88495159,207,8874,education,17,1,17,False,0,1,1
https://openalex.org/A5037896009,Stuart K. Kim,https://openalex.org/I97018004,Stanford University,1990,2024,0000-0001-8887-5095,STANFORD HOSPITAL,37.4346524360001,-122.174883097,1.4065651567623634,,,0000-0001-8887-5095,,,Q59558205,128,19185,education,34,1,34,False,1,1,0
https://openalex.org/A5037896009,Stuart K. Kim,https://openalex.org/I4210137306,Stanford Medicine,1990,2024,0000-0001-8887-5095,STANFORD HOSPITAL,37.4346524360001,-122.174883097,1.4066899219122209,,,0000-0001-8887-5095,,,Q59558205,128,19185,healthcare,34,1,34,False,1,1,0
https://openalex.org/A5056779885,Timothy Wilson,https://openalex.org/I84475105,Embry–Riddle Aeronautical University,2001,2024,0000-0002-9891-9319,HALIFAX HEALTH MEDICAL CENTER,29.202384954,-81.054827885,1.7796768376301135,1950-01-01T00:00:00Z,,0000-0003-3106-1212,n93112401,University of Virginia,Q7807613,92,323,education,23,1,23,False,0,1,0
https://openalex.org/A5056779885,Timothy Wilson,https://openalex.org/I94658018,University of Memphis,1994,2002,0000-0002-9891-9319,ST. JUDE CHILDREN'S RESEARCH HOSPITAL,35.1542158510001,-90.0429022289999,0.7596458321008707,1950-01-01T00:00:00Z,,0000-0003-3106-1212,n93112401,University of Virginia,Q7807613,92,323,education,8,1,8,False,0,1,0
https://openalex.org/A5010795553,Ranjit Kumar Das,https://openalex.org/I68428275,"Medical College and Hospital, Kolkata",2011,2020,0000-0003-2417-0939,,,,,1965-12-01T00:00:00Z,,,,,Q24565235,142,1001,education,9,1,9,False,0,1,1
https://openalex.org/A5010795553,Ranjit Kumar Das,https://openalex.org/I67357951,KIIT University,2018,2024,0000-0003-2417-0939,,,,,1965-12-01T00:00:00Z,,,,,Q24565235,142,1001,education,6,1,6,False,0,1,1
https://openalex.org/A5017763839,Daniel F. Kacher,https://openalex.org/I136199984,Harvard University,1996,2018,,SPAULDING HOSPITAL FOR CONTINUING MED CARE CAMBRIDGE,42.3753221040001,-71.106943456,0.1122862784625716,,,,,,,72,2966,education,22,0,22,False,1,1,0
https://openalex.org/A5017763839,Daniel F. Kacher,https://openalex.org/I1283280774,Brigham and Women's Hospital,1996,2018,,SHRINERS' HOSPITAL FOR CHILDREN,42.3630925480001,-71.066301879,0.7463639796080036,,,,,,,72,2966,healthcare,22,0,22,False,1,1,0
https://openalex.org/A5015907949,Kayvan Zainabadi,https://openalex.org/I4210108215,VA West Los Angeles Medical Center,2002,2014,0000-0003-3134-1783,WEST LOS ANGELES MEDICAL CENTER,34.0527212710001,-118.452752239,0.0159108734211504,,,0000-0003-3134-1783,,,Q89050408,35,946,healthcare,12,0,12,False,1,1,1
https://openalex.org/A5015907949,Kayvan Zainabadi,https://openalex.org/I4210156876,VA Greater Los Angeles Healthcare System,2002,2014,0000-0003-3134-1783,LOS ANGELES AMBULATORY CARE CENTER,34.052015037,-118.238420471,0.4854078442471335,,,0000-0003-3134-1783,,,Q89050408,35,946,healthcare,12,0,12,False,1,1,1
https://openalex.org/A5017517054,Christ D. Richmond,https://openalex.org/I55732556,Arizona State University,2013,2021,0000-0001-6392-0267,"TEMPE ST LUKE'S HOSPITAL, A CAMPUS OF ST LUKE'S MEDICAL CENTER",33.412596857,-111.940612498,2.9154111832168663,,,,,,,109,1669,education,8,1,8,False,0,1,0
https://openalex.org/A5017517054,Christ D. Richmond,https://openalex.org/I63966007,Massachusetts Institute of Technology,1993,2015,0000-0001-6392-0267,SPAULDING HOSPITAL FOR CONTINUING MED CARE CAMBRIDGE,42.3753221040001,-71.106943456,0.1122862784625716,,,,,,,109,1669,education,22,1,22,False,0,1,0
https://openalex.org/A5024345216,S. I. Krasheninnikov,https://openalex.org/I36258959,"University of California, San Diego",2000,2025,0000-0002-0786-5440,NAVAL MEDICAL CENTER SAN DIEGO,32.7275202280001,-117.145937292,2.1936292796024657,,,,,,,570,10253,education,25,1,25,False,0,1,1
https://openalex.org/A5024345216,S. I. Krasheninnikov,https://openalex.org/I4210149442,Fusion Academy,1994,2003,0000-0002-0786-5440,SPECTRUM HEALTH - BUTTERWORTH CAMPUS,42.9696691940001,-85.665746666,0.6563917316076635,,,,,,,570,10253,education,9,1,9,False,0,1,1
https://openalex.org/A5039293524,Caroline Boudoux,https://openalex.org/I45683168,Polytechnique Montréal,2008,2025,0000-0002-2145-9086,,,,,,,0000-0002-2145-9086,n2023066600,Polytechnic School of Montreal,Q131851916,140,1636,education,17,0,17,False,0,1,1
https://openalex.org/A5039293524,Caroline Boudoux,https://openalex.org/I4210087915,Massachusetts General Hospital,2003,2009,0000-0002-2145-9086,SHRINERS' HOSPITAL FOR CHILDREN,42.3630925480001,-71.066301879,0.7463639796080036,,,0000-0002-2145-9086,n2023066600,Polytechnic School of Montreal,Q131851916,140,1636,healthcare,6,0,6,False,0,1,1
https://openalex.org/A5030203661,Mu‐Hyun Baik,https://openalex.org/I4210119109,Indiana University Bloomington,2003,2018,0000-0002-8832-8187,INDIANA UNIVERSITY HEALTH BLOOMINGTON HOSPITAL,39.15989295,-86.539893595,1.311838998192859,,,0000-0002-8832-8187,,KAIST,Q41318296,651,14297,education,15,1,15,False,0,1,1
https://openalex.org/A5030203661,Mu‐Hyun Baik,https://openalex.org/I157485424,Korea Advanced Institute of Science and Technology,2015,2026,0000-0002-8832-8187,,,,,,,0000-0002-8832-8187,,KAIST,Q41318296,651,14297,education,11,1,11,False,0,1,1
https://openalex.org/A5065583280,Raphael J. F. Berger,https://openalex.org/I182212641,University of Salzburg,2011,2025,0000-0002-2284-0540,,,,,,,0000-0002-2284-0540,,,Q64039637,300,2991,education,14,1,14,False,0,1,1
https://openalex.org/A5065583280,Raphael J. F. Berger,https://openalex.org/I133731052,University of Helsinki,2001,2015,0000-0002-2284-0540,,,,,,,0000-0002-2284-0540,,,Q64039637,300,2991,education,14,1,14,False,0,1,1
https://openalex.org/A5112582668,Masaki Ihara,https://openalex.org/I74801974,The University of Tokyo,2008,2014,,,,,,1986-11-04T00:00:00Z,,,,,Q11379177,109,5381,education,6,1,6,False,0,1,0
https://openalex.org/A5112582668,Masaki Ihara,https://openalex.org/I137975476,Shinshu University,2010,2021,,,,,,1986-11-04T00:00:00Z,,,,,Q11379177,109,5381,education,11,1,11,False,0,1,0
https://openalex.org/A5012216430,S. Sen,https://openalex.org/I27804330,Brown University,2010,2022,0000-0002-9006-9698,RHODE ISLAND HOSPITAL,41.811881079,-71.409129255,1.3809352333283151,,,0000-0002-9006-9698,,University of Wisconsin–La Crosse,Q57034039,91,2282,education,12,1,12,False,0,1,0
https://openalex.org/A5012216430,S. Sen,https://openalex.org/I4657992,University of Wisconsin–La Crosse,2019,2025,0000-0002-9006-9698,MAYO CLINIC HLTH SYSTEM- FRANCISCAN MED CTR,43.803947932,-91.240304033,1.402750472506302,,,0000-0002-9006-9698,,University of Wisconsin–La Crosse,Q57034039,91,2282,education,6,1,6,False,0,1,0
https://openalex.org/A5056095913,David P. DiVincenzo,https://openalex.org/I154570441,"University of California, Santa Barbara",1992,1998,0000-0003-4332-645X,SANTA BARBARA COTTAGE HOSPITAL,34.429466689,-119.723809039,2.5384727841850334,1959-01-01T00:00:00Z,,0000-0003-4332-645X,n91089363,RWTH Aachen University,Q22004074,346,46976,education,6,1,6,False,0,1,1
https://openalex.org/A5056095913,David P. DiVincenzo,https://openalex.org/I63966007,Massachusetts Institute of Technology,1988,1995,0000-0003-4332-645X,SPAULDING HOSPITAL FOR CONTINUING MED CARE CAMBRIDGE,42.3753221040001,-71.106943456,0.1122862784625716,1959-01-01T00:00:00Z,,0000-0003-4332-645X,n91089363,RWTH Aachen University,Q22004074,346,46976,education,7,1,7,False,0,1,1
https://openalex.org/A5056095913,David P. DiVincenzo,https://openalex.org/I79576946,University of Pennsylvania,1980,1989,0000-0003-4332-645X,MAGEE REHABILITATION HOSPITAL,39.9568141240001,-75.16527023,0.5127238287837673,1959-01-01T00:00:00Z,,0000-0003-4332-645X,n91089363,RWTH Aachen University,Q22004074,346,46976,education,9,1,9,False,0,1,1
https://openalex.org/A5008947058,Michael G. Giacomelli,https://openalex.org/I63966007,Massachusetts Institute of Technology,2013,2021,0000-0002-2570-0770,SPAULDING HOSPITAL FOR CONTINUING MED CARE CAMBRIDGE,42.3753221040001,-71.106943456,0.1122862784625716,,,0000-0002-2570-0770,,University of Rochester,Q88059559,112,1378,education,8,0,8,False,0,1,1
https://openalex.org/A5008947058,Michael G. Giacomelli,https://openalex.org/I5388228,University of Rochester,2018,2025,0000-0002-2570-0770,THE UNITY HOSPITAL OF ROCHESTER-ST MARYS CAMPUS,43.148695284,-77.637099746,1.873628521482556,,,0000-0002-2570-0770,,University of Rochester,Q88059559,112,1378,education,7,0,7,False,0,1,1
https://openalex.org/A5002675749,Yaniv Almog,https://openalex.org/I121820613,Louisiana State University,2005,2021,0000-0002-5008-0200,BATON ROUGE GENERAL MEDICAL CENTER (MID-CITY),30.4495340920001,-91.153153918,3.361377799448269,,,0000-0002-5008-0200,,Louisiana State University,Q83020099,57,474,education,16,0,16,False,0,1,0
https://openalex.org/A5002675749,Yaniv Almog,https://openalex.org/I231622532,ORT Braude College,2019,2025,0000-0002-5008-0200,,,,,,,0000-0002-5008-0200,,Louisiana State University,Q83020099,57,474,education,6,0,6,False,0,1,0
https://openalex.org/A5079636857,Bernd Rolauffs,https://openalex.org/I161046081,University of Freiburg,2016,2025,0000-0002-3275-8196,,,,,1969-01-01T00:00:00Z,,0000-0002-3275-8196,,,Q61150023,152,4744,education,9,0,9,False,0,1,1
https://openalex.org/A5079636857,Bernd Rolauffs,https://openalex.org/I63966007,Massachusetts Institute of Technology,2004,2017,0000-0002-3275-8196,SPAULDING HOSPITAL FOR CONTINUING MED CARE CAMBRIDGE,42.3753221040001,-71.106943456,0.1122862784625716,1969-01-01T00:00:00Z,,0000-0002-3275-8196,,,Q61150023,152,4744,education,13,0,13,False,0,1,1
https://openalex.org/A5094304841,Franz Stückle,https://openalex.org/I4210142289,MVZ - Kurfürstendamm,2018,2024,,,,,,,,,,,,505,45,healthcare,6,1,6,False,1,1,1
https://openalex.org/A5094304841,Franz Stückle,https://openalex.org/I9649716,"HTWG Hochschule Konstanz - Technik, Wirtschaft und Gestaltung",2018,2024,,,,,,,,,,,,505,45,education,6,1,6,False,1,1,1
https://openalex.org/A5094304841,Franz Stückle,https://openalex.org/I63966007,Massachusetts Institute of Technology,1828,2022,,SPAULDING HOSPITAL FOR CONTINUING MED CARE CAMBRIDGE,42.3753221040001,-71.106943456,0.1122862784625716,,,,,,,505,45,education,194,1,50,True,0,1,1
https://openalex.org/A5094304841,Franz Stückle,https://openalex.org/I34352273,Maastricht University,2018,2024,,,,,,,,,,,,505,45,education,6,1,6,False,1,1,1
https://openalex.org/A5094304841,Franz Stückle,https://openalex.org/I8087733,University of Tübingen,2018,2024,,,,,,,,,,,,505,45,education,6,1,6,False,1,1,1
https://openalex.org/A5018631559,David B. Nieborg,https://openalex.org/I185261750,University of Toronto,2016,2025,0000-0002-3498-789X,,,,,1980-01-01T00:00:00Z,,0000-0002-3498-789X,,University of Toronto,Q92461786,84,4380,education,9,0,9,False,0,1,1
https://openalex.org/A5018631559,David B. Nieborg,https://openalex.org/I887064364,University of Amsterdam,2007,2019,0000-0002-3498-789X,,,,,1980-01-01T00:00:00Z,,0000-0002-3498-789X,,University of Toronto,Q92461786,84,4380,education,12,0,12,False,0,1,1
https://openalex.org/A5009079390,A. L. Utz,https://openalex.org/I63966007,Massachusetts Institute of Technology,1992,1998,0000-0002-6525-594X,SPAULDING HOSPITAL FOR CONTINUING MED CARE CAMBRIDGE,42.3753221040001,-71.106943456,0.1122862784625716,,,0000-0002-6525-594X,,,Q88798351,48,2550,education,6,1,6,False,0,1,0
https://openalex.org/A5009079390,A. L. Utz,https://openalex.org/I135310074,University of Wisconsin–Madison,1988,1995,0000-0002-6525-594X,SELECT SPECIALTY HOSPITAL MADISON,43.0659334370001,-89.399383385,0.8054172583771614,,,0000-0002-6525-594X,,,Q88798351,48,2550,education,7,1,7,False,0,1,0
https://openalex.org/A5046656043,Thomas Lee Bailey,https://openalex.org/I859038795,Virginia Tech,1996,2003,,LEWISGALE HOSPITAL MONTGOMERY,37.187206368,-80.4110116959999,4.717753965678886,,,,,,Q67215316,36,2211,education,7,0,7,False,1,1,0
https://openalex.org/A5046656043,Thomas Lee Bailey,https://openalex.org/I39822340,Virginia–Maryland College of Veterinary Medicine,1996,2003,,LEWISGALE HOSPITAL MONTGOMERY,37.187206368,-80.4110116959999,4.717587457539437,,,,,,Q67215316,36,2211,education,7,0,7,False,1,1,0
https://openalex.org/A5049856973,Jong‐Min Lim,https://openalex.org/I157485424,Korea Advanced Institute of Science and Technology,2005,2023,0000-0002-6025-9175,,,,,,,0000-0002-6025-9175,,Samsung Electronics,Q57150319,122,4601,education,18,1,18,False,0,1,1
https://openalex.org/A5049856973,Jong‐Min Lim,https://openalex.org/I191879574,Inha University,2001,2007,0000-0002-6025-9175,,,,,,,0000-0002-6025-9175,,Samsung Electronics,Q57150319,122,4601,education,6,1,6,False,0,1,1
https://openalex.org/A5030907430,Christopher M. Lemon,https://openalex.org/I136199984,Harvard University,2013,2022,0000-0001-9493-5488,SPAULDING HOSPITAL FOR CONTINUING MED CARE CAMBRIDGE,42.3753221040001,-71.106943456,0.1122862784625716,,,0000-0001-9493-5488,,"University of California, Berkeley",Q83558468,62,943,education,9,0,9,False,0,1,0
https://openalex.org/A5030907430,Christopher M. Lemon,https://openalex.org/I154130895,University of Auckland,1993,2017,0000-0001-9493-5488,,,,,,,0000-0001-9493-5488,,"University of California, Berkeley",Q83558468,62,943,education,24,0,24,False,0,1,0
https://openalex.org/A5031173686,Michel Lemay,https://openalex.org/I72816309,Drexel University,2002,2015,0000-0002-5636-0297,MAGEE REHABILITATION HOSPITAL,39.9568141240001,-75.16527023,0.5126026831433603,1931-01-01T00:00:00Z,2022-06-16T00:00:00Z,,n84014089,,Q3310169,185,2759,education,13,0,13,False,0,1,1
https://openalex.org/A5031173686,Michel Lemay,https://openalex.org/I58956616,Case Western Reserve University,1993,2005,0000-0002-5636-0297,LUTHERAN HOSPITAL,41.4876333760001,-81.707262893,1.6479325770104616,1931-01-01T00:00:00Z,2022-06-16T00:00:00Z,,n84014089,,Q3310169,185,2759,education,12,0,12,False,0,1,1
https://openalex.org/A5031173686,Michel Lemay,https://openalex.org/I84392919,Temple University,2014,2024,0000-0002-5636-0297,MAGEE REHABILITATION HOSPITAL,39.9568141240001,-75.16527023,0.5126026831433603,1931-01-01T00:00:00Z,2022-06-16T00:00:00Z,,n84014089,,Q3310169,185,2759,education,10,0,10,False,0,1,1
https://openalex.org/A5082868104,Julian Sonner,https://openalex.org/I241749,University of Cambridge,2006,2013,0000-0002-6179-1729,,,,,,,,,,,83,2569,education,7,0,7,False,0,1,0
https://openalex.org/A5082868104,Julian Sonner,https://openalex.org/I63966007,Massachusetts Institute of Technology,2009,2015,0000-0002-6179-1729,SPAULDING HOSPITAL FOR CONTINUING MED CARE CAMBRIDGE,42.3753221040001,-71.106943456,0.1122862784625716,,,,,,,83,2569,education,6,0,6,False,0,1,0
https://openalex.org/A5065024297,C. Butuceanu,https://openalex.org/I16285277,William & Mary,2003,2010,,EASTERN STATE HOSPITAL,37.2898228030001,-76.7359916519999,3.300781790094188,,,,,,,115,5557,education,7,1,7,False,0,1,0
https://openalex.org/A5065024297,C. Butuceanu,https://openalex.org/I194028371,University of Regina,2007,2020,,,,,,,,,,,,115,5557,education,13,1,13,False,0,1,0
https://openalex.org/A5080553234,Charles R.G. Guttmann,https://openalex.org/I1283280774,Brigham and Women's Hospital,1992,2025,0000-0002-7006-9762,SHRINERS' HOSPITAL FOR CHILDREN,42.3630925480001,-71.066301879,0.7463639796080036,,,0000-0002-7006-9762,,Brigham and Women's Hospital,Q59662623,316,15443,healthcare,33,1,33,False,1,1,1
https://openalex.org/A5080553234,Charles R.G. Guttmann,https://openalex.org/I136199984,Harvard University,1992,2025,0000-0002-7006-9762,SPAULDING HOSPITAL FOR CONTINUING MED CARE CAMBRIDGE,42.3753221040001,-71.106943456,0.1122862784625716,,,0000-0002-7006-9762,,Brigham and Women's Hospital,Q59662623,316,15443,education,33,1,33,False,1,1,1
https://openalex.org/A5082997975,Jimmy Lin,https://openalex.org/I66946132,"University of Maryland, College Park",2005,2018,0000-0002-0661-7189,SAINT LUKE INSTITUTE,39.002567964,-76.980022199,4.45031974460681,,,0000-0002-0661-7189,,University of Waterloo,Q93956311,755,22131,education,13,1,13,False,0,1,0
https://openalex.org/A5082997975,Jimmy Lin,https://openalex.org/I151746483,University of Waterloo,2015,2025,0000-0002-0661-7189,,,,,,,0000-0002-0661-7189,,University of Waterloo,Q93956311,755,22131,education,10,1,10,False,0,1,0
https://openalex.org/A5082997975,Jimmy Lin,https://openalex.org/I63966007,Massachusetts Institute of Technology,2000,2006,0000-0002-0661-7189,SPAULDING HOSPITAL FOR CONTINUING MED CARE CAMBRIDGE,42.3753221040001,-71.106943456,0.1122862784625716,,,0000-0002-0661-7189,,University of Waterloo,Q93956311,755,22131,education,6,1,6,False,0,1,0
https://openalex.org/A5013738849,Phillip B. Messersmith,https://openalex.org/I111979921,Northwestern University,1998,2017,0000-0002-1197-333X,PRESENCE ST FRANCIS HOSPITAL,42.0243893370001,-87.684568052,1.917023334551091,,,0000-0002-1197-333X,,"University of California, Berkeley",Q39795084,290,46040,education,19,1,19,False,0,1,1
https://openalex.org/A5013738849,Phillip B. Messersmith,https://openalex.org/I95457486,"University of California, Berkeley",2014,2025,0000-0002-1197-333X,ALTA BATES SUMMIT MED CTR-HERRICK CAMPUS,37.8644118560001,-122.268577616,0.8781923132251,,,0000-0002-1197-333X,,"University of California, Berkeley",Q39795084,290,46040,education,11,1,11,False,0,1,1
https://openalex.org/A5100380419,Yan Li,https://openalex.org/I4210158926,Xijing Hospital,2016,2025,0000-0003-1963-839X,,,,,2000-01-01T00:00:00Z,,0000-0003-1963-839X,,Nanyang Technological University,Q37367255,1124,27352,healthcare,9,1,9,False,1,1,1
https://openalex.org/A5100380419,Yan Li,https://openalex.org/I9916479,Air Force Medical University,2016,2025,0000-0003-1963-839X,,,,,2000-01-01T00:00:00Z,,0000-0003-1963-839X,,Nanyang Technological University,Q37367255,1124,27352,education,9,1,9,False,1,1,1
https://openalex.org/A5100380419,Yan Li,https://openalex.org/I114027177,University of North Carolina at Chapel Hill,1994,2020,0000-0003-1963-839X,UNIVERSITY OF NORTH CAROLINA HOSPITALS,35.9045427030001,-79.049689229,1.110654999538604,2000-01-01T00:00:00Z,,0000-0003-1963-839X,,Nanyang Technological University,Q37367255,1124,27352,education,26,1,26,False,0,1,1
https://openalex.org/A5073553971,Hwajoo Joo,https://openalex.org/I139264467,Seoul National University,2019,2025,0000-0002-9690-5589,,,,,,,,,,,22,507,education,6,0,6,False,1,1,0
https://openalex.org/A5073553971,Hwajoo Joo,https://openalex.org/I4210092510,National University,2019,2025,0000-0002-9690-5589,,,,,,,,,,,22,507,education,6,0,6,False,1,1,0
https://openalex.org/A5077005676,Wenqian Xiao,https://openalex.org/I63966007,Massachusetts Institute of Technology,2011,2025,0000-0001-8445-6125,SPAULDING HOSPITAL FOR CONTINUING MED CARE CAMBRIDGE,42.3753221040001,-71.106943456,0.1122862784625716,,,,,,,54,1600,education,14,0,14,False,1,1,1
https://openalex.org/A5077005676,Wenqian Xiao,https://openalex.org/I136199984,Harvard University,2011,2025,0000-0001-8445-6125,SPAULDING HOSPITAL FOR CONTINUING MED CARE CAMBRIDGE,42.3753221040001,-71.106943456,0.1122862784625716,,,,,,,54,1600,education,14,0,14,False,1,1,1
https://openalex.org/A5077005676,Wenqian Xiao,https://openalex.org/I1283280774,Brigham and Women's Hospital,2011,2025,0000-0001-8445-6125,SHRINERS' HOSPITAL FOR CHILDREN,42.3630925480001,-71.066301879,0.7463639796080036,,,,,,,54,1600,healthcare,14,0,14,False,1,1,1
https://openalex.org/A5077005676,Wenqian Xiao,https://openalex.org/I4210092658,Harvard–MIT Division of Health Sciences and Technology,2011,2025,0000-0001-8445-6125,MASSACHUSETTS EYE AND EAR INFIRMARY,42.3629,-71.0701,1.3870923941286366,,,,,,,54,1600,education,14,0,14,False,1,1,1
https://openalex.org/A5020247892,A. De Rújula,https://openalex.org/I63634437,Universidad Autónoma de Madrid,2010,2025,0000-0002-1545-668X,,,,,1944-01-29T00:00:00Z,,,nr89000333,CERN,Q12269533,279,8783,education,15,1,15,False,0,1,0
https://openalex.org/A5020247892,A. De Rújula,https://openalex.org/I111088046,Boston University,1994,2013,0000-0002-1545-668X,SHRINERS' HOSPITAL FOR CHILDREN,42.3630925480001,-71.066301879,0.746205054066919,1944-01-29T00:00:00Z,,,nr89000333,CERN,Q12269533,279,8783,education,19,1,19,False,0,1,0
https://openalex.org/A5040133867,Erwin London,https://openalex.org/I1327163397,State University of New York,1973,2025,0000-0002-1295-0113,VA MEDICAL CENTER - ALBANY STRATTON,42.6508081800001,-73.771944595,1.299934220282715,,,0000-0002-1295-0113,,Stony Brook University,Q88402429,267,22915,education,52,1,50,True,1,1,1
https://openalex.org/A5040133867,Erwin London,https://openalex.org/I59553526,Stony Brook University,1973,2025,0000-0002-1295-0113,STONY BROOK UNIVERSITY MEDICAL CENTER,40.909194455,-73.115678223,2.802397004474364,,,0000-0002-1295-0113,,Stony Brook University,Q88402429,267,22915,education,52,1,50,True,1,1,1
https://openalex.org/A5039167346,Lucia M. Vaina,https://openalex.org/I111088046,Boston University,1983,2022,0000-0002-5636-8352,SHRINERS' HOSPITAL FOR CHILDREN,42.3630925480001,-71.066301879,0.746205054066919,1946-12-20T00:00:00Z,,0000-0002-5636-8352,n83046795,Boston University,Q88385558,152,4175,education,39,1,39,False,1,1,1
https://openalex.org/A5039167346,Lucia M. Vaina,https://openalex.org/I63966007,Massachusetts Institute of Technology,1983,2022,0000-0002-5636-8352,SPAULDING HOSPITAL FOR CONTINUING MED CARE CAMBRIDGE,42.3753221040001,-71.106943456,0.1122862784625716,1946-12-20T00:00:00Z,,0000-0002-5636-8352,n83046795,Boston University,Q88385558,152,4175,education,39,1,39,False,1,1,1
https://openalex.org/A5100707460,Mengdi Wang,https://openalex.org/I20089843,Princeton University,2013,2025,0000-0002-2101-9507,MERWICK REHABILITATION HOSPITAL AND NURSING CARE CENTER,40.3528112230001,-74.6663108129999,0.7652032342540844,,,0000-0002-2101-9507,,,Q102575076,614,6092,education,12,0,12,False,1,1,1
https://openalex.org/A5100707460,Mengdi Wang,https://openalex.org/I205237279,Nankai University,2013,2025,0000-0002-2101-9507,,,,,,,0000-0002-2101-9507,,,Q102575076,614,6092,education,12,0,12,False,1,1,1
https://openalex.org/A5035438390,Iain S. Hunter,https://openalex.org/I181647926,University of Strathclyde,1999,2024,0000-0003-2571-6016,,,,,,,0000-0002-3942-9811,,Brigham Young University,Q92926751,110,2095,education,25,0,25,False,0,1,0
https://openalex.org/A5035438390,Iain S. Hunter,https://openalex.org/I7882870,University of Glasgow,1991,2003,0000-0003-2571-6016,,,,,,,0000-0002-3942-9811,,Brigham Young University,Q92926751,110,2095,education,12,0,12,False,0,1,0
https://openalex.org/A5010436413,Ioana D. Vladescu,https://openalex.org/I136199984,Harvard University,2010,2018,,SPAULDING HOSPITAL FOR CONTINUING MED CARE CAMBRIDGE,42.3753221040001,-71.106943456,0.1122862784625716,,,,,,,21,1030,education,8,0,8,False,0,1,0
https://openalex.org/A5010436413,Ioana D. Vladescu,https://openalex.org/I12912129,Northeastern University,2005,2012,,SHRINERS' HOSPITAL FOR CHILDREN,42.3630925480001,-71.066301879,0.7463639796080036,,,,,,,21,1030,education,7,0,7,False,0,1,0
https://openalex.org/A5115604391,Michael P. Murphy,https://openalex.org/I4394709130,Indiana University School of Medicine,2007,2025,0000-0003-3079-0659,,,,,1976-05-07T00:00:00Z,2005-06-28T00:00:00Z,,n2010015881,,Q520584,138,5110,education,18,0,18,False,1,1,1
https://openalex.org/A5115604391,Michael P. Murphy,https://openalex.org/I55769427,Indiana University – Purdue University Indianapolis,2007,2025,0000-0003-3079-0659,IU HEALTH UNIVERSITY HOSPITAL,39.7752833260001,-86.176561615,1.7592374708104055,1976-05-07T00:00:00Z,2005-06-28T00:00:00Z,,n2010015881,,Q520584,138,5110,education,18,0,18,False,1,1,1
https://openalex.org/A5028943520,Binil Starly,https://openalex.org/I8692664,University of Oklahoma,2007,2020,0000-0002-8527-1269,NORMAN REGIONAL HEALTH SYSTEM -NORMAN CAMPUS,35.230413878,-97.439293783,0.8725353439584254,,,0000-0002-8527-1269,,,Q84757014,132,5299,education,13,0,13,False,0,1,1
https://openalex.org/A5028943520,Binil Starly,https://openalex.org/I114027177,University of North Carolina at Chapel Hill,2016,2025,0000-0002-8527-1269,UNIVERSITY OF NORTH CAROLINA HOSPITALS,35.9045427030001,-79.049689229,1.110654999538604,,,0000-0002-8527-1269,,,Q84757014,132,5299,education,9,0,9,False,0,1,1
https://openalex.org/A5088036495,Brandon Curd,https://openalex.org/I4210124175,Center for Astrophysics Harvard & Smithsonian,2017,2025,0000-0002-8650-0879,SPAULDING HOSPITAL FOR CONTINUING MED CARE CAMBRIDGE,42.3753221040001,-71.106943456,0.1120092156130309,,,,,,,40,343,education,8,0,8,False,1,1,0
https://openalex.org/A5088036495,Brandon Curd,https://openalex.org/I136199984,Harvard University,2017,2025,0000-0002-8650-0879,SPAULDING HOSPITAL FOR CONTINUING MED CARE CAMBRIDGE,42.3753221040001,-71.106943456,0.1122862784625716,,,,,,,40,343,education,8,0,8,False,1,1,0
https://openalex.org/A5088092315,Xuebing Yang,https://openalex.org/I2800558167,UPMC Altoona,2011,2025,0000-0002-3080-3053,UPMC ALTOONA,40.5218208950001,-78.398697715,0.0349461028921249,,,,,,,35,138,healthcare,14,0,14,False,1,1,0
https://openalex.org/A5088092315,Xuebing Yang,https://openalex.org/I130769515,Pennsylvania State University,2011,2025,0000-0002-3080-3053,MOUNT NITTANY MEDICAL CENTER,40.8185483410001,-77.842589845,3.158028882678651,,,,,,,35,138,education,14,0,14,False,1,1,0
https://openalex.org/A5090731225,Rosemary Tambouret,https://openalex.org/I136199984,Harvard University,1999,2020,,SPAULDING HOSPITAL FOR CONTINUING MED CARE CAMBRIDGE,42.3753221040001,-71.106943456,0.1122862784625716,,,,,,Q114311285,138,2038,education,21,0,21,False,1,1,1
https://openalex.org/A5090731225,Rosemary Tambouret,https://openalex.org/I4210087915,Massachusetts General Hospital,1999,2020,,SHRINERS' HOSPITAL FOR CHILDREN,42.3630925480001,-71.066301879,0.7463639796080036,,,,,,Q114311285,138,2038,healthcare,21,0,21,False,1,1,1
https://openalex.org/A5073269968,Wanguo Liu,https://openalex.org/I194450716,Jilin University,2014,2025,0000-0002-5685-4705,,,,,,,,,,,169,5699,education,11,1,11,False,0,1,1
https://openalex.org/A5073269968,Wanguo Liu,https://openalex.org/I75420490,Louisiana State University Health Sciences Center New Orleans,2008,2018,0000-0002-5685-4705,TULANE MEDICAL CENTER,29.954800113,-90.0769039149999,0.1774689005179978,,,,,,,169,5699,healthcare,10,1,10,False,0,1,1
https://openalex.org/A5076077804,Ruizhi Liu,https://openalex.org/I4210125137,First Hospital of Jilin University,2010,2025,0000-0002-3386-7765,,,,,,,0000-0002-3386-7765,,,Q88025186,269,1948,healthcare,15,1,15,False,0,1,1
https://openalex.org/A5076077804,Ruizhi Liu,https://openalex.org/I99065089,Tsinghua University,1992,2012,0000-0002-3386-7765,,,,,,,0000-0002-3386-7765,,,Q88025186,269,1948,education,20,1,20,False,0,1,1
https://openalex.org/A5026689272,Amir Bhochhibhoya,https://openalex.org/I196679149,Lander University,2018,2024,0000-0002-0677-8943,SELF REGIONAL HEALTHCARE,34.1756436160001,-82.1565781899999,2.861165669365381,,,0000-0002-0677-8943,,University of Oklahoma,Q85320100,34,391,education,6,0,6,False,1,1,0
https://openalex.org/A5026689272,Amir Bhochhibhoya,https://openalex.org/I155781252,University of South Carolina,2018,2024,0000-0002-0677-8943,PALMETTO HEALTH BAPTIST HOSPITAL,34.006786871,-81.0331680419999,0.6924613075979149,,,0000-0002-0677-8943,,University of Oklahoma,Q85320100,34,391,education,6,0,6,False,1,1,0
https://openalex.org/A5079816331,Lawrence A. Plummer,https://openalex.org/I125749732,Western University,2014,2020,0000-0003-4051-1537,,,,,,,,,,,40,1652,education,6,0,6,False,0,1,0
https://openalex.org/A5079816331,Lawrence A. Plummer,https://openalex.org/I8078737,Clemson University,2008,2015,0000-0003-4051-1537,GHS OCONEE MEMORIAL HOSPITAL,34.6955306900001,-82.98721979,13.7663699357621,,,,,,,40,1652,education,7,0,7,False,0,1,0
https://openalex.org/A5100352749,Feng Chen,https://openalex.org/I111979921,Northwestern University,2001,2026,0000-0003-3508-8834,PRESENCE ST FRANCIS HOSPITAL,42.0243893370001,-87.684568052,1.917023334551091,,,0000-0003-3508-8834,,Augusta University,Q97542808,1260,62863,education,25,1,25,False,0,1,1
https://openalex.org/A5100352749,Feng Chen,https://openalex.org/I44461941,University of Houston,1993,2003,0000-0003-3508-8834,ST. JOSEPH MEDICAL CENTER,29.7481161270001,-95.366148139,1.7089215558991018,,,0000-0003-3508-8834,,Augusta University,Q97542808,1260,62863,education,10,1,10,False,0,1,1
https://openalex.org/A5100352749,Feng Chen,https://openalex.org/I186776151,Rider University,1991,1997,0000-0003-3508-8834,SAINT LAWRENCE REHABILITATION CENTER,40.2882778260001,-74.7350899749999,0.9530843914864208,,,0000-0003-3508-8834,,Augusta University,Q97542808,1260,62863,education,6,1,6,False,0,1,1
https://openalex.org/A5028863641,David A. Illingworth,https://openalex.org/I130701444,Georgia Institute of Technology,2015,2021,0000-0003-4017-5801,GRADY MEMORIAL HOSPITAL,33.751988554,-84.3817915719999,0.6616538728322765,1931-11-30T00:00:00Z,2022-01-15T00:00:00Z,,,,Q62111126,19,169,education,6,0,6,False,0,1,0
https://openalex.org/A5028863641,David A. Illingworth,https://openalex.org/I59897056,"California State University, Long Beach",2019,2025,0000-0003-4017-5801,ST. MARY MEDICAL CENTER,33.780423381,-118.186115366,1.524505448887301,1931-11-30T00:00:00Z,2022-01-15T00:00:00Z,,,,Q62111126,19,169,education,6,0,6,False,0,1,0
https://openalex.org/A5050330450,Susan Redline,https://openalex.org/I1283280774,Brigham and Women's Hospital,1989,2025,0000-0002-6585-1610,SHRINERS' HOSPITAL FOR CHILDREN,42.3630925480001,-71.066301879,0.7463639796080036,,,0000-0002-6585-1610,n2014186546,,Q64755281,1673,119685,healthcare,36,1,36,False,1,1,1
https://openalex.org/A5050330450,Susan Redline,https://openalex.org/I136199984,Harvard University,1989,2025,0000-0002-6585-1610,SPAULDING HOSPITAL FOR CONTINUING MED CARE CAMBRIDGE,42.3753221040001,-71.106943456,0.1122862784625716,,,0000-0002-6585-1610,n2014186546,,Q64755281,1673,119685,education,36,1,36,False,1,1,1
https://openalex.org/A5088347977,Ronald F. Sprouse,https://openalex.org/I76835614,University of Missouri,1977,1991,,UNIVERSITY OF MISSOURI HEALTH CARE,38.9383836580001,-92.328178114,1.566980228329968,,,,,,,32,637,education,14,0,14,False,1,1,0
https://openalex.org/A5088347977,Ronald F. Sprouse,https://openalex.org/I2799416549,Missouri College,1977,1991,,SSM REHABILITATION HOSPITAL AT ST. MARY'S HEALTH CENTER,38.633330883,-90.3126995979999,2.1356339388494416,,,,,,,32,637,education,14,0,14,False,1,1,0
https://openalex.org/A5010804491,Julien H. Arrizabalaga,https://openalex.org/I8692664,University of Oklahoma,2012,2020,0000-0001-8603-4575,NORMAN REGIONAL HEALTH SYSTEM -NORMAN CAMPUS,35.230413878,-97.439293783,0.8725353439584254,,,,,,,20,420,education,8,0,8,False,0,1,0
https://openalex.org/A5010804491,Julien H. Arrizabalaga,https://openalex.org/I130769515,Pennsylvania State University,2019,2025,0000-0001-8603-4575,MOUNT NITTANY MEDICAL CENTER,40.8185483410001,-77.842589845,3.158028882678651,,,,,,,20,420,education,6,0,6,False,0,1,0
https://openalex.org/A5089880857,Subodh Kumar,https://openalex.org/I12315562,Texas Tech University,2016,2025,0000-0003-4705-122X,LLANO SPECIALTY HOSPITAL,33.5867926990001,-101.850830776,1.0715241664631936,1991-10-10T00:00:00Z,,,,,Q7631756,113,3187,education,9,1,9,False,1,1,1
https://openalex.org/A5089880857,Subodh Kumar,https://openalex.org/I926076166,Texas Tech University Health Sciences Center,2016,2025,0000-0003-4705-122X,LLANO SPECIALTY HOSPITAL,33.5867926990001,-101.850830776,1.0713819269470508,1991-10-10T00:00:00Z,,,,,Q7631756,113,3187,education,9,1,9,False,1,1,1
https://openalex.org/A5070656368,JoLaine R. Draugalis,https://openalex.org/I8692664,University of Oklahoma,2007,2023,,NORMAN REGIONAL HEALTH SYSTEM -NORMAN CAMPUS,35.230413878,-97.439293783,0.8725353439584254,,,,,,,118,2007,education,16,0,16,False,1,1,1
https://openalex.org/A5070656368,JoLaine R. Draugalis,https://openalex.org/I27253931,Oklahoma City University,2007,2023,,ST. ANTHONY HOSPITAL,35.4779097040001,-97.523429705,2.5436914707677376,,,,,,,118,2007,education,16,0,16,False,1,1,1
https://openalex.org/A5111952061,G. R. Keller,https://openalex.org/I164936912,The University of Texas at El Paso,1980,2011,,LAS PALMAS MEDICAL CENTER,31.769835867,-106.499075548,1.686989859494014,1946-01-01T00:00:00Z,,0000-0001-6078-8475,n78030206,University of Oklahoma,Q57821080,298,6925,education,31,1,31,False,0,1,1
https://openalex.org/A5111952061,G. R. Keller,https://openalex.org/I8692664,University of Oklahoma,2007,2021,,NORMAN REGIONAL HEALTH SYSTEM -NORMAN CAMPUS,35.230413878,-97.439293783,0.8725353439584254,1946-01-01T00:00:00Z,,0000-0001-6078-8475,n78030206,University of Oklahoma,Q57821080,298,6925,education,14,1,14,False,0,1,1
https://openalex.org/A5076396116,Maximilian Maahn,https://openalex.org/I926574661,Leipzig University,2018,2026,0000-0002-2580-9100,,,,,,,0000-0002-2580-9100,,University of Cologne,Q58091338,139,2872,education,8,0,8,False,0,1,0
https://openalex.org/A5076396116,Maximilian Maahn,https://openalex.org/I180923762,University of Cologne,2012,2021,0000-0002-2580-9100,,,,,,,0000-0002-2580-9100,,University of Cologne,Q58091338,139,2872,education,9,0,9,False,0,1,0
https://openalex.org/A5043067545,Robert Riding,https://openalex.org/I79510175,Cardiff University,1979,2011,0000-0001-7502-1031,,,,,1944-01-01T00:00:00Z,,0000-0001-7502-1031,n85187028,University of Tennessee,Q54610072,199,13003,education,32,0,32,False,0,1,1
https://openalex.org/A5043067545,Robert Riding,https://openalex.org/I75027704,University of Tennessee at Knoxville,2008,2025,0000-0001-7502-1031,BAPTIST HOSPITAL OF EAST TENNESSEE,35.955245645,-83.914459568,0.8242155808756435,1944-01-01T00:00:00Z,,0000-0001-7502-1031,n85187028,University of Tennessee,Q54610072,199,13003,education,17,0,17,False,0,1,1
https://openalex.org/A5032363170,Anja Lorch,https://openalex.org/I1287163989,Massachusetts Eye and Ear Infirmary,2012,2025,0000-0003-4298-1428,MASSACHUSETTS EYE AND EAR INFIRMARY,42.3629,-71.0701,0.1101148964315428,,,0000-0003-4298-1428,,Massachusetts Eye and Ear Infirmary,Q61185963,299,5428,healthcare,13,1,13,False,1,1,1
https://openalex.org/A5032363170,Anja Lorch,https://openalex.org/I136199984,Harvard University,2012,2025,0000-0003-4298-1428,SPAULDING HOSPITAL FOR CONTINUING MED CARE CAMBRIDGE,42.3753221040001,-71.106943456,0.1122862784625716,,,0000-0003-4298-1428,,Massachusetts Eye and Ear Infirmary,Q61185963,299,5428,education,13,1,13,False,1,1,1
https://openalex.org/A5108733734,Antony J. Chapman,https://openalex.org/I4399598377,Institute of Science and Technology,1973,1982,,,,,,1947-01-01T00:00:00Z,,,n80121128,,Q112487598,63,1667,education,9,0,9,False,1,1,0
https://openalex.org/A5108733734,Antony J. Chapman,https://openalex.org/I97429440,University of Wales,1973,1982,,,,,,1947-01-01T00:00:00Z,,,n80121128,,Q112487598,63,1667,education,9,0,9,False,1,1,0
https://openalex.org/A5108733734,Antony J. Chapman,https://openalex.org/I4210162667,University of Wales Institute Cardiff,1973,1982,,,,,,1947-01-01T00:00:00Z,,,n80121128,,Q112487598,63,1667,education,9,0,9,False,1,1,0
https://openalex.org/A5089103796,Anders Olofsgård,https://openalex.org/I184565670,Georgetown University,2002,2012,0000-0002-0455-0822,GEORGE WASHINGTON UNIVERSITY HOSPITAL,38.901319008,-77.050636676,1.4145520858451976,,,,,,,66,868,education,10,1,10,False,0,1,1
https://openalex.org/A5089103796,Anders Olofsgård,https://openalex.org/I180242103,Stockholm School of Economics,2011,2024,0000-0002-0455-0822,,,,,,,,,,,66,868,education,13,1,13,False,0,1,1
https://openalex.org/A5028316446,Kelly M. Standifer,https://openalex.org/I8692664,University of Oklahoma,2007,2025,0000-0002-3246-8703,NORMAN REGIONAL HEALTH SYSTEM -NORMAN CAMPUS,35.230413878,-97.439293783,0.8725353439584254,,,0000-0002-3246-8703,,,Q99545702,92,2585,education,18,0,18,False,1,1,1
https://openalex.org/A5028316446,Kelly M. Standifer,https://openalex.org/I27253931,Oklahoma City University,2007,2025,0000-0002-3246-8703,ST. ANTHONY HOSPITAL,35.4779097040001,-97.523429705,2.5436914707677376,,,0000-0002-3246-8703,,,Q99545702,92,2585,education,18,0,18,False,1,1,1
https://openalex.org/A5000631854,Maxine Robertson,https://openalex.org/I166337079,Queen Mary University of London,2007,2022,,,,,,,,,,,,105,5834,education,15,0,15,False,1,1,1
https://openalex.org/A5000631854,Maxine Robertson,https://openalex.org/I2799858192,London School of Business and Management,2007,2022,,,,,,,,,,,,105,5834,education,15,0,15,False,1,1,1
https://openalex.org/A5041386465,Dale R. Fuqua,https://openalex.org/I4210131712,Oklahoma State University Oklahoma City,1988,2012,,VALIR REHABILITATION HOSPITAL OF OKC,35.474896238,-97.5249415819999,5.170455602653693,,,,,,Q113803339,137,2999,education,24,0,24,False,1,1,0
https://openalex.org/A5041386465,Dale R. Fuqua,https://openalex.org/I115475287,Oklahoma State University,1988,2012,,STILLWATER MEDICAL CENTER,36.115011098,-97.0751020659999,1.5042307873313332,,,,,,Q113803339,137,2999,education,24,0,24,False,1,1,0
https://openalex.org/A5067817046,Weston H. Nowlin,https://openalex.org/I128956969,Texas Christian University,2000,2006,0000-0001-8734-1008,JOHN PETER SMITH HOSPITAL,32.727080034,-97.327101276,0.6138392164680009,,,0000-0001-8734-1008,,Texas State University,Q108461826,66,1187,education,6,0,6,False,0,1,0
https://openalex.org/A5067817046,Weston H. Nowlin,https://openalex.org/I13511017,Texas State University,2006,2025,0000-0001-8734-1008,OCEANS BEHAVIORAL HOSPITAL OF SAN MARCOS,29.8840848,-97.918060677,2.2511055649819816,,,0000-0001-8734-1008,,Texas State University,Q108461826,66,1187,education,19,0,19,False,0,1,0
https://openalex.org/A5067817046,Weston H. Nowlin,https://openalex.org/I212119943,University of Victoria,2003,2010,0000-0001-8734-1008,,,,,,,0000-0001-8734-1008,,Texas State University,Q108461826,66,1187,education,7,0,7,False,0,1,0
https://openalex.org/A5100340898,Min Wang,https://openalex.org/I4210114445,Michigan Medicine,2015,2021,0000-0002-2201-9269,UNIVERSITY OF MICHIGAN HEALTH SYSTEM,42.283191747,-83.728707796,1.181076648372232,,,0000-0002-2201-9269,,,Q90992133,32,676,healthcare,6,0,6,False,0,1,0
https://openalex.org/A5100340898,Min Wang,https://openalex.org/I157773358,Sun Yat-sen University,2012,2018,0000-0002-2201-9269,,,,,,,0000-0002-2201-9269,,,Q90992133,32,676,education,6,0,6,False,1,1,0
https://openalex.org/A5100340898,Min Wang,https://openalex.org/I4210146956,Third Affiliated Hospital of Sun Yat-sen University,2012,2018,0000-0002-2201-9269,,,,,,,0000-0002-2201-9269,,,Q90992133,32,676,healthcare,6,0,6,False,1,1,0
https://openalex.org/A5109996058,August M. Watanabe,https://openalex.org/I55769427,Indiana University – Purdue University Indianapolis,1974,2000,,IU HEALTH UNIVERSITY HOSPITAL,39.7752833260001,-86.176561615,1.7592374708104055,,,,,,,84,5176,education,26,1,26,False,1,1,1
https://openalex.org/A5109996058,August M. Watanabe,https://openalex.org/I4394709130,Indiana University School of Medicine,1974,2000,,,,,,,,,,,,84,5176,education,26,1,26,False,1,1,1
https://openalex.org/A5103617966,Jon Miller,https://openalex.org/I2800817003,Southern California University for Professional Studies,1969,2009,,HOAG HOSPITAL IRVINE,33.660701768,-117.772409483,3.6120223708937456,1951-10-11T00:00:00Z,,,n98006948,KNBR,Q6271243,46,1372,education,40,0,40,False,1,1,0
https://openalex.org/A5103617966,Jon Miller,https://openalex.org/I1174212,University of Southern California,1969,2009,,LOS ANGELES AMBULATORY CARE CENTER,34.052015037,-118.238420471,0.4851399769279164,1951-10-11T00:00:00Z,,,n98006948,KNBR,Q6271243,46,1372,education,40,0,40,False,1,1,0
https://openalex.org/A5054640895,David S. Foley,https://openalex.org/I142740786,University of Louisville,2006,2025,,JEWISH HOSPITAL & ST. MARY'S HEALTHCARE,38.2491316470001,-85.751189499,0.9150490961257308,1963-01-04T00:00:00Z,,,no96046056,,Q607793,47,1105,education,19,0,19,False,0,1,1
https://openalex.org/A5054640895,David S. Foley,https://openalex.org/I27837315,University of Michigan–Ann Arbor,2000,2008,,UNIVERSITY OF MICHIGAN HEALTH SYSTEM,42.283191747,-83.728707796,1.181076648372232,1963-01-04T00:00:00Z,,,no96046056,,Q607793,47,1105,education,8,0,8,False,0,1,1
https://openalex.org/A5009905683,Mark L. Lang,https://openalex.org/I2802526638,Ninewells Hospital,1997,2006,0000-0002-5137-0576,,,,,,,0000-0002-5137-0576,,,Q88418204,125,1542,healthcare,9,0,9,False,1,1,1
https://openalex.org/A5009905683,Mark L. Lang,https://openalex.org/I177639307,University of Dundee,1997,2006,0000-0002-5137-0576,,,,,,,0000-0002-5137-0576,,,Q88418204,125,1542,education,9,0,9,False,1,1,1
https://openalex.org/A5035716030,Richard R. Sharp,https://openalex.org/I4210146710,Mayo Clinic in Florida,2016,2025,0000-0001-5441-2084,UF HEALTH JACKSONVILLE,30.3485052390001,-81.664274824,1.9951802358513129,,,0000-0001-5441-2084,,Mayo Clinic,Q87149211,382,27768,healthcare,9,1,9,False,0,1,1
https://openalex.org/A5035716030,Richard R. Sharp,https://openalex.org/I8692664,University of Oklahoma,2002,2019,0000-0001-5441-2084,NORMAN REGIONAL HEALTH SYSTEM -NORMAN CAMPUS,35.230413878,-97.439293783,0.8725353439584254,,,0000-0001-5441-2084,,Mayo Clinic,Q87149211,382,27768,education,17,1,17,False,0,1,1
https://openalex.org/A5040928060,Lauren A. Zenewicz,https://openalex.org/I32971472,Yale University,2005,2013,0000-0002-8787-5955,YALE-NEW HAVEN HOSPITAL,41.30469134,-72.9354136589999,0.7176389367718299,,,0000-0002-8787-5955,,University of Oklahoma Health Sciences Center,Q51354756,56,7540,education,8,0,8,False,0,1,0
https://openalex.org/A5040928060,Lauren A. Zenewicz,https://openalex.org/I79576946,University of Pennsylvania,2001,2009,0000-0002-8787-5955,MAGEE REHABILITATION HOSPITAL,39.9568141240001,-75.16527023,0.5127238287837673,,,0000-0002-8787-5955,,University of Oklahoma Health Sciences Center,Q51354756,56,7540,education,8,0,8,False,0,1,0
https://openalex.org/A5031973567,Wei Cai,https://openalex.org/I204250578,"University of California, Irvine",2016,2022,0000-0002-8428-4236,KAISER FND HOSP - IRVINE,33.6582356330001,-117.774927793,4.630539805676765,,,0000-0002-8428-4236,,,Q88323749,91,449,education,6,0,6,False,0,1,0
https://openalex.org/A5031973567,Wei Cai,https://openalex.org/I176834541,Guangdong Medical College,2019,2025,0000-0002-8428-4236,,,,,,,0000-0002-8428-4236,,,Q88323749,91,449,education,6,0,6,False,0,1,0
https://openalex.org/A5068819872,William R. Cotton,https://openalex.org/I92446798,Colorado State University,1976,2024,0000-0001-7474-4238,POUDRE VALLEY HOSPITAL,40.5717845340001,-105.056917573,2.764078829100103,1940-10-27T00:00:00Z,,0000-0001-7474-4238,n88106019,Colorado State University,Q8017202,375,20816,education,48,1,48,False,0,1,0
https://openalex.org/A5068819872,William R. Cotton,https://openalex.org/I2800363604,Walter Reed National Military Medical Center,1965,1980,0000-0001-7474-4238,SUBURBAN HOSPITAL,38.997402483,-77.110318402,2.053641188149969,1940-10-27T00:00:00Z,,0000-0001-7474-4238,n88106019,Colorado State University,Q8017202,375,20816,healthcare,15,1,15,False,0,1,0
